label,Subject strain,"dDDH (d0, in %","C.I. (d0, in %","dDDH (d4, in %","C.I. (d4, in %","dDDH (d6, in %","C.I. (d6, in %",G+C content difference (in %
Acutalibacter_muris_GCA_016697365.1,Acutalibacter_muris_GCF_016697365.1,100,[100.0 - 100.0],100,[100.0 - 100.0],100,[100.0 - 100.0],0
Acutalibacter_muris_GCA_948580785.1,Acutalibacter_muris_GCF_948580785.1,100,[100.0 - 100.0],100,[100.0 - 100.0],100,[100.0 - 100.0],0
Acutalibacter_muris_GCA_016697365.1,Acutalibacter_muris DSM 26090,100,[100.0 - 100.0],100,[100.0 - 100.0],100,[100.0 - 100.0],0
Acutalibacter_muris_GCA_948718065.1,Acutalibacter_muris_GCF_948718065.1,100,[100.0 - 100.0],100,[100.0 - 100.0],100,[100.0 - 100.0],0
Acutalibacter_muris_GCF_002201475.1,Acutalibacter_muris_GCF_016697365.1,100,[100.0 - 100.0],100,[100.0 - 100.0],100,[100.0 - 100.0],0
Acutalibacter_muris_GCF_016697365.1,Acutalibacter_muris DSM 26090,100,[100.0 - 100.0],100,[100.0 - 100.0],100,[100.0 - 100.0],0
Acutalibacter_muris_GCA_948800305.1,Acutalibacter_muris_GCF_948800305.1,100,[100.0 - 100.0],100,[100.0 - 100.0],100,[100.0 - 100.0],0
Acutalibacter_muris_GCA_002201475.1,Acutalibacter_muris DSM 26090,100,[100.0 - 100.0],100,[100.0 - 100.0],100,[100.0 - 100.0],0
Acutalibacter_muris_GCA_002201475.1,Acutalibacter_muris_GCA_016697365.1,100,[100.0 - 100.0],100,[100.0 - 100.0],100,[100.0 - 100.0],0
Acutalibacter_muris_GCA_002201475.1,Acutalibacter_muris_GCF_002201475.1,100,[100.0 - 100.0],100,[100.0 - 100.0],100,[100.0 - 100.0],0
Acutalibacter_muris_GCA_016697365.1,Acutalibacter_muris_GCF_002201475.1,100,[100.0 - 100.0],100,[100.0 - 100.0],100,[100.0 - 100.0],0
Acutalibacter_muris_GCF_002201475.1,Acutalibacter_muris DSM 26090,100,[100.0 - 100.0],100,[100.0 - 100.0],100,[100.0 - 100.0],0
Acutalibacter_muris_GCA_002201475.1,Acutalibacter_muris_GCF_016697365.1,100,[100.0 - 100.0],100,[100.0 - 100.0],100,[100.0 - 100.0],0
Acutalibacter_muris_GCA_948803965.1,Acutalibacter_muris_GCF_948803965.1,100,[100.0 - 100.0],100,[100.0 - 100.0],100,[100.0 - 100.0],0
Acutalibacter_muris_GCA_948718065.1,Acutalibacter_muris_GCA_949034105.1,82.1,[78.2 - 85.4],99,[98.5 - 99.3],87.8,[84.9 - 90.3],0.9
Acutalibacter_muris_GCA_949034105.1,Acutalibacter_muris_GCF_948718065.1,82.1,[78.2 - 85.4],99,[98.5 - 99.3],87.8,[84.9 - 90.3],0.9
Acutalibacter_muris_GCA_948800305.1,Acutalibacter_muris_GCF_948803965.1,78.4,[74.5 - 81.9],98.6,[97.9 - 99.1],84.7,[81.5 - 87.4],0.05
Acutalibacter_muris_GCF_948800305.1,Acutalibacter_muris_GCF_948803965.1,78.4,[74.5 - 81.9],98.6,[97.9 - 99.1],84.7,[81.5 - 87.4],0.05
Acutalibacter_muris_GCA_948803965.1,Acutalibacter_muris_GCF_948800305.1,78.4,[74.5 - 81.9],98.6,[97.9 - 99.1],84.7,[81.5 - 87.4],0.05
Acutalibacter_muris_GCA_948800305.1,Acutalibacter_muris_GCA_948803965.1,78.4,[74.5 - 81.9],98.6,[97.9 - 99.1],84.7,[81.5 - 87.4],0.05
Acutalibacter_muris_GCA_948564225.1,Acutalibacter_muris_GCA_948800305.1,82.5,[78.6 - 85.8],98.4,[97.6 - 98.9],88,[85.0 - 90.4],0.75
Acutalibacter_muris_GCA_948564225.1,Acutalibacter_muris_GCF_948800305.1,82.5,[78.6 - 85.8],98.4,[97.6 - 98.9],88,[85.0 - 90.4],0.75
Acutalibacter_muris_GCA_948564225.1,Acutalibacter_muris_GCF_948803965.1,65.4,[61.6 - 69.0],97.7,[96.8 - 98.4],72.6,[69.2 - 75.9],0.71
Acutalibacter_muris_GCA_948564225.1,Acutalibacter_muris_GCA_948803965.1,65.4,[61.6 - 69.0],97.7,[96.8 - 98.4],72.6,[69.2 - 75.9],0.71
Acutalibacter_muris_GCA_948576935.1,Acutalibacter_muris_GCF_948800305.1,80.9,[77.0 - 84.3],97.6,[96.7 - 98.3],86.6,[83.5 - 89.2],0.88
Acutalibacter_muris_GCA_948576935.1,Acutalibacter_muris_GCA_948800305.1,80.9,[77.0 - 84.3],97.6,[96.7 - 98.3],86.6,[83.5 - 89.2],0.88
Acutalibacter_muris_GCA_948564225.1,Acutalibacter_muris_GCA_948576935.1,85.2,[81.5 - 88.3],97.3,[96.2 - 98.1],90,[87.3 - 92.2],0.12
Acutalibacter_muris_GCA_948576935.1,Acutalibacter_muris_GCF_948803965.1,64.7,[60.9 - 68.3],97.3,[96.2 - 98.1],71.9,[68.4 - 75.1],0.83
Acutalibacter_muris_GCA_948576935.1,Acutalibacter_muris_GCA_948803965.1,64.7,[60.9 - 68.3],97.3,[96.2 - 98.1],71.9,[68.4 - 75.1],0.83
Acutalibacter_muris_GCA_948987775.1,Acutalibacter_muris_GCF_948580785.1,65.2,[61.4 - 68.8],94.6,[93.0 - 95.9],71.9,[68.5 - 75.1],0.03
Acutalibacter_muris_GCA_948580785.1,Acutalibacter_muris_GCA_948987775.1,65.2,[61.4 - 68.8],94.6,[93.0 - 95.9],71.9,[68.5 - 75.1],0.03
Acutalibacter_muris_GCA_948987775.1,Butyricicoccus intestinisimiae MSJd-7,12.5,[9.9 - 15.8],91.4,[89.2 - 93.2],12.9,[10.6 - 15.7],5.6
Acutalibacter_muris_GCA_948580785.1,Acutalibacter_muris_GCF_948803965.1,55.9,[52.3 - 59.4],86,[83.4 - 88.3],61.5,[58.2 - 64.6],0.21
Acutalibacter_muris_GCF_948580785.1,Acutalibacter_muris_GCF_948803965.1,55.9,[52.3 - 59.4],86,[83.4 - 88.3],61.5,[58.2 - 64.6],0.21
Acutalibacter_muris_GCA_948580785.1,Acutalibacter_muris_GCA_948803965.1,55.9,[52.3 - 59.4],86,[83.4 - 88.3],61.5,[58.2 - 64.6],0.21
Acutalibacter_muris_GCA_948803965.1,Acutalibacter_muris_GCF_948580785.1,55.9,[52.3 - 59.4],86,[83.4 - 88.3],61.5,[58.2 - 64.6],0.21
Acutalibacter_muris_GCA_948803965.1,Acutalibacter_muris_GCA_948987775.1,54.3,[50.8 - 57.8],85.9,[83.3 - 88.2],59.8,[56.6 - 63.0],0.24
Acutalibacter_muris_GCA_948987775.1,Acutalibacter_muris_GCF_948803965.1,54.3,[50.8 - 57.8],85.9,[83.3 - 88.2],59.8,[56.6 - 63.0],0.24
Acutalibacter_muris_GCA_948987775.1,Acutalibacter_muris_GCF_948800305.1,61.1,[57.4 - 64.7],84.5,[81.7 - 86.9],66.5,[63.1 - 69.7],0.19
Acutalibacter_muris_GCA_948800305.1,Acutalibacter_muris_GCA_948987775.1,61.1,[57.4 - 64.7],84.5,[81.7 - 86.9],66.5,[63.1 - 69.7],0.19
Acutalibacter_muris_GCA_948987775.1,Acutalibacter_muris_GCF_948718065.1,57.6,[54.0 - 61.2],84.3,[81.6 - 86.8],63,[59.7 - 66.2],0.46
Acutalibacter_muris_GCA_948718065.1,Acutalibacter_muris_GCA_948987775.1,57.6,[54.0 - 61.2],84.3,[81.6 - 86.8],63,[59.7 - 66.2],0.46
Acutalibacter_muris_GCA_948718065.1,Acutalibacter_muris_GCA_948803965.1,57.3,[53.7 - 60.8],84.2,[81.4 - 86.6],62.6,[59.3 - 65.8],0.21
Acutalibacter_muris_GCA_948718065.1,Acutalibacter_muris_GCF_948803965.1,57.3,[53.7 - 60.8],84.2,[81.4 - 86.6],62.6,[59.3 - 65.8],0.21
Acutalibacter_muris_GCF_948718065.1,Acutalibacter_muris_GCF_948803965.1,57.3,[53.7 - 60.8],84.2,[81.4 - 86.6],62.6,[59.3 - 65.8],0.21
Acutalibacter_muris_GCA_948803965.1,Acutalibacter_muris_GCF_948718065.1,57.3,[53.7 - 60.8],84.2,[81.4 - 86.6],62.6,[59.3 - 65.8],0.21
Acutalibacter_muris_GCA_948564225.1,Acutalibacter_muris_GCF_948580785.1,50.4,[46.9 - 53.8],84,[81.2 - 86.4],55.5,[52.4 - 58.6],0.92
Acutalibacter_muris_GCA_948564225.1,Acutalibacter_muris_GCA_948580785.1,50.4,[46.9 - 53.8],84,[81.2 - 86.4],55.5,[52.4 - 58.6],0.92
Acutalibacter_muris_GCA_948580785.1,Acutalibacter_muris_GCF_948800305.1,59.2,[55.6 - 62.7],83.9,[81.2 - 86.4],64.5,[61.2 - 67.7],0.16
Acutalibacter_muris_GCA_948580785.1,Acutalibacter_muris_GCA_948800305.1,59.2,[55.6 - 62.7],83.9,[81.2 - 86.4],64.5,[61.2 - 67.7],0.16
Acutalibacter_muris_GCF_948580785.1,Acutalibacter_muris_GCF_948800305.1,59.2,[55.6 - 62.7],83.9,[81.2 - 86.4],64.5,[61.2 - 67.7],0.16
Acutalibacter_muris_GCA_948987775.1,Acutalibacter_muris_GCA_949034105.1,55.7,[52.1 - 59.2],83.9,[81.1 - 86.3],61,[57.7 - 64.2],1.36
Acutalibacter_muris_GCA_948564225.1,Acutalibacter_muris_GCA_948987775.1,53.3,[49.8 - 56.7],83.9,[81.1 - 86.3],58.5,[55.3 - 61.7],0.95
Acutalibacter_muris_GCA_948800305.1,Acutalibacter_muris_GCF_948580785.1,59.2,[55.6 - 62.7],83.9,[81.2 - 86.4],64.5,[61.2 - 67.7],0.16
Acutalibacter_muris_GCA_948576935.1,Acutalibacter_muris_GCA_948987775.1,52.7,[49.2 - 56.1],83.4,[80.6 - 85.9],57.8,[54.6 - 61.0],1.07
Acutalibacter_muris_GCA_948803965.1,Acutalibacter_muris_GCA_949034105.1,55.7,[52.1 - 59.2],83.1,[80.3 - 85.6],60.9,[57.6 - 64.0],1.12
Acutalibacter_muris_GCA_948576935.1,Acutalibacter_muris_GCA_948580785.1,49.8,[46.4 - 53.3],83.1,[80.3 - 85.6],54.9,[51.7 - 58.0],1.04
Acutalibacter_muris_GCA_948576935.1,Acutalibacter_muris_GCF_948580785.1,49.8,[46.4 - 53.3],83.1,[80.3 - 85.6],54.9,[51.7 - 58.0],1.04
Acutalibacter_muris_GCA_949034105.1,Acutalibacter_muris_GCF_948803965.1,55.7,[52.1 - 59.2],83.1,[80.3 - 85.6],60.9,[57.6 - 64.0],1.12
Acutalibacter_muris_GCA_948987775.1,Acutalibacter_muris_GCF_016697365.1,53.6,[50.1 - 57.0],83,[80.1 - 85.5],58.7,[55.5 - 61.9],1.25
Acutalibacter_muris_GCA_948987775.1,Acutalibacter_muris DSM 26090,53.6,[50.1 - 57.0],83,[80.1 - 85.5],58.7,[55.5 - 61.9],1.25
Acutalibacter_muris_GCA_016697365.1,Acutalibacter_muris_GCA_948987775.1,53.6,[50.1 - 57.0],83,[80.1 - 85.5],58.7,[55.5 - 61.9],1.25
Acutalibacter_muris_GCA_002201475.1,Acutalibacter_muris_GCA_948987775.1,53.6,[50.1 - 57.0],83,[80.1 - 85.5],58.7,[55.5 - 61.9],1.25
Acutalibacter_muris_GCA_948987775.1,Acutalibacter_muris_GCF_002201475.1,53.6,[50.1 - 57.0],83,[80.1 - 85.5],58.7,[55.5 - 61.9],1.25
Acutalibacter_muris_GCA_002201475.1,Acutalibacter_muris_GCA_948803965.1,54.4,[50.9 - 57.9],82.8,[80.0 - 85.3],59.5,[56.3 - 62.7],1.01
Acutalibacter_muris_GCA_002201475.1,Acutalibacter_muris_GCF_948803965.1,54.4,[50.9 - 57.9],82.8,[80.0 - 85.3],59.5,[56.3 - 62.7],1.01
Acutalibacter_muris_GCA_948580785.1,Acutalibacter_muris_GCF_016697365.1,49.5,[46.1 - 52.9],82.8,[80.0 - 85.3],54.5,[51.4 - 57.6],1.22
Acutalibacter_muris_GCA_016697365.1,Acutalibacter_muris_GCF_948803965.1,54.4,[50.9 - 57.9],82.8,[80.0 - 85.3],59.5,[56.3 - 62.7],1.01
Acutalibacter_muris_GCA_948580785.1,Acutalibacter_muris DSM 26090,49.5,[46.1 - 52.9],82.8,[80.0 - 85.3],54.5,[51.4 - 57.6],1.22
Acutalibacter_muris_GCF_002201475.1,Acutalibacter_muris_GCF_948803965.1,54.4,[50.9 - 57.9],82.8,[80.0 - 85.3],59.5,[56.3 - 62.7],1.01
Acutalibacter_muris_GCA_016697365.1,Acutalibacter_muris_GCA_948580785.1,49.5,[46.1 - 52.9],82.8,[80.0 - 85.3],54.5,[51.4 - 57.6],1.22
Acutalibacter_muris_GCA_016697365.1,Acutalibacter_muris_GCF_948580785.1,49.5,[46.1 - 52.9],82.8,[80.0 - 85.3],54.5,[51.4 - 57.6],1.22
Acutalibacter_muris_GCA_948803965.1,Acutalibacter_muris_GCF_002201475.1,54.4,[50.9 - 57.9],82.8,[80.0 - 85.3],59.5,[56.3 - 62.7],1.01
Acutalibacter_muris_GCF_016697365.1,Acutalibacter_muris_GCF_948803965.1,54.4,[50.9 - 57.9],82.8,[80.0 - 85.3],59.5,[56.3 - 62.7],1.01
Acutalibacter_muris_GCF_002201475.1,Acutalibacter_muris_GCF_948580785.1,49.5,[46.1 - 52.9],82.8,[80.0 - 85.3],54.5,[51.4 - 57.6],1.22
Acutalibacter_muris_GCA_948803965.1,Acutalibacter_muris DSM 26090,54.4,[50.9 - 57.9],82.8,[80.0 - 85.3],59.5,[56.3 - 62.7],1.01
Acutalibacter_muris_GCF_948580785.1,Acutalibacter_muris DSM 26090,49.5,[46.1 - 52.9],82.8,[80.0 - 85.3],54.5,[51.4 - 57.6],1.22
Acutalibacter_muris_GCA_016697365.1,Acutalibacter_muris_GCA_948803965.1,54.4,[50.9 - 57.9],82.8,[80.0 - 85.3],59.5,[56.3 - 62.7],1.01
Acutalibacter_muris_GCA_002201475.1,Acutalibacter_muris_GCA_948580785.1,49.5,[46.1 - 52.9],82.8,[80.0 - 85.3],54.5,[51.4 - 57.6],1.22
Acutalibacter_muris_GCA_948580785.1,Acutalibacter_muris_GCF_002201475.1,49.5,[46.1 - 52.9],82.8,[80.0 - 85.3],54.5,[51.4 - 57.6],1.22
Acutalibacter_muris_GCA_002201475.1,Acutalibacter_muris_GCF_948580785.1,49.5,[46.1 - 52.9],82.8,[80.0 - 85.3],54.5,[51.4 - 57.6],1.22
Acutalibacter_muris_GCF_016697365.1,Acutalibacter_muris_GCF_948580785.1,49.5,[46.1 - 52.9],82.8,[80.0 - 85.3],54.5,[51.4 - 57.6],1.22
Acutalibacter_muris_GCA_948803965.1,Acutalibacter_muris_GCF_016697365.1,54.4,[50.9 - 57.9],82.8,[80.0 - 85.3],59.5,[56.3 - 62.7],1.01
Acutalibacter_muris_GCF_948803965.1,Acutalibacter_muris DSM 26090,54.4,[50.9 - 57.9],82.8,[80.0 - 85.3],59.5,[56.3 - 62.7],1.01
Acutalibacter_muris_GCA_948564225.1,Acutalibacter_muris_GCA_948718065.1,55.2,[51.7 - 58.7],82.5,[79.7 - 85.1],60.3,[57.1 - 63.5],0.49
Acutalibacter_muris_GCA_948564225.1,Acutalibacter_muris_GCF_948718065.1,55.2,[51.7 - 58.7],82.5,[79.7 - 85.1],60.3,[57.1 - 63.5],0.49
Acutalibacter_muris_GCA_948800305.1,Acutalibacter_muris_GCF_948718065.1,65.8,[62.0 - 69.4],82.2,[79.3 - 84.7],70.6,[67.2 - 73.9],0.26
Acutalibacter_muris_GCA_948718065.1,Acutalibacter_muris_GCA_948800305.1,65.8,[62.0 - 69.4],82.2,[79.3 - 84.7],70.6,[67.2 - 73.9],0.26
Acutalibacter_muris_GCF_948718065.1,Acutalibacter_muris_GCF_948800305.1,65.8,[62.0 - 69.4],82.2,[79.3 - 84.7],70.6,[67.2 - 73.9],0.26
Acutalibacter_muris_GCA_948718065.1,Acutalibacter_muris_GCF_948800305.1,65.8,[62.0 - 69.4],82.2,[79.3 - 84.7],70.6,[67.2 - 73.9],0.26
Acutalibacter_muris_GCA_948576935.1,Acutalibacter_muris_GCF_948718065.1,54.8,[51.3 - 58.3],81.9,[79.1 - 84.5],59.8,[56.6 - 63.0],0.61
Acutalibacter_muris_GCA_949034105.1,Acutalibacter_muris_GCF_948580785.1,53,[49.6 - 56.5],81.9,[79.0 - 84.4],58,[54.8 - 61.2],1.33
Acutalibacter_muris_GCA_948576935.1,Acutalibacter_muris_GCA_948718065.1,54.8,[51.3 - 58.3],81.9,[79.1 - 84.5],59.8,[56.6 - 63.0],0.61
Acutalibacter_muris_GCA_948580785.1,Acutalibacter_muris_GCA_949034105.1,53,[49.6 - 56.5],81.9,[79.0 - 84.4],58,[54.8 - 61.2],1.33
Acutalibacter_muris_GCA_948800305.1,Acutalibacter_muris_GCA_949034105.1,63.1,[59.3 - 66.7],81.5,[78.7 - 84.1],68,[64.5 - 71.2],1.17
Acutalibacter_muris_GCA_949034105.1,Acutalibacter_muris_GCF_948800305.1,63.1,[59.3 - 66.7],81.5,[78.7 - 84.1],68,[64.5 - 71.2],1.17
Acutalibacter_muris_GCF_016697365.1,Acutalibacter_muris_GCF_948718065.1,56.8,[53.2 - 60.3],80.9,[78.0 - 83.5],61.7,[58.4 - 64.9],0.8
Acutalibacter_muris_GCA_016697365.1,Acutalibacter_muris_GCA_948718065.1,56.8,[53.2 - 60.3],80.9,[78.0 - 83.5],61.7,[58.4 - 64.9],0.8
Acutalibacter_muris_GCA_948718065.1,Acutalibacter_muris_GCF_002201475.1,56.8,[53.2 - 60.3],80.9,[78.0 - 83.5],61.7,[58.4 - 64.9],0.8
Acutalibacter_muris_GCA_002201475.1,Acutalibacter_muris_GCF_948718065.1,56.8,[53.2 - 60.3],80.9,[78.0 - 83.5],61.7,[58.4 - 64.9],0.8
Acutalibacter_muris_GCA_016697365.1,Acutalibacter_muris_GCF_948718065.1,56.8,[53.2 - 60.3],80.9,[78.0 - 83.5],61.7,[58.4 - 64.9],0.8
Acutalibacter_muris_GCA_948718065.1,Acutalibacter_muris_GCF_016697365.1,56.8,[53.2 - 60.3],80.9,[78.0 - 83.5],61.7,[58.4 - 64.9],0.8
Acutalibacter_muris_GCA_002201475.1,Acutalibacter_muris_GCA_948718065.1,56.8,[53.2 - 60.3],80.9,[78.0 - 83.5],61.7,[58.4 - 64.9],0.8
Acutalibacter_muris_GCF_948718065.1,Acutalibacter_muris DSM 26090,56.8,[53.2 - 60.3],80.9,[78.0 - 83.5],61.7,[58.4 - 64.9],0.8
Acutalibacter_muris_GCA_948718065.1,Acutalibacter_muris DSM 26090,56.8,[53.2 - 60.3],80.9,[78.0 - 83.5],61.7,[58.4 - 64.9],0.8
Acutalibacter_muris_GCA_948564225.1,Acutalibacter_muris_GCA_949034105.1,58.2,[54.6 - 61.8],80.9,[78.0 - 83.5],63.1,[59.8 - 66.3],0.41
Acutalibacter_muris_GCF_002201475.1,Acutalibacter_muris_GCF_948718065.1,56.8,[53.2 - 60.3],80.9,[78.0 - 83.5],61.7,[58.4 - 64.9],0.8
Acutalibacter_muris_GCA_016697365.1,Acutalibacter_muris_GCF_948800305.1,61.6,[57.9 - 65.2],80.7,[77.8 - 83.3],66.4,[63.0 - 69.7],1.06
Acutalibacter_muris_GCF_948800305.1,Acutalibacter_muris DSM 26090,61.6,[57.9 - 65.2],80.7,[77.8 - 83.3],66.4,[63.0 - 69.7],1.06
Acutalibacter_muris_GCF_016697365.1,Acutalibacter_muris_GCF_948800305.1,61.6,[57.9 - 65.2],80.7,[77.8 - 83.3],66.4,[63.0 - 69.7],1.06
Acutalibacter_muris_GCA_016697365.1,Acutalibacter_muris_GCA_948800305.1,61.6,[57.9 - 65.2],80.7,[77.8 - 83.3],66.4,[63.0 - 69.7],1.06
Acutalibacter_muris_GCA_948800305.1,Acutalibacter_muris_GCF_016697365.1,61.6,[57.9 - 65.2],80.7,[77.8 - 83.3],66.4,[63.0 - 69.7],1.06
Acutalibacter_muris_GCA_002201475.1,Acutalibacter_muris_GCF_948800305.1,61.6,[57.9 - 65.2],80.7,[77.8 - 83.3],66.4,[63.0 - 69.7],1.06
Acutalibacter_muris_GCA_002201475.1,Acutalibacter_muris_GCA_948800305.1,61.6,[57.9 - 65.2],80.7,[77.8 - 83.3],66.4,[63.0 - 69.7],1.06
Acutalibacter_muris_GCA_948800305.1,Acutalibacter_muris DSM 26090,61.6,[57.9 - 65.2],80.7,[77.8 - 83.3],66.4,[63.0 - 69.7],1.06
Acutalibacter_muris_GCA_948800305.1,Acutalibacter_muris_GCF_002201475.1,61.6,[57.9 - 65.2],80.7,[77.8 - 83.3],66.4,[63.0 - 69.7],1.06
Acutalibacter_muris_GCF_002201475.1,Acutalibacter_muris_GCF_948800305.1,61.6,[57.9 - 65.2],80.7,[77.8 - 83.3],66.4,[63.0 - 69.7],1.06
Acutalibacter_muris_GCA_948576935.1,Acutalibacter_muris_GCA_949034105.1,56.2,[52.7 - 59.7],80.4,[77.5 - 83.0],61.1,[57.8 - 64.3],0.29
Acutalibacter_muris_GCA_948718065.1,Brachybacterium atlanticum PhyBa CO2 2,12.5,[9.8 - 15.7],80.1,[77.2 - 82.7],12.9,[10.6 - 15.6],16.73
Acutalibacter_muris_GCA_949034105.1,Brachybacterium atlanticum PhyBa CO2 2,12.5,[9.8 - 15.7],80.1,[77.2 - 82.7],12.9,[10.6 - 15.6],17.63
Acutalibacter_muris_GCF_948718065.1,Brachybacterium atlanticum PhyBa CO2 2,12.5,[9.8 - 15.7],80.1,[77.2 - 82.7],12.9,[10.6 - 15.6],16.73
Acutalibacter_muris_GCA_948564225.1,Acutalibacter_muris_GCF_002201475.1,57.2,[53.7 - 60.8],80,[77.1 - 82.6],62,[58.7 - 65.2],0.31
Acutalibacter_muris_GCA_016697365.1,Acutalibacter_muris_GCA_948564225.1,57.2,[53.7 - 60.8],80,[77.1 - 82.6],62,[58.7 - 65.2],0.31
Acutalibacter_muris_GCA_002201475.1,Acutalibacter_muris_GCA_948564225.1,57.2,[53.7 - 60.8],80,[77.1 - 82.6],62,[58.7 - 65.2],0.31
Acutalibacter_muris_GCA_948564225.1,Acutalibacter_muris_GCF_016697365.1,57.2,[53.7 - 60.8],80,[77.1 - 82.6],62,[58.7 - 65.2],0.31
Acutalibacter_muris_GCA_948564225.1,Acutalibacter_muris DSM 26090,57.2,[53.7 - 60.8],80,[77.1 - 82.6],62,[58.7 - 65.2],0.31
Acutalibacter_muris_GCA_948718065.1,Acutalibacter_muris_GCF_948580785.1,62.3,[58.5 - 65.9],79.8,[76.9 - 82.5],66.9,[63.5 - 70.1],0.42
Acutalibacter_muris_GCF_948580785.1,Acutalibacter_muris_GCF_948718065.1,62.3,[58.5 - 65.9],79.8,[76.9 - 82.5],66.9,[63.5 - 70.1],0.42
Acutalibacter_muris_GCA_948580785.1,Acutalibacter_muris_GCA_948718065.1,62.3,[58.5 - 65.9],79.8,[76.9 - 82.5],66.9,[63.5 - 70.1],0.42
Acutalibacter_muris_GCA_948580785.1,Acutalibacter_muris_GCF_948718065.1,62.3,[58.5 - 65.9],79.8,[76.9 - 82.5],66.9,[63.5 - 70.1],0.42
Acutalibacter_muris_GCF_948580785.1,Brachybacterium atlanticum PhyBa CO2 2,12.5,[9.8 - 15.7],79.6,[76.7 - 82.3],12.9,[10.6 - 15.6],16.3
Acutalibacter_muris_GCA_948580785.1,Brachybacterium atlanticum PhyBa CO2 2,12.5,[9.8 - 15.7],79.6,[76.7 - 82.3],12.9,[10.6 - 15.6],16.3
Acutalibacter_muris_GCA_949034105.1,Acutalibacter_muris DSM 26090,61.6,[57.9 - 65.1],79.3,[76.4 - 82.0],66.2,[62.8 - 69.4],0.1
Acutalibacter_muris_GCA_002201475.1,Acutalibacter_muris_GCA_949034105.1,61.6,[57.9 - 65.1],79.3,[76.4 - 82.0],66.2,[62.8 - 69.4],0.1
Acutalibacter_muris_GCA_016697365.1,Acutalibacter_muris_GCA_949034105.1,61.6,[57.9 - 65.1],79.3,[76.4 - 82.0],66.2,[62.8 - 69.4],0.1
Acutalibacter_muris_GCA_002201475.1,Acutalibacter_muris_GCA_948576935.1,55.5,[52.0 - 59.0],79.3,[76.3 - 82.0],60.2,[57.0 - 63.4],0.18
Acutalibacter_muris_GCA_948576935.1,Acutalibacter_muris_GCF_016697365.1,55.5,[52.0 - 59.0],79.3,[76.3 - 82.0],60.2,[57.0 - 63.4],0.18
Acutalibacter_muris_GCA_016697365.1,Acutalibacter_muris_GCA_948576935.1,55.5,[52.0 - 59.0],79.3,[76.3 - 82.0],60.2,[57.0 - 63.4],0.18
Acutalibacter_muris_GCA_949034105.1,Acutalibacter_muris_GCF_016697365.1,61.6,[57.9 - 65.1],79.3,[76.4 - 82.0],66.2,[62.8 - 69.4],0.1
Acutalibacter_muris_GCA_948576935.1,Acutalibacter_muris DSM 26090,55.5,[52.0 - 59.0],79.3,[76.3 - 82.0],60.2,[57.0 - 63.4],0.18
Acutalibacter_muris_GCA_948576935.1,Acutalibacter_muris_GCF_002201475.1,55.5,[52.0 - 59.0],79.3,[76.3 - 82.0],60.2,[57.0 - 63.4],0.18
Acutalibacter_muris_GCA_949034105.1,Acutalibacter_muris_GCF_002201475.1,61.6,[57.9 - 65.1],79.3,[76.4 - 82.0],66.2,[62.8 - 69.4],0.1
Acutalibacter_muris_GCA_948564225.1,Rhodanobacter soli JCM16126,12.5,[9.8 - 15.7],59.8,[57.0 - 62.6],12.9,[10.6 - 15.6],11.57
Acutalibacter_muris_GCF_948580785.1,Butyricicoccus intestinisimiae MSJd-7,12.5,[9.8 - 15.7],59.7,[56.8 - 62.4],12.9,[10.6 - 15.6],5.57
Acutalibacter_muris_GCA_948580785.1,Butyricicoccus intestinisimiae MSJd-7,12.5,[9.8 - 15.7],59.7,[56.8 - 62.4],12.9,[10.6 - 15.6],5.57
Acutalibacter_muris_GCA_948564225.1,Acetatifactor muris DSM 23669T,12.8,[10.1 - 16.1],58.8,[55.9 - 61.5],13.2,[10.9 - 16.0],7.24
Acutalibacter_muris_GCA_948576935.1,Acetatifactor muris DSM 23669T,12.7,[10.1 - 16.0],54.8,[52.1 - 57.5],13.2,[10.8 - 15.9],7.12
Acutalibacter_muris_GCA_948987775.1,Butyricicoccus pullicaecorum DSM 23266,12.5,[9.9 - 15.8],53.8,[51.1 - 56.5],13,[10.6 - 15.7],1.79
Acutalibacter_muris_GCA_948564225.1,Otoolea muris DSM 111138T,12.6,[9.9 - 15.8],52,[49.3 - 54.6],13,[10.7 - 15.7],4.19
Acutalibacter_muris_GCF_948718065.1,Sporofaciens musculi WCA-9-b2T,12.5,[9.9 - 15.8],49.1,[46.5 - 51.7],12.9,[10.6 - 15.7],11
Acutalibacter_muris_GCA_948718065.1,Sporofaciens musculi WCA-9-b2T,12.5,[9.9 - 15.8],49.1,[46.5 - 51.7],12.9,[10.6 - 15.7],11
Acutalibacter_muris_GCA_948987775.1,Otoolea muris DSM 111138T,12.5,[9.9 - 15.8],46.9,[44.3 - 49.5],12.9,[10.6 - 15.7],5.14
Acutalibacter_muris_GCA_948576935.1,Otoolea muris DSM 111138T,12.6,[9.9 - 15.8],46.6,[44.1 - 49.2],13,[10.7 - 15.7],4.07
Acutalibacter_muris_GCA_948580785.1,Hominisplanchenecus murintestinalis DSM 111139T,12.5,[9.8 - 15.8],45.1,[42.6 - 47.7],12.9,[10.6 - 15.7],10.09
Acutalibacter_muris_GCF_948580785.1,Hominisplanchenecus murintestinalis DSM 111139T,12.5,[9.8 - 15.8],45.1,[42.6 - 47.7],12.9,[10.6 - 15.7],10.09
Acutalibacter_muris_GCF_948803965.1,Acetatifactor muris DSM 23669T,12.5,[9.9 - 15.8],45,[42.5 - 47.6],12.9,[10.6 - 15.7],7.95
Acutalibacter_muris_GCA_949034105.1,Sporofaciens musculi WCA-9-b2T,12.8,[10.1 - 16.1],45,[42.4 - 47.5],13.3,[10.9 - 16.0],10.1
Acutalibacter_muris_GCA_948803965.1,Acetatifactor muris DSM 23669T,12.5,[9.9 - 15.8],45,[42.5 - 47.6],12.9,[10.6 - 15.7],7.95
Acutalibacter_muris_GCA_949034105.1,Acetatifactor muris DSM 23669T,12.7,[10.1 - 16.0],44,[41.4 - 46.5],13.2,[10.8 - 15.9],6.83
Acutalibacter_muris_GCA_948564225.1,Clostridium methylpentosum DSM 5476,12.6,[9.9 - 15.9],43.6,[41.1 - 46.2],13,[10.7 - 15.7],3.13
Acutalibacter_muris_GCA_949034105.1,Otoolea muris DSM 111138T,12.6,[10.0 - 15.9],42.8,[40.2 - 45.3],13,[10.7 - 15.8],3.78
Acutalibacter_muris_GCF_016697365.1,Acetatifactor muris DSM 23669T,12.7,[10.0 - 16.0],42.5,[40.0 - 45.0],13.1,[10.8 - 15.9],6.94
Acutalibacter_muris_GCA_016697365.1,Acetatifactor muris DSM 23669T,12.7,[10.0 - 16.0],42.5,[40.0 - 45.0],13.1,[10.8 - 15.9],6.94
Acutalibacter_muris_GCA_016697365.1,Otoolea muris DSM 111138T,12.7,[10.0 - 15.9],42.5,[39.9 - 45.0],13.1,[10.8 - 15.8],3.88
Acutalibacter_muris_GCF_016697365.1,Otoolea muris DSM 111138T,12.7,[10.0 - 15.9],42.5,[39.9 - 45.0],13.1,[10.8 - 15.8],3.88
Acutalibacter_muris_GCF_002201475.1,Otoolea muris DSM 111138T,12.7,[10.0 - 15.9],42.5,[39.9 - 45.0],13.1,[10.8 - 15.8],3.88
Acutalibacter_muris_GCA_002201475.1,Acetatifactor muris DSM 23669T,12.7,[10.0 - 16.0],42.5,[40.0 - 45.0],13.1,[10.8 - 15.9],6.94
Acutalibacter_muris_GCF_002201475.1,Acetatifactor muris DSM 23669T,12.7,[10.0 - 16.0],42.5,[40.0 - 45.0],13.1,[10.8 - 15.9],6.94
Acutalibacter_muris_GCA_002201475.1,Otoolea muris DSM 111138T,12.7,[10.0 - 15.9],42.5,[39.9 - 45.0],13.1,[10.8 - 15.8],3.88
Acutalibacter_muris_GCA_949034105.1,Hominisplanchenecus murintestinalis DSM 111139T,12.8,[10.1 - 16.1],41.6,[39.1 - 44.2],13.2,[10.9 - 16.0],8.76
Acutalibacter_muris_GCA_948564225.1,Sporofaciens musculi WCA-9-b2T,12.8,[10.1 - 16.1],40.8,[38.3 - 43.3],13.2,[10.9 - 16.0],10.51
Acutalibacter_muris_GCF_948803965.1,Butyricicoccus intestinisimiae MSJd-7,12.5,[9.8 - 15.7],40,[37.5 - 42.5],12.9,[10.6 - 15.6],5.36
Acutalibacter_muris_GCA_948803965.1,Butyricicoccus intestinisimiae MSJd-7,12.5,[9.8 - 15.7],40,[37.5 - 42.5],12.9,[10.6 - 15.6],5.36
Acutalibacter_muris_GCF_948718065.1,Butyricicoccus intestinisimiae MSJd-7,12.5,[9.8 - 15.8],39.6,[37.1 - 42.1],12.9,[10.6 - 15.6],5.14
Acutalibacter_muris_GCA_948718065.1,Butyricicoccus intestinisimiae MSJd-7,12.5,[9.8 - 15.8],39.6,[37.1 - 42.1],12.9,[10.6 - 15.6],5.14
Acutalibacter_muris_GCA_948987775.1,Hominisplanchenecus murintestinalis DSM 111139T,12.5,[9.8 - 15.8],39.3,[36.8 - 41.8],12.9,[10.6 - 15.7],10.12
Acutalibacter_muris_GCA_016697365.1,Clostridium methylpentosum DSM 5476,12.7,[10.0 - 16.0],39.1,[36.6 - 41.6],13.1,[10.8 - 15.9],2.83
Acutalibacter_muris_GCF_002201475.1,Clostridium methylpentosum DSM 5476,12.7,[10.0 - 16.0],39.1,[36.6 - 41.6],13.1,[10.8 - 15.9],2.83
Acutalibacter_muris_GCF_016697365.1,Clostridium methylpentosum DSM 5476,12.7,[10.0 - 16.0],39.1,[36.6 - 41.6],13.1,[10.8 - 15.9],2.83
Acutalibacter_muris_GCA_002201475.1,Clostridium methylpentosum DSM 5476,12.7,[10.0 - 16.0],39.1,[36.6 - 41.6],13.1,[10.8 - 15.9],2.83
Acutalibacter_muris_GCA_948564225.1,Schaedlerella arabinosiphila DSM 106076T,12.6,[9.9 - 15.9],38.7,[36.2 - 41.2],13,[10.7 - 15.8],7.01
Acutalibacter_muris_GCF_948803965.1,Hominisplanchenecus murintestinalis DSM 111139T,12.5,[9.8 - 15.7],38.6,[36.2 - 41.2],12.9,[10.6 - 15.6],9.88
Acutalibacter_muris_GCA_948803965.1,Hominisplanchenecus murintestinalis DSM 111139T,12.5,[9.8 - 15.7],38.6,[36.2 - 41.2],12.9,[10.6 - 15.6],9.88
Acutalibacter_muris_GCA_948576935.1,Clostridium methylpentosum DSM 5476,12.6,[9.9 - 15.9],37.9,[35.4 - 40.4],13,[10.7 - 15.8],3.01
Acutalibacter_muris_GCF_016697365.1,Provencibacterium massiliense Marseille-P2780,12.9,[10.2 - 16.2],37.3,[34.9 - 39.9],13.3,[11.0 - 16.1],5.13
Acutalibacter_muris_GCF_002201475.1,Provencibacterium massiliense Marseille-P2780,12.9,[10.2 - 16.2],37.3,[34.9 - 39.9],13.3,[11.0 - 16.1],5.13
Acutalibacter_muris_GCA_016697365.1,Provencibacterium massiliense Marseille-P2780,12.9,[10.2 - 16.2],37.3,[34.9 - 39.9],13.3,[11.0 - 16.1],5.13
Acutalibacter_muris_GCA_002201475.1,Provencibacterium massiliense Marseille-P2780,12.9,[10.2 - 16.2],37.3,[34.9 - 39.9],13.3,[11.0 - 16.1],5.13
Acutalibacter_muris_GCA_948576935.1,Sporofaciens musculi WCA-9-b2T,12.8,[10.1 - 16.1],37.2,[34.7 - 39.7],13.2,[10.9 - 16.0],10.39
Acutalibacter_muris_GCA_948987775.1,Flintibacter muris DSM 110149T,13.2,[10.5 - 16.5],36.9,[34.5 - 39.5],13.6,[11.3 - 16.4],0.06
Acutalibacter_muris_GCA_948564225.1,Hominisplanchenecus murintestinalis DSM 111139T,12.7,[10.0 - 15.9],36.7,[34.3 - 39.2],13.1,[10.7 - 15.8],9.17
Acutalibacter_muris_GCF_948580785.1,Otoolea muris DSM 111138T,12.5,[9.8 - 15.7],36.6,[34.1 - 39.1],12.9,[10.6 - 15.6],5.11
Acutalibacter_muris_GCA_948580785.1,Otoolea muris DSM 111138T,12.5,[9.8 - 15.7],36.6,[34.1 - 39.1],12.9,[10.6 - 15.6],5.11
Acutalibacter_muris_GCF_016697365.1,Flintibacter muris DSM 110149T,13.2,[10.5 - 16.5],35.9,[33.4 - 38.4],13.6,[11.2 - 16.4],1.19
Acutalibacter_muris_GCA_002201475.1,Flintibacter muris DSM 110149T,13.2,[10.5 - 16.5],35.9,[33.4 - 38.4],13.6,[11.2 - 16.4],1.19
Acutalibacter_muris_GCF_002201475.1,Flintibacter muris DSM 110149T,13.2,[10.5 - 16.5],35.9,[33.4 - 38.4],13.6,[11.2 - 16.4],1.19
Acutalibacter_muris_GCA_016697365.1,Flintibacter muris DSM 110149T,13.2,[10.5 - 16.5],35.9,[33.4 - 38.4],13.6,[11.2 - 16.4],1.19
Acutalibacter_muris_GCA_948987775.1,Acetatifactor muris DSM 23669T,12.6,[9.9 - 15.8],35.5,[33.1 - 38.0],13,[10.6 - 15.7],8.19
Acutalibacter_muris_GCA_949034105.1,Schaedlerella arabinosiphila DSM 106076T,12.7,[10.0 - 15.9],35.2,[32.8 - 37.7],13.1,[10.7 - 15.8],6.6
Acutalibacter_muris_GCF_948800305.1,Hominisplanchenecus murintestinalis DSM 111139T,12.5,[9.8 - 15.8],34.8,[32.4 - 37.4],12.9,[10.6 - 15.7],9.93
Acutalibacter_muris_GCA_948800305.1,Hominisplanchenecus murintestinalis DSM 111139T,12.5,[9.8 - 15.8],34.8,[32.4 - 37.4],12.9,[10.6 - 15.7],9.93
Acutalibacter_muris_GCA_948580785.1,Sporofaciens musculi WCA-9-b2T,12.5,[9.8 - 15.8],34.5,[32.1 - 37.0],12.9,[10.6 - 15.6],11.42
Acutalibacter_muris_GCF_948580785.1,Sporofaciens musculi WCA-9-b2T,12.5,[9.8 - 15.8],34.5,[32.1 - 37.0],12.9,[10.6 - 15.6],11.42
Acutalibacter_muris_GCA_948800305.1,Otoolea muris DSM 111138T,12.5,[9.8 - 15.8],34.1,[31.7 - 36.7],12.9,[10.6 - 15.6],4.94
Acutalibacter_muris_GCF_948800305.1,Otoolea muris DSM 111138T,12.5,[9.8 - 15.8],34.1,[31.7 - 36.7],12.9,[10.6 - 15.6],4.94
Acutalibacter_muris_GCA_948718065.1,Hominisplanchenecus murintestinalis DSM 111139T,12.5,[9.9 - 15.8],33.7,[31.3 - 36.2],12.9,[10.6 - 15.7],9.66
Acutalibacter_muris_GCF_948718065.1,Hominisplanchenecus murintestinalis DSM 111139T,12.5,[9.9 - 15.8],33.7,[31.3 - 36.2],12.9,[10.6 - 15.7],9.66
Acutalibacter_muris_GCF_948718065.1,Acetatifactor muris DSM 23669T,12.5,[9.9 - 15.8],33.5,[31.1 - 36.0],12.9,[10.6 - 15.7],7.73
Acutalibacter_muris_GCA_948718065.1,Acetatifactor muris DSM 23669T,12.5,[9.9 - 15.8],33.5,[31.1 - 36.0],12.9,[10.6 - 15.7],7.73
Acutalibacter_muris_GCF_948718065.1,Otoolea muris DSM 111138T,12.5,[9.9 - 15.8],33.2,[30.7 - 35.7],12.9,[10.6 - 15.7],4.68
Acutalibacter_muris_GCA_948718065.1,Otoolea muris DSM 111138T,12.5,[9.9 - 15.8],33.2,[30.7 - 35.7],12.9,[10.6 - 15.7],4.68
Acutalibacter_muris_GCA_948576935.1,Acetatifactor aquisgranensis DSM110981T,12.6,[10.0 - 15.9],33,[30.6 - 35.5],13.1,[10.7 - 15.8],3.66
Acutalibacter_muris_GCA_949034105.1,Acetatifactor aquisgranensis DSM110981T,12.8,[10.1 - 16.0],32.8,[30.4 - 35.4],13.2,[10.8 - 15.9],3.37
Acutalibacter_muris_GCA_002201475.1,Schaedlerella arabinosiphila DSM 106076T,12.7,[10.0 - 15.9],32.7,[30.3 - 35.2],13.1,[10.7 - 15.8],6.7
Acutalibacter_muris_GCF_002201475.1,Schaedlerella arabinosiphila DSM 106076T,12.7,[10.0 - 15.9],32.7,[30.3 - 35.2],13.1,[10.7 - 15.8],6.7
Acutalibacter_muris_GCF_016697365.1,Schaedlerella arabinosiphila DSM 106076T,12.7,[10.0 - 15.9],32.7,[30.3 - 35.2],13.1,[10.7 - 15.8],6.7
Acutalibacter_muris_GCA_016697365.1,Schaedlerella arabinosiphila DSM 106076T,12.7,[10.0 - 15.9],32.7,[30.3 - 35.2],13.1,[10.7 - 15.8],6.7
Acutalibacter_muris_GCA_949034105.1,Clostridium methylpentosum DSM 5476,12.6,[9.9 - 15.8],32.3,[29.9 - 34.8],13,[10.7 - 15.7],2.72
Acutalibacter_muris_GCF_002201475.1,Sporofaciens musculi WCA-9-b2T,12.8,[10.1 - 16.0],32.2,[29.8 - 34.8],13.2,[10.8 - 15.9],10.2
Acutalibacter_muris_GCA_016697365.1,Sporofaciens musculi WCA-9-b2T,12.8,[10.1 - 16.0],32.2,[29.8 - 34.8],13.2,[10.8 - 15.9],10.2
Acutalibacter_muris_GCF_016697365.1,Sporofaciens musculi WCA-9-b2T,12.8,[10.1 - 16.0],32.2,[29.8 - 34.8],13.2,[10.8 - 15.9],10.2
Acutalibacter_muris_GCA_002201475.1,Sporofaciens musculi WCA-9-b2T,12.8,[10.1 - 16.0],32.2,[29.8 - 34.8],13.2,[10.8 - 15.9],10.2
Acutalibacter_muris_GCA_948800305.1,Butyricicoccus intestinisimiae MSJd-7,12.5,[9.8 - 15.8],32,[29.6 - 34.5],12.9,[10.6 - 15.7],5.41
Acutalibacter_muris_GCA_949034105.1,Butyricicoccus intestinisimiae MSJd-7,12.5,[9.9 - 15.8],32,[29.6 - 34.5],12.9,[10.6 - 15.7],4.24
Acutalibacter_muris_GCF_948800305.1,Butyricicoccus intestinisimiae MSJd-7,12.5,[9.8 - 15.8],32,[29.6 - 34.5],12.9,[10.6 - 15.7],5.41
Acutalibacter_muris_GCA_948564225.1,Flintibacter muris DSM 110149T,13,[10.3 - 16.3],31.9,[29.5 - 34.4],13.4,[11.0 - 16.1],0.88
Acutalibacter_muris_GCF_016697365.1,Hominisplanchenecus murintestinalis DSM 111139T,12.7,[10.0 - 16.0],30.8,[28.4 - 33.3],13.1,[10.8 - 15.8],8.86
Acutalibacter_muris_GCA_948564225.1,Acetatifactor aquisgranensis DSM110981T,12.7,[10.0 - 15.9],30.8,[28.4 - 33.3],13.1,[10.7 - 15.8],3.78
Acutalibacter_muris_GCA_016697365.1,Hominisplanchenecus murintestinalis DSM 111139T,12.7,[10.0 - 16.0],30.8,[28.4 - 33.3],13.1,[10.8 - 15.8],8.86
Acutalibacter_muris_GCA_002201475.1,Hominisplanchenecus murintestinalis DSM 111139T,12.7,[10.0 - 16.0],30.8,[28.4 - 33.3],13.1,[10.8 - 15.8],8.86
Acutalibacter_muris_GCF_002201475.1,Hominisplanchenecus murintestinalis DSM 111139T,12.7,[10.0 - 16.0],30.8,[28.4 - 33.3],13.1,[10.8 - 15.8],8.86
Acutalibacter_muris_GCA_948576935.1,Schaedlerella arabinosiphila DSM 106076T,12.6,[9.9 - 15.9],30.7,[28.3 - 33.2],13,[10.7 - 15.8],6.89
Acutalibacter_muris_GCA_948987775.1,Sporofaciens musculi WCA-9-b2T,12.7,[10.0 - 16.0],30.2,[27.8 - 32.7],13.1,[10.8 - 15.8],11.46
Acutalibacter_muris_GCA_948576935.1,Flintibacter muris DSM 110149T,13,[10.3 - 16.3],29.7,[27.3 - 32.2],13.4,[11.0 - 16.2],1.01
Acutalibacter_muris_GCA_016697365.1,Acutalibacter intestini M00204,16.9,[13.9 - 20.4],29.4,[27.1 - 31.9],17.2,[14.6 - 20.1],1.21
Acutalibacter_muris_GCF_016697365.1,Acutalibacter intestini M00204,16.9,[13.9 - 20.4],29.4,[27.1 - 31.9],17.2,[14.6 - 20.1],1.21
Acutalibacter_muris_GCA_002201475.1,Acutalibacter intestini M00204,16.9,[13.9 - 20.4],29.4,[27.1 - 31.9],17.2,[14.6 - 20.1],1.21
Acutalibacter_muris_GCF_002201475.1,Acutalibacter intestini M00204,16.9,[13.9 - 20.4],29.4,[27.1 - 31.9],17.2,[14.6 - 20.1],1.21
Acutalibacter_muris_GCA_949034105.1,Flintibacter muris DSM 110149T,13.2,[10.5 - 16.5],28.9,[26.5 - 31.4],13.6,[11.2 - 16.4],1.29
Acutalibacter_muris_GCA_948576935.1,Hominisplanchenecus murintestinalis DSM 111139T,12.6,[9.9 - 15.9],28.9,[26.6 - 31.4],13,[10.7 - 15.8],9.05
Acutalibacter_muris_GCA_949034105.1,Acutalibacter intestini M00204,16.5,[13.5 - 20.0],28.8,[26.4 - 31.3],16.8,[14.2 - 19.7],1.1
Acutalibacter_muris_GCF_016697365.1,Butyricicoccus intestinisimiae MSJd-7,12.6,[9.9 - 15.9],28.4,[26.0 - 30.9],13,[10.7 - 15.7],4.35
Acutalibacter_muris_GCF_002201475.1,Butyricicoccus intestinisimiae MSJd-7,12.6,[9.9 - 15.9],28.4,[26.0 - 30.9],13,[10.7 - 15.7],4.35
Acutalibacter_muris_GCA_002201475.1,Butyricicoccus intestinisimiae MSJd-7,12.6,[9.9 - 15.9],28.4,[26.0 - 30.9],13,[10.7 - 15.7],4.35
Acutalibacter_muris_GCA_016697365.1,Butyricicoccus intestinisimiae MSJd-7,12.6,[9.9 - 15.9],28.4,[26.0 - 30.9],13,[10.7 - 15.7],4.35
Acutalibacter_muris_GCF_002201475.1,Acetatifactor aquisgranensis DSM110981T,12.7,[10.0 - 16.0],28.2,[25.8 - 30.7],13.1,[10.8 - 15.9],3.47
Acutalibacter_muris_GCA_002201475.1,Acetatifactor aquisgranensis DSM110981T,12.7,[10.0 - 16.0],28.2,[25.8 - 30.7],13.1,[10.8 - 15.9],3.47
Acutalibacter_muris_GCF_016697365.1,Acetatifactor aquisgranensis DSM110981T,12.7,[10.0 - 16.0],28.2,[25.8 - 30.7],13.1,[10.8 - 15.9],3.47
Acutalibacter_muris_GCA_016697365.1,Acetatifactor aquisgranensis DSM110981T,12.7,[10.0 - 16.0],28.2,[25.8 - 30.7],13.1,[10.8 - 15.9],3.47
Acutalibacter_muris_GCA_002201475.1,Butyricicoccus pullicaecorum DSM 23266,12.6,[9.9 - 15.8],27.8,[25.4 - 30.3],13,[10.6 - 15.7],0.53
Acutalibacter_muris_GCA_948803965.1,Otoolea muris DSM 111138T,12.5,[9.8 - 15.7],27.8,[25.4 - 30.3],12.9,[10.6 - 15.6],4.9
Acutalibacter_muris_GCF_002201475.1,Butyricicoccus pullicaecorum DSM 23266,12.6,[9.9 - 15.8],27.8,[25.4 - 30.3],13,[10.6 - 15.7],0.53
Acutalibacter_muris_GCA_016697365.1,Butyricicoccus pullicaecorum DSM 23266,12.6,[9.9 - 15.8],27.8,[25.4 - 30.3],13,[10.6 - 15.7],0.53
Acutalibacter_muris_GCF_016697365.1,Butyricicoccus pullicaecorum DSM 23266,12.6,[9.9 - 15.8],27.8,[25.4 - 30.3],13,[10.6 - 15.7],0.53
Acutalibacter_muris_GCF_948803965.1,Otoolea muris DSM 111138T,12.5,[9.8 - 15.7],27.8,[25.4 - 30.3],12.9,[10.6 - 15.6],4.9
Acutalibacter_muris_GCA_949034105.1,Butyricicoccus pullicaecorum DSM 23266,12.6,[9.9 - 15.8],27.8,[25.5 - 30.3],13,[10.7 - 15.7],0.43
Acutalibacter_muris_GCA_948576935.1,Acutalibacter intestini M00204,15.2,[12.3 - 18.6],27.5,[25.2 - 30.0],15.5,[12.9 - 18.3],1.39
Acutalibacter_muris_GCA_002201475.1,Faecalispora jeddahensis JCD,12.6,[9.9 - 15.8],27.5,[25.1 - 30.0],13,[10.6 - 15.7],2.78
Acutalibacter_muris_GCF_002201475.1,Faecalispora jeddahensis JCD,12.6,[9.9 - 15.8],27.5,[25.1 - 30.0],13,[10.6 - 15.7],2.78
Acutalibacter_muris_GCF_016697365.1,Faecalispora jeddahensis JCD,12.6,[9.9 - 15.8],27.5,[25.1 - 30.0],13,[10.6 - 15.7],2.78
Acutalibacter_muris_GCA_016697365.1,Faecalispora jeddahensis JCD,12.6,[9.9 - 15.8],27.5,[25.1 - 30.0],13,[10.6 - 15.7],2.78
Acutalibacter_muris_GCA_948987775.1,Ruthenibacterium intestinale CLA-JM-H11,12.6,[9.9 - 15.8],27.4,[25.0 - 29.9],13,[10.7 - 15.7],1.2
Acutalibacter_muris_GCF_948718065.1,Schaedlerella arabinosiphila DSM 106076T,12.5,[9.8 - 15.8],27.4,[25.1 - 29.9],12.9,[10.6 - 15.7],7.5
Acutalibacter_muris_GCA_948576935.1,Butyricicoccus intestinisimiae MSJd-7,12.5,[9.9 - 15.8],27.4,[25.1 - 29.9],12.9,[10.6 - 15.7],4.53
Acutalibacter_muris_GCA_949034105.1,Acutalibacter caecimuris M00118,16.9,[13.9 - 20.4],27.4,[25.0 - 29.9],17.1,[14.5 - 20.0],2.14
Acutalibacter_muris_GCA_948718065.1,Schaedlerella arabinosiphila DSM 106076T,12.5,[9.8 - 15.8],27.4,[25.1 - 29.9],12.9,[10.6 - 15.7],7.5
Acutalibacter_muris_GCA_948564225.1,Acutalibacter intestini M00204,15.4,[12.5 - 18.8],27.2,[24.9 - 29.7],15.6,[13.1 - 18.5],1.51
Acutalibacter_muris_GCA_948580785.1,Butyricicoccus pullicaecorum DSM 23266,12.5,[9.8 - 15.8],27.1,[24.8 - 29.6],12.9,[10.6 - 15.6],1.76
Acutalibacter_muris_GCF_948580785.1,Butyricicoccus pullicaecorum DSM 23266,12.5,[9.8 - 15.8],27.1,[24.8 - 29.6],12.9,[10.6 - 15.6],1.76
Acutalibacter_muris_GCF_948718065.1,Acutalibacter caecimuris M00118,16.8,[13.8 - 20.3],26.4,[24.0 - 28.9],16.9,[14.3 - 19.9],1.24
Acutalibacter_muris_GCA_948718065.1,Acutalibacter caecimuris M00118,16.8,[13.8 - 20.3],26.4,[24.0 - 28.9],16.9,[14.3 - 19.9],1.24
Acutalibacter_muris_GCA_948576935.1,Acutalibacter caecimuris M00118,15.5,[12.6 - 18.9],26.2,[23.9 - 28.7],15.7,[13.2 - 18.6],1.85
Acutalibacter_muris_GCF_948800305.1,Butyricicoccus pullicaecorum DSM 23266,12.5,[9.9 - 15.8],26.1,[23.8 - 28.6],12.9,[10.6 - 15.7],1.59
Acutalibacter_muris_GCA_948800305.1,Butyricicoccus pullicaecorum DSM 23266,12.5,[9.9 - 15.8],26.1,[23.8 - 28.6],12.9,[10.6 - 15.7],1.59
Acutalibacter_muris_GCA_016697365.1,Caproicibacter fermentans DSM 107079 T,12.6,[9.9 - 15.8],26,[23.6 - 28.4],13,[10.6 - 15.7],3.42
Acutalibacter_muris_GCF_016697365.1,Caproicibacter fermentans DSM 107079 T,12.6,[9.9 - 15.8],26,[23.6 - 28.4],13,[10.6 - 15.7],3.42
Acutalibacter_muris_GCA_002201475.1,Caproicibacter fermentans DSM 107079 T,12.6,[9.9 - 15.8],26,[23.6 - 28.4],13,[10.6 - 15.7],3.42
Acutalibacter_muris_GCF_002201475.1,Caproicibacter fermentans DSM 107079 T,12.6,[9.9 - 15.8],26,[23.6 - 28.4],13,[10.6 - 15.7],3.42
Acutalibacter_muris_GCA_948564225.1,Butyricicoccus intestinisimiae MSJd-7,12.5,[9.9 - 15.8],26,[23.7 - 28.5],12.9,[10.6 - 15.7],4.65
Acutalibacter_muris_GCA_948987775.1,Acutalibacter intestini M00204,14.9,[12.0 - 18.3],26,[23.7 - 28.5],15.1,[12.7 - 18.0],2.46
Acutalibacter_muris_GCF_002201475.1,Acutalibacter caecimuris M00118,16.3,[13.4 - 19.8],25.9,[23.6 - 28.4],16.5,[13.9 - 19.5],2.04
Acutalibacter_muris_GCA_002201475.1,Acutalibacter caecimuris M00118,16.3,[13.4 - 19.8],25.9,[23.6 - 28.4],16.5,[13.9 - 19.5],2.04
Acutalibacter_muris_GCA_948564225.1,Acutalibacter caecimuris M00118,15.6,[12.7 - 19.1],25.9,[23.5 - 28.4],15.9,[13.3 - 18.8],1.73
Acutalibacter_muris_GCF_016697365.1,Acutalibacter caecimuris M00118,16.3,[13.4 - 19.8],25.9,[23.6 - 28.4],16.5,[13.9 - 19.5],2.04
Acutalibacter_muris_GCA_016697365.1,Acutalibacter caecimuris M00118,16.3,[13.4 - 19.8],25.9,[23.6 - 28.4],16.5,[13.9 - 19.5],2.04
Acutalibacter_muris_GCA_948800305.1,Acetatifactor muris DSM 23669T,12.5,[9.9 - 15.8],25.7,[23.4 - 28.2],12.9,[10.6 - 15.7],8
Acutalibacter_muris_GCF_948800305.1,Acetatifactor muris DSM 23669T,12.5,[9.9 - 15.8],25.7,[23.4 - 28.2],12.9,[10.6 - 15.7],8
Acutalibacter_muris_GCA_016697365.1,Hominicoprocola fusiformis CLA-AA-H269,12.6,[10.0 - 15.9],25.6,[23.3 - 28.1],13,[10.7 - 15.8],1.06
Acutalibacter_muris_GCA_002201475.1,Hominicoprocola fusiformis CLA-AA-H269,12.6,[10.0 - 15.9],25.6,[23.3 - 28.1],13,[10.7 - 15.8],1.06
Acutalibacter_muris_GCF_016697365.1,Hominicoprocola fusiformis CLA-AA-H269,12.6,[10.0 - 15.9],25.6,[23.3 - 28.1],13,[10.7 - 15.8],1.06
Acutalibacter_muris_GCF_002201475.1,Hominicoprocola fusiformis CLA-AA-H269,12.6,[10.0 - 15.9],25.6,[23.3 - 28.1],13,[10.7 - 15.8],1.06
Acutalibacter_muris_GCF_948718065.1,Acutalibacter intestini M00204,15.3,[12.4 - 18.7],25.4,[23.1 - 27.9],15.5,[13.0 - 18.4],2
Acutalibacter_muris_GCA_948718065.1,Acutalibacter intestini M00204,15.3,[12.4 - 18.7],25.4,[23.1 - 27.9],15.5,[13.0 - 18.4],2
Acutalibacter_muris_GCA_949034105.1,Neglectibacter caecimuris M00184,13.1,[10.4 - 16.4],25.3,[23.0 - 27.8],13.5,[11.1 - 16.3],1.64
Acutalibacter_muris_GCF_016697365.1,Clostridium leptum DSM 753,12.7,[10.0 - 15.9],25.2,[22.9 - 27.7],13.1,[10.7 - 15.8],4.46
Acutalibacter_muris_GCF_002201475.1,Clostridium leptum DSM 753,12.7,[10.0 - 15.9],25.2,[22.9 - 27.7],13.1,[10.7 - 15.8],4.46
Acutalibacter_muris_GCA_016697365.1,Clostridium leptum DSM 753,12.7,[10.0 - 15.9],25.2,[22.9 - 27.7],13.1,[10.7 - 15.8],4.46
Acutalibacter_muris_GCA_002201475.1,Clostridium leptum DSM 753,12.7,[10.0 - 15.9],25.2,[22.9 - 27.7],13.1,[10.7 - 15.8],4.46
Acutalibacter_muris_GCF_948580785.1,Schaedlerella arabinosiphila DSM 106076T,12.5,[9.8 - 15.8],24.9,[22.6 - 27.4],12.9,[10.6 - 15.6],7.93
Acutalibacter_muris_GCA_948580785.1,Schaedlerella arabinosiphila DSM 106076T,12.5,[9.8 - 15.8],24.9,[22.6 - 27.4],12.9,[10.6 - 15.6],7.93
Acutalibacter_muris_GCF_016697365.1,Faecalispora sporosphaeroides DSM 1294,12.6,[9.9 - 15.9],24.8,[22.5 - 27.3],13,[10.7 - 15.7],1.09
Acutalibacter_muris_GCF_002201475.1,Faecalispora sporosphaeroides DSM 1294,12.6,[9.9 - 15.9],24.8,[22.5 - 27.3],13,[10.7 - 15.7],1.09
Acutalibacter_muris_GCF_948803965.1,Butyricicoccus pullicaecorum DSM 23266,12.5,[9.8 - 15.8],24.8,[22.5 - 27.3],12.9,[10.6 - 15.6],1.55
Acutalibacter_muris_GCA_002201475.1,Faecalispora sporosphaeroides DSM 1294,12.6,[9.9 - 15.9],24.8,[22.5 - 27.3],13,[10.7 - 15.7],1.09
Acutalibacter_muris_GCA_948803965.1,Butyricicoccus pullicaecorum DSM 23266,12.5,[9.8 - 15.8],24.8,[22.5 - 27.3],12.9,[10.6 - 15.6],1.55
Acutalibacter_muris_GCA_016697365.1,Faecalispora sporosphaeroides DSM 1294,12.6,[9.9 - 15.9],24.8,[22.5 - 27.3],13,[10.7 - 15.7],1.09
Acutalibacter_muris_GCA_948987775.1,Acutalibacter caecimuris M00118,15.7,[12.7 - 19.1],24.6,[22.3 - 27.1],15.8,[13.3 - 18.7],0.78
Acutalibacter_muris_GCF_016697365.1,Ruthenibacterium intestinale CLA-JM-H11,12.6,[10.0 - 15.9],24.4,[22.1 - 26.9],13,[10.7 - 15.8],0.05
Acutalibacter_muris_GCF_002201475.1,Vermiculatibacterium agrestimuris DSM 112226T,12.8,[10.1 - 16.0],24.4,[22.1 - 26.9],13.2,[10.8 - 15.9],5.85
Acutalibacter_muris_GCA_016697365.1,Vermiculatibacterium agrestimuris DSM 112226T,12.8,[10.1 - 16.0],24.4,[22.1 - 26.9],13.2,[10.8 - 15.9],5.85
Acutalibacter_muris_GCA_016697365.1,Ruthenibacterium intestinale CLA-JM-H11,12.6,[10.0 - 15.9],24.4,[22.1 - 26.9],13,[10.7 - 15.8],0.05
Acutalibacter_muris_GCF_016697365.1,Vermiculatibacterium agrestimuris DSM 112226T,12.8,[10.1 - 16.0],24.4,[22.1 - 26.9],13.2,[10.8 - 15.9],5.85
Acutalibacter_muris_GCA_948718065.1,Butyricicoccus pullicaecorum DSM 23266,12.5,[9.9 - 15.8],24.4,[22.1 - 26.8],12.9,[10.6 - 15.7],1.33
Acutalibacter_muris_GCF_002201475.1,Ruthenibacterium intestinale CLA-JM-H11,12.6,[10.0 - 15.9],24.4,[22.1 - 26.9],13,[10.7 - 15.8],0.05
Acutalibacter_muris_GCF_948718065.1,Butyricicoccus pullicaecorum DSM 23266,12.5,[9.9 - 15.8],24.4,[22.1 - 26.8],12.9,[10.6 - 15.7],1.33
Acutalibacter_muris_GCA_002201475.1,Ruthenibacterium intestinale CLA-JM-H11,12.6,[10.0 - 15.9],24.4,[22.1 - 26.9],13,[10.7 - 15.8],0.05
Acutalibacter_muris_GCA_002201475.1,Vermiculatibacterium agrestimuris DSM 112226T,12.8,[10.1 - 16.0],24.4,[22.1 - 26.9],13.2,[10.8 - 15.9],5.85
Acutalibacter_muris_GCA_948576935.1,Brachybacterium atlanticum PhyBa CO2 2,12.5,[9.8 - 15.7],24.4,[22.1 - 26.9],12.9,[10.6 - 15.6],17.34
Acutalibacter_muris_GCF_002201475.1,Caproiciproducens galactitolivorans JCM 30532,12.6,[9.9 - 15.8],24.1,[21.8 - 26.5],13,[10.7 - 15.7],6.55
Acutalibacter_muris_GCF_016697365.1,Caproiciproducens galactitolivorans JCM 30532,12.6,[9.9 - 15.8],24.1,[21.8 - 26.5],13,[10.7 - 15.7],6.55
Acutalibacter_muris_GCA_016697365.1,Caproiciproducens galactitolivorans JCM 30532,12.6,[9.9 - 15.8],24.1,[21.8 - 26.5],13,[10.7 - 15.7],6.55
Acutalibacter_muris_GCA_002201475.1,Caproiciproducens galactitolivorans JCM 30532,12.6,[9.9 - 15.8],24.1,[21.8 - 26.5],13,[10.7 - 15.7],6.55
Acutalibacter_muris_GCA_948580785.1,Acutalibacter intestini M00204,14.4,[11.6 - 17.8],24,[21.7 - 26.5],14.7,[12.2 - 17.5],2.43
Acutalibacter_muris_GCF_948580785.1,Acutalibacter intestini M00204,14.4,[11.6 - 17.8],24,[21.7 - 26.5],14.7,[12.2 - 17.5],2.43
Acutalibacter_muris_GCF_948800305.1,Acutalibacter caecimuris M00118,16.1,[13.2 - 19.6],23.8,[21.5 - 26.3],16.3,[13.7 - 19.2],0.98
Acutalibacter_muris_GCF_948718065.1,Acetatifactor aquisgranensis DSM110981T,12.6,[9.9 - 15.8],23.8,[21.5 - 26.3],13,[10.6 - 15.7],4.27
Acutalibacter_muris_GCA_948800305.1,Acutalibacter caecimuris M00118,16.1,[13.2 - 19.6],23.8,[21.5 - 26.3],16.3,[13.7 - 19.2],0.98
Acutalibacter_muris_GCA_948718065.1,Acetatifactor aquisgranensis DSM110981T,12.6,[9.9 - 15.8],23.8,[21.5 - 26.3],13,[10.6 - 15.7],4.27
Acutalibacter_muris_GCF_002201475.1,Neglectibacter caecimuris M00184,13.1,[10.4 - 16.4],23.7,[21.4 - 26.1],13.5,[11.1 - 16.3],1.74
Acutalibacter_muris_GCF_016697365.1,Neglectibacter caecimuris M00184,13.1,[10.4 - 16.4],23.7,[21.4 - 26.1],13.5,[11.1 - 16.3],1.74
Acutalibacter_muris_GCA_016697365.1,Neglectibacter caecimuris M00184,13.1,[10.4 - 16.4],23.7,[21.4 - 26.1],13.5,[11.1 - 16.3],1.74
Acutalibacter_muris_GCA_002201475.1,Neglectibacter caecimuris M00184,13.1,[10.4 - 16.4],23.7,[21.4 - 26.1],13.5,[11.1 - 16.3],1.74
Acutalibacter_muris_GCA_948576935.1,Neglectibacter caecimuris M00184,12.9,[10.2 - 16.2],23.6,[21.3 - 26.0],13.3,[11.0 - 16.1],1.93
Acutalibacter_muris_GCF_948718065.1,Flintibacter muris DSM 110149T,12.8,[10.1 - 16.0],23.5,[21.2 - 26.0],13.1,[10.8 - 15.9],0.39
Acutalibacter_muris_GCA_948987775.1,Schaedlerella arabinosiphila DSM 106076T,12.5,[9.8 - 15.8],23.5,[21.2 - 26.0],12.9,[10.6 - 15.7],7.96
Acutalibacter_muris_GCA_948718065.1,Hominicoprocola fusiformis CLA-AA-H269,12.6,[9.9 - 15.8],23.5,[21.3 - 26.0],13,[10.7 - 15.7],0.26
Acutalibacter_muris_GCF_948718065.1,Hominicoprocola fusiformis CLA-AA-H269,12.6,[9.9 - 15.8],23.5,[21.3 - 26.0],13,[10.7 - 15.7],0.26
Acutalibacter_muris_GCA_948718065.1,Flintibacter muris DSM 110149T,12.8,[10.1 - 16.0],23.5,[21.2 - 26.0],13.1,[10.8 - 15.9],0.39
Acutalibacter_muris_GCA_948564225.1,Neglectibacter caecimuris M00184,13.1,[10.3 - 16.4],23.5,[21.2 - 25.9],13.4,[11.1 - 16.2],2.05
Acutalibacter_muris_GCF_948803965.1,Acutalibacter intestini M00204,14.7,[11.8 - 18.1],23.4,[21.1 - 25.9],14.9,[12.5 - 17.8],2.22
Acutalibacter_muris_GCA_948803965.1,Acutalibacter intestini M00204,14.7,[11.8 - 18.1],23.4,[21.1 - 25.9],14.9,[12.5 - 17.8],2.22
Acutalibacter_muris_GCA_948800305.1,Acutalibacter intestini M00204,15.1,[12.2 - 18.5],23.4,[21.1 - 25.9],15.3,[12.8 - 18.2],2.27
Acutalibacter_muris_GCF_948800305.1,Acutalibacter intestini M00204,15.1,[12.2 - 18.5],23.4,[21.1 - 25.9],15.3,[12.8 - 18.2],2.27
Acutalibacter_muris_GCA_948987775.1,Acetatifactor aquisgranensis DSM110981T,12.5,[9.9 - 15.8],23.4,[21.1 - 25.9],13,[10.6 - 15.7],4.73
Acutalibacter_muris_GCF_948803965.1,Acutalibacter caecimuris M00118,15.3,[12.3 - 18.7],23.3,[21.0 - 25.8],15.4,[12.9 - 18.3],1.03
Acutalibacter_muris_GCA_948803965.1,Acutalibacter caecimuris M00118,15.3,[12.3 - 18.7],23.3,[21.0 - 25.8],15.4,[12.9 - 18.3],1.03
Acutalibacter_muris_GCA_948718065.1,Candidatus Heritagella caecorum Chicken12mag185,12.5,[9.9 - 15.8],23.1,[20.8 - 25.6],12.9,[10.6 - 15.7],0.86
Acutalibacter_muris_GCA_948576935.1,Faecalispora sporosphaeroides DSM 1294,12.6,[9.9 - 15.8],23.1,[20.8 - 25.6],13,[10.6 - 15.7],1.27
Acutalibacter_muris_GCF_948718065.1,Candidatus Heritagella caecorum Chicken12mag185,12.5,[9.9 - 15.8],23.1,[20.8 - 25.6],12.9,[10.6 - 15.7],0.86
Acutalibacter_muris_GCA_948576935.1,Ruthenibacterium intestinale CLA-JM-H11,12.6,[9.9 - 15.8],22.9,[20.6 - 25.3],13,[10.6 - 15.7],0.13
Acutalibacter_muris_GCF_948718065.1,Neglectibacter caecimuris M00184,13,[10.3 - 16.3],22.9,[20.6 - 25.4],13.4,[11.0 - 16.2],2.54
Acutalibacter_muris_GCA_948718065.1,Neglectibacter caecimuris M00184,13,[10.3 - 16.3],22.9,[20.6 - 25.4],13.4,[11.0 - 16.2],2.54
Acutalibacter_muris_GCF_948800305.1,Ruthenibacterium intestinale CLA-JM-H11,12.5,[9.9 - 15.8],22.8,[20.5 - 25.3],12.9,[10.6 - 15.7],1.01
Acutalibacter_muris_GCA_948800305.1,Ruthenibacterium intestinale CLA-JM-H11,12.5,[9.9 - 15.8],22.8,[20.5 - 25.3],12.9,[10.6 - 15.7],1.01
Acutalibacter_muris_GCA_002201475.1,Anaeromassilibacillus senegalensis mt9,12.6,[9.9 - 15.9],22.6,[20.3 - 25.0],13,[10.7 - 15.7],1.72
Acutalibacter_muris_GCF_948800305.1,Hominenteromicrobium mulieris CLA-­AA-­H250,12.6,[9.9 - 15.8],22.6,[20.3 - 25.0],13,[10.6 - 15.7],2.97
Acutalibacter_muris_GCF_948580785.1,Acutalibacter caecimuris M00118,15.2,[12.3 - 18.7],22.6,[20.3 - 25.0],15.4,[12.9 - 18.3],0.82
Acutalibacter_muris_GCF_002201475.1,Anaeromassilibacillus senegalensis mt9,12.6,[9.9 - 15.9],22.6,[20.3 - 25.0],13,[10.7 - 15.7],1.72
Acutalibacter_muris_GCF_016697365.1,Anaeromassilibacillus senegalensis mt9,12.6,[9.9 - 15.9],22.6,[20.3 - 25.0],13,[10.7 - 15.7],1.72
Acutalibacter_muris_GCA_948800305.1,Hominenteromicrobium mulieris CLA-­AA-­H250,12.6,[9.9 - 15.8],22.6,[20.3 - 25.0],13,[10.6 - 15.7],2.97
Acutalibacter_muris_GCA_016697365.1,Anaeromassilibacillus senegalensis mt9,12.6,[9.9 - 15.9],22.6,[20.3 - 25.0],13,[10.7 - 15.7],1.72
Acutalibacter_muris_GCA_948580785.1,Acutalibacter caecimuris M00118,15.2,[12.3 - 18.7],22.6,[20.3 - 25.0],15.4,[12.9 - 18.3],0.82
Acutalibacter_muris_GCA_948564225.1,Ruthenibacterium intestinale CLA-JM-H11,12.5,[9.9 - 15.8],22.5,[20.2 - 25.0],13,[10.6 - 15.7],0.25
Acutalibacter_muris_GCA_948576935.1,Faecalispora jeddahensis JCD,12.5,[9.9 - 15.8],22.5,[20.2 - 24.9],12.9,[10.6 - 15.7],2.96
Acutalibacter_muris_GCA_949034105.1,Hominicoprocola fusiformis CLA-AA-H269,12.6,[9.9 - 15.8],22.4,[20.1 - 24.8],13,[10.6 - 15.7],1.17
Acutalibacter_muris_GCF_002201475.1,Gehongia tenuis NSJ-53,12.6,[9.9 - 15.8],22.3,[20.1 - 24.8],13,[10.7 - 15.7],1.85
Acutalibacter_muris_GCF_948580785.1,Acetatifactor muris DSM 23669T,12.5,[9.8 - 15.8],22.3,[20.1 - 24.8],12.9,[10.6 - 15.6],8.16
Acutalibacter_muris_GCA_948580785.1,Acetatifactor muris DSM 23669T,12.5,[9.8 - 15.8],22.3,[20.1 - 24.8],12.9,[10.6 - 15.6],8.16
Acutalibacter_muris_GCA_949034105.1,Vermiculatibacterium agrestimuris DSM 112226T,12.8,[10.1 - 16.0],22.3,[20.0 - 24.7],13.1,[10.8 - 15.9],5.95
Acutalibacter_muris_GCA_948800305.1,Sporofaciens musculi WCA-9-b2T,12.6,[9.9 - 15.8],22.3,[20.0 - 24.7],13,[10.6 - 15.7],11.26
Acutalibacter_muris_GCA_016697365.1,Gehongia tenuis NSJ-53,12.6,[9.9 - 15.8],22.3,[20.1 - 24.8],13,[10.7 - 15.7],1.85
Acutalibacter_muris_GCA_949034105.1,Rhodanobacter soli JCM16126,12.5,[9.8 - 15.7],22.3,[20.0 - 24.7],12.9,[10.6 - 15.6],11.98
Acutalibacter_muris_GCA_002201475.1,Gehongia tenuis NSJ-53,12.6,[9.9 - 15.8],22.3,[20.1 - 24.8],13,[10.7 - 15.7],1.85
Acutalibacter_muris_GCF_948800305.1,Sporofaciens musculi WCA-9-b2T,12.6,[9.9 - 15.8],22.3,[20.0 - 24.7],13,[10.6 - 15.7],11.26
Acutalibacter_muris_GCF_016697365.1,Gehongia tenuis NSJ-53,12.6,[9.9 - 15.8],22.3,[20.1 - 24.8],13,[10.7 - 15.7],1.85
Acutalibacter_muris_GCA_948800305.1,Schaedlerella arabinosiphila DSM 106076T,12.5,[9.8 - 15.8],22.2,[19.9 - 24.6],12.9,[10.6 - 15.6],7.77
Acutalibacter_muris_GCF_948800305.1,Acetatifactor aquisgranensis DSM110981T,12.5,[9.9 - 15.8],22.2,[20.0 - 24.7],12.9,[10.6 - 15.7],4.53
Acutalibacter_muris_GCA_948800305.1,Acetatifactor aquisgranensis DSM110981T,12.5,[9.9 - 15.8],22.2,[20.0 - 24.7],12.9,[10.6 - 15.7],4.53
Acutalibacter_muris_GCF_948800305.1,Schaedlerella arabinosiphila DSM 106076T,12.5,[9.8 - 15.8],22.2,[19.9 - 24.6],12.9,[10.6 - 15.6],7.77
Acutalibacter_muris_GCA_016697365.1,Neglectibacter timonensis SN17,13,[10.2 - 16.2],22.1,[19.8 - 24.5],13.3,[11.0 - 16.1],1.81
Acutalibacter_muris_GCF_016697365.1,Neglectibacter timonensis SN17,13,[10.2 - 16.2],22.1,[19.8 - 24.5],13.3,[11.0 - 16.1],1.81
Acutalibacter_muris_GCA_002201475.1,Neglectibacter timonensis SN17,13,[10.2 - 16.2],22.1,[19.8 - 24.5],13.3,[11.0 - 16.1],1.81
Acutalibacter_muris_GCA_948987775.1,Solibaculum intestinale CLA-JM-H44,12.6,[10.0 - 15.9],22.1,[19.8 - 24.5],13,[10.7 - 15.8],1.27
Acutalibacter_muris_GCF_002201475.1,Neglectibacter timonensis SN17,13,[10.2 - 16.2],22.1,[19.8 - 24.5],13.3,[11.0 - 16.1],1.81
Acutalibacter_muris_GCA_948987775.1,Neglectibacter caecimuris M00184,13,[10.3 - 16.3],22,[19.8 - 24.5],13.4,[11.0 - 16.1],3
Acutalibacter_muris_GCA_948803965.1,Hominenteromicrobium mulieris CLA-­AA-­H250,12.5,[9.9 - 15.8],21.8,[19.6 - 24.3],12.9,[10.6 - 15.7],2.92
Acutalibacter_muris_GCF_948803965.1,Hominenteromicrobium mulieris CLA-­AA-­H250,12.5,[9.9 - 15.8],21.8,[19.6 - 24.3],12.9,[10.6 - 15.7],2.92
Acutalibacter_muris_GCF_016697365.1,Solibaculum intestinale CLA-JM-H44,12.7,[10.0 - 15.9],21.8,[19.6 - 24.3],13.1,[10.7 - 15.8],0.02
Acutalibacter_muris_GCA_002201475.1,Solibaculum intestinale CLA-JM-H44,12.7,[10.0 - 15.9],21.8,[19.6 - 24.3],13.1,[10.7 - 15.8],0.02
Acutalibacter_muris_GCA_948800305.1,Neglectibacter caecimuris M00184,13.1,[10.3 - 16.4],21.8,[19.5 - 24.2],13.4,[11.1 - 16.2],2.8
Acutalibacter_muris_GCF_948800305.1,Neglectibacter caecimuris M00184,13.1,[10.3 - 16.4],21.8,[19.5 - 24.2],13.4,[11.1 - 16.2],2.8
Acutalibacter_muris_GCF_002201475.1,Solibaculum intestinale CLA-JM-H44,12.7,[10.0 - 15.9],21.8,[19.6 - 24.3],13.1,[10.7 - 15.8],0.02
Acutalibacter_muris_GCA_016697365.1,Solibaculum intestinale CLA-JM-H44,12.7,[10.0 - 15.9],21.8,[19.6 - 24.3],13.1,[10.7 - 15.8],0.02
Acutalibacter_muris_GCA_948718065.1,Hominenteromicrobium mulieris CLA-­AA-­H250,12.6,[9.9 - 15.9],21.7,[19.4 - 24.1],13,[10.7 - 15.7],2.71
Acutalibacter_muris_GCF_016697365.1,Hominenteromicrobium mulieris CLA-­AA-­H250,12.7,[10.0 - 16.0],21.7,[19.4 - 24.1],13.1,[10.8 - 15.9],1.91
Acutalibacter_muris_GCF_002201475.1,Hominenteromicrobium mulieris CLA-­AA-­H250,12.7,[10.0 - 16.0],21.7,[19.4 - 24.1],13.1,[10.8 - 15.9],1.91
Acutalibacter_muris_GCA_002201475.1,Hominenteromicrobium mulieris CLA-­AA-­H250,12.7,[10.0 - 16.0],21.7,[19.4 - 24.1],13.1,[10.8 - 15.9],1.91
Acutalibacter_muris_GCA_016697365.1,Hominenteromicrobium mulieris CLA-­AA-­H250,12.7,[10.0 - 16.0],21.7,[19.4 - 24.1],13.1,[10.8 - 15.9],1.91
Acutalibacter_muris_GCF_948718065.1,Hominenteromicrobium mulieris CLA-­AA-­H250,12.6,[9.9 - 15.9],21.7,[19.4 - 24.1],13,[10.7 - 15.7],2.71
Acutalibacter_muris_GCF_948580785.1,Hominenteromicrobium mulieris CLA-­AA-­H250,12.6,[9.9 - 15.8],21.6,[19.3 - 24.0],13,[10.6 - 15.7],3.13
Acutalibacter_muris_GCA_948564225.1,Butyricicoccus pullicaecorum DSM 23266,12.6,[10.0 - 15.9],21.6,[19.3 - 24.0],13,[10.7 - 15.8],0.84
Acutalibacter_muris_GCA_948987775.1,Hominenteromicrobium mulieris CLA-­AA-­H250,12.6,[9.9 - 15.8],21.6,[19.3 - 24.0],13,[10.6 - 15.7],3.16
Acutalibacter_muris_GCA_948580785.1,Hominenteromicrobium mulieris CLA-­AA-­H250,12.6,[9.9 - 15.8],21.6,[19.3 - 24.0],13,[10.6 - 15.7],3.13
Acutalibacter_muris_GCA_002201475.1,Dysosmobacter acutus MSJ-2,12.7,[10.0 - 16.0],21.6,[19.3 - 24.0],13.1,[10.8 - 15.8],3.61
Acutalibacter_muris_GCF_016697365.1,Dysosmobacter acutus MSJ-2,12.7,[10.0 - 16.0],21.6,[19.3 - 24.0],13.1,[10.8 - 15.8],3.61
Acutalibacter_muris_GCF_002201475.1,Dysosmobacter acutus MSJ-2,12.7,[10.0 - 16.0],21.6,[19.3 - 24.0],13.1,[10.8 - 15.8],3.61
Acutalibacter_muris_GCA_948564225.1,Gehongia tenuis NSJ-53,12.5,[9.9 - 15.8],21.6,[19.4 - 24.1],12.9,[10.6 - 15.7],1.54
Acutalibacter_muris_GCA_016697365.1,Dysosmobacter acutus MSJ-2,12.7,[10.0 - 16.0],21.6,[19.3 - 24.0],13.1,[10.8 - 15.8],3.61
Acutalibacter_muris_GCA_948576935.1,Gehongia tenuis NSJ-53,12.6,[9.9 - 15.8],21.6,[19.3 - 24.0],13,[10.6 - 15.7],1.66
Acutalibacter_muris_GCA_948580785.1,Neglectibacter caecimuris M00184,12.9,[10.2 - 16.2],21.5,[19.2 - 23.9],13.3,[11.0 - 16.1],2.96
Acutalibacter_muris_GCF_948580785.1,Neglectibacter caecimuris M00184,12.9,[10.2 - 16.2],21.5,[19.2 - 23.9],13.3,[11.0 - 16.1],2.96
Acutalibacter_muris_GCA_949034105.1,Ruthenibacterium intestinale CLA-JM-H11,12.6,[9.9 - 15.9],21.5,[19.3 - 23.9],13,[10.7 - 15.8],0.16
Acutalibacter_muris_GCA_948564225.1,Faecalispora sporosphaeroides DSM 1294,12.6,[9.9 - 15.8],21.5,[19.3 - 24.0],13,[10.6 - 15.7],1.39
Acutalibacter_muris_GCA_948987775.1,Vermiculatibacterium agrestimuris DSM 112226T,12.7,[10.0 - 15.9],21.5,[19.3 - 24.0],13.1,[10.7 - 15.8],4.6
Acutalibacter_muris_GCA_948564225.1,Hominicoprocola fusiformis CLA-AA-H269,12.5,[9.9 - 15.8],21.4,[19.1 - 23.8],13,[10.6 - 15.7],0.76
Acutalibacter_muris_GCA_948564225.1,Neglectibacter timonensis SN17,12.9,[10.2 - 16.2],21.4,[19.1 - 23.8],13.3,[10.9 - 16.0],2.11
Acutalibacter_muris_GCF_948803965.1,Neglectibacter caecimuris M00184,13,[10.3 - 16.3],21.4,[19.2 - 23.9],13.4,[11.0 - 16.1],2.75
Acutalibacter_muris_GCF_948800305.1,Flintibacter muris DSM 110149T,12.7,[10.1 - 16.0],21.4,[19.2 - 23.9],13.1,[10.8 - 15.9],0.13
Acutalibacter_muris_GCA_948803965.1,Neglectibacter caecimuris M00184,13,[10.3 - 16.3],21.4,[19.2 - 23.9],13.4,[11.0 - 16.1],2.75
Acutalibacter_muris_GCA_948800305.1,Flintibacter muris DSM 110149T,12.7,[10.1 - 16.0],21.4,[19.2 - 23.9],13.1,[10.8 - 15.9],0.13
Acutalibacter_muris_GCA_948576935.1,Butyricicoccus pullicaecorum DSM 23266,12.6,[10.0 - 15.9],21.4,[19.1 - 23.8],13,[10.7 - 15.8],0.72
Acutalibacter_muris_GCA_948576935.1,Hominicoprocola fusiformis CLA-AA-H269,12.6,[9.9 - 15.8],21.3,[19.0 - 23.7],13,[10.6 - 15.7],0.88
Acutalibacter_muris_GCA_948576935.1,Clostridium leptum DSM 753,12.6,[9.9 - 15.8],21.3,[19.0 - 23.7],13,[10.7 - 15.7],4.64
Acutalibacter_muris_GCA_948576935.1,Candidatus Avimicrobium caecorum Coassemblymag137,12.5,[9.8 - 15.8],21.2,[18.9 - 23.6],12.9,[10.6 - 15.6],2.45
Acutalibacter_muris_GCF_948803965.1,Sporofaciens musculi WCA-9-b2T,12.5,[9.9 - 15.8],21.1,[18.8 - 23.5],12.9,[10.6 - 15.7],11.22
Acutalibacter_muris_GCA_948803965.1,Sporofaciens musculi WCA-9-b2T,12.5,[9.9 - 15.8],21.1,[18.8 - 23.5],12.9,[10.6 - 15.7],11.22
Acutalibacter_muris_GCF_948800305.1,Hominicoprocola fusiformis CLA-AA-H269,12.5,[9.9 - 15.8],21,[18.7 - 23.4],12.9,[10.6 - 15.7],0
Acutalibacter_muris_GCF_002201475.1,Zongyangia hominis NSJ-54,12.7,[10.0 - 16.0],21,[18.7 - 23.4],13.1,[10.8 - 15.9],1.75
Acutalibacter_muris_GCA_016697365.1,Zongyangia hominis NSJ-54,12.7,[10.0 - 16.0],21,[18.7 - 23.4],13.1,[10.8 - 15.9],1.75
Acutalibacter_muris_GCA_002201475.1,Zongyangia hominis NSJ-54,12.7,[10.0 - 16.0],21,[18.7 - 23.4],13.1,[10.8 - 15.9],1.75
Acutalibacter_muris_GCA_948800305.1,Hominicoprocola fusiformis CLA-AA-H269,12.5,[9.9 - 15.8],21,[18.7 - 23.4],12.9,[10.6 - 15.7],0
Acutalibacter_muris_GCF_016697365.1,Zongyangia hominis NSJ-54,12.7,[10.0 - 16.0],21,[18.7 - 23.4],13.1,[10.8 - 15.9],1.75
Acutalibacter_muris_GCA_948987775.1,Faecalispora sporosphaeroides DSM 1294,12.6,[9.9 - 15.8],20.9,[18.7 - 23.3],13,[10.6 - 15.7],2.34
Acutalibacter_muris_GCA_948987775.1,Dysosmobacter acutus MSJ-2,12.7,[10.0 - 15.9],20.9,[18.7 - 23.4],13,[10.7 - 15.8],2.36
Acutalibacter_muris_GCA_948987775.1,Brachybacterium atlanticum PhyBa CO2 2,12.5,[9.8 - 15.7],20.9,[18.7 - 23.3],12.9,[10.6 - 15.6],16.27
Acutalibacter_muris_GCA_948576935.1,Neglectibacter timonensis SN17,12.9,[10.2 - 16.1],20.8,[18.6 - 23.2],13.2,[10.9 - 16.0],1.99
Acutalibacter_muris_GCA_949034105.1,Gehongia tenuis NSJ-53,12.6,[9.9 - 15.8],20.8,[18.6 - 23.2],13,[10.6 - 15.7],1.95
Acutalibacter_muris_GCA_949034105.1,Hominenteromicrobium mulieris CLA-­AA-­H250,12.6,[10.0 - 15.9],20.8,[18.5 - 23.2],13,[10.7 - 15.8],1.81
Acutalibacter_muris_GCA_948564225.1,Candidatus Acutalibacter stercoravium ChiBcolR1-495,13.4,[10.6 - 16.7],20.6,[18.3 - 23.0],13.7,[11.3 - 16.5],5.05
Acutalibacter_muris_GCA_948803965.1,Clostridium methylpentosum DSM 5476,12.5,[9.8 - 15.8],20.5,[18.3 - 22.9],12.9,[10.6 - 15.6],3.84
Acutalibacter_muris_GCA_948580785.1,Candidatus Acutalibacter stercoravium ChiBcolR1-495,13.5,[10.7 - 16.8],20.5,[18.2 - 22.9],13.8,[11.4 - 16.6],4.14
Acutalibacter_muris_GCA_948576935.1,Candidatus Acutalibacter stercoravium ChiBcolR1-495,13.4,[10.6 - 16.7],20.5,[18.3 - 22.9],13.7,[11.3 - 16.5],5.17
Acutalibacter_muris_GCF_948803965.1,Clostridium methylpentosum DSM 5476,12.5,[9.8 - 15.8],20.5,[18.3 - 22.9],12.9,[10.6 - 15.6],3.84
Acutalibacter_muris_GCA_948576935.1,Provencibacterium massiliense Marseille-P2780,12.6,[10.0 - 15.9],20.5,[18.3 - 22.9],13,[10.7 - 15.8],4.95
Acutalibacter_muris_GCF_948718065.1,Clostridium leptum DSM 753,12.6,[9.9 - 15.8],20.5,[18.3 - 22.9],13,[10.6 - 15.7],5.26
Acutalibacter_muris_GCA_948718065.1,Clostridium leptum DSM 753,12.6,[9.9 - 15.8],20.5,[18.3 - 22.9],13,[10.6 - 15.7],5.26
Acutalibacter_muris_GCA_949034105.1,Candidatus Heritagella caecorum Chicken12mag185,12.5,[9.9 - 15.8],20.5,[18.3 - 22.9],12.9,[10.6 - 15.7],0.05
Acutalibacter_muris_GCA_948576935.1,Rhodanobacter soli JCM16126,12.5,[9.8 - 15.7],20.5,[18.3 - 23.0],12.9,[10.6 - 15.6],11.69
Acutalibacter_muris_GCF_948580785.1,Candidatus Acutalibacter stercoravium ChiBcolR1-495,13.5,[10.7 - 16.8],20.5,[18.2 - 22.9],13.8,[11.4 - 16.6],4.14
Acutalibacter_muris_GCA_948718065.1,Vermiculatibacterium agrestimuris DSM 112226T,12.7,[10.0 - 16.0],20.4,[18.1 - 22.8],13.1,[10.8 - 15.9],5.05
Acutalibacter_muris_GCA_948800305.1,Neglectibacter timonensis SN17,12.9,[10.2 - 16.2],20.4,[18.2 - 22.8],13.3,[10.9 - 16.1],2.87
Acutalibacter_muris_GCF_002201475.1,Candidatus Acutalibacter stercoravium ChiBcolR1-495,13.4,[10.6 - 16.7],20.4,[18.2 - 22.9],13.7,[11.3 - 16.5],5.36
Acutalibacter_muris_GCA_002201475.1,Candidatus Acutalibacter stercoravium ChiBcolR1-495,13.4,[10.6 - 16.7],20.4,[18.2 - 22.9],13.7,[11.3 - 16.5],5.36
Acutalibacter_muris_GCA_016697365.1,Candidatus Acutalibacter stercoravium ChiBcolR1-495,13.4,[10.6 - 16.7],20.4,[18.2 - 22.9],13.7,[11.3 - 16.5],5.36
Acutalibacter_muris_GCA_948987775.1,Candidatus Acutalibacter stercoravium ChiBcolR1-495,13.5,[10.7 - 16.8],20.4,[18.2 - 22.8],13.8,[11.4 - 16.6],4.1
Acutalibacter_muris_GCF_948718065.1,Vermiculatibacterium agrestimuris DSM 112226T,12.7,[10.0 - 16.0],20.4,[18.1 - 22.8],13.1,[10.8 - 15.9],5.05
Acutalibacter_muris_GCA_948576935.1,Candidatus Acutalibacter stercorigallinarum ChiGjej2B2-2649,14.1,[11.3 - 17.5],20.4,[18.2 - 22.8],14.4,[11.9 - 17.2],8.77
Acutalibacter_muris_GCF_948800305.1,Neglectibacter timonensis SN17,12.9,[10.2 - 16.2],20.4,[18.2 - 22.8],13.3,[10.9 - 16.1],2.87
Acutalibacter_muris_GCF_016697365.1,Candidatus Acutalibacter stercoravium ChiBcolR1-495,13.4,[10.6 - 16.7],20.4,[18.2 - 22.9],13.7,[11.3 - 16.5],5.36
Acutalibacter_muris_GCF_948718065.1,Clostridium methylpentosum DSM 5476,12.5,[9.9 - 15.8],20.3,[18.1 - 22.7],12.9,[10.6 - 15.7],3.62
Acutalibacter_muris_GCF_016697365.1,Candidatus Heritagella caecorum Chicken12mag185,12.5,[9.9 - 15.8],20.3,[18.1 - 22.7],12.9,[10.6 - 15.7],0.06
Acutalibacter_muris_GCA_948718065.1,Candidatus Acutalibacter stercoravium ChiBcolR1-495,13.6,[10.8 - 16.9],20.3,[18.1 - 22.7],13.9,[11.5 - 16.7],4.56
Acutalibacter_muris_GCF_948803965.1,Candidatus Acutalibacter stercoravium ChiBcolR1-495,13.4,[10.7 - 16.7],20.3,[18.1 - 22.7],13.7,[11.3 - 16.5],4.35
Acutalibacter_muris_GCA_016697365.1,Candidatus Heritagella caecorum Chicken12mag185,12.5,[9.9 - 15.8],20.3,[18.1 - 22.7],12.9,[10.6 - 15.7],0.06
Acutalibacter_muris_GCA_948803965.1,Candidatus Acutalibacter stercoravium ChiBcolR1-495,13.4,[10.7 - 16.7],20.3,[18.1 - 22.7],13.7,[11.3 - 16.5],4.35
Acutalibacter_muris_GCF_002201475.1,Candidatus Heritagella caecorum Chicken12mag185,12.5,[9.9 - 15.8],20.3,[18.1 - 22.7],12.9,[10.6 - 15.7],0.06
Acutalibacter_muris_GCF_948718065.1,Candidatus Acutalibacter stercoravium ChiBcolR1-495,13.6,[10.8 - 16.9],20.3,[18.1 - 22.7],13.9,[11.5 - 16.7],4.56
Acutalibacter_muris_GCA_949034105.1,Candidatus Acutalibacter stercoravium ChiBcolR1-495,13.5,[10.8 - 16.9],20.3,[18.1 - 22.7],13.8,[11.4 - 16.6],5.46
Acutalibacter_muris_GCA_002201475.1,Candidatus Heritagella caecorum Chicken12mag185,12.5,[9.9 - 15.8],20.3,[18.1 - 22.7],12.9,[10.6 - 15.7],0.06
Acutalibacter_muris_GCA_948576935.1,Hominenteromicrobium mulieris CLA-­AA-­H250,12.7,[10.0 - 15.9],20.3,[18.0 - 22.7],13.1,[10.7 - 15.8],2.09
Acutalibacter_muris_GCA_948718065.1,Clostridium methylpentosum DSM 5476,12.5,[9.9 - 15.8],20.3,[18.1 - 22.7],12.9,[10.6 - 15.7],3.62
Acutalibacter_muris_GCA_948987775.1,Hominicoprocola fusiformis CLA-AA-H269,12.6,[9.9 - 15.8],20.2,[18.0 - 22.6],13,[10.6 - 15.7],0.19
Acutalibacter_muris_GCF_948580785.1,Neglectibacter timonensis SN17,12.8,[10.1 - 16.1],20.2,[18.0 - 22.6],13.2,[10.8 - 15.9],3.03
Acutalibacter_muris_GCA_949034105.1,Provencibacterium massiliense Marseille-P2780,12.6,[10.0 - 15.9],20.2,[18.0 - 22.6],13,[10.7 - 15.8],5.24
Acutalibacter_muris_GCA_948580785.1,Neglectibacter timonensis SN17,12.8,[10.1 - 16.1],20.2,[18.0 - 22.6],13.2,[10.8 - 15.9],3.03
Acutalibacter_muris_GCA_948564225.1,Candidatus Acutalibacter stercorigallinarum ChiGjej2B2-2649,14.2,[11.4 - 17.6],20.1,[17.9 - 22.5],14.4,[12.0 - 17.3],8.65
Acutalibacter_muris_GCA_948564225.1,Hominenteromicrobium mulieris CLA-­AA-­H250,12.7,[10.0 - 15.9],20.1,[17.9 - 22.5],13.1,[10.7 - 15.8],2.22
Acutalibacter_muris_GCA_949034105.1,Clostridium leptum DSM 753,12.6,[10.0 - 15.9],20.1,[17.9 - 22.5],13,[10.7 - 15.8],4.35
Acutalibacter_muris_GCF_948800305.1,Candidatus Acutalibacter stercoravium ChiBcolR1-495,13.6,[10.8 - 16.9],20.1,[17.9 - 22.5],13.8,[11.5 - 16.7],4.3
Acutalibacter_muris_GCF_948800305.1,Gehongia tenuis NSJ-53,12.6,[9.9 - 15.8],20.1,[17.9 - 22.5],13,[10.6 - 15.7],0.79
Acutalibacter_muris_GCA_948800305.1,Gehongia tenuis NSJ-53,12.6,[9.9 - 15.8],20.1,[17.9 - 22.5],13,[10.6 - 15.7],0.79
Acutalibacter_muris_GCA_948564225.1,Clostridium leptum DSM 753,12.6,[9.9 - 15.9],20.1,[17.9 - 22.5],13,[10.7 - 15.8],4.76
Acutalibacter_muris_GCA_948800305.1,Candidatus Acutalibacter stercoravium ChiBcolR1-495,13.6,[10.8 - 16.9],20.1,[17.9 - 22.5],13.8,[11.5 - 16.7],4.3
Acutalibacter_muris_GCA_949034105.1,Solibaculum intestinale CLA-JM-H44,12.7,[10.0 - 16.0],20.1,[17.9 - 22.5],13.1,[10.7 - 15.8],0.08
Acutalibacter_muris_GCA_948580785.1,Flintibacter muris DSM 110149T,12.7,[10.0 - 15.9],20,[17.8 - 22.4],13,[10.7 - 15.8],0.03
Acutalibacter_muris_GCF_948580785.1,Flintibacter muris DSM 110149T,12.7,[10.0 - 15.9],20,[17.8 - 22.4],13,[10.7 - 15.8],0.03
Acutalibacter_muris_GCA_948576935.1,Dysosmobacter acutus MSJ-2,12.6,[9.9 - 15.9],20,[17.8 - 22.4],13,[10.7 - 15.7],3.43
Acutalibacter_muris_GCA_948576935.1,Solibaculum intestinale CLA-JM-H44,12.7,[10.0 - 15.9],20,[17.7 - 22.4],13.1,[10.7 - 15.8],0.2
Acutalibacter_muris_GCA_949034105.1,Neglectibacter timonensis SN17,12.9,[10.2 - 16.2],20,[17.8 - 22.4],13.2,[10.9 - 16.0],1.7
Acutalibacter_muris_GCA_948800305.1,Provencibacterium massiliense Marseille-P2780,12.6,[9.9 - 15.9],19.9,[17.7 - 22.3],13,[10.7 - 15.8],4.07
Acutalibacter_muris_GCA_948564225.1,Provencibacterium massiliense Marseille-P2780,12.6,[9.9 - 15.9],19.9,[17.7 - 22.3],13,[10.7 - 15.8],4.83
Acutalibacter_muris_GCA_016697365.1,Candidatus Acutalibacter stercorigallinarum ChiGjej2B2-2649,14.3,[11.5 - 17.7],19.9,[17.7 - 22.3],14.5,[12.1 - 17.3],8.95
Acutalibacter_muris_GCA_948803965.1,Neglectibacter timonensis SN17,12.8,[10.1 - 16.1],19.9,[17.7 - 22.3],13.2,[10.8 - 15.9],2.82
Acutalibacter_muris_GCA_002201475.1,Candidatus Acutalibacter stercorigallinarum ChiGjej2B2-2649,14.3,[11.5 - 17.7],19.9,[17.7 - 22.3],14.5,[12.1 - 17.3],8.95
Acutalibacter_muris_GCF_002201475.1,Candidatus Acutalibacter stercorigallinarum ChiGjej2B2-2649,14.3,[11.5 - 17.7],19.9,[17.7 - 22.3],14.5,[12.1 - 17.3],8.95
Acutalibacter_muris_GCF_948803965.1,Neglectibacter timonensis SN17,12.8,[10.1 - 16.1],19.9,[17.7 - 22.3],13.2,[10.8 - 15.9],2.82
Acutalibacter_muris_GCF_948800305.1,Provencibacterium massiliense Marseille-P2780,12.6,[9.9 - 15.9],19.9,[17.7 - 22.3],13,[10.7 - 15.8],4.07
Acutalibacter_muris_GCF_016697365.1,Candidatus Acutalibacter stercorigallinarum ChiGjej2B2-2649,14.3,[11.5 - 17.7],19.9,[17.7 - 22.3],14.5,[12.1 - 17.3],8.95
Acutalibacter_muris_GCF_948718065.1,Neglectibacter timonensis SN17,12.9,[10.2 - 16.2],19.8,[17.6 - 22.2],13.2,[10.9 - 16.0],2.6
Acutalibacter_muris_GCA_948803965.1,Candidatus Acutalibacter stercorigallinarum ChiGjej2B2-2649,14.6,[11.7 - 18.0],19.8,[17.6 - 22.2],14.8,[12.3 - 17.6],7.94
Acutalibacter_muris_GCA_948987775.1,Zongyangia hominis NSJ-54,12.7,[10.0 - 15.9],19.8,[17.6 - 22.2],13.1,[10.7 - 15.8],0.49
Acutalibacter_muris_GCA_948718065.1,Neglectibacter timonensis SN17,12.9,[10.2 - 16.2],19.8,[17.6 - 22.2],13.2,[10.9 - 16.0],2.6
Acutalibacter_muris_GCF_948580785.1,Gehongia tenuis NSJ-53,12.5,[9.8 - 15.8],19.8,[17.6 - 22.2],12.9,[10.6 - 15.6],0.63
Acutalibacter_muris_GCA_948987775.1,Neglectibacter timonensis SN17,12.8,[10.1 - 16.1],19.8,[17.6 - 22.3],13.2,[10.8 - 15.9],3.06
Acutalibacter_muris_GCA_948576935.1,Caproicibacter fermentans DSM 107079 T,12.5,[9.9 - 15.8],19.8,[17.6 - 22.2],12.9,[10.6 - 15.7],3.6
Acutalibacter_muris_GCF_948803965.1,Candidatus Acutalibacter stercorigallinarum ChiGjej2B2-2649,14.6,[11.7 - 18.0],19.8,[17.6 - 22.2],14.8,[12.3 - 17.6],7.94
Acutalibacter_muris_GCA_948580785.1,Gehongia tenuis NSJ-53,12.5,[9.8 - 15.8],19.8,[17.6 - 22.2],12.9,[10.6 - 15.6],0.63
Acutalibacter_muris_GCA_948987775.1,Candidatus Acutalibacter stercorigallinarum ChiGjej2B2-2649,14.5,[11.7 - 17.9],19.8,[17.6 - 22.3],14.7,[12.2 - 17.5],7.7
Acutalibacter_muris_GCA_949034105.1,Caproicibacter fermentans DSM 107079 T,12.5,[9.9 - 15.8],19.8,[17.6 - 22.2],12.9,[10.6 - 15.7],3.31
Acutalibacter_muris_GCA_948576935.1,Vermiculatibacterium agrestimuris DSM 112226T,12.7,[10.0 - 15.9],19.7,[17.5 - 22.2],13.1,[10.7 - 15.8],5.67
Acutalibacter_muris_GCA_948800305.1,Clostridium methylpentosum DSM 5476,12.5,[9.9 - 15.8],19.7,[17.5 - 22.1],12.9,[10.6 - 15.7],3.89
Acutalibacter_muris_GCF_948580785.1,Candidatus Acutalibacter stercorigallinarum ChiGjej2B2-2649,14.6,[11.8 - 18.0],19.7,[17.5 - 22.1],14.8,[12.3 - 17.6],7.73
Acutalibacter_muris_GCF_948800305.1,Candidatus Acutalibacter stercorigallinarum ChiGjej2B2-2649,14.7,[11.8 - 18.1],19.7,[17.5 - 22.1],14.8,[12.4 - 17.7],7.89
Acutalibacter_muris_GCF_948800305.1,Clostridium methylpentosum DSM 5476,12.5,[9.9 - 15.8],19.7,[17.5 - 22.1],12.9,[10.6 - 15.7],3.89
Acutalibacter_muris_GCA_949034105.1,Dysosmobacter acutus MSJ-2,12.6,[10.0 - 15.9],19.7,[17.5 - 22.1],13,[10.7 - 15.8],3.72
Acutalibacter_muris_GCA_948800305.1,Candidatus Acutalibacter stercorigallinarum ChiGjej2B2-2649,14.7,[11.8 - 18.1],19.7,[17.5 - 22.1],14.8,[12.4 - 17.7],7.89
Acutalibacter_muris_GCA_948580785.1,Candidatus Acutalibacter stercorigallinarum ChiGjej2B2-2649,14.6,[11.8 - 18.0],19.7,[17.5 - 22.1],14.8,[12.3 - 17.6],7.73
Acutalibacter_muris_GCA_948564225.1,Faecalispora jeddahensis JCD,12.5,[9.9 - 15.8],19.6,[17.4 - 22.0],12.9,[10.6 - 15.7],3.09
Acutalibacter_muris_GCF_948803965.1,Schaedlerella arabinosiphila DSM 106076T,12.5,[9.8 - 15.8],19.6,[17.4 - 22.0],12.9,[10.6 - 15.6],7.72
Acutalibacter_muris_GCA_948580785.1,Faecalispora sporosphaeroides DSM 1294,12.5,[9.9 - 15.8],19.6,[17.4 - 22.0],12.9,[10.6 - 15.7],2.31
Acutalibacter_muris_GCA_948718065.1,Candidatus Acutalibacter stercorigallinarum ChiGjej2B2-2649,14.6,[11.7 - 18.0],19.6,[17.4 - 22.0],14.7,[12.3 - 17.6],8.16
Acutalibacter_muris_GCA_949034105.1,Candidatus Acutalibacter stercorigallinarum ChiGjej2B2-2649,14.5,[11.7 - 17.9],19.6,[17.4 - 22.0],14.7,[12.2 - 17.5],9.06
Acutalibacter_muris_GCA_948803965.1,Schaedlerella arabinosiphila DSM 106076T,12.5,[9.8 - 15.8],19.6,[17.4 - 22.0],12.9,[10.6 - 15.6],7.72
Acutalibacter_muris_GCF_948580785.1,Faecalispora sporosphaeroides DSM 1294,12.5,[9.9 - 15.8],19.6,[17.4 - 22.0],12.9,[10.6 - 15.7],2.31
Acutalibacter_muris_GCA_949034105.1,Faecalispora jeddahensis JCD,12.5,[9.9 - 15.8],19.6,[17.5 - 22.0],12.9,[10.6 - 15.7],2.68
Acutalibacter_muris_GCF_948718065.1,Candidatus Acutalibacter stercorigallinarum ChiGjej2B2-2649,14.6,[11.7 - 18.0],19.6,[17.4 - 22.0],14.7,[12.3 - 17.6],8.16
Acutalibacter_muris_GCA_948580785.1,Faecalispora jeddahensis JCD,12.5,[9.9 - 15.8],19.5,[17.4 - 21.9],12.9,[10.6 - 15.7],4
Acutalibacter_muris_GCA_002201475.1,Halomonas subterranea CGMCC 1.6495,12.5,[9.8 - 15.7],19.5,[17.3 - 21.9],12.9,[10.6 - 15.6],3.33
Acutalibacter_muris_GCF_016697365.1,Rhodanobacter soli JCM16126,12.5,[9.8 - 15.8],19.5,[17.3 - 21.9],12.9,[10.6 - 15.7],11.87
Acutalibacter_muris_GCA_002201475.1,Rhodanobacter soli JCM16126,12.5,[9.8 - 15.8],19.5,[17.3 - 21.9],12.9,[10.6 - 15.7],11.87
Acutalibacter_muris_GCA_016697365.1,Halomonas subterranea CGMCC 1.6495,12.5,[9.8 - 15.7],19.5,[17.3 - 21.9],12.9,[10.6 - 15.6],3.33
Acutalibacter_muris_GCF_948580785.1,Faecalispora jeddahensis JCD,12.5,[9.9 - 15.8],19.5,[17.4 - 21.9],12.9,[10.6 - 15.7],4
Acutalibacter_muris_GCF_002201475.1,Rhodanobacter soli JCM16126,12.5,[9.8 - 15.8],19.5,[17.3 - 21.9],12.9,[10.6 - 15.7],11.87
Acutalibacter_muris_GCA_016697365.1,Rhodanobacter soli JCM16126,12.5,[9.8 - 15.8],19.5,[17.3 - 21.9],12.9,[10.6 - 15.7],11.87
Acutalibacter_muris_GCA_948564225.1,Vermiculatibacterium agrestimuris DSM 112226T,12.7,[10.0 - 15.9],19.5,[17.4 - 21.9],13.1,[10.7 - 15.8],5.54
Acutalibacter_muris_GCF_002201475.1,Halomonas subterranea CGMCC 1.6495,12.5,[9.8 - 15.7],19.5,[17.3 - 21.9],12.9,[10.6 - 15.6],3.33
Acutalibacter_muris_GCF_016697365.1,Halomonas subterranea CGMCC 1.6495,12.5,[9.8 - 15.7],19.5,[17.3 - 21.9],12.9,[10.6 - 15.6],3.33
Acutalibacter_muris_GCA_948576935.1,Scatolibacter rhodanostii Marseille-P3890,12.6,[9.9 - 15.8],19.4,[17.2 - 21.8],13,[10.6 - 15.7],15.02
Acutalibacter_muris_GCA_948576935.1,Halomonas subterranea CGMCC 1.6495,12.5,[9.8 - 15.7],19.4,[17.2 - 21.8],12.9,[10.6 - 15.6],3.14
Acutalibacter_muris_GCA_949034105.1,Faecalispora sporosphaeroides DSM 1294,12.6,[9.9 - 15.8],19.4,[17.2 - 21.7],13,[10.6 - 15.7],0.98
Acutalibacter_muris_GCF_948580785.1,Clostridium leptum DSM 753,12.6,[9.9 - 15.8],19.3,[17.1 - 21.7],13,[10.6 - 15.7],5.68
Acutalibacter_muris_GCA_016697365.1,Brachybacterium atlanticum PhyBa CO2 2,12.5,[9.8 - 15.8],19.3,[17.1 - 21.7],12.9,[10.6 - 15.7],17.52
Acutalibacter_muris_GCF_016697365.1,Brachybacterium atlanticum PhyBa CO2 2,12.5,[9.8 - 15.8],19.3,[17.1 - 21.7],12.9,[10.6 - 15.7],17.52
Acutalibacter_muris_GCA_948800305.1,Faecalispora jeddahensis JCD,12.5,[9.9 - 15.8],19.3,[17.1 - 21.6],12.9,[10.6 - 15.7],3.84
Acutalibacter_muris_GCA_948800305.1,Clostridium leptum DSM 753,12.6,[9.9 - 15.8],19.3,[17.1 - 21.7],13,[10.6 - 15.7],5.52
Acutalibacter_muris_GCF_948580785.1,Candidatus Heritagella caecorum Chicken12mag185,12.5,[9.9 - 15.8],19.3,[17.2 - 21.7],12.9,[10.6 - 15.7],1.28
Acutalibacter_muris_GCA_002201475.1,Brachybacterium atlanticum PhyBa CO2 2,12.5,[9.8 - 15.8],19.3,[17.1 - 21.7],12.9,[10.6 - 15.7],17.52
Acutalibacter_muris_GCA_948580785.1,Candidatus Heritagella caecorum Chicken12mag185,12.5,[9.9 - 15.8],19.3,[17.2 - 21.7],12.9,[10.6 - 15.7],1.28
Acutalibacter_muris_GCF_948800305.1,Clostridium leptum DSM 753,12.6,[9.9 - 15.8],19.3,[17.1 - 21.7],13,[10.6 - 15.7],5.52
Acutalibacter_muris_GCA_948580785.1,Clostridium leptum DSM 753,12.6,[9.9 - 15.8],19.3,[17.1 - 21.7],13,[10.6 - 15.7],5.68
Acutalibacter_muris_GCF_948718065.1,Faecalispora sporosphaeroides DSM 1294,12.6,[9.9 - 15.8],19.3,[17.1 - 21.7],13,[10.6 - 15.7],1.88
Acutalibacter_muris_GCF_002201475.1,Brachybacterium atlanticum PhyBa CO2 2,12.5,[9.8 - 15.8],19.3,[17.1 - 21.7],12.9,[10.6 - 15.7],17.52
Acutalibacter_muris_GCA_948718065.1,Faecalispora sporosphaeroides DSM 1294,12.6,[9.9 - 15.8],19.3,[17.1 - 21.7],13,[10.6 - 15.7],1.88
Acutalibacter_muris_GCA_948576935.1,Candidatus Heritagella caecorum Chicken12mag185,12.5,[9.9 - 15.8],19.3,[17.1 - 21.6],12.9,[10.6 - 15.7],0.24
Acutalibacter_muris_GCF_948800305.1,Faecalispora jeddahensis JCD,12.5,[9.9 - 15.8],19.3,[17.1 - 21.6],12.9,[10.6 - 15.7],3.84
Acutalibacter_muris_GCA_948987775.1,Clostridium leptum DSM 753,12.6,[9.9 - 15.8],19.2,[17.0 - 21.6],13,[10.6 - 15.7],5.71
Acutalibacter_muris_GCA_948800305.1,Candidatus Heritagella caecorum Chicken12mag185,12.5,[9.9 - 15.8],19.2,[17.0 - 21.6],12.9,[10.6 - 15.7],1.12
Acutalibacter_muris_GCA_948564225.1,Solibaculum intestinale CLA-JM-H44,12.6,[10.0 - 15.9],19.2,[17.1 - 21.6],13,[10.7 - 15.8],0.33
Acutalibacter_muris_GCF_948800305.1,Candidatus Heritagella caecorum Chicken12mag185,12.5,[9.9 - 15.8],19.2,[17.0 - 21.6],12.9,[10.6 - 15.7],1.12
Acutalibacter_muris_GCA_948576935.1,Zongyangia hominis NSJ-54,12.7,[10.0 - 16.0],19.2,[17.0 - 21.6],13.1,[10.8 - 15.8],1.56
Acutalibacter_muris_GCA_948987775.1,Clostridium methylpentosum DSM 5476,12.5,[9.9 - 15.8],19.2,[17.0 - 21.6],12.9,[10.6 - 15.7],4.08
Acutalibacter_muris_GCA_949034105.1,Candidatus Intestinimonas pullistercoris CHK186-1790,12.5,[9.9 - 15.8],19.1,[17.0 - 21.5],12.9,[10.6 - 15.7],10.43
Acutalibacter_muris_GCF_948800305.1,Solibaculum intestinale CLA-JM-H44,12.6,[10.0 - 15.9],19.1,[16.9 - 21.5],13,[10.7 - 15.8],1.08
Acutalibacter_muris_GCA_948800305.1,Solibaculum intestinale CLA-JM-H44,12.6,[10.0 - 15.9],19.1,[16.9 - 21.5],13,[10.7 - 15.8],1.08
Acutalibacter_muris_GCF_016697365.1,Candidatus Avimicrobium faecavium Chicken15mag135,12.6,[10.0 - 15.9],19,[16.8 - 21.4],13,[10.7 - 15.8],7.4
Acutalibacter_muris_GCA_948576935.1,Caproiciproducens galactitolivorans JCM 30532,12.6,[9.9 - 15.8],19,[16.8 - 21.4],13,[10.6 - 15.7],6.73
Acutalibacter_muris_GCA_948803965.1,Acetatifactor aquisgranensis DSM110981T,12.5,[9.9 - 15.8],19,[16.8 - 21.4],12.9,[10.6 - 15.7],4.48
Acutalibacter_muris_GCA_948987775.1,Faecalispora jeddahensis JCD,12.5,[9.9 - 15.8],19,[16.8 - 21.4],12.9,[10.6 - 15.7],4.03
Acutalibacter_muris_GCA_002201475.1,Candidatus Avimicrobium faecavium Chicken15mag135,12.6,[10.0 - 15.9],19,[16.8 - 21.4],13,[10.7 - 15.8],7.4
Acutalibacter_muris_GCF_948803965.1,Acetatifactor aquisgranensis DSM110981T,12.5,[9.9 - 15.8],19,[16.8 - 21.4],12.9,[10.6 - 15.7],4.48
Acutalibacter_muris_GCF_002201475.1,Candidatus Avimicrobium faecavium Chicken15mag135,12.6,[10.0 - 15.9],19,[16.8 - 21.4],13,[10.7 - 15.8],7.4
Acutalibacter_muris_GCA_948580785.1,Ruthenibacterium intestinale CLA-JM-H11,12.5,[9.9 - 15.8],19,[16.8 - 21.3],12.9,[10.6 - 15.7],1.17
Acutalibacter_muris_GCA_016697365.1,Candidatus Avimicrobium faecavium Chicken15mag135,12.6,[10.0 - 15.9],19,[16.8 - 21.4],13,[10.7 - 15.8],7.4
Acutalibacter_muris_GCF_948580785.1,Ruthenibacterium intestinale CLA-JM-H11,12.5,[9.9 - 15.8],19,[16.8 - 21.3],12.9,[10.6 - 15.7],1.17
Acutalibacter_muris_GCA_016697365.1,Scatolibacter rhodanostii Marseille-P3890,12.7,[10.0 - 15.9],18.9,[16.7 - 21.2],13,[10.7 - 15.8],14.84
Acutalibacter_muris_GCF_002201475.1,Scatolibacter rhodanostii Marseille-P3890,12.7,[10.0 - 15.9],18.9,[16.7 - 21.2],13,[10.7 - 15.8],14.84
Acutalibacter_muris_GCA_949034105.1,Caproiciproducens galactitolivorans JCM 30532,12.5,[9.9 - 15.8],18.9,[16.7 - 21.3],12.9,[10.6 - 15.7],6.44
Acutalibacter_muris_GCA_948718065.1,Faecalispora jeddahensis JCD,12.5,[9.9 - 15.8],18.9,[16.8 - 21.3],12.9,[10.6 - 15.7],3.58
Acutalibacter_muris_GCF_948800305.1,Brachybacterium atlanticum PhyBa CO2 2,12.5,[9.8 - 15.7],18.9,[16.8 - 21.3],12.9,[10.6 - 15.6],16.46
Acutalibacter_muris_GCF_016697365.1,Scatolibacter rhodanostii Marseille-P3890,12.7,[10.0 - 15.9],18.9,[16.7 - 21.2],13,[10.7 - 15.8],14.84
Acutalibacter_muris_GCA_948800305.1,Vermiculatibacterium agrestimuris DSM 112226T,12.7,[10.0 - 15.9],18.9,[16.8 - 21.3],13.1,[10.7 - 15.8],4.79
Acutalibacter_muris_GCA_948564225.1,Brachybacterium atlanticum PhyBa CO2 2,12.5,[9.8 - 15.7],18.9,[16.8 - 21.3],12.9,[10.6 - 15.6],17.22
Acutalibacter_muris_GCF_948718065.1,Faecalispora jeddahensis JCD,12.5,[9.9 - 15.8],18.9,[16.8 - 21.3],12.9,[10.6 - 15.7],3.58
Acutalibacter_muris_GCA_002201475.1,Scatolibacter rhodanostii Marseille-P3890,12.7,[10.0 - 15.9],18.9,[16.7 - 21.2],13,[10.7 - 15.8],14.84
Acutalibacter_muris_GCF_948800305.1,Vermiculatibacterium agrestimuris DSM 112226T,12.7,[10.0 - 15.9],18.9,[16.8 - 21.3],13.1,[10.7 - 15.8],4.79
Acutalibacter_muris_GCF_948803965.1,Brachybacterium atlanticum PhyBa CO2 2,12.5,[9.8 - 15.7],18.9,[16.8 - 21.3],12.9,[10.6 - 15.6],16.51
Acutalibacter_muris_GCA_948576935.1,Anaeromassilibacillus senegalensis mt9,12.6,[9.9 - 15.8],18.9,[16.7 - 21.3],13,[10.6 - 15.7],1.9
Acutalibacter_muris_GCA_948803965.1,Brachybacterium atlanticum PhyBa CO2 2,12.5,[9.8 - 15.7],18.9,[16.8 - 21.3],12.9,[10.6 - 15.6],16.51
Acutalibacter_muris_GCA_948800305.1,Brachybacterium atlanticum PhyBa CO2 2,12.5,[9.8 - 15.7],18.9,[16.8 - 21.3],12.9,[10.6 - 15.6],16.46
Acutalibacter_muris_GCA_948580785.1,Hominicoprocola fusiformis CLA-AA-H269,12.5,[9.9 - 15.8],18.8,[16.6 - 21.2],12.9,[10.6 - 15.7],0.16
Acutalibacter_muris_GCF_948580785.1,Hominicoprocola fusiformis CLA-AA-H269,12.5,[9.9 - 15.8],18.8,[16.6 - 21.2],12.9,[10.6 - 15.7],0.16
Acutalibacter_muris_GCA_948803965.1,Ruthenibacterium intestinale CLA-JM-H11,12.5,[9.9 - 15.8],18.8,[16.6 - 21.2],12.9,[10.6 - 15.7],0.96
Acutalibacter_muris_GCF_948803965.1,Clostridium leptum DSM 753,12.6,[9.9 - 15.8],18.8,[16.6 - 21.2],13,[10.6 - 15.7],5.47
Acutalibacter_muris_GCF_948803965.1,Anaeromassilibacillus senegalensis mt9,12.5,[9.9 - 15.8],18.8,[16.6 - 21.2],12.9,[10.6 - 15.7],2.73
Acutalibacter_muris_GCF_948803965.1,Ruthenibacterium intestinale CLA-JM-H11,12.5,[9.9 - 15.8],18.8,[16.6 - 21.2],12.9,[10.6 - 15.7],0.96
Acutalibacter_muris_GCA_949034105.1,Zongyangia hominis NSJ-54,12.7,[10.0 - 15.9],18.8,[16.6 - 21.2],13.1,[10.7 - 15.8],1.85
Acutalibacter_muris_GCA_948803965.1,Clostridium leptum DSM 753,12.6,[9.9 - 15.8],18.8,[16.6 - 21.2],13,[10.6 - 15.7],5.47
Acutalibacter_muris_GCA_948803965.1,Anaeromassilibacillus senegalensis mt9,12.5,[9.9 - 15.8],18.8,[16.6 - 21.2],12.9,[10.6 - 15.7],2.73
Acutalibacter_muris_GCA_948800305.1,Candidatus Intestinimonas pullistercoris CHK186-1790,12.5,[9.9 - 15.8],18.7,[16.6 - 21.1],12.9,[10.6 - 15.7],9.26
Acutalibacter_muris_GCF_948718065.1,Ruthenibacterium intestinale CLA-JM-H11,12.6,[9.9 - 15.8],18.7,[16.5 - 21.1],13,[10.6 - 15.7],0.74
Acutalibacter_muris_GCA_948987775.1,Candidatus Intestinimonas pullistercoris CHK186-1790,12.5,[9.9 - 15.8],18.7,[16.5 - 21.0],12.9,[10.6 - 15.7],9.07
Acutalibacter_muris_GCA_016697365.1,Streptomyces acididurans KK5PA1,12.5,[9.8 - 15.8],18.7,[16.6 - 21.1],12.9,[10.6 - 15.6],17.68
Acutalibacter_muris_GCA_948987775.1,Candidatus Heritagella caecorum Chicken12mag185,12.5,[9.9 - 15.8],18.7,[16.6 - 21.1],12.9,[10.6 - 15.7],1.31
Acutalibacter_muris_GCA_002201475.1,Streptomyces acididurans KK5PA1,12.5,[9.8 - 15.8],18.7,[16.6 - 21.1],12.9,[10.6 - 15.6],17.68
Acutalibacter_muris_GCA_948718065.1,Dysosmobacter acutus MSJ-2,12.6,[9.9 - 15.9],18.7,[16.6 - 21.1],13,[10.7 - 15.8],2.81
Acutalibacter_muris_GCA_948803965.1,Hominicoprocola fusiformis CLA-AA-H269,12.5,[9.9 - 15.8],18.7,[16.6 - 21.1],12.9,[10.6 - 15.7],0.05
Acutalibacter_muris_GCF_002201475.1,Streptomyces acididurans KK5PA1,12.5,[9.8 - 15.8],18.7,[16.6 - 21.1],12.9,[10.6 - 15.6],17.68
Acutalibacter_muris_GCF_948718065.1,Dysosmobacter acutus MSJ-2,12.6,[9.9 - 15.9],18.7,[16.6 - 21.1],13,[10.7 - 15.8],2.81
Acutalibacter_muris_GCA_948564225.1,Candidatus Heritagella caecorum Chicken12mag185,12.5,[9.9 - 15.8],18.7,[16.5 - 21.1],12.9,[10.6 - 15.7],0.36
Acutalibacter_muris_GCF_948803965.1,Hominicoprocola fusiformis CLA-AA-H269,12.5,[9.9 - 15.8],18.7,[16.6 - 21.1],12.9,[10.6 - 15.7],0.05
Acutalibacter_muris_GCF_016697365.1,Streptomyces acididurans KK5PA1,12.5,[9.8 - 15.8],18.7,[16.6 - 21.1],12.9,[10.6 - 15.6],17.68
Acutalibacter_muris_GCA_948718065.1,Ruthenibacterium intestinale CLA-JM-H11,12.6,[9.9 - 15.8],18.7,[16.5 - 21.1],13,[10.6 - 15.7],0.74
Acutalibacter_muris_GCF_948800305.1,Candidatus Intestinimonas pullistercoris CHK186-1790,12.5,[9.9 - 15.8],18.7,[16.6 - 21.1],12.9,[10.6 - 15.7],9.26
Acutalibacter_muris_GCA_948564225.1,Caproicibacter fermentans DSM 107079 T,12.5,[9.9 - 15.8],18.6,[16.5 - 21.0],12.9,[10.6 - 15.7],3.72
Acutalibacter_muris_GCF_948803965.1,Faecalispora jeddahensis JCD,12.5,[9.9 - 15.8],18.6,[16.4 - 20.9],12.9,[10.6 - 15.7],3.79
Acutalibacter_muris_GCA_948803965.1,Faecalispora jeddahensis JCD,12.5,[9.9 - 15.8],18.6,[16.4 - 20.9],12.9,[10.6 - 15.7],3.79
Acutalibacter_muris_GCA_948987775.1,Anaeromassilibacillus senegalensis mt9,12.6,[9.9 - 15.8],18.6,[16.5 - 21.0],13,[10.6 - 15.7],2.97
Acutalibacter_muris_GCF_948800305.1,Anaeromassilibacillus senegalensis mt9,12.6,[9.9 - 15.8],18.6,[16.5 - 21.0],13,[10.6 - 15.7],2.78
Acutalibacter_muris_GCA_948800305.1,Anaeromassilibacillus senegalensis mt9,12.6,[9.9 - 15.8],18.6,[16.5 - 21.0],13,[10.6 - 15.7],2.78
Acutalibacter_muris_GCA_948564225.1,Anaeromassilibacillus senegalensis mt9,12.5,[9.9 - 15.8],18.6,[16.4 - 20.9],12.9,[10.6 - 15.7],2.02
Acutalibacter_muris_GCF_948800305.1,Caproiciproducens galactitolivorans JCM 30532,12.5,[9.9 - 15.8],18.5,[16.3 - 20.9],12.9,[10.6 - 15.7],7.61
Acutalibacter_muris_GCA_948800305.1,Caproiciproducens galactitolivorans JCM 30532,12.5,[9.9 - 15.8],18.5,[16.3 - 20.9],12.9,[10.6 - 15.7],7.61
Acutalibacter_muris_GCA_949034105.1,Anaeromassilibacillus senegalensis mt9,12.6,[9.9 - 15.8],18.5,[16.4 - 20.9],13,[10.6 - 15.7],1.61
Acutalibacter_muris_GCF_948800305.1,Faecalispora sporosphaeroides DSM 1294,12.6,[9.9 - 15.8],18.4,[16.2 - 20.7],13,[10.6 - 15.7],2.15
Acutalibacter_muris_GCA_948800305.1,Faecalispora sporosphaeroides DSM 1294,12.6,[9.9 - 15.8],18.4,[16.2 - 20.7],13,[10.6 - 15.7],2.15
Acutalibacter_muris_GCA_948800305.1,Candidatus Flavonifractor intestinigallinarum CHK192-8294,12.6,[9.9 - 15.9],18.4,[16.2 - 20.7],13,[10.7 - 15.8],6.16
Acutalibacter_muris_GCF_948800305.1,Candidatus Flavonifractor intestinigallinarum CHK192-8294,12.6,[9.9 - 15.9],18.4,[16.2 - 20.7],13,[10.7 - 15.8],6.16
Acutalibacter_muris_GCF_948718065.1,Provencibacterium massiliense Marseille-P2780,12.6,[9.9 - 15.8],18.3,[16.1 - 20.6],13,[10.7 - 15.7],4.33
Acutalibacter_muris_GCA_948576935.1,Candidatus Intestinimonas stercoravium ChiBcolR2-622,12.6,[9.9 - 15.9],18.3,[16.1 - 20.6],13,[10.7 - 15.8],10.55
Acutalibacter_muris_GCF_002201475.1,Candidatus Intestinimonas pullistercoris CHK186-1790,12.5,[9.9 - 15.8],18.3,[16.1 - 20.7],12.9,[10.6 - 15.7],10.32
Acutalibacter_muris_GCA_948718065.1,Provencibacterium massiliense Marseille-P2780,12.6,[9.9 - 15.8],18.3,[16.1 - 20.6],13,[10.7 - 15.7],4.33
Acutalibacter_muris_GCF_016697365.1,Candidatus Intestinimonas pullistercoris CHK186-1790,12.5,[9.9 - 15.8],18.3,[16.1 - 20.7],12.9,[10.6 - 15.7],10.32
Acutalibacter_muris_GCA_016697365.1,Candidatus Intestinimonas pullistercoris CHK186-1790,12.5,[9.9 - 15.8],18.3,[16.1 - 20.7],12.9,[10.6 - 15.7],10.32
Acutalibacter_muris_GCA_948803965.1,Provencibacterium massiliense Marseille-P2780,12.6,[9.9 - 15.8],18.3,[16.1 - 20.6],13,[10.7 - 15.7],4.12
Acutalibacter_muris_GCA_002201475.1,Candidatus Intestinimonas pullistercoris CHK186-1790,12.5,[9.9 - 15.8],18.3,[16.1 - 20.7],12.9,[10.6 - 15.7],10.32
Acutalibacter_muris_GCF_948803965.1,Provencibacterium massiliense Marseille-P2780,12.6,[9.9 - 15.8],18.3,[16.1 - 20.6],13,[10.7 - 15.7],4.12
Acutalibacter_muris_GCA_948564225.1,Zongyangia hominis NSJ-54,12.7,[10.0 - 15.9],18.3,[16.2 - 20.7],13.1,[10.7 - 15.8],1.44
Acutalibacter_muris_GCA_948987775.1,Provencibacterium massiliense Marseille-P2780,12.6,[9.9 - 15.9],18.3,[16.1 - 20.6],13,[10.7 - 15.8],3.88
Acutalibacter_muris_GCF_948580785.1,Anaeromassilibacillus senegalensis mt9,12.5,[9.9 - 15.8],18.2,[16.1 - 20.6],12.9,[10.6 - 15.7],2.94
Acutalibacter_muris_GCF_948580785.1,Caproicibacter fermentans DSM 107079 T,12.5,[9.8 - 15.8],18.2,[16.0 - 20.5],12.9,[10.6 - 15.7],4.64
Acutalibacter_muris_GCA_948580785.1,Anaeromassilibacillus senegalensis mt9,12.5,[9.9 - 15.8],18.2,[16.1 - 20.6],12.9,[10.6 - 15.7],2.94
Acutalibacter_muris_GCA_948580785.1,Caproicibacter fermentans DSM 107079 T,12.5,[9.8 - 15.8],18.2,[16.0 - 20.5],12.9,[10.6 - 15.7],4.64
Acutalibacter_muris_GCA_948987775.1,Candidatus Flavonifractor intestinigallinarum CHK192-8294,12.6,[9.9 - 15.9],18.2,[16.1 - 20.6],13,[10.7 - 15.8],5.97
Acutalibacter_muris_GCF_948800305.1,Caproicibacter fermentans DSM 107079 T,12.5,[9.8 - 15.8],18.1,[16.0 - 20.5],12.9,[10.6 - 15.7],4.48
Acutalibacter_muris_GCF_948580785.1,Candidatus Avimicrobium faecavium Chicken15mag135,12.6,[9.9 - 15.9],18.1,[16.0 - 20.5],13,[10.7 - 15.7],6.18
Acutalibacter_muris_GCF_948718065.1,Anaeromassilibacillus senegalensis mt9,12.6,[9.9 - 15.8],18.1,[15.9 - 20.4],13,[10.6 - 15.7],2.51
Acutalibacter_muris_GCA_948803965.1,Candidatus Heritagella caecorum Chicken12mag185,12.5,[9.9 - 15.8],18.1,[15.9 - 20.4],12.9,[10.6 - 15.7],1.07
Acutalibacter_muris_GCF_948803965.1,Candidatus Flavonifractor intestinigallinarum CHK192-8294,12.6,[9.9 - 15.8],18.1,[15.9 - 20.4],13,[10.6 - 15.7],6.21
Acutalibacter_muris_GCA_948580785.1,Candidatus Avimicrobium faecavium Chicken15mag135,12.6,[9.9 - 15.9],18.1,[16.0 - 20.5],13,[10.7 - 15.7],6.18
Acutalibacter_muris_GCF_948718065.1,Candidatus Flavonifractor intestinigallinarum CHK192-8294,12.6,[10.0 - 15.9],18.1,[15.9 - 20.4],13,[10.7 - 15.8],6.43
Acutalibacter_muris_GCA_948800305.1,Caproicibacter fermentans DSM 107079 T,12.5,[9.8 - 15.8],18.1,[16.0 - 20.5],12.9,[10.6 - 15.7],4.48
Acutalibacter_muris_GCF_948718065.1,Solibaculum intestinale CLA-JM-H44,12.6,[10.0 - 15.9],18.1,[16.0 - 20.5],13,[10.7 - 15.8],0.82
Acutalibacter_muris_GCA_948718065.1,Candidatus Flavonifractor intestinigallinarum CHK192-8294,12.6,[10.0 - 15.9],18.1,[15.9 - 20.4],13,[10.7 - 15.8],6.43
Acutalibacter_muris_GCF_948803965.1,Faecalispora sporosphaeroides DSM 1294,12.6,[9.9 - 15.8],18.1,[16.0 - 20.5],13,[10.6 - 15.7],2.1
Acutalibacter_muris_GCA_948803965.1,Faecalispora sporosphaeroides DSM 1294,12.6,[9.9 - 15.8],18.1,[16.0 - 20.5],13,[10.6 - 15.7],2.1
Acutalibacter_muris_GCA_948718065.1,Solibaculum intestinale CLA-JM-H44,12.6,[10.0 - 15.9],18.1,[16.0 - 20.5],13,[10.7 - 15.8],0.82
Acutalibacter_muris_GCA_948803965.1,Candidatus Flavonifractor intestinigallinarum CHK192-8294,12.6,[9.9 - 15.8],18.1,[15.9 - 20.4],13,[10.6 - 15.7],6.21
Acutalibacter_muris_GCA_949034105.1,Candidatus Flavonifractor intestinigallinarum CHK192-8294,12.6,[9.9 - 15.9],18.1,[15.9 - 20.4],13,[10.7 - 15.8],7.33
Acutalibacter_muris_GCA_948718065.1,Anaeromassilibacillus senegalensis mt9,12.6,[9.9 - 15.8],18.1,[15.9 - 20.4],13,[10.6 - 15.7],2.51
Acutalibacter_muris_GCF_948803965.1,Candidatus Heritagella caecorum Chicken12mag185,12.5,[9.9 - 15.8],18.1,[15.9 - 20.4],12.9,[10.6 - 15.7],1.07
Acutalibacter_muris_GCA_948803965.1,Flintibacter muris DSM 110149T,12.6,[10.0 - 15.9],18,[15.8 - 20.3],13,[10.7 - 15.8],0.18
Acutalibacter_muris_GCA_948564225.1,Dysosmobacter acutus MSJ-2,12.6,[10.0 - 15.9],18,[15.9 - 20.4],13,[10.7 - 15.8],3.31
Acutalibacter_muris_GCA_948800305.1,Dysosmobacter acutus MSJ-2,12.7,[10.0 - 15.9],18,[15.8 - 20.3],13,[10.7 - 15.8],2.55
Acutalibacter_muris_GCA_948580785.1,Dysosmobacter acutus MSJ-2,12.6,[9.9 - 15.8],18,[15.9 - 20.4],13,[10.6 - 15.7],2.39
Acutalibacter_muris_GCF_948580785.1,Dysosmobacter acutus MSJ-2,12.6,[9.9 - 15.8],18,[15.9 - 20.4],13,[10.6 - 15.7],2.39
Acutalibacter_muris_GCA_948580785.1,Candidatus Gemmiger avistercoris CHK188-11489,12.5,[9.9 - 15.8],18,[15.8 - 20.3],12.9,[10.6 - 15.7],7.49
Acutalibacter_muris_GCA_948987775.1,Gehongia tenuis NSJ-53,12.5,[9.9 - 15.8],18,[15.8 - 20.3],12.9,[10.6 - 15.7],0.59
Acutalibacter_muris_GCA_948803965.1,Caproiciproducens galactitolivorans JCM 30532,12.5,[9.9 - 15.8],18,[15.9 - 20.4],12.9,[10.6 - 15.7],7.56
Acutalibacter_muris_GCF_948580785.1,Candidatus Gemmiger avistercoris CHK188-11489,12.5,[9.9 - 15.8],18,[15.8 - 20.3],12.9,[10.6 - 15.7],7.49
Acutalibacter_muris_GCF_948580785.1,Acetatifactor aquisgranensis DSM110981T,12.5,[9.9 - 15.8],18,[15.9 - 20.4],12.9,[10.6 - 15.7],4.69
Acutalibacter_muris_GCF_948803965.1,Flintibacter muris DSM 110149T,12.6,[10.0 - 15.9],18,[15.8 - 20.3],13,[10.7 - 15.8],0.18
Acutalibacter_muris_GCF_948800305.1,Dysosmobacter acutus MSJ-2,12.7,[10.0 - 15.9],18,[15.8 - 20.3],13,[10.7 - 15.8],2.55
Acutalibacter_muris_GCA_948580785.1,Acetatifactor aquisgranensis DSM110981T,12.5,[9.9 - 15.8],18,[15.9 - 20.4],12.9,[10.6 - 15.7],4.69
Acutalibacter_muris_GCF_948803965.1,Caproiciproducens galactitolivorans JCM 30532,12.5,[9.9 - 15.8],18,[15.9 - 20.4],12.9,[10.6 - 15.7],7.56
Acutalibacter_muris_GCA_948803965.1,Candidatus Avimicrobium faecavium Chicken15mag135,12.6,[9.9 - 15.9],17.9,[15.8 - 20.2],13,[10.7 - 15.7],6.39
Acutalibacter_muris_GCF_948803965.1,Candidatus Avimicrobium faecavium Chicken15mag135,12.6,[9.9 - 15.9],17.9,[15.8 - 20.2],13,[10.7 - 15.7],6.39
Acutalibacter_muris_GCF_948800305.1,Candidatus Intestinimonas stercoravium ChiBcolR2-622,12.7,[10.0 - 15.9],17.9,[15.8 - 20.3],13.1,[10.7 - 15.8],9.67
Acutalibacter_muris_GCF_948718065.1,Caproiciproducens galactitolivorans JCM 30532,12.5,[9.9 - 15.8],17.9,[15.7 - 20.2],12.9,[10.6 - 15.7],7.34
Acutalibacter_muris_GCA_948800305.1,Candidatus Intestinimonas stercoravium ChiBcolR2-622,12.7,[10.0 - 15.9],17.9,[15.8 - 20.3],13.1,[10.7 - 15.8],9.67
Acutalibacter_muris_GCA_948580785.1,Vermiculatibacterium agrestimuris DSM 112226T,12.7,[10.0 - 15.9],17.9,[15.8 - 20.3],13,[10.7 - 15.8],4.63
Acutalibacter_muris_GCA_948564225.1,Scatolibacter rhodanostii Marseille-P3890,12.5,[9.9 - 15.8],17.9,[15.8 - 20.3],12.9,[10.6 - 15.7],15.14
Acutalibacter_muris_GCA_948576935.1,Candidatus Avimicrobium faecavium Chicken15mag135,12.6,[9.9 - 15.9],17.9,[15.7 - 20.2],13,[10.7 - 15.7],7.22
Acutalibacter_muris_GCA_948576935.1,Candidatus Flavonifractor intestinigallinarum CHK192-8294,12.6,[9.9 - 15.9],17.9,[15.8 - 20.3],13,[10.7 - 15.7],7.04
Acutalibacter_muris_GCF_948800305.1,Candidatus Avimicrobium faecavium Chicken15mag135,12.6,[10.0 - 15.9],17.9,[15.8 - 20.2],13,[10.7 - 15.8],6.34
Acutalibacter_muris_GCA_948718065.1,Caproiciproducens galactitolivorans JCM 30532,12.5,[9.9 - 15.8],17.9,[15.7 - 20.2],12.9,[10.6 - 15.7],7.34
Acutalibacter_muris_GCF_948580785.1,Vermiculatibacterium agrestimuris DSM 112226T,12.7,[10.0 - 15.9],17.9,[15.8 - 20.3],13,[10.7 - 15.8],4.63
Acutalibacter_muris_GCA_948800305.1,Candidatus Avimicrobium faecavium Chicken15mag135,12.6,[10.0 - 15.9],17.9,[15.8 - 20.2],13,[10.7 - 15.8],6.34
Acutalibacter_muris_GCA_948564225.1,Candidatus Avimicrobium faecavium Chicken15mag135,12.6,[9.9 - 15.9],17.9,[15.7 - 20.2],13,[10.7 - 15.8],7.1
Acutalibacter_muris_GCA_948803965.1,Candidatus Intestinimonas stercoravium ChiBcolR2-622,12.6,[10.0 - 15.9],17.8,[15.7 - 20.2],13,[10.7 - 15.8],9.72
Acutalibacter_muris_GCF_948580785.1,Clostridium methylpentosum DSM 5476,12.5,[9.8 - 15.8],17.8,[15.7 - 20.2],12.9,[10.6 - 15.6],4.05
Acutalibacter_muris_GCA_948580785.1,Clostridium methylpentosum DSM 5476,12.5,[9.8 - 15.8],17.8,[15.7 - 20.2],12.9,[10.6 - 15.6],4.05
Acutalibacter_muris_GCA_948576935.1,Candidatus Gemmiger avistercoris CHK188-11489,12.6,[9.9 - 15.8],17.8,[15.7 - 20.2],13,[10.6 - 15.7],8.53
Acutalibacter_muris_GCA_948564225.1,Candidatus Flavonifractor intestinigallinarum CHK192-8294,12.6,[10.0 - 15.9],17.8,[15.7 - 20.2],13,[10.7 - 15.8],6.92
Acutalibacter_muris_GCF_948803965.1,Candidatus Intestinimonas stercoravium ChiBcolR2-622,12.6,[10.0 - 15.9],17.8,[15.7 - 20.2],13,[10.7 - 15.8],9.72
Acutalibacter_muris_GCA_948718065.1,Candidatus Intestinimonas pullistercoris CHK186-1790,12.6,[9.9 - 15.8],17.8,[15.7 - 20.2],13,[10.6 - 15.7],9.52
Acutalibacter_muris_GCF_948718065.1,Candidatus Intestinimonas pullistercoris CHK186-1790,12.6,[9.9 - 15.8],17.8,[15.7 - 20.2],13,[10.6 - 15.7],9.52
Acutalibacter_muris_GCA_948987775.1,Candidatus Intestinimonas stercoravium ChiBcolR2-622,12.6,[10.0 - 15.9],17.8,[15.7 - 20.1],13,[10.7 - 15.8],9.48
Acutalibacter_muris_GCA_949034105.1,Candidatus Gemmiger avistercoris CHK188-11489,12.6,[9.9 - 15.8],17.8,[15.6 - 20.1],13,[10.7 - 15.7],8.82
Acutalibacter_muris_GCA_948987775.1,Candidatus Avimicrobium faecavium Chicken15mag135,12.6,[10.0 - 15.9],17.8,[15.6 - 20.1],13,[10.7 - 15.8],6.15
Acutalibacter_muris_GCA_948718065.1,Candidatus Intestinimonas stercoravium ChiBcolR2-622,12.7,[10.0 - 15.9],17.7,[15.6 - 20.1],13.1,[10.7 - 15.8],9.93
Acutalibacter_muris_GCA_948800305.1,Candidatus Gemmiger avistercoris CHK188-11489,12.6,[9.9 - 15.8],17.7,[15.5 - 20.0],13,[10.7 - 15.7],7.65
Acutalibacter_muris_GCF_948800305.1,Candidatus Gemmiger avistercoris CHK188-11489,12.6,[9.9 - 15.8],17.7,[15.5 - 20.0],13,[10.7 - 15.7],7.65
Acutalibacter_muris_GCF_948718065.1,Candidatus Gemmiger avistercoris CHK188-11489,12.6,[9.9 - 15.8],17.7,[15.6 - 20.1],13,[10.6 - 15.7],7.91
Acutalibacter_muris_GCA_002201475.1,Candidatus Flavonifractor intestinigallinarum CHK192-8294,12.6,[9.9 - 15.9],17.7,[15.6 - 20.1],13,[10.7 - 15.8],7.23
Acutalibacter_muris_GCF_016697365.1,Candidatus Flavonifractor intestinigallinarum CHK192-8294,12.6,[9.9 - 15.9],17.7,[15.6 - 20.1],13,[10.7 - 15.8],7.23
Acutalibacter_muris_GCF_948718065.1,Candidatus Intestinimonas stercoravium ChiBcolR2-622,12.7,[10.0 - 15.9],17.7,[15.6 - 20.1],13.1,[10.7 - 15.8],9.93
Acutalibacter_muris_GCA_016697365.1,Candidatus Flavonifractor intestinigallinarum CHK192-8294,12.6,[9.9 - 15.9],17.7,[15.6 - 20.1],13,[10.7 - 15.8],7.23
Acutalibacter_muris_GCA_948580785.1,Caproiciproducens galactitolivorans JCM 30532,12.5,[9.9 - 15.8],17.7,[15.6 - 20.1],12.9,[10.6 - 15.7],7.77
Acutalibacter_muris_GCF_002201475.1,Candidatus Flavonifractor intestinigallinarum CHK192-8294,12.6,[9.9 - 15.9],17.7,[15.6 - 20.1],13,[10.7 - 15.8],7.23
Acutalibacter_muris_GCF_948803965.1,Dysosmobacter acutus MSJ-2,12.6,[9.9 - 15.9],17.7,[15.6 - 20.0],13,[10.7 - 15.7],2.6
Acutalibacter_muris_GCA_948803965.1,Dysosmobacter acutus MSJ-2,12.6,[9.9 - 15.9],17.7,[15.6 - 20.0],13,[10.7 - 15.7],2.6
Acutalibacter_muris_GCA_948580785.1,Provencibacterium massiliense Marseille-P2780,12.6,[9.9 - 15.8],17.7,[15.5 - 20.0],13,[10.6 - 15.7],3.91
Acutalibacter_muris_GCF_948580785.1,Provencibacterium massiliense Marseille-P2780,12.6,[9.9 - 15.8],17.7,[15.5 - 20.0],13,[10.6 - 15.7],3.91
Acutalibacter_muris_GCF_948580785.1,Caproiciproducens galactitolivorans JCM 30532,12.5,[9.9 - 15.8],17.7,[15.6 - 20.1],12.9,[10.6 - 15.7],7.77
Acutalibacter_muris_GCA_948718065.1,Candidatus Gemmiger avistercoris CHK188-11489,12.6,[9.9 - 15.8],17.7,[15.6 - 20.1],13,[10.6 - 15.7],7.91
Acutalibacter_muris_GCF_002201475.1,Candidatus Flavonifractor avistercoris 6084,12.7,[10.0 - 15.9],17.6,[15.5 - 20.0],13,[10.7 - 15.8],10.83
Acutalibacter_muris_GCA_948564225.1,Candidatus Gemmiger avistercoris CHK188-11489,12.6,[9.9 - 15.8],17.6,[15.5 - 19.9],13,[10.6 - 15.7],8.41
Acutalibacter_muris_GCA_948564225.1,Candidatus Intestinimonas pullistercoris CHK186-1790,12.5,[9.9 - 15.8],17.6,[15.4 - 19.9],12.9,[10.6 - 15.7],10.02
Acutalibacter_muris_GCF_948580785.1,Solibaculum intestinale CLA-JM-H44,12.6,[9.9 - 15.8],17.6,[15.5 - 20.0],13,[10.6 - 15.7],1.24
Acutalibacter_muris_GCA_002201475.1,Candidatus Flavonifractor avistercoris 6084,12.7,[10.0 - 15.9],17.6,[15.5 - 20.0],13,[10.7 - 15.8],10.83
Acutalibacter_muris_GCA_948564225.1,Caproiciproducens galactitolivorans JCM 30532,12.5,[9.9 - 15.8],17.6,[15.5 - 20.0],12.9,[10.6 - 15.7],6.85
Acutalibacter_muris_GCA_016697365.1,Candidatus Flavonifractor avistercoris 6084,12.7,[10.0 - 15.9],17.6,[15.5 - 20.0],13,[10.7 - 15.8],10.83
Acutalibacter_muris_GCA_948576935.1,Candidatus Faecaligallichristensenella faecipullorum ChiSjej6B24-5839,12.5,[9.9 - 15.8],17.6,[15.5 - 20.0],12.9,[10.6 - 15.7],3.02
Acutalibacter_muris_GCF_016697365.1,Candidatus Flavonifractor avistercoris 6084,12.7,[10.0 - 15.9],17.6,[15.5 - 20.0],13,[10.7 - 15.8],10.83
Acutalibacter_muris_GCA_948580785.1,Solibaculum intestinale CLA-JM-H44,12.6,[9.9 - 15.8],17.6,[15.5 - 20.0],13,[10.6 - 15.7],1.24
Acutalibacter_muris_GCF_948580785.1,Candidatus Intestinimonas stercoravium ChiBcolR2-622,12.6,[10.0 - 15.9],17.5,[15.4 - 19.8],13,[10.7 - 15.8],9.51
Acutalibacter_muris_GCA_948987775.1,Candidatus Enterenecus avicola 153,12.6,[9.9 - 15.8],17.5,[15.4 - 19.8],13,[10.7 - 15.7],5.02
Acutalibacter_muris_GCA_016697365.1,Candidatus Intestinimonas stercoravium ChiBcolR2-622,12.7,[10.0 - 15.9],17.5,[15.4 - 19.9],13,[10.7 - 15.8],10.73
Acutalibacter_muris_GCF_948800305.1,Candidatus Avimicrobium caecorum Coassemblymag137,12.5,[9.8 - 15.8],17.5,[15.4 - 19.8],12.9,[10.6 - 15.7],1.57
Acutalibacter_muris_GCA_948580785.1,Candidatus Intestinimonas stercoravium ChiBcolR2-622,12.6,[10.0 - 15.9],17.5,[15.4 - 19.8],13,[10.7 - 15.8],9.51
Acutalibacter_muris_GCA_948576935.1,Candidatus Intestinimonas pullistercoris CHK186-1790,12.5,[9.9 - 15.8],17.5,[15.4 - 19.8],12.9,[10.6 - 15.7],10.14
Acutalibacter_muris_GCA_948580785.1,Candidatus Enterenecus avicola 153,12.6,[9.9 - 15.9],17.5,[15.4 - 19.9],13,[10.7 - 15.7],5.05
Acutalibacter_muris_GCF_948800305.1,Candidatus Enterenecus avicola 153,12.7,[10.0 - 15.9],17.5,[15.3 - 19.8],13,[10.7 - 15.8],5.21
Acutalibacter_muris_GCA_948580785.1,Candidatus Avimicrobium caecorum Coassemblymag137,12.5,[9.8 - 15.8],17.5,[15.4 - 19.8],12.9,[10.6 - 15.7],1.41
Acutalibacter_muris_GCA_948564225.1,Candidatus Intestinimonas stercoravium ChiBcolR2-622,12.6,[10.0 - 15.9],17.5,[15.4 - 19.8],13,[10.7 - 15.8],10.43
Acutalibacter_muris_GCA_948800305.1,Candidatus Avimicrobium caecorum Coassemblymag137,12.5,[9.8 - 15.8],17.5,[15.4 - 19.8],12.9,[10.6 - 15.7],1.57
Acutalibacter_muris_GCA_002201475.1,Candidatus Intestinimonas stercoravium ChiBcolR2-622,12.7,[10.0 - 15.9],17.5,[15.4 - 19.9],13,[10.7 - 15.8],10.73
Acutalibacter_muris_GCF_948580785.1,Candidatus Avimicrobium caecorum Coassemblymag137,12.5,[9.8 - 15.8],17.5,[15.4 - 19.8],12.9,[10.6 - 15.7],1.41
Acutalibacter_muris_GCF_002201475.1,Candidatus Intestinimonas stercoravium ChiBcolR2-622,12.7,[10.0 - 15.9],17.5,[15.4 - 19.9],13,[10.7 - 15.8],10.73
Acutalibacter_muris_GCA_948800305.1,Candidatus Enterenecus avicola 153,12.7,[10.0 - 15.9],17.5,[15.3 - 19.8],13,[10.7 - 15.8],5.21
Acutalibacter_muris_GCA_949034105.1,Candidatus Intestinimonas stercoravium ChiBcolR2-622,12.7,[10.0 - 15.9],17.5,[15.4 - 19.8],13,[10.7 - 15.8],10.84
Acutalibacter_muris_GCF_948580785.1,Candidatus Enterenecus avicola 153,12.6,[9.9 - 15.9],17.5,[15.4 - 19.9],13,[10.7 - 15.7],5.05
Acutalibacter_muris_GCF_016697365.1,Candidatus Intestinimonas stercoravium ChiBcolR2-622,12.7,[10.0 - 15.9],17.5,[15.4 - 19.9],13,[10.7 - 15.8],10.73
Acutalibacter_muris_GCF_948718065.1,Candidatus Avimicrobium caecorum Coassemblymag137,12.5,[9.8 - 15.8],17.4,[15.3 - 19.7],12.9,[10.6 - 15.7],1.84
Acutalibacter_muris_GCA_948987775.1,Candidatus Avimicrobium caecorum Coassemblymag137,12.5,[9.8 - 15.8],17.4,[15.3 - 19.8],12.9,[10.6 - 15.7],1.38
Acutalibacter_muris_GCA_948803965.1,Candidatus Intestinimonas pullistercoris CHK186-1790,12.5,[9.9 - 15.8],17.4,[15.3 - 19.7],12.9,[10.6 - 15.7],9.31
Acutalibacter_muris_GCA_949034105.1,Candidatus Gemmiger faecigallinarum 14795,12.6,[9.9 - 15.8],17.4,[15.3 - 19.7],13,[10.7 - 15.7],9.31
Acutalibacter_muris_GCA_949034105.1,Candidatus Avimicrobium caecorum Coassemblymag137,12.5,[9.8 - 15.8],17.4,[15.3 - 19.7],12.9,[10.6 - 15.7],2.74
Acutalibacter_muris_GCF_948718065.1,Gehongia tenuis NSJ-53,12.5,[9.9 - 15.8],17.4,[15.3 - 19.8],12.9,[10.6 - 15.7],1.05
Acutalibacter_muris_GCF_948803965.1,Candidatus Intestinimonas pullistercoris CHK186-1790,12.5,[9.9 - 15.8],17.4,[15.3 - 19.7],12.9,[10.6 - 15.7],9.31
Acutalibacter_muris_GCA_948718065.1,Candidatus Avimicrobium caecorum Coassemblymag137,12.5,[9.8 - 15.8],17.4,[15.3 - 19.7],12.9,[10.6 - 15.7],1.84
Acutalibacter_muris_GCA_948718065.1,Gehongia tenuis NSJ-53,12.5,[9.9 - 15.8],17.4,[15.3 - 19.8],12.9,[10.6 - 15.7],1.05
Acutalibacter_muris_GCA_948564225.1,Candidatus Flavonifractor avistercoris 6084,12.7,[10.0 - 15.9],17.3,[15.2 - 19.7],13,[10.7 - 15.8],10.52
Acutalibacter_muris_GCA_948718065.1,Caproicibacter fermentans DSM 107079 T,12.5,[9.8 - 15.8],17.3,[15.2 - 19.7],12.9,[10.6 - 15.7],4.21
Acutalibacter_muris_GCA_948987775.1,Candidatus Gemmiger avistercoris CHK188-11489,12.6,[9.9 - 15.9],17.3,[15.2 - 19.7],13,[10.7 - 15.7],7.46
Acutalibacter_muris_GCF_948718065.1,Caproicibacter fermentans DSM 107079 T,12.5,[9.8 - 15.8],17.3,[15.2 - 19.7],12.9,[10.6 - 15.7],4.21
Acutalibacter_muris_GCF_948718065.1,Candidatus Gemmiger faecigallinarum 14795,12.6,[9.9 - 15.8],17.2,[15.1 - 19.6],13,[10.7 - 15.7],8.41
Acutalibacter_muris_GCA_949034105.1,Candidatus Avimicrobium faecavium Chicken15mag135,12.6,[9.9 - 15.8],17.2,[15.1 - 19.5],13,[10.7 - 15.7],7.51
Acutalibacter_muris_GCA_948718065.1,Candidatus Gemmiger faecigallinarum 14795,12.6,[9.9 - 15.8],17.2,[15.1 - 19.6],13,[10.7 - 15.7],8.41
Acutalibacter_muris_GCA_948718065.1,Candidatus Avimicrobium faecavium Chicken15mag135,12.6,[9.9 - 15.9],17.2,[15.1 - 19.5],13,[10.7 - 15.7],6.61
Acutalibacter_muris_GCA_948987775.1,Caproicibacter fermentans DSM 107079 T,12.5,[9.9 - 15.8],17.2,[15.1 - 19.6],12.9,[10.6 - 15.7],4.67
Acutalibacter_muris_GCF_948803965.1,Caproicibacter fermentans DSM 107079 T,12.5,[9.8 - 15.8],17.2,[15.1 - 19.6],12.9,[10.6 - 15.7],4.43
Acutalibacter_muris_GCA_948576935.1,Candidatus Gemmiger faecigallinarum 14795,12.6,[9.9 - 15.8],17.2,[15.1 - 19.5],13,[10.6 - 15.7],9.02
Acutalibacter_muris_GCF_948718065.1,Candidatus Avimicrobium faecavium Chicken15mag135,12.6,[9.9 - 15.9],17.2,[15.1 - 19.5],13,[10.7 - 15.7],6.61
Acutalibacter_muris_GCA_948987775.1,Caproiciproducens galactitolivorans JCM 30532,12.5,[9.9 - 15.8],17.2,[15.1 - 19.5],12.9,[10.6 - 15.7],7.8
Acutalibacter_muris_GCA_948803965.1,Caproicibacter fermentans DSM 107079 T,12.5,[9.8 - 15.8],17.2,[15.1 - 19.6],12.9,[10.6 - 15.7],4.43
Acutalibacter_muris_GCA_948718065.1,Candidatus Flavonifractor avistercoris 6084,12.7,[10.0 - 15.9],17.1,[15.0 - 19.4],13,[10.7 - 15.8],10.03
Acutalibacter_muris_GCF_948803965.1,Solibaculum intestinale CLA-JM-H44,12.6,[9.9 - 15.9],17.1,[15.0 - 19.4],13,[10.7 - 15.7],1.03
Acutalibacter_muris_GCF_002201475.1,Candidatus Gemmiger avistercoris CHK188-11489,12.6,[9.9 - 15.8],17.1,[15.0 - 19.4],13,[10.6 - 15.7],8.71
Acutalibacter_muris_GCA_948987775.1,Candidatus Faecaligallichristensenella faecipullorum ChiSjej6B24-5839,12.6,[9.9 - 15.8],17.1,[15.0 - 19.4],12.9,[10.6 - 15.7],1.95
Acutalibacter_muris_GCA_948987775.1,Candidatus Gemmiger faecigallinarum 14795,12.6,[9.9 - 15.8],17.1,[15.0 - 19.5],13,[10.6 - 15.7],7.95
Acutalibacter_muris_GCF_948803965.1,Candidatus Gemmiger avistercoris CHK188-11489,12.6,[9.9 - 15.8],17.1,[15.0 - 19.5],13,[10.6 - 15.7],7.7
Acutalibacter_muris_GCA_948800305.1,Zongyangia hominis NSJ-54,12.6,[10.0 - 15.9],17.1,[15.0 - 19.4],13,[10.7 - 15.8],0.68
Acutalibacter_muris_GCA_948803965.1,Solibaculum intestinale CLA-JM-H44,12.6,[9.9 - 15.9],17.1,[15.0 - 19.4],13,[10.7 - 15.7],1.03
Acutalibacter_muris_GCF_948800305.1,Zongyangia hominis NSJ-54,12.6,[10.0 - 15.9],17.1,[15.0 - 19.4],13,[10.7 - 15.8],0.68
Acutalibacter_muris_GCA_948803965.1,Candidatus Gemmiger avistercoris CHK188-11489,12.6,[9.9 - 15.8],17.1,[15.0 - 19.5],13,[10.6 - 15.7],7.7
Acutalibacter_muris_GCA_016697365.1,Candidatus Gemmiger avistercoris CHK188-11489,12.6,[9.9 - 15.8],17.1,[15.0 - 19.4],13,[10.6 - 15.7],8.71
Acutalibacter_muris_GCF_948718065.1,Candidatus Flavonifractor avistercoris 6084,12.7,[10.0 - 15.9],17.1,[15.0 - 19.4],13,[10.7 - 15.8],10.03
Acutalibacter_muris_GCA_002201475.1,Candidatus Gemmiger avistercoris CHK188-11489,12.6,[9.9 - 15.8],17.1,[15.0 - 19.4],13,[10.6 - 15.7],8.71
Acutalibacter_muris_GCF_016697365.1,Candidatus Gemmiger avistercoris CHK188-11489,12.6,[9.9 - 15.8],17.1,[15.0 - 19.4],13,[10.6 - 15.7],8.71
Acutalibacter_muris_GCF_948718065.1,Zongyangia hominis NSJ-54,12.6,[10.0 - 15.9],17,[14.9 - 19.4],13,[10.7 - 15.8],0.95
Acutalibacter_muris_GCF_016697365.1,Candidatus Avimicrobium caecorum Coassemblymag137,12.5,[9.8 - 15.8],17,[14.9 - 19.4],12.9,[10.6 - 15.7],2.63
Acutalibacter_muris_GCA_016697365.1,Candidatus Avimicrobium caecorum Coassemblymag137,12.5,[9.8 - 15.8],17,[14.9 - 19.4],12.9,[10.6 - 15.7],2.63
Acutalibacter_muris_GCA_948580785.1,Candidatus Flavonifractor intestinigallinarum CHK192-8294,12.6,[9.9 - 15.9],17,[14.9 - 19.3],13,[10.7 - 15.8],6
Acutalibacter_muris_GCA_948564225.1,Candidatus Gemmiger faecigallinarum 14795,12.6,[9.9 - 15.8],17,[14.9 - 19.3],13,[10.6 - 15.7],8.9
Acutalibacter_muris_GCF_948800305.1,Candidatus Flavonifractor avistercoris 6084,12.7,[10.0 - 15.9],17,[14.9 - 19.3],13.1,[10.7 - 15.8],9.77
Acutalibacter_muris_GCF_002201475.1,Candidatus Avimicrobium caecorum Coassemblymag137,12.5,[9.8 - 15.8],17,[14.9 - 19.4],12.9,[10.6 - 15.7],2.63
Acutalibacter_muris_GCA_948564225.1,Candidatus Enterenecus avicola 153,12.6,[9.9 - 15.9],17,[14.9 - 19.3],13,[10.7 - 15.7],5.97
Acutalibacter_muris_GCA_948718065.1,Zongyangia hominis NSJ-54,12.6,[10.0 - 15.9],17,[14.9 - 19.4],13,[10.7 - 15.8],0.95
Acutalibacter_muris_GCA_002201475.1,Candidatus Avimicrobium caecorum Coassemblymag137,12.5,[9.8 - 15.8],17,[14.9 - 19.4],12.9,[10.6 - 15.7],2.63
Acutalibacter_muris_GCF_948580785.1,Candidatus Flavonifractor intestinigallinarum CHK192-8294,12.6,[9.9 - 15.9],17,[14.9 - 19.3],13,[10.7 - 15.8],6
Acutalibacter_muris_GCA_948800305.1,Candidatus Flavonifractor avistercoris 6084,12.7,[10.0 - 15.9],17,[14.9 - 19.3],13.1,[10.7 - 15.8],9.77
Acutalibacter_muris_GCA_948576935.1,Candidatus Flavonifractor avistercoris 6084,12.6,[10.0 - 15.9],16.9,[14.8 - 19.3],13,[10.7 - 15.8],10.65
Acutalibacter_muris_GCA_949034105.1,Scatolibacter rhodanostii Marseille-P3890,12.6,[9.9 - 15.8],16.9,[14.8 - 19.2],13,[10.6 - 15.7],14.73
Acutalibacter_muris_GCF_948803965.1,Vermiculatibacterium agrestimuris DSM 112226T,12.6,[9.9 - 15.9],16.9,[14.8 - 19.2],13,[10.7 - 15.8],4.84
Acutalibacter_muris_GCA_948580785.1,Candidatus Intestinimonas pullistercoris CHK186-1790,12.5,[9.9 - 15.8],16.9,[14.8 - 19.2],12.9,[10.6 - 15.7],9.1
Acutalibacter_muris_GCF_948803965.1,Candidatus Avimicrobium caecorum Coassemblymag137,12.5,[9.8 - 15.8],16.9,[14.8 - 19.2],12.9,[10.6 - 15.7],1.62
Acutalibacter_muris_GCA_948803965.1,Vermiculatibacterium agrestimuris DSM 112226T,12.6,[9.9 - 15.9],16.9,[14.8 - 19.2],13,[10.7 - 15.8],4.84
Acutalibacter_muris_GCA_002201475.1,Candidatus Gemmiger faecigallinarum 14795,12.6,[9.9 - 15.9],16.9,[14.8 - 19.2],13,[10.7 - 15.7],9.21
Acutalibacter_muris_GCF_948800305.1,Candidatus Enterenecus merdae ChiHcolR17-2730,12.7,[10.0 - 15.9],16.9,[14.8 - 19.2],13.1,[10.7 - 15.8],7.73
Acutalibacter_muris_GCA_948564225.1,Candidatus Avimicrobium caecorum Coassemblymag137,12.5,[9.8 - 15.8],16.9,[14.8 - 19.2],12.9,[10.6 - 15.7],2.33
Acutalibacter_muris_GCA_948800305.1,Candidatus Enterenecus merdae ChiHcolR17-2730,12.7,[10.0 - 15.9],16.9,[14.8 - 19.2],13.1,[10.7 - 15.8],7.73
Acutalibacter_muris_GCF_948803965.1,Gehongia tenuis NSJ-53,12.5,[9.9 - 15.8],16.9,[14.8 - 19.2],12.9,[10.6 - 15.7],0.84
Acutalibacter_muris_GCA_948803965.1,Candidatus Avimicrobium caecorum Coassemblymag137,12.5,[9.8 - 15.8],16.9,[14.8 - 19.2],12.9,[10.6 - 15.7],1.62
Acutalibacter_muris_GCA_016697365.1,Candidatus Gemmiger faecigallinarum 14795,12.6,[9.9 - 15.9],16.9,[14.8 - 19.2],13,[10.7 - 15.7],9.21
Acutalibacter_muris_GCA_949034105.1,Candidatus Enterenecus avicola 153,12.6,[9.9 - 15.9],16.9,[14.8 - 19.2],13,[10.7 - 15.7],6.38
Acutalibacter_muris_GCF_002201475.1,Candidatus Gemmiger faecigallinarum 14795,12.6,[9.9 - 15.9],16.9,[14.8 - 19.2],13,[10.7 - 15.7],9.21
Acutalibacter_muris_GCA_948987775.1,Candidatus Flavonifractor avistercoris 6084,12.6,[10.0 - 15.9],16.9,[14.8 - 19.2],13,[10.7 - 15.8],9.58
Acutalibacter_muris_GCA_948803965.1,Gehongia tenuis NSJ-53,12.5,[9.9 - 15.8],16.9,[14.8 - 19.2],12.9,[10.6 - 15.7],0.84
Acutalibacter_muris_GCF_948580785.1,Candidatus Intestinimonas pullistercoris CHK186-1790,12.5,[9.9 - 15.8],16.9,[14.8 - 19.2],12.9,[10.6 - 15.7],9.1
Acutalibacter_muris_GCF_016697365.1,Candidatus Gemmiger faecigallinarum 14795,12.6,[9.9 - 15.9],16.9,[14.8 - 19.2],13,[10.7 - 15.7],9.21
Acutalibacter_muris_GCA_948576935.1,Streptomyces acididurans KK5PA1,12.5,[9.8 - 15.7],16.8,[14.7 - 19.1],12.9,[10.6 - 15.6],17.49
Acutalibacter_muris_GCA_948803965.1,Candidatus Enterenecus avicola 153,12.6,[9.9 - 15.9],16.8,[14.7 - 19.1],13,[10.7 - 15.7],5.26
Acutalibacter_muris_GCA_948576935.1,Candidatus Enterenecus avicola 153,12.6,[9.9 - 15.9],16.8,[14.7 - 19.1],13,[10.7 - 15.7],6.09
Acutalibacter_muris_GCF_948803965.1,Candidatus Enterenecus avicola 153,12.6,[9.9 - 15.9],16.8,[14.7 - 19.1],13,[10.7 - 15.7],5.26
Acutalibacter_muris_GCA_948718065.1,Candidatus Enterenecus avicola 153,12.6,[9.9 - 15.9],16.7,[14.6 - 19.0],13,[10.7 - 15.7],5.48
Acutalibacter_muris_GCA_948803965.1,Zongyangia hominis NSJ-54,12.6,[10.0 - 15.9],16.7,[14.6 - 19.0],13,[10.7 - 15.8],0.73
Acutalibacter_muris_GCF_948803965.1,Candidatus Flavonifractor avistercoris 6084,12.6,[10.0 - 15.9],16.7,[14.6 - 19.0],13,[10.7 - 15.8],9.82
Acutalibacter_muris_GCF_948718065.1,Candidatus Enterenecus avicola 153,12.6,[9.9 - 15.9],16.7,[14.6 - 19.0],13,[10.7 - 15.7],5.48
Acutalibacter_muris_GCA_948580785.1,Candidatus Gemmiger faecigallinarum 14795,12.5,[9.9 - 15.8],16.7,[14.6 - 19.0],12.9,[10.6 - 15.7],7.99
Acutalibacter_muris_GCA_948803965.1,Candidatus Flavonifractor avistercoris 6084,12.6,[10.0 - 15.9],16.7,[14.6 - 19.0],13,[10.7 - 15.8],9.82
Acutalibacter_muris_GCF_948803965.1,Zongyangia hominis NSJ-54,12.6,[10.0 - 15.9],16.7,[14.6 - 19.0],13,[10.7 - 15.8],0.73
Acutalibacter_muris_GCF_948580785.1,Candidatus Gemmiger faecigallinarum 14795,12.5,[9.9 - 15.8],16.7,[14.6 - 19.0],12.9,[10.6 - 15.7],7.99
Acutalibacter_muris_GCF_948800305.1,Candidatus Evtepia excrementipullorum ChiSjej3B21-3892,12.6,[10.0 - 15.9],16.6,[14.5 - 18.9],13,[10.7 - 15.8],6.91
Acutalibacter_muris_GCA_948580785.1,Zongyangia hominis NSJ-54,12.6,[9.9 - 15.8],16.6,[14.5 - 18.9],13,[10.6 - 15.7],0.52
Acutalibacter_muris_GCF_948580785.1,Candidatus Flavonifractor avistercoris 6084,12.7,[10.0 - 15.9],16.6,[14.5 - 18.9],13,[10.7 - 15.8],9.61
Acutalibacter_muris_GCA_948800305.1,Candidatus Evtepia excrementipullorum ChiSjej3B21-3892,12.6,[10.0 - 15.9],16.6,[14.5 - 18.9],13,[10.7 - 15.8],6.91
Acutalibacter_muris_GCF_948718065.1,Scatolibacter rhodanostii Marseille-P3890,12.6,[9.9 - 15.8],16.6,[14.5 - 18.9],13,[10.6 - 15.7],15.64
Acutalibacter_muris_GCF_002201475.1,Candidatus Enterenecus avicola 153,12.6,[9.9 - 15.9],16.6,[14.5 - 18.9],13,[10.7 - 15.7],6.27
Acutalibacter_muris_GCA_016697365.1,Candidatus Enterenecus avicola 153,12.6,[9.9 - 15.9],16.6,[14.5 - 18.9],13,[10.7 - 15.7],6.27
Acutalibacter_muris_GCF_016697365.1,Candidatus Enterenecus avicola 153,12.6,[9.9 - 15.9],16.6,[14.5 - 18.9],13,[10.7 - 15.7],6.27
Acutalibacter_muris_GCF_948580785.1,Zongyangia hominis NSJ-54,12.6,[9.9 - 15.8],16.6,[14.5 - 18.9],13,[10.6 - 15.7],0.52
Acutalibacter_muris_GCA_948580785.1,Candidatus Flavonifractor avistercoris 6084,12.7,[10.0 - 15.9],16.6,[14.5 - 18.9],13,[10.7 - 15.8],9.61
Acutalibacter_muris_GCA_948718065.1,Scatolibacter rhodanostii Marseille-P3890,12.6,[9.9 - 15.8],16.6,[14.5 - 18.9],13,[10.6 - 15.7],15.64
Acutalibacter_muris_GCA_002201475.1,Candidatus Enterenecus avicola 153,12.6,[9.9 - 15.9],16.6,[14.5 - 18.9],13,[10.7 - 15.7],6.27
Acutalibacter_muris_GCF_948803965.1,Candidatus Evtepia faecavium ChiHecec3B27-8621,12.6,[9.9 - 15.9],16.5,[14.4 - 18.8],13,[10.7 - 15.7],9.75
Acutalibacter_muris_GCA_948803965.1,Candidatus Evtepia faecavium ChiHecec3B27-8621,12.6,[9.9 - 15.9],16.5,[14.4 - 18.8],13,[10.7 - 15.7],9.75
Acutalibacter_muris_GCF_948718065.1,Candidatus Scatomorpha merdipullorum ChiHjej10B9-9673,12.6,[9.9 - 15.8],16.5,[14.4 - 18.8],13,[10.6 - 15.7],9.01
Acutalibacter_muris_GCA_948987775.1,Candidatus Evtepia faecavium ChiHecec3B27-8621,12.6,[10.0 - 15.9],16.5,[14.4 - 18.8],13,[10.7 - 15.8],9.51
Acutalibacter_muris_GCA_948580785.1,Candidatus Enterenecus merdae ChiHcolR17-2730,12.6,[10.0 - 15.9],16.5,[14.4 - 18.8],13,[10.7 - 15.8],7.57
Acutalibacter_muris_GCF_948580785.1,Candidatus Enterenecus merdae ChiHcolR17-2730,12.6,[10.0 - 15.9],16.5,[14.4 - 18.8],13,[10.7 - 15.8],7.57
Acutalibacter_muris_GCA_948987775.1,Candidatus Enterenecus merdae ChiHcolR17-2730,12.6,[9.9 - 15.9],16.5,[14.4 - 18.8],13,[10.7 - 15.7],7.54
Acutalibacter_muris_GCA_948576935.1,Candidatus Evtepia faecavium ChiHecec3B27-8621,12.6,[9.9 - 15.9],16.5,[14.4 - 18.8],13,[10.7 - 15.7],10.58
Acutalibacter_muris_GCA_949034105.1,Candidatus Flavonifractor avistercoris 6084,12.6,[10.0 - 15.9],16.5,[14.4 - 18.8],13,[10.7 - 15.8],10.93
Acutalibacter_muris_GCF_948800305.1,Candidatus Evtepia faecavium ChiHecec3B27-8621,12.6,[9.9 - 15.9],16.5,[14.4 - 18.8],13,[10.7 - 15.7],9.7
Acutalibacter_muris_GCA_948800305.1,Candidatus Evtepia faecavium ChiHecec3B27-8621,12.6,[9.9 - 15.9],16.5,[14.4 - 18.8],13,[10.7 - 15.7],9.7
Acutalibacter_muris_GCA_948718065.1,Candidatus Scatomorpha merdipullorum ChiHjej10B9-9673,12.6,[9.9 - 15.8],16.5,[14.4 - 18.8],13,[10.6 - 15.7],9.01
Acutalibacter_muris_GCF_948800305.1,Candidatus Faecaligallichristensenella faecipullorum ChiSjej6B24-5839,12.6,[9.9 - 15.8],16.4,[14.3 - 18.7],13,[10.6 - 15.7],2.14
Acutalibacter_muris_GCA_948800305.1,Candidatus Faecaligallichristensenella faecipullorum ChiSjej6B24-5839,12.6,[9.9 - 15.8],16.4,[14.3 - 18.7],13,[10.6 - 15.7],2.14
Acutalibacter_muris_GCF_948800305.1,Scatolibacter rhodanostii Marseille-P3890,12.6,[9.9 - 15.8],16.4,[14.3 - 18.7],13,[10.6 - 15.7],15.9
Acutalibacter_muris_GCA_948580785.1,Candidatus Evtepia excrementipullorum ChiSjej3B21-3892,12.6,[10.0 - 15.9],16.4,[14.3 - 18.7],13,[10.7 - 15.8],6.75
Acutalibacter_muris_GCF_002201475.1,Candidatus Faecaligallichristensenella faecipullorum ChiSjej6B24-5839,12.5,[9.9 - 15.8],16.4,[14.3 - 18.7],12.9,[10.6 - 15.7],3.21
Acutalibacter_muris_GCA_948800305.1,Scatolibacter rhodanostii Marseille-P3890,12.6,[9.9 - 15.8],16.4,[14.3 - 18.7],13,[10.6 - 15.7],15.9
Acutalibacter_muris_GCF_948580785.1,Scatolibacter rhodanostii Marseille-P3890,12.6,[9.9 - 15.8],16.4,[14.3 - 18.7],12.9,[10.6 - 15.7],16.06
Acutalibacter_muris_GCA_948580785.1,Scatolibacter rhodanostii Marseille-P3890,12.6,[9.9 - 15.8],16.4,[14.3 - 18.7],12.9,[10.6 - 15.7],16.06
Acutalibacter_muris_GCA_949034105.1,Candidatus Faecaligallichristensenella faecipullorum ChiSjej6B24-5839,12.5,[9.9 - 15.8],16.4,[14.3 - 18.7],12.9,[10.6 - 15.7],3.31
Acutalibacter_muris_GCF_016697365.1,Candidatus Faecaligallichristensenella faecipullorum ChiSjej6B24-5839,12.5,[9.9 - 15.8],16.4,[14.3 - 18.7],12.9,[10.6 - 15.7],3.21
Acutalibacter_muris_GCF_948580785.1,Candidatus Evtepia excrementipullorum ChiSjej3B21-3892,12.6,[10.0 - 15.9],16.4,[14.3 - 18.7],13,[10.7 - 15.8],6.75
Acutalibacter_muris_GCA_002201475.1,Candidatus Faecaligallichristensenella faecipullorum ChiSjej6B24-5839,12.5,[9.9 - 15.8],16.4,[14.3 - 18.7],12.9,[10.6 - 15.7],3.21
Acutalibacter_muris_GCA_016697365.1,Candidatus Faecaligallichristensenella faecipullorum ChiSjej6B24-5839,12.5,[9.9 - 15.8],16.4,[14.3 - 18.7],12.9,[10.6 - 15.7],3.21
Acutalibacter_muris_GCA_948576935.1,Candidatus Evtepia excrementipullorum ChiSjej3B21-3892,12.6,[9.9 - 15.9],16.4,[14.4 - 18.7],13,[10.7 - 15.7],7.79
Acutalibacter_muris_GCA_948987775.1,Candidatus Evtepia excrementipullorum ChiSjej3B21-3892,12.6,[10.0 - 15.9],16.4,[14.4 - 18.7],13,[10.7 - 15.8],6.72
Acutalibacter_muris_GCA_948718065.1,Candidatus Evtepia excrementipullorum ChiSjej3B21-3892,12.6,[10.0 - 15.9],16.3,[14.2 - 18.6],13,[10.7 - 15.8],7.18
Acutalibacter_muris_GCA_016697365.1,Candidatus Evtepia faecavium ChiHecec3B27-8621,12.6,[9.9 - 15.9],16.3,[14.2 - 18.6],13,[10.7 - 15.7],10.76
Acutalibacter_muris_GCF_948718065.1,Candidatus Faecaligallichristensenella faecipullorum ChiSjej6B24-5839,12.6,[9.9 - 15.8],16.3,[14.2 - 18.6],13,[10.6 - 15.7],2.41
Acutalibacter_muris_GCA_948718065.1,Candidatus Faecaligallichristensenella faecipullorum ChiSjej6B24-5839,12.6,[9.9 - 15.8],16.3,[14.2 - 18.6],13,[10.6 - 15.7],2.41
Acutalibacter_muris_GCA_002201475.1,Candidatus Evtepia faecavium ChiHecec3B27-8621,12.6,[9.9 - 15.9],16.3,[14.2 - 18.6],13,[10.7 - 15.7],10.76
Acutalibacter_muris_GCF_948580785.1,Candidatus Faecaligallichristensenella faecipullorum ChiSjej6B24-5839,12.5,[9.9 - 15.8],16.3,[14.2 - 18.6],12.9,[10.6 - 15.7],1.98
Acutalibacter_muris_GCA_948580785.1,Candidatus Faecaligallichristensenella faecipullorum ChiSjej6B24-5839,12.5,[9.9 - 15.8],16.3,[14.2 - 18.6],12.9,[10.6 - 15.7],1.98
Acutalibacter_muris_GCF_948718065.1,Candidatus Evtepia excrementipullorum ChiSjej3B21-3892,12.6,[10.0 - 15.9],16.3,[14.2 - 18.6],13,[10.7 - 15.8],7.18
Acutalibacter_muris_GCA_948564225.1,Candidatus Faecaligallichristensenella faecipullorum ChiSjej6B24-5839,12.6,[9.9 - 15.8],16.3,[14.3 - 18.6],13,[10.6 - 15.7],2.9
Acutalibacter_muris_GCF_002201475.1,Candidatus Evtepia faecavium ChiHecec3B27-8621,12.6,[9.9 - 15.9],16.3,[14.2 - 18.6],13,[10.7 - 15.7],10.76
Acutalibacter_muris_GCA_948800305.1,Candidatus Gemmiger faecigallinarum 14795,12.6,[9.9 - 15.8],16.3,[14.2 - 18.6],13,[10.6 - 15.7],8.15
Acutalibacter_muris_GCF_016697365.1,Candidatus Evtepia faecavium ChiHecec3B27-8621,12.6,[9.9 - 15.9],16.3,[14.2 - 18.6],13,[10.7 - 15.7],10.76
Acutalibacter_muris_GCF_948803965.1,Candidatus Faecaligallichristensenella faecipullorum ChiSjej6B24-5839,12.6,[9.9 - 15.8],16.3,[14.3 - 18.6],13,[10.6 - 15.7],2.19
Acutalibacter_muris_GCA_948803965.1,Candidatus Faecaligallichristensenella faecipullorum ChiSjej6B24-5839,12.6,[9.9 - 15.8],16.3,[14.3 - 18.6],13,[10.6 - 15.7],2.19
Acutalibacter_muris_GCF_948800305.1,Candidatus Gemmiger faecigallinarum 14795,12.6,[9.9 - 15.8],16.3,[14.2 - 18.6],13,[10.6 - 15.7],8.15
Acutalibacter_muris_GCA_949034105.1,Candidatus Evtepia excrementipullorum ChiSjej3B21-3892,12.6,[9.9 - 15.9],16.3,[14.3 - 18.7],13,[10.7 - 15.7],8.08
Acutalibacter_muris_GCA_948564225.1,Candidatus Evtepia faecavium ChiHecec3B27-8621,12.6,[9.9 - 15.9],16.3,[14.3 - 18.6],13,[10.7 - 15.7],10.45
Acutalibacter_muris_GCA_949034105.1,Candidatus Scatomorpha merdipullorum ChiHjej10B9-9673,12.6,[9.9 - 15.8],16.2,[14.1 - 18.5],13,[10.6 - 15.7],9.91
Acutalibacter_muris_GCA_948803965.1,Scatolibacter rhodanostii Marseille-P3890,12.6,[9.9 - 15.8],16.2,[14.1 - 18.5],13,[10.6 - 15.7],15.85
Acutalibacter_muris_GCF_948718065.1,Candidatus Evtepia faecavium ChiHecec3B27-8621,12.6,[10.0 - 15.9],16.2,[14.2 - 18.5],13,[10.7 - 15.8],9.96
Acutalibacter_muris_GCF_948803965.1,Scatolibacter rhodanostii Marseille-P3890,12.6,[9.9 - 15.8],16.2,[14.1 - 18.5],13,[10.6 - 15.7],15.85
Acutalibacter_muris_GCA_948564225.1,Candidatus Evtepia excrementipullorum ChiSjej3B21-3892,12.6,[10.0 - 15.9],16.2,[14.1 - 18.5],13,[10.7 - 15.8],7.67
Acutalibacter_muris_GCA_948580785.1,Candidatus Evtepia faecavium ChiHecec3B27-8621,12.7,[10.0 - 15.9],16.2,[14.1 - 18.5],13,[10.7 - 15.8],9.54
Acutalibacter_muris_GCA_948718065.1,Candidatus Evtepia faecavium ChiHecec3B27-8621,12.6,[10.0 - 15.9],16.2,[14.2 - 18.5],13,[10.7 - 15.8],9.96
Acutalibacter_muris_GCF_948803965.1,Candidatus Evtepia excrementipullorum ChiSjej3B21-3892,12.6,[10.0 - 15.9],16.2,[14.1 - 18.5],13,[10.7 - 15.8],6.96
Acutalibacter_muris_GCF_948580785.1,Candidatus Evtepia faecavium ChiHecec3B27-8621,12.7,[10.0 - 15.9],16.2,[14.1 - 18.5],13,[10.7 - 15.8],9.54
Acutalibacter_muris_GCA_948803965.1,Candidatus Evtepia excrementipullorum ChiSjej3B21-3892,12.6,[10.0 - 15.9],16.2,[14.1 - 18.5],13,[10.7 - 15.8],6.96
Acutalibacter_muris_GCA_948987775.1,Scatolibacter rhodanostii Marseille-P3890,12.6,[9.9 - 15.8],16.2,[14.1 - 18.5],13,[10.6 - 15.7],16.09
Acutalibacter_muris_GCF_948580785.1,Candidatus Scatomorpha merdipullorum ChiHjej10B9-9673,12.6,[9.9 - 15.8],16.1,[14.1 - 18.4],13,[10.6 - 15.7],8.59
Acutalibacter_muris_GCA_948803965.1,Candidatus Gemmiger faecigallinarum 14795,12.6,[9.9 - 15.8],16.1,[14.0 - 18.4],13,[10.6 - 15.7],8.2
Acutalibacter_muris_GCA_016697365.1,Candidatus Evtepia excrementipullorum ChiSjej3B21-3892,12.6,[9.9 - 15.9],16.1,[14.1 - 18.4],13,[10.7 - 15.7],7.97
Acutalibacter_muris_GCA_948580785.1,Candidatus Scatomorpha merdipullorum ChiHjej10B9-9673,12.6,[9.9 - 15.8],16.1,[14.1 - 18.4],13,[10.6 - 15.7],8.59
Acutalibacter_muris_GCF_016697365.1,Candidatus Evtepia excrementipullorum ChiSjej3B21-3892,12.6,[9.9 - 15.9],16.1,[14.1 - 18.4],13,[10.7 - 15.7],7.97
Acutalibacter_muris_GCA_948576935.1,Candidatus Scatomorpha merdipullorum ChiHjej10B9-9673,12.5,[9.9 - 15.8],16.1,[14.1 - 18.4],12.9,[10.6 - 15.7],9.62
Acutalibacter_muris_GCA_949034105.1,Candidatus Evtepia faecavium ChiHecec3B27-8621,12.6,[10.0 - 15.9],16.1,[14.1 - 18.4],13,[10.7 - 15.8],10.86
Acutalibacter_muris_GCA_002201475.1,Candidatus Evtepia excrementipullorum ChiSjej3B21-3892,12.6,[9.9 - 15.9],16.1,[14.1 - 18.4],13,[10.7 - 15.7],7.97
Acutalibacter_muris_GCF_948803965.1,Candidatus Gemmiger faecigallinarum 14795,12.6,[9.9 - 15.8],16.1,[14.0 - 18.4],13,[10.6 - 15.7],8.2
Acutalibacter_muris_GCF_002201475.1,Candidatus Evtepia excrementipullorum ChiSjej3B21-3892,12.6,[9.9 - 15.9],16.1,[14.1 - 18.4],13,[10.7 - 15.7],7.97
Acutalibacter_muris_GCF_948803965.1,Candidatus Enterenecus merdae ChiHcolR17-2730,12.6,[9.9 - 15.9],16,[13.9 - 18.2],13,[10.7 - 15.7],7.78
Acutalibacter_muris_GCF_948718065.1,Candidatus Enterenecus merdae ChiHcolR17-2730,12.7,[10.0 - 15.9],16,[13.9 - 18.3],13,[10.7 - 15.8],8
Acutalibacter_muris_GCA_948803965.1,Candidatus Enterenecus merdae ChiHcolR17-2730,12.6,[9.9 - 15.9],16,[13.9 - 18.2],13,[10.7 - 15.7],7.78
Acutalibacter_muris_GCA_948718065.1,Candidatus Enterenecus merdae ChiHcolR17-2730,12.7,[10.0 - 15.9],16,[13.9 - 18.3],13,[10.7 - 15.8],8
Acutalibacter_muris_GCA_948576935.1,Candidatus Enterenecus merdae ChiHcolR17-2730,12.6,[9.9 - 15.9],16,[13.9 - 18.3],13,[10.7 - 15.7],8.61
Acutalibacter_muris_GCF_016697365.1,Candidatus Scatomorpha merdipullorum ChiHjej10B9-9673,12.6,[9.9 - 15.8],15.9,[13.9 - 18.2],13,[10.6 - 15.7],9.81
Acutalibacter_muris_GCA_948800305.1,Candidatus Scatomorpha merdipullorum ChiHjej10B9-9673,12.6,[9.9 - 15.8],15.9,[13.9 - 18.2],13,[10.6 - 15.7],8.75
Acutalibacter_muris_GCA_002201475.1,Candidatus Scatomorpha merdipullorum ChiHjej10B9-9673,12.6,[9.9 - 15.8],15.9,[13.9 - 18.2],13,[10.6 - 15.7],9.81
Acutalibacter_muris_GCF_948800305.1,Candidatus Scatomorpha merdipullorum ChiHjej10B9-9673,12.6,[9.9 - 15.8],15.9,[13.9 - 18.2],13,[10.6 - 15.7],8.75
Acutalibacter_muris_GCA_948803965.1,Candidatus Scatomorpha merdipullorum ChiHjej10B9-9673,12.6,[9.9 - 15.8],15.9,[13.8 - 18.2],13,[10.6 - 15.7],8.8
Acutalibacter_muris_GCA_016697365.1,Candidatus Enterenecus merdae ChiHcolR17-2730,12.6,[10.0 - 15.9],15.9,[13.9 - 18.2],13,[10.7 - 15.8],8.8
Acutalibacter_muris_GCA_949034105.1,Candidatus Enterenecus merdae ChiHcolR17-2730,12.6,[10.0 - 15.9],15.9,[13.8 - 18.2],13,[10.7 - 15.8],8.9
Acutalibacter_muris_GCF_948803965.1,Candidatus Scatomorpha merdipullorum ChiHjej10B9-9673,12.6,[9.9 - 15.8],15.9,[13.8 - 18.2],13,[10.6 - 15.7],8.8
Acutalibacter_muris_GCA_948564225.1,Candidatus Scatomorpha merdipullorum ChiHjej10B9-9673,12.5,[9.9 - 15.8],15.9,[13.8 - 18.2],12.9,[10.6 - 15.7],9.5
Acutalibacter_muris_GCA_002201475.1,Candidatus Enterenecus merdae ChiHcolR17-2730,12.6,[10.0 - 15.9],15.9,[13.9 - 18.2],13,[10.7 - 15.8],8.8
Acutalibacter_muris_GCF_002201475.1,Candidatus Enterenecus merdae ChiHcolR17-2730,12.6,[10.0 - 15.9],15.9,[13.9 - 18.2],13,[10.7 - 15.8],8.8
Acutalibacter_muris_GCF_016697365.1,Candidatus Enterenecus merdae ChiHcolR17-2730,12.6,[10.0 - 15.9],15.9,[13.9 - 18.2],13,[10.7 - 15.8],8.8
Acutalibacter_muris_GCF_002201475.1,Candidatus Scatomorpha merdipullorum ChiHjej10B9-9673,12.6,[9.9 - 15.8],15.9,[13.9 - 18.2],13,[10.6 - 15.7],9.81
Acutalibacter_muris_GCA_016697365.1,Candidatus Scatomorpha merdipullorum ChiHjej10B9-9673,12.6,[9.9 - 15.8],15.9,[13.9 - 18.2],13,[10.6 - 15.7],9.81
Acutalibacter_muris_GCA_948987775.1,Candidatus Scatomorpha merdipullorum ChiHjej10B9-9673,12.6,[9.9 - 15.8],15.8,[13.8 - 18.1],13,[10.6 - 15.7],8.56
Acutalibacter_muris_GCA_948564225.1,Candidatus Enterenecus merdae ChiHcolR17-2730,12.6,[10.0 - 15.9],15.8,[13.7 - 18.1],13,[10.7 - 15.8],8.49
Acutalibacter_muris_GCA_948564225.1,Streptomyces acididurans KK5PA1,12.5,[9.8 - 15.7],15.7,[13.6 - 17.9],12.9,[10.6 - 15.6],17.37
Acutalibacter_muris_GCA_948718065.1,Streptomyces acididurans KK5PA1,12.5,[9.8 - 15.7],14.5,[12.5 - 16.7],12.9,[10.6 - 15.6],16.88
Acutalibacter_muris_GCA_948987775.1,Streptomyces acididurans KK5PA1,12.5,[9.8 - 15.7],14.5,[12.6 - 16.8],12.9,[10.6 - 15.6],16.42
Acutalibacter_muris_GCA_948800305.1,Streptomyces acididurans KK5PA1,12.5,[9.8 - 15.7],14.5,[12.6 - 16.8],12.9,[10.6 - 15.6],16.61
Acutalibacter_muris_GCF_948800305.1,Streptomyces acididurans KK5PA1,12.5,[9.8 - 15.7],14.5,[12.6 - 16.8],12.9,[10.6 - 15.6],16.61
Acutalibacter_muris_GCF_948803965.1,Streptomyces acididurans KK5PA1,12.5,[9.8 - 15.7],14.5,[12.6 - 16.8],12.9,[10.6 - 15.6],16.66
Acutalibacter_muris_GCA_948580785.1,Streptomyces acididurans KK5PA1,12.5,[9.8 - 15.7],14.5,[12.6 - 16.8],12.9,[10.6 - 15.6],16.45
Acutalibacter_muris_GCA_948803965.1,Streptomyces acididurans KK5PA1,12.5,[9.8 - 15.7],14.5,[12.6 - 16.8],12.9,[10.6 - 15.6],16.66
Acutalibacter_muris_GCF_948580785.1,Streptomyces acididurans KK5PA1,12.5,[9.8 - 15.7],14.5,[12.6 - 16.8],12.9,[10.6 - 15.6],16.45
Acutalibacter_muris_GCA_949034105.1,Streptomyces acididurans KK5PA1,12.5,[9.8 - 15.7],14.5,[12.5 - 16.7],12.9,[10.6 - 15.6],17.78
Acutalibacter_muris_GCF_948718065.1,Streptomyces acididurans KK5PA1,12.5,[9.8 - 15.7],14.5,[12.5 - 16.7],12.9,[10.6 - 15.6],16.88
Acutalibacter_muris_GCF_948718065.1,Rhodanobacter soli JCM16126,12.5,[9.8 - 15.7],3.7,[2.8 - 4.8],12.9,[10.6 - 15.6],11.07
Acutalibacter_muris_GCA_948800305.1,Rhodanobacter soli JCM16126,12.5,[9.8 - 15.7],3.7,[2.8 - 4.8],12.9,[10.6 - 15.6],10.81
Acutalibacter_muris_GCF_948580785.1,Rhodanobacter soli JCM16126,12.5,[9.8 - 15.7],3.7,[2.8 - 4.8],12.9,[10.6 - 15.6],10.65
Acutalibacter_muris_GCA_948580785.1,Rhodanobacter soli JCM16126,12.5,[9.8 - 15.7],3.7,[2.8 - 4.8],12.9,[10.6 - 15.6],10.65
Acutalibacter_muris_GCA_948987775.1,Rhodanobacter soli JCM16126,12.5,[9.8 - 15.7],3.7,[2.8 - 4.8],12.9,[10.6 - 15.6],10.62
Acutalibacter_muris_GCA_948580785.1,Halomonas subterranea CGMCC 1.6495,12.5,[9.8 - 15.7],3.7,[2.8 - 4.8],12.9,[10.6 - 15.6],2.11
Acutalibacter_muris_GCA_949034105.1,Halomonas subterranea CGMCC 1.6495,12.5,[9.8 - 15.7],3.7,[2.8 - 4.8],12.9,[10.6 - 15.6],3.43
Acutalibacter_muris_GCF_948800305.1,Halomonas subterranea CGMCC 1.6495,12.5,[9.8 - 15.7],3.7,[2.8 - 4.8],12.9,[10.6 - 15.6],2.27
Acutalibacter_muris_GCA_948718065.1,Rhodanobacter soli JCM16126,12.5,[9.8 - 15.7],3.7,[2.8 - 4.8],12.9,[10.6 - 15.6],11.07
Acutalibacter_muris_GCA_948803965.1,Rhodanobacter soli JCM16126,12.5,[9.8 - 15.7],3.7,[2.8 - 4.8],12.9,[10.6 - 15.6],10.86
Acutalibacter_muris_GCF_948803965.1,Halomonas subterranea CGMCC 1.6495,12.5,[9.8 - 15.7],3.7,[2.8 - 4.8],12.9,[10.6 - 15.6],2.32
Acutalibacter_muris_GCA_948564225.1,Halomonas subterranea CGMCC 1.6495,12.5,[9.8 - 15.7],3.7,[2.8 - 4.8],12.9,[10.6 - 15.6],3.02
Acutalibacter_muris_GCA_948987775.1,Halomonas subterranea CGMCC 1.6495,12.5,[9.8 - 15.7],3.7,[2.8 - 4.8],12.9,[10.6 - 15.6],2.07
Acutalibacter_muris_GCF_948803965.1,Rhodanobacter soli JCM16126,12.5,[9.8 - 15.7],3.7,[2.8 - 4.8],12.9,[10.6 - 15.6],10.86
Acutalibacter_muris_GCA_948800305.1,Halomonas subterranea CGMCC 1.6495,12.5,[9.8 - 15.7],3.7,[2.8 - 4.8],12.9,[10.6 - 15.6],2.27
Acutalibacter_muris_GCA_948803965.1,Halomonas subterranea CGMCC 1.6495,12.5,[9.8 - 15.7],3.7,[2.8 - 4.8],12.9,[10.6 - 15.6],2.32
Acutalibacter_muris_GCF_948800305.1,Rhodanobacter soli JCM16126,12.5,[9.8 - 15.7],3.7,[2.8 - 4.8],12.9,[10.6 - 15.6],10.81
Acutalibacter_muris_GCF_948580785.1,Halomonas subterranea CGMCC 1.6495,12.5,[9.8 - 15.7],3.7,[2.8 - 4.8],12.9,[10.6 - 15.6],2.11
Acutalibacter_muris_GCA_948718065.1,Halomonas subterranea CGMCC 1.6495,12.5,[9.8 - 15.7],3.7,[2.8 - 4.8],12.9,[10.6 - 15.6],2.53
Acutalibacter_muris_GCF_948718065.1,Halomonas subterranea CGMCC 1.6495,12.5,[9.8 - 15.7],3.7,[2.8 - 4.8],12.9,[10.6 - 15.6],2.53
