Protein_name,Localization,Cell_wall_surface,Extracellular,Cytoplasmic,Cytoplasmic_Membrane,Outer_Membrane,Periplasmic
BBMMJFJC_00001,Cytoplasmic,0.0000,0.0004,0.9970,0.0004,0.0015,0.0007
BBMMJFJC_00002,Cytoplasmic,0.0001,0.0004,0.9851,0.0021,0.0115,0.0008
BBMMJFJC_00003,Cytoplasmic,0.0000,0.0024,0.6666,0.0000,0.3308,0.0001
BBMMJFJC_00004,Cytoplasmic,0.0031,0.0765,0.3955,0.1908,0.3041,0.0299
BBMMJFJC_00005,Outer Membrane,0.0022,0.0420,0.0795,0.0030,0.7680,0.1054
BBMMJFJC_00006,Periplasmic,0.0025,0.1170,0.0615,0.0107,0.3940,0.4143
BBMMJFJC_00007,Cytoplasmic Membrane,0.0003,0.0016,0.0012,0.9730,0.0234,0.0005
BBMMJFJC_00008,Cytoplasmic,0.0000,0.0003,0.9932,0.0008,0.0056,0.0001
BBMMJFJC_00009,Cytoplasmic,0.0001,0.0014,0.9659,0.0025,0.0271,0.0030
BBMMJFJC_00010,Outer Membrane,0.0256,0.3294,0.0003,0.0013,0.5189,0.1245
BBMMJFJC_00011,Cytoplasmic,0.0000,0.0003,0.9964,0.0001,0.0031,0.0001
BBMMJFJC_00012,Cytoplasmic,0.0000,0.0028,0.9749,0.0088,0.0038,0.0097
BBMMJFJC_00013,Cytoplasmic,0.0000,0.0017,0.9692,0.0124,0.0077,0.0090
BBMMJFJC_00014,Cytoplasmic Membrane,0.0003,0.0027,0.0026,0.9691,0.0239,0.0013
BBMMJFJC_00015,Periplasmic,0.0026,0.0710,0.0283,0.0163,0.0498,0.8321
BBMMJFJC_00016,Periplasmic,0.0001,0.0090,0.0013,0.0004,0.0102,0.9791
BBMMJFJC_00017,Cytoplasmic,0.0000,0.0006,0.9958,0.0025,0.0003,0.0008
BBMMJFJC_00018,Cytoplasmic,0.0000,0.0087,0.9533,0.0182,0.0178,0.0020
BBMMJFJC_00019,Cytoplasmic Membrane,0.0000,0.0013,0.0006,0.9934,0.0044,0.0003
BBMMJFJC_00020,Cytoplasmic Membrane,0.0000,0.0013,0.0008,0.9940,0.0034,0.0004
BBMMJFJC_00021,Cytoplasmic,0.0004,0.0024,0.7402,0.0235,0.1970,0.0365
BBMMJFJC_00022,Cytoplasmic,0.0000,0.0002,0.9983,0.0002,0.0008,0.0004
BBMMJFJC_00023,Cytoplasmic,0.0000,0.0005,0.9862,0.0100,0.0010,0.0022
BBMMJFJC_00024,Cytoplasmic,0.0002,0.0299,0.9163,0.0337,0.0162,0.0036
BBMMJFJC_00025,Cytoplasmic,0.0005,0.0003,0.9771,0.0067,0.0152,0.0002
BBMMJFJC_00026,Cytoplasmic Membrane,0.0000,0.0000,0.0000,0.9998,0.0002,0.0000
BBMMJFJC_00027,Cytoplasmic Membrane,0.0000,0.0000,0.0000,0.9999,0.0001,0.0000
BBMMJFJC_00029,Cytoplasmic Membrane,0.0044,0.1922,0.1340,0.5679,0.0807,0.0209
BBMMJFJC_00030,Cytoplasmic,0.0003,0.2018,0.7845,0.0076,0.0054,0.0004
BBMMJFJC_00031,Cytoplasmic Membrane,0.0004,0.1433,0.0043,0.7879,0.0640,0.0002
BBMMJFJC_00032,Cytoplasmic,0.0008,0.2151,0.6291,0.1072,0.0472,0.0006
BBMMJFJC_00033,Cytoplasmic,0.0003,0.1590,0.7821,0.0382,0.0147,0.0056
BBMMJFJC_00034,Cytoplasmic,0.0001,0.0260,0.9715,0.0009,0.0015,0.0000
BBMMJFJC_00035,Cytoplasmic,0.0005,0.0954,0.8162,0.0437,0.0430,0.0012
BBMMJFJC_00036,Cytoplasmic,0.0000,0.0007,0.9584,0.0291,0.0102,0.0016
BBMMJFJC_00037,Cytoplasmic,0.0001,0.3479,0.6381,0.0098,0.0034,0.0006
BBMMJFJC_00038,Cytoplasmic,0.0000,0.0898,0.8997,0.0022,0.0026,0.0057
BBMMJFJC_00039,Extracellular,0.0049,0.9445,0.0014,0.0004,0.0158,0.0330
BBMMJFJC_00040,Extracellular,0.0001,0.5248,0.4194,0.0336,0.0219,0.0001
BBMMJFJC_00041,Extracellular,0.0032,0.8876,0.0149,0.0168,0.0089,0.0686
BBMMJFJC_00042,Cytoplasmic,0.0000,0.2573,0.4708,0.2679,0.0032,0.0008
BBMMJFJC_00043,Cytoplasmic Membrane,0.0001,0.0046,0.0013,0.9806,0.0135,0.0001
BBMMJFJC_00044,Extracellular,0.0006,0.6817,0.0678,0.0158,0.1190,0.1152
BBMMJFJC_00045,Extracellular,0.0002,0.9994,0.0001,0.0000,0.0001,0.0002
BBMMJFJC_00046,Cytoplasmic Membrane,0.0002,0.3237,0.0008,0.6345,0.0405,0.0002
BBMMJFJC_00047,Extracellular,0.0150,0.8831,0.0157,0.0159,0.0189,0.0514
BBMMJFJC_00048,Extracellular,0.0000,0.6726,0.3246,0.0024,0.0004,0.0000
BBMMJFJC_00049,Cytoplasmic Membrane,0.0005,0.3899,0.0060,0.5647,0.0362,0.0027
BBMMJFJC_00050,Extracellular,0.0029,0.8582,0.0549,0.0198,0.0603,0.0041
BBMMJFJC_00051,Extracellular,0.0001,0.4786,0.1746,0.3401,0.0065,0.0002
BBMMJFJC_00052,Extracellular,0.0003,0.5586,0.2360,0.1551,0.0436,0.0063
BBMMJFJC_00053,Extracellular,0.0002,0.5642,0.2398,0.1629,0.0323,0.0007
BBMMJFJC_00054,Cytoplasmic,0.0003,0.1464,0.8511,0.0002,0.0019,0.0001
BBMMJFJC_00055,Extracellular,0.0006,0.9047,0.0044,0.0108,0.0073,0.0723
BBMMJFJC_00056,Extracellular,0.0037,0.9329,0.0294,0.0002,0.0188,0.0150
BBMMJFJC_00057,Extracellular,0.0004,0.5135,0.3672,0.0946,0.0241,0.0002
BBMMJFJC_00058,Extracellular,0.0086,0.8566,0.0431,0.0179,0.0321,0.0417
BBMMJFJC_00059,Extracellular,0.0001,0.7364,0.1514,0.1047,0.0073,0.0001
BBMMJFJC_00060,Cytoplasmic Membrane,0.0001,0.0602,0.0013,0.5838,0.3546,0.0001
BBMMJFJC_00061,Cytoplasmic,0.0001,0.2604,0.5206,0.2144,0.0044,0.0001
BBMMJFJC_00062,Extracellular,0.0030,0.7931,0.1244,0.0369,0.0375,0.0051
BBMMJFJC_00063,Cytoplasmic Membrane,0.0000,0.0000,0.0000,0.9996,0.0004,0.0000
BBMMJFJC_00064,Cytoplasmic Membrane,0.0000,0.0001,0.0002,0.9973,0.0023,0.0001
BBMMJFJC_00065,Cytoplasmic Membrane,0.0003,0.0047,0.0008,0.9826,0.0114,0.0003
BBMMJFJC_00066,Cytoplasmic,0.0002,0.0010,0.8908,0.0946,0.0128,0.0006
BBMMJFJC_00067,Extracellular,0.0001,0.4904,0.4360,0.0011,0.0594,0.0129
BBMMJFJC_00068,Cytoplasmic,0.0133,0.0690,0.4027,0.0449,0.3280,0.1422
BBMMJFJC_00069,Extracellular,0.1194,0.8415,0.0021,0.0027,0.0205,0.0138
BBMMJFJC_00070,Periplasmic,0.0001,0.0114,0.1388,0.0017,0.0430,0.8049
BBMMJFJC_00071,Cytoplasmic,0.0000,0.0014,0.9202,0.0751,0.0027,0.0006
BBMMJFJC_00072,Cytoplasmic Membrane,0.0057,0.0225,0.1028,0.6663,0.1802,0.0225
BBMMJFJC_00073,Periplasmic,0.0000,0.0283,0.1490,0.0206,0.0226,0.7794
BBMMJFJC_00074,Cytoplasmic,0.0009,0.2396,0.7398,0.0096,0.0052,0.0048
BBMMJFJC_00075,Cytoplasmic,0.0000,0.0022,0.9962,0.0002,0.0010,0.0003
BBMMJFJC_00076,Cytoplasmic Membrane,0.0031,0.0176,0.0539,0.8211,0.0610,0.0433
BBMMJFJC_00077,Cytoplasmic Membrane,0.0000,0.0082,0.0154,0.9733,0.0019,0.0011
BBMMJFJC_00078,Cytoplasmic Membrane,0.0000,0.0003,0.0014,0.9974,0.0004,0.0006
BBMMJFJC_00079,Cytoplasmic,0.0000,0.0011,0.9839,0.0145,0.0004,0.0001
BBMMJFJC_00080,Cytoplasmic Membrane,0.0000,0.0023,0.0006,0.9961,0.0010,0.0001
BBMMJFJC_00081,Cytoplasmic Membrane,0.0001,0.0006,0.3641,0.6207,0.0124,0.0022
BBMMJFJC_00082,Cytoplasmic Membrane,0.0001,0.0122,0.0069,0.9728,0.0080,0.0001
BBMMJFJC_00083,Cytoplasmic,0.0001,0.0050,0.9618,0.0130,0.0154,0.0046
BBMMJFJC_00084,Cytoplasmic Membrane,0.0000,0.0003,0.0096,0.9863,0.0036,0.0002
BBMMJFJC_00085,Cytoplasmic,0.0002,0.2169,0.6479,0.0081,0.0897,0.0373
BBMMJFJC_00086,Cytoplasmic,0.0000,0.0639,0.9289,0.0035,0.0028,0.0008
BBMMJFJC_00087,Cytoplasmic Membrane,0.0001,0.0001,0.0048,0.9914,0.0035,0.0002
BBMMJFJC_00088,Cytoplasmic Membrane,0.0022,0.0541,0.0051,0.5899,0.2534,0.0954
BBMMJFJC_00089,Cytoplasmic,0.0001,0.0005,0.8155,0.1716,0.0109,0.0014
BBMMJFJC_00090,Cytoplasmic,0.0008,0.0870,0.4164,0.2109,0.1779,0.1071
BBMMJFJC_00091,Cytoplasmic,0.0000,0.0012,0.8129,0.0005,0.1367,0.0486
BBMMJFJC_00092,Cytoplasmic Membrane,0.0000,0.0003,0.1687,0.8164,0.0118,0.0027
BBMMJFJC_00093,Cytoplasmic,0.0000,0.0001,0.9818,0.0102,0.0077,0.0002
BBMMJFJC_00094,Cytoplasmic Membrane,0.0001,0.0061,0.0014,0.9704,0.0210,0.0010
BBMMJFJC_00095,Periplasmic,0.0030,0.2295,0.2646,0.0342,0.0468,0.4219
BBMMJFJC_00096,Cytoplasmic Membrane,0.0000,0.0003,0.0001,0.9919,0.0074,0.0003
BBMMJFJC_00097,Cytoplasmic,0.0006,0.0039,0.9717,0.0006,0.0213,0.0020
BBMMJFJC_00098,Cytoplasmic,0.0000,0.0009,0.9795,0.0080,0.0102,0.0013
BBMMJFJC_00099,Cytoplasmic,0.0001,0.0171,0.9230,0.0047,0.0150,0.0401
BBMMJFJC_00100,Periplasmic,0.0003,0.0137,0.0526,0.0025,0.0454,0.8854
BBMMJFJC_00101,Cytoplasmic,0.0002,0.0018,0.9796,0.0120,0.0063,0.0001
BBMMJFJC_00102,Outer Membrane,0.0000,0.0013,0.3091,0.0000,0.6819,0.0076
BBMMJFJC_00103,Cytoplasmic,0.0001,0.0018,0.9526,0.0055,0.0305,0.0095
BBMMJFJC_00104,Cytoplasmic,0.0000,0.0000,0.9999,0.0001,0.0000,0.0000
BBMMJFJC_00105,Cytoplasmic,0.0000,0.0011,0.9980,0.0001,0.0004,0.0004
BBMMJFJC_00106,Cytoplasmic,0.0000,0.0002,0.9957,0.0035,0.0005,0.0001
BBMMJFJC_00107,Cytoplasmic,0.0002,0.0025,0.9611,0.0059,0.0298,0.0004
BBMMJFJC_00108,Cytoplasmic,0.0000,0.0003,0.9906,0.0015,0.0058,0.0018
BBMMJFJC_00109,Periplasmic,0.0002,0.0054,0.1627,0.0141,0.1334,0.6842
BBMMJFJC_00110,Cytoplasmic,0.0001,0.0004,0.9781,0.0136,0.0045,0.0033
BBMMJFJC_00111,Cytoplasmic Membrane,0.0000,0.0011,0.3093,0.6887,0.0004,0.0006
BBMMJFJC_00112,Cytoplasmic Membrane,0.0000,0.0000,0.0010,0.9987,0.0003,0.0000
BBMMJFJC_00113,Cytoplasmic Membrane,0.0003,0.0019,0.0005,0.9917,0.0055,0.0001
BBMMJFJC_00114,Cytoplasmic Membrane,0.0005,0.3266,0.0075,0.5623,0.1026,0.0006
BBMMJFJC_00115,Outer Membrane,0.0001,0.0343,0.0062,0.1342,0.6918,0.1334
BBMMJFJC_00116,Cytoplasmic,0.0005,0.0019,0.9740,0.0046,0.0175,0.0016
BBMMJFJC_00117,Cytoplasmic Membrane,0.0000,0.0000,0.0000,0.9985,0.0015,0.0000
BBMMJFJC_00118,Cytoplasmic,0.0005,0.0003,0.9827,0.0005,0.0158,0.0001
BBMMJFJC_00119,Cytoplasmic,0.0002,0.0007,0.9767,0.0048,0.0145,0.0031
BBMMJFJC_00120,Cytoplasmic,0.0000,0.0009,0.9930,0.0017,0.0024,0.0020
BBMMJFJC_00121,Cytoplasmic,0.0000,0.0268,0.9614,0.0075,0.0016,0.0027
BBMMJFJC_00122,Extracellular,0.0070,0.8981,0.0002,0.0003,0.0885,0.0058
BBMMJFJC_00123,Cytoplasmic,0.0003,0.0122,0.5787,0.1005,0.0505,0.2578
BBMMJFJC_00124,Extracellular,0.0062,0.6952,0.0104,0.0306,0.1551,0.1025
BBMMJFJC_00125,Cytoplasmic,0.0001,0.0006,0.9742,0.0040,0.0203,0.0009
BBMMJFJC_00126,Periplasmic,0.0034,0.1014,0.0251,0.0258,0.2262,0.6181
BBMMJFJC_00127,Periplasmic,0.0001,0.0105,0.4147,0.0262,0.0074,0.5412
BBMMJFJC_00128,Cytoplasmic Membrane,0.0001,0.0030,0.0007,0.6831,0.0157,0.2974
BBMMJFJC_00129,Cytoplasmic,0.0003,0.1362,0.6975,0.0760,0.0307,0.0594
BBMMJFJC_00130,Outer Membrane,0.0002,0.0018,0.0008,0.2168,0.7743,0.0062
BBMMJFJC_00131,Cytoplasmic,0.0001,0.0019,0.9950,0.0005,0.0024,0.0002
BBMMJFJC_00132,Cytoplasmic,0.0009,0.0999,0.8113,0.0706,0.0149,0.0023
BBMMJFJC_00138,Periplasmic,0.0003,0.0806,0.0021,0.0005,0.0071,0.9094
BBMMJFJC_00139,Extracellular,0.0078,0.7748,0.0170,0.0473,0.0932,0.0601
BBMMJFJC_00140,Cytoplasmic Membrane,0.0000,0.0001,0.0001,0.9975,0.0024,0.0000
BBMMJFJC_00141,Cytoplasmic,0.0000,0.0001,0.9986,0.0000,0.0009,0.0003
BBMMJFJC_00142,Cytoplasmic Membrane,0.0017,0.0190,0.0130,0.8083,0.1509,0.0071
BBMMJFJC_00143,Cytoplasmic,0.0001,0.0014,0.9725,0.0178,0.0080,0.0002
BBMMJFJC_00144,Cytoplasmic Membrane,0.0001,0.0066,0.0022,0.9844,0.0067,0.0001
BBMMJFJC_00145,Cytoplasmic,0.0000,0.0080,0.9503,0.0252,0.0140,0.0025
BBMMJFJC_00146,Cytoplasmic,0.0006,0.0032,0.9797,0.0129,0.0032,0.0005
BBMMJFJC_00147,Outer Membrane,0.0088,0.0449,0.0146,0.3586,0.5454,0.0277
BBMMJFJC_00148,Cytoplasmic Membrane,0.0063,0.0337,0.0238,0.6125,0.2905,0.0332
BBMMJFJC_00150,Cytoplasmic,0.0000,0.0004,0.9962,0.0021,0.0007,0.0005
BBMMJFJC_00151,Cytoplasmic,0.0001,0.0015,0.9958,0.0011,0.0013,0.0001
BBMMJFJC_00152,Cytoplasmic,0.0000,0.0000,0.9349,0.0003,0.0646,0.0003
BBMMJFJC_00153,Outer Membrane,0.0000,0.0000,0.3372,0.0002,0.6625,0.0001
BBMMJFJC_00154,Cytoplasmic,0.0004,0.0007,0.7130,0.0033,0.2821,0.0005
BBMMJFJC_00155,Cytoplasmic,0.0000,0.0005,0.9771,0.0026,0.0012,0.0186
BBMMJFJC_00156,Cytoplasmic,0.0003,0.0009,0.9876,0.0031,0.0074,0.0007
BBMMJFJC_00157,Cytoplasmic Membrane,0.0000,0.0000,0.0000,0.9986,0.0012,0.0001
BBMMJFJC_00158,Cytoplasmic Membrane,0.0001,0.0011,0.0196,0.9693,0.0092,0.0006
BBMMJFJC_00159,Outer Membrane,0.0197,0.0334,0.1459,0.0790,0.3961,0.3259
BBMMJFJC_00160,Cytoplasmic Membrane,0.0012,0.1852,0.0045,0.7455,0.0632,0.0004
BBMMJFJC_00161,Cytoplasmic,0.0000,0.0001,0.9814,0.0154,0.0030,0.0000
BBMMJFJC_00162,Cytoplasmic,0.0000,0.0011,0.9979,0.0001,0.0007,0.0001
BBMMJFJC_00163,Extracellular,0.0010,0.7218,0.0024,0.0250,0.0284,0.2214
BBMMJFJC_00164,Cytoplasmic,0.0000,0.0019,0.9970,0.0005,0.0000,0.0006
BBMMJFJC_00165,Cytoplasmic Membrane,0.0001,0.0016,0.0014,0.9846,0.0110,0.0012
BBMMJFJC_00166,Cytoplasmic Membrane,0.0000,0.0000,0.0001,0.9997,0.0002,0.0000
BBMMJFJC_00167,Cytoplasmic,0.0001,0.0015,0.9807,0.0049,0.0114,0.0014
BBMMJFJC_00168,Cytoplasmic,0.0002,0.0018,0.9294,0.0125,0.0543,0.0018
BBMMJFJC_00169,Cytoplasmic,0.0000,0.2319,0.6967,0.0083,0.0532,0.0098
BBMMJFJC_00170,Cytoplasmic,0.0000,0.0005,0.9752,0.0011,0.0159,0.0072
BBMMJFJC_00171,Cytoplasmic,0.0014,0.0045,0.8587,0.0500,0.0816,0.0038
BBMMJFJC_00172,Cytoplasmic,0.0008,0.0499,0.7986,0.0033,0.1232,0.0243
BBMMJFJC_00173,Cytoplasmic,0.0001,0.0012,0.9454,0.0071,0.0439,0.0023
BBMMJFJC_00174,Cytoplasmic Membrane,0.0000,0.0004,0.0000,0.9926,0.0054,0.0015
BBMMJFJC_00175,Extracellular,0.0022,0.5453,0.0101,0.2727,0.0205,0.1492
BBMMJFJC_00176,Cytoplasmic,0.0002,0.0029,0.9902,0.0014,0.0052,0.0001
BBMMJFJC_00177,Outer Membrane,0.0000,0.0015,0.4076,0.0001,0.5905,0.0002
BBMMJFJC_00178,Cytoplasmic,0.0004,0.0314,0.9183,0.0022,0.0412,0.0064
BBMMJFJC_00179,Periplasmic,0.0008,0.0842,0.3246,0.0012,0.1278,0.4615
BBMMJFJC_00180,Extracellular,0.0023,0.6068,0.1383,0.0028,0.0404,0.2093
BBMMJFJC_00181,Cytoplasmic,0.0000,0.0177,0.9801,0.0005,0.0005,0.0013
BBMMJFJC_00182,Cytoplasmic,0.0001,0.0018,0.9924,0.0004,0.0046,0.0007
BBMMJFJC_00183,Cytoplasmic,0.0000,0.0001,0.9997,0.0000,0.0002,0.0000
BBMMJFJC_00184,Cytoplasmic,0.0000,0.0013,0.9951,0.0026,0.0008,0.0001
BBMMJFJC_00185,Cytoplasmic,0.0001,0.0028,0.9791,0.0014,0.0143,0.0023
BBMMJFJC_00186,Extracellular,0.0004,0.9639,0.0000,0.0003,0.0308,0.0046
BBMMJFJC_00187,Extracellular,0.0003,0.9402,0.0052,0.0258,0.0076,0.0209
BBMMJFJC_00188,Cytoplasmic,0.0001,0.0030,0.9863,0.0065,0.0035,0.0007
BBMMJFJC_00189,Cytoplasmic,0.0000,0.0006,0.9462,0.0307,0.0144,0.0081
BBMMJFJC_00190,Periplasmic,0.0003,0.2857,0.2106,0.0052,0.0244,0.4738
BBMMJFJC_00191,Cytoplasmic,0.0000,0.0005,0.9987,0.0003,0.0004,0.0001
BBMMJFJC_00192,Cytoplasmic,0.0001,0.1416,0.8126,0.0317,0.0095,0.0045
BBMMJFJC_00193,Extracellular,0.0007,0.8258,0.1582,0.0083,0.0063,0.0007
BBMMJFJC_00194,Extracellular,0.0012,0.4706,0.0683,0.0022,0.0496,0.4080
BBMMJFJC_00195,Extracellular,0.0025,0.4805,0.0435,0.0351,0.1567,0.2817
BBMMJFJC_00196,Cytoplasmic,0.0007,0.3659,0.4250,0.0032,0.0393,0.1659
BBMMJFJC_00197,Cytoplasmic,0.0000,0.0012,0.9980,0.0006,0.0000,0.0002
BBMMJFJC_00198,Cytoplasmic Membrane,0.0000,0.0000,0.0000,0.9996,0.0004,0.0000
BBMMJFJC_00199,Cytoplasmic Membrane,0.0062,0.1343,0.0255,0.7184,0.1122,0.0035
BBMMJFJC_00200,Cytoplasmic,0.0000,0.0003,0.9977,0.0008,0.0005,0.0007
BBMMJFJC_00201,Cytoplasmic,0.0000,0.0004,0.9982,0.0000,0.0007,0.0008
BBMMJFJC_00202,Outer Membrane,0.0012,0.0202,0.0436,0.0234,0.5631,0.3485
BBMMJFJC_00203,Extracellular,0.0561,0.8385,0.0000,0.0001,0.0781,0.0271
BBMMJFJC_00204,Cytoplasmic,0.0010,0.0101,0.8634,0.0167,0.1081,0.0007
BBMMJFJC_00205,Cytoplasmic,0.0007,0.0047,0.9027,0.0117,0.0797,0.0005
BBMMJFJC_00206,Cytoplasmic,0.0000,0.0000,0.9991,0.0004,0.0003,0.0003
BBMMJFJC_00207,Cytoplasmic,0.0001,0.0017,0.9692,0.0034,0.0125,0.0131
BBMMJFJC_00208,Periplasmic,0.0000,0.0058,0.0349,0.0011,0.0191,0.9391
BBMMJFJC_00209,Periplasmic,0.0023,0.0067,0.0634,0.1015,0.2312,0.5948
BBMMJFJC_00210,Cytoplasmic,0.0000,0.0008,0.9948,0.0014,0.0024,0.0006
BBMMJFJC_00211,Cytoplasmic Membrane,0.0000,0.0016,0.0011,0.9766,0.0193,0.0013
BBMMJFJC_00212,Cytoplasmic,0.0000,0.0134,0.9790,0.0031,0.0041,0.0003
BBMMJFJC_00213,Cytoplasmic Membrane,0.0000,0.0002,0.0679,0.9273,0.0041,0.0005
BBMMJFJC_00214,Cytoplasmic Membrane,0.0000,0.0000,0.0002,0.9955,0.0040,0.0003
BBMMJFJC_00215,Cytoplasmic Membrane,0.0000,0.0000,0.0002,0.9983,0.0013,0.0002
BBMMJFJC_00216,Periplasmic,0.0013,0.0152,0.0012,0.0290,0.4135,0.5397
BBMMJFJC_00217,Cytoplasmic Membrane,0.0001,0.0006,0.0998,0.8918,0.0070,0.0007
BBMMJFJC_00218,Cytoplasmic,0.0001,0.0115,0.9825,0.0014,0.0030,0.0014
BBMMJFJC_00219,Cytoplasmic,0.0000,0.0039,0.9912,0.0002,0.0018,0.0028
BBMMJFJC_00220,Outer Membrane,0.0000,0.0018,0.0001,0.0412,0.9567,0.0001
BBMMJFJC_00221,Outer Membrane,0.0000,0.0662,0.0000,0.0192,0.7185,0.1961
BBMMJFJC_00222,Cytoplasmic,0.0001,0.0778,0.8413,0.0704,0.0058,0.0045
BBMMJFJC_00223,Cytoplasmic,0.0000,0.0190,0.9732,0.0019,0.0057,0.0003
BBMMJFJC_00224,Cytoplasmic,0.0000,0.0149,0.9780,0.0029,0.0039,0.0003
BBMMJFJC_00225,Cytoplasmic,0.0008,0.1438,0.5159,0.2984,0.0199,0.0211
BBMMJFJC_00226,Cytoplasmic Membrane,0.0000,0.0000,0.0000,0.9998,0.0002,0.0000
BBMMJFJC_00227,Cytoplasmic,0.0003,0.0020,0.8871,0.0715,0.0351,0.0040
BBMMJFJC_00228,Cytoplasmic,0.0001,0.0011,0.9527,0.0311,0.0053,0.0098
BBMMJFJC_00229,Cytoplasmic,0.0001,0.0047,0.9799,0.0095,0.0020,0.0038
BBMMJFJC_00230,Cytoplasmic,0.0002,0.0318,0.7587,0.1809,0.0270,0.0013
BBMMJFJC_00231,Cytoplasmic,0.0000,0.0001,0.9987,0.0001,0.0010,0.0002
BBMMJFJC_00232,Cytoplasmic,0.0000,0.0001,0.9881,0.0008,0.0110,0.0000
BBMMJFJC_00233,Cytoplasmic,0.0001,0.0041,0.9511,0.0222,0.0190,0.0035
BBMMJFJC_00234,Cytoplasmic Membrane,0.0000,0.0001,0.0000,0.9973,0.0025,0.0000
BBMMJFJC_00235,Cytoplasmic,0.0007,0.0091,0.7492,0.0029,0.0973,0.1408
BBMMJFJC_00236,Cytoplasmic Membrane,0.0000,0.0000,0.0000,0.9982,0.0016,0.0001
BBMMJFJC_00237,Cytoplasmic Membrane,0.0048,0.0174,0.0223,0.7589,0.1743,0.0223
BBMMJFJC_00238,Cytoplasmic,0.0002,0.0014,0.9607,0.0085,0.0284,0.0009
BBMMJFJC_00239,Cytoplasmic,0.0000,0.0001,0.9985,0.0003,0.0002,0.0008
BBMMJFJC_00240,Cytoplasmic Membrane,0.0001,0.0389,0.0019,0.9559,0.0030,0.0002
BBMMJFJC_00241,Cytoplasmic,0.0000,0.0018,0.8908,0.0577,0.0172,0.0325
BBMMJFJC_00242,Periplasmic,0.0005,0.1592,0.1435,0.0509,0.0180,0.6280
BBMMJFJC_00243,Cytoplasmic,0.0000,0.0001,0.9987,0.0010,0.0002,0.0000
BBMMJFJC_00244,Cytoplasmic Membrane,0.0000,0.0001,0.0001,0.9954,0.0043,0.0001
BBMMJFJC_00245,Extracellular,0.0068,0.9763,0.0000,0.0000,0.0165,0.0003
BBMMJFJC_00247,Cytoplasmic Membrane,0.0000,0.0000,0.0002,0.9994,0.0003,0.0000
BBMMJFJC_00248,Cytoplasmic Membrane,0.0000,0.0000,0.0002,0.9991,0.0005,0.0001
BBMMJFJC_00249,Cytoplasmic Membrane,0.0000,0.0006,0.1393,0.8569,0.0021,0.0011
BBMMJFJC_00250,Cytoplasmic Membrane,0.0002,0.0038,0.0001,0.9283,0.0105,0.0571
BBMMJFJC_00251,Cytoplasmic,0.0000,0.0003,0.9912,0.0001,0.0080,0.0003
BBMMJFJC_00252,Cytoplasmic Membrane,0.0000,0.0000,0.0000,0.9995,0.0004,0.0000
BBMMJFJC_00253,Periplasmic,0.0019,0.0839,0.0253,0.0530,0.2411,0.5947
BBMMJFJC_00254,Cytoplasmic,0.0000,0.0001,0.9991,0.0001,0.0006,0.0002
BBMMJFJC_00255,Cytoplasmic Membrane,0.0003,0.0078,0.0016,0.9682,0.0211,0.0011
BBMMJFJC_00256,Cytoplasmic,0.0002,0.0015,0.9812,0.0031,0.0108,0.0032
BBMMJFJC_00257,Cytoplasmic,0.0001,0.0348,0.8719,0.0212,0.0353,0.0366
BBMMJFJC_00258,Cytoplasmic Membrane,0.0000,0.0005,0.0008,0.9933,0.0052,0.0000
BBMMJFJC_00259,Cytoplasmic,0.0004,0.0188,0.6058,0.0454,0.0093,0.3202
BBMMJFJC_00260,Cytoplasmic,0.0000,0.0124,0.9086,0.0485,0.0095,0.0209
BBMMJFJC_00261,Cytoplasmic,0.0000,0.0002,0.9974,0.0003,0.0018,0.0003
BBMMJFJC_00262,Cytoplasmic,0.0001,0.3486,0.5393,0.0111,0.0826,0.0184
BBMMJFJC_00263,Cytoplasmic Membrane,0.0003,0.0493,0.0001,0.8717,0.0783,0.0003
BBMMJFJC_00264,Cytoplasmic,0.0000,0.0715,0.8070,0.0199,0.1003,0.0012
BBMMJFJC_00265,Cytoplasmic,0.0000,0.0000,0.9970,0.0000,0.0028,0.0002
BBMMJFJC_00266,Cytoplasmic,0.0000,0.0000,0.9969,0.0003,0.0025,0.0002
BBMMJFJC_00267,Cytoplasmic,0.0000,0.0001,0.9927,0.0001,0.0032,0.0040
BBMMJFJC_00268,Cytoplasmic,0.0000,0.0001,0.9990,0.0001,0.0006,0.0002
BBMMJFJC_00269,Cytoplasmic,0.0000,0.0011,0.9926,0.0032,0.0016,0.0016
BBMMJFJC_00270,Cytoplasmic,0.0000,0.0034,0.9905,0.0002,0.0006,0.0053
BBMMJFJC_00271,Cytoplasmic,0.0000,0.0010,0.9967,0.0005,0.0016,0.0002
BBMMJFJC_00272,Periplasmic,0.0025,0.3272,0.0723,0.0067,0.0375,0.5538
BBMMJFJC_00273,Cytoplasmic,0.0001,0.0003,0.5220,0.4400,0.0364,0.0013
BBMMJFJC_00274,Cytoplasmic,0.0009,0.0017,0.9495,0.0024,0.0448,0.0007
BBMMJFJC_00275,Cytoplasmic,0.0000,0.0000,0.9983,0.0000,0.0017,0.0000
BBMMJFJC_00276,Cytoplasmic,0.0022,0.0131,0.8706,0.0034,0.1080,0.0028
BBMMJFJC_00277,Periplasmic,0.0023,0.0252,0.0197,0.0011,0.2556,0.6961
BBMMJFJC_00278,Cytoplasmic Membrane,0.0000,0.0000,0.0000,0.9974,0.0025,0.0000
BBMMJFJC_00281,Periplasmic,0.0030,0.1443,0.0027,0.0106,0.2778,0.5617
BBMMJFJC_00282,Outer Membrane,0.0000,0.0000,0.0000,0.0009,0.9991,0.0000
BBMMJFJC_00283,Cytoplasmic Membrane,0.0010,0.0018,0.0047,0.8337,0.1553,0.0034
BBMMJFJC_00284,Outer Membrane,0.0006,0.0044,0.0133,0.2407,0.4609,0.2801
BBMMJFJC_00285,Cytoplasmic,0.0028,0.0766,0.8905,0.0098,0.0199,0.0005
BBMMJFJC_00286,Cytoplasmic,0.0001,0.0057,0.9658,0.0088,0.0191,0.0004
BBMMJFJC_00287,Cytoplasmic,0.0000,0.0004,0.8891,0.0001,0.1065,0.0038
BBMMJFJC_00288,Cytoplasmic,0.0000,0.0001,0.9514,0.0001,0.0414,0.0071
BBMMJFJC_00289,Periplasmic,0.0002,0.0111,0.3746,0.0296,0.0655,0.5191
BBMMJFJC_00290,Periplasmic,0.0001,0.0366,0.0608,0.0004,0.0182,0.8838
BBMMJFJC_00291,Cytoplasmic Membrane,0.0043,0.2009,0.1022,0.3471,0.3238,0.0217
BBMMJFJC_00292,Cytoplasmic,0.0002,0.0007,0.9694,0.0217,0.0076,0.0004
BBMMJFJC_00293,Cytoplasmic,0.0027,0.0359,0.7037,0.0563,0.0653,0.1362
BBMMJFJC_00294,Cytoplasmic Membrane,0.0000,0.0001,0.0000,0.9983,0.0016,0.0000
BBMMJFJC_00295,Cytoplasmic,0.0001,0.0169,0.9630,0.0013,0.0006,0.0181
BBMMJFJC_00296,Cytoplasmic,0.0076,0.1305,0.5202,0.0464,0.2731,0.0222
BBMMJFJC_00297,Cytoplasmic,0.0000,0.0004,0.9963,0.0000,0.0001,0.0032
BBMMJFJC_00298,Cytoplasmic,0.0009,0.0105,0.8731,0.0464,0.0662,0.0029
BBMMJFJC_00299,Cytoplasmic,0.0000,0.0002,0.9990,0.0004,0.0002,0.0003
BBMMJFJC_00300,Cytoplasmic,0.0006,0.0775,0.8155,0.0672,0.0383,0.0009
BBMMJFJC_00301,Cytoplasmic Membrane,0.0000,0.0001,0.0003,0.9966,0.0029,0.0000
BBMMJFJC_00304,Outer Membrane,0.0000,0.0017,0.0001,0.0116,0.9852,0.0014
BBMMJFJC_00305,Extracellular,0.0000,0.4863,0.3166,0.1945,0.0025,0.0001
BBMMJFJC_00306,Cytoplasmic Membrane,0.0000,0.0006,0.0006,0.9930,0.0037,0.0021
BBMMJFJC_00307,Outer Membrane,0.0000,0.0000,0.0003,0.0409,0.9581,0.0006
BBMMJFJC_00308,Cytoplasmic,0.0002,0.0010,0.9854,0.0013,0.0043,0.0077
BBMMJFJC_00309,Cytoplasmic,0.0004,0.0149,0.7330,0.0057,0.1625,0.0835
BBMMJFJC_00310,Extracellular,0.0010,0.7299,0.2308,0.0018,0.0121,0.0243
BBMMJFJC_00311,Periplasmic,0.0025,0.1358,0.3241,0.0418,0.0921,0.4038
BBMMJFJC_00312,Outer Membrane,0.0000,0.0000,0.0001,0.0052,0.9942,0.0004
BBMMJFJC_00313,Cytoplasmic,0.0001,0.0046,0.9773,0.0017,0.0099,0.0064
BBMMJFJC_00314,Cytoplasmic,0.0000,0.0004,0.9965,0.0027,0.0002,0.0002
BBMMJFJC_00315,Cytoplasmic,0.0000,0.0001,0.9902,0.0088,0.0003,0.0006
BBMMJFJC_00316,Cytoplasmic,0.0002,0.0018,0.9139,0.0165,0.0622,0.0054
BBMMJFJC_00317,Cytoplasmic,0.0001,0.0040,0.9788,0.0069,0.0099,0.0003
BBMMJFJC_00318,Cytoplasmic Membrane,0.0001,0.0002,0.1033,0.8686,0.0276,0.0002
BBMMJFJC_00319,Cytoplasmic Membrane,0.0000,0.0000,0.0001,0.9991,0.0008,0.0000
BBMMJFJC_00321,Cytoplasmic,0.0000,0.0005,0.9970,0.0002,0.0018,0.0004
BBMMJFJC_00322,Cytoplasmic,0.0001,0.0050,0.9799,0.0007,0.0132,0.0010
BBMMJFJC_00323,Cytoplasmic,0.0000,0.0037,0.9834,0.0026,0.0025,0.0077
BBMMJFJC_00324,Cytoplasmic,0.0453,0.1833,0.7440,0.0026,0.0238,0.0011
BBMMJFJC_00325,Extracellular,0.0002,0.9973,0.0000,0.0001,0.0020,0.0003
BBMMJFJC_00326,Periplasmic,0.0001,0.2295,0.0002,0.0015,0.0110,0.7577
BBMMJFJC_00327,Cytoplasmic,0.0001,0.0046,0.9723,0.0208,0.0008,0.0014
BBMMJFJC_00328,Cytoplasmic,0.0000,0.0156,0.9665,0.0120,0.0058,0.0001
BBMMJFJC_00329,Cytoplasmic,0.0002,0.0490,0.9054,0.0287,0.0162,0.0006
BBMMJFJC_00330,Cytoplasmic Membrane,0.0003,0.0091,0.0085,0.7826,0.1836,0.0159
BBMMJFJC_00331,Cytoplasmic,0.0369,0.2012,0.6724,0.0124,0.0506,0.0265
BBMMJFJC_00332,Cytoplasmic,0.0000,0.0037,0.9887,0.0008,0.0055,0.0013
BBMMJFJC_00333,Cytoplasmic,0.0000,0.0000,0.9994,0.0000,0.0005,0.0000
BBMMJFJC_00334,Cytoplasmic,0.0000,0.0000,0.9978,0.0000,0.0019,0.0002
BBMMJFJC_00335,Cytoplasmic,0.0002,0.0004,0.9874,0.0018,0.0096,0.0005
BBMMJFJC_00336,Cytoplasmic,0.0000,0.0001,0.9979,0.0009,0.0009,0.0001
BBMMJFJC_00337,Cytoplasmic,0.0001,0.0094,0.9800,0.0058,0.0043,0.0005
BBMMJFJC_00338,Periplasmic,0.0004,0.1722,0.3660,0.0011,0.0158,0.4445
BBMMJFJC_00339,Cytoplasmic,0.0005,0.0039,0.7707,0.2111,0.0134,0.0004
BBMMJFJC_00340,Cytoplasmic Membrane,0.0001,0.0003,0.0073,0.9804,0.0090,0.0030
BBMMJFJC_00341,Cytoplasmic,0.0000,0.0002,0.9362,0.0618,0.0013,0.0004
BBMMJFJC_00342,Cytoplasmic,0.0000,0.0368,0.9580,0.0035,0.0004,0.0014
BBMMJFJC_00343,Extracellular,0.0001,0.7318,0.1798,0.0384,0.0305,0.0194
BBMMJFJC_00344,Cytoplasmic Membrane,0.0006,0.0022,0.0350,0.8780,0.0600,0.0243
BBMMJFJC_00345,Cytoplasmic Membrane,0.0000,0.0000,0.0002,0.9991,0.0007,0.0000
BBMMJFJC_00346,Cytoplasmic,0.0003,0.0092,0.8625,0.0052,0.1215,0.0013
BBMMJFJC_00347,Cytoplasmic,0.0030,0.0006,0.5663,0.0330,0.3958,0.0013
BBMMJFJC_00348,Cytoplasmic,0.0024,0.0162,0.6986,0.0212,0.2359,0.0257
BBMMJFJC_00349,Cytoplasmic,0.0000,0.0002,0.9968,0.0001,0.0015,0.0015
BBMMJFJC_00350,Cytoplasmic,0.0000,0.0001,0.9976,0.0001,0.0018,0.0003
BBMMJFJC_00351,Cytoplasmic,0.0001,0.0002,0.9754,0.0061,0.0150,0.0032
BBMMJFJC_00352,Cytoplasmic,0.0000,0.0009,0.9952,0.0006,0.0024,0.0008
BBMMJFJC_00353,Cytoplasmic Membrane,0.0002,0.0136,0.0007,0.9544,0.0192,0.0118
BBMMJFJC_00354,Cytoplasmic Membrane,0.0001,0.0084,0.0011,0.9872,0.0026,0.0006
BBMMJFJC_00355,Periplasmic,0.0046,0.2758,0.0116,0.1578,0.1399,0.4103
BBMMJFJC_00356,Cytoplasmic,0.0002,0.0021,0.9598,0.0041,0.0327,0.0010
BBMMJFJC_00357,Cytoplasmic Membrane,0.0001,0.0676,0.0010,0.9291,0.0021,0.0001
BBMMJFJC_00358,Cytoplasmic Membrane,0.0000,0.0000,0.0000,0.9997,0.0002,0.0000
BBMMJFJC_00359,Periplasmic,0.0029,0.0438,0.1562,0.0142,0.0825,0.7004
BBMMJFJC_00360,Cytoplasmic Membrane,0.0017,0.0377,0.0238,0.8043,0.1234,0.0092
BBMMJFJC_00361,Outer Membrane,0.0003,0.2521,0.0062,0.0848,0.6468,0.0098
BBMMJFJC_00362,Cytoplasmic,0.0000,0.0005,0.9972,0.0008,0.0011,0.0004
BBMMJFJC_00363,Cytoplasmic,0.0000,0.0030,0.9876,0.0015,0.0068,0.0011
BBMMJFJC_00364,Cytoplasmic,0.0000,0.0173,0.9808,0.0002,0.0007,0.0011
BBMMJFJC_00365,Cytoplasmic Membrane,0.0000,0.0000,0.0000,1.0000,0.0000,0.0000
BBMMJFJC_00366,Cytoplasmic,0.0000,0.0000,1.0000,0.0000,0.0000,0.0000
BBMMJFJC_00367,Cytoplasmic Membrane,0.0001,0.0807,0.0113,0.9003,0.0061,0.0016
BBMMJFJC_00368,Outer Membrane,0.0002,0.0705,0.0014,0.0341,0.8923,0.0015
BBMMJFJC_00369,Cytoplasmic Membrane,0.0000,0.0008,0.0007,0.9971,0.0015,0.0000
BBMMJFJC_00370,Cytoplasmic,0.0000,0.0007,0.9978,0.0011,0.0004,0.0000
BBMMJFJC_00371,Cytoplasmic,0.0006,0.0591,0.5112,0.3414,0.0860,0.0018
BBMMJFJC_00372,Cytoplasmic,0.0006,0.3036,0.4521,0.0070,0.2358,0.0010
BBMMJFJC_00373,Cytoplasmic,0.0000,0.0004,0.9965,0.0001,0.0029,0.0001
BBMMJFJC_00374,Periplasmic,0.0014,0.0045,0.0826,0.2464,0.3021,0.3630
BBMMJFJC_00375,Outer Membrane,0.0810,0.3110,0.0357,0.2326,0.3203,0.0193
BBMMJFJC_00376,Cytoplasmic Membrane,0.0000,0.0000,0.0000,0.9992,0.0008,0.0000
BBMMJFJC_00377,Cytoplasmic,0.0002,0.0004,0.5492,0.0005,0.2274,0.2223
BBMMJFJC_00378,Cytoplasmic Membrane,0.0001,0.0004,0.0018,0.9931,0.0044,0.0003
BBMMJFJC_00379,Cytoplasmic,0.0002,0.0209,0.9410,0.0192,0.0181,0.0005
BBMMJFJC_00380,Cytoplasmic,0.0001,0.0012,0.8652,0.0072,0.1258,0.0005
BBMMJFJC_00381,Cytoplasmic,0.0112,0.0055,0.6826,0.0229,0.2751,0.0028
BBMMJFJC_00382,Cytoplasmic,0.0001,0.0018,0.9719,0.0005,0.0053,0.0203
BBMMJFJC_00383,Cytoplasmic Membrane,0.0001,0.0636,0.0613,0.7724,0.0044,0.0982
BBMMJFJC_00384,Cytoplasmic,0.0000,0.0038,0.9932,0.0016,0.0006,0.0008
BBMMJFJC_00385,Cytoplasmic Membrane,0.0000,0.0000,0.0001,0.9994,0.0005,0.0000
BBMMJFJC_00386,Cytoplasmic Membrane,0.0030,0.0174,0.0088,0.8781,0.0878,0.0048
BBMMJFJC_00387,Cytoplasmic Membrane,0.0000,0.0002,0.0053,0.9356,0.0566,0.0023
BBMMJFJC_00388,Cytoplasmic,0.0000,0.0011,0.9937,0.0006,0.0043,0.0003
BBMMJFJC_00389,Cytoplasmic Membrane,0.0135,0.3109,0.0056,0.3866,0.2242,0.0592
BBMMJFJC_00390,Cytoplasmic Membrane,0.0000,0.0001,0.0004,0.9936,0.0058,0.0001
BBMMJFJC_00391,Cytoplasmic,0.0000,0.0014,0.9381,0.0579,0.0024,0.0000
BBMMJFJC_00392,Cytoplasmic,0.0000,0.0003,0.9757,0.0185,0.0051,0.0003
BBMMJFJC_00393,Cytoplasmic Membrane,0.0414,0.2843,0.0853,0.4141,0.1241,0.0508
BBMMJFJC_00394,Cytoplasmic,0.0009,0.1051,0.7511,0.0938,0.0489,0.0002
BBMMJFJC_00395,Cytoplasmic,0.0003,0.0130,0.9511,0.0103,0.0222,0.0031
BBMMJFJC_00396,Cytoplasmic,0.0008,0.0071,0.7947,0.0012,0.1952,0.0009
BBMMJFJC_00397,Cytoplasmic,0.0024,0.0151,0.8500,0.0236,0.1084,0.0005
BBMMJFJC_00398,Cytoplasmic Membrane,0.0000,0.0049,0.0000,0.9932,0.0008,0.0011
BBMMJFJC_00399,Cytoplasmic Membrane,0.0001,0.0074,0.0007,0.9865,0.0047,0.0006
BBMMJFJC_00400,Cytoplasmic Membrane,0.0001,0.0099,0.0057,0.9645,0.0186,0.0012
BBMMJFJC_00401,Cytoplasmic,0.0000,0.0004,0.9992,0.0000,0.0003,0.0001
BBMMJFJC_00402,Cytoplasmic,0.0000,0.0016,0.9958,0.0004,0.0007,0.0014
BBMMJFJC_00403,Cytoplasmic Membrane,0.0000,0.0003,0.0001,0.9956,0.0039,0.0001
BBMMJFJC_00404,Extracellular,0.0056,0.5167,0.3183,0.1135,0.0403,0.0056
BBMMJFJC_00405,Cytoplasmic,0.0004,0.2775,0.6146,0.0957,0.0113,0.0004
BBMMJFJC_00406,Cytoplasmic,0.0004,0.1505,0.7210,0.0529,0.0736,0.0017
BBMMJFJC_00407,Cytoplasmic,0.0000,0.0061,0.9615,0.0139,0.0064,0.0121
BBMMJFJC_00408,Cytoplasmic,0.0000,0.0001,0.9992,0.0001,0.0003,0.0003
BBMMJFJC_00409,Cytoplasmic,0.0000,0.0000,0.9995,0.0001,0.0001,0.0003
BBMMJFJC_00410,Cytoplasmic,0.0000,0.0022,0.9960,0.0006,0.0002,0.0010
BBMMJFJC_00411,Cytoplasmic,0.0001,0.0070,0.9823,0.0023,0.0076,0.0007
BBMMJFJC_00412,Cytoplasmic,0.0000,0.0001,0.9974,0.0004,0.0014,0.0006
BBMMJFJC_00413,Extracellular,0.0810,0.7234,0.0000,0.0002,0.1634,0.0320
BBMMJFJC_00414,Cytoplasmic,0.0002,0.0010,0.9546,0.0168,0.0256,0.0018
BBMMJFJC_00415,Cytoplasmic,0.0001,0.0131,0.9119,0.0297,0.0091,0.0360
BBMMJFJC_00416,Cytoplasmic,0.0211,0.1168,0.6917,0.0454,0.1240,0.0010
BBMMJFJC_00417,Cytoplasmic Membrane,0.0001,0.0001,0.2080,0.7745,0.0165,0.0008
BBMMJFJC_00418,Cytoplasmic,0.0000,0.0013,0.9931,0.0012,0.0029,0.0016
BBMMJFJC_00419,Cytoplasmic,0.0004,0.0389,0.9259,0.0016,0.0285,0.0047
BBMMJFJC_00420,Periplasmic,0.0004,0.0262,0.3287,0.0013,0.1572,0.4863
BBMMJFJC_00421,Periplasmic,0.0003,0.0155,0.3009,0.0010,0.0611,0.6212
BBMMJFJC_00422,Periplasmic,0.0022,0.0491,0.2040,0.0504,0.0752,0.6193
BBMMJFJC_00423,Cytoplasmic Membrane,0.0068,0.3649,0.1362,0.4293,0.0391,0.0236
BBMMJFJC_00424,Cytoplasmic,0.0000,0.0039,0.9948,0.0003,0.0008,0.0002
BBMMJFJC_00425,Cytoplasmic Membrane,0.0000,0.1325,0.0015,0.8557,0.0101,0.0001
BBMMJFJC_00426,Cytoplasmic Membrane,0.0000,0.0000,0.0000,0.9997,0.0002,0.0000
BBMMJFJC_00427,Cytoplasmic Membrane,0.0000,0.0000,0.0001,0.9949,0.0050,0.0000
BBMMJFJC_00429,Extracellular,0.0006,0.5547,0.1625,0.0816,0.1868,0.0139
BBMMJFJC_00430,Cytoplasmic Membrane,0.0001,0.0031,0.0016,0.9797,0.0151,0.0005
BBMMJFJC_00431,Cytoplasmic,0.0006,0.0014,0.9222,0.0246,0.0507,0.0005
BBMMJFJC_00432,Outer Membrane,0.0000,0.0002,0.3762,0.0007,0.6217,0.0012
BBMMJFJC_00433,Outer Membrane,0.0000,0.0000,0.0822,0.0008,0.8974,0.0195
BBMMJFJC_00434,Cytoplasmic Membrane,0.0000,0.0001,0.0006,0.9948,0.0042,0.0003
BBMMJFJC_00435,Cytoplasmic Membrane,0.0000,0.0026,0.0024,0.9891,0.0054,0.0005
BBMMJFJC_00436,Extracellular,0.0282,0.8418,0.0004,0.0063,0.0970,0.0263
BBMMJFJC_00437,Cytoplasmic,0.0000,0.0057,0.9783,0.0135,0.0023,0.0003
BBMMJFJC_00438,Cytoplasmic,0.0001,0.0215,0.9583,0.0188,0.0007,0.0006
BBMMJFJC_00439,Cytoplasmic Membrane,0.0000,0.0000,0.0000,0.9996,0.0004,0.0000
BBMMJFJC_00440,Periplasmic,0.0050,0.3126,0.0780,0.0814,0.0580,0.4650
BBMMJFJC_00441,Cytoplasmic,0.0000,0.0120,0.9804,0.0025,0.0016,0.0036
BBMMJFJC_00443,Cytoplasmic,0.0002,0.0047,0.9851,0.0012,0.0087,0.0002
BBMMJFJC_00444,Extracellular,0.0013,0.5258,0.0039,0.1616,0.3049,0.0025
BBMMJFJC_00445,Outer Membrane,0.0013,0.0055,0.0289,0.2146,0.6019,0.1478
BBMMJFJC_00446,Cytoplasmic Membrane,0.0000,0.0015,0.0022,0.9891,0.0064,0.0007
BBMMJFJC_00447,Cytoplasmic,0.0000,0.0000,0.9986,0.0002,0.0009,0.0003
BBMMJFJC_00448,Cytoplasmic,0.0001,0.0017,0.9942,0.0005,0.0033,0.0002
BBMMJFJC_00449,Cytoplasmic,0.0001,0.1965,0.7012,0.0167,0.0508,0.0348
BBMMJFJC_00450,Cytoplasmic,0.0000,0.0001,0.9968,0.0014,0.0011,0.0006
BBMMJFJC_00451,Cytoplasmic,0.0003,0.0354,0.9498,0.0031,0.0103,0.0011
BBMMJFJC_00452,Extracellular,0.0002,0.2901,0.2495,0.2476,0.0846,0.1279
BBMMJFJC_00453,Cytoplasmic,0.0000,0.0009,0.8461,0.0007,0.1370,0.0152
BBMMJFJC_00454,Cytoplasmic,0.0001,0.0265,0.9140,0.0544,0.0048,0.0002
BBMMJFJC_00455,Cytoplasmic,0.0000,0.0006,0.9970,0.0019,0.0003,0.0003
BBMMJFJC_00456,Extracellular,0.0003,0.3035,0.2011,0.0022,0.2080,0.2849
BBMMJFJC_00457,Cytoplasmic,0.0000,0.0007,0.9946,0.0018,0.0027,0.0001
BBMMJFJC_00458,Cytoplasmic Membrane,0.0004,0.0047,0.2766,0.6819,0.0325,0.0039
BBMMJFJC_00459,Cytoplasmic Membrane,0.0000,0.0000,0.0001,0.9988,0.0011,0.0000
BBMMJFJC_00460,Cytoplasmic Membrane,0.0004,0.1851,0.0003,0.7956,0.0175,0.0012
BBMMJFJC_00461,Cytoplasmic Membrane,0.0000,0.0001,0.0000,0.9996,0.0002,0.0000
BBMMJFJC_00462,Cytoplasmic,0.0000,0.0001,0.8886,0.0922,0.0188,0.0002
BBMMJFJC_00463,Cytoplasmic,0.0000,0.0002,0.8951,0.0863,0.0179,0.0004
BBMMJFJC_00464,Cytoplasmic,0.0000,0.0002,0.9965,0.0004,0.0023,0.0006
BBMMJFJC_00465,Cytoplasmic,0.0001,0.0007,0.9910,0.0002,0.0077,0.0003
BBMMJFJC_00466,Cytoplasmic,0.0001,0.0006,0.9973,0.0003,0.0012,0.0005
BBMMJFJC_00467,Cytoplasmic Membrane,0.0000,0.0000,0.0000,0.9988,0.0011,0.0000
BBMMJFJC_00468,Cytoplasmic,0.0004,0.0071,0.9039,0.0133,0.0324,0.0429
BBMMJFJC_00469,Periplasmic,0.0001,0.0490,0.0026,0.0107,0.0096,0.9280
BBMMJFJC_00470,Extracellular,0.0000,0.5112,0.0000,0.0000,0.0044,0.4843
BBMMJFJC_00471,Cytoplasmic,0.0000,0.0004,0.9927,0.0004,0.0045,0.0020
BBMMJFJC_00472,Cytoplasmic,0.0000,0.0008,0.9990,0.0001,0.0000,0.0001
BBMMJFJC_00473,Cytoplasmic,0.0000,0.0000,0.9998,0.0001,0.0000,0.0000
BBMMJFJC_00474,Cytoplasmic,0.0000,0.0001,0.9967,0.0025,0.0007,0.0001
BBMMJFJC_00475,Cytoplasmic Membrane,0.0000,0.0000,0.0000,0.9996,0.0004,0.0000
BBMMJFJC_00476,Cytoplasmic Membrane,0.0004,0.0037,0.0079,0.9400,0.0339,0.0141
BBMMJFJC_00477,Cytoplasmic,0.0000,0.0001,0.9952,0.0019,0.0018,0.0010
BBMMJFJC_00478,Cytoplasmic,0.0001,0.0256,0.9607,0.0065,0.0041,0.0030
BBMMJFJC_00479,Cytoplasmic Membrane,0.0000,0.0030,0.0001,0.9944,0.0023,0.0003
BBMMJFJC_00480,Periplasmic,0.0001,0.0152,0.0069,0.0004,0.0215,0.9560
BBMMJFJC_00481,Cytoplasmic Membrane,0.0000,0.0000,0.0001,0.9982,0.0016,0.0001
BBMMJFJC_00482,Cytoplasmic Membrane,0.0000,0.0000,0.0000,0.9992,0.0008,0.0000
BBMMJFJC_00483,Cytoplasmic Membrane,0.0000,0.0000,0.0000,0.9998,0.0002,0.0000
BBMMJFJC_00484,Cytoplasmic Membrane,0.0000,0.0000,0.0000,0.9997,0.0003,0.0000
BBMMJFJC_00485,Cytoplasmic Membrane,0.0000,0.0000,0.0000,0.9988,0.0011,0.0000
BBMMJFJC_00486,Cytoplasmic Membrane,0.0001,0.0003,0.0752,0.9063,0.0072,0.0109
BBMMJFJC_00487,Cytoplasmic Membrane,0.0000,0.0000,0.0001,0.9995,0.0004,0.0000
BBMMJFJC_00488,Cytoplasmic,0.0000,0.0004,0.7395,0.0140,0.0132,0.2329
BBMMJFJC_00489,Cytoplasmic,0.0002,0.0019,0.8964,0.0446,0.0328,0.0242
BBMMJFJC_00490,Cytoplasmic,0.0000,0.0001,0.9662,0.0013,0.0062,0.0262
BBMMJFJC_00491,Cytoplasmic,0.0000,0.0009,0.7240,0.1366,0.0322,0.1063
BBMMJFJC_00492,Cytoplasmic Membrane,0.0000,0.0035,0.0003,0.9898,0.0062,0.0001
BBMMJFJC_00493,Periplasmic,0.0013,0.0453,0.1527,0.0103,0.0339,0.7566
BBMMJFJC_00494,Cytoplasmic Membrane,0.0000,0.0001,0.0001,0.9985,0.0013,0.0000
BBMMJFJC_00495,Cytoplasmic,0.0000,0.0006,0.9983,0.0001,0.0004,0.0006
BBMMJFJC_00496,Cytoplasmic,0.0002,0.0010,0.9884,0.0055,0.0039,0.0010
BBMMJFJC_00497,Outer Membrane,0.0009,0.0269,0.0008,0.0014,0.9019,0.0680
BBMMJFJC_00498,Cytoplasmic,0.0000,0.0246,0.9471,0.0190,0.0073,0.0019
BBMMJFJC_00499,Outer Membrane,0.0002,0.0029,0.0022,0.0693,0.9041,0.0213
BBMMJFJC_00500,Cytoplasmic,0.0000,0.0009,0.9608,0.0335,0.0017,0.0031
BBMMJFJC_00501,Cytoplasmic Membrane,0.0000,0.0003,0.0007,0.9977,0.0013,0.0000
BBMMJFJC_00502,Cytoplasmic,0.0000,0.0003,0.9808,0.0009,0.0175,0.0005
BBMMJFJC_00503,Cytoplasmic,0.0004,0.0004,0.8766,0.0768,0.0455,0.0003
BBMMJFJC_00504,Outer Membrane,0.0027,0.1249,0.0632,0.0770,0.5225,0.2098
BBMMJFJC_00505,Extracellular,0.0026,0.8379,0.0953,0.0039,0.0304,0.0300
BBMMJFJC_00506,Periplasmic,0.0006,0.1376,0.0208,0.0761,0.0939,0.6711
BBMMJFJC_00507,Cytoplasmic,0.0000,0.0003,0.9824,0.0002,0.0149,0.0021
BBMMJFJC_00508,Cytoplasmic Membrane,0.0014,0.0064,0.0798,0.4318,0.1543,0.3263
BBMMJFJC_00509,Cytoplasmic Membrane,0.0000,0.0000,0.0005,0.9971,0.0024,0.0000
BBMMJFJC_00510,Cytoplasmic,0.0000,0.0001,0.9972,0.0002,0.0022,0.0003
BBMMJFJC_00511,Cytoplasmic Membrane,0.0000,0.0000,0.0000,0.9987,0.0012,0.0000
BBMMJFJC_00512,Periplasmic,0.0005,0.0138,0.3884,0.0139,0.1275,0.4559
BBMMJFJC_00513,Cytoplasmic,0.0000,0.0001,0.9994,0.0001,0.0003,0.0001
BBMMJFJC_00514,Cytoplasmic,0.0002,0.3090,0.6680,0.0033,0.0089,0.0106
BBMMJFJC_00515,Outer Membrane,0.0002,0.0028,0.0456,0.0073,0.9408,0.0032
BBMMJFJC_00516,Cytoplasmic Membrane,0.0035,0.0143,0.0093,0.8336,0.1179,0.0214
BBMMJFJC_00517,Cytoplasmic Membrane,0.0001,0.0003,0.0484,0.9024,0.0463,0.0026
BBMMJFJC_00518,Cytoplasmic,0.0001,0.0009,0.9890,0.0009,0.0087,0.0004
BBMMJFJC_00519,Cytoplasmic Membrane,0.0001,0.0024,0.4374,0.4728,0.0784,0.0089
BBMMJFJC_00520,Cytoplasmic,0.0000,0.0000,0.7321,0.2495,0.0181,0.0003
BBMMJFJC_00521,Periplasmic,0.0013,0.0302,0.2921,0.0785,0.0262,0.5718
BBMMJFJC_00522,Cytoplasmic,0.0000,0.0003,0.9969,0.0017,0.0009,0.0002
BBMMJFJC_00523,Cytoplasmic,0.0002,0.0010,0.8572,0.0159,0.1213,0.0043
BBMMJFJC_00524,Cytoplasmic,0.0010,0.0132,0.8981,0.0676,0.0173,0.0028
BBMMJFJC_00525,Outer Membrane,0.0048,0.0018,0.3918,0.0001,0.6005,0.0009
BBMMJFJC_00526,Cytoplasmic,0.0000,0.0002,0.9958,0.0008,0.0028,0.0004
BBMMJFJC_00527,Cytoplasmic,0.0004,0.0090,0.7957,0.0606,0.1177,0.0166
BBMMJFJC_00528,Cytoplasmic,0.0001,0.0010,0.5265,0.4310,0.0396,0.0018
BBMMJFJC_00529,Cytoplasmic,0.0000,0.0005,0.9968,0.0003,0.0015,0.0008
BBMMJFJC_00530,Cytoplasmic,0.0010,0.0021,0.9382,0.0007,0.0441,0.0140
BBMMJFJC_00531,Periplasmic,0.0051,0.1875,0.1459,0.0343,0.0435,0.5837
BBMMJFJC_00532,Outer Membrane,0.0019,0.0369,0.0257,0.2983,0.5354,0.1019
BBMMJFJC_00533,Cytoplasmic,0.0000,0.0019,0.9905,0.0005,0.0055,0.0016
BBMMJFJC_00534,Cytoplasmic,0.0018,0.0248,0.4431,0.0360,0.1382,0.3561
BBMMJFJC_00535,Cytoplasmic,0.0000,0.0014,0.9927,0.0024,0.0035,0.0000
BBMMJFJC_00536,Periplasmic,0.0001,0.0050,0.0432,0.0003,0.0374,0.9140
BBMMJFJC_00537,Periplasmic,0.0003,0.0425,0.0135,0.0005,0.0551,0.8882
BBMMJFJC_00538,Periplasmic,0.0003,0.0318,0.2500,0.0022,0.0250,0.6907
BBMMJFJC_00539,Cytoplasmic,0.0000,0.0008,0.9752,0.0028,0.0031,0.0180
BBMMJFJC_00540,Periplasmic,0.0018,0.0126,0.1405,0.0017,0.0777,0.7658
BBMMJFJC_00541,Cytoplasmic Membrane,0.0001,0.0541,0.0005,0.9420,0.0029,0.0005
BBMMJFJC_00542,Cytoplasmic,0.0001,0.0009,0.9863,0.0042,0.0077,0.0008
BBMMJFJC_00543,Extracellular,0.0012,0.4666,0.1101,0.0007,0.0062,0.4151
BBMMJFJC_00544,Cytoplasmic,0.0000,0.0002,0.9928,0.0063,0.0007,0.0000
BBMMJFJC_00545,Cytoplasmic,0.0003,0.0897,0.6789,0.1320,0.0975,0.0016
BBMMJFJC_00547,Cytoplasmic,0.0001,0.0007,0.9958,0.0026,0.0004,0.0004
BBMMJFJC_00548,Cytoplasmic,0.0000,0.0040,0.9952,0.0005,0.0002,0.0001
BBMMJFJC_00549,Cytoplasmic Membrane,0.0004,0.0106,0.0150,0.9593,0.0132,0.0015
BBMMJFJC_00550,Cytoplasmic,0.0001,0.0013,0.9908,0.0017,0.0054,0.0006
BBMMJFJC_00551,Cytoplasmic Membrane,0.0000,0.0041,0.1224,0.8687,0.0048,0.0001
BBMMJFJC_00552,Cytoplasmic,0.0000,0.0005,0.9981,0.0002,0.0006,0.0005
BBMMJFJC_00553,Outer Membrane,0.0000,0.0000,0.0000,0.0004,0.9996,0.0000
BBMMJFJC_00554,Cytoplasmic Membrane,0.0009,0.0372,0.0571,0.6284,0.1312,0.1452
BBMMJFJC_00555,Periplasmic,0.0000,0.0030,0.0052,0.0001,0.0077,0.9839
BBMMJFJC_00556,Outer Membrane,0.0000,0.0001,0.0000,0.0417,0.9581,0.0001
BBMMJFJC_00557,Cytoplasmic,0.0000,0.0014,0.9860,0.0005,0.0032,0.0090
BBMMJFJC_00558,Cytoplasmic,0.0001,0.0001,0.9746,0.0135,0.0112,0.0005
BBMMJFJC_00559,Cytoplasmic,0.0001,0.0034,0.9933,0.0014,0.0016,0.0001
BBMMJFJC_00560,Cytoplasmic,0.0000,0.0028,0.9955,0.0009,0.0008,0.0000
BBMMJFJC_00561,Cytoplasmic,0.0000,0.0005,0.9904,0.0035,0.0019,0.0037
BBMMJFJC_00562,Cytoplasmic,0.0003,0.0259,0.9233,0.0091,0.0327,0.0087
BBMMJFJC_00563,Cytoplasmic Membrane,0.0000,0.0001,0.0000,0.9995,0.0004,0.0000
BBMMJFJC_00564,Cytoplasmic Membrane,0.0000,0.0000,0.0000,0.9997,0.0002,0.0001
BBMMJFJC_00565,Cytoplasmic,0.0000,0.0084,0.9810,0.0007,0.0025,0.0073
BBMMJFJC_00566,Cytoplasmic,0.0000,0.0020,0.9976,0.0001,0.0001,0.0002
BBMMJFJC_00567,Cytoplasmic Membrane,0.0001,0.0028,0.0029,0.9849,0.0092,0.0001
BBMMJFJC_00568,Cytoplasmic,0.0000,0.0001,0.9997,0.0001,0.0000,0.0000
BBMMJFJC_00569,Cytoplasmic,0.0002,0.0041,0.9536,0.0083,0.0329,0.0010
BBMMJFJC_00570,Cytoplasmic,0.0001,0.0037,0.9546,0.0303,0.0096,0.0018
BBMMJFJC_00571,Cytoplasmic,0.0001,0.2492,0.4956,0.1420,0.1123,0.0009
BBMMJFJC_00572,Cytoplasmic,0.0003,0.1005,0.8534,0.0012,0.0122,0.0324
BBMMJFJC_00573,Cytoplasmic,0.0002,0.0007,0.9011,0.0245,0.0469,0.0266
BBMMJFJC_00574,Cytoplasmic,0.0003,0.0371,0.9397,0.0041,0.0157,0.0031
BBMMJFJC_00576,Cytoplasmic,0.0000,0.0002,0.9926,0.0007,0.0064,0.0001
BBMMJFJC_00577,Cytoplasmic Membrane,0.0001,0.0529,0.0012,0.8967,0.0489,0.0001
BBMMJFJC_00578,Cytoplasmic,0.0022,0.2222,0.6438,0.0314,0.0997,0.0008
BBMMJFJC_00579,Extracellular,0.0839,0.6747,0.0300,0.0183,0.1889,0.0043
BBMMJFJC_00580,Outer Membrane,0.0056,0.4370,0.0009,0.0151,0.5202,0.0212
BBMMJFJC_00581,Cytoplasmic,0.0000,0.0026,0.9874,0.0028,0.0070,0.0001
BBMMJFJC_00582,Cytoplasmic,0.0001,0.2041,0.6490,0.0587,0.0877,0.0004
BBMMJFJC_00583,Cytoplasmic,0.0005,0.0489,0.7633,0.0316,0.1545,0.0012
BBMMJFJC_00584,Cytoplasmic,0.0018,0.0441,0.5474,0.2311,0.1748,0.0007
BBMMJFJC_00585,Cytoplasmic,0.0027,0.0789,0.8727,0.0102,0.0353,0.0002
BBMMJFJC_00586,Cytoplasmic,0.0000,0.0001,0.9959,0.0013,0.0026,0.0000
BBMMJFJC_00587,Cytoplasmic,0.0001,0.0191,0.9632,0.0077,0.0098,0.0001
BBMMJFJC_00588,Cytoplasmic,0.0002,0.2071,0.7503,0.0139,0.0281,0.0004
BBMMJFJC_00589,Cytoplasmic,0.0004,0.0015,0.8795,0.0994,0.0186,0.0006
BBMMJFJC_00590,Cytoplasmic,0.0003,0.1767,0.4811,0.3026,0.0390,0.0004
BBMMJFJC_00591,Cytoplasmic Membrane,0.0000,0.0115,0.0003,0.9796,0.0084,0.0001
BBMMJFJC_00592,Cytoplasmic,0.0000,0.0056,0.9843,0.0025,0.0075,0.0000
BBMMJFJC_00593,Cytoplasmic,0.0000,0.0020,0.9865,0.0006,0.0095,0.0013
BBMMJFJC_00594,Cytoplasmic,0.0001,0.0016,0.9929,0.0006,0.0046,0.0003
BBMMJFJC_00595,Cytoplasmic,0.0000,0.0005,0.9827,0.0012,0.0147,0.0009
BBMMJFJC_00596,Cytoplasmic,0.0003,0.0370,0.9262,0.0019,0.0340,0.0006
BBMMJFJC_00597,Cytoplasmic,0.0000,0.0009,0.9968,0.0008,0.0014,0.0000
BBMMJFJC_00598,Cytoplasmic,0.0001,0.0174,0.9792,0.0014,0.0018,0.0001
BBMMJFJC_00599,Cytoplasmic,0.0003,0.1867,0.7421,0.0640,0.0049,0.0020
BBMMJFJC_00600,Cytoplasmic,0.0000,0.0008,0.9986,0.0000,0.0006,0.0000
BBMMJFJC_00601,Cytoplasmic,0.0000,0.0025,0.9389,0.0494,0.0066,0.0026
BBMMJFJC_00602,Cytoplasmic,0.0029,0.0875,0.8837,0.0211,0.0047,0.0002
BBMMJFJC_00603,Extracellular,0.0004,0.4564,0.3791,0.0109,0.0511,0.1021
BBMMJFJC_00604,Cytoplasmic,0.0007,0.2007,0.5444,0.1276,0.1248,0.0018
BBMMJFJC_00605,Cytoplasmic,0.0000,0.0001,0.9957,0.0001,0.0040,0.0000
BBMMJFJC_00606,Cytoplasmic,0.0000,0.0100,0.9743,0.0110,0.0040,0.0007
BBMMJFJC_00607,Extracellular,0.0013,0.4597,0.2529,0.0038,0.2307,0.0516
BBMMJFJC_00608,Cytoplasmic,0.0001,0.2005,0.7655,0.0176,0.0101,0.0062
BBMMJFJC_00609,Cytoplasmic,0.0001,0.3148,0.5337,0.1387,0.0119,0.0008
BBMMJFJC_00610,Cytoplasmic,0.0013,0.0450,0.9128,0.0128,0.0270,0.0011
BBMMJFJC_00611,Cytoplasmic,0.0004,0.2189,0.3912,0.0109,0.3742,0.0044
BBMMJFJC_00612,Cytoplasmic,0.0002,0.3252,0.3912,0.2346,0.0464,0.0024
BBMMJFJC_00613,Extracellular,0.0015,0.9041,0.0398,0.0182,0.0303,0.0061
BBMMJFJC_00614,Extracellular,0.0001,0.6880,0.3062,0.0011,0.0035,0.0011
BBMMJFJC_00615,Extracellular,0.0231,0.6171,0.0026,0.2361,0.1206,0.0005
BBMMJFJC_00616,Cytoplasmic Membrane,0.0001,0.0188,0.0006,0.9567,0.0238,0.0000
BBMMJFJC_00617,Cytoplasmic,0.0000,0.2772,0.6545,0.0377,0.0249,0.0056
BBMMJFJC_00618,Cytoplasmic Membrane,0.0001,0.0003,0.1234,0.8030,0.0092,0.0640
BBMMJFJC_00620,Periplasmic,0.0005,0.4205,0.0817,0.0081,0.0159,0.4733
BBMMJFJC_00621,Cytoplasmic,0.0001,0.3416,0.3731,0.2464,0.0378,0.0011
BBMMJFJC_00624,Cytoplasmic,0.0003,0.0025,0.9627,0.0023,0.0298,0.0024
BBMMJFJC_00626,Extracellular,0.0003,0.7014,0.2815,0.0107,0.0043,0.0018
BBMMJFJC_00627,Cytoplasmic,0.0001,0.0012,0.8545,0.0080,0.1323,0.0041
BBMMJFJC_00628,Cytoplasmic,0.0063,0.0147,0.5896,0.0517,0.3263,0.0115
BBMMJFJC_00629,Cytoplasmic,0.0001,0.0013,0.9891,0.0008,0.0082,0.0006
BBMMJFJC_00630,Cytoplasmic Membrane,0.0000,0.0001,0.0002,0.9965,0.0031,0.0001
BBMMJFJC_00631,Cytoplasmic Membrane,0.0017,0.0327,0.0016,0.8738,0.0788,0.0114
BBMMJFJC_00632,Cytoplasmic Membrane,0.0006,0.0091,0.0034,0.8869,0.0865,0.0135
BBMMJFJC_00633,Cytoplasmic,0.0015,0.0387,0.8969,0.0179,0.0438,0.0013
BBMMJFJC_00634,Cytoplasmic,0.0001,0.0037,0.9673,0.0207,0.0039,0.0043
BBMMJFJC_00635,Cytoplasmic,0.0001,0.0015,0.7695,0.2082,0.0193,0.0014
BBMMJFJC_00636,Outer Membrane,0.0003,0.0000,0.0001,0.0084,0.9843,0.0069
BBMMJFJC_00637,Extracellular,0.0685,0.4454,0.0001,0.0006,0.4413,0.0442
BBMMJFJC_00638,Extracellular,0.0471,0.6709,0.0000,0.0003,0.2311,0.0506
BBMMJFJC_00639,Cytoplasmic,0.0001,0.0009,0.8155,0.1785,0.0038,0.0012
BBMMJFJC_00640,Cytoplasmic,0.0007,0.0026,0.8102,0.0214,0.1631,0.0020
BBMMJFJC_00641,Cytoplasmic Membrane,0.0000,0.0000,0.0001,0.9985,0.0013,0.0001
BBMMJFJC_00642,Cytoplasmic,0.0000,0.0003,0.9977,0.0006,0.0014,0.0001
BBMMJFJC_00643,Cytoplasmic Membrane,0.0004,0.0151,0.0003,0.9678,0.0121,0.0043
BBMMJFJC_00644,Cytoplasmic,0.0000,0.0014,0.9862,0.0025,0.0083,0.0015
BBMMJFJC_00645,Cytoplasmic,0.0020,0.0453,0.5546,0.1484,0.0869,0.1627
BBMMJFJC_00646,Cytoplasmic,0.0000,0.0000,0.9989,0.0000,0.0009,0.0002
BBMMJFJC_00647,Cytoplasmic,0.0000,0.0000,0.9927,0.0002,0.0069,0.0000
BBMMJFJC_00648,Cytoplasmic,0.0001,0.0605,0.8690,0.0654,0.0027,0.0023
BBMMJFJC_00649,Cytoplasmic Membrane,0.0000,0.0010,0.0035,0.9935,0.0016,0.0004
BBMMJFJC_00650,Cytoplasmic,0.0000,0.0043,0.9863,0.0009,0.0039,0.0045
BBMMJFJC_00651,Cytoplasmic,0.0000,0.0001,0.9934,0.0002,0.0036,0.0028
BBMMJFJC_00652,Cytoplasmic,0.0000,0.0000,0.9994,0.0001,0.0004,0.0000
BBMMJFJC_00653,Cytoplasmic Membrane,0.0002,0.0100,0.0057,0.9813,0.0025,0.0003
BBMMJFJC_00654,Cytoplasmic,0.0001,0.0075,0.9809,0.0009,0.0081,0.0026
BBMMJFJC_00655,Cytoplasmic,0.0000,0.0011,0.9952,0.0011,0.0018,0.0008
BBMMJFJC_00656,Outer Membrane,0.0000,0.0000,0.0000,0.0031,0.9968,0.0000
BBMMJFJC_00657,Cytoplasmic Membrane,0.0000,0.0008,0.0005,0.9951,0.0033,0.0002
BBMMJFJC_00658,Cytoplasmic Membrane,0.0001,0.0032,0.1285,0.8554,0.0122,0.0005
BBMMJFJC_00659,Cytoplasmic,0.0000,0.0001,0.9969,0.0002,0.0028,0.0000
BBMMJFJC_00660,Cytoplasmic,0.0007,0.1592,0.4182,0.3708,0.0508,0.0004
BBMMJFJC_00661,Cytoplasmic,0.0004,0.0202,0.8652,0.0990,0.0138,0.0014
BBMMJFJC_00662,Cytoplasmic,0.0000,0.0057,0.9885,0.0017,0.0037,0.0004
BBMMJFJC_00663,Cytoplasmic,0.0000,0.0123,0.9510,0.0336,0.0026,0.0005
BBMMJFJC_00664,Cytoplasmic,0.0004,0.0122,0.9726,0.0036,0.0099,0.0013
BBMMJFJC_00665,Cytoplasmic,0.0001,0.1198,0.8488,0.0031,0.0099,0.0183
BBMMJFJC_00666,Cytoplasmic,0.0001,0.0302,0.9449,0.0135,0.0087,0.0025
BBMMJFJC_00667,Outer Membrane,0.0009,0.0360,0.0366,0.1246,0.7908,0.0111
BBMMJFJC_00668,Cytoplasmic,0.0000,0.0003,0.9959,0.0004,0.0031,0.0003
BBMMJFJC_00669,Cytoplasmic,0.0000,0.0008,0.9937,0.0002,0.0048,0.0006
BBMMJFJC_00670,Periplasmic,0.0007,0.0836,0.0164,0.0077,0.0222,0.8693
BBMMJFJC_00671,Cytoplasmic,0.0000,0.0003,0.9897,0.0080,0.0018,0.0002
BBMMJFJC_00672,Cytoplasmic,0.0000,0.0002,0.9977,0.0003,0.0017,0.0001
BBMMJFJC_00673,Cytoplasmic,0.0001,0.0007,0.9442,0.0154,0.0394,0.0002
BBMMJFJC_00674,Cytoplasmic,0.0000,0.0021,0.9847,0.0010,0.0065,0.0057
BBMMJFJC_00675,Cytoplasmic Membrane,0.0002,0.0002,0.2014,0.7842,0.0130,0.0009
BBMMJFJC_00676,Cytoplasmic,0.0000,0.0000,0.9999,0.0000,0.0000,0.0000
BBMMJFJC_00677,Cytoplasmic Membrane,0.0010,0.0228,0.1647,0.7587,0.0507,0.0022
BBMMJFJC_00678,Cytoplasmic,0.0000,0.0000,0.9999,0.0000,0.0000,0.0000
BBMMJFJC_00679,Cytoplasmic,0.0000,0.0002,0.9917,0.0056,0.0017,0.0008
BBMMJFJC_00680,Outer Membrane,0.0098,0.0355,0.0209,0.1677,0.6078,0.1582
BBMMJFJC_00681,Cytoplasmic Membrane,0.0000,0.0001,0.0005,0.9953,0.0041,0.0000
BBMMJFJC_00682,Periplasmic,0.0002,0.0007,0.1075,0.0432,0.3514,0.4970
BBMMJFJC_00683,Cytoplasmic,0.0003,0.0373,0.7749,0.1733,0.0134,0.0009
BBMMJFJC_00684,Cytoplasmic,0.0003,0.0069,0.9274,0.0565,0.0084,0.0005
BBMMJFJC_00685,Cytoplasmic,0.0000,0.0013,0.9886,0.0057,0.0036,0.0008
BBMMJFJC_00686,Cytoplasmic,0.0000,0.0006,0.9916,0.0018,0.0031,0.0029
BBMMJFJC_00687,Cytoplasmic Membrane,0.0000,0.0000,0.0009,0.9979,0.0009,0.0003
BBMMJFJC_00688,Cytoplasmic,0.0000,0.0005,0.9955,0.0023,0.0014,0.0004
BBMMJFJC_00689,Cytoplasmic,0.0000,0.0001,0.9736,0.0003,0.0239,0.0021
BBMMJFJC_00690,Cytoplasmic,0.0000,0.0012,0.9966,0.0003,0.0011,0.0008
BBMMJFJC_00691,Cytoplasmic Membrane,0.0004,0.0073,0.0015,0.9669,0.0159,0.0079
BBMMJFJC_00692,Cytoplasmic Membrane,0.0006,0.0012,0.0027,0.9668,0.0275,0.0011
BBMMJFJC_00693,Cytoplasmic Membrane,0.0000,0.0000,0.0001,0.9926,0.0071,0.0002
BBMMJFJC_00694,Cytoplasmic Membrane,0.0000,0.0010,0.0000,0.9984,0.0006,0.0000
BBMMJFJC_00695,Cytoplasmic,0.0001,0.0002,0.5592,0.4239,0.0149,0.0017
BBMMJFJC_00696,Cytoplasmic,0.0003,0.0051,0.9611,0.0117,0.0130,0.0089
BBMMJFJC_00697,Cytoplasmic,0.0006,0.0313,0.6110,0.0096,0.0081,0.3394
BBMMJFJC_00698,Cytoplasmic,0.0000,0.0001,0.9977,0.0006,0.0004,0.0011
BBMMJFJC_00699,Cytoplasmic Membrane,0.0000,0.0006,0.0000,0.9980,0.0012,0.0002
BBMMJFJC_00700,Cytoplasmic Membrane,0.0000,0.0005,0.0000,0.9991,0.0004,0.0000
BBMMJFJC_00701,Cytoplasmic Membrane,0.0002,0.0016,0.0032,0.9622,0.0298,0.0031
BBMMJFJC_00702,Cytoplasmic Membrane,0.0016,0.0090,0.0172,0.8492,0.1191,0.0040
BBMMJFJC_00703,Cytoplasmic Membrane,0.0019,0.0274,0.0986,0.7894,0.0661,0.0165
BBMMJFJC_00704,Periplasmic,0.0010,0.0102,0.0284,0.0918,0.1425,0.7261
BBMMJFJC_00705,Periplasmic,0.0047,0.0102,0.1373,0.3636,0.0500,0.4343
BBMMJFJC_00706,Cytoplasmic,0.0068,0.0162,0.6541,0.1324,0.0197,0.1709
BBMMJFJC_00707,Cytoplasmic Membrane,0.0004,0.2111,0.0001,0.7398,0.0481,0.0005
BBMMJFJC_00709,Cytoplasmic Membrane,0.0000,0.0003,0.0003,0.9960,0.0034,0.0000
BBMMJFJC_00710,Cytoplasmic,0.0000,0.0001,0.9975,0.0003,0.0021,0.0001
BBMMJFJC_00711,Cytoplasmic Membrane,0.0005,0.1547,0.0351,0.6020,0.0983,0.1094
BBMMJFJC_00712,Cytoplasmic,0.0002,0.0407,0.9048,0.0059,0.0047,0.0436
BBMMJFJC_00713,Cytoplasmic,0.0000,0.0115,0.9843,0.0002,0.0025,0.0015
BBMMJFJC_00714,Periplasmic,0.0000,0.0148,0.0005,0.0032,0.0037,0.9778
BBMMJFJC_00715,Cytoplasmic,0.0000,0.0088,0.9786,0.0013,0.0027,0.0085
BBMMJFJC_00716,Periplasmic,0.0001,0.0113,0.0109,0.0019,0.0576,0.9182
BBMMJFJC_00717,Periplasmic,0.0004,0.0367,0.0854,0.0130,0.0365,0.8280
BBMMJFJC_00718,Cytoplasmic Membrane,0.0001,0.0008,0.0029,0.9928,0.0034,0.0001
BBMMJFJC_00719,Periplasmic,0.0008,0.0278,0.0026,0.0325,0.0989,0.8373
BBMMJFJC_00720,Periplasmic,0.0002,0.1171,0.0003,0.0006,0.0243,0.8575
BBMMJFJC_00721,Cytoplasmic,0.0000,0.0012,0.7453,0.0034,0.0303,0.2198
BBMMJFJC_00722,Cytoplasmic,0.0002,0.0194,0.9485,0.0015,0.0097,0.0207
BBMMJFJC_00723,Cytoplasmic,0.0001,0.1472,0.8419,0.0049,0.0028,0.0030
BBMMJFJC_00724,Cytoplasmic,0.0000,0.0001,0.9984,0.0000,0.0001,0.0014
BBMMJFJC_00725,Extracellular,0.0015,0.9438,0.0533,0.0002,0.0004,0.0009
BBMMJFJC_00726,Cytoplasmic Membrane,0.0000,0.0000,0.0003,0.9992,0.0004,0.0000
BBMMJFJC_00727,Periplasmic,0.0016,0.0694,0.0679,0.0500,0.2221,0.5891
BBMMJFJC_00728,Periplasmic,0.0005,0.0099,0.0342,0.0062,0.0377,0.9116
BBMMJFJC_00729,Cytoplasmic,0.0000,0.0001,0.9993,0.0001,0.0004,0.0000
BBMMJFJC_00730,Cytoplasmic,0.0001,0.0013,0.9624,0.0011,0.0308,0.0043
BBMMJFJC_00731,Cytoplasmic,0.0000,0.0001,0.9888,0.0021,0.0062,0.0028
BBMMJFJC_00732,Extracellular,0.0006,0.5610,0.0564,0.0170,0.2978,0.0672
BBMMJFJC_00733,Cytoplasmic,0.0002,0.0396,0.8863,0.0646,0.0086,0.0006
BBMMJFJC_00734,Cytoplasmic,0.0000,0.0003,0.9952,0.0008,0.0024,0.0013
BBMMJFJC_00735,Cytoplasmic,0.0013,0.0535,0.8484,0.0023,0.0796,0.0149
BBMMJFJC_00736,Cytoplasmic,0.0083,0.2133,0.4000,0.2912,0.0523,0.0351
BBMMJFJC_00737,Periplasmic,0.0016,0.0295,0.0511,0.0160,0.1705,0.7313
BBMMJFJC_00738,Cytoplasmic,0.0000,0.0000,0.9996,0.0000,0.0003,0.0000
BBMMJFJC_00739,Cytoplasmic Membrane,0.0000,0.0001,0.0132,0.9608,0.0194,0.0064
BBMMJFJC_00740,Cytoplasmic,0.0000,0.0104,0.9878,0.0003,0.0010,0.0004
BBMMJFJC_00741,Cytoplasmic Membrane,0.0012,0.0015,0.0260,0.7427,0.2222,0.0064
BBMMJFJC_00742,Cytoplasmic,0.0006,0.2896,0.6886,0.0043,0.0119,0.0051
BBMMJFJC_00743,Cytoplasmic,0.0000,0.0005,0.9821,0.0058,0.0096,0.0019
BBMMJFJC_00744,Cytoplasmic,0.0001,0.0006,0.9890,0.0042,0.0055,0.0006
BBMMJFJC_00745,Cytoplasmic,0.0003,0.2165,0.7060,0.0534,0.0121,0.0116
BBMMJFJC_00746,Cytoplasmic,0.0000,0.0023,0.6713,0.0702,0.1457,0.1105
BBMMJFJC_00747,Cytoplasmic Membrane,0.0000,0.0002,0.0000,0.9976,0.0022,0.0000
BBMMJFJC_00748,Periplasmic,0.0003,0.0100,0.0299,0.0195,0.0534,0.8869
BBMMJFJC_00749,Periplasmic,0.0040,0.3914,0.0125,0.0008,0.0322,0.5591
BBMMJFJC_00750,Cytoplasmic,0.0000,0.0001,0.9812,0.0153,0.0020,0.0014
BBMMJFJC_00751,Cytoplasmic,0.0000,0.0074,0.9881,0.0016,0.0027,0.0001
BBMMJFJC_00752,Cytoplasmic,0.0007,0.0030,0.9867,0.0005,0.0057,0.0034
BBMMJFJC_00753,Cytoplasmic Membrane,0.0000,0.0000,0.0002,0.9984,0.0014,0.0000
BBMMJFJC_00754,Cytoplasmic,0.0002,0.0037,0.9599,0.0156,0.0175,0.0032
BBMMJFJC_00755,Periplasmic,0.0009,0.0018,0.3935,0.0057,0.1036,0.4946
BBMMJFJC_00756,Cytoplasmic,0.0009,0.0007,0.9668,0.0242,0.0071,0.0003
BBMMJFJC_00757,Extracellular,0.0030,0.3238,0.0373,0.1714,0.3022,0.1623
BBMMJFJC_00758,Periplasmic,0.0006,0.0306,0.2330,0.0165,0.1336,0.5857
BBMMJFJC_00759,Periplasmic,0.0001,0.0627,0.1221,0.0003,0.0257,0.7891
BBMMJFJC_00760,Cytoplasmic,0.0001,0.0171,0.9432,0.0027,0.0344,0.0024
BBMMJFJC_00761,Outer Membrane,0.0005,0.0017,0.0162,0.1067,0.7193,0.1556
BBMMJFJC_00762,Cytoplasmic Membrane,0.0000,0.0001,0.0001,0.9987,0.0011,0.0000
BBMMJFJC_00763,Cytoplasmic,0.0119,0.0088,0.8717,0.0145,0.0905,0.0026
BBMMJFJC_00765,Cytoplasmic,0.0001,0.0083,0.9751,0.0003,0.0152,0.0011
BBMMJFJC_00766,Cytoplasmic Membrane,0.0001,0.0012,0.0903,0.8901,0.0050,0.0133
BBMMJFJC_00767,Cytoplasmic Membrane,0.0001,0.0019,0.1196,0.8384,0.0104,0.0295
BBMMJFJC_00768,Cytoplasmic Membrane,0.0011,0.0108,0.0183,0.6535,0.1586,0.1577
BBMMJFJC_00769,Cytoplasmic Membrane,0.0000,0.0000,0.0000,0.9998,0.0002,0.0000
BBMMJFJC_00770,Cytoplasmic Membrane,0.0000,0.0000,0.0000,0.9998,0.0002,0.0000
BBMMJFJC_00771,Cytoplasmic,0.0001,0.0168,0.9793,0.0020,0.0015,0.0003
BBMMJFJC_00772,Cytoplasmic Membrane,0.0010,0.0060,0.0585,0.8483,0.0742,0.0119
BBMMJFJC_00773,Cytoplasmic,0.0000,0.0003,0.9960,0.0007,0.0014,0.0016
BBMMJFJC_00774,Cytoplasmic,0.0000,0.0001,0.8991,0.0021,0.0971,0.0016
BBMMJFJC_00775,Periplasmic,0.0001,0.0767,0.0421,0.0044,0.0134,0.8632
BBMMJFJC_00776,Cytoplasmic,0.0002,0.0031,0.9817,0.0007,0.0130,0.0013
BBMMJFJC_00777,Cytoplasmic,0.0000,0.0002,0.9511,0.0017,0.0469,0.0000
BBMMJFJC_00778,Cytoplasmic Membrane,0.0003,0.0011,0.0034,0.9448,0.0483,0.0022
BBMMJFJC_00779,Cytoplasmic Membrane,0.0000,0.0000,0.0001,0.9974,0.0023,0.0001
BBMMJFJC_00780,Cytoplasmic Membrane,0.0001,0.0001,0.0152,0.9726,0.0111,0.0009
BBMMJFJC_00781,Cytoplasmic,0.0000,0.0002,0.9703,0.0254,0.0039,0.0001
BBMMJFJC_00782,Cytoplasmic,0.0022,0.4510,0.4827,0.0337,0.0212,0.0092
BBMMJFJC_00783,Cytoplasmic,0.0081,0.0127,0.6397,0.2210,0.1128,0.0057
BBMMJFJC_00784,Cytoplasmic,0.0003,0.0212,0.9560,0.0018,0.0075,0.0131
BBMMJFJC_00785,Cytoplasmic,0.0000,0.0003,0.9947,0.0043,0.0003,0.0004
BBMMJFJC_00786,Cytoplasmic Membrane,0.0000,0.0000,0.0000,0.9990,0.0006,0.0004
BBMMJFJC_00787,Cytoplasmic Membrane,0.0001,0.0008,0.0079,0.9766,0.0139,0.0007
BBMMJFJC_00788,Cytoplasmic Membrane,0.0008,0.0076,0.0014,0.7105,0.0591,0.2207
BBMMJFJC_00789,Cytoplasmic Membrane,0.0000,0.0002,0.0002,0.9942,0.0042,0.0011
BBMMJFJC_00790,Cytoplasmic Membrane,0.0004,0.0011,0.0055,0.9322,0.0269,0.0340
BBMMJFJC_00791,Extracellular,0.0003,0.7412,0.1914,0.0364,0.0230,0.0076
BBMMJFJC_00792,Cytoplasmic,0.0000,0.0007,0.9963,0.0009,0.0013,0.0007
BBMMJFJC_00793,Cytoplasmic Membrane,0.0000,0.0003,0.0011,0.9954,0.0031,0.0000
BBMMJFJC_00794,Cytoplasmic,0.0001,0.0061,0.9692,0.0012,0.0206,0.0028
BBMMJFJC_00795,Cytoplasmic Membrane,0.0009,0.0262,0.0037,0.7480,0.2184,0.0029
BBMMJFJC_00796,Cytoplasmic Membrane,0.0001,0.0496,0.0008,0.9465,0.0030,0.0001
BBMMJFJC_00797,Cytoplasmic,0.0000,0.0004,0.9954,0.0023,0.0011,0.0007
BBMMJFJC_00798,Cytoplasmic,0.0000,0.0001,0.9996,0.0000,0.0002,0.0001
BBMMJFJC_00799,Cytoplasmic,0.0000,0.0006,0.9922,0.0011,0.0025,0.0036
BBMMJFJC_00800,Cytoplasmic,0.0000,0.0017,0.9939,0.0010,0.0033,0.0001
BBMMJFJC_00801,Cytoplasmic Membrane,0.0000,0.0000,0.0000,0.9989,0.0010,0.0000
BBMMJFJC_00802,Cytoplasmic,0.0000,0.0000,0.9996,0.0000,0.0003,0.0000
BBMMJFJC_00803,Cytoplasmic Membrane,0.0000,0.0000,0.0001,0.9985,0.0013,0.0001
BBMMJFJC_00804,Cytoplasmic Membrane,0.0000,0.0000,0.0000,0.9997,0.0003,0.0000
BBMMJFJC_00805,Outer Membrane,0.0037,0.0468,0.0035,0.0014,0.9431,0.0015
BBMMJFJC_00806,Cytoplasmic,0.0003,0.0938,0.4676,0.4006,0.0362,0.0016
BBMMJFJC_00807,Cytoplasmic,0.0000,0.0005,0.9603,0.0072,0.0049,0.0270
BBMMJFJC_00808,Cytoplasmic,0.0000,0.0005,0.9966,0.0006,0.0010,0.0014
BBMMJFJC_00809,Cytoplasmic,0.0001,0.0014,0.9770,0.0084,0.0127,0.0004
BBMMJFJC_00810,Cytoplasmic,0.0005,0.0002,0.7372,0.0004,0.2604,0.0013
BBMMJFJC_00811,Cytoplasmic,0.0000,0.0004,0.9892,0.0001,0.0100,0.0003
BBMMJFJC_00812,Cytoplasmic Membrane,0.0001,0.0008,0.0010,0.9753,0.0226,0.0003
BBMMJFJC_00813,Cytoplasmic,0.0000,0.0003,0.9666,0.0002,0.0087,0.0242
BBMMJFJC_00814,Cytoplasmic Membrane,0.0002,0.3953,0.0057,0.4900,0.0492,0.0596
BBMMJFJC_00815,Cytoplasmic Membrane,0.0002,0.0139,0.1594,0.7828,0.0360,0.0077
BBMMJFJC_00816,Cytoplasmic,0.0010,0.0161,0.7638,0.1310,0.0348,0.0535
BBMMJFJC_00817,Cytoplasmic,0.0004,0.0046,0.9556,0.0066,0.0291,0.0036
BBMMJFJC_00818,Periplasmic,0.0082,0.1714,0.0457,0.0894,0.2400,0.4454
BBMMJFJC_00819,Cytoplasmic,0.0002,0.0361,0.9600,0.0007,0.0027,0.0004
BBMMJFJC_00820,Cytoplasmic,0.0002,0.0007,0.9965,0.0010,0.0012,0.0003
BBMMJFJC_00821,Cytoplasmic,0.0049,0.1855,0.2453,0.2273,0.2326,0.1045
BBMMJFJC_00822,Extracellular,0.0012,0.3263,0.3039,0.0124,0.0978,0.2583
BBMMJFJC_00823,Outer Membrane,0.0016,0.2783,0.1192,0.0510,0.3364,0.2134
BBMMJFJC_00824,Cytoplasmic,0.0000,0.0006,0.9279,0.0103,0.0040,0.0572
BBMMJFJC_00825,Cytoplasmic Membrane,0.0001,0.0003,0.0034,0.9898,0.0064,0.0001
BBMMJFJC_00826,Cytoplasmic,0.0000,0.0067,0.9864,0.0011,0.0034,0.0023
BBMMJFJC_00827,Cytoplasmic,0.0000,0.0004,0.9875,0.0023,0.0094,0.0003
BBMMJFJC_00828,Cytoplasmic,0.0000,0.0000,0.9998,0.0001,0.0001,0.0000
BBMMJFJC_00829,Periplasmic,0.0006,0.2420,0.0030,0.0133,0.0937,0.6474
BBMMJFJC_00830,Cytoplasmic Membrane,0.0000,0.0000,0.0005,0.9980,0.0014,0.0001
BBMMJFJC_00831,Cytoplasmic,0.0000,0.0032,0.8009,0.0036,0.0108,0.1816
BBMMJFJC_00832,Cytoplasmic,0.0000,0.0016,0.9826,0.0130,0.0004,0.0023
BBMMJFJC_00833,Periplasmic,0.0003,0.0473,0.1554,0.0026,0.0224,0.7720
BBMMJFJC_00834,Cytoplasmic Membrane,0.0000,0.0005,0.0022,0.9854,0.0116,0.0002
BBMMJFJC_00835,Cytoplasmic Membrane,0.0001,0.0005,0.0020,0.9697,0.0266,0.0010
BBMMJFJC_00836,Cytoplasmic Membrane,0.0002,0.0002,0.0040,0.9814,0.0137,0.0005
BBMMJFJC_00837,Periplasmic,0.0000,0.0009,0.0000,0.0001,0.0023,0.9966
BBMMJFJC_00838,Cytoplasmic Membrane,0.0000,0.0001,0.1819,0.8144,0.0036,0.0000
BBMMJFJC_00839,Cytoplasmic Membrane,0.0000,0.0000,0.0000,0.9999,0.0001,0.0000
BBMMJFJC_00840,Cytoplasmic Membrane,0.0000,0.0000,0.0000,1.0000,0.0000,0.0000
BBMMJFJC_00841,Cytoplasmic,0.0001,0.0012,0.9744,0.0056,0.0171,0.0016
BBMMJFJC_00842,Periplasmic,0.0002,0.0009,0.0068,0.0722,0.0081,0.9118
BBMMJFJC_00843,Periplasmic,0.0094,0.0463,0.0099,0.0400,0.1571,0.7373
BBMMJFJC_00844,Cytoplasmic,0.0000,0.0104,0.9876,0.0004,0.0009,0.0006
BBMMJFJC_00845,Cytoplasmic,0.0002,0.2385,0.6718,0.0482,0.0383,0.0030
BBMMJFJC_00846,Cytoplasmic,0.0000,0.0000,0.9942,0.0000,0.0056,0.0002
BBMMJFJC_00847,Cytoplasmic Membrane,0.0000,0.0009,0.0013,0.9955,0.0019,0.0005
BBMMJFJC_00848,Cytoplasmic Membrane,0.0000,0.0026,0.0034,0.9866,0.0065,0.0008
BBMMJFJC_00849,Cytoplasmic,0.0000,0.0002,0.9982,0.0003,0.0009,0.0004
BBMMJFJC_00850,Cytoplasmic Membrane,0.0006,0.1183,0.0033,0.7628,0.0742,0.0409
BBMMJFJC_00851,Cytoplasmic,0.0000,0.0577,0.9304,0.0081,0.0035,0.0002
BBMMJFJC_00852,Cytoplasmic,0.0000,0.0005,0.9812,0.0003,0.0175,0.0006
BBMMJFJC_00853,Cytoplasmic,0.0000,0.0017,0.9914,0.0007,0.0033,0.0028
BBMMJFJC_00854,Cytoplasmic,0.0169,0.0111,0.3761,0.1991,0.3228,0.0740
BBMMJFJC_00855,Cytoplasmic,0.0000,0.0010,0.9852,0.0063,0.0058,0.0017
BBMMJFJC_00856,Cytoplasmic,0.0007,0.0172,0.6233,0.3054,0.0404,0.0132
BBMMJFJC_00857,Cytoplasmic,0.0003,0.0401,0.7870,0.0023,0.1294,0.0410
BBMMJFJC_00858,Cytoplasmic,0.0000,0.0050,0.9878,0.0029,0.0022,0.0020
BBMMJFJC_00859,Cytoplasmic,0.0000,0.0195,0.9736,0.0001,0.0064,0.0003
BBMMJFJC_00860,Cytoplasmic,0.0000,0.0050,0.9752,0.0095,0.0074,0.0028
BBMMJFJC_00861,Cytoplasmic,0.0000,0.0045,0.9945,0.0000,0.0001,0.0008
BBMMJFJC_00862,Cytoplasmic,0.0003,0.0069,0.9781,0.0030,0.0093,0.0025
BBMMJFJC_00863,Cytoplasmic Membrane,0.0000,0.0000,0.0008,0.9983,0.0007,0.0001
BBMMJFJC_00864,Cytoplasmic,0.0000,0.0048,0.9839,0.0006,0.0010,0.0097
BBMMJFJC_00865,Cytoplasmic,0.0000,0.0028,0.9955,0.0000,0.0008,0.0009
BBMMJFJC_00866,Cytoplasmic,0.0000,0.0303,0.7971,0.0867,0.0857,0.0003
BBMMJFJC_00867,Cytoplasmic,0.0000,0.0001,0.9989,0.0004,0.0001,0.0004
BBMMJFJC_00868,Cytoplasmic Membrane,0.0000,0.0000,0.0000,0.9994,0.0005,0.0000
BBMMJFJC_00869,Cytoplasmic Membrane,0.0004,0.3586,0.2221,0.3803,0.0369,0.0018
BBMMJFJC_00871,Cytoplasmic Membrane,0.0001,0.0098,0.0001,0.9736,0.0159,0.0006
BBMMJFJC_00872,Periplasmic,0.0004,0.2422,0.2160,0.0011,0.0040,0.5364
BBMMJFJC_00873,Cytoplasmic,0.0002,0.3103,0.5669,0.0927,0.0288,0.0013
BBMMJFJC_00874,Cytoplasmic,0.0001,0.0011,0.9779,0.0056,0.0102,0.0050
BBMMJFJC_00875,Cytoplasmic Membrane,0.0000,0.0000,0.0006,0.9986,0.0008,0.0000
BBMMJFJC_00876,Cytoplasmic Membrane,0.0000,0.0000,0.0002,0.9992,0.0006,0.0000
BBMMJFJC_00878,Cytoplasmic,0.0002,0.0015,0.9771,0.0049,0.0149,0.0014
BBMMJFJC_00879,Cytoplasmic,0.0002,0.0012,0.9706,0.0081,0.0184,0.0014
BBMMJFJC_00880,Outer Membrane,0.0023,0.0253,0.0149,0.1745,0.7344,0.0486
BBMMJFJC_00881,Cytoplasmic Membrane,0.0001,0.0004,0.0023,0.9946,0.0025,0.0001
BBMMJFJC_00882,Cytoplasmic Membrane,0.0017,0.1171,0.2080,0.3282,0.0504,0.2946
BBMMJFJC_00883,Cytoplasmic,0.0008,0.0975,0.7290,0.0088,0.1568,0.0070
BBMMJFJC_00884,Cytoplasmic,0.0000,0.0006,0.9966,0.0005,0.0021,0.0002
BBMMJFJC_00885,Cytoplasmic,0.0000,0.0002,0.9991,0.0003,0.0001,0.0003
BBMMJFJC_00886,Cytoplasmic,0.0000,0.0021,0.9911,0.0017,0.0006,0.0044
BBMMJFJC_00887,Cytoplasmic,0.0009,0.0034,0.7619,0.0249,0.2058,0.0030
BBMMJFJC_00888,Cytoplasmic,0.0002,0.0108,0.8674,0.0016,0.1112,0.0088
BBMMJFJC_00889,Periplasmic,0.0088,0.1596,0.1544,0.0345,0.1563,0.4865
BBMMJFJC_00890,Cytoplasmic,0.0000,0.0009,0.9883,0.0039,0.0013,0.0056
BBMMJFJC_00891,Extracellular,0.0703,0.8110,0.0005,0.0275,0.0864,0.0043
BBMMJFJC_00892,Extracellular,0.0000,0.8313,0.1666,0.0000,0.0021,0.0000
BBMMJFJC_00893,Cytoplasmic,0.0002,0.0012,0.8925,0.0581,0.0325,0.0154
BBMMJFJC_00894,Cytoplasmic,0.0012,0.0099,0.6462,0.0262,0.2001,0.1164
BBMMJFJC_00895,Cytoplasmic Membrane,0.0000,0.0001,0.0010,0.9934,0.0042,0.0013
BBMMJFJC_00896,Periplasmic,0.0099,0.1115,0.1375,0.1932,0.1512,0.3967
BBMMJFJC_00897,Periplasmic,0.0033,0.1159,0.1249,0.1072,0.0600,0.5887
BBMMJFJC_00898,Periplasmic,0.0025,0.2034,0.1611,0.2573,0.0898,0.2859
BBMMJFJC_00899,Periplasmic,0.0035,0.1315,0.1273,0.2537,0.2162,0.2678
BBMMJFJC_00900,Cytoplasmic,0.0003,0.0015,0.9841,0.0067,0.0027,0.0047
BBMMJFJC_00901,Cytoplasmic,0.0002,0.0418,0.9252,0.0012,0.0262,0.0055
BBMMJFJC_00902,Cytoplasmic Membrane,0.0000,0.0000,0.0002,0.9983,0.0014,0.0000
BBMMJFJC_00903,Cytoplasmic,0.0003,0.1007,0.8505,0.0224,0.0231,0.0030
BBMMJFJC_00904,Cytoplasmic Membrane,0.0001,0.0152,0.0060,0.9523,0.0263,0.0001
BBMMJFJC_00905,Cytoplasmic,0.0001,0.0008,0.8812,0.0007,0.1157,0.0015
BBMMJFJC_00906,Extracellular,0.0013,0.7563,0.2171,0.0094,0.0072,0.0087
BBMMJFJC_00907,Cytoplasmic Membrane,0.0009,0.0038,0.0066,0.9448,0.0204,0.0234
BBMMJFJC_00908,Cytoplasmic,0.0000,0.0002,0.9955,0.0004,0.0031,0.0007
BBMMJFJC_00909,Cytoplasmic,0.0000,0.0000,0.9980,0.0000,0.0019,0.0000
BBMMJFJC_00910,Cytoplasmic Membrane,0.0000,0.0001,0.0002,0.9956,0.0040,0.0001
BBMMJFJC_00911,Periplasmic,0.0022,0.3078,0.0279,0.0006,0.0942,0.5674
BBMMJFJC_00912,Cytoplasmic,0.0002,0.0024,0.9314,0.0063,0.0480,0.0117
BBMMJFJC_00913,Cytoplasmic Membrane,0.0000,0.0000,0.0001,0.9997,0.0002,0.0000
BBMMJFJC_00914,Cytoplasmic,0.0000,0.0001,0.9996,0.0001,0.0001,0.0001
BBMMJFJC_00915,Cytoplasmic,0.0007,0.0150,0.9669,0.0022,0.0049,0.0103
BBMMJFJC_00916,Cytoplasmic,0.0001,0.0006,0.9742,0.0009,0.0123,0.0120
BBMMJFJC_00917,Cytoplasmic,0.0001,0.0018,0.9956,0.0004,0.0017,0.0004
BBMMJFJC_00918,Cytoplasmic,0.0002,0.0051,0.9874,0.0015,0.0048,0.0010
BBMMJFJC_00919,Cytoplasmic,0.0001,0.0159,0.9782,0.0005,0.0003,0.0050
BBMMJFJC_00920,Cytoplasmic,0.0009,0.0937,0.8630,0.0326,0.0088,0.0009
BBMMJFJC_00922,Periplasmic,0.0003,0.0027,0.2546,0.0017,0.0088,0.7320
BBMMJFJC_00923,Periplasmic,0.0003,0.0072,0.1471,0.0015,0.0175,0.8263
BBMMJFJC_00924,Cytoplasmic,0.0000,0.0013,0.6802,0.3155,0.0017,0.0013
BBMMJFJC_00925,Cytoplasmic,0.0000,0.0003,0.9754,0.0088,0.0151,0.0004
BBMMJFJC_00926,Periplasmic,0.0065,0.0604,0.0350,0.0391,0.0963,0.7627
BBMMJFJC_00927,Outer Membrane,0.0016,0.1198,0.0465,0.1833,0.4124,0.2364
BBMMJFJC_00928,Cytoplasmic,0.0001,0.0042,0.9895,0.0024,0.0034,0.0004
BBMMJFJC_00929,Cytoplasmic,0.0002,0.0002,0.9865,0.0015,0.0108,0.0008
BBMMJFJC_00930,Cytoplasmic,0.0000,0.0005,0.9946,0.0028,0.0019,0.0002
BBMMJFJC_00931,Cytoplasmic,0.0000,0.0011,0.9975,0.0001,0.0011,0.0003
BBMMJFJC_00933,Cytoplasmic,0.0001,0.0008,0.9901,0.0048,0.0042,0.0001
BBMMJFJC_00934,Outer Membrane,0.0007,0.0034,0.0029,0.3387,0.5080,0.1463
BBMMJFJC_00935,Cytoplasmic Membrane,0.0000,0.0000,0.0000,0.9999,0.0001,0.0000
BBMMJFJC_00936,Cytoplasmic,0.0000,0.0005,0.9990,0.0000,0.0001,0.0003
BBMMJFJC_00937,Cytoplasmic,0.0000,0.0012,0.9772,0.0009,0.0144,0.0063
BBMMJFJC_00938,Cytoplasmic Membrane,0.0000,0.0000,0.0028,0.9957,0.0015,0.0000
BBMMJFJC_00939,Cytoplasmic,0.0001,0.0017,0.8957,0.0101,0.0768,0.0156
BBMMJFJC_00940,Extracellular,0.0022,0.9191,0.0225,0.0032,0.0154,0.0376
BBMMJFJC_00941,Cytoplasmic Membrane,0.0000,0.0000,0.0001,0.9995,0.0003,0.0000
BBMMJFJC_00942,Cytoplasmic,0.0002,0.0014,0.8290,0.0899,0.0711,0.0083
BBMMJFJC_00943,Cytoplasmic,0.0003,0.0074,0.9776,0.0076,0.0071,0.0001
BBMMJFJC_00944,Cytoplasmic,0.0001,0.3481,0.5609,0.0023,0.0817,0.0069
BBMMJFJC_00945,Cytoplasmic,0.0003,0.0096,0.8996,0.0062,0.0812,0.0031
BBMMJFJC_00946,Cytoplasmic,0.0005,0.3091,0.3747,0.0015,0.0178,0.2964
BBMMJFJC_00947,Cytoplasmic Membrane,0.0002,0.0006,0.0003,0.6380,0.3242,0.0369
BBMMJFJC_00948,Cytoplasmic Membrane,0.0000,0.0000,0.0000,0.9999,0.0001,0.0000
BBMMJFJC_00949,Outer Membrane,0.0009,0.0003,0.0002,0.0070,0.9787,0.0128
BBMMJFJC_00950,Extracellular,0.0012,0.9480,0.0000,0.0002,0.0455,0.0051
BBMMJFJC_00951,Extracellular,0.0003,0.9983,0.0000,0.0000,0.0010,0.0004
BBMMJFJC_00952,Cytoplasmic,0.0000,0.0005,0.9955,0.0001,0.0037,0.0002
BBMMJFJC_00953,Cytoplasmic Membrane,0.0000,0.0006,0.0005,0.9961,0.0027,0.0001
BBMMJFJC_00954,Cytoplasmic,0.0000,0.0006,0.9980,0.0010,0.0003,0.0001
BBMMJFJC_00955,Cytoplasmic Membrane,0.0000,0.0000,0.0002,0.9987,0.0010,0.0000
BBMMJFJC_00956,Cytoplasmic,0.0001,0.0044,0.9678,0.0239,0.0033,0.0004
BBMMJFJC_00957,Cytoplasmic,0.0006,0.0046,0.8125,0.0258,0.1542,0.0024
BBMMJFJC_00958,Cytoplasmic,0.0000,0.0000,0.5469,0.4415,0.0108,0.0008
BBMMJFJC_00959,Cytoplasmic Membrane,0.0000,0.0001,0.0000,0.9995,0.0004,0.0000
BBMMJFJC_00960,Cytoplasmic,0.0002,0.0136,0.9706,0.0046,0.0032,0.0079
BBMMJFJC_00961,Cytoplasmic,0.0008,0.0618,0.7513,0.0110,0.1210,0.0542
BBMMJFJC_00962,Cytoplasmic,0.0005,0.0509,0.6648,0.0102,0.1531,0.1205
BBMMJFJC_00963,Periplasmic,0.0266,0.0204,0.0379,0.1095,0.2510,0.5546
BBMMJFJC_00965,Cytoplasmic,0.0001,0.0173,0.9231,0.0002,0.0198,0.0395
BBMMJFJC_00966,Cytoplasmic,0.0000,0.0210,0.9766,0.0010,0.0013,0.0001
BBMMJFJC_00967,Cytoplasmic,0.0002,0.0348,0.7794,0.0492,0.1331,0.0033
BBMMJFJC_00968,Cytoplasmic Membrane,0.0002,0.3270,0.0818,0.3279,0.2622,0.0009
BBMMJFJC_00969,Extracellular,0.0001,0.5776,0.4046,0.0055,0.0073,0.0048
BBMMJFJC_00970,Cytoplasmic,0.0065,0.0931,0.8159,0.0731,0.0105,0.0010
BBMMJFJC_00971,Cytoplasmic,0.0000,0.0060,0.9871,0.0026,0.0042,0.0001
BBMMJFJC_00972,Cytoplasmic,0.0001,0.1762,0.6916,0.0921,0.0383,0.0018
BBMMJFJC_00973,Cytoplasmic,0.0001,0.0025,0.9804,0.0126,0.0039,0.0005
BBMMJFJC_00974,Cytoplasmic,0.0000,0.0009,0.9947,0.0017,0.0025,0.0003
BBMMJFJC_00975,Cytoplasmic,0.0000,0.0002,0.9765,0.0099,0.0079,0.0054
BBMMJFJC_00976,Cytoplasmic,0.0014,0.1218,0.8462,0.0220,0.0068,0.0018
BBMMJFJC_00977,Cytoplasmic,0.0001,0.0069,0.8896,0.0677,0.0117,0.0240
BBMMJFJC_00978,Cytoplasmic,0.0043,0.0837,0.8208,0.0658,0.0234,0.0021
BBMMJFJC_00979,Cytoplasmic,0.0000,0.0002,0.9196,0.0002,0.0796,0.0004
BBMMJFJC_00980,Cytoplasmic Membrane,0.0000,0.0002,0.0002,0.9962,0.0034,0.0000
BBMMJFJC_00981,Cytoplasmic Membrane,0.0000,0.1168,0.0004,0.8769,0.0059,0.0000
BBMMJFJC_00982,Cytoplasmic,0.0002,0.0009,0.7712,0.1610,0.0642,0.0024
BBMMJFJC_00983,Cytoplasmic,0.0061,0.1346,0.4512,0.0688,0.1806,0.1586
BBMMJFJC_00984,Cytoplasmic,0.0000,0.0001,0.9986,0.0003,0.0009,0.0000
BBMMJFJC_00985,Cytoplasmic,0.0003,0.0220,0.6678,0.0023,0.0415,0.2662
BBMMJFJC_00987,Cytoplasmic Membrane,0.0000,0.0000,0.0005,0.9943,0.0048,0.0003
BBMMJFJC_00988,Cytoplasmic,0.0002,0.0083,0.9134,0.0009,0.0530,0.0242
BBMMJFJC_00989,Cytoplasmic,0.0001,0.0011,0.9960,0.0019,0.0006,0.0003
BBMMJFJC_00990,Outer Membrane,0.0015,0.0120,0.0529,0.2194,0.6805,0.0338
BBMMJFJC_00991,Cytoplasmic Membrane,0.0001,0.0003,0.0012,0.9948,0.0031,0.0005
BBMMJFJC_00992,Outer Membrane,0.0003,0.0093,0.0001,0.2302,0.7572,0.0029
BBMMJFJC_00993,Cytoplasmic Membrane,0.0006,0.0049,0.0020,0.9539,0.0379,0.0007
BBMMJFJC_00994,Cytoplasmic,0.0000,0.0002,0.9775,0.0190,0.0018,0.0015
BBMMJFJC_00995,Cytoplasmic Membrane,0.0000,0.0005,0.0027,0.9963,0.0004,0.0000
BBMMJFJC_00996,Cytoplasmic Membrane,0.0001,0.0003,0.1209,0.8634,0.0144,0.0009
BBMMJFJC_00997,Cytoplasmic Membrane,0.0004,0.0364,0.2200,0.6991,0.0427,0.0014
BBMMJFJC_00998,Cytoplasmic Membrane,0.0003,0.0015,0.1011,0.8534,0.0431,0.0007
BBMMJFJC_00999,Cytoplasmic Membrane,0.0013,0.0620,0.3388,0.4369,0.1589,0.0022
BBMMJFJC_01000,Cytoplasmic Membrane,0.0003,0.0120,0.2125,0.7606,0.0136,0.0010
BBMMJFJC_01001,Cytoplasmic Membrane,0.0000,0.0049,0.0004,0.9199,0.0747,0.0001
BBMMJFJC_01002,Cytoplasmic Membrane,0.0016,0.1065,0.0922,0.7791,0.0201,0.0003
BBMMJFJC_01003,Outer Membrane,0.0010,0.0152,0.3642,0.2346,0.3770,0.0081
BBMMJFJC_01004,Cytoplasmic,0.0002,0.0039,0.7034,0.2312,0.0551,0.0062
BBMMJFJC_01005,Cytoplasmic,0.0002,0.0028,0.5053,0.4680,0.0229,0.0008
BBMMJFJC_01006,Cytoplasmic Membrane,0.0001,0.0066,0.0015,0.9829,0.0087,0.0002
BBMMJFJC_01007,Cytoplasmic Membrane,0.0000,0.0001,0.0631,0.9258,0.0109,0.0002
BBMMJFJC_01008,Cytoplasmic Membrane,0.0000,0.0001,0.0840,0.8931,0.0220,0.0007
BBMMJFJC_01009,Cytoplasmic,0.0023,0.1163,0.4226,0.4136,0.0433,0.0020
BBMMJFJC_01010,Cytoplasmic Membrane,0.0015,0.0292,0.4003,0.5276,0.0407,0.0007
BBMMJFJC_01011,Cytoplasmic,0.0010,0.0605,0.6082,0.2926,0.0364,0.0013
BBMMJFJC_01012,Cytoplasmic Membrane,0.0000,0.0000,0.0001,0.9992,0.0007,0.0000
BBMMJFJC_01013,Cytoplasmic Membrane,0.0003,0.0053,0.1003,0.8554,0.0383,0.0003
BBMMJFJC_01014,Cytoplasmic Membrane,0.0001,0.0229,0.0053,0.9699,0.0018,0.0000
BBMMJFJC_01015,Cytoplasmic Membrane,0.0020,0.0512,0.0132,0.8070,0.1024,0.0241
BBMMJFJC_01016,Outer Membrane,0.0000,0.0000,0.0000,0.0033,0.9966,0.0000
BBMMJFJC_01017,Cytoplasmic,0.0001,0.0011,0.9966,0.0008,0.0010,0.0004
BBMMJFJC_01018,Cytoplasmic,0.0000,0.0020,0.9628,0.0035,0.0093,0.0223
BBMMJFJC_01019,Cytoplasmic,0.0000,0.0010,0.9966,0.0001,0.0015,0.0008
BBMMJFJC_01020,Cytoplasmic,0.0000,0.0001,0.9983,0.0000,0.0012,0.0004
BBMMJFJC_01021,Cytoplasmic,0.0000,0.0006,0.9984,0.0006,0.0003,0.0001
BBMMJFJC_01022,Extracellular,0.0020,0.9646,0.0002,0.0039,0.0267,0.0026
BBMMJFJC_01023,Cytoplasmic,0.0031,0.0397,0.7078,0.0385,0.2036,0.0072
BBMMJFJC_01024,Cytoplasmic Membrane,0.0098,0.2510,0.0928,0.3216,0.0885,0.2363
BBMMJFJC_01025,Extracellular,0.0003,0.8703,0.0001,0.0002,0.0382,0.0908
BBMMJFJC_01026,Cytoplasmic,0.0000,0.0121,0.9756,0.0003,0.0087,0.0032
BBMMJFJC_01027,Cytoplasmic,0.0003,0.0067,0.9826,0.0011,0.0088,0.0006
BBMMJFJC_01028,Outer Membrane,0.0006,0.0058,0.0112,0.0378,0.8580,0.0866
BBMMJFJC_01029,Cytoplasmic Membrane,0.0065,0.0666,0.0638,0.7276,0.1245,0.0110
BBMMJFJC_01030,Cytoplasmic,0.0000,0.0001,0.9994,0.0001,0.0002,0.0002
BBMMJFJC_01031,Extracellular,0.0113,0.6345,0.1104,0.0685,0.1207,0.0546
BBMMJFJC_01032,Extracellular,0.0033,0.9543,0.0065,0.0058,0.0179,0.0123
BBMMJFJC_01033,Extracellular,0.0017,0.5996,0.0635,0.0100,0.2152,0.1099
BBMMJFJC_01034,Extracellular,0.0008,0.9013,0.0030,0.0034,0.0695,0.0220
BBMMJFJC_01035,Periplasmic,0.0016,0.3679,0.0308,0.0253,0.1760,0.3983
BBMMJFJC_01036,Cytoplasmic,0.0000,0.0608,0.9260,0.0057,0.0010,0.0064
BBMMJFJC_01037,Cytoplasmic Membrane,0.0096,0.1181,0.0071,0.6436,0.1941,0.0275
BBMMJFJC_01038,Cytoplasmic,0.0000,0.0000,0.9992,0.0000,0.0008,0.0000
BBMMJFJC_01039,Cytoplasmic,0.0001,0.0005,0.9374,0.0209,0.0306,0.0106
BBMMJFJC_01040,Cytoplasmic,0.0001,0.2302,0.7250,0.0292,0.0109,0.0047
BBMMJFJC_01041,Cytoplasmic,0.0000,0.0003,0.9899,0.0020,0.0037,0.0041
BBMMJFJC_01042,Cytoplasmic,0.0001,0.0009,0.9562,0.0159,0.0231,0.0038
BBMMJFJC_01043,Cytoplasmic,0.0000,0.0005,0.9458,0.0474,0.0050,0.0012
BBMMJFJC_01044,Cytoplasmic,0.0000,0.0070,0.9875,0.0002,0.0036,0.0017
BBMMJFJC_01045,Cytoplasmic Membrane,0.0017,0.0870,0.0092,0.8718,0.0253,0.0050
BBMMJFJC_01046,Cytoplasmic Membrane,0.0004,0.0181,0.0235,0.9170,0.0365,0.0045
BBMMJFJC_01047,Cytoplasmic,0.0003,0.0055,0.9170,0.0311,0.0431,0.0031
BBMMJFJC_01048,Cytoplasmic,0.0000,0.0003,0.9863,0.0001,0.0126,0.0007
BBMMJFJC_01049,Cytoplasmic,0.0002,0.2091,0.6979,0.0075,0.0790,0.0063
BBMMJFJC_01050,Extracellular,0.0017,0.9685,0.0002,0.0018,0.0237,0.0041
BBMMJFJC_01051,Outer Membrane,0.0001,0.0003,0.0003,0.0039,0.9859,0.0095
BBMMJFJC_01052,Cytoplasmic Membrane,0.0005,0.0032,0.0147,0.8946,0.0348,0.0523
BBMMJFJC_01053,Cytoplasmic Membrane,0.0002,0.0905,0.1688,0.5093,0.0342,0.1969
BBMMJFJC_01054,Cytoplasmic Membrane,0.0000,0.0000,0.0000,0.9999,0.0001,0.0000
BBMMJFJC_01055,Cytoplasmic,0.0000,0.0001,0.9997,0.0000,0.0000,0.0001
BBMMJFJC_01056,Cytoplasmic,0.0000,0.0000,0.9983,0.0010,0.0003,0.0003
BBMMJFJC_01057,Extracellular,0.0003,0.9870,0.0048,0.0001,0.0039,0.0038
BBMMJFJC_01058,Cytoplasmic Membrane,0.0001,0.0977,0.0013,0.8240,0.0767,0.0002
BBMMJFJC_01059,Cytoplasmic,0.0005,0.3985,0.4099,0.0093,0.0966,0.0851
BBMMJFJC_01060,Periplasmic,0.0013,0.0755,0.0195,0.0015,0.0240,0.8782
BBMMJFJC_01061,Cytoplasmic,0.0002,0.0139,0.9206,0.0100,0.0289,0.0264
BBMMJFJC_01062,Cytoplasmic,0.0000,0.0003,0.9897,0.0003,0.0053,0.0043
BBMMJFJC_01063,Cytoplasmic Membrane,0.0000,0.0002,0.0000,0.9991,0.0006,0.0000
BBMMJFJC_01064,Cytoplasmic,0.0000,0.0081,0.9474,0.0022,0.0419,0.0004
BBMMJFJC_01065,Cytoplasmic,0.0005,0.0135,0.9437,0.0102,0.0305,0.0016
BBMMJFJC_01066,Cytoplasmic,0.0018,0.1695,0.6717,0.1078,0.0208,0.0285
BBMMJFJC_01067,Cytoplasmic Membrane,0.0000,0.0002,0.0002,0.9957,0.0039,0.0000
BBMMJFJC_01068,Cytoplasmic,0.0002,0.0127,0.7886,0.0010,0.1797,0.0179
BBMMJFJC_01069,Cytoplasmic Membrane,0.0001,0.0002,0.0012,0.9969,0.0013,0.0004
BBMMJFJC_01070,Cytoplasmic,0.0000,0.0002,0.9910,0.0005,0.0071,0.0011
BBMMJFJC_01071,Outer Membrane,0.0013,0.0160,0.0324,0.2393,0.6365,0.0745
BBMMJFJC_01072,Periplasmic,0.0007,0.0227,0.1918,0.0005,0.0684,0.7159
BBMMJFJC_01073,Cytoplasmic,0.0000,0.0014,0.8976,0.0540,0.0395,0.0075
BBMMJFJC_01074,Cytoplasmic,0.0002,0.0012,0.9843,0.0009,0.0113,0.0022
BBMMJFJC_01075,Cytoplasmic,0.0004,0.0038,0.9599,0.0342,0.0015,0.0002
BBMMJFJC_01076,Extracellular,0.0054,0.9686,0.0004,0.0003,0.0083,0.0170
BBMMJFJC_01077,Outer Membrane,0.0040,0.1665,0.1039,0.0403,0.6110,0.0743
BBMMJFJC_01078,Extracellular,0.0013,0.9538,0.0009,0.0189,0.0247,0.0003
BBMMJFJC_01079,Extracellular,0.0001,0.9021,0.0896,0.0034,0.0048,0.0001
BBMMJFJC_01080,Extracellular,0.0005,0.9085,0.0063,0.0111,0.0296,0.0441
BBMMJFJC_01081,Cytoplasmic Membrane,0.0000,0.0304,0.0002,0.9657,0.0036,0.0002
BBMMJFJC_01082,Cytoplasmic Membrane,0.0000,0.0006,0.3665,0.6126,0.0117,0.0086
BBMMJFJC_01083,Cytoplasmic,0.0001,0.0084,0.7870,0.1703,0.0304,0.0037
BBMMJFJC_01084,Outer Membrane,0.0020,0.0514,0.1105,0.2218,0.5521,0.0622
BBMMJFJC_01085,Cytoplasmic,0.0000,0.0026,0.9968,0.0002,0.0004,0.0000
BBMMJFJC_01086,Cytoplasmic,0.0000,0.0007,0.9955,0.0033,0.0004,0.0002
BBMMJFJC_01087,Periplasmic,0.0077,0.3056,0.0796,0.0220,0.0847,0.5004
BBMMJFJC_01088,Extracellular,0.0011,0.8720,0.0014,0.0001,0.0226,0.1026
BBMMJFJC_01089,Extracellular,0.0025,0.9727,0.0000,0.0004,0.0228,0.0016
BBMMJFJC_01090,Cytoplasmic,0.0001,0.0106,0.7004,0.0145,0.0326,0.2418
BBMMJFJC_01091,Cytoplasmic,0.0001,0.0147,0.9550,0.0002,0.0087,0.0213
BBMMJFJC_01092,Cytoplasmic,0.0000,0.0934,0.6324,0.0289,0.2439,0.0013
BBMMJFJC_01093,Periplasmic,0.0007,0.0382,0.3906,0.0067,0.1100,0.4538
BBMMJFJC_01094,Cytoplasmic,0.0000,0.0000,0.9997,0.0000,0.0002,0.0000
BBMMJFJC_01095,Cytoplasmic,0.0020,0.0498,0.7964,0.1026,0.0487,0.0005
BBMMJFJC_01096,Cytoplasmic Membrane,0.0000,0.0031,0.0017,0.9916,0.0036,0.0001
BBMMJFJC_01097,Cytoplasmic,0.0000,0.0033,0.9966,0.0000,0.0000,0.0000
BBMMJFJC_01098,Periplasmic,0.0073,0.0253,0.3682,0.0387,0.0643,0.4963
BBMMJFJC_01099,Cytoplasmic,0.0000,0.0116,0.9854,0.0004,0.0022,0.0003
BBMMJFJC_01100,Cytoplasmic,0.0000,0.0006,0.9985,0.0001,0.0005,0.0003
BBMMJFJC_01102,Cytoplasmic,0.0003,0.0016,0.8978,0.0645,0.0255,0.0102
BBMMJFJC_01103,Cytoplasmic,0.0024,0.0262,0.7604,0.1494,0.0593,0.0024
BBMMJFJC_01104,Cytoplasmic,0.0004,0.0023,0.9063,0.0421,0.0481,0.0009
BBMMJFJC_01105,Cytoplasmic,0.0000,0.0018,0.9948,0.0009,0.0024,0.0001
BBMMJFJC_01106,Cytoplasmic,0.0000,0.0076,0.9828,0.0025,0.0051,0.0019
BBMMJFJC_01107,Cytoplasmic,0.0005,0.0343,0.8680,0.0336,0.0590,0.0045
BBMMJFJC_01108,Cytoplasmic,0.0000,0.0033,0.9854,0.0015,0.0095,0.0003
BBMMJFJC_01109,Cytoplasmic,0.0038,0.1472,0.7746,0.0047,0.0549,0.0148
BBMMJFJC_01110,Cytoplasmic,0.0001,0.1060,0.6617,0.1106,0.1196,0.0019
BBMMJFJC_01111,Cytoplasmic,0.0044,0.0737,0.7336,0.0060,0.1809,0.0015
BBMMJFJC_01112,Cytoplasmic,0.0000,0.0593,0.9284,0.0071,0.0041,0.0010
BBMMJFJC_01113,Cytoplasmic,0.0009,0.2252,0.6114,0.1132,0.0160,0.0334
BBMMJFJC_01114,Extracellular,0.0146,0.6292,0.0271,0.0054,0.2348,0.0889
BBMMJFJC_01115,Extracellular,0.0003,0.5819,0.3609,0.0037,0.0085,0.0447
BBMMJFJC_01116,Cytoplasmic,0.0000,0.0094,0.9800,0.0016,0.0072,0.0018
BBMMJFJC_01117,Cytoplasmic,0.0001,0.0911,0.7978,0.1065,0.0028,0.0017
BBMMJFJC_01118,Extracellular,0.0004,0.5344,0.2087,0.0309,0.0380,0.1876
BBMMJFJC_01119,Cytoplasmic,0.0003,0.1720,0.7507,0.0550,0.0184,0.0036
BBMMJFJC_01120,Cytoplasmic,0.0002,0.3449,0.5398,0.0669,0.0460,0.0022
BBMMJFJC_01121,Extracellular,0.0048,0.6600,0.0016,0.0713,0.2586,0.0037
BBMMJFJC_01122,Extracellular,0.0203,0.4145,0.1235,0.1610,0.2778,0.0029
BBMMJFJC_01123,Cytoplasmic,0.0001,0.0048,0.9141,0.0639,0.0145,0.0026
BBMMJFJC_01124,Extracellular,0.0043,0.4755,0.0146,0.3132,0.1841,0.0082
BBMMJFJC_01125,Cytoplasmic Membrane,0.0018,0.1265,0.0498,0.5099,0.2970,0.0149
BBMMJFJC_01126,Extracellular,0.0004,0.6373,0.3486,0.0060,0.0051,0.0027
BBMMJFJC_01127,Cytoplasmic,0.0001,0.0033,0.9894,0.0043,0.0026,0.0003
BBMMJFJC_01128,Cytoplasmic,0.0000,0.0009,0.9679,0.0007,0.0290,0.0015
BBMMJFJC_01129,Cytoplasmic Membrane,0.0001,0.0736,0.0002,0.9015,0.0247,0.0000
BBMMJFJC_01130,Extracellular,0.0189,0.4922,0.1150,0.0109,0.1610,0.2020
BBMMJFJC_01131,Cytoplasmic,0.0002,0.0433,0.8993,0.0436,0.0109,0.0027
BBMMJFJC_01132,Cytoplasmic,0.0000,0.0215,0.9628,0.0140,0.0013,0.0003
BBMMJFJC_01133,Cytoplasmic,0.0004,0.3126,0.6690,0.0101,0.0077,0.0001
BBMMJFJC_01134,Cytoplasmic,0.0001,0.1056,0.8761,0.0007,0.0164,0.0010
BBMMJFJC_01135,Cytoplasmic,0.0001,0.0009,0.9896,0.0015,0.0079,0.0001
BBMMJFJC_01136,Cytoplasmic,0.0003,0.0235,0.7718,0.1870,0.0168,0.0006
BBMMJFJC_01137,Cytoplasmic,0.0002,0.2086,0.7607,0.0108,0.0064,0.0134
BBMMJFJC_01138,Extracellular,0.0014,0.4823,0.4336,0.0716,0.0095,0.0017
BBMMJFJC_01139,Cytoplasmic,0.0002,0.0508,0.9005,0.0004,0.0474,0.0007
BBMMJFJC_01140,Cytoplasmic,0.0001,0.0120,0.9691,0.0025,0.0138,0.0026
BBMMJFJC_01141,Cytoplasmic,0.0000,0.0024,0.9858,0.0049,0.0065,0.0005
BBMMJFJC_01142,Cytoplasmic,0.0000,0.0005,0.9965,0.0004,0.0024,0.0001
BBMMJFJC_01144,Cytoplasmic,0.0000,0.0004,0.9991,0.0002,0.0002,0.0001
BBMMJFJC_01145,Cytoplasmic,0.0002,0.0019,0.9446,0.0274,0.0239,0.0020
BBMMJFJC_01146,Cytoplasmic Membrane,0.0001,0.0002,0.2771,0.7204,0.0018,0.0003
BBMMJFJC_01147,Cytoplasmic Membrane,0.0000,0.0000,0.0000,0.9997,0.0002,0.0000
BBMMJFJC_01148,Cytoplasmic Membrane,0.0000,0.0000,0.0001,0.9981,0.0017,0.0000
BBMMJFJC_01149,Cytoplasmic Membrane,0.0005,0.0154,0.0032,0.9442,0.0216,0.0150
BBMMJFJC_01150,Cytoplasmic,0.0001,0.0036,0.9893,0.0015,0.0034,0.0021
BBMMJFJC_01151,Cytoplasmic,0.0000,0.0001,0.9982,0.0014,0.0001,0.0002
BBMMJFJC_01152,Cytoplasmic,0.0000,0.0008,0.9979,0.0003,0.0009,0.0001
BBMMJFJC_01153,Periplasmic,0.0001,0.0109,0.0664,0.0022,0.0129,0.9074
BBMMJFJC_01154,Cytoplasmic,0.0004,0.0032,0.9769,0.0036,0.0150,0.0009
BBMMJFJC_01155,Cytoplasmic Membrane,0.0000,0.0000,0.0003,0.9990,0.0007,0.0000
BBMMJFJC_01156,Cytoplasmic,0.0029,0.0858,0.4947,0.1506,0.1822,0.0839
BBMMJFJC_01157,Cytoplasmic,0.0001,0.0002,0.9978,0.0006,0.0008,0.0005
BBMMJFJC_01158,Periplasmic,0.0016,0.2889,0.0175,0.0177,0.0555,0.6188
BBMMJFJC_01159,Periplasmic,0.0000,0.0046,0.0388,0.0053,0.0094,0.9419
BBMMJFJC_01160,Cytoplasmic,0.0000,0.0036,0.9955,0.0003,0.0005,0.0001
BBMMJFJC_01161,Outer Membrane,0.0020,0.2161,0.0045,0.2066,0.4131,0.1578
BBMMJFJC_01162,Cytoplasmic Membrane,0.0000,0.0004,0.0016,0.9889,0.0090,0.0002
BBMMJFJC_01163,Cytoplasmic,0.0005,0.0265,0.9283,0.0094,0.0063,0.0291
BBMMJFJC_01164,Periplasmic,0.0002,0.1600,0.2564,0.0007,0.0093,0.5734
BBMMJFJC_01165,Cytoplasmic,0.0001,0.2121,0.6533,0.0070,0.1263,0.0012
BBMMJFJC_01166,Cytoplasmic,0.0001,0.0015,0.9859,0.0040,0.0068,0.0017
BBMMJFJC_01167,Cytoplasmic,0.0001,0.2946,0.6666,0.0006,0.0376,0.0006
BBMMJFJC_01168,Cytoplasmic Membrane,0.0000,0.0002,0.0005,0.9973,0.0019,0.0000
BBMMJFJC_01169,Periplasmic,0.0029,0.1782,0.1027,0.0178,0.0637,0.6347
BBMMJFJC_01170,Periplasmic,0.0008,0.0566,0.1239,0.0270,0.0397,0.7519
BBMMJFJC_01171,Cytoplasmic,0.0001,0.0010,0.9641,0.0039,0.0175,0.0135
BBMMJFJC_01172,Cytoplasmic Membrane,0.0000,0.0010,0.0002,0.9930,0.0056,0.0003
BBMMJFJC_01173,Cytoplasmic,0.0012,0.0027,0.8382,0.0058,0.1494,0.0026
BBMMJFJC_01174,Cytoplasmic,0.0001,0.0013,0.9932,0.0007,0.0029,0.0019
BBMMJFJC_01175,Cytoplasmic,0.0000,0.0002,0.9909,0.0005,0.0069,0.0015
BBMMJFJC_01176,Outer Membrane,0.0000,0.0002,0.0025,0.0116,0.9846,0.0011
BBMMJFJC_01177,Cytoplasmic Membrane,0.0000,0.0004,0.0000,0.9993,0.0003,0.0000
BBMMJFJC_01178,Cytoplasmic,0.0000,0.0000,0.9995,0.0000,0.0004,0.0001
BBMMJFJC_01180,Cytoplasmic Membrane,0.0009,0.0458,0.0046,0.9110,0.0294,0.0083
BBMMJFJC_01181,Cytoplasmic Membrane,0.0003,0.0778,0.0030,0.8766,0.0407,0.0015
BBMMJFJC_01182,Extracellular,0.0036,0.9579,0.0011,0.0003,0.0198,0.0174
BBMMJFJC_01183,Cytoplasmic Membrane,0.0000,0.0001,0.0000,0.9999,0.0001,0.0000
BBMMJFJC_01184,Cytoplasmic,0.0002,0.0566,0.9188,0.0035,0.0148,0.0060
BBMMJFJC_01185,Cytoplasmic,0.0001,0.0375,0.9231,0.0335,0.0015,0.0043
BBMMJFJC_01186,Cytoplasmic Membrane,0.0000,0.0000,0.0000,0.9995,0.0005,0.0000
BBMMJFJC_01188,Cytoplasmic,0.0000,0.0000,0.9998,0.0000,0.0001,0.0001
BBMMJFJC_01189,Cytoplasmic,0.0001,0.0007,0.9983,0.0001,0.0005,0.0003
BBMMJFJC_01190,Cytoplasmic,0.0000,0.0001,0.9951,0.0029,0.0017,0.0002
BBMMJFJC_01191,Cytoplasmic,0.0000,0.0004,0.9970,0.0008,0.0014,0.0004
BBMMJFJC_01192,Cytoplasmic Membrane,0.0002,0.0253,0.0045,0.9581,0.0117,0.0002
BBMMJFJC_01193,Cytoplasmic,0.0011,0.2937,0.5264,0.0094,0.1566,0.0128
BBMMJFJC_01195,Cytoplasmic,0.0000,0.0002,0.9122,0.0847,0.0011,0.0017
BBMMJFJC_01196,Cytoplasmic Membrane,0.0000,0.0000,0.0000,0.9997,0.0003,0.0000
BBMMJFJC_01198,Cytoplasmic,0.0000,0.0001,0.9977,0.0001,0.0020,0.0001
BBMMJFJC_01199,Cytoplasmic,0.0000,0.0001,0.9966,0.0024,0.0008,0.0001
BBMMJFJC_01200,Periplasmic,0.0039,0.0501,0.0372,0.0208,0.0833,0.8046
BBMMJFJC_01201,Periplasmic,0.0014,0.0423,0.1914,0.0099,0.0275,0.7276
BBMMJFJC_01202,Cytoplasmic Membrane,0.0001,0.0697,0.0033,0.8986,0.0261,0.0023
BBMMJFJC_01203,Cytoplasmic,0.0000,0.0015,0.6379,0.3586,0.0010,0.0010
BBMMJFJC_01204,Cytoplasmic Membrane,0.0000,0.0000,0.0002,0.9992,0.0006,0.0000
BBMMJFJC_01205,Cytoplasmic,0.0003,0.0043,0.9768,0.0084,0.0083,0.0019
BBMMJFJC_01206,Cytoplasmic,0.0003,0.0037,0.9606,0.0263,0.0075,0.0018
BBMMJFJC_01207,Cytoplasmic,0.0002,0.0019,0.9856,0.0062,0.0057,0.0003
BBMMJFJC_01208,Periplasmic,0.0001,0.1183,0.0105,0.0001,0.0051,0.8660
BBMMJFJC_01209,Cytoplasmic Membrane,0.0037,0.0271,0.0283,0.6529,0.1813,0.1068
BBMMJFJC_01210,Cytoplasmic,0.0000,0.0001,0.9925,0.0004,0.0045,0.0024
BBMMJFJC_01211,Cytoplasmic,0.0003,0.0010,0.9577,0.0012,0.0395,0.0003
BBMMJFJC_01212,Periplasmic,0.0020,0.0911,0.2950,0.0114,0.0948,0.5058
BBMMJFJC_01213,Cytoplasmic,0.0000,0.0000,0.9994,0.0002,0.0004,0.0000
BBMMJFJC_01214,Cytoplasmic,0.0000,0.0006,0.9988,0.0003,0.0001,0.0000
BBMMJFJC_01215,Cytoplasmic,0.0001,0.0504,0.9123,0.0192,0.0056,0.0124
BBMMJFJC_01216,Cytoplasmic Membrane,0.0000,0.0093,0.0023,0.9857,0.0027,0.0000
BBMMJFJC_01217,Cytoplasmic,0.0000,0.0000,0.9992,0.0000,0.0007,0.0001
BBMMJFJC_01218,Cytoplasmic,0.0004,0.0017,0.9724,0.0140,0.0102,0.0012
BBMMJFJC_01219,Cytoplasmic,0.0000,0.0004,0.9983,0.0001,0.0005,0.0007
BBMMJFJC_01220,Cytoplasmic,0.0001,0.0014,0.9796,0.0145,0.0033,0.0011
BBMMJFJC_01221,Outer Membrane,0.0005,0.0814,0.0029,0.0943,0.5472,0.2737
BBMMJFJC_01223,Cytoplasmic,0.0000,0.0174,0.9809,0.0003,0.0010,0.0004
BBMMJFJC_01224,Cytoplasmic,0.0000,0.0008,0.9965,0.0008,0.0014,0.0005
BBMMJFJC_01225,Cytoplasmic,0.0000,0.0001,0.9952,0.0002,0.0034,0.0011
BBMMJFJC_01226,Cytoplasmic Membrane,0.0195,0.2592,0.1102,0.4565,0.1214,0.0331
BBMMJFJC_01227,Cytoplasmic,0.0001,0.0072,0.9650,0.0205,0.0053,0.0019
BBMMJFJC_01228,Cytoplasmic Membrane,0.0048,0.2652,0.1949,0.4412,0.0726,0.0213
BBMMJFJC_01229,Cytoplasmic Membrane,0.0037,0.0335,0.0273,0.6090,0.3114,0.0151
BBMMJFJC_01230,Periplasmic,0.0013,0.0306,0.1143,0.0689,0.1888,0.5962
BBMMJFJC_01231,Periplasmic,0.0030,0.0346,0.0909,0.0645,0.2705,0.5366
BBMMJFJC_01232,Extracellular,0.0043,0.6945,0.2276,0.0076,0.0315,0.0345
BBMMJFJC_01234,Extracellular,0.0007,0.9954,0.0002,0.0002,0.0022,0.0013
BBMMJFJC_01236,Cytoplasmic,0.0000,0.0052,0.9871,0.0013,0.0064,0.0000
BBMMJFJC_01237,Cytoplasmic,0.0002,0.0027,0.9509,0.0391,0.0069,0.0002
BBMMJFJC_01238,Cytoplasmic Membrane,0.0004,0.0990,0.0029,0.8736,0.0218,0.0023
BBMMJFJC_01239,Cytoplasmic,0.0000,0.0009,0.9986,0.0001,0.0004,0.0001
BBMMJFJC_01240,Cytoplasmic,0.0000,0.0002,0.9988,0.0001,0.0008,0.0001
BBMMJFJC_01241,Cytoplasmic,0.0001,0.0014,0.9808,0.0041,0.0100,0.0037
BBMMJFJC_01242,Cytoplasmic Membrane,0.0000,0.0000,0.0006,0.9960,0.0032,0.0002
BBMMJFJC_01243,Cytoplasmic,0.0006,0.0080,0.8871,0.0084,0.0955,0.0005
BBMMJFJC_01244,Cytoplasmic,0.0004,0.0689,0.8570,0.0241,0.0494,0.0002
BBMMJFJC_01245,Outer Membrane,0.0004,0.0008,0.4569,0.0008,0.5149,0.0262
BBMMJFJC_01246,Cytoplasmic,0.0001,0.0009,0.9480,0.0072,0.0386,0.0052
BBMMJFJC_01247,Cytoplasmic,0.0001,0.0008,0.9880,0.0065,0.0042,0.0005
BBMMJFJC_01248,Cytoplasmic,0.0002,0.0372,0.9402,0.0160,0.0020,0.0044
BBMMJFJC_01249,Cytoplasmic,0.0000,0.0000,0.9998,0.0001,0.0001,0.0000
BBMMJFJC_01250,Cytoplasmic,0.0000,0.0035,0.9961,0.0003,0.0001,0.0000
BBMMJFJC_01251,Cytoplasmic Membrane,0.0002,0.0148,0.0967,0.8202,0.0490,0.0191
BBMMJFJC_01252,Cytoplasmic Membrane,0.0003,0.0093,0.0006,0.9340,0.0446,0.0112
BBMMJFJC_01253,Cytoplasmic Membrane,0.0001,0.0010,0.1856,0.8062,0.0064,0.0007
BBMMJFJC_01254,Cytoplasmic Membrane,0.0000,0.0000,0.0001,0.9982,0.0017,0.0000
BBMMJFJC_01255,Outer Membrane,0.0047,0.0015,0.0006,0.0053,0.9830,0.0048
BBMMJFJC_01256,Cytoplasmic,0.0000,0.0099,0.9250,0.0468,0.0033,0.0150
BBMMJFJC_01257,Cytoplasmic Membrane,0.0000,0.0000,0.0000,0.9997,0.0003,0.0000
BBMMJFJC_01258,Outer Membrane,0.0009,0.0013,0.0479,0.2806,0.6151,0.0542
BBMMJFJC_01259,Cytoplasmic,0.0001,0.0056,0.9852,0.0015,0.0070,0.0007
BBMMJFJC_01260,Cytoplasmic,0.0000,0.0085,0.9841,0.0021,0.0022,0.0031
BBMMJFJC_01261,Cytoplasmic,0.0001,0.0032,0.9856,0.0041,0.0046,0.0023
BBMMJFJC_01262,Cytoplasmic,0.0001,0.0035,0.9604,0.0009,0.0338,0.0013
BBMMJFJC_01263,Cytoplasmic,0.0000,0.0021,0.9846,0.0011,0.0113,0.0009
BBMMJFJC_01264,Cytoplasmic,0.0000,0.0009,0.9627,0.0002,0.0054,0.0308
BBMMJFJC_01265,Periplasmic,0.0001,0.0158,0.1324,0.0021,0.0946,0.7550
BBMMJFJC_01266,Cytoplasmic,0.0000,0.0006,0.9898,0.0060,0.0030,0.0005
BBMMJFJC_01267,Cytoplasmic,0.0000,0.0389,0.9574,0.0008,0.0010,0.0019
BBMMJFJC_01268,Cytoplasmic,0.0000,0.0004,0.9932,0.0009,0.0051,0.0003
BBMMJFJC_01269,Periplasmic,0.0015,0.0671,0.0516,0.2831,0.2674,0.3293
BBMMJFJC_01270,Cytoplasmic Membrane,0.0000,0.0001,0.0001,0.9983,0.0015,0.0000
BBMMJFJC_01271,Periplasmic,0.0002,0.0506,0.1849,0.0091,0.0187,0.7365
BBMMJFJC_01272,Cytoplasmic Membrane,0.0000,0.0130,0.0003,0.9829,0.0037,0.0001
BBMMJFJC_01273,Cytoplasmic Membrane,0.0000,0.0000,0.0001,0.9995,0.0003,0.0000
BBMMJFJC_01274,Extracellular,0.0018,0.9359,0.0196,0.0002,0.0034,0.0390
BBMMJFJC_01275,Periplasmic,0.0005,0.0856,0.2591,0.0006,0.0108,0.6434
BBMMJFJC_01276,Cytoplasmic Membrane,0.0018,0.0325,0.0081,0.7565,0.1916,0.0095
BBMMJFJC_01277,Cytoplasmic,0.0002,0.0059,0.9852,0.0004,0.0084,0.0000
BBMMJFJC_01278,Cytoplasmic,0.0009,0.0150,0.9073,0.0425,0.0320,0.0024
BBMMJFJC_01280,Cytoplasmic,0.0002,0.2047,0.7368,0.0092,0.0231,0.0260
BBMMJFJC_01281,Cytoplasmic,0.0003,0.0772,0.6004,0.2581,0.0630,0.0011
BBMMJFJC_01282,Extracellular,0.0044,0.3595,0.0200,0.3382,0.1550,0.1229
BBMMJFJC_01283,Cytoplasmic,0.0006,0.0026,0.9715,0.0122,0.0117,0.0013
BBMMJFJC_01284,Periplasmic,0.0008,0.1792,0.3109,0.0296,0.0915,0.3879
BBMMJFJC_01285,Cytoplasmic Membrane,0.0000,0.0005,0.0016,0.9963,0.0013,0.0003
BBMMJFJC_01286,Cytoplasmic Membrane,0.0000,0.0001,0.0002,0.9974,0.0021,0.0003
BBMMJFJC_01287,Cytoplasmic,0.0004,0.0216,0.7902,0.0260,0.0673,0.0946
BBMMJFJC_01288,Cytoplasmic Membrane,0.0003,0.0137,0.0008,0.9727,0.0099,0.0026
BBMMJFJC_01289,Cytoplasmic Membrane,0.0000,0.0000,0.0013,0.9966,0.0021,0.0000
BBMMJFJC_01290,Cytoplasmic,0.0000,0.0000,0.9952,0.0001,0.0039,0.0008
BBMMJFJC_01291,Cytoplasmic Membrane,0.0000,0.0000,0.0000,0.9989,0.0010,0.0000
BBMMJFJC_01292,Cytoplasmic Membrane,0.0000,0.0000,0.0001,0.9996,0.0003,0.0000
BBMMJFJC_01293,Cytoplasmic Membrane,0.0000,0.0000,0.0000,0.9996,0.0003,0.0000
BBMMJFJC_01294,Periplasmic,0.0009,0.0725,0.2692,0.0471,0.2507,0.3595
BBMMJFJC_01295,Periplasmic,0.0028,0.0073,0.1312,0.0118,0.3355,0.5113
BBMMJFJC_01296,Cytoplasmic,0.0000,0.0034,0.9667,0.0041,0.0048,0.0209
BBMMJFJC_01297,Periplasmic,0.0019,0.2601,0.1821,0.0285,0.0437,0.4837
BBMMJFJC_01298,Extracellular,0.0021,0.4309,0.1304,0.0058,0.1162,0.3146
BBMMJFJC_01299,Cytoplasmic Membrane,0.0003,0.0021,0.0020,0.9876,0.0076,0.0005
BBMMJFJC_01300,Cytoplasmic,0.0004,0.0260,0.9211,0.0344,0.0178,0.0003
BBMMJFJC_01301,Cytoplasmic,0.0003,0.0007,0.5580,0.3931,0.0473,0.0006
BBMMJFJC_01302,Extracellular,0.0054,0.7028,0.0261,0.0340,0.2111,0.0207
BBMMJFJC_01303,Cytoplasmic,0.0001,0.0028,0.9831,0.0010,0.0124,0.0007
BBMMJFJC_01304,Cytoplasmic Membrane,0.0000,0.0004,0.0002,0.9900,0.0089,0.0004
BBMMJFJC_01305,Cytoplasmic Membrane,0.0000,0.0004,0.0002,0.9929,0.0064,0.0001
BBMMJFJC_01306,Cytoplasmic,0.0000,0.0031,0.9936,0.0031,0.0001,0.0001
BBMMJFJC_01307,Cytoplasmic Membrane,0.0000,0.0000,0.0001,0.9993,0.0006,0.0000
BBMMJFJC_01308,Cytoplasmic Membrane,0.0002,0.0008,0.1706,0.8189,0.0091,0.0004
BBMMJFJC_01309,Cytoplasmic Membrane,0.0000,0.0000,0.0001,0.9981,0.0018,0.0000
BBMMJFJC_01310,Cytoplasmic Membrane,0.0304,0.0323,0.0556,0.6504,0.2302,0.0012
BBMMJFJC_01311,Cytoplasmic Membrane,0.0000,0.0006,0.0001,0.9960,0.0032,0.0000
BBMMJFJC_01312,Cytoplasmic Membrane,0.0006,0.1578,0.0493,0.7575,0.0344,0.0004
BBMMJFJC_01313,Cytoplasmic,0.0000,0.0001,0.8935,0.0708,0.0353,0.0003
BBMMJFJC_01314,Cytoplasmic,0.0001,0.0002,0.8431,0.0761,0.0797,0.0008
BBMMJFJC_01315,Cytoplasmic Membrane,0.0015,0.0548,0.0060,0.9186,0.0155,0.0037
BBMMJFJC_01317,Cytoplasmic Membrane,0.0000,0.0007,0.0001,0.9953,0.0039,0.0000
BBMMJFJC_01318,Cytoplasmic,0.0000,0.0001,0.9998,0.0000,0.0000,0.0001
BBMMJFJC_01319,Cytoplasmic,0.0003,0.0041,0.8713,0.0057,0.1178,0.0009
BBMMJFJC_01320,Cytoplasmic Membrane,0.0000,0.0001,0.0001,0.9992,0.0006,0.0000
BBMMJFJC_01321,Extracellular,0.0019,0.7231,0.0047,0.0108,0.1817,0.0778
BBMMJFJC_01322,Extracellular,0.0011,0.7344,0.0066,0.0121,0.1289,0.1170
BBMMJFJC_01323,Cytoplasmic Membrane,0.0011,0.0205,0.0306,0.4477,0.3804,0.1197
BBMMJFJC_01324,Periplasmic,0.0004,0.0021,0.3031,0.1080,0.1846,0.4018
BBMMJFJC_01325,Cytoplasmic,0.0003,0.0013,0.4405,0.3260,0.0446,0.1872
BBMMJFJC_01326,Cytoplasmic Membrane,0.0002,0.0468,0.0004,0.9449,0.0076,0.0000
BBMMJFJC_01327,Cytoplasmic Membrane,0.0004,0.0110,0.0338,0.8961,0.0572,0.0014
BBMMJFJC_01328,Cytoplasmic,0.0000,0.0001,0.9987,0.0002,0.0002,0.0008
BBMMJFJC_01329,Cytoplasmic,0.0000,0.0000,0.9982,0.0000,0.0014,0.0003
BBMMJFJC_01330,Cytoplasmic Membrane,0.0000,0.0003,0.0011,0.9928,0.0057,0.0001
BBMMJFJC_01331,Cytoplasmic Membrane,0.0000,0.0000,0.0000,0.9989,0.0011,0.0000
BBMMJFJC_01332,Periplasmic,0.0012,0.0742,0.2675,0.0173,0.1722,0.4676
BBMMJFJC_01333,Cytoplasmic Membrane,0.0000,0.0001,0.0005,0.9970,0.0023,0.0001
BBMMJFJC_01334,Cytoplasmic Membrane,0.0001,0.0064,0.0007,0.9896,0.0032,0.0001
BBMMJFJC_01335,Periplasmic,0.0005,0.2172,0.0872,0.0011,0.0106,0.6835
BBMMJFJC_01336,Cytoplasmic Membrane,0.0092,0.0793,0.0997,0.5175,0.1874,0.1070
BBMMJFJC_01337,Periplasmic,0.0013,0.1210,0.1819,0.0011,0.0129,0.6818
BBMMJFJC_01338,Cytoplasmic,0.0000,0.0000,0.9987,0.0000,0.0011,0.0002
BBMMJFJC_01339,Cytoplasmic Membrane,0.0000,0.0001,0.0001,0.9983,0.0014,0.0000
BBMMJFJC_01340,Periplasmic,0.0005,0.0135,0.0112,0.0502,0.1607,0.7639
BBMMJFJC_01341,Cytoplasmic Membrane,0.0023,0.0102,0.0081,0.9173,0.0339,0.0282
BBMMJFJC_01342,Cytoplasmic,0.0000,0.0000,0.9985,0.0001,0.0005,0.0008
BBMMJFJC_01343,Cytoplasmic Membrane,0.0046,0.0166,0.1202,0.4284,0.3461,0.0842
BBMMJFJC_01344,Cytoplasmic Membrane,0.0005,0.0064,0.0031,0.8803,0.1072,0.0026
BBMMJFJC_01345,Cytoplasmic,0.0001,0.1862,0.7643,0.0153,0.0320,0.0020
BBMMJFJC_01346,Outer Membrane,0.0000,0.0001,0.2041,0.0003,0.7954,0.0002
BBMMJFJC_01347,Periplasmic,0.0007,0.0594,0.2181,0.0052,0.1138,0.6029
BBMMJFJC_01348,Cytoplasmic,0.0000,0.0051,0.9819,0.0014,0.0023,0.0093
BBMMJFJC_01349,Cytoplasmic,0.0002,0.0014,0.7193,0.2021,0.0608,0.0162
BBMMJFJC_01350,Cytoplasmic Membrane,0.0001,0.0093,0.0005,0.9816,0.0074,0.0011
BBMMJFJC_01351,Cytoplasmic Membrane,0.0000,0.0106,0.4285,0.5323,0.0091,0.0195
BBMMJFJC_01352,Cytoplasmic Membrane,0.0000,0.0003,0.0001,0.9977,0.0018,0.0000
BBMMJFJC_01353,Cytoplasmic,0.0000,0.0001,0.9996,0.0001,0.0002,0.0000
BBMMJFJC_01354,Cytoplasmic,0.0001,0.0010,0.9513,0.0116,0.0356,0.0005
BBMMJFJC_01355,Cytoplasmic Membrane,0.0001,0.0058,0.0008,0.9901,0.0031,0.0001
BBMMJFJC_01356,Cytoplasmic,0.0003,0.0011,0.8772,0.0850,0.0357,0.0008
BBMMJFJC_01357,Cytoplasmic,0.0002,0.0116,0.8850,0.0148,0.0450,0.0433
BBMMJFJC_01358,Cytoplasmic,0.0001,0.0007,0.9789,0.0022,0.0175,0.0006
BBMMJFJC_01359,Cytoplasmic,0.0000,0.0275,0.9674,0.0001,0.0007,0.0042
BBMMJFJC_01360,Cytoplasmic,0.0000,0.0002,0.9843,0.0002,0.0148,0.0004
BBMMJFJC_01361,Cytoplasmic,0.0001,0.0043,0.5430,0.4082,0.0331,0.0114
BBMMJFJC_01362,Extracellular,0.0039,0.9643,0.0002,0.0004,0.0284,0.0028
BBMMJFJC_01363,Extracellular,0.0001,0.7666,0.0658,0.0356,0.1311,0.0009
BBMMJFJC_01364,Cytoplasmic,0.0065,0.1403,0.4433,0.3437,0.0653,0.0009
BBMMJFJC_01365,Extracellular,0.0007,0.7457,0.1633,0.0225,0.0671,0.0007
BBMMJFJC_01366,Cytoplasmic,0.0011,0.0675,0.7912,0.0133,0.1252,0.0017
BBMMJFJC_01367,Cytoplasmic,0.0006,0.0111,0.9517,0.0008,0.0354,0.0005
BBMMJFJC_01368,Cytoplasmic,0.0004,0.0113,0.9420,0.0132,0.0327,0.0005
BBMMJFJC_01369,Cytoplasmic,0.0000,0.0027,0.9948,0.0001,0.0024,0.0000
BBMMJFJC_01370,Cytoplasmic,0.0003,0.0059,0.9333,0.0442,0.0162,0.0002
BBMMJFJC_01371,Cytoplasmic,0.0004,0.0029,0.9882,0.0004,0.0081,0.0000
BBMMJFJC_01372,Cytoplasmic,0.0018,0.0356,0.8279,0.0806,0.0032,0.0510
BBMMJFJC_01373,Periplasmic,0.0020,0.0730,0.0361,0.0067,0.0586,0.8236
BBMMJFJC_01374,Cytoplasmic Membrane,0.0032,0.0716,0.0064,0.7809,0.0893,0.0487
BBMMJFJC_01375,Cytoplasmic Membrane,0.0000,0.0000,0.0000,0.9990,0.0009,0.0000
BBMMJFJC_01376,Cytoplasmic Membrane,0.0001,0.0002,0.0002,0.9274,0.0676,0.0046
BBMMJFJC_01377,Cytoplasmic Membrane,0.0000,0.0000,0.0000,0.9999,0.0001,0.0000
BBMMJFJC_01378,Cytoplasmic Membrane,0.0000,0.0000,0.0000,0.9997,0.0003,0.0000
BBMMJFJC_01379,Cytoplasmic,0.0008,0.0004,0.5922,0.0029,0.4030,0.0007
BBMMJFJC_01380,Cytoplasmic,0.0000,0.0072,0.9902,0.0012,0.0006,0.0007
BBMMJFJC_01381,Cytoplasmic,0.0000,0.0121,0.9780,0.0069,0.0021,0.0009
BBMMJFJC_01382,Outer Membrane,0.0098,0.1205,0.0799,0.0335,0.5292,0.2270
BBMMJFJC_01383,Cytoplasmic,0.0540,0.0819,0.6532,0.1489,0.0544,0.0076
BBMMJFJC_01384,Outer Membrane,0.0000,0.0000,0.0001,0.0006,0.9992,0.0001
BBMMJFJC_01385,Cytoplasmic,0.0002,0.0129,0.9639,0.0020,0.0186,0.0024
BBMMJFJC_01389,Cytoplasmic,0.0003,0.0412,0.5976,0.3499,0.0096,0.0014
BBMMJFJC_01390,Cytoplasmic,0.0009,0.0265,0.8368,0.0035,0.0762,0.0561
BBMMJFJC_01391,Outer Membrane,0.0006,0.0164,0.0388,0.0668,0.7484,0.1290
BBMMJFJC_01392,Cytoplasmic,0.0000,0.0133,0.9720,0.0129,0.0012,0.0006
BBMMJFJC_01393,Cytoplasmic,0.0000,0.0001,0.9708,0.0033,0.0250,0.0008
BBMMJFJC_01394,Cytoplasmic,0.0001,0.0402,0.9307,0.0016,0.0252,0.0021
BBMMJFJC_01395,Cytoplasmic Membrane,0.0000,0.0000,0.0000,0.9998,0.0002,0.0000
BBMMJFJC_01396,Cytoplasmic,0.0001,0.0007,0.9706,0.0069,0.0022,0.0195
BBMMJFJC_01397,Cytoplasmic,0.0000,0.0012,0.9938,0.0010,0.0030,0.0010
BBMMJFJC_01398,Extracellular,0.0001,0.3511,0.2461,0.1957,0.2062,0.0008
BBMMJFJC_01399,Cytoplasmic Membrane,0.0000,0.0025,0.0000,0.9910,0.0065,0.0000
BBMMJFJC_01400,Cytoplasmic Membrane,0.0003,0.0093,0.0012,0.9646,0.0221,0.0025
BBMMJFJC_01401,Cytoplasmic,0.0009,0.0039,0.9476,0.0017,0.0455,0.0004
BBMMJFJC_01402,Cytoplasmic,0.0006,0.2036,0.7014,0.0270,0.0659,0.0015
BBMMJFJC_01403,Cytoplasmic,0.0000,0.0003,0.9977,0.0000,0.0013,0.0006
BBMMJFJC_01404,Cytoplasmic,0.0000,0.0001,0.9914,0.0003,0.0079,0.0002
BBMMJFJC_01405,Cytoplasmic,0.0012,0.0101,0.9706,0.0013,0.0098,0.0071
BBMMJFJC_01406,Cytoplasmic,0.0000,0.0000,0.9952,0.0011,0.0036,0.0000
BBMMJFJC_01407,Periplasmic,0.0000,0.0020,0.0004,0.0003,0.0229,0.9743
BBMMJFJC_01408,Cytoplasmic,0.0002,0.0079,0.9863,0.0017,0.0023,0.0017
BBMMJFJC_01410,Periplasmic,0.0033,0.1216,0.1032,0.1320,0.2230,0.4168
BBMMJFJC_01411,Extracellular,0.0004,0.9952,0.0033,0.0004,0.0006,0.0001
BBMMJFJC_01412,Cytoplasmic Membrane,0.0001,0.0041,0.0018,0.9862,0.0077,0.0001
BBMMJFJC_01413,Cytoplasmic Membrane,0.0015,0.0148,0.0122,0.8515,0.0430,0.0770
BBMMJFJC_01414,Cytoplasmic,0.0001,0.0008,0.9947,0.0021,0.0018,0.0005
BBMMJFJC_01415,Cytoplasmic,0.0002,0.0055,0.9669,0.0052,0.0198,0.0024
BBMMJFJC_01416,Cytoplasmic,0.0000,0.0001,0.9996,0.0001,0.0001,0.0000
BBMMJFJC_01417,Cytoplasmic,0.0000,0.0003,0.9949,0.0002,0.0012,0.0034
BBMMJFJC_01418,Cytoplasmic,0.0000,0.0066,0.9829,0.0003,0.0015,0.0087
BBMMJFJC_01419,Cytoplasmic,0.0011,0.3471,0.4843,0.0516,0.1132,0.0027
BBMMJFJC_01425,Periplasmic,0.0009,0.0389,0.3939,0.0115,0.0557,0.4992
BBMMJFJC_01426,Cytoplasmic Membrane,0.0000,0.0006,0.0022,0.9708,0.0264,0.0000
BBMMJFJC_01427,Cytoplasmic,0.0002,0.0068,0.9710,0.0027,0.0191,0.0002
BBMMJFJC_01428,Cytoplasmic,0.0001,0.0091,0.9372,0.0384,0.0150,0.0001
BBMMJFJC_01430,Cytoplasmic,0.0000,0.0021,0.9973,0.0001,0.0004,0.0001
BBMMJFJC_01431,Cytoplasmic Membrane,0.0000,0.0000,0.0008,0.9952,0.0040,0.0001
BBMMJFJC_01432,Cytoplasmic,0.0031,0.0111,0.6842,0.1224,0.1630,0.0162
BBMMJFJC_01433,Outer Membrane,0.0003,0.0001,0.3632,0.0009,0.3649,0.2707
BBMMJFJC_01434,Cytoplasmic,0.0000,0.0003,0.9888,0.0023,0.0081,0.0005
BBMMJFJC_01435,Cytoplasmic,0.0000,0.0038,0.9833,0.0000,0.0002,0.0127
BBMMJFJC_01436,Cytoplasmic,0.0000,0.0002,0.9969,0.0004,0.0022,0.0002
BBMMJFJC_01437,Cytoplasmic,0.0000,0.0002,0.9994,0.0003,0.0001,0.0000
BBMMJFJC_01438,Cytoplasmic,0.0000,0.0000,0.7325,0.0001,0.2666,0.0006
BBMMJFJC_01439,Cytoplasmic Membrane,0.0000,0.0001,0.0001,0.9971,0.0024,0.0004
BBMMJFJC_01440,Cytoplasmic Membrane,0.0001,0.0038,0.0016,0.9448,0.0457,0.0040
BBMMJFJC_01441,Cytoplasmic,0.0000,0.0002,0.9979,0.0011,0.0006,0.0001
BBMMJFJC_01442,Cytoplasmic,0.0025,0.0151,0.7592,0.0124,0.0517,0.1591
BBMMJFJC_01443,Cytoplasmic Membrane,0.0000,0.0006,0.0000,0.9984,0.0004,0.0007
BBMMJFJC_01444,Cytoplasmic,0.0000,0.0014,0.9887,0.0009,0.0062,0.0027
BBMMJFJC_01445,Cytoplasmic,0.0000,0.0001,0.9968,0.0008,0.0020,0.0003
BBMMJFJC_01446,Cytoplasmic,0.0001,0.0010,0.9778,0.0118,0.0089,0.0004
BBMMJFJC_01447,Outer Membrane,0.0015,0.1031,0.0865,0.0560,0.5304,0.2224
BBMMJFJC_01448,Cytoplasmic,0.0001,0.0024,0.9900,0.0011,0.0057,0.0007
BBMMJFJC_01449,Cytoplasmic,0.0056,0.0017,0.8654,0.0011,0.1253,0.0010
BBMMJFJC_01450,Outer Membrane,0.0064,0.0549,0.0150,0.3113,0.5043,0.1082
BBMMJFJC_01451,Cytoplasmic,0.0010,0.0915,0.6307,0.2625,0.0121,0.0022
BBMMJFJC_01452,Outer Membrane,0.0016,0.0308,0.0476,0.2798,0.6271,0.0131
BBMMJFJC_01453,Cytoplasmic Membrane,0.0003,0.0054,0.0079,0.9365,0.0357,0.0142
BBMMJFJC_01454,Cytoplasmic Membrane,0.0000,0.0001,0.0071,0.9621,0.0284,0.0022
BBMMJFJC_01455,Cytoplasmic Membrane,0.0000,0.0000,0.0000,0.9985,0.0014,0.0000
BBMMJFJC_01456,Cytoplasmic Membrane,0.0002,0.0027,0.0063,0.9470,0.0429,0.0008
BBMMJFJC_01457,Cytoplasmic,0.0024,0.0108,0.4859,0.0999,0.3601,0.0409
BBMMJFJC_01458,Periplasmic,0.0009,0.0124,0.1062,0.0065,0.0412,0.8327
BBMMJFJC_01459,Cytoplasmic,0.0000,0.0000,0.9987,0.0000,0.0012,0.0001
BBMMJFJC_01460,Cytoplasmic Membrane,0.0000,0.0016,0.0067,0.9893,0.0024,0.0000
BBMMJFJC_01461,Outer Membrane,0.0000,0.0003,0.1749,0.0004,0.8238,0.0005
BBMMJFJC_01462,Cytoplasmic,0.0000,0.0000,0.7560,0.0001,0.2438,0.0000
BBMMJFJC_01463,Cytoplasmic,0.0006,0.0184,0.7722,0.0243,0.1740,0.0105
BBMMJFJC_01464,Outer Membrane,0.0000,0.0002,0.1088,0.0002,0.8906,0.0002
BBMMJFJC_01465,Outer Membrane,0.0006,0.0010,0.3153,0.0134,0.6647,0.0051
BBMMJFJC_01466,Cytoplasmic,0.0013,0.0020,0.7250,0.0114,0.2581,0.0022
BBMMJFJC_01467,Outer Membrane,0.0156,0.0772,0.2195,0.2885,0.3376,0.0616
BBMMJFJC_01468,Cytoplasmic,0.0005,0.0251,0.6954,0.2182,0.0526,0.0082
BBMMJFJC_01469,Outer Membrane,0.0000,0.0000,0.0670,0.0000,0.9328,0.0002
BBMMJFJC_01470,Outer Membrane,0.0001,0.0000,0.4584,0.0004,0.5408,0.0003
BBMMJFJC_01471,Outer Membrane,0.0003,0.0003,0.1722,0.0008,0.8260,0.0004
BBMMJFJC_01472,Cytoplasmic,0.0000,0.0000,0.6187,0.0000,0.3807,0.0006
BBMMJFJC_01473,Cytoplasmic,0.0003,0.0051,0.9001,0.0152,0.0787,0.0005
BBMMJFJC_01474,Cytoplasmic,0.0000,0.0001,0.9802,0.0016,0.0178,0.0003
BBMMJFJC_01475,Outer Membrane,0.0001,0.0002,0.2537,0.0004,0.7455,0.0002
BBMMJFJC_01476,Cytoplasmic,0.0008,0.0011,0.7463,0.0396,0.2116,0.0006
BBMMJFJC_01477,Cytoplasmic,0.0003,0.0049,0.8928,0.0020,0.0930,0.0070
BBMMJFJC_01478,Cytoplasmic,0.0000,0.0001,0.9589,0.0369,0.0040,0.0001
BBMMJFJC_01479,Cytoplasmic,0.0002,0.0027,0.9173,0.0714,0.0079,0.0005
BBMMJFJC_01480,Cytoplasmic,0.0000,0.0007,0.9952,0.0011,0.0024,0.0005
BBMMJFJC_01481,Cytoplasmic Membrane,0.0000,0.0004,0.0002,0.9963,0.0030,0.0001
BBMMJFJC_01482,Cytoplasmic,0.0000,0.0245,0.9730,0.0022,0.0002,0.0002
BBMMJFJC_01483,Cytoplasmic,0.0007,0.0433,0.7832,0.0936,0.0741,0.0052
BBMMJFJC_01484,Periplasmic,0.0072,0.2085,0.1013,0.1038,0.1820,0.3971
BBMMJFJC_01485,Cytoplasmic,0.0000,0.0002,0.9809,0.0180,0.0008,0.0001
BBMMJFJC_01486,Cytoplasmic Membrane,0.0000,0.0000,0.0000,0.9990,0.0009,0.0000
BBMMJFJC_01487,Cytoplasmic,0.0000,0.0000,0.9924,0.0055,0.0020,0.0000
BBMMJFJC_01488,Cytoplasmic Membrane,0.0001,0.0028,0.1633,0.7129,0.0076,0.1133
BBMMJFJC_01489,Cytoplasmic Membrane,0.0001,0.2948,0.1465,0.3532,0.2044,0.0010
BBMMJFJC_01490,Cytoplasmic,0.0001,0.1419,0.8040,0.0231,0.0142,0.0168
BBMMJFJC_01491,Cytoplasmic Membrane,0.0000,0.0092,0.0029,0.9677,0.0202,0.0001
BBMMJFJC_01492,Cytoplasmic Membrane,0.0000,0.0000,0.0001,0.9979,0.0019,0.0000
BBMMJFJC_01493,Cytoplasmic Membrane,0.0001,0.0037,0.1684,0.8060,0.0163,0.0054
BBMMJFJC_01494,Outer Membrane,0.0000,0.0000,0.0000,0.0003,0.9996,0.0001
BBMMJFJC_01495,Cytoplasmic,0.0000,0.0011,0.9449,0.0082,0.0057,0.0402
BBMMJFJC_01496,Outer Membrane,0.0004,0.0029,0.0021,0.1867,0.8035,0.0044
BBMMJFJC_01497,Cytoplasmic Membrane,0.0000,0.0000,0.0001,0.9981,0.0017,0.0000
BBMMJFJC_01498,Cytoplasmic,0.0001,0.0041,0.9823,0.0025,0.0088,0.0023
BBMMJFJC_01499,Outer Membrane,0.0051,0.1299,0.0009,0.1522,0.7062,0.0056
BBMMJFJC_01500,Cytoplasmic,0.0000,0.0003,0.9904,0.0021,0.0056,0.0015
BBMMJFJC_01501,Cytoplasmic Membrane,0.0000,0.0000,0.0000,0.9980,0.0015,0.0004
BBMMJFJC_01502,Cytoplasmic,0.0005,0.0653,0.5359,0.0017,0.0300,0.3666
BBMMJFJC_01503,Cytoplasmic,0.0000,0.0030,0.9937,0.0018,0.0011,0.0004
BBMMJFJC_01504,Cytoplasmic,0.0000,0.0013,0.9939,0.0017,0.0023,0.0008
BBMMJFJC_01505,Cytoplasmic,0.0000,0.0003,0.9878,0.0057,0.0037,0.0024
BBMMJFJC_01506,Cytoplasmic Membrane,0.0000,0.0018,0.0001,0.9961,0.0020,0.0000
BBMMJFJC_01507,Cytoplasmic,0.0005,0.0557,0.9120,0.0115,0.0168,0.0035
BBMMJFJC_01508,Cytoplasmic,0.0002,0.0101,0.7589,0.1624,0.0618,0.0066
BBMMJFJC_01509,Cytoplasmic,0.0000,0.0005,0.9518,0.0324,0.0066,0.0086
BBMMJFJC_01510,Cytoplasmic Membrane,0.0001,0.0771,0.0004,0.9120,0.0102,0.0002
BBMMJFJC_01511,Cytoplasmic Membrane,0.0002,0.0022,0.0012,0.9797,0.0086,0.0081
BBMMJFJC_01512,Outer Membrane,0.0002,0.0097,0.0022,0.1124,0.8627,0.0128
BBMMJFJC_01513,Outer Membrane,0.0009,0.1587,0.0009,0.3270,0.5059,0.0066
BBMMJFJC_01514,Outer Membrane,0.0015,0.3500,0.0036,0.2155,0.4192,0.0101
BBMMJFJC_01515,Cytoplasmic Membrane,0.0001,0.0048,0.0016,0.9695,0.0240,0.0001
BBMMJFJC_01516,Cytoplasmic Membrane,0.0002,0.0078,0.3343,0.6095,0.0456,0.0025
BBMMJFJC_01517,Cytoplasmic,0.0015,0.0327,0.5998,0.0590,0.2184,0.0885
BBMMJFJC_01518,Outer Membrane,0.0019,0.0923,0.0021,0.1491,0.7522,0.0025
BBMMJFJC_01519,Cytoplasmic Membrane,0.0008,0.0057,0.0713,0.8605,0.0600,0.0016
BBMMJFJC_01520,Cytoplasmic,0.0000,0.0031,0.9538,0.0253,0.0139,0.0039
BBMMJFJC_01521,Cytoplasmic,0.0002,0.0060,0.7460,0.2246,0.0093,0.0138
BBMMJFJC_01522,Cytoplasmic Membrane,0.0057,0.1423,0.0695,0.6257,0.1068,0.0500
BBMMJFJC_01523,Cytoplasmic,0.0001,0.0016,0.7877,0.2061,0.0042,0.0002
BBMMJFJC_01524,Cytoplasmic,0.0000,0.0001,0.9881,0.0026,0.0091,0.0001
BBMMJFJC_01525,Cytoplasmic Membrane,0.0000,0.0000,0.0001,0.9993,0.0006,0.0000
BBMMJFJC_01526,Outer Membrane,0.0000,0.0000,0.0001,0.0005,0.9988,0.0006
BBMMJFJC_01527,Periplasmic,0.0009,0.0355,0.0747,0.0017,0.0700,0.8172
BBMMJFJC_01528,Extracellular,0.0010,0.8581,0.0969,0.0219,0.0199,0.0022
BBMMJFJC_01529,Periplasmic,0.0013,0.0807,0.0908,0.1060,0.1552,0.5659
BBMMJFJC_01530,Cytoplasmic,0.0000,0.0006,0.9659,0.0010,0.0298,0.0027
BBMMJFJC_01531,Cytoplasmic,0.0000,0.0005,0.9976,0.0002,0.0011,0.0006
BBMMJFJC_01532,Cytoplasmic,0.0000,0.0001,0.9834,0.0009,0.0148,0.0008
BBMMJFJC_01533,Cytoplasmic,0.0002,0.0006,0.6329,0.3111,0.0514,0.0038
BBMMJFJC_01534,Cytoplasmic,0.0000,0.0010,0.9985,0.0001,0.0003,0.0001
BBMMJFJC_01535,Cytoplasmic,0.0000,0.0012,0.9535,0.0351,0.0073,0.0029
BBMMJFJC_01536,Cytoplasmic,0.0003,0.0045,0.4864,0.0080,0.0559,0.4449
BBMMJFJC_01537,Cytoplasmic Membrane,0.0009,0.0039,0.0215,0.6091,0.0634,0.3012
BBMMJFJC_01538,Cytoplasmic Membrane,0.0000,0.0000,0.0003,0.9991,0.0006,0.0000
BBMMJFJC_01539,Cytoplasmic Membrane,0.0000,0.0000,0.0002,0.9996,0.0002,0.0000
BBMMJFJC_01540,Cytoplasmic,0.0000,0.0002,0.9888,0.0020,0.0086,0.0004
BBMMJFJC_01541,Cytoplasmic,0.0007,0.0251,0.7828,0.0019,0.1745,0.0150
BBMMJFJC_01542,Cytoplasmic,0.0000,0.0006,0.9967,0.0015,0.0007,0.0006
BBMMJFJC_01543,Cytoplasmic,0.0034,0.1055,0.3156,0.0132,0.2681,0.2942
BBMMJFJC_01544,Cytoplasmic,0.0000,0.0088,0.9577,0.0154,0.0170,0.0010
BBMMJFJC_01545,Cytoplasmic,0.0102,0.2599,0.3617,0.0704,0.0446,0.2533
BBMMJFJC_01546,Cytoplasmic,0.0011,0.2992,0.5444,0.0035,0.0929,0.0589
BBMMJFJC_01547,Cytoplasmic,0.0000,0.0001,0.9893,0.0104,0.0001,0.0001
BBMMJFJC_01548,Cytoplasmic,0.0000,0.0001,0.9992,0.0000,0.0003,0.0004
BBMMJFJC_01549,Cytoplasmic,0.0013,0.1201,0.2889,0.2377,0.2216,0.1304
BBMMJFJC_01550,Periplasmic,0.0009,0.0377,0.0104,0.0025,0.0388,0.9097
BBMMJFJC_01551,Cytoplasmic,0.0001,0.3476,0.5655,0.0004,0.0305,0.0559
BBMMJFJC_01552,Cytoplasmic Membrane,0.0017,0.2347,0.0008,0.7249,0.0373,0.0005
BBMMJFJC_01553,Extracellular,0.0004,0.5547,0.3841,0.0380,0.0068,0.0159
BBMMJFJC_01554,Cytoplasmic,0.0002,0.0019,0.9529,0.0033,0.0405,0.0012
BBMMJFJC_01555,Cytoplasmic,0.0001,0.0052,0.9241,0.0500,0.0142,0.0063
BBMMJFJC_01556,Periplasmic,0.0007,0.0419,0.0549,0.0027,0.0477,0.8521
BBMMJFJC_01557,Cytoplasmic,0.0000,0.0001,0.9879,0.0002,0.0117,0.0001
BBMMJFJC_01558,Cytoplasmic Membrane,0.0000,0.0016,0.0001,0.9955,0.0024,0.0003
BBMMJFJC_01559,Cytoplasmic Membrane,0.0000,0.0000,0.0000,0.9994,0.0006,0.0000
BBMMJFJC_01560,Cytoplasmic,0.0003,0.1349,0.7104,0.1268,0.0265,0.0011
BBMMJFJC_01561,Cytoplasmic,0.0001,0.2079,0.6106,0.0070,0.0516,0.1227
BBMMJFJC_01562,Cytoplasmic Membrane,0.0000,0.0013,0.2963,0.6932,0.0076,0.0016
BBMMJFJC_01563,Cytoplasmic,0.0000,0.0001,0.9993,0.0000,0.0005,0.0001
BBMMJFJC_01564,Periplasmic,0.0001,0.0018,0.0244,0.0171,0.4650,0.4917
BBMMJFJC_01565,Cytoplasmic,0.0000,0.0000,0.9906,0.0007,0.0083,0.0004
BBMMJFJC_01566,Cytoplasmic Membrane,0.0000,0.0000,0.0001,0.9992,0.0007,0.0000
BBMMJFJC_01567,Cytoplasmic Membrane,0.0000,0.0004,0.1919,0.7961,0.0103,0.0013
BBMMJFJC_01568,Cytoplasmic Membrane,0.0015,0.0122,0.0121,0.6649,0.2766,0.0327
BBMMJFJC_01569,Cytoplasmic Membrane,0.0000,0.0004,0.0007,0.9961,0.0020,0.0009
BBMMJFJC_01570,Periplasmic,0.0030,0.0549,0.0179,0.0041,0.0687,0.8514
BBMMJFJC_01571,Cytoplasmic,0.0000,0.0003,0.9966,0.0008,0.0016,0.0006
BBMMJFJC_01572,Cytoplasmic,0.0000,0.0001,0.9954,0.0001,0.0022,0.0023
BBMMJFJC_01573,Cytoplasmic,0.0000,0.0002,0.9944,0.0002,0.0050,0.0002
BBMMJFJC_01574,Cytoplasmic,0.0000,0.0000,0.9112,0.0029,0.0857,0.0002
BBMMJFJC_01575,Cytoplasmic,0.0000,0.0007,0.9939,0.0011,0.0026,0.0017
BBMMJFJC_01576,Cytoplasmic,0.0016,0.1979,0.6513,0.0447,0.0160,0.0884
BBMMJFJC_01577,Cytoplasmic Membrane,0.0000,0.0001,0.0000,0.9973,0.0026,0.0000
BBMMJFJC_01578,Cytoplasmic Membrane,0.0045,0.0811,0.0281,0.5375,0.3100,0.0388
BBMMJFJC_01579,Cytoplasmic,0.0000,0.0000,0.9994,0.0000,0.0002,0.0003
BBMMJFJC_01580,Cytoplasmic,0.0000,0.0005,0.9978,0.0002,0.0010,0.0005
BBMMJFJC_01581,Cytoplasmic,0.0004,0.0873,0.9010,0.0021,0.0031,0.0060
BBMMJFJC_01582,Cytoplasmic,0.0003,0.0305,0.9405,0.0123,0.0147,0.0018
BBMMJFJC_01583,Cytoplasmic,0.0000,0.0003,0.9555,0.0327,0.0103,0.0013
BBMMJFJC_01584,Cytoplasmic,0.0000,0.0001,0.9961,0.0011,0.0019,0.0009
BBMMJFJC_01585,Cytoplasmic,0.0003,0.0029,0.8883,0.0800,0.0265,0.0021
BBMMJFJC_01586,Extracellular,0.0324,0.9125,0.0000,0.0000,0.0540,0.0010
BBMMJFJC_01587,Cytoplasmic Membrane,0.0000,0.0003,0.0027,0.9882,0.0087,0.0002
BBMMJFJC_01588,Cytoplasmic,0.0000,0.0002,0.9980,0.0002,0.0015,0.0001
BBMMJFJC_01589,Cytoplasmic,0.0000,0.0007,0.9878,0.0065,0.0045,0.0005
BBMMJFJC_01590,Cytoplasmic,0.0000,0.0134,0.9863,0.0000,0.0002,0.0000
BBMMJFJC_01591,Outer Membrane,0.0000,0.0001,0.0002,0.0233,0.9757,0.0007
BBMMJFJC_01592,Outer Membrane,0.0000,0.0000,0.0001,0.0041,0.9953,0.0003
BBMMJFJC_01593,Outer Membrane,0.0000,0.0000,0.0000,0.0004,0.9995,0.0000
BBMMJFJC_01594,Cytoplasmic Membrane,0.0000,0.0000,0.0045,0.9933,0.0021,0.0000
BBMMJFJC_01595,Outer Membrane,0.0000,0.0001,0.3932,0.0044,0.6013,0.0009
BBMMJFJC_01596,Cytoplasmic,0.0000,0.0001,0.8045,0.0067,0.1879,0.0007
BBMMJFJC_01597,Cytoplasmic,0.0002,0.0007,0.5533,0.0131,0.4325,0.0002
BBMMJFJC_01598,Cytoplasmic,0.0000,0.0005,0.9833,0.0001,0.0003,0.0158
BBMMJFJC_01599,Cytoplasmic,0.0004,0.0039,0.8204,0.1401,0.0333,0.0020
BBMMJFJC_01600,Cytoplasmic,0.0001,0.0055,0.8085,0.1721,0.0089,0.0048
BBMMJFJC_01601,Cytoplasmic,0.0000,0.0004,0.9981,0.0005,0.0009,0.0000
BBMMJFJC_01602,Extracellular,0.0284,0.5667,0.0125,0.1002,0.2115,0.0807
BBMMJFJC_01603,Cytoplasmic,0.0000,0.0003,0.9971,0.0002,0.0021,0.0003
BBMMJFJC_01604,Cytoplasmic,0.0000,0.0001,0.9981,0.0002,0.0012,0.0004
BBMMJFJC_01605,Cytoplasmic,0.0000,0.0003,0.9919,0.0003,0.0011,0.0064
BBMMJFJC_01606,Cytoplasmic,0.0001,0.0020,0.9119,0.0056,0.0787,0.0017
BBMMJFJC_01607,Cytoplasmic Membrane,0.0000,0.0039,0.0012,0.9862,0.0086,0.0000
BBMMJFJC_01608,Cytoplasmic Membrane,0.0001,0.0055,0.0289,0.9230,0.0419,0.0006
BBMMJFJC_01609,Periplasmic,0.0034,0.1371,0.0835,0.0216,0.1149,0.6396
BBMMJFJC_01610,Cytoplasmic,0.0000,0.0001,0.9954,0.0003,0.0041,0.0001
BBMMJFJC_01611,Cytoplasmic Membrane,0.0000,0.0002,0.0001,0.9989,0.0007,0.0000
BBMMJFJC_01612,Periplasmic,0.0001,0.0221,0.1019,0.0023,0.0087,0.8650
BBMMJFJC_01613,Periplasmic,0.0039,0.1394,0.1600,0.0061,0.0228,0.6678
BBMMJFJC_01614,Cytoplasmic Membrane,0.0000,0.0005,0.0003,0.9977,0.0016,0.0000
BBMMJFJC_01615,Cytoplasmic,0.0001,0.0006,0.9918,0.0010,0.0059,0.0007
BBMMJFJC_01616,Cytoplasmic,0.0004,0.0034,0.9297,0.0235,0.0414,0.0017
BBMMJFJC_01617,Cytoplasmic,0.0001,0.0014,0.9197,0.0686,0.0095,0.0008
BBMMJFJC_01618,Cytoplasmic Membrane,0.0004,0.0225,0.0014,0.9441,0.0237,0.0079
BBMMJFJC_01619,Periplasmic,0.0017,0.0263,0.1640,0.3409,0.0959,0.3711
BBMMJFJC_01620,Cytoplasmic,0.0004,0.0111,0.9313,0.0286,0.0284,0.0002
BBMMJFJC_01621,Cytoplasmic,0.0000,0.0016,0.9966,0.0003,0.0004,0.0011
BBMMJFJC_01622,Outer Membrane,0.0003,0.0084,0.0103,0.0511,0.9246,0.0055
BBMMJFJC_01623,Periplasmic,0.0003,0.0901,0.3938,0.0033,0.0208,0.4917
BBMMJFJC_01624,Cytoplasmic,0.0369,0.2575,0.2582,0.1027,0.1178,0.2269
BBMMJFJC_01625,Cytoplasmic,0.0023,0.0300,0.8705,0.0665,0.0237,0.0070
BBMMJFJC_01626,Cytoplasmic,0.0001,0.0012,0.9737,0.0059,0.0189,0.0003
BBMMJFJC_01627,Cytoplasmic,0.0000,0.0046,0.9942,0.0000,0.0011,0.0001
BBMMJFJC_01628,Cytoplasmic,0.0000,0.0020,0.9553,0.0003,0.0396,0.0028
BBMMJFJC_01629,Cytoplasmic,0.0000,0.0002,0.9992,0.0000,0.0004,0.0002
BBMMJFJC_01630,Cytoplasmic,0.0000,0.0001,0.9967,0.0022,0.0010,0.0000
BBMMJFJC_01631,Cytoplasmic,0.0018,0.0680,0.5009,0.1791,0.0854,0.1648
BBMMJFJC_01632,Cytoplasmic Membrane,0.0000,0.0001,0.0090,0.9685,0.0217,0.0006
BBMMJFJC_01633,Cytoplasmic,0.0000,0.0001,0.9980,0.0000,0.0012,0.0007
BBMMJFJC_01634,Periplasmic,0.0003,0.0072,0.1350,0.1204,0.1194,0.6176
BBMMJFJC_01635,Outer Membrane,0.0001,0.0001,0.0023,0.0038,0.9935,0.0003
BBMMJFJC_01636,Cytoplasmic,0.0005,0.0093,0.9195,0.0055,0.0619,0.0033
BBMMJFJC_01637,Cytoplasmic Membrane,0.0002,0.0140,0.0020,0.9528,0.0301,0.0010
BBMMJFJC_01638,Periplasmic,0.0009,0.1124,0.2043,0.0012,0.0855,0.5957
BBMMJFJC_01639,Outer Membrane,0.0086,0.1277,0.0237,0.3374,0.3453,0.1573
BBMMJFJC_01640,Cytoplasmic Membrane,0.0032,0.1186,0.0369,0.6570,0.0880,0.0963
BBMMJFJC_01641,Cytoplasmic,0.0000,0.0000,0.9999,0.0000,0.0000,0.0000
BBMMJFJC_01642,Cytoplasmic,0.0000,0.0011,0.7911,0.0001,0.2076,0.0001
BBMMJFJC_01643,Cytoplasmic,0.0001,0.0019,0.9355,0.0036,0.0585,0.0004
BBMMJFJC_01644,Cytoplasmic,0.0003,0.0016,0.9522,0.0140,0.0304,0.0014
BBMMJFJC_01645,Cytoplasmic,0.0001,0.0035,0.8580,0.1157,0.0197,0.0031
BBMMJFJC_01646,Cytoplasmic,0.0007,0.0019,0.5522,0.1941,0.2052,0.0459
BBMMJFJC_01647,Cytoplasmic,0.0001,0.0040,0.9820,0.0030,0.0021,0.0088
BBMMJFJC_01648,Cytoplasmic Membrane,0.0001,0.0090,0.0007,0.9831,0.0070,0.0001
BBMMJFJC_01649,Periplasmic,0.0002,0.0474,0.0702,0.0052,0.0125,0.8646
BBMMJFJC_01650,Cytoplasmic,0.0000,0.0016,0.9757,0.0032,0.0073,0.0122
BBMMJFJC_01651,Cytoplasmic,0.0001,0.0120,0.9304,0.0179,0.0224,0.0171
BBMMJFJC_01652,Periplasmic,0.0015,0.0660,0.2032,0.1002,0.2413,0.3878
BBMMJFJC_01653,Cytoplasmic Membrane,0.0004,0.0938,0.0037,0.7608,0.1340,0.0074
BBMMJFJC_01654,Cytoplasmic Membrane,0.0000,0.0002,0.0000,0.9980,0.0017,0.0000
BBMMJFJC_01655,Cytoplasmic Membrane,0.0000,0.0000,0.0000,0.9991,0.0009,0.0000
BBMMJFJC_01656,Cytoplasmic Membrane,0.0000,0.0000,0.0002,0.9912,0.0085,0.0000
BBMMJFJC_01657,Cytoplasmic,0.0002,0.0062,0.9249,0.0043,0.0593,0.0051
BBMMJFJC_01658,Cytoplasmic,0.0000,0.0008,0.9939,0.0008,0.0011,0.0035
BBMMJFJC_01659,Cytoplasmic Membrane,0.0000,0.0005,0.0027,0.9879,0.0076,0.0012
BBMMJFJC_01660,Cytoplasmic,0.0001,0.0011,0.9915,0.0011,0.0057,0.0006
BBMMJFJC_01661,Cytoplasmic,0.0000,0.0347,0.8459,0.0995,0.0184,0.0016
BBMMJFJC_01662,Cytoplasmic,0.0003,0.0016,0.5325,0.4229,0.0403,0.0024
BBMMJFJC_01663,Cytoplasmic,0.0007,0.0017,0.4880,0.2279,0.2749,0.0068
BBMMJFJC_01664,Cytoplasmic Membrane,0.0010,0.0029,0.4079,0.5151,0.0628,0.0103
BBMMJFJC_01665,Cytoplasmic,0.0008,0.0028,0.5239,0.2112,0.2571,0.0043
BBMMJFJC_01666,Cytoplasmic,0.0002,0.0011,0.7717,0.1840,0.0354,0.0076
BBMMJFJC_01667,Cytoplasmic Membrane,0.0000,0.0002,0.0000,0.9979,0.0017,0.0002
BBMMJFJC_01668,Cytoplasmic Membrane,0.0001,0.0801,0.0006,0.9148,0.0044,0.0000
BBMMJFJC_01669,Cytoplasmic Membrane,0.0000,0.0000,0.0000,0.9993,0.0006,0.0000
BBMMJFJC_01670,Outer Membrane,0.0018,0.0336,0.0515,0.1371,0.5430,0.2330
BBMMJFJC_01671,Periplasmic,0.0050,0.0893,0.2207,0.1573,0.1768,0.3509
BBMMJFJC_01672,Cytoplasmic,0.0012,0.1959,0.5836,0.0039,0.1723,0.0432
BBMMJFJC_01673,Cytoplasmic Membrane,0.0000,0.0007,0.0016,0.9955,0.0022,0.0001
BBMMJFJC_01674,Periplasmic,0.0002,0.0625,0.1988,0.0028,0.0114,0.7242
BBMMJFJC_01675,Periplasmic,0.0000,0.0796,0.0005,0.0013,0.0024,0.9161
BBMMJFJC_01676,Cytoplasmic,0.0029,0.1458,0.6417,0.0056,0.0572,0.1468
BBMMJFJC_01677,Cytoplasmic,0.0008,0.0011,0.9872,0.0075,0.0033,0.0001
BBMMJFJC_01678,Cytoplasmic,0.0004,0.0631,0.8173,0.0455,0.0733,0.0004
BBMMJFJC_01679,Cytoplasmic,0.0010,0.0115,0.8892,0.0441,0.0090,0.0452
BBMMJFJC_01680,Cytoplasmic Membrane,0.0028,0.0332,0.2815,0.4162,0.1798,0.0865
BBMMJFJC_01681,Cytoplasmic Membrane,0.0000,0.0000,0.0000,0.9999,0.0001,0.0000
BBMMJFJC_01682,Cytoplasmic,0.0000,0.0015,0.9664,0.0243,0.0001,0.0076
BBMMJFJC_01683,Cytoplasmic,0.0000,0.0009,0.9787,0.0018,0.0170,0.0016
BBMMJFJC_01684,Cytoplasmic,0.0025,0.0431,0.3484,0.3207,0.1840,0.1013
BBMMJFJC_01685,Periplasmic,0.0030,0.0166,0.1035,0.0300,0.0873,0.7595
BBMMJFJC_01686,Cytoplasmic Membrane,0.0000,0.0000,0.0000,0.9995,0.0004,0.0000
BBMMJFJC_01687,Cytoplasmic,0.0000,0.0008,0.9912,0.0024,0.0055,0.0001
BBMMJFJC_01688,Cytoplasmic,0.0000,0.0002,0.9982,0.0002,0.0012,0.0002
BBMMJFJC_01689,Cytoplasmic,0.0000,0.0016,0.9945,0.0016,0.0020,0.0002
BBMMJFJC_01690,Cytoplasmic,0.0001,0.0090,0.8618,0.0022,0.1225,0.0043
BBMMJFJC_01691,Cytoplasmic,0.0001,0.0005,0.9570,0.0089,0.0329,0.0007
BBMMJFJC_01692,Cytoplasmic,0.0000,0.0001,0.9937,0.0000,0.0060,0.0002
BBMMJFJC_01693,Cytoplasmic,0.0000,0.0048,0.9746,0.0109,0.0084,0.0013
BBMMJFJC_01694,Cytoplasmic,0.0003,0.0046,0.9099,0.0032,0.0792,0.0028
BBMMJFJC_01695,Cytoplasmic,0.0001,0.0039,0.9669,0.0003,0.0237,0.0051
BBMMJFJC_01696,Cytoplasmic,0.0008,0.0642,0.8140,0.0882,0.0321,0.0007
BBMMJFJC_01697,Cytoplasmic,0.0001,0.0011,0.9822,0.0027,0.0115,0.0025
BBMMJFJC_01698,Cytoplasmic Membrane,0.0005,0.0091,0.0011,0.9789,0.0095,0.0009
BBMMJFJC_01699,Periplasmic,0.0010,0.0215,0.1426,0.0131,0.0582,0.7636
BBMMJFJC_01700,Cytoplasmic,0.0002,0.0006,0.6766,0.2572,0.0647,0.0007
BBMMJFJC_01701,Cytoplasmic,0.0000,0.0000,0.9061,0.0799,0.0138,0.0002
BBMMJFJC_01702,Cytoplasmic,0.0001,0.0018,0.9313,0.0496,0.0126,0.0046
BBMMJFJC_01703,Outer Membrane,0.0030,0.0104,0.0662,0.2131,0.4333,0.2740
BBMMJFJC_01704,Periplasmic,0.0090,0.0262,0.1371,0.0629,0.3580,0.4067
BBMMJFJC_01705,Cytoplasmic Membrane,0.0000,0.0010,0.0362,0.9513,0.0087,0.0027
BBMMJFJC_01706,Cytoplasmic Membrane,0.0001,0.0035,0.0545,0.9096,0.0253,0.0071
BBMMJFJC_01707,Cytoplasmic Membrane,0.0000,0.0001,0.0000,0.9991,0.0008,0.0000
BBMMJFJC_01708,Cytoplasmic,0.0001,0.0030,0.9909,0.0009,0.0035,0.0016
BBMMJFJC_01709,Outer Membrane,0.0042,0.3043,0.0258,0.0978,0.5076,0.0604
BBMMJFJC_01710,Cytoplasmic,0.0001,0.0012,0.9660,0.0235,0.0078,0.0013
BBMMJFJC_01711,Cytoplasmic,0.0000,0.0003,0.9985,0.0005,0.0007,0.0001
BBMMJFJC_01712,Extracellular,0.0005,0.5864,0.1726,0.0986,0.1353,0.0066
BBMMJFJC_01713,Cytoplasmic,0.0002,0.0167,0.9800,0.0012,0.0016,0.0002
BBMMJFJC_01714,Cytoplasmic,0.0000,0.0003,0.9992,0.0001,0.0001,0.0003
BBMMJFJC_01715,Cytoplasmic Membrane,0.0000,0.0000,0.0000,0.9998,0.0002,0.0000
BBMMJFJC_01716,Cytoplasmic,0.0002,0.0029,0.9623,0.0106,0.0142,0.0098
BBMMJFJC_01717,Outer Membrane,0.0002,0.0003,0.4942,0.0002,0.5046,0.0004
BBMMJFJC_01718,Extracellular,0.0002,0.4967,0.2963,0.0061,0.1999,0.0008
BBMMJFJC_01719,Cytoplasmic,0.0003,0.0016,0.9298,0.0083,0.0580,0.0020
BBMMJFJC_01720,Periplasmic,0.0023,0.2012,0.2287,0.0062,0.0155,0.5460
BBMMJFJC_01721,Cytoplasmic,0.0000,0.0004,0.9986,0.0006,0.0001,0.0002
BBMMJFJC_01722,Cytoplasmic,0.0004,0.0008,0.7944,0.0007,0.1808,0.0230
BBMMJFJC_01723,Cytoplasmic Membrane,0.0025,0.1482,0.0059,0.8047,0.0262,0.0125
BBMMJFJC_01724,Cytoplasmic Membrane,0.0000,0.0000,0.0002,0.9995,0.0002,0.0000
BBMMJFJC_01725,Cytoplasmic,0.0009,0.3029,0.3424,0.0152,0.0043,0.3343
BBMMJFJC_01726,Cytoplasmic,0.0001,0.4287,0.4328,0.0016,0.1279,0.0088
BBMMJFJC_01727,Cytoplasmic Membrane,0.0006,0.1050,0.0073,0.6649,0.2210,0.0013
BBMMJFJC_01729,Cytoplasmic,0.0000,0.0002,0.8950,0.1024,0.0012,0.0012
BBMMJFJC_01730,Cytoplasmic,0.0001,0.0010,0.9371,0.0354,0.0245,0.0019
BBMMJFJC_01731,Cytoplasmic,0.0007,0.0503,0.9014,0.0195,0.0255,0.0025
BBMMJFJC_01732,Cytoplasmic,0.0000,0.0001,0.9992,0.0000,0.0003,0.0004
BBMMJFJC_01733,Cytoplasmic,0.0000,0.0007,0.9504,0.0453,0.0035,0.0002
BBMMJFJC_01734,Cytoplasmic,0.0000,0.0000,0.9993,0.0003,0.0002,0.0001
BBMMJFJC_01735,Cytoplasmic Membrane,0.0009,0.0817,0.0010,0.8561,0.0419,0.0185
BBMMJFJC_01736,Cytoplasmic,0.0000,0.0000,0.9991,0.0002,0.0005,0.0002
BBMMJFJC_01737,Cytoplasmic Membrane,0.0001,0.0002,0.1576,0.8163,0.0255,0.0003
BBMMJFJC_01738,Cytoplasmic Membrane,0.0001,0.0497,0.0007,0.9428,0.0065,0.0002
BBMMJFJC_01739,Periplasmic,0.0016,0.2489,0.0112,0.0261,0.0333,0.6789
BBMMJFJC_01740,Cytoplasmic Membrane,0.0000,0.0006,0.0001,0.9964,0.0028,0.0000
BBMMJFJC_01741,Cytoplasmic Membrane,0.0001,0.0091,0.0004,0.8811,0.1092,0.0002
BBMMJFJC_01742,Cytoplasmic,0.0000,0.0005,0.9938,0.0022,0.0026,0.0008
BBMMJFJC_01743,Cytoplasmic,0.0001,0.0045,0.9827,0.0107,0.0020,0.0000
BBMMJFJC_01744,Cytoplasmic,0.0001,0.0045,0.9895,0.0007,0.0051,0.0002
BBMMJFJC_01745,Cytoplasmic,0.0023,0.0200,0.8756,0.0478,0.0446,0.0097
BBMMJFJC_01746,Outer Membrane,0.0000,0.0003,0.0001,0.2132,0.7859,0.0005
BBMMJFJC_01747,Outer Membrane,0.0000,0.0006,0.0000,0.1787,0.8207,0.0001
BBMMJFJC_01748,Cytoplasmic,0.0001,0.0021,0.9211,0.0017,0.0694,0.0056
BBMMJFJC_01749,Cytoplasmic Membrane,0.0046,0.0252,0.0272,0.4019,0.3637,0.1774
BBMMJFJC_01750,Cytoplasmic,0.0002,0.0041,0.9879,0.0070,0.0003,0.0005
BBMMJFJC_01751,Extracellular,0.0780,0.5551,0.0001,0.0003,0.3289,0.0375
BBMMJFJC_01753,Cytoplasmic,0.0000,0.0002,0.9861,0.0105,0.0030,0.0002
BBMMJFJC_01754,Cytoplasmic,0.0000,0.0002,0.9997,0.0000,0.0001,0.0000
BBMMJFJC_01755,Cytoplasmic,0.0000,0.0001,0.9938,0.0018,0.0040,0.0004
BBMMJFJC_01756,Outer Membrane,0.0002,0.0129,0.0003,0.3255,0.6608,0.0003
BBMMJFJC_01757,Cytoplasmic Membrane,0.0024,0.0116,0.1094,0.6918,0.1591,0.0257
BBMMJFJC_01758,Cytoplasmic,0.0001,0.0010,0.9686,0.0110,0.0187,0.0006
BBMMJFJC_01759,Cytoplasmic Membrane,0.0000,0.0004,0.0003,0.9974,0.0018,0.0000
BBMMJFJC_01760,Cytoplasmic,0.0000,0.0005,0.9990,0.0003,0.0001,0.0000
BBMMJFJC_01761,Cytoplasmic Membrane,0.0009,0.0016,0.3470,0.5906,0.0561,0.0039
BBMMJFJC_01762,Cytoplasmic,0.0000,0.0003,0.9989,0.0001,0.0003,0.0005
BBMMJFJC_01763,Cytoplasmic Membrane,0.0000,0.0000,0.0101,0.9848,0.0047,0.0003
BBMMJFJC_01764,Cytoplasmic,0.0000,0.0001,0.9945,0.0053,0.0001,0.0000
BBMMJFJC_01765,Cytoplasmic,0.0000,0.0047,0.9503,0.0003,0.0400,0.0046
BBMMJFJC_01766,Cytoplasmic,0.0000,0.0008,0.9982,0.0000,0.0008,0.0002
BBMMJFJC_01767,Outer Membrane,0.0000,0.0000,0.0000,0.0001,0.9999,0.0000
BBMMJFJC_01768,Cytoplasmic,0.0000,0.0009,0.9958,0.0003,0.0029,0.0001
BBMMJFJC_01769,Cytoplasmic Membrane,0.0001,0.0426,0.0006,0.9405,0.0159,0.0003
BBMMJFJC_01770,Cytoplasmic Membrane,0.0003,0.1653,0.0106,0.8042,0.0194,0.0002
BBMMJFJC_01771,Extracellular,0.0257,0.7372,0.0140,0.1521,0.0096,0.0614
BBMMJFJC_01772,Cytoplasmic,0.0064,0.1269,0.5023,0.1022,0.0844,0.1777
BBMMJFJC_01773,Cytoplasmic,0.0007,0.0276,0.8839,0.0648,0.0222,0.0008
BBMMJFJC_01774,Cytoplasmic,0.0012,0.1614,0.5105,0.0038,0.0595,0.2637
BBMMJFJC_01775,Cytoplasmic,0.0000,0.0000,0.9979,0.0002,0.0018,0.0000
BBMMJFJC_01776,Outer Membrane,0.0002,0.0017,0.0018,0.0976,0.8974,0.0013
BBMMJFJC_01777,Outer Membrane,0.0011,0.0035,0.0050,0.3398,0.4727,0.1779
BBMMJFJC_01778,Cytoplasmic,0.0002,0.0617,0.7345,0.0149,0.1833,0.0053
BBMMJFJC_01779,Cytoplasmic,0.0000,0.0010,0.9117,0.0754,0.0020,0.0098
BBMMJFJC_01780,Cytoplasmic,0.0000,0.0013,0.9968,0.0004,0.0001,0.0013
BBMMJFJC_01781,Extracellular,0.0033,0.5497,0.3141,0.0538,0.0431,0.0360
BBMMJFJC_01782,Cytoplasmic,0.0027,0.0032,0.8141,0.0982,0.0784,0.0034
BBMMJFJC_01783,Cytoplasmic,0.0000,0.0011,0.9968,0.0005,0.0015,0.0001
BBMMJFJC_01784,Cytoplasmic Membrane,0.0001,0.1815,0.0028,0.7834,0.0319,0.0002
BBMMJFJC_01785,Cytoplasmic,0.0000,0.0085,0.9892,0.0003,0.0007,0.0013
BBMMJFJC_01786,Cytoplasmic,0.0001,0.0053,0.9912,0.0013,0.0016,0.0006
BBMMJFJC_01787,Cytoplasmic Membrane,0.0000,0.0000,0.0000,0.9994,0.0005,0.0000
BBMMJFJC_01788,Extracellular,0.0012,0.9746,0.0001,0.0053,0.0141,0.0047
BBMMJFJC_01789,Periplasmic,0.0003,0.0199,0.0527,0.0041,0.0145,0.9085
BBMMJFJC_01790,Cytoplasmic,0.0000,0.0006,0.9953,0.0034,0.0007,0.0001
BBMMJFJC_01791,Periplasmic,0.0001,0.0180,0.0040,0.0000,0.0032,0.9747
BBMMJFJC_01792,Periplasmic,0.0003,0.1329,0.0035,0.0001,0.0106,0.8525
BBMMJFJC_01793,Cytoplasmic Membrane,0.0061,0.1946,0.0296,0.5731,0.1940,0.0027
BBMMJFJC_01794,Cytoplasmic,0.0004,0.0129,0.8996,0.0170,0.0698,0.0003
BBMMJFJC_01795,Cytoplasmic,0.0007,0.0870,0.7778,0.0099,0.1239,0.0005
BBMMJFJC_01796,Extracellular,0.0006,0.9516,0.0139,0.0028,0.0264,0.0049
BBMMJFJC_01797,Cytoplasmic,0.0009,0.1287,0.6858,0.0711,0.1133,0.0002
BBMMJFJC_01799,Cytoplasmic,0.0000,0.0008,0.9939,0.0028,0.0022,0.0003
BBMMJFJC_01800,Cytoplasmic,0.0001,0.0031,0.9806,0.0055,0.0077,0.0030
BBMMJFJC_01801,Cytoplasmic,0.0001,0.0024,0.8972,0.0912,0.0038,0.0053
BBMMJFJC_01802,Cytoplasmic Membrane,0.0001,0.0038,0.3685,0.5334,0.0900,0.0042
BBMMJFJC_01803,Cytoplasmic,0.0002,0.0367,0.5978,0.3498,0.0142,0.0013
BBMMJFJC_01804,Cytoplasmic,0.0005,0.0388,0.7835,0.1429,0.0336,0.0007
BBMMJFJC_01805,Extracellular,0.0035,0.5594,0.1886,0.0772,0.1024,0.0690
BBMMJFJC_01806,Cytoplasmic Membrane,0.0000,0.0000,0.0000,0.9998,0.0001,0.0000
BBMMJFJC_01807,Cytoplasmic Membrane,0.0016,0.0660,0.3262,0.5366,0.0673,0.0023
BBMMJFJC_01808,Cytoplasmic Membrane,0.0005,0.0204,0.3754,0.5671,0.0345,0.0020
BBMMJFJC_01809,Cytoplasmic Membrane,0.0001,0.0044,0.3391,0.6129,0.0433,0.0002
BBMMJFJC_01810,Cytoplasmic Membrane,0.0000,0.0034,0.0023,0.9860,0.0083,0.0000
BBMMJFJC_01811,Cytoplasmic Membrane,0.0200,0.2951,0.0893,0.4629,0.1192,0.0137
BBMMJFJC_01812,Cytoplasmic,0.0000,0.0000,0.9996,0.0002,0.0001,0.0000
BBMMJFJC_01813,Cytoplasmic,0.0000,0.0002,0.9939,0.0015,0.0030,0.0014
BBMMJFJC_01814,Cytoplasmic,0.0000,0.0005,0.9980,0.0010,0.0001,0.0004
BBMMJFJC_01815,Cytoplasmic,0.0005,0.4776,0.5046,0.0007,0.0144,0.0022
BBMMJFJC_01816,Cytoplasmic Membrane,0.0000,0.0000,0.0002,0.9984,0.0013,0.0000
BBMMJFJC_01817,Cytoplasmic,0.0000,0.0043,0.9923,0.0006,0.0011,0.0017
BBMMJFJC_01818,Cytoplasmic,0.0001,0.0255,0.9516,0.0110,0.0106,0.0012
BBMMJFJC_01819,Cytoplasmic,0.0004,0.0154,0.9625,0.0039,0.0144,0.0035
BBMMJFJC_01820,Cytoplasmic Membrane,0.0002,0.0014,0.0013,0.9183,0.0519,0.0268
BBMMJFJC_01821,Cytoplasmic Membrane,0.0009,0.0072,0.0036,0.9664,0.0184,0.0035
BBMMJFJC_01822,Cytoplasmic,0.0000,0.0005,0.9957,0.0004,0.0025,0.0009
BBMMJFJC_01823,Cytoplasmic,0.0000,0.0002,0.9991,0.0001,0.0004,0.0001
BBMMJFJC_01824,Cytoplasmic Membrane,0.0000,0.0000,0.0001,0.9985,0.0014,0.0000
BBMMJFJC_01825,Cytoplasmic,0.0000,0.0000,0.9993,0.0001,0.0004,0.0002
BBMMJFJC_01826,Cytoplasmic Membrane,0.0002,0.0019,0.0045,0.9818,0.0114,0.0004
BBMMJFJC_01827,Cytoplasmic Membrane,0.0000,0.0001,0.0001,0.9975,0.0023,0.0000
BBMMJFJC_01828,Cytoplasmic,0.0003,0.0003,0.5681,0.3690,0.0590,0.0034
BBMMJFJC_01829,Cytoplasmic,0.0000,0.0001,0.9985,0.0002,0.0010,0.0003
BBMMJFJC_01830,Cytoplasmic,0.0000,0.0005,0.9891,0.0075,0.0024,0.0005
BBMMJFJC_01831,Cytoplasmic Membrane,0.0000,0.0014,0.0039,0.9699,0.0246,0.0002
BBMMJFJC_01832,Cytoplasmic,0.0001,0.0004,0.9205,0.0127,0.0658,0.0005
BBMMJFJC_01833,Periplasmic,0.0081,0.2524,0.0795,0.0361,0.1184,0.5054
BBMMJFJC_01834,Cytoplasmic,0.0000,0.0002,0.9997,0.0001,0.0000,0.0000
BBMMJFJC_01835,Cytoplasmic,0.0000,0.0004,0.9764,0.0047,0.0086,0.0098
BBMMJFJC_01836,Cytoplasmic,0.0000,0.0001,0.9966,0.0001,0.0015,0.0017
BBMMJFJC_01837,Cytoplasmic,0.0001,0.1602,0.7417,0.0913,0.0054,0.0012
BBMMJFJC_01838,Periplasmic,0.0007,0.0052,0.1430,0.0370,0.1164,0.6977
BBMMJFJC_01839,Outer Membrane,0.0019,0.0090,0.0281,0.3238,0.3513,0.2860
BBMMJFJC_01840,Cytoplasmic,0.0000,0.0054,0.9924,0.0008,0.0010,0.0004
BBMMJFJC_01841,Cytoplasmic Membrane,0.0002,0.0010,0.0632,0.9254,0.0080,0.0021
BBMMJFJC_01842,Cytoplasmic,0.0000,0.0000,0.9385,0.0000,0.0598,0.0016
BBMMJFJC_01843,Cytoplasmic,0.0004,0.0011,0.8967,0.0018,0.0977,0.0022
BBMMJFJC_01844,Cytoplasmic,0.0000,0.0028,0.9622,0.0010,0.0096,0.0244
BBMMJFJC_01845,Cytoplasmic,0.0000,0.0011,0.9699,0.0017,0.0266,0.0007
BBMMJFJC_01846,Periplasmic,0.0005,0.0492,0.0059,0.1494,0.1604,0.6346
BBMMJFJC_01847,Outer Membrane,0.0045,0.0179,0.1500,0.1833,0.5412,0.1031
BBMMJFJC_01848,Cytoplasmic Membrane,0.0001,0.0008,0.4330,0.5452,0.0195,0.0014
BBMMJFJC_01849,Cytoplasmic,0.0001,0.0284,0.9556,0.0032,0.0116,0.0011
BBMMJFJC_01850,Cytoplasmic,0.0000,0.0002,0.9829,0.0008,0.0136,0.0024
BBMMJFJC_01851,Cytoplasmic Membrane,0.0003,0.0339,0.0008,0.8956,0.0689,0.0006
BBMMJFJC_01852,Cytoplasmic,0.0001,0.0016,0.9785,0.0145,0.0022,0.0031
BBMMJFJC_01853,Cytoplasmic,0.0006,0.0154,0.9746,0.0061,0.0031,0.0001
BBMMJFJC_01854,Cytoplasmic,0.0001,0.0210,0.8974,0.0017,0.0613,0.0185
BBMMJFJC_01855,Cytoplasmic,0.0010,0.0041,0.8559,0.0636,0.0508,0.0246
BBMMJFJC_01856,Outer Membrane,0.0020,0.0079,0.0000,0.0015,0.9790,0.0096
BBMMJFJC_01857,Extracellular,0.0052,0.9872,0.0000,0.0000,0.0072,0.0003
BBMMJFJC_01858,Cytoplasmic,0.0000,0.0000,0.9942,0.0001,0.0056,0.0001
BBMMJFJC_01859,Periplasmic,0.0010,0.0356,0.0887,0.0256,0.0834,0.7658
BBMMJFJC_01860,Cytoplasmic,0.0001,0.0035,0.9501,0.0011,0.0182,0.0270
BBMMJFJC_01861,Cytoplasmic Membrane,0.0002,0.0295,0.0004,0.9500,0.0197,0.0002
BBMMJFJC_01862,Cytoplasmic,0.0001,0.0014,0.9851,0.0076,0.0044,0.0014
BBMMJFJC_01863,Periplasmic,0.0021,0.0372,0.1517,0.2108,0.2453,0.3529
BBMMJFJC_01864,Cytoplasmic,0.0277,0.1087,0.3411,0.2291,0.0704,0.2230
BBMMJFJC_01865,Cytoplasmic,0.0036,0.1571,0.4225,0.1792,0.0196,0.2180
BBMMJFJC_01866,Periplasmic,0.0003,0.0231,0.0121,0.0026,0.0659,0.8960
BBMMJFJC_01867,Periplasmic,0.0004,0.0904,0.0060,0.0011,0.0361,0.8660
BBMMJFJC_01868,Cytoplasmic Membrane,0.0004,0.0226,0.0040,0.9562,0.0073,0.0096
BBMMJFJC_01869,Outer Membrane,0.0009,0.0438,0.0009,0.1391,0.7814,0.0340
BBMMJFJC_01870,Cytoplasmic,0.0000,0.0005,0.9976,0.0009,0.0007,0.0002
BBMMJFJC_01871,Cytoplasmic Membrane,0.0000,0.0000,0.0000,0.9994,0.0005,0.0000
BBMMJFJC_01872,Cytoplasmic,0.0000,0.0001,0.9801,0.0012,0.0174,0.0012
BBMMJFJC_01873,Cytoplasmic,0.0000,0.0014,0.9954,0.0005,0.0022,0.0004
BBMMJFJC_01874,Cytoplasmic,0.0004,0.0008,0.9663,0.0043,0.0251,0.0032
BBMMJFJC_01875,Cytoplasmic Membrane,0.0015,0.0508,0.0020,0.8288,0.1041,0.0128
BBMMJFJC_01876,Cytoplasmic,0.0000,0.0121,0.9823,0.0010,0.0011,0.0035
BBMMJFJC_01877,Cytoplasmic,0.0001,0.0001,0.9870,0.0006,0.0120,0.0002
BBMMJFJC_01878,Cytoplasmic,0.0000,0.0003,0.9887,0.0005,0.0104,0.0001
BBMMJFJC_01879,Cytoplasmic Membrane,0.0000,0.0000,0.0000,0.9999,0.0001,0.0000
BBMMJFJC_01880,Cytoplasmic Membrane,0.0000,0.0000,0.0000,0.9998,0.0002,0.0000
BBMMJFJC_01881,Cytoplasmic Membrane,0.0003,0.2427,0.3389,0.4060,0.0102,0.0019
BBMMJFJC_01882,Cytoplasmic,0.0000,0.0000,0.9992,0.0001,0.0006,0.0001
BBMMJFJC_01883,Cytoplasmic Membrane,0.0001,0.0031,0.0002,0.9764,0.0201,0.0001
BBMMJFJC_01884,Cytoplasmic Membrane,0.0000,0.0035,0.0092,0.9792,0.0080,0.0001
BBMMJFJC_01885,Cytoplasmic,0.0001,0.0164,0.9642,0.0047,0.0054,0.0092
BBMMJFJC_01886,Cytoplasmic Membrane,0.0000,0.0001,0.0001,0.9972,0.0025,0.0000
BBMMJFJC_01887,Cytoplasmic,0.0000,0.0001,0.9990,0.0006,0.0002,0.0001
BBMMJFJC_01888,Cytoplasmic Membrane,0.0000,0.0002,0.0042,0.9902,0.0054,0.0000
BBMMJFJC_01889,Cytoplasmic,0.0005,0.0036,0.9773,0.0048,0.0047,0.0090
BBMMJFJC_01890,Cytoplasmic,0.0003,0.0040,0.9238,0.0036,0.0618,0.0065
BBMMJFJC_01891,Cytoplasmic,0.0000,0.0000,0.9981,0.0001,0.0016,0.0002
BBMMJFJC_01892,Cytoplasmic,0.0006,0.0158,0.8640,0.0963,0.0197,0.0036
BBMMJFJC_01893,Periplasmic,0.0011,0.1302,0.0969,0.0021,0.1433,0.6264
BBMMJFJC_01894,Cytoplasmic,0.0000,0.0043,0.9947,0.0008,0.0001,0.0001
BBMMJFJC_01895,Cytoplasmic Membrane,0.0001,0.0015,0.0005,0.9657,0.0315,0.0006
BBMMJFJC_01896,Extracellular,0.0003,0.6582,0.1613,0.1436,0.0343,0.0023
BBMMJFJC_01897,Cytoplasmic,0.0000,0.0000,0.9978,0.0004,0.0018,0.0000
BBMMJFJC_01898,Cytoplasmic,0.0000,0.0012,0.9971,0.0004,0.0008,0.0004
BBMMJFJC_01899,Cytoplasmic,0.0000,0.0020,0.9596,0.0282,0.0095,0.0007
BBMMJFJC_01900,Cytoplasmic,0.0000,0.0010,0.9704,0.0178,0.0073,0.0034
BBMMJFJC_01901,Extracellular,0.0002,0.3769,0.3426,0.0194,0.2435,0.0175
BBMMJFJC_01902,Extracellular,0.0003,0.8595,0.1382,0.0002,0.0008,0.0011
BBMMJFJC_01903,Cytoplasmic Membrane,0.0001,0.2247,0.1927,0.4747,0.0744,0.0332
BBMMJFJC_01904,Extracellular,0.0002,0.3758,0.3574,0.2645,0.0021,0.0001
BBMMJFJC_01905,Extracellular,0.0006,0.9957,0.0003,0.0005,0.0028,0.0000
BBMMJFJC_01906,Cytoplasmic,0.0003,0.2063,0.4870,0.2967,0.0095,0.0002
BBMMJFJC_01907,Extracellular,0.0002,0.9970,0.0001,0.0015,0.0012,0.0000
BBMMJFJC_01908,Extracellular,0.0001,0.8931,0.0271,0.0033,0.0728,0.0036
BBMMJFJC_01909,Extracellular,0.0079,0.9543,0.0008,0.0002,0.0115,0.0253
BBMMJFJC_01910,Cytoplasmic,0.0000,0.0003,0.9992,0.0001,0.0001,0.0003
BBMMJFJC_01911,Cytoplasmic,0.0002,0.0024,0.8657,0.0195,0.1095,0.0026
BBMMJFJC_01912,Cytoplasmic,0.0007,0.0044,0.9146,0.0020,0.0743,0.0041
BBMMJFJC_01913,Cytoplasmic,0.0000,0.0203,0.9654,0.0036,0.0105,0.0002
BBMMJFJC_01914,Cytoplasmic,0.0001,0.0100,0.9765,0.0027,0.0105,0.0003
BBMMJFJC_01915,Cytoplasmic,0.0026,0.0103,0.9605,0.0016,0.0237,0.0013
BBMMJFJC_01916,Cytoplasmic Membrane,0.0000,0.0000,0.0000,0.9996,0.0004,0.0000
BBMMJFJC_01917,Outer Membrane,0.0007,0.0164,0.0215,0.1471,0.5764,0.2379
BBMMJFJC_01918,Cytoplasmic,0.0001,0.0105,0.9634,0.0042,0.0183,0.0035
BBMMJFJC_01919,Cytoplasmic Membrane,0.0008,0.2196,0.0013,0.7565,0.0210,0.0009
BBMMJFJC_01920,Cytoplasmic Membrane,0.0000,0.0003,0.0000,0.9985,0.0012,0.0000
BBMMJFJC_01921,Cytoplasmic,0.0000,0.0017,0.9859,0.0013,0.0068,0.0043
BBMMJFJC_01922,Cytoplasmic,0.0000,0.0000,0.9999,0.0000,0.0000,0.0000
BBMMJFJC_01923,Cytoplasmic,0.0000,0.0001,0.9958,0.0010,0.0030,0.0001
BBMMJFJC_01924,Cytoplasmic,0.0000,0.0001,0.9972,0.0005,0.0017,0.0005
BBMMJFJC_01925,Outer Membrane,0.0002,0.0012,0.0006,0.0395,0.9540,0.0046
BBMMJFJC_01926,Cytoplasmic Membrane,0.0010,0.0931,0.0091,0.8669,0.0288,0.0012
BBMMJFJC_01927,Cytoplasmic,0.0005,0.0291,0.8499,0.1012,0.0183,0.0009
BBMMJFJC_01928,Cytoplasmic,0.0005,0.0044,0.8139,0.1402,0.0364,0.0047
BBMMJFJC_01929,Cytoplasmic Membrane,0.0004,0.0011,0.4337,0.4366,0.1116,0.0166
BBMMJFJC_01930,Cytoplasmic,0.0003,0.0021,0.9003,0.0366,0.0577,0.0030
BBMMJFJC_01931,Cytoplasmic,0.0016,0.1391,0.5745,0.2031,0.0783,0.0034
BBMMJFJC_01932,Extracellular,0.0008,0.5525,0.3300,0.0793,0.0327,0.0046
BBMMJFJC_01933,Cytoplasmic Membrane,0.0011,0.0309,0.1768,0.7652,0.0202,0.0058
BBMMJFJC_01934,Cytoplasmic,0.0019,0.1616,0.6232,0.1346,0.0548,0.0239
BBMMJFJC_01935,Cytoplasmic Membrane,0.0004,0.0357,0.0046,0.9306,0.0269,0.0018
BBMMJFJC_01936,Cytoplasmic,0.0004,0.0512,0.6307,0.2880,0.0223,0.0074
BBMMJFJC_01937,Cytoplasmic Membrane,0.0002,0.1937,0.2227,0.5182,0.0576,0.0075
BBMMJFJC_01938,Periplasmic,0.0001,0.0122,0.0024,0.0051,0.4180,0.5622
BBMMJFJC_01939,Cytoplasmic Membrane,0.0000,0.0000,0.0000,0.9999,0.0001,0.0000
BBMMJFJC_01941,Cytoplasmic,0.0001,0.0164,0.9521,0.0142,0.0164,0.0009
BBMMJFJC_01942,Cytoplasmic,0.0000,0.0001,0.9923,0.0007,0.0057,0.0011
BBMMJFJC_01943,Cytoplasmic Membrane,0.0168,0.1798,0.0359,0.5736,0.1641,0.0298
BBMMJFJC_01944,Periplasmic,0.0001,0.0594,0.0051,0.0044,0.0252,0.9058
BBMMJFJC_01945,Extracellular,0.0004,0.4288,0.2327,0.1825,0.1455,0.0100
BBMMJFJC_01946,Periplasmic,0.0000,0.0017,0.0534,0.0002,0.0089,0.9358
BBMMJFJC_01947,Cytoplasmic,0.0000,0.0019,0.9933,0.0001,0.0036,0.0010
BBMMJFJC_01948,Cytoplasmic,0.0000,0.0006,0.9979,0.0002,0.0008,0.0005
BBMMJFJC_01949,Cytoplasmic Membrane,0.0000,0.0002,0.0006,0.9956,0.0034,0.0001
BBMMJFJC_01950,Cytoplasmic Membrane,0.0000,0.0000,0.0001,0.9976,0.0023,0.0000
BBMMJFJC_01951,Cytoplasmic,0.0001,0.0018,0.9773,0.0088,0.0118,0.0002
BBMMJFJC_01952,Cytoplasmic,0.0006,0.1795,0.7564,0.0043,0.0583,0.0010
BBMMJFJC_01953,Cytoplasmic,0.0002,0.0159,0.8757,0.0490,0.0246,0.0346
BBMMJFJC_01954,Cytoplasmic,0.0021,0.0090,0.7582,0.0667,0.1104,0.0536
BBMMJFJC_01955,Periplasmic,0.0003,0.4074,0.0424,0.0011,0.0304,0.5184
BBMMJFJC_01956,Outer Membrane,0.0122,0.1411,0.0946,0.0088,0.6836,0.0597
BBMMJFJC_01957,Cytoplasmic,0.0001,0.3386,0.6074,0.0016,0.0428,0.0095
BBMMJFJC_01958,Cytoplasmic,0.0004,0.0076,0.9831,0.0007,0.0079,0.0002
BBMMJFJC_01959,Cytoplasmic,0.0001,0.0039,0.9721,0.0086,0.0147,0.0006
BBMMJFJC_01960,Cytoplasmic,0.0002,0.1411,0.5889,0.1101,0.0816,0.0781
BBMMJFJC_01961,Outer Membrane,0.0001,0.2512,0.2849,0.1081,0.3548,0.0010
BBMMJFJC_01962,Cytoplasmic,0.0000,0.0024,0.9947,0.0009,0.0016,0.0004
BBMMJFJC_01963,Cytoplasmic,0.0008,0.0561,0.9259,0.0011,0.0160,0.0001
BBMMJFJC_01964,Extracellular,0.0338,0.6331,0.0045,0.2454,0.0829,0.0003
BBMMJFJC_01965,Extracellular,0.0001,0.6685,0.3262,0.0014,0.0027,0.0011
BBMMJFJC_01966,Extracellular,0.0015,0.8853,0.0392,0.0286,0.0381,0.0071
BBMMJFJC_01967,Cytoplasmic,0.0002,0.3912,0.4065,0.1384,0.0611,0.0026
BBMMJFJC_01968,Cytoplasmic,0.0004,0.2300,0.3985,0.0133,0.3532,0.0046
BBMMJFJC_01969,Cytoplasmic,0.0014,0.0762,0.8831,0.0196,0.0185,0.0012
BBMMJFJC_01970,Cytoplasmic,0.0001,0.1885,0.6415,0.1559,0.0131,0.0010
BBMMJFJC_01971,Cytoplasmic,0.0001,0.1793,0.7947,0.0134,0.0077,0.0048
BBMMJFJC_01972,Extracellular,0.0011,0.4806,0.3709,0.0020,0.1172,0.0282
BBMMJFJC_01973,Cytoplasmic,0.0009,0.2957,0.5001,0.0063,0.1950,0.0020
BBMMJFJC_01974,Cytoplasmic,0.0004,0.0037,0.8476,0.0001,0.1479,0.0003
BBMMJFJC_01975,Extracellular,0.0005,0.6487,0.3013,0.0113,0.0234,0.0149
BBMMJFJC_01976,Cytoplasmic,0.0002,0.0422,0.9281,0.0146,0.0141,0.0007
BBMMJFJC_01977,Cytoplasmic,0.0000,0.0100,0.9433,0.0258,0.0202,0.0006
BBMMJFJC_01978,Cytoplasmic,0.0002,0.3193,0.6260,0.0125,0.0251,0.0168
BBMMJFJC_01979,Cytoplasmic Membrane,0.0005,0.1320,0.0010,0.8098,0.0563,0.0006
BBMMJFJC_01980,Extracellular,0.0084,0.5127,0.0228,0.2797,0.1705,0.0058
BBMMJFJC_01981,Cytoplasmic,0.0000,0.0197,0.9496,0.0269,0.0034,0.0003
BBMMJFJC_01982,Extracellular,0.0093,0.8138,0.0665,0.0186,0.0886,0.0031
BBMMJFJC_01983,Cytoplasmic,0.0000,0.0048,0.9818,0.0081,0.0049,0.0004
BBMMJFJC_01984,Cytoplasmic,0.0000,0.0010,0.9872,0.0005,0.0113,0.0000
BBMMJFJC_01985,Extracellular,0.0005,0.6118,0.2712,0.0156,0.0282,0.0727
BBMMJFJC_01986,Cytoplasmic,0.0029,0.0875,0.8837,0.0211,0.0047,0.0002
BBMMJFJC_01987,Cytoplasmic,0.0000,0.0022,0.9351,0.0528,0.0073,0.0025
BBMMJFJC_01988,Cytoplasmic,0.0000,0.0022,0.9968,0.0000,0.0010,0.0000
BBMMJFJC_01989,Cytoplasmic,0.0005,0.0014,0.9890,0.0013,0.0076,0.0002
BBMMJFJC_01990,Cytoplasmic,0.0001,0.2833,0.6736,0.0002,0.0259,0.0169
BBMMJFJC_01991,Cytoplasmic,0.0012,0.1766,0.6612,0.1409,0.0098,0.0103
BBMMJFJC_01992,Cytoplasmic,0.0000,0.0012,0.9958,0.0011,0.0018,0.0000
BBMMJFJC_01993,Cytoplasmic,0.0000,0.0009,0.9809,0.0017,0.0150,0.0015
BBMMJFJC_01994,Cytoplasmic,0.0000,0.0017,0.9923,0.0005,0.0051,0.0003
BBMMJFJC_01995,Cytoplasmic,0.0000,0.0013,0.9916,0.0004,0.0059,0.0008
BBMMJFJC_01996,Cytoplasmic,0.0000,0.0006,0.9951,0.0023,0.0020,0.0000
BBMMJFJC_01997,Cytoplasmic Membrane,0.0000,0.0128,0.0000,0.9851,0.0020,0.0000
BBMMJFJC_01998,Cytoplasmic,0.0001,0.2953,0.6765,0.0091,0.0188,0.0001
BBMMJFJC_01999,Cytoplasmic,0.0000,0.0002,0.9968,0.0009,0.0020,0.0000
BBMMJFJC_02000,Extracellular,0.0011,0.5590,0.3836,0.0500,0.0062,0.0000
BBMMJFJC_02001,Extracellular,0.0068,0.4863,0.2516,0.0945,0.1568,0.0040
BBMMJFJC_02002,Cytoplasmic,0.0001,0.0005,0.9846,0.0028,0.0119,0.0002
BBMMJFJC_02004,Cytoplasmic,0.0000,0.0003,0.9957,0.0002,0.0032,0.0006
BBMMJFJC_02005,Cytoplasmic,0.0000,0.0001,0.9806,0.0185,0.0002,0.0007
BBMMJFJC_02006,Cytoplasmic Membrane,0.0000,0.0000,0.0001,0.9994,0.0004,0.0000
BBMMJFJC_02007,Cytoplasmic,0.0000,0.0006,0.9896,0.0042,0.0009,0.0046
BBMMJFJC_02008,Extracellular,0.0025,0.8987,0.0002,0.0026,0.0863,0.0097
BBMMJFJC_02009,Cytoplasmic,0.0001,0.0004,0.9683,0.0016,0.0221,0.0075
BBMMJFJC_02010,Cytoplasmic,0.0006,0.0080,0.9319,0.0183,0.0256,0.0156
BBMMJFJC_02011,Cytoplasmic,0.0000,0.0004,0.9841,0.0086,0.0015,0.0053
BBMMJFJC_02012,Periplasmic,0.0036,0.1644,0.0131,0.0167,0.1617,0.6406
BBMMJFJC_02013,Outer Membrane,0.0014,0.0117,0.0437,0.2784,0.6239,0.0409
BBMMJFJC_02014,Cytoplasmic,0.0001,0.0034,0.9805,0.0085,0.0059,0.0016
BBMMJFJC_02015,Cytoplasmic Membrane,0.0000,0.0001,0.0002,0.9980,0.0017,0.0000
BBMMJFJC_02016,Cytoplasmic,0.0000,0.0012,0.9974,0.0007,0.0007,0.0000
BBMMJFJC_02017,Cytoplasmic,0.0000,0.0000,0.9966,0.0000,0.0033,0.0001
BBMMJFJC_02018,Cytoplasmic,0.0006,0.0032,0.7583,0.0129,0.1608,0.0642
BBMMJFJC_02019,Cytoplasmic,0.0000,0.0002,0.9953,0.0013,0.0020,0.0011
BBMMJFJC_02020,Cytoplasmic,0.0003,0.0110,0.9797,0.0017,0.0063,0.0010
BBMMJFJC_02021,Periplasmic,0.0000,0.0103,0.0093,0.0007,0.0156,0.9640
BBMMJFJC_02022,Cytoplasmic,0.0001,0.0026,0.9632,0.0119,0.0209,0.0014
BBMMJFJC_02023,Cytoplasmic,0.0002,0.2930,0.6335,0.0041,0.0627,0.0065
BBMMJFJC_02024,Cytoplasmic Membrane,0.0000,0.0000,0.0000,0.9998,0.0002,0.0000
BBMMJFJC_02025,Cytoplasmic,0.0001,0.0024,0.8590,0.1209,0.0166,0.0010
BBMMJFJC_02026,Cytoplasmic,0.0001,0.0019,0.9924,0.0044,0.0010,0.0004
BBMMJFJC_02027,Cytoplasmic,0.0002,0.0017,0.7678,0.0856,0.1445,0.0003
BBMMJFJC_02028,Cytoplasmic Membrane,0.0069,0.0134,0.2676,0.4317,0.1962,0.0843
BBMMJFJC_02029,Cytoplasmic,0.0001,0.0008,0.9853,0.0046,0.0085,0.0006
BBMMJFJC_02030,Cytoplasmic,0.0000,0.0001,0.9848,0.0032,0.0117,0.0001
BBMMJFJC_02031,Outer Membrane,0.0001,0.1989,0.2339,0.2568,0.3100,0.0003
BBMMJFJC_02032,Cytoplasmic,0.0001,0.0006,0.9921,0.0007,0.0058,0.0007
BBMMJFJC_02033,Cytoplasmic,0.0000,0.0000,0.9991,0.0001,0.0004,0.0004
BBMMJFJC_02034,Extracellular,0.0003,0.9907,0.0000,0.0000,0.0086,0.0004
BBMMJFJC_02035,Cytoplasmic,0.0011,0.0178,0.9124,0.0141,0.0540,0.0006
BBMMJFJC_02036,Cytoplasmic Membrane,0.0000,0.0030,0.0007,0.9927,0.0030,0.0005
BBMMJFJC_02037,Cytoplasmic,0.0000,0.0008,0.9970,0.0009,0.0012,0.0001
BBMMJFJC_02038,Cytoplasmic Membrane,0.0000,0.0000,0.0000,0.9996,0.0004,0.0000
BBMMJFJC_02039,Outer Membrane,0.0081,0.0390,0.2653,0.1059,0.3085,0.2733
BBMMJFJC_02040,Outer Membrane,0.0023,0.0654,0.0004,0.2046,0.7220,0.0053
BBMMJFJC_02041,Cytoplasmic,0.0000,0.0001,0.9991,0.0001,0.0001,0.0006
BBMMJFJC_02042,Outer Membrane,0.0000,0.0005,0.0004,0.0182,0.9712,0.0097
BBMMJFJC_02043,Periplasmic,0.0002,0.0055,0.0049,0.0030,0.0112,0.9752
BBMMJFJC_02044,Extracellular,0.0025,0.9626,0.0004,0.0018,0.0320,0.0007
BBMMJFJC_02045,Extracellular,0.0007,0.6250,0.0013,0.0044,0.0390,0.3296
BBMMJFJC_02046,Extracellular,0.0002,0.4301,0.4003,0.0241,0.1400,0.0053
BBMMJFJC_02047,Cytoplasmic Membrane,0.0000,0.0000,0.0003,0.9984,0.0013,0.0000
BBMMJFJC_02048,Cytoplasmic,0.0000,0.0002,0.9973,0.0014,0.0011,0.0000
BBMMJFJC_02049,Outer Membrane,0.0000,0.0000,0.0000,0.0002,0.9998,0.0000
BBMMJFJC_02050,Cytoplasmic Membrane,0.0000,0.0000,0.0001,0.9991,0.0007,0.0001
BBMMJFJC_02051,Cytoplasmic Membrane,0.0001,0.0001,0.0002,0.9964,0.0027,0.0005
BBMMJFJC_02052,Cytoplasmic Membrane,0.0004,0.0088,0.0123,0.9539,0.0199,0.0048
BBMMJFJC_02053,Cytoplasmic,0.0000,0.0000,0.9900,0.0000,0.0089,0.0010
BBMMJFJC_02054,Cytoplasmic,0.0002,0.0024,0.9862,0.0044,0.0064,0.0003
BBMMJFJC_02055,Cytoplasmic,0.0005,0.0017,0.9517,0.0047,0.0403,0.0011
BBMMJFJC_02061,Cytoplasmic Membrane,0.0001,0.2877,0.1335,0.5516,0.0252,0.0020
BBMMJFJC_02062,Periplasmic,0.0021,0.3975,0.0046,0.0004,0.0285,0.5669
BBMMJFJC_02063,Cytoplasmic,0.0001,0.2355,0.6122,0.0146,0.1329,0.0047
BBMMJFJC_02064,Cytoplasmic,0.0001,0.0010,0.9953,0.0013,0.0023,0.0000
BBMMJFJC_02065,Cytoplasmic,0.0002,0.0393,0.9168,0.0321,0.0113,0.0003
BBMMJFJC_02066,Cytoplasmic Membrane,0.0000,0.0000,0.0000,0.9997,0.0002,0.0000
BBMMJFJC_02067,Cytoplasmic,0.0001,0.0030,0.8991,0.0005,0.0955,0.0019
BBMMJFJC_02068,Cytoplasmic,0.0000,0.0137,0.9279,0.0157,0.0016,0.0410
BBMMJFJC_02069,Cytoplasmic Membrane,0.0000,0.0667,0.0048,0.9198,0.0079,0.0007
BBMMJFJC_02070,Cytoplasmic,0.0002,0.0014,0.9875,0.0005,0.0089,0.0014
BBMMJFJC_02071,Cytoplasmic,0.0000,0.0006,0.9989,0.0000,0.0003,0.0001
BBMMJFJC_02072,Periplasmic,0.0010,0.0711,0.0545,0.0010,0.0342,0.8381
BBMMJFJC_02073,Cytoplasmic,0.0000,0.0002,0.9964,0.0004,0.0025,0.0004
BBMMJFJC_02074,Cytoplasmic Membrane,0.0000,0.0001,0.0037,0.9929,0.0030,0.0003
BBMMJFJC_02075,Cytoplasmic,0.0001,0.0001,0.9853,0.0093,0.0036,0.0016
BBMMJFJC_02076,Cytoplasmic,0.0001,0.0004,0.9808,0.0024,0.0130,0.0032
BBMMJFJC_02077,Outer Membrane,0.0004,0.0130,0.0005,0.2994,0.6517,0.0350
BBMMJFJC_02078,Periplasmic,0.0004,0.0018,0.0744,0.0964,0.1337,0.6933
BBMMJFJC_02079,Cytoplasmic Membrane,0.0000,0.0012,0.0011,0.9936,0.0033,0.0008
BBMMJFJC_02080,Cytoplasmic,0.0064,0.0068,0.9527,0.0013,0.0324,0.0003
BBMMJFJC_02081,Cytoplasmic,0.0001,0.0038,0.9757,0.0103,0.0037,0.0064
BBMMJFJC_02082,Cytoplasmic Membrane,0.0000,0.0000,0.0000,0.9992,0.0008,0.0000
BBMMJFJC_02083,Cytoplasmic,0.0000,0.0007,0.9911,0.0036,0.0034,0.0012
BBMMJFJC_02084,Cytoplasmic,0.0000,0.0004,0.9205,0.0665,0.0125,0.0000
BBMMJFJC_02085,Cytoplasmic Membrane,0.0000,0.0000,0.0000,0.9998,0.0002,0.0000
BBMMJFJC_02086,Cytoplasmic,0.0001,0.0015,0.9878,0.0068,0.0011,0.0027
BBMMJFJC_02087,Cytoplasmic,0.0001,0.3153,0.5901,0.0551,0.0329,0.0063
BBMMJFJC_02088,Cytoplasmic,0.0005,0.0472,0.8519,0.0104,0.0854,0.0047
BBMMJFJC_02089,Periplasmic,0.0007,0.2336,0.0908,0.0008,0.0293,0.6448
BBMMJFJC_02090,Cytoplasmic Membrane,0.0006,0.1225,0.0046,0.8240,0.0303,0.0180
BBMMJFJC_02091,Cytoplasmic,0.0008,0.0015,0.9481,0.0016,0.0280,0.0200
BBMMJFJC_02092,Periplasmic,0.0000,0.0019,0.0021,0.0022,0.1210,0.8728
BBMMJFJC_02093,Cytoplasmic,0.0001,0.0012,0.8854,0.0066,0.0697,0.0370
BBMMJFJC_02094,Periplasmic,0.0006,0.0147,0.1167,0.0034,0.1232,0.7413
BBMMJFJC_02095,Cytoplasmic Membrane,0.0000,0.0001,0.0001,0.9903,0.0095,0.0000
BBMMJFJC_02096,Periplasmic,0.0004,0.1285,0.1934,0.0022,0.0453,0.6303
BBMMJFJC_02097,Cytoplasmic Membrane,0.0001,0.0179,0.0011,0.8984,0.0787,0.0038
BBMMJFJC_02098,Cytoplasmic,0.0000,0.0013,0.9878,0.0010,0.0037,0.0061
BBMMJFJC_02099,Cytoplasmic,0.0001,0.0073,0.7744,0.1884,0.0287,0.0011
BBMMJFJC_02100,Cytoplasmic,0.0007,0.2055,0.7324,0.0067,0.0475,0.0072
BBMMJFJC_02101,Cytoplasmic,0.0000,0.0000,0.9976,0.0001,0.0022,0.0001
BBMMJFJC_02102,Periplasmic,0.0003,0.1088,0.0177,0.0003,0.0143,0.8587
BBMMJFJC_02103,Cytoplasmic Membrane,0.0000,0.0000,0.0004,0.9959,0.0036,0.0002
BBMMJFJC_02104,Cytoplasmic,0.0000,0.0005,0.9958,0.0030,0.0004,0.0004
BBMMJFJC_02105,Cytoplasmic,0.0000,0.0011,0.9868,0.0013,0.0003,0.0105
BBMMJFJC_02106,Cytoplasmic Membrane,0.0001,0.0005,0.2089,0.7338,0.0552,0.0015
BBMMJFJC_02107,Cytoplasmic,0.0002,0.0223,0.9618,0.0051,0.0097,0.0008
BBMMJFJC_02108,Cytoplasmic,0.0002,0.0116,0.9680,0.0017,0.0055,0.0130
BBMMJFJC_02109,Periplasmic,0.0007,0.0034,0.0013,0.0017,0.2538,0.7391
BBMMJFJC_02110,Outer Membrane,0.0084,0.1879,0.3016,0.0001,0.4240,0.0780
BBMMJFJC_02111,Cytoplasmic,0.0001,0.0004,0.8348,0.1488,0.0130,0.0029
BBMMJFJC_02112,Cytoplasmic,0.0000,0.0000,0.9979,0.0007,0.0010,0.0003
BBMMJFJC_02113,Cytoplasmic,0.0000,0.0020,0.9846,0.0037,0.0048,0.0048
BBMMJFJC_02114,Cytoplasmic,0.0001,0.0008,0.9722,0.0137,0.0066,0.0066
BBMMJFJC_02115,Cytoplasmic,0.0001,0.0246,0.9647,0.0094,0.0006,0.0005
BBMMJFJC_02116,Outer Membrane,0.0006,0.0059,0.0566,0.3171,0.5920,0.0279
BBMMJFJC_02117,Cytoplasmic Membrane,0.0000,0.0000,0.0000,0.9996,0.0003,0.0000
BBMMJFJC_02118,Outer Membrane,0.0026,0.2368,0.0007,0.0004,0.6134,0.1461
BBMMJFJC_02119,Outer Membrane,0.0072,0.0691,0.0566,0.0075,0.4861,0.3735
BBMMJFJC_02120,Cytoplasmic Membrane,0.0000,0.0088,0.0002,0.9878,0.0032,0.0000
BBMMJFJC_02121,Periplasmic,0.0084,0.1682,0.1024,0.0180,0.1289,0.5742
BBMMJFJC_02122,Cytoplasmic,0.0003,0.0010,0.9669,0.0019,0.0287,0.0012
BBMMJFJC_02123,Outer Membrane,0.0000,0.0004,0.0170,0.0075,0.9746,0.0004
BBMMJFJC_02124,Cytoplasmic,0.0001,0.0003,0.9903,0.0011,0.0072,0.0010
BBMMJFJC_02125,Periplasmic,0.0009,0.0485,0.3545,0.0152,0.1080,0.4729
BBMMJFJC_02126,Periplasmic,0.0065,0.2787,0.1249,0.0197,0.2769,0.2934
BBMMJFJC_02127,Extracellular,0.0012,0.9902,0.0000,0.0000,0.0082,0.0003
BBMMJFJC_02128,Extracellular,0.0019,0.6044,0.0011,0.0308,0.3223,0.0395
BBMMJFJC_02129,Cytoplasmic,0.0005,0.0061,0.8674,0.0360,0.0571,0.0329
BBMMJFJC_02130,Outer Membrane,0.0097,0.0450,0.0852,0.0232,0.4971,0.3399
BBMMJFJC_02131,Periplasmic,0.0068,0.0745,0.1008,0.1511,0.2851,0.3817
BBMMJFJC_02132,Cytoplasmic Membrane,0.0048,0.0725,0.0036,0.9012,0.0174,0.0005
BBMMJFJC_02133,Extracellular,0.0092,0.8028,0.0077,0.0010,0.0400,0.1392
BBMMJFJC_02134,Cytoplasmic,0.0000,0.0011,0.9776,0.0001,0.0209,0.0004
BBMMJFJC_02135,Cytoplasmic,0.0000,0.0011,0.9095,0.0074,0.0812,0.0008
BBMMJFJC_02136,Cytoplasmic Membrane,0.0000,0.0000,0.0000,0.9990,0.0009,0.0000
BBMMJFJC_02137,Outer Membrane,0.0003,0.0216,0.0906,0.2062,0.6331,0.0481
BBMMJFJC_02138,Cytoplasmic,0.0001,0.0015,0.9882,0.0005,0.0067,0.0031
BBMMJFJC_02139,Cytoplasmic,0.0000,0.0302,0.9632,0.0014,0.0008,0.0044
BBMMJFJC_02140,Cytoplasmic,0.0000,0.0000,0.9990,0.0003,0.0006,0.0001
BBMMJFJC_02141,Cytoplasmic,0.0002,0.0927,0.3235,0.2922,0.2821,0.0093
BBMMJFJC_02142,Cytoplasmic,0.0001,0.0010,0.9860,0.0087,0.0009,0.0033
BBMMJFJC_02143,Cytoplasmic,0.0000,0.0000,0.9999,0.0000,0.0000,0.0000
BBMMJFJC_02144,Cytoplasmic Membrane,0.0001,0.0282,0.0001,0.9444,0.0271,0.0001
BBMMJFJC_02145,Periplasmic,0.0000,0.0160,0.0177,0.0018,0.0084,0.9561
BBMMJFJC_02146,Cytoplasmic,0.0001,0.0100,0.9745,0.0132,0.0016,0.0005
BBMMJFJC_02147,Extracellular,0.0511,0.7568,0.0949,0.0021,0.0637,0.0314
BBMMJFJC_02148,Outer Membrane,0.0039,0.1357,0.0777,0.1070,0.5721,0.1036
BBMMJFJC_02149,Cytoplasmic,0.0000,0.0004,0.9830,0.0095,0.0067,0.0005
BBMMJFJC_02150,Cytoplasmic,0.0003,0.0000,0.9495,0.0000,0.0493,0.0008
BBMMJFJC_02151,Outer Membrane,0.0001,0.0004,0.4311,0.0086,0.5455,0.0143
BBMMJFJC_02152,Cytoplasmic,0.0003,0.0009,0.7748,0.0013,0.2216,0.0011
BBMMJFJC_02153,Outer Membrane,0.0001,0.0011,0.0738,0.0036,0.9183,0.0031
BBMMJFJC_02154,Outer Membrane,0.0000,0.0001,0.2945,0.0001,0.7050,0.0003
BBMMJFJC_02155,Cytoplasmic,0.0007,0.0002,0.7014,0.0012,0.2958,0.0008
BBMMJFJC_02156,Outer Membrane,0.0000,0.0001,0.2662,0.0003,0.7330,0.0003
BBMMJFJC_02157,Cytoplasmic,0.0001,0.2218,0.5187,0.1275,0.1181,0.0137
BBMMJFJC_02158,Cytoplasmic Membrane,0.0000,0.0001,0.0000,0.9988,0.0011,0.0000
BBMMJFJC_02159,Cytoplasmic,0.0000,0.0001,0.9948,0.0002,0.0035,0.0014
BBMMJFJC_02160,Cytoplasmic,0.0001,0.0009,0.9956,0.0008,0.0022,0.0003
BBMMJFJC_02161,Cytoplasmic Membrane,0.0000,0.0001,0.0004,0.9962,0.0027,0.0005
BBMMJFJC_02162,Cytoplasmic,0.0003,0.0013,0.8640,0.0826,0.0513,0.0005
BBMMJFJC_02163,Cytoplasmic,0.0002,0.0042,0.9381,0.0293,0.0264,0.0019
BBMMJFJC_02164,Cytoplasmic,0.0007,0.0441,0.8054,0.1439,0.0048,0.0010
BBMMJFJC_02165,Cytoplasmic,0.0009,0.1985,0.7666,0.0256,0.0059,0.0025
BBMMJFJC_02166,Cytoplasmic,0.0013,0.0977,0.6055,0.2463,0.0459,0.0033
BBMMJFJC_02167,Cytoplasmic,0.0007,0.0605,0.6596,0.2578,0.0191,0.0022
BBMMJFJC_02168,Cytoplasmic,0.0005,0.0351,0.8319,0.1215,0.0089,0.0021
BBMMJFJC_02169,Cytoplasmic Membrane,0.0004,0.0192,0.2566,0.6864,0.0326,0.0047
BBMMJFJC_02170,Cytoplasmic,0.0003,0.0243,0.7919,0.0900,0.0502,0.0432
BBMMJFJC_02171,Cytoplasmic,0.0000,0.0011,0.9964,0.0001,0.0009,0.0015
BBMMJFJC_02172,Cytoplasmic,0.0002,0.0036,0.9590,0.0184,0.0154,0.0035
BBMMJFJC_02173,Cytoplasmic,0.0000,0.0007,0.9541,0.0005,0.0303,0.0144
BBMMJFJC_02174,Periplasmic,0.0000,0.0021,0.0002,0.0002,0.0063,0.9912
BBMMJFJC_02175,Cytoplasmic Membrane,0.0000,0.0000,0.0001,0.9962,0.0036,0.0000
BBMMJFJC_02176,Cytoplasmic Membrane,0.0000,0.0000,0.0001,0.9992,0.0007,0.0000
BBMMJFJC_02177,Extracellular,0.0015,0.8700,0.0000,0.0004,0.1253,0.0029
BBMMJFJC_02178,Extracellular,0.0087,0.8992,0.0001,0.0024,0.0879,0.0017
BBMMJFJC_02179,Extracellular,0.0043,0.9351,0.0032,0.0002,0.0110,0.0463
BBMMJFJC_02180,Cytoplasmic,0.0001,0.3145,0.6036,0.0142,0.0516,0.0161
BBMMJFJC_02181,Cytoplasmic,0.0000,0.0001,0.9911,0.0008,0.0079,0.0001
BBMMJFJC_02182,Cytoplasmic,0.0001,0.0001,0.9766,0.0058,0.0172,0.0002
BBMMJFJC_02183,Cytoplasmic,0.0001,0.0003,0.9588,0.0020,0.0384,0.0004
BBMMJFJC_02184,Cytoplasmic,0.0000,0.0026,0.9957,0.0000,0.0004,0.0012
BBMMJFJC_02185,Cytoplasmic,0.0000,0.0002,0.9995,0.0000,0.0001,0.0003
BBMMJFJC_02186,Cytoplasmic,0.0000,0.0001,0.9992,0.0003,0.0001,0.0003
BBMMJFJC_02187,Periplasmic,0.0000,0.0016,0.0002,0.0121,0.0014,0.9847
BBMMJFJC_02188,Cytoplasmic Membrane,0.0000,0.0002,0.0005,0.9932,0.0047,0.0014
BBMMJFJC_02189,Periplasmic,0.0002,0.0004,0.4193,0.0878,0.0072,0.4851
BBMMJFJC_02190,Cytoplasmic Membrane,0.0001,0.0005,0.0006,0.9961,0.0027,0.0000
BBMMJFJC_02191,Cytoplasmic Membrane,0.0002,0.0122,0.0001,0.9658,0.0209,0.0008
BBMMJFJC_02192,Outer Membrane,0.0027,0.0150,0.2838,0.0659,0.5466,0.0861
BBMMJFJC_02193,Periplasmic,0.0000,0.0371,0.1856,0.0003,0.0042,0.7728
BBMMJFJC_02194,Cytoplasmic,0.0006,0.0014,0.8709,0.0169,0.1100,0.0003
BBMMJFJC_02195,Cytoplasmic Membrane,0.0001,0.0002,0.0020,0.9794,0.0181,0.0002
BBMMJFJC_02196,Cytoplasmic,0.0001,0.0025,0.9815,0.0008,0.0125,0.0026
BBMMJFJC_02197,Cytoplasmic Membrane,0.0000,0.0004,0.0002,0.9944,0.0048,0.0002
BBMMJFJC_02198,Cytoplasmic,0.0001,0.2474,0.4978,0.1947,0.0577,0.0023
BBMMJFJC_02199,Cytoplasmic,0.0002,0.0020,0.9810,0.0045,0.0097,0.0025
BBMMJFJC_02200,Cytoplasmic,0.0000,0.0001,0.9997,0.0000,0.0002,0.0000
BBMMJFJC_02201,Cytoplasmic Membrane,0.0001,0.0005,0.4789,0.5160,0.0040,0.0005
BBMMJFJC_02202,Cytoplasmic,0.0000,0.0006,0.9947,0.0009,0.0035,0.0002
BBMMJFJC_02203,Cytoplasmic,0.0001,0.0016,0.9889,0.0013,0.0076,0.0006
BBMMJFJC_02204,Cytoplasmic,0.0002,0.0087,0.8205,0.1489,0.0194,0.0023
BBMMJFJC_02205,Outer Membrane,0.0034,0.0116,0.2591,0.0913,0.3956,0.2391
BBMMJFJC_02206,Cytoplasmic,0.0005,0.0479,0.7651,0.0853,0.0896,0.0116
BBMMJFJC_02207,Extracellular,0.0015,0.9142,0.0103,0.0008,0.0078,0.0655
BBMMJFJC_02208,Cytoplasmic Membrane,0.0001,0.1695,0.1036,0.7223,0.0043,0.0002
BBMMJFJC_02209,Extracellular,0.0037,0.9091,0.0012,0.0015,0.0762,0.0083
BBMMJFJC_02210,Cytoplasmic,0.0001,0.0004,0.7593,0.0421,0.0915,0.1066
BBMMJFJC_02211,Cytoplasmic,0.0002,0.0017,0.5229,0.2846,0.1830,0.0076
BBMMJFJC_02212,Cytoplasmic Membrane,0.0000,0.0000,0.0000,0.9999,0.0001,0.0000
BBMMJFJC_02213,Cytoplasmic,0.0000,0.0820,0.8875,0.0078,0.0208,0.0018
BBMMJFJC_02214,Cytoplasmic,0.0000,0.0007,0.9919,0.0043,0.0021,0.0010
BBMMJFJC_02215,Cytoplasmic Membrane,0.0003,0.1903,0.0361,0.7634,0.0096,0.0003
BBMMJFJC_02216,Extracellular,0.0008,0.9919,0.0000,0.0000,0.0071,0.0002
BBMMJFJC_02217,Extracellular,0.0019,0.9647,0.0001,0.0008,0.0323,0.0002
BBMMJFJC_02218,Cytoplasmic,0.0003,0.2762,0.3679,0.1678,0.1810,0.0068
BBMMJFJC_02219,Cytoplasmic,0.0000,0.1917,0.7285,0.0534,0.0030,0.0234
BBMMJFJC_02220,Periplasmic,0.0007,0.0225,0.2972,0.0899,0.0452,0.5444
BBMMJFJC_02221,Cytoplasmic,0.0008,0.0086,0.8654,0.0222,0.0367,0.0663
BBMMJFJC_02222,Periplasmic,0.0021,0.0640,0.0101,0.0235,0.1211,0.7792
BBMMJFJC_02223,Cytoplasmic,0.0005,0.0016,0.9548,0.0345,0.0081,0.0005
BBMMJFJC_02224,Cytoplasmic Membrane,0.0022,0.0839,0.2493,0.2549,0.2014,0.2083
BBMMJFJC_02225,Outer Membrane,0.0000,0.0001,0.0000,0.0586,0.9411,0.0002
BBMMJFJC_02226,Cytoplasmic,0.0002,0.0009,0.8381,0.0811,0.0792,0.0006
BBMMJFJC_02228,Cytoplasmic Membrane,0.0000,0.0000,0.0003,0.9988,0.0009,0.0000
BBMMJFJC_02229,Cytoplasmic,0.0000,0.0099,0.9662,0.0124,0.0097,0.0017
BBMMJFJC_02230,Periplasmic,0.0009,0.1077,0.0227,0.0075,0.0099,0.8513
BBMMJFJC_02231,Periplasmic,0.0002,0.0125,0.0036,0.0016,0.0173,0.9648
BBMMJFJC_02232,Periplasmic,0.0000,0.0084,0.1232,0.0046,0.0080,0.8558
BBMMJFJC_02233,Cytoplasmic,0.0000,0.0007,0.9975,0.0003,0.0006,0.0009
BBMMJFJC_02234,Cytoplasmic,0.0000,0.0008,0.9618,0.0252,0.0108,0.0014
BBMMJFJC_02235,Extracellular,0.3474,0.5320,0.0699,0.0133,0.0127,0.0248
BBMMJFJC_02236,Cytoplasmic Membrane,0.0000,0.0001,0.0025,0.9931,0.0034,0.0009
BBMMJFJC_02237,Cytoplasmic,0.0002,0.0008,0.9815,0.0132,0.0037,0.0006
BBMMJFJC_02238,Outer Membrane,0.0001,0.0222,0.0208,0.0145,0.9421,0.0003
BBMMJFJC_02239,Cytoplasmic,0.0008,0.2472,0.6183,0.0213,0.0833,0.0291
BBMMJFJC_02240,Cytoplasmic,0.0004,0.1574,0.5058,0.0269,0.2954,0.0142
BBMMJFJC_02241,Cytoplasmic,0.0000,0.0282,0.9596,0.0100,0.0013,0.0008
BBMMJFJC_02242,Periplasmic,0.0014,0.2281,0.0308,0.0535,0.0806,0.6057
BBMMJFJC_02243,Cytoplasmic,0.0001,0.0049,0.9051,0.0717,0.0105,0.0077
BBMMJFJC_02244,Cytoplasmic,0.0000,0.0031,0.9849,0.0086,0.0012,0.0022
BBMMJFJC_02245,Cytoplasmic Membrane,0.0000,0.0000,0.0000,0.9997,0.0003,0.0000
BBMMJFJC_02246,Periplasmic,0.0034,0.0486,0.0601,0.1169,0.1631,0.6079
BBMMJFJC_02247,Extracellular,0.0174,0.8038,0.0770,0.0045,0.0301,0.0672
BBMMJFJC_02248,Cytoplasmic Membrane,0.0006,0.0075,0.0009,0.9279,0.0148,0.0484
BBMMJFJC_02249,Cytoplasmic,0.0001,0.0866,0.8938,0.0045,0.0037,0.0112
BBMMJFJC_02250,Cytoplasmic Membrane,0.0003,0.0111,0.0084,0.9608,0.0150,0.0044
BBMMJFJC_02251,Cytoplasmic,0.0005,0.0105,0.9444,0.0299,0.0111,0.0035
BBMMJFJC_02252,Cytoplasmic,0.0004,0.0019,0.9538,0.0364,0.0061,0.0014
BBMMJFJC_02253,Cytoplasmic,0.0001,0.0046,0.8846,0.0012,0.0252,0.0844
BBMMJFJC_02254,Cytoplasmic,0.0001,0.0006,0.9803,0.0155,0.0030,0.0005
BBMMJFJC_02255,Extracellular,0.0066,0.9391,0.0002,0.0054,0.0456,0.0031
BBMMJFJC_02256,Cytoplasmic Membrane,0.0000,0.0000,0.0000,0.9999,0.0000,0.0000
BBMMJFJC_02257,Cytoplasmic,0.0000,0.0010,0.9918,0.0027,0.0008,0.0037
BBMMJFJC_02258,Cytoplasmic,0.0000,0.0000,0.9998,0.0000,0.0001,0.0001
BBMMJFJC_02259,Periplasmic,0.0043,0.0359,0.1112,0.0024,0.0656,0.7806
BBMMJFJC_02260,Periplasmic,0.0001,0.0471,0.0687,0.0076,0.0153,0.8612
BBMMJFJC_02261,Outer Membrane,0.0324,0.1174,0.1672,0.2993,0.3617,0.0220
BBMMJFJC_02262,Cytoplasmic,0.0001,0.0777,0.6759,0.2080,0.0374,0.0009
BBMMJFJC_02263,Cytoplasmic,0.0001,0.0004,0.7917,0.1560,0.0513,0.0005
BBMMJFJC_02264,Cytoplasmic Membrane,0.0001,0.0715,0.0011,0.9193,0.0079,0.0000
BBMMJFJC_02265,Extracellular,0.0010,0.5446,0.0124,0.3384,0.0958,0.0078
BBMMJFJC_02266,Extracellular,0.0578,0.4708,0.0001,0.0004,0.4213,0.0498
BBMMJFJC_02267,Cytoplasmic,0.0040,0.0053,0.8423,0.0258,0.1201,0.0024
BBMMJFJC_02269,Cytoplasmic,0.0001,0.0016,0.8606,0.0167,0.1060,0.0149
BBMMJFJC_02270,Cytoplasmic,0.0010,0.0248,0.5017,0.0086,0.4186,0.0453
BBMMJFJC_02271,Outer Membrane,0.0009,0.0017,0.2055,0.0087,0.7749,0.0083
BBMMJFJC_02272,Outer Membrane,0.0001,0.0006,0.3677,0.0003,0.6288,0.0025
BBMMJFJC_02273,Cytoplasmic,0.0001,0.0003,0.9860,0.0048,0.0082,0.0007
BBMMJFJC_02274,Cytoplasmic Membrane,0.0000,0.0010,0.0001,0.9963,0.0025,0.0001
BBMMJFJC_02276,Cytoplasmic,0.0000,0.0000,0.9950,0.0006,0.0043,0.0001
BBMMJFJC_02278,Cytoplasmic,0.0004,0.0103,0.9825,0.0020,0.0021,0.0027
BBMMJFJC_02279,Cytoplasmic,0.0003,0.0065,0.9538,0.0076,0.0290,0.0029
BBMMJFJC_02280,Cytoplasmic,0.0008,0.0739,0.7452,0.0738,0.0412,0.0650
BBMMJFJC_02281,Cytoplasmic,0.0000,0.0000,0.9949,0.0013,0.0033,0.0005
BBMMJFJC_02282,Outer Membrane,0.0000,0.0000,0.0000,0.0017,0.9982,0.0000
BBMMJFJC_02283,Cytoplasmic Membrane,0.0004,0.0127,0.0034,0.8341,0.1467,0.0027
BBMMJFJC_02284,Cytoplasmic,0.0001,0.0079,0.9877,0.0010,0.0029,0.0005
BBMMJFJC_02285,Cytoplasmic Membrane,0.0001,0.0038,0.0000,0.9449,0.0491,0.0020
BBMMJFJC_02286,Cytoplasmic,0.0001,0.0029,0.9645,0.0284,0.0035,0.0008
BBMMJFJC_02287,Cytoplasmic Membrane,0.0000,0.0000,0.0000,0.9996,0.0004,0.0000
BBMMJFJC_02288,Periplasmic,0.0001,0.0035,0.0084,0.0612,0.2205,0.7064
BBMMJFJC_02289,Outer Membrane,0.0000,0.0002,0.0062,0.0271,0.9642,0.0023
BBMMJFJC_02290,Cytoplasmic,0.0060,0.1332,0.5453,0.2311,0.0024,0.0820
BBMMJFJC_02291,Cytoplasmic Membrane,0.0070,0.1168,0.0132,0.6119,0.1924,0.0587
BBMMJFJC_02292,Cytoplasmic Membrane,0.0000,0.0000,0.0000,0.9993,0.0007,0.0000
BBMMJFJC_02293,Cytoplasmic Membrane,0.0007,0.0131,0.0076,0.9573,0.0200,0.0013
BBMMJFJC_02294,Cytoplasmic,0.0009,0.1030,0.4794,0.0355,0.1486,0.2327
BBMMJFJC_02295,Cytoplasmic,0.0002,0.0018,0.9854,0.0009,0.0091,0.0026
BBMMJFJC_02296,Cytoplasmic,0.0003,0.0012,0.9836,0.0014,0.0132,0.0004
BBMMJFJC_02297,Cytoplasmic,0.0001,0.0038,0.9357,0.0059,0.0528,0.0017
BBMMJFJC_02298,Cytoplasmic Membrane,0.0005,0.0220,0.1344,0.7159,0.1259,0.0014
BBMMJFJC_02299,Cytoplasmic Membrane,0.0004,0.0242,0.2302,0.6785,0.0640,0.0027
BBMMJFJC_02300,Cytoplasmic,0.0002,0.0084,0.9161,0.0570,0.0171,0.0013
BBMMJFJC_02301,Cytoplasmic Membrane,0.0018,0.1755,0.2396,0.4350,0.1347,0.0134
BBMMJFJC_02302,Periplasmic,0.0001,0.0299,0.0406,0.0020,0.0268,0.9007
BBMMJFJC_02303,Cytoplasmic,0.0004,0.0153,0.9487,0.0068,0.0236,0.0051
BBMMJFJC_02304,Cytoplasmic Membrane,0.0003,0.0170,0.0679,0.8387,0.0728,0.0033
BBMMJFJC_02305,Cytoplasmic,0.0003,0.0185,0.6034,0.3289,0.0298,0.0191
BBMMJFJC_02306,Extracellular,0.0017,0.8372,0.0236,0.0075,0.0357,0.0942
BBMMJFJC_02307,Cytoplasmic,0.0005,0.0091,0.8804,0.0595,0.0496,0.0010
BBMMJFJC_02308,Cytoplasmic,0.0001,0.0007,0.9842,0.0030,0.0094,0.0025
BBMMJFJC_02309,Cytoplasmic,0.0006,0.0031,0.6705,0.3003,0.0161,0.0094
BBMMJFJC_02310,Cytoplasmic,0.0003,0.0078,0.9229,0.0007,0.0680,0.0004
BBMMJFJC_02311,Cytoplasmic Membrane,0.0000,0.0001,0.0014,0.9908,0.0075,0.0001
BBMMJFJC_02312,Cytoplasmic Membrane,0.0531,0.0835,0.2607,0.5073,0.0924,0.0031
BBMMJFJC_02313,Outer Membrane,0.0000,0.0000,0.0001,0.0015,0.9975,0.0008
BBMMJFJC_02314,Cytoplasmic Membrane,0.0000,0.0076,0.0010,0.9804,0.0107,0.0003
BBMMJFJC_02315,Cytoplasmic Membrane,0.0000,0.0071,0.0002,0.9871,0.0056,0.0000
BBMMJFJC_02316,Cytoplasmic Membrane,0.0000,0.0000,0.0001,0.9991,0.0007,0.0000
BBMMJFJC_02317,Cytoplasmic,0.0000,0.0002,0.9979,0.0005,0.0012,0.0002
BBMMJFJC_02318,Cytoplasmic,0.0000,0.0019,0.9682,0.0108,0.0187,0.0004
BBMMJFJC_02319,Periplasmic,0.0011,0.0143,0.0191,0.2014,0.0729,0.6913
BBMMJFJC_02320,Cytoplasmic,0.0003,0.0045,0.9548,0.0102,0.0227,0.0076
BBMMJFJC_02321,Cytoplasmic,0.0001,0.0022,0.9797,0.0019,0.0044,0.0117
BBMMJFJC_02322,Cytoplasmic,0.0000,0.0002,0.9933,0.0029,0.0026,0.0010
BBMMJFJC_02323,Cytoplasmic Membrane,0.0000,0.0000,0.0001,0.9982,0.0017,0.0000
BBMMJFJC_02324,Cytoplasmic,0.0001,0.0010,0.9634,0.0089,0.0247,0.0019
BBMMJFJC_02325,Cytoplasmic,0.0000,0.0002,0.9985,0.0005,0.0007,0.0000
BBMMJFJC_02326,Outer Membrane,0.0018,0.0136,0.0253,0.0307,0.9230,0.0056
BBMMJFJC_02327,Cytoplasmic Membrane,0.0035,0.0542,0.0121,0.5789,0.3314,0.0199
BBMMJFJC_02328,Cytoplasmic Membrane,0.0012,0.0727,0.0045,0.7376,0.1752,0.0087
BBMMJFJC_02329,Cytoplasmic Membrane,0.0080,0.0349,0.0132,0.7504,0.1587,0.0350
BBMMJFJC_02330,Cytoplasmic Membrane,0.0025,0.0785,0.0297,0.6290,0.0516,0.2087
BBMMJFJC_02331,Cytoplasmic,0.0000,0.0009,0.9877,0.0044,0.0042,0.0028
BBMMJFJC_02332,Cytoplasmic Membrane,0.0000,0.0000,0.0001,0.9983,0.0014,0.0002
BBMMJFJC_02333,Outer Membrane,0.0007,0.0228,0.0957,0.3167,0.4068,0.1574
