BMHFFIJJ_00052	mobileOG_000086592|tnpB|A0A3E4Z9X3|integration/excision|NA|GPD|Homology	97.4	114	3	0	1	114	1	114	2.14e-79	231	99.1
BMHFFIJJ_00052	mobileOG_000273081|tnpB|A0A3E4Z9X3|integration/excision|NA|immedb|Homology	97.4	114	3	0	1	114	1	114	2.14e-79	231	99.1
BMHFFIJJ_00052	mobileOG_000272215|tnpB|H1DEB3|integration/excision|NA|immedb|Homology	96.5	115	4	0	1	115	1	115	3.15e-79	230	100
BMHFFIJJ_00052	mobileOG_000270223|tnpB|A0A0J9FGY9|integration/excision|NA|immedb|Homology	98.2	113	2	0	1	113	1	113	6.15e-79	229	98.3
BMHFFIJJ_00052	mobileOG_000272060|tnpB|C6ZBZ1|integration/excision|NA|immedb|Homology	96.5	114	4	0	1	114	1	114	1.24e-78	229	99.1
BMHFFIJJ_00052	mobileOG_000273368|tnpB|U6RDA9|integration/excision|NA|immedb|Homology	94.7	114	6	0	1	114	1	114	1.02e-77	226	99.1
BMHFFIJJ_00151	mobileOG_000012237|holA|A0A1Y4Q2U5|replication/recombination/repair|NA|GPD|Manual	98.8	339	4	0	1	339	1	339	6.84e-239	652	100
BMHFFIJJ_00156	mobileOG_000156407|ligA|A0A4V1YTW4|replication/recombination/repair|NA|GPD|Homology	98.8	666	8	0	1	666	1	666	0.0	1303	100
BMHFFIJJ_00166	mobileOG_000193361|clpB|R5UEI3|phage|chaperone|GPD|Homology	94.3	844	47	1	1	843	1	844	0.0	1493	100
BMHFFIJJ_00166	mobileOG_000135066|clpB|A0A4V1YZK2|phage|chaperone|GPD|Homology	94.3	844	47	1	1	843	1	844	0.0	1492	100
BMHFFIJJ_00166	mobileOG_000165684|clpB|A0A174UGA3|phage|chaperone|GPD|Homology	94.1	844	49	1	1	843	1	844	0.0	1490	100
BMHFFIJJ_00167	mobileOG_000010268|gyrA|E5C4V4|replication/recombination/repair|transfer|GPD|Manual	98.4	858	14	0	1	858	1	858	0.0	1639	100
BMHFFIJJ_00167	mobileOG_000193362|gyrA|A0A174LKH2|replication/recombination/repair|NA|GPD|Homology	96.7	858	26	1	1	858	1	856	0.0	1613	100
BMHFFIJJ_00167	mobileOG_000088238|gyrA|A0A174KV37|replication/recombination/repair|NA|GPD|Homology	97.4	846	20	1	11	854	1	846	0.0	1601	98.4
BMHFFIJJ_00167	mobileOG_000152892|gyrA|A0A174KV37|replication/recombination/repair|NA|GPD|Homology	97.3	846	21	1	11	854	1	846	0.0	1599	98.4
BMHFFIJJ_00167	mobileOG_000010098|gyrA|A0A139KWM2|replication/recombination/repair|transfer|GPD|Manual	98.7	822	11	0	37	858	1	822	0.0	1576	95.8
BMHFFIJJ_00167	mobileOG_000006285|gyrA|A0A139KWM2|replication/recombination/repair|transfer|GPD|Manual	98.2	817	15	0	42	858	1	817	0.0	1560	95.2
BMHFFIJJ_00216	mobileOG_000211055|addA|A0A413V681|replication/recombination/repair|NA|GPD|Homology	93.3	1056	71	0	1	1056	1	1056	0.0	1959	100
BMHFFIJJ_00216	mobileOG_000090297|addA|A0A413JDZ4|replication/recombination/repair|NA|GPD|Homology	91.6	1056	89	0	1	1056	1	1056	0.0	1934	100
BMHFFIJJ_00226	mobileOG_000274171|hup|F7MB01|phage|replication/recombination/repair|immedb|Homology	100	93	0	0	1	93	1	93	1.01e-58	177	100
BMHFFIJJ_00226	mobileOG_000264643|hup|A0A0P0FID2|phage|replication/recombination/repair|Multiple|Homology	97.8	93	2	0	1	93	1	93	2.04e-58	176	100
BMHFFIJJ_00226	mobileOG_000106346|hup|A0A0P0FID2|phage|replication/recombination/repair|GPD|Homology	96.8	93	3	0	1	93	1	93	1.68e-57	174	100
BMHFFIJJ_00250	mobileOG_000274170|traC|F7MB25|transfer|conjugation|immedb|Homology	100	562	0	0	1	562	1	562	0.0	1132	100
BMHFFIJJ_00250	mobileOG_000272657|traC|I9HS71|transfer|conjugation|immedb|Homology	99.8	562	1	0	1	562	1	562	0.0	1130	100
BMHFFIJJ_00250	mobileOG_000273393|traC|U6R9W1|transfer|conjugation|immedb|Homology	98.0	562	11	0	1	562	1	562	0.0	1110	100
BMHFFIJJ_00250	mobileOG_000270228|traC|A0A174SZ88|transfer|conjugation|immedb|Homology	96.4	562	20	0	1	562	1	562	0.0	1093	100
BMHFFIJJ_00250	mobileOG_000270220|traC|A0A0P0F922|transfer|conjugation|immedb|Homology	95.9	562	23	0	1	562	1	562	0.0	1090	100
BMHFFIJJ_00272	mobileOG_000274169|soj_2|A0A2V1IKZ0|replication/recombination/repair|transfer|immedb|Homology	100	251	0	0	1	251	1	251	1.03e-173	480	100
BMHFFIJJ_00272	mobileOG_000270219|soj_2|A0A0P0FE42|replication/recombination/repair|transfer|immedb|Homology	96.0	251	10	0	1	251	1	251	8.72e-166	460	100
BMHFFIJJ_00272	mobileOG_000270752|soj_2|A7M3R3|replication/recombination/repair|transfer|immedb|Homology	95.6	251	11	0	1	251	1	251	7.16e-165	458	100
BMHFFIJJ_00272	mobileOG_000268608|soj_2|I8WDW0|replication/recombination/repair|transfer|Multiple|Homology	90.4	251	24	0	1	251	1	251	2.56e-158	441	100
BMHFFIJJ_00272	mobileOG_000271487|soj_2|A0A412K3Q7|replication/recombination/repair|transfer|immedb|Homology	90.4	251	24	0	1	251	1	251	2.56e-158	441	100
BMHFFIJJ_00272	mobileOG_000273927|soj_2|I8WDW0|replication/recombination/repair|transfer|immedb|Homology	90.0	251	25	0	1	251	1	251	1.04e-157	440	100
BMHFFIJJ_00283	mobileOG_000274168|traN|F7MBB1|transfer|conjugation|immedb|Homology	100	283	0	0	1	283	1	283	2.02e-196	540	100
BMHFFIJJ_00283	mobileOG_000270218|traN|A0A0P0FS23|transfer|conjugation|immedb|Homology	99.3	283	2	0	1	283	1	283	1.17e-195	538	100
BMHFFIJJ_00283	mobileOG_000270753|traN|A7M3S8|transfer|conjugation|immedb|Homology	98.9	283	3	0	1	283	1	283	4.76e-195	537	100
BMHFFIJJ_00284	mobileOG_000274167|Tb_ORF38|F7MB52|stability/transfer/defense|NA|immedb|Homology	100	261	0	0	1	261	1	261	1.10e-198	544	100
BMHFFIJJ_00284	mobileOG_000270217|Tb_ORF38|A0A0N7IAQ4|stability/transfer/defense|NA|immedb|Homology	96.2	260	10	0	1	260	1	260	2.44e-192	528	99.6
BMHFFIJJ_00285	mobileOG_000023369|traM|A0A2V1IMH9|transfer|conjugation,relaxosome|immedb|Manual	100	382	0	0	1	382	2	383	1.43e-262	716	100
BMHFFIJJ_00285	mobileOG_000270216|traM|A0A0P0EVV9|transfer|conjugation,relaxosome|immedb|Homology	99.7	382	1	0	1	382	2	383	2.37e-261	713	100
BMHFFIJJ_00288	mobileOG_000274166|traK|EKC44023.1|transfer|conjugation|immedb|Homology	100	204	0	0	1	204	1	204	3.03e-145	404	100
BMHFFIJJ_00288	mobileOG_000270215|traK|A0A0P0FQF5|transfer|conjugation|immedb|Homology	99.5	204	1	0	1	204	1	204	1.23e-144	403	100
BMHFFIJJ_00288	mobileOG_000237347|traK|A0A174NA55|transfer|conjugation|Multiple|Homology	94.1	204	12	0	1	204	1	204	8.96e-138	385	100
BMHFFIJJ_00288	mobileOG_000268598|traK|I8WBM8|transfer|conjugation|Multiple|Homology	93.6	204	13	0	1	204	1	204	1.81e-137	385	100
BMHFFIJJ_00288	mobileOG_000016673|traK|B5D0K9|transfer|conjugation|Multiple|Manual	93.6	204	13	0	1	204	1	204	3.65e-137	384	100
BMHFFIJJ_00288	mobileOG_000273922|traK|I8WBM8|transfer|conjugation|immedb|Homology	93.1	204	14	0	1	204	1	204	5.18e-137	384	100
BMHFFIJJ_00288	mobileOG_000008204|traK|A0A4Y9GPV2|transfer|conjugation|GPD|Manual	92.6	204	15	0	1	204	1	204	7.36e-137	383	100
BMHFFIJJ_00288	mobileOG_000010773|traK|A0A0I9S582|transfer|conjugation|GPD|Manual	93.1	204	14	0	1	204	1	204	6.05e-136	381	100
BMHFFIJJ_00288	mobileOG_000273622|traK|A0A174RUQ0|transfer|conjugation|immedb|Homology	92.2	204	16	0	1	204	1	204	1.73e-135	380	100
BMHFFIJJ_00288	mobileOG_000271311|traK|A0A174IQQ1|transfer|conjugation|immedb|Homology	90.7	204	19	0	1	204	10	213	6.85e-135	379	100
BMHFFIJJ_00288	mobileOG_000018706|traK|A0A174WV84|transfer|conjugation|Multiple|Manual	91.7	204	17	0	1	204	1	204	7.06e-135	378	100
BMHFFIJJ_00288	mobileOG_000271605|traK|I8ZWF6|transfer|conjugation|immedb|Homology	91.7	204	17	0	1	204	1	204	7.06e-135	378	100
BMHFFIJJ_00288	mobileOG_000272051|traK|EJX08764.1|transfer|conjugation|immedb|Homology	91.7	204	17	0	1	204	1	204	7.06e-135	378	100
BMHFFIJJ_00288	mobileOG_000272465|traK|I8WSW9|transfer|conjugation|immedb|Homology	90.2	204	20	0	1	204	1	204	3.36e-133	374	100
BMHFFIJJ_00294	mobileOG_000274165|traG|F7MB62|transfer|conjugation|immedb|Homology	100	902	0	0	1	902	1	902	0.0	1783	100
BMHFFIJJ_00294	mobileOG_000272245|traG|C6INL0|transfer|conjugation|immedb|Homology	99.9	902	1	0	1	902	1	902	0.0	1780	100
BMHFFIJJ_00294	mobileOG_000270213|traG|A0A0P0FJ61|transfer|conjugation|immedb|Homology	97.9	902	19	0	1	902	1	902	0.0	1753	100
BMHFFIJJ_00299	mobileOG_000274164|HMPREF1204_00020|F7MB67|transfer|conjugation|immedb|Homology	100	295	0	0	1	295	1	295	1.86e-223	610	100
BMHFFIJJ_00299	mobileOG_000147097|HMPREF1204_00020|A0A0P0FTJ1|transfer|conjugation|Multiple|Homology	96.6	295	10	0	1	295	1	295	3.71e-214	586	100
BMHFFIJJ_00299	mobileOG_000270584|HMPREF1204_00020|A0A174SRL2|transfer|conjugation|immedb|Homology	96.3	295	11	0	1	295	1	295	6.15e-213	583	100
BMHFFIJJ_00302	mobileOG_000274163|xerD_16|F7MB70|integration/excision|NA|immedb|Homology	100	381	0	0	1	381	1	381	2.55e-278	756	100
BMHFFIJJ_00302	mobileOG_000147096|xerD_16|A0A0P0FJ49|integration/excision|NA|Multiple|Homology	97.6	381	9	0	1	381	1	381	1.11e-272	741	100
BMHFFIJJ_00312	mobileOG_000108194|ardA|A0A372XTP6|stability/transfer/defense|NA|GPD|Homology	93.7	175	11	0	1	175	1	175	9.30e-119	335	100
BMHFFIJJ_00321	mobileOG_000271623|traO|F7M0N8|transfer|conjugation|immedb|Homology	90.2	193	19	0	1	193	1	193	5.68e-131	367	100
BMHFFIJJ_00325	mobileOG_000023363|traK|F7LKC7|transfer|conjugation|immedb|Manual	95.2	207	10	0	1	207	1	207	4.99e-141	394	100
BMHFFIJJ_00325	mobileOG_000273205|traK|A0A078TLW9|transfer|conjugation|immedb|Homology	94.7	207	11	0	1	207	1	207	2.88e-140	392	100
BMHFFIJJ_00325	mobileOG_000271468|traK|A0A1H7JHG5|transfer|conjugation|immedb|Homology	94.7	207	11	0	1	207	1	207	4.10e-140	392	100
BMHFFIJJ_00325	mobileOG_000271194|traK|A0A415DGH9|transfer|conjugation|immedb|Homology	94.2	207	12	0	1	207	1	207	2.37e-139	390	100
BMHFFIJJ_00325	mobileOG_000150475|traK|EJX05848.1|transfer|conjugation|Multiple|Homology	93.7	207	13	0	1	207	1	207	6.79e-139	389	100
BMHFFIJJ_00329	mobileOG_000271619|traG|F7M0M9|transfer|conjugation|immedb|Homology	90.1	828	82	0	1	828	1	828	0.0	1512	99.4
BMHFFIJJ_00330	mobileOG_000150472|traF|A0A0F5IPG0|transfer|conjugation|GPD|Homology	90.1	101	10	0	1	101	1	101	4.81e-61	184	95.3
BMHFFIJJ_00330	mobileOG_000271946|traF|EJX05853.1|transfer|conjugation|immedb|Homology	90.1	101	10	0	1	101	1	101	4.81e-61	184	95.3
BMHFFIJJ_00330	mobileOG_000271471|traF|A0A3E5I9H5|transfer|conjugation|immedb|Homology	90.0	100	10	0	1	100	1	100	2.79e-60	182	94.3
BMHFFIJJ_00331	mobileOG_000271617|traE_1|A0A413IUP4|transfer|conjugation|immedb|Homology	92.9	99	7	0	1	99	1	99	4.48e-58	176	100
BMHFFIJJ_00331	mobileOG_000271192|traE_1|C7X9W6|transfer|conjugation|immedb|Homology	90.9	99	9	0	1	99	1	99	5.24e-57	173	100
BMHFFIJJ_00363	mobileOG_000077268|recR|A0A174J5V2|replication/recombination/repair|NA|GPD|Homology	99.0	205	2	0	1	205	1	205	1.82e-142	397	100
BMHFFIJJ_00363	mobileOG_000014682|recR|A0A173RB31|replication/recombination/repair|NA|GPD|Manual	96.6	205	7	0	1	205	1	205	8.64e-141	393	100
BMHFFIJJ_00363	mobileOG_000169184|recR|A0A174QLU1|replication/recombination/repair|NA|GPD|Homology	96.1	205	8	0	1	205	1	205	3.52e-140	392	100
BMHFFIJJ_00363	mobileOG_000077939|recR|R6UYD0|replication/recombination/repair|NA|GPD|Homology	95.1	205	10	0	1	205	1	205	1.01e-139	390	100
BMHFFIJJ_00363	mobileOG_000014077|recR|A0A081TXR9|replication/recombination/repair|NA|GPD|Manual	92.2	205	16	0	1	205	1	205	1.87e-135	380	100
BMHFFIJJ_00363	mobileOG_000098868|recR|A0A3E4IL15|replication/recombination/repair|NA|GPD|Homology	90.7	204	19	0	1	204	1	204	1.72e-131	370	99.5
BMHFFIJJ_00363	mobileOG_000007652|recR|A0A0P0GAK8|replication/recombination/repair|NA|GPD|Manual	90.2	204	20	0	1	204	1	204	1.41e-130	367	99.5
BMHFFIJJ_00415	mobileOG_000093815|rarA|A0A414EKH8|replication/recombination/repair|NA|GPD|Homology	98.8	423	5	0	1	423	1	423	4.67e-303	822	99.3
BMHFFIJJ_00415	mobileOG_000079400|rarA|A0A174E6H5|replication/recombination/repair|NA|GPD|Homology	98.8	423	5	0	1	423	1	423	1.34e-302	821	99.3
BMHFFIJJ_00415	mobileOG_000076842|rarA|A0A1Y4PUG4|replication/recombination/repair|NA|GPD|Homology	98.3	423	7	0	1	423	1	423	5.45e-302	819	99.3
BMHFFIJJ_00415	mobileOG_000077551|rarA|A0A415KH04|replication/recombination/repair|NA|GPD|Homology	98.6	423	6	0	1	423	1	423	5.45e-302	819	99.3
BMHFFIJJ_00415	mobileOG_000140719|rarA|I9TD22|replication/recombination/repair|NA|GPD|Homology	97.9	423	9	0	1	423	1	423	3.15e-301	817	99.3
BMHFFIJJ_00415	mobileOG_000006355|rarA|A0A174QRU4|replication/recombination/repair|NA|GPD|Manual	96.5	423	15	0	1	423	1	423	1.43e-297	808	99.3
BMHFFIJJ_00415	mobileOG_000019109|rarA|A0A0P0FB68|replication/recombination/repair|NA|GPD|Manual	96.9	422	13	0	1	422	1	422	5.61e-297	806	99.1
BMHFFIJJ_00415	mobileOG_000104241|rarA|A0A1H2TAF8|replication/recombination/repair|NA|GPD|Homology	96.9	423	13	0	1	423	1	423	5.83e-297	806	99.3
BMHFFIJJ_00415	mobileOG_000205191|rarA|A0A413JCQ4|replication/recombination/repair|NA|GPD|Homology	96.2	423	16	0	1	423	1	423	5.83e-297	806	99.3
BMHFFIJJ_00415	mobileOG_000111121|rarA|A0A174E6H5|replication/recombination/repair|NA|GPD|Homology	98.8	413	5	0	11	423	1	413	5.43e-295	801	96.9
BMHFFIJJ_00415	mobileOG_000086246|rarA|A0A553EPF1|replication/recombination/repair|NA|GPD|Homology	97.3	413	11	0	11	423	1	413	7.07e-291	791	96.9
BMHFFIJJ_00415	mobileOG_000012882|rarA|A0A108TD61|replication/recombination/repair|NA|GPD|Manual	92.1	418	33	0	1	418	1	418	1.61e-280	765	98.1
BMHFFIJJ_00415	mobileOG_000012825|rarA|A0A108TD61|replication/recombination/repair|NA|GPD|Manual	91.9	418	34	0	1	418	1	418	1.32e-279	763	98.1
BMHFFIJJ_00415	mobileOG_000114013|rarA|A0A4Q5GCA9|replication/recombination/repair|NA|GPD|Homology	91.9	418	34	0	1	418	1	418	1.32e-279	763	98.1
BMHFFIJJ_00604	mobileOG_000126813|lys|EJX04791.1|phage|lysis/lysogeny|Multiple|Homology	100	175	0	0	1	175	1	175	8.98e-126	353	100
BMHFFIJJ_00604	mobileOG_000268275|lys|EJX04791.1|phage|lysis/lysogeny|ICE|Homology	100	174	0	0	2	175	1	174	3.53e-125	351	99.4
BMHFFIJJ_00604	mobileOG_000271402|lys|D7K6L6|phage|lysis/lysogeny|immedb|Homology	96.6	175	6	0	1	175	1	175	5.83e-122	343	100
BMHFFIJJ_00604	mobileOG_000226985|lys|A0A4P8LPQ4|phage|lysis/lysogeny|GPD|Homology	95.4	175	8	0	1	175	1	175	1.13e-119	337	100
BMHFFIJJ_00604	mobileOG_000270011|lys|A0A4P8LPQ4|phage|lysis/lysogeny|immedb|Homology	94.9	175	9	0	1	175	1	175	1.88e-118	334	100
BMHFFIJJ_00604	mobileOG_000213729|lys|I8WZR6|phage|lysis/lysogeny|GPD|Homology	94.3	175	10	0	1	175	1	175	7.64e-118	333	100
BMHFFIJJ_00604	mobileOG_000273286|lys|A0A5B3GJ55|phage|lysis/lysogeny|immedb|Homology	93.1	175	12	0	1	175	1	175	1.54e-117	332	100
BMHFFIJJ_00604	mobileOG_000270358|lys|A0A174EPU9|phage|lysis/lysogeny|immedb|Homology	90.9	175	16	0	1	175	3	177	1.52e-113	322	100
BMHFFIJJ_00605	mobileOG_000126812|traQ|EJX04792.1|transfer|conjugation|Multiple|Homology	100	167	0	0	1	167	1	167	3.05e-120	338	100
BMHFFIJJ_00605	mobileOG_000271578|traQ|EJX04792.1|transfer|conjugation|immedb|Homology	99.4	167	1	0	1	167	1	167	1.24e-119	337	100
BMHFFIJJ_00605	mobileOG_000273931|traQ|EJX04792.1|transfer|conjugation|immedb|Homology	97.0	167	5	0	1	167	1	167	1.40e-116	329	100
BMHFFIJJ_00605	mobileOG_000023127|traQ|A0A174VC66|transfer|conjugation|immedb|Manual	92.2	167	13	0	1	167	1	167	1.06e-111	317	100
BMHFFIJJ_00605	mobileOG_000213730|traQ|A0A5C6HBE0|transfer|conjugation|Multiple|Homology	92.8	167	12	0	1	167	1	167	1.06e-111	317	100
BMHFFIJJ_00605	mobileOG_000271653|traQ|A0A3E4MVQ2|transfer|conjugation|immedb|Homology	92.2	167	13	0	1	167	1	167	2.14e-111	316	100
BMHFFIJJ_00605	mobileOG_000271854|traQ|A0A2T4TMZ3|transfer|conjugation|immedb|Homology	91.6	167	14	0	1	167	1	167	2.14e-111	316	100
BMHFFIJJ_00605	mobileOG_000272494|traQ|I9FJM9|transfer|conjugation|immedb|Homology	91.6	167	14	0	1	167	1	167	3.03e-111	315	100
BMHFFIJJ_00605	mobileOG_000272853|traQ|K1FR51|transfer|conjugation|immedb|Homology	92.2	167	13	0	1	167	1	167	4.31e-111	315	100
BMHFFIJJ_00605	mobileOG_000271959|traQ|I9V6K7|transfer|conjugation|immedb|Homology	92.2	167	13	0	1	167	1	167	1.24e-110	314	100
BMHFFIJJ_00605	mobileOG_000273238|traQ|A0A4P8LPZ8|transfer|conjugation|Multiple|Homology	92.2	167	13	0	1	167	1	167	1.76e-110	313	100
BMHFFIJJ_00605	mobileOG_000273287|traQ|A0A099BY94|transfer|conjugation|immedb|Homology	92.0	162	13	0	1	162	1	162	1.57e-108	308	97.0
BMHFFIJJ_00605	mobileOG_000274208|traQ|A0A1H3HMN5|transfer|conjugation|immedb|Homology	92.0	162	13	0	1	162	1	162	2.23e-108	308	97.0
BMHFFIJJ_00605	mobileOG_000270359|traQ|A0A174ETL1|transfer|conjugation|immedb|Homology	90.7	162	15	0	1	162	1	162	6.40e-108	307	97.0
BMHFFIJJ_00605	mobileOG_000274221|traQ|E5WY78|transfer|conjugation|immedb|Homology	91.4	162	14	0	1	162	1	162	9.10e-108	306	97.0
BMHFFIJJ_00606	mobileOG_000126811|HMPREF1204_00020|A0A415F4K3|transfer|conjugation|Multiple|Homology	100	300	0	0	1	300	1	300	9.17e-222	606	100
BMHFFIJJ_00606	mobileOG_000271343|HMPREF1204_00020|D7I7M8|transfer|conjugation|immedb|Homology	94.0	300	18	0	1	300	1	300	8.33e-209	573	100
BMHFFIJJ_00606	mobileOG_000274222|HMPREF1204_00020|E5WY77|transfer|conjugation|immedb|Homology	94.0	299	18	0	1	299	1	299	2.78e-207	569	99.7
BMHFFIJJ_00606	mobileOG_000270360|HMPREF1204_00020|A0A174EVJ3|transfer|conjugation|immedb|Homology	93.3	300	20	0	1	300	1	300	6.55e-206	566	100
BMHFFIJJ_00606	mobileOG_000273288|HMPREF1204_00020|E5WY77|transfer|conjugation|immedb|Homology	91.0	299	27	0	1	299	1	299	4.23e-202	556	99.7
BMHFFIJJ_00606	mobileOG_000271853|HMPREF1204_00020|A0A2T4TN11|transfer|conjugation|immedb|Homology	91.0	299	27	0	1	299	1	299	7.02e-201	553	99.7
BMHFFIJJ_00606	mobileOG_000271958|HMPREF1204_00020|I9JUR1|transfer|conjugation|immedb|Homology	90.3	300	29	0	1	300	1	300	5.76e-200	551	100
BMHFFIJJ_00606	mobileOG_000272852|HMPREF1204_00020|K1GLJ3|transfer|conjugation|immedb|Homology	92.8	291	21	0	1	291	1	291	6.56e-200	550	97.0
BMHFFIJJ_00606	mobileOG_000271652|HMPREF1204_00020|A0A3E4MVM9|transfer|conjugation|immedb|Homology	91.0	300	27	0	1	300	1	300	8.18e-200	550	100
BMHFFIJJ_00606	mobileOG_000271989|HMPREF1204_00020|A0A3E4MVM9|transfer|conjugation|immedb|Homology	90.7	300	28	0	1	300	1	300	5.52e-198	546	100
BMHFFIJJ_00606	mobileOG_000226984|HMPREF1204_00020|A0A4P8LS04|transfer|conjugation|GPD|Homology	92.7	288	21	0	1	288	1	288	4.29e-197	543	96.0
BMHFFIJJ_00606	mobileOG_000270010|HMPREF1204_00020|A0A4P8LS04|transfer|conjugation|immedb|Homology	92.4	288	22	0	1	288	1	288	2.48e-196	541	96.0
BMHFFIJJ_00606	mobileOG_000272313|HMPREF1204_00020|I9PXN3|transfer|conjugation|immedb|Homology	92.4	289	22	0	1	289	1	289	2.48e-196	541	96.3
BMHFFIJJ_00606	mobileOG_000274207|HMPREF1204_00020|A0A1H3HKD3|transfer|conjugation|immedb|Homology	90.3	300	29	0	1	300	1	300	3.72e-196	541	100
BMHFFIJJ_00606	mobileOG_000271404|HMPREF1204_00020|D7K6L8|transfer|conjugation|immedb|Homology	90.7	291	27	0	1	291	1	291	2.34e-193	534	97.0
BMHFFIJJ_00607	mobileOG_000126810|traO|EJX04794.1|transfer|conjugation|Multiple|Homology	100	191	0	0	1	191	1	191	2.96e-141	393	100
BMHFFIJJ_00607	mobileOG_000272312|traO|I8V4V9|transfer|conjugation|immedb|Homology	99.0	191	2	0	1	191	1	191	6.97e-140	390	100
BMHFFIJJ_00607	mobileOG_000273187|traO|EJX04794.1|transfer|conjugation|immedb|Homology	99.5	191	1	0	1	191	1	191	9.91e-140	389	100
BMHFFIJJ_00607	mobileOG_000271957|traO|I9AT83|transfer|conjugation|immedb|Homology	97.9	191	4	0	1	191	1	191	4.04e-139	388	100
BMHFFIJJ_00607	mobileOG_000226983|traO|A0A4P8LRB7|transfer|conjugation|Multiple|Homology	97.9	191	4	0	1	191	1	191	8.15e-139	387	100
BMHFFIJJ_00607	mobileOG_000274223|traO|E5WY76|transfer|conjugation|immedb|Homology	97.9	191	4	0	1	191	1	191	1.64e-138	386	100
BMHFFIJJ_00607	mobileOG_000273289|traO|C9LIK5|transfer|conjugation|immedb|Homology	97.4	191	5	0	1	191	1	191	3.32e-138	385	100
BMHFFIJJ_00607	mobileOG_000272851|traO|K1G3P1|transfer|conjugation|immedb|Homology	97.4	191	5	0	1	191	1	191	6.70e-138	385	100
BMHFFIJJ_00607	mobileOG_000270629|traO|A0A174VK99|transfer|conjugation|immedb|Homology	97.4	191	5	0	1	191	1	191	9.52e-138	384	100
BMHFFIJJ_00607	mobileOG_000270361|traO|A0A174EQI6|transfer|conjugation|immedb|Homology	97.4	191	5	0	1	191	1	191	1.35e-137	384	100
BMHFFIJJ_00607	mobileOG_000272497|traO|I9QV29|transfer|conjugation|immedb|Homology	97.4	191	5	0	1	191	1	191	1.35e-137	384	100
BMHFFIJJ_00607	mobileOG_000271342|traO|D7I7M7|transfer|conjugation|immedb|Homology	96.9	191	6	0	1	191	1	191	1.92e-137	384	100
BMHFFIJJ_00607	mobileOG_000271651|traO|A0A2M9V205|transfer|conjugation|immedb|Homology	96.3	191	7	0	1	191	1	191	2.24e-136	381	100
BMHFFIJJ_00607	mobileOG_000272564|traO|A0A0E2AVR5|transfer|conjugation|immedb|Homology	96.3	191	7	0	1	191	1	191	2.24e-136	381	100
BMHFFIJJ_00607	mobileOG_000272994|traO|K5ZMP3|transfer|conjugation|immedb|Homology	96.8	190	6	0	1	190	1	190	2.24e-136	381	99.5
BMHFFIJJ_00608	mobileOG_000226982|traN|A0A4Q0J747|transfer|conjugation|GPD|Homology	99.2	237	2	0	1	237	1	237	1.67e-172	476	100
BMHFFIJJ_00608	mobileOG_000270574|traN|A0A496BSK1|transfer|conjugation|immedb|Homology	96.6	235	8	0	3	237	1	235	2.77e-166	460	99.2
BMHFFIJJ_00609	mobileOG_000226981|ltrA|R9HI33|integration/excision|introns|GPD|Homology	100	603	0	0	1	603	1	603	0.0	1208	100
BMHFFIJJ_00609	mobileOG_000126809|ltrA|A0A174WBC0|integration/excision|introns|GPD|Homology	92.4	603	46	0	1	603	1	603	0.0	1129	100
BMHFFIJJ_00609	mobileOG_000167698|ltrA|A0A174WBC0|integration/excision|introns|Multiple|Homology	92.2	603	47	0	1	603	1	603	0.0	1127	100
BMHFFIJJ_00611	mobileOG_000268276|traN|EJX04795.1|transfer|conjugation|Multiple|Homology	99.3	135	1	0	1	135	1	135	7.01e-90	266	95.7
BMHFFIJJ_00611	mobileOG_000271851|traN|A0A2T4TN02|transfer|conjugation|immedb|Homology	97.8	135	3	0	1	135	1	135	5.70e-89	264	95.7
BMHFFIJJ_00611	mobileOG_000272498|traN|I8W7B9|transfer|conjugation|immedb|Homology	97.8	135	3	0	1	135	1	135	5.70e-89	264	95.7
BMHFFIJJ_00611	mobileOG_000271650|traN|A0A3E4MWS7|transfer|conjugation|immedb|Homology	97.0	135	4	0	1	135	1	135	4.63e-88	261	95.7
BMHFFIJJ_00611	mobileOG_000274224|traN|A0A5B3GJ61|transfer|conjugation|immedb|Homology	97.0	135	4	0	1	135	1	135	4.63e-88	261	95.7
BMHFFIJJ_00611	mobileOG_000272311|traN|I9EMN2|transfer|conjugation|immedb|Homology	97.0	135	4	0	1	135	1	135	1.87e-87	260	95.7
BMHFFIJJ_00611	mobileOG_000271406|traN|D7K6M0|transfer|conjugation|immedb|Homology	96.3	136	4	1	1	135	1	136	6.33e-86	256	95.7
BMHFFIJJ_00611	mobileOG_000271165|traN|C7X4F3|transfer|conjugation|immedb|Homology	93.3	135	9	0	1	135	1	135	8.71e-86	256	95.7
BMHFFIJJ_00611	mobileOG_000270362|traN|A0A174EVS7|transfer|conjugation|immedb|Homology	96.3	136	4	1	1	135	1	136	8.98e-86	256	95.7
BMHFFIJJ_00611	mobileOG_000273237|traN|A0A4P8LSR8|transfer|conjugation|immedb|Homology	95.6	136	5	1	1	135	1	136	8.98e-86	256	95.7
BMHFFIJJ_00611	mobileOG_000273290|traN|A0A1Y4PEP5|transfer|conjugation|immedb|Homology	95.6	136	5	1	1	135	1	136	8.98e-86	256	95.7
BMHFFIJJ_00611	mobileOG_000270763|traN|A0A415EWW7|transfer|conjugation|immedb|Homology	92.6	135	10	0	1	135	1	135	1.23e-85	255	95.7
BMHFFIJJ_00611	mobileOG_000271956|traN|I9V6D6|transfer|conjugation|immedb|Homology	95.6	136	5	1	1	135	1	136	1.80e-85	255	95.7
BMHFFIJJ_00611	mobileOG_000271721|traN|A0A396MDH3|transfer|conjugation|immedb|Homology	92.6	135	10	0	1	135	1	135	3.52e-85	254	95.7
BMHFFIJJ_00611	mobileOG_000270630|traN|A0A174VH18|transfer|conjugation|immedb|Homology	94.9	136	6	1	1	135	1	136	3.63e-85	254	95.7
BMHFFIJJ_00613	mobileOG_000268279|traL|EJX04797.1|transfer|conjugation|Multiple|Homology	100	92	0	0	1	92	11	102	7.13e-65	192	100
BMHFFIJJ_00613	mobileOG_000273930|traL|EJX04797.1|transfer|conjugation|immedb|Homology	98.9	92	1	0	1	92	11	102	8.34e-64	190	100
BMHFFIJJ_00613	mobileOG_000272849|traL|E5WY73|transfer|conjugation|immedb|Homology	93.5	92	6	0	1	92	11	102	1.10e-59	179	100
BMHFFIJJ_00613	mobileOG_000270631|traL|A0A174VK73|transfer|conjugation|immedb|Homology	92.4	92	7	0	1	92	11	102	4.48e-59	178	100
BMHFFIJJ_00613	mobileOG_000272499|traL|D4WMS0|transfer|conjugation|immedb|Homology	92.4	92	7	0	1	92	15	106	5.08e-59	178	100
BMHFFIJJ_00613	mobileOG_000271850|traL|A0A2T4TR02|transfer|conjugation|immedb|Homology	90.2	92	9	0	1	92	11	102	3.68e-58	176	100
BMHFFIJJ_00613	mobileOG_000271340|traL|D7I7M4|transfer|conjugation|immedb|Homology	90.2	92	9	0	1	92	15	106	1.70e-57	174	100
BMHFFIJJ_00613	mobileOG_000271649|traL|A0A133PRC7|transfer|conjugation|immedb|Homology	90.2	92	9	0	1	92	15	106	1.70e-57	174	100
BMHFFIJJ_00613	mobileOG_000272996|traL|D4WMS0|transfer|conjugation|immedb|Homology	90.2	92	9	0	1	92	15	106	1.70e-57	174	100
BMHFFIJJ_00613	mobileOG_000274205|traL|I9RLK6|transfer|conjugation|immedb|Homology	91.2	91	8	0	2	92	16	106	2.42e-57	174	98.9
BMHFFIJJ_00613	mobileOG_000270009|traL|I9RLK6|transfer|conjugation|immedb|Homology	90.1	91	9	0	2	92	16	106	6.94e-57	172	98.9
BMHFFIJJ_00613	mobileOG_000272310|traL|I9RLK6|transfer|conjugation|immedb|Homology	90.1	91	9	0	2	92	16	106	9.86e-57	172	98.9
BMHFFIJJ_00613	mobileOG_000270363|traL|D4WMS0|transfer|conjugation|immedb|Homology	91.7	84	7	0	1	84	15	98	4.11e-52	160	91.3
BMHFFIJJ_00614	mobileOG_000268282|traK|EJX04798.1|transfer|conjugation|Multiple|Homology	100	207	0	0	1	207	1	207	3.81e-145	404	100
BMHFFIJJ_00614	mobileOG_000274204|traK|A0A3E4WKA8|transfer|conjugation|immedb|Homology	99.5	207	1	0	1	207	1	207	1.09e-144	403	100
BMHFFIJJ_00614	mobileOG_000272997|traK|K6AMQ8|transfer|conjugation|immedb|Homology	99.0	207	2	0	1	207	1	207	1.55e-144	403	100
BMHFFIJJ_00614	mobileOG_000023256|traK|A0A2T4TN06|transfer|conjugation|immedb|Manual	99.0	207	2	0	1	207	1	207	2.21e-144	402	100
BMHFFIJJ_00614	mobileOG_000023056|traK|A0A4V1EU65|transfer|conjugation|immedb|Manual	99.0	207	2	0	1	207	1	207	3.13e-144	402	100
BMHFFIJJ_00614	mobileOG_000270364|traK|A0A174EUP7|transfer|conjugation|immedb|Homology	99.0	207	2	0	1	207	1	207	3.13e-144	402	100
BMHFFIJJ_00614	mobileOG_000271339|traK|D7I7M3|transfer|conjugation|immedb|Homology	99.0	207	2	0	1	207	1	207	3.13e-144	402	100
BMHFFIJJ_00614	mobileOG_000271928|traK|A0A0E2AVJ4|transfer|conjugation|immedb|Homology	99.0	207	2	0	1	207	1	207	3.13e-144	402	100
BMHFFIJJ_00614	mobileOG_000023068|traK|A0A412S146|transfer|conjugation|immedb|Manual	99.0	207	2	0	1	207	1	207	6.32e-144	401	100
BMHFFIJJ_00614	mobileOG_000023237|traK|A0A2M9V286|transfer|conjugation|immedb|Manual	98.6	207	3	0	1	207	1	207	1.28e-143	400	100
BMHFFIJJ_00614	mobileOG_000023255|traK|A0A2M9V286|transfer|conjugation|immedb|Manual	98.1	207	4	0	1	207	1	207	3.01e-142	397	100
BMHFFIJJ_00614	mobileOG_000023314|traK|A0A412S146|transfer|conjugation|immedb|Manual	98.1	207	4	0	1	207	1	207	3.01e-142	397	100
BMHFFIJJ_00614	mobileOG_000023204|traK|A0A413EUG9|transfer|conjugation|immedb|Manual	96.6	207	7	0	1	207	1	207	7.08e-141	394	100
BMHFFIJJ_00614	mobileOG_000015052|traK|A0A3A5QU11|transfer|conjugation|Multiple|Manual	96.1	207	8	0	1	207	1	207	1.01e-140	393	100
BMHFFIJJ_00614	mobileOG_000273015|traK|C3R7V8|transfer|conjugation|immedb|Homology	96.1	207	8	0	1	207	1	207	1.43e-140	393	100
BMHFFIJJ_00615	mobileOG_000268284|traJ|EJX04799.1|transfer|conjugation,competence|Multiple|Homology	100	334	0	0	1	334	1	334	7.24e-227	622	100
BMHFFIJJ_00615	mobileOG_000271927|traJ|A0A0E2AVR1|transfer|conjugation,competence|immedb|Homology	99.7	334	1	0	1	334	1	334	2.95e-226	620	100
BMHFFIJJ_00615	mobileOG_000271338|traJ|D7I7M2|transfer|conjugation,competence|immedb|Homology	98.2	334	6	0	1	334	1	334	1.70e-225	618	100
BMHFFIJJ_00615	mobileOG_000272308|traJ|I8V4V2|transfer|conjugation,competence|immedb|Homology	97.6	334	8	0	1	334	1	334	2.82e-224	615	100
BMHFFIJJ_00615	mobileOG_000272848|traJ|K1G3N9|transfer|conjugation,competence|immedb|Homology	97.6	334	8	0	1	334	1	334	2.82e-224	615	100
BMHFFIJJ_00615	mobileOG_000270008|traJ|A0A3E4MWU5|transfer|conjugation,competence|immedb|Homology	97.9	334	7	0	1	334	1	334	4.01e-224	615	100
BMHFFIJJ_00615	mobileOG_000274203|traJ|A0A1H3HLP1|transfer|conjugation,competence|immedb|Homology	97.6	334	8	0	1	334	1	334	8.08e-224	614	100
BMHFFIJJ_00615	mobileOG_000274225|traJ|E5WY71|transfer|conjugation,competence|immedb|Homology	97.3	334	9	0	1	334	1	334	1.90e-222	610	100
BMHFFIJJ_00615	mobileOG_000273057|traJ|A0A412S173|transfer|conjugation,competence|immedb|Homology	96.1	334	13	0	1	334	1	334	1.10e-221	608	100
BMHFFIJJ_00615	mobileOG_000271849|traJ|A0A134BBH6|transfer|conjugation,competence|immedb|Homology	95.2	334	16	0	1	334	1	334	7.41e-220	604	100
BMHFFIJJ_00615	mobileOG_000270575|traJ|A0A415EX27|transfer|conjugation,competence|immedb|Homology	95.5	334	15	0	1	334	1	334	1.43e-217	598	100
BMHFFIJJ_00615	mobileOG_000271408|traJ|D7K6M4|transfer|conjugation,competence|immedb|Homology	94.9	334	17	0	1	334	1	334	4.10e-217	597	100
BMHFFIJJ_00615	mobileOG_000272929|traJ|A0A4V1EU18|transfer|conjugation,competence|immedb|Homology	94.6	334	18	0	1	334	1	334	5.82e-217	597	100
BMHFFIJJ_00615	mobileOG_000273016|traJ|A0A120A3F2|transfer|conjugation,competence|immedb|Homology	94.3	334	19	0	1	334	1	334	5.82e-217	597	100
BMHFFIJJ_00615	mobileOG_000269046|traJ|Q56VG3|transfer|conjugation,competence|ICE|Homology	94.3	334	19	0	1	334	1	334	1.17e-216	596	100
BMHFFIJJ_00616	mobileOG_000268285|traI|A0A415F4S4|transfer|conjugation|Multiple|Homology	100	209	0	0	1	209	1	209	3.26e-147	410	100
BMHFFIJJ_00616	mobileOG_000271848|traI|A0A2T4TN10|transfer|conjugation|immedb|Homology	99.5	209	1	0	1	209	1	209	9.34e-147	409	100
BMHFFIJJ_00616	mobileOG_000272307|traI|I9EMM8|transfer|conjugation|immedb|Homology	99.5	209	1	0	1	209	1	209	2.68e-146	407	100
BMHFFIJJ_00616	mobileOG_000270007|traI|F7LRP0|transfer|conjugation|immedb|Homology	99.0	209	2	0	1	209	1	209	7.68e-146	406	100
BMHFFIJJ_00616	mobileOG_000274226|traI|E5WY70|transfer|conjugation|immedb|Homology	98.6	209	3	0	1	209	1	209	7.68e-146	406	100
BMHFFIJJ_00616	mobileOG_000272847|traI|K1FY97|transfer|conjugation|immedb|Homology	99.0	209	2	0	1	209	1	209	1.55e-145	405	100
BMHFFIJJ_00616	mobileOG_000270366|traI|A0A174EUS4|transfer|conjugation|immedb|Homology	98.6	209	3	0	1	209	1	209	3.13e-145	405	100
BMHFFIJJ_00616	mobileOG_000188791|traI|EJX07757.1|transfer|conjugation|Multiple|Homology	93.8	209	13	0	1	209	1	209	2.27e-138	387	100
BMHFFIJJ_00616	mobileOG_000270251|traI|A0A2D3M971|transfer|conjugation|immedb|Homology	93.3	209	14	0	1	209	1	209	1.86e-137	385	100
BMHFFIJJ_00616	mobileOG_000273218|traI|A0A412H6E0|transfer|conjugation|immedb|Homology	93.3	209	14	0	1	209	1	209	5.34e-137	384	100
BMHFFIJJ_00616	mobileOG_000272946|traI|K6A1J0|transfer|conjugation|immedb|Homology	90.4	209	20	0	1	209	3	211	9.51e-136	381	100
BMHFFIJJ_00617	mobileOG_000268287|traH|A0A414FI02|transfer|conjugation,relaxosome|Multiple|Homology	100	126	0	0	1	126	1	126	4.28e-89	256	100
BMHFFIJJ_00617	mobileOG_000271955|traH|A0A5B3GJM9|transfer|conjugation,relaxosome|immedb|Homology	99.2	126	1	0	1	126	1	126	3.52e-88	254	100
BMHFFIJJ_00617	mobileOG_000272566|traH|A0A0E2B736|transfer|conjugation,relaxosome|immedb|Homology	98.4	126	2	0	1	126	1	126	1.01e-87	253	100
BMHFFIJJ_00617	mobileOG_000271337|traH|D7I7M0|transfer|conjugation,relaxosome|immedb|Homology	98.4	126	2	0	1	126	1	126	4.12e-87	251	100
BMHFFIJJ_00617	mobileOG_000271847|traH|A0A134BBH4|transfer|conjugation,relaxosome|immedb|Homology	97.6	126	3	0	1	126	1	126	1.18e-86	250	100
BMHFFIJJ_00617	mobileOG_000272846|traH|K1FT99|transfer|conjugation,relaxosome|immedb|Homology	97.6	126	3	0	1	126	1	126	2.39e-86	249	100
BMHFFIJJ_00617	mobileOG_000270367|traH|A0A4Y1VIH3|transfer|conjugation,relaxosome|immedb|Homology	96.8	126	4	0	1	126	3	128	2.10e-85	247	100
BMHFFIJJ_00617	mobileOG_000274200|traH|C6ITZ8|transfer|conjugation,relaxosome|immedb|Homology	96.8	126	4	0	1	126	3	128	2.98e-85	246	100
BMHFFIJJ_00617	mobileOG_000272306|traH|C7XB94|transfer|conjugation,relaxosome|immedb|Homology	96.8	126	4	0	1	126	3	128	4.23e-85	246	100
BMHFFIJJ_00617	mobileOG_000274227|traH|E5WY69|transfer|conjugation,relaxosome|immedb|Homology	96.8	126	4	0	1	126	3	128	4.23e-85	246	100
BMHFFIJJ_00617	mobileOG_000270006|traH|A0A1G6G5W7|transfer|conjugation,relaxosome|immedb|Homology	96.8	126	4	0	1	126	3	128	6.02e-85	246	100
BMHFFIJJ_00617	mobileOG_000271409|traH|D7K6M6|transfer|conjugation,relaxosome|immedb|Homology	96.8	126	4	0	1	126	3	128	1.73e-84	244	100
BMHFFIJJ_00617	mobileOG_000270633|traH|A0A174VKU5|transfer|conjugation,relaxosome|immedb|Homology	96.0	126	5	0	1	126	3	128	2.45e-84	244	100
BMHFFIJJ_00617	mobileOG_000272999|traH|K6A001|transfer|conjugation,relaxosome|immedb|Homology	95.2	126	6	0	1	126	3	128	2.02e-83	242	100
BMHFFIJJ_00617	mobileOG_000272501|traH|I9QVV4|transfer|conjugation,relaxosome|immedb|Homology	94.4	126	7	0	1	126	3	128	2.69e-82	239	100
BMHFFIJJ_00618	mobileOG_000023023|traG|A0A412FEL7|transfer|conjugation|ICE|Manual	100	834	0	0	1	834	1	834	0.0	1656	100
BMHFFIJJ_00618	mobileOG_000272453|traG|EJX04802.1|transfer|conjugation|immedb|Homology	100	828	0	0	7	834	1	828	0.0	1644	99.3
BMHFFIJJ_00618	mobileOG_000273783|traG|EJX04802.1|transfer|conjugation|immedb|Homology	99.9	828	1	0	7	834	1	828	0.0	1642	99.3
BMHFFIJJ_00618	mobileOG_000271336|traG|D7I7L9|transfer|conjugation|immedb|Homology	99.3	828	6	0	7	834	1	828	0.0	1634	99.3
BMHFFIJJ_00618	mobileOG_000023309|traG|A0A4P8LPS1|transfer|conjugation|immedb|Manual	99.2	828	7	0	7	834	1	828	0.0	1631	99.3
BMHFFIJJ_00618	mobileOG_000023297|traG|A0A412S1A9|transfer|conjugation|immedb|Manual	98.2	834	15	0	1	834	1	834	0.0	1631	100
BMHFFIJJ_00618	mobileOG_000271846|traG|A0A133YP24|transfer|conjugation|immedb|Homology	98.2	834	15	0	1	834	1	834	0.0	1630	100
BMHFFIJJ_00618	mobileOG_000023236|traG|A0A3E4MVQ9|transfer|conjugation|immedb|Manual	98.9	827	9	0	7	833	1	827	0.0	1625	99.2
BMHFFIJJ_00618	mobileOG_000272845|traG|K1FR47|transfer|conjugation|immedb|Homology	97.5	834	21	0	1	834	1	834	0.0	1622	100
BMHFFIJJ_00618	mobileOG_000023096|traC_2|A0A174EV17|transfer|conjugation|immedb|Manual	97.5	834	21	0	1	834	1	834	0.0	1620	100
BMHFFIJJ_00618	mobileOG_000271410|traG|D7K6M7|transfer|conjugation|immedb|Homology	98.1	828	16	0	7	834	1	828	0.0	1620	99.3
BMHFFIJJ_00618	mobileOG_000272502|traG|I9FJN8|transfer|conjugation|immedb|Homology	98.1	827	16	0	7	833	1	827	0.0	1619	99.2
BMHFFIJJ_00618	mobileOG_000273291|traG|A0A0M1W7E0|transfer|conjugation|immedb|Homology	98.3	828	14	0	7	834	1	828	0.0	1618	99.3
BMHFFIJJ_00618	mobileOG_000274228|traG|E5WY68|transfer|conjugation|immedb|Homology	97.8	828	18	0	7	834	1	828	0.0	1617	99.3
BMHFFIJJ_00618	mobileOG_000272567|traG|A0A0E2AWQ3|transfer|conjugation|immedb|Homology	98.1	828	16	0	7	834	1	828	0.0	1616	99.3
BMHFFIJJ_00619	mobileOG_000268288|traF|EJX04803.1|transfer|conjugation|Multiple|Homology	100	110	0	0	1	110	1	110	1.12e-72	213	100
BMHFFIJJ_00619	mobileOG_000274198|traF|K6AMR3|transfer|conjugation|immedb|Homology	98.2	110	2	0	1	110	1	110	2.27e-72	213	100
BMHFFIJJ_00619	mobileOG_000270900|traF|B5D3G7|transfer|conjugation|immedb|Homology	99.1	110	1	0	1	110	1	110	9.24e-72	211	100
BMHFFIJJ_00619	mobileOG_000271648|traF|A0A3E5IC83|transfer|conjugation|immedb|Homology	99.1	110	1	0	1	110	1	110	9.24e-72	211	100
BMHFFIJJ_00619	mobileOG_000274229|traF|E5WY67|transfer|conjugation|immedb|Homology	99.1	108	1	0	1	108	1	108	1.75e-71	210	98.2
BMHFFIJJ_00619	mobileOG_000273058|traF|A0A412S1B9|transfer|conjugation|immedb|Homology	99.1	108	1	0	1	108	1	108	1.86e-71	210	98.2
BMHFFIJJ_00619	mobileOG_000271411|traF|A0A415JBJ8|transfer|conjugation|immedb|Homology	97.3	110	3	0	1	110	1	110	2.65e-71	210	100
BMHFFIJJ_00619	mobileOG_000269083|traF|A0A4R4HMJ0|transfer|conjugation|Multiple|Homology	99.1	108	1	0	1	108	1	108	3.76e-71	209	98.2
BMHFFIJJ_00619	mobileOG_000271926|traF|A0A0E2AVI9|transfer|conjugation|immedb|Homology	99.1	108	1	0	1	108	1	108	5.02e-71	209	98.2
BMHFFIJJ_00619	mobileOG_000271845|traF|A0A134BBN8|transfer|conjugation|immedb|Homology	98.1	108	2	0	1	108	1	108	5.35e-71	209	98.2
BMHFFIJJ_00619	mobileOG_000272100|traF|A0A373FX66|transfer|conjugation|immedb|Homology	98.1	108	2	0	1	108	1	108	5.35e-71	209	98.2
BMHFFIJJ_00619	mobileOG_000270368|traF|A0A174ET26|transfer|conjugation|immedb|Homology	99.1	108	1	0	1	108	1	108	1.08e-70	208	98.2
BMHFFIJJ_00619	mobileOG_000272304|traF|I9PXM2|transfer|conjugation|immedb|Homology	98.1	108	2	0	1	108	1	108	3.10e-70	207	98.2
BMHFFIJJ_00619	mobileOG_000272826|traF|A0A413ZFN2|transfer|conjugation|immedb|Homology	97.2	108	3	0	1	108	1	108	3.10e-70	207	98.2
BMHFFIJJ_00619	mobileOG_000273758|traF|A0A174SM57|transfer|conjugation|immedb|Homology	98.1	108	2	0	1	108	1	108	3.10e-70	207	98.2
BMHFFIJJ_00620	mobileOG_000268290|traE_1|EJX08447.1|transfer|conjugation|Multiple|Homology	100	105	0	0	1	105	1	105	3.30e-65	194	100
BMHFFIJJ_00620	mobileOG_000270369|traE_1|A0A174EWW8|transfer|conjugation|immedb|Homology	99.0	105	1	0	1	105	1	105	4.69e-65	194	100
BMHFFIJJ_00620	mobileOG_000272782|traE_1|I9T7D8|transfer|conjugation|immedb|Homology	99.0	105	1	0	1	105	1	105	1.35e-64	192	100
BMHFFIJJ_00620	mobileOG_000271953|traE_1|I9AT93|transfer|conjugation|immedb|Homology	98.1	105	2	0	1	105	1	105	1.91e-64	192	100
BMHFFIJJ_00620	mobileOG_000274197|traE_1|A0A1H2ZWR6|transfer|conjugation|immedb|Homology	99.0	105	1	0	1	105	1	105	1.91e-64	192	100
BMHFFIJJ_00620	mobileOG_000270169|traE_1|A0A0E2AVQ8|transfer|conjugation|immedb|Homology	97.1	105	3	0	1	105	1	105	3.86e-64	191	100
BMHFFIJJ_00620	mobileOG_000273001|traE_1|K5ZMQ2|transfer|conjugation|immedb|Homology	96.2	105	4	0	1	105	1	105	1.11e-63	190	100
BMHFFIJJ_00620	mobileOG_000271412|traE_1|D7K6M9|transfer|conjugation|immedb|Homology	96.2	105	4	0	1	105	1	105	1.57e-63	190	100
BMHFFIJJ_00620	mobileOG_000272844|traE_1|K1G3N4|transfer|conjugation|immedb|Homology	95.2	105	5	0	1	105	1	105	1.29e-62	187	100
BMHFFIJJ_00620	mobileOG_000273647|traE_1|EJX07761.1|transfer|conjugation|immedb|Homology	94.3	105	4	1	1	105	1	103	5.56e-59	178	100
BMHFFIJJ_00620	mobileOG_000273021|traE_1|A0A415Q691|transfer|conjugation|immedb|Homology	93.3	105	5	1	1	105	1	103	1.12e-58	177	100
BMHFFIJJ_00620	mobileOG_000273215|traE_1|A0A4P8LIQ3|transfer|conjugation|immedb|Homology	93.3	105	5	1	1	105	1	103	1.60e-58	177	100
BMHFFIJJ_00620	mobileOG_000273757|traE_1|A0A016GDU3|transfer|conjugation|immedb|Homology	92.4	105	6	1	1	105	1	103	1.60e-58	177	100
BMHFFIJJ_00620	mobileOG_000270255|traE_1|A0A3D9AA22|transfer|conjugation|immedb|Homology	92.4	105	6	1	1	105	1	103	2.27e-58	177	100
BMHFFIJJ_00620	mobileOG_000271261|traE_1|A0A1H7FL92|transfer|conjugation|immedb|Homology	92.4	105	6	1	1	105	1	103	2.27e-58	177	100
BMHFFIJJ_00621	mobileOG_000269819|traD|EJX08446.1|transfer|conjugation|Multiple|Homology	100	242	0	0	1	242	1	242	1.78e-165	459	100
BMHFFIJJ_00621	mobileOG_000271794|traD|EJX08446.1|transfer|conjugation|immedb|Homology	99.6	242	1	0	1	242	1	242	1.46e-164	456	100
BMHFFIJJ_00621	mobileOG_000271647|traD|A0A3E4MWZ3|transfer|conjugation|immedb|Homology	99.2	242	2	0	1	242	1	242	2.95e-164	456	100
BMHFFIJJ_00621	mobileOG_000273236|traD|A0A4P8LRZ8|transfer|conjugation|immedb|Homology	98.8	242	3	0	1	242	1	242	2.42e-163	453	100
BMHFFIJJ_00621	mobileOG_000274196|traD|A0A1H2ZXE7|transfer|conjugation|immedb|Homology	98.8	242	3	0	1	242	1	242	3.44e-163	453	100
BMHFFIJJ_00621	mobileOG_000271334|traD|D7I7L6|transfer|conjugation|immedb|Homology	98.3	242	4	0	1	242	1	242	4.89e-163	452	100
BMHFFIJJ_00621	mobileOG_000268292|traD|EJX08446.1|transfer|conjugation|ICE|Homology	100	236	0	0	7	242	1	236	7.61e-161	447	97.5
BMHFFIJJ_00621	mobileOG_000272303|traD|I9EMM3|transfer|conjugation|immedb|Homology	95.5	242	11	0	1	242	1	242	7.44e-158	439	100
BMHFFIJJ_00621	mobileOG_000271952|traD|I9V6E3|transfer|conjugation|immedb|Homology	94.6	242	13	0	1	242	1	242	6.11e-157	437	100
BMHFFIJJ_00621	mobileOG_000273293|traD|I9V6E3|transfer|conjugation|immedb|Homology	93.8	242	15	0	1	242	1	242	1.68e-154	431	100
BMHFFIJJ_00621	mobileOG_000272843|traD|K1FY94|transfer|conjugation|immedb|Homology	93.0	242	17	0	1	242	1	242	9.29e-152	424	100
BMHFFIJJ_00621	mobileOG_000274230|traD|E5WY65|transfer|conjugation|immedb|Homology	91.7	242	20	0	1	242	1	242	4.41e-150	420	100
BMHFFIJJ_00621	mobileOG_000273059|traD|A0A412S195|transfer|conjugation|immedb|Homology	91.3	242	21	0	1	242	1	242	8.89e-150	419	100
BMHFFIJJ_00621	mobileOG_000272568|traD|A0A0E2AVK6|transfer|conjugation|immedb|Homology	90.1	242	24	0	1	242	1	242	9.91e-147	411	100
BMHFFIJJ_00624	mobileOG_000269818|traA|A0A415F4U4|transfer|conjugation|ICE|Homology	99.6	253	1	0	1	253	1	253	4.08e-181	499	100
BMHFFIJJ_00624	mobileOG_000273235|traA|A0A4P8LWL0|transfer|conjugation|immedb|Homology	99.2	253	2	0	1	253	1	253	1.17e-180	498	100
BMHFFIJJ_00624	mobileOG_000274195|traA|A0A1H2ZWY6|transfer|conjugation|immedb|Homology	99.2	253	2	0	1	253	1	253	1.17e-180	498	100
BMHFFIJJ_00624	mobileOG_000271646|traA|A0A3E4MVW0|transfer|conjugation|immedb|Homology	98.8	253	3	0	1	253	1	253	9.62e-180	496	100
BMHFFIJJ_00624	mobileOG_000268295|traA|A0A415F4U4|transfer|conjugation|Multiple|Homology	99.6	253	1	0	1	253	97	349	1.34e-179	499	100
BMHFFIJJ_00624	mobileOG_000270168|traA|A0A5M5NPW9|transfer|conjugation|immedb|Homology	98.4	253	4	0	1	253	97	349	1.28e-177	494	100
BMHFFIJJ_00624	mobileOG_000274231|traA|E5WY62|transfer|conjugation|immedb|Homology	98.4	252	4	0	1	252	97	348	7.13e-177	492	99.6
BMHFFIJJ_00624	mobileOG_000272302|traA|E4MAW9|transfer|conjugation|immedb|Homology	98.0	253	5	0	1	253	109	361	1.32e-175	489	100
BMHFFIJJ_00624	mobileOG_000271273|traA|A0A413EUF5|transfer|conjugation|immedb|Homology	95.7	253	11	0	1	253	109	361	6.26e-174	485	100
BMHFFIJJ_00624	mobileOG_000271843|traA|A0A134BBI8|transfer|conjugation|immedb|Homology	95.3	253	12	0	1	253	97	349	3.19e-171	478	100
BMHFFIJJ_00624	mobileOG_000272842|traA|K1GLI6|transfer|conjugation|immedb|Homology	94.9	253	13	0	1	253	97	349	3.19e-171	478	100
BMHFFIJJ_00624	mobileOG_000270371|traA|A0A174ES79|transfer|conjugation|immedb|Homology	94.9	253	13	0	1	253	97	349	9.12e-171	477	100
BMHFFIJJ_00624	mobileOG_000271951|traA|I9JUS1|transfer|conjugation|immedb|Homology	94.5	253	14	0	1	253	97	349	1.29e-170	476	100
BMHFFIJJ_00624	mobileOG_000272569|traA|A0A0E2AVI5|transfer|conjugation|immedb|Homology	94.9	253	13	0	1	253	97	349	3.71e-170	475	100
BMHFFIJJ_00624	mobileOG_000271333|traA|D7I7L3|transfer|conjugation|immedb|Homology	94.5	253	14	0	1	253	97	349	1.51e-169	474	100
BMHFFIJJ_00626	mobileOG_000269142|mobB|EJW92189.1|transfer|conjugation|Multiple|Homology	100	415	0	0	1	415	1	415	8.63e-301	815	100
BMHFFIJJ_00626	mobileOG_000272841|mobB|K1FY89|transfer|conjugation|immedb|Homology	97.1	415	12	0	1	415	1	415	5.12e-293	796	100
BMHFFIJJ_00626	mobileOG_000272570|mobB|A0A0E2AVK1|transfer|conjugation|immedb|Homology	95.7	415	18	0	1	415	1	415	2.43e-291	791	100
BMHFFIJJ_00626	mobileOG_000273295|mobB|A0A1Y4VMK7|transfer|conjugation|immedb|Homology	95.9	415	17	0	1	415	1	415	2.83e-290	789	100
BMHFFIJJ_00626	mobileOG_000273061|mobB|A0A1Y4VMK7|transfer|conjugation|Multiple|Homology	95.9	415	17	0	1	415	1	415	5.72e-290	788	100
BMHFFIJJ_00626	mobileOG_000270372|mobB|A0A174ET39|transfer|conjugation|immedb|Homology	95.2	415	20	0	1	415	1	415	1.10e-287	782	100
BMHFFIJJ_00626	mobileOG_000273004|mobB|K6A0F0|transfer|conjugation|immedb|Homology	94.9	415	21	0	1	415	1	415	4.49e-287	781	100
BMHFFIJJ_00626	mobileOG_000272504|mobB|I8W7D7|transfer|conjugation|immedb|Homology	94.2	415	24	0	1	415	1	415	1.06e-285	777	100
BMHFFIJJ_00626	mobileOG_000271415|mobB|D7K6N6|transfer|conjugation|immedb|Homology	94.7	415	22	0	1	415	1	415	1.50e-285	777	100
BMHFFIJJ_00626	mobileOG_000271893|mobB|D7K6N6|transfer|conjugation|immedb|Homology	94.5	415	23	0	1	415	1	415	1.23e-284	775	100
BMHFFIJJ_00626	mobileOG_000271950|mobB|I9V6E6|transfer|conjugation|immedb|Homology	92.8	415	30	0	1	415	1	415	1.41e-274	749	100
BMHFFIJJ_00626	mobileOG_000271645|mobB|A0A3E4MVK3|transfer|conjugation|immedb|Homology	90.8	415	38	0	1	415	1	415	1.34e-272	744	100
BMHFFIJJ_00626	mobileOG_000271332|mobB|D7I7L1|transfer|conjugation|immedb|Homology	91.1	415	37	0	1	415	1	415	2.71e-272	743	100
BMHFFIJJ_00626	mobileOG_000271842|mobB|A0A134BBE3|transfer|conjugation|immedb|Homology	91.6	415	35	0	1	415	1	415	2.71e-272	743	100
BMHFFIJJ_00626	mobileOG_000271825|mobB|A0A016EBM2|transfer|conjugation|immedb|Homology	90.6	415	39	0	1	415	1	415	1.10e-271	742	100
BMHFFIJJ_00632	mobileOG_000259963|zraR_6|EJW99185.1|integration/excision|conjugation,competence|Multiple|Homology	100	440	0	0	1	440	1	440	0.0	867	100
BMHFFIJJ_00632	mobileOG_000272834|zraR_6|EJW99185.1|integration/excision|conjugation,competence|immedb|Homology	99.8	440	1	0	1	440	1	440	0.0	864	100
BMHFFIJJ_00632	mobileOG_000273147|zraR_6|A0A078RFD9|integration/excision|conjugation,competence|immedb|Homology	99.8	440	1	0	1	440	1	440	0.0	864	100
BMHFFIJJ_00632	mobileOG_000273785|zraR_6|EJW99185.1|integration/excision|conjugation,competence|immedb|Homology	99.8	440	1	0	1	440	1	440	0.0	864	100
BMHFFIJJ_00632	mobileOG_000271577|zraR_6|EJW99185.1|integration/excision|conjugation,competence|immedb|Homology	99.8	440	1	0	1	440	1	440	0.0	864	100
BMHFFIJJ_00632	mobileOG_000236683|zraR_6|A0A4P8LWK0|integration/excision|conjugation,competence|Multiple|Homology	99.3	440	3	0	1	440	1	440	0.0	863	100
BMHFFIJJ_00632	mobileOG_000274193|zraR_6|A0A1H2ZY31|integration/excision|conjugation,competence|immedb|Homology	99.1	440	4	0	1	440	1	440	1.43e-318	862	100
BMHFFIJJ_00632	mobileOG_000270116|zraR_6|A0A4R4HMH9|integration/excision|conjugation,competence|immedb|Homology	99.3	440	3	0	1	440	1	440	2.86e-318	862	100
BMHFFIJJ_00632	mobileOG_000231555|zraR_6|A0A4R4HMH9|integration/excision|conjugation,competence|GPD|Homology	98.6	440	6	0	1	440	1	440	5.16e-317	858	100
BMHFFIJJ_00632	mobileOG_000272571|zraR_6|A0A0E2B723|integration/excision|conjugation,competence|immedb|Homology	97.5	440	11	0	1	440	1	440	1.59e-311	845	100
BMHFFIJJ_00632	mobileOG_000272300|zraR_6|I9PY81|integration/excision|conjugation,competence|immedb|Homology	95.9	440	18	0	1	440	1	440	6.21e-309	838	100
BMHFFIJJ_00632	mobileOG_000271644|zraR_6|A0A414DKW1|integration/excision|conjugation,competence|immedb|Homology	95.7	440	19	0	1	440	1	440	6.93e-306	830	100
BMHFFIJJ_00632	mobileOG_000271742|zraR_6|A0A414DKW1|integration/excision|conjugation,competence|immedb|Homology	95.5	440	20	0	1	440	1	440	2.82e-305	829	100
BMHFFIJJ_00632	mobileOG_000272839|zraR_6|K1GLI2|integration/excision|conjugation,competence|immedb|Homology	95.5	440	20	0	1	440	1	440	2.82e-305	829	100
BMHFFIJJ_00632	mobileOG_000270373|zraR_6|A0A174EY33|integration/excision|conjugation,competence|immedb|Homology	95.0	440	22	0	1	440	1	440	1.90e-303	824	100
BMHFFIJJ_00633	mobileOG_000235877|evgS_9|A0A174VLE2|integration/excision|regulation|Multiple|Homology	99.8	582	1	0	1	582	191	772	0.0	1104	100
BMHFFIJJ_00633	mobileOG_000272478|evgS_9|EJW99184.1|integration/excision|regulation|immedb|Homology	99.8	582	1	0	1	582	132	713	0.0	1104	100
BMHFFIJJ_00633	mobileOG_000270242|evgS_9|A0A401LTQ7|integration/excision|regulation|immedb|Homology	99.7	582	2	0	1	582	191	772	0.0	1103	100
BMHFFIJJ_00633	mobileOG_000272299|evgS_9|I8V864|integration/excision|regulation|immedb|Homology	99.5	581	3	0	1	581	191	771	0.0	1098	99.8
BMHFFIJJ_00633	mobileOG_000273786|evgS_9|EJW99184.1|integration/excision|regulation|immedb|Homology	99.8	577	1	0	6	582	1	577	0.0	1097	99.1
BMHFFIJJ_00633	mobileOG_000271948|evgS_9|I9V6M9|integration/excision|regulation|immedb|Homology	97.2	581	16	0	1	581	191	771	0.0	1075	99.8
BMHFFIJJ_00633	mobileOG_000271266|evgS_9|D1K2E5|integration/excision|regulation|immedb|Homology	96.9	580	18	0	1	580	191	770	0.0	1071	99.7
BMHFFIJJ_00633	mobileOG_000271826|evgS_9|I3YIX8|integration/excision|regulation|immedb|Homology	99.8	561	1	0	1	561	191	751	0.0	1066	96.4
BMHFFIJJ_00633	mobileOG_000274192|evgS_9|A0A1H2ZVU9|integration/excision|regulation|immedb|Homology	95.0	580	29	0	2	581	192	771	0.0	1048	99.7
BMHFFIJJ_00633	mobileOG_000236684|evgS_9|A0A4V1EU63|integration/excision|regulation|GPD|Homology	95.0	580	29	0	2	581	146	725	0.0	1047	99.7
BMHFFIJJ_00633	mobileOG_000274233|evgS_9|E5WY52|integration/excision|regulation|immedb|Homology	94.8	580	30	0	2	581	192	771	0.0	1047	99.7
BMHFFIJJ_00633	mobileOG_000270355|evgS_9|A0A4V1EU63|integration/excision|regulation|immedb|Homology	94.8	580	30	0	2	581	192	771	0.0	1046	99.7
BMHFFIJJ_00633	mobileOG_000272837|evgS_9|D4WHZ6|integration/excision|regulation|immedb|Homology	93.3	580	39	0	2	581	192	771	0.0	1031	99.7
BMHFFIJJ_00633	mobileOG_000272838|evgS_9|K1G3M4|integration/excision|regulation|immedb|Homology	92.9	580	41	0	2	581	192	771	0.0	1027	99.7
BMHFFIJJ_00633	mobileOG_000271702|evgS_9|A0A414E7D1|integration/excision|regulation|immedb|Homology	92.8	580	42	0	2	581	192	771	0.0	1026	99.7
BMHFFIJJ_00634	mobileOG_000271643|evgS_9|A0A414E7D1|integration/excision|regulation|immedb|Homology	98.8	168	2	0	1	168	1	168	1.94e-110	324	92.3
BMHFFIJJ_00634	mobileOG_000272506|evgS_9|A0A174VLE2|integration/excision|regulation|Multiple|Homology	100	167	0	0	1	167	1	167	4.72e-110	325	91.8
BMHFFIJJ_00634	mobileOG_000272838|evgS_9|K1G3M4|integration/excision|regulation|immedb|Homology	99.4	168	1	0	1	168	1	168	4.12e-107	325	92.3
BMHFFIJJ_00634	mobileOG_000271826|evgS_9|I3YIX8|integration/excision|regulation|immedb|Homology	100	167	0	0	1	167	1	167	4.63e-107	325	91.8
BMHFFIJJ_00634	mobileOG_000235877|evgS_9|A0A174VLE2|integration/excision|regulation|Multiple|Homology	100	167	0	0	1	167	1	167	5.80e-107	325	91.8
BMHFFIJJ_00634	mobileOG_000270242|evgS_9|A0A401LTQ7|integration/excision|regulation|immedb|Homology	100	167	0	0	1	167	1	167	5.80e-107	325	91.8
BMHFFIJJ_00634	mobileOG_000271266|evgS_9|D1K2E5|integration/excision|regulation|immedb|Homology	100	167	0	0	1	167	1	167	5.80e-107	325	91.8
BMHFFIJJ_00634	mobileOG_000272299|evgS_9|I8V864|integration/excision|regulation|immedb|Homology	100	167	0	0	1	167	1	167	5.80e-107	325	91.8
BMHFFIJJ_00634	mobileOG_000270374|evgS_9|A0A174EW90|integration/excision|regulation|immedb|Homology	98.8	168	2	0	1	168	1	168	1.62e-106	324	92.3
BMHFFIJJ_00634	mobileOG_000271702|evgS_9|A0A414E7D1|integration/excision|regulation|immedb|Homology	98.8	168	2	0	1	168	1	168	1.62e-106	324	92.3
BMHFFIJJ_00634	mobileOG_000272505|evgS_9|I9QVW8|integration/excision|regulation|immedb|Homology	98.8	168	2	0	1	168	1	168	1.62e-106	324	92.3
BMHFFIJJ_00634	mobileOG_000272837|evgS_9|D4WHZ6|integration/excision|regulation|immedb|Homology	98.8	168	2	0	1	168	1	168	3.21e-106	323	92.3
BMHFFIJJ_00634	mobileOG_000273063|evgS_9|F0R8X5|integration/excision|regulation|Multiple|Homology	98.2	168	3	0	1	168	1	168	1.26e-105	322	92.3
BMHFFIJJ_00634	mobileOG_000270355|evgS_9|A0A4V1EU63|integration/excision|regulation|immedb|Homology	98.2	168	3	0	1	168	1	168	1.26e-105	322	92.3
BMHFFIJJ_00634	mobileOG_000274192|evgS_9|A0A1H2ZVU9|integration/excision|regulation|immedb|Homology	98.2	168	3	0	1	168	1	168	1.26e-105	322	92.3
BMHFFIJJ_00642	mobileOG_000235876|topB_1|EJX04765.1|integration/excision|NA|Multiple|Homology	100	695	0	0	1	695	1	695	0.0	1391	100
BMHFFIJJ_00642	mobileOG_000271795|topB_1|EJX04765.1|integration/excision|NA|immedb|Homology	99.9	695	1	0	1	695	1	695	0.0	1389	100
BMHFFIJJ_00642	mobileOG_000272833|topB_1|EJX04765.1|integration/excision|NA|immedb|Homology	99.9	695	1	0	1	695	1	695	0.0	1389	100
BMHFFIJJ_00642	mobileOG_000270356|topB_1|A0A4P8LPQ2|integration/excision|NA|immedb|Homology	99.4	695	4	0	1	695	1	695	0.0	1382	100
BMHFFIJJ_00642	mobileOG_000273693|topB_1|B3C7C9|integration/excision|NA|immedb|Homology	99.4	690	4	0	1	690	1	690	0.0	1375	99.3
BMHFFIJJ_00642	mobileOG_000273151|topB_1|A0A078RFE4|integration/excision|NA|immedb|Homology	98.7	695	9	0	1	695	1	695	0.0	1371	100
BMHFFIJJ_00642	mobileOG_000272298|topB_1|I9EMK5|integration/excision|NA|immedb|Homology	97.4	696	17	1	1	695	1	696	0.0	1358	100
BMHFFIJJ_00642	mobileOG_000272903|topB_1|K5CC33|integration/excision|NA|immedb|Homology	100	673	0	0	1	673	1	673	0.0	1348	96.8
BMHFFIJJ_00642	mobileOG_000271869|topB_1|A0A396C318|integration/excision|NA|immedb|Homology	95.8	695	29	0	1	695	1	695	0.0	1330	100
BMHFFIJJ_00642	mobileOG_000274234|topB_1|E5WY48|integration/excision|NA|immedb|Homology	95.0	695	35	0	1	695	1	695	0.0	1326	100
BMHFFIJJ_00642	mobileOG_000273657|topB_1|K6A8L9|integration/excision|NA|immedb|Homology	95.4	696	31	1	1	695	1	696	0.0	1326	100
BMHFFIJJ_00642	mobileOG_000023067|topB_1|A0A2M9UZ50|replication/recombination/repair|NA|immedb|Manual	96.2	685	26	0	1	685	1	685	0.0	1322	98.6
BMHFFIJJ_00642	mobileOG_000271834|topB_1|A0A2T4TQW8|integration/excision|NA|immedb|Homology	95.5	696	30	1	1	695	1	696	0.0	1321	100
BMHFFIJJ_00642	mobileOG_000023235|topB_1|A0A2M9UZ50|replication/recombination/repair|NA|immedb|Manual	96.1	685	27	0	1	685	1	685	0.0	1321	98.6
BMHFFIJJ_00642	mobileOG_000271919|topB_1|A0A174EX67|integration/excision|NA|immedb|Homology	95.8	686	28	1	1	685	1	686	0.0	1317	98.6
BMHFFIJJ_00715	mobileOG_000273935|ISPlu6L|R9HHW9|integration/excision|NA|immedb|Homology	95.0	301	15	0	1	301	1	301	1.39e-212	583	100
BMHFFIJJ_00715	mobileOG_000274062|ISPlu6L|R9HHW9|integration/excision|NA|immedb|Homology	94.7	301	16	0	1	301	1	301	3.99e-212	582	100
BMHFFIJJ_00715	mobileOG_000273152|ISPlu6L|A0A078QWS9|integration/excision|NA|immedb|Homology	94.4	301	17	0	1	301	1	301	3.27e-211	579	100
BMHFFIJJ_00715	mobileOG_000270214|ISPlu6L|A6LGZ7|integration/excision|NA|immedb|Homology	94.0	301	18	0	1	301	1	301	2.69e-210	577	100
BMHFFIJJ_00715	mobileOG_000272758|ISPlu6L|I9U2R2|integration/excision|NA|immedb|Homology	93.7	301	19	0	1	301	1	301	7.71e-210	576	100
BMHFFIJJ_00715	mobileOG_000274131|ISPlu6L|A0A1Y4VI74|integration/excision|NA|immedb|Homology	91.0	301	27	0	1	301	1	301	2.37e-204	562	100
BMHFFIJJ_00738	mobileOG_000234367|tnpB|A0A415HIF5|integration/excision|NA|GPD|Homology	96.5	115	4	0	1	115	8	122	4.63e-78	228	100
BMHFFIJJ_00738	mobileOG_000260371|tnpB|A0A351E668|integration/excision|NA|GPD|Homology	90.4	104	8	1	12	115	1	102	1.46e-61	185	90.4
BMHFFIJJ_00739	mobileOG_000272892|Bmul_4731|K5CRR1|integration/excision|NA|immedb|Homology	95.7	257	11	0	1	257	1	257	5.72e-174	481	100
BMHFFIJJ_00739	mobileOG_000211036|Bmul_4731|A0A174HT79|integration/excision|NA|GPD|Homology	96.5	257	9	0	1	257	1	257	1.15e-173	481	100
BMHFFIJJ_00739	mobileOG_000272895|Bmul_4731|K5CNI9|integration/excision|NA|immedb|Homology	95.3	257	12	0	1	257	1	257	1.15e-173	481	100
BMHFFIJJ_00747	mobileOG_000273081|tnpB|A0A3E4Z9X3|integration/excision|NA|immedb|Homology	98.2	114	2	0	1	114	1	114	2.92e-79	230	100
BMHFFIJJ_00747	mobileOG_000086592|tnpB|A0A3E4Z9X3|integration/excision|NA|GPD|Homology	97.4	114	3	0	1	114	1	114	1.19e-78	229	100
BMHFFIJJ_00747	mobileOG_000270223|tnpB|A0A0J9FGY9|integration/excision|NA|immedb|Homology	97.3	113	3	0	1	113	1	113	6.90e-78	227	99.1
BMHFFIJJ_00747	mobileOG_000272215|tnpB|H1DEB3|integration/excision|NA|immedb|Homology	94.7	114	6	0	1	114	1	114	4.13e-77	225	100
BMHFFIJJ_00747	mobileOG_000272060|tnpB|C6ZBZ1|integration/excision|NA|immedb|Homology	93.9	114	7	0	1	114	1	114	1.15e-76	224	100
BMHFFIJJ_00747	mobileOG_000273368|tnpB|U6RDA9|integration/excision|NA|immedb|Homology	93.9	114	7	0	1	114	1	114	1.15e-76	224	100
BMHFFIJJ_00755	mobileOG_000272892|Bmul_4731|K5CRR1|integration/excision|NA|immedb|Homology	95.7	257	11	0	1	257	1	257	5.72e-174	481	100
BMHFFIJJ_00755	mobileOG_000211036|Bmul_4731|A0A174HT79|integration/excision|NA|GPD|Homology	96.5	257	9	0	1	257	1	257	1.15e-173	481	100
BMHFFIJJ_00755	mobileOG_000272895|Bmul_4731|K5CNI9|integration/excision|NA|immedb|Homology	95.3	257	12	0	1	257	1	257	1.15e-173	481	100
BMHFFIJJ_00758	mobileOG_000274177|ardA|A0A1H3GZX6|stability/transfer/defense|NA|immedb|Homology	94.9	177	9	0	1	177	1	177	2.11e-125	352	100
BMHFFIJJ_00758	mobileOG_000270100|ardA|A0A4R4I735|stability/transfer/defense|NA|immedb|Homology	92.7	177	13	0	1	177	1	177	1.67e-122	345	100
BMHFFIJJ_00766	mobileOG_000271443|HMPREF1204_00020|A0A4S2CRE2|transfer|conjugation|immedb|Homology	91.2	318	28	0	1	318	1	318	1.14e-215	592	100
BMHFFIJJ_00766	mobileOG_000265322|HMPREF1204_00020|F3PQQ1|transfer|conjugation|GPD|Homology	90.6	318	30	0	1	318	20	337	5.42e-214	588	100
BMHFFIJJ_00767	mobileOG_000273367|mobN1_2|U6RNB2|transfer|conjugation|immedb|Homology	91.4	467	40	0	1	467	1	467	2.52e-308	839	100
BMHFFIJJ_00767	mobileOG_000274139|mobN1_2|A0A412TK47|transfer|conjugation|immedb|Homology	90.6	467	44	0	1	467	1	467	1.14e-304	830	100
BMHFFIJJ_00770	mobileOG_000108773|mutS2|A0A395VR98|replication/recombination/repair|NA|GPD|Homology	96.6	833	28	0	1	833	1	833	0.0	1501	100
BMHFFIJJ_00770	mobileOG_000186598|mutS2|A0A5M5AIG3|replication/recombination/repair|NA|GPD|Homology	96.5	806	28	0	1	806	1	806	0.0	1444	96.8
BMHFFIJJ_00773	mobileOG_000272892|Bmul_4731|K5CRR1|integration/excision|NA|immedb|Homology	95.3	257	12	0	1	257	1	257	2.33e-173	480	100
BMHFFIJJ_00773	mobileOG_000211036|Bmul_4731|A0A174HT79|integration/excision|NA|GPD|Homology	96.1	257	10	0	1	257	1	257	4.70e-173	479	100
BMHFFIJJ_00773	mobileOG_000272895|Bmul_4731|K5CNI9|integration/excision|NA|immedb|Homology	94.9	257	13	0	1	257	1	257	4.70e-173	479	100
BMHFFIJJ_00776	mobileOG_000269880|mobC|Q56423|transfer|conjugation,relaxosome|IME|Homology	92.2	102	8	0	1	102	42	143	5.49e-62	187	100
BMHFFIJJ_00782	mobileOG_000186340|pinR_1|A0A412H3Q1|integration/excision|NA|Multiple|Homology	96.5	201	7	0	1	201	1	201	2.58e-136	382	99.5
BMHFFIJJ_00788	mobileOG_000270768|topB_1|K5Y4M0|integration/excision|NA|immedb|Homology	98.1	681	13	0	1	681	20	700	0.0	1317	100
BMHFFIJJ_00788	mobileOG_000273581|topB_1|A0A0M1W988|integration/excision|NA|immedb|Homology	97.1	681	20	0	1	681	20	700	0.0	1308	100
BMHFFIJJ_00788	mobileOG_000201183|topB_1|A0A4R4HU62|integration/excision|NA|GPD|Homology	96.3	681	25	0	1	681	20	700	0.0	1300	100
BMHFFIJJ_00788	mobileOG_000270128|topB_1|E6ST72|integration/excision|NA|immedb|Homology	96.5	681	24	0	1	681	20	700	0.0	1299	100
BMHFFIJJ_00788	mobileOG_000270192|topB_1|A0A0N7IFS3|integration/excision|NA|immedb|Homology	96.2	681	26	0	1	681	20	700	0.0	1298	100
BMHFFIJJ_00788	mobileOG_000273198|topB_1|A0A078TLV2|integration/excision|NA|immedb|Homology	96.5	681	24	0	1	681	20	700	0.0	1296	100
BMHFFIJJ_00788	mobileOG_000271612|topB_1|F7M0K7|integration/excision|NA|immedb|Homology	95.3	681	32	0	1	681	20	700	0.0	1280	100
BMHFFIJJ_00788	mobileOG_000023223|topB|F7LKF0|replication/recombination/repair|NA|immedb|Manual	95.3	681	32	0	1	681	20	700	0.0	1280	100
BMHFFIJJ_00788	mobileOG_000271188|topB_1|C7X9U5|integration/excision|NA|immedb|Homology	96.0	652	26	0	30	681	1	652	0.0	1231	95.7
BMHFFIJJ_00805	mobileOG_000273081|tnpB|A0A3E4Z9X3|integration/excision|NA|immedb|Homology	99.1	114	1	0	1	114	1	114	7.17e-80	232	100
BMHFFIJJ_00805	mobileOG_000086592|tnpB|A0A3E4Z9X3|integration/excision|NA|GPD|Homology	98.2	114	2	0	1	114	1	114	2.92e-79	230	100
BMHFFIJJ_00805	mobileOG_000270223|tnpB|A0A0J9FGY9|integration/excision|NA|immedb|Homology	98.2	113	2	0	1	113	1	113	1.69e-78	228	99.1
BMHFFIJJ_00805	mobileOG_000272215|tnpB|H1DEB3|integration/excision|NA|immedb|Homology	95.6	114	5	0	1	114	1	114	1.01e-77	226	100
BMHFFIJJ_00805	mobileOG_000272060|tnpB|C6ZBZ1|integration/excision|NA|immedb|Homology	94.7	114	6	0	1	114	1	114	2.81e-77	225	100
BMHFFIJJ_00805	mobileOG_000273368|tnpB|U6RDA9|integration/excision|NA|immedb|Homology	94.7	114	6	0	1	114	1	114	2.81e-77	225	100
BMHFFIJJ_00816	mobileOG_000272892|Bmul_4731|K5CRR1|integration/excision|NA|immedb|Homology	95.7	257	11	0	1	257	1	257	5.72e-174	481	100
BMHFFIJJ_00816	mobileOG_000211036|Bmul_4731|A0A174HT79|integration/excision|NA|GPD|Homology	96.5	257	9	0	1	257	1	257	1.15e-173	481	100
BMHFFIJJ_00816	mobileOG_000272895|Bmul_4731|K5CNI9|integration/excision|NA|immedb|Homology	95.3	257	12	0	1	257	1	257	1.15e-173	481	100
BMHFFIJJ_00861	mobileOG_000213939|ltrA|A0A5M5V8S7|integration/excision|introns|GPD|Homology	97.1	549	16	0	13	561	7	555	0.0	1100	97.9
BMHFFIJJ_00861	mobileOG_000270751|ltrA|A7LY43|integration/excision|introns|immedb|Homology	96.9	549	17	0	13	561	7	555	0.0	1099	97.9
BMHFFIJJ_00861	mobileOG_000274191|ltrA|WP_004323414.1|integration/excision|introns|Multiple|Homology	96.9	549	17	0	13	561	7	555	0.0	1097	97.9
BMHFFIJJ_00861	mobileOG_000271416|ltrA|D7K6P6|integration/excision|introns|immedb|Homology	96.9	549	17	0	13	561	7	555	0.0	1096	97.9
BMHFFIJJ_00861	mobileOG_000272692|ltrA|WP_004323414.1|integration/excision|introns|immedb|Homology	96.7	549	18	0	13	561	7	555	0.0	1095	97.9
BMHFFIJJ_00861	mobileOG_000023078|ltrA|A0A3R6NSD1|integration/excision|introns|immedb|Manual	96.9	543	17	0	13	555	7	549	0.0	1086	96.8
BMHFFIJJ_00861	mobileOG_000009748|ltrA|A0A3R6NSD1|integration/excision|introns|GPD|Manual	96.7	543	18	0	13	555	7	549	0.0	1083	96.8
BMHFFIJJ_00861	mobileOG_000023351|ltrA|A0A229I9B0|integration/excision|introns|immedb|Manual	90.6	561	53	0	1	561	1	561	0.0	1061	100
BMHFFIJJ_00861	mobileOG_000206468|ltrA|I4Z7N9|integration/excision|introns|GPD|Homology	91.6	549	46	0	13	561	7	555	0.0	1045	97.9
BMHFFIJJ_00861	mobileOG_000271947|ltrA|I9V6F2|integration/excision|introns|immedb|Homology	90.9	549	50	0	13	561	7	555	0.0	1036	97.9
BMHFFIJJ_00893	mobileOG_000234367|tnpB|A0A415HIF5|integration/excision|NA|GPD|Homology	95.1	122	6	0	1	122	1	122	6.68e-82	238	100
BMHFFIJJ_00919	mobileOG_000229749|nfo|A0A1Y4V604|replication/recombination/repair|NA|GPD|Homology	93.8	276	17	0	2	277	4	279	1.53e-193	533	99.6
BMHFFIJJ_00928	mobileOG_000273821|dcm|A0A4Q5FLS5|stability/transfer/defense|NA|immedb|Homology	94.2	399	23	0	1	399	1	399	3.75e-296	802	100
BMHFFIJJ_00932	mobileOG_000273712|vsr|A0A1Y4V8D6|replication/recombination/repair|NA|immedb|Homology	97.5	160	4	0	13	172	1	160	4.00e-118	333	93.0
BMHFFIJJ_00935	mobileOG_000023331|mobC|A0A1C7GX71|transfer|conjugation,relaxosome|immedb|Manual	100	122	0	0	1	122	1	122	1.70e-84	244	100
BMHFFIJJ_00935	mobileOG_000023329|mobC|A0A4Q5HJY4|transfer|conjugation,relaxosome|immedb|Manual	98.4	122	2	0	1	122	1	122	1.99e-83	241	100
BMHFFIJJ_00935	mobileOG_000271713|mobC|A0A0E2ASZ9|transfer|conjugation,relaxosome|immedb|Homology	96.7	122	4	0	1	122	9	130	6.13e-82	238	100
BMHFFIJJ_00935	mobileOG_000272469|mobC|I9FWL6|transfer|conjugation,relaxosome|immedb|Homology	96.7	122	4	0	1	122	1	122	1.35e-81	237	100
BMHFFIJJ_00935	mobileOG_000271913|mobC|A0A396EMJ5|transfer|conjugation,relaxosome|immedb|Homology	95.9	122	5	0	1	122	1	122	1.92e-81	236	100
BMHFFIJJ_00935	mobileOG_000272279|mobC|A0A1G8A9D4|transfer|conjugation,relaxosome|immedb|Homology	95.9	122	5	0	1	122	9	130	2.05e-80	234	100
BMHFFIJJ_00935	mobileOG_000272576|mobC|A0A0E2ASZ9|transfer|conjugation,relaxosome|immedb|Homology	95.9	122	5	0	1	122	9	130	2.05e-80	234	100
BMHFFIJJ_00935	mobileOG_000273819|mobC|U2E852|transfer|conjugation,relaxosome|immedb|Homology	95.1	122	6	0	1	122	3	124	6.86e-80	233	100
BMHFFIJJ_00935	mobileOG_000274086|mobC|A0A1H4FHD8|transfer|conjugation,relaxosome|immedb|Homology	95.1	122	6	0	1	122	23	144	1.33e-79	233	100
BMHFFIJJ_00935	mobileOG_000273614|mobC|K6APC8|transfer|conjugation,relaxosome|immedb|Homology	94.3	122	7	0	1	122	3	124	2.80e-79	231	100
BMHFFIJJ_00935	mobileOG_000271688|mobC|A0A1H4FHD8|transfer|conjugation,relaxosome|immedb|Homology	93.4	122	8	0	1	122	5	126	8.56e-79	230	100
BMHFFIJJ_00935	mobileOG_000272534|mobC|A0A396BLC1|transfer|conjugation,relaxosome|immedb|Homology	94.3	122	7	0	1	122	1	122	1.07e-78	229	100
BMHFFIJJ_00935	mobileOG_000270558|mobC|A0A174TPF5|transfer|conjugation,relaxosome|immedb|Homology	94.3	122	7	0	1	122	9	130	1.97e-78	229	100
BMHFFIJJ_00957	mobileOG_000007553|recA|A0A174I887|replication/recombination/repair|NA|GPD|Manual	98.6	345	5	0	1	345	1	345	3.80e-239	654	100
BMHFFIJJ_00957	mobileOG_000097092|recA|A0A3E4KY51|replication/recombination/repair|NA|GPD|Homology	91.8	343	28	0	1	343	1	343	3.13e-222	611	99.4
BMHFFIJJ_00975	mobileOG_000006594|clpB|A0A3E4KXN7|replication/recombination/repair|chaperone|GPD|Manual	93.5	862	56	0	1	862	1	862	0.0	1521	100
BMHFFIJJ_01019	mobileOG_000271258|xerD_7|A0A0E2AV34|integration/excision|replication/recombination/repair|immedb|Homology	99.5	368	2	0	1	368	1	368	1.71e-274	745	100
BMHFFIJJ_01019	mobileOG_000274175|xerD_7|A0A1H2RHT7|integration/excision|replication/recombination/repair|immedb|Homology	99.2	368	3	0	1	368	1	368	6.97e-274	743	100
BMHFFIJJ_01019	mobileOG_000272910|xerD_7|K5CAS0|integration/excision|replication/recombination/repair|immedb|Homology	98.9	368	4	0	1	368	1	368	6.68e-272	738	100
BMHFFIJJ_01019	mobileOG_000227653|xerD_7|A0A3R6AB91|integration/excision|replication/recombination/repair|GPD|Homology	98.6	368	5	0	1	368	1	368	7.80e-271	736	100
BMHFFIJJ_01019	mobileOG_000270648|xerD_7|A0A174RHE2|integration/excision|replication/recombination/repair|immedb|Homology	98.4	368	6	0	1	368	1	368	7.80e-271	736	100
BMHFFIJJ_01019	mobileOG_000274135|xerD_7|K0X019|integration/excision|replication/recombination/repair|immedb|Homology	98.1	368	7	0	1	368	1	368	2.61e-269	732	100
BMHFFIJJ_01019	mobileOG_000271891|xerD_7|A0A1Q6FE10|integration/excision|replication/recombination/repair|immedb|Homology	97.8	368	8	0	1	368	1	368	1.24e-267	728	100
BMHFFIJJ_01019	mobileOG_000227055|xerD_7|A0A3A5PES2|integration/excision|replication/recombination/repair|GPD|Homology	97.0	368	11	0	1	368	1	368	7.17e-267	726	100
BMHFFIJJ_01019	mobileOG_000270553|xerD_7|A0A3D1NNL2|integration/excision|replication/recombination/repair|immedb|Homology	96.5	368	13	0	1	368	1	368	2.92e-266	724	100
BMHFFIJJ_01019	mobileOG_000272533|xerD_7|A0A412CMX9|integration/excision|replication/recombination/repair|immedb|Homology	96.7	368	12	0	1	368	1	368	2.92e-266	724	100
BMHFFIJJ_01019	mobileOG_000271374|xerD_7|WP_005859027.1|integration/excision|replication/recombination/repair|Multiple|Homology	96.5	368	13	0	1	368	1	368	1.69e-265	722	100
BMHFFIJJ_01019	mobileOG_000092979|xerD_7|A0A3D8HCR3|integration/excision|replication/recombination/repair|GPD|Homology	96.2	368	14	0	1	368	1	368	6.87e-265	721	100
BMHFFIJJ_01019	mobileOG_000158000|xerD_7|A0A174DAM6|integration/excision|replication/recombination/repair|GPD|Homology	96.2	368	14	0	1	368	1	368	6.87e-265	721	100
BMHFFIJJ_01019	mobileOG_000273675|xerD_7|A0A415KCN1|integration/excision|replication/recombination/repair|immedb|Homology	96.2	368	14	0	1	368	1	368	2.80e-264	719	100
BMHFFIJJ_01019	mobileOG_000271642|xerD_7|A0A415G1N0|integration/excision|replication/recombination/repair|immedb|Homology	95.7	368	16	0	1	368	1	368	1.14e-263	717	100
BMHFFIJJ_01027	mobileOG_000227651|mobC|A0A3R5W7T6|transfer|conjugation,relaxosome|GPD|Homology	98.0	102	2	0	1	102	1	102	1.12e-66	197	100
BMHFFIJJ_01027	mobileOG_000272908|mobC|K5BSI0|transfer|conjugation,relaxosome|immedb|Homology	98.0	102	2	0	1	102	1	102	1.12e-66	197	100
BMHFFIJJ_01027	mobileOG_000023133|mobC|A0A174REQ0|transfer|conjugation,relaxosome|immedb|Manual	97.1	102	3	0	1	102	1	102	6.51e-66	196	100
BMHFFIJJ_01027	mobileOG_000270088|mobC|A6L6H1|transfer|conjugation,relaxosome|immedb|Homology	92.2	102	8	0	1	102	1	102	5.15e-63	188	100
BMHFFIJJ_01027	mobileOG_000270554|mobC|D6D2H8|transfer|conjugation,relaxosome|immedb|Homology	92.2	102	8	0	1	102	12	113	8.53e-62	186	100
BMHFFIJJ_01027	mobileOG_000273676|mobC|D6D2H8|transfer|conjugation,relaxosome|immedb|Homology	90.2	102	10	0	1	102	12	113	1.21e-61	185	100
BMHFFIJJ_01027	mobileOG_000271252|mobC|D6D2H8|transfer|conjugation,relaxosome|immedb|Homology	90.2	102	10	0	1	102	12	113	9.97e-61	183	100
BMHFFIJJ_01028	mobileOG_000270650|traI|A0A174RN78|transfer|conjugation|immedb|Homology	96.2	313	12	0	1	313	1	313	1.03e-220	604	100
BMHFFIJJ_01028	mobileOG_000272907|traI|K5CJT8|transfer|conjugation|immedb|Homology	94.2	313	18	0	1	313	1	313	1.82e-214	588	100
BMHFFIJJ_01028	mobileOG_000271373|traI|WP_005859041.1|transfer|conjugation|Multiple|Homology	90.1	313	31	0	1	313	1	313	5.12e-205	565	100
BMHFFIJJ_01028	mobileOG_000092977|traI|A0A3D8HDQ9|transfer|conjugation|GPD|Homology	90.1	313	31	0	1	313	1	313	5.12e-205	565	100
BMHFFIJJ_01061	mobileOG_000237009|Int-Tn|A0A1Y4UZ60|integration/excision|NA|GPD|Homology	95.8	308	13	0	1	308	1	308	3.70e-216	592	100
BMHFFIJJ_01084	mobileOG_000270261|topB_1|A0A2D3M935|integration/excision|NA|immedb|Homology	92.8	696	50	0	1	696	1	696	0.0	1304	100
BMHFFIJJ_01084	mobileOG_000271269|topB_1|A0A3E4MV11|integration/excision|NA|immedb|Homology	93.0	696	49	0	1	696	1	696	0.0	1301	100
BMHFFIJJ_01084	mobileOG_000271153|topB_1|C7X4A7|integration/excision|NA|immedb|Homology	93.0	696	49	0	1	696	1	696	0.0	1301	100
BMHFFIJJ_01084	mobileOG_000269835|topB_1|D6D1U5|integration/excision|NA|Multiple|Homology	92.0	696	56	0	1	696	1	696	0.0	1291	100
BMHFFIJJ_01084	mobileOG_000271418|topB_1|A0A4R4I491|integration/excision|NA|immedb|Homology	91.7	703	51	1	1	696	1	703	0.0	1289	100
BMHFFIJJ_01084	mobileOG_000272588|topB_1|A0A0E2AQB1|integration/excision|NA|immedb|Homology	92.2	696	54	0	1	696	1	696	0.0	1288	100
BMHFFIJJ_01084	mobileOG_000272105|topB_1|A0A395VTV6|integration/excision|NA|immedb|Homology	91.6	703	52	1	1	696	1	703	0.0	1286	100
BMHFFIJJ_01084	mobileOG_000270117|topB_1|S0F7G4|integration/excision|NA|immedb|Homology	92.1	696	55	0	1	696	1	696	0.0	1285	100
BMHFFIJJ_01084	mobileOG_000272923|topB_1|K5YKY0|integration/excision|NA|immedb|Homology	91.0	703	56	1	1	696	1	703	0.0	1284	100
BMHFFIJJ_01084	mobileOG_000271730|topB_1|A0A5N4EQB3|integration/excision|NA|immedb|Homology	90.9	703	57	1	1	696	1	703	0.0	1280	100
BMHFFIJJ_01084	mobileOG_000273028|topB_1|A0A120A3G3|integration/excision|NA|immedb|Homology	91.1	696	62	0	1	696	1	696	0.0	1275	100
BMHFFIJJ_01084	mobileOG_000272830|topB_1|A0A496DUS8|integration/excision|NA|immedb|Homology	91.7	686	57	0	1	686	1	686	0.0	1263	98.6
BMHFFIJJ_01084	mobileOG_000272298|topB_1|I9EMK5|integration/excision|NA|immedb|Homology	90.7	686	64	0	1	686	1	686	0.0	1261	98.6
BMHFFIJJ_01084	mobileOG_000271834|topB_1|A0A2T4TQW8|integration/excision|NA|immedb|Homology	90.1	686	68	0	1	686	1	686	0.0	1249	98.6
BMHFFIJJ_01093	mobileOG_000213939|ltrA|A0A5M5V8S7|integration/excision|introns|GPD|Homology	97.1	549	16	0	13	561	7	555	0.0	1100	97.9
BMHFFIJJ_01093	mobileOG_000270751|ltrA|A7LY43|integration/excision|introns|immedb|Homology	96.9	549	17	0	13	561	7	555	0.0	1099	97.9
BMHFFIJJ_01093	mobileOG_000274191|ltrA|WP_004323414.1|integration/excision|introns|Multiple|Homology	96.9	549	17	0	13	561	7	555	0.0	1097	97.9
BMHFFIJJ_01093	mobileOG_000271416|ltrA|D7K6P6|integration/excision|introns|immedb|Homology	96.9	549	17	0	13	561	7	555	0.0	1096	97.9
BMHFFIJJ_01093	mobileOG_000272692|ltrA|WP_004323414.1|integration/excision|introns|immedb|Homology	96.7	549	18	0	13	561	7	555	0.0	1095	97.9
BMHFFIJJ_01093	mobileOG_000023078|ltrA|A0A3R6NSD1|integration/excision|introns|immedb|Manual	96.9	543	17	0	13	555	7	549	0.0	1086	96.8
BMHFFIJJ_01093	mobileOG_000009748|ltrA|A0A3R6NSD1|integration/excision|introns|GPD|Manual	96.7	543	18	0	13	555	7	549	0.0	1083	96.8
BMHFFIJJ_01093	mobileOG_000023351|ltrA|A0A229I9B0|integration/excision|introns|immedb|Manual	90.6	561	53	0	1	561	1	561	0.0	1061	100
BMHFFIJJ_01093	mobileOG_000206468|ltrA|I4Z7N9|integration/excision|introns|GPD|Homology	91.6	549	46	0	13	561	7	555	0.0	1045	97.9
BMHFFIJJ_01093	mobileOG_000271947|ltrA|I9V6F2|integration/excision|introns|immedb|Homology	90.9	549	50	0	13	561	7	555	0.0	1036	97.9
BMHFFIJJ_01126	mobileOG_000269833|zraR_6|D6D1T8|integration/excision|conjugation,competence|Multiple|Homology	97.0	439	13	0	1	439	1	439	3.75e-310	841	99.8
BMHFFIJJ_01126	mobileOG_000271271|zraR_6|A0A413ISK4|integration/excision|conjugation,competence|immedb|Homology	95.9	439	18	0	1	439	1	439	2.82e-305	829	99.8
BMHFFIJJ_01126	mobileOG_000270259|zraR_6|A0A2D3M957|integration/excision|conjugation,competence|immedb|Homology	95.0	439	22	0	1	439	1	439	1.28e-301	820	99.8
BMHFFIJJ_01126	mobileOG_000271155|zraR_6|C7X4C9|integration/excision|conjugation,competence|immedb|Homology	92.7	439	32	0	1	439	1	439	3.36e-297	808	99.8
BMHFFIJJ_01126	mobileOG_000022880|rteB|A0A371A3C8|integration/excision|regulation|ICE|Manual	92.0	439	35	0	1	439	1	439	1.59e-295	804	99.8
BMHFFIJJ_01126	mobileOG_000231578|zraR_6|A0A4Q0IZ96|integration/excision|conjugation,competence|GPD|Homology	91.4	440	38	0	1	440	1	440	2.17e-293	799	100
BMHFFIJJ_01126	mobileOG_000271265|zraR_6|D1K2E4|integration/excision|conjugation,competence|immedb|Homology	90.2	440	43	0	1	440	1	440	7.71e-287	782	100
BMHFFIJJ_01132	mobileOG_000273025|mobB|A0A108TB45|transfer|conjugation|immedb|Homology	91.1	416	37	0	1	416	1	416	9.78e-271	739	100
BMHFFIJJ_01138	mobileOG_000271261|traE_1|A0A1H7FL92|transfer|conjugation|immedb|Homology	94.2	103	6	0	1	103	1	103	2.26e-62	187	100
BMHFFIJJ_01138	mobileOG_000273021|traE_1|A0A415Q691|transfer|conjugation|immedb|Homology	94.2	103	6	0	1	103	1	103	3.21e-62	186	100
BMHFFIJJ_01138	mobileOG_000273647|traE_1|EJX07761.1|transfer|conjugation|immedb|Homology	93.2	103	7	0	1	103	1	103	6.48e-62	186	100
BMHFFIJJ_01138	mobileOG_000271725|traE_1|A0A396MAT0|transfer|conjugation|immedb|Homology	93.2	103	7	0	1	103	1	103	9.21e-62	185	100
BMHFFIJJ_01138	mobileOG_000273757|traE_1|A0A016GDU3|transfer|conjugation|immedb|Homology	93.2	103	7	0	1	103	1	103	1.86e-61	184	100
BMHFFIJJ_01138	mobileOG_000269086|traE_1|A0A415EWX9|transfer|conjugation|Multiple|Homology	92.2	103	8	0	1	103	1	103	5.33e-61	183	100
BMHFFIJJ_01138	mobileOG_000272017|traE_1|A0A3R6G2Y9|transfer|conjugation|immedb|Homology	92.2	103	8	0	1	103	1	103	7.57e-61	183	100
BMHFFIJJ_01138	mobileOG_000270255|traE_1|A0A3D9AA22|transfer|conjugation|immedb|Homology	93.2	103	7	0	1	103	1	103	2.17e-60	182	100
BMHFFIJJ_01138	mobileOG_000272927|traE_1|K6AFE5|transfer|conjugation|immedb|Homology	91.3	103	9	0	1	103	1	103	2.17e-60	182	100
BMHFFIJJ_01138	mobileOG_000273215|traE_1|A0A4P8LIQ3|transfer|conjugation|immedb|Homology	92.2	103	8	0	1	103	1	103	3.09e-60	181	100
BMHFFIJJ_01138	mobileOG_000269830|traE_1|D6D1S5|transfer|conjugation|Multiple|Homology	92.2	103	8	0	1	103	1	103	8.85e-60	180	100
BMHFFIJJ_01139	mobileOG_000272100|traF|A0A373FX66|transfer|conjugation|immedb|Homology	98.2	110	2	0	1	110	1	110	5.56e-73	214	100
BMHFFIJJ_01139	mobileOG_000269083|traF|A0A4R4HMJ0|transfer|conjugation|Multiple|Homology	97.3	110	3	0	1	110	1	110	7.90e-73	214	100
BMHFFIJJ_01139	mobileOG_000273058|traF|A0A412S1B9|transfer|conjugation|immedb|Homology	97.3	110	3	0	1	110	1	110	1.59e-72	213	100
BMHFFIJJ_01139	mobileOG_000272826|traF|A0A413ZFN2|transfer|conjugation|immedb|Homology	97.3	110	3	0	1	110	1	110	3.22e-72	212	100
BMHFFIJJ_01139	mobileOG_000273758|traF|A0A174SM57|transfer|conjugation|immedb|Homology	96.4	110	4	0	1	110	1	110	6.50e-72	211	100
BMHFFIJJ_01139	mobileOG_000274117|traF|A0A415EWU9|transfer|conjugation|immedb|Homology	96.4	110	4	0	1	110	1	110	6.50e-72	211	100
BMHFFIJJ_01139	mobileOG_000271845|traF|A0A134BBN8|transfer|conjugation|immedb|Homology	94.5	110	6	0	1	110	1	110	9.24e-72	211	100
BMHFFIJJ_01139	mobileOG_000273020|traF|A0A120A3E6|transfer|conjugation|immedb|Homology	95.5	110	5	0	1	110	1	110	1.31e-71	211	100
BMHFFIJJ_01139	mobileOG_000270368|traF|A0A174ET26|transfer|conjugation|immedb|Homology	95.5	110	5	0	1	110	1	110	1.86e-71	210	100
BMHFFIJJ_01139	mobileOG_000188794|traF|EJX07760.1|transfer|conjugation|Multiple|Homology	95.5	110	5	0	1	110	1	110	3.76e-71	209	100
BMHFFIJJ_01139	mobileOG_000271335|traF|D7I7L8|transfer|conjugation|immedb|Homology	95.5	110	5	0	1	110	1	110	3.76e-71	209	100
BMHFFIJJ_01139	mobileOG_000270254|traF|A0A2D3M9B1|transfer|conjugation|immedb|Homology	94.5	110	6	0	1	110	1	110	5.35e-71	209	100
BMHFFIJJ_01139	mobileOG_000271160|traF|C7X4E5|transfer|conjugation|immedb|Homology	94.5	110	6	0	1	110	1	110	5.35e-71	209	100
BMHFFIJJ_01139	mobileOG_000272018|traF|A0A120A3E6|transfer|conjugation|immedb|Homology	95.5	110	5	0	1	110	1	110	5.35e-71	209	100
BMHFFIJJ_01139	mobileOG_000272304|traF|I9PXM2|transfer|conjugation|immedb|Homology	94.5	110	6	0	1	110	1	110	5.35e-71	209	100
BMHFFIJJ_01140	mobileOG_000023270|traG|A0A395VUS2|transfer|conjugation|immedb|Manual	97.9	676	14	0	1	676	1	676	0.0	1332	99.9
BMHFFIJJ_01140	mobileOG_000023202|traG|D1K2D1|transfer|conjugation|immedb|Manual	97.6	676	16	0	1	676	1	676	0.0	1330	99.9
BMHFFIJJ_01140	mobileOG_000273759|traG|U7UPK0|transfer|conjugation|immedb|Homology	97.6	676	16	0	1	676	1	676	0.0	1327	99.9
BMHFFIJJ_01140	mobileOG_000023292|traG|A0A3E4PKA9|transfer|conjugation|immedb|Manual	97.5	676	17	0	1	676	1	676	0.0	1327	99.9
BMHFFIJJ_01140	mobileOG_000022884|traG|Q56VG0|transfer|conjugation|ICE|Manual	97.6	676	16	0	1	676	61	736	0.0	1326	99.9
BMHFFIJJ_01140	mobileOG_000023249|traG|A0A415CP09|transfer|conjugation|immedb|Manual	97.2	676	19	0	1	676	1	676	0.0	1326	99.9
BMHFFIJJ_01140	mobileOG_000272019|traG|C3R7W3|transfer|conjugation|immedb|Homology	97.0	676	20	0	1	676	1	676	0.0	1325	99.9
BMHFFIJJ_01140	mobileOG_000023295|traG|A0A5M5E5Z8|transfer|conjugation|immedb|Manual	97.5	676	17	0	1	676	1	676	0.0	1325	99.9
BMHFFIJJ_01140	mobileOG_000271865|traG|A0A016G5R4|transfer|conjugation|immedb|Homology	97.5	676	17	0	1	676	1	676	0.0	1324	99.9
BMHFFIJJ_01140	mobileOG_000273019|traG|A0A120A3J8|transfer|conjugation|immedb|Homology	97.2	676	19	0	1	676	1	676	0.0	1324	99.9
BMHFFIJJ_01140	mobileOG_000023257|traG|A0A415CP09|transfer|conjugation|immedb|Manual	96.9	676	21	0	1	676	1	676	0.0	1321	99.9
BMHFFIJJ_01140	mobileOG_000023220|traG|A0A373IJD7|transfer|conjugation|immedb|Manual	97.2	677	19	0	1	677	1	677	0.0	1321	100
BMHFFIJJ_01140	mobileOG_000023149|traG|A0A413ITG6|transfer|conjugation|immedb|Manual	97.2	676	19	0	1	676	1	676	0.0	1320	99.9
BMHFFIJJ_01140	mobileOG_000023094|traG|A0A373IJD7|transfer|conjugation|immedb|Manual	97.2	676	19	0	1	676	1	676	0.0	1319	99.9
BMHFFIJJ_01140	mobileOG_000023105|traC_1|A0A174FIF2|transfer|conjugation|immedb|Manual	97.0	676	20	0	1	676	1	676	0.0	1318	99.9
BMHFFIJJ_01141	mobileOG_000274245|ltrA|I8VIU0|integration/excision|introns|immedb|Homology	99.1	551	5	0	1	551	1	551	0.0	1125	100
BMHFFIJJ_01141	mobileOG_000139705|ltrA|A0A415Q6G9|integration/excision|introns|GPD|Homology	98.7	551	7	0	1	551	1	551	0.0	1124	100
BMHFFIJJ_01141	mobileOG_000270023|ltrA|A6L5N4|integration/excision|introns|immedb|Homology	97.6	551	13	0	1	551	1	551	0.0	1110	100
BMHFFIJJ_01141	mobileOG_000273777|ltrA|A0A0P0F2D4|integration/excision|introns|immedb|Homology	97.6	552	12	1	1	551	1	552	0.0	1105	100
BMHFFIJJ_01141	mobileOG_000270267|ltrA|Q8A5E2|integration/excision|introns|immedb|Homology	97.5	552	13	1	1	551	1	552	0.0	1103	100
BMHFFIJJ_01141	mobileOG_000270200|ltrA|A0A0P0F9T9|integration/excision|introns|immedb|Homology	97.5	552	13	1	1	551	1	552	0.0	1103	100
BMHFFIJJ_01142	mobileOG_000271424|traG|A0A4V2WY59|transfer|conjugation|immedb|Homology	98.0	196	4	0	1	196	1	196	7.13e-131	367	100
BMHFFIJJ_01142	mobileOG_000023277|traG|A0A414WPM5|transfer|conjugation|immedb|Manual	95.9	196	8	0	1	196	1	196	7.99e-128	360	100
BMHFFIJJ_01143	mobileOG_000272099|traH|A0A395VQ53|transfer|conjugation,relaxosome|immedb|Homology	92.9	127	9	0	1	127	1	127	1.74e-84	244	100
BMHFFIJJ_01143	mobileOG_000271260|traH|D1K2D0|transfer|conjugation,relaxosome|immedb|Homology	95.1	123	6	0	1	123	1	123	1.67e-82	239	96.9
BMHFFIJJ_01143	mobileOG_000272825|traH|A0A413ZFE3|transfer|conjugation,relaxosome|immedb|Homology	93.6	125	8	0	1	125	1	125	4.80e-82	238	98.4
BMHFFIJJ_01143	mobileOG_000273760|traH|A0A016JQT7|transfer|conjugation,relaxosome|immedb|Homology	93.5	123	8	0	1	123	1	123	2.78e-81	236	96.9
BMHFFIJJ_01143	mobileOG_000270576|traH|A0A414YJL6|transfer|conjugation,relaxosome|immedb|Homology	93.5	123	8	0	1	123	1	123	7.96e-81	235	96.9
BMHFFIJJ_01143	mobileOG_000022875|traH|Q56VG1|transfer|conjugation,relaxosome|ICE|Manual	91.2	125	11	0	1	125	3	127	8.51e-81	235	98.4
BMHFFIJJ_01143	mobileOG_000271724|traH|A0A3R6GU11|transfer|conjugation,relaxosome|immedb|Homology	92.7	123	9	0	1	123	1	123	1.13e-80	235	96.9
BMHFFIJJ_01143	mobileOG_000274119|traH|A0A4R4HY57|transfer|conjugation,relaxosome|immedb|Homology	92.7	123	9	0	1	123	1	123	1.13e-80	235	96.9
BMHFFIJJ_01143	mobileOG_000273018|traH|C3R7W1|transfer|conjugation,relaxosome|immedb|Homology	91.9	123	10	0	1	123	1	123	1.88e-79	232	96.9
BMHFFIJJ_01144	mobileOG_000272098|traI|A0A395VQ33|transfer|conjugation|immedb|Homology	96.2	209	8	0	1	209	1	209	1.10e-113	325	100
BMHFFIJJ_01144	mobileOG_000269055|traI|A0A415EWY0|transfer|conjugation|Multiple|Homology	95.7	209	9	0	1	209	1	209	4.48e-113	323	100
BMHFFIJJ_01144	mobileOG_000272928|traI|A0A4P8LV33|transfer|conjugation|immedb|Homology	95.2	209	10	0	1	209	1	209	1.82e-112	322	100
BMHFFIJJ_01144	mobileOG_000273017|traI|A0A108TB33|transfer|conjugation|immedb|Homology	94.7	209	11	0	1	209	1	209	5.21e-112	321	100
BMHFFIJJ_01144	mobileOG_000270114|traI|D1K2C9|transfer|conjugation|immedb|Homology	94.7	209	11	0	1	209	1	209	7.40e-112	320	100
BMHFFIJJ_01144	mobileOG_000270170|traI|K6A0D9|transfer|conjugation|immedb|Homology	93.8	209	13	0	1	209	1	209	7.40e-112	320	100
BMHFFIJJ_01144	mobileOG_000271279|traI|A0A413EUK5|transfer|conjugation|immedb|Homology	94.7	209	11	0	1	209	1	209	2.12e-111	319	100
BMHFFIJJ_01144	mobileOG_000272824|traI|A0A415Q663|transfer|conjugation|immedb|Homology	93.8	209	13	0	1	209	1	209	8.62e-111	318	100
BMHFFIJJ_01145	mobileOG_000273649|traJ|EJX07756.1|transfer|conjugation,competence|immedb|Homology	95.2	334	16	0	1	334	1	334	1.01e-217	598	100
BMHFFIJJ_01145	mobileOG_000273219|traJ|A0A4P8LD75|transfer|conjugation,competence|immedb|Homology	95.2	334	16	0	1	334	1	334	4.10e-217	597	100
BMHFFIJJ_01145	mobileOG_000269827|traJ|A0A414N3U1|transfer|conjugation,competence|Multiple|Homology	94.9	334	17	0	1	334	1	334	5.82e-217	597	100
BMHFFIJJ_01145	mobileOG_000270249|traJ|A0A414N3U1|transfer|conjugation,competence|immedb|Homology	94.3	334	19	0	1	334	1	334	2.76e-215	592	100
BMHFFIJJ_01145	mobileOG_000271163|traJ|C7X4E9|transfer|conjugation,competence|immedb|Homology	93.7	334	21	0	1	334	1	334	3.22e-214	590	100
BMHFFIJJ_01145	mobileOG_000273016|traJ|A0A120A3F2|transfer|conjugation,competence|immedb|Homology	93.1	334	23	0	1	334	1	334	3.22e-214	590	100
BMHFFIJJ_01145	mobileOG_000271259|traJ|D1K2C8|transfer|conjugation,competence|immedb|Homology	93.1	334	23	0	1	334	1	334	9.21e-214	588	100
BMHFFIJJ_01145	mobileOG_000273761|traJ|A0A016I7R7|transfer|conjugation,competence|immedb|Homology	92.8	334	24	0	1	334	1	334	1.86e-213	588	100
BMHFFIJJ_01145	mobileOG_000272823|traJ|A0A415Q632|transfer|conjugation,competence|immedb|Homology	92.5	334	25	0	1	334	1	334	5.32e-213	587	100
BMHFFIJJ_01145	mobileOG_000269046|traJ|Q56VG3|transfer|conjugation,competence|ICE|Homology	92.2	334	26	0	1	334	1	334	1.07e-212	586	100
BMHFFIJJ_01145	mobileOG_000272929|traJ|A0A4V1EU18|transfer|conjugation,competence|immedb|Homology	92.5	334	25	0	1	334	1	334	1.52e-212	585	100
BMHFFIJJ_01145	mobileOG_000271723|traJ|A0A4V1EU18|transfer|conjugation,competence|immedb|Homology	92.5	334	25	0	1	334	1	334	4.37e-212	584	100
BMHFFIJJ_01145	mobileOG_000274120|traJ|A0A4V2X1D5|transfer|conjugation,competence|immedb|Homology	91.9	334	27	0	1	334	1	334	8.81e-212	583	100
BMHFFIJJ_01145	mobileOG_000270008|traJ|A0A3E4MWU5|transfer|conjugation,competence|immedb|Homology	91.6	334	28	0	1	334	1	334	2.52e-211	582	100
BMHFFIJJ_01145	mobileOG_000272097|traJ|A0A395VSE2|transfer|conjugation,competence|immedb|Homology	91.6	334	28	0	1	334	1	334	2.52e-211	582	100
BMHFFIJJ_01146	mobileOG_000015052|traK|A0A3A5QU11|transfer|conjugation|Multiple|Manual	100	207	0	0	1	207	1	207	6.59e-146	406	100
BMHFFIJJ_01146	mobileOG_000023204|traK|A0A413EUG9|transfer|conjugation|immedb|Manual	99.5	207	1	0	1	207	1	207	9.36e-146	406	100
BMHFFIJJ_01146	mobileOG_000270437|traK|A0A4R4HY97|transfer|conjugation|immedb|Homology	99.5	207	1	0	1	207	1	207	1.89e-145	405	100
BMHFFIJJ_01146	mobileOG_000023079|traK|A0A2D3M9B3|transfer|conjugation|immedb|Manual	99.5	207	1	0	1	207	1	207	2.68e-145	405	100
BMHFFIJJ_01146	mobileOG_000023190|traK|C7X4F0|transfer|conjugation|immedb|Manual	99.5	207	1	0	1	207	1	207	2.68e-145	405	100
BMHFFIJJ_01146	mobileOG_000273015|traK|C3R7V8|transfer|conjugation|immedb|Homology	99.5	207	1	0	1	207	1	207	2.68e-145	405	100
BMHFFIJJ_01146	mobileOG_000273650|traK|EJX07755.1|transfer|conjugation|immedb|Homology	99.5	207	1	0	1	207	1	207	3.81e-145	404	100
BMHFFIJJ_01146	mobileOG_000023093|traK|A0A414PLP1|transfer|conjugation|immedb|Manual	99.0	207	2	0	1	207	1	207	1.09e-144	403	100
BMHFFIJJ_01146	mobileOG_000023056|traK|A0A4V1EU65|transfer|conjugation|immedb|Manual	97.1	207	6	0	1	207	1	207	1.05e-142	398	100
BMHFFIJJ_01146	mobileOG_000023068|traK|A0A412S146|transfer|conjugation|immedb|Manual	97.1	207	6	0	1	207	1	207	1.05e-142	398	100
BMHFFIJJ_01146	mobileOG_000274204|traK|A0A3E4WKA8|transfer|conjugation|immedb|Homology	96.6	207	7	0	1	207	1	207	3.01e-142	397	100
BMHFFIJJ_01146	mobileOG_000023237|traK|A0A2M9V286|transfer|conjugation|immedb|Manual	96.6	207	7	0	1	207	1	207	4.27e-142	397	100
BMHFFIJJ_01146	mobileOG_000272997|traK|K6AMQ8|transfer|conjugation|immedb|Homology	96.1	207	8	0	1	207	1	207	4.27e-142	397	100
BMHFFIJJ_01146	mobileOG_000023256|traK|A0A2T4TN06|transfer|conjugation|immedb|Manual	96.1	207	8	0	1	207	1	207	6.07e-142	396	100
BMHFFIJJ_01146	mobileOG_000268282|traK|EJX04798.1|transfer|conjugation|Multiple|Homology	96.1	207	8	0	1	207	1	207	6.07e-142	396	100
BMHFFIJJ_01149	mobileOG_000271165|traN|C7X4F3|transfer|conjugation|immedb|Homology	94.0	334	14	1	1	334	1	328	6.04e-229	627	100
BMHFFIJJ_01149	mobileOG_000269825|traN|D6D1R8|transfer|conjugation|Multiple|Homology	93.1	334	17	1	1	334	1	328	2.46e-228	625	100
BMHFFIJJ_01149	mobileOG_000271721|traN|A0A396MDH3|transfer|conjugation|immedb|Homology	94.0	334	14	1	1	334	1	328	2.46e-228	625	100
BMHFFIJJ_01149	mobileOG_000270247|traN|A0A2D3M9C3|transfer|conjugation|immedb|Homology	94.0	334	14	1	1	334	1	328	4.96e-228	624	100
BMHFFIJJ_01149	mobileOG_000272095|traN|G5SL17|transfer|conjugation|immedb|Homology	94.0	334	14	1	1	334	1	328	2.02e-227	623	100
BMHFFIJJ_01149	mobileOG_000273652|traN|EJX07752.1|transfer|conjugation|immedb|Homology	93.1	334	17	1	1	334	1	328	2.87e-227	622	100
BMHFFIJJ_01149	mobileOG_000270763|traN|A0A415EWW7|transfer|conjugation|immedb|Homology	93.7	334	15	1	1	334	1	328	4.08e-227	622	100
BMHFFIJJ_01149	mobileOG_000271851|traN|A0A2T4TN02|transfer|conjugation|immedb|Homology	93.7	334	15	1	1	334	1	328	4.08e-227	622	100
BMHFFIJJ_01149	mobileOG_000271406|traN|D7K6M0|transfer|conjugation|immedb|Homology	93.7	334	16	1	1	334	1	329	4.23e-227	622	100
BMHFFIJJ_01149	mobileOG_000184859|traN|A0A395VVZ6|transfer|conjugation|GPD|Homology	93.7	334	15	1	1	334	1	328	8.22e-227	621	100
BMHFFIJJ_01149	mobileOG_000272021|traN|C3R7V5|transfer|conjugation|immedb|Homology	93.7	334	15	1	1	334	1	328	1.17e-226	621	100
BMHFFIJJ_01149	mobileOG_000270438|traN|A0A174FJD2|transfer|conjugation|immedb|Homology	93.4	334	16	1	1	334	1	328	1.66e-226	620	100
BMHFFIJJ_01149	mobileOG_000271426|traN|A0A4R4HYX2|transfer|conjugation|immedb|Homology	93.4	334	16	1	1	334	1	328	1.66e-226	620	100
BMHFFIJJ_01149	mobileOG_000270630|traN|A0A174VH18|transfer|conjugation|immedb|Homology	92.8	334	19	1	1	334	1	329	1.72e-226	620	100
BMHFFIJJ_01149	mobileOG_000271256|traN|D1K2C4|transfer|conjugation|immedb|Homology	93.1	334	17	1	1	334	1	328	2.36e-226	620	100
BMHFFIJJ_01150	mobileOG_000268984|traO|A0A373IIT2|transfer|conjugation|Multiple|Homology	90.6	191	18	0	1	191	1	191	4.68e-129	362	100
BMHFFIJJ_01150	mobileOG_000271427|traO|A0A4R4HY64|transfer|conjugation|immedb|Homology	91.1	191	17	0	1	191	1	191	4.68e-129	362	100
BMHFFIJJ_01150	mobileOG_000184858|traO|A0A174FFH3|transfer|conjugation|GPD|Homology	91.1	191	17	0	1	191	1	191	6.65e-129	362	100
BMHFFIJJ_01150	mobileOG_000271255|traO|D1K2C3|transfer|conjugation|immedb|Homology	91.6	191	16	0	1	191	1	191	6.65e-129	362	100
BMHFFIJJ_01150	mobileOG_000272022|traO|A0A414H6U7|transfer|conjugation|immedb|Homology	91.6	191	16	0	1	191	1	191	6.65e-129	362	100
BMHFFIJJ_01150	mobileOG_000273012|traO|A0A108T273|transfer|conjugation|immedb|Homology	92.1	191	15	0	1	191	1	191	6.65e-129	362	100
BMHFFIJJ_01150	mobileOG_000270439|traO|A0A174FFH3|transfer|conjugation|immedb|Homology	91.1	191	17	0	1	191	1	191	9.44e-129	362	100
BMHFFIJJ_01150	mobileOG_000271868|traO|A0A396M3A1|transfer|conjugation|immedb|Homology	92.1	191	15	0	1	191	1	191	1.34e-128	361	100
BMHFFIJJ_01150	mobileOG_000270246|traO|A0A2D3M977|transfer|conjugation|immedb|Homology	90.6	191	18	0	1	191	1	191	1.91e-128	361	100
BMHFFIJJ_01150	mobileOG_000272820|traO|A0A413ZFC7|transfer|conjugation|immedb|Homology	91.1	191	17	0	1	191	1	191	5.46e-128	360	100
BMHFFIJJ_01150	mobileOG_000273763|traO|U7US70|transfer|conjugation|immedb|Homology	91.1	191	17	0	1	191	1	191	5.46e-128	360	100
BMHFFIJJ_01150	mobileOG_000272931|traO|A0A4P8LVD9|transfer|conjugation|immedb|Homology	90.1	191	19	0	1	191	1	191	7.76e-128	359	100
BMHFFIJJ_01150	mobileOG_000272994|traO|K5ZMP3|transfer|conjugation|immedb|Homology	91.6	190	16	0	1	190	1	190	7.76e-128	359	99.5
BMHFFIJJ_01150	mobileOG_000272094|traO|A0A395VQ91|transfer|conjugation|immedb|Homology	90.6	191	18	0	1	191	1	191	1.57e-127	358	100
BMHFFIJJ_01150	mobileOG_000270629|traO|A0A174VK99|transfer|conjugation|immedb|Homology	90.6	191	18	0	1	191	1	191	2.22e-127	358	100
BMHFFIJJ_01152	mobileOG_000269822|traQ|D6D1R5|transfer|conjugation|Multiple|Homology	94.6	167	9	0	1	167	1	167	2.82e-116	328	100
BMHFFIJJ_01152	mobileOG_000270244|traQ|A0A2D3M959|transfer|conjugation|immedb|Homology	93.4	167	11	0	1	167	1	167	2.71e-114	323	100
BMHFFIJJ_01152	mobileOG_000273224|traQ|A0A412H6D3|transfer|conjugation|immedb|Homology	92.2	167	13	0	1	167	1	167	3.16e-113	320	100
BMHFFIJJ_01152	mobileOG_000271168|traQ|C7X4F6|transfer|conjugation|immedb|Homology	92.8	167	12	0	1	167	1	167	4.49e-113	320	100
BMHFFIJJ_01152	mobileOG_000272818|traQ|A0A413ZFM2|transfer|conjugation|immedb|Homology	91.7	168	13	1	1	167	1	168	1.56e-111	316	100
BMHFFIJJ_01152	mobileOG_000270761|traQ|A0A413MNT8|transfer|conjugation|immedb|Homology	91.7	168	13	1	1	167	1	168	2.21e-111	316	100
BMHFFIJJ_01152	mobileOG_000271720|traQ|A0A401LXP9|transfer|conjugation|immedb|Homology	91.7	168	13	1	1	167	3	170	6.80e-111	315	100
BMHFFIJJ_01152	mobileOG_000270571|traQ|A0A414YJK2|transfer|conjugation|immedb|Homology	91.1	168	14	1	1	167	1	168	9.01e-111	314	100
BMHFFIJJ_01152	mobileOG_000272933|traQ|A0A4P8LQ72|transfer|conjugation|immedb|Homology	91.1	168	14	1	1	167	1	168	9.01e-111	314	100
BMHFFIJJ_01152	mobileOG_000272024|traQ|C3R7V2|transfer|conjugation|immedb|Homology	92.8	167	11	1	1	167	1	166	1.70e-110	313	100
BMHFFIJJ_01152	mobileOG_000270351|traQ|A0A413ZQU1|transfer|conjugation|immedb|Homology	91.1	168	14	1	1	167	1	168	1.82e-110	313	100
BMHFFIJJ_01152	mobileOG_000167701|traQ|A0A3E4G2M7|transfer|conjugation|GPD|Homology	91.1	168	14	1	1	167	3	170	1.95e-110	313	100
BMHFFIJJ_01152	mobileOG_000184856|traQ|A0A415RXI3|transfer|conjugation|GPD|Homology	91.7	168	13	1	1	167	1	168	5.21e-110	312	100
BMHFFIJJ_01152	mobileOG_000270441|traQ|A0A174FKN5|transfer|conjugation|immedb|Homology	90.5	168	15	1	1	167	1	168	5.21e-110	312	100
BMHFFIJJ_01152	mobileOG_000182522|traQ|A0A4R4HMP9|transfer|conjugation|GPD|Homology	90.5	168	15	1	1	167	1	168	3.02e-109	310	100
BMHFFIJJ_01153	mobileOG_000272025|lys|C3R7V1|phage|lysis/lysogeny|immedb|Homology	94.3	175	10	0	1	175	1	175	7.64e-118	333	100
BMHFFIJJ_01209	mobileOG_000004905|dinB|A0A174R971|replication/recombination/repair|NA|GPD|Manual	93.9	363	22	0	1	363	1	363	7.77e-248	677	100
BMHFFIJJ_01245	mobileOG_000017340|mazG|A0A108T697|stability/transfer/defense|regulation|GPD|Manual	90.4	250	24	0	9	258	1	250	3.40e-165	459	95.4
BMHFFIJJ_01269	mobileOG_000176752|ftsK|D6D1Z0|replication/recombination/repair|conjugation|GPD|Homology	97.3	830	22	0	1	830	1	830	0.0	1560	100
BMHFFIJJ_01269	mobileOG_000212161|ftsK|A0A139JRP7|replication/recombination/repair|conjugation|GPD|Homology	92.5	832	59	3	1	830	1	831	0.0	1474	100
BMHFFIJJ_01322	mobileOG_000316775|35|WP_005775695.1|replication/recombination/repair|competence,dispensible|Multiple|Homology	91.2	136	12	0	5	140	6	141	4.37e-90	260	91.3
BMHFFIJJ_01322	mobileOG_000110360|35|A0A0P0GVQ6|replication/recombination/repair|competence,dispensible|GPD|Homology	90.5	137	13	0	2	138	4	140	1.11e-87	254	91.9
BMHFFIJJ_01632	mobileOG_000206780|clpP|A0A1Q6GNP3|phage|replication/recombination/repair|GPD|Homology	95.9	220	9	0	1	220	1	220	2.52e-148	414	100
BMHFFIJJ_02006	mobileOG_000225221|rnhB|A0A415S4J2|replication/recombination/repair|NA|GPD|Homology	90.0	200	20	0	1	200	1	200	2.11e-132	372	100
BMHFFIJJ_02277	mobileOG_000009569|mutS|A0A1Y4VM36|replication/recombination/repair|NA|GPD|Manual	98.9	850	9	0	23	872	1	850	0.0	1644	97.5
BMHFFIJJ_02411	mobileOG_000227100|comM|A0A3E5HPU7|transfer|competence|GPD|Homology	92.6	512	38	0	1	512	1	512	0.0	931	100
BMHFFIJJ_02414	mobileOG_000018965|xerD|A0A173XSD0|integration/excision|replication/recombination/repair|GPD|Manual	97.8	319	7	0	1	319	1	319	2.22e-218	599	100
BMHFFIJJ_02414	mobileOG_000017535|xerC|A0A1Q6H794|integration/excision|replication/recombination/repair|GPD|Manual	91.2	319	28	0	1	319	1	319	6.67e-204	562	100
BMHFFIJJ_02414	mobileOG_000012741|xerD_1|A0A0N7I9E0|integration/excision|replication/recombination/repair|GPD|Manual	91.8	319	26	0	1	319	1	319	1.57e-202	559	100
BMHFFIJJ_02414	mobileOG_000016469|xerD_1|A0A0N7I9E0|integration/excision|replication/recombination/repair|GPD|Manual	92.6	311	23	0	1	311	1	311	2.63e-199	550	97.5
BMHFFIJJ_02436	mobileOG_000187675|recT_2|A0A415PUA8|replication/recombination/repair|NA|Multiple|Homology	100	312	0	0	1	312	1	312	4.91e-223	610	100
BMHFFIJJ_02436	mobileOG_000188350|recT_2|B0NRV4|replication/recombination/repair|NA|Multiple|Homology	99.7	312	1	0	1	312	1	312	2.84e-222	608	100
BMHFFIJJ_02436	mobileOG_000227598|recT_2|A0A415PUA8|replication/recombination/repair|NA|GPD|Homology	99.7	312	1	0	1	312	1	312	2.84e-222	608	100
BMHFFIJJ_02436	mobileOG_000208757|recT_2|A0A415PUA8|replication/recombination/repair|NA|GPD|Homology	99.7	312	1	0	1	312	1	312	4.03e-222	608	100
BMHFFIJJ_02436	mobileOG_000172527|recT_2|A0A415PUA8|replication/recombination/repair|NA|GPD|Homology	99.4	312	2	0	1	312	1	312	5.73e-222	607	100
BMHFFIJJ_02436	mobileOG_000226014|recT_2|A0A415PUA8|replication/recombination/repair|NA|GPD|Homology	99.7	312	1	0	1	312	1	312	5.73e-222	607	100
BMHFFIJJ_02436	mobileOG_000085963|recT_2|B0NRV4|replication/recombination/repair|NA|GPD|Homology	99.4	312	2	0	1	312	1	312	1.16e-221	607	100
BMHFFIJJ_02436	mobileOG_000095421|recT_2|B0NRV4|replication/recombination/repair|NA|GPD|Homology	99.4	312	2	0	1	312	1	312	1.64e-221	606	100
BMHFFIJJ_02436	mobileOG_000210278|recT_2|B0NRV4|replication/recombination/repair|NA|GPD|Homology	99.4	312	2	0	1	312	1	312	2.33e-221	606	100
BMHFFIJJ_02436	mobileOG_000227535|recT_2|B0NRV4|replication/recombination/repair|NA|GPD|Homology	99.4	312	2	0	1	312	1	312	3.31e-221	605	100
BMHFFIJJ_02436	mobileOG_000145515|recT_2|B0NRV4|replication/recombination/repair|NA|GPD|Homology	98.7	312	4	0	1	312	1	312	2.72e-220	603	100
BMHFFIJJ_02436	mobileOG_000177582|recT_2|A0A5M6AE98|replication/recombination/repair|NA|GPD|Homology	97.8	317	2	1	1	312	1	317	5.43e-219	600	100
BMHFFIJJ_02436	mobileOG_000222769|recT_2|A0A4S2D994|replication/recombination/repair|NA|GPD|Homology	98.1	312	6	0	1	312	1	312	5.26e-218	597	100
BMHFFIJJ_02436	mobileOG_000115906|recT_2|A0A4S2D994|replication/recombination/repair|NA|GPD|Homology	97.8	312	7	0	1	312	1	312	1.51e-217	596	100
BMHFFIJJ_02436	mobileOG_000124350|recT_2|A0A4S2D994|replication/recombination/repair|NA|GPD|Homology	97.8	312	7	0	1	312	1	312	2.14e-217	596	100
BMHFFIJJ_02473	mobileOG_000099286|dcm|A0A1V0QD94|stability/transfer/defense|NA|GPD|Homology	100	201	0	0	1	201	1	201	1.07e-157	436	100
BMHFFIJJ_02473	mobileOG_000255159|dcm|A0A1V0QD94|stability/transfer/defense|NA|GPD|Homology	99.5	201	1	0	1	201	1	201	4.34e-157	434	100
BMHFFIJJ_02473	mobileOG_000097841|dcm|F7M476|stability/transfer/defense|NA|Multiple|Homology	98.5	201	3	0	1	201	1	201	1.02e-155	431	100
BMHFFIJJ_02473	mobileOG_000019856|dcm|A0A5M6AEC0|stability/transfer/defense|NA|GPD|Manual	98.0	201	4	0	1	201	1	201	4.17e-155	429	100
BMHFFIJJ_02473	mobileOG_000260347|dcm|F7M476|stability/transfer/defense|NA|GPD|Homology	98.5	201	3	0	1	201	40	240	4.19e-155	431	100
BMHFFIJJ_02473	mobileOG_000014059|dcm|A0A5M6AEC0|stability/transfer/defense|NA|GPD|Manual	98.0	201	4	0	1	201	1	201	4.33e-155	429	100
BMHFFIJJ_02473	mobileOG_000227599|dcm|F7M476|stability/transfer/defense|NA|GPD|Homology	98.0	201	4	0	1	201	1	201	5.93e-155	429	100
BMHFFIJJ_02473	mobileOG_000010913|dcm|A0A5M6AEC0|stability/transfer/defense|NA|GPD|Manual	98.0	201	4	0	1	201	11	211	6.21e-155	429	100
BMHFFIJJ_02473	mobileOG_000145908|dcm|F7M476|stability/transfer/defense|NA|GPD|Homology	98.5	201	3	0	1	201	64	264	9.94e-155	431	100
BMHFFIJJ_02473	mobileOG_000017578|dcm|A0A5M6AEC0|stability/transfer/defense|NA|GPD|Manual	98.0	201	4	0	1	201	40	240	1.71e-154	429	100
BMHFFIJJ_02473	mobileOG_000004763|dcm|A0A5M6AEC0|stability/transfer/defense|NA|GPD|Manual	98.0	201	4	0	1	201	64	264	4.05e-154	429	100
BMHFFIJJ_02473	mobileOG_000018294|dcm|A0A5M6AEC0|stability/transfer/defense|NA|GPD|Manual	98.0	201	4	0	1	201	64	264	4.05e-154	429	100
BMHFFIJJ_02473	mobileOG_000014013|dcm|A0A5M6AEC0|stability/transfer/defense|NA|GPD|Manual	98.0	201	4	0	1	201	64	264	4.20e-154	429	100
BMHFFIJJ_02473	mobileOG_000272449|dcm|I9PWF7|stability/transfer/defense|NA|immedb|Homology	98.0	201	4	0	1	201	67	267	4.67e-154	429	100
BMHFFIJJ_02473	mobileOG_000016072|dcm|A0A5M6AEC0|stability/transfer/defense|NA|GPD|Manual	97.0	201	6	0	1	201	1	201	7.19e-154	426	100
BMHFFIJJ_02509	mobileOG_000147988|hup|A0A173XFQ7|replication/recombination/repair|integration/excision|GPD|Homology	100	90	0	0	1	90	1	90	8.51e-52	159	100
BMHFFIJJ_02509	mobileOG_000187677|hup|R6RS56|replication/recombination/repair|integration/excision|GPD|Homology	96.7	90	3	0	1	90	1	90	1.41e-50	156	100
BMHFFIJJ_02509	mobileOG_000019450|hupB|A0A0P0EZV0|phage|replication/recombination/repair|GPD|Manual	94.4	90	5	0	1	90	1	90	1.93e-48	150	100
BMHFFIJJ_02512	mobileOG_000100263|topA|A0A173XFW6|replication/recombination/repair|NA|GPD|Homology	97.9	768	16	0	1	768	1	768	0.0	1461	98.1
BMHFFIJJ_02512	mobileOG_000187678|topA|A0A139KTJ5|replication/recombination/repair|NA|GPD|Homology	95.5	774	35	0	1	774	1	774	0.0	1437	98.9
BMHFFIJJ_02575	mobileOG_000227107|HMPREF1204_00020|A0A5M5VZ16|transfer|conjugation|GPD|Homology	97.8	321	7	0	1	321	1	321	2.79e-238	649	100
BMHFFIJJ_02575	mobileOG_000269916|HMPREF1204_00020|Q8RM69|transfer|conjugation|IME|Homology	96.9	321	10	0	1	321	1	321	4.44e-235	641	100
BMHFFIJJ_02575	mobileOG_000273740|HMPREF1204_00020|B3CCE4|transfer|conjugation|immedb|Homology	94.1	321	19	0	1	321	1	321	1.37e-229	627	100
BMHFFIJJ_02575	mobileOG_000273034|HMPREF1204_00020|A0A069S155|transfer|conjugation|immedb|Homology	93.8	321	20	0	1	321	1	321	1.12e-228	625	100
BMHFFIJJ_02577	mobileOG_000269915|traI|D4WIR5|transfer|conjugation|Multiple|Homology	93.5	308	20	0	1	308	1	308	7.03e-205	564	100
BMHFFIJJ_02676	mobileOG_000273081|tnpB|A0A3E4Z9X3|integration/excision|NA|immedb|Homology	98.2	114	2	0	1	114	1	114	2.92e-79	230	100
BMHFFIJJ_02676	mobileOG_000086592|tnpB|A0A3E4Z9X3|integration/excision|NA|GPD|Homology	97.4	114	3	0	1	114	1	114	1.19e-78	229	100
BMHFFIJJ_02676	mobileOG_000270223|tnpB|A0A0J9FGY9|integration/excision|NA|immedb|Homology	97.3	113	3	0	1	113	1	113	6.90e-78	227	99.1
BMHFFIJJ_02676	mobileOG_000272215|tnpB|H1DEB3|integration/excision|NA|immedb|Homology	94.7	114	6	0	1	114	1	114	4.13e-77	225	100
BMHFFIJJ_02676	mobileOG_000272060|tnpB|C6ZBZ1|integration/excision|NA|immedb|Homology	93.9	114	7	0	1	114	1	114	1.15e-76	224	100
BMHFFIJJ_02676	mobileOG_000273368|tnpB|U6RDA9|integration/excision|NA|immedb|Homology	93.9	114	7	0	1	114	1	114	1.15e-76	224	100
BMHFFIJJ_02750	mobileOG_000271154|evgS_9|C7X4C8|integration/excision|regulation|immedb|Homology	93.5	230	10	1	1	225	1	230	9.11e-133	394	98.7
BMHFFIJJ_02752	mobileOG_000022880|rteB|A0A371A3C8|integration/excision|regulation|ICE|Manual	95.5	440	20	0	1	440	1	440	5.10e-308	836	100
BMHFFIJJ_02752	mobileOG_000231578|zraR_6|A0A4Q0IZ96|integration/excision|conjugation,competence|GPD|Homology	94.1	439	26	0	1	439	1	439	3.15e-302	821	99.8
BMHFFIJJ_02752	mobileOG_000271265|zraR_6|D1K2E4|integration/excision|conjugation,competence|immedb|Homology	93.8	439	27	0	1	439	1	439	2.58e-301	819	99.8
BMHFFIJJ_02752	mobileOG_000271155|zraR_6|C7X4C9|integration/excision|conjugation,competence|immedb|Homology	92.0	440	35	0	1	440	1	440	1.43e-298	812	100
BMHFFIJJ_02752	mobileOG_000273026|zraR_6|A0A120A3E4|integration/excision|conjugation,competence|immedb|Homology	92.5	438	33	0	2	439	3	440	1.17e-295	805	99.5
BMHFFIJJ_02752	mobileOG_000271271|zraR_6|A0A413ISK4|integration/excision|conjugation,competence|immedb|Homology	90.7	440	41	0	1	440	1	440	5.09e-292	795	100
BMHFFIJJ_02752	mobileOG_000270259|zraR_6|A0A2D3M957|integration/excision|conjugation,competence|immedb|Homology	90.2	440	43	0	1	440	1	440	5.94e-291	793	100
BMHFFIJJ_02849	mobileOG_000270552|lys|A0A174PIQ7|phage|lysis/lysogeny|immedb|Homology	95.9	170	7	0	1	170	1	170	4.83e-124	348	98.8
BMHFFIJJ_02849	mobileOG_000271759|lys|A0A016BRP9|phage|lysis/lysogeny|immedb|Homology	91.2	170	15	0	1	170	1	170	5.21e-119	335	98.8
BMHFFIJJ_02850	mobileOG_000270551|traQ|A0A174PF40|transfer|conjugation|immedb|Homology	97.3	183	5	0	1	183	1	183	8.87e-130	363	100
BMHFFIJJ_02850	mobileOG_000271760|traQ|A0A016CJD2|transfer|conjugation|immedb|Homology	93.4	183	12	0	1	183	1	183	4.73e-125	352	100
BMHFFIJJ_02851	mobileOG_000270550|HMPREF1204_00020|A0A174PI31|transfer|conjugation|immedb|Homology	91.4	291	25	0	1	291	1	291	8.60e-202	555	100
BMHFFIJJ_02851	mobileOG_000271761|HMPREF1204_00020|A0A016BRH4|transfer|conjugation|immedb|Homology	90.7	289	27	0	1	289	1	289	8.93e-199	547	99.3
BMHFFIJJ_02852	mobileOG_000270549|traO|A0A174PJ60|transfer|conjugation|immedb|Homology	94.2	190	11	0	1	190	1	190	1.69e-126	356	100
BMHFFIJJ_02852	mobileOG_000271762|traO|A0A016AIU8|transfer|conjugation|immedb|Homology	94.2	190	11	0	1	190	1	190	9.80e-126	354	100
BMHFFIJJ_02853	mobileOG_000270548|traN|A0A174PEU1|transfer|conjugation|immedb|Homology	96.9	326	10	0	1	326	1	326	1.12e-226	620	100
BMHFFIJJ_02853	mobileOG_000271763|traN|B6W0C8|transfer|conjugation|immedb|Homology	93.0	327	22	1	1	326	1	327	2.79e-218	599	100
BMHFFIJJ_02856	mobileOG_000270547|traK|A0A174PEI4|transfer|conjugation|immedb|Homology	98.1	207	4	0	1	207	1	207	5.41e-145	404	100
BMHFFIJJ_02856	mobileOG_000271764|traK|A0A016CJ12|transfer|conjugation|immedb|Homology	97.1	207	6	0	1	207	1	207	3.66e-143	399	100
BMHFFIJJ_02856	mobileOG_000273158|traK|A0A078QNG6|transfer|conjugation|immedb|Homology	94.7	207	11	0	1	207	1	207	2.47e-141	395	100
BMHFFIJJ_02856	mobileOG_000270566|traK|A0A174ID82|transfer|conjugation|immedb|Homology	93.2	207	14	0	1	207	1	207	3.37e-139	389	100
BMHFFIJJ_02856	mobileOG_000272209|traK|H1DEC2|transfer|conjugation|immedb|Homology	93.2	207	14	0	1	207	1	207	3.37e-139	389	100
BMHFFIJJ_02856	mobileOG_000023348|traK|A0A413MHJ9|transfer|conjugation|immedb|Manual	92.8	207	15	0	1	207	1	207	6.79e-139	389	100
BMHFFIJJ_02856	mobileOG_000273633|traK|K6ATX5|transfer|conjugation|immedb|Homology	93.7	207	13	0	1	207	1	207	1.95e-138	387	100
BMHFFIJJ_02856	mobileOG_000023285|traK|A0A414FJ43|transfer|conjugation|immedb|Manual	92.3	207	16	0	1	207	1	207	2.77e-138	387	100
BMHFFIJJ_02856	mobileOG_000023280|traK|A0A415DTE6|transfer|conjugation|immedb|Manual	91.8	207	17	0	1	207	1	207	9.26e-137	383	100
BMHFFIJJ_02856	mobileOG_000274273|traK|I9BH49|transfer|conjugation|immedb|Homology	91.3	207	18	0	1	207	1	207	8.87e-135	378	100
BMHFFIJJ_02856	mobileOG_000273140|traK|A0A412AJS5|transfer|conjugation|immedb|Homology	90.8	207	19	0	1	207	1	207	5.13e-134	376	100
BMHFFIJJ_02857	mobileOG_000270546|traJ|A0A174PBB8|transfer|conjugation,competence|immedb|Homology	99.4	334	2	0	1	334	1	334	2.46e-234	640	100
BMHFFIJJ_02857	mobileOG_000271765|traJ|A0A016E2Q3|transfer|conjugation,competence|immedb|Homology	97.9	334	7	0	1	334	1	334	4.76e-232	635	100
BMHFFIJJ_02857	mobileOG_000272628|traJ|A0A397WEZ6|transfer|conjugation,competence|immedb|Homology	95.5	334	15	0	1	334	1	334	4.37e-228	625	100
BMHFFIJJ_02857	mobileOG_000272594|traJ|A0A0E2ARH6|transfer|conjugation,competence|immedb|Homology	91.9	334	27	0	1	334	1	334	1.89e-220	605	100
BMHFFIJJ_02857	mobileOG_000273159|traJ|A0A078QLE0|transfer|conjugation,competence|immedb|Homology	90.1	334	33	0	1	334	1	334	1.01e-217	598	100
BMHFFIJJ_02857	mobileOG_000273910|traJ|A0A413J0B5|transfer|conjugation,competence|immedb|Homology	90.1	334	33	0	1	334	1	334	2.03e-217	598	100
BMHFFIJJ_02858	mobileOG_000270545|traI|C6IQE7|transfer|conjugation|immedb|Homology	100	209	0	0	1	209	1	209	1.18e-149	416	100
BMHFFIJJ_02858	mobileOG_000271766|traI|A0A016AQM7|transfer|conjugation|immedb|Homology	98.6	209	3	0	1	209	1	209	9.73e-149	414	100
BMHFFIJJ_02858	mobileOG_000270565|traI|A0A174IFX1|transfer|conjugation|immedb|Homology	95.7	209	9	0	1	209	1	209	2.11e-143	400	100
BMHFFIJJ_02858	mobileOG_000272207|traI|H1DEC0|transfer|conjugation|immedb|Homology	95.2	209	10	0	1	209	1	209	8.60e-143	399	100
BMHFFIJJ_02858	mobileOG_000272711|traI|A0A414FIU6|transfer|conjugation|immedb|Homology	94.7	209	11	0	1	209	1	209	1.22e-142	398	100
BMHFFIJJ_02858	mobileOG_000273911|traI|A0A413J093|transfer|conjugation|immedb|Homology	94.7	209	11	0	1	209	1	209	1.22e-142	398	100
BMHFFIJJ_02858	mobileOG_000273635|traI|A0A3R6J355|transfer|conjugation|immedb|Homology	94.3	209	12	0	1	209	1	209	4.98e-142	397	100
BMHFFIJJ_02858	mobileOG_000273160|traI|A0A078QNF7|transfer|conjugation|immedb|Homology	94.3	209	12	0	1	209	1	209	2.88e-141	395	100
BMHFFIJJ_02858	mobileOG_000272629|traI|A0A415DSY3|transfer|conjugation|immedb|Homology	91.4	209	18	0	1	209	1	209	1.12e-138	388	100
BMHFFIJJ_02860	mobileOG_000023116|traC_4|A0A174PE63|transfer|conjugation|immedb|Manual	97.2	142	4	0	9	150	690	831	8.80e-84	265	91.6
BMHFFIJJ_02860	mobileOG_000023284|traG|A0A415T0W9|transfer|conjugation|immedb|Manual	95.0	141	7	0	9	149	690	830	1.71e-82	261	91.0
BMHFFIJJ_02860	mobileOG_000270564|traG|A0A174IEW6|transfer|conjugation|immedb|Homology	95.0	141	7	0	9	149	690	830	4.68e-82	260	91.0
BMHFFIJJ_02860	mobileOG_000273161|traG|A0A078QJP0|transfer|conjugation|immedb|Homology	95.0	141	7	0	9	149	690	830	4.68e-82	260	91.0
BMHFFIJJ_02860	mobileOG_000023281|traG|A0A415DT19|transfer|conjugation|immedb|Manual	95.1	142	7	0	9	150	690	831	6.54e-82	259	91.6
BMHFFIJJ_02860	mobileOG_000271767|traG|A0A016AQG2|transfer|conjugation|immedb|Homology	93.8	144	9	0	9	152	690	833	3.59e-81	258	92.9
BMHFFIJJ_02860	mobileOG_000272206|traG|H1DEB8|transfer|conjugation|immedb|Homology	94.4	142	8	0	9	150	690	831	6.81e-81	257	91.6
BMHFFIJJ_02860	mobileOG_000273636|traG|K6AUG0|transfer|conjugation|immedb|Homology	93.6	141	9	0	9	149	690	830	7.57e-81	257	91.0
BMHFFIJJ_02860	mobileOG_000274270|traG|I9KGI1|transfer|conjugation|immedb|Homology	93.0	142	10	0	9	150	690	831	7.32e-79	251	91.6
BMHFFIJJ_02860	mobileOG_000272740|traG|I9U043|transfer|conjugation|immedb|Homology	90.3	145	14	0	9	153	690	834	7.99e-79	251	93.5
BMHFFIJJ_02860	mobileOG_000273143|traG|A0A078RCZ9|transfer|conjugation|immedb|Homology	92.3	142	11	0	9	150	690	831	1.99e-78	250	91.6
BMHFFIJJ_02860	mobileOG_000272596|traG|A0A0E2AQ99|transfer|conjugation|immedb|Homology	91.5	141	12	0	9	149	690	830	4.11e-76	244	91.0
BMHFFIJJ_02861	mobileOG_000023372|ltrA|A0A174T070|integration/excision|introns|immedb|Manual	96.2	603	23	0	1	603	1	603	0.0	1160	100
BMHFFIJJ_02861	mobileOG_000273683|ltrA|A0A139LKL7|integration/excision|introns|immedb|Homology	95.9	603	25	0	1	603	1	603	0.0	1156	100
BMHFFIJJ_02861	mobileOG_000023089|ltrA|A0A174T070|integration/excision|introns|immedb|Manual	95.4	603	28	0	1	603	1	603	0.0	1155	100
BMHFFIJJ_02861	mobileOG_000272803|ltrA|I8XFU1|integration/excision|introns|immedb|Homology	93.7	603	38	0	1	603	1	603	0.0	1137	100
BMHFFIJJ_02862	mobileOG_000023116|traC_4|A0A174PE63|transfer|conjugation|immedb|Manual	97.8	695	15	0	1	695	1	695	0.0	1366	99.6
BMHFFIJJ_02862	mobileOG_000271767|traG|A0A016AQG2|transfer|conjugation|immedb|Homology	97.1	695	20	0	1	695	1	695	0.0	1358	99.6
BMHFFIJJ_02862	mobileOG_000023281|traG|A0A415DT19|transfer|conjugation|immedb|Manual	93.8	695	43	0	1	695	1	695	0.0	1319	99.6
BMHFFIJJ_02862	mobileOG_000023349|traG|A0A413J0E8|transfer|conjugation|immedb|Manual	92.2	695	54	0	1	695	1	695	0.0	1300	99.6
BMHFFIJJ_02862	mobileOG_000270564|traG|A0A174IEW6|transfer|conjugation|immedb|Homology	92.1	695	55	0	1	695	1	695	0.0	1297	99.6
BMHFFIJJ_02862	mobileOG_000273161|traG|A0A078QJP0|transfer|conjugation|immedb|Homology	91.9	695	56	0	1	695	1	695	0.0	1294	99.6
BMHFFIJJ_02862	mobileOG_000272206|traG|H1DEB8|transfer|conjugation|immedb|Homology	91.9	695	56	0	1	695	1	695	0.0	1293	99.6
BMHFFIJJ_02862	mobileOG_000023284|traG|A0A415T0W9|transfer|conjugation|immedb|Manual	90.5	695	66	0	1	695	1	695	0.0	1283	99.6
BMHFFIJJ_02862	mobileOG_000271367|traG|D7INU5|transfer|conjugation|immedb|Homology	90.4	695	67	0	1	695	1	695	0.0	1280	99.6
BMHFFIJJ_02862	mobileOG_000273636|traG|K6AUG0|transfer|conjugation|immedb|Homology	90.1	695	69	0	1	695	1	695	0.0	1278	99.6
BMHFFIJJ_02862	mobileOG_000274270|traG|I9KGI1|transfer|conjugation|immedb|Homology	90.6	695	65	0	1	695	1	695	0.0	1272	99.6
BMHFFIJJ_02863	mobileOG_000271768|traF|A0A016AIX2|transfer|conjugation|immedb|Homology	97.3	110	3	0	1	110	1	110	9.24e-72	211	100
BMHFFIJJ_02863	mobileOG_000270544|traF|A0A016AIX2|transfer|conjugation|immedb|Homology	95.5	110	5	0	1	110	1	110	1.53e-70	208	100
BMHFFIJJ_02864	mobileOG_000271769|traE_1|A0A413MQA6|transfer|conjugation|immedb|Homology	100	98	0	0	1	98	1	98	1.91e-63	189	100
BMHFFIJJ_02864	mobileOG_000270543|traE_1|A0A174PGE3|transfer|conjugation|immedb|Homology	99.0	98	1	0	1	98	1	98	7.78e-63	187	100
BMHFFIJJ_02864	mobileOG_000274268|traE_1|A0A174U9G6|transfer|conjugation|immedb|Homology	96.9	98	3	0	1	98	1	98	5.27e-61	183	100
BMHFFIJJ_02864	mobileOG_000272631|traE_1|A0A415DT50|transfer|conjugation|immedb|Homology	94.9	98	5	0	1	98	1	98	8.75e-60	180	100
BMHFFIJJ_02864	mobileOG_000271369|traE_1|A0A415FAB5|transfer|conjugation|immedb|Homology	92.9	98	7	0	1	98	1	98	7.20e-59	177	100
BMHFFIJJ_02864	mobileOG_000272204|traE_1|H1DEB7|transfer|conjugation|immedb|Homology	92.9	98	7	0	1	98	1	98	1.02e-58	177	100
BMHFFIJJ_02864	mobileOG_000272291|traE_1|A0A108TC64|transfer|conjugation|immedb|Homology	91.8	98	8	0	1	98	1	98	1.20e-57	174	100
BMHFFIJJ_02864	mobileOG_000272709|traE_1|A0A414FJ44|transfer|conjugation|immedb|Homology	90.8	98	9	0	1	98	1	98	2.42e-57	174	100
BMHFFIJJ_02864	mobileOG_000272766|traE_1|A0A415T650|transfer|conjugation|immedb|Homology	90.1	91	9	0	8	98	10	100	5.60e-52	160	92.9
BMHFFIJJ_02871	mobileOG_000270542|mobB|A0A174PJ73|transfer|conjugation|immedb|Homology	95.9	417	17	0	1	417	1	417	1.87e-296	805	100
BMHFFIJJ_02881	mobileOG_000270541|topB_1|A0A174PDP1|integration/excision|NA|immedb|Homology	94.7	698	37	0	1	698	23	720	0.0	1325	100
BMHFFIJJ_02908	mobileOG_000233963|zraR_6|A0A414M3A9|integration/excision|conjugation,competence|GPD|Homology	100	438	0	0	1	438	1	438	6.33e-317	858	100
BMHFFIJJ_02908	mobileOG_000270540|zraR_6|A0A174PFQ1|integration/excision|conjugation,competence|immedb|Homology	96.1	438	17	0	1	438	1	438	9.82e-305	827	100
BMHFFIJJ_03024	mobileOG_000023352|ltrA|A0A4Y9GUL4|integration/excision|introns|immedb|Manual	96.3	134	5	0	1	134	1	134	2.52e-90	270	95.0
BMHFFIJJ_03025	mobileOG_000023352|ltrA|A0A4Y9GUL4|integration/excision|introns|immedb|Manual	95.7	210	9	0	10	219	212	421	5.61e-149	423	95.9
BMHFFIJJ_03037	mobileOG_000273081|tnpB|A0A3E4Z9X3|integration/excision|NA|immedb|Homology	99.1	114	1	0	1	114	1	114	7.17e-80	232	100
BMHFFIJJ_03037	mobileOG_000086592|tnpB|A0A3E4Z9X3|integration/excision|NA|GPD|Homology	98.2	114	2	0	1	114	1	114	2.92e-79	230	100
BMHFFIJJ_03037	mobileOG_000270223|tnpB|A0A0J9FGY9|integration/excision|NA|immedb|Homology	98.2	113	2	0	1	113	1	113	1.69e-78	228	99.1
BMHFFIJJ_03037	mobileOG_000272215|tnpB|H1DEB3|integration/excision|NA|immedb|Homology	95.6	114	5	0	1	114	1	114	1.01e-77	226	100
BMHFFIJJ_03037	mobileOG_000272060|tnpB|C6ZBZ1|integration/excision|NA|immedb|Homology	94.7	114	6	0	1	114	1	114	2.81e-77	225	100
BMHFFIJJ_03037	mobileOG_000273368|tnpB|U6RDA9|integration/excision|NA|immedb|Homology	94.7	114	6	0	1	114	1	114	2.81e-77	225	100
BMHFFIJJ_03039	mobileOG_000231578|zraR_6|A0A4Q0IZ96|integration/excision|conjugation,competence|GPD|Homology	95.5	440	20	0	1	440	1	440	1.25e-308	837	100
BMHFFIJJ_03039	mobileOG_000022880|rteB|A0A371A3C8|integration/excision|regulation|ICE|Manual	95.2	439	21	0	1	439	1	439	1.20e-306	832	99.8
BMHFFIJJ_03039	mobileOG_000271155|zraR_6|C7X4C9|integration/excision|conjugation,competence|immedb|Homology	93.2	439	30	0	1	439	1	439	7.09e-299	813	99.8
BMHFFIJJ_03039	mobileOG_000271265|zraR_6|D1K2E4|integration/excision|conjugation,competence|immedb|Homology	93.2	440	30	0	1	440	1	440	7.09e-299	813	100
BMHFFIJJ_03039	mobileOG_000269833|zraR_6|D6D1T8|integration/excision|conjugation,competence|Multiple|Homology	90.4	439	42	0	1	439	1	439	1.70e-290	791	99.8
BMHFFIJJ_03039	mobileOG_000273026|zraR_6|A0A120A3E4|integration/excision|conjugation,competence|immedb|Homology	90.4	439	42	0	2	440	3	441	1.45e-289	789	99.8
BMHFFIJJ_03164	mobileOG_000005747|dnaA|A0A1H4DJW8|stability/transfer/defense|NA|GPD|Manual	99.6	470	2	0	1	470	1	470	0.0	926	100
BMHFFIJJ_03164	mobileOG_000013066|dnaA|A0A0N7I9M1|replication/recombination/repair|NA|GPD|Manual	95.7	469	20	0	1	469	1	469	0.0	895	99.8
BMHFFIJJ_03173	mobileOG_000180217|ung|A0A174FSB9|replication/recombination/repair|NA|GPD|Homology	98.2	220	4	0	1	220	1	220	7.70e-165	455	100
BMHFFIJJ_03173	mobileOG_000130507|ung|A0A1Y4VT74|replication/recombination/repair|NA|GPD|Homology	97.7	220	5	0	1	220	1	220	3.14e-164	454	100
BMHFFIJJ_03173	mobileOG_000106756|ung|A0A1Y4PP17|replication/recombination/repair|NA|GPD|Homology	96.8	220	7	0	1	220	1	220	3.67e-163	451	100
BMHFFIJJ_03173	mobileOG_000145678|ung|A0A139LFB8|replication/recombination/repair|NA|GPD|Homology	96.4	220	8	0	1	220	1	220	2.12e-162	449	100
BMHFFIJJ_03173	mobileOG_000259698|ung|A0A412C1A9|replication/recombination/repair|NA|GPD|Homology	96.4	220	8	0	1	220	1	220	3.01e-162	449	100
BMHFFIJJ_03173	mobileOG_000093202|ung|A0A0P0ERD6|replication/recombination/repair|NA|GPD|Homology	92.3	220	17	0	1	220	1	220	9.30e-157	435	100
BMHFFIJJ_03173	mobileOG_000021724|ung|A0A139KLK6|replication/recombination/repair|NA|GPD|Manual	92.3	220	17	0	1	220	1	220	1.32e-156	434	100
BMHFFIJJ_03173	mobileOG_000214989|ung|A0A139KLK6|replication/recombination/repair|NA|GPD|Homology	91.8	220	18	0	1	220	1	220	5.38e-156	433	100
BMHFFIJJ_03173	mobileOG_000021681|ung2|A0A0K6BY29|replication/recombination/repair|NA|GPD|Manual	90.5	220	21	0	1	220	1	220	6.03e-153	425	100
BMHFFIJJ_03173	mobileOG_000105972|ung|A0A413JWB6|replication/recombination/repair|NA|GPD|Homology	90.5	220	21	0	1	220	1	220	1.73e-152	424	100
BMHFFIJJ_03173	mobileOG_000256620|ung|A0A2M9UWP4|replication/recombination/repair|NA|GPD|Homology	90.0	220	22	0	1	220	1	220	2.46e-152	424	100
BMHFFIJJ_03274	mobileOG_000273081|tnpB|A0A3E4Z9X3|integration/excision|NA|immedb|Homology	99.1	114	1	0	1	114	1	114	7.17e-80	232	100
BMHFFIJJ_03274	mobileOG_000086592|tnpB|A0A3E4Z9X3|integration/excision|NA|GPD|Homology	98.2	114	2	0	1	114	1	114	2.92e-79	230	100
BMHFFIJJ_03274	mobileOG_000270223|tnpB|A0A0J9FGY9|integration/excision|NA|immedb|Homology	98.2	113	2	0	1	113	1	113	1.69e-78	228	99.1
BMHFFIJJ_03274	mobileOG_000272215|tnpB|H1DEB3|integration/excision|NA|immedb|Homology	95.6	114	5	0	1	114	1	114	1.01e-77	226	100
BMHFFIJJ_03274	mobileOG_000272060|tnpB|C6ZBZ1|integration/excision|NA|immedb|Homology	94.7	114	6	0	1	114	1	114	2.81e-77	225	100
BMHFFIJJ_03274	mobileOG_000273368|tnpB|U6RDA9|integration/excision|NA|immedb|Homology	94.7	114	6	0	1	114	1	114	2.81e-77	225	100
BMHFFIJJ_03384	mobileOG_000019039|groL|A0A373J2A0|phage|replication,chaperone|GPD|Manual	91.0	545	49	0	1	545	1	545	0.0	936	100
BMHFFIJJ_03471	mobileOG_000078957|nth|A0A0P0FCZ3|replication/recombination/repair|NA|GPD|Homology	96.4	225	8	0	1	225	1	225	2.99e-160	444	100
BMHFFIJJ_03471	mobileOG_000107422|nth|A0A3E5H218|replication/recombination/repair|NA|GPD|Homology	96.0	225	9	0	1	225	1	225	4.25e-160	444	100
BMHFFIJJ_03471	mobileOG_000266910|nth|A0A139LD95|replication/recombination/repair|NA|GPD|Homology	96.4	225	8	0	1	225	1	225	4.25e-160	444	100
BMHFFIJJ_03471	mobileOG_000167187|nth|A0A1I4UBI2|replication/recombination/repair|NA|GPD|Homology	96.0	225	9	0	1	225	1	225	6.04e-160	443	100
BMHFFIJJ_03491	mobileOG_000006201|ruvC|A0A0N7I9T2|replication/recombination/repair|NA|GPD|Manual	96.6	178	6	0	1	178	11	188	1.54e-123	348	100
BMHFFIJJ_03491	mobileOG_000104013|ruvC|A0A4Q5D9E6|replication/recombination/repair|NA|GPD|Homology	96.1	178	7	0	1	178	11	188	2.19e-123	347	100
BMHFFIJJ_03491	mobileOG_000008985|ruvC|A0A081TZT9|replication/recombination/repair|NA|GPD|Manual	93.3	178	12	0	1	178	11	188	7.04e-120	338	100
BMHFFIJJ_03491	mobileOG_000008047|ruvC|A0A108THF5|replication/recombination/repair|NA|GPD|Manual	92.7	178	13	0	1	178	11	188	8.51e-119	336	100
BMHFFIJJ_03491	mobileOG_000011681|ruvC|E5VAA5|replication/recombination/repair|NA|GPD|Manual	92.7	178	13	0	1	178	11	188	4.92e-118	334	100
BMHFFIJJ_03491	mobileOG_000010429|ruvC|I8Y797|replication/recombination/repair|NA|GPD|Manual	91.6	178	15	0	1	178	11	188	2.75e-117	332	100
BMHFFIJJ_03491	mobileOG_000017335|ruvC|A0A380YMA8|replication/recombination/repair|NA|GPD|Manual	91.0	178	16	0	1	178	11	188	3.32e-116	329	100
BMHFFIJJ_03508	mobileOG_000023174|dnaB|A0A5M5C5K6|replication/recombination/repair|NA|immedb|Manual	97.8	453	10	0	1	453	14	466	0.0	871	100
BMHFFIJJ_03508	mobileOG_000237855|dnaB|R6S352|replication/recombination/repair|NA|GPD|Homology	95.6	453	20	0	1	453	1	453	2.28e-313	850	100
BMHFFIJJ_03508	mobileOG_000076366|dnaB|A0A174IP10|replication/recombination/repair|NA|GPD|Homology	94.0	453	27	0	1	453	1	453	6.24e-311	844	100
BMHFFIJJ_03508	mobileOG_000019106|dnaB|A0A5M5C5K6|replication/recombination/repair|NA|GPD|Manual	94.0	453	27	0	1	453	1	453	4.90e-308	837	100
BMHFFIJJ_03520	mobileOG_000228384|mobC|A0A414XA89|transfer|conjugation,relaxosome|GPD|Homology	90.2	183	18	0	1	183	1	183	2.25e-123	347	100
BMHFFIJJ_03521	mobileOG_000232309|fic|A0A4V1YZZ1|replication/recombination/repair|transfer|GPD|Homology	98.4	253	4	0	1	253	1	253	7.27e-175	483	100
BMHFFIJJ_03521	mobileOG_000273694|fic|A0A139LD02|replication/recombination/repair|transfer|immedb|Homology	98.4	253	4	0	1	253	1	253	1.47e-174	483	100
BMHFFIJJ_03521	mobileOG_000237854|fic|R6RWC1|replication/recombination/repair|transfer|GPD|Homology	97.6	253	6	0	1	253	1	253	5.72e-172	476	100
BMHFFIJJ_03528	mobileOG_000272892|Bmul_4731|K5CRR1|integration/excision|NA|immedb|Homology	96.1	257	10	0	1	257	1	257	4.20e-176	487	100
BMHFFIJJ_03528	mobileOG_000211036|Bmul_4731|A0A174HT79|integration/excision|NA|GPD|Homology	96.9	257	8	0	1	257	1	257	8.47e-176	486	100
BMHFFIJJ_03528	mobileOG_000272895|Bmul_4731|K5CNI9|integration/excision|NA|immedb|Homology	95.7	257	11	0	1	257	1	257	8.47e-176	486	100
BMHFFIJJ_03551	mobileOG_000272892|Bmul_4731|K5CRR1|integration/excision|NA|immedb|Homology	96.1	257	10	0	1	257	1	257	4.20e-176	487	100
BMHFFIJJ_03551	mobileOG_000211036|Bmul_4731|A0A174HT79|integration/excision|NA|GPD|Homology	96.9	257	8	0	1	257	1	257	8.47e-176	486	100
BMHFFIJJ_03551	mobileOG_000272895|Bmul_4731|K5CNI9|integration/excision|NA|immedb|Homology	95.7	257	11	0	1	257	1	257	8.47e-176	486	100
BMHFFIJJ_03567	mobileOG_000128206|dnaX|A0A412CRP3|replication/recombination/repair|NA|GPD|Homology	93.7	621	39	0	3	623	1	621	0.0	1126	99.7
BMHFFIJJ_03567	mobileOG_000188185|dnaX|A0A395W2D8|replication/recombination/repair|NA|GPD|Homology	94.8	621	32	0	3	623	1	621	0.0	1119	99.7
BMHFFIJJ_03580	mobileOG_000273081|tnpB|A0A3E4Z9X3|integration/excision|NA|immedb|Homology	100	114	0	0	1	114	1	114	4.31e-81	235	100
BMHFFIJJ_03580	mobileOG_000086592|tnpB|A0A3E4Z9X3|integration/excision|NA|GPD|Homology	99.1	114	1	0	1	114	1	114	1.76e-80	233	100
BMHFFIJJ_03580	mobileOG_000270223|tnpB|A0A0J9FGY9|integration/excision|NA|immedb|Homology	99.1	113	1	0	1	113	1	113	1.02e-79	231	99.1
BMHFFIJJ_03580	mobileOG_000272215|tnpB|H1DEB3|integration/excision|NA|immedb|Homology	96.5	114	4	0	1	114	1	114	6.09e-79	229	100
BMHFFIJJ_03580	mobileOG_000272060|tnpB|C6ZBZ1|integration/excision|NA|immedb|Homology	95.6	114	5	0	1	114	1	114	1.69e-78	228	100
BMHFFIJJ_03580	mobileOG_000273368|tnpB|U6RDA9|integration/excision|NA|immedb|Homology	95.6	114	5	0	1	114	1	114	1.69e-78	228	100
BMHFFIJJ_03656	mobileOG_000141435|hup|A0A174SLK6|phage|replication/recombination/repair|GPD|Homology	98.9	91	1	0	1	91	1	91	5.08e-58	175	100
BMHFFIJJ_03656	mobileOG_000123941|hup|E5V9X2|phage|replication/recombination/repair|GPD|Homology	94.5	91	5	0	1	91	1	91	8.12e-55	167	100
BMHFFIJJ_03656	mobileOG_000177762|hup|A0A108TC22|phage|replication/recombination/repair|GPD|Homology	93.4	91	6	0	1	91	1	91	9.50e-54	164	100
BMHFFIJJ_03703	mobileOG_000078278|dinG_1|A0A1I4R207|replication/recombination/repair|NA|GPD|Homology	90.3	154	15	0	1	154	1	154	1.05e-107	306	92.2
BMHFFIJJ_03753	mobileOG_000022044|dnaN|E5VCX5|replication/recombination/repair|NA|GPD|Manual	93.3	374	25	0	1	374	1	374	8.27e-244	668	100
BMHFFIJJ_03754	mobileOG_000089649|dinG|A0A0P0LA89|replication/recombination/repair|NA|GPD|Homology	90.9	253	22	1	1	252	1	253	1.39e-168	468	97.3
BMHFFIJJ_03790	mobileOG_000273081|tnpB|A0A3E4Z9X3|integration/excision|NA|immedb|Homology	98.2	114	2	0	1	114	1	114	3.70e-80	233	99.1
BMHFFIJJ_03790	mobileOG_000272215|tnpB|H1DEB3|integration/excision|NA|immedb|Homology	97.4	115	3	0	1	115	1	115	5.43e-80	232	100
BMHFFIJJ_03790	mobileOG_000270223|tnpB|A0A0J9FGY9|integration/excision|NA|immedb|Homology	99.1	113	1	0	1	113	1	113	1.06e-79	231	98.3
BMHFFIJJ_03790	mobileOG_000086592|tnpB|A0A3E4Z9X3|integration/excision|NA|GPD|Homology	97.4	114	3	0	1	114	1	114	1.51e-79	231	99.1
BMHFFIJJ_03790	mobileOG_000272060|tnpB|C6ZBZ1|integration/excision|NA|immedb|Homology	97.4	114	3	0	1	114	1	114	2.14e-79	231	99.1
BMHFFIJJ_03790	mobileOG_000273368|tnpB|U6RDA9|integration/excision|NA|immedb|Homology	95.6	114	5	0	1	114	1	114	1.76e-78	228	99.1
BMHFFIJJ_03818	mobileOG_000271444|mobN1_2|E5VD74|transfer|conjugation|immedb|Homology	91.2	467	41	0	1	467	1	467	3.21e-311	846	100
BMHFFIJJ_03819	mobileOG_000271443|HMPREF1204_00020|A0A4S2CRE2|transfer|conjugation|immedb|Homology	95.3	318	15	0	1	318	1	318	2.97e-227	621	100
BMHFFIJJ_03819	mobileOG_000265322|HMPREF1204_00020|F3PQQ1|transfer|conjugation|GPD|Homology	95.0	318	16	0	1	318	20	337	4.95e-226	619	100
BMHFFIJJ_03819	mobileOG_000272297|HMPREF1204_00020|A0A412FKA9|transfer|conjugation|immedb|Homology	94.3	318	18	0	1	318	1	318	1.92e-223	612	100
BMHFFIJJ_03946	mobileOG_000010390|uvrB|A0A413IVS5|replication/recombination/repair|NA|GPD|Manual	97.3	677	17	1	1	676	1	677	0.0	1282	100
BMHFFIJJ_03946	mobileOG_000011963|uvrB|A0A174WSM1|replication/recombination/repair|NA|GPD|Manual	96.0	675	26	1	3	676	4	678	0.0	1261	99.7
BMHFFIJJ_03946	mobileOG_000011007|uvrB|A0A413VMY3|replication/recombination/repair|NA|GPD|Manual	93.5	675	43	1	1	675	1	674	0.0	1249	99.9
BMHFFIJJ_03954	mobileOG_000111370|uvrA|A0A413XI88|replication/recombination/repair|NA|GPD|Homology	91.5	939	80	0	2	940	3	941	0.0	1721	99.8
BMHFFIJJ_03954	mobileOG_000016647|uvrA_1|A0A108TCT5|replication/recombination/repair|NA|GPD|Manual	91.2	940	83	0	2	941	3	942	0.0	1713	99.9
BMHFFIJJ_04039	mobileOG_000273081|tnpB|A0A3E4Z9X3|integration/excision|NA|immedb|Homology	99.1	114	1	0	1	114	1	114	7.17e-80	232	100
BMHFFIJJ_04039	mobileOG_000086592|tnpB|A0A3E4Z9X3|integration/excision|NA|GPD|Homology	98.2	114	2	0	1	114	1	114	2.92e-79	230	100
BMHFFIJJ_04039	mobileOG_000270223|tnpB|A0A0J9FGY9|integration/excision|NA|immedb|Homology	98.2	113	2	0	1	113	1	113	1.69e-78	228	99.1
BMHFFIJJ_04039	mobileOG_000272215|tnpB|H1DEB3|integration/excision|NA|immedb|Homology	95.6	114	5	0	1	114	1	114	1.01e-77	226	100
BMHFFIJJ_04039	mobileOG_000272060|tnpB|C6ZBZ1|integration/excision|NA|immedb|Homology	94.7	114	6	0	1	114	1	114	2.81e-77	225	100
BMHFFIJJ_04039	mobileOG_000273368|tnpB|U6RDA9|integration/excision|NA|immedb|Homology	94.7	114	6	0	1	114	1	114	2.81e-77	225	100
BMHFFIJJ_04054	mobileOG_000272892|Bmul_4731|K5CRR1|integration/excision|NA|immedb|Homology	95.7	257	11	0	1	257	1	257	5.72e-174	481	100
BMHFFIJJ_04054	mobileOG_000211036|Bmul_4731|A0A174HT79|integration/excision|NA|GPD|Homology	96.5	257	9	0	1	257	1	257	1.15e-173	481	100
BMHFFIJJ_04054	mobileOG_000272895|Bmul_4731|K5CNI9|integration/excision|NA|immedb|Homology	95.3	257	12	0	1	257	1	257	1.15e-173	481	100
BMHFFIJJ_04058	mobileOG_000272324|dnaG|I9PZB2|replication/recombination/repair|NA|immedb|Homology	96.9	1084	34	0	1	1084	1	1084	0.0	2100	100
