Protein_name,Localization,Cell_wall_surface,Extracellular,Cytoplasmic,Cytoplasmic_Membrane,Outer_Membrane,Periplasmic
BMHFFIJJ_00001,Cytoplasmic Membrane,0.0000,0.0001,0.0002,0.9981,0.0017,0.0000
BMHFFIJJ_00002,Cytoplasmic,0.0006,0.0007,0.6170,0.1865,0.1948,0.0004
BMHFFIJJ_00003,Cytoplasmic,0.0014,0.0056,0.9563,0.0070,0.0245,0.0052
BMHFFIJJ_00004,Cytoplasmic,0.0000,0.0050,0.9913,0.0011,0.0016,0.0009
BMHFFIJJ_00005,Outer Membrane,0.0000,0.0000,0.0003,0.0164,0.9831,0.0002
BMHFFIJJ_00006,Cytoplasmic Membrane,0.0000,0.0008,0.0003,0.9941,0.0048,0.0000
BMHFFIJJ_00007,Cytoplasmic,0.0000,0.0007,0.9989,0.0002,0.0002,0.0000
BMHFFIJJ_00008,Cytoplasmic,0.0006,0.0035,0.8189,0.1252,0.0506,0.0012
BMHFFIJJ_00009,Cytoplasmic,0.0004,0.0006,0.5522,0.3439,0.0996,0.0032
BMHFFIJJ_00010,Cytoplasmic,0.0000,0.0008,0.9067,0.0824,0.0096,0.0005
BMHFFIJJ_00011,Cytoplasmic Membrane,0.0000,0.0001,0.0001,0.9992,0.0005,0.0000
BMHFFIJJ_00012,Cytoplasmic Membrane,0.0000,0.0001,0.0003,0.9977,0.0018,0.0001
BMHFFIJJ_00013,Cytoplasmic Membrane,0.0003,0.0197,0.0009,0.9697,0.0084,0.0010
BMHFFIJJ_00014,Cytoplasmic Membrane,0.0000,0.0000,0.0000,0.9984,0.0016,0.0000
BMHFFIJJ_00015,Cytoplasmic Membrane,0.0025,0.0036,0.3594,0.5528,0.0691,0.0126
BMHFFIJJ_00016,Cytoplasmic,0.0017,0.0050,0.4926,0.2687,0.2294,0.0026
BMHFFIJJ_00017,Cytoplasmic Membrane,0.0017,0.0025,0.4599,0.4920,0.0420,0.0020
BMHFFIJJ_00018,Cytoplasmic,0.0055,0.0080,0.9001,0.0748,0.0097,0.0019
BMHFFIJJ_00019,Cytoplasmic,0.0000,0.0014,0.8712,0.1066,0.0201,0.0006
BMHFFIJJ_00020,Cytoplasmic,0.0001,0.0013,0.9914,0.0045,0.0018,0.0009
BMHFFIJJ_00021,Outer Membrane,0.0002,0.0158,0.0244,0.2710,0.6723,0.0163
BMHFFIJJ_00022,Cytoplasmic,0.0000,0.0309,0.5806,0.3607,0.0239,0.0038
BMHFFIJJ_00023,Cytoplasmic,0.0002,0.0004,0.9590,0.0182,0.0221,0.0001
BMHFFIJJ_00024,Cytoplasmic,0.0000,0.0003,0.9258,0.0032,0.0698,0.0008
BMHFFIJJ_00025,Outer Membrane,0.0000,0.0000,0.0001,0.1011,0.8987,0.0000
BMHFFIJJ_00026,Cytoplasmic,0.0000,0.0099,0.9806,0.0016,0.0056,0.0022
BMHFFIJJ_00027,Cytoplasmic,0.0000,0.0002,0.9702,0.0008,0.0287,0.0001
BMHFFIJJ_00028,Cytoplasmic,0.0004,0.0044,0.9616,0.0054,0.0279,0.0003
BMHFFIJJ_00029,Cytoplasmic,0.0022,0.0890,0.8935,0.0040,0.0111,0.0000
BMHFFIJJ_00030,Extracellular,0.0011,0.4731,0.4499,0.0429,0.0327,0.0002
BMHFFIJJ_00031,Cytoplasmic,0.0000,0.1983,0.7357,0.0488,0.0171,0.0001
BMHFFIJJ_00032,Cytoplasmic,0.0009,0.0452,0.9140,0.0050,0.0342,0.0007
BMHFFIJJ_00033,Cytoplasmic,0.0000,0.0844,0.8225,0.0125,0.0805,0.0001
BMHFFIJJ_00034,Cytoplasmic,0.0000,0.0050,0.9398,0.0454,0.0076,0.0023
BMHFFIJJ_00035,Outer Membrane,0.0066,0.0076,0.0045,0.3538,0.5027,0.1248
BMHFFIJJ_00036,Cytoplasmic Membrane,0.0000,0.0001,0.0000,0.9854,0.0146,0.0000
BMHFFIJJ_00037,Cytoplasmic Membrane,0.0000,0.0001,0.0004,0.9959,0.0036,0.0000
BMHFFIJJ_00038,Cytoplasmic Membrane,0.0000,0.0000,0.0001,0.9982,0.0017,0.0000
BMHFFIJJ_00039,Cytoplasmic Membrane,0.0015,0.1190,0.1403,0.6250,0.1133,0.0009
BMHFFIJJ_00040,Cytoplasmic,0.0081,0.4310,0.4949,0.0045,0.0533,0.0083
BMHFFIJJ_00041,Cytoplasmic,0.0048,0.1161,0.7558,0.1134,0.0096,0.0003
BMHFFIJJ_00042,Cytoplasmic Membrane,0.0000,0.0005,0.0222,0.9671,0.0100,0.0003
BMHFFIJJ_00043,Cytoplasmic Membrane,0.0000,0.0004,0.0002,0.9965,0.0029,0.0000
BMHFFIJJ_00044,Cytoplasmic Membrane,0.0000,0.0007,0.0000,0.9940,0.0053,0.0000
BMHFFIJJ_00045,Cytoplasmic Membrane,0.0008,0.0666,0.1870,0.5481,0.1969,0.0007
BMHFFIJJ_00046,Cytoplasmic Membrane,0.0004,0.0016,0.0420,0.9381,0.0178,0.0001
BMHFFIJJ_00047,Cytoplasmic,0.0001,0.0007,0.9802,0.0069,0.0119,0.0003
BMHFFIJJ_00048,Cytoplasmic,0.0003,0.0276,0.5398,0.0598,0.3720,0.0005
BMHFFIJJ_00049,Cytoplasmic Membrane,0.0004,0.0784,0.1721,0.6406,0.1081,0.0004
BMHFFIJJ_00050,Cytoplasmic Membrane,0.0001,0.0002,0.1531,0.8114,0.0350,0.0002
BMHFFIJJ_00051,Cytoplasmic,0.0043,0.1039,0.8426,0.0148,0.0308,0.0036
BMHFFIJJ_00052,Cytoplasmic,0.0004,0.0378,0.9135,0.0038,0.0393,0.0052
BMHFFIJJ_00053,Cytoplasmic,0.0014,0.1675,0.6811,0.0002,0.1405,0.0093
BMHFFIJJ_00054,Cytoplasmic,0.0012,0.0814,0.8306,0.0563,0.0300,0.0005
BMHFFIJJ_00055,Cytoplasmic,0.0004,0.0038,0.9749,0.0089,0.0104,0.0015
BMHFFIJJ_00056,Outer Membrane,0.0096,0.0090,0.2531,0.0101,0.7169,0.0013
BMHFFIJJ_00057,Cytoplasmic Membrane,0.0002,0.1382,0.0058,0.8379,0.0179,0.0000
BMHFFIJJ_00058,Cytoplasmic Membrane,0.0000,0.0036,0.0009,0.9889,0.0061,0.0004
BMHFFIJJ_00059,Cytoplasmic,0.0000,0.0005,0.9958,0.0009,0.0026,0.0002
BMHFFIJJ_00060,Cytoplasmic,0.0000,0.0001,0.9779,0.0003,0.0199,0.0018
BMHFFIJJ_00061,Cytoplasmic,0.0001,0.0045,0.9456,0.0484,0.0013,0.0001
BMHFFIJJ_00062,Outer Membrane,0.0056,0.0099,0.0936,0.0318,0.5767,0.2823
BMHFFIJJ_00063,Cytoplasmic,0.0001,0.3536,0.6155,0.0099,0.0201,0.0009
BMHFFIJJ_00064,Cytoplasmic,0.0004,0.0019,0.5046,0.0200,0.4694,0.0037
BMHFFIJJ_00065,Cytoplasmic Membrane,0.0002,0.0003,0.0072,0.9509,0.0397,0.0017
BMHFFIJJ_00066,Cytoplasmic,0.0001,0.0006,0.9727,0.0044,0.0221,0.0001
BMHFFIJJ_00067,Cytoplasmic Membrane,0.0000,0.0000,0.0000,0.9999,0.0001,0.0000
BMHFFIJJ_00069,Outer Membrane,0.0035,0.0564,0.0019,0.0312,0.6090,0.2980
BMHFFIJJ_00070,Cytoplasmic,0.0002,0.0079,0.9827,0.0054,0.0022,0.0016
BMHFFIJJ_00071,Cytoplasmic,0.0004,0.0047,0.9900,0.0044,0.0004,0.0001
BMHFFIJJ_00072,Cytoplasmic,0.0000,0.0015,0.9925,0.0002,0.0039,0.0019
BMHFFIJJ_00073,Cytoplasmic,0.0000,0.0002,0.9894,0.0001,0.0021,0.0082
BMHFFIJJ_00074,Cytoplasmic,0.0010,0.2155,0.7005,0.0116,0.0661,0.0054
BMHFFIJJ_00075,Cytoplasmic,0.0021,0.3133,0.6719,0.0019,0.0102,0.0006
BMHFFIJJ_00076,Cytoplasmic,0.0004,0.0093,0.7860,0.1946,0.0091,0.0005
BMHFFIJJ_00077,Cytoplasmic,0.0002,0.0002,0.4240,0.2403,0.0280,0.3072
BMHFFIJJ_00078,Periplasmic,0.0000,0.0134,0.0015,0.0041,0.0025,0.9786
BMHFFIJJ_00079,Cytoplasmic Membrane,0.0001,0.0004,0.0013,0.9894,0.0086,0.0001
BMHFFIJJ_00080,Cytoplasmic,0.0000,0.0001,0.9892,0.0002,0.0103,0.0001
BMHFFIJJ_00081,Cytoplasmic,0.0001,0.0004,0.9747,0.0008,0.0104,0.0135
BMHFFIJJ_00082,Cytoplasmic,0.0005,0.0083,0.9893,0.0016,0.0002,0.0001
BMHFFIJJ_00083,Cytoplasmic,0.0005,0.0043,0.8502,0.0804,0.0633,0.0012
BMHFFIJJ_00084,Cytoplasmic,0.0001,0.0004,0.9902,0.0025,0.0064,0.0003
BMHFFIJJ_00085,Cytoplasmic,0.0001,0.0009,0.9427,0.0016,0.0504,0.0043
BMHFFIJJ_00086,Cytoplasmic Membrane,0.0000,0.0000,0.0000,0.9995,0.0005,0.0000
BMHFFIJJ_00087,Extracellular,0.0001,0.4041,0.0217,0.3963,0.1755,0.0023
BMHFFIJJ_00088,Cytoplasmic,0.0000,0.0001,0.9525,0.0004,0.0465,0.0005
BMHFFIJJ_00089,Cytoplasmic,0.0002,0.0013,0.9558,0.0182,0.0144,0.0100
BMHFFIJJ_00090,Cytoplasmic Membrane,0.0000,0.0003,0.0000,0.9995,0.0002,0.0000
BMHFFIJJ_00091,Outer Membrane,0.0002,0.0005,0.0039,0.4299,0.5538,0.0116
BMHFFIJJ_00092,Cytoplasmic Membrane,0.0005,0.0788,0.3263,0.5769,0.0136,0.0039
BMHFFIJJ_00093,Cytoplasmic,0.0000,0.0004,0.9918,0.0064,0.0012,0.0003
BMHFFIJJ_00094,Outer Membrane,0.0000,0.0000,0.0001,0.0451,0.9547,0.0002
BMHFFIJJ_00095,Outer Membrane,0.0002,0.0082,0.0100,0.2655,0.7152,0.0009
BMHFFIJJ_00096,Outer Membrane,0.0000,0.0036,0.0004,0.0430,0.9509,0.0021
BMHFFIJJ_00097,Cytoplasmic Membrane,0.0000,0.0001,0.0000,0.9997,0.0002,0.0000
BMHFFIJJ_00098,Cytoplasmic,0.0002,0.1161,0.8271,0.0532,0.0033,0.0002
BMHFFIJJ_00099,Cytoplasmic Membrane,0.0000,0.0000,0.0000,0.9980,0.0019,0.0000
BMHFFIJJ_00100,Cytoplasmic,0.0003,0.0061,0.9890,0.0014,0.0032,0.0000
BMHFFIJJ_00103,Cytoplasmic,0.0010,0.0524,0.9352,0.0067,0.0038,0.0008
BMHFFIJJ_00104,Cytoplasmic,0.0032,0.3845,0.5842,0.0155,0.0120,0.0006
BMHFFIJJ_00105,Cytoplasmic,0.0001,0.0023,0.9752,0.0008,0.0208,0.0007
BMHFFIJJ_00106,Cytoplasmic,0.0010,0.0084,0.9562,0.0107,0.0134,0.0103
BMHFFIJJ_00107,Cytoplasmic,0.0001,0.0002,0.9949,0.0001,0.0043,0.0004
BMHFFIJJ_00108,Outer Membrane,0.0226,0.0358,0.1920,0.0066,0.7414,0.0017
BMHFFIJJ_00109,Cytoplasmic,0.0001,0.2713,0.6534,0.0314,0.0431,0.0006
BMHFFIJJ_00110,Extracellular,0.0040,0.5120,0.0312,0.0817,0.3649,0.0060
BMHFFIJJ_00111,Cytoplasmic Membrane,0.0001,0.0234,0.0001,0.9737,0.0028,0.0000
BMHFFIJJ_00112,Cytoplasmic Membrane,0.0001,0.0137,0.0002,0.9658,0.0199,0.0002
BMHFFIJJ_00113,Extracellular,0.0010,0.7948,0.0152,0.0820,0.1064,0.0006
BMHFFIJJ_00114,Extracellular,0.0015,0.9887,0.0014,0.0001,0.0079,0.0004
BMHFFIJJ_00115,Cytoplasmic,0.0025,0.1870,0.7543,0.0009,0.0145,0.0407
BMHFFIJJ_00116,Cytoplasmic,0.0023,0.3777,0.6003,0.0122,0.0034,0.0041
BMHFFIJJ_00117,Cytoplasmic,0.0017,0.2157,0.7613,0.0012,0.0080,0.0121
BMHFFIJJ_00118,Cytoplasmic Membrane,0.0000,0.0000,0.0000,0.9991,0.0009,0.0000
BMHFFIJJ_00119,Cytoplasmic,0.0001,0.0042,0.9207,0.0017,0.0715,0.0018
BMHFFIJJ_00120,Cytoplasmic,0.0010,0.0015,0.9110,0.0275,0.0582,0.0007
BMHFFIJJ_00121,Cytoplasmic,0.0000,0.0002,0.9985,0.0001,0.0010,0.0002
BMHFFIJJ_00122,Cytoplasmic,0.0003,0.0781,0.8213,0.0911,0.0089,0.0003
BMHFFIJJ_00125,Cytoplasmic,0.0010,0.3063,0.6799,0.0068,0.0043,0.0017
BMHFFIJJ_00126,Cytoplasmic,0.0022,0.4310,0.5311,0.0282,0.0072,0.0004
BMHFFIJJ_00127,Cytoplasmic,0.0084,0.1325,0.7299,0.0046,0.1215,0.0030
BMHFFIJJ_00128,Cytoplasmic,0.0000,0.0001,0.9963,0.0008,0.0024,0.0005
BMHFFIJJ_00129,Cytoplasmic,0.0001,0.0026,0.7193,0.2560,0.0217,0.0002
BMHFFIJJ_00130,Cytoplasmic,0.0000,0.0000,0.9979,0.0000,0.0020,0.0000
BMHFFIJJ_00131,Cytoplasmic Membrane,0.0000,0.0000,0.0000,0.9998,0.0002,0.0000
BMHFFIJJ_00132,Cytoplasmic,0.0000,0.0011,0.9890,0.0037,0.0037,0.0024
BMHFFIJJ_00133,Cytoplasmic,0.0002,0.0043,0.9943,0.0005,0.0004,0.0004
BMHFFIJJ_00134,Cytoplasmic,0.0002,0.0077,0.9618,0.0025,0.0267,0.0011
BMHFFIJJ_00135,Extracellular,0.0002,0.5644,0.3923,0.0373,0.0059,0.0000
BMHFFIJJ_00136,Cytoplasmic Membrane,0.0017,0.1746,0.0572,0.7579,0.0084,0.0002
BMHFFIJJ_00137,Cytoplasmic,0.0005,0.0146,0.7886,0.0561,0.1391,0.0012
BMHFFIJJ_00138,Cytoplasmic,0.0007,0.0121,0.9590,0.0027,0.0253,0.0002
BMHFFIJJ_00139,Cytoplasmic Membrane,0.0014,0.3657,0.0023,0.5900,0.0403,0.0002
BMHFFIJJ_00140,Cytoplasmic,0.0013,0.0683,0.8833,0.0141,0.0314,0.0016
BMHFFIJJ_00141,Cytoplasmic,0.0004,0.0021,0.5595,0.3795,0.0563,0.0022
BMHFFIJJ_00142,Cytoplasmic Membrane,0.0000,0.0000,0.0000,0.9999,0.0001,0.0000
BMHFFIJJ_00143,Cytoplasmic,0.0002,0.0894,0.5253,0.3724,0.0124,0.0003
BMHFFIJJ_00144,Cytoplasmic,0.0005,0.0078,0.9873,0.0012,0.0030,0.0001
BMHFFIJJ_00145,Outer Membrane,0.0002,0.0093,0.0038,0.1376,0.8444,0.0047
BMHFFIJJ_00146,Cytoplasmic,0.0002,0.0008,0.9863,0.0006,0.0114,0.0006
BMHFFIJJ_00147,Cytoplasmic,0.0000,0.0000,0.9541,0.0207,0.0250,0.0000
BMHFFIJJ_00148,Extracellular,0.0001,0.5448,0.1127,0.1964,0.1451,0.0010
BMHFFIJJ_00149,Cytoplasmic,0.0000,0.0008,0.9825,0.0150,0.0012,0.0004
BMHFFIJJ_00150,Cytoplasmic,0.0000,0.0002,0.9617,0.0242,0.0135,0.0004
BMHFFIJJ_00151,Cytoplasmic,0.0003,0.0065,0.8969,0.0439,0.0213,0.0312
BMHFFIJJ_00152,Cytoplasmic,0.0000,0.0002,0.9911,0.0011,0.0075,0.0001
BMHFFIJJ_00153,Cytoplasmic,0.0003,0.0006,0.9882,0.0067,0.0040,0.0002
BMHFFIJJ_00154,Cytoplasmic,0.0003,0.0011,0.9347,0.0151,0.0481,0.0007
BMHFFIJJ_00155,Cytoplasmic,0.0000,0.0001,0.9875,0.0000,0.0121,0.0003
BMHFFIJJ_00156,Cytoplasmic,0.0000,0.0001,0.9962,0.0003,0.0033,0.0000
BMHFFIJJ_00157,Cytoplasmic,0.0001,0.0006,0.9888,0.0003,0.0097,0.0004
BMHFFIJJ_00158,Cytoplasmic,0.0005,0.0073,0.9880,0.0012,0.0029,0.0001
BMHFFIJJ_00159,Cytoplasmic,0.0010,0.0524,0.9352,0.0067,0.0038,0.0008
BMHFFIJJ_00160,Cytoplasmic,0.0032,0.3845,0.5842,0.0155,0.0120,0.0006
BMHFFIJJ_00164,Outer Membrane,0.0000,0.0001,0.0004,0.0564,0.9429,0.0003
BMHFFIJJ_00165,Cytoplasmic,0.0005,0.0031,0.8677,0.0037,0.1241,0.0009
BMHFFIJJ_00166,Cytoplasmic,0.0012,0.0017,0.9274,0.0112,0.0578,0.0007
BMHFFIJJ_00167,Cytoplasmic,0.0003,0.0013,0.9107,0.0047,0.0830,0.0001
BMHFFIJJ_00168,Outer Membrane,0.0024,0.0170,0.0040,0.0268,0.5795,0.3703
BMHFFIJJ_00169,Cytoplasmic,0.0000,0.0000,0.9742,0.0001,0.0255,0.0002
BMHFFIJJ_00170,Cytoplasmic,0.0001,0.0002,0.9883,0.0026,0.0087,0.0001
BMHFFIJJ_00171,Cytoplasmic Membrane,0.0000,0.0000,0.0000,0.9994,0.0006,0.0000
BMHFFIJJ_00172,Periplasmic,0.0029,0.2137,0.0040,0.1072,0.2132,0.4590
BMHFFIJJ_00173,Outer Membrane,0.0005,0.0339,0.0000,0.0288,0.9337,0.0031
BMHFFIJJ_00174,Outer Membrane,0.0002,0.0006,0.0164,0.4746,0.4986,0.0095
BMHFFIJJ_00175,Cytoplasmic,0.0021,0.0228,0.8976,0.0339,0.0401,0.0035
BMHFFIJJ_00176,Cytoplasmic,0.0000,0.0001,0.9965,0.0007,0.0026,0.0001
BMHFFIJJ_00177,Outer Membrane,0.0000,0.0001,0.0265,0.0000,0.9731,0.0003
BMHFFIJJ_00178,Cytoplasmic,0.0001,0.0003,0.5605,0.0001,0.4332,0.0058
BMHFFIJJ_00179,Cytoplasmic,0.0001,0.0002,0.5493,0.0018,0.4061,0.0425
BMHFFIJJ_00180,Cytoplasmic,0.0002,0.0004,0.5034,0.3353,0.1598,0.0009
BMHFFIJJ_00181,Cytoplasmic,0.0003,0.0014,0.9596,0.0257,0.0109,0.0019
BMHFFIJJ_00182,Cytoplasmic,0.0016,0.0019,0.9479,0.0014,0.0461,0.0010
BMHFFIJJ_00183,Cytoplasmic Membrane,0.0001,0.1915,0.0014,0.7205,0.0864,0.0001
BMHFFIJJ_00184,Cytoplasmic,0.0013,0.0024,0.8465,0.0494,0.0984,0.0021
BMHFFIJJ_00185,Cytoplasmic Membrane,0.0001,0.0004,0.4122,0.5726,0.0139,0.0008
BMHFFIJJ_00186,Cytoplasmic Membrane,0.0000,0.0002,0.0000,0.9981,0.0017,0.0000
BMHFFIJJ_00187,Cytoplasmic Membrane,0.0000,0.0000,0.0000,0.9959,0.0041,0.0000
BMHFFIJJ_00188,Cytoplasmic Membrane,0.0000,0.0000,0.0000,0.9987,0.0013,0.0000
BMHFFIJJ_00189,Periplasmic,0.0008,0.0076,0.0156,0.1400,0.1584,0.6776
BMHFFIJJ_00190,Cytoplasmic Membrane,0.0009,0.0018,0.0004,0.8593,0.1367,0.0009
BMHFFIJJ_00191,Cytoplasmic Membrane,0.0003,0.0014,0.0001,0.8162,0.1810,0.0009
BMHFFIJJ_00192,Cytoplasmic,0.0003,0.0120,0.9611,0.0015,0.0250,0.0002
BMHFFIJJ_00193,Cytoplasmic,0.0013,0.1042,0.8455,0.0148,0.0258,0.0084
BMHFFIJJ_00194,Cytoplasmic,0.0007,0.2391,0.7308,0.0030,0.0249,0.0014
BMHFFIJJ_00196,Cytoplasmic Membrane,0.0009,0.0022,0.0050,0.9027,0.0888,0.0004
BMHFFIJJ_00197,Cytoplasmic,0.0000,0.0001,0.9988,0.0001,0.0009,0.0001
BMHFFIJJ_00198,Periplasmic,0.0003,0.0442,0.0045,0.1146,0.1666,0.6698
BMHFFIJJ_00199,Cytoplasmic Membrane,0.0000,0.0001,0.0010,0.9962,0.0026,0.0001
BMHFFIJJ_00200,Cytoplasmic Membrane,0.0000,0.0002,0.0000,0.9989,0.0008,0.0000
BMHFFIJJ_00201,Cytoplasmic Membrane,0.0000,0.0000,0.0006,0.9985,0.0009,0.0000
BMHFFIJJ_00202,Cytoplasmic Membrane,0.0000,0.0001,0.0004,0.9977,0.0019,0.0000
BMHFFIJJ_00203,Extracellular,0.0142,0.3790,0.1752,0.0041,0.2679,0.1595
BMHFFIJJ_00204,Outer Membrane,0.0068,0.2490,0.0014,0.0006,0.7406,0.0017
BMHFFIJJ_00205,Outer Membrane,0.0011,0.2567,0.0002,0.0108,0.7305,0.0006
BMHFFIJJ_00206,Outer Membrane,0.0001,0.2036,0.0001,0.0063,0.7794,0.0104
BMHFFIJJ_00207,Outer Membrane,0.0000,0.0002,0.0001,0.0005,0.9991,0.0001
BMHFFIJJ_00208,Cytoplasmic Membrane,0.0015,0.0123,0.0009,0.8922,0.0892,0.0039
BMHFFIJJ_00209,Cytoplasmic,0.0025,0.0249,0.5026,0.2902,0.1781,0.0017
BMHFFIJJ_00210,Extracellular,0.0007,0.5088,0.2792,0.1992,0.0035,0.0086
BMHFFIJJ_00211,Cytoplasmic,0.0001,0.0009,0.9956,0.0022,0.0013,0.0000
BMHFFIJJ_00212,Cytoplasmic,0.0004,0.0283,0.8854,0.0443,0.0326,0.0091
BMHFFIJJ_00213,Periplasmic,0.0013,0.1051,0.0630,0.0203,0.0186,0.7917
BMHFFIJJ_00214,Cytoplasmic,0.0001,0.1163,0.7060,0.1580,0.0183,0.0013
BMHFFIJJ_00215,Cytoplasmic Membrane,0.0000,0.0000,0.0000,0.9990,0.0009,0.0000
BMHFFIJJ_00216,Cytoplasmic,0.0014,0.0056,0.8980,0.0764,0.0134,0.0051
BMHFFIJJ_00217,Cytoplasmic,0.0035,0.0122,0.7926,0.1706,0.0152,0.0059
BMHFFIJJ_00218,Cytoplasmic,0.0005,0.2118,0.5592,0.1229,0.0531,0.0524
BMHFFIJJ_00219,Extracellular,0.0002,0.5411,0.1406,0.1242,0.1854,0.0085
BMHFFIJJ_00220,Cytoplasmic,0.0007,0.0386,0.8601,0.0863,0.0126,0.0017
BMHFFIJJ_00221,Cytoplasmic,0.0006,0.4444,0.4720,0.0703,0.0108,0.0019
BMHFFIJJ_00222,Cytoplasmic,0.0025,0.3750,0.5823,0.0270,0.0129,0.0002
BMHFFIJJ_00223,Cytoplasmic,0.0002,0.0213,0.7304,0.2372,0.0107,0.0003
BMHFFIJJ_00224,Cytoplasmic,0.0004,0.1251,0.6748,0.1879,0.0104,0.0015
BMHFFIJJ_00225,Cytoplasmic,0.0001,0.0002,0.7388,0.0007,0.2597,0.0006
BMHFFIJJ_00226,Cytoplasmic,0.0009,0.0024,0.9369,0.0032,0.0535,0.0031
BMHFFIJJ_00227,Cytoplasmic Membrane,0.0000,0.0485,0.0001,0.9476,0.0037,0.0000
BMHFFIJJ_00228,Cytoplasmic,0.0006,0.0044,0.9595,0.0099,0.0255,0.0001
BMHFFIJJ_00229,Extracellular,0.0022,0.4918,0.0543,0.1042,0.3156,0.0319
BMHFFIJJ_00230,Cytoplasmic,0.0001,0.1150,0.6275,0.2382,0.0183,0.0009
BMHFFIJJ_00231,Extracellular,0.0003,0.4838,0.4208,0.0929,0.0021,0.0001
BMHFFIJJ_00232,Cytoplasmic Membrane,0.0002,0.0079,0.0016,0.9774,0.0120,0.0008
BMHFFIJJ_00233,Cytoplasmic,0.0006,0.0995,0.8657,0.0116,0.0225,0.0002
BMHFFIJJ_00234,Cytoplasmic,0.0008,0.0760,0.8836,0.0034,0.0346,0.0016
BMHFFIJJ_00235,Outer Membrane,0.0000,0.0001,0.0007,0.0142,0.9846,0.0003
BMHFFIJJ_00236,Cytoplasmic,0.0001,0.0023,0.9695,0.0111,0.0136,0.0034
BMHFFIJJ_00237,Cytoplasmic Membrane,0.0000,0.0003,0.1898,0.8026,0.0068,0.0003
BMHFFIJJ_00238,Cytoplasmic Membrane,0.0000,0.0000,0.0000,0.9998,0.0002,0.0000
BMHFFIJJ_00239,Outer Membrane,0.0001,0.0025,0.0004,0.1650,0.8303,0.0017
BMHFFIJJ_00240,Outer Membrane,0.0000,0.0000,0.0001,0.0004,0.9995,0.0000
BMHFFIJJ_00241,Cytoplasmic,0.0010,0.0477,0.9139,0.0190,0.0177,0.0007
BMHFFIJJ_00242,Outer Membrane,0.0009,0.0624,0.0004,0.1037,0.8184,0.0142
BMHFFIJJ_00243,Outer Membrane,0.0027,0.4151,0.0001,0.0054,0.5712,0.0055
BMHFFIJJ_00244,Outer Membrane,0.0075,0.3473,0.0004,0.0127,0.6274,0.0046
BMHFFIJJ_00245,Extracellular,0.0016,0.8276,0.0000,0.0035,0.1506,0.0167
BMHFFIJJ_00246,Extracellular,0.0001,0.6353,0.1632,0.1604,0.0355,0.0054
BMHFFIJJ_00247,Cytoplasmic,0.0004,0.0633,0.8909,0.0294,0.0156,0.0004
BMHFFIJJ_00248,Cytoplasmic,0.0001,0.3882,0.5406,0.0652,0.0046,0.0012
BMHFFIJJ_00249,Cytoplasmic,0.0011,0.3206,0.5523,0.0076,0.1153,0.0030
BMHFFIJJ_00250,Cytoplasmic,0.0504,0.3731,0.5240,0.0025,0.0455,0.0045
BMHFFIJJ_00251,Cytoplasmic,0.0022,0.0844,0.5462,0.0180,0.3477,0.0016
BMHFFIJJ_00252,Cytoplasmic Membrane,0.0000,0.0356,0.0003,0.9564,0.0071,0.0006
BMHFFIJJ_00253,Extracellular,0.0008,0.9891,0.0055,0.0001,0.0037,0.0007
BMHFFIJJ_00254,Cytoplasmic,0.0356,0.3377,0.4146,0.0052,0.1459,0.0610
BMHFFIJJ_00255,Extracellular,0.0047,0.8191,0.0346,0.0860,0.0541,0.0015
BMHFFIJJ_00256,Cytoplasmic,0.0019,0.2537,0.7033,0.0256,0.0144,0.0011
BMHFFIJJ_00257,Extracellular,0.0049,0.5239,0.0149,0.2653,0.1901,0.0009
BMHFFIJJ_00258,Extracellular,0.0080,0.8485,0.0030,0.0115,0.1060,0.0230
BMHFFIJJ_00259,Extracellular,0.0018,0.8262,0.0005,0.0014,0.1454,0.0247
BMHFFIJJ_00260,Cytoplasmic Membrane,0.0003,0.0017,0.0041,0.9808,0.0127,0.0004
BMHFFIJJ_00261,Extracellular,0.0154,0.5153,0.4036,0.0083,0.0509,0.0065
BMHFFIJJ_00262,Extracellular,0.0159,0.8843,0.0734,0.0028,0.0210,0.0026
BMHFFIJJ_00263,Cytoplasmic,0.0001,0.0156,0.9615,0.0054,0.0104,0.0070
BMHFFIJJ_00264,Cytoplasmic,0.0009,0.1620,0.7677,0.0023,0.0233,0.0437
BMHFFIJJ_00265,Periplasmic,0.0036,0.1371,0.1366,0.0172,0.2669,0.4387
BMHFFIJJ_00266,Cytoplasmic,0.0005,0.0061,0.9745,0.0076,0.0079,0.0035
BMHFFIJJ_00267,Cytoplasmic,0.0000,0.1588,0.6768,0.0807,0.0832,0.0005
BMHFFIJJ_00268,Cytoplasmic,0.0003,0.4700,0.5053,0.0182,0.0055,0.0007
BMHFFIJJ_00269,Cytoplasmic Membrane,0.0001,0.2137,0.0877,0.6569,0.0343,0.0073
BMHFFIJJ_00270,Cytoplasmic,0.0000,0.1512,0.8182,0.0100,0.0192,0.0014
BMHFFIJJ_00271,Cytoplasmic,0.0006,0.1835,0.8028,0.0041,0.0088,0.0002
BMHFFIJJ_00272,Cytoplasmic,0.0028,0.0071,0.8337,0.0543,0.1003,0.0019
BMHFFIJJ_00273,Cytoplasmic,0.0000,0.0001,0.9455,0.0028,0.0515,0.0000
BMHFFIJJ_00274,Cytoplasmic,0.0008,0.0383,0.9417,0.0022,0.0166,0.0003
BMHFFIJJ_00275,Cytoplasmic,0.0084,0.1325,0.7299,0.0046,0.1215,0.0030
BMHFFIJJ_00276,Cytoplasmic,0.0001,0.0703,0.9174,0.0014,0.0105,0.0002
BMHFFIJJ_00277,Cytoplasmic,0.0002,0.0584,0.9231,0.0087,0.0094,0.0002
BMHFFIJJ_00278,Cytoplasmic,0.0003,0.2411,0.7293,0.0066,0.0214,0.0012
BMHFFIJJ_00279,Cytoplasmic,0.0012,0.0211,0.9333,0.0040,0.0383,0.0020
BMHFFIJJ_00280,Cytoplasmic Membrane,0.0001,0.0013,0.0002,0.9951,0.0034,0.0000
BMHFFIJJ_00281,Outer Membrane,0.0025,0.3061,0.1755,0.1095,0.3780,0.0283
BMHFFIJJ_00282,Outer Membrane,0.0000,0.0000,0.0001,0.0595,0.9402,0.0002
BMHFFIJJ_00283,Periplasmic,0.0130,0.0989,0.0046,0.0323,0.2108,0.6405
BMHFFIJJ_00284,Cytoplasmic,0.0003,0.0615,0.9228,0.0094,0.0042,0.0018
BMHFFIJJ_00285,Cytoplasmic Membrane,0.0004,0.0396,0.0069,0.7754,0.1769,0.0007
BMHFFIJJ_00286,Cytoplasmic,0.0002,0.0214,0.9594,0.0002,0.0185,0.0003
BMHFFIJJ_00287,Cytoplasmic Membrane,0.0000,0.0009,0.0004,0.9898,0.0084,0.0005
BMHFFIJJ_00288,Outer Membrane,0.0006,0.0474,0.0007,0.4529,0.4957,0.0027
BMHFFIJJ_00289,Cytoplasmic,0.0001,0.1283,0.8161,0.0487,0.0061,0.0006
BMHFFIJJ_00290,Cytoplasmic Membrane,0.0000,0.0497,0.0006,0.9394,0.0101,0.0002
BMHFFIJJ_00291,Extracellular,0.0056,0.6904,0.0123,0.0079,0.1669,0.1169
BMHFFIJJ_00292,Extracellular,0.0080,0.8208,0.0046,0.0056,0.1557,0.0053
BMHFFIJJ_00293,Extracellular,0.0006,0.9901,0.0005,0.0006,0.0070,0.0012
BMHFFIJJ_00294,Cytoplasmic Membrane,0.0002,0.0102,0.0315,0.9275,0.0304,0.0002
BMHFFIJJ_00295,Cytoplasmic Membrane,0.0017,0.0430,0.0050,0.8476,0.1019,0.0008
BMHFFIJJ_00296,Extracellular,0.0000,0.5354,0.0001,0.4274,0.0370,0.0001
BMHFFIJJ_00297,Cytoplasmic Membrane,0.0000,0.3499,0.0000,0.6247,0.0254,0.0000
BMHFFIJJ_00298,Cytoplasmic Membrane,0.0000,0.0037,0.0005,0.9920,0.0038,0.0000
BMHFFIJJ_00299,Cytoplasmic,0.0001,0.0255,0.9694,0.0002,0.0033,0.0015
BMHFFIJJ_00300,Cytoplasmic,0.0001,0.0061,0.9790,0.0054,0.0095,0.0000
BMHFFIJJ_00301,Cytoplasmic,0.0003,0.0142,0.9311,0.0521,0.0023,0.0001
BMHFFIJJ_00302,Cytoplasmic,0.0004,0.0002,0.9733,0.0064,0.0195,0.0002
BMHFFIJJ_00303,Cytoplasmic,0.0008,0.0637,0.8351,0.0116,0.0881,0.0008
BMHFFIJJ_00304,Extracellular,0.0000,0.5165,0.0007,0.3210,0.1618,0.0000
BMHFFIJJ_00305,Cytoplasmic Membrane,0.0000,0.0062,0.0001,0.9840,0.0098,0.0000
BMHFFIJJ_00307,Cytoplasmic,0.0009,0.0014,0.9333,0.0239,0.0399,0.0006
BMHFFIJJ_00308,Cytoplasmic,0.0002,0.0116,0.9808,0.0055,0.0019,0.0000
BMHFFIJJ_00309,Cytoplasmic,0.0001,0.0004,0.9980,0.0006,0.0009,0.0000
BMHFFIJJ_00310,Extracellular,0.0007,0.4573,0.3449,0.1755,0.0213,0.0003
BMHFFIJJ_00311,Cytoplasmic,0.0026,0.3396,0.3647,0.1349,0.1564,0.0018
BMHFFIJJ_00312,Cytoplasmic,0.0005,0.1326,0.7931,0.0011,0.0699,0.0028
BMHFFIJJ_00313,Cytoplasmic,0.0026,0.0132,0.9167,0.0254,0.0410,0.0011
BMHFFIJJ_00314,Cytoplasmic,0.0020,0.1258,0.7884,0.0422,0.0397,0.0018
BMHFFIJJ_00315,Cytoplasmic,0.0005,0.0176,0.9734,0.0009,0.0075,0.0001
BMHFFIJJ_00316,Cytoplasmic Membrane,0.0007,0.0995,0.0093,0.8828,0.0076,0.0000
BMHFFIJJ_00317,Cytoplasmic Membrane,0.0004,0.0437,0.0019,0.9112,0.0425,0.0003
BMHFFIJJ_00318,Outer Membrane,0.0000,0.0000,0.0011,0.2690,0.7292,0.0007
BMHFFIJJ_00319,Extracellular,0.0012,0.6817,0.2853,0.0025,0.0108,0.0185
BMHFFIJJ_00320,Outer Membrane,0.0003,0.0211,0.0002,0.1473,0.8282,0.0029
BMHFFIJJ_00321,Outer Membrane,0.0000,0.0000,0.0003,0.0228,0.9767,0.0001
BMHFFIJJ_00322,Periplasmic,0.0023,0.0425,0.0154,0.0314,0.3674,0.5410
BMHFFIJJ_00323,Cytoplasmic Membrane,0.0003,0.0026,0.2714,0.6176,0.0980,0.0101
BMHFFIJJ_00324,Cytoplasmic Membrane,0.0001,0.0037,0.0027,0.9681,0.0244,0.0010
BMHFFIJJ_00325,Cytoplasmic Membrane,0.0015,0.0105,0.0042,0.6149,0.3626,0.0064
BMHFFIJJ_00326,Cytoplasmic Membrane,0.0001,0.2366,0.0039,0.7334,0.0259,0.0001
BMHFFIJJ_00327,Extracellular,0.0024,0.5987,0.0010,0.0046,0.3761,0.0173
BMHFFIJJ_00328,Outer Membrane,0.0006,0.0043,0.0006,0.2551,0.6898,0.0497
BMHFFIJJ_00329,Cytoplasmic,0.0000,0.0005,0.9093,0.0664,0.0233,0.0004
BMHFFIJJ_00330,Cytoplasmic Membrane,0.0001,0.0077,0.0066,0.9807,0.0049,0.0000
BMHFFIJJ_00331,Periplasmic,0.0001,0.1811,0.0002,0.1607,0.0620,0.5959
BMHFFIJJ_00332,Cytoplasmic Membrane,0.0001,0.0008,0.0046,0.9935,0.0010,0.0000
BMHFFIJJ_00333,Cytoplasmic,0.0001,0.0007,0.9946,0.0017,0.0021,0.0009
BMHFFIJJ_00334,Cytoplasmic,0.0000,0.0057,0.9619,0.0294,0.0013,0.0016
BMHFFIJJ_00335,Cytoplasmic,0.0003,0.0032,0.8959,0.0166,0.0829,0.0011
BMHFFIJJ_00336,Cytoplasmic,0.0024,0.0576,0.9216,0.0026,0.0079,0.0078
BMHFFIJJ_00337,Cytoplasmic Membrane,0.0001,0.0020,0.0010,0.9870,0.0099,0.0000
BMHFFIJJ_00338,Extracellular,0.1654,0.4347,0.0889,0.0008,0.3033,0.0068
BMHFFIJJ_00339,Cytoplasmic Membrane,0.0001,0.0081,0.0012,0.9781,0.0122,0.0003
BMHFFIJJ_00340,Extracellular,0.0475,0.8074,0.0266,0.0010,0.0914,0.0262
BMHFFIJJ_00341,Outer Membrane,0.0111,0.1186,0.2550,0.1927,0.2966,0.1260
BMHFFIJJ_00342,Cytoplasmic,0.0513,0.0438,0.4302,0.0221,0.3760,0.0766
BMHFFIJJ_00343,Cytoplasmic,0.0004,0.0028,0.9813,0.0095,0.0059,0.0002
BMHFFIJJ_00344,Cytoplasmic,0.0001,0.0270,0.9085,0.0288,0.0353,0.0004
BMHFFIJJ_00345,Cytoplasmic,0.0040,0.0082,0.8817,0.0609,0.0447,0.0004
BMHFFIJJ_00346,Cytoplasmic,0.0005,0.0019,0.9802,0.0092,0.0055,0.0026
BMHFFIJJ_00347,Cytoplasmic,0.0001,0.0117,0.9765,0.0062,0.0053,0.0001
BMHFFIJJ_00348,Cytoplasmic,0.0037,0.0353,0.9139,0.0221,0.0228,0.0021
BMHFFIJJ_00349,Cytoplasmic,0.0001,0.0036,0.9893,0.0005,0.0050,0.0014
BMHFFIJJ_00350,Cytoplasmic,0.0000,0.0021,0.9954,0.0013,0.0012,0.0000
BMHFFIJJ_00351,Cytoplasmic,0.0000,0.0010,0.9890,0.0081,0.0018,0.0001
BMHFFIJJ_00352,Cytoplasmic,0.0001,0.0019,0.9959,0.0015,0.0006,0.0000
BMHFFIJJ_00353,Cytoplasmic,0.0005,0.0416,0.8952,0.0504,0.0085,0.0039
BMHFFIJJ_00354,Cytoplasmic,0.0002,0.0229,0.7352,0.2121,0.0271,0.0025
BMHFFIJJ_00355,Cytoplasmic,0.0007,0.4502,0.4883,0.0375,0.0226,0.0008
BMHFFIJJ_00356,Cytoplasmic,0.0003,0.0145,0.9194,0.0443,0.0196,0.0018
BMHFFIJJ_00357,Cytoplasmic,0.0000,0.0000,0.9629,0.0356,0.0014,0.0000
BMHFFIJJ_00358,Cytoplasmic,0.0084,0.1325,0.7299,0.0046,0.1215,0.0030
BMHFFIJJ_00359,Cytoplasmic,0.0000,0.0004,0.9865,0.0013,0.0117,0.0001
BMHFFIJJ_00360,Cytoplasmic,0.0002,0.0058,0.9319,0.0276,0.0334,0.0010
BMHFFIJJ_00361,Cytoplasmic,0.0001,0.0137,0.9788,0.0022,0.0048,0.0004
BMHFFIJJ_00362,Cytoplasmic Membrane,0.0000,0.0001,0.0009,0.9950,0.0039,0.0000
BMHFFIJJ_00363,Cytoplasmic,0.0001,0.0001,0.9708,0.0135,0.0145,0.0010
BMHFFIJJ_00364,Cytoplasmic Membrane,0.0000,0.0000,0.0000,0.9999,0.0001,0.0000
BMHFFIJJ_00365,Cytoplasmic,0.0000,0.0000,0.9976,0.0007,0.0016,0.0000
BMHFFIJJ_00366,Outer Membrane,0.0003,0.3711,0.0012,0.1108,0.5063,0.0104
BMHFFIJJ_00367,Periplasmic,0.0000,0.0012,0.0002,0.0170,0.1414,0.8402
BMHFFIJJ_00368,Cytoplasmic Membrane,0.0000,0.0002,0.0000,0.9944,0.0054,0.0000
BMHFFIJJ_00369,Periplasmic,0.0007,0.1061,0.0933,0.0040,0.0086,0.7873
BMHFFIJJ_00370,Outer Membrane,0.0000,0.0000,0.0003,0.0273,0.9723,0.0001
BMHFFIJJ_00371,Cytoplasmic,0.0000,0.0001,0.9978,0.0011,0.0008,0.0002
BMHFFIJJ_00372,Cytoplasmic,0.0001,0.0145,0.8900,0.0654,0.0294,0.0006
BMHFFIJJ_00373,Cytoplasmic Membrane,0.0000,0.0000,0.0000,0.9993,0.0006,0.0000
BMHFFIJJ_00374,Periplasmic,0.0001,0.0035,0.0001,0.0224,0.2029,0.7710
BMHFFIJJ_00375,Outer Membrane,0.0000,0.0000,0.0001,0.0011,0.9987,0.0002
BMHFFIJJ_00376,Periplasmic,0.0163,0.0994,0.0102,0.2400,0.3094,0.3248
BMHFFIJJ_00377,Outer Membrane,0.0005,0.0141,0.0012,0.1363,0.8103,0.0377
BMHFFIJJ_00378,Cytoplasmic,0.0015,0.0016,0.9752,0.0141,0.0066,0.0009
BMHFFIJJ_00379,Cytoplasmic,0.0000,0.0000,0.9990,0.0006,0.0002,0.0001
BMHFFIJJ_00380,Cytoplasmic,0.0003,0.0019,0.7634,0.0292,0.2033,0.0018
BMHFFIJJ_00381,Cytoplasmic,0.0001,0.0019,0.9535,0.0033,0.0388,0.0023
BMHFFIJJ_00382,Cytoplasmic,0.0047,0.0244,0.8424,0.0596,0.0629,0.0060
BMHFFIJJ_00383,Extracellular,0.0076,0.5349,0.0286,0.0410,0.0354,0.3526
BMHFFIJJ_00384,Cytoplasmic,0.0000,0.0000,0.9977,0.0005,0.0017,0.0000
BMHFFIJJ_00385,Cytoplasmic,0.0005,0.0018,0.9614,0.0025,0.0311,0.0027
BMHFFIJJ_00386,Cytoplasmic,0.0000,0.0001,0.8046,0.0012,0.1890,0.0051
BMHFFIJJ_00387,Cytoplasmic,0.0000,0.0002,0.9385,0.0001,0.0588,0.0024
BMHFFIJJ_00388,Cytoplasmic,0.0000,0.0000,0.9987,0.0008,0.0003,0.0001
BMHFFIJJ_00389,Cytoplasmic Membrane,0.0002,0.0029,0.2064,0.6469,0.1242,0.0194
BMHFFIJJ_00390,Cytoplasmic Membrane,0.0000,0.0001,0.0002,0.9968,0.0029,0.0000
BMHFFIJJ_00391,Cytoplasmic Membrane,0.0000,0.0000,0.0000,0.9990,0.0009,0.0000
BMHFFIJJ_00392,Cytoplasmic Membrane,0.0035,0.0391,0.0056,0.7756,0.1758,0.0003
BMHFFIJJ_00393,Cytoplasmic Membrane,0.0000,0.0003,0.0003,0.9964,0.0029,0.0000
BMHFFIJJ_00394,Outer Membrane,0.0001,0.0022,0.2615,0.0288,0.6697,0.0376
BMHFFIJJ_00395,Periplasmic,0.0004,0.0117,0.0187,0.0290,0.1229,0.8173
BMHFFIJJ_00396,Outer Membrane,0.0000,0.0000,0.0001,0.0127,0.9869,0.0003
BMHFFIJJ_00397,Cytoplasmic,0.0001,0.0404,0.9512,0.0002,0.0078,0.0003
BMHFFIJJ_00398,Cytoplasmic Membrane,0.0000,0.0143,0.0214,0.9605,0.0038,0.0000
BMHFFIJJ_00399,Outer Membrane,0.0040,0.0082,0.1125,0.0076,0.8653,0.0025
BMHFFIJJ_00400,Cytoplasmic,0.0011,0.1226,0.8498,0.0013,0.0201,0.0052
BMHFFIJJ_00401,Cytoplasmic,0.0000,0.0006,0.9811,0.0065,0.0116,0.0001
BMHFFIJJ_00402,Cytoplasmic,0.0002,0.0414,0.9348,0.0014,0.0218,0.0003
BMHFFIJJ_00403,Cytoplasmic,0.0004,0.1904,0.6429,0.1560,0.0102,0.0002
BMHFFIJJ_00404,Cytoplasmic,0.0002,0.0005,0.9471,0.0188,0.0325,0.0008
BMHFFIJJ_00406,Extracellular,0.0001,0.7755,0.1348,0.0758,0.0135,0.0003
BMHFFIJJ_00407,Periplasmic,0.0048,0.1807,0.1460,0.0051,0.0689,0.5946
BMHFFIJJ_00408,Outer Membrane,0.0000,0.0001,0.0000,0.0755,0.9244,0.0000
BMHFFIJJ_00409,Cytoplasmic,0.0001,0.0001,0.9798,0.0166,0.0032,0.0002
BMHFFIJJ_00410,Cytoplasmic,0.0001,0.1748,0.7230,0.0241,0.0779,0.0002
BMHFFIJJ_00411,Outer Membrane,0.0012,0.1629,0.0035,0.1047,0.4053,0.3223
BMHFFIJJ_00412,Cytoplasmic Membrane,0.0000,0.0000,0.0003,0.9989,0.0008,0.0000
BMHFFIJJ_00413,Cytoplasmic,0.0003,0.0038,0.9354,0.0219,0.0370,0.0017
BMHFFIJJ_00414,Outer Membrane,0.0000,0.0000,0.0001,0.0225,0.9771,0.0003
BMHFFIJJ_00415,Cytoplasmic,0.0008,0.0023,0.8856,0.0490,0.0518,0.0105
BMHFFIJJ_00416,Extracellular,0.0000,0.6707,0.2344,0.0935,0.0014,0.0000
BMHFFIJJ_00417,Cytoplasmic,0.0001,0.0007,0.9854,0.0031,0.0055,0.0053
BMHFFIJJ_00418,Cytoplasmic Membrane,0.0000,0.0001,0.0000,0.9987,0.0011,0.0000
BMHFFIJJ_00419,Cytoplasmic Membrane,0.0000,0.0000,0.0000,0.9993,0.0005,0.0001
BMHFFIJJ_00420,Cytoplasmic Membrane,0.0001,0.0007,0.0114,0.9807,0.0068,0.0003
BMHFFIJJ_00421,Outer Membrane,0.0000,0.0002,0.0002,0.0026,0.9965,0.0004
BMHFFIJJ_00422,Cytoplasmic Membrane,0.0007,0.0132,0.0007,0.8740,0.0939,0.0175
BMHFFIJJ_00423,Cytoplasmic Membrane,0.0001,0.0006,0.1475,0.8415,0.0100,0.0002
BMHFFIJJ_00424,Cytoplasmic Membrane,0.0000,0.0000,0.0000,0.9996,0.0004,0.0000
BMHFFIJJ_00425,Cytoplasmic Membrane,0.0004,0.0008,0.0182,0.9639,0.0146,0.0021
BMHFFIJJ_00426,Cytoplasmic,0.0001,0.0005,0.9932,0.0027,0.0024,0.0011
BMHFFIJJ_00427,Cytoplasmic,0.0006,0.0329,0.9273,0.0130,0.0258,0.0004
BMHFFIJJ_00428,Cytoplasmic,0.0005,0.0151,0.9811,0.0004,0.0027,0.0002
BMHFFIJJ_00429,Cytoplasmic,0.0006,0.0231,0.9436,0.0030,0.0163,0.0135
BMHFFIJJ_00430,Cytoplasmic,0.0019,0.0851,0.6257,0.0094,0.2132,0.0648
BMHFFIJJ_00431,Cytoplasmic Membrane,0.0000,0.0000,0.0000,0.9999,0.0001,0.0000
BMHFFIJJ_00432,Cytoplasmic,0.0003,0.0011,0.9386,0.0101,0.0485,0.0014
BMHFFIJJ_00433,Cytoplasmic,0.0001,0.0018,0.9534,0.0278,0.0157,0.0012
BMHFFIJJ_00434,Cytoplasmic,0.0003,0.0007,0.6602,0.3201,0.0186,0.0002
BMHFFIJJ_00435,Outer Membrane,0.0008,0.0005,0.0041,0.0706,0.9047,0.0192
BMHFFIJJ_00436,Cytoplasmic,0.0087,0.1354,0.6418,0.0526,0.1578,0.0036
BMHFFIJJ_00437,Cytoplasmic Membrane,0.0000,0.0000,0.0001,0.9988,0.0011,0.0000
BMHFFIJJ_00438,Outer Membrane,0.0017,0.0689,0.0003,0.0092,0.9199,0.0000
BMHFFIJJ_00439,Cytoplasmic,0.0013,0.1527,0.7019,0.1408,0.0031,0.0001
BMHFFIJJ_00440,Cytoplasmic,0.0024,0.1021,0.5172,0.3742,0.0040,0.0001
BMHFFIJJ_00441,Cytoplasmic Membrane,0.0000,0.1428,0.2075,0.5162,0.1335,0.0000
BMHFFIJJ_00444,Cytoplasmic,0.0000,0.0005,0.9583,0.0332,0.0070,0.0008
BMHFFIJJ_00445,Cytoplasmic,0.0001,0.0022,0.9543,0.0274,0.0155,0.0006
BMHFFIJJ_00446,Cytoplasmic,0.0007,0.0011,0.9849,0.0009,0.0117,0.0006
BMHFFIJJ_00447,Cytoplasmic Membrane,0.0000,0.0003,0.0010,0.9983,0.0004,0.0000
BMHFFIJJ_00448,Extracellular,0.0133,0.5422,0.0062,0.0017,0.0924,0.3442
BMHFFIJJ_00449,Cytoplasmic Membrane,0.0008,0.2537,0.0361,0.6987,0.0106,0.0000
BMHFFIJJ_00450,Cytoplasmic,0.0001,0.0100,0.9856,0.0001,0.0038,0.0004
BMHFFIJJ_00451,Outer Membrane,0.0115,0.0069,0.2601,0.0309,0.6896,0.0010
BMHFFIJJ_00452,Extracellular,0.0002,0.6834,0.0463,0.0951,0.1663,0.0086
BMHFFIJJ_00453,Cytoplasmic,0.0007,0.0128,0.9559,0.0035,0.0258,0.0013
BMHFFIJJ_00454,Cytoplasmic Membrane,0.0002,0.0818,0.2272,0.5976,0.0924,0.0008
BMHFFIJJ_00455,Cytoplasmic,0.0006,0.0083,0.9840,0.0030,0.0036,0.0005
BMHFFIJJ_00456,Cytoplasmic,0.0001,0.0122,0.9299,0.0187,0.0376,0.0014
BMHFFIJJ_00457,Cytoplasmic,0.0002,0.0004,0.8917,0.0596,0.0470,0.0010
BMHFFIJJ_00458,Cytoplasmic,0.0002,0.0000,0.9983,0.0003,0.0012,0.0000
BMHFFIJJ_00459,Cytoplasmic,0.0001,0.0000,0.9852,0.0007,0.0138,0.0001
BMHFFIJJ_00460,Cytoplasmic,0.0005,0.1812,0.6136,0.1163,0.0869,0.0016
BMHFFIJJ_00461,Periplasmic,0.0002,0.0243,0.0329,0.0052,0.0167,0.9206
BMHFFIJJ_00462,Outer Membrane,0.0007,0.0087,0.0098,0.0480,0.6162,0.3165
BMHFFIJJ_00463,Periplasmic,0.0029,0.0650,0.1716,0.0074,0.0384,0.7148
BMHFFIJJ_00464,Extracellular,0.0074,0.4118,0.2163,0.0034,0.1268,0.2343
BMHFFIJJ_00465,Periplasmic,0.0033,0.1674,0.0052,0.0151,0.2762,0.5328
BMHFFIJJ_00466,Cytoplasmic Membrane,0.0000,0.0000,0.0000,0.9991,0.0009,0.0000
BMHFFIJJ_00467,Cytoplasmic,0.0001,0.0437,0.9383,0.0055,0.0120,0.0005
BMHFFIJJ_00468,Periplasmic,0.0008,0.1781,0.0079,0.0340,0.2230,0.5562
BMHFFIJJ_00469,Outer Membrane,0.0000,0.0001,0.0000,0.0001,0.9997,0.0000
BMHFFIJJ_00470,Outer Membrane,0.0003,0.0749,0.0005,0.0105,0.9031,0.0107
BMHFFIJJ_00471,Outer Membrane,0.0006,0.0317,0.0001,0.0148,0.9519,0.0009
BMHFFIJJ_00472,Extracellular,0.0012,0.6031,0.0000,0.0034,0.3540,0.0383
BMHFFIJJ_00473,Outer Membrane,0.0027,0.0212,0.0042,0.2268,0.7165,0.0286
BMHFFIJJ_00474,Periplasmic,0.0036,0.3099,0.0291,0.0099,0.1371,0.5104
BMHFFIJJ_00475,Periplasmic,0.0015,0.1063,0.3418,0.0013,0.0099,0.5392
BMHFFIJJ_00476,Cytoplasmic Membrane,0.0000,0.0003,0.0001,0.9990,0.0006,0.0000
BMHFFIJJ_00477,Outer Membrane,0.0003,0.1145,0.0002,0.0241,0.8575,0.0034
BMHFFIJJ_00478,Periplasmic,0.0012,0.1332,0.1462,0.0031,0.0799,0.6365
BMHFFIJJ_00479,Cytoplasmic,0.0001,0.2378,0.5938,0.1249,0.0418,0.0015
BMHFFIJJ_00480,Cytoplasmic,0.0084,0.1325,0.7299,0.0046,0.1215,0.0030
BMHFFIJJ_00481,Outer Membrane,0.0000,0.0036,0.0000,0.0318,0.9642,0.0002
BMHFFIJJ_00482,Outer Membrane,0.0001,0.0034,0.0000,0.0993,0.8971,0.0001
BMHFFIJJ_00483,Outer Membrane,0.0013,0.2443,0.0036,0.0123,0.7070,0.0314
BMHFFIJJ_00484,Outer Membrane,0.0000,0.0004,0.0000,0.0003,0.9993,0.0000
BMHFFIJJ_00485,Cytoplasmic,0.0001,0.0472,0.9367,0.0050,0.0106,0.0004
BMHFFIJJ_00486,Cytoplasmic Membrane,0.0000,0.0000,0.0000,0.9994,0.0006,0.0000
BMHFFIJJ_00487,Outer Membrane,0.0014,0.0744,0.0330,0.1682,0.5307,0.1923
BMHFFIJJ_00488,Cytoplasmic Membrane,0.0060,0.0286,0.0770,0.4887,0.3873,0.0124
BMHFFIJJ_00489,Cytoplasmic,0.0000,0.2464,0.7366,0.0000,0.0170,0.0000
BMHFFIJJ_00490,Cytoplasmic,0.0001,0.0004,0.9783,0.0136,0.0076,0.0000
BMHFFIJJ_00491,Cytoplasmic Membrane,0.0000,0.0300,0.0001,0.9657,0.0042,0.0000
BMHFFIJJ_00493,Cytoplasmic Membrane,0.0019,0.0118,0.0081,0.7657,0.2089,0.0037
BMHFFIJJ_00494,Cytoplasmic,0.0001,0.0159,0.9464,0.0067,0.0250,0.0059
BMHFFIJJ_00495,Cytoplasmic Membrane,0.0007,0.1209,0.0042,0.7058,0.1681,0.0003
BMHFFIJJ_00496,Cytoplasmic Membrane,0.0002,0.0042,0.0010,0.9351,0.0565,0.0029
BMHFFIJJ_00497,Cytoplasmic,0.0005,0.0027,0.7892,0.0386,0.1645,0.0044
BMHFFIJJ_00498,Cytoplasmic,0.0002,0.0002,0.9890,0.0046,0.0059,0.0002
BMHFFIJJ_00499,Cytoplasmic,0.0002,0.0017,0.8873,0.0869,0.0234,0.0006
BMHFFIJJ_00500,Cytoplasmic,0.0002,0.0043,0.9323,0.0100,0.0531,0.0001
BMHFFIJJ_00501,Cytoplasmic,0.0003,0.0010,0.6817,0.2617,0.0509,0.0045
BMHFFIJJ_00502,Outer Membrane,0.0000,0.0000,0.0080,0.0001,0.9897,0.0022
BMHFFIJJ_00503,Outer Membrane,0.0000,0.0004,0.2129,0.0002,0.7864,0.0000
BMHFFIJJ_00504,Cytoplasmic,0.0000,0.0000,0.9903,0.0001,0.0096,0.0001
BMHFFIJJ_00505,Cytoplasmic,0.0000,0.0000,0.9985,0.0000,0.0014,0.0001
BMHFFIJJ_00506,Cytoplasmic Membrane,0.0047,0.0067,0.0735,0.4393,0.2334,0.2424
BMHFFIJJ_00507,Cytoplasmic,0.0000,0.0000,0.9956,0.0002,0.0040,0.0002
BMHFFIJJ_00508,Cytoplasmic,0.0000,0.0000,0.9984,0.0014,0.0001,0.0000
BMHFFIJJ_00509,Outer Membrane,0.0000,0.0000,0.0000,0.0008,0.9992,0.0000
BMHFFIJJ_00510,Extracellular,0.0007,0.6190,0.0158,0.0179,0.0933,0.2532
BMHFFIJJ_00511,Cytoplasmic Membrane,0.0000,0.0000,0.1199,0.8513,0.0274,0.0014
BMHFFIJJ_00512,Cytoplasmic,0.0001,0.0002,0.8709,0.0033,0.1239,0.0017
BMHFFIJJ_00513,Cytoplasmic,0.0001,0.0018,0.9197,0.0017,0.0735,0.0032
BMHFFIJJ_00514,Cytoplasmic,0.0002,0.0029,0.9630,0.0032,0.0306,0.0002
BMHFFIJJ_00515,Cytoplasmic Membrane,0.0000,0.0000,0.0000,0.9999,0.0001,0.0000
BMHFFIJJ_00516,Cytoplasmic,0.0004,0.0012,0.9052,0.0588,0.0341,0.0003
BMHFFIJJ_00517,Outer Membrane,0.0000,0.0019,0.0000,0.2471,0.7507,0.0003
BMHFFIJJ_00518,Cytoplasmic Membrane,0.0023,0.0038,0.0320,0.8674,0.0942,0.0003
BMHFFIJJ_00519,Cytoplasmic Membrane,0.0000,0.0003,0.0000,0.9981,0.0015,0.0000
BMHFFIJJ_00520,Cytoplasmic Membrane,0.0000,0.0010,0.3921,0.6028,0.0036,0.0004
BMHFFIJJ_00521,Cytoplasmic,0.0001,0.4126,0.5339,0.0013,0.0520,0.0001
BMHFFIJJ_00522,Cytoplasmic,0.0001,0.0025,0.9918,0.0014,0.0035,0.0007
BMHFFIJJ_00523,Cytoplasmic,0.0013,0.0132,0.9713,0.0006,0.0111,0.0025
BMHFFIJJ_00524,Cytoplasmic Membrane,0.0000,0.0009,0.0000,0.9973,0.0018,0.0000
BMHFFIJJ_00525,Cytoplasmic,0.0003,0.0010,0.9417,0.0015,0.0522,0.0033
BMHFFIJJ_00526,Extracellular,0.0014,0.4776,0.0260,0.0007,0.0401,0.4543
BMHFFIJJ_00527,Periplasmic,0.0001,0.0084,0.0026,0.0002,0.0062,0.9826
BMHFFIJJ_00528,Outer Membrane,0.0028,0.0663,0.1341,0.0257,0.4019,0.3692
BMHFFIJJ_00529,Cytoplasmic Membrane,0.0010,0.0017,0.0260,0.9315,0.0394,0.0004
BMHFFIJJ_00530,Outer Membrane,0.0000,0.0001,0.0000,0.0001,0.9998,0.0000
BMHFFIJJ_00531,Outer Membrane,0.0017,0.2799,0.0012,0.0088,0.7021,0.0062
BMHFFIJJ_00532,Outer Membrane,0.0041,0.4335,0.0002,0.0099,0.5484,0.0039
BMHFFIJJ_00533,Extracellular,0.0017,0.6087,0.0025,0.0045,0.3804,0.0023
BMHFFIJJ_00534,Outer Membrane,0.0003,0.0052,0.0042,0.0486,0.7768,0.1650
BMHFFIJJ_00535,Cytoplasmic Membrane,0.0000,0.0000,0.0000,0.9999,0.0001,0.0000
BMHFFIJJ_00536,Cytoplasmic,0.0007,0.0047,0.8866,0.0693,0.0378,0.0009
BMHFFIJJ_00537,Cytoplasmic,0.0002,0.0124,0.9335,0.0018,0.0457,0.0065
BMHFFIJJ_00538,Cytoplasmic,0.0000,0.0006,0.9723,0.0013,0.0242,0.0016
BMHFFIJJ_00539,Cytoplasmic,0.0003,0.0021,0.9453,0.0059,0.0419,0.0045
BMHFFIJJ_00540,Periplasmic,0.0102,0.3828,0.0801,0.0024,0.0183,0.5062
BMHFFIJJ_00541,Periplasmic,0.0001,0.0916,0.0024,0.0004,0.0552,0.8503
BMHFFIJJ_00542,Cytoplasmic,0.0001,0.0015,0.8832,0.0032,0.1091,0.0030
BMHFFIJJ_00543,Cytoplasmic,0.0000,0.0002,0.9978,0.0000,0.0008,0.0012
BMHFFIJJ_00544,Cytoplasmic Membrane,0.0000,0.0001,0.0000,0.9980,0.0019,0.0000
BMHFFIJJ_00545,Extracellular,0.0002,0.6253,0.2017,0.1495,0.0158,0.0076
BMHFFIJJ_00546,Extracellular,0.0106,0.4686,0.4667,0.0195,0.0303,0.0043
BMHFFIJJ_00547,Cytoplasmic,0.0006,0.0021,0.5359,0.0951,0.0829,0.2834
BMHFFIJJ_00548,Cytoplasmic,0.0001,0.0004,0.8884,0.0086,0.0790,0.0234
BMHFFIJJ_00549,Cytoplasmic Membrane,0.0000,0.0019,0.0000,0.9927,0.0054,0.0000
BMHFFIJJ_00550,Cytoplasmic,0.0000,0.0006,0.7388,0.0302,0.2242,0.0061
BMHFFIJJ_00551,Cytoplasmic,0.0001,0.0001,0.9945,0.0016,0.0037,0.0000
BMHFFIJJ_00552,Outer Membrane,0.0000,0.0000,0.0004,0.0041,0.9953,0.0002
BMHFFIJJ_00553,Cytoplasmic Membrane,0.0002,0.0025,0.0011,0.8438,0.1463,0.0060
BMHFFIJJ_00554,Cytoplasmic,0.0007,0.2686,0.5745,0.0922,0.0610,0.0030
BMHFFIJJ_00555,Cytoplasmic,0.0000,0.0002,0.9910,0.0016,0.0060,0.0013
BMHFFIJJ_00556,Cytoplasmic,0.0001,0.0005,0.9636,0.0022,0.0323,0.0012
BMHFFIJJ_00557,Outer Membrane,0.0000,0.0000,0.0000,0.0003,0.9997,0.0000
BMHFFIJJ_00558,Outer Membrane,0.0012,0.0058,0.0018,0.0005,0.9904,0.0004
BMHFFIJJ_00559,Cytoplasmic,0.0002,0.0078,0.9845,0.0016,0.0045,0.0014
BMHFFIJJ_00560,Cytoplasmic Membrane,0.0001,0.0091,0.0007,0.9544,0.0355,0.0002
BMHFFIJJ_00561,Cytoplasmic,0.0001,0.0013,0.8698,0.0095,0.0705,0.0487
BMHFFIJJ_00562,Cytoplasmic,0.0009,0.0025,0.9649,0.0218,0.0088,0.0012
BMHFFIJJ_00563,Outer Membrane,0.0028,0.0640,0.1445,0.0966,0.6369,0.0551
BMHFFIJJ_00564,Outer Membrane,0.0000,0.0000,0.0001,0.0379,0.9610,0.0009
BMHFFIJJ_00565,Cytoplasmic Membrane,0.0000,0.0000,0.0000,0.9999,0.0001,0.0000
BMHFFIJJ_00566,Cytoplasmic Membrane,0.0008,0.0023,0.0008,0.9296,0.0590,0.0076
BMHFFIJJ_00567,Outer Membrane,0.0000,0.0000,0.0003,0.0361,0.9631,0.0005
BMHFFIJJ_00568,Cytoplasmic Membrane,0.0000,0.0000,0.0000,0.9997,0.0003,0.0000
BMHFFIJJ_00569,Cytoplasmic Membrane,0.0000,0.0000,0.0000,0.9995,0.0005,0.0000
BMHFFIJJ_00570,Cytoplasmic Membrane,0.0000,0.0000,0.0000,0.9998,0.0002,0.0000
BMHFFIJJ_00571,Outer Membrane,0.0000,0.0008,0.0003,0.2999,0.6945,0.0044
BMHFFIJJ_00572,Outer Membrane,0.0001,0.0010,0.0022,0.0198,0.9765,0.0004
BMHFFIJJ_00573,Cytoplasmic Membrane,0.0006,0.0031,0.0026,0.9556,0.0357,0.0023
BMHFFIJJ_00574,Cytoplasmic Membrane,0.0000,0.0001,0.1504,0.8472,0.0022,0.0001
BMHFFIJJ_00575,Cytoplasmic,0.0002,0.0022,0.9361,0.0022,0.0577,0.0017
BMHFFIJJ_00576,Cytoplasmic Membrane,0.0000,0.0001,0.0123,0.9716,0.0158,0.0003
BMHFFIJJ_00577,Cytoplasmic,0.0000,0.0004,0.9994,0.0001,0.0001,0.0000
BMHFFIJJ_00578,Cytoplasmic,0.0016,0.0331,0.8809,0.0127,0.0693,0.0023
BMHFFIJJ_00579,Extracellular,0.0050,0.4517,0.0097,0.0038,0.1152,0.4146
BMHFFIJJ_00580,Cytoplasmic,0.0007,0.2310,0.4757,0.2713,0.0211,0.0003
BMHFFIJJ_00581,Cytoplasmic,0.0000,0.0073,0.9914,0.0003,0.0009,0.0001
BMHFFIJJ_00582,Cytoplasmic,0.0030,0.0325,0.6446,0.2132,0.0955,0.0112
BMHFFIJJ_00583,Cytoplasmic,0.0005,0.0014,0.9184,0.0643,0.0119,0.0035
BMHFFIJJ_00584,Outer Membrane,0.0000,0.0000,0.0002,0.0053,0.9944,0.0001
BMHFFIJJ_00585,Outer Membrane,0.0011,0.1789,0.0041,0.0222,0.7874,0.0062
BMHFFIJJ_00586,Cytoplasmic,0.0013,0.4199,0.4300,0.0003,0.1477,0.0009
BMHFFIJJ_00587,Cytoplasmic,0.0014,0.4201,0.4273,0.0003,0.1501,0.0009
BMHFFIJJ_00588,Cytoplasmic Membrane,0.0000,0.0001,0.1850,0.7734,0.0414,0.0001
BMHFFIJJ_00589,Cytoplasmic,0.0001,0.0019,0.9944,0.0020,0.0007,0.0009
BMHFFIJJ_00590,Cytoplasmic,0.0002,0.0033,0.9489,0.0294,0.0175,0.0006
BMHFFIJJ_00591,Cytoplasmic,0.0047,0.0023,0.8464,0.1428,0.0032,0.0006
BMHFFIJJ_00592,Cytoplasmic Membrane,0.0000,0.0002,0.0001,0.9992,0.0005,0.0000
BMHFFIJJ_00593,Cytoplasmic,0.0020,0.0078,0.9818,0.0051,0.0028,0.0006
BMHFFIJJ_00594,Cytoplasmic,0.0002,0.0018,0.9941,0.0027,0.0010,0.0002
BMHFFIJJ_00595,Cytoplasmic Membrane,0.0000,0.1042,0.0002,0.8919,0.0037,0.0000
BMHFFIJJ_00596,Cytoplasmic,0.0008,0.3115,0.5898,0.0785,0.0183,0.0011
BMHFFIJJ_00597,Cytoplasmic,0.0001,0.0080,0.9859,0.0032,0.0025,0.0002
BMHFFIJJ_00598,Cytoplasmic,0.0052,0.2249,0.6284,0.1005,0.0364,0.0046
BMHFFIJJ_00599,Cytoplasmic Membrane,0.0006,0.0739,0.3621,0.5527,0.0103,0.0005
BMHFFIJJ_00600,Cytoplasmic,0.0003,0.0129,0.9688,0.0061,0.0116,0.0002
BMHFFIJJ_00601,Cytoplasmic,0.0001,0.3926,0.6014,0.0034,0.0023,0.0003
BMHFFIJJ_00602,Cytoplasmic,0.0010,0.0852,0.8624,0.0158,0.0327,0.0030
BMHFFIJJ_00603,Cytoplasmic,0.0002,0.4268,0.4636,0.0193,0.0898,0.0003
BMHFFIJJ_00604,Outer Membrane,0.0038,0.3318,0.1304,0.0257,0.3937,0.1144
BMHFFIJJ_00605,Outer Membrane,0.0001,0.0170,0.0000,0.1205,0.8620,0.0003
BMHFFIJJ_00606,Cytoplasmic,0.0001,0.0018,0.9967,0.0001,0.0008,0.0006
BMHFFIJJ_00607,Outer Membrane,0.0000,0.0000,0.0000,0.0096,0.9904,0.0000
BMHFFIJJ_00608,Cytoplasmic Membrane,0.0057,0.0332,0.2407,0.4670,0.1304,0.1230
BMHFFIJJ_00609,Cytoplasmic,0.0058,0.0230,0.8603,0.0538,0.0531,0.0041
BMHFFIJJ_00610,Cytoplasmic Membrane,0.0003,0.2820,0.2369,0.3377,0.0470,0.0961
BMHFFIJJ_00611,Outer Membrane,0.0005,0.2180,0.0001,0.0063,0.4874,0.2877
BMHFFIJJ_00612,Cytoplasmic Membrane,0.0003,0.0087,0.0786,0.8765,0.0325,0.0035
BMHFFIJJ_00613,Cytoplasmic Membrane,0.0003,0.0112,0.0013,0.9783,0.0081,0.0009
BMHFFIJJ_00614,Cytoplasmic Membrane,0.0021,0.0117,0.0035,0.6331,0.3404,0.0093
BMHFFIJJ_00615,Cytoplasmic Membrane,0.0001,0.1285,0.0165,0.8239,0.0306,0.0004
BMHFFIJJ_00616,Extracellular,0.0023,0.6727,0.0030,0.0073,0.2983,0.0164
BMHFFIJJ_00617,Outer Membrane,0.0007,0.0208,0.0184,0.2519,0.6553,0.0529
BMHFFIJJ_00618,Cytoplasmic,0.0000,0.0006,0.9081,0.0847,0.0063,0.0003
BMHFFIJJ_00619,Cytoplasmic Membrane,0.0001,0.0030,0.0031,0.9887,0.0051,0.0000
BMHFFIJJ_00620,Extracellular,0.0002,0.2849,0.0004,0.2396,0.2307,0.2442
BMHFFIJJ_00621,Cytoplasmic Membrane,0.0000,0.0001,0.0007,0.9940,0.0047,0.0004
BMHFFIJJ_00622,Cytoplasmic,0.0004,0.0666,0.8987,0.0012,0.0277,0.0053
BMHFFIJJ_00623,Cytoplasmic,0.0000,0.0007,0.9927,0.0040,0.0023,0.0002
BMHFFIJJ_00624,Cytoplasmic,0.0000,0.0016,0.8616,0.1186,0.0177,0.0004
BMHFFIJJ_00625,Cytoplasmic,0.0002,0.0018,0.9308,0.0056,0.0610,0.0006
BMHFFIJJ_00626,Cytoplasmic,0.0012,0.0153,0.9749,0.0021,0.0046,0.0020
BMHFFIJJ_00627,Cytoplasmic Membrane,0.0001,0.0019,0.0024,0.9754,0.0201,0.0001
BMHFFIJJ_00628,Cytoplasmic Membrane,0.0022,0.2197,0.0070,0.7183,0.0528,0.0001
BMHFFIJJ_00629,Cytoplasmic,0.0006,0.0029,0.9494,0.0302,0.0125,0.0043
BMHFFIJJ_00630,Cytoplasmic,0.0006,0.0543,0.9087,0.0136,0.0217,0.0011
BMHFFIJJ_00631,Cytoplasmic,0.0003,0.0830,0.8807,0.0209,0.0128,0.0023
BMHFFIJJ_00632,Cytoplasmic,0.0000,0.0001,0.9871,0.0010,0.0117,0.0001
BMHFFIJJ_00633,Cytoplasmic Membrane,0.0001,0.0001,0.0246,0.9670,0.0081,0.0001
BMHFFIJJ_00634,Cytoplasmic Membrane,0.0001,0.0002,0.0010,0.9424,0.0555,0.0008
BMHFFIJJ_00635,Cytoplasmic,0.0000,0.0006,0.9792,0.0022,0.0179,0.0000
BMHFFIJJ_00636,Cytoplasmic,0.0032,0.0445,0.8759,0.0529,0.0202,0.0033
BMHFFIJJ_00637,Cytoplasmic,0.0002,0.0063,0.9729,0.0088,0.0116,0.0002
BMHFFIJJ_00638,Cytoplasmic,0.0002,0.0267,0.9515,0.0120,0.0090,0.0006
BMHFFIJJ_00639,Cytoplasmic,0.0004,0.0259,0.9383,0.0112,0.0236,0.0007
BMHFFIJJ_00640,Cytoplasmic,0.0011,0.0251,0.9280,0.0210,0.0171,0.0077
BMHFFIJJ_00641,Cytoplasmic,0.0006,0.2484,0.6776,0.0542,0.0181,0.0011
BMHFFIJJ_00642,Cytoplasmic,0.0004,0.0011,0.9765,0.0020,0.0193,0.0007
BMHFFIJJ_00643,Cytoplasmic,0.0034,0.0017,0.7970,0.0480,0.1394,0.0105
BMHFFIJJ_00644,Cytoplasmic,0.0001,0.3308,0.3427,0.2324,0.0906,0.0033
BMHFFIJJ_00645,Cytoplasmic,0.0001,0.0031,0.9959,0.0003,0.0007,0.0000
BMHFFIJJ_00646,Cytoplasmic,0.0000,0.0038,0.9948,0.0004,0.0009,0.0000
BMHFFIJJ_00647,Cytoplasmic,0.0000,0.0009,0.9959,0.0013,0.0018,0.0000
BMHFFIJJ_00648,Cytoplasmic,0.0003,0.1277,0.8611,0.0009,0.0100,0.0001
BMHFFIJJ_00649,Cytoplasmic,0.0002,0.0018,0.9793,0.0067,0.0118,0.0003
BMHFFIJJ_00650,Cytoplasmic Membrane,0.0000,0.0000,0.0005,0.9990,0.0005,0.0000
BMHFFIJJ_00651,Outer Membrane,0.0016,0.0071,0.0072,0.1976,0.7809,0.0056
BMHFFIJJ_00652,Cytoplasmic,0.0001,0.0012,0.9648,0.0078,0.0193,0.0067
BMHFFIJJ_00653,Outer Membrane,0.0670,0.1016,0.0260,0.0226,0.6419,0.1409
BMHFFIJJ_00654,Outer Membrane,0.2026,0.2477,0.1071,0.0196,0.3476,0.0754
BMHFFIJJ_00655,Cytoplasmic,0.0005,0.0016,0.9756,0.0024,0.0103,0.0095
BMHFFIJJ_00656,Outer Membrane,0.0005,0.0104,0.0019,0.0669,0.6432,0.2771
BMHFFIJJ_00657,Periplasmic,0.0000,0.0001,0.0000,0.0005,0.0032,0.9961
BMHFFIJJ_00658,Cytoplasmic,0.0001,0.0012,0.8894,0.0011,0.0957,0.0126
BMHFFIJJ_00659,Cytoplasmic,0.0001,0.0002,0.9754,0.0002,0.0235,0.0005
BMHFFIJJ_00660,Cytoplasmic,0.0032,0.0368,0.7974,0.0191,0.1415,0.0021
BMHFFIJJ_00661,Extracellular,0.0375,0.5763,0.0865,0.0222,0.2131,0.0644
BMHFFIJJ_00662,Cytoplasmic,0.0001,0.0002,0.9770,0.0004,0.0221,0.0002
BMHFFIJJ_00663,Cytoplasmic,0.0004,0.0109,0.9762,0.0013,0.0110,0.0003
BMHFFIJJ_00664,Cytoplasmic,0.0018,0.0029,0.9708,0.0061,0.0168,0.0017
BMHFFIJJ_00665,Cytoplasmic,0.0003,0.0006,0.9387,0.0029,0.0570,0.0005
BMHFFIJJ_00666,Outer Membrane,0.0036,0.4469,0.0047,0.0077,0.5342,0.0029
BMHFFIJJ_00667,Outer Membrane,0.0000,0.0000,0.0003,0.0028,0.9966,0.0002
BMHFFIJJ_00668,Cytoplasmic,0.0005,0.0028,0.9797,0.0084,0.0074,0.0011
BMHFFIJJ_00669,Cytoplasmic Membrane,0.0000,0.0000,0.0000,0.9975,0.0024,0.0000
BMHFFIJJ_00670,Periplasmic,0.0003,0.0210,0.0319,0.0007,0.0146,0.9315
BMHFFIJJ_00671,Outer Membrane,0.0011,0.2982,0.0075,0.0262,0.6597,0.0073
BMHFFIJJ_00672,Periplasmic,0.0017,0.0155,0.1158,0.0327,0.1873,0.6470
BMHFFIJJ_00673,Outer Membrane,0.0126,0.0559,0.0013,0.0222,0.9032,0.0048
BMHFFIJJ_00674,Outer Membrane,0.0005,0.2788,0.0001,0.0025,0.7061,0.0120
BMHFFIJJ_00675,Outer Membrane,0.0000,0.0001,0.0002,0.0005,0.9991,0.0001
BMHFFIJJ_00676,Cytoplasmic Membrane,0.0000,0.0821,0.0203,0.8751,0.0214,0.0011
BMHFFIJJ_00677,Cytoplasmic Membrane,0.0003,0.0040,0.0023,0.9040,0.0814,0.0079
BMHFFIJJ_00678,Cytoplasmic,0.0035,0.0240,0.5631,0.2591,0.1478,0.0024
BMHFFIJJ_00679,Cytoplasmic,0.0035,0.2965,0.6408,0.0024,0.0497,0.0070
BMHFFIJJ_00680,Cytoplasmic,0.0002,0.0269,0.9235,0.0086,0.0110,0.0299
BMHFFIJJ_00681,Cytoplasmic,0.0013,0.0420,0.9429,0.0008,0.0121,0.0009
BMHFFIJJ_00682,Cytoplasmic Membrane,0.0000,0.0002,0.0000,0.9937,0.0060,0.0000
BMHFFIJJ_00683,Cytoplasmic,0.0002,0.0095,0.9563,0.0018,0.0267,0.0055
BMHFFIJJ_00684,Cytoplasmic,0.0000,0.0004,0.9943,0.0016,0.0036,0.0002
BMHFFIJJ_00685,Outer Membrane,0.0029,0.0141,0.0416,0.2715,0.5779,0.0921
BMHFFIJJ_00686,Cytoplasmic,0.0004,0.0013,0.9471,0.0099,0.0350,0.0062
BMHFFIJJ_00687,Cytoplasmic,0.0000,0.0001,0.5338,0.0001,0.4658,0.0003
BMHFFIJJ_00688,Cytoplasmic Membrane,0.0000,0.0005,0.0010,0.9894,0.0090,0.0000
BMHFFIJJ_00689,Outer Membrane,0.0005,0.0986,0.0003,0.1558,0.7419,0.0030
BMHFFIJJ_00690,Cytoplasmic,0.0001,0.0081,0.9744,0.0109,0.0022,0.0043
BMHFFIJJ_00691,Cytoplasmic,0.0002,0.3542,0.5689,0.0044,0.0717,0.0006
BMHFFIJJ_00692,Cytoplasmic,0.0018,0.0168,0.7344,0.1684,0.0504,0.0283
BMHFFIJJ_00693,Cytoplasmic,0.0001,0.0013,0.9671,0.0053,0.0220,0.0042
BMHFFIJJ_00694,Cytoplasmic,0.0001,0.0002,0.9551,0.0104,0.0341,0.0001
BMHFFIJJ_00695,Cytoplasmic,0.0002,0.0009,0.9883,0.0054,0.0052,0.0001
BMHFFIJJ_00696,Cytoplasmic,0.0038,0.0684,0.8662,0.0264,0.0327,0.0025
BMHFFIJJ_00697,Periplasmic,0.0020,0.1543,0.0023,0.0333,0.1315,0.6766
BMHFFIJJ_00698,Cytoplasmic Membrane,0.0001,0.0052,0.0025,0.9857,0.0064,0.0000
BMHFFIJJ_00699,Cytoplasmic Membrane,0.0000,0.0001,0.0001,0.9986,0.0012,0.0000
BMHFFIJJ_00700,Cytoplasmic Membrane,0.0000,0.0001,0.0000,0.9995,0.0004,0.0000
BMHFFIJJ_00701,Cytoplasmic Membrane,0.0002,0.3915,0.0916,0.4352,0.0791,0.0024
BMHFFIJJ_00702,Periplasmic,0.0009,0.0880,0.0013,0.0912,0.3343,0.4843
BMHFFIJJ_00703,Cytoplasmic,0.0004,0.0036,0.9696,0.0155,0.0108,0.0002
BMHFFIJJ_00704,Cytoplasmic,0.0005,0.0064,0.9585,0.0058,0.0288,0.0001
BMHFFIJJ_00705,Cytoplasmic,0.0006,0.0046,0.9669,0.0138,0.0140,0.0001
BMHFFIJJ_00706,Cytoplasmic,0.0001,0.0002,0.9706,0.0036,0.0250,0.0005
BMHFFIJJ_00707,Outer Membrane,0.0052,0.0549,0.0020,0.2866,0.6444,0.0070
BMHFFIJJ_00708,Periplasmic,0.0002,0.0208,0.0080,0.0007,0.1017,0.8687
BMHFFIJJ_00709,Cytoplasmic Membrane,0.0005,0.0105,0.1757,0.7688,0.0439,0.0006
BMHFFIJJ_00710,Outer Membrane,0.0001,0.0979,0.0033,0.0729,0.5806,0.2452
BMHFFIJJ_00711,Cytoplasmic Membrane,0.0000,0.0000,0.0001,0.9994,0.0005,0.0000
BMHFFIJJ_00712,Outer Membrane,0.0000,0.0003,0.0000,0.1460,0.8249,0.0288
BMHFFIJJ_00713,Outer Membrane,0.0059,0.1558,0.0706,0.0705,0.4387,0.2585
BMHFFIJJ_00714,Extracellular,0.0041,0.8889,0.0074,0.0488,0.0208,0.0301
BMHFFIJJ_00715,Extracellular,0.0022,0.4826,0.4513,0.0018,0.0611,0.0010
BMHFFIJJ_00716,Periplasmic,0.0007,0.0544,0.0024,0.0008,0.0243,0.9174
BMHFFIJJ_00717,Outer Membrane,0.0009,0.3620,0.0004,0.0378,0.5643,0.0345
BMHFFIJJ_00718,Cytoplasmic,0.0009,0.2781,0.3706,0.3029,0.0442,0.0032
BMHFFIJJ_00719,Outer Membrane,0.0080,0.0298,0.2848,0.1399,0.3566,0.1809
BMHFFIJJ_00720,Periplasmic,0.0025,0.1899,0.2750,0.0985,0.0767,0.3573
BMHFFIJJ_00721,Periplasmic,0.0003,0.0186,0.0113,0.0006,0.0314,0.9378
BMHFFIJJ_00722,Cytoplasmic,0.0003,0.0060,0.9679,0.0198,0.0057,0.0004
BMHFFIJJ_00723,Cytoplasmic,0.0003,0.0017,0.7558,0.0387,0.1970,0.0065
BMHFFIJJ_00724,Cytoplasmic,0.0003,0.0366,0.8646,0.0339,0.0548,0.0096
BMHFFIJJ_00725,Cytoplasmic,0.0002,0.0011,0.9750,0.0235,0.0001,0.0000
BMHFFIJJ_00726,Cytoplasmic,0.0000,0.0003,0.9929,0.0061,0.0007,0.0000
BMHFFIJJ_00727,Cytoplasmic,0.0000,0.0001,0.9104,0.0723,0.0120,0.0051
BMHFFIJJ_00728,Cytoplasmic,0.0007,0.0115,0.9354,0.0342,0.0109,0.0073
BMHFFIJJ_00729,Cytoplasmic,0.0002,0.0042,0.9778,0.0113,0.0024,0.0041
BMHFFIJJ_00730,Cytoplasmic,0.0000,0.0004,0.9983,0.0002,0.0010,0.0001
BMHFFIJJ_00731,Cytoplasmic,0.0012,0.0115,0.9703,0.0014,0.0150,0.0005
BMHFFIJJ_00732,Cytoplasmic,0.0001,0.0881,0.6071,0.2834,0.0187,0.0027
BMHFFIJJ_00733,Cytoplasmic,0.0016,0.0240,0.8440,0.0127,0.1134,0.0042
BMHFFIJJ_00734,Cytoplasmic,0.0572,0.1370,0.4338,0.0102,0.3567,0.0050
BMHFFIJJ_00735,Cytoplasmic Membrane,0.0001,0.3048,0.2612,0.3790,0.0539,0.0010
BMHFFIJJ_00736,Cytoplasmic,0.0012,0.0321,0.8086,0.0647,0.0929,0.0004
BMHFFIJJ_00737,Cytoplasmic,0.0056,0.0343,0.9346,0.0014,0.0228,0.0014
BMHFFIJJ_00738,Cytoplasmic,0.0003,0.0194,0.9459,0.0043,0.0152,0.0149
BMHFFIJJ_00739,Cytoplasmic,0.0000,0.0028,0.9596,0.0330,0.0046,0.0000
BMHFFIJJ_00740,Cytoplasmic,0.0003,0.0045,0.9843,0.0009,0.0098,0.0003
BMHFFIJJ_00741,Cytoplasmic,0.0001,0.2395,0.6091,0.1379,0.0131,0.0003
BMHFFIJJ_00742,Cytoplasmic,0.0000,0.0026,0.9281,0.0491,0.0202,0.0001
BMHFFIJJ_00743,Outer Membrane,0.0004,0.1974,0.0003,0.0192,0.7825,0.0002
BMHFFIJJ_00744,Extracellular,0.0005,0.7805,0.1458,0.0400,0.0332,0.0000
BMHFFIJJ_00745,Cytoplasmic,0.0006,0.1522,0.8389,0.0001,0.0081,0.0000
BMHFFIJJ_00746,Cytoplasmic,0.0015,0.1534,0.6905,0.0002,0.1448,0.0097
BMHFFIJJ_00747,Cytoplasmic,0.0005,0.0436,0.8643,0.0030,0.0829,0.0057
BMHFFIJJ_00748,Cytoplasmic,0.0036,0.1133,0.8377,0.0115,0.0303,0.0036
BMHFFIJJ_00749,Cytoplasmic,0.0144,0.1102,0.5252,0.2869,0.0583,0.0050
BMHFFIJJ_00750,Cytoplasmic,0.0005,0.0341,0.9470,0.0029,0.0148,0.0007
BMHFFIJJ_00751,Cytoplasmic Membrane,0.0006,0.0382,0.3768,0.4591,0.1247,0.0006
BMHFFIJJ_00752,Cytoplasmic,0.0114,0.0248,0.8426,0.0731,0.0464,0.0017
BMHFFIJJ_00753,Cytoplasmic,0.0005,0.1971,0.7141,0.0776,0.0102,0.0004
BMHFFIJJ_00754,Cytoplasmic,0.0003,0.0043,0.9852,0.0009,0.0091,0.0003
BMHFFIJJ_00755,Cytoplasmic,0.0000,0.0028,0.9596,0.0330,0.0046,0.0000
BMHFFIJJ_00756,Cytoplasmic,0.0042,0.1191,0.7939,0.0483,0.0318,0.0027
BMHFFIJJ_00757,Cytoplasmic Membrane,0.0000,0.1507,0.0001,0.8460,0.0031,0.0000
BMHFFIJJ_00758,Cytoplasmic,0.0006,0.2640,0.6970,0.0015,0.0351,0.0017
BMHFFIJJ_00759,Cytoplasmic,0.0040,0.0188,0.9539,0.0024,0.0197,0.0012
BMHFFIJJ_00760,Cytoplasmic,0.0002,0.0006,0.9692,0.0116,0.0184,0.0001
BMHFFIJJ_00761,Cytoplasmic,0.0004,0.0007,0.9756,0.0024,0.0207,0.0002
BMHFFIJJ_00762,Cytoplasmic,0.0020,0.0356,0.8909,0.0041,0.0650,0.0025
BMHFFIJJ_00763,Extracellular,0.0014,0.5287,0.4377,0.0022,0.0294,0.0005
BMHFFIJJ_00764,Cytoplasmic,0.0000,0.0007,0.9946,0.0008,0.0038,0.0000
BMHFFIJJ_00765,Cytoplasmic,0.0000,0.0039,0.9820,0.0011,0.0128,0.0001
BMHFFIJJ_00766,Cytoplasmic,0.0014,0.0854,0.9111,0.0005,0.0012,0.0005
BMHFFIJJ_00767,Cytoplasmic,0.0053,0.0029,0.8859,0.0684,0.0373,0.0001
BMHFFIJJ_00768,Cytoplasmic,0.0007,0.0142,0.7113,0.0323,0.2277,0.0138
BMHFFIJJ_00770,Cytoplasmic,0.0001,0.0000,0.9525,0.0463,0.0009,0.0001
BMHFFIJJ_00771,Cytoplasmic,0.0004,0.0012,0.9906,0.0044,0.0029,0.0005
BMHFFIJJ_00772,Cytoplasmic,0.0005,0.0078,0.9873,0.0012,0.0030,0.0001
BMHFFIJJ_00773,Cytoplasmic,0.0000,0.0035,0.9591,0.0330,0.0043,0.0000
BMHFFIJJ_00774,Cytoplasmic,0.0003,0.0043,0.9852,0.0009,0.0091,0.0003
BMHFFIJJ_00775,Cytoplasmic,0.0013,0.0512,0.9278,0.0013,0.0171,0.0014
BMHFFIJJ_00776,Cytoplasmic,0.0009,0.0013,0.9756,0.0011,0.0210,0.0001
BMHFFIJJ_00777,Cytoplasmic,0.0040,0.3595,0.6178,0.0005,0.0182,0.0000
BMHFFIJJ_00778,Extracellular,0.0008,0.4479,0.4246,0.1156,0.0102,0.0009
BMHFFIJJ_00779,Cytoplasmic,0.0015,0.0114,0.9676,0.0015,0.0174,0.0006
BMHFFIJJ_00780,Cytoplasmic,0.0061,0.0316,0.8498,0.0196,0.0918,0.0012
BMHFFIJJ_00781,Cytoplasmic,0.0020,0.1142,0.7424,0.0107,0.1299,0.0008
BMHFFIJJ_00782,Cytoplasmic,0.0002,0.0001,0.9973,0.0002,0.0022,0.0000
BMHFFIJJ_00783,Cytoplasmic,0.0001,0.2832,0.6181,0.0077,0.0887,0.0021
BMHFFIJJ_00784,Cytoplasmic,0.0005,0.0356,0.7567,0.1751,0.0162,0.0160
BMHFFIJJ_00785,Cytoplasmic Membrane,0.0003,0.1801,0.2915,0.5100,0.0172,0.0009
BMHFFIJJ_00786,Cytoplasmic,0.0008,0.0341,0.8949,0.0090,0.0610,0.0002
BMHFFIJJ_00787,Cytoplasmic,0.0002,0.0317,0.9457,0.0142,0.0079,0.0002
BMHFFIJJ_00788,Cytoplasmic,0.0003,0.0019,0.9812,0.0075,0.0053,0.0038
BMHFFIJJ_00789,Cytoplasmic,0.0004,0.0028,0.9813,0.0095,0.0059,0.0002
BMHFFIJJ_00790,Cytoplasmic,0.0001,0.0270,0.9085,0.0288,0.0353,0.0004
BMHFFIJJ_00791,Cytoplasmic,0.0040,0.0082,0.8817,0.0609,0.0447,0.0004
BMHFFIJJ_00792,Cytoplasmic,0.0262,0.0639,0.5087,0.0195,0.3064,0.0752
BMHFFIJJ_00793,Extracellular,0.0072,0.4856,0.2059,0.1853,0.1145,0.0014
BMHFFIJJ_00794,Cytoplasmic,0.0013,0.0755,0.8129,0.0057,0.1029,0.0018
BMHFFIJJ_00795,Cytoplasmic,0.0029,0.0026,0.9451,0.0307,0.0185,0.0003
BMHFFIJJ_00796,Cytoplasmic,0.0000,0.0948,0.8374,0.0540,0.0046,0.0091
BMHFFIJJ_00797,Cytoplasmic,0.0002,0.0638,0.7006,0.2247,0.0091,0.0016
BMHFFIJJ_00798,Cytoplasmic,0.0001,0.4032,0.4865,0.1083,0.0018,0.0000
BMHFFIJJ_00799,Cytoplasmic,0.0003,0.1036,0.8694,0.0114,0.0114,0.0039
BMHFFIJJ_00800,Cytoplasmic,0.0002,0.2053,0.6101,0.1564,0.0261,0.0019
BMHFFIJJ_00801,Cytoplasmic,0.0002,0.1853,0.6519,0.1415,0.0186,0.0025
BMHFFIJJ_00802,Cytoplasmic,0.0001,0.1024,0.8752,0.0049,0.0173,0.0001
BMHFFIJJ_00803,Extracellular,0.0021,0.4346,0.3669,0.1532,0.0417,0.0014
BMHFFIJJ_00804,Cytoplasmic,0.0053,0.1150,0.8295,0.0177,0.0302,0.0023
BMHFFIJJ_00805,Cytoplasmic,0.0005,0.0404,0.8760,0.0031,0.0743,0.0057
BMHFFIJJ_00806,Cytoplasmic,0.0013,0.1478,0.7129,0.0002,0.1290,0.0087
BMHFFIJJ_00807,Cytoplasmic,0.0006,0.1866,0.7754,0.0282,0.0084,0.0008
BMHFFIJJ_00808,Cytoplasmic,0.0092,0.1936,0.4195,0.3188,0.0581,0.0008
BMHFFIJJ_00809,Cytoplasmic,0.0050,0.4134,0.5369,0.0153,0.0291,0.0003
BMHFFIJJ_00810,Cytoplasmic,0.0005,0.1864,0.6354,0.1664,0.0111,0.0001
BMHFFIJJ_00811,Extracellular,0.0002,0.7541,0.0716,0.1704,0.0036,0.0000
BMHFFIJJ_00812,Cytoplasmic,0.0001,0.1515,0.6739,0.1632,0.0109,0.0006
BMHFFIJJ_00813,Cytoplasmic Membrane,0.0004,0.0378,0.0297,0.8751,0.0544,0.0025
BMHFFIJJ_00814,Cytoplasmic,0.0011,0.0837,0.8830,0.0025,0.0288,0.0009
BMHFFIJJ_00815,Cytoplasmic,0.0003,0.0043,0.9852,0.0009,0.0091,0.0003
BMHFFIJJ_00816,Cytoplasmic,0.0000,0.0028,0.9596,0.0330,0.0046,0.0000
BMHFFIJJ_00817,Extracellular,0.0000,0.5216,0.0005,0.4745,0.0034,0.0000
BMHFFIJJ_00818,Cytoplasmic,0.0005,0.0502,0.5101,0.3422,0.0967,0.0004
BMHFFIJJ_00819,Cytoplasmic,0.0006,0.0828,0.8909,0.0004,0.0242,0.0012
BMHFFIJJ_00820,Periplasmic,0.0024,0.1385,0.0630,0.0266,0.2675,0.5019
BMHFFIJJ_00821,Cytoplasmic,0.0009,0.1351,0.8374,0.0066,0.0069,0.0131
BMHFFIJJ_00822,Cytoplasmic,0.0003,0.0365,0.8242,0.1246,0.0112,0.0032
BMHFFIJJ_00823,Extracellular,0.0114,0.7496,0.2218,0.0015,0.0127,0.0031
BMHFFIJJ_00824,Cytoplasmic,0.0107,0.3979,0.5679,0.0034,0.0153,0.0048
BMHFFIJJ_00825,Cytoplasmic Membrane,0.0000,0.0009,0.0062,0.9765,0.0163,0.0001
BMHFFIJJ_00826,Extracellular,0.0074,0.7378,0.0143,0.0131,0.1687,0.0586
BMHFFIJJ_00827,Extracellular,0.0160,0.6401,0.0117,0.0616,0.1992,0.0714
BMHFFIJJ_00828,Cytoplasmic Membrane,0.0054,0.3391,0.0365,0.3470,0.2693,0.0027
BMHFFIJJ_00829,Cytoplasmic,0.0003,0.0312,0.6927,0.2212,0.0420,0.0125
BMHFFIJJ_00830,Cytoplasmic,0.0026,0.4499,0.5090,0.0039,0.0345,0.0002
BMHFFIJJ_00831,Cytoplasmic,0.0037,0.1668,0.5443,0.2696,0.0144,0.0012
BMHFFIJJ_00832,Cytoplasmic,0.0001,0.0432,0.8651,0.0818,0.0085,0.0013
BMHFFIJJ_00833,Extracellular,0.0041,0.8890,0.0136,0.0452,0.0471,0.0011
BMHFFIJJ_00834,Extracellular,0.0343,0.4430,0.3923,0.0082,0.0922,0.0300
BMHFFIJJ_00835,Extracellular,0.0002,0.9894,0.0020,0.0000,0.0048,0.0036
BMHFFIJJ_00836,Outer Membrane,0.0034,0.0544,0.4156,0.0434,0.4816,0.0017
BMHFFIJJ_00837,Cytoplasmic,0.0239,0.4038,0.4842,0.0019,0.0778,0.0084
BMHFFIJJ_00838,Cytoplasmic,0.0003,0.0203,0.9664,0.0049,0.0079,0.0002
BMHFFIJJ_00839,Cytoplasmic,0.0016,0.1562,0.8077,0.0141,0.0200,0.0004
BMHFFIJJ_00841,Cytoplasmic,0.0007,0.2971,0.6918,0.0004,0.0086,0.0014
BMHFFIJJ_00842,Cytoplasmic Membrane,0.0007,0.2011,0.1145,0.6484,0.0212,0.0141
BMHFFIJJ_00843,Cytoplasmic,0.0002,0.0916,0.8931,0.0074,0.0072,0.0005
BMHFFIJJ_00844,Cytoplasmic,0.0175,0.0812,0.8637,0.0225,0.0146,0.0005
BMHFFIJJ_00845,Cytoplasmic,0.0000,0.0007,0.9939,0.0022,0.0031,0.0001
BMHFFIJJ_00846,Outer Membrane,0.0000,0.0001,0.0017,0.0136,0.9843,0.0003
BMHFFIJJ_00847,Cytoplasmic,0.0007,0.0357,0.9083,0.0041,0.0507,0.0005
BMHFFIJJ_00848,Cytoplasmic,0.0003,0.1347,0.8133,0.0473,0.0043,0.0001
BMHFFIJJ_00849,Cytoplasmic Membrane,0.0002,0.0127,0.0016,0.9760,0.0094,0.0002
BMHFFIJJ_00850,Cytoplasmic,0.0001,0.2157,0.6475,0.1210,0.0153,0.0004
BMHFFIJJ_00851,Cytoplasmic,0.0003,0.1205,0.7972,0.0728,0.0084,0.0008
BMHFFIJJ_00852,Cytoplasmic Membrane,0.0021,0.1170,0.1623,0.3626,0.3341,0.0218
BMHFFIJJ_00853,Cytoplasmic,0.0003,0.0078,0.9489,0.0151,0.0279,0.0000
BMHFFIJJ_00854,Extracellular,0.0002,0.9267,0.0662,0.0041,0.0028,0.0000
BMHFFIJJ_00855,Cytoplasmic,0.0001,0.1817,0.8075,0.0037,0.0032,0.0038
BMHFFIJJ_00856,Cytoplasmic,0.0003,0.1450,0.8144,0.0325,0.0077,0.0002
BMHFFIJJ_00857,Cytoplasmic,0.0002,0.2254,0.6511,0.0668,0.0555,0.0010
BMHFFIJJ_00858,Cytoplasmic,0.0023,0.0337,0.9319,0.0017,0.0302,0.0002
BMHFFIJJ_00859,Extracellular,0.0000,0.5428,0.2776,0.1447,0.0347,0.0001
BMHFFIJJ_00860,Cytoplasmic,0.0022,0.1636,0.7647,0.0342,0.0317,0.0036
BMHFFIJJ_00861,Cytoplasmic,0.0200,0.0268,0.8463,0.0514,0.0537,0.0018
BMHFFIJJ_00862,Cytoplasmic Membrane,0.0027,0.3051,0.2708,0.3425,0.0741,0.0048
BMHFFIJJ_00863,Cytoplasmic,0.0002,0.1609,0.8263,0.0055,0.0070,0.0001
BMHFFIJJ_00864,Cytoplasmic,0.0029,0.0229,0.7190,0.1125,0.1421,0.0006
BMHFFIJJ_00865,Cytoplasmic,0.0001,0.0007,0.9784,0.0160,0.0048,0.0000
BMHFFIJJ_00866,Cytoplasmic,0.0007,0.2971,0.6918,0.0004,0.0086,0.0014
BMHFFIJJ_00867,Cytoplasmic,0.0005,0.2086,0.6264,0.1364,0.0259,0.0023
BMHFFIJJ_00868,Cytoplasmic,0.0002,0.0245,0.9432,0.0201,0.0115,0.0005
BMHFFIJJ_00869,Cytoplasmic,0.0004,0.0466,0.9144,0.0119,0.0260,0.0007
BMHFFIJJ_00870,Cytoplasmic,0.0158,0.1105,0.8180,0.0322,0.0218,0.0017
BMHFFIJJ_00871,Cytoplasmic,0.0001,0.0175,0.9724,0.0024,0.0071,0.0004
BMHFFIJJ_00872,Cytoplasmic,0.0002,0.0875,0.8659,0.0175,0.0283,0.0006
BMHFFIJJ_00873,Extracellular,0.0002,0.9446,0.0064,0.0157,0.0323,0.0008
BMHFFIJJ_00874,Extracellular,0.0002,0.6907,0.0646,0.0506,0.1906,0.0033
BMHFFIJJ_00875,Cytoplasmic,0.0002,0.1191,0.7499,0.0983,0.0315,0.0009
BMHFFIJJ_00876,Cytoplasmic,0.0001,0.4613,0.4801,0.0328,0.0214,0.0042
BMHFFIJJ_00877,Cytoplasmic,0.0008,0.0009,0.5464,0.0030,0.4484,0.0006
BMHFFIJJ_00878,Cytoplasmic Membrane,0.0000,0.0120,0.0013,0.9841,0.0025,0.0000
BMHFFIJJ_00879,Cytoplasmic,0.0115,0.2848,0.5080,0.1887,0.0069,0.0001
BMHFFIJJ_00880,Cytoplasmic,0.0090,0.2490,0.6878,0.0085,0.0439,0.0019
BMHFFIJJ_00881,Cytoplasmic,0.0013,0.0562,0.5588,0.2937,0.0887,0.0014
BMHFFIJJ_00882,Extracellular,0.0022,0.8662,0.1114,0.0042,0.0152,0.0008
BMHFFIJJ_00883,Extracellular,0.0012,0.9494,0.0000,0.0106,0.0227,0.0161
BMHFFIJJ_00884,Cytoplasmic,0.0013,0.0528,0.7348,0.1599,0.0450,0.0062
BMHFFIJJ_00885,Extracellular,0.0003,0.7768,0.2136,0.0042,0.0040,0.0012
BMHFFIJJ_00886,Cytoplasmic,0.0008,0.1242,0.7943,0.0435,0.0366,0.0006
BMHFFIJJ_00887,Cytoplasmic,0.0004,0.0366,0.5459,0.2925,0.1130,0.0115
BMHFFIJJ_00888,Cytoplasmic,0.0037,0.3590,0.3898,0.0590,0.1868,0.0017
BMHFFIJJ_00889,Extracellular,0.0009,0.4396,0.2155,0.3388,0.0051,0.0001
BMHFFIJJ_00890,Cytoplasmic Membrane,0.0019,0.1139,0.3823,0.4971,0.0047,0.0001
BMHFFIJJ_00891,Extracellular,0.0001,0.9374,0.0480,0.0121,0.0024,0.0000
BMHFFIJJ_00892,Cytoplasmic,0.0005,0.0952,0.8806,0.0007,0.0177,0.0052
BMHFFIJJ_00893,Cytoplasmic,0.0003,0.0211,0.9414,0.0053,0.0200,0.0118
BMHFFIJJ_00894,Cytoplasmic,0.0059,0.0520,0.9041,0.0015,0.0343,0.0022
BMHFFIJJ_00895,Cytoplasmic,0.0031,0.1115,0.6978,0.0383,0.1492,0.0001
BMHFFIJJ_00896,Cytoplasmic,0.0022,0.0608,0.8197,0.0682,0.0485,0.0006
BMHFFIJJ_00897,Extracellular,0.0007,0.5360,0.3053,0.1307,0.0265,0.0007
BMHFFIJJ_00898,Cytoplasmic,0.0005,0.0460,0.9242,0.0057,0.0231,0.0005
BMHFFIJJ_00899,Periplasmic,0.0003,0.2990,0.0016,0.0004,0.0749,0.6239
BMHFFIJJ_00900,Outer Membrane,0.0006,0.0069,0.0021,0.1313,0.8298,0.0292
BMHFFIJJ_00901,Periplasmic,0.0007,0.0173,0.1093,0.0021,0.0450,0.8256
BMHFFIJJ_00902,Cytoplasmic,0.0004,0.0013,0.7207,0.1949,0.0813,0.0014
BMHFFIJJ_00903,Cytoplasmic Membrane,0.0000,0.0000,0.0000,0.9999,0.0001,0.0000
BMHFFIJJ_00904,Cytoplasmic,0.0001,0.0038,0.8721,0.0110,0.1066,0.0064
BMHFFIJJ_00905,Extracellular,0.0000,0.5002,0.0533,0.4387,0.0078,0.0000
BMHFFIJJ_00906,Cytoplasmic Membrane,0.0019,0.0014,0.0090,0.9412,0.0459,0.0005
BMHFFIJJ_00907,Extracellular,0.0259,0.8189,0.0004,0.0026,0.1479,0.0042
BMHFFIJJ_00908,Outer Membrane,0.0118,0.2631,0.0003,0.0251,0.6994,0.0004
BMHFFIJJ_00909,Outer Membrane,0.0000,0.0000,0.0000,0.0003,0.9996,0.0000
BMHFFIJJ_00910,Outer Membrane,0.0006,0.2449,0.0006,0.0065,0.7374,0.0100
BMHFFIJJ_00911,Cytoplasmic,0.0001,0.2787,0.6902,0.0080,0.0218,0.0012
BMHFFIJJ_00912,Outer Membrane,0.0057,0.1037,0.0217,0.0559,0.6168,0.1961
BMHFFIJJ_00913,Periplasmic,0.0011,0.0147,0.0113,0.0025,0.0202,0.9502
BMHFFIJJ_00914,Periplasmic,0.0009,0.0523,0.0265,0.0505,0.3594,0.5103
BMHFFIJJ_00915,Periplasmic,0.0000,0.0039,0.1017,0.0325,0.1242,0.7376
BMHFFIJJ_00916,Cytoplasmic,0.0001,0.0001,0.9968,0.0010,0.0020,0.0001
BMHFFIJJ_00917,Periplasmic,0.0342,0.0748,0.1266,0.0283,0.0964,0.6399
BMHFFIJJ_00918,Cytoplasmic,0.0001,0.3322,0.4023,0.2204,0.0448,0.0003
BMHFFIJJ_00919,Cytoplasmic,0.0004,0.0014,0.9917,0.0003,0.0058,0.0004
BMHFFIJJ_00920,Periplasmic,0.0000,0.0339,0.0001,0.0077,0.0752,0.8830
BMHFFIJJ_00921,Cytoplasmic Membrane,0.0001,0.0017,0.0004,0.9814,0.0133,0.0032
BMHFFIJJ_00922,Cytoplasmic,0.0012,0.0004,0.7255,0.2642,0.0084,0.0003
BMHFFIJJ_00923,Cytoplasmic,0.0001,0.0005,0.9782,0.0123,0.0085,0.0003
BMHFFIJJ_00924,Cytoplasmic,0.0016,0.0118,0.9673,0.0015,0.0174,0.0005
BMHFFIJJ_00925,Cytoplasmic,0.0001,0.0017,0.9704,0.0042,0.0235,0.0001
BMHFFIJJ_00926,Cytoplasmic Membrane,0.0002,0.0374,0.0014,0.9499,0.0110,0.0001
BMHFFIJJ_00927,Cytoplasmic,0.0023,0.0039,0.9365,0.0250,0.0322,0.0001
BMHFFIJJ_00928,Cytoplasmic,0.0021,0.0672,0.8902,0.0029,0.0370,0.0007
BMHFFIJJ_00929,Extracellular,0.0050,0.8639,0.1036,0.0127,0.0147,0.0002
BMHFFIJJ_00930,Cytoplasmic,0.0035,0.0778,0.5388,0.3723,0.0075,0.0001
BMHFFIJJ_00931,Extracellular,0.0022,0.6357,0.2074,0.1195,0.0344,0.0008
BMHFFIJJ_00932,Cytoplasmic,0.0001,0.0013,0.9953,0.0003,0.0030,0.0000
BMHFFIJJ_00933,Cytoplasmic Membrane,0.0065,0.0891,0.0261,0.6018,0.2741,0.0024
BMHFFIJJ_00934,Extracellular,0.0027,0.6515,0.3308,0.0001,0.0145,0.0004
BMHFFIJJ_00935,Cytoplasmic,0.0015,0.0046,0.9573,0.0028,0.0333,0.0005
BMHFFIJJ_00936,Cytoplasmic,0.0002,0.0712,0.9049,0.0044,0.0191,0.0002
BMHFFIJJ_00937,Cytoplasmic,0.0006,0.1305,0.8409,0.0029,0.0237,0.0015
BMHFFIJJ_00938,Cytoplasmic,0.0009,0.0011,0.9865,0.0011,0.0103,0.0001
BMHFFIJJ_00939,Cytoplasmic,0.0024,0.2312,0.4066,0.3081,0.0495,0.0021
BMHFFIJJ_00940,Cytoplasmic,0.0008,0.0010,0.9658,0.0096,0.0216,0.0011
BMHFFIJJ_00941,Cytoplasmic,0.0041,0.0037,0.9667,0.0101,0.0142,0.0011
BMHFFIJJ_00942,Cytoplasmic,0.0021,0.2519,0.7113,0.0022,0.0325,0.0001
BMHFFIJJ_00943,Cytoplasmic,0.0000,0.0011,0.9914,0.0056,0.0016,0.0002
BMHFFIJJ_00944,Cytoplasmic,0.0000,0.0001,0.9988,0.0003,0.0008,0.0000
BMHFFIJJ_00945,Cytoplasmic,0.0012,0.0038,0.8225,0.0186,0.1533,0.0006
BMHFFIJJ_00946,Cytoplasmic,0.0002,0.0009,0.8340,0.0031,0.1617,0.0000
BMHFFIJJ_00947,Cytoplasmic,0.0009,0.0292,0.9523,0.0026,0.0146,0.0005
BMHFFIJJ_00948,Periplasmic,0.0028,0.0569,0.1690,0.0524,0.1265,0.5924
BMHFFIJJ_00949,Periplasmic,0.0003,0.0162,0.0028,0.0210,0.2549,0.7048
BMHFFIJJ_00950,Cytoplasmic,0.0048,0.0048,0.9120,0.0164,0.0616,0.0005
BMHFFIJJ_00951,Cytoplasmic,0.0018,0.0028,0.9754,0.0159,0.0040,0.0001
BMHFFIJJ_00952,Cytoplasmic,0.0011,0.0024,0.9356,0.0014,0.0583,0.0013
BMHFFIJJ_00953,Outer Membrane,0.0000,0.0003,0.0000,0.0104,0.9799,0.0093
BMHFFIJJ_00954,Cytoplasmic,0.0001,0.2849,0.5764,0.0462,0.0924,0.0002
BMHFFIJJ_00955,Cytoplasmic,0.0000,0.0006,0.9755,0.0026,0.0128,0.0085
BMHFFIJJ_00956,Cytoplasmic,0.0013,0.0015,0.9213,0.0022,0.0529,0.0208
BMHFFIJJ_00957,Cytoplasmic,0.0000,0.0001,0.9385,0.0107,0.0504,0.0002
BMHFFIJJ_00958,Cytoplasmic Membrane,0.0000,0.0000,0.0000,0.9992,0.0007,0.0000
BMHFFIJJ_00959,Cytoplasmic Membrane,0.0000,0.0006,0.0006,0.9975,0.0012,0.0000
BMHFFIJJ_00960,Cytoplasmic,0.0002,0.0336,0.6649,0.2762,0.0127,0.0123
BMHFFIJJ_00961,Cytoplasmic,0.0021,0.1369,0.8343,0.0004,0.0256,0.0006
BMHFFIJJ_00962,Cytoplasmic,0.0002,0.2733,0.3847,0.3362,0.0043,0.0013
BMHFFIJJ_00963,Cytoplasmic Membrane,0.0079,0.0959,0.2563,0.6302,0.0095,0.0002
BMHFFIJJ_00964,Cytoplasmic,0.0021,0.2150,0.7744,0.0038,0.0030,0.0016
BMHFFIJJ_00965,Extracellular,0.0001,0.8365,0.1094,0.0525,0.0008,0.0008
BMHFFIJJ_00966,Extracellular,0.0004,0.7725,0.1036,0.1200,0.0033,0.0001
BMHFFIJJ_00967,Extracellular,0.0002,0.6672,0.2908,0.0135,0.0259,0.0024
BMHFFIJJ_00968,Cytoplasmic Membrane,0.0008,0.1032,0.0050,0.4631,0.3809,0.0470
BMHFFIJJ_00969,Cytoplasmic,0.0001,0.3291,0.5731,0.0121,0.0854,0.0002
BMHFFIJJ_00970,Cytoplasmic,0.0001,0.0002,0.9881,0.0046,0.0069,0.0001
BMHFFIJJ_00971,Cytoplasmic,0.0000,0.0114,0.9753,0.0071,0.0059,0.0003
BMHFFIJJ_00972,Cytoplasmic,0.0002,0.0016,0.9967,0.0007,0.0006,0.0002
BMHFFIJJ_00973,Cytoplasmic,0.0017,0.1924,0.6527,0.0514,0.1002,0.0016
BMHFFIJJ_00974,Cytoplasmic,0.0004,0.1217,0.8626,0.0139,0.0012,0.0002
BMHFFIJJ_00975,Cytoplasmic,0.0013,0.0011,0.9539,0.0069,0.0364,0.0005
BMHFFIJJ_00976,Cytoplasmic,0.0003,0.0002,0.7552,0.0022,0.2361,0.0061
BMHFFIJJ_00977,Cytoplasmic,0.0001,0.0003,0.9922,0.0034,0.0038,0.0002
BMHFFIJJ_00978,Cytoplasmic Membrane,0.0000,0.0000,0.0021,0.9904,0.0075,0.0000
BMHFFIJJ_00979,Cytoplasmic Membrane,0.0000,0.0020,0.0000,0.9975,0.0004,0.0001
BMHFFIJJ_00980,Cytoplasmic,0.0008,0.0011,0.8674,0.0907,0.0375,0.0026
BMHFFIJJ_00981,Cytoplasmic,0.0001,0.2300,0.6909,0.0134,0.0653,0.0003
BMHFFIJJ_00982,Cytoplasmic,0.0000,0.0002,0.9912,0.0002,0.0083,0.0000
BMHFFIJJ_00983,Outer Membrane,0.0001,0.0002,0.3394,0.0017,0.6582,0.0005
BMHFFIJJ_00984,Cytoplasmic,0.0000,0.0004,0.9988,0.0002,0.0002,0.0003
BMHFFIJJ_00985,Cytoplasmic,0.0000,0.0000,0.9970,0.0010,0.0019,0.0001
BMHFFIJJ_00986,Cytoplasmic,0.0000,0.0001,0.9983,0.0001,0.0012,0.0003
BMHFFIJJ_00987,Cytoplasmic Membrane,0.0000,0.0000,0.0000,0.9995,0.0005,0.0000
BMHFFIJJ_00988,Cytoplasmic,0.0000,0.0000,0.9983,0.0004,0.0013,0.0001
BMHFFIJJ_00989,Cytoplasmic,0.0001,0.0011,0.9843,0.0005,0.0115,0.0026
BMHFFIJJ_00990,Cytoplasmic,0.0003,0.0021,0.8835,0.0312,0.0824,0.0006
BMHFFIJJ_00991,Periplasmic,0.0005,0.0651,0.0015,0.0042,0.0259,0.9029
BMHFFIJJ_00992,Cytoplasmic Membrane,0.0000,0.0001,0.0002,0.9985,0.0012,0.0000
BMHFFIJJ_00993,Cytoplasmic,0.0001,0.0576,0.7158,0.2262,0.0002,0.0001
BMHFFIJJ_00994,Outer Membrane,0.0000,0.0000,0.0002,0.1955,0.8041,0.0001
BMHFFIJJ_00995,Outer Membrane,0.0060,0.1546,0.0104,0.3103,0.4629,0.0558
BMHFFIJJ_00996,Cytoplasmic,0.0000,0.0007,0.9399,0.0469,0.0123,0.0002
BMHFFIJJ_00997,Cytoplasmic,0.0003,0.0020,0.9737,0.0006,0.0222,0.0012
BMHFFIJJ_00998,Cytoplasmic,0.0001,0.1483,0.7735,0.0096,0.0680,0.0005
BMHFFIJJ_00999,Cytoplasmic,0.0000,0.0004,0.9973,0.0002,0.0019,0.0001
BMHFFIJJ_01000,Cytoplasmic,0.0001,0.0015,0.9906,0.0046,0.0030,0.0001
BMHFFIJJ_01002,Cytoplasmic Membrane,0.0000,0.0001,0.0000,0.9971,0.0028,0.0000
BMHFFIJJ_01003,Cytoplasmic Membrane,0.0000,0.0001,0.0001,0.9963,0.0035,0.0000
BMHFFIJJ_01004,Extracellular,0.0000,0.7608,0.1228,0.0058,0.1105,0.0000
BMHFFIJJ_01005,Outer Membrane,0.0000,0.0000,0.0000,0.0543,0.9450,0.0007
BMHFFIJJ_01006,Cytoplasmic Membrane,0.0000,0.0000,0.0002,0.9991,0.0007,0.0000
BMHFFIJJ_01007,Cytoplasmic Membrane,0.0006,0.0027,0.0042,0.7193,0.2380,0.0353
BMHFFIJJ_01008,Cytoplasmic,0.0004,0.0011,0.9404,0.0032,0.0531,0.0018
BMHFFIJJ_01009,Cytoplasmic,0.0002,0.0103,0.9863,0.0017,0.0012,0.0003
BMHFFIJJ_01010,Cytoplasmic Membrane,0.0000,0.0001,0.0000,0.9997,0.0002,0.0000
BMHFFIJJ_01011,Cytoplasmic,0.0002,0.0007,0.9194,0.0526,0.0188,0.0083
BMHFFIJJ_01012,Outer Membrane,0.0136,0.1086,0.0083,0.0407,0.5021,0.3268
BMHFFIJJ_01013,Cytoplasmic Membrane,0.0000,0.0016,0.0000,0.9902,0.0081,0.0000
BMHFFIJJ_01014,Cytoplasmic Membrane,0.0000,0.0010,0.0003,0.9859,0.0127,0.0000
BMHFFIJJ_01015,Cytoplasmic,0.0000,0.0011,0.9525,0.0011,0.0428,0.0023
BMHFFIJJ_01016,Cytoplasmic Membrane,0.0002,0.2476,0.3205,0.3260,0.0392,0.0665
BMHFFIJJ_01017,Cytoplasmic,0.0001,0.0007,0.9885,0.0077,0.0030,0.0001
BMHFFIJJ_01018,Cytoplasmic,0.0005,0.0006,0.9882,0.0060,0.0046,0.0001
BMHFFIJJ_01019,Cytoplasmic,0.0010,0.0011,0.9757,0.0050,0.0168,0.0003
BMHFFIJJ_01020,Cytoplasmic,0.0023,0.4001,0.5824,0.0005,0.0148,0.0000
BMHFFIJJ_01021,Cytoplasmic Membrane,0.0033,0.1131,0.0106,0.8438,0.0290,0.0001
BMHFFIJJ_01022,Cytoplasmic,0.0214,0.0689,0.8521,0.0214,0.0358,0.0003
BMHFFIJJ_01023,Cytoplasmic Membrane,0.0014,0.4148,0.0143,0.5577,0.0119,0.0000
BMHFFIJJ_01024,Cytoplasmic,0.0001,0.0003,0.9952,0.0006,0.0038,0.0000
BMHFFIJJ_01025,Cytoplasmic,0.0000,0.0025,0.9924,0.0012,0.0039,0.0000
BMHFFIJJ_01026,Cytoplasmic,0.0037,0.0073,0.9742,0.0074,0.0070,0.0004
BMHFFIJJ_01027,Cytoplasmic,0.0016,0.0016,0.9894,0.0014,0.0061,0.0000
BMHFFIJJ_01028,Cytoplasmic,0.0100,0.1969,0.7679,0.0014,0.0237,0.0001
BMHFFIJJ_01029,Cytoplasmic,0.0005,0.2392,0.6590,0.0566,0.0435,0.0011
BMHFFIJJ_01030,Extracellular,0.0001,0.8749,0.1011,0.0130,0.0109,0.0001
BMHFFIJJ_01031,Cytoplasmic,0.0004,0.0012,0.9711,0.0016,0.0257,0.0000
BMHFFIJJ_01032,Cytoplasmic,0.0010,0.2508,0.6076,0.1024,0.0379,0.0003
BMHFFIJJ_01033,Cytoplasmic,0.0001,0.0066,0.6840,0.0787,0.2302,0.0005
BMHFFIJJ_01034,Cytoplasmic,0.0003,0.0111,0.9261,0.0377,0.0233,0.0015
BMHFFIJJ_01035,Cytoplasmic,0.0006,0.0505,0.8617,0.0029,0.0843,0.0000
BMHFFIJJ_01036,Cytoplasmic,0.0027,0.0169,0.9439,0.0044,0.0314,0.0006
BMHFFIJJ_01037,Cytoplasmic,0.0038,0.0528,0.7721,0.0791,0.0907,0.0014
BMHFFIJJ_01038,Cytoplasmic,0.0008,0.0050,0.9038,0.0041,0.0856,0.0008
BMHFFIJJ_01039,Cytoplasmic Membrane,0.0001,0.0713,0.0064,0.8856,0.0366,0.0000
BMHFFIJJ_01040,Cytoplasmic,0.0001,0.2466,0.5734,0.1763,0.0035,0.0001
BMHFFIJJ_01041,Cytoplasmic,0.0019,0.1826,0.7730,0.0171,0.0253,0.0001
BMHFFIJJ_01042,Cytoplasmic,0.0021,0.0313,0.8777,0.0039,0.0847,0.0004
BMHFFIJJ_01043,Cytoplasmic,0.0002,0.1154,0.8282,0.0465,0.0097,0.0000
BMHFFIJJ_01044,Cytoplasmic,0.0000,0.0027,0.9802,0.0020,0.0148,0.0004
BMHFFIJJ_01045,Cytoplasmic,0.0007,0.0081,0.9530,0.0226,0.0145,0.0011
BMHFFIJJ_01046,Cytoplasmic,0.0002,0.0043,0.8674,0.0911,0.0369,0.0001
BMHFFIJJ_01047,Cytoplasmic,0.0007,0.0006,0.8229,0.1713,0.0044,0.0001
BMHFFIJJ_01048,Cytoplasmic,0.0003,0.0144,0.7987,0.0142,0.1704,0.0020
BMHFFIJJ_01049,Cytoplasmic,0.0000,0.0003,0.9584,0.0363,0.0047,0.0002
BMHFFIJJ_01050,Cytoplasmic,0.0002,0.0009,0.9671,0.0173,0.0126,0.0020
BMHFFIJJ_01051,Extracellular,0.0000,0.5257,0.4260,0.0425,0.0056,0.0001
BMHFFIJJ_01052,Cytoplasmic,0.0051,0.0790,0.7593,0.0321,0.1238,0.0008
BMHFFIJJ_01053,Cytoplasmic,0.0040,0.0060,0.9497,0.0134,0.0265,0.0004
BMHFFIJJ_01054,Cytoplasmic,0.0011,0.2412,0.6892,0.0344,0.0340,0.0000
BMHFFIJJ_01055,Cytoplasmic,0.0026,0.2918,0.5632,0.0930,0.0494,0.0001
BMHFFIJJ_01056,Cytoplasmic,0.0004,0.0912,0.5808,0.1740,0.1528,0.0008
BMHFFIJJ_01057,Extracellular,0.0020,0.7823,0.1800,0.0142,0.0212,0.0004
BMHFFIJJ_01058,Cytoplasmic,0.0005,0.0330,0.8717,0.0180,0.0765,0.0003
BMHFFIJJ_01059,Cytoplasmic,0.0026,0.0920,0.8706,0.0153,0.0193,0.0001
BMHFFIJJ_01060,Cytoplasmic,0.0018,0.2086,0.7554,0.0202,0.0139,0.0001
BMHFFIJJ_01061,Cytoplasmic,0.0025,0.0046,0.9742,0.0024,0.0163,0.0000
BMHFFIJJ_01062,Cytoplasmic,0.0004,0.0693,0.7982,0.1157,0.0052,0.0112
BMHFFIJJ_01063,Cytoplasmic,0.0004,0.0035,0.9793,0.0162,0.0005,0.0001
BMHFFIJJ_01064,Cytoplasmic,0.0000,0.1683,0.6823,0.0647,0.0840,0.0006
BMHFFIJJ_01065,Cytoplasmic,0.0000,0.1369,0.8009,0.0014,0.0605,0.0002
BMHFFIJJ_01066,Cytoplasmic Membrane,0.0002,0.0156,0.3852,0.5713,0.0155,0.0121
BMHFFIJJ_01067,Cytoplasmic,0.0010,0.0064,0.9676,0.0047,0.0185,0.0017
BMHFFIJJ_01068,Extracellular,0.0002,0.5291,0.4537,0.0097,0.0073,0.0001
BMHFFIJJ_01069,Cytoplasmic,0.0004,0.0002,0.7943,0.2015,0.0036,0.0000
BMHFFIJJ_01070,Periplasmic,0.0019,0.1507,0.0515,0.0060,0.0190,0.7709
BMHFFIJJ_01071,Cytoplasmic,0.0001,0.0005,0.9992,0.0002,0.0000,0.0000
BMHFFIJJ_01072,Cytoplasmic,0.0001,0.0003,0.9961,0.0031,0.0003,0.0002
BMHFFIJJ_01073,Cytoplasmic,0.0000,0.0011,0.9687,0.0132,0.0168,0.0002
BMHFFIJJ_01074,Cytoplasmic,0.0074,0.2721,0.6195,0.0384,0.0296,0.0330
BMHFFIJJ_01075,Cytoplasmic,0.0016,0.0007,0.9906,0.0066,0.0004,0.0000
BMHFFIJJ_01076,Cytoplasmic Membrane,0.0000,0.0000,0.0000,0.9999,0.0000,0.0000
BMHFFIJJ_01077,Cytoplasmic,0.0005,0.0041,0.9527,0.0265,0.0151,0.0010
BMHFFIJJ_01078,Cytoplasmic,0.0010,0.1947,0.7450,0.0055,0.0538,0.0001
BMHFFIJJ_01079,Cytoplasmic,0.0002,0.0033,0.9919,0.0025,0.0021,0.0000
BMHFFIJJ_01080,Cytoplasmic,0.0000,0.0040,0.9923,0.0011,0.0025,0.0000
BMHFFIJJ_01081,Cytoplasmic,0.0000,0.0018,0.9959,0.0007,0.0015,0.0000
BMHFFIJJ_01082,Cytoplasmic,0.0000,0.0026,0.9959,0.0003,0.0011,0.0000
BMHFFIJJ_01083,Cytoplasmic,0.0020,0.0009,0.8033,0.0401,0.1488,0.0049
BMHFFIJJ_01084,Cytoplasmic,0.0004,0.0008,0.9880,0.0024,0.0077,0.0007
BMHFFIJJ_01085,Cytoplasmic,0.0004,0.2303,0.7021,0.0554,0.0102,0.0015
BMHFFIJJ_01086,Cytoplasmic,0.0020,0.0454,0.9087,0.0198,0.0173,0.0068
BMHFFIJJ_01087,Cytoplasmic,0.0002,0.1609,0.8263,0.0055,0.0070,0.0001
BMHFFIJJ_01088,Cytoplasmic,0.0029,0.0229,0.7190,0.1125,0.1421,0.0006
BMHFFIJJ_01089,Cytoplasmic,0.0001,0.0039,0.9707,0.0133,0.0119,0.0001
BMHFFIJJ_01090,Cytoplasmic,0.0002,0.0245,0.9432,0.0201,0.0115,0.0005
BMHFFIJJ_01091,Cytoplasmic,0.0004,0.0466,0.9144,0.0119,0.0260,0.0007
BMHFFIJJ_01092,Cytoplasmic,0.0010,0.2351,0.4867,0.2382,0.0338,0.0052
BMHFFIJJ_01093,Cytoplasmic,0.0200,0.0268,0.8463,0.0514,0.0537,0.0018
BMHFFIJJ_01094,Cytoplasmic,0.0019,0.0164,0.9391,0.0308,0.0110,0.0008
BMHFFIJJ_01095,Cytoplasmic,0.0000,0.0002,0.9801,0.0165,0.0029,0.0002
BMHFFIJJ_01096,Cytoplasmic,0.0029,0.0167,0.9250,0.0137,0.0404,0.0013
BMHFFIJJ_01097,Outer Membrane,0.0027,0.1462,0.0133,0.0063,0.7011,0.1304
BMHFFIJJ_01098,Cytoplasmic Membrane,0.0001,0.0063,0.0002,0.9912,0.0023,0.0000
BMHFFIJJ_01099,Cytoplasmic,0.0013,0.2899,0.5902,0.1112,0.0071,0.0002
BMHFFIJJ_01100,Extracellular,0.0000,0.8184,0.1722,0.0007,0.0087,0.0000
BMHFFIJJ_01101,Cytoplasmic,0.0001,0.2554,0.5565,0.1711,0.0165,0.0004
BMHFFIJJ_01102,Extracellular,0.0000,0.8184,0.1722,0.0007,0.0087,0.0000
BMHFFIJJ_01103,Cytoplasmic,0.0009,0.1650,0.4273,0.3954,0.0106,0.0009
BMHFFIJJ_01104,Cytoplasmic,0.0057,0.1596,0.4110,0.4059,0.0176,0.0002
BMHFFIJJ_01105,Cytoplasmic,0.0001,0.3127,0.5079,0.1579,0.0132,0.0081
BMHFFIJJ_01106,Extracellular,0.0000,0.5005,0.3248,0.1709,0.0031,0.0006
BMHFFIJJ_01107,Cytoplasmic,0.0003,0.1518,0.6108,0.2249,0.0100,0.0023
BMHFFIJJ_01108,Cytoplasmic,0.0001,0.2554,0.5565,0.1711,0.0165,0.0004
BMHFFIJJ_01109,Cytoplasmic,0.0006,0.1940,0.6033,0.1988,0.0032,0.0001
BMHFFIJJ_01110,Cytoplasmic,0.0012,0.1446,0.4588,0.3883,0.0066,0.0005
BMHFFIJJ_01111,Outer Membrane,0.0059,0.2961,0.0536,0.1212,0.3201,0.2031
BMHFFIJJ_01112,Cytoplasmic Membrane,0.0000,0.0012,0.0002,0.9968,0.0018,0.0000
BMHFFIJJ_01113,Extracellular,0.0009,0.6300,0.3370,0.0233,0.0023,0.0064
BMHFFIJJ_01114,Cytoplasmic,0.0011,0.2404,0.6458,0.1050,0.0076,0.0002
BMHFFIJJ_01115,Extracellular,0.0140,0.7107,0.1188,0.0235,0.0931,0.0398
BMHFFIJJ_01116,Cytoplasmic,0.0009,0.4150,0.4493,0.0850,0.0495,0.0003
BMHFFIJJ_01117,Cytoplasmic,0.0000,0.1180,0.4534,0.4137,0.0148,0.0001
BMHFFIJJ_01118,Cytoplasmic,0.0001,0.2554,0.5565,0.1711,0.0165,0.0004
BMHFFIJJ_01119,Cytoplasmic Membrane,0.0000,0.0002,0.0000,0.9992,0.0005,0.0000
BMHFFIJJ_01120,Cytoplasmic Membrane,0.0000,0.0556,0.0004,0.9375,0.0064,0.0001
BMHFFIJJ_01121,Outer Membrane,0.0020,0.0509,0.0187,0.1353,0.5887,0.2044
BMHFFIJJ_01122,Cytoplasmic,0.0002,0.0267,0.9142,0.0453,0.0083,0.0053
BMHFFIJJ_01123,Cytoplasmic Membrane,0.0000,0.0003,0.0001,0.9983,0.0013,0.0000
BMHFFIJJ_01124,Cytoplasmic,0.0002,0.0510,0.8541,0.0617,0.0306,0.0023
BMHFFIJJ_01125,Cytoplasmic Membrane,0.0000,0.0000,0.0003,0.9963,0.0032,0.0001
BMHFFIJJ_01126,Cytoplasmic,0.0000,0.0001,0.9930,0.0006,0.0063,0.0000
BMHFFIJJ_01127,Cytoplasmic,0.0002,0.0466,0.9299,0.0089,0.0135,0.0009
BMHFFIJJ_01128,Cytoplasmic,0.0009,0.0886,0.8766,0.0127,0.0199,0.0014
BMHFFIJJ_01129,Cytoplasmic,0.0001,0.0003,0.9917,0.0020,0.0059,0.0001
BMHFFIJJ_01130,Cytoplasmic,0.0003,0.0484,0.7261,0.2182,0.0065,0.0005
BMHFFIJJ_01131,Cytoplasmic Membrane,0.0001,0.0021,0.0028,0.9770,0.0180,0.0001
BMHFFIJJ_01132,Cytoplasmic,0.0007,0.0227,0.9655,0.0024,0.0062,0.0025
BMHFFIJJ_01133,Cytoplasmic,0.0002,0.0012,0.9445,0.0036,0.0498,0.0006
BMHFFIJJ_01134,Cytoplasmic,0.0001,0.0014,0.8607,0.1144,0.0223,0.0011
BMHFFIJJ_01135,Cytoplasmic,0.0001,0.0040,0.9834,0.0055,0.0049,0.0021
BMHFFIJJ_01136,Cytoplasmic,0.0021,0.0201,0.9222,0.0441,0.0113,0.0002
BMHFFIJJ_01137,Cytoplasmic Membrane,0.0000,0.0003,0.0012,0.9887,0.0089,0.0009
BMHFFIJJ_01138,Extracellular,0.0002,0.3010,0.0005,0.2695,0.1544,0.2743
BMHFFIJJ_01139,Cytoplasmic Membrane,0.0001,0.0034,0.0026,0.9881,0.0057,0.0000
BMHFFIJJ_01140,Cytoplasmic,0.0000,0.0006,0.8815,0.1067,0.0109,0.0003
BMHFFIJJ_01141,Cytoplasmic,0.0240,0.0198,0.7974,0.0649,0.0930,0.0008
BMHFFIJJ_01142,Cytoplasmic,0.0029,0.1701,0.4822,0.2805,0.0587,0.0057
BMHFFIJJ_01143,Outer Membrane,0.0008,0.0262,0.0164,0.2883,0.6353,0.0330
BMHFFIJJ_01144,Extracellular,0.0034,0.5858,0.0041,0.0115,0.3768,0.0184
BMHFFIJJ_01145,Cytoplasmic Membrane,0.0001,0.1228,0.0168,0.8315,0.0283,0.0005
BMHFFIJJ_01146,Cytoplasmic Membrane,0.0013,0.0096,0.0019,0.6575,0.3227,0.0070
BMHFFIJJ_01147,Cytoplasmic Membrane,0.0009,0.0318,0.0091,0.9305,0.0242,0.0035
BMHFFIJJ_01148,Cytoplasmic Membrane,0.0003,0.0082,0.0932,0.8520,0.0426,0.0038
BMHFFIJJ_01149,Outer Membrane,0.0069,0.1847,0.0085,0.0197,0.4258,0.3543
BMHFFIJJ_01150,Outer Membrane,0.0000,0.0000,0.0000,0.0087,0.9912,0.0000
BMHFFIJJ_01151,Cytoplasmic,0.0001,0.0034,0.9927,0.0002,0.0025,0.0010
BMHFFIJJ_01152,Outer Membrane,0.0000,0.0229,0.0000,0.1246,0.8519,0.0005
BMHFFIJJ_01153,Extracellular,0.0022,0.4661,0.0866,0.0099,0.2514,0.1839
BMHFFIJJ_01154,Cytoplasmic,0.0001,0.0475,0.8569,0.0759,0.0179,0.0017
BMHFFIJJ_01155,Cytoplasmic,0.0005,0.1636,0.7842,0.0095,0.0404,0.0017
BMHFFIJJ_01156,Cytoplasmic,0.0002,0.3229,0.6659,0.0029,0.0068,0.0013
BMHFFIJJ_01157,Cytoplasmic,0.0005,0.0120,0.9706,0.0054,0.0111,0.0003
BMHFFIJJ_01158,Cytoplasmic,0.0000,0.0052,0.5766,0.3853,0.0315,0.0015
BMHFFIJJ_01159,Cytoplasmic,0.0050,0.2270,0.6534,0.0666,0.0414,0.0067
BMHFFIJJ_01160,Cytoplasmic,0.0002,0.0039,0.9890,0.0017,0.0050,0.0002
BMHFFIJJ_01161,Extracellular,0.0001,0.9433,0.0480,0.0047,0.0036,0.0002
BMHFFIJJ_01162,Cytoplasmic,0.0005,0.2608,0.6782,0.0406,0.0193,0.0006
BMHFFIJJ_01163,Cytoplasmic Membrane,0.0000,0.1138,0.0001,0.8842,0.0019,0.0000
BMHFFIJJ_01164,Cytoplasmic,0.0007,0.1070,0.7945,0.0516,0.0363,0.0099
BMHFFIJJ_01165,Cytoplasmic,0.0003,0.0027,0.9564,0.0347,0.0055,0.0005
BMHFFIJJ_01166,Extracellular,0.0000,0.4169,0.3753,0.1402,0.0671,0.0005
BMHFFIJJ_01167,Cytoplasmic,0.0008,0.0029,0.9030,0.0876,0.0038,0.0018
BMHFFIJJ_01168,Cytoplasmic,0.0011,0.1113,0.8152,0.0400,0.0255,0.0069
BMHFFIJJ_01169,Extracellular,0.0031,0.2776,0.0224,0.2517,0.1754,0.2698
BMHFFIJJ_01170,Cytoplasmic Membrane,0.0000,0.0000,0.0000,0.9999,0.0001,0.0000
BMHFFIJJ_01171,Cytoplasmic,0.0004,0.0035,0.9479,0.0256,0.0102,0.0125
BMHFFIJJ_01172,Cytoplasmic,0.0024,0.0256,0.4982,0.1746,0.2731,0.0261
BMHFFIJJ_01173,Cytoplasmic,0.0064,0.0387,0.6590,0.0023,0.2924,0.0012
BMHFFIJJ_01174,Cytoplasmic,0.0001,0.0002,0.9791,0.0196,0.0010,0.0000
BMHFFIJJ_01175,Cytoplasmic,0.0002,0.0136,0.7521,0.1942,0.0355,0.0044
BMHFFIJJ_01176,Cytoplasmic,0.0003,0.0014,0.9937,0.0024,0.0018,0.0004
BMHFFIJJ_01177,Cytoplasmic,0.0015,0.0031,0.9681,0.0178,0.0012,0.0083
BMHFFIJJ_01179,Periplasmic,0.0063,0.2047,0.0062,0.0146,0.1531,0.6151
BMHFFIJJ_01180,Cytoplasmic,0.0002,0.0005,0.9424,0.0541,0.0023,0.0005
BMHFFIJJ_01181,Cytoplasmic Membrane,0.0007,0.0047,0.0035,0.9712,0.0191,0.0007
BMHFFIJJ_01182,Cytoplasmic,0.0002,0.0063,0.9872,0.0054,0.0007,0.0001
BMHFFIJJ_01183,Cytoplasmic,0.0014,0.1615,0.7911,0.0171,0.0203,0.0086
BMHFFIJJ_01184,Cytoplasmic,0.0000,0.0015,0.9867,0.0032,0.0072,0.0013
BMHFFIJJ_01185,Cytoplasmic,0.0000,0.0005,0.9991,0.0001,0.0003,0.0000
BMHFFIJJ_01186,Cytoplasmic Membrane,0.0000,0.0001,0.0001,0.9981,0.0017,0.0000
BMHFFIJJ_01187,Cytoplasmic,0.0000,0.0002,0.9972,0.0002,0.0022,0.0001
BMHFFIJJ_01188,Cytoplasmic,0.0084,0.1325,0.7299,0.0046,0.1215,0.0030
BMHFFIJJ_01189,Cytoplasmic,0.0087,0.1360,0.7227,0.0046,0.1249,0.0031
BMHFFIJJ_01190,Cytoplasmic Membrane,0.0000,0.0000,0.0003,0.9956,0.0036,0.0005
BMHFFIJJ_01191,Cytoplasmic,0.0002,0.0100,0.9863,0.0020,0.0014,0.0001
BMHFFIJJ_01192,Periplasmic,0.0005,0.0071,0.1198,0.0175,0.0303,0.8249
BMHFFIJJ_01193,Periplasmic,0.0000,0.0019,0.0007,0.0002,0.0067,0.9906
BMHFFIJJ_01194,Periplasmic,0.0000,0.0033,0.0051,0.0021,0.0103,0.9792
BMHFFIJJ_01195,Cytoplasmic,0.0002,0.0008,0.9873,0.0008,0.0106,0.0004
BMHFFIJJ_01196,Cytoplasmic,0.0000,0.0000,0.9865,0.0036,0.0071,0.0027
BMHFFIJJ_01197,Cytoplasmic,0.0002,0.0020,0.9900,0.0045,0.0023,0.0010
BMHFFIJJ_01198,Cytoplasmic Membrane,0.0000,0.0000,0.0001,0.9994,0.0003,0.0002
BMHFFIJJ_01199,Cytoplasmic Membrane,0.0002,0.0234,0.0033,0.9407,0.0294,0.0031
BMHFFIJJ_01200,Outer Membrane,0.0004,0.0370,0.0102,0.0572,0.6733,0.2219
BMHFFIJJ_01201,Cytoplasmic,0.0029,0.0041,0.8377,0.1118,0.0423,0.0012
BMHFFIJJ_01202,Cytoplasmic,0.0012,0.0151,0.8820,0.0456,0.0554,0.0007
BMHFFIJJ_01203,Cytoplasmic Membrane,0.0008,0.0011,0.0117,0.9124,0.0731,0.0009
BMHFFIJJ_01204,Cytoplasmic,0.0001,0.0010,0.9976,0.0004,0.0006,0.0003
BMHFFIJJ_01205,Outer Membrane,0.0008,0.0057,0.0034,0.3092,0.6567,0.0242
BMHFFIJJ_01206,Periplasmic,0.0028,0.0362,0.0237,0.0158,0.3416,0.5798
BMHFFIJJ_01207,Periplasmic,0.0003,0.1168,0.0000,0.0003,0.2543,0.6283
BMHFFIJJ_01208,Periplasmic,0.0006,0.0370,0.0042,0.0026,0.0277,0.9279
BMHFFIJJ_01209,Cytoplasmic,0.0001,0.0005,0.9951,0.0029,0.0014,0.0000
BMHFFIJJ_01210,Extracellular,0.0057,0.5584,0.0909,0.0599,0.2522,0.0330
BMHFFIJJ_01212,Periplasmic,0.0014,0.0373,0.0579,0.0224,0.0978,0.7832
BMHFFIJJ_01213,Cytoplasmic,0.0000,0.0011,0.9986,0.0001,0.0001,0.0001
BMHFFIJJ_01214,Cytoplasmic,0.0006,0.1264,0.6793,0.1265,0.0533,0.0139
BMHFFIJJ_01215,Cytoplasmic,0.0001,0.0030,0.9924,0.0001,0.0044,0.0001
BMHFFIJJ_01216,Cytoplasmic,0.0000,0.0000,0.9978,0.0012,0.0010,0.0000
BMHFFIJJ_01217,Cytoplasmic,0.0000,0.0000,0.9962,0.0000,0.0028,0.0009
BMHFFIJJ_01218,Cytoplasmic,0.0000,0.0000,0.9971,0.0001,0.0027,0.0000
BMHFFIJJ_01219,Cytoplasmic,0.0001,0.0006,0.9909,0.0079,0.0004,0.0001
BMHFFIJJ_01220,Outer Membrane,0.0017,0.0054,0.0120,0.0167,0.8317,0.1325
BMHFFIJJ_01221,Cytoplasmic Membrane,0.0000,0.0018,0.0000,0.9980,0.0002,0.0000
BMHFFIJJ_01222,Cytoplasmic,0.0000,0.0001,0.8899,0.1005,0.0085,0.0009
BMHFFIJJ_01223,Cytoplasmic Membrane,0.0000,0.0005,0.0000,0.9983,0.0012,0.0000
BMHFFIJJ_01224,Cytoplasmic Membrane,0.0000,0.0001,0.0000,0.9988,0.0010,0.0000
BMHFFIJJ_01225,Cytoplasmic,0.0004,0.0003,0.9026,0.0950,0.0013,0.0003
BMHFFIJJ_01226,Outer Membrane,0.0001,0.0037,0.0006,0.0222,0.9540,0.0195
BMHFFIJJ_01227,Cytoplasmic,0.0000,0.0000,0.9968,0.0009,0.0022,0.0001
BMHFFIJJ_01228,Cytoplasmic,0.0001,0.0010,0.9800,0.0045,0.0134,0.0010
BMHFFIJJ_01229,Outer Membrane,0.0001,0.0003,0.0007,0.1825,0.8088,0.0077
BMHFFIJJ_01230,Cytoplasmic,0.0002,0.0006,0.9742,0.0086,0.0131,0.0033
BMHFFIJJ_01231,Cytoplasmic Membrane,0.0007,0.0101,0.0047,0.7025,0.2748,0.0072
BMHFFIJJ_01232,Cytoplasmic Membrane,0.0000,0.0000,0.0000,0.9998,0.0002,0.0000
BMHFFIJJ_01233,Cytoplasmic Membrane,0.0000,0.0001,0.0048,0.5564,0.4337,0.0050
BMHFFIJJ_01234,Periplasmic,0.0021,0.0365,0.0023,0.0232,0.4558,0.4801
BMHFFIJJ_01235,Outer Membrane,0.0000,0.0000,0.0000,0.0008,0.9992,0.0000
BMHFFIJJ_01236,Cytoplasmic,0.0001,0.0013,0.9750,0.0146,0.0087,0.0002
BMHFFIJJ_01237,Cytoplasmic Membrane,0.0001,0.0013,0.0005,0.9940,0.0041,0.0001
BMHFFIJJ_01238,Periplasmic,0.0019,0.0537,0.0468,0.0865,0.1225,0.6886
BMHFFIJJ_01239,Cytoplasmic,0.0075,0.0231,0.7413,0.1130,0.1135,0.0017
BMHFFIJJ_01240,Outer Membrane,0.0006,0.0036,0.0069,0.3043,0.6771,0.0075
BMHFFIJJ_01241,Cytoplasmic,0.0008,0.1063,0.8728,0.0099,0.0100,0.0002
BMHFFIJJ_01242,Cytoplasmic,0.0000,0.0000,0.9951,0.0000,0.0046,0.0002
BMHFFIJJ_01243,Cytoplasmic Membrane,0.0001,0.0051,0.0026,0.9813,0.0108,0.0001
BMHFFIJJ_01244,Cytoplasmic Membrane,0.0001,0.0061,0.0191,0.9665,0.0075,0.0008
BMHFFIJJ_01245,Cytoplasmic,0.0000,0.0001,0.9947,0.0002,0.0048,0.0002
BMHFFIJJ_01246,Periplasmic,0.0000,0.0040,0.0005,0.0023,0.0667,0.9266
BMHFFIJJ_01247,Cytoplasmic Membrane,0.0003,0.0047,0.0002,0.9609,0.0325,0.0014
BMHFFIJJ_01248,Cytoplasmic,0.0003,0.0003,0.7647,0.2321,0.0020,0.0005
BMHFFIJJ_01249,Outer Membrane,0.0020,0.0105,0.0327,0.1800,0.5159,0.2589
BMHFFIJJ_01250,Cytoplasmic,0.0000,0.0002,0.9882,0.0082,0.0032,0.0002
BMHFFIJJ_01251,Cytoplasmic,0.0001,0.0000,0.9610,0.0010,0.0378,0.0001
BMHFFIJJ_01252,Cytoplasmic,0.0020,0.0228,0.8988,0.0675,0.0086,0.0004
BMHFFIJJ_01253,Cytoplasmic Membrane,0.0013,0.1761,0.1426,0.6048,0.0750,0.0002
BMHFFIJJ_01254,Outer Membrane,0.0000,0.0000,0.0007,0.0821,0.9170,0.0002
BMHFFIJJ_01255,Cytoplasmic,0.0006,0.0137,0.8854,0.0036,0.0930,0.0037
BMHFFIJJ_01256,Cytoplasmic,0.0001,0.0011,0.8666,0.1121,0.0200,0.0001
BMHFFIJJ_01257,Cytoplasmic,0.0009,0.0057,0.4787,0.4474,0.0666,0.0006
BMHFFIJJ_01258,Cytoplasmic Membrane,0.0017,0.0457,0.0059,0.8859,0.0592,0.0016
BMHFFIJJ_01259,Outer Membrane,0.0000,0.0001,0.0001,0.0021,0.9978,0.0000
BMHFFIJJ_01260,Extracellular,0.0015,0.5149,0.0005,0.0034,0.4790,0.0006
BMHFFIJJ_01261,Extracellular,0.0012,0.7524,0.0011,0.0216,0.2232,0.0005
BMHFFIJJ_01262,Outer Membrane,0.0039,0.0721,0.0207,0.0797,0.5031,0.3205
BMHFFIJJ_01263,Outer Membrane,0.0215,0.0679,0.1210,0.2524,0.2970,0.2402
BMHFFIJJ_01264,Periplasmic,0.0053,0.0475,0.1645,0.0723,0.1673,0.5432
BMHFFIJJ_01265,Cytoplasmic,0.0014,0.0397,0.3655,0.0429,0.2817,0.2688
BMHFFIJJ_01266,Outer Membrane,0.0167,0.0399,0.1984,0.0831,0.4202,0.2417
BMHFFIJJ_01267,Cytoplasmic,0.0000,0.0001,0.9805,0.0042,0.0149,0.0003
BMHFFIJJ_01268,Periplasmic,0.0000,0.0065,0.0002,0.0088,0.0218,0.9627
BMHFFIJJ_01269,Cytoplasmic Membrane,0.0000,0.0000,0.0000,0.9995,0.0004,0.0000
BMHFFIJJ_01270,Cytoplasmic,0.0016,0.0296,0.9548,0.0016,0.0112,0.0011
BMHFFIJJ_01271,Cytoplasmic,0.0000,0.0003,0.9978,0.0011,0.0006,0.0002
BMHFFIJJ_01272,Cytoplasmic,0.0001,0.0001,0.9896,0.0034,0.0062,0.0005
BMHFFIJJ_01273,Cytoplasmic Membrane,0.0000,0.0000,0.0000,0.9986,0.0013,0.0000
BMHFFIJJ_01274,Cytoplasmic,0.0003,0.0012,0.9871,0.0083,0.0031,0.0001
BMHFFIJJ_01275,Cytoplasmic,0.0002,0.0006,0.9828,0.0025,0.0127,0.0011
BMHFFIJJ_01276,Outer Membrane,0.0001,0.0025,0.0017,0.3193,0.6685,0.0080
BMHFFIJJ_01277,Cytoplasmic,0.0002,0.0011,0.7005,0.2937,0.0045,0.0001
BMHFFIJJ_01278,Cytoplasmic Membrane,0.0000,0.0000,0.0001,0.9968,0.0031,0.0000
BMHFFIJJ_01279,Cytoplasmic,0.0000,0.0003,0.9991,0.0003,0.0003,0.0001
BMHFFIJJ_01280,Cytoplasmic Membrane,0.0000,0.0000,0.0216,0.9763,0.0020,0.0000
BMHFFIJJ_01281,Cytoplasmic,0.0001,0.0011,0.9594,0.0017,0.0361,0.0017
BMHFFIJJ_01282,Periplasmic,0.0102,0.1571,0.0035,0.0709,0.1393,0.6191
BMHFFIJJ_01283,Cytoplasmic Membrane,0.0000,0.0006,0.0000,0.9980,0.0013,0.0000
BMHFFIJJ_01284,Cytoplasmic Membrane,0.0001,0.0007,0.2322,0.7399,0.0270,0.0000
BMHFFIJJ_01285,Outer Membrane,0.0002,0.0020,0.0005,0.3211,0.6753,0.0009
BMHFFIJJ_01286,Outer Membrane,0.0000,0.0000,0.4304,0.0000,0.5693,0.0003
BMHFFIJJ_01287,Cytoplasmic,0.0004,0.0032,0.8343,0.0360,0.1223,0.0039
BMHFFIJJ_01288,Cytoplasmic,0.0000,0.0000,0.9985,0.0000,0.0013,0.0001
BMHFFIJJ_01289,Cytoplasmic,0.0005,0.0009,0.8202,0.0300,0.1411,0.0073
BMHFFIJJ_01290,Cytoplasmic,0.0001,0.0016,0.9475,0.0004,0.0486,0.0018
BMHFFIJJ_01291,Cytoplasmic,0.0000,0.0001,0.9970,0.0000,0.0028,0.0001
BMHFFIJJ_01292,Cytoplasmic,0.0001,0.0020,0.9759,0.0136,0.0063,0.0021
BMHFFIJJ_01293,Outer Membrane,0.0001,0.0863,0.0000,0.0032,0.9100,0.0003
BMHFFIJJ_01294,Cytoplasmic,0.0095,0.2787,0.4504,0.0474,0.1899,0.0242
BMHFFIJJ_01295,Cytoplasmic,0.0008,0.0304,0.8035,0.0658,0.0974,0.0021
BMHFFIJJ_01296,Cytoplasmic,0.0003,0.0390,0.9489,0.0107,0.0009,0.0002
BMHFFIJJ_01297,Cytoplasmic Membrane,0.0000,0.0000,0.0001,0.9997,0.0002,0.0000
BMHFFIJJ_01298,Outer Membrane,0.0063,0.0638,0.0494,0.0469,0.8024,0.0312
BMHFFIJJ_01299,Outer Membrane,0.0078,0.0297,0.2312,0.2084,0.3624,0.1605
BMHFFIJJ_01300,Extracellular,0.0045,0.4328,0.0121,0.0097,0.1441,0.3968
BMHFFIJJ_01301,Periplasmic,0.0088,0.1216,0.0160,0.0464,0.1573,0.6499
BMHFFIJJ_01302,Outer Membrane,0.0010,0.4684,0.0011,0.0151,0.5095,0.0050
BMHFFIJJ_01303,Outer Membrane,0.0005,0.1986,0.0004,0.0049,0.7918,0.0038
BMHFFIJJ_01304,Outer Membrane,0.0000,0.0001,0.0001,0.0007,0.9991,0.0000
BMHFFIJJ_01305,Cytoplasmic Membrane,0.0011,0.0077,0.0008,0.9482,0.0419,0.0004
BMHFFIJJ_01306,Cytoplasmic,0.0002,0.0004,0.9639,0.0204,0.0144,0.0006
BMHFFIJJ_01307,Cytoplasmic Membrane,0.0000,0.0000,0.0000,0.9989,0.0011,0.0000
BMHFFIJJ_01308,Cytoplasmic,0.0001,0.0082,0.9541,0.0294,0.0079,0.0003
BMHFFIJJ_01309,Cytoplasmic,0.0009,0.1098,0.8692,0.0162,0.0029,0.0009
BMHFFIJJ_01310,Cytoplasmic,0.0006,0.0041,0.5143,0.0071,0.4670,0.0070
BMHFFIJJ_01311,Cytoplasmic,0.0001,0.2722,0.4786,0.1154,0.1334,0.0003
BMHFFIJJ_01312,Cytoplasmic,0.0004,0.0222,0.9213,0.0513,0.0047,0.0001
BMHFFIJJ_01313,Cytoplasmic,0.0019,0.0183,0.9163,0.0107,0.0526,0.0002
BMHFFIJJ_01314,Cytoplasmic Membrane,0.0019,0.1361,0.0007,0.5770,0.2836,0.0007
BMHFFIJJ_01315,Outer Membrane,0.0106,0.2619,0.0137,0.1649,0.5254,0.0235
BMHFFIJJ_01316,Cytoplasmic Membrane,0.0002,0.1556,0.0003,0.8108,0.0331,0.0001
BMHFFIJJ_01317,Extracellular,0.0003,0.4645,0.2779,0.0820,0.1747,0.0006
BMHFFIJJ_01318,Cytoplasmic Membrane,0.0001,0.0285,0.0043,0.9276,0.0354,0.0041
BMHFFIJJ_01319,Cytoplasmic,0.0000,0.0008,0.7818,0.0007,0.1938,0.0229
BMHFFIJJ_01320,Cytoplasmic,0.0034,0.1009,0.8427,0.0006,0.0421,0.0103
BMHFFIJJ_01321,Outer Membrane,0.0011,0.1876,0.0004,0.0434,0.7669,0.0005
BMHFFIJJ_01322,Cytoplasmic,0.0004,0.0025,0.9117,0.0022,0.0828,0.0005
BMHFFIJJ_01323,Cytoplasmic Membrane,0.0034,0.0037,0.0153,0.8539,0.1018,0.0218
BMHFFIJJ_01324,Cytoplasmic,0.0001,0.0001,0.9979,0.0010,0.0006,0.0002
BMHFFIJJ_01325,Cytoplasmic,0.0005,0.0030,0.8677,0.1181,0.0012,0.0095
BMHFFIJJ_01326,Cytoplasmic,0.0004,0.0008,0.9621,0.0321,0.0039,0.0006
BMHFFIJJ_01327,Cytoplasmic Membrane,0.0000,0.0030,0.0000,0.8747,0.1208,0.0015
BMHFFIJJ_01328,Cytoplasmic,0.0000,0.0037,0.9677,0.0007,0.0247,0.0031
BMHFFIJJ_01331,Periplasmic,0.0008,0.0283,0.0248,0.2015,0.3522,0.3925
BMHFFIJJ_01332,Cytoplasmic,0.0000,0.0985,0.8180,0.0191,0.0636,0.0006
BMHFFIJJ_01333,Cytoplasmic Membrane,0.0000,0.0000,0.0000,0.9999,0.0001,0.0000
BMHFFIJJ_01334,Periplasmic,0.0003,0.0078,0.0046,0.0013,0.0226,0.9634
BMHFFIJJ_01335,Cytoplasmic,0.0002,0.0010,0.9522,0.0006,0.0446,0.0015
BMHFFIJJ_01336,Periplasmic,0.0000,0.0043,0.0011,0.0026,0.0394,0.9525
BMHFFIJJ_01337,Cytoplasmic Membrane,0.0000,0.0000,0.0000,0.9998,0.0002,0.0000
BMHFFIJJ_01338,Cytoplasmic,0.0001,0.0016,0.9820,0.0145,0.0017,0.0001
BMHFFIJJ_01339,Cytoplasmic Membrane,0.0000,0.0015,0.0000,0.9884,0.0101,0.0000
BMHFFIJJ_01340,Cytoplasmic Membrane,0.0003,0.0117,0.0010,0.7976,0.1892,0.0002
BMHFFIJJ_01341,Cytoplasmic,0.0007,0.0023,0.8129,0.1709,0.0125,0.0008
BMHFFIJJ_01342,Cytoplasmic,0.0002,0.0550,0.8824,0.0340,0.0068,0.0216
BMHFFIJJ_01343,Outer Membrane,0.0053,0.0644,0.0158,0.3263,0.5548,0.0334
BMHFFIJJ_01344,Cytoplasmic,0.0003,0.0044,0.9616,0.0231,0.0104,0.0002
BMHFFIJJ_01345,Cytoplasmic,0.0002,0.0003,0.8783,0.0107,0.1102,0.0004
BMHFFIJJ_01346,Cytoplasmic,0.0000,0.0001,0.9903,0.0000,0.0089,0.0006
BMHFFIJJ_01347,Cytoplasmic Membrane,0.0001,0.0001,0.4641,0.5260,0.0090,0.0008
BMHFFIJJ_01348,Cytoplasmic,0.0001,0.0003,0.9985,0.0001,0.0009,0.0000
BMHFFIJJ_01349,Cytoplasmic Membrane,0.0003,0.0068,0.0091,0.9306,0.0472,0.0060
BMHFFIJJ_01350,Cytoplasmic Membrane,0.0000,0.1397,0.0081,0.8290,0.0231,0.0000
BMHFFIJJ_01351,Cytoplasmic Membrane,0.0000,0.0015,0.0000,0.9866,0.0118,0.0001
BMHFFIJJ_01352,Cytoplasmic,0.0000,0.0012,0.9393,0.0044,0.0532,0.0019
BMHFFIJJ_01353,Cytoplasmic,0.0000,0.0001,0.9779,0.0001,0.0218,0.0001
BMHFFIJJ_01354,Cytoplasmic,0.0000,0.0001,0.9973,0.0003,0.0022,0.0001
BMHFFIJJ_01355,Cytoplasmic,0.0002,0.0050,0.8745,0.1012,0.0187,0.0004
BMHFFIJJ_01356,Cytoplasmic,0.0001,0.0001,0.9618,0.0017,0.0356,0.0006
BMHFFIJJ_01357,Cytoplasmic,0.0004,0.0026,0.8643,0.0245,0.1075,0.0008
BMHFFIJJ_01358,Cytoplasmic,0.0000,0.0000,0.9960,0.0000,0.0040,0.0000
BMHFFIJJ_01359,Cytoplasmic,0.0000,0.0004,0.9828,0.0150,0.0013,0.0004
BMHFFIJJ_01360,Cytoplasmic,0.0001,0.0001,0.9995,0.0003,0.0000,0.0000
BMHFFIJJ_01361,Periplasmic,0.0068,0.1693,0.0124,0.0020,0.0754,0.7341
BMHFFIJJ_01362,Cytoplasmic,0.0001,0.0018,0.9831,0.0082,0.0038,0.0029
BMHFFIJJ_01363,Cytoplasmic Membrane,0.0001,0.0023,0.0004,0.9936,0.0036,0.0000
BMHFFIJJ_01364,Cytoplasmic,0.0001,0.0003,0.9853,0.0068,0.0073,0.0003
BMHFFIJJ_01365,Outer Membrane,0.0002,0.0079,0.0042,0.0596,0.9059,0.0221
BMHFFIJJ_01366,Cytoplasmic,0.0000,0.0008,0.5615,0.3038,0.1290,0.0049
BMHFFIJJ_01367,Outer Membrane,0.0288,0.2695,0.0448,0.0621,0.4670,0.1277
BMHFFIJJ_01368,Periplasmic,0.0007,0.0121,0.0018,0.0022,0.0189,0.9643
BMHFFIJJ_01369,Periplasmic,0.0009,0.1428,0.0028,0.0008,0.0515,0.8013
BMHFFIJJ_01370,Cytoplasmic,0.0007,0.0040,0.9845,0.0030,0.0056,0.0021
BMHFFIJJ_01371,Cytoplasmic,0.0004,0.0047,0.9768,0.0077,0.0095,0.0009
BMHFFIJJ_01372,Cytoplasmic,0.0002,0.0020,0.9392,0.0503,0.0079,0.0005
BMHFFIJJ_01373,Periplasmic,0.0016,0.2524,0.0344,0.0543,0.1076,0.5498
BMHFFIJJ_01374,Cytoplasmic,0.0000,0.0001,0.9769,0.0181,0.0048,0.0001
BMHFFIJJ_01375,Cytoplasmic,0.0022,0.0107,0.9221,0.0127,0.0510,0.0013
BMHFFIJJ_01376,Cytoplasmic,0.0004,0.4520,0.4810,0.0579,0.0080,0.0006
BMHFFIJJ_01377,Cytoplasmic Membrane,0.0000,0.0373,0.0007,0.9598,0.0021,0.0000
BMHFFIJJ_01378,Cytoplasmic Membrane,0.0000,0.0036,0.0001,0.9942,0.0021,0.0000
BMHFFIJJ_01379,Cytoplasmic Membrane,0.0000,0.0020,0.0007,0.9960,0.0011,0.0001
BMHFFIJJ_01380,Cytoplasmic,0.0001,0.0519,0.8770,0.0574,0.0129,0.0007
BMHFFIJJ_01381,Cytoplasmic,0.0038,0.0534,0.8766,0.0244,0.0373,0.0045
BMHFFIJJ_01382,Outer Membrane,0.0006,0.0136,0.0005,0.4204,0.5545,0.0103
BMHFFIJJ_01383,Cytoplasmic,0.0002,0.1921,0.4937,0.2459,0.0622,0.0059
BMHFFIJJ_01384,Cytoplasmic Membrane,0.0000,0.0000,0.0000,0.9971,0.0029,0.0000
BMHFFIJJ_01385,Extracellular,0.0025,0.5518,0.1700,0.2267,0.0417,0.0073
BMHFFIJJ_01386,Cytoplasmic,0.0005,0.1298,0.7522,0.0987,0.0123,0.0065
BMHFFIJJ_01387,Cytoplasmic,0.0001,0.3328,0.6505,0.0074,0.0077,0.0015
BMHFFIJJ_01388,Cytoplasmic,0.0003,0.0218,0.8939,0.0460,0.0365,0.0016
BMHFFIJJ_01389,Cytoplasmic,0.0000,0.0155,0.9700,0.0105,0.0029,0.0010
BMHFFIJJ_01390,Cytoplasmic,0.0011,0.0124,0.9532,0.0249,0.0077,0.0007
BMHFFIJJ_01391,Cytoplasmic,0.0001,0.2969,0.6609,0.0015,0.0405,0.0002
BMHFFIJJ_01392,Outer Membrane,0.0220,0.2647,0.0282,0.1731,0.4564,0.0556
BMHFFIJJ_01393,Periplasmic,0.0002,0.0844,0.0043,0.0003,0.0062,0.9046
BMHFFIJJ_01394,Cytoplasmic Membrane,0.0007,0.0012,0.0073,0.9366,0.0533,0.0010
BMHFFIJJ_01395,Extracellular,0.0001,0.5776,0.3914,0.0043,0.0258,0.0009
BMHFFIJJ_01396,Cytoplasmic,0.0000,0.0001,0.9983,0.0003,0.0002,0.0011
BMHFFIJJ_01397,Periplasmic,0.0012,0.0086,0.2033,0.0046,0.0250,0.7573
BMHFFIJJ_01398,Periplasmic,0.0002,0.2580,0.0017,0.0001,0.0133,0.7268
BMHFFIJJ_01399,Periplasmic,0.0003,0.1439,0.0067,0.0017,0.0151,0.8324
BMHFFIJJ_01400,Periplasmic,0.0044,0.2628,0.0498,0.0027,0.1464,0.5339
BMHFFIJJ_01401,Periplasmic,0.0020,0.3246,0.1119,0.0194,0.0400,0.5021
BMHFFIJJ_01402,Extracellular,0.0010,0.6137,0.0002,0.0014,0.3195,0.0642
BMHFFIJJ_01403,Outer Membrane,0.0002,0.4320,0.0002,0.0018,0.5602,0.0055
BMHFFIJJ_01404,Outer Membrane,0.0000,0.0000,0.0000,0.0002,0.9997,0.0000
BMHFFIJJ_01405,Outer Membrane,0.0005,0.0925,0.0098,0.0165,0.8264,0.0543
BMHFFIJJ_01406,Outer Membrane,0.0000,0.0001,0.0001,0.0003,0.9995,0.0001
BMHFFIJJ_01407,Extracellular,0.0006,0.6101,0.0016,0.0025,0.3752,0.0099
BMHFFIJJ_01408,Outer Membrane,0.0177,0.4063,0.0002,0.0042,0.5712,0.0005
BMHFFIJJ_01409,Cytoplasmic,0.0012,0.0016,0.9473,0.0074,0.0425,0.0000
BMHFFIJJ_01410,Outer Membrane,0.0000,0.0000,0.0000,0.0001,0.9999,0.0000
BMHFFIJJ_01411,Outer Membrane,0.0003,0.3643,0.0009,0.0016,0.6243,0.0086
BMHFFIJJ_01412,Periplasmic,0.0007,0.0184,0.1488,0.0040,0.0276,0.8005
BMHFFIJJ_01413,Periplasmic,0.0002,0.0205,0.0217,0.0230,0.0135,0.9211
BMHFFIJJ_01414,Periplasmic,0.0005,0.0486,0.1276,0.0018,0.0244,0.7971
BMHFFIJJ_01415,Periplasmic,0.0049,0.1674,0.0993,0.0101,0.3057,0.4126
BMHFFIJJ_01416,Periplasmic,0.0002,0.2172,0.0127,0.0178,0.0249,0.7271
BMHFFIJJ_01417,Cytoplasmic,0.0059,0.2888,0.3998,0.0018,0.0289,0.2748
BMHFFIJJ_01418,Periplasmic,0.0005,0.0157,0.1400,0.0326,0.0187,0.7924
BMHFFIJJ_01419,Cytoplasmic,0.0006,0.3306,0.5628,0.0403,0.0652,0.0005
BMHFFIJJ_01420,Cytoplasmic,0.0000,0.0190,0.9442,0.0180,0.0183,0.0005
BMHFFIJJ_01421,Cytoplasmic,0.0000,0.0005,0.9992,0.0002,0.0001,0.0000
BMHFFIJJ_01422,Cytoplasmic,0.0000,0.0002,0.9962,0.0025,0.0011,0.0000
BMHFFIJJ_01423,Cytoplasmic,0.0064,0.0178,0.8865,0.0671,0.0209,0.0013
BMHFFIJJ_01424,Cytoplasmic Membrane,0.0004,0.0106,0.0025,0.8551,0.1295,0.0019
BMHFFIJJ_01425,Cytoplasmic,0.0000,0.0003,0.9570,0.0042,0.0380,0.0004
BMHFFIJJ_01426,Cytoplasmic,0.0037,0.0477,0.7074,0.0140,0.2139,0.0134
BMHFFIJJ_01427,Cytoplasmic,0.0001,0.0011,0.9729,0.0049,0.0092,0.0118
BMHFFIJJ_01428,Cytoplasmic,0.0001,0.0032,0.9866,0.0055,0.0036,0.0010
BMHFFIJJ_01429,Cytoplasmic Membrane,0.0000,0.0009,0.0049,0.9896,0.0044,0.0001
BMHFFIJJ_01430,Cytoplasmic Membrane,0.0000,0.0003,0.0002,0.9978,0.0016,0.0000
BMHFFIJJ_01431,Extracellular,0.0016,0.7305,0.0062,0.0001,0.0378,0.2238
BMHFFIJJ_01432,Extracellular,0.0017,0.5006,0.0008,0.0009,0.4668,0.0293
BMHFFIJJ_01433,Cytoplasmic,0.0000,0.1381,0.8045,0.0028,0.0541,0.0005
BMHFFIJJ_01434,Outer Membrane,0.0000,0.0000,0.0000,0.0001,0.9999,0.0000
BMHFFIJJ_01435,Outer Membrane,0.0006,0.3078,0.0010,0.0028,0.6847,0.0030
BMHFFIJJ_01436,Outer Membrane,0.0005,0.1084,0.0001,0.0091,0.8810,0.0010
BMHFFIJJ_01437,Cytoplasmic Membrane,0.0007,0.0004,0.0019,0.9754,0.0212,0.0004
BMHFFIJJ_01438,Cytoplasmic,0.0012,0.0086,0.9261,0.0470,0.0144,0.0027
BMHFFIJJ_01439,Outer Membrane,0.0075,0.1550,0.0613,0.0060,0.5956,0.1746
BMHFFIJJ_01440,Extracellular,0.0146,0.6081,0.0304,0.0001,0.0552,0.2916
BMHFFIJJ_01441,Periplasmic,0.0011,0.0507,0.0184,0.0018,0.0341,0.8940
BMHFFIJJ_01442,Cytoplasmic Membrane,0.0000,0.0005,0.0002,0.9935,0.0057,0.0000
BMHFFIJJ_01443,Periplasmic,0.0000,0.0009,0.0018,0.0008,0.0637,0.9328
BMHFFIJJ_01444,Cytoplasmic Membrane,0.0000,0.0001,0.0000,0.9996,0.0003,0.0000
BMHFFIJJ_01445,Cytoplasmic,0.0023,0.0235,0.8676,0.0596,0.0438,0.0031
BMHFFIJJ_01446,Cytoplasmic Membrane,0.0000,0.0000,0.0000,0.9996,0.0003,0.0000
BMHFFIJJ_01447,Cytoplasmic Membrane,0.0000,0.0496,0.0000,0.9442,0.0062,0.0000
BMHFFIJJ_01448,Cytoplasmic,0.0004,0.0022,0.9818,0.0085,0.0063,0.0007
BMHFFIJJ_01449,Cytoplasmic,0.0000,0.0001,0.9987,0.0009,0.0003,0.0001
BMHFFIJJ_01450,Cytoplasmic Membrane,0.0006,0.0152,0.2054,0.7158,0.0575,0.0054
BMHFFIJJ_01451,Cytoplasmic Membrane,0.0001,0.0002,0.4191,0.4611,0.1180,0.0015
BMHFFIJJ_01452,Cytoplasmic Membrane,0.0000,0.0000,0.0000,0.9999,0.0001,0.0000
BMHFFIJJ_01453,Extracellular,0.0001,0.6124,0.3660,0.0140,0.0074,0.0001
BMHFFIJJ_01454,Extracellular,0.0117,0.9256,0.0127,0.0140,0.0210,0.0150
BMHFFIJJ_01455,Cytoplasmic Membrane,0.0000,0.0000,0.0000,0.9997,0.0003,0.0000
BMHFFIJJ_01456,Cytoplasmic,0.0000,0.0001,0.4882,0.4414,0.0646,0.0056
BMHFFIJJ_01457,Cytoplasmic,0.0000,0.0003,0.8886,0.0813,0.0227,0.0070
BMHFFIJJ_01458,Cytoplasmic Membrane,0.0000,0.0000,0.0000,0.9994,0.0005,0.0000
BMHFFIJJ_01459,Cytoplasmic Membrane,0.0001,0.0002,0.3247,0.5805,0.0554,0.0391
BMHFFIJJ_01460,Cytoplasmic Membrane,0.0000,0.0000,0.0000,0.9994,0.0006,0.0000
BMHFFIJJ_01461,Cytoplasmic Membrane,0.0000,0.0000,0.0001,0.9991,0.0006,0.0001
BMHFFIJJ_01462,Cytoplasmic Membrane,0.0000,0.0000,0.0000,0.9998,0.0002,0.0000
BMHFFIJJ_01463,Cytoplasmic Membrane,0.0000,0.0000,0.0000,0.9998,0.0002,0.0000
BMHFFIJJ_01464,Cytoplasmic Membrane,0.0000,0.0000,0.0001,0.9984,0.0015,0.0000
BMHFFIJJ_01465,Extracellular,0.0001,0.5145,0.3920,0.0661,0.0270,0.0003
BMHFFIJJ_01466,Cytoplasmic Membrane,0.0000,0.0000,0.0000,0.9988,0.0012,0.0000
BMHFFIJJ_01467,Cytoplasmic,0.0010,0.2179,0.7570,0.0143,0.0092,0.0006
BMHFFIJJ_01468,Cytoplasmic,0.0001,0.0180,0.8343,0.1375,0.0099,0.0002
BMHFFIJJ_01469,Cytoplasmic Membrane,0.0000,0.0000,0.0000,1.0000,0.0000,0.0000
BMHFFIJJ_01470,Cytoplasmic,0.0001,0.0003,0.7279,0.2568,0.0141,0.0008
BMHFFIJJ_01471,Periplasmic,0.0023,0.0105,0.0096,0.1054,0.2239,0.6482
BMHFFIJJ_01472,Periplasmic,0.0192,0.0803,0.0171,0.0659,0.2422,0.5754
BMHFFIJJ_01473,Extracellular,0.0002,0.5319,0.4273,0.0025,0.0371,0.0010
BMHFFIJJ_01474,Cytoplasmic,0.0000,0.3154,0.6280,0.0179,0.0374,0.0014
BMHFFIJJ_01475,Cytoplasmic,0.0004,0.0028,0.9796,0.0017,0.0139,0.0017
BMHFFIJJ_01476,Cytoplasmic Membrane,0.0000,0.0000,0.0000,0.9999,0.0001,0.0000
BMHFFIJJ_01477,Cytoplasmic,0.0001,0.0003,0.9948,0.0008,0.0039,0.0001
BMHFFIJJ_01478,Cytoplasmic Membrane,0.0000,0.0001,0.0001,0.9981,0.0017,0.0000
BMHFFIJJ_01479,Cytoplasmic,0.0001,0.0000,0.9921,0.0005,0.0070,0.0002
BMHFFIJJ_01481,Cytoplasmic,0.0001,0.0003,0.9530,0.0418,0.0048,0.0002
BMHFFIJJ_01482,Cytoplasmic Membrane,0.0000,0.0038,0.0001,0.9930,0.0031,0.0000
BMHFFIJJ_01483,Cytoplasmic Membrane,0.0000,0.0000,0.0003,0.9969,0.0028,0.0000
BMHFFIJJ_01484,Outer Membrane,0.0011,0.0353,0.0013,0.1312,0.8151,0.0159
BMHFFIJJ_01485,Cytoplasmic,0.0001,0.0002,0.6135,0.3704,0.0151,0.0008
BMHFFIJJ_01486,Cytoplasmic,0.0000,0.0000,0.9974,0.0002,0.0013,0.0011
BMHFFIJJ_01487,Cytoplasmic,0.0002,0.2059,0.6877,0.0218,0.0833,0.0012
BMHFFIJJ_01488,Cytoplasmic,0.0032,0.0106,0.7539,0.1837,0.0480,0.0006
BMHFFIJJ_01489,Cytoplasmic,0.0004,0.0004,0.9862,0.0093,0.0036,0.0003
BMHFFIJJ_01490,Outer Membrane,0.0020,0.0037,0.0063,0.4124,0.5631,0.0124
BMHFFIJJ_01491,Outer Membrane,0.0106,0.0967,0.0325,0.0716,0.6279,0.1606
BMHFFIJJ_01492,Cytoplasmic,0.0008,0.0007,0.7251,0.1310,0.1419,0.0004
BMHFFIJJ_01493,Cytoplasmic,0.0010,0.0250,0.9305,0.0291,0.0088,0.0056
BMHFFIJJ_01494,Cytoplasmic Membrane,0.0004,0.0030,0.0056,0.9175,0.0704,0.0032
BMHFFIJJ_01495,Cytoplasmic Membrane,0.0001,0.1402,0.3823,0.4727,0.0046,0.0002
BMHFFIJJ_01496,Outer Membrane,0.0000,0.0001,0.0007,0.2051,0.7932,0.0009
BMHFFIJJ_01497,Extracellular,0.0001,0.8471,0.1471,0.0020,0.0034,0.0004
BMHFFIJJ_01498,Cytoplasmic,0.0091,0.2044,0.6617,0.0823,0.0419,0.0005
BMHFFIJJ_01499,Extracellular,0.0005,0.5924,0.3760,0.0005,0.0268,0.0039
BMHFFIJJ_01500,Cytoplasmic,0.0025,0.0778,0.8819,0.0003,0.0354,0.0023
BMHFFIJJ_01501,Cytoplasmic,0.0016,0.0411,0.9058,0.0111,0.0315,0.0089
BMHFFIJJ_01502,Cytoplasmic,0.0011,0.1414,0.8308,0.0101,0.0158,0.0008
BMHFFIJJ_01503,Cytoplasmic,0.0002,0.0019,0.9110,0.0797,0.0044,0.0028
BMHFFIJJ_01504,Cytoplasmic Membrane,0.0011,0.0102,0.0023,0.8934,0.0893,0.0037
BMHFFIJJ_01505,Cytoplasmic,0.0013,0.0064,0.8642,0.1101,0.0158,0.0022
BMHFFIJJ_01506,Cytoplasmic,0.0001,0.0001,0.9829,0.0005,0.0159,0.0005
BMHFFIJJ_01507,Cytoplasmic Membrane,0.0000,0.0000,0.0013,0.9969,0.0017,0.0000
BMHFFIJJ_01508,Outer Membrane,0.0000,0.0000,0.0000,0.0004,0.9996,0.0000
BMHFFIJJ_01509,Cytoplasmic Membrane,0.0000,0.0001,0.0002,0.9958,0.0038,0.0000
BMHFFIJJ_01510,Cytoplasmic,0.0002,0.0066,0.9873,0.0029,0.0025,0.0004
BMHFFIJJ_01511,Cytoplasmic,0.0001,0.0004,0.9411,0.0003,0.0580,0.0001
BMHFFIJJ_01512,Cytoplasmic,0.0008,0.0032,0.9263,0.0006,0.0684,0.0006
BMHFFIJJ_01513,Extracellular,0.0012,0.6024,0.0026,0.0295,0.3386,0.0256
BMHFFIJJ_01514,Cytoplasmic,0.0012,0.0955,0.8595,0.0290,0.0138,0.0010
BMHFFIJJ_01515,Cytoplasmic,0.0004,0.1212,0.8339,0.0291,0.0148,0.0007
BMHFFIJJ_01516,Cytoplasmic,0.0012,0.0025,0.9260,0.0055,0.0646,0.0003
BMHFFIJJ_01518,Cytoplasmic,0.0003,0.0013,0.9866,0.0064,0.0049,0.0005
BMHFFIJJ_01519,Cytoplasmic,0.0000,0.0002,0.9952,0.0004,0.0040,0.0001
BMHFFIJJ_01520,Periplasmic,0.0005,0.0352,0.0113,0.0009,0.0236,0.9285
BMHFFIJJ_01521,Periplasmic,0.0005,0.0528,0.0569,0.0047,0.0159,0.8693
BMHFFIJJ_01522,Periplasmic,0.0074,0.3024,0.0730,0.0041,0.1598,0.4533
BMHFFIJJ_01523,Periplasmic,0.0018,0.1223,0.0226,0.0037,0.0128,0.8367
BMHFFIJJ_01524,Periplasmic,0.0008,0.0344,0.0013,0.0020,0.0248,0.9367
BMHFFIJJ_01525,Outer Membrane,0.0010,0.0695,0.0008,0.0237,0.8869,0.0181
BMHFFIJJ_01526,Outer Membrane,0.0000,0.0000,0.0000,0.0001,0.9999,0.0000
BMHFFIJJ_01527,Cytoplasmic Membrane,0.0006,0.0053,0.0152,0.8973,0.0806,0.0009
BMHFFIJJ_01528,Cytoplasmic,0.0000,0.0003,0.9610,0.0003,0.0375,0.0008
BMHFFIJJ_01529,Outer Membrane,0.0013,0.0718,0.0005,0.1277,0.7899,0.0088
BMHFFIJJ_01530,Cytoplasmic,0.0002,0.0019,0.9442,0.0256,0.0254,0.0027
BMHFFIJJ_01531,Cytoplasmic Membrane,0.0000,0.0000,0.0004,0.9979,0.0016,0.0000
BMHFFIJJ_01532,Cytoplasmic,0.0001,0.0005,0.9866,0.0011,0.0091,0.0026
BMHFFIJJ_01533,Cytoplasmic,0.0002,0.0005,0.9933,0.0015,0.0040,0.0006
BMHFFIJJ_01534,Cytoplasmic Membrane,0.0000,0.0000,0.0000,0.9996,0.0003,0.0000
BMHFFIJJ_01535,Cytoplasmic,0.0000,0.0008,0.9621,0.0206,0.0156,0.0008
BMHFFIJJ_01536,Cytoplasmic,0.0001,0.0019,0.9462,0.0414,0.0054,0.0051
BMHFFIJJ_01537,Cytoplasmic,0.0005,0.0006,0.8963,0.0890,0.0133,0.0004
BMHFFIJJ_01538,Cytoplasmic,0.0010,0.0072,0.9199,0.0568,0.0148,0.0003
BMHFFIJJ_01539,Cytoplasmic,0.0045,0.0095,0.9297,0.0197,0.0288,0.0078
BMHFFIJJ_01540,Cytoplasmic,0.0000,0.0002,0.9991,0.0006,0.0002,0.0000
BMHFFIJJ_01541,Cytoplasmic,0.0000,0.0013,0.9582,0.0080,0.0294,0.0031
BMHFFIJJ_01542,Cytoplasmic,0.0000,0.0018,0.9519,0.0044,0.0415,0.0003
BMHFFIJJ_01543,Cytoplasmic,0.0004,0.0026,0.9415,0.0304,0.0247,0.0005
BMHFFIJJ_01544,Cytoplasmic,0.0002,0.0005,0.9521,0.0337,0.0129,0.0005
BMHFFIJJ_01545,Cytoplasmic,0.0002,0.0040,0.7629,0.0050,0.2277,0.0003
BMHFFIJJ_01546,Periplasmic,0.0002,0.0160,0.0033,0.0857,0.1127,0.7821
BMHFFIJJ_01547,Cytoplasmic,0.0002,0.0001,0.6783,0.0004,0.3162,0.0049
BMHFFIJJ_01548,Cytoplasmic Membrane,0.0000,0.0001,0.0000,0.9988,0.0011,0.0000
BMHFFIJJ_01549,Cytoplasmic,0.0009,0.1227,0.8300,0.0290,0.0161,0.0014
BMHFFIJJ_01550,Outer Membrane,0.0483,0.1521,0.0273,0.1294,0.5310,0.1119
BMHFFIJJ_01551,Cytoplasmic,0.0000,0.0014,0.9937,0.0023,0.0024,0.0002
BMHFFIJJ_01552,Cytoplasmic,0.0008,0.0018,0.9353,0.0390,0.0228,0.0004
BMHFFIJJ_01553,Cytoplasmic,0.0000,0.0002,0.9965,0.0029,0.0003,0.0001
BMHFFIJJ_01554,Cytoplasmic,0.0000,0.0002,0.9913,0.0002,0.0079,0.0003
BMHFFIJJ_01555,Cytoplasmic Membrane,0.0000,0.0024,0.0000,0.9916,0.0059,0.0000
BMHFFIJJ_01556,Cytoplasmic Membrane,0.0002,0.0010,0.0436,0.9138,0.0231,0.0183
BMHFFIJJ_01557,Cytoplasmic Membrane,0.0000,0.0000,0.0000,0.9999,0.0001,0.0000
BMHFFIJJ_01558,Cytoplasmic,0.0001,0.0006,0.9906,0.0011,0.0069,0.0007
BMHFFIJJ_01559,Cytoplasmic,0.0000,0.0002,0.9824,0.0148,0.0027,0.0001
BMHFFIJJ_01560,Cytoplasmic,0.0001,0.2424,0.6525,0.0088,0.0955,0.0006
BMHFFIJJ_01561,Cytoplasmic Membrane,0.0030,0.0159,0.0010,0.6126,0.3632,0.0043
BMHFFIJJ_01562,Cytoplasmic,0.0006,0.0075,0.7659,0.0198,0.1750,0.0312
BMHFFIJJ_01563,Cytoplasmic,0.0004,0.0051,0.6958,0.2601,0.0373,0.0013
BMHFFIJJ_01564,Cytoplasmic,0.0001,0.0010,0.9788,0.0183,0.0010,0.0009
BMHFFIJJ_01565,Cytoplasmic,0.0001,0.0034,0.9835,0.0041,0.0087,0.0002
BMHFFIJJ_01566,Cytoplasmic,0.0009,0.0211,0.7876,0.1593,0.0165,0.0146
BMHFFIJJ_01567,Cytoplasmic,0.0009,0.0039,0.9233,0.0648,0.0024,0.0047
BMHFFIJJ_01568,Outer Membrane,0.0000,0.0001,0.0012,0.0125,0.9852,0.0009
BMHFFIJJ_01569,Cytoplasmic Membrane,0.0000,0.0010,0.0001,0.9934,0.0039,0.0016
BMHFFIJJ_01570,Cytoplasmic Membrane,0.0000,0.0000,0.0000,0.9998,0.0002,0.0000
BMHFFIJJ_01571,Cytoplasmic Membrane,0.0000,0.0000,0.0000,0.9998,0.0002,0.0000
BMHFFIJJ_01572,Outer Membrane,0.0000,0.0000,0.0000,0.0365,0.9634,0.0000
BMHFFIJJ_01573,Extracellular,0.0000,0.4810,0.4433,0.0029,0.0719,0.0008
BMHFFIJJ_01574,Cytoplasmic,0.0004,0.0004,0.9720,0.0081,0.0183,0.0008
BMHFFIJJ_01575,Cytoplasmic Membrane,0.0007,0.0054,0.0031,0.9760,0.0131,0.0018
BMHFFIJJ_01576,Periplasmic,0.0026,0.2972,0.0209,0.0487,0.1642,0.4664
BMHFFIJJ_01577,Periplasmic,0.0131,0.2545,0.2136,0.0916,0.0786,0.3486
BMHFFIJJ_01578,Cytoplasmic,0.0002,0.0010,0.8629,0.0607,0.0641,0.0112
BMHFFIJJ_01579,Cytoplasmic,0.0001,0.0002,0.9765,0.0077,0.0145,0.0010
BMHFFIJJ_01580,Cytoplasmic Membrane,0.0010,0.0527,0.0084,0.9058,0.0315,0.0006
BMHFFIJJ_01581,Cytoplasmic,0.0000,0.0036,0.7506,0.0015,0.2412,0.0031
BMHFFIJJ_01582,Cytoplasmic,0.0000,0.0001,0.9919,0.0054,0.0025,0.0000
BMHFFIJJ_01583,Cytoplasmic,0.0003,0.0051,0.9641,0.0279,0.0012,0.0015
BMHFFIJJ_01584,Periplasmic,0.0027,0.1359,0.1546,0.0558,0.1770,0.4740
BMHFFIJJ_01585,Cytoplasmic,0.0002,0.0018,0.9769,0.0017,0.0189,0.0006
BMHFFIJJ_01586,Cytoplasmic,0.0013,0.1681,0.5391,0.2790,0.0113,0.0013
BMHFFIJJ_01587,Periplasmic,0.0002,0.0643,0.0025,0.0049,0.0275,0.9005
BMHFFIJJ_01588,Cytoplasmic,0.0000,0.0003,0.9931,0.0001,0.0064,0.0000
BMHFFIJJ_01589,Cytoplasmic,0.0000,0.0000,0.9975,0.0011,0.0013,0.0001
BMHFFIJJ_01590,Cytoplasmic,0.0000,0.0001,0.9877,0.0023,0.0097,0.0002
BMHFFIJJ_01591,Cytoplasmic,0.0001,0.0005,0.9669,0.0006,0.0319,0.0000
BMHFFIJJ_01592,Cytoplasmic,0.0000,0.0000,0.9542,0.0000,0.0457,0.0001
BMHFFIJJ_01593,Cytoplasmic,0.0002,0.0002,0.5195,0.0046,0.4724,0.0031
BMHFFIJJ_01594,Outer Membrane,0.0003,0.0008,0.0569,0.0007,0.9409,0.0005
BMHFFIJJ_01595,Outer Membrane,0.0000,0.0019,0.1290,0.0002,0.8682,0.0006
BMHFFIJJ_01596,Cytoplasmic Membrane,0.0001,0.2387,0.2167,0.3928,0.1514,0.0003
BMHFFIJJ_01597,Cytoplasmic,0.0006,0.0566,0.6858,0.2259,0.0100,0.0212
BMHFFIJJ_01598,Periplasmic,0.0001,0.0136,0.0076,0.0090,0.0862,0.8835
BMHFFIJJ_01599,Cytoplasmic,0.0000,0.0000,0.9673,0.0000,0.0326,0.0000
BMHFFIJJ_01600,Cytoplasmic,0.0006,0.0000,0.9769,0.0012,0.0213,0.0000
BMHFFIJJ_01601,Cytoplasmic,0.0006,0.0062,0.9409,0.0019,0.0487,0.0017
BMHFFIJJ_01604,Cytoplasmic,0.0001,0.0398,0.7353,0.1509,0.0547,0.0192
BMHFFIJJ_01605,Cytoplasmic,0.0002,0.0015,0.9607,0.0049,0.0075,0.0252
BMHFFIJJ_01606,Cytoplasmic,0.0034,0.0106,0.6807,0.1784,0.1235,0.0035
BMHFFIJJ_01607,Cytoplasmic,0.0000,0.0000,0.9973,0.0001,0.0026,0.0000
BMHFFIJJ_01608,Cytoplasmic Membrane,0.0001,0.0002,0.0001,0.9978,0.0019,0.0000
BMHFFIJJ_01609,Periplasmic,0.0129,0.2804,0.0395,0.0356,0.0865,0.5451
BMHFFIJJ_01610,Periplasmic,0.0015,0.0807,0.0230,0.0063,0.1010,0.7874
BMHFFIJJ_01611,Periplasmic,0.0031,0.0502,0.0137,0.0073,0.1696,0.7561
BMHFFIJJ_01612,Periplasmic,0.0014,0.0356,0.0029,0.0013,0.0497,0.9091
BMHFFIJJ_01613,Extracellular,0.0076,0.4417,0.0758,0.0293,0.3150,0.1306
BMHFFIJJ_01614,Outer Membrane,0.0000,0.0000,0.0000,0.0006,0.9993,0.0001
BMHFFIJJ_01615,Extracellular,0.0319,0.7527,0.0022,0.0033,0.1908,0.0192
BMHFFIJJ_01616,Outer Membrane,0.0010,0.0236,0.0009,0.0289,0.9231,0.0224
BMHFFIJJ_01617,Outer Membrane,0.0080,0.2233,0.0460,0.1050,0.5629,0.0548
BMHFFIJJ_01618,Extracellular,0.0004,0.5913,0.0001,0.0007,0.4041,0.0035
BMHFFIJJ_01619,Outer Membrane,0.0000,0.0000,0.0000,0.0007,0.9992,0.0000
BMHFFIJJ_01620,Cytoplasmic,0.0001,0.1340,0.8205,0.0304,0.0106,0.0045
BMHFFIJJ_01621,Cytoplasmic,0.0018,0.0024,0.9670,0.0125,0.0152,0.0011
BMHFFIJJ_01622,Outer Membrane,0.0000,0.0000,0.0000,0.0013,0.9986,0.0000
BMHFFIJJ_01623,Cytoplasmic,0.0001,0.0001,0.9479,0.0472,0.0044,0.0003
BMHFFIJJ_01624,Cytoplasmic Membrane,0.0000,0.0001,0.0000,0.9995,0.0004,0.0000
BMHFFIJJ_01625,Cytoplasmic Membrane,0.0038,0.0075,0.1103,0.3926,0.3860,0.0998
BMHFFIJJ_01626,Outer Membrane,0.0003,0.0004,0.0230,0.1085,0.7844,0.0833
BMHFFIJJ_01627,Outer Membrane,0.0000,0.0007,0.0001,0.2890,0.7094,0.0009
BMHFFIJJ_01628,Periplasmic,0.0035,0.0190,0.1468,0.1126,0.2524,0.4656
BMHFFIJJ_01629,Cytoplasmic,0.0005,0.0013,0.7648,0.0131,0.2183,0.0019
BMHFFIJJ_01630,Cytoplasmic,0.0005,0.0008,0.9612,0.0090,0.0277,0.0008
BMHFFIJJ_01631,Cytoplasmic,0.0004,0.0014,0.8706,0.0138,0.1130,0.0007
BMHFFIJJ_01632,Cytoplasmic,0.0012,0.0277,0.7001,0.1962,0.0372,0.0375
BMHFFIJJ_01633,Cytoplasmic,0.0002,0.0003,0.8668,0.0046,0.1187,0.0094
BMHFFIJJ_01634,Cytoplasmic,0.0000,0.0000,0.9949,0.0001,0.0046,0.0003
BMHFFIJJ_01635,Cytoplasmic Membrane,0.0001,0.0003,0.1910,0.7103,0.0980,0.0003
BMHFFIJJ_01636,Cytoplasmic Membrane,0.0000,0.0000,0.0000,0.9999,0.0001,0.0000
BMHFFIJJ_01637,Cytoplasmic Membrane,0.0002,0.0005,0.3824,0.5625,0.0540,0.0004
BMHFFIJJ_01638,Cytoplasmic,0.0000,0.0000,0.9547,0.0052,0.0401,0.0000
BMHFFIJJ_01639,Cytoplasmic,0.0001,0.0001,0.9779,0.0137,0.0081,0.0001
BMHFFIJJ_01640,Cytoplasmic,0.0001,0.0015,0.9302,0.0197,0.0472,0.0013
BMHFFIJJ_01641,Cytoplasmic,0.0000,0.0000,0.7471,0.0000,0.2060,0.0468
BMHFFIJJ_01642,Cytoplasmic,0.0003,0.0011,0.9393,0.0467,0.0122,0.0003
BMHFFIJJ_01644,Extracellular,0.0001,0.5053,0.4572,0.0003,0.0368,0.0002
BMHFFIJJ_01645,Cytoplasmic,0.0002,0.0013,0.9589,0.0061,0.0321,0.0014
BMHFFIJJ_01646,Cytoplasmic,0.0002,0.0015,0.7871,0.1899,0.0109,0.0105
BMHFFIJJ_01647,Cytoplasmic,0.0004,0.0003,0.9601,0.0015,0.0374,0.0004
BMHFFIJJ_01648,Outer Membrane,0.0004,0.0125,0.0024,0.2688,0.7037,0.0121
BMHFFIJJ_01649,Cytoplasmic Membrane,0.0000,0.0001,0.0000,0.9995,0.0003,0.0000
BMHFFIJJ_01650,Cytoplasmic Membrane,0.0002,0.0013,0.0081,0.9439,0.0460,0.0006
BMHFFIJJ_01651,Cytoplasmic Membrane,0.0000,0.0000,0.0000,0.9997,0.0003,0.0000
BMHFFIJJ_01652,Cytoplasmic Membrane,0.0000,0.0000,0.0001,0.9952,0.0042,0.0005
BMHFFIJJ_01653,Cytoplasmic,0.0002,0.0011,0.9300,0.0455,0.0230,0.0002
BMHFFIJJ_01654,Cytoplasmic,0.0003,0.0003,0.9315,0.0013,0.0651,0.0015
BMHFFIJJ_01655,Periplasmic,0.0042,0.0359,0.0873,0.1242,0.2418,0.5066
BMHFFIJJ_01656,Cytoplasmic,0.0002,0.0003,0.9629,0.0250,0.0110,0.0006
BMHFFIJJ_01657,Cytoplasmic,0.0000,0.0004,0.9906,0.0005,0.0060,0.0024
BMHFFIJJ_01658,Periplasmic,0.0130,0.2293,0.0787,0.0225,0.1230,0.5335
BMHFFIJJ_01659,Periplasmic,0.0101,0.1434,0.1071,0.0476,0.1024,0.5894
BMHFFIJJ_01660,Outer Membrane,0.0006,0.4034,0.0009,0.0509,0.5200,0.0241
BMHFFIJJ_01661,Extracellular,0.0004,0.5331,0.0002,0.0014,0.4584,0.0065
BMHFFIJJ_01662,Outer Membrane,0.0000,0.0000,0.0001,0.0007,0.9991,0.0000
BMHFFIJJ_01663,Cytoplasmic Membrane,0.0002,0.0032,0.0008,0.9562,0.0381,0.0014
BMHFFIJJ_01664,Cytoplasmic,0.0039,0.0148,0.4667,0.4558,0.0583,0.0005
BMHFFIJJ_01665,Outer Membrane,0.0000,0.0001,0.0008,0.0787,0.9184,0.0021
BMHFFIJJ_01666,Cytoplasmic Membrane,0.0003,0.0012,0.0170,0.7534,0.2193,0.0088
BMHFFIJJ_01667,Cytoplasmic Membrane,0.0000,0.0001,0.0013,0.9832,0.0148,0.0006
BMHFFIJJ_01668,Cytoplasmic Membrane,0.0000,0.0000,0.0000,0.9999,0.0001,0.0000
BMHFFIJJ_01669,Cytoplasmic,0.0001,0.1348,0.7503,0.0666,0.0043,0.0440
BMHFFIJJ_01670,Outer Membrane,0.0003,0.0016,0.0025,0.1153,0.8661,0.0142
BMHFFIJJ_01671,Cytoplasmic,0.0000,0.0002,0.9924,0.0014,0.0058,0.0002
BMHFFIJJ_01672,Cytoplasmic,0.0001,0.1534,0.7636,0.0117,0.0708,0.0005
BMHFFIJJ_01673,Extracellular,0.0003,0.4081,0.0000,0.0202,0.3274,0.2440
BMHFFIJJ_01674,Extracellular,0.0064,0.6121,0.0089,0.0043,0.3630,0.0054
BMHFFIJJ_01675,Outer Membrane,0.0052,0.2990,0.0111,0.0129,0.6492,0.0225
BMHFFIJJ_01676,Outer Membrane,0.0009,0.0403,0.0007,0.0311,0.9246,0.0024
BMHFFIJJ_01677,Outer Membrane,0.0004,0.0851,0.0020,0.0095,0.8917,0.0112
BMHFFIJJ_01678,Outer Membrane,0.0000,0.0000,0.0001,0.0006,0.9993,0.0000
BMHFFIJJ_01679,Outer Membrane,0.0040,0.0356,0.0359,0.1133,0.8020,0.0092
BMHFFIJJ_01680,Cytoplasmic Membrane,0.0010,0.0025,0.0083,0.9164,0.0711,0.0007
BMHFFIJJ_01681,Periplasmic,0.0003,0.1324,0.0044,0.0019,0.0040,0.8571
BMHFFIJJ_01682,Outer Membrane,0.0033,0.0694,0.1044,0.0510,0.7136,0.0583
BMHFFIJJ_01683,Cytoplasmic,0.0103,0.2261,0.4786,0.0079,0.0332,0.2439
BMHFFIJJ_01684,Extracellular,0.0002,0.9657,0.0153,0.0084,0.0050,0.0054
BMHFFIJJ_01685,Extracellular,0.0036,0.5339,0.0504,0.0155,0.0855,0.3112
BMHFFIJJ_01686,Periplasmic,0.0014,0.1187,0.0596,0.0019,0.0335,0.7849
BMHFFIJJ_01687,Cytoplasmic,0.0001,0.0002,0.9731,0.0251,0.0014,0.0001
BMHFFIJJ_01688,Cytoplasmic,0.0011,0.0027,0.8588,0.0385,0.0648,0.0342
BMHFFIJJ_01689,Cytoplasmic,0.0001,0.0006,0.9658,0.0112,0.0222,0.0002
BMHFFIJJ_01691,Cytoplasmic,0.0001,0.0030,0.9670,0.0175,0.0118,0.0006
BMHFFIJJ_01692,Cytoplasmic,0.0002,0.0033,0.9772,0.0025,0.0156,0.0013
BMHFFIJJ_01693,Cytoplasmic,0.0001,0.0051,0.8842,0.0068,0.1024,0.0013
BMHFFIJJ_01694,Cytoplasmic Membrane,0.0000,0.0000,0.0000,0.9994,0.0006,0.0000
BMHFFIJJ_01695,Cytoplasmic,0.0001,0.0007,0.9377,0.0014,0.0525,0.0076
BMHFFIJJ_01696,Cytoplasmic,0.0002,0.0026,0.9873,0.0012,0.0068,0.0019
BMHFFIJJ_01697,Extracellular,0.0086,0.3544,0.2475,0.1706,0.2180,0.0010
BMHFFIJJ_01698,Cytoplasmic,0.0000,0.0001,0.9922,0.0063,0.0014,0.0000
BMHFFIJJ_01699,Cytoplasmic,0.0010,0.0178,0.9513,0.0084,0.0180,0.0035
BMHFFIJJ_01700,Cytoplasmic,0.0002,0.0010,0.8628,0.0041,0.1298,0.0020
BMHFFIJJ_01701,Cytoplasmic,0.0002,0.0004,0.9828,0.0014,0.0150,0.0001
BMHFFIJJ_01702,Cytoplasmic,0.0001,0.0004,0.9880,0.0027,0.0084,0.0004
BMHFFIJJ_01703,Cytoplasmic,0.0013,0.0022,0.9316,0.0328,0.0280,0.0042
BMHFFIJJ_01704,Cytoplasmic,0.0000,0.0003,0.9956,0.0011,0.0030,0.0001
BMHFFIJJ_01705,Cytoplasmic,0.0000,0.0005,0.9677,0.0226,0.0075,0.0017
BMHFFIJJ_01706,Cytoplasmic,0.0001,0.2483,0.7056,0.0058,0.0396,0.0006
BMHFFIJJ_01707,Cytoplasmic,0.0014,0.0122,0.9242,0.0467,0.0146,0.0009
BMHFFIJJ_01708,Cytoplasmic,0.0034,0.3947,0.5743,0.0147,0.0122,0.0007
BMHFFIJJ_01709,Cytoplasmic,0.0010,0.0524,0.9352,0.0067,0.0038,0.0008
BMHFFIJJ_01712,Cytoplasmic,0.0001,0.0048,0.7670,0.0009,0.2265,0.0007
BMHFFIJJ_01713,Cytoplasmic,0.0001,0.0877,0.8929,0.0164,0.0026,0.0003
BMHFFIJJ_01714,Cytoplasmic,0.0013,0.0111,0.9267,0.0055,0.0527,0.0027
BMHFFIJJ_01715,Cytoplasmic,0.0000,0.0003,0.9960,0.0026,0.0008,0.0003
BMHFFIJJ_01716,Cytoplasmic,0.0001,0.0042,0.9937,0.0008,0.0008,0.0004
BMHFFIJJ_01717,Cytoplasmic,0.0004,0.0045,0.9832,0.0079,0.0037,0.0003
BMHFFIJJ_01718,Outer Membrane,0.0000,0.0006,0.0000,0.0780,0.9209,0.0004
BMHFFIJJ_01719,Cytoplasmic,0.0001,0.0012,0.9914,0.0050,0.0022,0.0002
BMHFFIJJ_01720,Outer Membrane,0.0000,0.0000,0.0002,0.0147,0.9851,0.0000
BMHFFIJJ_01721,Periplasmic,0.0002,0.0177,0.0017,0.0879,0.3752,0.5173
BMHFFIJJ_01722,Outer Membrane,0.0002,0.0134,0.0146,0.0304,0.5885,0.3530
BMHFFIJJ_01723,Cytoplasmic,0.0006,0.0132,0.9774,0.0033,0.0047,0.0009
BMHFFIJJ_01724,Cytoplasmic,0.0003,0.0022,0.9667,0.0161,0.0145,0.0003
BMHFFIJJ_01725,Cytoplasmic,0.0001,0.0003,0.9868,0.0067,0.0060,0.0001
BMHFFIJJ_01726,Cytoplasmic,0.0001,0.0002,0.9882,0.0003,0.0110,0.0003
BMHFFIJJ_01727,Cytoplasmic,0.0001,0.0018,0.6647,0.0633,0.2657,0.0044
BMHFFIJJ_01728,Outer Membrane,0.0000,0.0004,0.0006,0.2195,0.7787,0.0008
BMHFFIJJ_01729,Outer Membrane,0.0002,0.0391,0.0003,0.0292,0.9280,0.0032
BMHFFIJJ_01730,Cytoplasmic,0.0003,0.0031,0.9503,0.0291,0.0130,0.0042
BMHFFIJJ_01731,Cytoplasmic,0.0001,0.0016,0.9867,0.0049,0.0060,0.0007
BMHFFIJJ_01732,Cytoplasmic,0.0000,0.0000,0.9913,0.0062,0.0024,0.0001
BMHFFIJJ_01733,Cytoplasmic Membrane,0.0000,0.0001,0.0000,0.9967,0.0032,0.0001
BMHFFIJJ_01734,Cytoplasmic,0.0003,0.2197,0.7707,0.0028,0.0060,0.0004
BMHFFIJJ_01735,Outer Membrane,0.0000,0.0007,0.4458,0.0001,0.5530,0.0005
BMHFFIJJ_01736,Cytoplasmic,0.0000,0.0000,0.9972,0.0001,0.0025,0.0001
BMHFFIJJ_01737,Periplasmic,0.0026,0.0809,0.0139,0.0327,0.4262,0.4437
BMHFFIJJ_01738,Cytoplasmic,0.0015,0.0120,0.9674,0.0014,0.0171,0.0005
BMHFFIJJ_01739,Cytoplasmic,0.0007,0.2726,0.7102,0.0005,0.0140,0.0021
BMHFFIJJ_01740,Cytoplasmic Membrane,0.0001,0.0001,0.0072,0.9755,0.0168,0.0002
BMHFFIJJ_01741,Outer Membrane,0.0005,0.1098,0.0002,0.0781,0.7669,0.0445
BMHFFIJJ_01742,Outer Membrane,0.0012,0.2042,0.0006,0.0158,0.7696,0.0085
BMHFFIJJ_01743,Cytoplasmic Membrane,0.0001,0.0003,0.0967,0.8769,0.0255,0.0006
BMHFFIJJ_01744,Cytoplasmic,0.0000,0.0001,0.9884,0.0007,0.0026,0.0082
BMHFFIJJ_01745,Cytoplasmic,0.0000,0.0002,0.9894,0.0093,0.0011,0.0001
BMHFFIJJ_01746,Cytoplasmic Membrane,0.0000,0.0001,0.0003,0.9840,0.0156,0.0001
BMHFFIJJ_01747,Outer Membrane,0.0009,0.0991,0.0007,0.0902,0.8063,0.0029
BMHFFIJJ_01748,Outer Membrane,0.0013,0.2703,0.0003,0.0033,0.7153,0.0094
BMHFFIJJ_01749,Extracellular,0.0008,0.5249,0.0001,0.0017,0.4612,0.0114
BMHFFIJJ_01750,Outer Membrane,0.0000,0.0002,0.0001,0.0005,0.9991,0.0001
BMHFFIJJ_01751,Outer Membrane,0.0002,0.2664,0.0004,0.0058,0.7173,0.0100
BMHFFIJJ_01752,Cytoplasmic,0.0058,0.1166,0.3873,0.0184,0.2017,0.2702
BMHFFIJJ_01753,Outer Membrane,0.0003,0.0160,0.0005,0.1828,0.7989,0.0015
BMHFFIJJ_01754,Extracellular,0.0027,0.5191,0.0007,0.0060,0.4596,0.0120
BMHFFIJJ_01755,Periplasmic,0.0270,0.1366,0.1438,0.0279,0.2509,0.4138
BMHFFIJJ_01756,Cytoplasmic,0.0000,0.2180,0.7560,0.0022,0.0235,0.0001
BMHFFIJJ_01757,Cytoplasmic,0.0000,0.0006,0.9952,0.0026,0.0014,0.0002
BMHFFIJJ_01758,Cytoplasmic Membrane,0.0000,0.0000,0.0000,0.9995,0.0005,0.0000
BMHFFIJJ_01759,Cytoplasmic,0.0001,0.0037,0.9868,0.0033,0.0055,0.0006
BMHFFIJJ_01760,Periplasmic,0.0002,0.0048,0.1340,0.0168,0.1121,0.7321
BMHFFIJJ_01761,Cytoplasmic Membrane,0.0002,0.0001,0.2272,0.7212,0.0512,0.0001
BMHFFIJJ_01762,Cytoplasmic,0.0001,0.0001,0.9949,0.0025,0.0024,0.0000
BMHFFIJJ_01763,Cytoplasmic,0.0002,0.0040,0.8709,0.0018,0.1215,0.0016
BMHFFIJJ_01764,Cytoplasmic,0.0020,0.0120,0.7675,0.1418,0.0640,0.0126
BMHFFIJJ_01765,Cytoplasmic Membrane,0.0000,0.0000,0.0000,0.9993,0.0007,0.0000
BMHFFIJJ_01766,Cytoplasmic Membrane,0.0000,0.0000,0.0002,0.9991,0.0007,0.0000
BMHFFIJJ_01767,Cytoplasmic,0.0002,0.0767,0.9111,0.0057,0.0047,0.0016
BMHFFIJJ_01768,Cytoplasmic,0.0005,0.0310,0.9656,0.0023,0.0004,0.0002
BMHFFIJJ_01769,Periplasmic,0.0011,0.1237,0.0054,0.0086,0.3022,0.5589
BMHFFIJJ_01770,Periplasmic,0.0023,0.4594,0.0404,0.0013,0.0303,0.4663
BMHFFIJJ_01771,Periplasmic,0.0011,0.1284,0.0280,0.0051,0.0219,0.8155
BMHFFIJJ_01772,Extracellular,0.0076,0.6281,0.0446,0.0018,0.0490,0.2690
BMHFFIJJ_01773,Outer Membrane,0.0009,0.1681,0.0002,0.0056,0.7652,0.0599
BMHFFIJJ_01774,Outer Membrane,0.0009,0.0907,0.0007,0.0449,0.8576,0.0053
BMHFFIJJ_01775,Outer Membrane,0.0004,0.3291,0.0005,0.0015,0.6477,0.0209
BMHFFIJJ_01776,Outer Membrane,0.0000,0.0000,0.0000,0.0003,0.9996,0.0000
BMHFFIJJ_01777,Outer Membrane,0.0005,0.1187,0.0032,0.0128,0.8465,0.0182
BMHFFIJJ_01778,Outer Membrane,0.0000,0.0001,0.0001,0.0004,0.9995,0.0000
BMHFFIJJ_01779,Cytoplasmic Membrane,0.0010,0.0024,0.0181,0.8848,0.0908,0.0029
BMHFFIJJ_01780,Cytoplasmic,0.0003,0.2114,0.7660,0.0005,0.0216,0.0003
BMHFFIJJ_01781,Periplasmic,0.0001,0.0135,0.0004,0.0001,0.0128,0.9731
BMHFFIJJ_01782,Periplasmic,0.0020,0.0639,0.0165,0.0056,0.0391,0.8728
BMHFFIJJ_01783,Periplasmic,0.0002,0.1627,0.0031,0.0001,0.0030,0.8308
BMHFFIJJ_01784,Periplasmic,0.0001,0.0088,0.0238,0.0006,0.0177,0.9491
BMHFFIJJ_01785,Cytoplasmic Membrane,0.0000,0.0000,0.0000,0.9997,0.0002,0.0000
BMHFFIJJ_01786,Cytoplasmic,0.0000,0.0000,0.9977,0.0016,0.0005,0.0001
BMHFFIJJ_01787,Cytoplasmic,0.0002,0.0011,0.9920,0.0028,0.0033,0.0006
BMHFFIJJ_01788,Cytoplasmic Membrane,0.0000,0.0000,0.0003,0.9988,0.0008,0.0000
BMHFFIJJ_01789,Cytoplasmic Membrane,0.0000,0.0000,0.0000,0.9988,0.0012,0.0000
BMHFFIJJ_01790,Cytoplasmic Membrane,0.0002,0.0015,0.0058,0.9756,0.0162,0.0008
BMHFFIJJ_01791,Cytoplasmic Membrane,0.0004,0.0008,0.3016,0.6883,0.0082,0.0007
BMHFFIJJ_01792,Cytoplasmic,0.0000,0.0011,0.9612,0.0313,0.0058,0.0006
BMHFFIJJ_01793,Cytoplasmic Membrane,0.0000,0.0000,0.0000,0.9996,0.0004,0.0000
BMHFFIJJ_01794,Cytoplasmic,0.0001,0.0029,0.9913,0.0028,0.0029,0.0000
BMHFFIJJ_01795,Cytoplasmic,0.0000,0.0294,0.9693,0.0006,0.0003,0.0003
BMHFFIJJ_01796,Cytoplasmic,0.0003,0.0006,0.9851,0.0007,0.0127,0.0006
BMHFFIJJ_01797,Outer Membrane,0.0000,0.0000,0.0000,0.0004,0.9995,0.0001
BMHFFIJJ_01798,Outer Membrane,0.0014,0.3169,0.0144,0.0101,0.6499,0.0073
BMHFFIJJ_01799,Outer Membrane,0.0000,0.0000,0.0000,0.0012,0.9987,0.0001
BMHFFIJJ_01800,Outer Membrane,0.0011,0.3264,0.0015,0.0182,0.6445,0.0083
BMHFFIJJ_01801,Outer Membrane,0.0001,0.0225,0.0000,0.3571,0.6201,0.0002
BMHFFIJJ_01802,Cytoplasmic Membrane,0.0000,0.0002,0.0003,0.9966,0.0029,0.0000
BMHFFIJJ_01803,Cytoplasmic Membrane,0.0000,0.0003,0.2181,0.7791,0.0024,0.0001
BMHFFIJJ_01804,Cytoplasmic Membrane,0.0000,0.0001,0.0002,0.9993,0.0003,0.0000
BMHFFIJJ_01805,Cytoplasmic Membrane,0.0000,0.0002,0.0003,0.9943,0.0041,0.0010
BMHFFIJJ_01806,Extracellular,0.0081,0.8983,0.0013,0.0004,0.0916,0.0003
BMHFFIJJ_01807,Cytoplasmic Membrane,0.0002,0.0172,0.0002,0.9768,0.0057,0.0000
BMHFFIJJ_01808,Cytoplasmic,0.0030,0.1134,0.8266,0.0411,0.0154,0.0004
BMHFFIJJ_01809,Cytoplasmic,0.0005,0.0171,0.9479,0.0276,0.0063,0.0005
BMHFFIJJ_01810,Cytoplasmic Membrane,0.0000,0.0000,0.0000,0.9994,0.0006,0.0000
BMHFFIJJ_01811,Cytoplasmic Membrane,0.0000,0.0006,0.0002,0.9962,0.0030,0.0000
BMHFFIJJ_01812,Cytoplasmic,0.0001,0.0011,0.9951,0.0018,0.0010,0.0008
BMHFFIJJ_01813,Periplasmic,0.0000,0.0310,0.0003,0.0002,0.0097,0.9588
BMHFFIJJ_01814,Extracellular,0.0007,0.6586,0.2797,0.0002,0.0600,0.0008
BMHFFIJJ_01815,Periplasmic,0.0004,0.1720,0.1302,0.0008,0.0463,0.6504
BMHFFIJJ_01816,Periplasmic,0.0007,0.1196,0.0139,0.0009,0.0123,0.8525
BMHFFIJJ_01817,Cytoplasmic Membrane,0.0005,0.0008,0.0175,0.9528,0.0283,0.0001
BMHFFIJJ_01818,Extracellular,0.0017,0.9868,0.0044,0.0005,0.0007,0.0061
BMHFFIJJ_01819,Periplasmic,0.0005,0.2032,0.0036,0.0006,0.0189,0.7733
BMHFFIJJ_01820,Periplasmic,0.0015,0.1867,0.3353,0.0020,0.0437,0.4309
BMHFFIJJ_01821,Extracellular,0.0000,0.9937,0.0001,0.0000,0.0017,0.0045
BMHFFIJJ_01822,Extracellular,0.0011,0.6350,0.0000,0.0324,0.3314,0.0000
BMHFFIJJ_01823,Outer Membrane,0.0007,0.2718,0.0001,0.0018,0.6687,0.0570
BMHFFIJJ_01824,Outer Membrane,0.0004,0.0296,0.0001,0.0062,0.9597,0.0041
BMHFFIJJ_01825,Outer Membrane,0.0011,0.2029,0.0014,0.0052,0.7725,0.0170
BMHFFIJJ_01826,Outer Membrane,0.0000,0.0001,0.0000,0.0001,0.9998,0.0000
BMHFFIJJ_01827,Outer Membrane,0.0007,0.1931,0.0014,0.0093,0.7819,0.0136
BMHFFIJJ_01828,Outer Membrane,0.0000,0.0000,0.0000,0.0002,0.9997,0.0000
BMHFFIJJ_01829,Periplasmic,0.0011,0.0428,0.0198,0.0351,0.3475,0.5537
BMHFFIJJ_01830,Periplasmic,0.0006,0.4096,0.0132,0.0003,0.0320,0.5443
BMHFFIJJ_01831,Periplasmic,0.0001,0.0132,0.0006,0.0002,0.0194,0.9665
BMHFFIJJ_01832,Outer Membrane,0.0002,0.2284,0.0010,0.0587,0.3710,0.3407
BMHFFIJJ_01833,Extracellular,0.0142,0.9483,0.0057,0.0091,0.0025,0.0201
BMHFFIJJ_01834,Periplasmic,0.0009,0.0145,0.0146,0.0185,0.0997,0.8518
BMHFFIJJ_01835,Periplasmic,0.0002,0.2882,0.0063,0.0027,0.0348,0.6677
BMHFFIJJ_01836,Periplasmic,0.0005,0.3465,0.0427,0.0021,0.0122,0.5959
BMHFFIJJ_01837,Outer Membrane,0.0003,0.0343,0.0000,0.1277,0.8375,0.0003
BMHFFIJJ_01838,Cytoplasmic,0.0000,0.0000,0.9875,0.0001,0.0122,0.0002
BMHFFIJJ_01839,Cytoplasmic,0.0001,0.0349,0.9544,0.0053,0.0047,0.0007
BMHFFIJJ_01840,Cytoplasmic,0.0002,0.0023,0.9835,0.0068,0.0071,0.0001
BMHFFIJJ_01841,Cytoplasmic Membrane,0.0072,0.0587,0.0078,0.5979,0.3017,0.0267
BMHFFIJJ_01842,Periplasmic,0.0007,0.0845,0.0125,0.0141,0.1004,0.7877
BMHFFIJJ_01843,Cytoplasmic Membrane,0.0000,0.0000,0.0000,0.9996,0.0004,0.0000
BMHFFIJJ_01844,Cytoplasmic,0.0001,0.0285,0.9609,0.0059,0.0041,0.0005
BMHFFIJJ_01845,Outer Membrane,0.0000,0.0008,0.0000,0.0004,0.9988,0.0000
BMHFFIJJ_01846,Outer Membrane,0.0006,0.1689,0.0008,0.0052,0.8128,0.0117
BMHFFIJJ_01847,Outer Membrane,0.0012,0.1545,0.0003,0.0253,0.8151,0.0034
BMHFFIJJ_01848,Cytoplasmic,0.0000,0.0009,0.9658,0.0149,0.0169,0.0015
BMHFFIJJ_01849,Cytoplasmic,0.0008,0.2604,0.7221,0.0004,0.0142,0.0021
BMHFFIJJ_01850,Periplasmic,0.0000,0.0046,0.0237,0.0269,0.0143,0.9305
BMHFFIJJ_01851,Outer Membrane,0.0010,0.0056,0.0410,0.1133,0.8046,0.0345
BMHFFIJJ_01852,Periplasmic,0.0011,0.0274,0.0273,0.0005,0.0188,0.9250
BMHFFIJJ_01853,Periplasmic,0.0051,0.4314,0.0498,0.0014,0.0164,0.4959
BMHFFIJJ_01854,Periplasmic,0.0046,0.1645,0.2783,0.1877,0.0798,0.2851
BMHFFIJJ_01855,Periplasmic,0.0003,0.0226,0.0169,0.0348,0.0685,0.8569
BMHFFIJJ_01856,Extracellular,0.0033,0.5074,0.0003,0.0075,0.4785,0.0030
BMHFFIJJ_01857,Periplasmic,0.0013,0.1505,0.0997,0.0037,0.1907,0.5541
BMHFFIJJ_01858,Periplasmic,0.0068,0.2389,0.0430,0.0056,0.0809,0.6249
BMHFFIJJ_01859,Extracellular,0.0009,0.9372,0.0001,0.0002,0.0587,0.0029
BMHFFIJJ_01860,Periplasmic,0.0008,0.0602,0.1812,0.1029,0.1780,0.4770
BMHFFIJJ_01861,Cytoplasmic Membrane,0.0000,0.0000,0.0000,0.9983,0.0017,0.0000
BMHFFIJJ_01862,Cytoplasmic,0.0000,0.0003,0.9990,0.0006,0.0001,0.0000
BMHFFIJJ_01863,Cytoplasmic,0.0001,0.0006,0.9988,0.0002,0.0003,0.0001
BMHFFIJJ_01864,Periplasmic,0.0007,0.0307,0.0152,0.1280,0.2591,0.5662
BMHFFIJJ_01865,Extracellular,0.0156,0.5247,0.0688,0.0821,0.2155,0.0933
BMHFFIJJ_01866,Cytoplasmic,0.0008,0.0384,0.9545,0.0038,0.0024,0.0001
BMHFFIJJ_01867,Periplasmic,0.0003,0.0823,0.0481,0.0451,0.0435,0.7806
BMHFFIJJ_01868,Cytoplasmic Membrane,0.0000,0.0111,0.0000,0.9881,0.0008,0.0000
BMHFFIJJ_01869,Periplasmic,0.0000,0.0080,0.0677,0.0732,0.0543,0.7967
BMHFFIJJ_01870,Cytoplasmic,0.0036,0.0153,0.7014,0.0171,0.2610,0.0016
BMHFFIJJ_01871,Outer Membrane,0.0000,0.0000,0.0003,0.0205,0.9788,0.0004
BMHFFIJJ_01872,Extracellular,0.0031,0.6524,0.0146,0.0311,0.2935,0.0053
BMHFFIJJ_01874,Cytoplasmic,0.0029,0.1807,0.7595,0.0265,0.0280,0.0025
BMHFFIJJ_01875,Cytoplasmic,0.0000,0.0010,0.9858,0.0038,0.0093,0.0001
BMHFFIJJ_01876,Cytoplasmic,0.0003,0.2167,0.7409,0.0141,0.0278,0.0002
BMHFFIJJ_01877,Outer Membrane,0.0000,0.0000,0.0000,0.0001,0.9998,0.0000
BMHFFIJJ_01878,Outer Membrane,0.0010,0.0676,0.0006,0.0141,0.9109,0.0059
BMHFFIJJ_01879,Periplasmic,0.0001,0.0075,0.0042,0.0009,0.0111,0.9763
BMHFFIJJ_01880,Periplasmic,0.0019,0.0875,0.0123,0.1461,0.2066,0.5456
BMHFFIJJ_01881,Outer Membrane,0.0000,0.0000,0.0000,0.0001,0.9999,0.0000
BMHFFIJJ_01882,Cytoplasmic,0.0004,0.0037,0.9776,0.0081,0.0092,0.0008
BMHFFIJJ_01883,Outer Membrane,0.0040,0.2791,0.0001,0.0027,0.7127,0.0013
BMHFFIJJ_01884,Outer Membrane,0.0006,0.2582,0.0001,0.0033,0.7362,0.0015
BMHFFIJJ_01885,Periplasmic,0.0007,0.0225,0.0109,0.0765,0.3458,0.5436
BMHFFIJJ_01886,Outer Membrane,0.0000,0.0000,0.0000,0.0004,0.9995,0.0000
BMHFFIJJ_01887,Outer Membrane,0.0004,0.0653,0.0001,0.0036,0.9303,0.0003
BMHFFIJJ_01888,Cytoplasmic Membrane,0.0000,0.0000,0.0000,0.9995,0.0005,0.0000
BMHFFIJJ_01889,Cytoplasmic,0.0001,0.0012,0.9650,0.0008,0.0314,0.0015
BMHFFIJJ_01890,Cytoplasmic Membrane,0.0000,0.0025,0.0000,0.9969,0.0006,0.0000
BMHFFIJJ_01891,Cytoplasmic,0.0000,0.0004,0.9420,0.0009,0.0565,0.0002
BMHFFIJJ_01892,Outer Membrane,0.0002,0.0331,0.0000,0.0115,0.9549,0.0003
BMHFFIJJ_01893,Cytoplasmic,0.0001,0.0002,0.8601,0.1288,0.0098,0.0010
BMHFFIJJ_01894,Cytoplasmic,0.0000,0.0004,0.9962,0.0005,0.0027,0.0002
BMHFFIJJ_01895,Cytoplasmic,0.0007,0.0551,0.8547,0.0157,0.0720,0.0019
BMHFFIJJ_01896,Cytoplasmic Membrane,0.0000,0.0006,0.0000,0.9985,0.0008,0.0000
BMHFFIJJ_01897,Periplasmic,0.0049,0.1222,0.0463,0.0160,0.1318,0.6789
BMHFFIJJ_01898,Periplasmic,0.0009,0.0218,0.1113,0.1729,0.1436,0.5494
BMHFFIJJ_01899,Outer Membrane,0.0427,0.1793,0.1590,0.1160,0.4476,0.0554
BMHFFIJJ_01900,Outer Membrane,0.0002,0.0392,0.0050,0.0131,0.9413,0.0011
BMHFFIJJ_01901,Extracellular,0.0005,0.9125,0.0000,0.0019,0.0851,0.0000
BMHFFIJJ_01902,Extracellular,0.0137,0.4137,0.2059,0.0879,0.1527,0.1262
BMHFFIJJ_01903,Outer Membrane,0.0050,0.1009,0.0055,0.1696,0.5282,0.1908
BMHFFIJJ_01904,Periplasmic,0.0031,0.1655,0.0205,0.0088,0.2331,0.5691
BMHFFIJJ_01905,Periplasmic,0.0004,0.0396,0.0195,0.0079,0.2683,0.6643
BMHFFIJJ_01906,Cytoplasmic Membrane,0.0000,0.0020,0.0004,0.9902,0.0073,0.0000
BMHFFIJJ_01907,Cytoplasmic,0.0009,0.1596,0.8019,0.0076,0.0279,0.0020
BMHFFIJJ_01908,Cytoplasmic,0.0008,0.0703,0.8733,0.0172,0.0379,0.0006
BMHFFIJJ_01909,Outer Membrane,0.0244,0.1565,0.0665,0.1023,0.5250,0.1253
BMHFFIJJ_01910,Cytoplasmic Membrane,0.0001,0.0266,0.0000,0.9703,0.0030,0.0000
BMHFFIJJ_01911,Cytoplasmic Membrane,0.0007,0.0067,0.0026,0.9591,0.0306,0.0003
BMHFFIJJ_01912,Extracellular,0.0056,0.3752,0.1993,0.1990,0.1690,0.0519
BMHFFIJJ_01913,Extracellular,0.0001,0.9839,0.0002,0.0001,0.0156,0.0000
BMHFFIJJ_01914,Cytoplasmic Membrane,0.0001,0.0213,0.0000,0.9758,0.0028,0.0000
BMHFFIJJ_01915,Outer Membrane,0.0000,0.0002,0.0000,0.0205,0.9791,0.0002
BMHFFIJJ_01916,Extracellular,0.0009,0.6495,0.0507,0.0713,0.1712,0.0565
BMHFFIJJ_01917,Outer Membrane,0.0004,0.0484,0.0032,0.1860,0.7509,0.0111
BMHFFIJJ_01918,Outer Membrane,0.0007,0.1578,0.0006,0.1304,0.7104,0.0001
BMHFFIJJ_01919,Outer Membrane,0.0042,0.0685,0.1208,0.0993,0.6322,0.0749
BMHFFIJJ_01920,Extracellular,0.0037,0.5114,0.0000,0.0128,0.4720,0.0000
BMHFFIJJ_01921,Cytoplasmic Membrane,0.0001,0.0545,0.0002,0.9260,0.0193,0.0000
BMHFFIJJ_01922,Cytoplasmic Membrane,0.0000,0.0120,0.0023,0.9775,0.0081,0.0001
BMHFFIJJ_01923,Extracellular,0.0018,0.5056,0.0033,0.0155,0.1226,0.3512
BMHFFIJJ_01924,Cytoplasmic,0.0005,0.0016,0.9002,0.0044,0.0903,0.0030
BMHFFIJJ_01925,Extracellular,0.0007,0.6586,0.2797,0.0002,0.0600,0.0008
BMHFFIJJ_01926,Cytoplasmic Membrane,0.0000,0.0000,0.0001,0.9997,0.0002,0.0000
BMHFFIJJ_01927,Periplasmic,0.0002,0.0059,0.0035,0.0076,0.0469,0.9358
BMHFFIJJ_01928,Outer Membrane,0.0001,0.0105,0.0114,0.0102,0.7063,0.2614
BMHFFIJJ_01929,Periplasmic,0.0003,0.0117,0.0008,0.0015,0.0089,0.9768
BMHFFIJJ_01930,Periplasmic,0.0020,0.1358,0.0063,0.0069,0.2622,0.5868
BMHFFIJJ_01931,Extracellular,0.0089,0.5341,0.0024,0.0005,0.0249,0.4293
BMHFFIJJ_01932,Periplasmic,0.0005,0.0535,0.0125,0.0661,0.1929,0.6744
BMHFFIJJ_01933,Extracellular,0.0163,0.3867,0.1319,0.0663,0.3250,0.0737
BMHFFIJJ_01934,Periplasmic,0.0003,0.0967,0.0008,0.0002,0.0060,0.8960
BMHFFIJJ_01935,Cytoplasmic,0.0004,0.0790,0.6204,0.1677,0.0557,0.0767
BMHFFIJJ_01936,Periplasmic,0.0001,0.0072,0.0002,0.0006,0.0067,0.9853
BMHFFIJJ_01937,Outer Membrane,0.0086,0.0558,0.1169,0.3111,0.3665,0.1412
BMHFFIJJ_01938,Outer Membrane,0.0001,0.0009,0.0002,0.0086,0.9900,0.0002
BMHFFIJJ_01939,Outer Membrane,0.0009,0.2949,0.0053,0.0061,0.6795,0.0133
BMHFFIJJ_01940,Outer Membrane,0.0000,0.0001,0.0001,0.0003,0.9996,0.0000
BMHFFIJJ_01941,Outer Membrane,0.0035,0.2059,0.0602,0.0237,0.6771,0.0296
BMHFFIJJ_01942,Extracellular,0.0001,0.8235,0.0006,0.0010,0.0073,0.1674
BMHFFIJJ_01943,Cytoplasmic,0.0015,0.0085,0.7168,0.0477,0.2204,0.0050
BMHFFIJJ_01944,Outer Membrane,0.0004,0.0074,0.0003,0.0068,0.9827,0.0024
BMHFFIJJ_01945,Extracellular,0.0002,0.7226,0.0278,0.0054,0.2147,0.0294
BMHFFIJJ_01946,Cytoplasmic,0.0013,0.4239,0.4256,0.0002,0.1481,0.0009
BMHFFIJJ_01947,Outer Membrane,0.0007,0.0586,0.0003,0.0227,0.9148,0.0029
BMHFFIJJ_01948,Outer Membrane,0.0000,0.0000,0.0001,0.0003,0.9995,0.0000
BMHFFIJJ_01949,Outer Membrane,0.0027,0.1139,0.0062,0.0460,0.8243,0.0068
BMHFFIJJ_01950,Extracellular,0.0004,0.7121,0.0036,0.0014,0.0285,0.2540
BMHFFIJJ_01951,Cytoplasmic,0.0021,0.0009,0.9459,0.0036,0.0472,0.0003
BMHFFIJJ_01952,Periplasmic,0.0012,0.4483,0.0019,0.0004,0.0547,0.4935
BMHFFIJJ_01953,Outer Membrane,0.0000,0.0002,0.0001,0.0002,0.9995,0.0000
BMHFFIJJ_01954,Outer Membrane,0.0009,0.1047,0.0012,0.0153,0.8632,0.0146
BMHFFIJJ_01955,Outer Membrane,0.0001,0.0016,0.0001,0.0918,0.9055,0.0009
BMHFFIJJ_01956,Cytoplasmic,0.0002,0.0028,0.9241,0.0041,0.0651,0.0036
BMHFFIJJ_01957,Extracellular,0.0004,0.7209,0.0023,0.0046,0.0073,0.2645
BMHFFIJJ_01958,Periplasmic,0.0022,0.1123,0.3000,0.0350,0.0380,0.5125
BMHFFIJJ_01959,Periplasmic,0.0007,0.0820,0.0425,0.0106,0.0110,0.8532
BMHFFIJJ_01960,Extracellular,0.0000,0.5198,0.3350,0.1087,0.0364,0.0001
BMHFFIJJ_01961,Cytoplasmic Membrane,0.0008,0.0005,0.0045,0.9436,0.0489,0.0016
BMHFFIJJ_01962,Outer Membrane,0.0055,0.0148,0.0064,0.0915,0.6861,0.1958
BMHFFIJJ_01963,Outer Membrane,0.0003,0.0146,0.0013,0.3614,0.6183,0.0041
BMHFFIJJ_01964,Outer Membrane,0.0016,0.0050,0.0257,0.2217,0.6014,0.1445
BMHFFIJJ_01965,Cytoplasmic,0.0000,0.0001,0.9986,0.0000,0.0012,0.0001
BMHFFIJJ_01966,Cytoplasmic,0.0005,0.0033,0.9760,0.0109,0.0087,0.0006
BMHFFIJJ_01967,Cytoplasmic,0.0002,0.0031,0.9476,0.0116,0.0369,0.0006
BMHFFIJJ_01968,Cytoplasmic Membrane,0.0001,0.0002,0.2281,0.7443,0.0270,0.0003
BMHFFIJJ_01969,Cytoplasmic,0.0000,0.1055,0.8768,0.0008,0.0167,0.0001
BMHFFIJJ_01970,Cytoplasmic,0.0001,0.0001,0.9787,0.0177,0.0032,0.0001
BMHFFIJJ_01971,Cytoplasmic,0.0000,0.0005,0.9957,0.0021,0.0014,0.0003
BMHFFIJJ_01972,Cytoplasmic,0.0000,0.0000,0.9991,0.0002,0.0006,0.0001
BMHFFIJJ_01973,Cytoplasmic Membrane,0.0000,0.0001,0.0000,0.9984,0.0015,0.0000
BMHFFIJJ_01974,Cytoplasmic Membrane,0.0003,0.0016,0.0021,0.9657,0.0222,0.0080
BMHFFIJJ_01975,Cytoplasmic,0.0008,0.0003,0.9824,0.0017,0.0137,0.0011
BMHFFIJJ_01976,Cytoplasmic Membrane,0.0000,0.0000,0.0000,0.9997,0.0003,0.0000
BMHFFIJJ_01977,Cytoplasmic,0.0002,0.0002,0.9916,0.0003,0.0075,0.0002
BMHFFIJJ_01978,Cytoplasmic Membrane,0.0000,0.0000,0.0000,0.9997,0.0002,0.0000
BMHFFIJJ_01979,Cytoplasmic Membrane,0.0001,0.0002,0.0655,0.8093,0.1223,0.0026
BMHFFIJJ_01980,Cytoplasmic,0.0002,0.0004,0.9907,0.0015,0.0061,0.0011
BMHFFIJJ_01981,Cytoplasmic Membrane,0.0001,0.0011,0.0015,0.9876,0.0091,0.0006
BMHFFIJJ_01982,Cytoplasmic,0.0004,0.0004,0.7772,0.1318,0.0901,0.0001
BMHFFIJJ_01983,Cytoplasmic,0.0001,0.0002,0.9601,0.0248,0.0149,0.0000
BMHFFIJJ_01984,Cytoplasmic,0.0000,0.0000,0.9303,0.0001,0.0695,0.0001
BMHFFIJJ_01985,Cytoplasmic,0.0014,0.4201,0.4273,0.0003,0.1501,0.0009
BMHFFIJJ_01986,Outer Membrane,0.0016,0.0538,0.0064,0.3775,0.5602,0.0005
BMHFFIJJ_01987,Extracellular,0.0013,0.9554,0.0049,0.0288,0.0087,0.0008
BMHFFIJJ_01988,Outer Membrane,0.0069,0.3844,0.0070,0.0263,0.5443,0.0311
BMHFFIJJ_01989,Outer Membrane,0.0005,0.0737,0.0008,0.0234,0.9013,0.0002
BMHFFIJJ_01990,Extracellular,0.0015,0.8852,0.1098,0.0001,0.0010,0.0024
BMHFFIJJ_01991,Cytoplasmic,0.0001,0.0010,0.9225,0.0731,0.0024,0.0009
BMHFFIJJ_01993,Cytoplasmic,0.0010,0.0019,0.6214,0.0001,0.3751,0.0006
BMHFFIJJ_01994,Cytoplasmic,0.0002,0.0035,0.9381,0.0059,0.0514,0.0009
BMHFFIJJ_01995,Cytoplasmic,0.0000,0.0003,0.9888,0.0027,0.0035,0.0046
BMHFFIJJ_01996,Cytoplasmic,0.0002,0.0027,0.6386,0.0031,0.3488,0.0066
BMHFFIJJ_01997,Extracellular,0.0050,0.6819,0.0008,0.0022,0.3093,0.0009
BMHFFIJJ_01998,Outer Membrane,0.0008,0.1838,0.0015,0.0101,0.8011,0.0027
BMHFFIJJ_01999,Outer Membrane,0.0003,0.0778,0.0006,0.0903,0.8285,0.0024
BMHFFIJJ_02000,Extracellular,0.0002,0.4823,0.2746,0.0484,0.1942,0.0003
BMHFFIJJ_02001,Outer Membrane,0.0022,0.1604,0.0004,0.0105,0.8248,0.0017
BMHFFIJJ_02002,Outer Membrane,0.0023,0.0628,0.0084,0.0055,0.4951,0.4258
BMHFFIJJ_02003,Outer Membrane,0.0001,0.0007,0.0005,0.0111,0.9865,0.0012
BMHFFIJJ_02004,Cytoplasmic,0.0001,0.0031,0.9958,0.0007,0.0004,0.0000
BMHFFIJJ_02005,Outer Membrane,0.0001,0.0036,0.0013,0.0159,0.9790,0.0001
BMHFFIJJ_02006,Cytoplasmic,0.0001,0.0005,0.9970,0.0002,0.0021,0.0000
BMHFFIJJ_02007,Cytoplasmic Membrane,0.0008,0.0011,0.0098,0.8936,0.0896,0.0050
BMHFFIJJ_02008,Cytoplasmic,0.0084,0.1325,0.7299,0.0046,0.1215,0.0030
BMHFFIJJ_02009,Outer Membrane,0.0000,0.0000,0.0000,0.0001,0.9999,0.0000
BMHFFIJJ_02010,Periplasmic,0.0009,0.0054,0.0259,0.0230,0.0966,0.8483
BMHFFIJJ_02011,Cytoplasmic,0.0000,0.0005,0.9332,0.0259,0.0401,0.0003
BMHFFIJJ_02012,Cytoplasmic,0.0001,0.0001,0.9978,0.0008,0.0007,0.0006
BMHFFIJJ_02013,Cytoplasmic,0.0038,0.0082,0.8697,0.0220,0.0633,0.0329
BMHFFIJJ_02014,Cytoplasmic,0.0002,0.0015,0.6302,0.2655,0.1007,0.0019
BMHFFIJJ_02015,Cytoplasmic,0.0020,0.0032,0.6589,0.0875,0.2381,0.0103
BMHFFIJJ_02016,Cytoplasmic Membrane,0.0003,0.0022,0.0007,0.9663,0.0305,0.0001
BMHFFIJJ_02017,Cytoplasmic,0.0005,0.0001,0.9419,0.0012,0.0563,0.0001
BMHFFIJJ_02018,Cytoplasmic,0.0002,0.0003,0.9402,0.0034,0.0559,0.0001
BMHFFIJJ_02019,Cytoplasmic,0.0000,0.0002,0.9976,0.0013,0.0008,0.0001
BMHFFIJJ_02020,Cytoplasmic Membrane,0.0002,0.0046,0.0016,0.9317,0.0584,0.0035
BMHFFIJJ_02021,Cytoplasmic,0.0011,0.0039,0.9489,0.0290,0.0160,0.0010
BMHFFIJJ_02022,Cytoplasmic Membrane,0.0002,0.0038,0.0011,0.9738,0.0175,0.0035
BMHFFIJJ_02023,Cytoplasmic,0.0003,0.0004,0.9622,0.0356,0.0013,0.0001
BMHFFIJJ_02024,Cytoplasmic,0.0000,0.0002,0.9971,0.0007,0.0014,0.0005
BMHFFIJJ_02025,Cytoplasmic,0.0087,0.0415,0.5113,0.1089,0.2214,0.1082
BMHFFIJJ_02026,Cytoplasmic,0.0026,0.1394,0.7651,0.0769,0.0123,0.0037
BMHFFIJJ_02027,Cytoplasmic,0.0010,0.0115,0.9241,0.0325,0.0303,0.0006
BMHFFIJJ_02028,Cytoplasmic,0.0255,0.1922,0.6800,0.0210,0.0659,0.0153
BMHFFIJJ_02029,Cytoplasmic,0.0001,0.0002,0.9961,0.0027,0.0009,0.0001
BMHFFIJJ_02030,Cytoplasmic,0.0029,0.0045,0.9833,0.0036,0.0055,0.0002
BMHFFIJJ_02031,Cytoplasmic Membrane,0.0000,0.0000,0.0000,0.9993,0.0007,0.0000
BMHFFIJJ_02032,Cytoplasmic,0.0002,0.0892,0.8540,0.0363,0.0198,0.0003
BMHFFIJJ_02033,Extracellular,0.0011,0.7238,0.2028,0.0526,0.0192,0.0006
BMHFFIJJ_02034,Cytoplasmic,0.0008,0.3469,0.3569,0.0954,0.1972,0.0027
BMHFFIJJ_02035,Cytoplasmic,0.0004,0.0040,0.9843,0.0104,0.0009,0.0002
BMHFFIJJ_02036,Cytoplasmic,0.0007,0.0019,0.9733,0.0104,0.0102,0.0035
BMHFFIJJ_02037,Cytoplasmic,0.0002,0.0037,0.9540,0.0075,0.0338,0.0007
BMHFFIJJ_02038,Extracellular,0.0005,0.7483,0.0002,0.0010,0.2458,0.0042
BMHFFIJJ_02039,Cytoplasmic,0.0025,0.2520,0.3545,0.1934,0.1964,0.0012
BMHFFIJJ_02040,Cytoplasmic Membrane,0.0015,0.0439,0.1493,0.7926,0.0125,0.0001
BMHFFIJJ_02041,Cytoplasmic Membrane,0.0006,0.0910,0.1324,0.6932,0.0826,0.0002
BMHFFIJJ_02042,Cytoplasmic Membrane,0.0004,0.0251,0.1412,0.7541,0.0789,0.0003
BMHFFIJJ_02043,Cytoplasmic Membrane,0.0007,0.0738,0.1906,0.7071,0.0278,0.0001
BMHFFIJJ_02044,Cytoplasmic Membrane,0.0032,0.0638,0.4436,0.4531,0.0359,0.0004
BMHFFIJJ_02045,Cytoplasmic Membrane,0.0009,0.0882,0.2227,0.6686,0.0196,0.0001
BMHFFIJJ_02046,Cytoplasmic Membrane,0.0001,0.0022,0.3369,0.6448,0.0157,0.0003
BMHFFIJJ_02047,Cytoplasmic Membrane,0.0000,0.0002,0.1122,0.8724,0.0151,0.0001
BMHFFIJJ_02048,Cytoplasmic,0.0002,0.0009,0.9324,0.0018,0.0645,0.0002
BMHFFIJJ_02049,Cytoplasmic,0.0017,0.0102,0.9727,0.0032,0.0112,0.0010
BMHFFIJJ_02050,Cytoplasmic Membrane,0.0003,0.0035,0.2038,0.7127,0.0765,0.0032
BMHFFIJJ_02051,Cytoplasmic Membrane,0.0004,0.0013,0.3361,0.6527,0.0093,0.0002
BMHFFIJJ_02052,Cytoplasmic Membrane,0.0002,0.0022,0.0918,0.8947,0.0110,0.0001
BMHFFIJJ_02053,Cytoplasmic Membrane,0.0008,0.0476,0.3615,0.5352,0.0548,0.0001
BMHFFIJJ_02054,Cytoplasmic Membrane,0.0002,0.0023,0.0702,0.8658,0.0613,0.0003
BMHFFIJJ_02055,Cytoplasmic,0.0001,0.0005,0.8371,0.1503,0.0113,0.0007
BMHFFIJJ_02056,Cytoplasmic Membrane,0.0011,0.0022,0.3839,0.5331,0.0727,0.0070
BMHFFIJJ_02057,Cytoplasmic,0.0004,0.0066,0.8024,0.1523,0.0366,0.0016
BMHFFIJJ_02058,Cytoplasmic,0.0006,0.0030,0.9485,0.0031,0.0443,0.0005
BMHFFIJJ_02059,Cytoplasmic,0.0004,0.0029,0.9896,0.0007,0.0063,0.0001
BMHFFIJJ_02060,Cytoplasmic,0.0004,0.0074,0.9734,0.0064,0.0110,0.0014
BMHFFIJJ_02061,Cytoplasmic,0.0004,0.0010,0.8927,0.0346,0.0684,0.0028
BMHFFIJJ_02062,Cytoplasmic,0.0005,0.0013,0.7420,0.2455,0.0103,0.0004
BMHFFIJJ_02063,Cytoplasmic,0.0002,0.0006,0.9429,0.0071,0.0489,0.0003
BMHFFIJJ_02064,Cytoplasmic Membrane,0.0001,0.0622,0.3098,0.5991,0.0285,0.0003
BMHFFIJJ_02065,Cytoplasmic,0.0000,0.0000,0.9991,0.0007,0.0002,0.0001
BMHFFIJJ_02066,Cytoplasmic,0.0014,0.0058,0.8718,0.1206,0.0003,0.0000
BMHFFIJJ_02067,Outer Membrane,0.0195,0.3628,0.0002,0.0363,0.5725,0.0086
BMHFFIJJ_02068,Outer Membrane,0.0070,0.1518,0.0000,0.0010,0.8392,0.0010
BMHFFIJJ_02069,Cytoplasmic,0.0001,0.0010,0.9980,0.0005,0.0003,0.0001
BMHFFIJJ_02070,Cytoplasmic,0.0000,0.0000,0.9982,0.0000,0.0015,0.0002
BMHFFIJJ_02071,Periplasmic,0.0158,0.1832,0.0704,0.0090,0.0680,0.6536
BMHFFIJJ_02072,Outer Membrane,0.0018,0.0902,0.1024,0.0343,0.4000,0.3713
BMHFFIJJ_02073,Outer Membrane,0.0019,0.0697,0.0149,0.1688,0.5941,0.1507
BMHFFIJJ_02074,Cytoplasmic,0.0002,0.0012,0.9616,0.0174,0.0190,0.0006
BMHFFIJJ_02075,Periplasmic,0.0010,0.0074,0.0902,0.2479,0.3161,0.3375
BMHFFIJJ_02076,Outer Membrane,0.0002,0.0003,0.0175,0.2560,0.7122,0.0139
BMHFFIJJ_02077,Cytoplasmic,0.0002,0.0005,0.9863,0.0040,0.0086,0.0004
BMHFFIJJ_02078,Cytoplasmic,0.0002,0.0022,0.9906,0.0034,0.0036,0.0001
BMHFFIJJ_02079,Extracellular,0.1628,0.8108,0.0016,0.0081,0.0166,0.0001
BMHFFIJJ_02080,Outer Membrane,0.0004,0.2379,0.0009,0.0017,0.7437,0.0155
BMHFFIJJ_02081,Outer Membrane,0.0000,0.0000,0.0000,0.0003,0.9996,0.0000
BMHFFIJJ_02082,Outer Membrane,0.0008,0.0328,0.0027,0.0164,0.9028,0.0445
BMHFFIJJ_02083,Outer Membrane,0.0000,0.0002,0.0001,0.0007,0.9988,0.0001
BMHFFIJJ_02084,Periplasmic,0.0002,0.0428,0.0040,0.0006,0.0240,0.9284
BMHFFIJJ_02085,Cytoplasmic Membrane,0.0000,0.0001,0.0000,0.5013,0.4969,0.0016
BMHFFIJJ_02086,Cytoplasmic Membrane,0.0000,0.0000,0.0000,0.9998,0.0002,0.0000
BMHFFIJJ_02087,Outer Membrane,0.0000,0.0001,0.0001,0.1381,0.8613,0.0004
BMHFFIJJ_02088,Cytoplasmic,0.0000,0.0001,0.9909,0.0004,0.0084,0.0002
BMHFFIJJ_02089,Cytoplasmic,0.0003,0.0208,0.9316,0.0039,0.0051,0.0384
BMHFFIJJ_02090,Cytoplasmic,0.0003,0.0049,0.9119,0.0640,0.0189,0.0001
BMHFFIJJ_02091,Cytoplasmic,0.0001,0.0974,0.8163,0.0303,0.0555,0.0004
BMHFFIJJ_02092,Periplasmic,0.0110,0.0747,0.2599,0.0981,0.1536,0.4028
BMHFFIJJ_02093,Periplasmic,0.0004,0.0105,0.0645,0.0090,0.0501,0.8655
BMHFFIJJ_02094,Cytoplasmic,0.0000,0.0001,0.9956,0.0018,0.0025,0.0000
BMHFFIJJ_02095,Cytoplasmic,0.0000,0.0004,0.9958,0.0005,0.0030,0.0004
BMHFFIJJ_02096,Extracellular,0.0003,0.6676,0.0005,0.0004,0.3113,0.0200
BMHFFIJJ_02097,Cytoplasmic Membrane,0.0000,0.0000,0.0000,0.9984,0.0016,0.0000
BMHFFIJJ_02098,Periplasmic,0.0007,0.0268,0.0322,0.0055,0.0325,0.9024
BMHFFIJJ_02099,Periplasmic,0.0010,0.2295,0.0395,0.0021,0.0351,0.6928
BMHFFIJJ_02100,Outer Membrane,0.0006,0.4323,0.0001,0.0012,0.5624,0.0033
BMHFFIJJ_02101,Outer Membrane,0.0000,0.0002,0.0001,0.0004,0.9992,0.0001
BMHFFIJJ_02102,Outer Membrane,0.0011,0.2183,0.0022,0.0067,0.7654,0.0063
BMHFFIJJ_02103,Outer Membrane,0.0000,0.0000,0.0000,0.0005,0.9994,0.0001
BMHFFIJJ_02104,Outer Membrane,0.0007,0.2772,0.0007,0.0048,0.7004,0.0161
BMHFFIJJ_02105,Outer Membrane,0.0027,0.3897,0.0033,0.0103,0.4785,0.1155
BMHFFIJJ_02106,Periplasmic,0.0029,0.1434,0.0527,0.1371,0.2135,0.4503
BMHFFIJJ_02107,Cytoplasmic,0.0001,0.1015,0.4531,0.3974,0.0111,0.0368
BMHFFIJJ_02108,Cytoplasmic Membrane,0.0020,0.0022,0.0185,0.8882,0.0878,0.0012
BMHFFIJJ_02109,Periplasmic,0.0004,0.1801,0.0392,0.0062,0.0175,0.7567
BMHFFIJJ_02110,Cytoplasmic,0.0001,0.2130,0.7396,0.0025,0.0444,0.0005
BMHFFIJJ_02111,Outer Membrane,0.0000,0.0000,0.0001,0.0004,0.9995,0.0000
BMHFFIJJ_02112,Outer Membrane,0.0011,0.1028,0.0007,0.0055,0.8870,0.0030
BMHFFIJJ_02113,Outer Membrane,0.0011,0.2050,0.0002,0.0123,0.7786,0.0029
BMHFFIJJ_02114,Cytoplasmic,0.0000,0.0007,0.9966,0.0009,0.0015,0.0002
BMHFFIJJ_02115,Outer Membrane,0.0000,0.0000,0.0000,0.0014,0.9984,0.0001
BMHFFIJJ_02116,Periplasmic,0.0106,0.0742,0.1133,0.0142,0.1071,0.6805
BMHFFIJJ_02117,Outer Membrane,0.0004,0.0066,0.0016,0.3606,0.6057,0.0252
BMHFFIJJ_02118,Outer Membrane,0.0043,0.2177,0.0228,0.0892,0.6501,0.0159
BMHFFIJJ_02119,Outer Membrane,0.0092,0.1633,0.0211,0.0644,0.5702,0.1719
BMHFFIJJ_02120,Extracellular,0.0023,0.8009,0.0004,0.0018,0.1945,0.0000
BMHFFIJJ_02121,Extracellular,0.0090,0.3968,0.0245,0.0998,0.3122,0.1576
BMHFFIJJ_02122,Cytoplasmic Membrane,0.0001,0.0432,0.0009,0.9488,0.0070,0.0000
BMHFFIJJ_02123,Cytoplasmic,0.0018,0.0104,0.9352,0.0372,0.0139,0.0015
BMHFFIJJ_02124,Cytoplasmic,0.0007,0.0080,0.9490,0.0298,0.0018,0.0108
BMHFFIJJ_02125,Cytoplasmic,0.0001,0.0002,0.9244,0.0009,0.0728,0.0017
BMHFFIJJ_02126,Cytoplasmic Membrane,0.0000,0.0001,0.0002,0.9979,0.0017,0.0002
BMHFFIJJ_02127,Cytoplasmic Membrane,0.0000,0.0002,0.0031,0.9883,0.0068,0.0016
BMHFFIJJ_02128,Cytoplasmic,0.0002,0.0047,0.9892,0.0007,0.0027,0.0025
BMHFFIJJ_02129,Cytoplasmic,0.0000,0.0001,0.9812,0.0176,0.0011,0.0000
BMHFFIJJ_02130,Cytoplasmic,0.0001,0.1518,0.7621,0.0100,0.0750,0.0010
BMHFFIJJ_02131,Cytoplasmic Membrane,0.0000,0.0297,0.0001,0.9390,0.0312,0.0000
BMHFFIJJ_02132,Cytoplasmic Membrane,0.0007,0.0658,0.0119,0.7192,0.2001,0.0024
BMHFFIJJ_02133,Cytoplasmic,0.0012,0.0863,0.7025,0.0633,0.1388,0.0079
BMHFFIJJ_02134,Cytoplasmic,0.0002,0.0019,0.9528,0.0152,0.0282,0.0016
BMHFFIJJ_02135,Periplasmic,0.0009,0.0631,0.0907,0.0031,0.1060,0.7362
BMHFFIJJ_02136,Cytoplasmic,0.0001,0.0014,0.9699,0.0270,0.0014,0.0003
BMHFFIJJ_02137,Cytoplasmic,0.0004,0.0037,0.9705,0.0075,0.0174,0.0005
BMHFFIJJ_02138,Cytoplasmic,0.0000,0.0010,0.9975,0.0003,0.0008,0.0004
BMHFFIJJ_02139,Cytoplasmic,0.0003,0.0174,0.9704,0.0056,0.0062,0.0001
BMHFFIJJ_02140,Extracellular,0.0002,0.3819,0.3249,0.2856,0.0073,0.0001
BMHFFIJJ_02141,Cytoplasmic,0.0003,0.0000,0.9871,0.0017,0.0107,0.0001
BMHFFIJJ_02142,Cytoplasmic Membrane,0.0005,0.0014,0.0053,0.9375,0.0544,0.0008
BMHFFIJJ_02143,Extracellular,0.0001,0.5160,0.1501,0.3018,0.0317,0.0003
BMHFFIJJ_02144,Outer Membrane,0.0000,0.0000,0.0000,0.0002,0.9998,0.0000
BMHFFIJJ_02145,Outer Membrane,0.0013,0.3097,0.0017,0.0049,0.6638,0.0186
BMHFFIJJ_02146,Outer Membrane,0.0002,0.0047,0.0001,0.0190,0.9757,0.0004
BMHFFIJJ_02147,Extracellular,0.0012,0.7238,0.0003,0.0007,0.2722,0.0019
BMHFFIJJ_02148,Outer Membrane,0.0541,0.1402,0.1609,0.0954,0.3357,0.2137
BMHFFIJJ_02149,Extracellular,0.0011,0.6032,0.0065,0.0001,0.0170,0.3721
BMHFFIJJ_02150,Extracellular,0.1180,0.4166,0.0591,0.0221,0.2758,0.1084
BMHFFIJJ_02151,Cytoplasmic Membrane,0.0000,0.0000,0.0000,0.9964,0.0035,0.0000
BMHFFIJJ_02152,Cytoplasmic Membrane,0.0000,0.0000,0.0000,0.9994,0.0006,0.0000
BMHFFIJJ_02153,Cytoplasmic,0.0001,0.0025,0.9947,0.0002,0.0024,0.0000
BMHFFIJJ_02154,Cytoplasmic,0.0002,0.0011,0.9635,0.0093,0.0256,0.0002
BMHFFIJJ_02155,Cytoplasmic Membrane,0.0000,0.0000,0.0000,0.9990,0.0009,0.0000
BMHFFIJJ_02156,Cytoplasmic,0.0000,0.0014,0.9972,0.0006,0.0006,0.0002
BMHFFIJJ_02157,Cytoplasmic,0.0199,0.0327,0.8754,0.0206,0.0499,0.0016
BMHFFIJJ_02158,Cytoplasmic,0.0002,0.0253,0.8192,0.1513,0.0040,0.0001
BMHFFIJJ_02159,Cytoplasmic,0.0007,0.0058,0.9686,0.0070,0.0175,0.0005
BMHFFIJJ_02160,Cytoplasmic,0.0000,0.0149,0.9580,0.0244,0.0025,0.0002
BMHFFIJJ_02161,Cytoplasmic,0.0000,0.0002,0.8732,0.0099,0.1162,0.0004
BMHFFIJJ_02162,Cytoplasmic,0.0001,0.0012,0.8393,0.0015,0.1577,0.0002
BMHFFIJJ_02163,Cytoplasmic,0.0010,0.0007,0.9795,0.0111,0.0074,0.0003
BMHFFIJJ_02164,Cytoplasmic,0.0002,0.2444,0.6181,0.0750,0.0617,0.0006
BMHFFIJJ_02165,Cytoplasmic,0.0003,0.0029,0.9760,0.0002,0.0203,0.0004
BMHFFIJJ_02166,Cytoplasmic,0.0009,0.0032,0.9563,0.0119,0.0273,0.0005
BMHFFIJJ_02167,Cytoplasmic,0.0002,0.0005,0.9825,0.0076,0.0087,0.0005
BMHFFIJJ_02168,Cytoplasmic,0.0004,0.0003,0.9956,0.0003,0.0033,0.0001
BMHFFIJJ_02169,Cytoplasmic,0.0002,0.1825,0.6565,0.0266,0.1303,0.0041
BMHFFIJJ_02170,Periplasmic,0.0005,0.3297,0.0000,0.0013,0.2603,0.4083
BMHFFIJJ_02171,Cytoplasmic,0.0001,0.0003,0.9923,0.0045,0.0026,0.0002
BMHFFIJJ_02172,Cytoplasmic Membrane,0.0003,0.0012,0.0050,0.9036,0.0870,0.0030
BMHFFIJJ_02173,Cytoplasmic,0.0001,0.0004,0.9692,0.0148,0.0155,0.0001
BMHFFIJJ_02174,Cytoplasmic,0.0003,0.0000,0.9917,0.0002,0.0077,0.0001
BMHFFIJJ_02175,Cytoplasmic,0.0020,0.0016,0.9833,0.0006,0.0124,0.0000
BMHFFIJJ_02176,Periplasmic,0.0027,0.0828,0.0325,0.0013,0.0302,0.8505
BMHFFIJJ_02177,Cytoplasmic,0.0001,0.0003,0.9822,0.0006,0.0155,0.0013
BMHFFIJJ_02178,Cytoplasmic Membrane,0.0000,0.0000,0.0000,0.9997,0.0003,0.0000
BMHFFIJJ_02179,Cytoplasmic Membrane,0.0000,0.0000,0.0004,0.9958,0.0037,0.0000
BMHFFIJJ_02180,Cytoplasmic,0.0001,0.0011,0.9979,0.0007,0.0002,0.0000
BMHFFIJJ_02181,Outer Membrane,0.0002,0.0094,0.0050,0.1037,0.6752,0.2065
BMHFFIJJ_02182,Cytoplasmic Membrane,0.0001,0.0001,0.1747,0.8193,0.0052,0.0006
BMHFFIJJ_02183,Extracellular,0.0024,0.5388,0.3792,0.0004,0.0773,0.0018
BMHFFIJJ_02184,Cytoplasmic,0.0071,0.1888,0.6537,0.0011,0.1470,0.0023
BMHFFIJJ_02185,Cytoplasmic,0.0005,0.3571,0.5974,0.0006,0.0435,0.0009
BMHFFIJJ_02186,Cytoplasmic Membrane,0.0001,0.0065,0.0001,0.9884,0.0048,0.0001
BMHFFIJJ_02187,Cytoplasmic Membrane,0.0002,0.0034,0.4260,0.5579,0.0110,0.0015
BMHFFIJJ_02188,Outer Membrane,0.0000,0.0000,0.0001,0.0004,0.9995,0.0000
BMHFFIJJ_02189,Extracellular,0.0011,0.7700,0.0003,0.0130,0.2052,0.0104
BMHFFIJJ_02190,Outer Membrane,0.0016,0.1349,0.0004,0.0770,0.7850,0.0012
BMHFFIJJ_02191,Outer Membrane,0.0046,0.4817,0.0014,0.0156,0.4915,0.0052
BMHFFIJJ_02192,Outer Membrane,0.0022,0.1406,0.0036,0.0677,0.7771,0.0089
BMHFFIJJ_02193,Outer Membrane,0.0006,0.0021,0.0094,0.2419,0.7049,0.0410
BMHFFIJJ_02194,Cytoplasmic,0.0000,0.0008,0.9605,0.0051,0.0119,0.0217
BMHFFIJJ_02195,Cytoplasmic,0.0000,0.0002,0.9458,0.0003,0.0110,0.0426
BMHFFIJJ_02197,Cytoplasmic,0.0000,0.0000,0.9942,0.0001,0.0053,0.0003
BMHFFIJJ_02198,Cytoplasmic,0.0003,0.0033,0.9751,0.0171,0.0037,0.0005
BMHFFIJJ_02199,Cytoplasmic Membrane,0.0001,0.0486,0.0781,0.8590,0.0140,0.0002
BMHFFIJJ_02200,Cytoplasmic,0.0001,0.0020,0.9790,0.0038,0.0140,0.0011
BMHFFIJJ_02201,Cytoplasmic,0.0006,0.0020,0.9327,0.0398,0.0224,0.0026
BMHFFIJJ_02202,Cytoplasmic Membrane,0.0000,0.0008,0.0002,0.9946,0.0042,0.0001
BMHFFIJJ_02203,Cytoplasmic,0.0000,0.0012,0.9951,0.0008,0.0021,0.0007
BMHFFIJJ_02204,Cytoplasmic,0.0001,0.0002,0.9372,0.0016,0.0604,0.0005
BMHFFIJJ_02205,Cytoplasmic Membrane,0.0001,0.0610,0.0004,0.9256,0.0129,0.0000
BMHFFIJJ_02206,Cytoplasmic,0.0002,0.0018,0.9940,0.0013,0.0022,0.0004
BMHFFIJJ_02207,Cytoplasmic,0.0002,0.0004,0.7968,0.0107,0.1909,0.0011
BMHFFIJJ_02208,Cytoplasmic,0.0000,0.0004,0.9911,0.0036,0.0048,0.0001
BMHFFIJJ_02209,Cytoplasmic Membrane,0.0000,0.0000,0.0000,0.9999,0.0001,0.0000
BMHFFIJJ_02210,Cytoplasmic Membrane,0.0000,0.0000,0.0000,0.9996,0.0003,0.0000
BMHFFIJJ_02211,Cytoplasmic Membrane,0.0000,0.0000,0.0000,0.9994,0.0006,0.0000
BMHFFIJJ_02212,Cytoplasmic Membrane,0.0000,0.0000,0.2501,0.7375,0.0122,0.0001
BMHFFIJJ_02213,Cytoplasmic Membrane,0.0000,0.0316,0.0003,0.9510,0.0170,0.0000
BMHFFIJJ_02214,Cytoplasmic Membrane,0.0000,0.0078,0.0002,0.9886,0.0034,0.0000
BMHFFIJJ_02215,Cytoplasmic,0.0022,0.3056,0.6570,0.0014,0.0284,0.0055
BMHFFIJJ_02216,Cytoplasmic,0.0010,0.1701,0.7469,0.0003,0.0658,0.0159
BMHFFIJJ_02217,Extracellular,0.0001,0.9983,0.0000,0.0000,0.0016,0.0001
BMHFFIJJ_02218,Periplasmic,0.0004,0.0814,0.0062,0.1716,0.3024,0.4380
BMHFFIJJ_02219,Cytoplasmic Membrane,0.0004,0.1054,0.0138,0.8693,0.0111,0.0000
BMHFFIJJ_02220,Cytoplasmic,0.0003,0.0910,0.9016,0.0003,0.0063,0.0004
BMHFFIJJ_02221,Outer Membrane,0.0096,0.0187,0.1526,0.0138,0.8020,0.0033
BMHFFIJJ_02222,Cytoplasmic,0.0012,0.0611,0.9263,0.0037,0.0074,0.0004
BMHFFIJJ_02223,Cytoplasmic,0.0074,0.1370,0.7821,0.0166,0.0411,0.0158
BMHFFIJJ_02224,Cytoplasmic,0.0002,0.2097,0.7513,0.0022,0.0333,0.0033
BMHFFIJJ_02225,Cytoplasmic,0.0001,0.0020,0.9636,0.0025,0.0307,0.0010
BMHFFIJJ_02226,Cytoplasmic,0.0002,0.0008,0.9535,0.0127,0.0276,0.0052
BMHFFIJJ_02227,Cytoplasmic Membrane,0.0000,0.0064,0.0311,0.9598,0.0027,0.0000
BMHFFIJJ_02228,Cytoplasmic,0.0001,0.0010,0.9526,0.0088,0.0365,0.0011
BMHFFIJJ_02229,Periplasmic,0.0031,0.1210,0.0389,0.0238,0.0479,0.7653
BMHFFIJJ_02230,Cytoplasmic,0.0004,0.0003,0.9663,0.0154,0.0170,0.0006
BMHFFIJJ_02231,Cytoplasmic Membrane,0.0001,0.0001,0.0007,0.9949,0.0042,0.0000
BMHFFIJJ_02232,Cytoplasmic,0.0004,0.0048,0.6106,0.3011,0.0830,0.0002
BMHFFIJJ_02233,Cytoplasmic,0.0009,0.2206,0.7286,0.0189,0.0282,0.0029
BMHFFIJJ_02234,Cytoplasmic Membrane,0.0000,0.0000,0.0000,0.9962,0.0038,0.0000
BMHFFIJJ_02235,Extracellular,0.0033,0.5957,0.0066,0.0067,0.1729,0.2147
BMHFFIJJ_02236,Outer Membrane,0.0000,0.0000,0.0000,0.0001,0.9998,0.0000
BMHFFIJJ_02237,Outer Membrane,0.0013,0.1364,0.0011,0.0041,0.8485,0.0086
BMHFFIJJ_02238,Extracellular,0.0014,0.9211,0.0068,0.0005,0.0114,0.0587
BMHFFIJJ_02239,Cytoplasmic Membrane,0.0004,0.0012,0.0016,0.9370,0.0597,0.0001
BMHFFIJJ_02240,Cytoplasmic,0.0001,0.0021,0.9859,0.0021,0.0094,0.0004
BMHFFIJJ_02241,Cytoplasmic,0.0002,0.0045,0.9633,0.0011,0.0273,0.0036
BMHFFIJJ_02242,Cytoplasmic Membrane,0.0000,0.0000,0.0000,0.9999,0.0001,0.0000
BMHFFIJJ_02243,Cytoplasmic,0.0001,0.0281,0.9328,0.0167,0.0216,0.0007
BMHFFIJJ_02244,Cytoplasmic,0.0001,0.3435,0.5950,0.0045,0.0542,0.0027
BMHFFIJJ_02245,Periplasmic,0.0006,0.0619,0.0028,0.0015,0.0109,0.9224
BMHFFIJJ_02246,Cytoplasmic,0.0107,0.0789,0.6302,0.1778,0.0982,0.0042
BMHFFIJJ_02247,Cytoplasmic,0.0004,0.0137,0.9566,0.0150,0.0128,0.0016
BMHFFIJJ_02248,Cytoplasmic,0.0005,0.0067,0.8278,0.0124,0.1492,0.0034
BMHFFIJJ_02249,Cytoplasmic,0.0002,0.0025,0.8974,0.0054,0.0838,0.0108
BMHFFIJJ_02250,Outer Membrane,0.0025,0.2574,0.2217,0.0215,0.3932,0.1036
BMHFFIJJ_02251,Outer Membrane,0.0096,0.2247,0.0756,0.0315,0.4087,0.2500
BMHFFIJJ_02252,Outer Membrane,0.0017,0.2388,0.0030,0.0203,0.7115,0.0246
BMHFFIJJ_02253,Outer Membrane,0.0006,0.0999,0.0007,0.0175,0.8720,0.0094
BMHFFIJJ_02254,Outer Membrane,0.0001,0.4836,0.0000,0.0065,0.5065,0.0034
BMHFFIJJ_02255,Outer Membrane,0.0000,0.0000,0.0000,0.0005,0.9994,0.0000
BMHFFIJJ_02256,Cytoplasmic Membrane,0.0009,0.0485,0.0039,0.8439,0.0996,0.0032
BMHFFIJJ_02257,Cytoplasmic,0.0012,0.0084,0.8315,0.0868,0.0708,0.0013
BMHFFIJJ_02258,Outer Membrane,0.0000,0.0000,0.0007,0.0481,0.9511,0.0001
BMHFFIJJ_02259,Cytoplasmic Membrane,0.0001,0.0044,0.0565,0.5254,0.3924,0.0212
BMHFFIJJ_02260,Cytoplasmic,0.0001,0.0003,0.9071,0.0161,0.0760,0.0004
BMHFFIJJ_02261,Cytoplasmic,0.0008,0.0032,0.9628,0.0059,0.0252,0.0021
BMHFFIJJ_02262,Outer Membrane,0.0000,0.0000,0.0000,0.4418,0.5580,0.0002
BMHFFIJJ_02263,Cytoplasmic,0.0001,0.0005,0.9990,0.0000,0.0004,0.0000
BMHFFIJJ_02264,Cytoplasmic Membrane,0.0000,0.0000,0.0000,0.9999,0.0001,0.0000
BMHFFIJJ_02265,Cytoplasmic,0.0000,0.0000,0.9766,0.0002,0.0229,0.0003
BMHFFIJJ_02266,Periplasmic,0.0070,0.0187,0.1460,0.0060,0.0478,0.7744
BMHFFIJJ_02267,Cytoplasmic,0.0001,0.0249,0.9469,0.0128,0.0151,0.0003
BMHFFIJJ_02268,Cytoplasmic Membrane,0.0000,0.0000,0.0000,0.9997,0.0002,0.0000
BMHFFIJJ_02269,Periplasmic,0.0009,0.3598,0.1468,0.0622,0.0399,0.3905
BMHFFIJJ_02270,Cytoplasmic,0.0009,0.0122,0.8721,0.0641,0.0504,0.0003
BMHFFIJJ_02271,Outer Membrane,0.0074,0.3416,0.0072,0.0094,0.3523,0.2821
BMHFFIJJ_02272,Periplasmic,0.0022,0.2066,0.0273,0.0622,0.2515,0.4503
BMHFFIJJ_02273,Outer Membrane,0.0057,0.2266,0.0131,0.1597,0.5920,0.0028
BMHFFIJJ_02274,Outer Membrane,0.0001,0.0722,0.0000,0.1296,0.7979,0.0002
BMHFFIJJ_02275,Outer Membrane,0.0021,0.1918,0.0005,0.0140,0.7879,0.0038
BMHFFIJJ_02276,Outer Membrane,0.0000,0.0001,0.0001,0.0005,0.9994,0.0000
BMHFFIJJ_02277,Cytoplasmic,0.0007,0.0007,0.9580,0.0033,0.0368,0.0006
BMHFFIJJ_02278,Cytoplasmic Membrane,0.0000,0.0000,0.0000,0.9997,0.0002,0.0000
BMHFFIJJ_02279,Cytoplasmic,0.0000,0.0002,0.9847,0.0121,0.0023,0.0007
BMHFFIJJ_02280,Cytoplasmic,0.0000,0.0003,0.9851,0.0019,0.0120,0.0006
BMHFFIJJ_02281,Cytoplasmic Membrane,0.0000,0.0000,0.0000,0.9997,0.0003,0.0000
BMHFFIJJ_02282,Periplasmic,0.0024,0.0705,0.1696,0.0135,0.3228,0.4212
BMHFFIJJ_02283,Extracellular,0.0070,0.5720,0.0078,0.0081,0.1385,0.2665
BMHFFIJJ_02284,Outer Membrane,0.0000,0.0108,0.0004,0.0338,0.9546,0.0004
BMHFFIJJ_02285,Outer Membrane,0.0029,0.3313,0.0008,0.0015,0.6471,0.0164
BMHFFIJJ_02286,Extracellular,0.0052,0.6429,0.0036,0.0009,0.0607,0.2867
BMHFFIJJ_02287,Outer Membrane,0.0000,0.0000,0.0001,0.0003,0.9996,0.0000
BMHFFIJJ_02288,Outer Membrane,0.0005,0.0127,0.0051,0.0227,0.9515,0.0075
BMHFFIJJ_02289,Outer Membrane,0.0000,0.0000,0.0000,0.0004,0.9995,0.0001
BMHFFIJJ_02290,Outer Membrane,0.0006,0.0604,0.0007,0.0102,0.9245,0.0036
BMHFFIJJ_02291,Outer Membrane,0.0002,0.0326,0.0001,0.0057,0.9604,0.0009
BMHFFIJJ_02292,Cytoplasmic,0.0014,0.4201,0.4273,0.0003,0.1501,0.0009
BMHFFIJJ_02293,Cytoplasmic Membrane,0.0011,0.0013,0.0136,0.9430,0.0408,0.0003
BMHFFIJJ_02294,Periplasmic,0.0017,0.2118,0.0180,0.0033,0.0473,0.7179
BMHFFIJJ_02295,Cytoplasmic,0.0042,0.0895,0.4901,0.0067,0.0352,0.3742
BMHFFIJJ_02296,Periplasmic,0.0003,0.0591,0.0906,0.0243,0.0902,0.7356
BMHFFIJJ_02297,Periplasmic,0.0003,0.1663,0.0226,0.0033,0.0092,0.7984
BMHFFIJJ_02298,Extracellular,0.0036,0.3582,0.0639,0.0114,0.2677,0.2951
BMHFFIJJ_02299,Cytoplasmic,0.0000,0.0084,0.9733,0.0086,0.0092,0.0004
BMHFFIJJ_02300,Cytoplasmic,0.0001,0.2834,0.6458,0.0165,0.0527,0.0015
BMHFFIJJ_02301,Cytoplasmic Membrane,0.0028,0.0090,0.0141,0.8276,0.1257,0.0208
BMHFFIJJ_02302,Outer Membrane,0.0000,0.0000,0.0001,0.0004,0.9995,0.0000
BMHFFIJJ_02303,Outer Membrane,0.0010,0.1976,0.0039,0.0056,0.7697,0.0221
BMHFFIJJ_02304,Outer Membrane,0.0012,0.0899,0.0010,0.0643,0.8219,0.0217
BMHFFIJJ_02305,Outer Membrane,0.0014,0.3340,0.0004,0.0047,0.5844,0.0751
BMHFFIJJ_02306,Periplasmic,0.0071,0.0738,0.1539,0.0194,0.0715,0.6743
BMHFFIJJ_02307,Cytoplasmic,0.0001,0.2846,0.4890,0.2151,0.0109,0.0002
BMHFFIJJ_02308,Extracellular,0.0001,0.5029,0.4703,0.0002,0.0262,0.0003
BMHFFIJJ_02309,Extracellular,0.0007,0.6586,0.2797,0.0002,0.0600,0.0008
BMHFFIJJ_02310,Periplasmic,0.0004,0.0389,0.0084,0.0064,0.1364,0.8095
BMHFFIJJ_02311,Cytoplasmic,0.0000,0.0000,0.9969,0.0000,0.0015,0.0016
BMHFFIJJ_02312,Cytoplasmic,0.0003,0.0017,0.9870,0.0010,0.0096,0.0005
BMHFFIJJ_02313,Periplasmic,0.0004,0.0278,0.0456,0.0040,0.1313,0.7909
BMHFFIJJ_02314,Outer Membrane,0.0114,0.2649,0.0007,0.0176,0.7050,0.0004
BMHFFIJJ_02315,Outer Membrane,0.0018,0.1758,0.0011,0.0184,0.7997,0.0033
BMHFFIJJ_02316,Outer Membrane,0.0000,0.0000,0.0000,0.0001,0.9999,0.0000
BMHFFIJJ_02317,Outer Membrane,0.0005,0.3909,0.0001,0.0013,0.6018,0.0054
BMHFFIJJ_02318,Cytoplasmic Membrane,0.0017,0.0020,0.0174,0.9298,0.0479,0.0012
BMHFFIJJ_02319,Cytoplasmic,0.0002,0.0126,0.9417,0.0077,0.0159,0.0220
BMHFFIJJ_02320,Cytoplasmic,0.0001,0.0000,0.9756,0.0004,0.0239,0.0000
BMHFFIJJ_02321,Cytoplasmic Membrane,0.0008,0.0004,0.0565,0.8869,0.0552,0.0003
BMHFFIJJ_02322,Cytoplasmic Membrane,0.0000,0.0000,0.0000,0.9997,0.0002,0.0000
BMHFFIJJ_02323,Cytoplasmic,0.0001,0.0004,0.9907,0.0032,0.0052,0.0004
BMHFFIJJ_02324,Cytoplasmic,0.0000,0.0004,0.9773,0.0015,0.0164,0.0043
BMHFFIJJ_02325,Cytoplasmic,0.0000,0.0002,0.8670,0.0693,0.0630,0.0003
BMHFFIJJ_02326,Cytoplasmic,0.0001,0.0006,0.9845,0.0079,0.0065,0.0004
BMHFFIJJ_02327,Cytoplasmic,0.0000,0.0127,0.9636,0.0137,0.0096,0.0003
BMHFFIJJ_02328,Outer Membrane,0.0267,0.2585,0.1021,0.0036,0.6068,0.0023
BMHFFIJJ_02329,Cytoplasmic,0.0000,0.0003,0.8488,0.0965,0.0540,0.0004
BMHFFIJJ_02330,Cytoplasmic,0.0001,0.0009,0.8031,0.0880,0.0655,0.0425
BMHFFIJJ_02331,Cytoplasmic,0.0003,0.0018,0.4736,0.2843,0.2324,0.0078
BMHFFIJJ_02332,Cytoplasmic Membrane,0.0000,0.0000,0.0000,0.9999,0.0000,0.0000
BMHFFIJJ_02333,Cytoplasmic Membrane,0.0000,0.2694,0.0261,0.6183,0.0848,0.0012
BMHFFIJJ_02334,Cytoplasmic,0.0001,0.0254,0.9216,0.0338,0.0186,0.0005
BMHFFIJJ_02335,Outer Membrane,0.0207,0.2528,0.0087,0.0329,0.5371,0.1478
BMHFFIJJ_02336,Cytoplasmic Membrane,0.0057,0.0075,0.0393,0.8055,0.1404,0.0016
BMHFFIJJ_02337,Outer Membrane,0.0000,0.0000,0.0000,0.0001,0.9999,0.0000
BMHFFIJJ_02338,Outer Membrane,0.0008,0.1974,0.0007,0.0070,0.7905,0.0036
BMHFFIJJ_02339,Outer Membrane,0.0000,0.0009,0.0001,0.1398,0.8587,0.0005
BMHFFIJJ_02340,Extracellular,0.0013,0.6465,0.0055,0.0006,0.0072,0.3389
BMHFFIJJ_02341,Extracellular,0.0003,0.5386,0.0069,0.0001,0.0160,0.4382
BMHFFIJJ_02342,Cytoplasmic,0.0026,0.0043,0.8416,0.0061,0.1437,0.0017
BMHFFIJJ_02343,Outer Membrane,0.0013,0.0029,0.0320,0.3238,0.3605,0.2795
BMHFFIJJ_02344,Cytoplasmic,0.0000,0.0002,0.9929,0.0008,0.0058,0.0002
BMHFFIJJ_02345,Cytoplasmic,0.0006,0.0060,0.9227,0.0100,0.0606,0.0002
BMHFFIJJ_02346,Cytoplasmic Membrane,0.0000,0.0001,0.1133,0.8578,0.0286,0.0002
BMHFFIJJ_02347,Cytoplasmic Membrane,0.0000,0.0000,0.0000,0.9996,0.0004,0.0000
BMHFFIJJ_02348,Cytoplasmic,0.0001,0.0007,0.9979,0.0004,0.0002,0.0007
BMHFFIJJ_02349,Outer Membrane,0.0019,0.1366,0.0342,0.2252,0.5440,0.0582
BMHFFIJJ_02350,Cytoplasmic,0.0010,0.1021,0.4964,0.3370,0.0532,0.0102
BMHFFIJJ_02351,Cytoplasmic Membrane,0.0002,0.0421,0.2185,0.7147,0.0236,0.0010
BMHFFIJJ_02352,Cytoplasmic,0.0001,0.0001,0.9825,0.0143,0.0028,0.0001
BMHFFIJJ_02353,Cytoplasmic,0.0000,0.0005,0.9957,0.0018,0.0019,0.0001
BMHFFIJJ_02355,Cytoplasmic Membrane,0.0000,0.0031,0.0001,0.9895,0.0073,0.0000
BMHFFIJJ_02356,Cytoplasmic,0.0000,0.0003,0.9898,0.0029,0.0067,0.0003
BMHFFIJJ_02357,Outer Membrane,0.0002,0.0111,0.0005,0.0324,0.9173,0.0385
BMHFFIJJ_02358,Cytoplasmic,0.0006,0.0023,0.9760,0.0021,0.0157,0.0032
BMHFFIJJ_02359,Cytoplasmic,0.0001,0.0004,0.9984,0.0007,0.0004,0.0000
BMHFFIJJ_02360,Cytoplasmic,0.0002,0.2560,0.6327,0.0509,0.0244,0.0358
BMHFFIJJ_02361,Cytoplasmic Membrane,0.0000,0.0000,0.0743,0.9245,0.0011,0.0000
BMHFFIJJ_02362,Cytoplasmic Membrane,0.0002,0.0035,0.0186,0.9694,0.0082,0.0001
BMHFFIJJ_02363,Cytoplasmic Membrane,0.0005,0.0028,0.1342,0.8382,0.0238,0.0005
BMHFFIJJ_02364,Cytoplasmic Membrane,0.0010,0.0087,0.0946,0.8669,0.0284,0.0004
BMHFFIJJ_02365,Cytoplasmic Membrane,0.0003,0.0053,0.1215,0.8411,0.0310,0.0008
BMHFFIJJ_02366,Cytoplasmic Membrane,0.0009,0.0849,0.2903,0.5836,0.0392,0.0010
BMHFFIJJ_02367,Cytoplasmic Membrane,0.0000,0.0000,0.0000,0.9996,0.0003,0.0000
BMHFFIJJ_02368,Cytoplasmic,0.0000,0.0000,0.9981,0.0001,0.0017,0.0001
BMHFFIJJ_02369,Cytoplasmic,0.0001,0.2657,0.6007,0.0070,0.1254,0.0012
BMHFFIJJ_02370,Periplasmic,0.0010,0.3781,0.0033,0.0011,0.0934,0.5232
BMHFFIJJ_02371,Extracellular,0.0124,0.9396,0.0052,0.0004,0.0282,0.0142
BMHFFIJJ_02372,Cytoplasmic Membrane,0.0001,0.1236,0.0004,0.8710,0.0049,0.0000
BMHFFIJJ_02373,Cytoplasmic,0.0001,0.0008,0.9595,0.0145,0.0242,0.0008
BMHFFIJJ_02374,Cytoplasmic Membrane,0.0015,0.0010,0.0058,0.9389,0.0512,0.0015
BMHFFIJJ_02375,Extracellular,0.0093,0.6243,0.0121,0.0060,0.0431,0.3051
BMHFFIJJ_02376,Periplasmic,0.0002,0.0136,0.0494,0.0257,0.0405,0.8706
BMHFFIJJ_02377,Cytoplasmic Membrane,0.0000,0.0004,0.0000,0.9994,0.0002,0.0000
BMHFFIJJ_02378,Periplasmic,0.0000,0.0012,0.0019,0.0012,0.0040,0.9917
BMHFFIJJ_02379,Periplasmic,0.0002,0.0044,0.0323,0.0004,0.1676,0.7951
BMHFFIJJ_02380,Cytoplasmic,0.0007,0.0348,0.9273,0.0082,0.0282,0.0007
BMHFFIJJ_02381,Outer Membrane,0.0000,0.0000,0.0001,0.0003,0.9996,0.0000
BMHFFIJJ_02382,Outer Membrane,0.0004,0.3173,0.0047,0.0242,0.6160,0.0375
BMHFFIJJ_02383,Periplasmic,0.0005,0.0493,0.0027,0.0008,0.0311,0.9156
BMHFFIJJ_02384,Extracellular,0.0009,0.5695,0.0004,0.0008,0.4167,0.0117
BMHFFIJJ_02385,Periplasmic,0.0052,0.0970,0.0989,0.0166,0.0606,0.7217
BMHFFIJJ_02386,Outer Membrane,0.0035,0.2529,0.0248,0.0141,0.6192,0.0854
BMHFFIJJ_02387,Periplasmic,0.0006,0.1308,0.0978,0.0023,0.0585,0.7100
BMHFFIJJ_02388,Outer Membrane,0.0011,0.3481,0.0001,0.0044,0.6400,0.0062
BMHFFIJJ_02389,Outer Membrane,0.0026,0.0696,0.0020,0.1448,0.7741,0.0070
BMHFFIJJ_02390,Outer Membrane,0.0000,0.0000,0.0002,0.0004,0.9994,0.0000
BMHFFIJJ_02391,Outer Membrane,0.0007,0.3079,0.0062,0.0052,0.6641,0.0160
BMHFFIJJ_02392,Outer Membrane,0.0007,0.1237,0.0028,0.0104,0.8385,0.0239
BMHFFIJJ_02393,Outer Membrane,0.0006,0.4610,0.0001,0.0026,0.5316,0.0041
BMHFFIJJ_02394,Extracellular,0.0012,0.6829,0.0016,0.0011,0.3091,0.0042
BMHFFIJJ_02395,Periplasmic,0.0005,0.0083,0.0170,0.0114,0.0569,0.9058
BMHFFIJJ_02396,Extracellular,0.0037,0.4788,0.1392,0.0074,0.1062,0.2649
BMHFFIJJ_02397,Periplasmic,0.0061,0.0473,0.2858,0.0187,0.0305,0.6116
BMHFFIJJ_02398,Periplasmic,0.0096,0.1967,0.1654,0.0317,0.1153,0.4813
BMHFFIJJ_02399,Periplasmic,0.0004,0.0073,0.0848,0.0880,0.0734,0.7461
BMHFFIJJ_02400,Extracellular,0.0118,0.7742,0.0446,0.0313,0.0381,0.1001
BMHFFIJJ_02401,Extracellular,0.0015,0.8732,0.0265,0.0037,0.0266,0.0685
BMHFFIJJ_02402,Extracellular,0.0029,0.5363,0.0016,0.0079,0.4495,0.0018
BMHFFIJJ_02403,Outer Membrane,0.0022,0.1184,0.0070,0.0511,0.8143,0.0070
BMHFFIJJ_02404,Outer Membrane,0.0000,0.0000,0.0001,0.0003,0.9995,0.0000
BMHFFIJJ_02405,Outer Membrane,0.0006,0.2882,0.0053,0.0024,0.6862,0.0174
BMHFFIJJ_02406,Outer Membrane,0.0011,0.0320,0.0118,0.0692,0.8714,0.0145
BMHFFIJJ_02407,Outer Membrane,0.0046,0.4184,0.0002,0.0014,0.5737,0.0017
BMHFFIJJ_02408,Outer Membrane,0.0202,0.3691,0.0034,0.0165,0.5796,0.0113
BMHFFIJJ_02409,Outer Membrane,0.0141,0.4485,0.0056,0.0167,0.4986,0.0165
BMHFFIJJ_02410,Cytoplasmic Membrane,0.0082,0.0152,0.0013,0.7226,0.2510,0.0018
BMHFFIJJ_02411,Cytoplasmic,0.0004,0.0014,0.9864,0.0058,0.0053,0.0006
BMHFFIJJ_02412,Outer Membrane,0.0006,0.0113,0.0043,0.1437,0.8315,0.0087
BMHFFIJJ_02413,Outer Membrane,0.0000,0.0002,0.0000,0.0763,0.9217,0.0018
BMHFFIJJ_02414,Cytoplasmic,0.0004,0.0007,0.9926,0.0017,0.0045,0.0000
BMHFFIJJ_02415,Cytoplasmic,0.0000,0.0003,0.9964,0.0000,0.0016,0.0016
BMHFFIJJ_02416,Cytoplasmic,0.0002,0.0004,0.9597,0.0077,0.0316,0.0004
BMHFFIJJ_02417,Cytoplasmic,0.0000,0.0001,0.9992,0.0005,0.0001,0.0001
BMHFFIJJ_02418,Cytoplasmic,0.0000,0.0002,0.9876,0.0019,0.0101,0.0002
BMHFFIJJ_02419,Cytoplasmic Membrane,0.0000,0.0000,0.0000,0.9997,0.0003,0.0000
BMHFFIJJ_02420,Cytoplasmic,0.0005,0.0057,0.9456,0.0060,0.0414,0.0007
BMHFFIJJ_02421,Cytoplasmic,0.0000,0.0002,0.8466,0.0115,0.1402,0.0014
BMHFFIJJ_02422,Cytoplasmic,0.0002,0.0010,0.8819,0.0045,0.0993,0.0133
BMHFFIJJ_02424,Cytoplasmic,0.0009,0.0026,0.9377,0.0059,0.0527,0.0002
BMHFFIJJ_02425,Outer Membrane,0.0038,0.2459,0.0187,0.0757,0.6341,0.0219
BMHFFIJJ_02426,Cytoplasmic Membrane,0.0006,0.0458,0.0016,0.9166,0.0352,0.0002
BMHFFIJJ_02427,Cytoplasmic Membrane,0.0000,0.0059,0.0003,0.9897,0.0040,0.0001
BMHFFIJJ_02428,Cytoplasmic,0.0003,0.0144,0.9281,0.0258,0.0302,0.0011
BMHFFIJJ_02429,Extracellular,0.0002,0.4960,0.4782,0.0146,0.0110,0.0000
BMHFFIJJ_02430,Cytoplasmic,0.0001,0.0003,0.9808,0.0004,0.0184,0.0000
BMHFFIJJ_02431,Cytoplasmic,0.0008,0.0057,0.9429,0.0149,0.0353,0.0004
BMHFFIJJ_02432,Cytoplasmic,0.0012,0.0238,0.8720,0.0490,0.0446,0.0094
BMHFFIJJ_02433,Cytoplasmic Membrane,0.0000,0.0059,0.0001,0.9868,0.0071,0.0000
BMHFFIJJ_02434,Cytoplasmic,0.0002,0.0018,0.9947,0.0006,0.0027,0.0000
BMHFFIJJ_02435,Cytoplasmic,0.0004,0.0013,0.9527,0.0002,0.0453,0.0001
BMHFFIJJ_02436,Cytoplasmic,0.0060,0.0704,0.5309,0.0038,0.3879,0.0010
BMHFFIJJ_02437,Cytoplasmic,0.0004,0.0254,0.9254,0.0036,0.0449,0.0003
BMHFFIJJ_02438,Cytoplasmic,0.0002,0.0179,0.8620,0.1091,0.0098,0.0010
BMHFFIJJ_02439,Cytoplasmic,0.0004,0.0852,0.7968,0.0774,0.0357,0.0044
BMHFFIJJ_02440,Cytoplasmic,0.0000,0.0003,0.9925,0.0006,0.0066,0.0000
BMHFFIJJ_02441,Cytoplasmic,0.0014,0.0341,0.8737,0.0632,0.0269,0.0006
BMHFFIJJ_02442,Cytoplasmic,0.0000,0.0009,0.9941,0.0005,0.0046,0.0000
BMHFFIJJ_02443,Cytoplasmic,0.0008,0.0127,0.9132,0.0148,0.0584,0.0001
BMHFFIJJ_02444,Extracellular,0.0002,0.9086,0.0728,0.0129,0.0052,0.0003
BMHFFIJJ_02445,Cytoplasmic,0.0016,0.3561,0.5907,0.0291,0.0220,0.0005
BMHFFIJJ_02446,Extracellular,0.0012,0.9223,0.0382,0.0014,0.0117,0.0252
BMHFFIJJ_02447,Cytoplasmic,0.0021,0.0019,0.9131,0.0025,0.0803,0.0002
BMHFFIJJ_02448,Cytoplasmic,0.0019,0.0910,0.8737,0.0135,0.0126,0.0073
BMHFFIJJ_02449,Cytoplasmic,0.0002,0.2314,0.6787,0.0698,0.0195,0.0003
BMHFFIJJ_02450,Cytoplasmic,0.0007,0.0121,0.8111,0.0505,0.1225,0.0031
BMHFFIJJ_02451,Extracellular,0.0004,0.7429,0.2498,0.0002,0.0054,0.0014
BMHFFIJJ_02452,Cytoplasmic,0.0003,0.0229,0.9003,0.0572,0.0188,0.0005
BMHFFIJJ_02453,Cytoplasmic,0.0002,0.0022,0.9663,0.0011,0.0301,0.0001
BMHFFIJJ_02454,Cytoplasmic Membrane,0.0000,0.0042,0.0004,0.9918,0.0035,0.0000
BMHFFIJJ_02455,Cytoplasmic,0.0003,0.0345,0.8887,0.0246,0.0398,0.0120
BMHFFIJJ_02456,Extracellular,0.0003,0.9979,0.0000,0.0000,0.0009,0.0009
BMHFFIJJ_02457,Cytoplasmic,0.0002,0.1703,0.8246,0.0010,0.0039,0.0000
BMHFFIJJ_02458,Cytoplasmic,0.0006,0.0074,0.9327,0.0036,0.0554,0.0002
BMHFFIJJ_02459,Cytoplasmic,0.0002,0.1814,0.6860,0.0414,0.0909,0.0001
BMHFFIJJ_02460,Cytoplasmic,0.0004,0.1263,0.4976,0.1328,0.2412,0.0016
BMHFFIJJ_02461,Extracellular,0.0017,0.5488,0.4400,0.0046,0.0048,0.0001
BMHFFIJJ_02462,Extracellular,0.0031,0.7274,0.0415,0.0415,0.1839,0.0027
BMHFFIJJ_02463,Extracellular,0.0007,0.4783,0.4416,0.0568,0.0123,0.0104
BMHFFIJJ_02464,Cytoplasmic,0.0004,0.0210,0.9050,0.0629,0.0104,0.0001
BMHFFIJJ_02465,Extracellular,0.0029,0.6577,0.2394,0.0651,0.0346,0.0003
BMHFFIJJ_02466,Cytoplasmic,0.0019,0.1080,0.8703,0.0063,0.0133,0.0001
BMHFFIJJ_02467,Cytoplasmic,0.0019,0.2710,0.7128,0.0073,0.0070,0.0000
BMHFFIJJ_02468,Extracellular,0.0001,0.5903,0.2619,0.0789,0.0671,0.0016
BMHFFIJJ_02469,Cytoplasmic,0.0001,0.1264,0.8604,0.0025,0.0106,0.0001
BMHFFIJJ_02470,Cytoplasmic,0.0044,0.0909,0.8985,0.0041,0.0020,0.0001
BMHFFIJJ_02471,Cytoplasmic Membrane,0.0002,0.2655,0.1579,0.5710,0.0052,0.0001
BMHFFIJJ_02472,Cytoplasmic,0.0011,0.3857,0.5957,0.0155,0.0017,0.0002
BMHFFIJJ_02473,Cytoplasmic,0.0011,0.0786,0.8363,0.0023,0.0804,0.0012
BMHFFIJJ_02474,Cytoplasmic,0.0013,0.3085,0.5718,0.0914,0.0229,0.0042
BMHFFIJJ_02475,Cytoplasmic,0.0006,0.1512,0.8208,0.0020,0.0254,0.0001
BMHFFIJJ_02476,Cytoplasmic,0.0004,0.1072,0.8899,0.0002,0.0023,0.0000
BMHFFIJJ_02477,Cytoplasmic,0.0016,0.1357,0.8310,0.0184,0.0131,0.0002
BMHFFIJJ_02478,Cytoplasmic,0.0002,0.1418,0.8420,0.0070,0.0089,0.0001
BMHFFIJJ_02479,Cytoplasmic,0.0002,0.2086,0.7809,0.0032,0.0069,0.0001
BMHFFIJJ_02480,Extracellular,0.0001,0.5524,0.3317,0.0509,0.0643,0.0007
BMHFFIJJ_02481,Cytoplasmic,0.0021,0.0011,0.8956,0.0002,0.1010,0.0000
BMHFFIJJ_02482,Outer Membrane,0.0224,0.1600,0.3609,0.0187,0.4368,0.0012
BMHFFIJJ_02483,Cytoplasmic,0.0010,0.1188,0.4733,0.0854,0.3164,0.0052
BMHFFIJJ_02484,Cytoplasmic,0.0015,0.0007,0.7392,0.0003,0.2584,0.0000
BMHFFIJJ_02485,Extracellular,0.0002,0.6629,0.1252,0.1872,0.0241,0.0004
BMHFFIJJ_02486,Cytoplasmic,0.0005,0.0938,0.8286,0.0154,0.0614,0.0005
BMHFFIJJ_02487,Extracellular,0.0018,0.5246,0.4016,0.0056,0.0606,0.0057
BMHFFIJJ_02488,Cytoplasmic,0.0007,0.0862,0.7537,0.1147,0.0442,0.0005
BMHFFIJJ_02489,Cytoplasmic,0.0001,0.1231,0.7172,0.0264,0.1284,0.0048
BMHFFIJJ_02490,Cytoplasmic,0.0005,0.0027,0.7545,0.2360,0.0053,0.0010
BMHFFIJJ_02491,Cytoplasmic,0.0001,0.0267,0.9418,0.0092,0.0216,0.0006
BMHFFIJJ_02492,Extracellular,0.0107,0.8196,0.0000,0.0172,0.1516,0.0009
BMHFFIJJ_02493,Extracellular,0.0019,0.6921,0.2657,0.0007,0.0385,0.0010
BMHFFIJJ_02494,Extracellular,0.0389,0.6999,0.1484,0.0427,0.0657,0.0044
BMHFFIJJ_02495,Extracellular,0.0141,0.8396,0.0195,0.0032,0.1232,0.0004
BMHFFIJJ_02496,Extracellular,0.0002,0.4384,0.0613,0.2950,0.2017,0.0035
BMHFFIJJ_02497,Extracellular,0.0000,0.9599,0.0094,0.0002,0.0303,0.0001
BMHFFIJJ_02498,Extracellular,0.0023,0.4961,0.4317,0.0374,0.0322,0.0003
BMHFFIJJ_02499,Cytoplasmic,0.0006,0.1319,0.7579,0.0574,0.0513,0.0008
BMHFFIJJ_02500,Cytoplasmic,0.0004,0.0031,0.9361,0.0079,0.0520,0.0005
BMHFFIJJ_02501,Cytoplasmic Membrane,0.0000,0.0809,0.0013,0.8896,0.0281,0.0001
BMHFFIJJ_02502,Extracellular,0.0017,0.7843,0.0986,0.0000,0.1147,0.0006
BMHFFIJJ_02503,Cytoplasmic Membrane,0.0026,0.0175,0.0027,0.5583,0.4175,0.0015
BMHFFIJJ_02504,Cytoplasmic Membrane,0.0000,0.0000,0.0000,0.9997,0.0003,0.0000
BMHFFIJJ_02505,Outer Membrane,0.0038,0.0276,0.0330,0.0421,0.8185,0.0749
BMHFFIJJ_02506,Cytoplasmic Membrane,0.0002,0.0083,0.0007,0.9589,0.0318,0.0001
BMHFFIJJ_02507,Cytoplasmic Membrane,0.0000,0.0000,0.0002,0.9987,0.0012,0.0000
BMHFFIJJ_02508,Cytoplasmic Membrane,0.0001,0.0003,0.0005,0.9944,0.0047,0.0000
BMHFFIJJ_02509,Cytoplasmic,0.0001,0.0007,0.7839,0.0005,0.2029,0.0119
BMHFFIJJ_02510,Cytoplasmic,0.0000,0.0000,0.9987,0.0000,0.0012,0.0000
BMHFFIJJ_02511,Cytoplasmic,0.0070,0.1670,0.6782,0.0011,0.1446,0.0021
BMHFFIJJ_02512,Cytoplasmic,0.0007,0.0006,0.9720,0.0026,0.0238,0.0004
BMHFFIJJ_02513,Outer Membrane,0.0000,0.0000,0.0000,0.0002,0.9998,0.0000
BMHFFIJJ_02514,Periplasmic,0.0422,0.1109,0.0163,0.0290,0.0815,0.7200
BMHFFIJJ_02515,Cytoplasmic,0.0021,0.0134,0.9207,0.0363,0.0258,0.0017
BMHFFIJJ_02516,Cytoplasmic,0.0001,0.0005,0.9847,0.0068,0.0046,0.0033
BMHFFIJJ_02517,Cytoplasmic,0.0000,0.0485,0.8363,0.0658,0.0063,0.0431
BMHFFIJJ_02518,Cytoplasmic Membrane,0.0000,0.0000,0.0000,1.0000,0.0000,0.0000
BMHFFIJJ_02519,Outer Membrane,0.0084,0.1294,0.0920,0.1690,0.5357,0.0655
BMHFFIJJ_02520,Extracellular,0.0073,0.8545,0.0010,0.0045,0.1266,0.0061
BMHFFIJJ_02521,Outer Membrane,0.0001,0.2516,0.0004,0.0013,0.7439,0.0026
BMHFFIJJ_02522,Outer Membrane,0.0000,0.0001,0.0000,0.0005,0.9994,0.0000
BMHFFIJJ_02523,Cytoplasmic,0.0005,0.0149,0.9799,0.0012,0.0035,0.0000
BMHFFIJJ_02524,Cytoplasmic,0.0091,0.0473,0.9092,0.0117,0.0219,0.0007
BMHFFIJJ_02525,Cytoplasmic,0.0003,0.0037,0.9605,0.0244,0.0111,0.0001
BMHFFIJJ_02526,Outer Membrane,0.0019,0.0027,0.1776,0.0033,0.8132,0.0012
BMHFFIJJ_02527,Extracellular,0.0001,0.5473,0.1056,0.2934,0.0513,0.0023
BMHFFIJJ_02528,Cytoplasmic,0.0006,0.0008,0.9873,0.0052,0.0058,0.0003
BMHFFIJJ_02529,Cytoplasmic,0.0013,0.4239,0.4256,0.0002,0.1481,0.0009
BMHFFIJJ_02530,Cytoplasmic,0.0013,0.4239,0.4256,0.0002,0.1481,0.0009
BMHFFIJJ_02531,Cytoplasmic,0.0001,0.3788,0.5347,0.0277,0.0584,0.0002
BMHFFIJJ_02532,Outer Membrane,0.0000,0.0002,0.0003,0.0006,0.9987,0.0001
BMHFFIJJ_02533,Outer Membrane,0.0053,0.1140,0.0038,0.0100,0.8564,0.0106
BMHFFIJJ_02534,Periplasmic,0.0036,0.1063,0.1149,0.0062,0.1422,0.6269
BMHFFIJJ_02535,Outer Membrane,0.0086,0.1062,0.0537,0.2041,0.5169,0.1105
BMHFFIJJ_02536,Cytoplasmic,0.0003,0.0002,0.9981,0.0013,0.0001,0.0000
BMHFFIJJ_02537,Cytoplasmic Membrane,0.0000,0.0001,0.0001,0.9995,0.0004,0.0000
BMHFFIJJ_02538,Cytoplasmic Membrane,0.0000,0.0002,0.0001,0.9970,0.0027,0.0000
BMHFFIJJ_02539,Periplasmic,0.0005,0.0836,0.0110,0.0005,0.0475,0.8569
BMHFFIJJ_02540,Cytoplasmic,0.0058,0.0360,0.4301,0.4049,0.1212,0.0020
BMHFFIJJ_02541,Cytoplasmic Membrane,0.0015,0.0196,0.0020,0.7264,0.2355,0.0151
BMHFFIJJ_02542,Periplasmic,0.0060,0.1596,0.1176,0.0274,0.1277,0.5617
BMHFFIJJ_02543,Outer Membrane,0.0003,0.1019,0.0004,0.0221,0.8746,0.0007
BMHFFIJJ_02544,Outer Membrane,0.0055,0.1684,0.0011,0.0244,0.7965,0.0041
BMHFFIJJ_02545,Cytoplasmic,0.0001,0.0007,0.9912,0.0066,0.0014,0.0000
BMHFFIJJ_02546,Cytoplasmic,0.0001,0.0004,0.7825,0.2153,0.0017,0.0001
BMHFFIJJ_02549,Cytoplasmic,0.0004,0.0044,0.9838,0.0015,0.0093,0.0005
BMHFFIJJ_02550,Cytoplasmic Membrane,0.0011,0.0018,0.0037,0.5909,0.3720,0.0306
BMHFFIJJ_02551,Cytoplasmic,0.0002,0.0038,0.9209,0.0037,0.0705,0.0009
BMHFFIJJ_02552,Cytoplasmic Membrane,0.0001,0.0006,0.0001,0.9958,0.0034,0.0000
BMHFFIJJ_02553,Cytoplasmic,0.0014,0.0419,0.9425,0.0007,0.0126,0.0010
BMHFFIJJ_02554,Cytoplasmic,0.0002,0.0269,0.9235,0.0086,0.0110,0.0299
BMHFFIJJ_02555,Cytoplasmic,0.0035,0.2965,0.6408,0.0024,0.0497,0.0070
BMHFFIJJ_02556,Outer Membrane,0.0000,0.0000,0.0001,0.0020,0.9977,0.0002
BMHFFIJJ_02557,Cytoplasmic Membrane,0.0000,0.0016,0.0000,0.9972,0.0009,0.0003
BMHFFIJJ_02558,Cytoplasmic Membrane,0.0000,0.0001,0.0000,0.9982,0.0016,0.0000
BMHFFIJJ_02559,Cytoplasmic,0.0002,0.0157,0.9220,0.0257,0.0361,0.0003
BMHFFIJJ_02560,Cytoplasmic,0.0000,0.0005,0.9908,0.0016,0.0071,0.0000
BMHFFIJJ_02561,Outer Membrane,0.0002,0.0028,0.3699,0.0181,0.4398,0.1692
BMHFFIJJ_02562,Cytoplasmic Membrane,0.0001,0.0163,0.0005,0.9748,0.0084,0.0000
BMHFFIJJ_02563,Cytoplasmic Membrane,0.0000,0.0001,0.0001,0.9973,0.0025,0.0000
BMHFFIJJ_02564,Cytoplasmic,0.0001,0.0035,0.9687,0.0018,0.0257,0.0002
BMHFFIJJ_02565,Outer Membrane,0.0001,0.0013,0.4888,0.0003,0.5036,0.0060
BMHFFIJJ_02566,Cytoplasmic,0.0000,0.0003,0.9893,0.0023,0.0078,0.0003
BMHFFIJJ_02567,Cytoplasmic,0.0000,0.0003,0.9390,0.0559,0.0039,0.0009
BMHFFIJJ_02568,Cytoplasmic,0.0001,0.0008,0.9756,0.0004,0.0215,0.0015
BMHFFIJJ_02570,Cytoplasmic,0.0000,0.4320,0.5273,0.0072,0.0332,0.0003
BMHFFIJJ_02571,Cytoplasmic,0.0007,0.2726,0.7102,0.0005,0.0140,0.0021
BMHFFIJJ_02572,Cytoplasmic,0.0012,0.3988,0.5670,0.0168,0.0157,0.0005
BMHFFIJJ_02573,Cytoplasmic,0.0006,0.0044,0.9822,0.0012,0.0112,0.0004
BMHFFIJJ_02574,Cytoplasmic,0.0000,0.0011,0.9828,0.0059,0.0101,0.0001
BMHFFIJJ_02575,Cytoplasmic,0.0005,0.1076,0.8877,0.0003,0.0023,0.0015
BMHFFIJJ_02576,Cytoplasmic,0.0010,0.0029,0.9507,0.0034,0.0420,0.0001
BMHFFIJJ_02577,Cytoplasmic,0.0153,0.0659,0.8229,0.0075,0.0856,0.0027
BMHFFIJJ_02578,Cytoplasmic Membrane,0.0026,0.0112,0.0858,0.7950,0.1018,0.0036
BMHFFIJJ_02579,Cytoplasmic,0.0003,0.0034,0.9885,0.0034,0.0043,0.0000
BMHFFIJJ_02580,Cytoplasmic,0.0039,0.0415,0.9097,0.0140,0.0298,0.0011
BMHFFIJJ_02581,Cytoplasmic,0.0012,0.2681,0.5653,0.1206,0.0444,0.0005
BMHFFIJJ_02582,Outer Membrane,0.0014,0.0208,0.0004,0.0374,0.9398,0.0001
BMHFFIJJ_02583,Outer Membrane,0.0000,0.0000,0.0000,0.0035,0.9964,0.0000
BMHFFIJJ_02584,Outer Membrane,0.0005,0.0039,0.0073,0.2128,0.7689,0.0067
BMHFFIJJ_02585,Outer Membrane,0.0002,0.2176,0.0000,0.0447,0.7366,0.0008
BMHFFIJJ_02586,Cytoplasmic,0.0007,0.2726,0.7102,0.0005,0.0140,0.0021
BMHFFIJJ_02587,Cytoplasmic,0.0002,0.0285,0.9412,0.0244,0.0056,0.0001
BMHFFIJJ_02588,Cytoplasmic,0.0000,0.0005,0.9653,0.0246,0.0096,0.0001
BMHFFIJJ_02589,Cytoplasmic,0.0000,0.0011,0.8937,0.0947,0.0104,0.0001
BMHFFIJJ_02590,Cytoplasmic,0.0021,0.0615,0.8945,0.0204,0.0192,0.0023
BMHFFIJJ_02591,Cytoplasmic,0.0032,0.0025,0.8144,0.0065,0.1728,0.0006
BMHFFIJJ_02592,Cytoplasmic,0.0028,0.0528,0.8891,0.0233,0.0303,0.0017
BMHFFIJJ_02593,Cytoplasmic Membrane,0.0010,0.2862,0.3076,0.3707,0.0338,0.0008
BMHFFIJJ_02594,Cytoplasmic,0.0003,0.0092,0.9498,0.0300,0.0096,0.0009
BMHFFIJJ_02595,Cytoplasmic,0.0001,0.0009,0.9250,0.0018,0.0720,0.0003
BMHFFIJJ_02596,Cytoplasmic,0.0000,0.0006,0.9037,0.0905,0.0051,0.0001
BMHFFIJJ_02597,Cytoplasmic,0.0019,0.0902,0.8069,0.0545,0.0394,0.0071
BMHFFIJJ_02598,Cytoplasmic,0.0007,0.3924,0.5376,0.0633,0.0055,0.0006
BMHFFIJJ_02599,Cytoplasmic,0.0134,0.0310,0.8130,0.0816,0.0608,0.0003
BMHFFIJJ_02600,Cytoplasmic,0.0003,0.0693,0.8723,0.0008,0.0295,0.0278
BMHFFIJJ_02601,Extracellular,0.0000,0.5306,0.4655,0.0015,0.0024,0.0000
BMHFFIJJ_02602,Cytoplasmic Membrane,0.0001,0.0042,0.0008,0.9830,0.0110,0.0009
BMHFFIJJ_02603,Cytoplasmic Membrane,0.0007,0.0028,0.4762,0.4844,0.0342,0.0017
BMHFFIJJ_02604,Cytoplasmic,0.0001,0.0026,0.9942,0.0004,0.0024,0.0003
BMHFFIJJ_02605,Cytoplasmic,0.0006,0.0723,0.8313,0.0951,0.0007,0.0000
BMHFFIJJ_02606,Outer Membrane,0.0000,0.0000,0.0000,0.0002,0.9998,0.0000
BMHFFIJJ_02607,Periplasmic,0.0001,0.0056,0.0002,0.0243,0.0239,0.9459
BMHFFIJJ_02608,Cytoplasmic Membrane,0.0000,0.0000,0.0000,0.9998,0.0001,0.0000
BMHFFIJJ_02609,Cytoplasmic,0.0001,0.3599,0.5006,0.0009,0.1384,0.0001
BMHFFIJJ_02610,Cytoplasmic,0.0000,0.0022,0.6041,0.0006,0.3918,0.0012
BMHFFIJJ_02611,Cytoplasmic,0.0002,0.2349,0.6902,0.0018,0.0727,0.0003
BMHFFIJJ_02612,Outer Membrane,0.0000,0.0000,0.0000,0.0141,0.9859,0.0000
BMHFFIJJ_02613,Cytoplasmic,0.0001,0.0001,0.9659,0.0310,0.0018,0.0010
BMHFFIJJ_02614,Cytoplasmic,0.0000,0.0414,0.9581,0.0003,0.0001,0.0001
BMHFFIJJ_02615,Cytoplasmic Membrane,0.0000,0.0000,0.0000,0.9972,0.0027,0.0000
BMHFFIJJ_02616,Cytoplasmic,0.0000,0.0000,0.9968,0.0001,0.0030,0.0001
BMHFFIJJ_02617,Cytoplasmic Membrane,0.0000,0.0000,0.0022,0.9969,0.0009,0.0000
BMHFFIJJ_02618,Cytoplasmic,0.0002,0.1573,0.7425,0.0047,0.0833,0.0120
BMHFFIJJ_02619,Cytoplasmic,0.0000,0.0000,0.9962,0.0002,0.0035,0.0002
BMHFFIJJ_02620,Cytoplasmic Membrane,0.0000,0.0771,0.1670,0.6974,0.0577,0.0008
BMHFFIJJ_02621,Cytoplasmic,0.0002,0.0010,0.9956,0.0012,0.0015,0.0005
BMHFFIJJ_02622,Cytoplasmic,0.0000,0.0000,0.9518,0.0025,0.0456,0.0001
BMHFFIJJ_02623,Cytoplasmic,0.0011,0.0004,0.9755,0.0040,0.0189,0.0001
BMHFFIJJ_02624,Cytoplasmic,0.0009,0.0021,0.8920,0.0025,0.1023,0.0001
BMHFFIJJ_02629,Cytoplasmic,0.0000,0.0000,0.9927,0.0009,0.0063,0.0001
BMHFFIJJ_02631,Cytoplasmic Membrane,0.0000,0.0001,0.0000,0.9988,0.0011,0.0000
BMHFFIJJ_02632,Cytoplasmic,0.0000,0.0000,0.9901,0.0007,0.0091,0.0001
BMHFFIJJ_02633,Outer Membrane,0.0001,0.0016,0.4222,0.0007,0.5746,0.0008
BMHFFIJJ_02634,Outer Membrane,0.0001,0.0002,0.3143,0.0015,0.6820,0.0019
BMHFFIJJ_02635,Outer Membrane,0.0002,0.0881,0.2231,0.0049,0.6804,0.0033
BMHFFIJJ_02636,Cytoplasmic,0.0007,0.0260,0.6682,0.0382,0.2231,0.0439
BMHFFIJJ_02637,Cytoplasmic,0.0008,0.0084,0.5433,0.0115,0.4352,0.0009
BMHFFIJJ_02638,Cytoplasmic,0.0016,0.0051,0.8538,0.0112,0.1271,0.0012
BMHFFIJJ_02639,Cytoplasmic,0.0001,0.0261,0.9602,0.0022,0.0106,0.0007
BMHFFIJJ_02640,Cytoplasmic,0.0022,0.0021,0.6570,0.0577,0.2791,0.0019
BMHFFIJJ_02641,Outer Membrane,0.0000,0.0001,0.0408,0.0004,0.9585,0.0003
BMHFFIJJ_02642,Cytoplasmic,0.0000,0.0001,0.9783,0.0007,0.0207,0.0002
BMHFFIJJ_02643,Cytoplasmic,0.0007,0.0038,0.6023,0.0148,0.3778,0.0006
BMHFFIJJ_02644,Outer Membrane,0.0000,0.0000,0.1840,0.0000,0.8159,0.0001
BMHFFIJJ_02645,Outer Membrane,0.0000,0.0000,0.0075,0.0001,0.9923,0.0000
BMHFFIJJ_02646,Outer Membrane,0.0001,0.0000,0.2636,0.0009,0.7341,0.0012
BMHFFIJJ_02647,Outer Membrane,0.0000,0.0000,0.0430,0.0001,0.9568,0.0001
BMHFFIJJ_02648,Cytoplasmic,0.0005,0.1493,0.6607,0.0251,0.1618,0.0026
BMHFFIJJ_02649,Outer Membrane,0.0008,0.0005,0.3527,0.0170,0.6234,0.0056
BMHFFIJJ_02650,Outer Membrane,0.0001,0.0002,0.1134,0.0010,0.8842,0.0011
BMHFFIJJ_02651,Outer Membrane,0.0003,0.0003,0.2839,0.0005,0.7145,0.0005
BMHFFIJJ_02652,Cytoplasmic,0.0001,0.0003,0.9875,0.0005,0.0115,0.0002
BMHFFIJJ_02653,Cytoplasmic,0.0000,0.0000,0.7002,0.0000,0.2997,0.0000
BMHFFIJJ_02654,Outer Membrane,0.0000,0.0010,0.0473,0.0003,0.9512,0.0002
BMHFFIJJ_02655,Cytoplasmic,0.0000,0.0000,0.7553,0.0001,0.2441,0.0006
BMHFFIJJ_02656,Outer Membrane,0.0002,0.0003,0.1470,0.0017,0.8480,0.0028
BMHFFIJJ_02657,Cytoplasmic,0.0000,0.0001,0.6295,0.0001,0.3698,0.0005
BMHFFIJJ_02658,Outer Membrane,0.0000,0.0002,0.2451,0.0003,0.7537,0.0007
BMHFFIJJ_02659,Outer Membrane,0.0001,0.0005,0.0267,0.0016,0.9703,0.0008
BMHFFIJJ_02660,Outer Membrane,0.0000,0.0000,0.3744,0.0000,0.6254,0.0002
BMHFFIJJ_02661,Cytoplasmic,0.0001,0.0001,0.8082,0.0004,0.1910,0.0002
BMHFFIJJ_02662,Outer Membrane,0.0003,0.0001,0.4064,0.0003,0.5927,0.0002
BMHFFIJJ_02663,Outer Membrane,0.0000,0.0000,0.0017,0.0000,0.9982,0.0000
BMHFFIJJ_02664,Cytoplasmic Membrane,0.0000,0.0000,0.0000,0.9997,0.0003,0.0000
BMHFFIJJ_02665,Cytoplasmic,0.0001,0.0005,0.9910,0.0012,0.0070,0.0001
BMHFFIJJ_02666,Cytoplasmic,0.0000,0.0003,0.9888,0.0002,0.0100,0.0006
BMHFFIJJ_02667,Outer Membrane,0.0000,0.0001,0.1371,0.0014,0.8601,0.0013
BMHFFIJJ_02668,Outer Membrane,0.0000,0.0001,0.2363,0.0008,0.7627,0.0001
BMHFFIJJ_02669,Outer Membrane,0.0006,0.0005,0.4587,0.0088,0.5274,0.0041
BMHFFIJJ_02670,Outer Membrane,0.0000,0.0000,0.2375,0.0003,0.7621,0.0001
BMHFFIJJ_02671,Cytoplasmic,0.0001,0.0010,0.6675,0.0054,0.3258,0.0001
BMHFFIJJ_02672,Outer Membrane,0.0001,0.0000,0.1719,0.0002,0.8277,0.0000
BMHFFIJJ_02673,Cytoplasmic,0.0036,0.1133,0.8377,0.0115,0.0303,0.0036
BMHFFIJJ_02674,Cytoplasmic,0.0004,0.0308,0.8753,0.0209,0.0468,0.0259
BMHFFIJJ_02675,Cytoplasmic,0.0070,0.1670,0.6782,0.0011,0.1446,0.0021
BMHFFIJJ_02676,Cytoplasmic,0.0005,0.0436,0.8643,0.0030,0.0829,0.0057
BMHFFIJJ_02677,Cytoplasmic,0.0015,0.1464,0.6894,0.0002,0.1534,0.0091
BMHFFIJJ_02678,Cytoplasmic,0.0001,0.3424,0.5901,0.0010,0.0628,0.0036
BMHFFIJJ_02679,Extracellular,0.0057,0.9101,0.0232,0.0239,0.0339,0.0032
BMHFFIJJ_02680,Cytoplasmic Membrane,0.0000,0.0065,0.0003,0.8946,0.0984,0.0002
BMHFFIJJ_02681,Periplasmic,0.0056,0.3546,0.0854,0.0029,0.0178,0.5337
BMHFFIJJ_02682,Outer Membrane,0.0003,0.0149,0.0001,0.0152,0.9674,0.0020
BMHFFIJJ_02683,Outer Membrane,0.0008,0.2426,0.0099,0.0297,0.6640,0.0531
BMHFFIJJ_02684,Outer Membrane,0.0000,0.0000,0.0002,0.0006,0.9992,0.0000
BMHFFIJJ_02685,Outer Membrane,0.0105,0.2606,0.0233,0.0575,0.6445,0.0036
BMHFFIJJ_02686,Cytoplasmic Membrane,0.0001,0.0009,0.0005,0.9884,0.0100,0.0000
BMHFFIJJ_02687,Cytoplasmic,0.0000,0.0000,0.9859,0.0131,0.0009,0.0001
BMHFFIJJ_02688,Outer Membrane,0.0000,0.0000,0.0000,0.0018,0.9981,0.0001
BMHFFIJJ_02689,Outer Membrane,0.0000,0.0001,0.0000,0.4202,0.5786,0.0011
BMHFFIJJ_02690,Cytoplasmic Membrane,0.0000,0.0000,0.0000,0.9998,0.0002,0.0000
BMHFFIJJ_02691,Cytoplasmic,0.0000,0.0002,0.9931,0.0029,0.0031,0.0007
BMHFFIJJ_02692,Cytoplasmic,0.0003,0.0046,0.9515,0.0071,0.0364,0.0001
BMHFFIJJ_02693,Cytoplasmic,0.0011,0.1578,0.7463,0.0585,0.0330,0.0033
BMHFFIJJ_02694,Extracellular,0.0038,0.7518,0.0016,0.0012,0.2378,0.0037
BMHFFIJJ_02695,Outer Membrane,0.0028,0.3135,0.0006,0.0162,0.6665,0.0003
BMHFFIJJ_02696,Outer Membrane,0.0015,0.0519,0.0442,0.0561,0.8421,0.0042
BMHFFIJJ_02697,Outer Membrane,0.0002,0.0007,0.0048,0.0961,0.8953,0.0030
BMHFFIJJ_02698,Cytoplasmic Membrane,0.0003,0.0111,0.0087,0.9235,0.0388,0.0175
BMHFFIJJ_02699,Cytoplasmic,0.0060,0.1123,0.5670,0.1163,0.0808,0.1176
BMHFFIJJ_02700,Cytoplasmic Membrane,0.0000,0.0000,0.0003,0.9985,0.0011,0.0000
BMHFFIJJ_02701,Cytoplasmic,0.0001,0.0030,0.9774,0.0025,0.0109,0.0061
BMHFFIJJ_02707,Extracellular,0.0000,0.9864,0.0089,0.0001,0.0044,0.0001
BMHFFIJJ_02708,Cytoplasmic Membrane,0.0000,0.2282,0.0004,0.7542,0.0167,0.0003
BMHFFIJJ_02709,Extracellular,0.0000,0.5628,0.3832,0.0172,0.0367,0.0001
BMHFFIJJ_02710,Cytoplasmic Membrane,0.0001,0.0124,0.0002,0.9749,0.0119,0.0006
BMHFFIJJ_02711,Outer Membrane,0.0000,0.0006,0.0002,0.4767,0.5188,0.0037
BMHFFIJJ_02712,Periplasmic,0.0009,0.0059,0.1089,0.1363,0.2795,0.4685
BMHFFIJJ_02713,Periplasmic,0.0094,0.0364,0.0035,0.0434,0.1743,0.7330
BMHFFIJJ_02715,Cytoplasmic,0.0032,0.3462,0.5819,0.0245,0.0298,0.0145
BMHFFIJJ_02716,Cytoplasmic,0.0005,0.0032,0.9279,0.0353,0.0323,0.0007
BMHFFIJJ_02717,Cytoplasmic,0.0000,0.4724,0.4883,0.0190,0.0200,0.0002
BMHFFIJJ_02718,Cytoplasmic,0.0006,0.0854,0.7986,0.0429,0.0720,0.0006
BMHFFIJJ_02719,Extracellular,0.0001,0.7069,0.2908,0.0007,0.0014,0.0001
BMHFFIJJ_02720,Cytoplasmic,0.0012,0.3133,0.5560,0.0954,0.0333,0.0009
BMHFFIJJ_02721,Cytoplasmic,0.0022,0.3201,0.6011,0.0275,0.0159,0.0333
BMHFFIJJ_02722,Cytoplasmic,0.0023,0.0310,0.8925,0.0428,0.0306,0.0009
BMHFFIJJ_02723,Cytoplasmic,0.0023,0.3624,0.6050,0.0017,0.0285,0.0001
BMHFFIJJ_02724,Cytoplasmic,0.0000,0.0013,0.9918,0.0052,0.0015,0.0001
BMHFFIJJ_02725,Cytoplasmic,0.0000,0.0001,0.9988,0.0003,0.0008,0.0000
BMHFFIJJ_02726,Cytoplasmic,0.0000,0.0004,0.9966,0.0020,0.0011,0.0000
BMHFFIJJ_02727,Cytoplasmic,0.0013,0.0033,0.8450,0.0170,0.1324,0.0009
BMHFFIJJ_02728,Cytoplasmic,0.0005,0.0016,0.9519,0.0138,0.0313,0.0010
BMHFFIJJ_02729,Cytoplasmic,0.0001,0.0327,0.9184,0.0112,0.0374,0.0002
BMHFFIJJ_02730,Extracellular,0.0066,0.5609,0.0912,0.0085,0.0710,0.2619
BMHFFIJJ_02731,Cytoplasmic,0.0001,0.0016,0.9569,0.0008,0.0014,0.0392
BMHFFIJJ_02732,Cytoplasmic Membrane,0.0004,0.0168,0.0010,0.9654,0.0163,0.0001
BMHFFIJJ_02733,Cytoplasmic,0.0002,0.4515,0.4805,0.0357,0.0307,0.0014
BMHFFIJJ_02734,Cytoplasmic,0.0027,0.1991,0.6983,0.0382,0.0501,0.0116
BMHFFIJJ_02735,Cytoplasmic,0.0013,0.1903,0.7238,0.0613,0.0190,0.0042
BMHFFIJJ_02736,Cytoplasmic,0.0005,0.0613,0.9029,0.0163,0.0187,0.0003
BMHFFIJJ_02737,Cytoplasmic,0.0000,0.0005,0.9590,0.0003,0.0391,0.0010
BMHFFIJJ_02738,Cytoplasmic,0.0001,0.0043,0.9803,0.0015,0.0039,0.0098
BMHFFIJJ_02739,Cytoplasmic,0.0001,0.0047,0.9800,0.0090,0.0045,0.0016
BMHFFIJJ_02740,Cytoplasmic,0.0002,0.0205,0.7818,0.0824,0.1148,0.0004
BMHFFIJJ_02741,Periplasmic,0.0001,0.0186,0.0004,0.0020,0.4210,0.5579
BMHFFIJJ_02742,Cytoplasmic,0.0166,0.0498,0.6945,0.1940,0.0290,0.0161
BMHFFIJJ_02743,Cytoplasmic,0.0000,0.0430,0.9125,0.0074,0.0111,0.0260
BMHFFIJJ_02744,Cytoplasmic,0.0005,0.0041,0.8873,0.0227,0.0845,0.0009
BMHFFIJJ_02745,Cytoplasmic Membrane,0.0003,0.0049,0.0004,0.9797,0.0138,0.0009
BMHFFIJJ_02746,Cytoplasmic,0.0001,0.0448,0.7944,0.0007,0.0404,0.1196
BMHFFIJJ_02747,Cytoplasmic,0.0004,0.1282,0.4967,0.2317,0.1200,0.0229
BMHFFIJJ_02748,Outer Membrane,0.0031,0.0457,0.0008,0.0022,0.9470,0.0011
BMHFFIJJ_02749,Periplasmic,0.0016,0.0268,0.0287,0.0145,0.3648,0.5635
BMHFFIJJ_02750,Cytoplasmic Membrane,0.0001,0.0001,0.0039,0.9444,0.0490,0.0024
BMHFFIJJ_02751,Cytoplasmic Membrane,0.0003,0.0012,0.0018,0.9816,0.0151,0.0000
BMHFFIJJ_02752,Cytoplasmic,0.0000,0.0001,0.9900,0.0010,0.0089,0.0000
BMHFFIJJ_02753,Cytoplasmic,0.0028,0.1258,0.7347,0.0503,0.0851,0.0013
BMHFFIJJ_02754,Cytoplasmic,0.0010,0.0524,0.9352,0.0067,0.0038,0.0008
BMHFFIJJ_02755,Cytoplasmic,0.0038,0.3975,0.5720,0.0141,0.0118,0.0007
BMHFFIJJ_02756,Cytoplasmic,0.0030,0.0125,0.7366,0.0022,0.2402,0.0056
BMHFFIJJ_02758,Cytoplasmic Membrane,0.0000,0.0001,0.0000,0.9996,0.0003,0.0000
BMHFFIJJ_02759,Cytoplasmic Membrane,0.0005,0.0935,0.0123,0.7365,0.0718,0.0854
BMHFFIJJ_02760,Cytoplasmic Membrane,0.0000,0.0000,0.0000,0.9999,0.0000,0.0000
BMHFFIJJ_02761,Cytoplasmic,0.0007,0.0669,0.8860,0.0071,0.0355,0.0038
BMHFFIJJ_02762,Cytoplasmic,0.0001,0.0031,0.6510,0.0051,0.3171,0.0236
BMHFFIJJ_02763,Cytoplasmic,0.0005,0.0223,0.6189,0.1136,0.1496,0.0951
BMHFFIJJ_02764,Cytoplasmic,0.0002,0.1860,0.7125,0.0146,0.0862,0.0005
BMHFFIJJ_02765,Cytoplasmic,0.0000,0.0001,0.9726,0.0003,0.0219,0.0052
BMHFFIJJ_02766,Cytoplasmic,0.0003,0.0013,0.9779,0.0008,0.0196,0.0001
BMHFFIJJ_02767,Outer Membrane,0.0048,0.0205,0.0108,0.1094,0.8074,0.0472
BMHFFIJJ_02768,Cytoplasmic,0.0000,0.0000,0.9842,0.0017,0.0138,0.0003
BMHFFIJJ_02769,Cytoplasmic,0.0002,0.0027,0.9805,0.0047,0.0117,0.0003
BMHFFIJJ_02770,Cytoplasmic,0.0001,0.0023,0.9837,0.0086,0.0049,0.0003
BMHFFIJJ_02771,Cytoplasmic,0.0000,0.0006,0.9946,0.0026,0.0007,0.0015
BMHFFIJJ_02772,Outer Membrane,0.0003,0.0037,0.0010,0.4454,0.5270,0.0225
BMHFFIJJ_02773,Cytoplasmic,0.0000,0.0002,0.9918,0.0008,0.0071,0.0001
BMHFFIJJ_02774,Cytoplasmic Membrane,0.0000,0.0017,0.0009,0.9959,0.0014,0.0000
BMHFFIJJ_02775,Cytoplasmic Membrane,0.0000,0.0243,0.0000,0.9745,0.0012,0.0000
BMHFFIJJ_02776,Cytoplasmic,0.0000,0.0001,0.9997,0.0001,0.0001,0.0000
BMHFFIJJ_02777,Cytoplasmic,0.0001,0.0010,0.9951,0.0016,0.0021,0.0002
BMHFFIJJ_02778,Cytoplasmic Membrane,0.0000,0.0000,0.0000,0.9991,0.0009,0.0000
BMHFFIJJ_02779,Cytoplasmic,0.0000,0.0056,0.9887,0.0002,0.0007,0.0048
BMHFFIJJ_02780,Cytoplasmic Membrane,0.0000,0.0000,0.0000,0.9999,0.0001,0.0000
BMHFFIJJ_02781,Cytoplasmic,0.0005,0.0058,0.7471,0.1197,0.1263,0.0006
BMHFFIJJ_02782,Periplasmic,0.0029,0.1064,0.0133,0.0404,0.3109,0.5261
BMHFFIJJ_02783,Cytoplasmic,0.0000,0.0005,0.9904,0.0003,0.0083,0.0004
BMHFFIJJ_02784,Cytoplasmic,0.0004,0.0035,0.9306,0.0401,0.0246,0.0007
BMHFFIJJ_02785,Cytoplasmic Membrane,0.0000,0.0000,0.0001,0.9995,0.0004,0.0000
BMHFFIJJ_02786,Cytoplasmic,0.0000,0.0002,0.9926,0.0007,0.0013,0.0052
BMHFFIJJ_02787,Cytoplasmic,0.0002,0.0030,0.8872,0.0012,0.0497,0.0587
BMHFFIJJ_02788,Cytoplasmic,0.0002,0.0005,0.9944,0.0019,0.0021,0.0008
BMHFFIJJ_02789,Cytoplasmic,0.0001,0.1834,0.7466,0.0029,0.0668,0.0002
BMHFFIJJ_02790,Outer Membrane,0.0000,0.0000,0.0000,0.0424,0.9576,0.0000
BMHFFIJJ_02791,Cytoplasmic,0.0004,0.0019,0.9660,0.0069,0.0242,0.0006
BMHFFIJJ_02792,Cytoplasmic Membrane,0.0000,0.0001,0.0000,0.9983,0.0016,0.0000
BMHFFIJJ_02793,Cytoplasmic,0.0006,0.0019,0.9661,0.0037,0.0228,0.0048
BMHFFIJJ_02794,Cytoplasmic,0.0002,0.0033,0.8708,0.0462,0.0689,0.0107
BMHFFIJJ_02795,Cytoplasmic,0.0010,0.0189,0.8358,0.0615,0.0824,0.0003
BMHFFIJJ_02796,Cytoplasmic Membrane,0.0007,0.2659,0.0122,0.6200,0.1010,0.0001
BMHFFIJJ_02797,Cytoplasmic,0.0049,0.0186,0.8485,0.0481,0.0794,0.0004
BMHFFIJJ_02798,Extracellular,0.0079,0.5934,0.2805,0.0309,0.0860,0.0013
BMHFFIJJ_02799,Cytoplasmic,0.0010,0.0530,0.8582,0.0067,0.0811,0.0001
BMHFFIJJ_02800,Cytoplasmic,0.0070,0.0174,0.7983,0.0106,0.1661,0.0005
BMHFFIJJ_02801,Cytoplasmic,0.0044,0.0060,0.9187,0.0106,0.0594,0.0009
BMHFFIJJ_02802,Cytoplasmic,0.0004,0.2170,0.7530,0.0012,0.0283,0.0000
BMHFFIJJ_02803,Cytoplasmic,0.0012,0.0056,0.9384,0.0322,0.0217,0.0008
BMHFFIJJ_02804,Cytoplasmic,0.0001,0.0001,0.9861,0.0022,0.0113,0.0001
BMHFFIJJ_02805,Outer Membrane,0.0030,0.0207,0.0230,0.0024,0.7244,0.2265
BMHFFIJJ_02806,Extracellular,0.0667,0.5301,0.0013,0.0001,0.4006,0.0013
BMHFFIJJ_02807,Outer Membrane,0.0000,0.0000,0.0001,0.0018,0.9980,0.0001
BMHFFIJJ_02808,Cytoplasmic Membrane,0.0000,0.0056,0.0001,0.9687,0.0253,0.0002
BMHFFIJJ_02809,Cytoplasmic Membrane,0.0000,0.0000,0.0000,0.9998,0.0002,0.0000
BMHFFIJJ_02810,Cytoplasmic Membrane,0.0000,0.0001,0.0000,0.9980,0.0019,0.0000
BMHFFIJJ_02811,Cytoplasmic Membrane,0.0004,0.0010,0.2311,0.7416,0.0255,0.0004
BMHFFIJJ_02812,Cytoplasmic,0.0000,0.0001,0.9941,0.0009,0.0048,0.0001
BMHFFIJJ_02813,Cytoplasmic Membrane,0.0002,0.0235,0.2241,0.6685,0.0778,0.0059
BMHFFIJJ_02814,Outer Membrane,0.0000,0.0000,0.1572,0.0002,0.8424,0.0002
BMHFFIJJ_02815,Outer Membrane,0.0002,0.0030,0.0011,0.2928,0.6548,0.0481
BMHFFIJJ_02816,Outer Membrane,0.0079,0.1494,0.0253,0.0390,0.6381,0.1402
BMHFFIJJ_02817,Periplasmic,0.0095,0.1453,0.0388,0.0096,0.0589,0.7378
BMHFFIJJ_02818,Outer Membrane,0.0000,0.0000,0.0000,0.0127,0.9872,0.0000
BMHFFIJJ_02819,Outer Membrane,0.0003,0.0029,0.0003,0.0304,0.9657,0.0004
BMHFFIJJ_02820,Cytoplasmic,0.0009,0.0011,0.9915,0.0039,0.0023,0.0002
BMHFFIJJ_02821,Cytoplasmic,0.0005,0.0019,0.8117,0.1045,0.0637,0.0177
BMHFFIJJ_02822,Cytoplasmic,0.0000,0.2299,0.6718,0.0783,0.0197,0.0003
BMHFFIJJ_02823,Cytoplasmic,0.0000,0.2282,0.7316,0.0057,0.0343,0.0001
BMHFFIJJ_02824,Outer Membrane,0.0000,0.0000,0.0000,0.0002,0.9998,0.0000
BMHFFIJJ_02825,Outer Membrane,0.0002,0.3077,0.0000,0.0010,0.6895,0.0015
BMHFFIJJ_02826,Outer Membrane,0.0011,0.0748,0.0009,0.0430,0.8566,0.0236
BMHFFIJJ_02827,Outer Membrane,0.0006,0.0259,0.0011,0.0524,0.9179,0.0020
BMHFFIJJ_02828,Extracellular,0.0042,0.5176,0.0008,0.0070,0.4626,0.0078
BMHFFIJJ_02829,Outer Membrane,0.0057,0.1272,0.0038,0.0741,0.7607,0.0286
BMHFFIJJ_02830,Extracellular,0.0211,0.9343,0.0031,0.0011,0.0398,0.0007
BMHFFIJJ_02831,Periplasmic,0.0038,0.0288,0.0576,0.2030,0.2576,0.4492
BMHFFIJJ_02832,Outer Membrane,0.0006,0.0265,0.0006,0.0752,0.8962,0.0008
BMHFFIJJ_02833,Cytoplasmic,0.0005,0.1165,0.6959,0.1792,0.0069,0.0010
BMHFFIJJ_02834,Cytoplasmic,0.0015,0.3807,0.5535,0.0090,0.0542,0.0011
BMHFFIJJ_02835,Cytoplasmic,0.0039,0.1773,0.7356,0.0319,0.0508,0.0005
BMHFFIJJ_02836,Cytoplasmic,0.0001,0.4534,0.5347,0.0060,0.0023,0.0035
BMHFFIJJ_02837,Cytoplasmic,0.0005,0.3500,0.4684,0.1353,0.0450,0.0009
BMHFFIJJ_02838,Cytoplasmic,0.0005,0.1968,0.7631,0.0167,0.0213,0.0016
BMHFFIJJ_02839,Cytoplasmic,0.0002,0.3666,0.6207,0.0077,0.0046,0.0003
BMHFFIJJ_02840,Extracellular,0.0001,0.8400,0.1566,0.0002,0.0029,0.0001
BMHFFIJJ_02841,Cytoplasmic,0.0003,0.1394,0.8381,0.0190,0.0027,0.0006
BMHFFIJJ_02842,Extracellular,0.0002,0.5560,0.4259,0.0034,0.0138,0.0007
BMHFFIJJ_02843,Cytoplasmic,0.0002,0.3665,0.6226,0.0010,0.0096,0.0002
BMHFFIJJ_02844,Cytoplasmic,0.0014,0.2182,0.7396,0.0238,0.0165,0.0005
BMHFFIJJ_02845,Cytoplasmic,0.0018,0.3925,0.5810,0.0059,0.0180,0.0008
BMHFFIJJ_02846,Cytoplasmic,0.0004,0.2139,0.7154,0.0525,0.0170,0.0009
BMHFFIJJ_02847,Cytoplasmic,0.0001,0.0331,0.8489,0.1080,0.0090,0.0009
BMHFFIJJ_02848,Cytoplasmic,0.0009,0.0753,0.8145,0.0831,0.0238,0.0023
BMHFFIJJ_02849,Extracellular,0.0049,0.4332,0.1754,0.0340,0.2959,0.0567
BMHFFIJJ_02850,Outer Membrane,0.0002,0.0046,0.0001,0.0908,0.9008,0.0035
BMHFFIJJ_02851,Cytoplasmic,0.0006,0.0268,0.9551,0.0003,0.0169,0.0004
BMHFFIJJ_02852,Outer Membrane,0.0000,0.0000,0.0001,0.0139,0.9859,0.0001
BMHFFIJJ_02853,Periplasmic,0.0022,0.0203,0.0245,0.0393,0.3485,0.5651
BMHFFIJJ_02854,Cytoplasmic Membrane,0.0001,0.0053,0.0212,0.9539,0.0183,0.0012
BMHFFIJJ_02855,Cytoplasmic Membrane,0.0000,0.0005,0.0002,0.9897,0.0095,0.0001
BMHFFIJJ_02856,Cytoplasmic Membrane,0.0019,0.0227,0.0023,0.5900,0.3718,0.0113
BMHFFIJJ_02857,Cytoplasmic Membrane,0.0002,0.2383,0.0072,0.7191,0.0351,0.0002
BMHFFIJJ_02858,Extracellular,0.0026,0.7788,0.0016,0.0079,0.1989,0.0102
BMHFFIJJ_02859,Extracellular,0.0011,0.4956,0.4821,0.0157,0.0037,0.0019
BMHFFIJJ_02860,Cytoplasmic,0.0014,0.1125,0.6243,0.0955,0.1652,0.0011
BMHFFIJJ_02861,Cytoplasmic,0.0061,0.0096,0.8487,0.0269,0.1064,0.0023
BMHFFIJJ_02862,Cytoplasmic,0.0000,0.0043,0.7763,0.2031,0.0158,0.0006
BMHFFIJJ_02863,Cytoplasmic Membrane,0.0002,0.0058,0.0034,0.9697,0.0209,0.0000
BMHFFIJJ_02864,Cytoplasmic Membrane,0.0001,0.2656,0.0004,0.3648,0.2311,0.1380
BMHFFIJJ_02865,Cytoplasmic,0.0001,0.0049,0.9649,0.0172,0.0128,0.0001
BMHFFIJJ_02866,Cytoplasmic Membrane,0.0000,0.0002,0.0015,0.9960,0.0022,0.0001
BMHFFIJJ_02867,Cytoplasmic Membrane,0.0009,0.1018,0.0199,0.7842,0.0925,0.0008
BMHFFIJJ_02868,Cytoplasmic,0.0005,0.0423,0.9094,0.0127,0.0324,0.0026
BMHFFIJJ_02869,Cytoplasmic,0.0007,0.0455,0.6701,0.2280,0.0525,0.0033
BMHFFIJJ_02870,Cytoplasmic,0.0015,0.0036,0.9040,0.0108,0.0793,0.0008
BMHFFIJJ_02871,Cytoplasmic,0.0020,0.0502,0.8990,0.0065,0.0350,0.0073
BMHFFIJJ_02872,Cytoplasmic Membrane,0.0001,0.0025,0.0013,0.9858,0.0103,0.0001
BMHFFIJJ_02873,Cytoplasmic,0.0002,0.0346,0.9432,0.0122,0.0093,0.0004
BMHFFIJJ_02874,Cytoplasmic,0.0003,0.1202,0.8533,0.0147,0.0109,0.0006
BMHFFIJJ_02875,Cytoplasmic,0.0003,0.3456,0.6276,0.0143,0.0116,0.0006
BMHFFIJJ_02876,Cytoplasmic,0.0004,0.1941,0.7227,0.0461,0.0272,0.0096
BMHFFIJJ_02877,Extracellular,0.0081,0.4957,0.4004,0.0052,0.0806,0.0100
BMHFFIJJ_02878,Cytoplasmic,0.0014,0.0110,0.7341,0.0882,0.1650,0.0004
BMHFFIJJ_02879,Outer Membrane,0.0397,0.0355,0.2067,0.0230,0.6436,0.0516
BMHFFIJJ_02880,Cytoplasmic,0.0005,0.0084,0.9397,0.0114,0.0365,0.0034
BMHFFIJJ_02881,Cytoplasmic,0.0004,0.0102,0.9733,0.0061,0.0083,0.0017
BMHFFIJJ_02882,Cytoplasmic Membrane,0.0000,0.0632,0.0001,0.9279,0.0087,0.0000
BMHFFIJJ_02883,Cytoplasmic,0.0001,0.1602,0.6203,0.1968,0.0126,0.0100
BMHFFIJJ_02884,Cytoplasmic,0.0002,0.0062,0.9911,0.0003,0.0015,0.0007
BMHFFIJJ_02885,Cytoplasmic,0.0007,0.1640,0.4864,0.2649,0.0646,0.0194
BMHFFIJJ_02886,Cytoplasmic,0.0003,0.1643,0.6755,0.1435,0.0142,0.0023
BMHFFIJJ_02887,Cytoplasmic,0.0004,0.3588,0.4390,0.1441,0.0376,0.0201
BMHFFIJJ_02888,Cytoplasmic,0.0003,0.0134,0.7607,0.2052,0.0196,0.0009
BMHFFIJJ_02889,Cytoplasmic,0.0002,0.0007,0.9896,0.0061,0.0028,0.0005
BMHFFIJJ_02890,Cytoplasmic Membrane,0.0005,0.0019,0.0059,0.9690,0.0212,0.0015
BMHFFIJJ_02891,Extracellular,0.0044,0.7539,0.0260,0.0682,0.1415,0.0061
BMHFFIJJ_02892,Outer Membrane,0.0000,0.0000,0.0000,0.0392,0.9608,0.0000
BMHFFIJJ_02893,Outer Membrane,0.0005,0.2648,0.0002,0.0082,0.7233,0.0031
BMHFFIJJ_02894,Outer Membrane,0.0002,0.0018,0.0179,0.1050,0.8668,0.0084
BMHFFIJJ_02895,Cytoplasmic Membrane,0.0005,0.1950,0.0009,0.4952,0.3064,0.0019
BMHFFIJJ_02896,Outer Membrane,0.0000,0.0025,0.0000,0.0630,0.9346,0.0000
BMHFFIJJ_02897,Cytoplasmic Membrane,0.0001,0.2143,0.0957,0.5946,0.0945,0.0008
BMHFFIJJ_02898,Cytoplasmic,0.0001,0.0517,0.8451,0.0961,0.0069,0.0002
BMHFFIJJ_02899,Outer Membrane,0.0000,0.0000,0.0002,0.0040,0.9957,0.0001
BMHFFIJJ_02900,Cytoplasmic Membrane,0.0001,0.0141,0.0023,0.9766,0.0069,0.0001
BMHFFIJJ_02901,Cytoplasmic Membrane,0.0000,0.1668,0.0002,0.8304,0.0026,0.0001
BMHFFIJJ_02902,Cytoplasmic,0.0001,0.0299,0.9530,0.0101,0.0061,0.0008
BMHFFIJJ_02903,Cytoplasmic Membrane,0.0001,0.0003,0.0001,0.5975,0.3776,0.0244
BMHFFIJJ_02904,Cytoplasmic Membrane,0.0000,0.0000,0.0000,0.9999,0.0001,0.0000
BMHFFIJJ_02905,Outer Membrane,0.0000,0.0000,0.0002,0.0229,0.9764,0.0005
BMHFFIJJ_02906,Cytoplasmic Membrane,0.0000,0.0000,0.0002,0.9971,0.0024,0.0003
BMHFFIJJ_02907,Cytoplasmic,0.0003,0.0027,0.9404,0.0261,0.0300,0.0006
BMHFFIJJ_02908,Cytoplasmic,0.0000,0.0000,0.9953,0.0003,0.0044,0.0000
BMHFFIJJ_02909,Cytoplasmic,0.0001,0.0383,0.9307,0.0270,0.0026,0.0012
BMHFFIJJ_02910,Cytoplasmic,0.0001,0.0125,0.9833,0.0015,0.0026,0.0000
BMHFFIJJ_02911,Cytoplasmic,0.0001,0.0018,0.9925,0.0006,0.0049,0.0000
BMHFFIJJ_02912,Cytoplasmic,0.0001,0.0022,0.9954,0.0006,0.0018,0.0000
BMHFFIJJ_02913,Cytoplasmic,0.0055,0.0057,0.9334,0.0224,0.0300,0.0030
BMHFFIJJ_02914,Cytoplasmic,0.0003,0.0063,0.9766,0.0080,0.0081,0.0007
BMHFFIJJ_02915,Cytoplasmic,0.0013,0.4239,0.4256,0.0002,0.1481,0.0009
BMHFFIJJ_02916,Cytoplasmic,0.0001,0.4356,0.5478,0.0020,0.0143,0.0001
BMHFFIJJ_02917,Outer Membrane,0.0040,0.1250,0.0049,0.0212,0.5432,0.3017
BMHFFIJJ_02918,Extracellular,0.0012,0.6226,0.0043,0.0770,0.2942,0.0006
BMHFFIJJ_02919,Outer Membrane,0.0010,0.2851,0.0007,0.0123,0.6972,0.0038
BMHFFIJJ_02920,Outer Membrane,0.0000,0.0000,0.0001,0.0013,0.9986,0.0000
BMHFFIJJ_02921,Cytoplasmic Membrane,0.0021,0.1185,0.0295,0.7582,0.0913,0.0004
BMHFFIJJ_02922,Cytoplasmic Membrane,0.0016,0.0033,0.3478,0.5576,0.0896,0.0002
BMHFFIJJ_02923,Cytoplasmic Membrane,0.0011,0.0054,0.0212,0.9183,0.0535,0.0005
BMHFFIJJ_02924,Periplasmic,0.0071,0.0791,0.1268,0.0316,0.2276,0.5278
BMHFFIJJ_02925,Extracellular,0.0028,0.5110,0.0005,0.0004,0.4817,0.0036
BMHFFIJJ_02926,Outer Membrane,0.0020,0.3949,0.0003,0.0018,0.5996,0.0015
BMHFFIJJ_02927,Outer Membrane,0.0038,0.2626,0.0008,0.0089,0.7158,0.0082
BMHFFIJJ_02928,Outer Membrane,0.0023,0.0751,0.0030,0.0314,0.8850,0.0033
BMHFFIJJ_02929,Extracellular,0.0003,0.4753,0.0031,0.0077,0.4019,0.1116
BMHFFIJJ_02930,Outer Membrane,0.0000,0.0000,0.0000,0.0001,0.9999,0.0000
BMHFFIJJ_02931,Cytoplasmic,0.0001,0.3224,0.6350,0.0098,0.0322,0.0005
BMHFFIJJ_02932,Cytoplasmic Membrane,0.0004,0.0070,0.0017,0.9165,0.0612,0.0132
BMHFFIJJ_02933,Cytoplasmic,0.0017,0.0064,0.5663,0.3811,0.0433,0.0012
BMHFFIJJ_02934,Periplasmic,0.0011,0.2407,0.1130,0.0024,0.0773,0.5654
BMHFFIJJ_02935,Periplasmic,0.0000,0.0233,0.0191,0.0001,0.0129,0.9445
BMHFFIJJ_02936,Extracellular,0.0100,0.4526,0.1850,0.0134,0.2770,0.0621
BMHFFIJJ_02937,Cytoplasmic Membrane,0.0001,0.1805,0.1299,0.5828,0.1056,0.0012
BMHFFIJJ_02938,Periplasmic,0.0010,0.1122,0.0092,0.0118,0.2560,0.6099
BMHFFIJJ_02939,Extracellular,0.0134,0.8212,0.0006,0.0007,0.1600,0.0040
BMHFFIJJ_02940,Extracellular,0.0038,0.7467,0.0006,0.0007,0.1996,0.0486
BMHFFIJJ_02941,Periplasmic,0.0003,0.0428,0.0259,0.0022,0.1628,0.7660
BMHFFIJJ_02942,Cytoplasmic,0.0001,0.4609,0.4740,0.0004,0.0646,0.0001
BMHFFIJJ_02943,Periplasmic,0.0004,0.0293,0.0284,0.0003,0.0585,0.8831
BMHFFIJJ_02944,Outer Membrane,0.0000,0.0003,0.0001,0.0004,0.9992,0.0000
BMHFFIJJ_02945,Outer Membrane,0.0009,0.3265,0.0063,0.0200,0.6212,0.0252
BMHFFIJJ_02946,Outer Membrane,0.0019,0.2998,0.0037,0.0091,0.6221,0.0634
BMHFFIJJ_02947,Outer Membrane,0.0042,0.3913,0.0005,0.0021,0.6001,0.0018
BMHFFIJJ_02948,Outer Membrane,0.0031,0.3054,0.0015,0.0048,0.6729,0.0123
BMHFFIJJ_02949,Periplasmic,0.0001,0.0063,0.0030,0.0015,0.0124,0.9768
BMHFFIJJ_02950,Cytoplasmic Membrane,0.0000,0.2215,0.2658,0.4824,0.0300,0.0003
BMHFFIJJ_02951,Cytoplasmic,0.0033,0.3865,0.5814,0.0158,0.0124,0.0006
BMHFFIJJ_02952,Cytoplasmic,0.0010,0.0524,0.9352,0.0067,0.0038,0.0008
BMHFFIJJ_02954,Cytoplasmic,0.0003,0.0008,0.9902,0.0055,0.0029,0.0003
BMHFFIJJ_02955,Cytoplasmic,0.0000,0.0007,0.9826,0.0013,0.0151,0.0002
BMHFFIJJ_02956,Cytoplasmic Membrane,0.0003,0.0014,0.1217,0.8712,0.0052,0.0002
BMHFFIJJ_02957,Cytoplasmic Membrane,0.0000,0.0101,0.0005,0.9712,0.0182,0.0000
BMHFFIJJ_02958,Outer Membrane,0.0003,0.0061,0.0898,0.1191,0.4966,0.2881
BMHFFIJJ_02959,Cytoplasmic Membrane,0.0004,0.0010,0.0101,0.9123,0.0757,0.0006
BMHFFIJJ_02960,Cytoplasmic Membrane,0.0000,0.0000,0.0000,0.9999,0.0001,0.0000
BMHFFIJJ_02961,Cytoplasmic Membrane,0.0016,0.0056,0.4382,0.4961,0.0582,0.0004
BMHFFIJJ_02962,Cytoplasmic Membrane,0.0010,0.0025,0.0030,0.9113,0.0762,0.0060
BMHFFIJJ_02963,Cytoplasmic,0.0002,0.2226,0.5117,0.1969,0.0683,0.0005
BMHFFIJJ_02964,Outer Membrane,0.0000,0.0000,0.0000,0.0002,0.9998,0.0000
BMHFFIJJ_02965,Outer Membrane,0.0003,0.1180,0.0011,0.0116,0.8397,0.0292
BMHFFIJJ_02966,Outer Membrane,0.0050,0.3412,0.0184,0.0239,0.5553,0.0563
BMHFFIJJ_02967,Outer Membrane,0.0025,0.1061,0.0091,0.0068,0.8000,0.0754
BMHFFIJJ_02968,Periplasmic,0.0010,0.0851,0.0754,0.0097,0.3396,0.4891
BMHFFIJJ_02969,Extracellular,0.0009,0.8567,0.0117,0.0008,0.0300,0.0998
BMHFFIJJ_02970,Extracellular,0.0056,0.5369,0.1828,0.0058,0.1530,0.1160
BMHFFIJJ_02971,Extracellular,0.0001,0.6172,0.2448,0.0469,0.0904,0.0006
BMHFFIJJ_02972,Periplasmic,0.0001,0.0123,0.0061,0.0004,0.0214,0.9598
BMHFFIJJ_02974,Outer Membrane,0.0000,0.0002,0.0001,0.0557,0.9438,0.0001
BMHFFIJJ_02975,Outer Membrane,0.0017,0.4358,0.0028,0.0117,0.4568,0.0912
BMHFFIJJ_02976,Extracellular,0.0026,0.4331,0.0031,0.0221,0.2298,0.3092
BMHFFIJJ_02977,Outer Membrane,0.0057,0.1404,0.0041,0.0240,0.5751,0.2507
BMHFFIJJ_02978,Outer Membrane,0.0011,0.0384,0.0004,0.0661,0.8925,0.0015
BMHFFIJJ_02979,Outer Membrane,0.0013,0.1627,0.0003,0.0845,0.7459,0.0054
BMHFFIJJ_02980,Extracellular,0.0001,0.5398,0.0001,0.0018,0.4566,0.0016
BMHFFIJJ_02981,Outer Membrane,0.0000,0.0000,0.0000,0.0004,0.9996,0.0000
BMHFFIJJ_02982,Cytoplasmic Membrane,0.0061,0.0640,0.0386,0.8523,0.0379,0.0012
BMHFFIJJ_02983,Cytoplasmic Membrane,0.0025,0.0173,0.3365,0.5646,0.0780,0.0010
BMHFFIJJ_02984,Cytoplasmic,0.0004,0.0016,0.9581,0.0151,0.0230,0.0017
BMHFFIJJ_02986,Cytoplasmic,0.0000,0.0023,0.9858,0.0103,0.0016,0.0000
BMHFFIJJ_02987,Cytoplasmic Membrane,0.0000,0.0000,0.0000,0.9991,0.0009,0.0000
BMHFFIJJ_02988,Cytoplasmic,0.0001,0.0004,0.9830,0.0007,0.0153,0.0006
BMHFFIJJ_02989,Cytoplasmic,0.0001,0.0004,0.9812,0.0008,0.0092,0.0083
BMHFFIJJ_02990,Periplasmic,0.0000,0.0085,0.3858,0.0182,0.0028,0.5847
BMHFFIJJ_02991,Cytoplasmic,0.0000,0.0023,0.9840,0.0011,0.0115,0.0010
BMHFFIJJ_02992,Cytoplasmic,0.0014,0.0021,0.9188,0.0054,0.0409,0.0314
BMHFFIJJ_02993,Cytoplasmic Membrane,0.0000,0.0001,0.0005,0.9864,0.0129,0.0000
BMHFFIJJ_02994,Cytoplasmic,0.0000,0.0010,0.9988,0.0000,0.0002,0.0000
BMHFFIJJ_02995,Cytoplasmic,0.0000,0.0752,0.8798,0.0078,0.0370,0.0002
BMHFFIJJ_02996,Outer Membrane,0.0000,0.0000,0.0002,0.0007,0.9991,0.0000
BMHFFIJJ_02997,Outer Membrane,0.0011,0.1396,0.0138,0.1555,0.6558,0.0342
BMHFFIJJ_02998,Cytoplasmic,0.0005,0.0343,0.9247,0.0099,0.0292,0.0014
BMHFFIJJ_02999,Cytoplasmic,0.0014,0.0059,0.9246,0.0582,0.0094,0.0006
BMHFFIJJ_03000,Cytoplasmic,0.0002,0.0004,0.9310,0.0285,0.0388,0.0012
BMHFFIJJ_03001,Cytoplasmic,0.0000,0.0019,0.9921,0.0023,0.0024,0.0011
BMHFFIJJ_03002,Cytoplasmic,0.0017,0.0023,0.9161,0.0181,0.0600,0.0018
BMHFFIJJ_03003,Cytoplasmic,0.0001,0.0011,0.9850,0.0040,0.0092,0.0006
BMHFFIJJ_03004,Cytoplasmic,0.0007,0.0026,0.9846,0.0029,0.0075,0.0018
BMHFFIJJ_03005,Cytoplasmic,0.0001,0.0005,0.9988,0.0004,0.0002,0.0000
BMHFFIJJ_03006,Cytoplasmic Membrane,0.0000,0.0000,0.0000,0.9999,0.0001,0.0000
BMHFFIJJ_03007,Outer Membrane,0.0000,0.0000,0.0000,0.0000,1.0000,0.0000
BMHFFIJJ_03008,Cytoplasmic,0.0002,0.1931,0.7168,0.0108,0.0783,0.0008
BMHFFIJJ_03009,Cytoplasmic Membrane,0.0000,0.0009,0.0000,0.9963,0.0028,0.0000
BMHFFIJJ_03010,Cytoplasmic,0.0000,0.0014,0.9957,0.0008,0.0012,0.0010
BMHFFIJJ_03011,Extracellular,0.0001,0.4907,0.3847,0.1169,0.0073,0.0003
BMHFFIJJ_03012,Cytoplasmic,0.0002,0.0011,0.9839,0.0014,0.0072,0.0063
BMHFFIJJ_03013,Cytoplasmic,0.0000,0.0004,0.9968,0.0006,0.0018,0.0003
BMHFFIJJ_03014,Outer Membrane,0.0018,0.0224,0.0040,0.0891,0.8778,0.0049
BMHFFIJJ_03015,Cytoplasmic Membrane,0.0000,0.0000,0.0000,0.9998,0.0002,0.0000
BMHFFIJJ_03016,Periplasmic,0.0014,0.0677,0.0161,0.0485,0.0530,0.8133
BMHFFIJJ_03017,Cytoplasmic,0.0001,0.0034,0.9826,0.0014,0.0121,0.0003
BMHFFIJJ_03018,Extracellular,0.0047,0.6166,0.0026,0.0074,0.3582,0.0105
BMHFFIJJ_03019,Extracellular,0.0051,0.7650,0.0005,0.0021,0.2211,0.0063
BMHFFIJJ_03020,Cytoplasmic Membrane,0.0013,0.0057,0.0024,0.8281,0.1624,0.0001
BMHFFIJJ_03021,Cytoplasmic,0.0004,0.0128,0.8987,0.0707,0.0168,0.0005
BMHFFIJJ_03022,Cytoplasmic Membrane,0.0000,0.0004,0.0015,0.9963,0.0018,0.0000
BMHFFIJJ_03023,Cytoplasmic,0.0000,0.1974,0.5002,0.0706,0.1049,0.1268
BMHFFIJJ_03024,Cytoplasmic,0.0028,0.0423,0.9212,0.0086,0.0242,0.0009
BMHFFIJJ_03025,Cytoplasmic,0.0007,0.0060,0.8028,0.1452,0.0403,0.0050
BMHFFIJJ_03026,Cytoplasmic,0.0006,0.0142,0.9695,0.0058,0.0095,0.0004
BMHFFIJJ_03027,Cytoplasmic,0.0000,0.0003,0.9871,0.0030,0.0082,0.0015
BMHFFIJJ_03028,Cytoplasmic,0.0009,0.1849,0.7874,0.0020,0.0235,0.0012
BMHFFIJJ_03029,Extracellular,0.0005,0.5374,0.4438,0.0090,0.0088,0.0004
BMHFFIJJ_03030,Cytoplasmic,0.0005,0.0048,0.6581,0.1514,0.1848,0.0004
BMHFFIJJ_03031,Cytoplasmic,0.0011,0.0538,0.9265,0.0019,0.0144,0.0022
BMHFFIJJ_03032,Extracellular,0.0004,0.9970,0.0022,0.0001,0.0003,0.0000
BMHFFIJJ_03033,Cytoplasmic,0.0024,0.1488,0.6827,0.1226,0.0423,0.0013
BMHFFIJJ_03034,Cytoplasmic,0.0007,0.0855,0.5446,0.3522,0.0168,0.0001
BMHFFIJJ_03035,Cytoplasmic,0.0001,0.2965,0.6391,0.0328,0.0310,0.0006
BMHFFIJJ_03036,Cytoplasmic,0.0053,0.1150,0.8295,0.0177,0.0302,0.0023
BMHFFIJJ_03037,Cytoplasmic,0.0005,0.0404,0.8760,0.0031,0.0743,0.0057
BMHFFIJJ_03038,Cytoplasmic,0.0012,0.1499,0.7154,0.0002,0.1244,0.0088
BMHFFIJJ_03039,Cytoplasmic,0.0000,0.0001,0.9911,0.0009,0.0079,0.0000
BMHFFIJJ_03040,Cytoplasmic Membrane,0.0000,0.0000,0.0029,0.9934,0.0035,0.0001
BMHFFIJJ_03041,Cytoplasmic,0.0000,0.0023,0.9185,0.0507,0.0280,0.0005
BMHFFIJJ_03042,Cytoplasmic Membrane,0.0000,0.0000,0.0000,0.9998,0.0001,0.0000
BMHFFIJJ_03043,Cytoplasmic,0.0002,0.0919,0.8352,0.0166,0.0486,0.0074
BMHFFIJJ_03044,Cytoplasmic,0.0009,0.0406,0.9106,0.0342,0.0127,0.0011
BMHFFIJJ_03045,Cytoplasmic,0.0011,0.0035,0.8342,0.0158,0.1447,0.0007
BMHFFIJJ_03046,Cytoplasmic,0.0002,0.0207,0.8802,0.0892,0.0093,0.0003
BMHFFIJJ_03047,Cytoplasmic,0.0000,0.0006,0.9981,0.0002,0.0011,0.0000
BMHFFIJJ_03048,Cytoplasmic,0.0000,0.0013,0.9944,0.0024,0.0018,0.0001
BMHFFIJJ_03049,Cytoplasmic,0.0022,0.3524,0.6349,0.0022,0.0081,0.0002
BMHFFIJJ_03050,Cytoplasmic,0.0001,0.0007,0.9820,0.0030,0.0141,0.0001
BMHFFIJJ_03052,Cytoplasmic Membrane,0.0000,0.0001,0.0000,0.9991,0.0009,0.0000
BMHFFIJJ_03053,Cytoplasmic,0.0001,0.0006,0.9924,0.0008,0.0059,0.0002
BMHFFIJJ_03054,Cytoplasmic,0.0011,0.0008,0.9485,0.0167,0.0323,0.0006
BMHFFIJJ_03055,Cytoplasmic,0.0001,0.0002,0.9915,0.0009,0.0070,0.0003
BMHFFIJJ_03056,Outer Membrane,0.0000,0.0001,0.0002,0.0690,0.9303,0.0005
BMHFFIJJ_03057,Cytoplasmic,0.0001,0.0002,0.9965,0.0020,0.0011,0.0001
BMHFFIJJ_03058,Cytoplasmic Membrane,0.0000,0.0000,0.0001,0.9987,0.0012,0.0000
BMHFFIJJ_03059,Outer Membrane,0.0009,0.0425,0.0003,0.1227,0.8296,0.0040
BMHFFIJJ_03060,Outer Membrane,0.0018,0.1470,0.0004,0.0313,0.8152,0.0043
BMHFFIJJ_03061,Outer Membrane,0.0000,0.0000,0.0000,0.0002,0.9998,0.0000
BMHFFIJJ_03062,Cytoplasmic,0.0041,0.0024,0.9168,0.0271,0.0493,0.0003
BMHFFIJJ_03063,Cytoplasmic,0.0013,0.4239,0.4256,0.0002,0.1481,0.0009
BMHFFIJJ_03064,Outer Membrane,0.0000,0.0000,0.0000,0.0002,0.9998,0.0000
BMHFFIJJ_03065,Outer Membrane,0.0027,0.1990,0.0006,0.0445,0.7285,0.0246
BMHFFIJJ_03066,Outer Membrane,0.0007,0.0943,0.0003,0.0550,0.8490,0.0008
BMHFFIJJ_03067,Outer Membrane,0.0007,0.0634,0.0002,0.0298,0.9053,0.0006
BMHFFIJJ_03068,Outer Membrane,0.0000,0.0000,0.0000,0.0001,0.9999,0.0000
BMHFFIJJ_03069,Outer Membrane,0.0023,0.0651,0.0003,0.0095,0.9206,0.0021
BMHFFIJJ_03070,Cytoplasmic,0.0004,0.0003,0.9299,0.0392,0.0299,0.0002
BMHFFIJJ_03071,Cytoplasmic,0.0002,0.0056,0.9719,0.0043,0.0170,0.0010
BMHFFIJJ_03072,Cytoplasmic,0.0002,0.0032,0.8016,0.0022,0.1877,0.0051
BMHFFIJJ_03073,Periplasmic,0.0034,0.1154,0.0061,0.0222,0.2413,0.6116
BMHFFIJJ_03074,Outer Membrane,0.0000,0.0000,0.0000,0.0006,0.9994,0.0000
BMHFFIJJ_03075,Cytoplasmic Membrane,0.0000,0.0000,0.0000,0.9999,0.0001,0.0000
BMHFFIJJ_03076,Cytoplasmic Membrane,0.0030,0.0340,0.0014,0.6370,0.3120,0.0126
BMHFFIJJ_03077,Cytoplasmic,0.0000,0.0002,0.9239,0.0750,0.0009,0.0000
BMHFFIJJ_03078,Cytoplasmic,0.0000,0.0000,0.9928,0.0005,0.0067,0.0000
BMHFFIJJ_03079,Cytoplasmic Membrane,0.0000,0.0000,0.0000,1.0000,0.0000,0.0000
BMHFFIJJ_03080,Cytoplasmic,0.0000,0.0002,0.9607,0.0016,0.0367,0.0008
BMHFFIJJ_03081,Cytoplasmic Membrane,0.0000,0.0000,0.0001,0.9998,0.0001,0.0000
BMHFFIJJ_03082,Outer Membrane,0.0082,0.0863,0.0153,0.1716,0.5881,0.1305
BMHFFIJJ_03083,Cytoplasmic,0.0000,0.1779,0.7164,0.0254,0.0796,0.0007
BMHFFIJJ_03084,Cytoplasmic,0.0070,0.1670,0.6782,0.0011,0.1446,0.0021
BMHFFIJJ_03085,Cytoplasmic,0.0020,0.2341,0.4893,0.2564,0.0170,0.0011
BMHFFIJJ_03086,Cytoplasmic,0.0000,0.1779,0.7164,0.0254,0.0796,0.0007
BMHFFIJJ_03087,Extracellular,0.0246,0.4101,0.1788,0.0414,0.1680,0.1771
BMHFFIJJ_03088,Periplasmic,0.0001,0.0054,0.0044,0.0025,0.0092,0.9785
BMHFFIJJ_03089,Periplasmic,0.0232,0.1703,0.0929,0.0426,0.1104,0.5606
BMHFFIJJ_03090,Outer Membrane,0.0063,0.3417,0.0027,0.0039,0.6351,0.0103
BMHFFIJJ_03091,Outer Membrane,0.0023,0.2458,0.0013,0.0071,0.6444,0.0992
BMHFFIJJ_03092,Outer Membrane,0.0034,0.2308,0.0041,0.0230,0.7337,0.0050
BMHFFIJJ_03093,Outer Membrane,0.0000,0.0001,0.0001,0.0010,0.9988,0.0000
BMHFFIJJ_03094,Periplasmic,0.0116,0.1053,0.2999,0.0081,0.0603,0.5149
BMHFFIJJ_03095,Cytoplasmic Membrane,0.0001,0.0064,0.0007,0.9744,0.0181,0.0003
BMHFFIJJ_03096,Cytoplasmic Membrane,0.0015,0.0103,0.1919,0.6507,0.1439,0.0017
BMHFFIJJ_03097,Extracellular,0.0002,0.9677,0.0001,0.0005,0.0314,0.0001
BMHFFIJJ_03098,Cytoplasmic,0.0005,0.0010,0.9911,0.0057,0.0013,0.0004
BMHFFIJJ_03099,Cytoplasmic,0.0000,0.0004,0.9974,0.0006,0.0015,0.0001
BMHFFIJJ_03100,Cytoplasmic,0.0002,0.0023,0.9744,0.0164,0.0060,0.0006
BMHFFIJJ_03101,Cytoplasmic,0.0003,0.0091,0.9594,0.0127,0.0184,0.0001
BMHFFIJJ_03102,Cytoplasmic,0.0016,0.0080,0.9452,0.0035,0.0286,0.0132
BMHFFIJJ_03103,Cytoplasmic Membrane,0.0000,0.0002,0.0000,0.9998,0.0000,0.0000
BMHFFIJJ_03104,Cytoplasmic Membrane,0.0000,0.0000,0.0000,0.9991,0.0009,0.0000
BMHFFIJJ_03105,Cytoplasmic Membrane,0.0000,0.0001,0.0002,0.9942,0.0055,0.0000
BMHFFIJJ_03106,Cytoplasmic,0.0001,0.0003,0.9668,0.0018,0.0304,0.0005
BMHFFIJJ_03107,Cytoplasmic,0.0000,0.0000,0.9870,0.0001,0.0089,0.0039
BMHFFIJJ_03108,Cytoplasmic,0.0004,0.0484,0.9192,0.0116,0.0178,0.0027
BMHFFIJJ_03109,Cytoplasmic Membrane,0.0000,0.0111,0.0004,0.9804,0.0081,0.0000
BMHFFIJJ_03110,Cytoplasmic Membrane,0.0000,0.0000,0.0000,0.9998,0.0002,0.0000
BMHFFIJJ_03111,Cytoplasmic Membrane,0.0001,0.0363,0.0002,0.9527,0.0107,0.0000
BMHFFIJJ_03112,Cytoplasmic Membrane,0.0000,0.0338,0.0000,0.9652,0.0010,0.0000
BMHFFIJJ_03113,Cytoplasmic Membrane,0.0000,0.0003,0.0004,0.9884,0.0109,0.0000
BMHFFIJJ_03114,Cytoplasmic,0.0012,0.0060,0.9017,0.0533,0.0363,0.0014
BMHFFIJJ_03115,Cytoplasmic Membrane,0.0000,0.0000,0.0002,0.9988,0.0010,0.0000
BMHFFIJJ_03116,Cytoplasmic,0.0008,0.0128,0.9780,0.0053,0.0029,0.0001
BMHFFIJJ_03117,Cytoplasmic,0.0000,0.0001,0.9989,0.0006,0.0004,0.0000
BMHFFIJJ_03118,Cytoplasmic Membrane,0.0000,0.0003,0.0000,0.9995,0.0002,0.0000
BMHFFIJJ_03119,Cytoplasmic,0.0000,0.0000,0.9991,0.0001,0.0007,0.0001
BMHFFIJJ_03120,Cytoplasmic Membrane,0.0000,0.0000,0.0001,0.9995,0.0004,0.0000
BMHFFIJJ_03121,Cytoplasmic Membrane,0.0002,0.0174,0.0021,0.9647,0.0155,0.0001
BMHFFIJJ_03122,Extracellular,0.0018,0.8238,0.0014,0.0009,0.1683,0.0037
BMHFFIJJ_03123,Periplasmic,0.0016,0.0193,0.2316,0.0307,0.0543,0.6624
BMHFFIJJ_03124,Cytoplasmic Membrane,0.0002,0.0006,0.0187,0.9550,0.0253,0.0001
BMHFFIJJ_03125,Cytoplasmic,0.0000,0.0006,0.9102,0.0671,0.0220,0.0001
BMHFFIJJ_03126,Cytoplasmic,0.0001,0.0014,0.9969,0.0013,0.0003,0.0001
BMHFFIJJ_03127,Cytoplasmic,0.0006,0.0074,0.9702,0.0175,0.0032,0.0011
BMHFFIJJ_03128,Periplasmic,0.0000,0.0016,0.0009,0.0002,0.0141,0.9832
BMHFFIJJ_03129,Cytoplasmic,0.0001,0.0265,0.9219,0.0222,0.0285,0.0008
BMHFFIJJ_03130,Cytoplasmic,0.0004,0.0009,0.9935,0.0043,0.0008,0.0001
BMHFFIJJ_03131,Cytoplasmic,0.0001,0.0003,0.9705,0.0160,0.0108,0.0023
BMHFFIJJ_03132,Cytoplasmic,0.0001,0.1269,0.7765,0.0685,0.0273,0.0006
BMHFFIJJ_03133,Cytoplasmic Membrane,0.0000,0.0000,0.0000,0.9974,0.0026,0.0000
BMHFFIJJ_03134,Cytoplasmic Membrane,0.0000,0.0000,0.0000,0.9999,0.0001,0.0000
BMHFFIJJ_03135,Outer Membrane,0.0004,0.0464,0.0044,0.0701,0.8778,0.0010
BMHFFIJJ_03136,Outer Membrane,0.0000,0.0001,0.0010,0.0080,0.9896,0.0012
BMHFFIJJ_03137,Cytoplasmic Membrane,0.0001,0.0027,0.0028,0.9640,0.0158,0.0146
BMHFFIJJ_03138,Outer Membrane,0.0000,0.0436,0.0000,0.0107,0.9454,0.0002
BMHFFIJJ_03139,Cytoplasmic,0.0015,0.0026,0.8530,0.1221,0.0202,0.0005
BMHFFIJJ_03140,Cytoplasmic,0.0000,0.0005,0.9984,0.0010,0.0001,0.0000
BMHFFIJJ_03141,Cytoplasmic,0.0000,0.0001,0.9530,0.0007,0.0461,0.0001
BMHFFIJJ_03142,Cytoplasmic Membrane,0.0001,0.0001,0.0001,0.9857,0.0139,0.0002
BMHFFIJJ_03143,Cytoplasmic,0.0001,0.0001,0.9897,0.0017,0.0082,0.0002
BMHFFIJJ_03144,Cytoplasmic Membrane,0.0002,0.1018,0.0004,0.8142,0.0833,0.0001
BMHFFIJJ_03145,Cytoplasmic,0.0017,0.0137,0.7582,0.1979,0.0281,0.0005
BMHFFIJJ_03146,Cytoplasmic,0.0000,0.0000,0.9108,0.0008,0.0881,0.0001
BMHFFIJJ_03147,Cytoplasmic,0.0002,0.0001,0.6348,0.0318,0.3329,0.0003
BMHFFIJJ_03148,Cytoplasmic,0.0000,0.0000,0.7714,0.0001,0.2284,0.0000
BMHFFIJJ_03149,Cytoplasmic Membrane,0.0071,0.0163,0.0240,0.6639,0.2817,0.0070
BMHFFIJJ_03150,Cytoplasmic,0.0000,0.0002,0.9748,0.0134,0.0108,0.0007
BMHFFIJJ_03151,Periplasmic,0.0000,0.0015,0.0129,0.0088,0.0092,0.9677
BMHFFIJJ_03152,Outer Membrane,0.0002,0.0028,0.0076,0.0928,0.7173,0.1794
BMHFFIJJ_03153,Periplasmic,0.0001,0.0443,0.0003,0.0010,0.0185,0.9357
BMHFFIJJ_03154,Outer Membrane,0.0000,0.0002,0.0000,0.0570,0.9428,0.0000
BMHFFIJJ_03155,Cytoplasmic,0.0005,0.0036,0.6659,0.3060,0.0239,0.0001
BMHFFIJJ_03156,Cytoplasmic,0.0002,0.0006,0.9849,0.0096,0.0032,0.0015
BMHFFIJJ_03157,Cytoplasmic Membrane,0.0000,0.0000,0.0004,0.9993,0.0003,0.0000
BMHFFIJJ_03158,Cytoplasmic Membrane,0.0000,0.0001,0.0039,0.9937,0.0022,0.0001
BMHFFIJJ_03159,Cytoplasmic,0.0004,0.0015,0.8919,0.0421,0.0622,0.0019
BMHFFIJJ_03160,Cytoplasmic,0.0000,0.0002,0.9989,0.0002,0.0006,0.0000
BMHFFIJJ_03161,Cytoplasmic,0.0004,0.0072,0.9823,0.0070,0.0017,0.0014
BMHFFIJJ_03162,Cytoplasmic,0.0002,0.0036,0.8692,0.0079,0.1188,0.0002
BMHFFIJJ_03163,Cytoplasmic,0.0001,0.0011,0.9695,0.0081,0.0152,0.0060
BMHFFIJJ_03164,Cytoplasmic,0.0010,0.0007,0.9662,0.0122,0.0192,0.0007
BMHFFIJJ_03165,Cytoplasmic Membrane,0.0000,0.0000,0.0000,0.9893,0.0106,0.0000
BMHFFIJJ_03166,Outer Membrane,0.0070,0.1244,0.0450,0.1896,0.5603,0.0737
BMHFFIJJ_03167,Cytoplasmic Membrane,0.0000,0.0000,0.0001,0.9994,0.0005,0.0000
BMHFFIJJ_03168,Cytoplasmic,0.0000,0.1779,0.7164,0.0254,0.0796,0.0007
BMHFFIJJ_03169,Cytoplasmic,0.0002,0.2026,0.7287,0.0341,0.0330,0.0014
BMHFFIJJ_03170,Periplasmic,0.0028,0.0915,0.1694,0.0067,0.1838,0.5458
BMHFFIJJ_03171,Cytoplasmic,0.0000,0.0017,0.9965,0.0007,0.0010,0.0002
BMHFFIJJ_03172,Outer Membrane,0.0000,0.0002,0.0005,0.0351,0.9638,0.0005
BMHFFIJJ_03173,Cytoplasmic,0.0005,0.0032,0.9841,0.0007,0.0107,0.0009
BMHFFIJJ_03174,Cytoplasmic,0.0000,0.0004,0.9955,0.0000,0.0040,0.0000
BMHFFIJJ_03176,Extracellular,0.0040,0.5467,0.1018,0.0815,0.1620,0.1040
BMHFFIJJ_03177,Cytoplasmic,0.0006,0.0086,0.9322,0.0471,0.0105,0.0011
BMHFFIJJ_03178,Cytoplasmic,0.0002,0.0003,0.9967,0.0010,0.0009,0.0009
BMHFFIJJ_03179,Outer Membrane,0.0003,0.0199,0.0004,0.2160,0.7518,0.0117
BMHFFIJJ_03180,Cytoplasmic Membrane,0.0099,0.1496,0.0009,0.7742,0.0654,0.0001
BMHFFIJJ_03181,Cytoplasmic,0.0002,0.0009,0.9048,0.0023,0.0818,0.0099
BMHFFIJJ_03182,Cytoplasmic,0.0001,0.0011,0.8789,0.0743,0.0449,0.0008
BMHFFIJJ_03183,Cytoplasmic,0.0000,0.0002,0.9497,0.0019,0.0480,0.0002
BMHFFIJJ_03184,Cytoplasmic Membrane,0.0000,0.0000,0.0000,0.9999,0.0000,0.0000
BMHFFIJJ_03185,Cytoplasmic Membrane,0.0000,0.0033,0.0013,0.9387,0.0561,0.0005
BMHFFIJJ_03186,Cytoplasmic,0.0004,0.0091,0.7676,0.1748,0.0436,0.0045
BMHFFIJJ_03187,Cytoplasmic Membrane,0.0000,0.0003,0.3599,0.6377,0.0021,0.0001
BMHFFIJJ_03188,Cytoplasmic Membrane,0.0000,0.0000,0.0000,0.9999,0.0000,0.0000
BMHFFIJJ_03189,Outer Membrane,0.0000,0.0030,0.0002,0.2770,0.7128,0.0069
BMHFFIJJ_03190,Outer Membrane,0.0000,0.0000,0.0002,0.0024,0.9974,0.0001
BMHFFIJJ_03191,Outer Membrane,0.0015,0.0392,0.0012,0.0179,0.9242,0.0162
BMHFFIJJ_03192,Outer Membrane,0.0143,0.2783,0.0007,0.0207,0.6706,0.0155
BMHFFIJJ_03193,Extracellular,0.0008,0.7095,0.2390,0.0002,0.0498,0.0007
BMHFFIJJ_03194,Extracellular,0.0001,0.9885,0.0000,0.0000,0.0037,0.0077
BMHFFIJJ_03195,Outer Membrane,0.0003,0.0408,0.0000,0.0394,0.9191,0.0004
BMHFFIJJ_03196,Cytoplasmic,0.0001,0.0010,0.9524,0.0192,0.0258,0.0015
BMHFFIJJ_03197,Cytoplasmic Membrane,0.0000,0.0000,0.0000,0.9993,0.0007,0.0000
BMHFFIJJ_03198,Cytoplasmic,0.0025,0.0063,0.6390,0.0153,0.3124,0.0245
BMHFFIJJ_03199,Cytoplasmic,0.0002,0.0005,0.8337,0.0714,0.0771,0.0171
BMHFFIJJ_03200,Cytoplasmic,0.0000,0.0032,0.5883,0.0162,0.0042,0.3880
BMHFFIJJ_03201,Cytoplasmic,0.0007,0.2726,0.7102,0.0005,0.0140,0.0021
BMHFFIJJ_03202,Cytoplasmic,0.0010,0.0572,0.9113,0.0080,0.0163,0.0062
BMHFFIJJ_03203,Cytoplasmic,0.0002,0.0142,0.9650,0.0050,0.0125,0.0030
BMHFFIJJ_03204,Cytoplasmic,0.0002,0.1097,0.7508,0.0959,0.0428,0.0006
BMHFFIJJ_03205,Cytoplasmic,0.0007,0.0007,0.9882,0.0055,0.0044,0.0006
BMHFFIJJ_03206,Periplasmic,0.0121,0.0981,0.1143,0.0507,0.1794,0.5454
BMHFFIJJ_03207,Extracellular,0.0022,0.5364,0.0080,0.0148,0.2101,0.2284
BMHFFIJJ_03208,Cytoplasmic,0.0002,0.3213,0.6491,0.0238,0.0053,0.0003
BMHFFIJJ_03209,Cytoplasmic,0.0006,0.1669,0.7038,0.1123,0.0152,0.0012
BMHFFIJJ_03210,Cytoplasmic,0.0004,0.0117,0.7345,0.2460,0.0072,0.0003
BMHFFIJJ_03211,Cytoplasmic Membrane,0.0001,0.0005,0.0001,0.9964,0.0030,0.0000
BMHFFIJJ_03212,Cytoplasmic,0.0001,0.0002,0.9780,0.0071,0.0144,0.0001
BMHFFIJJ_03213,Outer Membrane,0.0000,0.0000,0.0000,0.0001,0.9999,0.0000
BMHFFIJJ_03214,Periplasmic,0.0051,0.4021,0.0177,0.0019,0.0924,0.4808
BMHFFIJJ_03215,Periplasmic,0.0001,0.0417,0.0000,0.0398,0.0747,0.8437
BMHFFIJJ_03216,Periplasmic,0.0001,0.0754,0.0009,0.0783,0.3868,0.4586
BMHFFIJJ_03217,Outer Membrane,0.0008,0.0056,0.0009,0.3224,0.5823,0.0880
BMHFFIJJ_03218,Cytoplasmic Membrane,0.0000,0.0000,0.0000,0.9998,0.0002,0.0000
BMHFFIJJ_03219,Cytoplasmic Membrane,0.0000,0.0000,0.0000,0.9995,0.0004,0.0000
BMHFFIJJ_03220,Cytoplasmic Membrane,0.0001,0.0003,0.0512,0.9022,0.0452,0.0010
BMHFFIJJ_03221,Cytoplasmic,0.0001,0.1244,0.7806,0.0197,0.0745,0.0006
BMHFFIJJ_03222,Cytoplasmic,0.0001,0.2293,0.7165,0.0056,0.0482,0.0004
BMHFFIJJ_03223,Cytoplasmic,0.0004,0.0039,0.9734,0.0054,0.0111,0.0058
BMHFFIJJ_03224,Cytoplasmic,0.0000,0.0006,0.7919,0.0003,0.2071,0.0001
BMHFFIJJ_03225,Outer Membrane,0.0001,0.0474,0.0000,0.0181,0.9343,0.0000
BMHFFIJJ_03226,Cytoplasmic,0.0003,0.0071,0.9623,0.0088,0.0200,0.0015
BMHFFIJJ_03227,Cytoplasmic,0.0005,0.0009,0.9448,0.0001,0.0533,0.0005
BMHFFIJJ_03228,Outer Membrane,0.0003,0.0199,0.4244,0.0409,0.4900,0.0244
BMHFFIJJ_03229,Cytoplasmic,0.0008,0.0045,0.8766,0.0389,0.0716,0.0075
BMHFFIJJ_03230,Cytoplasmic,0.0002,0.0021,0.8903,0.0484,0.0577,0.0012
BMHFFIJJ_03231,Cytoplasmic,0.0000,0.0002,0.8997,0.0658,0.0341,0.0002
BMHFFIJJ_03232,Cytoplasmic,0.0004,0.0045,0.8300,0.0057,0.1339,0.0256
BMHFFIJJ_03233,Cytoplasmic,0.0001,0.0011,0.9804,0.0164,0.0017,0.0002
BMHFFIJJ_03234,Cytoplasmic,0.0005,0.0045,0.8232,0.0171,0.1487,0.0061
BMHFFIJJ_03235,Cytoplasmic,0.0001,0.0026,0.9812,0.0040,0.0096,0.0025
BMHFFIJJ_03236,Cytoplasmic,0.0004,0.0329,0.5849,0.0161,0.3647,0.0010
BMHFFIJJ_03237,Cytoplasmic Membrane,0.0000,0.0000,0.0004,0.9989,0.0007,0.0000
BMHFFIJJ_03238,Cytoplasmic Membrane,0.0000,0.0002,0.2235,0.7233,0.0447,0.0083
BMHFFIJJ_03239,Cytoplasmic Membrane,0.0023,0.0137,0.3904,0.5565,0.0202,0.0170
BMHFFIJJ_03240,Outer Membrane,0.0000,0.0000,0.0000,0.0002,0.9998,0.0000
BMHFFIJJ_03241,Outer Membrane,0.0015,0.0585,0.0005,0.0287,0.8964,0.0143
BMHFFIJJ_03242,Cytoplasmic Membrane,0.0000,0.0000,0.0005,0.9968,0.0026,0.0001
BMHFFIJJ_03243,Cytoplasmic,0.0002,0.0010,0.9593,0.0206,0.0186,0.0002
BMHFFIJJ_03244,Cytoplasmic,0.0005,0.0002,0.9898,0.0018,0.0075,0.0002
BMHFFIJJ_03245,Cytoplasmic,0.0004,0.0112,0.9637,0.0083,0.0162,0.0001
BMHFFIJJ_03246,Cytoplasmic Membrane,0.0000,0.0036,0.0002,0.9848,0.0106,0.0009
BMHFFIJJ_03247,Cytoplasmic,0.0000,0.0005,0.9928,0.0055,0.0010,0.0002
BMHFFIJJ_03248,Cytoplasmic,0.0053,0.1179,0.8346,0.0294,0.0125,0.0003
BMHFFIJJ_03249,Cytoplasmic,0.0001,0.0004,0.9983,0.0010,0.0002,0.0000
BMHFFIJJ_03251,Cytoplasmic Membrane,0.0000,0.0000,0.0000,0.9989,0.0011,0.0000
BMHFFIJJ_03252,Cytoplasmic Membrane,0.0000,0.0053,0.0000,0.9934,0.0012,0.0000
BMHFFIJJ_03253,Cytoplasmic Membrane,0.0010,0.0372,0.2441,0.4258,0.0754,0.2165
BMHFFIJJ_03254,Cytoplasmic Membrane,0.0004,0.0164,0.1976,0.6825,0.0712,0.0319
BMHFFIJJ_03255,Cytoplasmic,0.0000,0.0036,0.9942,0.0003,0.0018,0.0001
BMHFFIJJ_03256,Extracellular,0.0007,0.6081,0.0526,0.0023,0.0199,0.3165
BMHFFIJJ_03257,Cytoplasmic,0.0000,0.0001,0.9974,0.0015,0.0008,0.0002
BMHFFIJJ_03258,Cytoplasmic,0.0001,0.0004,0.9983,0.0001,0.0005,0.0006
BMHFFIJJ_03259,Cytoplasmic,0.0000,0.0014,0.9571,0.0006,0.0369,0.0039
BMHFFIJJ_03260,Cytoplasmic Membrane,0.0025,0.0017,0.2207,0.7519,0.0216,0.0016
BMHFFIJJ_03261,Cytoplasmic Membrane,0.0000,0.0005,0.0002,0.9936,0.0046,0.0010
BMHFFIJJ_03262,Cytoplasmic,0.0016,0.0010,0.8364,0.1497,0.0110,0.0004
BMHFFIJJ_03263,Cytoplasmic Membrane,0.0000,0.0143,0.0002,0.9547,0.0307,0.0001
BMHFFIJJ_03264,Cytoplasmic,0.0001,0.0016,0.9894,0.0041,0.0034,0.0014
BMHFFIJJ_03265,Outer Membrane,0.0011,0.2129,0.0031,0.1208,0.6606,0.0014
BMHFFIJJ_03266,Outer Membrane,0.0001,0.0003,0.0002,0.0171,0.9782,0.0040
BMHFFIJJ_03267,Cytoplasmic Membrane,0.0000,0.0000,0.0000,0.9999,0.0001,0.0000
BMHFFIJJ_03268,Outer Membrane,0.0000,0.0005,0.0001,0.2370,0.7558,0.0065
BMHFFIJJ_03269,Cytoplasmic Membrane,0.0160,0.1736,0.2871,0.4344,0.0195,0.0694
BMHFFIJJ_03270,Cytoplasmic,0.0007,0.0055,0.9846,0.0046,0.0039,0.0006
BMHFFIJJ_03271,Cytoplasmic,0.0009,0.0010,0.8615,0.0515,0.0828,0.0022
BMHFFIJJ_03272,Extracellular,0.0007,0.6586,0.2797,0.0002,0.0600,0.0008
BMHFFIJJ_03273,Cytoplasmic,0.0036,0.1133,0.8377,0.0115,0.0303,0.0036
BMHFFIJJ_03274,Cytoplasmic,0.0005,0.0404,0.8760,0.0031,0.0743,0.0057
BMHFFIJJ_03275,Cytoplasmic,0.0013,0.1540,0.7014,0.0002,0.1335,0.0095
BMHFFIJJ_03276,Cytoplasmic Membrane,0.0001,0.0000,0.0001,0.9981,0.0016,0.0000
BMHFFIJJ_03277,Periplasmic,0.0045,0.0578,0.2039,0.1297,0.1391,0.4650
BMHFFIJJ_03278,Periplasmic,0.0215,0.0994,0.1516,0.1756,0.2090,0.3429
BMHFFIJJ_03279,Cytoplasmic,0.0001,0.0008,0.9453,0.0011,0.0505,0.0023
BMHFFIJJ_03280,Cytoplasmic,0.0003,0.0018,0.9766,0.0061,0.0145,0.0008
BMHFFIJJ_03281,Cytoplasmic,0.0003,0.0579,0.8396,0.0956,0.0033,0.0033
BMHFFIJJ_03282,Cytoplasmic,0.0012,0.0384,0.8454,0.0009,0.0712,0.0428
BMHFFIJJ_03283,Outer Membrane,0.0030,0.0282,0.0021,0.0346,0.9231,0.0091
BMHFFIJJ_03284,Cytoplasmic,0.0001,0.0001,0.9773,0.0083,0.0133,0.0009
BMHFFIJJ_03285,Cytoplasmic,0.0000,0.0004,0.9930,0.0033,0.0025,0.0008
BMHFFIJJ_03286,Cytoplasmic,0.0002,0.0020,0.8865,0.0114,0.0988,0.0011
BMHFFIJJ_03287,Periplasmic,0.0067,0.0387,0.1470,0.0443,0.1562,0.6071
BMHFFIJJ_03288,Cytoplasmic,0.0008,0.0026,0.5648,0.1580,0.2719,0.0020
BMHFFIJJ_03289,Extracellular,0.0017,0.9063,0.0002,0.0007,0.0884,0.0026
BMHFFIJJ_03290,Outer Membrane,0.0091,0.0872,0.0003,0.0111,0.8921,0.0001
BMHFFIJJ_03291,Outer Membrane,0.0019,0.3471,0.0067,0.0063,0.6158,0.0222
BMHFFIJJ_03292,Outer Membrane,0.0000,0.0003,0.0003,0.0126,0.9866,0.0002
BMHFFIJJ_03293,Outer Membrane,0.0000,0.0000,0.0001,0.0141,0.9858,0.0000
BMHFFIJJ_03294,Outer Membrane,0.0009,0.1773,0.0027,0.0068,0.7827,0.0296
BMHFFIJJ_03295,Cytoplasmic Membrane,0.0002,0.1888,0.2113,0.4195,0.1789,0.0014
BMHFFIJJ_03296,Outer Membrane,0.0053,0.2822,0.0033,0.0074,0.6931,0.0088
BMHFFIJJ_03297,Cytoplasmic,0.0030,0.0840,0.8955,0.0046,0.0114,0.0015
BMHFFIJJ_03298,Cytoplasmic,0.0061,0.0432,0.8984,0.0323,0.0189,0.0011
BMHFFIJJ_03299,Cytoplasmic Membrane,0.0002,0.3442,0.1352,0.4569,0.0630,0.0005
BMHFFIJJ_03300,Extracellular,0.0000,0.5549,0.3018,0.1091,0.0339,0.0001
BMHFFIJJ_03301,Cytoplasmic,0.0002,0.0027,0.9754,0.0103,0.0107,0.0006
BMHFFIJJ_03302,Cytoplasmic,0.0003,0.0037,0.9694,0.0119,0.0138,0.0009
BMHFFIJJ_03303,Cytoplasmic,0.0002,0.0039,0.9704,0.0118,0.0128,0.0008
BMHFFIJJ_03304,Cytoplasmic,0.0003,0.0046,0.9653,0.0147,0.0144,0.0008
BMHFFIJJ_03305,Outer Membrane,0.0000,0.0000,0.0004,0.1202,0.8791,0.0003
BMHFFIJJ_03306,Outer Membrane,0.0008,0.0943,0.0030,0.0138,0.8705,0.0176
BMHFFIJJ_03307,Cytoplasmic,0.0008,0.0095,0.9562,0.0293,0.0040,0.0003
BMHFFIJJ_03308,Cytoplasmic,0.0006,0.0164,0.9561,0.0206,0.0049,0.0014
BMHFFIJJ_03309,Cytoplasmic,0.0002,0.0008,0.9844,0.0033,0.0112,0.0001
BMHFFIJJ_03310,Cytoplasmic,0.0002,0.0026,0.7772,0.0088,0.2103,0.0009
BMHFFIJJ_03311,Cytoplasmic,0.0001,0.3116,0.6211,0.0114,0.0551,0.0007
BMHFFIJJ_03312,Cytoplasmic Membrane,0.0000,0.0105,0.0001,0.9864,0.0030,0.0000
BMHFFIJJ_03313,Cytoplasmic,0.0008,0.0028,0.8567,0.0689,0.0675,0.0034
BMHFFIJJ_03314,Extracellular,0.0015,0.4369,0.3627,0.0117,0.1810,0.0063
BMHFFIJJ_03315,Cytoplasmic Membrane,0.0000,0.0000,0.0001,0.9998,0.0001,0.0000
BMHFFIJJ_03316,Periplasmic,0.0003,0.0732,0.0020,0.3469,0.0723,0.5052
BMHFFIJJ_03317,Cytoplasmic,0.0038,0.0565,0.6821,0.0089,0.2477,0.0010
BMHFFIJJ_03318,Cytoplasmic,0.0002,0.0028,0.9682,0.0017,0.0027,0.0244
BMHFFIJJ_03319,Cytoplasmic Membrane,0.0000,0.0000,0.0001,0.9996,0.0003,0.0000
BMHFFIJJ_03320,Cytoplasmic,0.0009,0.0057,0.9772,0.0042,0.0106,0.0014
BMHFFIJJ_03321,Cytoplasmic Membrane,0.0000,0.0008,0.0002,0.9899,0.0087,0.0004
BMHFFIJJ_03322,Cytoplasmic,0.0000,0.0001,0.9894,0.0102,0.0001,0.0001
BMHFFIJJ_03323,Cytoplasmic,0.0002,0.0005,0.9622,0.0280,0.0088,0.0004
BMHFFIJJ_03324,Cytoplasmic,0.0002,0.0001,0.9847,0.0003,0.0145,0.0001
BMHFFIJJ_03325,Cytoplasmic,0.0001,0.0003,0.9944,0.0030,0.0017,0.0005
BMHFFIJJ_03326,Cytoplasmic,0.0002,0.0003,0.9860,0.0058,0.0055,0.0022
BMHFFIJJ_03327,Cytoplasmic,0.0000,0.0000,0.9993,0.0000,0.0006,0.0001
BMHFFIJJ_03328,Cytoplasmic Membrane,0.0000,0.0020,0.0002,0.9951,0.0026,0.0000
BMHFFIJJ_03329,Cytoplasmic,0.0000,0.0001,0.9971,0.0022,0.0005,0.0001
BMHFFIJJ_03330,Outer Membrane,0.0036,0.0201,0.0626,0.2719,0.6025,0.0393
BMHFFIJJ_03331,Cytoplasmic,0.0004,0.0031,0.9845,0.0046,0.0073,0.0001
BMHFFIJJ_03332,Cytoplasmic,0.0013,0.4239,0.4256,0.0002,0.1481,0.0009
BMHFFIJJ_03333,Extracellular,0.0119,0.4241,0.0618,0.1047,0.2850,0.1125
BMHFFIJJ_03334,Cytoplasmic Membrane,0.0000,0.0001,0.0004,0.9988,0.0007,0.0000
BMHFFIJJ_03335,Cytoplasmic,0.0051,0.0212,0.7309,0.0256,0.2043,0.0129
BMHFFIJJ_03336,Cytoplasmic,0.0002,0.0022,0.8943,0.0859,0.0168,0.0005
BMHFFIJJ_03337,Cytoplasmic,0.0000,0.0000,0.9969,0.0021,0.0009,0.0001
BMHFFIJJ_03338,Cytoplasmic,0.0009,0.0071,0.7985,0.1727,0.0202,0.0006
BMHFFIJJ_03339,Cytoplasmic,0.0000,0.0004,0.9440,0.0028,0.0461,0.0067
BMHFFIJJ_03340,Extracellular,0.0130,0.3669,0.0011,0.0652,0.2442,0.3095
BMHFFIJJ_03341,Cytoplasmic,0.0003,0.0025,0.6104,0.3673,0.0184,0.0011
BMHFFIJJ_03342,Cytoplasmic,0.0005,0.0005,0.9091,0.0417,0.0469,0.0012
BMHFFIJJ_03343,Cytoplasmic,0.0036,0.0277,0.8528,0.0937,0.0217,0.0004
BMHFFIJJ_03344,Cytoplasmic,0.0000,0.2706,0.5878,0.1089,0.0311,0.0016
BMHFFIJJ_03345,Cytoplasmic,0.0005,0.0101,0.8993,0.0311,0.0538,0.0052
BMHFFIJJ_03346,Outer Membrane,0.0002,0.1262,0.0000,0.1979,0.6479,0.0278
BMHFFIJJ_03347,Cytoplasmic,0.0001,0.0010,0.9407,0.0493,0.0073,0.0017
BMHFFIJJ_03348,Cytoplasmic,0.0001,0.0615,0.7830,0.1499,0.0052,0.0003
BMHFFIJJ_03349,Cytoplasmic,0.0051,0.3866,0.4656,0.1254,0.0169,0.0004
BMHFFIJJ_03350,Cytoplasmic,0.0029,0.1730,0.6554,0.1121,0.0563,0.0003
BMHFFIJJ_03351,Cytoplasmic,0.0001,0.4534,0.5200,0.0004,0.0257,0.0004
BMHFFIJJ_03357,Outer Membrane,0.0000,0.0003,0.0000,0.0388,0.9609,0.0000
BMHFFIJJ_03358,Cytoplasmic,0.0009,0.0018,0.7930,0.0110,0.1929,0.0004
BMHFFIJJ_03359,Cytoplasmic,0.0000,0.0002,0.9559,0.0146,0.0173,0.0119
BMHFFIJJ_03360,Cytoplasmic,0.0001,0.0003,0.9693,0.0005,0.0289,0.0010
BMHFFIJJ_03361,Cytoplasmic,0.0001,0.0005,0.9649,0.0023,0.0320,0.0002
BMHFFIJJ_03362,Cytoplasmic,0.0000,0.0004,0.9694,0.0012,0.0272,0.0018
BMHFFIJJ_03363,Cytoplasmic Membrane,0.0000,0.0000,0.0001,0.9991,0.0009,0.0000
BMHFFIJJ_03364,Cytoplasmic Membrane,0.0000,0.0002,0.0002,0.9987,0.0009,0.0000
BMHFFIJJ_03365,Cytoplasmic,0.0001,0.0016,0.9902,0.0005,0.0064,0.0011
BMHFFIJJ_03366,Cytoplasmic,0.0217,0.1303,0.3924,0.0754,0.2020,0.1782
BMHFFIJJ_03367,Cytoplasmic,0.0011,0.0022,0.9753,0.0156,0.0056,0.0003
BMHFFIJJ_03368,Cytoplasmic,0.0006,0.0026,0.9676,0.0024,0.0266,0.0002
BMHFFIJJ_03369,Outer Membrane,0.0014,0.0114,0.0175,0.0409,0.8804,0.0483
BMHFFIJJ_03370,Cytoplasmic,0.0001,0.0097,0.9881,0.0014,0.0005,0.0002
BMHFFIJJ_03371,Cytoplasmic,0.0018,0.0177,0.8314,0.0059,0.1417,0.0015
BMHFFIJJ_03372,Cytoplasmic,0.0001,0.0010,0.9562,0.0004,0.0415,0.0008
BMHFFIJJ_03373,Periplasmic,0.0001,0.0024,0.0185,0.0008,0.0129,0.9653
BMHFFIJJ_03374,Cytoplasmic Membrane,0.0000,0.0124,0.0001,0.9859,0.0016,0.0000
BMHFFIJJ_03375,Cytoplasmic Membrane,0.0003,0.1916,0.0047,0.4638,0.3393,0.0003
BMHFFIJJ_03376,Extracellular,0.0013,0.9535,0.0002,0.0031,0.0418,0.0001
BMHFFIJJ_03377,Cytoplasmic,0.0000,0.0001,0.9284,0.0004,0.0705,0.0007
BMHFFIJJ_03378,Periplasmic,0.0148,0.1609,0.0777,0.0296,0.1472,0.5699
BMHFFIJJ_03379,Cytoplasmic,0.0001,0.0026,0.9867,0.0066,0.0039,0.0001
BMHFFIJJ_03380,Cytoplasmic,0.0005,0.0057,0.8395,0.0248,0.1275,0.0021
BMHFFIJJ_03381,Cytoplasmic,0.0001,0.0032,0.9890,0.0062,0.0007,0.0007
BMHFFIJJ_03382,Cytoplasmic,0.0006,0.0008,0.6004,0.3175,0.0461,0.0345
BMHFFIJJ_03383,Cytoplasmic,0.0000,0.0000,0.9988,0.0002,0.0009,0.0001
BMHFFIJJ_03384,Cytoplasmic,0.0012,0.0058,0.8592,0.0011,0.1312,0.0015
BMHFFIJJ_03385,Cytoplasmic,0.0002,0.0049,0.9797,0.0056,0.0089,0.0007
BMHFFIJJ_03386,Outer Membrane,0.1235,0.1054,0.0019,0.0116,0.7546,0.0030
BMHFFIJJ_03387,Outer Membrane,0.0000,0.0000,0.0000,0.0181,0.9819,0.0000
BMHFFIJJ_03388,Cytoplasmic Membrane,0.0006,0.0186,0.0113,0.9221,0.0381,0.0094
BMHFFIJJ_03389,Cytoplasmic Membrane,0.0001,0.0051,0.0003,0.9879,0.0066,0.0000
BMHFFIJJ_03390,Cytoplasmic Membrane,0.0001,0.0041,0.0004,0.9936,0.0018,0.0000
BMHFFIJJ_03391,Cytoplasmic,0.0001,0.0271,0.9352,0.0009,0.0365,0.0002
BMHFFIJJ_03392,Cytoplasmic,0.0003,0.0001,0.9759,0.0001,0.0236,0.0000
BMHFFIJJ_03393,Cytoplasmic,0.0000,0.0008,0.9966,0.0025,0.0001,0.0000
BMHFFIJJ_03394,Cytoplasmic,0.0008,0.0057,0.9566,0.0075,0.0260,0.0034
BMHFFIJJ_03395,Cytoplasmic,0.0002,0.0009,0.9270,0.0025,0.0667,0.0027
BMHFFIJJ_03396,Cytoplasmic,0.0011,0.0016,0.9712,0.0089,0.0163,0.0010
BMHFFIJJ_03397,Cytoplasmic,0.0003,0.0019,0.8658,0.0162,0.0941,0.0217
BMHFFIJJ_03398,Cytoplasmic,0.0001,0.0003,0.9932,0.0003,0.0059,0.0001
BMHFFIJJ_03399,Outer Membrane,0.0000,0.0000,0.0000,0.0008,0.9992,0.0000
BMHFFIJJ_03400,Cytoplasmic Membrane,0.0001,0.0580,0.3915,0.5384,0.0092,0.0028
BMHFFIJJ_03401,Cytoplasmic,0.0001,0.0021,0.9728,0.0141,0.0101,0.0009
BMHFFIJJ_03402,Cytoplasmic,0.0000,0.1689,0.7422,0.0083,0.0799,0.0006
BMHFFIJJ_03403,Periplasmic,0.0028,0.1746,0.0212,0.0048,0.2468,0.5498
BMHFFIJJ_03404,Outer Membrane,0.0000,0.0002,0.0010,0.0057,0.9919,0.0012
BMHFFIJJ_03405,Periplasmic,0.0001,0.0085,0.0014,0.0011,0.0885,0.9004
BMHFFIJJ_03406,Cytoplasmic,0.0005,0.0073,0.6831,0.2379,0.0690,0.0022
BMHFFIJJ_03407,Cytoplasmic,0.0004,0.0042,0.9607,0.0248,0.0090,0.0009
BMHFFIJJ_03408,Cytoplasmic,0.0012,0.0056,0.9169,0.0608,0.0148,0.0006
BMHFFIJJ_03409,Outer Membrane,0.0000,0.0001,0.0000,0.0002,0.9997,0.0000
BMHFFIJJ_03410,Outer Membrane,0.0002,0.3352,0.0008,0.0032,0.6519,0.0087
BMHFFIJJ_03411,Periplasmic,0.0051,0.2306,0.0318,0.0022,0.0753,0.6550
BMHFFIJJ_03412,Cytoplasmic Membrane,0.0000,0.0000,0.0000,0.9979,0.0021,0.0000
BMHFFIJJ_03413,Cytoplasmic,0.0000,0.0027,0.9899,0.0017,0.0052,0.0004
BMHFFIJJ_03414,Cytoplasmic Membrane,0.0006,0.1429,0.1321,0.7010,0.0217,0.0017
BMHFFIJJ_03415,Extracellular,0.0001,0.9993,0.0001,0.0002,0.0002,0.0000
BMHFFIJJ_03416,Outer Membrane,0.0034,0.3545,0.0570,0.0828,0.4247,0.0776
BMHFFIJJ_03417,Cytoplasmic Membrane,0.0002,0.0003,0.0010,0.9287,0.0688,0.0011
BMHFFIJJ_03418,Cytoplasmic,0.0002,0.0005,0.6502,0.0037,0.3016,0.0438
BMHFFIJJ_03419,Cytoplasmic,0.0011,0.0107,0.7111,0.1975,0.0762,0.0034
BMHFFIJJ_03420,Cytoplasmic,0.0001,0.0400,0.9489,0.0031,0.0063,0.0017
BMHFFIJJ_03421,Cytoplasmic,0.0004,0.0047,0.9493,0.0206,0.0235,0.0015
BMHFFIJJ_03422,Extracellular,0.0044,0.4780,0.0925,0.0033,0.0522,0.3696
BMHFFIJJ_03423,Cytoplasmic Membrane,0.0000,0.0000,0.0000,0.9998,0.0002,0.0000
BMHFFIJJ_03424,Cytoplasmic Membrane,0.0000,0.0003,0.0000,0.9991,0.0005,0.0000
BMHFFIJJ_03425,Outer Membrane,0.0000,0.0000,0.0000,0.0032,0.9968,0.0000
BMHFFIJJ_03426,Cytoplasmic,0.0008,0.0065,0.8693,0.1016,0.0210,0.0009
BMHFFIJJ_03427,Periplasmic,0.0010,0.1926,0.0063,0.0006,0.0327,0.7669
BMHFFIJJ_03428,Cytoplasmic Membrane,0.0000,0.0000,0.0000,0.9980,0.0019,0.0000
BMHFFIJJ_03429,Extracellular,0.0001,0.4954,0.4767,0.0123,0.0154,0.0001
BMHFFIJJ_03430,Cytoplasmic Membrane,0.0000,0.0001,0.0002,0.9947,0.0050,0.0000
BMHFFIJJ_03431,Cytoplasmic,0.0005,0.0127,0.6728,0.0095,0.3011,0.0034
BMHFFIJJ_03432,Cytoplasmic Membrane,0.0000,0.0000,0.0000,0.9987,0.0013,0.0000
BMHFFIJJ_03433,Cytoplasmic,0.0005,0.0453,0.7640,0.1781,0.0108,0.0014
BMHFFIJJ_03434,Cytoplasmic,0.0003,0.0010,0.9925,0.0039,0.0021,0.0002
BMHFFIJJ_03435,Cytoplasmic,0.0000,0.0003,0.9677,0.0020,0.0287,0.0014
BMHFFIJJ_03436,Cytoplasmic Membrane,0.0000,0.0003,0.0001,0.9945,0.0050,0.0000
BMHFFIJJ_03437,Cytoplasmic,0.0001,0.0001,0.9787,0.0044,0.0166,0.0001
BMHFFIJJ_03438,Outer Membrane,0.0000,0.0000,0.0000,0.0002,0.9997,0.0000
BMHFFIJJ_03439,Outer Membrane,0.0028,0.0141,0.0091,0.1182,0.6846,0.1712
BMHFFIJJ_03440,Cytoplasmic Membrane,0.0000,0.0000,0.0000,0.9997,0.0003,0.0000
BMHFFIJJ_03441,Cytoplasmic Membrane,0.0001,0.0639,0.0013,0.9271,0.0065,0.0012
BMHFFIJJ_03442,Cytoplasmic Membrane,0.0001,0.0002,0.0409,0.9214,0.0366,0.0008
BMHFFIJJ_03443,Cytoplasmic,0.0006,0.2834,0.6436,0.0348,0.0358,0.0018
BMHFFIJJ_03444,Cytoplasmic Membrane,0.0000,0.0006,0.0006,0.9951,0.0037,0.0000
BMHFFIJJ_03445,Cytoplasmic,0.0000,0.0002,0.9385,0.0070,0.0521,0.0021
BMHFFIJJ_03446,Cytoplasmic Membrane,0.0000,0.0002,0.0003,0.9973,0.0022,0.0000
BMHFFIJJ_03447,Outer Membrane,0.0000,0.0004,0.0002,0.0068,0.9921,0.0005
BMHFFIJJ_03448,Cytoplasmic Membrane,0.0000,0.0000,0.0000,0.9997,0.0003,0.0000
BMHFFIJJ_03449,Outer Membrane,0.0005,0.0018,0.0023,0.4165,0.5740,0.0049
BMHFFIJJ_03450,Cytoplasmic,0.0004,0.0748,0.7075,0.1943,0.0207,0.0024
BMHFFIJJ_03451,Cytoplasmic,0.0002,0.0014,0.9080,0.0019,0.0851,0.0034
BMHFFIJJ_03452,Cytoplasmic Membrane,0.0000,0.0002,0.0001,0.9976,0.0021,0.0000
BMHFFIJJ_03453,Cytoplasmic,0.0027,0.0012,0.8629,0.0316,0.1012,0.0004
BMHFFIJJ_03454,Cytoplasmic Membrane,0.0009,0.0035,0.0008,0.5834,0.4080,0.0034
BMHFFIJJ_03455,Cytoplasmic,0.0006,0.0028,0.7168,0.2653,0.0131,0.0015
BMHFFIJJ_03456,Cytoplasmic,0.0000,0.0006,0.9863,0.0003,0.0096,0.0031
BMHFFIJJ_03457,Cytoplasmic Membrane,0.0008,0.0010,0.1818,0.7920,0.0242,0.0003
BMHFFIJJ_03458,Extracellular,0.0000,0.7377,0.1372,0.0049,0.1201,0.0001
BMHFFIJJ_03459,Cytoplasmic,0.0001,0.0051,0.9695,0.0012,0.0229,0.0012
BMHFFIJJ_03460,Cytoplasmic,0.0000,0.4538,0.5424,0.0005,0.0032,0.0001
BMHFFIJJ_03461,Cytoplasmic,0.0002,0.0018,0.9876,0.0011,0.0085,0.0008
BMHFFIJJ_03462,Cytoplasmic Membrane,0.0001,0.0030,0.0001,0.9936,0.0032,0.0000
BMHFFIJJ_03463,Cytoplasmic,0.0003,0.0006,0.9949,0.0016,0.0015,0.0012
BMHFFIJJ_03464,Cytoplasmic,0.0000,0.0000,0.9916,0.0046,0.0036,0.0002
BMHFFIJJ_03465,Cytoplasmic,0.0000,0.0006,0.9972,0.0007,0.0010,0.0005
BMHFFIJJ_03466,Cytoplasmic,0.0007,0.0031,0.7524,0.1805,0.0566,0.0067
BMHFFIJJ_03467,Cytoplasmic Membrane,0.0000,0.0001,0.0015,0.9982,0.0002,0.0000
BMHFFIJJ_03468,Cytoplasmic,0.0070,0.1670,0.6782,0.0011,0.1446,0.0021
BMHFFIJJ_03469,Cytoplasmic Membrane,0.0000,0.0000,0.0003,0.9982,0.0015,0.0000
BMHFFIJJ_03470,Cytoplasmic,0.0001,0.0002,0.8474,0.0007,0.1493,0.0022
BMHFFIJJ_03471,Cytoplasmic,0.0009,0.0214,0.9073,0.0176,0.0499,0.0029
BMHFFIJJ_03472,Cytoplasmic Membrane,0.0000,0.0000,0.0000,0.9995,0.0005,0.0000
BMHFFIJJ_03473,Cytoplasmic,0.0000,0.0000,0.9864,0.0001,0.0135,0.0000
BMHFFIJJ_03474,Cytoplasmic,0.0040,0.0082,0.8817,0.0609,0.0447,0.0004
BMHFFIJJ_03475,Cytoplasmic,0.0001,0.0270,0.9085,0.0288,0.0353,0.0004
BMHFFIJJ_03476,Cytoplasmic,0.0004,0.0028,0.9813,0.0095,0.0059,0.0002
BMHFFIJJ_03477,Cytoplasmic,0.0015,0.0009,0.7927,0.0468,0.1543,0.0038
BMHFFIJJ_03478,Cytoplasmic,0.0000,0.2960,0.4319,0.1181,0.1524,0.0016
BMHFFIJJ_03479,Cytoplasmic,0.0000,0.0017,0.9972,0.0003,0.0008,0.0000
BMHFFIJJ_03480,Outer Membrane,0.0001,0.3287,0.2771,0.0022,0.3915,0.0004
BMHFFIJJ_03481,Cytoplasmic,0.0001,0.0039,0.9916,0.0037,0.0007,0.0001
BMHFFIJJ_03482,Cytoplasmic,0.0005,0.1871,0.6652,0.0614,0.0847,0.0011
BMHFFIJJ_03483,Cytoplasmic,0.0004,0.0920,0.8994,0.0005,0.0077,0.0000
BMHFFIJJ_03484,Cytoplasmic,0.0002,0.0017,0.9773,0.0070,0.0137,0.0003
BMHFFIJJ_03485,Periplasmic,0.0032,0.0919,0.2856,0.0755,0.1404,0.4035
BMHFFIJJ_03486,Cytoplasmic,0.0015,0.1121,0.8655,0.0013,0.0196,0.0001
BMHFFIJJ_03487,Outer Membrane,0.0016,0.3873,0.0235,0.0545,0.5305,0.0025
BMHFFIJJ_03488,Cytoplasmic,0.0016,0.0086,0.9348,0.0361,0.0177,0.0011
BMHFFIJJ_03490,Cytoplasmic,0.0000,0.0002,0.9975,0.0017,0.0006,0.0001
BMHFFIJJ_03491,Cytoplasmic,0.0000,0.0004,0.9928,0.0034,0.0027,0.0007
BMHFFIJJ_03492,Outer Membrane,0.0031,0.2762,0.0806,0.0005,0.4057,0.2338
BMHFFIJJ_03493,Periplasmic,0.0001,0.0110,0.0150,0.0006,0.0093,0.9639
BMHFFIJJ_03494,Cytoplasmic Membrane,0.0000,0.0000,0.0000,0.9973,0.0026,0.0000
BMHFFIJJ_03495,Periplasmic,0.0003,0.0620,0.0042,0.0012,0.0097,0.9225
BMHFFIJJ_03496,Cytoplasmic,0.0001,0.3916,0.5788,0.0092,0.0164,0.0039
BMHFFIJJ_03497,Cytoplasmic Membrane,0.0022,0.1201,0.2221,0.2465,0.1672,0.2419
BMHFFIJJ_03498,Cytoplasmic,0.0003,0.0048,0.5763,0.3950,0.0198,0.0039
BMHFFIJJ_03499,Cytoplasmic,0.0041,0.0021,0.6662,0.2526,0.0744,0.0006
BMHFFIJJ_03500,Cytoplasmic,0.0002,0.2233,0.6685,0.0048,0.1029,0.0003
BMHFFIJJ_03501,Cytoplasmic,0.0017,0.2034,0.7664,0.0021,0.0245,0.0019
BMHFFIJJ_03502,Cytoplasmic,0.0049,0.0026,0.7664,0.0099,0.2157,0.0005
BMHFFIJJ_03503,Extracellular,0.0001,0.8777,0.1129,0.0054,0.0038,0.0000
BMHFFIJJ_03504,Cytoplasmic,0.0002,0.0036,0.9833,0.0024,0.0105,0.0000
BMHFFIJJ_03505,Cytoplasmic,0.0001,0.0055,0.9701,0.0001,0.0243,0.0000
BMHFFIJJ_03506,Cytoplasmic,0.0001,0.1216,0.8524,0.0195,0.0062,0.0002
BMHFFIJJ_03507,Cytoplasmic,0.0004,0.0062,0.9324,0.0011,0.0598,0.0001
BMHFFIJJ_03508,Cytoplasmic,0.0006,0.0084,0.7662,0.0342,0.1868,0.0038
BMHFFIJJ_03509,Cytoplasmic,0.0032,0.1895,0.7551,0.0060,0.0460,0.0002
BMHFFIJJ_03510,Cytoplasmic,0.0015,0.0500,0.7259,0.0080,0.2143,0.0003
BMHFFIJJ_03511,Cytoplasmic,0.0001,0.0025,0.9963,0.0002,0.0007,0.0001
BMHFFIJJ_03512,Cytoplasmic,0.0013,0.0229,0.9429,0.0149,0.0176,0.0004
BMHFFIJJ_03513,Cytoplasmic,0.0001,0.0511,0.9403,0.0032,0.0051,0.0002
BMHFFIJJ_03514,Cytoplasmic,0.0004,0.2502,0.4809,0.2065,0.0407,0.0212
BMHFFIJJ_03515,Cytoplasmic,0.0007,0.0212,0.8780,0.0702,0.0297,0.0003
BMHFFIJJ_03516,Cytoplasmic,0.0004,0.0108,0.6824,0.0552,0.2508,0.0003
BMHFFIJJ_03517,Cytoplasmic,0.0000,0.0002,0.9828,0.0001,0.0168,0.0001
BMHFFIJJ_03518,Cytoplasmic,0.0001,0.0044,0.9798,0.0055,0.0100,0.0003
BMHFFIJJ_03519,Extracellular,0.0002,0.5670,0.3647,0.0573,0.0107,0.0001
BMHFFIJJ_03520,Cytoplasmic,0.0002,0.2026,0.7779,0.0017,0.0172,0.0003
BMHFFIJJ_03521,Cytoplasmic,0.0043,0.0316,0.9435,0.0054,0.0145,0.0007
BMHFFIJJ_03522,Cytoplasmic,0.0035,0.0150,0.8798,0.0115,0.0897,0.0005
BMHFFIJJ_03523,Cytoplasmic,0.0000,0.0003,0.9940,0.0005,0.0052,0.0000
BMHFFIJJ_03524,Extracellular,0.0040,0.8079,0.1420,0.0099,0.0359,0.0003
BMHFFIJJ_03525,Cytoplasmic,0.0056,0.2549,0.6836,0.0463,0.0093,0.0002
BMHFFIJJ_03526,Cytoplasmic,0.0002,0.0001,0.9700,0.0004,0.0294,0.0000
BMHFFIJJ_03527,Cytoplasmic,0.0003,0.0043,0.9852,0.0009,0.0091,0.0003
BMHFFIJJ_03528,Cytoplasmic,0.0000,0.0024,0.9599,0.0336,0.0040,0.0000
BMHFFIJJ_03529,Cytoplasmic,0.0036,0.2726,0.6942,0.0190,0.0084,0.0022
BMHFFIJJ_03530,Cytoplasmic,0.0000,0.0002,0.9795,0.0170,0.0030,0.0002
BMHFFIJJ_03531,Cytoplasmic,0.0013,0.0420,0.9429,0.0008,0.0121,0.0009
BMHFFIJJ_03532,Cytoplasmic,0.0002,0.0269,0.9235,0.0086,0.0110,0.0299
BMHFFIJJ_03533,Cytoplasmic,0.0035,0.2965,0.6408,0.0024,0.0497,0.0070
BMHFFIJJ_03534,Cytoplasmic,0.0064,0.0256,0.8749,0.0142,0.0773,0.0017
BMHFFIJJ_03535,Outer Membrane,0.0025,0.1351,0.0134,0.0069,0.7121,0.1300
BMHFFIJJ_03536,Cytoplasmic Membrane,0.0001,0.0063,0.0002,0.9912,0.0023,0.0000
BMHFFIJJ_03537,Cytoplasmic,0.0057,0.1596,0.4110,0.4059,0.0176,0.0002
BMHFFIJJ_03538,Cytoplasmic,0.0002,0.1406,0.7356,0.1058,0.0158,0.0019
BMHFFIJJ_03539,Cytoplasmic,0.0001,0.3525,0.5196,0.0218,0.1007,0.0053
BMHFFIJJ_03540,Cytoplasmic,0.0001,0.3127,0.5079,0.1579,0.0132,0.0081
BMHFFIJJ_03541,Extracellular,0.0000,0.5005,0.3248,0.1709,0.0031,0.0006
BMHFFIJJ_03542,Extracellular,0.0000,0.9003,0.0902,0.0026,0.0069,0.0000
BMHFFIJJ_03543,Cytoplasmic,0.0057,0.1596,0.4110,0.4059,0.0176,0.0002
BMHFFIJJ_03544,Cytoplasmic,0.0009,0.4150,0.4493,0.0850,0.0495,0.0003
BMHFFIJJ_03545,Cytoplasmic Membrane,0.0000,0.0529,0.0007,0.9384,0.0079,0.0001
BMHFFIJJ_03546,Cytoplasmic Membrane,0.0000,0.0000,0.0000,0.9996,0.0003,0.0000
BMHFFIJJ_03547,Outer Membrane,0.0018,0.0667,0.0153,0.1937,0.7046,0.0180
BMHFFIJJ_03548,Cytoplasmic,0.0002,0.0391,0.8981,0.0394,0.0158,0.0074
BMHFFIJJ_03549,Cytoplasmic Membrane,0.0000,0.0004,0.0001,0.9978,0.0016,0.0000
BMHFFIJJ_03550,Cytoplasmic,0.0002,0.0603,0.8536,0.0588,0.0252,0.0019
BMHFFIJJ_03551,Cytoplasmic,0.0000,0.0024,0.9599,0.0336,0.0040,0.0000
BMHFFIJJ_03552,Cytoplasmic,0.0003,0.0043,0.9852,0.0009,0.0091,0.0003
BMHFFIJJ_03554,Cytoplasmic Membrane,0.0000,0.0013,0.0000,0.9977,0.0010,0.0000
BMHFFIJJ_03555,Cytoplasmic Membrane,0.0000,0.0000,0.0002,0.9986,0.0011,0.0000
BMHFFIJJ_03556,Cytoplasmic,0.0001,0.0008,0.9977,0.0008,0.0005,0.0001
BMHFFIJJ_03557,Cytoplasmic,0.0037,0.0078,0.6245,0.2936,0.0513,0.0190
BMHFFIJJ_03558,Cytoplasmic,0.0044,0.0014,0.8286,0.0044,0.1606,0.0007
BMHFFIJJ_03559,Periplasmic,0.0031,0.3853,0.1525,0.0045,0.0117,0.4429
BMHFFIJJ_03560,Cytoplasmic Membrane,0.0000,0.0000,0.0000,0.9999,0.0001,0.0000
BMHFFIJJ_03561,Cytoplasmic,0.0003,0.0001,0.8972,0.0617,0.0397,0.0011
BMHFFIJJ_03562,Cytoplasmic,0.0001,0.0003,0.9577,0.0013,0.0403,0.0003
BMHFFIJJ_03563,Outer Membrane,0.0038,0.0567,0.1336,0.1925,0.5746,0.0388
BMHFFIJJ_03565,Cytoplasmic,0.0010,0.0524,0.9352,0.0067,0.0038,0.0008
BMHFFIJJ_03566,Cytoplasmic,0.0033,0.3865,0.5814,0.0158,0.0124,0.0006
BMHFFIJJ_03567,Cytoplasmic,0.0013,0.0023,0.8994,0.0514,0.0418,0.0038
BMHFFIJJ_03568,Cytoplasmic Membrane,0.0000,0.0000,0.0000,0.9999,0.0001,0.0000
BMHFFIJJ_03569,Cytoplasmic Membrane,0.0000,0.0021,0.0001,0.9947,0.0030,0.0000
BMHFFIJJ_03570,Outer Membrane,0.0000,0.0023,0.0000,0.4406,0.5401,0.0171
BMHFFIJJ_03571,Cytoplasmic Membrane,0.0000,0.0053,0.0005,0.9860,0.0081,0.0001
BMHFFIJJ_03572,Cytoplasmic,0.0003,0.0008,0.9903,0.0022,0.0051,0.0014
BMHFFIJJ_03573,Cytoplasmic,0.0167,0.3458,0.5486,0.0104,0.0274,0.0511
BMHFFIJJ_03574,Cytoplasmic,0.0005,0.0172,0.9278,0.0213,0.0324,0.0008
BMHFFIJJ_03575,Cytoplasmic Membrane,0.0000,0.0000,0.0001,0.9995,0.0004,0.0000
BMHFFIJJ_03576,Cytoplasmic,0.0002,0.0009,0.9903,0.0034,0.0051,0.0001
BMHFFIJJ_03577,Cytoplasmic,0.0001,0.0032,0.9880,0.0060,0.0021,0.0007
BMHFFIJJ_03578,Cytoplasmic,0.0018,0.2257,0.6943,0.0458,0.0298,0.0026
BMHFFIJJ_03579,Cytoplasmic,0.0022,0.1147,0.5373,0.0001,0.3351,0.0106
BMHFFIJJ_03580,Cytoplasmic,0.0005,0.0409,0.8880,0.0032,0.0615,0.0059
BMHFFIJJ_03581,Cytoplasmic,0.0056,0.1294,0.8113,0.0188,0.0324,0.0026
BMHFFIJJ_03582,Cytoplasmic,0.0001,0.0006,0.9713,0.0146,0.0134,0.0001
BMHFFIJJ_03583,Cytoplasmic Membrane,0.0108,0.0282,0.0060,0.7063,0.2478,0.0009
BMHFFIJJ_03584,Cytoplasmic,0.0000,0.0001,0.9966,0.0000,0.0026,0.0007
BMHFFIJJ_03585,Cytoplasmic,0.0011,0.0020,0.9164,0.0132,0.0584,0.0088
BMHFFIJJ_03586,Outer Membrane,0.0064,0.0385,0.0367,0.1670,0.7279,0.0235
BMHFFIJJ_03587,Cytoplasmic,0.0005,0.0003,0.9786,0.0018,0.0187,0.0002
BMHFFIJJ_03588,Cytoplasmic,0.0002,0.0023,0.8379,0.1203,0.0389,0.0004
BMHFFIJJ_03589,Cytoplasmic,0.0002,0.2356,0.6203,0.0794,0.0625,0.0020
BMHFFIJJ_03590,Cytoplasmic Membrane,0.0013,0.0364,0.0023,0.4764,0.4680,0.0155
BMHFFIJJ_03591,Cytoplasmic,0.0001,0.2130,0.4937,0.2322,0.0596,0.0015
BMHFFIJJ_03592,Cytoplasmic,0.0000,0.0000,0.9985,0.0000,0.0014,0.0000
BMHFFIJJ_03593,Cytoplasmic,0.0019,0.1695,0.4941,0.0001,0.3288,0.0056
BMHFFIJJ_03594,Cytoplasmic,0.0002,0.0021,0.9861,0.0002,0.0115,0.0000
BMHFFIJJ_03596,Outer Membrane,0.0006,0.0145,0.0013,0.1895,0.7187,0.0754
BMHFFIJJ_03597,Cytoplasmic,0.0001,0.0091,0.9856,0.0033,0.0012,0.0007
BMHFFIJJ_03598,Cytoplasmic,0.0061,0.0386,0.8394,0.0031,0.1115,0.0013
BMHFFIJJ_03599,Cytoplasmic Membrane,0.0000,0.0072,0.0001,0.9860,0.0066,0.0000
BMHFFIJJ_03600,Cytoplasmic,0.0000,0.0044,0.9799,0.0136,0.0016,0.0006
BMHFFIJJ_03601,Periplasmic,0.0004,0.0467,0.0055,0.1011,0.3025,0.5439
BMHFFIJJ_03602,Cytoplasmic,0.0001,0.0096,0.9819,0.0017,0.0064,0.0002
BMHFFIJJ_03603,Cytoplasmic,0.0001,0.3925,0.4668,0.1226,0.0160,0.0021
BMHFFIJJ_03604,Cytoplasmic,0.0004,0.0423,0.9430,0.0021,0.0086,0.0036
BMHFFIJJ_03605,Cytoplasmic,0.0001,0.0080,0.9712,0.0016,0.0171,0.0020
BMHFFIJJ_03606,Outer Membrane,0.0000,0.0000,0.0000,0.0006,0.9993,0.0000
BMHFFIJJ_03607,Outer Membrane,0.0000,0.0000,0.0000,0.0007,0.9993,0.0000
BMHFFIJJ_03608,Periplasmic,0.0015,0.2602,0.0177,0.0176,0.0377,0.6652
BMHFFIJJ_03609,Extracellular,0.0001,0.4447,0.2634,0.2021,0.0895,0.0002
BMHFFIJJ_03610,Cytoplasmic,0.0004,0.0103,0.9123,0.0713,0.0051,0.0006
BMHFFIJJ_03611,Extracellular,0.0637,0.4327,0.3772,0.0028,0.1232,0.0004
BMHFFIJJ_03612,Cytoplasmic Membrane,0.0000,0.0000,0.0000,0.9994,0.0006,0.0000
BMHFFIJJ_03613,Cytoplasmic,0.0001,0.0009,0.9232,0.0031,0.0266,0.0460
BMHFFIJJ_03614,Cytoplasmic,0.0000,0.0035,0.9433,0.0029,0.0503,0.0000
BMHFFIJJ_03615,Cytoplasmic,0.0004,0.0049,0.9718,0.0090,0.0064,0.0075
BMHFFIJJ_03616,Periplasmic,0.0000,0.0384,0.0002,0.0062,0.0264,0.9289
BMHFFIJJ_03617,Cytoplasmic,0.0000,0.0000,0.9837,0.0002,0.0160,0.0000
BMHFFIJJ_03618,Cytoplasmic,0.0002,0.0009,0.8894,0.0931,0.0140,0.0024
BMHFFIJJ_03619,Cytoplasmic Membrane,0.0007,0.0018,0.0045,0.5719,0.4192,0.0018
BMHFFIJJ_03620,Outer Membrane,0.0009,0.2542,0.0028,0.0536,0.6768,0.0116
BMHFFIJJ_03621,Periplasmic,0.0016,0.0226,0.1048,0.2152,0.1539,0.5019
BMHFFIJJ_03622,Cytoplasmic,0.0001,0.0005,0.9727,0.0092,0.0172,0.0003
BMHFFIJJ_03623,Cytoplasmic Membrane,0.0006,0.0612,0.3132,0.5209,0.1029,0.0012
BMHFFIJJ_03624,Cytoplasmic Membrane,0.0025,0.2127,0.2784,0.4507,0.0542,0.0014
BMHFFIJJ_03625,Cytoplasmic Membrane,0.0005,0.0038,0.0016,0.9766,0.0174,0.0001
BMHFFIJJ_03626,Extracellular,0.0042,0.9886,0.0005,0.0008,0.0010,0.0049
BMHFFIJJ_03627,Outer Membrane,0.0337,0.1221,0.2376,0.0579,0.3933,0.1555
BMHFFIJJ_03628,Cytoplasmic Membrane,0.0000,0.0001,0.0000,0.9993,0.0007,0.0000
BMHFFIJJ_03629,Cytoplasmic Membrane,0.0001,0.0005,0.0004,0.9620,0.0354,0.0016
BMHFFIJJ_03630,Cytoplasmic,0.0006,0.0515,0.8132,0.0093,0.1248,0.0005
BMHFFIJJ_03631,Cytoplasmic,0.0000,0.3512,0.4019,0.1701,0.0767,0.0001
BMHFFIJJ_03632,Cytoplasmic,0.0131,0.0324,0.4204,0.1590,0.1334,0.2417
BMHFFIJJ_03633,Outer Membrane,0.0046,0.3323,0.0002,0.0172,0.6431,0.0026
BMHFFIJJ_03634,Outer Membrane,0.0000,0.0000,0.0001,0.0004,0.9996,0.0000
BMHFFIJJ_03635,Periplasmic,0.0062,0.1269,0.0038,0.0244,0.3513,0.4874
BMHFFIJJ_03636,Periplasmic,0.0026,0.1472,0.0332,0.0242,0.2979,0.4949
BMHFFIJJ_03637,Periplasmic,0.0005,0.0132,0.0329,0.0036,0.2152,0.7347
BMHFFIJJ_03638,Cytoplasmic,0.0001,0.0007,0.9531,0.0013,0.0438,0.0011
BMHFFIJJ_03639,Cytoplasmic,0.0000,0.0003,0.9944,0.0032,0.0019,0.0002
BMHFFIJJ_03640,Cytoplasmic,0.0000,0.0010,0.9853,0.0096,0.0040,0.0001
BMHFFIJJ_03641,Cytoplasmic,0.0003,0.0011,0.8173,0.1795,0.0018,0.0000
BMHFFIJJ_03642,Extracellular,0.0005,0.6067,0.1416,0.0625,0.1854,0.0034
BMHFFIJJ_03643,Cytoplasmic,0.0000,0.0009,0.9692,0.0275,0.0007,0.0017
BMHFFIJJ_03644,Outer Membrane,0.0125,0.1448,0.0629,0.0328,0.6328,0.1141
BMHFFIJJ_03645,Cytoplasmic Membrane,0.0006,0.0062,0.0043,0.8911,0.0820,0.0158
BMHFFIJJ_03646,Cytoplasmic Membrane,0.0000,0.0001,0.2045,0.7924,0.0029,0.0001
BMHFFIJJ_03647,Outer Membrane,0.0002,0.0050,0.0002,0.0035,0.9582,0.0328
BMHFFIJJ_03648,Cytoplasmic Membrane,0.0000,0.0000,0.0000,0.9998,0.0001,0.0000
BMHFFIJJ_03649,Cytoplasmic Membrane,0.0000,0.0000,0.0003,0.9980,0.0016,0.0001
BMHFFIJJ_03650,Outer Membrane,0.0000,0.0005,0.0001,0.0028,0.9918,0.0049
BMHFFIJJ_03651,Cytoplasmic,0.0000,0.0002,0.9918,0.0037,0.0041,0.0002
BMHFFIJJ_03652,Cytoplasmic Membrane,0.0000,0.0000,0.0001,0.9967,0.0032,0.0000
BMHFFIJJ_03653,Cytoplasmic Membrane,0.0000,0.0000,0.0001,0.9986,0.0012,0.0000
BMHFFIJJ_03654,Cytoplasmic Membrane,0.0000,0.0000,0.0000,0.9994,0.0006,0.0000
BMHFFIJJ_03655,Cytoplasmic,0.0004,0.0002,0.5557,0.2129,0.2296,0.0011
BMHFFIJJ_03656,Cytoplasmic,0.0018,0.0016,0.9221,0.0091,0.0639,0.0015
BMHFFIJJ_03657,Cytoplasmic,0.0009,0.0007,0.9846,0.0086,0.0041,0.0011
BMHFFIJJ_03658,Cytoplasmic,0.0004,0.0099,0.7314,0.0047,0.2529,0.0008
BMHFFIJJ_03659,Cytoplasmic Membrane,0.0000,0.0000,0.0000,0.9997,0.0003,0.0000
BMHFFIJJ_03660,Cytoplasmic,0.0001,0.0016,0.9950,0.0029,0.0003,0.0001
BMHFFIJJ_03661,Extracellular,0.0006,0.8654,0.0000,0.0003,0.1324,0.0013
BMHFFIJJ_03662,Extracellular,0.0054,0.9187,0.0019,0.0004,0.0479,0.0258
BMHFFIJJ_03663,Outer Membrane,0.0000,0.0000,0.0001,0.0020,0.9978,0.0001
BMHFFIJJ_03664,Outer Membrane,0.0003,0.0067,0.0016,0.0680,0.9188,0.0046
BMHFFIJJ_03665,Cytoplasmic Membrane,0.0029,0.0680,0.0073,0.7153,0.2001,0.0064
BMHFFIJJ_03666,Cytoplasmic,0.0013,0.0644,0.9001,0.0257,0.0078,0.0007
BMHFFIJJ_03667,Cytoplasmic,0.0009,0.0016,0.9509,0.0305,0.0147,0.0014
BMHFFIJJ_03668,Cytoplasmic,0.0000,0.0024,0.9922,0.0005,0.0041,0.0008
BMHFFIJJ_03669,Cytoplasmic,0.0003,0.0346,0.8907,0.0217,0.0516,0.0012
BMHFFIJJ_03670,Cytoplasmic,0.0003,0.0066,0.9659,0.0088,0.0180,0.0003
BMHFFIJJ_03671,Cytoplasmic,0.0008,0.0098,0.9502,0.0131,0.0254,0.0007
BMHFFIJJ_03672,Cytoplasmic,0.0001,0.0008,0.9455,0.0070,0.0465,0.0002
BMHFFIJJ_03673,Cytoplasmic Membrane,0.0000,0.0000,0.0000,0.9998,0.0002,0.0000
BMHFFIJJ_03674,Cytoplasmic Membrane,0.0000,0.0000,0.0001,0.9990,0.0009,0.0000
BMHFFIJJ_03675,Cytoplasmic Membrane,0.0000,0.0000,0.0000,0.9999,0.0001,0.0000
BMHFFIJJ_03676,Cytoplasmic,0.0009,0.0003,0.9530,0.0089,0.0365,0.0004
BMHFFIJJ_03677,Cytoplasmic,0.0000,0.0003,0.9617,0.0259,0.0121,0.0000
BMHFFIJJ_03678,Outer Membrane,0.0115,0.2641,0.1979,0.1359,0.3583,0.0322
BMHFFIJJ_03679,Cytoplasmic,0.0002,0.0203,0.6038,0.0047,0.3661,0.0049
BMHFFIJJ_03680,Extracellular,0.0027,0.4915,0.0124,0.0020,0.0418,0.4496
BMHFFIJJ_03681,Cytoplasmic Membrane,0.0000,0.0000,0.0000,0.9993,0.0007,0.0000
BMHFFIJJ_03682,Outer Membrane,0.0000,0.0000,0.0000,0.0001,0.9998,0.0000
BMHFFIJJ_03683,Outer Membrane,0.0004,0.0807,0.0001,0.0034,0.9121,0.0032
BMHFFIJJ_03684,Outer Membrane,0.0021,0.2027,0.0002,0.0088,0.7657,0.0204
BMHFFIJJ_03685,Outer Membrane,0.0029,0.1045,0.0004,0.0202,0.8622,0.0098
BMHFFIJJ_03686,Cytoplasmic Membrane,0.0004,0.0514,0.0014,0.9096,0.0369,0.0002
BMHFFIJJ_03687,Cytoplasmic,0.0002,0.0102,0.9457,0.0015,0.0420,0.0004
BMHFFIJJ_03688,Cytoplasmic,0.0001,0.0122,0.9730,0.0066,0.0080,0.0003
BMHFFIJJ_03689,Cytoplasmic,0.0001,0.0009,0.9951,0.0033,0.0005,0.0002
BMHFFIJJ_03690,Cytoplasmic,0.0000,0.0002,0.9980,0.0015,0.0003,0.0000
BMHFFIJJ_03691,Cytoplasmic,0.0032,0.0146,0.9788,0.0011,0.0011,0.0012
BMHFFIJJ_03692,Cytoplasmic,0.0003,0.0139,0.9719,0.0084,0.0040,0.0015
BMHFFIJJ_03693,Cytoplasmic,0.0000,0.0005,0.9973,0.0015,0.0007,0.0001
BMHFFIJJ_03694,Cytoplasmic,0.0001,0.0045,0.9682,0.0220,0.0031,0.0020
BMHFFIJJ_03695,Outer Membrane,0.0000,0.0000,0.0000,0.0504,0.9496,0.0000
BMHFFIJJ_03696,Cytoplasmic,0.0014,0.4201,0.4273,0.0003,0.1501,0.0009
BMHFFIJJ_03697,Cytoplasmic,0.0001,0.2506,0.6685,0.0074,0.0727,0.0007
BMHFFIJJ_03698,Cytoplasmic Membrane,0.0000,0.0000,0.0000,0.9968,0.0032,0.0000
BMHFFIJJ_03699,Cytoplasmic Membrane,0.0143,0.0288,0.0045,0.8876,0.0644,0.0003
BMHFFIJJ_03700,Cytoplasmic,0.0010,0.0125,0.9436,0.0266,0.0131,0.0031
BMHFFIJJ_03701,Cytoplasmic,0.0011,0.0034,0.6906,0.0357,0.2569,0.0123
BMHFFIJJ_03702,Cytoplasmic,0.0001,0.0023,0.9726,0.0012,0.0215,0.0023
BMHFFIJJ_03703,Cytoplasmic,0.0001,0.0047,0.9884,0.0025,0.0041,0.0002
BMHFFIJJ_03704,Outer Membrane,0.0012,0.0076,0.0234,0.1740,0.5845,0.2093
BMHFFIJJ_03705,Extracellular,0.0003,0.5544,0.2607,0.1154,0.0682,0.0010
BMHFFIJJ_03706,Cytoplasmic,0.0087,0.1199,0.7655,0.0413,0.0598,0.0047
BMHFFIJJ_03707,Cytoplasmic,0.0001,0.0019,0.8386,0.1293,0.0294,0.0008
BMHFFIJJ_03708,Periplasmic,0.0002,0.0071,0.0095,0.0180,0.1958,0.7694
BMHFFIJJ_03709,Cytoplasmic,0.0001,0.0045,0.9385,0.0206,0.0218,0.0145
BMHFFIJJ_03710,Cytoplasmic,0.0001,0.0399,0.9397,0.0131,0.0034,0.0039
BMHFFIJJ_03711,Periplasmic,0.0059,0.0682,0.0286,0.0155,0.2010,0.6808
BMHFFIJJ_03712,Cytoplasmic Membrane,0.0000,0.0030,0.0015,0.9944,0.0011,0.0000
BMHFFIJJ_03713,Cytoplasmic,0.0000,0.0315,0.6459,0.2608,0.0522,0.0094
BMHFFIJJ_03714,Cytoplasmic,0.0016,0.0349,0.8837,0.0219,0.0379,0.0201
BMHFFIJJ_03715,Cytoplasmic,0.0011,0.0309,0.8581,0.0070,0.0979,0.0051
BMHFFIJJ_03716,Outer Membrane,0.0000,0.0000,0.0000,0.0054,0.9946,0.0000
BMHFFIJJ_03717,Outer Membrane,0.0000,0.0000,0.0000,0.0103,0.9897,0.0000
BMHFFIJJ_03718,Cytoplasmic,0.0005,0.0218,0.4896,0.1445,0.1672,0.1765
BMHFFIJJ_03719,Outer Membrane,0.0003,0.0033,0.3044,0.0001,0.5719,0.1199
BMHFFIJJ_03720,Outer Membrane,0.0003,0.0012,0.0000,0.1686,0.8297,0.0003
BMHFFIJJ_03721,Cytoplasmic,0.0008,0.3452,0.6425,0.0005,0.0106,0.0004
BMHFFIJJ_03722,Cytoplasmic Membrane,0.0000,0.0016,0.0002,0.9952,0.0029,0.0000
BMHFFIJJ_03723,Cytoplasmic Membrane,0.0438,0.0152,0.0208,0.6862,0.2337,0.0003
BMHFFIJJ_03724,Cytoplasmic Membrane,0.0044,0.4461,0.0023,0.4853,0.0606,0.0013
BMHFFIJJ_03725,Cytoplasmic Membrane,0.0000,0.0000,0.0000,0.9996,0.0004,0.0000
BMHFFIJJ_03726,Cytoplasmic Membrane,0.0000,0.0031,0.0001,0.9886,0.0079,0.0003
BMHFFIJJ_03727,Outer Membrane,0.0000,0.0000,0.0000,0.0048,0.9952,0.0000
BMHFFIJJ_03728,Cytoplasmic,0.0006,0.0457,0.8950,0.0167,0.0139,0.0281
BMHFFIJJ_03729,Cytoplasmic,0.0004,0.0125,0.9495,0.0362,0.0013,0.0002
BMHFFIJJ_03730,Cytoplasmic,0.0029,0.2823,0.5951,0.0160,0.0541,0.0497
BMHFFIJJ_03731,Cytoplasmic,0.0000,0.0009,0.9888,0.0094,0.0004,0.0005
BMHFFIJJ_03732,Cytoplasmic,0.0016,0.0333,0.8933,0.0485,0.0210,0.0022
BMHFFIJJ_03735,Cytoplasmic,0.0003,0.0021,0.9617,0.0080,0.0274,0.0005
BMHFFIJJ_03736,Cytoplasmic,0.0001,0.0007,0.9656,0.0001,0.0286,0.0049
BMHFFIJJ_03737,Cytoplasmic,0.0001,0.0005,0.9847,0.0016,0.0130,0.0001
BMHFFIJJ_03738,Cytoplasmic,0.0002,0.0009,0.9734,0.0136,0.0114,0.0004
BMHFFIJJ_03739,Cytoplasmic,0.0008,0.0042,0.9819,0.0008,0.0096,0.0027
BMHFFIJJ_03740,Cytoplasmic Membrane,0.0001,0.0004,0.1744,0.8188,0.0063,0.0000
BMHFFIJJ_03741,Cytoplasmic,0.0008,0.0029,0.9419,0.0193,0.0345,0.0005
BMHFFIJJ_03742,Cytoplasmic,0.0003,0.0016,0.9721,0.0110,0.0139,0.0010
BMHFFIJJ_03743,Cytoplasmic,0.0001,0.0125,0.8838,0.0002,0.0576,0.0458
BMHFFIJJ_03744,Cytoplasmic Membrane,0.0001,0.0003,0.0015,0.9703,0.0277,0.0001
BMHFFIJJ_03745,Cytoplasmic,0.0000,0.0001,0.9970,0.0002,0.0023,0.0004
BMHFFIJJ_03746,Cytoplasmic,0.0001,0.0037,0.9234,0.0186,0.0451,0.0090
BMHFFIJJ_03747,Outer Membrane,0.0036,0.0120,0.0785,0.3481,0.5175,0.0403
BMHFFIJJ_03748,Cytoplasmic,0.0001,0.0003,0.9927,0.0041,0.0007,0.0021
BMHFFIJJ_03749,Cytoplasmic,0.0000,0.0004,0.9959,0.0019,0.0013,0.0005
BMHFFIJJ_03750,Cytoplasmic Membrane,0.0003,0.0029,0.0106,0.8943,0.0856,0.0063
BMHFFIJJ_03751,Cytoplasmic,0.0001,0.3114,0.6656,0.0039,0.0183,0.0008
BMHFFIJJ_03752,Cytoplasmic,0.0000,0.0005,0.9876,0.0005,0.0113,0.0000
BMHFFIJJ_03753,Cytoplasmic,0.0002,0.0020,0.9863,0.0045,0.0067,0.0004
BMHFFIJJ_03754,Cytoplasmic,0.0003,0.0038,0.9097,0.0014,0.0843,0.0005
BMHFFIJJ_03755,Cytoplasmic,0.0000,0.0002,0.9975,0.0003,0.0017,0.0002
BMHFFIJJ_03756,Cytoplasmic,0.0001,0.0004,0.9490,0.0468,0.0016,0.0022
BMHFFIJJ_03757,Cytoplasmic,0.0002,0.0002,0.9862,0.0088,0.0037,0.0008
BMHFFIJJ_03758,Periplasmic,0.0010,0.0089,0.0155,0.0628,0.1437,0.7682
BMHFFIJJ_03759,Cytoplasmic,0.0019,0.0419,0.8761,0.0084,0.0710,0.0007
BMHFFIJJ_03760,Cytoplasmic,0.0000,0.0041,0.9426,0.0444,0.0066,0.0023
BMHFFIJJ_03761,Outer Membrane,0.0064,0.0077,0.0033,0.3853,0.5089,0.0885
BMHFFIJJ_03762,Cytoplasmic Membrane,0.0000,0.0001,0.0000,0.9797,0.0203,0.0000
BMHFFIJJ_03763,Cytoplasmic Membrane,0.0000,0.0001,0.0005,0.9956,0.0038,0.0000
BMHFFIJJ_03764,Cytoplasmic Membrane,0.0000,0.0002,0.0001,0.9949,0.0047,0.0000
BMHFFIJJ_03765,Cytoplasmic Membrane,0.0004,0.0855,0.1982,0.5697,0.1444,0.0019
BMHFFIJJ_03766,Cytoplasmic Membrane,0.0004,0.0119,0.0536,0.8858,0.0481,0.0002
BMHFFIJJ_03767,Cytoplasmic Membrane,0.0000,0.0021,0.0037,0.9736,0.0205,0.0000
BMHFFIJJ_03768,Cytoplasmic,0.0006,0.1063,0.5350,0.1044,0.2524,0.0012
BMHFFIJJ_03769,Cytoplasmic Membrane,0.0000,0.0015,0.0000,0.9854,0.0131,0.0000
BMHFFIJJ_03770,Cytoplasmic Membrane,0.0002,0.0031,0.0197,0.9466,0.0303,0.0000
BMHFFIJJ_03771,Cytoplasmic Membrane,0.0006,0.0174,0.0584,0.7842,0.1392,0.0003
BMHFFIJJ_03772,Cytoplasmic Membrane,0.0002,0.0005,0.0591,0.8465,0.0935,0.0002
BMHFFIJJ_03773,Cytoplasmic,0.0019,0.0117,0.9352,0.0358,0.0143,0.0012
BMHFFIJJ_03774,Cytoplasmic,0.0007,0.2116,0.7589,0.0033,0.0237,0.0018
BMHFFIJJ_03775,Cytoplasmic Membrane,0.0003,0.2362,0.1534,0.5468,0.0628,0.0004
BMHFFIJJ_03776,Cytoplasmic,0.0001,0.0033,0.9758,0.0001,0.0073,0.0135
BMHFFIJJ_03777,Cytoplasmic,0.0024,0.0040,0.9816,0.0071,0.0046,0.0004
BMHFFIJJ_03778,Cytoplasmic,0.0009,0.0040,0.7430,0.0122,0.2387,0.0012
BMHFFIJJ_03779,Cytoplasmic,0.0002,0.0032,0.8209,0.0795,0.0929,0.0032
BMHFFIJJ_03780,Cytoplasmic,0.0000,0.0002,0.9993,0.0001,0.0003,0.0001
BMHFFIJJ_03781,Cytoplasmic,0.0000,0.0002,0.9850,0.0051,0.0036,0.0061
BMHFFIJJ_03782,Periplasmic,0.0001,0.0083,0.4014,0.0011,0.0724,0.5166
BMHFFIJJ_03783,Cytoplasmic Membrane,0.0000,0.0001,0.0000,0.9994,0.0004,0.0000
BMHFFIJJ_03784,Cytoplasmic,0.0034,0.0247,0.8968,0.0716,0.0034,0.0002
BMHFFIJJ_03785,Cytoplasmic,0.0000,0.0001,0.9923,0.0000,0.0070,0.0006
BMHFFIJJ_03786,Cytoplasmic,0.0000,0.2565,0.6905,0.0014,0.0514,0.0002
BMHFFIJJ_03787,Cytoplasmic,0.0000,0.0002,0.9973,0.0003,0.0020,0.0001
BMHFFIJJ_03788,Cytoplasmic,0.0009,0.0053,0.8615,0.0832,0.0404,0.0087
BMHFFIJJ_03789,Cytoplasmic,0.0053,0.1150,0.8295,0.0177,0.0302,0.0023
BMHFFIJJ_03790,Cytoplasmic,0.0003,0.0339,0.9166,0.0034,0.0395,0.0063
BMHFFIJJ_03791,Cytoplasmic Membrane,0.0000,0.0000,0.0000,0.9993,0.0006,0.0000
BMHFFIJJ_03792,Periplasmic,0.0006,0.0212,0.0074,0.0054,0.0908,0.8746
BMHFFIJJ_03793,Cytoplasmic Membrane,0.0240,0.0147,0.0143,0.6096,0.2464,0.0910
BMHFFIJJ_03794,Cytoplasmic,0.0005,0.0006,0.9656,0.0078,0.0253,0.0002
BMHFFIJJ_03795,Cytoplasmic Membrane,0.0120,0.2325,0.0376,0.2957,0.2698,0.1524
BMHFFIJJ_03796,Outer Membrane,0.0018,0.0585,0.0009,0.2649,0.6512,0.0227
BMHFFIJJ_03797,Extracellular,0.0004,0.7009,0.0001,0.0006,0.2755,0.0224
BMHFFIJJ_03798,Extracellular,0.0000,0.7347,0.1285,0.0395,0.0969,0.0003
BMHFFIJJ_03799,Cytoplasmic Membrane,0.0000,0.0001,0.0000,0.9980,0.0019,0.0000
BMHFFIJJ_03800,Cytoplasmic,0.0005,0.0827,0.6974,0.0017,0.1786,0.0392
BMHFFIJJ_03801,Cytoplasmic,0.0000,0.0002,0.9967,0.0024,0.0004,0.0002
BMHFFIJJ_03802,Cytoplasmic Membrane,0.0002,0.0011,0.0007,0.9962,0.0017,0.0000
BMHFFIJJ_03803,Outer Membrane,0.0009,0.0435,0.0002,0.2125,0.7411,0.0018
BMHFFIJJ_03804,Cytoplasmic,0.0003,0.0015,0.9464,0.0445,0.0052,0.0021
BMHFFIJJ_03805,Cytoplasmic Membrane,0.0013,0.0080,0.0073,0.9503,0.0288,0.0044
BMHFFIJJ_03806,Cytoplasmic Membrane,0.0014,0.0035,0.3719,0.4372,0.1849,0.0010
BMHFFIJJ_03807,Cytoplasmic Membrane,0.0018,0.0136,0.0011,0.8895,0.0896,0.0045
BMHFFIJJ_03808,Cytoplasmic,0.0005,0.0031,0.9506,0.0203,0.0242,0.0012
BMHFFIJJ_03809,Outer Membrane,0.0019,0.0406,0.0023,0.0130,0.9370,0.0051
BMHFFIJJ_03810,Outer Membrane,0.0063,0.0555,0.0014,0.0449,0.8891,0.0028
BMHFFIJJ_03811,Outer Membrane,0.0015,0.1030,0.0302,0.0235,0.5981,0.2437
BMHFFIJJ_03812,Cytoplasmic Membrane,0.0000,0.0000,0.0000,0.9977,0.0023,0.0000
BMHFFIJJ_03813,Cytoplasmic,0.0001,0.0004,0.9936,0.0005,0.0026,0.0027
BMHFFIJJ_03814,Cytoplasmic,0.0003,0.0293,0.8778,0.0009,0.0895,0.0023
BMHFFIJJ_03816,Extracellular,0.0048,0.6413,0.3337,0.0052,0.0150,0.0001
BMHFFIJJ_03817,Extracellular,0.0003,0.9546,0.0395,0.0008,0.0047,0.0001
BMHFFIJJ_03818,Cytoplasmic,0.0036,0.0032,0.8982,0.0627,0.0322,0.0002
BMHFFIJJ_03819,Cytoplasmic,0.0006,0.0738,0.9232,0.0004,0.0010,0.0010
BMHFFIJJ_03820,Cytoplasmic,0.0000,0.0033,0.9841,0.0010,0.0114,0.0001
BMHFFIJJ_03821,Cytoplasmic,0.0000,0.0012,0.9945,0.0005,0.0038,0.0000
BMHFFIJJ_03822,Extracellular,0.0013,0.5800,0.3910,0.0028,0.0246,0.0003
BMHFFIJJ_03823,Cytoplasmic,0.0019,0.0505,0.8834,0.0045,0.0577,0.0020
BMHFFIJJ_03824,Cytoplasmic,0.0004,0.0007,0.9757,0.0022,0.0209,0.0002
BMHFFIJJ_03825,Cytoplasmic,0.0001,0.0106,0.9780,0.0038,0.0027,0.0049
BMHFFIJJ_03826,Cytoplasmic,0.0006,0.0116,0.9783,0.0013,0.0081,0.0001
BMHFFIJJ_03827,Cytoplasmic,0.0012,0.0606,0.8729,0.0521,0.0123,0.0010
BMHFFIJJ_03828,Cytoplasmic,0.0001,0.0453,0.8822,0.0571,0.0146,0.0007
BMHFFIJJ_03829,Cytoplasmic Membrane,0.0000,0.0000,0.0000,0.9996,0.0003,0.0000
BMHFFIJJ_03830,Cytoplasmic Membrane,0.0000,0.0003,0.0001,0.9990,0.0006,0.0000
BMHFFIJJ_03831,Cytoplasmic Membrane,0.0000,0.0399,0.0010,0.9571,0.0020,0.0000
BMHFFIJJ_03832,Cytoplasmic Membrane,0.0000,0.0016,0.0002,0.9969,0.0013,0.0000
BMHFFIJJ_03833,Cytoplasmic,0.0001,0.2554,0.5565,0.1711,0.0165,0.0004
BMHFFIJJ_03834,Cytoplasmic,0.0031,0.0103,0.9149,0.0204,0.0496,0.0017
BMHFFIJJ_03835,Cytoplasmic,0.0000,0.0000,0.9809,0.0144,0.0044,0.0002
BMHFFIJJ_03836,Periplasmic,0.0086,0.2983,0.1205,0.0078,0.0342,0.5306
BMHFFIJJ_03837,Periplasmic,0.0050,0.3648,0.0177,0.0011,0.1352,0.4762
BMHFFIJJ_03838,Cytoplasmic,0.0001,0.2255,0.7485,0.0026,0.0232,0.0001
BMHFFIJJ_03839,Cytoplasmic,0.0000,0.0435,0.9145,0.0059,0.0360,0.0000
BMHFFIJJ_03845,Outer Membrane,0.0003,0.0010,0.4522,0.0384,0.4722,0.0360
BMHFFIJJ_03846,Cytoplasmic,0.0014,0.0015,0.7653,0.1731,0.0545,0.0042
BMHFFIJJ_03847,Cytoplasmic,0.0005,0.0034,0.6737,0.2401,0.0809,0.0014
BMHFFIJJ_03848,Cytoplasmic Membrane,0.0003,0.0008,0.3327,0.3821,0.2810,0.0030
BMHFFIJJ_03849,Cytoplasmic,0.0017,0.0083,0.8460,0.1124,0.0274,0.0042
BMHFFIJJ_03850,Cytoplasmic Membrane,0.0000,0.0003,0.0001,0.9949,0.0047,0.0000
BMHFFIJJ_03851,Cytoplasmic Membrane,0.0000,0.0040,0.0003,0.9930,0.0024,0.0004
BMHFFIJJ_03852,Cytoplasmic,0.0024,0.1413,0.7305,0.0731,0.0495,0.0031
BMHFFIJJ_03853,Cytoplasmic,0.0023,0.0399,0.7819,0.0105,0.1610,0.0043
BMHFFIJJ_03854,Outer Membrane,0.0007,0.0134,0.0024,0.0814,0.8745,0.0275
BMHFFIJJ_03855,Cytoplasmic Membrane,0.0002,0.0003,0.4142,0.5611,0.0241,0.0001
BMHFFIJJ_03856,Cytoplasmic Membrane,0.0000,0.0000,0.0000,1.0000,0.0000,0.0000
BMHFFIJJ_03857,Cytoplasmic Membrane,0.0000,0.0000,0.0000,0.9999,0.0001,0.0000
BMHFFIJJ_03858,Cytoplasmic Membrane,0.0005,0.0392,0.0021,0.8949,0.0631,0.0003
BMHFFIJJ_03859,Cytoplasmic,0.0007,0.0190,0.9671,0.0109,0.0022,0.0000
BMHFFIJJ_03860,Cytoplasmic,0.0017,0.0120,0.9654,0.0016,0.0188,0.0006
BMHFFIJJ_03861,Cytoplasmic Membrane,0.0000,0.0000,0.0000,0.9993,0.0006,0.0000
BMHFFIJJ_03862,Cytoplasmic,0.0000,0.0155,0.9822,0.0014,0.0004,0.0004
BMHFFIJJ_03863,Cytoplasmic,0.0004,0.0296,0.9435,0.0231,0.0004,0.0029
BMHFFIJJ_03864,Cytoplasmic,0.0004,0.0096,0.9452,0.0076,0.0117,0.0255
BMHFFIJJ_03865,Cytoplasmic,0.0000,0.0008,0.9935,0.0008,0.0045,0.0003
BMHFFIJJ_03866,Cytoplasmic,0.0010,0.0040,0.9235,0.0425,0.0282,0.0008
BMHFFIJJ_03867,Cytoplasmic,0.0003,0.0003,0.5381,0.0018,0.4585,0.0009
BMHFFIJJ_03868,Cytoplasmic Membrane,0.0000,0.0000,0.0000,0.9999,0.0001,0.0000
BMHFFIJJ_03869,Cytoplasmic,0.0000,0.1488,0.7556,0.0098,0.0850,0.0007
BMHFFIJJ_03870,Extracellular,0.0000,0.8750,0.1062,0.0010,0.0175,0.0002
BMHFFIJJ_03871,Cytoplasmic Membrane,0.0003,0.0013,0.0007,0.9867,0.0109,0.0000
BMHFFIJJ_03872,Cytoplasmic,0.0001,0.0013,0.9721,0.0028,0.0206,0.0032
BMHFFIJJ_03873,Cytoplasmic Membrane,0.0000,0.0003,0.0002,0.9989,0.0006,0.0000
BMHFFIJJ_03874,Cytoplasmic,0.0007,0.0028,0.9750,0.0015,0.0197,0.0003
BMHFFIJJ_03875,Cytoplasmic,0.0002,0.0174,0.9689,0.0052,0.0082,0.0002
BMHFFIJJ_03876,Cytoplasmic Membrane,0.0002,0.0152,0.0016,0.8201,0.1629,0.0001
BMHFFIJJ_03877,Extracellular,0.0034,0.9884,0.0000,0.0027,0.0054,0.0000
BMHFFIJJ_03878,Outer Membrane,0.0058,0.0425,0.2592,0.3063,0.3732,0.0131
BMHFFIJJ_03879,Extracellular,0.0179,0.9792,0.0000,0.0015,0.0010,0.0004
BMHFFIJJ_03880,Outer Membrane,0.0012,0.1087,0.0312,0.1229,0.7298,0.0060
BMHFFIJJ_03881,Outer Membrane,0.0001,0.0044,0.0023,0.2777,0.7150,0.0005
BMHFFIJJ_03882,Extracellular,0.0362,0.9548,0.0003,0.0016,0.0067,0.0006
BMHFFIJJ_03883,Outer Membrane,0.0002,0.0514,0.0073,0.0354,0.9041,0.0017
BMHFFIJJ_03884,Outer Membrane,0.0000,0.0001,0.0036,0.1962,0.7996,0.0004
BMHFFIJJ_03885,Cytoplasmic,0.0001,0.2573,0.5746,0.0270,0.1389,0.0023
BMHFFIJJ_03886,Outer Membrane,0.0008,0.0643,0.0813,0.1130,0.7283,0.0123
BMHFFIJJ_03887,Outer Membrane,0.0000,0.0337,0.0005,0.1515,0.8140,0.0002
BMHFFIJJ_03888,Extracellular,0.0010,0.4864,0.2380,0.1035,0.0889,0.0821
BMHFFIJJ_03889,Outer Membrane,0.0002,0.0382,0.0009,0.3634,0.5965,0.0008
BMHFFIJJ_03890,Cytoplasmic Membrane,0.0077,0.0672,0.0307,0.4791,0.3898,0.0254
BMHFFIJJ_03891,Extracellular,0.0055,0.4162,0.0733,0.0087,0.2211,0.2752
BMHFFIJJ_03892,Cytoplasmic Membrane,0.0000,0.0001,0.0014,0.9962,0.0015,0.0007
BMHFFIJJ_03893,Cytoplasmic Membrane,0.0001,0.0016,0.0007,0.9826,0.0148,0.0001
BMHFFIJJ_03894,Extracellular,0.0013,0.9966,0.0000,0.0004,0.0016,0.0001
BMHFFIJJ_03895,Cytoplasmic Membrane,0.0098,0.2322,0.0796,0.3793,0.2953,0.0038
BMHFFIJJ_03896,Outer Membrane,0.0000,0.0203,0.0005,0.0487,0.9286,0.0018
BMHFFIJJ_03897,Outer Membrane,0.0000,0.0005,0.0000,0.2262,0.7703,0.0029
BMHFFIJJ_03898,Cytoplasmic Membrane,0.0000,0.0000,0.0000,0.9997,0.0003,0.0000
BMHFFIJJ_03899,Outer Membrane,0.0000,0.0017,0.0002,0.0119,0.9790,0.0071
BMHFFIJJ_03900,Cytoplasmic Membrane,0.0000,0.0000,0.0001,0.9975,0.0024,0.0000
BMHFFIJJ_03901,Cytoplasmic,0.0000,0.0002,0.9616,0.0020,0.0348,0.0014
BMHFFIJJ_03902,Cytoplasmic,0.0005,0.0028,0.9699,0.0187,0.0053,0.0027
BMHFFIJJ_03903,Cytoplasmic,0.0000,0.0002,0.9894,0.0005,0.0084,0.0014
BMHFFIJJ_03904,Cytoplasmic,0.0064,0.0422,0.8996,0.0089,0.0387,0.0042
BMHFFIJJ_03905,Cytoplasmic,0.0000,0.0003,0.8529,0.0029,0.1138,0.0302
BMHFFIJJ_03906,Cytoplasmic Membrane,0.0000,0.0000,0.0001,0.9984,0.0016,0.0000
BMHFFIJJ_03907,Cytoplasmic Membrane,0.0019,0.0416,0.0088,0.8955,0.0395,0.0128
BMHFFIJJ_03908,Outer Membrane,0.0000,0.0000,0.0001,0.0001,0.9998,0.0000
BMHFFIJJ_03909,Cytoplasmic Membrane,0.0000,0.0000,0.0000,0.9999,0.0001,0.0000
BMHFFIJJ_03910,Cytoplasmic,0.0000,0.0005,0.8588,0.0039,0.1282,0.0086
BMHFFIJJ_03911,Cytoplasmic,0.0002,0.0043,0.8801,0.0863,0.0287,0.0005
BMHFFIJJ_03912,Cytoplasmic,0.0008,0.0055,0.8914,0.0132,0.0886,0.0005
BMHFFIJJ_03913,Cytoplasmic,0.0001,0.0053,0.9827,0.0050,0.0058,0.0012
BMHFFIJJ_03914,Cytoplasmic,0.0001,0.0013,0.9917,0.0047,0.0019,0.0002
BMHFFIJJ_03915,Cytoplasmic,0.0004,0.0111,0.9775,0.0011,0.0083,0.0016
BMHFFIJJ_03916,Cytoplasmic,0.0000,0.0002,0.9990,0.0004,0.0002,0.0001
BMHFFIJJ_03917,Cytoplasmic,0.0002,0.0001,0.9968,0.0025,0.0003,0.0001
BMHFFIJJ_03918,Cytoplasmic,0.0000,0.0003,0.9966,0.0000,0.0028,0.0002
BMHFFIJJ_03919,Cytoplasmic,0.0002,0.0027,0.9454,0.0086,0.0420,0.0011
BMHFFIJJ_03920,Cytoplasmic,0.0006,0.0165,0.7831,0.0680,0.1308,0.0010
BMHFFIJJ_03921,Cytoplasmic,0.0001,0.2681,0.6744,0.0135,0.0433,0.0006
BMHFFIJJ_03922,Cytoplasmic Membrane,0.0000,0.0003,0.0000,0.9992,0.0004,0.0000
BMHFFIJJ_03923,Cytoplasmic,0.0082,0.0682,0.8677,0.0089,0.0410,0.0060
BMHFFIJJ_03924,Cytoplasmic,0.0007,0.0421,0.7649,0.0003,0.1916,0.0003
BMHFFIJJ_03925,Cytoplasmic,0.0005,0.0035,0.6304,0.0023,0.3522,0.0111
BMHFFIJJ_03926,Cytoplasmic Membrane,0.0001,0.0005,0.0002,0.9859,0.0132,0.0001
BMHFFIJJ_03927,Cytoplasmic,0.0002,0.0010,0.8112,0.0897,0.0976,0.0004
BMHFFIJJ_03928,Outer Membrane,0.0001,0.0014,0.0001,0.0036,0.9942,0.0006
BMHFFIJJ_03929,Cytoplasmic,0.0000,0.0006,0.9727,0.0019,0.0244,0.0004
BMHFFIJJ_03930,Cytoplasmic,0.0000,0.0000,0.9987,0.0004,0.0008,0.0000
BMHFFIJJ_03931,Periplasmic,0.0001,0.0156,0.0009,0.0003,0.0101,0.9730
BMHFFIJJ_03932,Cytoplasmic,0.0065,0.0511,0.7044,0.0252,0.1891,0.0236
BMHFFIJJ_03933,Cytoplasmic,0.0001,0.0010,0.6410,0.1339,0.0693,0.1545
BMHFFIJJ_03934,Cytoplasmic,0.0006,0.0031,0.8665,0.0366,0.0919,0.0013
BMHFFIJJ_03935,Cytoplasmic,0.0017,0.0060,0.9321,0.0081,0.0510,0.0010
BMHFFIJJ_03936,Cytoplasmic,0.0006,0.0021,0.9726,0.0072,0.0172,0.0003
BMHFFIJJ_03937,Cytoplasmic,0.0006,0.0093,0.7862,0.0110,0.1894,0.0035
BMHFFIJJ_03938,Cytoplasmic,0.0045,0.0093,0.6102,0.2713,0.1028,0.0018
BMHFFIJJ_03939,Cytoplasmic,0.0001,0.0085,0.9653,0.0004,0.0252,0.0006
BMHFFIJJ_03940,Cytoplasmic,0.0001,0.0002,0.9869,0.0004,0.0123,0.0001
BMHFFIJJ_03941,Cytoplasmic,0.0010,0.0065,0.9630,0.0173,0.0121,0.0000
BMHFFIJJ_03942,Cytoplasmic,0.0000,0.0005,0.9958,0.0009,0.0027,0.0001
BMHFFIJJ_03943,Cytoplasmic,0.0000,0.3786,0.5919,0.0050,0.0245,0.0000
BMHFFIJJ_03944,Cytoplasmic Membrane,0.0008,0.0340,0.0042,0.9324,0.0285,0.0000
BMHFFIJJ_03945,Periplasmic,0.0000,0.0297,0.0013,0.0052,0.0457,0.9181
BMHFFIJJ_03946,Cytoplasmic,0.0009,0.0015,0.9316,0.0430,0.0230,0.0001
BMHFFIJJ_03947,Cytoplasmic,0.0001,0.0015,0.9378,0.0412,0.0182,0.0011
BMHFFIJJ_03948,Cytoplasmic,0.0005,0.0074,0.5355,0.0588,0.3962,0.0015
BMHFFIJJ_03949,Outer Membrane,0.0000,0.0002,0.0000,0.1761,0.8228,0.0008
BMHFFIJJ_03950,Cytoplasmic,0.0001,0.0641,0.9158,0.0085,0.0112,0.0002
BMHFFIJJ_03951,Cytoplasmic Membrane,0.0000,0.0006,0.0001,0.9968,0.0025,0.0000
BMHFFIJJ_03952,Outer Membrane,0.0000,0.0000,0.0000,0.1060,0.8939,0.0001
BMHFFIJJ_03953,Periplasmic,0.0016,0.0083,0.0196,0.0567,0.4180,0.4959
BMHFFIJJ_03954,Cytoplasmic,0.0031,0.0055,0.7202,0.1969,0.0724,0.0019
BMHFFIJJ_03955,Cytoplasmic,0.0000,0.0002,0.9949,0.0011,0.0035,0.0002
BMHFFIJJ_03956,Cytoplasmic Membrane,0.0000,0.0001,0.0000,0.9988,0.0011,0.0000
BMHFFIJJ_03957,Cytoplasmic,0.0000,0.0077,0.9918,0.0001,0.0003,0.0001
BMHFFIJJ_03958,Cytoplasmic,0.0002,0.0075,0.9882,0.0025,0.0016,0.0001
BMHFFIJJ_03959,Cytoplasmic Membrane,0.0000,0.0110,0.0000,0.9855,0.0034,0.0000
BMHFFIJJ_03960,Outer Membrane,0.0004,0.0079,0.0027,0.0113,0.6491,0.3286
BMHFFIJJ_03961,Cytoplasmic Membrane,0.0000,0.0000,0.0000,0.9999,0.0001,0.0000
BMHFFIJJ_03962,Cytoplasmic Membrane,0.0000,0.0002,0.0000,0.9964,0.0033,0.0001
BMHFFIJJ_03963,Cytoplasmic,0.0005,0.0048,0.8299,0.0152,0.1413,0.0084
BMHFFIJJ_03964,Outer Membrane,0.0000,0.0000,0.0017,0.0349,0.9624,0.0010
BMHFFIJJ_03965,Cytoplasmic,0.0000,0.0029,0.9306,0.0595,0.0058,0.0011
BMHFFIJJ_03966,Outer Membrane,0.0071,0.0063,0.0036,0.4088,0.4594,0.1148
BMHFFIJJ_03967,Cytoplasmic Membrane,0.0000,0.0001,0.0000,0.9898,0.0101,0.0000
BMHFFIJJ_03968,Cytoplasmic,0.0001,0.0182,0.9126,0.0071,0.0617,0.0002
BMHFFIJJ_03969,Cytoplasmic,0.0007,0.1818,0.5896,0.0957,0.1304,0.0019
BMHFFIJJ_03970,Cytoplasmic,0.0001,0.0024,0.6898,0.0136,0.2919,0.0022
BMHFFIJJ_03971,Cytoplasmic Membrane,0.0000,0.0000,0.0000,0.9995,0.0004,0.0000
BMHFFIJJ_03972,Cytoplasmic Membrane,0.0007,0.0241,0.0737,0.8677,0.0335,0.0003
BMHFFIJJ_03973,Cytoplasmic Membrane,0.0001,0.0017,0.0130,0.9522,0.0328,0.0002
BMHFFIJJ_03974,Cytoplasmic Membrane,0.0009,0.0032,0.1809,0.6680,0.1467,0.0004
BMHFFIJJ_03975,Cytoplasmic Membrane,0.0000,0.0131,0.0000,0.9786,0.0083,0.0000
BMHFFIJJ_03976,Cytoplasmic Membrane,0.0002,0.0012,0.0124,0.9075,0.0786,0.0001
BMHFFIJJ_03977,Cytoplasmic Membrane,0.0003,0.0022,0.0959,0.5924,0.3083,0.0009
BMHFFIJJ_03978,Cytoplasmic,0.0007,0.2690,0.7173,0.0039,0.0073,0.0018
BMHFFIJJ_03979,Cytoplasmic Membrane,0.0000,0.0000,0.0001,0.9992,0.0008,0.0000
BMHFFIJJ_03980,Cytoplasmic,0.0002,0.0011,0.9932,0.0036,0.0018,0.0001
BMHFFIJJ_03981,Cytoplasmic,0.0002,0.0012,0.9929,0.0037,0.0019,0.0001
BMHFFIJJ_03982,Extracellular,0.0001,0.5959,0.3525,0.0009,0.0445,0.0060
BMHFFIJJ_03983,Cytoplasmic,0.0000,0.0063,0.9911,0.0001,0.0024,0.0002
BMHFFIJJ_03984,Outer Membrane,0.0111,0.0200,0.0724,0.0325,0.8637,0.0004
BMHFFIJJ_03985,Cytoplasmic,0.0003,0.1520,0.8368,0.0016,0.0077,0.0016
BMHFFIJJ_03986,Cytoplasmic,0.0003,0.0860,0.8993,0.0020,0.0121,0.0003
BMHFFIJJ_03987,Cytoplasmic,0.0012,0.1804,0.7968,0.0118,0.0085,0.0013
BMHFFIJJ_03988,Cytoplasmic,0.0007,0.0175,0.6572,0.0353,0.2810,0.0084
BMHFFIJJ_03989,Outer Membrane,0.0000,0.0001,0.0001,0.0034,0.9958,0.0006
BMHFFIJJ_03990,Periplasmic,0.0009,0.0325,0.0045,0.0035,0.3532,0.6054
BMHFFIJJ_03991,Outer Membrane,0.0010,0.3935,0.0010,0.0058,0.5967,0.0019
BMHFFIJJ_03992,Outer Membrane,0.0003,0.0085,0.0005,0.0569,0.9318,0.0021
BMHFFIJJ_03993,Outer Membrane,0.0004,0.4471,0.0002,0.0011,0.5511,0.0001
BMHFFIJJ_03994,Extracellular,0.0044,0.5305,0.0036,0.0145,0.4410,0.0060
BMHFFIJJ_03995,Cytoplasmic,0.0002,0.0046,0.9780,0.0043,0.0118,0.0012
BMHFFIJJ_03996,Cytoplasmic,0.0003,0.0037,0.9527,0.0168,0.0258,0.0006
BMHFFIJJ_03997,Cytoplasmic Membrane,0.0000,0.0001,0.0004,0.9990,0.0005,0.0001
BMHFFIJJ_03998,Cytoplasmic Membrane,0.0045,0.0068,0.3353,0.5894,0.0347,0.0292
BMHFFIJJ_03999,Cytoplasmic,0.0004,0.0010,0.6705,0.2034,0.0993,0.0254
BMHFFIJJ_04000,Cytoplasmic Membrane,0.0000,0.0002,0.0001,0.9943,0.0053,0.0000
BMHFFIJJ_04001,Cytoplasmic Membrane,0.0015,0.0055,0.0002,0.8574,0.1353,0.0002
BMHFFIJJ_04002,Cytoplasmic Membrane,0.0000,0.0000,0.0001,0.9980,0.0019,0.0000
BMHFFIJJ_04003,Cytoplasmic Membrane,0.0000,0.0000,0.0001,0.9986,0.0012,0.0000
BMHFFIJJ_04004,Cytoplasmic,0.0016,0.0060,0.7355,0.0542,0.1955,0.0072
BMHFFIJJ_04005,Cytoplasmic,0.0001,0.1073,0.6936,0.0884,0.1082,0.0024
BMHFFIJJ_04006,Cytoplasmic,0.0001,0.0003,0.9815,0.0176,0.0003,0.0001
BMHFFIJJ_04007,Cytoplasmic,0.0002,0.0013,0.9123,0.0498,0.0352,0.0012
BMHFFIJJ_04008,Cytoplasmic,0.0014,0.0012,0.9353,0.0035,0.0533,0.0053
BMHFFIJJ_04009,Cytoplasmic,0.0000,0.0000,0.9906,0.0001,0.0092,0.0000
BMHFFIJJ_04010,Cytoplasmic,0.0002,0.0061,0.9630,0.0011,0.0271,0.0025
BMHFFIJJ_04011,Cytoplasmic Membrane,0.0000,0.0000,0.0000,0.9997,0.0003,0.0000
BMHFFIJJ_04012,Cytoplasmic,0.0000,0.0314,0.9374,0.0039,0.0047,0.0227
BMHFFIJJ_04013,Cytoplasmic,0.0000,0.0003,0.9858,0.0025,0.0056,0.0057
BMHFFIJJ_04014,Cytoplasmic,0.0000,0.2275,0.7511,0.0007,0.0206,0.0001
BMHFFIJJ_04015,Cytoplasmic,0.0003,0.0004,0.9125,0.0030,0.0835,0.0003
BMHFFIJJ_04016,Cytoplasmic,0.0002,0.0007,0.7978,0.1469,0.0540,0.0003
BMHFFIJJ_04017,Cytoplasmic Membrane,0.0000,0.0000,0.0000,0.9987,0.0012,0.0000
BMHFFIJJ_04018,Cytoplasmic Membrane,0.0009,0.0209,0.0752,0.6942,0.2079,0.0008
BMHFFIJJ_04019,Cytoplasmic,0.0000,0.0003,0.9841,0.0029,0.0125,0.0001
BMHFFIJJ_04020,Cytoplasmic,0.0005,0.3546,0.4357,0.2037,0.0054,0.0001
BMHFFIJJ_04021,Cytoplasmic,0.0007,0.0036,0.9364,0.0166,0.0425,0.0003
BMHFFIJJ_04022,Cytoplasmic Membrane,0.0000,0.0083,0.0016,0.9750,0.0149,0.0002
BMHFFIJJ_04023,Extracellular,0.0001,0.9179,0.0013,0.0544,0.0263,0.0000
BMHFFIJJ_04024,Extracellular,0.0000,0.7630,0.0033,0.2247,0.0090,0.0000
BMHFFIJJ_04025,Extracellular,0.0011,0.4538,0.3384,0.0834,0.1226,0.0007
BMHFFIJJ_04026,Extracellular,0.0001,0.9963,0.0015,0.0000,0.0020,0.0002
BMHFFIJJ_04027,Cytoplasmic,0.0003,0.1615,0.8050,0.0270,0.0061,0.0001
BMHFFIJJ_04028,Extracellular,0.0003,0.4195,0.3719,0.1792,0.0284,0.0007
BMHFFIJJ_04029,Extracellular,0.0000,0.8514,0.0588,0.0853,0.0044,0.0000
BMHFFIJJ_04030,Cytoplasmic Membrane,0.0019,0.0512,0.0311,0.9029,0.0128,0.0002
BMHFFIJJ_04031,Cytoplasmic,0.0002,0.1849,0.6353,0.1373,0.0417,0.0007
BMHFFIJJ_04032,Cytoplasmic,0.0056,0.3553,0.5345,0.0771,0.0265,0.0010
BMHFFIJJ_04033,Extracellular,0.0000,0.5976,0.0019,0.3918,0.0087,0.0000
BMHFFIJJ_04034,Cytoplasmic,0.0017,0.0342,0.8928,0.0660,0.0033,0.0020
BMHFFIJJ_04035,Cytoplasmic,0.0002,0.2807,0.7091,0.0010,0.0032,0.0057
BMHFFIJJ_04036,Cytoplasmic,0.0187,0.1781,0.7797,0.0026,0.0203,0.0006
BMHFFIJJ_04037,Cytoplasmic,0.0001,0.0019,0.9266,0.0674,0.0040,0.0001
BMHFFIJJ_04038,Cytoplasmic,0.0012,0.1475,0.7141,0.0002,0.1282,0.0088
BMHFFIJJ_04039,Cytoplasmic,0.0005,0.0404,0.8760,0.0031,0.0743,0.0057
BMHFFIJJ_04040,Cytoplasmic,0.0053,0.1150,0.8295,0.0177,0.0302,0.0023
BMHFFIJJ_04041,Extracellular,0.0003,0.5710,0.3043,0.1097,0.0145,0.0003
BMHFFIJJ_04042,Cytoplasmic,0.0008,0.2516,0.5446,0.1844,0.0185,0.0001
BMHFFIJJ_04043,Extracellular,0.0003,0.4919,0.3838,0.1159,0.0080,0.0002
BMHFFIJJ_04044,Cytoplasmic,0.0001,0.0022,0.9846,0.0115,0.0014,0.0002
BMHFFIJJ_04045,Outer Membrane,0.0000,0.0156,0.0001,0.1164,0.8666,0.0013
BMHFFIJJ_04046,Cytoplasmic,0.0020,0.1850,0.6963,0.0938,0.0217,0.0012
BMHFFIJJ_04047,Cytoplasmic,0.0035,0.2965,0.6408,0.0024,0.0497,0.0070
BMHFFIJJ_04048,Cytoplasmic,0.0002,0.0269,0.9235,0.0086,0.0110,0.0299
BMHFFIJJ_04049,Cytoplasmic,0.0013,0.0420,0.9429,0.0008,0.0121,0.0009
BMHFFIJJ_04050,Cytoplasmic,0.0005,0.0016,0.8519,0.1365,0.0087,0.0008
BMHFFIJJ_04051,Cytoplasmic,0.0001,0.0001,0.9958,0.0009,0.0029,0.0002
BMHFFIJJ_04052,Cytoplasmic,0.0005,0.0012,0.8150,0.0110,0.1695,0.0029
BMHFFIJJ_04053,Cytoplasmic,0.0003,0.0043,0.9852,0.0009,0.0091,0.0003
BMHFFIJJ_04054,Cytoplasmic,0.0000,0.0028,0.9596,0.0330,0.0046,0.0000
BMHFFIJJ_04055,Cytoplasmic,0.0003,0.0035,0.9900,0.0014,0.0048,0.0000
BMHFFIJJ_04056,Cytoplasmic,0.0001,0.0139,0.9756,0.0071,0.0031,0.0002
BMHFFIJJ_04057,Cytoplasmic,0.0002,0.0015,0.9413,0.0281,0.0287,0.0003
BMHFFIJJ_04058,Cytoplasmic,0.0010,0.0058,0.9380,0.0181,0.0365,0.0005
BMHFFIJJ_04059,Cytoplasmic,0.0006,0.0374,0.9590,0.0003,0.0027,0.0000
BMHFFIJJ_04060,Cytoplasmic,0.0001,0.0009,0.9966,0.0017,0.0007,0.0000
BMHFFIJJ_04061,Cytoplasmic,0.0014,0.0020,0.9874,0.0017,0.0074,0.0002
BMHFFIJJ_04062,Cytoplasmic,0.0015,0.0264,0.9238,0.0004,0.0475,0.0005
BMHFFIJJ_04063,Cytoplasmic,0.0003,0.0016,0.9915,0.0008,0.0056,0.0001
BMHFFIJJ_04064,Outer Membrane,0.0000,0.0000,0.0000,0.0004,0.9996,0.0000
BMHFFIJJ_04065,Outer Membrane,0.0000,0.0000,0.0000,0.0105,0.9895,0.0000
BMHFFIJJ_04066,Cytoplasmic,0.0011,0.0149,0.9629,0.0044,0.0163,0.0003
BMHFFIJJ_04067,Cytoplasmic,0.0004,0.0038,0.9826,0.0017,0.0089,0.0025
BMHFFIJJ_04068,Cytoplasmic,0.0002,0.0021,0.7092,0.0804,0.2009,0.0072
BMHFFIJJ_04069,Cytoplasmic,0.0003,0.0021,0.9347,0.0314,0.0302,0.0013
BMHFFIJJ_04070,Cytoplasmic,0.0002,0.0057,0.9430,0.0088,0.0372,0.0050
BMHFFIJJ_04071,Cytoplasmic,0.0000,0.4402,0.5471,0.0014,0.0112,0.0000
BMHFFIJJ_04072,Cytoplasmic,0.0003,0.0012,0.9903,0.0081,0.0001,0.0000
BMHFFIJJ_04073,Cytoplasmic,0.0000,0.0001,0.9886,0.0099,0.0014,0.0000
BMHFFIJJ_04074,Periplasmic,0.0006,0.2818,0.0554,0.0027,0.2059,0.4535
BMHFFIJJ_04075,Extracellular,0.0053,0.6897,0.0190,0.0373,0.1287,0.1199
BMHFFIJJ_04076,Cytoplasmic,0.0012,0.0037,0.8709,0.0304,0.0859,0.0080
BMHFFIJJ_04077,Outer Membrane,0.0011,0.0118,0.0029,0.0912,0.8928,0.0002
BMHFFIJJ_04078,Cytoplasmic,0.0002,0.0383,0.9488,0.0052,0.0073,0.0002
BMHFFIJJ_04079,Cytoplasmic Membrane,0.0002,0.0163,0.0017,0.8649,0.1168,0.0001
BMHFFIJJ_04080,Extracellular,0.0125,0.9593,0.0000,0.0205,0.0076,0.0000
BMHFFIJJ_04081,Outer Membrane,0.0016,0.0047,0.0652,0.2753,0.6476,0.0056
BMHFFIJJ_04082,Extracellular,0.0229,0.9759,0.0000,0.0003,0.0005,0.0004
BMHFFIJJ_04083,Outer Membrane,0.0001,0.0071,0.0076,0.0635,0.9206,0.0010
BMHFFIJJ_04084,Outer Membrane,0.0000,0.0009,0.0047,0.2124,0.7816,0.0004
BMHFFIJJ_04085,Cytoplasmic Membrane,0.0000,0.0017,0.0032,0.9900,0.0042,0.0009
BMHFFIJJ_04086,Outer Membrane,0.0009,0.0445,0.1028,0.0915,0.7499,0.0105
BMHFFIJJ_04087,Outer Membrane,0.0002,0.0514,0.0073,0.0354,0.9041,0.0017
BMHFFIJJ_04088,Outer Membrane,0.0000,0.0001,0.0036,0.1962,0.7996,0.0004
BMHFFIJJ_04089,Cytoplasmic,0.0001,0.2573,0.5746,0.0270,0.1389,0.0023
BMHFFIJJ_04090,Outer Membrane,0.0008,0.0643,0.0813,0.1130,0.7283,0.0123
BMHFFIJJ_04091,Outer Membrane,0.0000,0.0337,0.0005,0.1515,0.8140,0.0002
BMHFFIJJ_04092,Extracellular,0.0010,0.4864,0.2380,0.1035,0.0889,0.0821
BMHFFIJJ_04093,Outer Membrane,0.0002,0.0382,0.0009,0.3634,0.5965,0.0008
BMHFFIJJ_04094,Cytoplasmic Membrane,0.0077,0.0672,0.0307,0.4791,0.3898,0.0254
BMHFFIJJ_04095,Extracellular,0.0055,0.4162,0.0733,0.0087,0.2211,0.2752
BMHFFIJJ_04096,Cytoplasmic Membrane,0.0000,0.0001,0.0014,0.9962,0.0015,0.0007
BMHFFIJJ_04097,Cytoplasmic Membrane,0.0001,0.0015,0.0008,0.9819,0.0156,0.0001
BMHFFIJJ_04098,Extracellular,0.0099,0.9841,0.0000,0.0040,0.0019,0.0000
BMHFFIJJ_04099,Outer Membrane,0.0020,0.1149,0.0141,0.2654,0.5986,0.0050
BMHFFIJJ_04100,Outer Membrane,0.0001,0.0627,0.0019,0.0323,0.9018,0.0012
BMHFFIJJ_04101,Outer Membrane,0.0005,0.1532,0.0221,0.0261,0.7969,0.0011
BMHFFIJJ_04102,Outer Membrane,0.0000,0.0015,0.0001,0.0783,0.8949,0.0252
BMHFFIJJ_04103,Cytoplasmic Membrane,0.0000,0.0000,0.0000,0.9997,0.0003,0.0000
BMHFFIJJ_04104,Outer Membrane,0.0000,0.0017,0.0002,0.0119,0.9790,0.0071
BMHFFIJJ_04105,Cytoplasmic Membrane,0.0000,0.0000,0.0001,0.9974,0.0024,0.0000
BMHFFIJJ_04106,Cytoplasmic,0.0004,0.0193,0.9597,0.0029,0.0082,0.0095
BMHFFIJJ_04107,Cytoplasmic,0.0000,0.0034,0.9947,0.0007,0.0009,0.0002
BMHFFIJJ_04114,Cytoplasmic,0.0000,0.0001,0.9970,0.0005,0.0021,0.0003
BMHFFIJJ_04115,Cytoplasmic,0.0000,0.0010,0.9939,0.0012,0.0035,0.0003
BMHFFIJJ_04116,Cytoplasmic,0.0004,0.0009,0.6156,0.3619,0.0204,0.0008
BMHFFIJJ_04117,Cytoplasmic Membrane,0.0000,0.0000,0.0000,1.0000,0.0000,0.0000
BMHFFIJJ_04118,Cytoplasmic Membrane,0.0000,0.0000,0.0000,0.9991,0.0008,0.0000
BMHFFIJJ_04119,Cytoplasmic,0.0002,0.0027,0.9350,0.0589,0.0032,0.0000
BMHFFIJJ_04120,Cytoplasmic,0.0001,0.0024,0.9715,0.0144,0.0112,0.0003
BMHFFIJJ_04121,Outer Membrane,0.0000,0.0001,0.0038,0.3082,0.6872,0.0006
BMHFFIJJ_04122,Outer Membrane,0.0018,0.0507,0.0078,0.0840,0.8455,0.0102
BMHFFIJJ_04123,Cytoplasmic Membrane,0.0000,0.0002,0.0102,0.9843,0.0011,0.0042
BMHFFIJJ_04124,Cytoplasmic,0.0000,0.0000,0.9988,0.0003,0.0007,0.0002
BMHFFIJJ_04125,Cytoplasmic,0.0000,0.0007,0.9757,0.0062,0.0152,0.0022
