Protein_name,Localization,Cell_wall_surface,Extracellular,Cytoplasmic,Cytoplasmic_Membrane,Outer_Membrane,Periplasmic
LFHPKGDB_00001,Cytoplasmic,0.0001,0.0026,0.9776,0.0182,0.0015,0.0001
LFHPKGDB_00002,Cytoplasmic,0.0000,0.0001,0.9966,0.0002,0.0029,0.0002
LFHPKGDB_00003,Cytoplasmic,0.0006,0.0059,0.9675,0.0105,0.0153,0.0001
LFHPKGDB_00004,Cytoplasmic,0.0003,0.0001,0.9927,0.0065,0.0003,0.0001
LFHPKGDB_00005,Cytoplasmic,0.0140,0.0444,0.9177,0.0212,0.0025,0.0002
LFHPKGDB_00006,Cytoplasmic,0.0001,0.0008,0.9957,0.0022,0.0007,0.0006
LFHPKGDB_00007,Cytoplasmic,0.0001,0.0060,0.9537,0.0233,0.0167,0.0002
LFHPKGDB_00008,Cytoplasmic,0.0002,0.0006,0.9174,0.0524,0.0277,0.0016
LFHPKGDB_00009,Cytoplasmic,0.0000,0.0004,0.9953,0.0004,0.0038,0.0001
LFHPKGDB_00010,Cytoplasmic,0.0006,0.0014,0.9506,0.0088,0.0378,0.0008
LFHPKGDB_00011,Cytoplasmic,0.0000,0.0015,0.9770,0.0203,0.0012,0.0001
LFHPKGDB_00012,Cytoplasmic Membrane,0.0003,0.0010,0.0021,0.7828,0.2115,0.0022
LFHPKGDB_00013,Cytoplasmic,0.0000,0.0001,0.9887,0.0017,0.0094,0.0001
LFHPKGDB_00014,Cytoplasmic,0.0002,0.0053,0.9627,0.0096,0.0194,0.0028
LFHPKGDB_00015,Cytoplasmic,0.0004,0.0128,0.9281,0.0582,0.0004,0.0001
LFHPKGDB_00016,Cytoplasmic,0.0008,0.0328,0.8385,0.1246,0.0025,0.0008
LFHPKGDB_00017,Cytoplasmic,0.0000,0.0000,0.9956,0.0000,0.0043,0.0001
LFHPKGDB_00018,Cytoplasmic Membrane,0.0003,0.0178,0.0008,0.9405,0.0405,0.0000
LFHPKGDB_00019,Cytoplasmic,0.0000,0.0001,0.9250,0.0017,0.0726,0.0006
LFHPKGDB_00020,Cytoplasmic,0.0001,0.0010,0.9818,0.0139,0.0032,0.0001
LFHPKGDB_00021,Cytoplasmic,0.0000,0.0002,0.9993,0.0002,0.0001,0.0001
LFHPKGDB_00022,Cytoplasmic,0.0000,0.0020,0.9893,0.0080,0.0006,0.0001
LFHPKGDB_00023,Outer Membrane,0.0002,0.0222,0.3001,0.2776,0.3743,0.0256
LFHPKGDB_00024,Cytoplasmic,0.0000,0.0021,0.9451,0.0013,0.0450,0.0065
LFHPKGDB_00025,Cytoplasmic,0.0045,0.0477,0.7663,0.1563,0.0233,0.0019
LFHPKGDB_00026,Cytoplasmic,0.0002,0.0060,0.9798,0.0092,0.0039,0.0008
LFHPKGDB_00027,Cytoplasmic,0.0001,0.0011,0.9717,0.0214,0.0048,0.0009
LFHPKGDB_00028,Cytoplasmic,0.0007,0.0401,0.9169,0.0128,0.0137,0.0158
LFHPKGDB_00029,Cytoplasmic,0.0000,0.0017,0.9541,0.0437,0.0003,0.0000
LFHPKGDB_00030,Cytoplasmic,0.0001,0.0077,0.8470,0.0640,0.0807,0.0004
LFHPKGDB_00031,Cytoplasmic Membrane,0.0000,0.0001,0.0002,0.9880,0.0116,0.0000
LFHPKGDB_00032,Cytoplasmic Membrane,0.0596,0.4044,0.0009,0.4269,0.0973,0.0108
LFHPKGDB_00033,Cytoplasmic,0.0000,0.0006,0.9872,0.0050,0.0072,0.0000
LFHPKGDB_00034,Cytoplasmic,0.0003,0.0003,0.9537,0.0039,0.0395,0.0024
LFHPKGDB_00035,Cytoplasmic,0.0002,0.0030,0.8100,0.0009,0.1047,0.0811
LFHPKGDB_00036,Cytoplasmic,0.0002,0.0426,0.8265,0.0358,0.0922,0.0026
LFHPKGDB_00037,Cytoplasmic,0.0002,0.0018,0.9853,0.0016,0.0041,0.0071
LFHPKGDB_00038,Cytoplasmic Membrane,0.0001,0.0033,0.0009,0.9937,0.0021,0.0000
LFHPKGDB_00039,Cytoplasmic Membrane,0.0001,0.0017,0.0052,0.9923,0.0007,0.0000
LFHPKGDB_00040,Cytoplasmic Membrane,0.0002,0.0005,0.0411,0.9497,0.0084,0.0002
LFHPKGDB_00041,Cytoplasmic,0.0007,0.2025,0.7376,0.0431,0.0127,0.0034
LFHPKGDB_00042,Cytoplasmic,0.0005,0.2065,0.7538,0.0356,0.0034,0.0003
LFHPKGDB_00043,Cytoplasmic,0.0003,0.3073,0.6590,0.0225,0.0105,0.0003
LFHPKGDB_00044,Cytoplasmic,0.0003,0.0020,0.9953,0.0016,0.0007,0.0002
LFHPKGDB_00045,Cytoplasmic,0.0008,0.0204,0.8931,0.0841,0.0015,0.0001
LFHPKGDB_00046,Cytoplasmic,0.0006,0.0064,0.9471,0.0017,0.0441,0.0001
LFHPKGDB_00047,Cytoplasmic,0.0022,0.1864,0.7973,0.0005,0.0135,0.0001
LFHPKGDB_00048,Cytoplasmic,0.0007,0.0453,0.9130,0.0156,0.0248,0.0006
LFHPKGDB_00049,Cytoplasmic,0.0036,0.1883,0.8012,0.0026,0.0039,0.0003
LFHPKGDB_00050,Extracellular,0.0001,0.7061,0.2615,0.0269,0.0053,0.0001
LFHPKGDB_00051,Cytoplasmic,0.0007,0.0368,0.8156,0.1033,0.0434,0.0002
LFHPKGDB_00052,Cytoplasmic Membrane,0.0000,0.0009,0.0003,0.9945,0.0043,0.0000
LFHPKGDB_00053,Cytoplasmic Membrane,0.0008,0.1842,0.0138,0.6825,0.0999,0.0189
LFHPKGDB_00054,Cytoplasmic Membrane,0.0001,0.0032,0.0034,0.9780,0.0153,0.0000
LFHPKGDB_00055,Cytoplasmic,0.0001,0.0038,0.8881,0.0288,0.0792,0.0001
LFHPKGDB_00056,Cytoplasmic,0.0001,0.0026,0.9669,0.0055,0.0248,0.0001
LFHPKGDB_00057,Extracellular,0.0003,0.9997,0.0000,0.0000,0.0000,0.0000
LFHPKGDB_00058,Cytoplasmic,0.0017,0.1644,0.5965,0.2256,0.0117,0.0002
LFHPKGDB_00059,Cytoplasmic Membrane,0.0000,0.0005,0.0000,0.9947,0.0047,0.0000
LFHPKGDB_00060,Cytoplasmic Membrane,0.0013,0.2189,0.1061,0.5576,0.1157,0.0004
LFHPKGDB_00061,Cytoplasmic Membrane,0.0001,0.0064,0.0014,0.9540,0.0379,0.0001
LFHPKGDB_00062,Cytoplasmic,0.0000,0.0001,0.9602,0.0055,0.0342,0.0000
LFHPKGDB_00063,Extracellular,0.0004,0.7058,0.0000,0.2911,0.0001,0.0025
LFHPKGDB_00064,Extracellular,0.0006,0.6810,0.0000,0.3063,0.0001,0.0120
LFHPKGDB_00065,Extracellular,0.0006,0.6810,0.0000,0.3063,0.0001,0.0120
LFHPKGDB_00066,Extracellular,0.0006,0.6810,0.0000,0.3063,0.0001,0.0120
LFHPKGDB_00067,Extracellular,0.0006,0.6810,0.0000,0.3063,0.0001,0.0120
LFHPKGDB_00068,Cytoplasmic Membrane,0.0000,0.0084,0.0003,0.9854,0.0058,0.0000
LFHPKGDB_00069,Cytoplasmic,0.0001,0.0003,0.9907,0.0014,0.0073,0.0002
LFHPKGDB_00070,Outer Membrane,0.0074,0.0487,0.0021,0.3687,0.5691,0.0039
LFHPKGDB_00071,Cytoplasmic Membrane,0.0000,0.0022,0.0027,0.9900,0.0050,0.0000
LFHPKGDB_00072,Cytoplasmic Membrane,0.0000,0.0002,0.0001,0.9984,0.0013,0.0000
LFHPKGDB_00073,Cytoplasmic Membrane,0.0004,0.0018,0.4137,0.5734,0.0103,0.0003
LFHPKGDB_00074,Cytoplasmic,0.0002,0.0409,0.8165,0.0723,0.0442,0.0258
LFHPKGDB_00075,Cytoplasmic Membrane,0.0003,0.1684,0.0004,0.8022,0.0288,0.0000
LFHPKGDB_00076,Cytoplasmic Membrane,0.0009,0.0759,0.3993,0.4490,0.0705,0.0043
LFHPKGDB_00077,Cytoplasmic Membrane,0.0002,0.0272,0.0007,0.9559,0.0160,0.0000
LFHPKGDB_00078,Cytoplasmic Membrane,0.0006,0.1288,0.0021,0.7815,0.0865,0.0005
LFHPKGDB_00079,Extracellular,0.0000,0.9998,0.0000,0.0000,0.0001,0.0000
LFHPKGDB_00080,Cytoplasmic,0.0002,0.1502,0.7959,0.0131,0.0398,0.0008
LFHPKGDB_00081,Cytoplasmic Membrane,0.0002,0.0087,0.0046,0.9739,0.0126,0.0000
LFHPKGDB_00082,Cytoplasmic,0.0003,0.0224,0.9105,0.0155,0.0501,0.0012
LFHPKGDB_00083,Cytoplasmic,0.0088,0.1021,0.8197,0.0140,0.0538,0.0015
LFHPKGDB_00084,Cytoplasmic,0.0111,0.1593,0.7560,0.0600,0.0119,0.0017
LFHPKGDB_00085,Cytoplasmic,0.0005,0.1430,0.8017,0.0470,0.0048,0.0028
LFHPKGDB_00086,Cytoplasmic,0.0000,0.0010,0.9965,0.0007,0.0017,0.0001
LFHPKGDB_00087,Cytoplasmic Membrane,0.0018,0.2828,0.0588,0.6424,0.0141,0.0001
LFHPKGDB_00088,Cytoplasmic,0.0001,0.1211,0.6472,0.2290,0.0023,0.0003
LFHPKGDB_00089,Cytoplasmic,0.0003,0.0221,0.7437,0.2096,0.0232,0.0010
LFHPKGDB_00090,Cytoplasmic,0.0192,0.3197,0.6128,0.0395,0.0059,0.0029
LFHPKGDB_00091,Cytoplasmic,0.0025,0.0067,0.9889,0.0001,0.0017,0.0001
LFHPKGDB_00092,Cytoplasmic,0.0066,0.0291,0.9611,0.0020,0.0011,0.0002
LFHPKGDB_00093,Cytoplasmic,0.0001,0.0574,0.8869,0.0404,0.0146,0.0006
LFHPKGDB_00094,Cytoplasmic,0.0017,0.3857,0.4069,0.1747,0.0170,0.0141
LFHPKGDB_00095,Cytoplasmic,0.0001,0.0276,0.9568,0.0036,0.0089,0.0030
LFHPKGDB_00096,Cytoplasmic,0.0001,0.0005,0.9763,0.0099,0.0131,0.0001
LFHPKGDB_00097,Cytoplasmic,0.0001,0.0097,0.9842,0.0025,0.0028,0.0007
LFHPKGDB_00098,Cytoplasmic,0.0005,0.0045,0.9381,0.0401,0.0163,0.0005
LFHPKGDB_00099,Cytoplasmic,0.0008,0.1782,0.4770,0.3425,0.0015,0.0000
LFHPKGDB_00100,Cytoplasmic,0.0018,0.2953,0.4827,0.0080,0.1922,0.0201
LFHPKGDB_00101,Cytoplasmic,0.0004,0.0430,0.8474,0.0966,0.0113,0.0012
LFHPKGDB_00102,Cytoplasmic,0.0003,0.0085,0.7295,0.2080,0.0531,0.0006
LFHPKGDB_00103,Cytoplasmic,0.0000,0.0002,0.9653,0.0308,0.0034,0.0002
LFHPKGDB_00104,Cytoplasmic,0.0001,0.0074,0.9052,0.0605,0.0266,0.0002
LFHPKGDB_00105,Cytoplasmic,0.0001,0.1876,0.5510,0.2154,0.0434,0.0025
LFHPKGDB_00106,Cytoplasmic Membrane,0.0000,0.0009,0.0001,0.9890,0.0099,0.0001
LFHPKGDB_00107,Cytoplasmic,0.0000,0.0049,0.9320,0.0511,0.0118,0.0002
LFHPKGDB_00108,Cytoplasmic,0.0001,0.0093,0.9000,0.0836,0.0069,0.0002
LFHPKGDB_00109,Cytoplasmic,0.0000,0.0001,0.9956,0.0004,0.0039,0.0000
LFHPKGDB_00110,Cytoplasmic,0.0002,0.0071,0.9752,0.0035,0.0130,0.0010
LFHPKGDB_00111,Cytoplasmic,0.0000,0.0001,0.9942,0.0007,0.0049,0.0001
LFHPKGDB_00112,Cytoplasmic,0.0000,0.0000,0.9992,0.0000,0.0008,0.0000
LFHPKGDB_00113,Cytoplasmic Membrane,0.0000,0.0000,0.0000,1.0000,0.0000,0.0000
LFHPKGDB_00114,Cytoplasmic Membrane,0.0137,0.1584,0.0063,0.8084,0.0127,0.0005
LFHPKGDB_00115,Cytoplasmic Membrane,0.0001,0.0002,0.0002,0.9980,0.0014,0.0000
LFHPKGDB_00116,Cytoplasmic,0.0001,0.0051,0.9750,0.0005,0.0084,0.0109
LFHPKGDB_00117,Cytoplasmic,0.0000,0.0023,0.9916,0.0025,0.0036,0.0001
LFHPKGDB_00118,Cytoplasmic,0.0003,0.0030,0.5224,0.0175,0.3968,0.0599
LFHPKGDB_00119,Cytoplasmic,0.0010,0.0142,0.8315,0.0027,0.1495,0.0012
LFHPKGDB_00120,Extracellular,0.0176,0.5812,0.0044,0.3482,0.0472,0.0014
LFHPKGDB_00121,Cytoplasmic,0.0001,0.0019,0.5762,0.0514,0.3664,0.0039
LFHPKGDB_00122,Cytoplasmic,0.0003,0.0583,0.8896,0.0008,0.0398,0.0113
LFHPKGDB_00123,Cytoplasmic,0.0000,0.0001,0.9852,0.0000,0.0013,0.0134
LFHPKGDB_00125,Cytoplasmic,0.0001,0.1186,0.5965,0.2330,0.0191,0.0327
LFHPKGDB_00126,Extracellular,0.0064,0.6805,0.2280,0.0003,0.0840,0.0008
LFHPKGDB_00127,Extracellular,0.0159,0.6760,0.2902,0.0023,0.0037,0.0119
LFHPKGDB_00128,Extracellular,0.0001,0.9981,0.0000,0.0000,0.0017,0.0000
LFHPKGDB_00129,Cytoplasmic Membrane,0.0001,0.0161,0.0002,0.9437,0.0400,0.0000
LFHPKGDB_00130,Cytoplasmic,0.0003,0.0010,0.9932,0.0027,0.0028,0.0000
LFHPKGDB_00131,Cytoplasmic,0.0003,0.0463,0.9379,0.0021,0.0127,0.0007
LFHPKGDB_00132,Cytoplasmic,0.0005,0.2823,0.6355,0.0406,0.0360,0.0050
LFHPKGDB_00133,Cytoplasmic,0.0000,0.0002,0.9941,0.0003,0.0052,0.0003
LFHPKGDB_00134,Cytoplasmic,0.0001,0.0003,0.9829,0.0028,0.0134,0.0005
LFHPKGDB_00135,Cytoplasmic,0.0008,0.0049,0.9341,0.0600,0.0003,0.0000
LFHPKGDB_00136,Cytoplasmic,0.0001,0.0114,0.6841,0.0033,0.2551,0.0460
LFHPKGDB_00137,Cytoplasmic,0.0002,0.0011,0.7923,0.0694,0.1370,0.0001
LFHPKGDB_00138,Cytoplasmic Membrane,0.0098,0.1834,0.0153,0.7813,0.0096,0.0007
LFHPKGDB_00139,Cytoplasmic Membrane,0.0000,0.0000,0.0008,0.9989,0.0003,0.0000
LFHPKGDB_00140,Cytoplasmic Membrane,0.0033,0.0439,0.0025,0.9212,0.0290,0.0001
LFHPKGDB_00141,Cytoplasmic Membrane,0.0008,0.0438,0.0024,0.9115,0.0410,0.0005
LFHPKGDB_00142,Cytoplasmic Membrane,0.0001,0.0003,0.1416,0.8535,0.0037,0.0007
LFHPKGDB_00143,Cytoplasmic Membrane,0.0144,0.0873,0.0002,0.7989,0.0812,0.0181
LFHPKGDB_00144,Cytoplasmic Membrane,0.0000,0.0000,0.0000,0.9998,0.0002,0.0000
LFHPKGDB_00145,Cytoplasmic Membrane,0.0000,0.0000,0.0003,0.9995,0.0002,0.0000
LFHPKGDB_00146,Cytoplasmic,0.0000,0.0005,0.9535,0.0371,0.0068,0.0021
LFHPKGDB_00147,Cytoplasmic,0.0000,0.0001,0.9962,0.0031,0.0005,0.0000
LFHPKGDB_00148,Cytoplasmic Membrane,0.0003,0.0081,0.0004,0.9906,0.0006,0.0000
LFHPKGDB_00149,Cytoplasmic,0.0005,0.0119,0.9656,0.0170,0.0043,0.0008
LFHPKGDB_00150,Cytoplasmic Membrane,0.0000,0.0012,0.0003,0.9953,0.0031,0.0000
LFHPKGDB_00151,Cytoplasmic Membrane,0.0001,0.0005,0.4730,0.5240,0.0021,0.0003
LFHPKGDB_00152,Cytoplasmic Membrane,0.0000,0.0001,0.0001,0.9997,0.0001,0.0000
LFHPKGDB_00153,Cytoplasmic Membrane,0.0000,0.0002,0.0001,0.9893,0.0081,0.0024
LFHPKGDB_00154,Cytoplasmic,0.0001,0.0007,0.9820,0.0002,0.0167,0.0003
LFHPKGDB_00155,Cytoplasmic,0.0003,0.0292,0.9279,0.0407,0.0019,0.0001
LFHPKGDB_00156,Cytoplasmic,0.0000,0.0024,0.9819,0.0062,0.0078,0.0017
LFHPKGDB_00157,Cytoplasmic,0.0005,0.1326,0.4398,0.3569,0.0677,0.0024
LFHPKGDB_00158,Cytoplasmic,0.0008,0.3433,0.6080,0.0345,0.0132,0.0003
LFHPKGDB_00159,Cytoplasmic,0.0002,0.0072,0.9700,0.0018,0.0064,0.0145
LFHPKGDB_00160,Cytoplasmic,0.0001,0.0060,0.9456,0.0066,0.0409,0.0009
LFHPKGDB_00161,Cytoplasmic,0.0004,0.0109,0.9011,0.0600,0.0225,0.0052
LFHPKGDB_00162,Extracellular,0.0016,0.3877,0.3488,0.2050,0.0522,0.0047
LFHPKGDB_00163,Cytoplasmic,0.0001,0.0040,0.9383,0.0051,0.0054,0.0470
LFHPKGDB_00164,Cytoplasmic,0.0006,0.0460,0.8815,0.0318,0.0398,0.0003
LFHPKGDB_00165,Cytoplasmic,0.0009,0.0093,0.9561,0.0193,0.0137,0.0007
LFHPKGDB_00166,Extracellular,0.0001,0.6900,0.2616,0.0150,0.0331,0.0002
LFHPKGDB_00167,Extracellular,0.0008,0.5179,0.2731,0.1764,0.0270,0.0048
LFHPKGDB_00168,Cytoplasmic,0.0001,0.0011,0.9852,0.0069,0.0040,0.0027
LFHPKGDB_00169,Cytoplasmic Membrane,0.0000,0.0000,0.1430,0.8499,0.0067,0.0003
LFHPKGDB_00170,Cytoplasmic Membrane,0.0000,0.0000,0.0000,0.9998,0.0002,0.0000
LFHPKGDB_00171,Cytoplasmic Membrane,0.0000,0.0000,0.0000,1.0000,0.0000,0.0000
LFHPKGDB_00172,Cytoplasmic Membrane,0.0001,0.0049,0.0004,0.9852,0.0095,0.0000
LFHPKGDB_00173,Cytoplasmic Membrane,0.0001,0.0053,0.0048,0.9579,0.0317,0.0003
LFHPKGDB_00174,Cytoplasmic Membrane,0.0015,0.0129,0.0002,0.6602,0.3203,0.0049
LFHPKGDB_00175,Outer Membrane,0.0089,0.2733,0.0032,0.1290,0.5740,0.0115
LFHPKGDB_00176,Cytoplasmic Membrane,0.0000,0.0003,0.0001,0.9975,0.0020,0.0000
LFHPKGDB_00177,Cytoplasmic,0.0001,0.0003,0.9820,0.0067,0.0109,0.0001
LFHPKGDB_00178,Cytoplasmic Membrane,0.0001,0.1655,0.0018,0.7794,0.0532,0.0000
LFHPKGDB_00179,Cytoplasmic Membrane,0.0000,0.0014,0.0006,0.9967,0.0013,0.0000
LFHPKGDB_00180,Cytoplasmic Membrane,0.0000,0.0002,0.0002,0.9992,0.0004,0.0000
LFHPKGDB_00181,Cytoplasmic Membrane,0.0008,0.0004,0.2167,0.7659,0.0158,0.0004
LFHPKGDB_00182,Cytoplasmic Membrane,0.0001,0.0003,0.0001,0.9960,0.0036,0.0000
LFHPKGDB_00183,Cytoplasmic,0.0001,0.0001,0.9844,0.0031,0.0121,0.0001
LFHPKGDB_00184,Cytoplasmic,0.0000,0.4819,0.5069,0.0067,0.0045,0.0000
LFHPKGDB_00185,Cytoplasmic Membrane,0.0001,0.0086,0.0004,0.9839,0.0070,0.0000
LFHPKGDB_00186,Cytoplasmic,0.0006,0.0025,0.5278,0.4462,0.0222,0.0007
LFHPKGDB_00187,Cytoplasmic,0.0004,0.0022,0.9934,0.0035,0.0004,0.0001
LFHPKGDB_00188,Cytoplasmic,0.0000,0.0088,0.9780,0.0109,0.0019,0.0004
LFHPKGDB_00189,Cytoplasmic,0.0018,0.0586,0.8946,0.0402,0.0031,0.0017
LFHPKGDB_00190,Cytoplasmic,0.0001,0.0033,0.9856,0.0076,0.0033,0.0000
LFHPKGDB_00191,Cytoplasmic,0.0000,0.0001,0.9987,0.0007,0.0005,0.0001
LFHPKGDB_00192,Cytoplasmic,0.0022,0.1448,0.5669,0.0029,0.0889,0.1942
LFHPKGDB_00193,Cytoplasmic,0.0001,0.2669,0.5683,0.0485,0.0032,0.1130
LFHPKGDB_00194,Cytoplasmic,0.0004,0.0138,0.9590,0.0034,0.0121,0.0113
LFHPKGDB_00195,Cytoplasmic,0.0001,0.0004,0.6225,0.3283,0.0467,0.0019
LFHPKGDB_00196,Cytoplasmic,0.0008,0.0008,0.5278,0.3521,0.1170,0.0015
LFHPKGDB_00197,Cytoplasmic Membrane,0.0016,0.0030,0.4398,0.4670,0.0816,0.0070
LFHPKGDB_00198,Cytoplasmic,0.0006,0.0018,0.3781,0.2913,0.3257,0.0025
LFHPKGDB_00199,Cytoplasmic,0.0055,0.0108,0.6546,0.3261,0.0014,0.0016
LFHPKGDB_00200,Cytoplasmic Membrane,0.0000,0.0001,0.0001,0.9990,0.0008,0.0000
LFHPKGDB_00201,Cytoplasmic Membrane,0.0000,0.0160,0.0011,0.9759,0.0069,0.0001
LFHPKGDB_00202,Cytoplasmic Membrane,0.0000,0.0000,0.0000,0.9997,0.0003,0.0000
LFHPKGDB_00203,Cytoplasmic,0.0000,0.0023,0.9569,0.0301,0.0104,0.0002
LFHPKGDB_00204,Cytoplasmic,0.0002,0.0010,0.9920,0.0059,0.0008,0.0002
LFHPKGDB_00205,Cytoplasmic,0.0000,0.0002,0.9492,0.0008,0.0219,0.0280
LFHPKGDB_00206,Cytoplasmic,0.0000,0.0010,0.9013,0.0825,0.0144,0.0007
LFHPKGDB_00207,Cytoplasmic Membrane,0.0001,0.0012,0.0003,0.9921,0.0060,0.0004
LFHPKGDB_00208,Cytoplasmic Membrane,0.0000,0.0000,0.0000,0.9975,0.0024,0.0000
LFHPKGDB_00209,Cytoplasmic,0.0003,0.3107,0.6611,0.0024,0.0125,0.0129
LFHPKGDB_00210,Cytoplasmic,0.0004,0.3748,0.5854,0.0081,0.0136,0.0177
LFHPKGDB_00211,Cytoplasmic,0.0003,0.0103,0.9469,0.0406,0.0018,0.0002
LFHPKGDB_00212,Cytoplasmic,0.0000,0.0003,0.9995,0.0001,0.0001,0.0000
LFHPKGDB_00213,Cytoplasmic,0.0006,0.0004,0.9840,0.0018,0.0132,0.0000
LFHPKGDB_00214,Cytoplasmic,0.0003,0.0233,0.6095,0.0178,0.3489,0.0002
LFHPKGDB_00215,Cytoplasmic,0.0000,0.0155,0.9819,0.0003,0.0022,0.0000
LFHPKGDB_00216,Cytoplasmic,0.0024,0.0386,0.9315,0.0236,0.0037,0.0001
LFHPKGDB_00217,Extracellular,0.0001,0.6227,0.2529,0.1128,0.0113,0.0002
LFHPKGDB_00218,Extracellular,0.0005,0.9448,0.0501,0.0012,0.0033,0.0002
LFHPKGDB_00219,Cytoplasmic,0.0002,0.0009,0.9795,0.0159,0.0034,0.0000
LFHPKGDB_00220,Cytoplasmic Membrane,0.0000,0.0006,0.0004,0.9976,0.0014,0.0000
LFHPKGDB_00221,Cytoplasmic Membrane,0.0001,0.0050,0.0002,0.9931,0.0014,0.0000
LFHPKGDB_00222,Cytoplasmic Membrane,0.0003,0.0011,0.2552,0.7400,0.0034,0.0000
LFHPKGDB_00223,Cytoplasmic Membrane,0.0001,0.0024,0.0005,0.9834,0.0136,0.0000
LFHPKGDB_00224,Cytoplasmic,0.0001,0.0004,0.9470,0.0398,0.0126,0.0001
LFHPKGDB_00225,Cytoplasmic,0.0002,0.0004,0.9907,0.0024,0.0063,0.0000
LFHPKGDB_00226,Cytoplasmic,0.0005,0.0684,0.8775,0.0402,0.0111,0.0023
LFHPKGDB_00227,Cytoplasmic,0.0002,0.1987,0.7230,0.0465,0.0135,0.0181
LFHPKGDB_00228,Cytoplasmic,0.0001,0.0322,0.9406,0.0223,0.0038,0.0009
LFHPKGDB_00229,Cytoplasmic,0.0001,0.0001,0.9890,0.0083,0.0025,0.0000
LFHPKGDB_00230,Cytoplasmic Membrane,0.0001,0.0003,0.0848,0.9074,0.0074,0.0001
LFHPKGDB_00231,Cytoplasmic,0.0004,0.0011,0.9906,0.0019,0.0059,0.0000
LFHPKGDB_00232,Extracellular,0.0005,0.7729,0.2185,0.0019,0.0060,0.0003
LFHPKGDB_00233,Cytoplasmic,0.0005,0.0024,0.9563,0.0006,0.0401,0.0001
LFHPKGDB_00234,Cytoplasmic,0.0000,0.2724,0.6540,0.0298,0.0436,0.0002
LFHPKGDB_00235,Cytoplasmic,0.0024,0.2027,0.6116,0.0146,0.1681,0.0006
LFHPKGDB_00236,Cytoplasmic,0.0035,0.1957,0.7073,0.0139,0.0789,0.0006
LFHPKGDB_00237,Extracellular,0.0027,0.4515,0.3699,0.0216,0.1539,0.0004
LFHPKGDB_00238,Cytoplasmic,0.0014,0.0419,0.6205,0.0024,0.3326,0.0012
LFHPKGDB_00239,Cytoplasmic,0.0001,0.0004,0.9970,0.0002,0.0023,0.0000
LFHPKGDB_00240,Cytoplasmic Membrane,0.0002,0.0238,0.3744,0.5568,0.0309,0.0139
LFHPKGDB_00241,Cytoplasmic Membrane,0.0000,0.0000,0.0001,0.9997,0.0002,0.0000
LFHPKGDB_00242,Cytoplasmic Membrane,0.0000,0.0005,0.0020,0.9907,0.0066,0.0002
LFHPKGDB_00243,Cytoplasmic,0.0000,0.0044,0.9934,0.0007,0.0013,0.0003
LFHPKGDB_00244,Cytoplasmic,0.0002,0.0472,0.9215,0.0157,0.0132,0.0022
LFHPKGDB_00245,Cytoplasmic,0.0000,0.0000,0.9995,0.0000,0.0004,0.0001
LFHPKGDB_00246,Cytoplasmic,0.0873,0.1769,0.4275,0.1069,0.2007,0.0007
LFHPKGDB_00247,Cytoplasmic Membrane,0.0000,0.0000,0.0000,0.9994,0.0006,0.0000
LFHPKGDB_00248,Cytoplasmic,0.0000,0.0002,0.9968,0.0013,0.0009,0.0007
LFHPKGDB_00249,Cytoplasmic,0.0002,0.0172,0.9165,0.0025,0.0571,0.0065
LFHPKGDB_00250,Cytoplasmic,0.0005,0.0175,0.9703,0.0061,0.0040,0.0017
LFHPKGDB_00251,Cytoplasmic,0.0002,0.0347,0.9349,0.0178,0.0119,0.0005
LFHPKGDB_00252,Cytoplasmic,0.0002,0.0011,0.9952,0.0007,0.0026,0.0001
LFHPKGDB_00253,Cytoplasmic,0.0002,0.2804,0.6371,0.0307,0.0420,0.0096
LFHPKGDB_00254,Cytoplasmic,0.0007,0.0221,0.9307,0.0105,0.0319,0.0042
LFHPKGDB_00255,Cytoplasmic,0.0003,0.0063,0.8393,0.1039,0.0484,0.0018
LFHPKGDB_00256,Cytoplasmic,0.0001,0.0008,0.9933,0.0037,0.0017,0.0004
LFHPKGDB_00257,Cytoplasmic,0.0001,0.0083,0.9514,0.0281,0.0118,0.0003
LFHPKGDB_00258,Cytoplasmic,0.0001,0.0001,0.9988,0.0005,0.0001,0.0005
LFHPKGDB_00259,Cytoplasmic,0.0002,0.0172,0.9316,0.0015,0.0426,0.0069
LFHPKGDB_00260,Cytoplasmic,0.0000,0.0005,0.9892,0.0029,0.0049,0.0024
LFHPKGDB_00261,Cytoplasmic,0.0001,0.0063,0.9567,0.0328,0.0039,0.0003
LFHPKGDB_00262,Cytoplasmic Membrane,0.0000,0.0000,0.0000,0.9990,0.0009,0.0000
LFHPKGDB_00263,Extracellular,0.0000,0.5598,0.3559,0.0488,0.0321,0.0033
LFHPKGDB_00264,Cytoplasmic,0.0010,0.0452,0.8999,0.0125,0.0281,0.0132
LFHPKGDB_00265,Cytoplasmic Membrane,0.0001,0.0911,0.0893,0.8026,0.0128,0.0039
LFHPKGDB_00266,Cytoplasmic,0.0001,0.2373,0.6111,0.0161,0.1337,0.0017
LFHPKGDB_00267,Cytoplasmic,0.0002,0.0015,0.9858,0.0122,0.0003,0.0001
LFHPKGDB_00268,Cytoplasmic,0.0000,0.0005,0.9974,0.0016,0.0004,0.0000
LFHPKGDB_00269,Cytoplasmic,0.0000,0.0005,0.9981,0.0010,0.0002,0.0001
LFHPKGDB_00270,Cytoplasmic,0.0004,0.0311,0.9565,0.0003,0.0115,0.0001
LFHPKGDB_00271,Cytoplasmic,0.0003,0.0028,0.9699,0.0137,0.0079,0.0053
LFHPKGDB_00272,Cytoplasmic,0.0001,0.0126,0.9585,0.0184,0.0102,0.0003
LFHPKGDB_00273,Cytoplasmic,0.0001,0.0124,0.9500,0.0068,0.0278,0.0029
LFHPKGDB_00274,Cytoplasmic,0.0001,0.0020,0.7592,0.2236,0.0082,0.0070
LFHPKGDB_00275,Cytoplasmic,0.0001,0.1386,0.7264,0.1146,0.0199,0.0004
LFHPKGDB_00276,Cytoplasmic Membrane,0.0000,0.0000,0.0000,0.9996,0.0004,0.0000
LFHPKGDB_00277,Cytoplasmic Membrane,0.0000,0.0001,0.0000,0.9990,0.0009,0.0000
LFHPKGDB_00278,Cytoplasmic,0.0000,0.0013,0.9952,0.0011,0.0022,0.0002
LFHPKGDB_00279,Cytoplasmic,0.0001,0.0055,0.9917,0.0007,0.0018,0.0002
LFHPKGDB_00280,Cytoplasmic,0.0002,0.0127,0.6550,0.0477,0.0359,0.2484
LFHPKGDB_00281,Cytoplasmic,0.0002,0.0003,0.9792,0.0200,0.0001,0.0001
LFHPKGDB_00282,Cytoplasmic,0.0013,0.2595,0.6148,0.0460,0.0779,0.0006
LFHPKGDB_00283,Cytoplasmic Membrane,0.0001,0.0005,0.0003,0.9870,0.0120,0.0001
LFHPKGDB_00284,Cytoplasmic,0.0012,0.0833,0.8954,0.0138,0.0046,0.0017
LFHPKGDB_00285,Cytoplasmic,0.0000,0.0080,0.9875,0.0013,0.0030,0.0002
LFHPKGDB_00286,Cytoplasmic,0.0002,0.1476,0.6032,0.2433,0.0055,0.0002
LFHPKGDB_00287,Extracellular,0.0001,0.3682,0.3679,0.0347,0.0068,0.2224
LFHPKGDB_00288,Cytoplasmic,0.0003,0.1334,0.8413,0.0027,0.0149,0.0075
LFHPKGDB_00289,Cytoplasmic,0.0003,0.0013,0.9838,0.0121,0.0021,0.0005
LFHPKGDB_00290,Cytoplasmic,0.0000,0.0345,0.9556,0.0045,0.0022,0.0031
LFHPKGDB_00291,Cytoplasmic,0.0009,0.0379,0.7708,0.1156,0.0592,0.0155
LFHPKGDB_00292,Cytoplasmic,0.0000,0.0007,0.9962,0.0004,0.0025,0.0002
LFHPKGDB_00293,Cytoplasmic,0.0001,0.0044,0.7488,0.0009,0.2456,0.0004
LFHPKGDB_00294,Cytoplasmic,0.0001,0.0108,0.9745,0.0062,0.0071,0.0013
LFHPKGDB_00295,Cytoplasmic Membrane,0.0000,0.0001,0.0008,0.9991,0.0001,0.0000
LFHPKGDB_00296,Cytoplasmic Membrane,0.0001,0.0002,0.1505,0.8406,0.0082,0.0004
LFHPKGDB_00297,Cytoplasmic Membrane,0.0000,0.0000,0.0004,0.9994,0.0002,0.0000
LFHPKGDB_00298,Cytoplasmic,0.0002,0.0023,0.9875,0.0093,0.0005,0.0002
LFHPKGDB_00299,Cytoplasmic,0.0000,0.0054,0.9836,0.0064,0.0043,0.0003
LFHPKGDB_00300,Cytoplasmic,0.0064,0.0314,0.9463,0.0073,0.0076,0.0010
LFHPKGDB_00301,Cytoplasmic Membrane,0.0000,0.0008,0.0010,0.9968,0.0011,0.0004
LFHPKGDB_00302,Cytoplasmic,0.0015,0.2006,0.5832,0.0253,0.0367,0.1528
LFHPKGDB_00303,Cytoplasmic Membrane,0.0000,0.0005,0.0002,0.9982,0.0012,0.0000
LFHPKGDB_00304,Cytoplasmic,0.0003,0.0009,0.5782,0.3868,0.0335,0.0004
LFHPKGDB_00305,Cytoplasmic Membrane,0.0001,0.0118,0.0031,0.9820,0.0030,0.0000
LFHPKGDB_00306,Cytoplasmic Membrane,0.0001,0.0018,0.0006,0.9968,0.0007,0.0000
LFHPKGDB_00307,Cytoplasmic Membrane,0.0003,0.0051,0.0078,0.9663,0.0203,0.0001
LFHPKGDB_00308,Cytoplasmic,0.0002,0.0039,0.9816,0.0073,0.0070,0.0000
LFHPKGDB_00309,Cytoplasmic,0.0003,0.0023,0.9815,0.0006,0.0154,0.0000
LFHPKGDB_00310,Cytoplasmic,0.0002,0.0697,0.8899,0.0351,0.0048,0.0002
LFHPKGDB_00311,Cytoplasmic,0.0002,0.4468,0.4481,0.0785,0.0255,0.0010
LFHPKGDB_00312,Cytoplasmic,0.0026,0.2307,0.7172,0.0302,0.0192,0.0002
LFHPKGDB_00313,Cytoplasmic Membrane,0.0000,0.0024,0.0000,0.9974,0.0002,0.0000
LFHPKGDB_00314,Cytoplasmic Membrane,0.0000,0.0000,0.0000,0.9998,0.0002,0.0000
LFHPKGDB_00315,Cytoplasmic,0.0000,0.0069,0.9802,0.0078,0.0027,0.0023
LFHPKGDB_00316,Cytoplasmic,0.0000,0.0005,0.9847,0.0030,0.0117,0.0000
LFHPKGDB_00317,Cytoplasmic,0.0001,0.0013,0.9969,0.0004,0.0006,0.0008
LFHPKGDB_00318,Cytoplasmic Membrane,0.0002,0.0391,0.0000,0.9356,0.0250,0.0000
LFHPKGDB_00319,Cytoplasmic,0.0014,0.0549,0.8825,0.0584,0.0028,0.0001
LFHPKGDB_00320,Cytoplasmic,0.0014,0.2055,0.7559,0.0051,0.0196,0.0125
LFHPKGDB_00321,Cytoplasmic Membrane,0.0266,0.0291,0.0021,0.9311,0.0096,0.0016
LFHPKGDB_00322,Cytoplasmic,0.0010,0.0054,0.5050,0.4857,0.0028,0.0001
LFHPKGDB_00323,Extracellular,0.1286,0.7481,0.0000,0.0055,0.0009,0.1168
LFHPKGDB_00324,Cytoplasmic,0.0005,0.1463,0.7358,0.0150,0.0466,0.0559
LFHPKGDB_00325,Cytoplasmic,0.0005,0.1400,0.7581,0.0587,0.0394,0.0033
LFHPKGDB_00326,Cytoplasmic,0.0001,0.0201,0.9471,0.0132,0.0066,0.0129
LFHPKGDB_00327,Cytoplasmic,0.0004,0.1459,0.7894,0.0051,0.0179,0.0414
LFHPKGDB_00328,Cytoplasmic,0.0003,0.0199,0.9746,0.0019,0.0019,0.0014
LFHPKGDB_00329,Cytoplasmic,0.0007,0.0085,0.8568,0.1009,0.0271,0.0060
LFHPKGDB_00330,Cytoplasmic,0.0022,0.0316,0.9332,0.0196,0.0127,0.0007
LFHPKGDB_00331,Cytoplasmic,0.0006,0.0846,0.8989,0.0030,0.0120,0.0009
LFHPKGDB_00332,Extracellular,0.0002,0.4072,0.3096,0.2339,0.0488,0.0003
LFHPKGDB_00333,Cytoplasmic,0.0000,0.0000,0.9985,0.0000,0.0014,0.0001
LFHPKGDB_00334,Cytoplasmic,0.0008,0.0678,0.6096,0.2768,0.0419,0.0032
LFHPKGDB_00335,Extracellular,0.0004,0.9993,0.0000,0.0000,0.0001,0.0002
LFHPKGDB_00336,Cytoplasmic,0.0014,0.0863,0.5238,0.2160,0.1600,0.0125
LFHPKGDB_00337,Cytoplasmic Membrane,0.0001,0.0113,0.0002,0.9776,0.0108,0.0000
LFHPKGDB_00338,Cytoplasmic Membrane,0.0008,0.0026,0.4275,0.5412,0.0274,0.0004
LFHPKGDB_00339,Cytoplasmic,0.0004,0.0050,0.8609,0.1087,0.0247,0.0003
LFHPKGDB_00340,Cytoplasmic,0.0014,0.3473,0.5275,0.0497,0.0738,0.0004
LFHPKGDB_00341,Cytoplasmic,0.0008,0.0109,0.7937,0.0888,0.1049,0.0009
LFHPKGDB_00342,Cytoplasmic,0.0008,0.0197,0.9654,0.0091,0.0049,0.0000
LFHPKGDB_00343,Extracellular,0.0002,0.9950,0.0007,0.0030,0.0010,0.0001
LFHPKGDB_00344,Extracellular,0.0003,0.9926,0.0013,0.0035,0.0022,0.0001
LFHPKGDB_00345,Cytoplasmic Membrane,0.0000,0.0031,0.0001,0.9905,0.0064,0.0000
LFHPKGDB_00346,Cytoplasmic,0.0005,0.0007,0.9516,0.0045,0.0411,0.0016
LFHPKGDB_00347,Cytoplasmic Membrane,0.0000,0.0036,0.0001,0.9944,0.0019,0.0000
LFHPKGDB_00348,Cytoplasmic Membrane,0.0004,0.0016,0.2576,0.7314,0.0091,0.0000
LFHPKGDB_00349,Cytoplasmic Membrane,0.0000,0.0085,0.0001,0.9822,0.0092,0.0000
LFHPKGDB_00350,Cytoplasmic,0.0010,0.3852,0.4203,0.0196,0.1690,0.0049
LFHPKGDB_00351,Cytoplasmic Membrane,0.0000,0.0037,0.0002,0.9833,0.0126,0.0000
LFHPKGDB_00352,Cytoplasmic,0.0001,0.0283,0.5107,0.1362,0.3246,0.0002
LFHPKGDB_00353,Cytoplasmic,0.0001,0.3868,0.5358,0.0504,0.0260,0.0009
LFHPKGDB_00354,Cytoplasmic,0.0002,0.2832,0.4702,0.1311,0.1123,0.0030
LFHPKGDB_00355,Extracellular,0.0003,0.4882,0.3106,0.1616,0.0377,0.0017
LFHPKGDB_00356,Cytoplasmic,0.0008,0.2666,0.7026,0.0290,0.0006,0.0004
LFHPKGDB_00357,Cytoplasmic,0.0000,0.2472,0.7070,0.0135,0.0070,0.0253
LFHPKGDB_00358,Cytoplasmic,0.0002,0.0087,0.9362,0.0167,0.0381,0.0001
LFHPKGDB_00359,Cytoplasmic Membrane,0.0001,0.0091,0.0004,0.9872,0.0032,0.0000
LFHPKGDB_00360,Cytoplasmic Membrane,0.0001,0.0096,0.0005,0.9838,0.0059,0.0000
LFHPKGDB_00361,Outer Membrane,0.0000,0.0011,0.0000,0.3270,0.6715,0.0003
LFHPKGDB_00362,Cytoplasmic Membrane,0.0000,0.0000,0.0000,1.0000,0.0000,0.0000
LFHPKGDB_00363,Cytoplasmic,0.0011,0.3187,0.5509,0.0644,0.0551,0.0097
LFHPKGDB_00364,Extracellular,0.0000,0.4169,0.3251,0.2290,0.0288,0.0002
LFHPKGDB_00365,Cytoplasmic,0.0020,0.0036,0.9435,0.0111,0.0390,0.0008
LFHPKGDB_00366,Cytoplasmic,0.0000,0.0227,0.9311,0.0349,0.0059,0.0052
LFHPKGDB_00367,Cytoplasmic,0.0002,0.0033,0.9745,0.0020,0.0177,0.0024
LFHPKGDB_00368,Cytoplasmic,0.0002,0.0065,0.9908,0.0010,0.0011,0.0004
LFHPKGDB_00369,Cytoplasmic,0.0000,0.0009,0.9743,0.0233,0.0015,0.0000
LFHPKGDB_00370,Cytoplasmic,0.0001,0.2608,0.6989,0.0038,0.0356,0.0008
LFHPKGDB_00371,Cytoplasmic,0.0003,0.0033,0.9938,0.0016,0.0010,0.0000
LFHPKGDB_00372,Cytoplasmic,0.0002,0.0042,0.8411,0.0197,0.1066,0.0281
LFHPKGDB_00373,Cytoplasmic Membrane,0.0000,0.0001,0.0003,0.9977,0.0018,0.0000
LFHPKGDB_00374,Cytoplasmic,0.0000,0.0059,0.9866,0.0006,0.0061,0.0007
LFHPKGDB_00375,Cytoplasmic,0.0001,0.0085,0.9573,0.0311,0.0026,0.0004
LFHPKGDB_00376,Cytoplasmic,0.0005,0.0023,0.9823,0.0069,0.0064,0.0016
LFHPKGDB_00377,Extracellular,0.0002,0.6553,0.2957,0.0002,0.0408,0.0078
LFHPKGDB_00378,Cytoplasmic,0.0001,0.0068,0.9586,0.0218,0.0126,0.0001
LFHPKGDB_00379,Cytoplasmic,0.0000,0.0000,0.9841,0.0000,0.0159,0.0000
LFHPKGDB_00380,Cytoplasmic,0.0005,0.0008,0.7609,0.0281,0.2061,0.0035
LFHPKGDB_00381,Cytoplasmic,0.0003,0.0487,0.9500,0.0005,0.0001,0.0005
LFHPKGDB_00382,Cytoplasmic,0.0068,0.2819,0.5115,0.0828,0.1157,0.0013
LFHPKGDB_00383,Cytoplasmic Membrane,0.0830,0.1116,0.0870,0.6707,0.0336,0.0141
LFHPKGDB_00384,Cytoplasmic Membrane,0.0379,0.1449,0.1373,0.6694,0.0101,0.0005
LFHPKGDB_00385,Cytoplasmic,0.0000,0.0000,0.9939,0.0000,0.0060,0.0001
LFHPKGDB_00386,Cytoplasmic,0.0000,0.0000,0.9998,0.0001,0.0001,0.0000
LFHPKGDB_00387,Cytoplasmic,0.0000,0.0026,0.9879,0.0060,0.0019,0.0015
LFHPKGDB_00388,Cytoplasmic Membrane,0.0000,0.0000,0.0000,0.9980,0.0019,0.0000
LFHPKGDB_00389,Cytoplasmic Membrane,0.1609,0.2892,0.0176,0.5102,0.0202,0.0019
LFHPKGDB_00390,Cytoplasmic Membrane,0.0375,0.1407,0.0015,0.8085,0.0110,0.0008
LFHPKGDB_00391,Cytoplasmic,0.0007,0.0607,0.9230,0.0067,0.0087,0.0002
LFHPKGDB_00392,Cytoplasmic,0.0002,0.0054,0.9896,0.0009,0.0038,0.0001
LFHPKGDB_00393,Cytoplasmic Membrane,0.0000,0.0000,0.0000,0.9999,0.0001,0.0000
LFHPKGDB_00394,Cytoplasmic Membrane,0.0000,0.0000,0.0000,0.9998,0.0002,0.0000
LFHPKGDB_00395,Cytoplasmic Membrane,0.0058,0.0360,0.0001,0.6290,0.2663,0.0628
LFHPKGDB_00396,Cytoplasmic,0.0002,0.1570,0.7476,0.0143,0.0748,0.0061
LFHPKGDB_00397,Cytoplasmic,0.0001,0.0027,0.9725,0.0073,0.0157,0.0017
LFHPKGDB_00398,Cytoplasmic,0.0008,0.0321,0.9533,0.0042,0.0094,0.0002
LFHPKGDB_00399,Cytoplasmic Membrane,0.0344,0.2011,0.0036,0.7278,0.0327,0.0004
LFHPKGDB_00400,Cytoplasmic Membrane,0.0000,0.0000,0.0000,0.9996,0.0004,0.0000
LFHPKGDB_00401,Cytoplasmic,0.0000,0.0000,0.9943,0.0000,0.0055,0.0001
LFHPKGDB_00402,Cytoplasmic,0.0000,0.0000,0.9788,0.0004,0.0207,0.0000
LFHPKGDB_00403,Cytoplasmic,0.0000,0.0008,0.9930,0.0033,0.0029,0.0000
LFHPKGDB_00404,Cytoplasmic,0.0006,0.0149,0.9795,0.0019,0.0028,0.0003
LFHPKGDB_00405,Cytoplasmic,0.0000,0.0009,0.9981,0.0007,0.0000,0.0003
LFHPKGDB_00406,Cytoplasmic,0.0003,0.0004,0.7511,0.0303,0.2175,0.0004
LFHPKGDB_00407,Cytoplasmic,0.0002,0.0025,0.9631,0.0022,0.0315,0.0005
LFHPKGDB_00408,Cytoplasmic,0.0000,0.0852,0.8820,0.0122,0.0203,0.0002
LFHPKGDB_00409,Cytoplasmic,0.0000,0.0006,0.9883,0.0100,0.0009,0.0001
LFHPKGDB_00410,Cytoplasmic Membrane,0.0000,0.0004,0.0000,0.9983,0.0013,0.0000
LFHPKGDB_00411,Cytoplasmic,0.0014,0.0141,0.8678,0.0060,0.1062,0.0045
LFHPKGDB_00412,Cytoplasmic,0.2334,0.0154,0.5704,0.0428,0.1367,0.0013
LFHPKGDB_00413,Cytoplasmic Membrane,0.0000,0.0003,0.0031,0.9952,0.0014,0.0000
LFHPKGDB_00414,Cell wall & surface,0.7442,0.0410,0.0009,0.1700,0.0436,0.0002
LFHPKGDB_00415,Cytoplasmic,0.0000,0.1772,0.7584,0.0012,0.0630,0.0001
LFHPKGDB_00416,Cytoplasmic Membrane,0.0000,0.0000,0.0001,0.9996,0.0002,0.0000
LFHPKGDB_00417,Cytoplasmic Membrane,0.0000,0.0001,0.0000,0.9997,0.0002,0.0000
LFHPKGDB_00418,Cytoplasmic,0.0000,0.0005,0.9984,0.0004,0.0005,0.0001
LFHPKGDB_00419,Cytoplasmic,0.0001,0.0325,0.9521,0.0029,0.0123,0.0002
LFHPKGDB_00420,Cytoplasmic,0.0000,0.0034,0.9835,0.0016,0.0014,0.0101
LFHPKGDB_00421,Cytoplasmic,0.0054,0.0004,0.9777,0.0151,0.0007,0.0007
LFHPKGDB_00422,Cytoplasmic Membrane,0.0000,0.0000,0.0000,0.9999,0.0001,0.0000
LFHPKGDB_00423,Cytoplasmic,0.0000,0.0002,0.9920,0.0030,0.0047,0.0001
LFHPKGDB_00424,Cytoplasmic,0.0002,0.0878,0.5866,0.3144,0.0108,0.0002
LFHPKGDB_00425,Cytoplasmic,0.0000,0.0808,0.6890,0.2229,0.0053,0.0020
LFHPKGDB_00426,Cytoplasmic,0.0000,0.0004,0.9921,0.0050,0.0016,0.0009
LFHPKGDB_00427,Cytoplasmic Membrane,0.0003,0.0061,0.2081,0.7793,0.0056,0.0007
LFHPKGDB_00428,Cytoplasmic Membrane,0.0007,0.1812,0.0191,0.7757,0.0203,0.0030
LFHPKGDB_00429,Cytoplasmic Membrane,0.0000,0.0000,0.0000,1.0000,0.0000,0.0000
LFHPKGDB_00430,Cytoplasmic,0.0009,0.0040,0.9195,0.0544,0.0209,0.0002
LFHPKGDB_00431,Cytoplasmic Membrane,0.0000,0.0054,0.0003,0.9919,0.0023,0.0000
LFHPKGDB_00432,Cytoplasmic,0.0003,0.0016,0.8920,0.0087,0.0964,0.0009
LFHPKGDB_00433,Extracellular,0.0000,0.4805,0.2368,0.1065,0.1763,0.0000
LFHPKGDB_00434,Cytoplasmic,0.0006,0.0008,0.7636,0.2238,0.0105,0.0006
LFHPKGDB_00435,Cytoplasmic,0.0006,0.0014,0.8626,0.1060,0.0272,0.0023
LFHPKGDB_00436,Cytoplasmic,0.0002,0.0111,0.9835,0.0005,0.0034,0.0012
LFHPKGDB_00437,Cytoplasmic,0.0001,0.0179,0.9686,0.0048,0.0084,0.0002
LFHPKGDB_00438,Cytoplasmic,0.0001,0.0008,0.9947,0.0009,0.0024,0.0011
LFHPKGDB_00439,Cytoplasmic,0.0000,0.0006,0.9985,0.0004,0.0004,0.0001
LFHPKGDB_00440,Cytoplasmic,0.0001,0.0061,0.9893,0.0025,0.0020,0.0001
LFHPKGDB_00441,Cytoplasmic Membrane,0.1183,0.0251,0.0758,0.4906,0.2902,0.0000
LFHPKGDB_00442,Cytoplasmic Membrane,0.0002,0.0010,0.1623,0.8030,0.0296,0.0040
LFHPKGDB_00443,Cytoplasmic Membrane,0.0050,0.0233,0.0000,0.8127,0.1191,0.0399
LFHPKGDB_00444,Cytoplasmic Membrane,0.0000,0.0000,0.0000,0.9999,0.0001,0.0000
LFHPKGDB_00445,Cytoplasmic,0.0000,0.0002,0.9985,0.0001,0.0010,0.0001
LFHPKGDB_00446,Cytoplasmic,0.0001,0.0026,0.9948,0.0016,0.0005,0.0003
LFHPKGDB_00447,Cytoplasmic,0.0000,0.0001,0.9879,0.0000,0.0115,0.0005
LFHPKGDB_00448,Cytoplasmic,0.0003,0.0052,0.5367,0.0061,0.3726,0.0792
LFHPKGDB_00449,Cytoplasmic,0.0000,0.0034,0.9288,0.0053,0.0510,0.0115
LFHPKGDB_00450,Cytoplasmic,0.0000,0.0002,0.9879,0.0092,0.0024,0.0003
LFHPKGDB_00451,Cytoplasmic Membrane,0.0000,0.0000,0.0002,0.9982,0.0015,0.0000
LFHPKGDB_00452,Cytoplasmic,0.0001,0.0001,0.9864,0.0134,0.0000,0.0000
LFHPKGDB_00453,Cytoplasmic,0.0002,0.0074,0.9147,0.0122,0.0602,0.0054
LFHPKGDB_00454,Cytoplasmic Membrane,0.0000,0.0000,0.0000,1.0000,0.0000,0.0000
LFHPKGDB_00455,Cytoplasmic,0.0000,0.0012,0.9967,0.0005,0.0016,0.0001
LFHPKGDB_00456,Cytoplasmic,0.0000,0.0134,0.9854,0.0001,0.0008,0.0002
LFHPKGDB_00457,Cytoplasmic,0.0000,0.0021,0.9839,0.0004,0.0112,0.0024
LFHPKGDB_00458,Cytoplasmic,0.0001,0.0055,0.9898,0.0029,0.0006,0.0012
LFHPKGDB_00459,Cytoplasmic,0.0001,0.0003,0.9767,0.0037,0.0182,0.0011
LFHPKGDB_00460,Cytoplasmic Membrane,0.0000,0.0000,0.0000,0.9999,0.0001,0.0000
LFHPKGDB_00461,Cytoplasmic,0.0002,0.0624,0.8791,0.0009,0.0517,0.0057
LFHPKGDB_00462,Cytoplasmic Membrane,0.0000,0.0000,0.0000,0.9996,0.0004,0.0000
LFHPKGDB_00463,Cytoplasmic Membrane,0.0000,0.0000,0.0000,0.9999,0.0001,0.0000
LFHPKGDB_00464,Extracellular,0.0008,0.4815,0.0158,0.0279,0.0375,0.4366
LFHPKGDB_00465,Cytoplasmic Membrane,0.0004,0.0021,0.0000,0.7271,0.2662,0.0042
LFHPKGDB_00466,Cytoplasmic,0.0002,0.3475,0.3979,0.0068,0.2194,0.0283
LFHPKGDB_00467,Cytoplasmic Membrane,0.0000,0.0000,0.0000,0.9997,0.0003,0.0000
LFHPKGDB_00468,Cytoplasmic,0.0000,0.0003,0.9612,0.0002,0.0381,0.0002
LFHPKGDB_00469,Cytoplasmic,0.0001,0.0017,0.9803,0.0033,0.0140,0.0006
LFHPKGDB_00470,Cytoplasmic,0.0000,0.0010,0.9739,0.0246,0.0004,0.0000
LFHPKGDB_00471,Cytoplasmic Membrane,0.0000,0.0000,0.0000,0.9989,0.0010,0.0000
LFHPKGDB_00472,Cytoplasmic Membrane,0.0001,0.0002,0.0734,0.9072,0.0188,0.0003
LFHPKGDB_00473,Cytoplasmic Membrane,0.0002,0.0004,0.1913,0.7757,0.0258,0.0066
LFHPKGDB_00474,Cytoplasmic Membrane,0.0000,0.0000,0.0000,0.9999,0.0001,0.0000
LFHPKGDB_00475,Cytoplasmic Membrane,0.0000,0.0000,0.0000,1.0000,0.0000,0.0000
LFHPKGDB_00476,Cytoplasmic Membrane,0.0253,0.0602,0.0002,0.6540,0.2110,0.0493
LFHPKGDB_00477,Cytoplasmic,0.0001,0.0023,0.9939,0.0024,0.0012,0.0001
LFHPKGDB_00478,Cytoplasmic,0.0000,0.0001,0.9925,0.0016,0.0055,0.0003
LFHPKGDB_00479,Cytoplasmic Membrane,0.0085,0.0852,0.0052,0.8734,0.0275,0.0001
LFHPKGDB_00480,Cytoplasmic,0.0000,0.0043,0.8604,0.0110,0.0113,0.1130
LFHPKGDB_00481,Cytoplasmic Membrane,0.0000,0.0000,0.0000,0.9991,0.0009,0.0000
LFHPKGDB_00482,Cytoplasmic,0.0014,0.0017,0.9434,0.0352,0.0179,0.0004
LFHPKGDB_00483,Cytoplasmic,0.0006,0.0046,0.9902,0.0015,0.0028,0.0003
LFHPKGDB_00484,Cytoplasmic,0.0004,0.0353,0.7340,0.1327,0.0967,0.0009
LFHPKGDB_00485,Cytoplasmic,0.0003,0.0006,0.9598,0.0314,0.0073,0.0006
LFHPKGDB_00486,Cytoplasmic,0.0001,0.0065,0.9445,0.0247,0.0125,0.0118
LFHPKGDB_00487,Cytoplasmic,0.0000,0.0012,0.9975,0.0011,0.0001,0.0000
LFHPKGDB_00488,Cytoplasmic,0.0001,0.0006,0.9847,0.0015,0.0123,0.0007
LFHPKGDB_00489,Cytoplasmic Membrane,0.0003,0.0106,0.2660,0.6786,0.0443,0.0003
LFHPKGDB_00490,Cytoplasmic,0.0001,0.0133,0.9562,0.0041,0.0227,0.0037
LFHPKGDB_00491,Cytoplasmic,0.0024,0.0014,0.8340,0.0566,0.1018,0.0038
LFHPKGDB_00492,Cytoplasmic Membrane,0.0294,0.1230,0.0020,0.8346,0.0085,0.0026
LFHPKGDB_00493,Cytoplasmic,0.0000,0.0002,0.9930,0.0001,0.0064,0.0003
LFHPKGDB_00494,Cytoplasmic,0.0000,0.0002,0.9836,0.0001,0.0157,0.0003
LFHPKGDB_00495,Cytoplasmic,0.0001,0.0032,0.9815,0.0115,0.0037,0.0000
LFHPKGDB_00496,Cytoplasmic,0.0000,0.0002,0.9394,0.0022,0.0571,0.0010
LFHPKGDB_00497,Cytoplasmic,0.0001,0.0003,0.8191,0.0629,0.1162,0.0014
LFHPKGDB_00498,Cytoplasmic,0.0005,0.0306,0.9298,0.0101,0.0289,0.0001
LFHPKGDB_00499,Cytoplasmic,0.0000,0.0001,0.9963,0.0001,0.0027,0.0007
LFHPKGDB_00500,Cytoplasmic,0.0002,0.0005,0.9683,0.0080,0.0228,0.0003
LFHPKGDB_00501,Cytoplasmic,0.0000,0.0003,0.9940,0.0020,0.0036,0.0001
LFHPKGDB_00502,Cytoplasmic,0.0015,0.0054,0.9673,0.0093,0.0152,0.0012
LFHPKGDB_00503,Cytoplasmic,0.0003,0.0018,0.9920,0.0013,0.0041,0.0004
LFHPKGDB_00504,Cytoplasmic,0.0001,0.0002,0.9790,0.0009,0.0177,0.0022
LFHPKGDB_00505,Cytoplasmic,0.0001,0.0008,0.9881,0.0032,0.0050,0.0029
LFHPKGDB_00506,Cytoplasmic,0.0003,0.0037,0.6232,0.0009,0.3698,0.0022
LFHPKGDB_00507,Cytoplasmic,0.0002,0.0478,0.9200,0.0018,0.0300,0.0001
LFHPKGDB_00508,Cytoplasmic,0.0003,0.0003,0.9701,0.0058,0.0230,0.0006
LFHPKGDB_00509,Cytoplasmic,0.0014,0.0010,0.9103,0.0033,0.0147,0.0692
LFHPKGDB_00510,Cytoplasmic,0.0000,0.0005,0.9967,0.0023,0.0004,0.0000
LFHPKGDB_00511,Cytoplasmic,0.0000,0.0016,0.9954,0.0007,0.0020,0.0003
LFHPKGDB_00512,Cytoplasmic,0.0004,0.0049,0.9307,0.0149,0.0462,0.0028
LFHPKGDB_00513,Cytoplasmic,0.0006,0.0971,0.7508,0.0225,0.0601,0.0688
LFHPKGDB_00514,Cytoplasmic,0.0000,0.0008,0.9967,0.0012,0.0006,0.0007
LFHPKGDB_00515,Cytoplasmic,0.0004,0.0039,0.9809,0.0129,0.0014,0.0004
LFHPKGDB_00516,Cytoplasmic,0.0001,0.0008,0.9622,0.0012,0.0348,0.0010
LFHPKGDB_00517,Cytoplasmic,0.0000,0.0001,0.9854,0.0006,0.0133,0.0005
LFHPKGDB_00518,Cytoplasmic,0.0001,0.0036,0.8259,0.0219,0.1470,0.0016
LFHPKGDB_00519,Cytoplasmic,0.0001,0.0002,0.9686,0.0034,0.0184,0.0093
LFHPKGDB_00520,Cytoplasmic,0.0001,0.0081,0.7907,0.1557,0.0172,0.0282
LFHPKGDB_00521,Cytoplasmic,0.0000,0.0000,0.9971,0.0002,0.0010,0.0016
LFHPKGDB_00522,Cytoplasmic,0.0001,0.0005,0.9554,0.0281,0.0088,0.0071
LFHPKGDB_00523,Cytoplasmic,0.0000,0.0007,0.9593,0.0014,0.0355,0.0031
LFHPKGDB_00524,Cytoplasmic,0.0004,0.0029,0.7221,0.2352,0.0353,0.0041
LFHPKGDB_00525,Cytoplasmic Membrane,0.0000,0.0040,0.0002,0.9844,0.0113,0.0001
LFHPKGDB_00526,Cytoplasmic Membrane,0.0000,0.0000,0.0000,0.9988,0.0011,0.0000
LFHPKGDB_00527,Cytoplasmic,0.0000,0.0012,0.9514,0.0166,0.0293,0.0015
LFHPKGDB_00528,Cytoplasmic,0.0009,0.0076,0.9713,0.0037,0.0125,0.0041
LFHPKGDB_00529,Cytoplasmic,0.0012,0.0753,0.7718,0.0967,0.0534,0.0016
LFHPKGDB_00530,Cytoplasmic,0.0000,0.0019,0.8911,0.0089,0.0074,0.0907
LFHPKGDB_00531,Cytoplasmic Membrane,0.0000,0.0000,0.0000,0.9987,0.0012,0.0000
LFHPKGDB_00532,Outer Membrane,0.0003,0.0424,0.0002,0.0965,0.8583,0.0023
LFHPKGDB_00533,Cytoplasmic,0.0004,0.0043,0.9813,0.0113,0.0024,0.0003
LFHPKGDB_00534,Cytoplasmic Membrane,0.0005,0.0006,0.4739,0.5230,0.0019,0.0001
LFHPKGDB_00535,Cytoplasmic Membrane,0.0000,0.0005,0.0003,0.9976,0.0014,0.0000
LFHPKGDB_00536,Cytoplasmic Membrane,0.0000,0.0015,0.0009,0.9941,0.0034,0.0000
LFHPKGDB_00537,Cytoplasmic,0.0000,0.0002,0.9950,0.0035,0.0012,0.0000
LFHPKGDB_00538,Cytoplasmic Membrane,0.0000,0.0032,0.0002,0.9954,0.0012,0.0000
LFHPKGDB_00539,Cytoplasmic Membrane,0.0000,0.0000,0.0000,0.9999,0.0000,0.0000
LFHPKGDB_00540,Cytoplasmic Membrane,0.0000,0.0000,0.0000,1.0000,0.0000,0.0000
LFHPKGDB_00541,Cytoplasmic Membrane,0.0150,0.0670,0.0002,0.6971,0.1755,0.0452
LFHPKGDB_00542,Cytoplasmic,0.0004,0.0338,0.9558,0.0032,0.0067,0.0001
LFHPKGDB_00543,Cytoplasmic,0.0000,0.0001,0.9963,0.0028,0.0006,0.0002
LFHPKGDB_00544,Cytoplasmic,0.0003,0.0032,0.6340,0.0009,0.3594,0.0022
LFHPKGDB_00545,Cytoplasmic,0.0020,0.0478,0.8864,0.0484,0.0146,0.0009
LFHPKGDB_00546,Cytoplasmic,0.0001,0.0061,0.9918,0.0005,0.0010,0.0004
LFHPKGDB_00547,Cytoplasmic Membrane,0.0000,0.0004,0.0002,0.9960,0.0033,0.0001
LFHPKGDB_00548,Cytoplasmic Membrane,0.0000,0.0000,0.0000,0.9998,0.0002,0.0000
LFHPKGDB_00549,Cytoplasmic,0.0000,0.0002,0.9888,0.0013,0.0064,0.0034
LFHPKGDB_00550,Cytoplasmic,0.0001,0.0057,0.9486,0.0235,0.0173,0.0048
LFHPKGDB_00551,Cytoplasmic,0.0001,0.0003,0.9968,0.0020,0.0008,0.0001
LFHPKGDB_00552,Cytoplasmic,0.0001,0.0004,0.9858,0.0033,0.0099,0.0006
LFHPKGDB_00553,Cytoplasmic,0.0001,0.0169,0.9795,0.0025,0.0005,0.0003
LFHPKGDB_00554,Cytoplasmic,0.0003,0.0077,0.9852,0.0031,0.0035,0.0002
LFHPKGDB_00555,Cytoplasmic,0.0000,0.0107,0.9879,0.0004,0.0008,0.0001
LFHPKGDB_00556,Cytoplasmic,0.0066,0.0306,0.9470,0.0091,0.0067,0.0000
LFHPKGDB_00557,Cytoplasmic,0.0008,0.0039,0.9831,0.0014,0.0105,0.0004
LFHPKGDB_00558,Cytoplasmic,0.0000,0.0472,0.9517,0.0004,0.0006,0.0001
LFHPKGDB_00559,Cytoplasmic Membrane,0.0025,0.0208,0.0032,0.9650,0.0084,0.0002
LFHPKGDB_00560,Cytoplasmic,0.0001,0.1289,0.6862,0.1781,0.0054,0.0012
LFHPKGDB_00561,Cytoplasmic,0.0001,0.1246,0.7296,0.1359,0.0096,0.0002
LFHPKGDB_00562,Cytoplasmic Membrane,0.0000,0.0000,0.0000,0.9999,0.0001,0.0000
LFHPKGDB_00563,Cytoplasmic,0.0002,0.3597,0.4199,0.1947,0.0246,0.0009
LFHPKGDB_00564,Cytoplasmic Membrane,0.0000,0.0014,0.0001,0.9763,0.0222,0.0001
LFHPKGDB_00565,Cytoplasmic Membrane,0.0000,0.0109,0.0001,0.9731,0.0159,0.0000
LFHPKGDB_00566,Extracellular,0.0008,0.3755,0.2394,0.3715,0.0086,0.0042
LFHPKGDB_00567,Cytoplasmic Membrane,0.0000,0.0000,0.0000,0.9998,0.0001,0.0000
LFHPKGDB_00568,Cytoplasmic,0.0002,0.0053,0.9889,0.0021,0.0030,0.0006
LFHPKGDB_00569,Cytoplasmic,0.0006,0.0013,0.9769,0.0004,0.0188,0.0020
LFHPKGDB_00570,Cytoplasmic,0.0005,0.0005,0.9813,0.0091,0.0074,0.0012
LFHPKGDB_00571,Extracellular,0.0000,0.7601,0.2211,0.0011,0.0174,0.0002
LFHPKGDB_00572,Cytoplasmic Membrane,0.0000,0.0007,0.0002,0.9968,0.0023,0.0000
LFHPKGDB_00573,Cytoplasmic,0.0002,0.1429,0.6965,0.1496,0.0105,0.0003
LFHPKGDB_00574,Cytoplasmic,0.0001,0.2049,0.6215,0.0833,0.0764,0.0138
LFHPKGDB_00575,Cytoplasmic Membrane,0.0001,0.0004,0.0577,0.9203,0.0211,0.0004
LFHPKGDB_00576,Cytoplasmic,0.0005,0.0249,0.8859,0.0139,0.0738,0.0010
LFHPKGDB_00577,Cytoplasmic Membrane,0.0000,0.0000,0.0006,0.9976,0.0017,0.0000
LFHPKGDB_00578,Extracellular,0.0005,0.3945,0.2901,0.0671,0.2375,0.0103
LFHPKGDB_00579,Cytoplasmic,0.0008,0.0035,0.6916,0.2994,0.0045,0.0002
LFHPKGDB_00580,Cytoplasmic,0.0001,0.0252,0.9418,0.0103,0.0225,0.0000
LFHPKGDB_00581,Cytoplasmic Membrane,0.0001,0.0029,0.0002,0.9926,0.0040,0.0002
LFHPKGDB_00582,Cytoplasmic Membrane,0.0000,0.0000,0.0001,0.9998,0.0001,0.0000
LFHPKGDB_00583,Cytoplasmic,0.0114,0.0888,0.8945,0.0015,0.0034,0.0005
LFHPKGDB_00584,Cytoplasmic,0.0001,0.0010,0.8894,0.0099,0.0988,0.0008
LFHPKGDB_00585,Cytoplasmic,0.0000,0.0002,0.6157,0.3773,0.0067,0.0000
LFHPKGDB_00586,Cytoplasmic Membrane,0.0000,0.0007,0.0051,0.9889,0.0052,0.0000
LFHPKGDB_00587,Cytoplasmic Membrane,0.0000,0.0000,0.0000,0.9997,0.0003,0.0000
LFHPKGDB_00588,Cytoplasmic,0.0002,0.0008,0.9859,0.0055,0.0075,0.0001
LFHPKGDB_00589,Cytoplasmic,0.0000,0.0004,0.9959,0.0031,0.0006,0.0000
LFHPKGDB_00590,Cytoplasmic Membrane,0.0000,0.0000,0.0000,0.9999,0.0000,0.0000
LFHPKGDB_00591,Cytoplasmic,0.0000,0.0062,0.9442,0.0025,0.0412,0.0058
LFHPKGDB_00592,Cytoplasmic,0.0000,0.0004,0.9514,0.0017,0.0082,0.0382
LFHPKGDB_00593,Cytoplasmic,0.0000,0.0002,0.9982,0.0012,0.0002,0.0002
LFHPKGDB_00594,Cytoplasmic,0.0011,0.1409,0.5257,0.0027,0.0633,0.2664
LFHPKGDB_00595,Cytoplasmic Membrane,0.0000,0.0000,0.0001,0.9997,0.0002,0.0000
LFHPKGDB_00596,Cytoplasmic Membrane,0.0017,0.0208,0.0002,0.6477,0.3207,0.0090
LFHPKGDB_00597,Extracellular,0.0027,0.7193,0.2174,0.0063,0.0099,0.0445
LFHPKGDB_00598,Cytoplasmic,0.0002,0.0077,0.9637,0.0042,0.0054,0.0187
LFHPKGDB_00599,Cytoplasmic,0.0012,0.1866,0.7547,0.0389,0.0184,0.0002
LFHPKGDB_00600,Cytoplasmic,0.0001,0.0004,0.9765,0.0197,0.0032,0.0000
LFHPKGDB_00601,Cytoplasmic Membrane,0.0006,0.0085,0.3448,0.5956,0.0499,0.0005
LFHPKGDB_00602,Cytoplasmic,0.0005,0.0003,0.9948,0.0037,0.0005,0.0002
LFHPKGDB_00603,Cytoplasmic,0.0006,0.0079,0.9849,0.0025,0.0039,0.0002
LFHPKGDB_00604,Cytoplasmic,0.0000,0.0007,0.9886,0.0011,0.0095,0.0001
LFHPKGDB_00605,Cytoplasmic,0.0001,0.0006,0.9440,0.0022,0.0483,0.0048
LFHPKGDB_00606,Cytoplasmic,0.0000,0.0007,0.9731,0.0238,0.0020,0.0003
LFHPKGDB_00607,Cytoplasmic,0.0010,0.0008,0.9459,0.0341,0.0179,0.0003
LFHPKGDB_00608,Cytoplasmic,0.0000,0.0003,0.9758,0.0219,0.0018,0.0001
LFHPKGDB_00609,Cytoplasmic Membrane,0.0224,0.1372,0.0057,0.7924,0.0344,0.0079
LFHPKGDB_00610,Cytoplasmic,0.0002,0.2270,0.7072,0.0114,0.0539,0.0003
LFHPKGDB_00611,Cytoplasmic,0.0025,0.0318,0.9465,0.0151,0.0039,0.0001
LFHPKGDB_00612,Cytoplasmic,0.0001,0.0025,0.9828,0.0125,0.0014,0.0007
LFHPKGDB_00613,Cytoplasmic Membrane,0.0002,0.0141,0.0048,0.9593,0.0207,0.0009
LFHPKGDB_00614,Cytoplasmic Membrane,0.0000,0.0000,0.0000,0.9993,0.0007,0.0000
LFHPKGDB_00615,Cytoplasmic,0.0015,0.0817,0.6968,0.0176,0.2001,0.0023
LFHPKGDB_00616,Cytoplasmic,0.0001,0.1035,0.8921,0.0015,0.0028,0.0000
LFHPKGDB_00617,Cytoplasmic Membrane,0.0006,0.0008,0.3175,0.6261,0.0534,0.0017
LFHPKGDB_00618,Cytoplasmic,0.0001,0.0022,0.9892,0.0019,0.0065,0.0001
LFHPKGDB_00619,Cytoplasmic,0.0008,0.0086,0.9081,0.0767,0.0058,0.0000
LFHPKGDB_00620,Cytoplasmic,0.0001,0.0147,0.9555,0.0155,0.0083,0.0060
LFHPKGDB_00621,Cytoplasmic Membrane,0.0000,0.0000,0.0000,0.9996,0.0003,0.0000
LFHPKGDB_00622,Cytoplasmic,0.0000,0.0001,0.9991,0.0002,0.0005,0.0000
LFHPKGDB_00623,Extracellular,0.0001,0.4889,0.4076,0.0462,0.0535,0.0038
LFHPKGDB_00624,Cytoplasmic,0.0001,0.0005,0.9767,0.0205,0.0022,0.0000
LFHPKGDB_00625,Cytoplasmic,0.0001,0.0357,0.5431,0.3988,0.0163,0.0058
LFHPKGDB_00626,Extracellular,0.0000,0.4799,0.1642,0.3133,0.0424,0.0001
LFHPKGDB_00630,Cytoplasmic,0.0004,0.0613,0.8042,0.0918,0.0235,0.0188
LFHPKGDB_00631,Cytoplasmic,0.0001,0.0002,0.9572,0.0068,0.0347,0.0011
LFHPKGDB_00632,Cytoplasmic,0.0791,0.1521,0.5932,0.0800,0.0850,0.0106
LFHPKGDB_00633,Cytoplasmic,0.0019,0.0018,0.9421,0.0098,0.0435,0.0009
LFHPKGDB_00634,Cytoplasmic,0.0001,0.0006,0.9977,0.0013,0.0003,0.0000
LFHPKGDB_00635,Cytoplasmic,0.0001,0.0001,0.7965,0.0003,0.2026,0.0005
LFHPKGDB_00636,Cytoplasmic,0.0001,0.0006,0.9968,0.0001,0.0024,0.0001
LFHPKGDB_00637,Cytoplasmic,0.0000,0.0001,0.9194,0.0007,0.0791,0.0006
LFHPKGDB_00638,Cytoplasmic,0.0001,0.0024,0.8967,0.0019,0.0656,0.0332
LFHPKGDB_00639,Cytoplasmic,0.0010,0.0651,0.8798,0.0341,0.0180,0.0020
LFHPKGDB_00640,Cytoplasmic,0.0000,0.0002,0.9840,0.0001,0.0155,0.0003
LFHPKGDB_00641,Cytoplasmic Membrane,0.0000,0.0004,0.0004,0.9959,0.0032,0.0000
LFHPKGDB_00642,Cytoplasmic Membrane,0.0000,0.0001,0.0000,0.9997,0.0001,0.0000
LFHPKGDB_00643,Cytoplasmic Membrane,0.0001,0.2445,0.0015,0.5506,0.2032,0.0001
LFHPKGDB_00644,Cytoplasmic,0.0000,0.0003,0.8838,0.0009,0.1148,0.0003
LFHPKGDB_00645,Cytoplasmic,0.0008,0.0020,0.9074,0.0161,0.0708,0.0030
LFHPKGDB_00646,Cytoplasmic,0.0000,0.0001,0.9959,0.0006,0.0032,0.0001
LFHPKGDB_00647,Cytoplasmic,0.0000,0.0002,0.9845,0.0004,0.0139,0.0010
LFHPKGDB_00648,Cytoplasmic,0.0001,0.0004,0.9767,0.0005,0.0221,0.0002
LFHPKGDB_00649,Cytoplasmic,0.0000,0.0000,0.9995,0.0000,0.0004,0.0001
LFHPKGDB_00650,Cytoplasmic Membrane,0.0000,0.0001,0.0003,0.9982,0.0014,0.0000
LFHPKGDB_00651,Cytoplasmic Membrane,0.0001,0.0180,0.0000,0.9733,0.0085,0.0000
LFHPKGDB_00652,Cytoplasmic Membrane,0.0000,0.0000,0.0001,0.9991,0.0008,0.0000
LFHPKGDB_00653,Cytoplasmic,0.0000,0.0014,0.8798,0.0005,0.1162,0.0021
LFHPKGDB_00654,Cytoplasmic,0.0002,0.0730,0.8997,0.0021,0.0241,0.0009
LFHPKGDB_00655,Cytoplasmic,0.0000,0.0001,0.9869,0.0129,0.0001,0.0000
LFHPKGDB_00656,Cytoplasmic Membrane,0.0000,0.0000,0.0001,0.9998,0.0001,0.0000
LFHPKGDB_00657,Cytoplasmic Membrane,0.0004,0.0005,0.3101,0.6861,0.0017,0.0014
LFHPKGDB_00658,Cytoplasmic Membrane,0.0004,0.0012,0.3054,0.6879,0.0046,0.0004
LFHPKGDB_00659,Cytoplasmic,0.0002,0.0284,0.9455,0.0222,0.0029,0.0007
LFHPKGDB_00660,Cytoplasmic,0.0000,0.0001,0.9946,0.0009,0.0043,0.0002
LFHPKGDB_00661,Cytoplasmic,0.0003,0.0004,0.9744,0.0148,0.0099,0.0002
LFHPKGDB_00662,Cytoplasmic,0.0001,0.0004,0.9740,0.0070,0.0184,0.0001
LFHPKGDB_00663,Cytoplasmic,0.0007,0.0126,0.9091,0.0522,0.0168,0.0086
LFHPKGDB_00664,Cytoplasmic,0.0001,0.0000,0.9965,0.0003,0.0031,0.0000
LFHPKGDB_00665,Cytoplasmic,0.0000,0.0005,0.9937,0.0002,0.0045,0.0010
LFHPKGDB_00666,Cytoplasmic,0.0000,0.0038,0.9941,0.0004,0.0011,0.0005
LFHPKGDB_00667,Cytoplasmic Membrane,0.0001,0.1162,0.0310,0.8460,0.0066,0.0001
LFHPKGDB_00668,Cytoplasmic,0.0009,0.0008,0.9592,0.0176,0.0210,0.0005
LFHPKGDB_00669,Cytoplasmic Membrane,0.0000,0.0050,0.0064,0.9871,0.0014,0.0000
LFHPKGDB_00670,Cytoplasmic,0.0002,0.0249,0.9654,0.0051,0.0040,0.0005
LFHPKGDB_00671,Cytoplasmic,0.0029,0.1004,0.8091,0.0704,0.0152,0.0021
LFHPKGDB_00672,Cytoplasmic,0.0003,0.0094,0.9637,0.0043,0.0222,0.0001
LFHPKGDB_00673,Cytoplasmic,0.0002,0.0125,0.9843,0.0025,0.0004,0.0001
LFHPKGDB_00674,Cytoplasmic Membrane,0.0017,0.0593,0.0000,0.7927,0.1458,0.0004
LFHPKGDB_00675,Cell wall & surface,0.6814,0.2791,0.0086,0.0074,0.0229,0.0006
LFHPKGDB_00676,Cytoplasmic,0.0001,0.1062,0.8741,0.0075,0.0119,0.0001
LFHPKGDB_00677,Cytoplasmic,0.0006,0.0666,0.5726,0.2842,0.0430,0.0331
LFHPKGDB_00678,Cytoplasmic,0.0012,0.0856,0.6492,0.1432,0.0861,0.0347
LFHPKGDB_00679,Cytoplasmic,0.0001,0.0101,0.7353,0.0012,0.2529,0.0005
LFHPKGDB_00680,Cytoplasmic,0.0001,0.0029,0.7942,0.0068,0.1939,0.0022
LFHPKGDB_00681,Cytoplasmic,0.0000,0.0049,0.8380,0.0049,0.1519,0.0003
LFHPKGDB_00682,Cytoplasmic,0.0007,0.0026,0.6517,0.2023,0.0534,0.0893
LFHPKGDB_00683,Cytoplasmic,0.0000,0.0001,0.9842,0.0005,0.0151,0.0000
LFHPKGDB_00684,Cytoplasmic,0.0053,0.1233,0.7683,0.0125,0.0900,0.0007
LFHPKGDB_00685,Cytoplasmic,0.0000,0.1032,0.5933,0.2364,0.0668,0.0003
LFHPKGDB_00686,Cytoplasmic,0.0010,0.0131,0.9719,0.0082,0.0055,0.0004
LFHPKGDB_00687,Cytoplasmic,0.0003,0.0024,0.8764,0.0761,0.0411,0.0037
LFHPKGDB_00688,Cytoplasmic,0.0008,0.0296,0.7291,0.0196,0.2203,0.0005
LFHPKGDB_00689,Cytoplasmic,0.0001,0.0007,0.7739,0.1192,0.0999,0.0062
LFHPKGDB_00690,Cytoplasmic,0.0013,0.0444,0.8101,0.0439,0.0985,0.0019
LFHPKGDB_00691,Cytoplasmic,0.0000,0.0008,0.9934,0.0015,0.0042,0.0000
LFHPKGDB_00692,Outer Membrane,0.0002,0.0033,0.4850,0.0087,0.4981,0.0047
LFHPKGDB_00693,Cytoplasmic,0.0008,0.0233,0.7077,0.0467,0.2210,0.0006
LFHPKGDB_00694,Cytoplasmic,0.0000,0.0003,0.9825,0.0006,0.0166,0.0000
LFHPKGDB_00695,Cytoplasmic,0.0008,0.0066,0.6297,0.0229,0.3348,0.0053
LFHPKGDB_00696,Cytoplasmic,0.0004,0.0231,0.7268,0.2487,0.0009,0.0000
LFHPKGDB_00697,Extracellular,0.0005,0.4095,0.4048,0.0344,0.1501,0.0007
LFHPKGDB_00698,Extracellular,0.0016,0.4604,0.2800,0.2124,0.0454,0.0002
LFHPKGDB_00699,Extracellular,0.0016,0.8816,0.0000,0.1156,0.0010,0.0001
LFHPKGDB_00700,Cytoplasmic Membrane,0.0002,0.0134,0.0011,0.9736,0.0117,0.0000
LFHPKGDB_00701,Cytoplasmic,0.0001,0.0035,0.9559,0.0124,0.0282,0.0000
LFHPKGDB_00702,Extracellular,0.0004,0.5943,0.2736,0.1252,0.0065,0.0000
LFHPKGDB_00703,Cytoplasmic,0.0004,0.0242,0.9406,0.0269,0.0079,0.0000
LFHPKGDB_00704,Cytoplasmic Membrane,0.0000,0.0012,0.0003,0.9967,0.0018,0.0000
LFHPKGDB_00705,Extracellular,0.0001,0.7703,0.1182,0.0882,0.0188,0.0044
LFHPKGDB_00706,Cytoplasmic,0.0051,0.1266,0.7271,0.1274,0.0126,0.0011
LFHPKGDB_00707,Cytoplasmic,0.0025,0.1074,0.8628,0.0135,0.0066,0.0073
LFHPKGDB_00708,Cytoplasmic,0.0019,0.2857,0.5597,0.0039,0.0436,0.1051
LFHPKGDB_00709,Cytoplasmic,0.0002,0.3226,0.6053,0.0314,0.0027,0.0379
LFHPKGDB_00710,Cytoplasmic Membrane,0.0000,0.0208,0.0001,0.9677,0.0113,0.0000
LFHPKGDB_00711,Cytoplasmic Membrane,0.0000,0.0000,0.0002,0.9996,0.0002,0.0000
LFHPKGDB_00712,Cytoplasmic Membrane,0.0000,0.0004,0.0000,0.9993,0.0003,0.0000
LFHPKGDB_00713,Cytoplasmic Membrane,0.0004,0.0005,0.2287,0.5841,0.1856,0.0007
LFHPKGDB_00714,Cytoplasmic,0.0005,0.1241,0.6362,0.2316,0.0076,0.0000
LFHPKGDB_00715,Cytoplasmic,0.0001,0.0011,0.9247,0.0103,0.0637,0.0001
LFHPKGDB_00716,Cytoplasmic Membrane,0.0000,0.0001,0.0000,0.9991,0.0008,0.0000
LFHPKGDB_00717,Cytoplasmic Membrane,0.0013,0.0029,0.2360,0.6333,0.1257,0.0008
LFHPKGDB_00718,Cytoplasmic,0.0002,0.0028,0.7745,0.0299,0.1918,0.0006
LFHPKGDB_00719,Cytoplasmic,0.0012,0.0797,0.6875,0.0769,0.1525,0.0023
LFHPKGDB_00720,Cytoplasmic,0.0007,0.4367,0.5114,0.0419,0.0089,0.0005
LFHPKGDB_00721,Cytoplasmic,0.0000,0.0977,0.8990,0.0008,0.0024,0.0002
LFHPKGDB_00722,Cytoplasmic,0.0003,0.2854,0.5626,0.1147,0.0335,0.0036
LFHPKGDB_00723,Cytoplasmic,0.0000,0.0181,0.9772,0.0023,0.0024,0.0000
LFHPKGDB_00724,Cytoplasmic,0.0002,0.0944,0.8548,0.0221,0.0281,0.0003
LFHPKGDB_00725,Cytoplasmic,0.0001,0.0042,0.9703,0.0034,0.0218,0.0001
LFHPKGDB_00726,Cytoplasmic,0.0001,0.0229,0.8893,0.0837,0.0039,0.0001
LFHPKGDB_00727,Cytoplasmic,0.0004,0.0015,0.9875,0.0008,0.0098,0.0000
LFHPKGDB_00728,Periplasmic,0.0058,0.2217,0.0103,0.1481,0.0502,0.5639
LFHPKGDB_00729,Cytoplasmic,0.0005,0.0544,0.7713,0.1432,0.0255,0.0050
LFHPKGDB_00730,Cytoplasmic Membrane,0.0000,0.0000,0.0000,0.9999,0.0001,0.0000
LFHPKGDB_00731,Cytoplasmic,0.0001,0.0008,0.8687,0.1098,0.0187,0.0019
LFHPKGDB_00732,Cytoplasmic Membrane,0.0004,0.0027,0.1546,0.8065,0.0333,0.0026
LFHPKGDB_00733,Cytoplasmic,0.0008,0.0042,0.8556,0.0693,0.0695,0.0006
LFHPKGDB_00734,Cytoplasmic,0.0001,0.0002,0.9796,0.0069,0.0128,0.0004
LFHPKGDB_00735,Cytoplasmic,0.0002,0.0102,0.9846,0.0020,0.0019,0.0011
LFHPKGDB_00736,Cytoplasmic,0.0017,0.0329,0.9212,0.0043,0.0313,0.0086
LFHPKGDB_00737,Cytoplasmic,0.0004,0.0007,0.9788,0.0023,0.0143,0.0034
LFHPKGDB_00738,Cytoplasmic,0.0000,0.0002,0.9975,0.0002,0.0019,0.0002
LFHPKGDB_00739,Extracellular,0.0990,0.3884,0.0135,0.2945,0.1611,0.0436
LFHPKGDB_00740,Cytoplasmic Membrane,0.0000,0.0000,0.0001,0.9991,0.0008,0.0000
LFHPKGDB_00741,Cytoplasmic,0.0001,0.0208,0.9025,0.0757,0.0005,0.0004
LFHPKGDB_00742,Extracellular,0.0002,0.6894,0.1887,0.0920,0.0278,0.0019
LFHPKGDB_00743,Cytoplasmic Membrane,0.0001,0.0004,0.0002,0.9955,0.0032,0.0006
LFHPKGDB_00744,Cytoplasmic,0.0000,0.0001,0.9873,0.0034,0.0083,0.0009
LFHPKGDB_00745,Cytoplasmic Membrane,0.0001,0.0011,0.0001,0.9888,0.0098,0.0000
LFHPKGDB_00746,Cytoplasmic,0.0001,0.0013,0.9935,0.0012,0.0038,0.0001
LFHPKGDB_00747,Cytoplasmic Membrane,0.0000,0.0000,0.0000,0.9989,0.0011,0.0000
LFHPKGDB_00748,Cytoplasmic,0.0002,0.0132,0.9701,0.0009,0.0116,0.0041
LFHPKGDB_00749,Cytoplasmic Membrane,0.0000,0.0000,0.0000,0.9998,0.0002,0.0000
LFHPKGDB_00750,Cytoplasmic Membrane,0.0000,0.0000,0.0001,0.9994,0.0004,0.0000
LFHPKGDB_00751,Cytoplasmic Membrane,0.0048,0.0847,0.0001,0.7534,0.1527,0.0042
LFHPKGDB_00752,Cytoplasmic,0.0001,0.0066,0.9470,0.0046,0.0405,0.0013
LFHPKGDB_00753,Cytoplasmic,0.0002,0.1628,0.8016,0.0020,0.0325,0.0009
LFHPKGDB_00754,Cytoplasmic,0.0003,0.0011,0.9699,0.0060,0.0187,0.0040
LFHPKGDB_00755,Cytoplasmic,0.0000,0.0086,0.9869,0.0002,0.0040,0.0003
LFHPKGDB_00756,Cytoplasmic,0.0000,0.0594,0.9296,0.0024,0.0039,0.0047
LFHPKGDB_00757,Cytoplasmic,0.0001,0.0233,0.7603,0.1783,0.0360,0.0020
LFHPKGDB_00758,Cytoplasmic,0.0003,0.0020,0.9631,0.0053,0.0285,0.0008
LFHPKGDB_00759,Cytoplasmic Membrane,0.0001,0.0015,0.0028,0.9937,0.0019,0.0000
LFHPKGDB_00760,Cytoplasmic Membrane,0.0002,0.0327,0.2928,0.6523,0.0217,0.0003
LFHPKGDB_00761,Cytoplasmic,0.0006,0.1589,0.8229,0.0107,0.0048,0.0020
LFHPKGDB_00762,Cytoplasmic Membrane,0.0000,0.0000,0.0000,0.9999,0.0001,0.0000
LFHPKGDB_00763,Cytoplasmic,0.0031,0.1002,0.7625,0.0070,0.0651,0.0621
LFHPKGDB_00764,Cytoplasmic,0.0000,0.0169,0.9041,0.0380,0.0246,0.0164
LFHPKGDB_00765,Cytoplasmic,0.0004,0.0046,0.9311,0.0557,0.0083,0.0000
LFHPKGDB_00766,Cytoplasmic Membrane,0.0003,0.3499,0.2745,0.3543,0.0181,0.0029
LFHPKGDB_00767,Cytoplasmic,0.0004,0.0305,0.9321,0.0209,0.0105,0.0056
LFHPKGDB_00768,Cytoplasmic,0.0012,0.0576,0.8706,0.0040,0.0475,0.0191
LFHPKGDB_00769,Cytoplasmic,0.0000,0.0003,0.9759,0.0218,0.0019,0.0000
LFHPKGDB_00770,Cytoplasmic,0.0000,0.0211,0.9542,0.0105,0.0114,0.0029
LFHPKGDB_00771,Cytoplasmic,0.0001,0.0036,0.8714,0.0006,0.1240,0.0003
LFHPKGDB_00772,Cytoplasmic,0.0005,0.0062,0.9567,0.0064,0.0270,0.0032
LFHPKGDB_00773,Cytoplasmic,0.0000,0.0001,0.9867,0.0005,0.0126,0.0001
LFHPKGDB_00774,Cytoplasmic,0.0002,0.0037,0.9134,0.0004,0.0807,0.0016
LFHPKGDB_00775,Extracellular,0.0035,0.9800,0.0090,0.0019,0.0051,0.0005
LFHPKGDB_00776,Cytoplasmic Membrane,0.0000,0.0000,0.0000,0.9998,0.0002,0.0000
LFHPKGDB_00777,Cytoplasmic,0.0000,0.0000,0.9986,0.0003,0.0011,0.0000
LFHPKGDB_00778,Cytoplasmic,0.0001,0.0006,0.9939,0.0051,0.0003,0.0000
LFHPKGDB_00779,Cytoplasmic,0.0000,0.0002,0.9840,0.0015,0.0141,0.0001
LFHPKGDB_00780,Cytoplasmic,0.0000,0.0000,0.9977,0.0002,0.0021,0.0000
LFHPKGDB_00781,Cytoplasmic,0.0001,0.0000,0.9721,0.0008,0.0269,0.0001
LFHPKGDB_00782,Cytoplasmic,0.0000,0.0002,0.9908,0.0025,0.0058,0.0007
LFHPKGDB_00783,Cytoplasmic,0.0000,0.0000,0.9995,0.0001,0.0004,0.0000
LFHPKGDB_00784,Cytoplasmic,0.0004,0.0004,0.9652,0.0051,0.0283,0.0006
LFHPKGDB_00785,Cytoplasmic,0.0000,0.0000,0.9995,0.0001,0.0003,0.0000
LFHPKGDB_00786,Cytoplasmic Membrane,0.0094,0.1798,0.0079,0.5479,0.2452,0.0098
LFHPKGDB_00787,Cytoplasmic Membrane,0.0000,0.0000,0.0000,0.9997,0.0003,0.0000
LFHPKGDB_00788,Cytoplasmic,0.0007,0.0017,0.6140,0.0078,0.3748,0.0009
LFHPKGDB_00789,Cytoplasmic,0.0004,0.0038,0.8953,0.0023,0.0973,0.0009
LFHPKGDB_00790,Cytoplasmic,0.0000,0.0042,0.9829,0.0090,0.0038,0.0001
LFHPKGDB_00791,Cytoplasmic Membrane,0.0000,0.0001,0.0000,0.9997,0.0002,0.0000
LFHPKGDB_00792,Cytoplasmic,0.0000,0.0002,0.9966,0.0011,0.0020,0.0002
LFHPKGDB_00793,Cytoplasmic,0.0090,0.0037,0.5968,0.0477,0.0090,0.3337
LFHPKGDB_00794,Cytoplasmic Membrane,0.0000,0.0000,0.0000,0.9999,0.0001,0.0000
LFHPKGDB_00795,Cytoplasmic,0.0000,0.0002,0.8266,0.0251,0.0131,0.1350
LFHPKGDB_00796,Cytoplasmic,0.0000,0.0005,0.9663,0.0305,0.0026,0.0000
LFHPKGDB_00797,Cytoplasmic,0.0005,0.0043,0.7280,0.0112,0.2544,0.0015
LFHPKGDB_00798,Outer Membrane,0.0000,0.0159,0.4790,0.0003,0.5036,0.0012
LFHPKGDB_00799,Cytoplasmic,0.0000,0.0019,0.9734,0.0170,0.0073,0.0004
LFHPKGDB_00800,Cytoplasmic,0.0001,0.0007,0.9195,0.0302,0.0268,0.0226
LFHPKGDB_00801,Cytoplasmic,0.0001,0.0098,0.9223,0.0010,0.0647,0.0021
LFHPKGDB_00802,Cytoplasmic,0.0001,0.0464,0.8340,0.1099,0.0078,0.0020
LFHPKGDB_00803,Cytoplasmic,0.0002,0.0221,0.9315,0.0107,0.0351,0.0003
LFHPKGDB_00804,Cytoplasmic,0.0000,0.0039,0.9932,0.0008,0.0009,0.0012
LFHPKGDB_00805,Cytoplasmic,0.0001,0.0105,0.9088,0.0790,0.0014,0.0001
LFHPKGDB_00806,Cytoplasmic,0.0007,0.0040,0.8523,0.1236,0.0190,0.0005
LFHPKGDB_00807,Cytoplasmic,0.0000,0.0000,0.9920,0.0028,0.0050,0.0001
LFHPKGDB_00808,Cytoplasmic Membrane,0.0058,0.0766,0.0001,0.6400,0.2699,0.0076
LFHPKGDB_00809,Cytoplasmic Membrane,0.0000,0.0000,0.0000,0.9998,0.0002,0.0000
LFHPKGDB_00810,Cytoplasmic,0.0018,0.0143,0.4933,0.4730,0.0168,0.0008
LFHPKGDB_00811,Cytoplasmic,0.0003,0.0052,0.9673,0.0032,0.0192,0.0048
LFHPKGDB_00812,Cytoplasmic,0.0000,0.0040,0.9153,0.0271,0.0508,0.0027
LFHPKGDB_00813,Cytoplasmic,0.0001,0.0458,0.8481,0.0863,0.0196,0.0002
LFHPKGDB_00814,Cytoplasmic,0.0000,0.0062,0.9859,0.0022,0.0041,0.0015
LFHPKGDB_00815,Cytoplasmic Membrane,0.0000,0.0000,0.0000,0.9999,0.0001,0.0000
LFHPKGDB_00816,Cytoplasmic Membrane,0.0000,0.0001,0.0000,0.9983,0.0015,0.0000
LFHPKGDB_00817,Cytoplasmic,0.0000,0.0207,0.9083,0.0433,0.0174,0.0102
LFHPKGDB_00818,Cytoplasmic,0.0002,0.0223,0.8072,0.1328,0.0374,0.0001
LFHPKGDB_00819,Cytoplasmic Membrane,0.0000,0.0000,0.0000,0.9980,0.0019,0.0000
LFHPKGDB_00820,Cytoplasmic,0.0000,0.0096,0.9188,0.0359,0.0248,0.0109
LFHPKGDB_00821,Cytoplasmic,0.0000,0.0008,0.9631,0.0139,0.0020,0.0202
LFHPKGDB_00822,Cytoplasmic,0.0001,0.0038,0.9590,0.0323,0.0047,0.0002
LFHPKGDB_00823,Cytoplasmic Membrane,0.0000,0.0000,0.0000,0.9999,0.0001,0.0000
LFHPKGDB_00824,Cytoplasmic,0.0000,0.0001,0.9994,0.0001,0.0002,0.0001
LFHPKGDB_00828,Cytoplasmic,0.0003,0.0022,0.7792,0.1317,0.0847,0.0019
LFHPKGDB_00829,Cytoplasmic,0.0003,0.0027,0.8599,0.1172,0.0198,0.0001
LFHPKGDB_00830,Cytoplasmic,0.0000,0.0000,0.9981,0.0004,0.0014,0.0000
LFHPKGDB_00831,Cytoplasmic Membrane,0.0000,0.0000,0.0000,0.9997,0.0003,0.0000
LFHPKGDB_00832,Cytoplasmic Membrane,0.0000,0.0000,0.0000,0.9999,0.0001,0.0000
LFHPKGDB_00833,Cytoplasmic Membrane,0.0177,0.2009,0.0015,0.5954,0.1245,0.0600
LFHPKGDB_00834,Cytoplasmic Membrane,0.0000,0.0000,0.0001,0.9975,0.0023,0.0000
LFHPKGDB_00835,Cytoplasmic,0.0001,0.0014,0.9792,0.0043,0.0148,0.0001
LFHPKGDB_00836,Cytoplasmic,0.0002,0.0889,0.8420,0.0052,0.0336,0.0301
LFHPKGDB_00837,Cytoplasmic,0.0001,0.0057,0.7906,0.1963,0.0044,0.0030
LFHPKGDB_00838,Cytoplasmic,0.0011,0.0720,0.8382,0.0034,0.0812,0.0041
LFHPKGDB_00839,Cytoplasmic,0.0004,0.1203,0.8341,0.0372,0.0073,0.0006
LFHPKGDB_00840,Cytoplasmic,0.0006,0.0565,0.8583,0.0520,0.0244,0.0083
LFHPKGDB_00841,Cytoplasmic Membrane,0.0000,0.0000,0.0000,0.9999,0.0001,0.0000
LFHPKGDB_00842,Cytoplasmic,0.0000,0.0034,0.9665,0.0095,0.0047,0.0157
LFHPKGDB_00843,Cytoplasmic,0.0101,0.0002,0.9875,0.0001,0.0021,0.0000
LFHPKGDB_00845,Cytoplasmic,0.0000,0.0013,0.9589,0.0012,0.0361,0.0026
LFHPKGDB_00846,Cytoplasmic,0.0000,0.0025,0.9758,0.0092,0.0124,0.0001
LFHPKGDB_00847,Cytoplasmic Membrane,0.0000,0.0000,0.0000,0.9997,0.0003,0.0000
LFHPKGDB_00848,Cytoplasmic Membrane,0.0000,0.0000,0.0000,0.9998,0.0002,0.0000
LFHPKGDB_00849,Cytoplasmic Membrane,0.0194,0.1745,0.0014,0.5988,0.0952,0.1107
LFHPKGDB_00850,Cytoplasmic,0.0002,0.0108,0.9575,0.0035,0.0252,0.0029
LFHPKGDB_00851,Cytoplasmic,0.0000,0.0129,0.9655,0.0065,0.0110,0.0041
LFHPKGDB_00852,Cytoplasmic,0.0001,0.0580,0.9177,0.0042,0.0133,0.0068
LFHPKGDB_00853,Cytoplasmic,0.0000,0.0068,0.9691,0.0046,0.0170,0.0025
LFHPKGDB_00854,Cytoplasmic,0.0005,0.0073,0.9839,0.0021,0.0057,0.0004
LFHPKGDB_00855,Cytoplasmic,0.0014,0.0048,0.8202,0.1011,0.0674,0.0051
LFHPKGDB_00856,Cytoplasmic,0.0000,0.0030,0.9767,0.0068,0.0134,0.0000
LFHPKGDB_00857,Cytoplasmic,0.0211,0.3736,0.3883,0.0058,0.0380,0.1731
LFHPKGDB_00858,Cytoplasmic,0.0047,0.0100,0.4789,0.1312,0.0184,0.3567
LFHPKGDB_00859,Cytoplasmic Membrane,0.0000,0.0000,0.0005,0.9978,0.0013,0.0005
LFHPKGDB_00860,Cytoplasmic Membrane,0.0000,0.0000,0.0001,0.9998,0.0001,0.0000
LFHPKGDB_00861,Cytoplasmic Membrane,0.0000,0.0000,0.0001,0.9997,0.0002,0.0000
LFHPKGDB_00862,Cytoplasmic Membrane,0.0000,0.0000,0.0000,0.9996,0.0004,0.0000
LFHPKGDB_00863,Cytoplasmic,0.0001,0.0009,0.8379,0.0310,0.0872,0.0429
LFHPKGDB_00864,Cytoplasmic,0.0000,0.0011,0.9965,0.0004,0.0019,0.0001
LFHPKGDB_00865,Cytoplasmic,0.0001,0.0054,0.9028,0.0431,0.0479,0.0007
LFHPKGDB_00866,Cytoplasmic Membrane,0.0002,0.0009,0.0008,0.8748,0.1218,0.0014
LFHPKGDB_00867,Outer Membrane,0.0076,0.1800,0.0025,0.4004,0.4080,0.0015
LFHPKGDB_00868,Cytoplasmic,0.0002,0.0005,0.9289,0.0071,0.0631,0.0003
LFHPKGDB_00869,Extracellular,0.1853,0.5206,0.1090,0.0086,0.1705,0.0059
LFHPKGDB_00870,Cytoplasmic Membrane,0.0000,0.0000,0.0000,0.9996,0.0004,0.0000
LFHPKGDB_00871,Cytoplasmic,0.0000,0.0030,0.9931,0.0031,0.0007,0.0000
LFHPKGDB_00872,Cytoplasmic,0.0001,0.0025,0.9576,0.0075,0.0292,0.0030
LFHPKGDB_00873,Cytoplasmic,0.0003,0.0257,0.9253,0.0175,0.0309,0.0003
LFHPKGDB_00874,Cytoplasmic,0.0032,0.0109,0.9425,0.0418,0.0015,0.0002
LFHPKGDB_00875,Cytoplasmic,0.0006,0.0118,0.9760,0.0078,0.0037,0.0001
LFHPKGDB_00876,Cytoplasmic Membrane,0.0141,0.2254,0.0012,0.7269,0.0310,0.0014
LFHPKGDB_00877,Cytoplasmic Membrane,0.0002,0.0006,0.3298,0.6681,0.0013,0.0001
LFHPKGDB_00878,Cytoplasmic Membrane,0.0000,0.0007,0.0010,0.9960,0.0023,0.0000
LFHPKGDB_00879,Cytoplasmic Membrane,0.0001,0.0012,0.0011,0.9951,0.0025,0.0001
LFHPKGDB_00880,Cytoplasmic Membrane,0.0001,0.0041,0.0008,0.9909,0.0038,0.0003
LFHPKGDB_00881,Cytoplasmic,0.0000,0.0001,0.9957,0.0016,0.0025,0.0001
LFHPKGDB_00884,Cytoplasmic,0.0030,0.1608,0.7437,0.0697,0.0181,0.0048
LFHPKGDB_00885,Cytoplasmic,0.0008,0.0136,0.9372,0.0385,0.0071,0.0028
LFHPKGDB_00886,Cytoplasmic Membrane,0.0000,0.0032,0.0447,0.9320,0.0194,0.0006
LFHPKGDB_00887,Cytoplasmic,0.0009,0.0020,0.8940,0.0984,0.0044,0.0003
LFHPKGDB_00888,Cytoplasmic Membrane,0.0000,0.0069,0.0034,0.9887,0.0009,0.0000
LFHPKGDB_00889,Cytoplasmic Membrane,0.0002,0.0044,0.3607,0.6339,0.0007,0.0001
LFHPKGDB_00890,Cytoplasmic Membrane,0.0001,0.0150,0.0010,0.9799,0.0038,0.0002
LFHPKGDB_00891,Cytoplasmic,0.0002,0.0096,0.9848,0.0042,0.0004,0.0007
LFHPKGDB_00892,Cytoplasmic,0.0005,0.0613,0.8875,0.0059,0.0162,0.0285
LFHPKGDB_00893,Cytoplasmic Membrane,0.0000,0.0000,0.0000,1.0000,0.0000,0.0000
LFHPKGDB_00894,Cytoplasmic Membrane,0.0000,0.0000,0.0000,0.9998,0.0002,0.0000
LFHPKGDB_00895,Cytoplasmic Membrane,0.0485,0.1085,0.0006,0.5821,0.0584,0.2019
LFHPKGDB_00896,Cytoplasmic,0.0007,0.0123,0.9556,0.0049,0.0257,0.0007
LFHPKGDB_00897,Cytoplasmic Membrane,0.0001,0.0003,0.0003,0.9903,0.0091,0.0000
LFHPKGDB_00898,Cytoplasmic,0.0005,0.0637,0.8903,0.0192,0.0171,0.0092
LFHPKGDB_00899,Cytoplasmic,0.0000,0.0008,0.9866,0.0037,0.0081,0.0007
LFHPKGDB_00900,Cytoplasmic,0.0001,0.0027,0.9884,0.0054,0.0019,0.0015
LFHPKGDB_00901,Cytoplasmic,0.0001,0.0724,0.8385,0.0532,0.0329,0.0029
LFHPKGDB_00902,Cytoplasmic,0.0001,0.0003,0.9663,0.0022,0.0203,0.0109
LFHPKGDB_00903,Cytoplasmic,0.0000,0.0147,0.8860,0.0349,0.0325,0.0318
LFHPKGDB_00904,Cytoplasmic Membrane,0.0000,0.0000,0.0000,0.9999,0.0001,0.0000
LFHPKGDB_00905,Cytoplasmic Membrane,0.0000,0.0000,0.0000,1.0000,0.0000,0.0000
LFHPKGDB_00906,Cytoplasmic Membrane,0.0106,0.1938,0.0003,0.6410,0.1251,0.0293
LFHPKGDB_00907,Cytoplasmic Membrane,0.0000,0.0001,0.0002,0.9977,0.0020,0.0000
LFHPKGDB_00908,Cytoplasmic,0.0009,0.0828,0.8488,0.0497,0.0178,0.0001
LFHPKGDB_00909,Cytoplasmic,0.0005,0.0005,0.9083,0.0775,0.0129,0.0002
LFHPKGDB_00910,Cytoplasmic Membrane,0.0000,0.0001,0.0000,0.9996,0.0003,0.0000
LFHPKGDB_00911,Cytoplasmic Membrane,0.0000,0.0000,0.0000,0.9995,0.0004,0.0000
LFHPKGDB_00912,Cytoplasmic,0.0038,0.0259,0.9351,0.0012,0.0331,0.0009
LFHPKGDB_00913,Cytoplasmic Membrane,0.0001,0.0004,0.3087,0.6848,0.0060,0.0001
LFHPKGDB_00914,Cytoplasmic Membrane,0.0000,0.0000,0.0000,1.0000,0.0000,0.0000
LFHPKGDB_00915,Cytoplasmic Membrane,0.0000,0.0002,0.0000,0.9986,0.0012,0.0000
LFHPKGDB_00916,Cytoplasmic,0.0001,0.0008,0.9777,0.0213,0.0001,0.0000
LFHPKGDB_00917,Cytoplasmic,0.0004,0.0043,0.8027,0.0014,0.1477,0.0436
LFHPKGDB_00918,Cytoplasmic,0.0004,0.0548,0.9329,0.0039,0.0069,0.0010
LFHPKGDB_00919,Cytoplasmic,0.0000,0.0000,0.9963,0.0000,0.0035,0.0001
LFHPKGDB_00920,Cytoplasmic,0.0000,0.0002,0.9597,0.0384,0.0017,0.0001
LFHPKGDB_00921,Cytoplasmic Membrane,0.0000,0.0000,0.0000,0.9999,0.0000,0.0000
LFHPKGDB_00922,Cytoplasmic Membrane,0.0003,0.0026,0.0041,0.9927,0.0003,0.0001
LFHPKGDB_00923,Cytoplasmic,0.0002,0.0046,0.9291,0.0619,0.0029,0.0014
LFHPKGDB_00924,Cytoplasmic,0.0001,0.0028,0.9823,0.0015,0.0130,0.0003
LFHPKGDB_00925,Cytoplasmic,0.0001,0.0017,0.9726,0.0053,0.0201,0.0002
LFHPKGDB_00926,Cytoplasmic,0.0012,0.0100,0.9628,0.0065,0.0186,0.0008
LFHPKGDB_00927,Cytoplasmic,0.0001,0.0004,0.9971,0.0023,0.0001,0.0000
LFHPKGDB_00928,Cytoplasmic,0.0000,0.0007,0.9984,0.0001,0.0006,0.0002
LFHPKGDB_00929,Cytoplasmic,0.0001,0.0004,0.9824,0.0010,0.0132,0.0029
LFHPKGDB_00930,Cytoplasmic,0.0001,0.0025,0.9887,0.0031,0.0027,0.0030
LFHPKGDB_00931,Cytoplasmic,0.0007,0.0056,0.9495,0.0184,0.0239,0.0019
LFHPKGDB_00932,Cytoplasmic,0.0000,0.0001,0.9967,0.0026,0.0003,0.0003
LFHPKGDB_00933,Cytoplasmic,0.0002,0.0002,0.9927,0.0057,0.0010,0.0003
LFHPKGDB_00934,Cytoplasmic,0.0001,0.0062,0.9720,0.0038,0.0157,0.0022
LFHPKGDB_00935,Cytoplasmic,0.0001,0.0029,0.9525,0.0070,0.0343,0.0032
LFHPKGDB_00936,Cytoplasmic,0.0000,0.0017,0.8356,0.0135,0.1466,0.0026
LFHPKGDB_00937,Cytoplasmic,0.0002,0.0020,0.8945,0.0013,0.1014,0.0006
LFHPKGDB_00938,Cytoplasmic,0.0000,0.0013,0.9737,0.0008,0.0146,0.0096
LFHPKGDB_00939,Cytoplasmic,0.0001,0.0005,0.9176,0.0187,0.0533,0.0097
LFHPKGDB_00940,Cytoplasmic,0.0003,0.0036,0.8592,0.0041,0.1298,0.0030
LFHPKGDB_00941,Cytoplasmic,0.0000,0.0012,0.9692,0.0004,0.0257,0.0034
LFHPKGDB_00942,Cytoplasmic Membrane,0.0000,0.0000,0.0000,0.9997,0.0003,0.0000
LFHPKGDB_00943,Cytoplasmic Membrane,0.0000,0.0001,0.0000,0.9991,0.0008,0.0000
LFHPKGDB_00944,Cytoplasmic Membrane,0.0193,0.0897,0.0007,0.5754,0.2528,0.0621
LFHPKGDB_00945,Cytoplasmic,0.0000,0.0005,0.9663,0.0185,0.0145,0.0001
LFHPKGDB_00946,Cytoplasmic,0.0000,0.0001,0.9862,0.0045,0.0091,0.0001
LFHPKGDB_00948,Cytoplasmic,0.0001,0.2440,0.6872,0.0294,0.0315,0.0078
LFHPKGDB_00949,Cytoplasmic,0.0000,0.0001,0.9989,0.0003,0.0005,0.0001
LFHPKGDB_00950,Cytoplasmic Membrane,0.0000,0.0000,0.0016,0.9982,0.0001,0.0000
LFHPKGDB_00951,Cytoplasmic,0.0001,0.0341,0.9427,0.0200,0.0014,0.0017
LFHPKGDB_00952,Cytoplasmic Membrane,0.0000,0.0000,0.0000,0.9999,0.0001,0.0000
LFHPKGDB_00953,Cytoplasmic Membrane,0.0000,0.0000,0.0000,1.0000,0.0000,0.0000
LFHPKGDB_00954,Extracellular,0.0132,0.5597,0.0003,0.2731,0.0925,0.0612
LFHPKGDB_00955,Cytoplasmic,0.0004,0.0025,0.9896,0.0040,0.0034,0.0002
LFHPKGDB_00956,Cytoplasmic Membrane,0.0000,0.0001,0.0001,0.9946,0.0052,0.0000
LFHPKGDB_00957,Cytoplasmic,0.0001,0.0004,0.9872,0.0121,0.0002,0.0001
LFHPKGDB_00958,Cytoplasmic,0.0000,0.0000,0.9963,0.0010,0.0025,0.0001
LFHPKGDB_00959,Cytoplasmic,0.0000,0.0001,0.9998,0.0001,0.0000,0.0001
LFHPKGDB_00960,Cytoplasmic,0.0000,0.0000,0.9938,0.0001,0.0058,0.0003
LFHPKGDB_00961,Cytoplasmic,0.0004,0.0006,0.8989,0.0900,0.0099,0.0001
LFHPKGDB_00962,Cytoplasmic Membrane,0.0000,0.0002,0.0003,0.9770,0.0224,0.0001
LFHPKGDB_00963,Cytoplasmic Membrane,0.0026,0.1381,0.0029,0.7752,0.0775,0.0037
LFHPKGDB_00964,Cytoplasmic,0.0001,0.0011,0.9446,0.0133,0.0406,0.0003
LFHPKGDB_00965,Cytoplasmic,0.0005,0.0027,0.8315,0.0067,0.1559,0.0027
LFHPKGDB_00966,Cytoplasmic,0.0003,0.0002,0.9952,0.0033,0.0009,0.0001
LFHPKGDB_00967,Cytoplasmic,0.0001,0.0010,0.9755,0.0001,0.0232,0.0001
LFHPKGDB_00968,Cytoplasmic Membrane,0.0000,0.0000,0.0001,0.9991,0.0008,0.0000
LFHPKGDB_00969,Cytoplasmic,0.0015,0.0001,0.9897,0.0007,0.0076,0.0003
LFHPKGDB_00970,Cytoplasmic,0.0001,0.0444,0.7371,0.1856,0.0194,0.0133
LFHPKGDB_00971,Cytoplasmic Membrane,0.0000,0.0000,0.0000,0.9996,0.0003,0.0000
LFHPKGDB_00972,Cytoplasmic,0.0017,0.2456,0.6170,0.0906,0.0243,0.0208
LFHPKGDB_00973,Cytoplasmic,0.0001,0.0004,0.9979,0.0001,0.0013,0.0001
LFHPKGDB_00974,Cytoplasmic,0.0002,0.0070,0.9681,0.0039,0.0174,0.0034
LFHPKGDB_00975,Cytoplasmic,0.0001,0.0012,0.9957,0.0021,0.0010,0.0000
LFHPKGDB_00976,Cytoplasmic Membrane,0.0000,0.0002,0.0000,0.9995,0.0003,0.0000
LFHPKGDB_00977,Cytoplasmic,0.0002,0.0012,0.9407,0.0048,0.0472,0.0059
LFHPKGDB_00978,Cytoplasmic,0.0000,0.0016,0.9501,0.0002,0.0469,0.0010
LFHPKGDB_00979,Cytoplasmic,0.0001,0.0026,0.9804,0.0029,0.0131,0.0009
LFHPKGDB_00980,Cytoplasmic,0.0001,0.0009,0.9903,0.0085,0.0003,0.0000
LFHPKGDB_00981,Cytoplasmic,0.0001,0.0090,0.9826,0.0037,0.0023,0.0024
LFHPKGDB_00982,Cytoplasmic,0.0001,0.0023,0.7836,0.0873,0.1259,0.0009
LFHPKGDB_00983,Cytoplasmic,0.0001,0.0125,0.9865,0.0005,0.0005,0.0000
LFHPKGDB_00984,Cytoplasmic Membrane,0.0000,0.0003,0.0004,0.9991,0.0002,0.0000
LFHPKGDB_00985,Cytoplasmic,0.0001,0.0223,0.7470,0.1920,0.0305,0.0080
LFHPKGDB_00986,Cytoplasmic,0.0002,0.0033,0.9797,0.0127,0.0040,0.0002
LFHPKGDB_00987,Cytoplasmic,0.0000,0.0011,0.9969,0.0002,0.0016,0.0001
LFHPKGDB_00988,Cytoplasmic,0.0000,0.0005,0.9868,0.0089,0.0031,0.0006
LFHPKGDB_00989,Cytoplasmic,0.0010,0.0008,0.5479,0.1875,0.1782,0.0847
LFHPKGDB_00990,Cytoplasmic Membrane,0.0000,0.0000,0.0590,0.9401,0.0006,0.0002
LFHPKGDB_00991,Cytoplasmic Membrane,0.0000,0.0000,0.0000,0.9998,0.0002,0.0000
LFHPKGDB_00992,Cytoplasmic Membrane,0.0000,0.0000,0.0001,0.9995,0.0004,0.0000
LFHPKGDB_00993,Cytoplasmic Membrane,0.0559,0.0888,0.0048,0.7596,0.0783,0.0126
LFHPKGDB_00994,Cytoplasmic,0.0001,0.0088,0.9854,0.0041,0.0011,0.0004
LFHPKGDB_00995,Cytoplasmic,0.0002,0.0006,0.9979,0.0003,0.0009,0.0001
LFHPKGDB_00996,Cytoplasmic,0.0002,0.0325,0.9521,0.0127,0.0019,0.0006
LFHPKGDB_00997,Cytoplasmic,0.0000,0.0225,0.9714,0.0019,0.0037,0.0005
LFHPKGDB_00998,Cytoplasmic,0.0001,0.0014,0.8959,0.0029,0.0986,0.0011
LFHPKGDB_00999,Cytoplasmic,0.0002,0.0028,0.9920,0.0025,0.0025,0.0001
LFHPKGDB_01000,Cytoplasmic Membrane,0.0011,0.0167,0.0217,0.9425,0.0178,0.0001
LFHPKGDB_01001,Cytoplasmic,0.0000,0.0031,0.9890,0.0061,0.0009,0.0009
LFHPKGDB_01002,Cytoplasmic Membrane,0.0000,0.0003,0.0002,0.9953,0.0042,0.0000
LFHPKGDB_01003,Extracellular,0.0003,0.8799,0.0494,0.0026,0.0672,0.0005
LFHPKGDB_01004,Cytoplasmic Membrane,0.0000,0.0000,0.0000,0.9999,0.0001,0.0000
LFHPKGDB_01005,Cytoplasmic,0.0002,0.0021,0.8218,0.0402,0.1335,0.0023
LFHPKGDB_01006,Cytoplasmic,0.0000,0.0001,0.9832,0.0047,0.0117,0.0003
LFHPKGDB_01007,Cytoplasmic,0.0002,0.0022,0.7313,0.0094,0.2426,0.0142
LFHPKGDB_01008,Cytoplasmic,0.0001,0.0004,0.9342,0.0043,0.0588,0.0022
LFHPKGDB_01009,Cytoplasmic,0.0002,0.0008,0.8102,0.0200,0.0133,0.1556
LFHPKGDB_01010,Cytoplasmic Membrane,0.0000,0.0000,0.0000,0.9985,0.0015,0.0000
LFHPKGDB_01011,Cytoplasmic,0.0001,0.0043,0.9582,0.0057,0.0309,0.0007
LFHPKGDB_01012,Cytoplasmic,0.0004,0.0007,0.9754,0.0179,0.0056,0.0001
LFHPKGDB_01013,Cytoplasmic,0.0050,0.0004,0.9844,0.0006,0.0095,0.0002
LFHPKGDB_01014,Cytoplasmic,0.0003,0.0202,0.9381,0.0042,0.0274,0.0099
LFHPKGDB_01015,Cytoplasmic,0.0004,0.0010,0.5313,0.4232,0.0409,0.0032
LFHPKGDB_01016,Cytoplasmic Membrane,0.0003,0.0005,0.3045,0.6668,0.0269,0.0009
LFHPKGDB_01017,Cytoplasmic Membrane,0.0000,0.0000,0.0000,0.9999,0.0001,0.0000
LFHPKGDB_01018,Cytoplasmic Membrane,0.0000,0.0000,0.0000,0.9997,0.0003,0.0000
LFHPKGDB_01019,Cytoplasmic Membrane,0.0210,0.1299,0.0001,0.6397,0.1028,0.1066
LFHPKGDB_01024,Cytoplasmic,0.0008,0.0041,0.9633,0.0278,0.0039,0.0001
LFHPKGDB_01025,Cytoplasmic Membrane,0.0002,0.0008,0.0008,0.9607,0.0374,0.0001
LFHPKGDB_01026,Cytoplasmic Membrane,0.0061,0.0868,0.0002,0.7556,0.1201,0.0313
LFHPKGDB_01027,Cytoplasmic,0.0000,0.0112,0.9575,0.0056,0.0087,0.0170
LFHPKGDB_01028,Extracellular,0.0004,0.3892,0.3725,0.1374,0.0993,0.0013
LFHPKGDB_01029,Cytoplasmic,0.0000,0.0067,0.9592,0.0243,0.0043,0.0055
LFHPKGDB_01030,Cytoplasmic,0.0019,0.0033,0.8161,0.0036,0.1724,0.0027
LFHPKGDB_01031,Cytoplasmic Membrane,0.0000,0.0000,0.0000,0.9987,0.0013,0.0000
LFHPKGDB_01032,Cytoplasmic,0.0010,0.0109,0.9735,0.0128,0.0018,0.0001
LFHPKGDB_01033,Cytoplasmic Membrane,0.0000,0.0000,0.0307,0.9654,0.0033,0.0006
LFHPKGDB_01034,Cytoplasmic Membrane,0.0001,0.0002,0.0731,0.9185,0.0054,0.0028
LFHPKGDB_01035,Cytoplasmic Membrane,0.0048,0.0835,0.0001,0.7314,0.1271,0.0532
LFHPKGDB_01036,Cytoplasmic Membrane,0.0000,0.0000,0.0001,0.9996,0.0003,0.0000
LFHPKGDB_01037,Cytoplasmic Membrane,0.0000,0.0000,0.0000,0.9999,0.0001,0.0000
LFHPKGDB_01038,Cytoplasmic,0.0000,0.0120,0.9850,0.0013,0.0014,0.0003
LFHPKGDB_01039,Cytoplasmic,0.0000,0.0254,0.9699,0.0015,0.0019,0.0013
LFHPKGDB_01040,Cytoplasmic,0.0008,0.0013,0.9659,0.0005,0.0295,0.0020
LFHPKGDB_01041,Cytoplasmic,0.0000,0.1105,0.4952,0.3670,0.0148,0.0125
LFHPKGDB_01042,Cytoplasmic,0.0017,0.0027,0.9684,0.0262,0.0007,0.0003
LFHPKGDB_01043,Cytoplasmic,0.0000,0.0071,0.9772,0.0061,0.0092,0.0003
LFHPKGDB_01044,Cytoplasmic,0.0001,0.0003,0.6840,0.0442,0.2467,0.0247
LFHPKGDB_01045,Cytoplasmic,0.0004,0.0001,0.9915,0.0002,0.0062,0.0017
LFHPKGDB_01046,Cytoplasmic,0.0004,0.0095,0.9816,0.0004,0.0079,0.0001
LFHPKGDB_01047,Cytoplasmic,0.0002,0.0049,0.9806,0.0042,0.0098,0.0003
LFHPKGDB_01048,Cytoplasmic Membrane,0.0000,0.0000,0.0001,0.9984,0.0015,0.0000
LFHPKGDB_01049,Cytoplasmic,0.0001,0.3233,0.3728,0.2511,0.0150,0.0376
LFHPKGDB_01050,Cytoplasmic,0.0000,0.0019,0.9948,0.0023,0.0009,0.0001
LFHPKGDB_01051,Cytoplasmic,0.0013,0.0713,0.8111,0.0016,0.0269,0.0877
LFHPKGDB_01052,Cytoplasmic,0.0000,0.0001,0.9986,0.0011,0.0001,0.0000
LFHPKGDB_01053,Cytoplasmic Membrane,0.0000,0.0005,0.0001,0.9988,0.0005,0.0000
LFHPKGDB_01054,Cytoplasmic,0.0000,0.0001,0.9986,0.0002,0.0009,0.0001
LFHPKGDB_01055,Cytoplasmic,0.0000,0.0004,0.9879,0.0005,0.0106,0.0005
LFHPKGDB_01056,Extracellular,0.0002,0.8228,0.1318,0.0003,0.0443,0.0006
LFHPKGDB_01057,Cytoplasmic,0.0000,0.0003,0.9987,0.0000,0.0008,0.0002
LFHPKGDB_01058,Cytoplasmic,0.0000,0.0008,0.9978,0.0004,0.0006,0.0004
LFHPKGDB_01059,Cytoplasmic,0.0004,0.0022,0.9363,0.0307,0.0287,0.0019
LFHPKGDB_01060,Extracellular,0.0040,0.6278,0.0086,0.3173,0.0413,0.0010
LFHPKGDB_01061,Extracellular,0.0011,0.6378,0.0019,0.3067,0.0508,0.0017
LFHPKGDB_01062,Cytoplasmic,0.0000,0.0097,0.9444,0.0335,0.0117,0.0007
LFHPKGDB_01063,Cytoplasmic Membrane,0.0000,0.0000,0.0000,0.9996,0.0004,0.0000
LFHPKGDB_01064,Cytoplasmic,0.0000,0.0004,0.9803,0.0009,0.0171,0.0013
LFHPKGDB_01065,Cytoplasmic Membrane,0.0000,0.0000,0.0000,0.9973,0.0025,0.0000
LFHPKGDB_01066,Extracellular,0.0001,0.5758,0.2012,0.1481,0.0651,0.0096
LFHPKGDB_01067,Cytoplasmic,0.0002,0.0053,0.9644,0.0117,0.0163,0.0021
LFHPKGDB_01068,Cytoplasmic,0.0000,0.0001,0.9765,0.0070,0.0150,0.0015
LFHPKGDB_01069,Cytoplasmic,0.0001,0.0011,0.7429,0.0038,0.2464,0.0058
LFHPKGDB_01070,Cytoplasmic,0.0063,0.0222,0.7925,0.1592,0.0179,0.0020
LFHPKGDB_01071,Cytoplasmic,0.0001,0.0001,0.9317,0.0012,0.0666,0.0003
LFHPKGDB_01072,Cytoplasmic Membrane,0.0000,0.0009,0.0002,0.9971,0.0017,0.0001
LFHPKGDB_01073,Cytoplasmic,0.0006,0.0154,0.9819,0.0013,0.0007,0.0001
LFHPKGDB_01074,Cytoplasmic,0.0000,0.0002,0.9970,0.0009,0.0018,0.0001
LFHPKGDB_01075,Cytoplasmic,0.0000,0.0047,0.9937,0.0003,0.0003,0.0010
LFHPKGDB_01076,Cytoplasmic,0.0001,0.0028,0.9961,0.0009,0.0001,0.0001
LFHPKGDB_01077,Cytoplasmic,0.0000,0.0112,0.9864,0.0010,0.0014,0.0000
LFHPKGDB_01078,Cytoplasmic,0.0002,0.0037,0.9711,0.0015,0.0174,0.0061
LFHPKGDB_01079,Cytoplasmic,0.0001,0.0007,0.9157,0.0747,0.0068,0.0020
LFHPKGDB_01080,Cytoplasmic,0.0018,0.0345,0.6215,0.2989,0.0358,0.0075
LFHPKGDB_01081,Cytoplasmic,0.0000,0.0003,0.9959,0.0001,0.0036,0.0001
LFHPKGDB_01082,Cytoplasmic,0.0000,0.0110,0.9687,0.0010,0.0116,0.0077
LFHPKGDB_01083,Cytoplasmic,0.0004,0.0198,0.9262,0.0002,0.0501,0.0033
LFHPKGDB_01084,Cytoplasmic,0.0000,0.0001,0.9983,0.0012,0.0004,0.0001
LFHPKGDB_01085,Cytoplasmic,0.0007,0.0250,0.7506,0.0926,0.1214,0.0096
LFHPKGDB_01086,Cytoplasmic,0.0001,0.0011,0.5964,0.0716,0.3306,0.0002
LFHPKGDB_01087,Cytoplasmic,0.0000,0.0016,0.9792,0.0151,0.0037,0.0003
LFHPKGDB_01088,Cytoplasmic Membrane,0.0001,0.0665,0.0054,0.9170,0.0106,0.0005
LFHPKGDB_01089,Cytoplasmic,0.0003,0.1382,0.8411,0.0099,0.0098,0.0006
LFHPKGDB_01092,Extracellular,0.0001,0.4967,0.4849,0.0074,0.0081,0.0028
LFHPKGDB_01093,Cytoplasmic,0.0002,0.0110,0.9740,0.0060,0.0074,0.0015
LFHPKGDB_01094,Cytoplasmic,0.0027,0.0045,0.9645,0.0145,0.0111,0.0028
LFHPKGDB_01095,Cytoplasmic Membrane,0.0001,0.0003,0.1057,0.8815,0.0122,0.0002
LFHPKGDB_01096,Cytoplasmic Membrane,0.0000,0.0000,0.0001,0.9997,0.0002,0.0000
LFHPKGDB_01097,Cytoplasmic,0.0116,0.0435,0.7635,0.1391,0.0409,0.0014
LFHPKGDB_01098,Cytoplasmic,0.0018,0.0652,0.9126,0.0126,0.0075,0.0002
LFHPKGDB_01099,Cytoplasmic Membrane,0.0021,0.0564,0.4124,0.4994,0.0286,0.0011
LFHPKGDB_01100,Cytoplasmic,0.0002,0.0124,0.9247,0.0016,0.0606,0.0005
LFHPKGDB_01101,Cytoplasmic,0.0001,0.0009,0.9863,0.0032,0.0086,0.0008
LFHPKGDB_01102,Cytoplasmic Membrane,0.0014,0.0320,0.1654,0.7693,0.0299,0.0020
LFHPKGDB_01103,Cytoplasmic,0.0002,0.1627,0.8115,0.0051,0.0180,0.0025
LFHPKGDB_01104,Cytoplasmic Membrane,0.0003,0.0050,0.0002,0.9924,0.0021,0.0000
LFHPKGDB_01105,Cytoplasmic,0.0000,0.0001,0.9656,0.0002,0.0341,0.0000
LFHPKGDB_01106,Cytoplasmic,0.0007,0.0003,0.9931,0.0059,0.0000,0.0000
LFHPKGDB_01107,Cytoplasmic Membrane,0.0001,0.0018,0.0400,0.9541,0.0039,0.0000
LFHPKGDB_01108,Cytoplasmic Membrane,0.0000,0.0269,0.0006,0.9681,0.0043,0.0001
LFHPKGDB_01109,Cytoplasmic Membrane,0.0000,0.0001,0.0030,0.9958,0.0011,0.0000
LFHPKGDB_01110,Cytoplasmic,0.0000,0.0056,0.8788,0.1053,0.0101,0.0002
LFHPKGDB_01111,Cytoplasmic,0.0000,0.0000,0.9978,0.0002,0.0020,0.0000
LFHPKGDB_01112,Cytoplasmic,0.0001,0.0006,0.9358,0.0004,0.0426,0.0205
LFHPKGDB_01113,Cytoplasmic,0.0001,0.0003,0.9925,0.0007,0.0059,0.0006
LFHPKGDB_01114,Cytoplasmic,0.0002,0.0034,0.9885,0.0075,0.0004,0.0000
LFHPKGDB_01115,Cytoplasmic,0.0001,0.0005,0.9980,0.0001,0.0011,0.0001
LFHPKGDB_01116,Cytoplasmic,0.0000,0.0000,0.9968,0.0000,0.0030,0.0001
LFHPKGDB_01117,Cytoplasmic,0.0002,0.0079,0.8762,0.0042,0.1108,0.0007
LFHPKGDB_01118,Cytoplasmic,0.0000,0.0002,0.9798,0.0020,0.0176,0.0003
LFHPKGDB_01119,Cytoplasmic,0.0000,0.0001,0.9984,0.0000,0.0013,0.0001
LFHPKGDB_01120,Cytoplasmic,0.0000,0.0000,0.9997,0.0001,0.0001,0.0000
LFHPKGDB_01121,Cytoplasmic Membrane,0.0343,0.1359,0.0023,0.8039,0.0228,0.0008
LFHPKGDB_01122,Cytoplasmic,0.0000,0.0002,0.9886,0.0043,0.0068,0.0000
LFHPKGDB_01123,Cytoplasmic,0.0002,0.0002,0.9708,0.0184,0.0104,0.0000
LFHPKGDB_01124,Cytoplasmic Membrane,0.0004,0.0303,0.0001,0.9364,0.0328,0.0001
LFHPKGDB_01125,Cytoplasmic Membrane,0.0003,0.1023,0.3831,0.4938,0.0204,0.0001
LFHPKGDB_01126,Cytoplasmic,0.0004,0.0008,0.9621,0.0299,0.0060,0.0008
LFHPKGDB_01127,Cytoplasmic,0.0000,0.0001,0.9970,0.0002,0.0023,0.0003
LFHPKGDB_01128,Periplasmic,0.0000,0.0025,0.3403,0.0187,0.0150,0.6235
LFHPKGDB_01129,Cytoplasmic,0.0002,0.0005,0.9414,0.0578,0.0001,0.0000
LFHPKGDB_01130,Cytoplasmic,0.0033,0.0968,0.5296,0.1067,0.1677,0.0959
LFHPKGDB_01131,Cytoplasmic,0.0002,0.0003,0.9940,0.0029,0.0026,0.0000
LFHPKGDB_01132,Cytoplasmic Membrane,0.0000,0.0000,0.0000,0.9992,0.0007,0.0000
LFHPKGDB_01133,Cytoplasmic,0.0001,0.0002,0.9922,0.0008,0.0062,0.0006
LFHPKGDB_01134,Cytoplasmic,0.0021,0.0024,0.9295,0.0116,0.0537,0.0007
LFHPKGDB_01135,Cytoplasmic,0.0005,0.0054,0.8552,0.0028,0.1348,0.0013
LFHPKGDB_01136,Cytoplasmic,0.0001,0.0002,0.8852,0.0019,0.1117,0.0008
LFHPKGDB_01137,Cytoplasmic,0.0001,0.0030,0.9110,0.0022,0.0825,0.0012
LFHPKGDB_01138,Cytoplasmic,0.0001,0.0060,0.9926,0.0006,0.0007,0.0000
LFHPKGDB_01139,Cytoplasmic,0.0012,0.0192,0.6160,0.0178,0.3398,0.0060
LFHPKGDB_01140,Cytoplasmic,0.0002,0.0002,0.9830,0.0140,0.0027,0.0000
LFHPKGDB_01141,Cytoplasmic,0.0001,0.1298,0.8553,0.0041,0.0053,0.0053
LFHPKGDB_01142,Cytoplasmic,0.0009,0.0017,0.9075,0.0186,0.0711,0.0002
LFHPKGDB_01143,Cytoplasmic Membrane,0.0000,0.0077,0.0000,0.9891,0.0032,0.0000
LFHPKGDB_01144,Cytoplasmic,0.0045,0.0072,0.9015,0.0479,0.0384,0.0005
LFHPKGDB_01145,Cytoplasmic Membrane,0.0196,0.1501,0.0017,0.5875,0.2283,0.0128
LFHPKGDB_01146,Cytoplasmic,0.0002,0.0029,0.8310,0.0005,0.1651,0.0003
LFHPKGDB_01147,Cytoplasmic,0.0007,0.0073,0.9458,0.0116,0.0327,0.0019
LFHPKGDB_01148,Cytoplasmic,0.0011,0.1148,0.8019,0.0013,0.0652,0.0157
LFHPKGDB_01149,Cytoplasmic Membrane,0.0000,0.0001,0.0001,0.9882,0.0116,0.0000
LFHPKGDB_01150,Cytoplasmic,0.0000,0.0000,0.9985,0.0001,0.0014,0.0000
LFHPKGDB_01151,Cytoplasmic,0.0000,0.0011,0.9976,0.0008,0.0000,0.0004
LFHPKGDB_01152,Cytoplasmic Membrane,0.0000,0.0000,0.0001,0.9996,0.0003,0.0000
LFHPKGDB_01153,Cytoplasmic,0.0018,0.0437,0.9195,0.0011,0.0331,0.0008
LFHPKGDB_01154,Cytoplasmic,0.0002,0.0005,0.9414,0.0012,0.0565,0.0002
LFHPKGDB_01155,Cytoplasmic,0.0000,0.0027,0.9913,0.0035,0.0005,0.0020
LFHPKGDB_01156,Cytoplasmic,0.0001,0.0010,0.9716,0.0010,0.0258,0.0003
LFHPKGDB_01157,Cytoplasmic Membrane,0.0199,0.0169,0.0027,0.9216,0.0383,0.0007
LFHPKGDB_01158,Cytoplasmic,0.0005,0.0010,0.9575,0.0192,0.0209,0.0008
LFHPKGDB_01159,Cytoplasmic Membrane,0.0001,0.0005,0.0654,0.9066,0.0270,0.0004
LFHPKGDB_01160,Cytoplasmic Membrane,0.0024,0.1020,0.0009,0.8591,0.0354,0.0002
LFHPKGDB_01161,Cytoplasmic Membrane,0.0000,0.0000,0.0002,0.9988,0.0010,0.0000
LFHPKGDB_01162,Cytoplasmic,0.0000,0.0006,0.9885,0.0002,0.0106,0.0001
LFHPKGDB_01163,Cytoplasmic,0.0000,0.0001,0.9571,0.0365,0.0047,0.0016
LFHPKGDB_01164,Cytoplasmic,0.0002,0.0210,0.9606,0.0014,0.0158,0.0011
LFHPKGDB_01165,Cytoplasmic Membrane,0.0000,0.0000,0.0002,0.9992,0.0006,0.0000
LFHPKGDB_01166,Cytoplasmic Membrane,0.0007,0.0040,0.0089,0.9751,0.0113,0.0001
LFHPKGDB_01167,Cytoplasmic Membrane,0.1249,0.0360,0.0065,0.6722,0.1322,0.0281
LFHPKGDB_01168,Cytoplasmic,0.0000,0.0005,0.9765,0.0028,0.0092,0.0109
LFHPKGDB_01169,Cytoplasmic,0.0000,0.0016,0.9849,0.0120,0.0014,0.0001
LFHPKGDB_01170,Cytoplasmic Membrane,0.0002,0.0015,0.0008,0.9833,0.0142,0.0000
LFHPKGDB_01171,Cytoplasmic Membrane,0.0003,0.0264,0.0012,0.9342,0.0378,0.0002
LFHPKGDB_01172,Extracellular,0.0010,0.7525,0.1820,0.0167,0.0377,0.0101
LFHPKGDB_01173,Cytoplasmic,0.0001,0.0104,0.8792,0.0367,0.0733,0.0003
LFHPKGDB_01174,Cytoplasmic Membrane,0.0000,0.0006,0.0003,0.9963,0.0027,0.0001
LFHPKGDB_01175,Cytoplasmic,0.0002,0.0011,0.9133,0.0062,0.0674,0.0117
LFHPKGDB_01176,Cytoplasmic,0.0000,0.0005,0.9909,0.0070,0.0016,0.0000
LFHPKGDB_01177,Cytoplasmic,0.0002,0.0030,0.9777,0.0032,0.0042,0.0117
LFHPKGDB_01178,Cytoplasmic,0.0007,0.3724,0.5732,0.0294,0.0076,0.0166
LFHPKGDB_01179,Cytoplasmic Membrane,0.0010,0.0072,0.0207,0.8703,0.0990,0.0018
LFHPKGDB_01180,Cytoplasmic,0.0042,0.0036,0.4964,0.4923,0.0034,0.0001
LFHPKGDB_01181,Cytoplasmic Membrane,0.0000,0.0000,0.0000,0.9997,0.0002,0.0000
LFHPKGDB_01182,Cytoplasmic,0.0000,0.0837,0.9124,0.0022,0.0015,0.0002
LFHPKGDB_01183,Cytoplasmic,0.0001,0.0048,0.9943,0.0006,0.0002,0.0001
LFHPKGDB_01184,Cytoplasmic,0.0000,0.0016,0.9899,0.0021,0.0035,0.0028
LFHPKGDB_01185,Cytoplasmic,0.0000,0.0003,0.9794,0.0011,0.0175,0.0018
LFHPKGDB_01186,Cytoplasmic,0.0000,0.0004,0.9959,0.0015,0.0018,0.0004
LFHPKGDB_01187,Cytoplasmic,0.0001,0.0364,0.9506,0.0029,0.0053,0.0048
LFHPKGDB_01188,Cytoplasmic,0.0001,0.0109,0.7022,0.0396,0.1974,0.0498
LFHPKGDB_01189,Cytoplasmic,0.0001,0.0242,0.9655,0.0074,0.0019,0.0010
LFHPKGDB_01190,Cytoplasmic,0.0002,0.0007,0.9640,0.0254,0.0091,0.0007
LFHPKGDB_01191,Cytoplasmic,0.0000,0.0001,0.9982,0.0005,0.0010,0.0002
LFHPKGDB_01192,Cytoplasmic,0.0000,0.0198,0.7605,0.1825,0.0363,0.0009
LFHPKGDB_01193,Cytoplasmic Membrane,0.0020,0.0982,0.1164,0.6359,0.1412,0.0063
LFHPKGDB_01194,Cytoplasmic,0.0020,0.0091,0.9254,0.0378,0.0244,0.0013
LFHPKGDB_01195,Cytoplasmic,0.0001,0.0035,0.9260,0.0615,0.0086,0.0003
LFHPKGDB_01196,Cytoplasmic,0.0000,0.0173,0.9811,0.0005,0.0010,0.0001
LFHPKGDB_01197,Cytoplasmic,0.0001,0.0601,0.9384,0.0004,0.0003,0.0007
LFHPKGDB_01198,Cytoplasmic Membrane,0.0000,0.0000,0.0000,0.9993,0.0006,0.0000
LFHPKGDB_01199,Cytoplasmic,0.0001,0.0192,0.9150,0.0009,0.0613,0.0035
LFHPKGDB_01200,Cytoplasmic,0.0002,0.0044,0.8985,0.0548,0.0163,0.0258
LFHPKGDB_01201,Cytoplasmic,0.0006,0.0453,0.9340,0.0080,0.0064,0.0057
LFHPKGDB_01202,Cytoplasmic Membrane,0.0000,0.0000,0.0001,0.9994,0.0005,0.0000
LFHPKGDB_01203,Extracellular,0.0026,0.9933,0.0000,0.0000,0.0028,0.0013
LFHPKGDB_01204,Cytoplasmic,0.0000,0.0002,0.9735,0.0149,0.0036,0.0078
LFHPKGDB_01205,Cytoplasmic Membrane,0.0000,0.0000,0.0000,0.9994,0.0006,0.0000
LFHPKGDB_01206,Cytoplasmic Membrane,0.0000,0.0000,0.0000,1.0000,0.0000,0.0000
LFHPKGDB_01207,Cytoplasmic Membrane,0.0137,0.0410,0.0003,0.8143,0.1043,0.0264
LFHPKGDB_01208,Cytoplasmic,0.0002,0.0054,0.9226,0.0352,0.0365,0.0002
LFHPKGDB_01209,Cytoplasmic,0.0000,0.0052,0.9787,0.0001,0.0048,0.0111
LFHPKGDB_01210,Cytoplasmic,0.0071,0.2350,0.7077,0.0147,0.0200,0.0155
LFHPKGDB_01211,Cytoplasmic Membrane,0.0000,0.0001,0.0001,0.9969,0.0029,0.0000
LFHPKGDB_01212,Cytoplasmic,0.0000,0.0000,0.9963,0.0023,0.0009,0.0004
LFHPKGDB_01213,Cytoplasmic,0.0004,0.0006,0.7118,0.0941,0.0372,0.1560
LFHPKGDB_01214,Cytoplasmic,0.0000,0.0000,0.9966,0.0002,0.0025,0.0007
LFHPKGDB_01215,Cytoplasmic Membrane,0.0000,0.0016,0.0009,0.9721,0.0249,0.0005
LFHPKGDB_01216,Cytoplasmic,0.0002,0.0045,0.9858,0.0045,0.0023,0.0027
LFHPKGDB_01217,Cytoplasmic,0.0000,0.0280,0.9039,0.0508,0.0126,0.0048
LFHPKGDB_01218,Cytoplasmic,0.0030,0.0308,0.9289,0.0105,0.0259,0.0009
LFHPKGDB_01219,Cytoplasmic Membrane,0.0000,0.0021,0.0000,0.9967,0.0011,0.0000
LFHPKGDB_01220,Cytoplasmic,0.0001,0.0005,0.9922,0.0011,0.0058,0.0004
LFHPKGDB_01221,Cytoplasmic,0.0002,0.0003,0.9937,0.0057,0.0000,0.0000
LFHPKGDB_01222,Cytoplasmic,0.0001,0.0038,0.9927,0.0018,0.0015,0.0001
LFHPKGDB_01223,Cytoplasmic,0.0001,0.0373,0.9262,0.0324,0.0039,0.0001
LFHPKGDB_01224,Cytoplasmic,0.0002,0.0079,0.8990,0.0252,0.0204,0.0472
LFHPKGDB_01225,Cytoplasmic,0.0004,0.0120,0.5641,0.0013,0.4199,0.0023
LFHPKGDB_01226,Extracellular,0.0163,0.9517,0.0250,0.0008,0.0046,0.0016
LFHPKGDB_01227,Cytoplasmic,0.0002,0.0022,0.8899,0.0056,0.0999,0.0022
LFHPKGDB_01228,Cytoplasmic,0.0000,0.0010,0.9958,0.0001,0.0030,0.0001
LFHPKGDB_01229,Cytoplasmic,0.0000,0.0004,0.9935,0.0035,0.0026,0.0000
LFHPKGDB_01230,Cytoplasmic,0.0000,0.0002,0.9830,0.0040,0.0114,0.0015
LFHPKGDB_01231,Cytoplasmic Membrane,0.0000,0.0000,0.0000,0.9998,0.0002,0.0000
LFHPKGDB_01232,Cytoplasmic,0.0000,0.0060,0.9328,0.0012,0.0590,0.0009
LFHPKGDB_01233,Cytoplasmic Membrane,0.0000,0.0000,0.0000,0.9998,0.0002,0.0000
LFHPKGDB_01234,Cytoplasmic,0.0000,0.0007,0.9940,0.0005,0.0043,0.0005
LFHPKGDB_01235,Cytoplasmic,0.0000,0.0400,0.9531,0.0054,0.0010,0.0005
LFHPKGDB_01236,Cytoplasmic,0.0001,0.1068,0.7769,0.0355,0.0451,0.0356
LFHPKGDB_01237,Cytoplasmic,0.0002,0.0001,0.9949,0.0011,0.0035,0.0001
LFHPKGDB_01238,Cytoplasmic Membrane,0.0000,0.0000,0.0000,0.9987,0.0013,0.0000
LFHPKGDB_01239,Cytoplasmic,0.0000,0.0010,0.9219,0.0318,0.0040,0.0414
LFHPKGDB_01240,Cytoplasmic Membrane,0.0000,0.0000,0.0000,0.9998,0.0002,0.0000
LFHPKGDB_01241,Cytoplasmic Membrane,0.0000,0.0025,0.0000,0.9971,0.0003,0.0000
LFHPKGDB_01242,Cytoplasmic,0.0002,0.0171,0.9410,0.0232,0.0132,0.0053
LFHPKGDB_01243,Cytoplasmic,0.0000,0.0018,0.9941,0.0017,0.0022,0.0000
LFHPKGDB_01244,Cytoplasmic,0.0002,0.0028,0.9897,0.0071,0.0002,0.0000
LFHPKGDB_01245,Cytoplasmic Membrane,0.0000,0.0001,0.0001,0.9992,0.0006,0.0000
LFHPKGDB_01246,Cytoplasmic Membrane,0.0000,0.0000,0.0001,0.9995,0.0004,0.0000
LFHPKGDB_01247,Cytoplasmic Membrane,0.0001,0.0003,0.1248,0.8479,0.0269,0.0001
LFHPKGDB_01248,Cytoplasmic,0.0000,0.0003,0.9979,0.0004,0.0012,0.0003
LFHPKGDB_01249,Cytoplasmic Membrane,0.0000,0.0001,0.0000,0.9997,0.0002,0.0000
LFHPKGDB_01250,Cytoplasmic Membrane,0.0000,0.0001,0.0000,0.9958,0.0039,0.0001
LFHPKGDB_01251,Cytoplasmic,0.0005,0.1997,0.6158,0.0034,0.1800,0.0005
LFHPKGDB_01252,Cytoplasmic Membrane,0.0002,0.2443,0.3642,0.3695,0.0202,0.0016
LFHPKGDB_01253,Cytoplasmic,0.0002,0.0126,0.8111,0.1235,0.0525,0.0001
LFHPKGDB_01254,Cytoplasmic,0.0001,0.0373,0.9172,0.0066,0.0371,0.0017
LFHPKGDB_01255,Cytoplasmic,0.0013,0.1219,0.7852,0.0880,0.0035,0.0002
LFHPKGDB_01256,Extracellular,0.0013,0.7141,0.2553,0.0106,0.0186,0.0001
LFHPKGDB_01257,Cytoplasmic,0.0002,0.0083,0.8961,0.0354,0.0598,0.0001
LFHPKGDB_01258,Cytoplasmic,0.0016,0.0391,0.5816,0.3002,0.0773,0.0002
LFHPKGDB_01259,Cytoplasmic,0.0017,0.2865,0.5770,0.0697,0.0648,0.0003
LFHPKGDB_01260,Cytoplasmic,0.0017,0.0080,0.9251,0.0338,0.0312,0.0002
LFHPKGDB_01261,Cytoplasmic,0.0002,0.0020,0.9694,0.0090,0.0193,0.0001
LFHPKGDB_01262,Cytoplasmic,0.0009,0.0032,0.9244,0.0058,0.0640,0.0016
LFHPKGDB_01263,Cytoplasmic,0.0027,0.1168,0.8106,0.0382,0.0308,0.0009
LFHPKGDB_01264,Cytoplasmic,0.0001,0.0018,0.9896,0.0028,0.0041,0.0016
LFHPKGDB_01265,Extracellular,0.0002,0.9774,0.0150,0.0061,0.0012,0.0001
LFHPKGDB_01266,Cytoplasmic Membrane,0.0002,0.0684,0.0006,0.8526,0.0780,0.0002
LFHPKGDB_01267,Cytoplasmic,0.0004,0.0272,0.9484,0.0003,0.0169,0.0068
LFHPKGDB_01268,Cytoplasmic,0.0001,0.1453,0.6771,0.1715,0.0058,0.0002
LFHPKGDB_01269,Cytoplasmic,0.0014,0.0200,0.8726,0.0709,0.0344,0.0007
LFHPKGDB_01270,Cytoplasmic,0.0005,0.3943,0.4493,0.1088,0.0462,0.0010
LFHPKGDB_01271,Cytoplasmic Membrane,0.0132,0.4475,0.0001,0.5293,0.0099,0.0000
LFHPKGDB_01272,Cytoplasmic,0.0002,0.2240,0.6266,0.0875,0.0026,0.0591
LFHPKGDB_01273,Extracellular,0.0913,0.6251,0.1076,0.0608,0.1150,0.0002
LFHPKGDB_01274,Cytoplasmic,0.0002,0.0038,0.9022,0.0824,0.0113,0.0001
LFHPKGDB_01275,Cytoplasmic,0.0039,0.0712,0.8379,0.0683,0.0169,0.0017
LFHPKGDB_01276,Cytoplasmic,0.0008,0.1237,0.7259,0.1192,0.0271,0.0033
LFHPKGDB_01277,Cytoplasmic,0.0069,0.3945,0.5189,0.0305,0.0446,0.0047
LFHPKGDB_01278,Cytoplasmic,0.0006,0.0559,0.6890,0.0441,0.2075,0.0028
LFHPKGDB_01279,Cytoplasmic,0.0001,0.0255,0.9299,0.0020,0.0414,0.0012
LFHPKGDB_01280,Cytoplasmic,0.0004,0.3634,0.4390,0.0008,0.1955,0.0010
LFHPKGDB_01281,Cytoplasmic,0.0013,0.0901,0.8007,0.0556,0.0315,0.0207
LFHPKGDB_01282,Cytoplasmic,0.0002,0.0010,0.9211,0.0513,0.0262,0.0003
LFHPKGDB_01283,Cytoplasmic,0.0023,0.0063,0.9896,0.0001,0.0016,0.0001
LFHPKGDB_01284,Cytoplasmic,0.0015,0.0048,0.9891,0.0031,0.0013,0.0001
LFHPKGDB_01285,Cytoplasmic,0.0045,0.1224,0.7982,0.0003,0.0717,0.0028
LFHPKGDB_01286,Cytoplasmic,0.0006,0.0173,0.9149,0.0072,0.0580,0.0020
LFHPKGDB_01287,Cytoplasmic,0.0001,0.0007,0.9934,0.0018,0.0035,0.0006
LFHPKGDB_01288,Cytoplasmic,0.0055,0.0449,0.7817,0.0198,0.1419,0.0063
LFHPKGDB_01289,Cytoplasmic,0.0006,0.0282,0.9498,0.0048,0.0145,0.0021
LFHPKGDB_01290,Cytoplasmic,0.0003,0.0175,0.9264,0.0324,0.0234,0.0001
LFHPKGDB_01291,Cytoplasmic,0.0001,0.0030,0.9275,0.0352,0.0333,0.0010
LFHPKGDB_01292,Cytoplasmic,0.0000,0.0006,0.9981,0.0001,0.0011,0.0000
LFHPKGDB_01293,Cytoplasmic,0.0001,0.0012,0.9875,0.0009,0.0094,0.0009
LFHPKGDB_01294,Cytoplasmic,0.0000,0.0177,0.9675,0.0013,0.0134,0.0001
LFHPKGDB_01295,Cytoplasmic,0.0000,0.0005,0.9448,0.0001,0.0543,0.0003
LFHPKGDB_01296,Cytoplasmic,0.0000,0.0008,0.9913,0.0008,0.0069,0.0002
LFHPKGDB_01297,Cytoplasmic,0.0038,0.0017,0.9932,0.0009,0.0003,0.0000
LFHPKGDB_01298,Cytoplasmic,0.0000,0.0730,0.8881,0.0112,0.0272,0.0005
LFHPKGDB_01299,Cytoplasmic,0.0000,0.0062,0.9363,0.0445,0.0119,0.0010
LFHPKGDB_01300,Cytoplasmic,0.0001,0.0293,0.9594,0.0077,0.0026,0.0008
LFHPKGDB_01301,Extracellular,0.0001,0.5252,0.4165,0.0395,0.0180,0.0008
LFHPKGDB_01302,Cytoplasmic,0.0005,0.0019,0.8388,0.0521,0.1056,0.0011
LFHPKGDB_01303,Cytoplasmic,0.0023,0.3047,0.5644,0.0917,0.0358,0.0011
LFHPKGDB_01304,Cytoplasmic,0.0003,0.0022,0.9765,0.0030,0.0176,0.0004
LFHPKGDB_01305,Cytoplasmic,0.0000,0.0007,0.9945,0.0001,0.0047,0.0000
LFHPKGDB_01306,Cytoplasmic,0.0000,0.0000,0.9923,0.0004,0.0071,0.0001
LFHPKGDB_01307,Cytoplasmic Membrane,0.0019,0.0026,0.0415,0.8813,0.0726,0.0000
LFHPKGDB_01308,Cytoplasmic,0.0009,0.0009,0.9700,0.0082,0.0188,0.0012
LFHPKGDB_01309,Cytoplasmic,0.0003,0.0119,0.8868,0.0886,0.0116,0.0009
LFHPKGDB_01310,Cytoplasmic Membrane,0.0000,0.0000,0.0000,0.9999,0.0001,0.0000
LFHPKGDB_01311,Cytoplasmic Membrane,0.0007,0.0019,0.2287,0.7405,0.0270,0.0013
LFHPKGDB_01312,Cytoplasmic,0.0000,0.0001,0.9956,0.0025,0.0018,0.0000
LFHPKGDB_01313,Cytoplasmic,0.0001,0.0085,0.8966,0.0765,0.0178,0.0005
LFHPKGDB_01314,Cytoplasmic,0.0001,0.0018,0.8231,0.0074,0.0120,0.1555
LFHPKGDB_01315,Cytoplasmic Membrane,0.0000,0.0002,0.0001,0.9981,0.0016,0.0000
LFHPKGDB_01316,Cytoplasmic,0.0001,0.0009,0.9008,0.0072,0.0024,0.0885
LFHPKGDB_01317,Cytoplasmic,0.0000,0.0002,0.9648,0.0169,0.0122,0.0060
LFHPKGDB_01318,Cytoplasmic,0.0001,0.0009,0.8629,0.0612,0.0744,0.0004
LFHPKGDB_01319,Cytoplasmic,0.0000,0.0058,0.9802,0.0028,0.0088,0.0024
LFHPKGDB_01320,Cytoplasmic,0.0004,0.0046,0.9372,0.0089,0.0474,0.0016
LFHPKGDB_01321,Cytoplasmic,0.0000,0.0035,0.9273,0.0032,0.0550,0.0111
LFHPKGDB_01322,Cytoplasmic,0.0000,0.0171,0.8254,0.0002,0.1509,0.0064
LFHPKGDB_01323,Cytoplasmic Membrane,0.0002,0.0021,0.0000,0.6235,0.3637,0.0105
LFHPKGDB_01324,Cytoplasmic,0.0000,0.0008,0.9981,0.0005,0.0003,0.0003
LFHPKGDB_01325,Cytoplasmic,0.0003,0.0050,0.9326,0.0410,0.0196,0.0013
LFHPKGDB_01326,Cytoplasmic,0.0001,0.0005,0.9790,0.0011,0.0181,0.0011
LFHPKGDB_01327,Cytoplasmic Membrane,0.0117,0.1424,0.0047,0.8050,0.0361,0.0001
LFHPKGDB_01328,Cytoplasmic Membrane,0.0000,0.0000,0.0000,0.9991,0.0008,0.0000
LFHPKGDB_01329,Cytoplasmic Membrane,0.0000,0.0001,0.0001,0.9992,0.0006,0.0000
LFHPKGDB_01330,Cytoplasmic Membrane,0.0000,0.0000,0.0000,0.9996,0.0004,0.0000
LFHPKGDB_01331,Outer Membrane,0.0000,0.0000,0.0017,0.0000,0.9978,0.0004
LFHPKGDB_01332,Outer Membrane,0.0000,0.0000,0.0352,0.0000,0.9646,0.0002
LFHPKGDB_01333,Cytoplasmic,0.0000,0.0000,0.9988,0.0000,0.0011,0.0000
LFHPKGDB_01334,Cytoplasmic Membrane,0.0000,0.0000,0.0000,0.9995,0.0005,0.0000
LFHPKGDB_01335,Outer Membrane,0.0052,0.2699,0.2845,0.0010,0.3067,0.1328
LFHPKGDB_01336,Cytoplasmic,0.0000,0.0000,0.9989,0.0000,0.0011,0.0000
LFHPKGDB_01337,Cytoplasmic,0.0018,0.0903,0.8392,0.0454,0.0213,0.0019
LFHPKGDB_01338,Cytoplasmic Membrane,0.0000,0.0001,0.0001,0.9976,0.0022,0.0000
LFHPKGDB_01339,Cytoplasmic,0.0003,0.0028,0.8147,0.1721,0.0092,0.0008
LFHPKGDB_01340,Periplasmic,0.0002,0.0527,0.3098,0.0730,0.0685,0.4958
LFHPKGDB_01341,Cytoplasmic,0.0002,0.0187,0.9558,0.0023,0.0163,0.0066
LFHPKGDB_01342,Cytoplasmic,0.0001,0.3449,0.5448,0.0825,0.0272,0.0005
LFHPKGDB_01343,Cytoplasmic Membrane,0.0017,0.2617,0.2458,0.4766,0.0133,0.0009
LFHPKGDB_01344,Cytoplasmic,0.0000,0.0032,0.8786,0.0006,0.0072,0.1105
LFHPKGDB_01345,Cytoplasmic,0.0002,0.0175,0.9517,0.0244,0.0026,0.0035
LFHPKGDB_01346,Cytoplasmic,0.0001,0.0148,0.9764,0.0060,0.0023,0.0004
LFHPKGDB_01347,Cytoplasmic,0.0000,0.0004,0.9939,0.0020,0.0036,0.0001
LFHPKGDB_01348,Extracellular,0.0004,0.4920,0.4528,0.0044,0.0071,0.0433
LFHPKGDB_01349,Cytoplasmic Membrane,0.0000,0.0000,0.0000,0.9999,0.0001,0.0000
LFHPKGDB_01350,Cytoplasmic Membrane,0.0000,0.0000,0.0000,1.0000,0.0000,0.0000
LFHPKGDB_01351,Cytoplasmic Membrane,0.0235,0.0933,0.0004,0.5569,0.1662,0.1596
LFHPKGDB_01352,Cytoplasmic,0.0001,0.0049,0.9335,0.0092,0.0518,0.0005
LFHPKGDB_01353,Cytoplasmic,0.0002,0.2989,0.5771,0.0298,0.0907,0.0033
LFHPKGDB_01354,Cytoplasmic,0.0002,0.0089,0.9612,0.0198,0.0097,0.0002
LFHPKGDB_01355,Cytoplasmic,0.0007,0.0928,0.8917,0.0072,0.0039,0.0037
LFHPKGDB_01356,Cytoplasmic,0.0003,0.3290,0.5000,0.1587,0.0111,0.0010
LFHPKGDB_01357,Cytoplasmic,0.0002,0.0339,0.8925,0.0665,0.0026,0.0043
LFHPKGDB_01358,Cytoplasmic Membrane,0.0000,0.0000,0.0000,0.9996,0.0004,0.0000
LFHPKGDB_01359,Cytoplasmic Membrane,0.0000,0.0000,0.0000,0.9999,0.0001,0.0000
LFHPKGDB_01360,Cytoplasmic Membrane,0.0187,0.0759,0.0042,0.7162,0.1210,0.0640
LFHPKGDB_01361,Cytoplasmic Membrane,0.0000,0.0025,0.0002,0.9852,0.0121,0.0000
LFHPKGDB_01362,Cytoplasmic,0.0009,0.0315,0.9072,0.0518,0.0085,0.0001
LFHPKGDB_01363,Cytoplasmic,0.0028,0.0717,0.8488,0.0108,0.0221,0.0438
LFHPKGDB_01364,Extracellular,0.0001,0.6593,0.2917,0.0102,0.0386,0.0001
LFHPKGDB_01365,Cytoplasmic Membrane,0.0000,0.0000,0.0000,0.9994,0.0006,0.0000
LFHPKGDB_01366,Cytoplasmic,0.0000,0.0008,0.9858,0.0006,0.0117,0.0011
LFHPKGDB_01367,Cytoplasmic,0.0000,0.0421,0.9377,0.0048,0.0150,0.0004
LFHPKGDB_01368,Cytoplasmic,0.0020,0.0647,0.8547,0.0591,0.0182,0.0014
LFHPKGDB_01369,Extracellular,0.0000,0.7824,0.1940,0.0070,0.0156,0.0010
LFHPKGDB_01370,Cytoplasmic,0.0001,0.0024,0.8824,0.0041,0.1089,0.0021
LFHPKGDB_01371,Cytoplasmic Membrane,0.0000,0.0000,0.0000,0.9996,0.0004,0.0000
LFHPKGDB_01372,Cytoplasmic,0.0001,0.3117,0.5375,0.0322,0.1179,0.0004
LFHPKGDB_01373,Cytoplasmic,0.0000,0.0004,0.9988,0.0000,0.0007,0.0001
LFHPKGDB_01374,Cytoplasmic,0.0001,0.2962,0.6582,0.0027,0.0418,0.0010
LFHPKGDB_01375,Cytoplasmic,0.0000,0.0003,0.9921,0.0047,0.0029,0.0000
LFHPKGDB_01376,Cytoplasmic,0.0000,0.0001,0.9809,0.0109,0.0077,0.0004
LFHPKGDB_01377,Cytoplasmic Membrane,0.0000,0.0001,0.0000,0.9996,0.0004,0.0000
LFHPKGDB_01378,Cytoplasmic,0.0002,0.0133,0.9754,0.0039,0.0066,0.0007
LFHPKGDB_01379,Extracellular,0.0100,0.7380,0.2366,0.0126,0.0016,0.0012
LFHPKGDB_01380,Cytoplasmic Membrane,0.0000,0.0150,0.0003,0.9818,0.0029,0.0000
LFHPKGDB_01381,Cytoplasmic,0.0001,0.0045,0.8811,0.0004,0.1134,0.0005
LFHPKGDB_01382,Cytoplasmic Membrane,0.0340,0.1548,0.0370,0.7315,0.0292,0.0136
LFHPKGDB_01383,Cytoplasmic,0.0016,0.0020,0.7488,0.2473,0.0003,0.0000
LFHPKGDB_01384,Cytoplasmic,0.0000,0.0385,0.9555,0.0007,0.0048,0.0005
LFHPKGDB_01385,Cytoplasmic Membrane,0.0000,0.0000,0.0000,0.9997,0.0002,0.0000
LFHPKGDB_01386,Cytoplasmic,0.0001,0.0022,0.8398,0.0011,0.1563,0.0006
LFHPKGDB_01387,Cytoplasmic,0.0000,0.0003,0.9863,0.0001,0.0130,0.0003
LFHPKGDB_01388,Cytoplasmic,0.0006,0.0218,0.8653,0.1081,0.0041,0.0001
LFHPKGDB_01389,Cytoplasmic,0.0000,0.0072,0.9256,0.0643,0.0028,0.0001
LFHPKGDB_01390,Cytoplasmic,0.0067,0.1000,0.6710,0.2103,0.0109,0.0010
LFHPKGDB_01391,Cytoplasmic,0.0002,0.0133,0.9620,0.0015,0.0227,0.0003
LFHPKGDB_01392,Cytoplasmic,0.0002,0.0006,0.9975,0.0003,0.0011,0.0003
LFHPKGDB_01393,Cytoplasmic,0.0000,0.0000,0.9994,0.0002,0.0002,0.0002
LFHPKGDB_01394,Cytoplasmic,0.0000,0.0038,0.9933,0.0006,0.0011,0.0012
LFHPKGDB_01395,Cytoplasmic,0.0000,0.0005,0.9247,0.0007,0.0740,0.0001
LFHPKGDB_01396,Cytoplasmic,0.0001,0.0001,0.9989,0.0007,0.0002,0.0000
LFHPKGDB_01397,Cytoplasmic,0.0001,0.0009,0.9527,0.0060,0.0396,0.0006
LFHPKGDB_01398,Cytoplasmic,0.0001,0.0002,0.9927,0.0008,0.0062,0.0001
LFHPKGDB_01399,Cytoplasmic,0.0007,0.0006,0.8829,0.0729,0.0426,0.0002
LFHPKGDB_01400,Cytoplasmic Membrane,0.0003,0.0976,0.0011,0.8697,0.0312,0.0001
LFHPKGDB_01401,Cytoplasmic,0.0000,0.0011,0.9033,0.0008,0.0927,0.0021
LFHPKGDB_01402,Cytoplasmic,0.0001,0.0003,0.9982,0.0002,0.0010,0.0003
LFHPKGDB_01403,Cytoplasmic,0.0000,0.0007,0.9612,0.0009,0.0355,0.0017
LFHPKGDB_01404,Cytoplasmic Membrane,0.0000,0.0001,0.0000,0.9961,0.0038,0.0000
LFHPKGDB_01405,Cytoplasmic Membrane,0.0000,0.0002,0.0001,0.9985,0.0013,0.0000
LFHPKGDB_01406,Cytoplasmic,0.0000,0.0003,0.9989,0.0005,0.0001,0.0001
LFHPKGDB_01407,Cytoplasmic Membrane,0.0000,0.0000,0.0000,0.9992,0.0008,0.0000
LFHPKGDB_01408,Cytoplasmic Membrane,0.0000,0.0000,0.0000,1.0000,0.0000,0.0000
LFHPKGDB_01409,Cytoplasmic Membrane,0.0002,0.0001,0.1874,0.7876,0.0244,0.0004
LFHPKGDB_01410,Cytoplasmic Membrane,0.0493,0.0856,0.0002,0.6574,0.1698,0.0378
LFHPKGDB_01411,Cytoplasmic,0.0022,0.0229,0.9219,0.0502,0.0023,0.0005
LFHPKGDB_01412,Cytoplasmic,0.0040,0.0018,0.4818,0.0571,0.0162,0.4391
LFHPKGDB_01413,Cytoplasmic,0.0000,0.0001,0.9981,0.0000,0.0011,0.0007
LFHPKGDB_01414,Cytoplasmic Membrane,0.0000,0.0000,0.0001,0.9991,0.0008,0.0000
LFHPKGDB_01415,Cytoplasmic,0.0003,0.0009,0.9504,0.0339,0.0139,0.0007
LFHPKGDB_01417,Cytoplasmic,0.0003,0.3660,0.5631,0.0509,0.0176,0.0021
LFHPKGDB_01418,Cytoplasmic,0.0005,0.2262,0.5728,0.1660,0.0275,0.0071
LFHPKGDB_01419,Cytoplasmic,0.0000,0.0012,0.9965,0.0004,0.0019,0.0001
LFHPKGDB_01420,Cytoplasmic,0.0001,0.0526,0.8880,0.0276,0.0183,0.0135
LFHPKGDB_01421,Cytoplasmic Membrane,0.0000,0.0000,0.0001,0.9977,0.0022,0.0000
LFHPKGDB_01422,Cytoplasmic,0.0006,0.0298,0.5989,0.3377,0.0315,0.0015
LFHPKGDB_01423,Cytoplasmic,0.0001,0.0003,0.9969,0.0017,0.0009,0.0002
LFHPKGDB_01424,Cytoplasmic Membrane,0.0001,0.0007,0.1280,0.8598,0.0114,0.0001
LFHPKGDB_01425,Cytoplasmic Membrane,0.0000,0.0098,0.0000,0.9895,0.0007,0.0000
LFHPKGDB_01426,Cytoplasmic,0.0009,0.1703,0.6835,0.0188,0.1102,0.0162
LFHPKGDB_01427,Cytoplasmic Membrane,0.0000,0.0001,0.0001,0.9992,0.0006,0.0000
LFHPKGDB_01428,Cytoplasmic,0.0002,0.0160,0.9444,0.0203,0.0087,0.0104
LFHPKGDB_01429,Cytoplasmic,0.0001,0.0006,0.9815,0.0141,0.0023,0.0014
LFHPKGDB_01430,Cytoplasmic Membrane,0.0000,0.0000,0.0000,0.9998,0.0002,0.0000
LFHPKGDB_01431,Cytoplasmic Membrane,0.0000,0.0000,0.0000,1.0000,0.0000,0.0000
LFHPKGDB_01432,Cytoplasmic Membrane,0.0155,0.0770,0.0002,0.6126,0.1806,0.1140
LFHPKGDB_01433,Cytoplasmic,0.0000,0.0001,0.9928,0.0008,0.0062,0.0000
LFHPKGDB_01434,Cytoplasmic Membrane,0.0000,0.0005,0.0006,0.9778,0.0210,0.0000
LFHPKGDB_01435,Cytoplasmic Membrane,0.0003,0.0440,0.0001,0.9485,0.0071,0.0000
LFHPKGDB_01436,Cytoplasmic,0.0005,0.0015,0.7016,0.0114,0.2840,0.0010
LFHPKGDB_01437,Cytoplasmic Membrane,0.0008,0.0329,0.0021,0.8740,0.0892,0.0009
LFHPKGDB_01438,Cytoplasmic,0.0010,0.0051,0.9303,0.0016,0.0609,0.0012
LFHPKGDB_01439,Cytoplasmic,0.0000,0.0000,0.9988,0.0001,0.0009,0.0002
LFHPKGDB_01440,Cytoplasmic,0.0005,0.0025,0.9303,0.0488,0.0179,0.0000
LFHPKGDB_01441,Cytoplasmic,0.0008,0.0005,0.9287,0.0023,0.0668,0.0009
LFHPKGDB_01442,Cytoplasmic,0.0000,0.0002,0.9970,0.0007,0.0019,0.0001
LFHPKGDB_01443,Cytoplasmic,0.0001,0.0013,0.9810,0.0066,0.0061,0.0049
LFHPKGDB_01444,Cytoplasmic,0.0001,0.0390,0.9410,0.0074,0.0119,0.0005
LFHPKGDB_01445,Cytoplasmic,0.0010,0.0058,0.9571,0.0073,0.0286,0.0002
LFHPKGDB_01446,Cytoplasmic,0.0016,0.0038,0.9753,0.0134,0.0058,0.0000
LFHPKGDB_01447,Cytoplasmic,0.0000,0.0016,0.9418,0.0207,0.0202,0.0157
LFHPKGDB_01448,Cytoplasmic,0.0001,0.0001,0.9991,0.0005,0.0001,0.0002
LFHPKGDB_01449,Cytoplasmic Membrane,0.0001,0.0021,0.0001,0.9852,0.0125,0.0001
LFHPKGDB_01450,Cytoplasmic,0.0002,0.0132,0.9625,0.0195,0.0044,0.0003
LFHPKGDB_01451,Cytoplasmic,0.0003,0.0004,0.7858,0.0473,0.1658,0.0004
LFHPKGDB_01452,Cytoplasmic,0.0000,0.0015,0.9861,0.0032,0.0051,0.0040
LFHPKGDB_01453,Cytoplasmic,0.0000,0.0000,0.9956,0.0003,0.0041,0.0000
LFHPKGDB_01454,Cytoplasmic,0.0003,0.1035,0.8506,0.0321,0.0132,0.0003
LFHPKGDB_01455,Cytoplasmic,0.0007,0.0011,0.9920,0.0034,0.0019,0.0008
LFHPKGDB_01456,Cytoplasmic,0.0003,0.0185,0.8856,0.0143,0.0795,0.0019
LFHPKGDB_01457,Cytoplasmic,0.0001,0.0001,0.9687,0.0016,0.0295,0.0001
LFHPKGDB_01458,Cytoplasmic,0.0005,0.0001,0.9919,0.0011,0.0062,0.0002
LFHPKGDB_01459,Cytoplasmic,0.0001,0.0001,0.9996,0.0001,0.0001,0.0000
LFHPKGDB_01460,Cytoplasmic,0.0000,0.0000,0.9994,0.0002,0.0003,0.0001
LFHPKGDB_01461,Cytoplasmic Membrane,0.0000,0.0000,0.0000,0.9999,0.0001,0.0000
LFHPKGDB_01462,Cytoplasmic Membrane,0.0000,0.0001,0.0000,0.9982,0.0017,0.0000
LFHPKGDB_01463,Cytoplasmic,0.0001,0.0005,0.9545,0.0276,0.0088,0.0085
LFHPKGDB_01464,Extracellular,0.0002,0.4861,0.4175,0.0049,0.0826,0.0086
LFHPKGDB_01465,Cytoplasmic,0.0004,0.0064,0.9539,0.0118,0.0267,0.0008
LFHPKGDB_01466,Cytoplasmic,0.0003,0.0031,0.9879,0.0052,0.0033,0.0002
LFHPKGDB_01467,Cytoplasmic Membrane,0.0000,0.0004,0.0002,0.9806,0.0164,0.0024
LFHPKGDB_01468,Cytoplasmic Membrane,0.0002,0.0011,0.4833,0.5084,0.0066,0.0003
LFHPKGDB_01469,Cytoplasmic Membrane,0.0000,0.0000,0.0001,0.9978,0.0019,0.0001
LFHPKGDB_01470,Cytoplasmic Membrane,0.0000,0.0001,0.0580,0.9396,0.0021,0.0002
LFHPKGDB_01471,Cytoplasmic,0.0001,0.0006,0.9868,0.0113,0.0011,0.0000
LFHPKGDB_01472,Cytoplasmic,0.0000,0.0000,0.9936,0.0003,0.0060,0.0000
LFHPKGDB_01473,Cytoplasmic,0.0012,0.0025,0.9182,0.0025,0.0744,0.0012
LFHPKGDB_01474,Cytoplasmic,0.0020,0.0001,0.9903,0.0075,0.0002,0.0000
LFHPKGDB_01475,Cytoplasmic,0.0009,0.0021,0.9228,0.0635,0.0107,0.0001
LFHPKGDB_01476,Cytoplasmic,0.0002,0.1469,0.6159,0.2248,0.0116,0.0006
LFHPKGDB_01477,Cytoplasmic Membrane,0.0000,0.0000,0.0000,0.9994,0.0006,0.0000
LFHPKGDB_01478,Cytoplasmic,0.0003,0.0011,0.9487,0.0355,0.0143,0.0000
LFHPKGDB_01479,Extracellular,0.0002,0.6560,0.2847,0.0444,0.0145,0.0002
LFHPKGDB_01480,Extracellular,0.0001,0.3760,0.3716,0.2394,0.0124,0.0005
LFHPKGDB_01481,Cytoplasmic,0.0088,0.0383,0.8709,0.0153,0.0648,0.0018
LFHPKGDB_01482,Cytoplasmic Membrane,0.0000,0.0000,0.0000,0.9990,0.0010,0.0000
LFHPKGDB_01483,Cytoplasmic Membrane,0.0001,0.0112,0.0013,0.9123,0.0566,0.0185
LFHPKGDB_01484,Cytoplasmic Membrane,0.0002,0.0042,0.0016,0.9691,0.0193,0.0056
LFHPKGDB_01485,Cytoplasmic Membrane,0.0000,0.0000,0.0000,0.9999,0.0001,0.0000
LFHPKGDB_01486,Cytoplasmic,0.0001,0.0253,0.9144,0.0200,0.0066,0.0336
LFHPKGDB_01487,Cytoplasmic,0.0029,0.1014,0.8414,0.0087,0.0069,0.0388
LFHPKGDB_01488,Extracellular,0.0002,0.7694,0.0860,0.0144,0.1291,0.0008
LFHPKGDB_01489,Extracellular,0.0003,0.7473,0.2296,0.0059,0.0168,0.0002
LFHPKGDB_01490,Extracellular,0.0000,1.0000,0.0000,0.0000,0.0000,0.0000
LFHPKGDB_01491,Cytoplasmic,0.0008,0.0692,0.5433,0.3651,0.0206,0.0011
LFHPKGDB_01492,Cytoplasmic,0.0037,0.0209,0.8877,0.0236,0.0640,0.0001
LFHPKGDB_01493,Cytoplasmic,0.0018,0.0115,0.9325,0.0112,0.0428,0.0002
LFHPKGDB_01494,Cytoplasmic Membrane,0.0000,0.0025,0.0001,0.9948,0.0026,0.0000
LFHPKGDB_01495,Cytoplasmic Membrane,0.0001,0.0005,0.0003,0.9913,0.0076,0.0002
LFHPKGDB_01496,Cytoplasmic Membrane,0.0000,0.0001,0.0018,0.9975,0.0006,0.0000
LFHPKGDB_01497,Cytoplasmic Membrane,0.0000,0.0000,0.0000,0.9997,0.0003,0.0000
LFHPKGDB_01498,Cytoplasmic,0.0001,0.0017,0.8441,0.0051,0.1373,0.0116
LFHPKGDB_01499,Cytoplasmic,0.0002,0.0001,0.7649,0.1407,0.0730,0.0211
LFHPKGDB_01500,Cytoplasmic,0.0006,0.0045,0.7331,0.0028,0.0922,0.1668
LFHPKGDB_01501,Cytoplasmic,0.0002,0.0068,0.9586,0.0342,0.0001,0.0002
LFHPKGDB_01502,Cytoplasmic,0.0002,0.0325,0.9463,0.0038,0.0128,0.0044
LFHPKGDB_01503,Cytoplasmic,0.0000,0.0008,0.8688,0.0820,0.0425,0.0059
LFHPKGDB_01504,Cytoplasmic,0.0001,0.0045,0.9321,0.0410,0.0212,0.0011
LFHPKGDB_01505,Cytoplasmic Membrane,0.0000,0.0000,0.0000,0.9987,0.0012,0.0000
LFHPKGDB_01506,Cytoplasmic,0.0000,0.0010,0.9756,0.0080,0.0132,0.0022
LFHPKGDB_01507,Cytoplasmic,0.0000,0.0091,0.8144,0.0104,0.0501,0.1159
LFHPKGDB_01508,Cytoplasmic,0.0001,0.0174,0.9649,0.0005,0.0160,0.0011
LFHPKGDB_01509,Cytoplasmic,0.0001,0.0444,0.9395,0.0139,0.0014,0.0006
LFHPKGDB_01510,Cytoplasmic,0.0000,0.0016,0.9621,0.0047,0.0305,0.0010
LFHPKGDB_01511,Cytoplasmic,0.0001,0.0011,0.9262,0.0013,0.0673,0.0040
LFHPKGDB_01512,Cytoplasmic,0.0001,0.0021,0.9950,0.0010,0.0009,0.0009
LFHPKGDB_01513,Cytoplasmic,0.0009,0.0087,0.9463,0.0357,0.0075,0.0009
LFHPKGDB_01514,Cytoplasmic,0.0000,0.0004,0.9973,0.0013,0.0009,0.0000
LFHPKGDB_01515,Cytoplasmic,0.0000,0.0002,0.9836,0.0119,0.0039,0.0003
LFHPKGDB_01516,Cytoplasmic Membrane,0.0206,0.0809,0.0062,0.8648,0.0273,0.0003
LFHPKGDB_01517,Cytoplasmic Membrane,0.0000,0.0000,0.0000,0.9989,0.0011,0.0000
LFHPKGDB_01518,Cytoplasmic Membrane,0.0004,0.0006,0.1854,0.8009,0.0126,0.0001
LFHPKGDB_01519,Cytoplasmic,0.0002,0.0009,0.9750,0.0188,0.0051,0.0000
LFHPKGDB_01520,Cytoplasmic Membrane,0.0000,0.0000,0.0002,0.9994,0.0003,0.0000
LFHPKGDB_01521,Cytoplasmic,0.0001,0.0014,0.7870,0.2053,0.0058,0.0003
LFHPKGDB_01522,Cytoplasmic Membrane,0.0008,0.0464,0.0078,0.9363,0.0088,0.0000
LFHPKGDB_01523,Extracellular,0.0101,0.7455,0.1961,0.0117,0.0035,0.0331
LFHPKGDB_01524,Cytoplasmic,0.0002,0.0042,0.9629,0.0024,0.0294,0.0009
LFHPKGDB_01525,Cytoplasmic,0.0000,0.0010,0.9609,0.0037,0.0057,0.0287
LFHPKGDB_01526,Cytoplasmic Membrane,0.0005,0.0018,0.0011,0.8225,0.1715,0.0026
LFHPKGDB_01527,Cytoplasmic,0.0002,0.0315,0.8657,0.0975,0.0049,0.0002
LFHPKGDB_01528,Cytoplasmic Membrane,0.0004,0.0014,0.0028,0.7692,0.2241,0.0021
LFHPKGDB_01529,Cytoplasmic,0.0011,0.0019,0.8754,0.0068,0.1141,0.0006
LFHPKGDB_01530,Cytoplasmic,0.0028,0.0724,0.7518,0.1510,0.0216,0.0004
LFHPKGDB_01531,Cytoplasmic,0.0000,0.0004,0.9877,0.0008,0.0110,0.0001
LFHPKGDB_01532,Cytoplasmic,0.0009,0.0198,0.8012,0.0042,0.1566,0.0174
LFHPKGDB_01533,Cytoplasmic Membrane,0.0000,0.0009,0.0017,0.9958,0.0016,0.0000
LFHPKGDB_01534,Cytoplasmic,0.0000,0.0008,0.9918,0.0053,0.0018,0.0004
LFHPKGDB_01535,Outer Membrane,0.0003,0.0001,0.2822,0.0012,0.7161,0.0001
LFHPKGDB_01536,Cytoplasmic,0.0001,0.0005,0.7867,0.0046,0.2079,0.0002
LFHPKGDB_01537,Outer Membrane,0.0000,0.0000,0.3031,0.0020,0.6943,0.0005
LFHPKGDB_01538,Cytoplasmic,0.0013,0.0041,0.8637,0.0102,0.1163,0.0044
LFHPKGDB_01539,Cytoplasmic,0.0002,0.0008,0.7642,0.0033,0.2314,0.0001
LFHPKGDB_01540,Cytoplasmic,0.0001,0.0004,0.9438,0.0058,0.0493,0.0006
LFHPKGDB_01541,Cytoplasmic,0.0000,0.0002,0.9983,0.0007,0.0008,0.0000
LFHPKGDB_01542,Cytoplasmic,0.0001,0.0006,0.9964,0.0010,0.0017,0.0001
LFHPKGDB_01543,Cytoplasmic,0.0000,0.0001,0.9861,0.0004,0.0118,0.0015
LFHPKGDB_01544,Cytoplasmic Membrane,0.0000,0.0000,0.0000,0.9995,0.0005,0.0000
LFHPKGDB_01545,Outer Membrane,0.0000,0.0000,0.0341,0.0000,0.9659,0.0000
LFHPKGDB_01546,Cytoplasmic,0.0079,0.0008,0.7916,0.0013,0.1975,0.0009
LFHPKGDB_01547,Cytoplasmic,0.0002,0.0001,0.8394,0.0008,0.1594,0.0002
LFHPKGDB_01548,Cytoplasmic,0.0000,0.0000,0.6142,0.0001,0.3851,0.0005
LFHPKGDB_01549,Outer Membrane,0.0000,0.0001,0.0983,0.0006,0.8988,0.0021
LFHPKGDB_01550,Outer Membrane,0.0001,0.0003,0.4876,0.0014,0.5092,0.0013
LFHPKGDB_01551,Cytoplasmic,0.0001,0.0001,0.6362,0.0019,0.3572,0.0045
LFHPKGDB_01552,Outer Membrane,0.0000,0.0001,0.1036,0.0001,0.8955,0.0007
LFHPKGDB_01553,Cytoplasmic,0.0000,0.0000,0.8904,0.0000,0.1082,0.0014
LFHPKGDB_01554,Outer Membrane,0.0000,0.0002,0.1450,0.0002,0.8544,0.0001
LFHPKGDB_01555,Cytoplasmic,0.0000,0.0000,0.7700,0.0000,0.2299,0.0000
LFHPKGDB_01556,Cytoplasmic,0.0010,0.0022,0.7036,0.0031,0.2888,0.0013
LFHPKGDB_01557,Outer Membrane,0.0000,0.0000,0.1016,0.0000,0.8982,0.0001
LFHPKGDB_01558,Outer Membrane,0.0003,0.0003,0.1717,0.0047,0.8223,0.0008
LFHPKGDB_01559,Outer Membrane,0.0020,0.0012,0.2613,0.0297,0.7035,0.0023
LFHPKGDB_01560,Cytoplasmic,0.0023,0.0633,0.7963,0.0380,0.0777,0.0225
LFHPKGDB_01561,Outer Membrane,0.0000,0.0000,0.0330,0.0000,0.9669,0.0001
LFHPKGDB_01562,Cytoplasmic,0.0001,0.0000,0.5258,0.0003,0.4727,0.0011
LFHPKGDB_01563,Outer Membrane,0.0001,0.0001,0.2357,0.0009,0.7630,0.0002
LFHPKGDB_01564,Outer Membrane,0.0000,0.0000,0.2138,0.0000,0.7861,0.0001
LFHPKGDB_01565,Cytoplasmic,0.0012,0.0117,0.5327,0.0332,0.4019,0.0193
LFHPKGDB_01566,Cytoplasmic,0.0036,0.0324,0.5489,0.0786,0.1174,0.2191
LFHPKGDB_01567,Cytoplasmic Membrane,0.0001,0.0044,0.0003,0.9648,0.0304,0.0000
LFHPKGDB_01568,Cytoplasmic,0.0001,0.0054,0.8081,0.0030,0.1773,0.0061
LFHPKGDB_01569,Cytoplasmic,0.0006,0.0954,0.8413,0.0460,0.0046,0.0121
LFHPKGDB_01570,Cytoplasmic Membrane,0.0000,0.0000,0.0000,1.0000,0.0000,0.0000
LFHPKGDB_01571,Cytoplasmic Membrane,0.0000,0.0000,0.0000,0.9999,0.0001,0.0000
LFHPKGDB_01572,Cytoplasmic Membrane,0.0116,0.1313,0.0005,0.7018,0.1255,0.0293
LFHPKGDB_01573,Cytoplasmic Membrane,0.0023,0.2196,0.2300,0.3638,0.0094,0.1749
LFHPKGDB_01574,Cytoplasmic Membrane,0.0177,0.2920,0.0163,0.6468,0.0237,0.0034
LFHPKGDB_01575,Cytoplasmic,0.0003,0.0066,0.9749,0.0109,0.0071,0.0002
LFHPKGDB_01576,Cytoplasmic Membrane,0.0001,0.0004,0.0004,0.9789,0.0201,0.0000
LFHPKGDB_01577,Cytoplasmic,0.0012,0.0328,0.9497,0.0110,0.0050,0.0002
LFHPKGDB_01578,Cytoplasmic,0.0000,0.0002,0.9883,0.0008,0.0102,0.0004
LFHPKGDB_01579,Cytoplasmic,0.0002,0.0031,0.9747,0.0159,0.0058,0.0003
LFHPKGDB_01580,Cytoplasmic,0.0002,0.2690,0.6200,0.0041,0.1030,0.0037
LFHPKGDB_01581,Cytoplasmic,0.0000,0.0003,0.9973,0.0014,0.0009,0.0001
LFHPKGDB_01582,Cytoplasmic,0.0015,0.0034,0.8996,0.0848,0.0102,0.0005
LFHPKGDB_01583,Cytoplasmic,0.0001,0.0001,0.9813,0.0040,0.0143,0.0003
LFHPKGDB_01584,Cytoplasmic,0.0002,0.0002,0.9849,0.0056,0.0089,0.0002
LFHPKGDB_01585,Cytoplasmic,0.0002,0.0005,0.9641,0.0062,0.0286,0.0004
LFHPKGDB_01586,Cytoplasmic Membrane,0.0000,0.0019,0.0010,0.9911,0.0060,0.0000
LFHPKGDB_01587,Cytoplasmic,0.0001,0.0031,0.8640,0.0177,0.1113,0.0037
LFHPKGDB_01588,Cytoplasmic Membrane,0.0000,0.0003,0.0002,0.9972,0.0022,0.0000
LFHPKGDB_01589,Cytoplasmic,0.0003,0.0087,0.9801,0.0064,0.0045,0.0000
LFHPKGDB_01590,Cytoplasmic,0.0001,0.0077,0.9845,0.0026,0.0007,0.0045
LFHPKGDB_01591,Cytoplasmic,0.0000,0.0178,0.9697,0.0041,0.0041,0.0042
LFHPKGDB_01592,Cytoplasmic Membrane,0.0044,0.1536,0.0001,0.6071,0.1631,0.0717
LFHPKGDB_01593,Cytoplasmic Membrane,0.0000,0.0000,0.0000,0.9999,0.0001,0.0000
LFHPKGDB_01594,Cytoplasmic Membrane,0.0000,0.0000,0.0000,0.9999,0.0001,0.0000
LFHPKGDB_01595,Cytoplasmic,0.0001,0.0264,0.9610,0.0020,0.0018,0.0087
LFHPKGDB_01596,Cytoplasmic,0.0005,0.3926,0.5086,0.0481,0.0218,0.0284
LFHPKGDB_01597,Cytoplasmic,0.0005,0.0243,0.9606,0.0033,0.0089,0.0025
LFHPKGDB_01598,Cytoplasmic,0.0002,0.0682,0.9004,0.0159,0.0031,0.0122
LFHPKGDB_01599,Cytoplasmic,0.0002,0.0600,0.9173,0.0027,0.0149,0.0049
LFHPKGDB_01600,Cytoplasmic,0.0000,0.0012,0.9967,0.0015,0.0004,0.0001
LFHPKGDB_01601,Cytoplasmic Membrane,0.0000,0.0000,0.0000,0.9999,0.0001,0.0000
LFHPKGDB_01602,Extracellular,0.0064,0.3536,0.0005,0.2961,0.1612,0.1822
LFHPKGDB_01603,Cytoplasmic Membrane,0.0000,0.0000,0.0000,1.0000,0.0000,0.0000
LFHPKGDB_01604,Cytoplasmic,0.0000,0.0699,0.9295,0.0002,0.0002,0.0002
LFHPKGDB_01605,Cytoplasmic,0.0001,0.1961,0.7977,0.0031,0.0028,0.0002
LFHPKGDB_01606,Cytoplasmic,0.0009,0.0249,0.8533,0.0492,0.0271,0.0446
LFHPKGDB_01607,Cytoplasmic,0.0000,0.0205,0.9762,0.0023,0.0008,0.0002
LFHPKGDB_01608,Cytoplasmic Membrane,0.0000,0.0001,0.0001,0.9976,0.0022,0.0000
LFHPKGDB_01609,Cytoplasmic,0.0015,0.0067,0.9588,0.0153,0.0169,0.0008
LFHPKGDB_01610,Cytoplasmic Membrane,0.0000,0.0001,0.0001,0.9991,0.0007,0.0000
LFHPKGDB_01611,Cytoplasmic,0.0006,0.0039,0.9542,0.0374,0.0039,0.0001
LFHPKGDB_01612,Cytoplasmic Membrane,0.0000,0.0005,0.0001,0.9934,0.0060,0.0000
LFHPKGDB_01613,Cytoplasmic Membrane,0.0000,0.0002,0.0006,0.9992,0.0000,0.0000
LFHPKGDB_01614,Cytoplasmic,0.0001,0.0056,0.9512,0.0276,0.0010,0.0145
LFHPKGDB_01615,Cytoplasmic,0.0001,0.3590,0.6344,0.0003,0.0037,0.0024
LFHPKGDB_01616,Cytoplasmic,0.0001,0.0044,0.9872,0.0042,0.0036,0.0006
LFHPKGDB_01617,Cytoplasmic,0.0000,0.0004,0.8886,0.0001,0.0003,0.1106
LFHPKGDB_01618,Cytoplasmic,0.0001,0.0008,0.9938,0.0052,0.0001,0.0000
LFHPKGDB_01619,Cytoplasmic Membrane,0.0000,0.0000,0.0015,0.9977,0.0008,0.0000
LFHPKGDB_01620,Cytoplasmic Membrane,0.0001,0.0034,0.0055,0.9874,0.0036,0.0000
LFHPKGDB_01621,Cytoplasmic,0.0000,0.0000,0.9990,0.0008,0.0001,0.0000
LFHPKGDB_01622,Cytoplasmic,0.0001,0.0004,0.9849,0.0104,0.0037,0.0006
LFHPKGDB_01623,Cytoplasmic,0.0000,0.0005,0.9878,0.0116,0.0001,0.0000
LFHPKGDB_01624,Cytoplasmic Membrane,0.0133,0.0378,0.0027,0.8933,0.0523,0.0007
LFHPKGDB_01625,Cytoplasmic,0.0001,0.0688,0.9293,0.0001,0.0017,0.0000
LFHPKGDB_01626,Cytoplasmic,0.0002,0.0027,0.9952,0.0006,0.0010,0.0003
LFHPKGDB_01627,Cytoplasmic Membrane,0.0004,0.0041,0.0002,0.9918,0.0034,0.0000
LFHPKGDB_01628,Cytoplasmic,0.0000,0.0000,0.9989,0.0000,0.0010,0.0000
LFHPKGDB_01629,Cytoplasmic,0.0003,0.0004,0.9941,0.0002,0.0048,0.0001
LFHPKGDB_01630,Extracellular,0.1973,0.7992,0.0001,0.0002,0.0030,0.0002
LFHPKGDB_01631,Cytoplasmic Membrane,0.0000,0.0056,0.0001,0.9837,0.0105,0.0000
LFHPKGDB_01632,Cytoplasmic Membrane,0.0051,0.0579,0.0014,0.9090,0.0265,0.0001
LFHPKGDB_01633,Cytoplasmic Membrane,0.0000,0.0012,0.0002,0.9968,0.0018,0.0000
LFHPKGDB_01634,Cytoplasmic,0.0008,0.0132,0.9734,0.0040,0.0083,0.0003
LFHPKGDB_01635,Cytoplasmic Membrane,0.0001,0.0067,0.0004,0.9803,0.0126,0.0000
LFHPKGDB_01636,Cytoplasmic Membrane,0.0000,0.0001,0.0000,0.9987,0.0012,0.0000
LFHPKGDB_01637,Cytoplasmic Membrane,0.0000,0.0001,0.0000,0.9996,0.0003,0.0000
LFHPKGDB_01638,Cytoplasmic,0.0003,0.0010,0.9270,0.0644,0.0070,0.0003
LFHPKGDB_01639,Cytoplasmic,0.0005,0.0028,0.9193,0.0725,0.0044,0.0005
LFHPKGDB_01640,Cytoplasmic Membrane,0.0000,0.0000,0.0000,0.9993,0.0007,0.0000
LFHPKGDB_01641,Cytoplasmic,0.0013,0.0058,0.9077,0.0831,0.0008,0.0014
LFHPKGDB_01642,Cytoplasmic,0.0060,0.0035,0.9076,0.0797,0.0018,0.0012
LFHPKGDB_01643,Cytoplasmic,0.0002,0.0037,0.9928,0.0010,0.0021,0.0001
LFHPKGDB_01644,Cytoplasmic Membrane,0.0000,0.0066,0.0001,0.9924,0.0009,0.0000
LFHPKGDB_01645,Extracellular,0.0329,0.9640,0.0017,0.0003,0.0006,0.0005
LFHPKGDB_01646,Cytoplasmic Membrane,0.0000,0.0000,0.0000,1.0000,0.0000,0.0000
LFHPKGDB_01647,Cytoplasmic Membrane,0.0000,0.0000,0.0000,0.9998,0.0002,0.0000
LFHPKGDB_01648,Cytoplasmic Membrane,0.0066,0.1261,0.0002,0.5371,0.2181,0.1119
LFHPKGDB_01649,Cytoplasmic,0.0000,0.0016,0.9805,0.0034,0.0145,0.0000
LFHPKGDB_01650,Cytoplasmic,0.0002,0.0077,0.9787,0.0013,0.0091,0.0029
LFHPKGDB_01651,Cytoplasmic,0.0000,0.0264,0.9626,0.0007,0.0016,0.0087
LFHPKGDB_01652,Cytoplasmic,0.0000,0.0011,0.9387,0.0295,0.0270,0.0036
LFHPKGDB_01653,Cytoplasmic,0.0002,0.0107,0.9692,0.0020,0.0155,0.0023
LFHPKGDB_01654,Cytoplasmic,0.0005,0.0003,0.9789,0.0061,0.0140,0.0002
LFHPKGDB_01655,Cytoplasmic,0.0001,0.0047,0.9847,0.0101,0.0004,0.0001
LFHPKGDB_01656,Cytoplasmic,0.0006,0.0056,0.9874,0.0043,0.0007,0.0014
LFHPKGDB_01657,Cytoplasmic,0.0001,0.0005,0.9497,0.0488,0.0009,0.0000
LFHPKGDB_01658,Cytoplasmic Membrane,0.0002,0.0067,0.0058,0.9699,0.0173,0.0001
LFHPKGDB_01659,Cytoplasmic Membrane,0.0000,0.0000,0.0000,1.0000,0.0000,0.0000
LFHPKGDB_01660,Cytoplasmic Membrane,0.0000,0.0000,0.0000,0.9999,0.0001,0.0000
LFHPKGDB_01661,Extracellular,0.0060,0.3911,0.0003,0.2840,0.1105,0.2080
LFHPKGDB_01662,Cytoplasmic,0.0011,0.1294,0.8602,0.0053,0.0011,0.0029
LFHPKGDB_01663,Cytoplasmic,0.0001,0.0007,0.9617,0.0259,0.0114,0.0002
LFHPKGDB_01664,Cytoplasmic,0.0008,0.0017,0.9544,0.0112,0.0311,0.0008
LFHPKGDB_01665,Cytoplasmic Membrane,0.0000,0.0001,0.0001,0.9964,0.0034,0.0000
LFHPKGDB_01666,Cytoplasmic,0.0008,0.0134,0.9404,0.0421,0.0033,0.0000
LFHPKGDB_01667,Cytoplasmic Membrane,0.0057,0.1089,0.0001,0.7589,0.1008,0.0256
LFHPKGDB_01668,Cytoplasmic Membrane,0.0000,0.0000,0.0000,0.9999,0.0001,0.0000
LFHPKGDB_01669,Cytoplasmic Membrane,0.0000,0.0000,0.0000,1.0000,0.0000,0.0000
LFHPKGDB_01670,Cytoplasmic,0.0005,0.1957,0.7413,0.0012,0.0366,0.0248
LFHPKGDB_01671,Extracellular,0.0003,0.6651,0.2979,0.0125,0.0182,0.0059
LFHPKGDB_01672,Cytoplasmic Membrane,0.0000,0.0000,0.0001,0.9996,0.0003,0.0000
LFHPKGDB_01673,Cytoplasmic,0.0022,0.1514,0.7834,0.0267,0.0290,0.0073
LFHPKGDB_01674,Cytoplasmic,0.0002,0.0015,0.9689,0.0051,0.0227,0.0015
LFHPKGDB_01675,Extracellular,0.0454,0.9198,0.0003,0.0251,0.0093,0.0001
LFHPKGDB_01676,Extracellular,0.0801,0.8847,0.0001,0.0229,0.0122,0.0000
LFHPKGDB_01677,Cytoplasmic Membrane,0.0000,0.0001,0.0000,0.9990,0.0009,0.0000
LFHPKGDB_01678,Cytoplasmic,0.0003,0.0034,0.8018,0.0695,0.1224,0.0026
LFHPKGDB_01679,Cytoplasmic,0.0001,0.0002,0.9907,0.0050,0.0039,0.0002
LFHPKGDB_01680,Cytoplasmic,0.0002,0.0007,0.7119,0.0155,0.2451,0.0266
LFHPKGDB_01681,Cytoplasmic,0.0001,0.0009,0.9337,0.0458,0.0172,0.0023
LFHPKGDB_01682,Cytoplasmic Membrane,0.0000,0.0005,0.0000,0.9983,0.0012,0.0000
LFHPKGDB_01683,Cytoplasmic Membrane,0.0000,0.0001,0.0000,0.9984,0.0015,0.0000
LFHPKGDB_01684,Cytoplasmic,0.0001,0.0004,0.9903,0.0014,0.0070,0.0008
LFHPKGDB_01685,Cytoplasmic,0.0002,0.0090,0.9715,0.0176,0.0012,0.0005
LFHPKGDB_01686,Cytoplasmic Membrane,0.0000,0.0001,0.0000,0.9970,0.0029,0.0000
LFHPKGDB_01687,Cytoplasmic,0.0001,0.0427,0.9270,0.0159,0.0056,0.0088
LFHPKGDB_01688,Cytoplasmic,0.0012,0.0255,0.6944,0.2617,0.0167,0.0005
LFHPKGDB_01689,Cytoplasmic,0.0008,0.0848,0.8238,0.0606,0.0253,0.0047
LFHPKGDB_01690,Cytoplasmic,0.0000,0.0049,0.4955,0.0012,0.4928,0.0055
LFHPKGDB_01691,Cytoplasmic Membrane,0.0000,0.0002,0.0000,0.9983,0.0014,0.0000
LFHPKGDB_01692,Cytoplasmic,0.0000,0.0004,0.9299,0.0501,0.0186,0.0009
LFHPKGDB_01693,Cytoplasmic,0.0026,0.0022,0.9512,0.0294,0.0139,0.0007
LFHPKGDB_01694,Cytoplasmic,0.0002,0.0122,0.9501,0.0084,0.0254,0.0037
LFHPKGDB_01695,Cytoplasmic Membrane,0.0000,0.0000,0.0000,0.9997,0.0003,0.0000
LFHPKGDB_01696,Cytoplasmic Membrane,0.0012,0.0018,0.0000,0.7935,0.2009,0.0026
LFHPKGDB_01697,Cytoplasmic,0.0001,0.0006,0.9879,0.0005,0.0104,0.0005
LFHPKGDB_01698,Cytoplasmic,0.0000,0.0004,0.9918,0.0000,0.0077,0.0000
LFHPKGDB_01699,Cytoplasmic Membrane,0.0000,0.0000,0.0001,0.9998,0.0001,0.0000
LFHPKGDB_01700,Cytoplasmic,0.0002,0.0189,0.9619,0.0004,0.0086,0.0100
LFHPKGDB_01701,Cytoplasmic Membrane,0.0000,0.0000,0.0000,0.9998,0.0002,0.0000
LFHPKGDB_01702,Cytoplasmic Membrane,0.0000,0.0000,0.0000,1.0000,0.0000,0.0000
LFHPKGDB_01703,Cytoplasmic Membrane,0.0273,0.1810,0.0017,0.6053,0.1112,0.0735
LFHPKGDB_01704,Cytoplasmic,0.0026,0.2474,0.6602,0.0201,0.0492,0.0205
LFHPKGDB_01705,Cytoplasmic,0.0003,0.1523,0.7622,0.0018,0.0428,0.0405
LFHPKGDB_01706,Extracellular,0.0023,0.5472,0.1096,0.1608,0.0243,0.1558
LFHPKGDB_01707,Extracellular,0.0009,0.8921,0.0934,0.0045,0.0027,0.0064
LFHPKGDB_01708,Cytoplasmic Membrane,0.0000,0.0000,0.0000,0.9996,0.0004,0.0000
LFHPKGDB_01709,Cytoplasmic Membrane,0.0000,0.0000,0.0000,0.9990,0.0010,0.0000
LFHPKGDB_01710,Cytoplasmic,0.0000,0.0018,0.9716,0.0113,0.0035,0.0118
LFHPKGDB_01711,Cytoplasmic,0.0000,0.0002,0.9245,0.0007,0.0729,0.0016
LFHPKGDB_01713,Cytoplasmic,0.0000,0.0000,0.9955,0.0019,0.0018,0.0007
LFHPKGDB_01714,Cytoplasmic,0.0001,0.0004,0.9497,0.0263,0.0220,0.0015
LFHPKGDB_01715,Cytoplasmic,0.0000,0.0008,0.9904,0.0049,0.0011,0.0028
LFHPKGDB_01716,Cytoplasmic Membrane,0.0000,0.0001,0.0000,0.9989,0.0010,0.0000
LFHPKGDB_01717,Cytoplasmic Membrane,0.0000,0.0001,0.0002,0.9994,0.0003,0.0000
LFHPKGDB_01720,Cytoplasmic,0.0000,0.0059,0.9910,0.0003,0.0028,0.0000
LFHPKGDB_01721,Cytoplasmic Membrane,0.0584,0.0119,0.0007,0.9249,0.0040,0.0001
LFHPKGDB_01722,Cytoplasmic,0.0003,0.0037,0.9836,0.0104,0.0019,0.0001
LFHPKGDB_01723,Cytoplasmic Membrane,0.0001,0.0032,0.0013,0.9878,0.0077,0.0000
LFHPKGDB_01724,Cytoplasmic,0.0001,0.0089,0.9869,0.0020,0.0021,0.0001
LFHPKGDB_01725,Cytoplasmic,0.0001,0.0071,0.9859,0.0037,0.0025,0.0006
LFHPKGDB_01726,Cytoplasmic,0.0003,0.0103,0.9336,0.0005,0.0443,0.0111
LFHPKGDB_01727,Cytoplasmic Membrane,0.0000,0.0000,0.0000,0.9981,0.0018,0.0000
LFHPKGDB_01728,Cytoplasmic,0.0001,0.0052,0.9864,0.0063,0.0016,0.0003
LFHPKGDB_01729,Cytoplasmic Membrane,0.0000,0.0001,0.0006,0.9982,0.0011,0.0000
LFHPKGDB_01730,Cytoplasmic,0.0001,0.0081,0.9879,0.0025,0.0011,0.0004
LFHPKGDB_01731,Cytoplasmic,0.0006,0.0328,0.9125,0.0292,0.0242,0.0007
LFHPKGDB_01732,Cytoplasmic,0.0000,0.0018,0.9662,0.0006,0.0185,0.0129
LFHPKGDB_01733,Cytoplasmic,0.0005,0.0029,0.9642,0.0018,0.0300,0.0006
LFHPKGDB_01734,Cytoplasmic Membrane,0.0000,0.0020,0.0018,0.9921,0.0040,0.0001
LFHPKGDB_01735,Cytoplasmic,0.0000,0.0000,0.7148,0.2827,0.0025,0.0000
LFHPKGDB_01736,Cytoplasmic,0.0001,0.0023,0.9135,0.0591,0.0247,0.0002
LFHPKGDB_01737,Cytoplasmic Membrane,0.0001,0.0004,0.0011,0.9821,0.0162,0.0001
LFHPKGDB_01738,Cytoplasmic,0.0000,0.0075,0.9324,0.0596,0.0004,0.0001
LFHPKGDB_01739,Cytoplasmic Membrane,0.0000,0.0054,0.0001,0.9935,0.0011,0.0000
LFHPKGDB_01740,Cytoplasmic,0.0005,0.0054,0.9626,0.0062,0.0251,0.0001
LFHPKGDB_01741,Cytoplasmic,0.0003,0.0340,0.9123,0.0016,0.0514,0.0005
LFHPKGDB_01742,Cytoplasmic,0.0001,0.2814,0.3747,0.2385,0.1051,0.0002
LFHPKGDB_01743,Cytoplasmic,0.0005,0.0214,0.6484,0.0087,0.3144,0.0066
LFHPKGDB_01744,Cytoplasmic Membrane,0.0003,0.1130,0.1177,0.7331,0.0358,0.0001
LFHPKGDB_01745,Cytoplasmic Membrane,0.0000,0.0169,0.0000,0.9808,0.0023,0.0000
LFHPKGDB_01746,Extracellular,0.0000,0.6021,0.0000,0.3818,0.0160,0.0000
LFHPKGDB_01747,Extracellular,0.0018,0.9225,0.0005,0.0711,0.0042,0.0000
LFHPKGDB_01748,Cytoplasmic Membrane,0.0000,0.0217,0.0000,0.9752,0.0031,0.0000
LFHPKGDB_01749,Cytoplasmic Membrane,0.0000,0.0001,0.0189,0.9537,0.0271,0.0002
LFHPKGDB_01750,Cytoplasmic,0.0006,0.1153,0.7487,0.0571,0.0775,0.0008
LFHPKGDB_01751,Cytoplasmic,0.0000,0.2045,0.7879,0.0050,0.0026,0.0000
LFHPKGDB_01752,Cytoplasmic,0.0004,0.0048,0.9627,0.0031,0.0290,0.0000
LFHPKGDB_01754,Cytoplasmic,0.0005,0.0121,0.9602,0.0233,0.0016,0.0024
LFHPKGDB_01755,Cytoplasmic,0.0005,0.0264,0.9153,0.0005,0.0230,0.0343
LFHPKGDB_01756,Cytoplasmic,0.0000,0.0000,0.9703,0.0094,0.0187,0.0016
LFHPKGDB_01757,Cytoplasmic,0.0002,0.0049,0.9900,0.0034,0.0008,0.0008
LFHPKGDB_01758,Cytoplasmic,0.0005,0.0285,0.9234,0.0130,0.0147,0.0200
LFHPKGDB_01759,Cytoplasmic,0.0006,0.0684,0.8834,0.0203,0.0156,0.0116
LFHPKGDB_01760,Cytoplasmic,0.0002,0.0048,0.9579,0.0025,0.0307,0.0038
LFHPKGDB_01761,Cytoplasmic,0.0000,0.0023,0.9911,0.0003,0.0031,0.0033
LFHPKGDB_01762,Cytoplasmic,0.0000,0.0019,0.9172,0.0043,0.0747,0.0019
LFHPKGDB_01763,Cytoplasmic,0.0001,0.0077,0.9750,0.0101,0.0049,0.0023
LFHPKGDB_01764,Cytoplasmic,0.0000,0.0046,0.9862,0.0042,0.0029,0.0021
LFHPKGDB_01765,Extracellular,0.0012,0.6087,0.0017,0.0989,0.0181,0.2715
LFHPKGDB_01766,Cytoplasmic Membrane,0.0001,0.0026,0.0002,0.9753,0.0218,0.0000
LFHPKGDB_01767,Cytoplasmic,0.0007,0.2348,0.6775,0.0167,0.0335,0.0368
LFHPKGDB_01768,Cytoplasmic,0.0003,0.0375,0.8599,0.0069,0.0313,0.0640
LFHPKGDB_01769,Cytoplasmic,0.0002,0.0079,0.8532,0.0018,0.0482,0.0887
LFHPKGDB_01770,Cytoplasmic,0.0010,0.2480,0.5817,0.0950,0.0101,0.0642
LFHPKGDB_01771,Cytoplasmic Membrane,0.0191,0.2227,0.0004,0.5072,0.0964,0.1542
LFHPKGDB_01772,Cytoplasmic Membrane,0.0000,0.0000,0.0000,0.9993,0.0006,0.0000
LFHPKGDB_01773,Cytoplasmic Membrane,0.0000,0.0000,0.0000,1.0000,0.0000,0.0000
LFHPKGDB_01774,Cytoplasmic,0.0003,0.0392,0.8868,0.0394,0.0340,0.0002
LFHPKGDB_01775,Cytoplasmic,0.0000,0.0019,0.9945,0.0020,0.0014,0.0001
LFHPKGDB_01776,Cytoplasmic,0.0000,0.0136,0.9207,0.0271,0.0254,0.0132
LFHPKGDB_01777,Cytoplasmic,0.0001,0.0032,0.9890,0.0065,0.0011,0.0001
LFHPKGDB_01778,Cytoplasmic,0.0000,0.0222,0.9655,0.0028,0.0076,0.0018
LFHPKGDB_01779,Cytoplasmic Membrane,0.0487,0.3090,0.0038,0.5880,0.0273,0.0233
LFHPKGDB_01780,Cytoplasmic Membrane,0.0000,0.0000,0.0000,0.9999,0.0001,0.0000
LFHPKGDB_01781,Cytoplasmic,0.0000,0.0000,0.9347,0.0001,0.0644,0.0009
LFHPKGDB_01782,Cytoplasmic,0.0000,0.0003,0.9829,0.0001,0.0164,0.0002
LFHPKGDB_01783,Cytoplasmic,0.0001,0.0002,0.7699,0.1787,0.0478,0.0034
LFHPKGDB_01784,Cytoplasmic Membrane,0.0003,0.0014,0.4065,0.5601,0.0251,0.0067
LFHPKGDB_01785,Cytoplasmic,0.0002,0.0009,0.8783,0.0533,0.0642,0.0031
LFHPKGDB_01786,Cytoplasmic,0.0000,0.0001,0.7284,0.0176,0.1038,0.1499
LFHPKGDB_01787,Cytoplasmic,0.0001,0.0002,0.5817,0.0134,0.2033,0.2013
LFHPKGDB_01788,Cytoplasmic,0.0004,0.0028,0.9253,0.0063,0.0438,0.0213
LFHPKGDB_01789,Cytoplasmic,0.0010,0.0014,0.8248,0.0252,0.0887,0.0589
LFHPKGDB_01790,Cytoplasmic,0.0001,0.0001,0.6210,0.1061,0.0457,0.2269
LFHPKGDB_01791,Cytoplasmic,0.0014,0.0044,0.6918,0.0337,0.0566,0.2122
LFHPKGDB_01792,Cytoplasmic,0.0022,0.0058,0.7917,0.0544,0.1402,0.0056
LFHPKGDB_01793,Cytoplasmic Membrane,0.0002,0.0068,0.0008,0.9873,0.0048,0.0001
LFHPKGDB_01794,Cytoplasmic,0.0000,0.0000,0.9907,0.0017,0.0075,0.0001
LFHPKGDB_01805,Cytoplasmic,0.0001,0.0696,0.8624,0.0005,0.0597,0.0076
LFHPKGDB_01806,Cytoplasmic Membrane,0.0000,0.0000,0.0000,0.9995,0.0005,0.0000
LFHPKGDB_01807,Cytoplasmic Membrane,0.0000,0.0000,0.0000,1.0000,0.0000,0.0000
LFHPKGDB_01808,Cytoplasmic Membrane,0.0088,0.0827,0.0002,0.7644,0.1095,0.0344
LFHPKGDB_01809,Cytoplasmic,0.0000,0.0004,0.9943,0.0023,0.0028,0.0001
LFHPKGDB_01810,Cytoplasmic Membrane,0.0000,0.0006,0.0032,0.9884,0.0078,0.0000
LFHPKGDB_01811,Cytoplasmic Membrane,0.0000,0.0060,0.0002,0.9789,0.0148,0.0000
LFHPKGDB_01812,Cytoplasmic Membrane,0.0092,0.0018,0.0027,0.9791,0.0071,0.0002
LFHPKGDB_01813,Cytoplasmic,0.0002,0.0021,0.9778,0.0181,0.0019,0.0000
LFHPKGDB_01814,Cytoplasmic Membrane,0.0010,0.0179,0.2415,0.7094,0.0277,0.0025
LFHPKGDB_01815,Cytoplasmic,0.0001,0.0014,0.9647,0.0011,0.0311,0.0015
LFHPKGDB_01816,Cytoplasmic,0.0001,0.0018,0.9842,0.0005,0.0101,0.0034
LFHPKGDB_01817,Cytoplasmic,0.0001,0.0004,0.9886,0.0018,0.0089,0.0002
LFHPKGDB_01818,Cytoplasmic,0.0001,0.0012,0.9800,0.0109,0.0077,0.0001
LFHPKGDB_01819,Cytoplasmic,0.0001,0.0001,0.9727,0.0027,0.0243,0.0002
LFHPKGDB_01820,Cytoplasmic,0.0000,0.0014,0.9966,0.0011,0.0009,0.0001
LFHPKGDB_01821,Cytoplasmic,0.0003,0.0003,0.9721,0.0127,0.0124,0.0022
LFHPKGDB_01822,Cytoplasmic,0.0001,0.0005,0.9697,0.0053,0.0242,0.0002
LFHPKGDB_01823,Cytoplasmic Membrane,0.0870,0.3498,0.0043,0.5561,0.0026,0.0002
LFHPKGDB_01824,Cytoplasmic Membrane,0.0000,0.0000,0.0000,0.9999,0.0001,0.0000
LFHPKGDB_01825,Cytoplasmic,0.0001,0.0007,0.9972,0.0007,0.0011,0.0003
LFHPKGDB_01826,Cytoplasmic,0.0008,0.0044,0.9556,0.0022,0.0362,0.0007
LFHPKGDB_01828,Cytoplasmic,0.0001,0.0016,0.9806,0.0010,0.0106,0.0061
LFHPKGDB_01829,Cytoplasmic,0.0014,0.0361,0.8754,0.0698,0.0068,0.0106
LFHPKGDB_01831,Extracellular,0.0003,0.4676,0.3857,0.0336,0.1028,0.0101
LFHPKGDB_01832,Cytoplasmic Membrane,0.0000,0.0000,0.0000,0.9996,0.0004,0.0000
LFHPKGDB_01833,Cytoplasmic,0.0001,0.0007,0.9885,0.0077,0.0028,0.0001
LFHPKGDB_01834,Cytoplasmic,0.0001,0.0009,0.9859,0.0103,0.0007,0.0021
LFHPKGDB_01835,Cytoplasmic,0.0008,0.0862,0.8937,0.0005,0.0150,0.0037
LFHPKGDB_01836,Cytoplasmic,0.0000,0.0006,0.9854,0.0080,0.0058,0.0003
LFHPKGDB_01837,Cytoplasmic,0.0000,0.0040,0.9767,0.0110,0.0023,0.0060
LFHPKGDB_01838,Cytoplasmic,0.0000,0.0001,0.9985,0.0001,0.0013,0.0000
LFHPKGDB_01839,Cytoplasmic,0.0006,0.0162,0.5980,0.1199,0.2647,0.0006
LFHPKGDB_01840,Cytoplasmic,0.0006,0.0023,0.9463,0.0131,0.0369,0.0008
LFHPKGDB_01841,Cytoplasmic,0.0002,0.0004,0.9916,0.0005,0.0070,0.0004
LFHPKGDB_01842,Cytoplasmic,0.0007,0.0014,0.9793,0.0090,0.0086,0.0010
LFHPKGDB_01843,Cytoplasmic,0.0002,0.0013,0.9826,0.0121,0.0036,0.0002
LFHPKGDB_01844,Cytoplasmic,0.0004,0.0097,0.8350,0.0466,0.1073,0.0010
LFHPKGDB_01845,Cytoplasmic,0.0021,0.0830,0.6596,0.1071,0.0160,0.1323
LFHPKGDB_01846,Cytoplasmic Membrane,0.0023,0.0193,0.0155,0.9351,0.0276,0.0002
LFHPKGDB_01847,Cytoplasmic,0.0001,0.0004,0.9915,0.0080,0.0001,0.0000
LFHPKGDB_01848,Cytoplasmic,0.0000,0.0000,0.9924,0.0000,0.0075,0.0001
LFHPKGDB_01849,Cytoplasmic Membrane,0.0027,0.4517,0.0037,0.4886,0.0286,0.0247
LFHPKGDB_01850,Cytoplasmic,0.0011,0.0009,0.9214,0.0726,0.0039,0.0001
LFHPKGDB_01851,Cytoplasmic,0.0001,0.0473,0.6288,0.2976,0.0238,0.0023
LFHPKGDB_01852,Cytoplasmic Membrane,0.0000,0.0000,0.0000,0.9999,0.0001,0.0000
LFHPKGDB_01853,Cytoplasmic Membrane,0.0000,0.0000,0.0000,1.0000,0.0000,0.0000
LFHPKGDB_01854,Cytoplasmic Membrane,0.0369,0.3105,0.0041,0.5113,0.0899,0.0474
LFHPKGDB_01855,Cytoplasmic,0.0001,0.2406,0.7212,0.0182,0.0195,0.0004
LFHPKGDB_01856,Cytoplasmic,0.0006,0.0013,0.9853,0.0098,0.0029,0.0001
LFHPKGDB_01857,Cytoplasmic Membrane,0.0000,0.0003,0.0002,0.9915,0.0079,0.0000
LFHPKGDB_01858,Cytoplasmic,0.0000,0.0007,0.9920,0.0016,0.0048,0.0009
LFHPKGDB_01859,Cytoplasmic Membrane,0.0136,0.0470,0.0048,0.9026,0.0317,0.0003
LFHPKGDB_01860,Cytoplasmic,0.0010,0.0016,0.9905,0.0059,0.0008,0.0001
LFHPKGDB_01861,Cytoplasmic,0.0012,0.0775,0.8642,0.0432,0.0138,0.0001
LFHPKGDB_01862,Extracellular,0.1329,0.4481,0.1518,0.1925,0.0402,0.0345
LFHPKGDB_01863,Cytoplasmic Membrane,0.0155,0.0727,0.0007,0.8673,0.0428,0.0010
LFHPKGDB_01864,Cytoplasmic Membrane,0.0013,0.0111,0.0000,0.7242,0.2594,0.0040
LFHPKGDB_01865,Cytoplasmic Membrane,0.0000,0.0078,0.0000,0.9917,0.0005,0.0000
LFHPKGDB_01866,Cytoplasmic,0.0001,0.0018,0.9911,0.0045,0.0023,0.0003
LFHPKGDB_01867,Cytoplasmic,0.0007,0.0025,0.9931,0.0019,0.0016,0.0002
LFHPKGDB_01868,Cytoplasmic Membrane,0.0105,0.3005,0.0090,0.6645,0.0154,0.0002
LFHPKGDB_01869,Cytoplasmic Membrane,0.0103,0.1504,0.0688,0.6719,0.0868,0.0119
LFHPKGDB_01870,Cytoplasmic Membrane,0.0000,0.0003,0.0070,0.9902,0.0025,0.0000
LFHPKGDB_01871,Cytoplasmic Membrane,0.0000,0.0000,0.0005,0.9986,0.0009,0.0000
LFHPKGDB_01872,Cytoplasmic,0.0000,0.0002,0.9913,0.0044,0.0041,0.0000
LFHPKGDB_01873,Cytoplasmic,0.0002,0.0010,0.9957,0.0028,0.0003,0.0001
LFHPKGDB_01874,Cytoplasmic,0.0003,0.0022,0.9766,0.0206,0.0003,0.0000
LFHPKGDB_01875,Cytoplasmic Membrane,0.0036,0.1366,0.0016,0.8158,0.0424,0.0001
LFHPKGDB_01876,Cytoplasmic Membrane,0.0000,0.0000,0.0000,0.9999,0.0001,0.0000
LFHPKGDB_01877,Cytoplasmic Membrane,0.0000,0.0000,0.0003,0.9988,0.0009,0.0000
LFHPKGDB_01878,Cytoplasmic Membrane,0.0000,0.0000,0.0001,0.9996,0.0003,0.0000
LFHPKGDB_01879,Cytoplasmic,0.0008,0.0126,0.9232,0.0169,0.0462,0.0003
LFHPKGDB_01880,Cytoplasmic,0.0001,0.0012,0.9775,0.0094,0.0115,0.0002
LFHPKGDB_01881,Cytoplasmic,0.0000,0.0002,0.9678,0.0263,0.0050,0.0008
LFHPKGDB_01882,Cytoplasmic,0.0001,0.0004,0.9587,0.0003,0.0405,0.0000
LFHPKGDB_01883,Cytoplasmic,0.0006,0.0032,0.9477,0.0294,0.0188,0.0003
LFHPKGDB_01884,Cytoplasmic,0.0000,0.0028,0.9745,0.0067,0.0065,0.0095
LFHPKGDB_01885,Cytoplasmic,0.0014,0.0703,0.8649,0.0191,0.0424,0.0019
LFHPKGDB_01886,Cytoplasmic Membrane,0.0001,0.0001,0.0888,0.9019,0.0090,0.0000
LFHPKGDB_01887,Cytoplasmic Membrane,0.0000,0.0000,0.0000,0.9998,0.0002,0.0000
LFHPKGDB_01888,Cytoplasmic Membrane,0.0027,0.0272,0.0006,0.6133,0.3510,0.0052
LFHPKGDB_01889,Cytoplasmic Membrane,0.0000,0.0063,0.0005,0.9918,0.0013,0.0000
LFHPKGDB_01890,Extracellular,0.0005,0.4754,0.4030,0.0731,0.0456,0.0024
LFHPKGDB_01891,Cytoplasmic,0.0010,0.2116,0.7807,0.0026,0.0039,0.0003
LFHPKGDB_01892,Cytoplasmic,0.0005,0.0341,0.9336,0.0157,0.0159,0.0002
LFHPKGDB_01893,Cytoplasmic,0.0004,0.4458,0.4559,0.0848,0.0124,0.0006
LFHPKGDB_01894,Cytoplasmic,0.0005,0.0034,0.9464,0.0097,0.0399,0.0002
LFHPKGDB_01895,Cytoplasmic,0.0017,0.1747,0.7714,0.0086,0.0043,0.0394
LFHPKGDB_01896,Cytoplasmic,0.0010,0.0134,0.9485,0.0068,0.0299,0.0004
LFHPKGDB_01897,Cytoplasmic Membrane,0.0040,0.1772,0.2531,0.5051,0.0602,0.0004
LFHPKGDB_01898,Cytoplasmic Membrane,0.0000,0.0000,0.0000,0.9998,0.0002,0.0000
LFHPKGDB_01899,Cytoplasmic Membrane,0.0000,0.0001,0.0000,0.9978,0.0021,0.0000
LFHPKGDB_01900,Cytoplasmic,0.0001,0.0166,0.8060,0.0044,0.1726,0.0002
LFHPKGDB_01901,Cytoplasmic Membrane,0.0000,0.0001,0.0121,0.9725,0.0152,0.0001
LFHPKGDB_01902,Cytoplasmic,0.0000,0.0007,0.6335,0.3335,0.0320,0.0003
LFHPKGDB_01903,Cytoplasmic,0.0000,0.0007,0.9166,0.0248,0.0556,0.0023
LFHPKGDB_01904,Cytoplasmic,0.0004,0.0028,0.6609,0.2538,0.0811,0.0010
LFHPKGDB_01905,Cytoplasmic,0.0001,0.0051,0.8929,0.0051,0.0966,0.0002
LFHPKGDB_01906,Cytoplasmic,0.0002,0.0059,0.9591,0.0179,0.0169,0.0001
LFHPKGDB_01907,Cytoplasmic,0.0009,0.0307,0.9578,0.0009,0.0097,0.0000
LFHPKGDB_01908,Cytoplasmic Membrane,0.0000,0.0001,0.0016,0.9953,0.0029,0.0000
LFHPKGDB_01909,Cytoplasmic,0.0001,0.0040,0.7863,0.0236,0.1770,0.0090
LFHPKGDB_01910,Cytoplasmic Membrane,0.0000,0.0000,0.0001,0.9988,0.0011,0.0000
LFHPKGDB_01911,Cytoplasmic,0.0066,0.0991,0.8614,0.0048,0.0261,0.0020
LFHPKGDB_01912,Cytoplasmic,0.0002,0.0027,0.9937,0.0019,0.0015,0.0000
LFHPKGDB_01913,Cytoplasmic,0.0001,0.0001,0.9976,0.0003,0.0018,0.0000
LFHPKGDB_01914,Cytoplasmic,0.0001,0.0018,0.9679,0.0058,0.0240,0.0004
LFHPKGDB_01915,Cytoplasmic,0.0005,0.0073,0.9744,0.0110,0.0063,0.0005
LFHPKGDB_01916,Extracellular,0.0151,0.9693,0.0002,0.0008,0.0060,0.0085
LFHPKGDB_01917,Extracellular,0.4733,0.5223,0.0009,0.0008,0.0025,0.0002
LFHPKGDB_01918,Cytoplasmic Membrane,0.0031,0.0872,0.0009,0.8748,0.0335,0.0005
LFHPKGDB_01919,Cytoplasmic,0.0000,0.0009,0.9700,0.0005,0.0273,0.0013
LFHPKGDB_01920,Cytoplasmic Membrane,0.0000,0.0000,0.0000,0.9995,0.0004,0.0000
LFHPKGDB_01921,Cytoplasmic,0.0000,0.0007,0.9734,0.0114,0.0075,0.0069
LFHPKGDB_01922,Cytoplasmic Membrane,0.0078,0.0103,0.0002,0.7160,0.2599,0.0058
LFHPKGDB_01923,Cytoplasmic Membrane,0.0000,0.0002,0.0001,0.9975,0.0022,0.0000
LFHPKGDB_01924,Cytoplasmic,0.0000,0.0001,0.9953,0.0010,0.0035,0.0001
LFHPKGDB_01925,Cytoplasmic Membrane,0.0000,0.0002,0.0054,0.9910,0.0034,0.0000
LFHPKGDB_01926,Cytoplasmic,0.0001,0.0029,0.9782,0.0082,0.0103,0.0004
LFHPKGDB_01927,Cytoplasmic,0.0000,0.0003,0.7182,0.0001,0.2809,0.0005
LFHPKGDB_01928,Cytoplasmic,0.0000,0.0000,0.9955,0.0022,0.0022,0.0000
LFHPKGDB_01929,Cytoplasmic Membrane,0.0001,0.0023,0.0002,0.9949,0.0026,0.0000
LFHPKGDB_01930,Cytoplasmic,0.0007,0.0396,0.9167,0.0121,0.0307,0.0002
LFHPKGDB_01931,Cytoplasmic Membrane,0.0000,0.0000,0.0000,1.0000,0.0000,0.0000
LFHPKGDB_01932,Cytoplasmic,0.0000,0.0007,0.9961,0.0001,0.0029,0.0001
LFHPKGDB_01933,Cytoplasmic,0.0001,0.0025,0.9758,0.0034,0.0179,0.0004
LFHPKGDB_01934,Cytoplasmic Membrane,0.0000,0.0001,0.0003,0.9975,0.0022,0.0000
LFHPKGDB_01935,Cytoplasmic Membrane,0.0000,0.0002,0.1584,0.8371,0.0041,0.0002
LFHPKGDB_01936,Cytoplasmic,0.0017,0.0463,0.8997,0.0294,0.0210,0.0018
LFHPKGDB_01937,Cytoplasmic Membrane,0.0103,0.0918,0.0015,0.7917,0.0985,0.0062
LFHPKGDB_01938,Extracellular,0.0075,0.9811,0.0001,0.0003,0.0019,0.0091
LFHPKGDB_01939,Cytoplasmic Membrane,0.0031,0.1271,0.0002,0.5942,0.2364,0.0390
LFHPKGDB_01940,Cytoplasmic,0.0005,0.2844,0.7083,0.0004,0.0038,0.0027
LFHPKGDB_01941,Cytoplasmic,0.0002,0.0616,0.8812,0.0044,0.0415,0.0111
LFHPKGDB_01942,Cytoplasmic,0.0013,0.0128,0.8935,0.0786,0.0137,0.0001
LFHPKGDB_01943,Cytoplasmic,0.0050,0.1000,0.8534,0.0135,0.0048,0.0234
LFHPKGDB_01944,Cytoplasmic Membrane,0.0000,0.0001,0.0000,0.9977,0.0022,0.0000
LFHPKGDB_01945,Cytoplasmic,0.0005,0.0023,0.8262,0.0353,0.1284,0.0073
LFHPKGDB_01946,Cytoplasmic,0.0000,0.0011,0.9879,0.0002,0.0100,0.0007
LFHPKGDB_01947,Cytoplasmic,0.0002,0.0164,0.9192,0.0011,0.0472,0.0159
LFHPKGDB_01948,Cytoplasmic,0.0003,0.0011,0.8248,0.0087,0.0171,0.1480
LFHPKGDB_01949,Cytoplasmic,0.0000,0.0014,0.9796,0.0160,0.0002,0.0028
LFHPKGDB_01950,Cytoplasmic,0.0001,0.0208,0.9009,0.0366,0.0135,0.0281
LFHPKGDB_01951,Cytoplasmic,0.0001,0.0273,0.9690,0.0023,0.0012,0.0002
LFHPKGDB_01952,Cytoplasmic Membrane,0.0004,0.0033,0.2995,0.5619,0.1339,0.0010
LFHPKGDB_01953,Cytoplasmic Membrane,0.0000,0.0000,0.0001,0.9982,0.0016,0.0000
LFHPKGDB_01954,Cytoplasmic Membrane,0.0000,0.3111,0.0016,0.6189,0.0503,0.0181
LFHPKGDB_01955,Cytoplasmic Membrane,0.0000,0.0004,0.0014,0.9920,0.0062,0.0000
LFHPKGDB_01956,Cytoplasmic,0.0000,0.0001,0.9960,0.0019,0.0020,0.0000
LFHPKGDB_01957,Cytoplasmic,0.0002,0.0015,0.9285,0.0121,0.0474,0.0104
LFHPKGDB_01958,Cytoplasmic,0.0002,0.0022,0.9363,0.0029,0.0573,0.0011
LFHPKGDB_01959,Cytoplasmic,0.0000,0.0009,0.9898,0.0002,0.0079,0.0011
LFHPKGDB_01960,Cytoplasmic Membrane,0.0000,0.0000,0.0000,0.9995,0.0004,0.0000
LFHPKGDB_01961,Cytoplasmic Membrane,0.0000,0.0000,0.0001,0.9994,0.0005,0.0000
LFHPKGDB_01962,Cytoplasmic Membrane,0.0324,0.2250,0.0117,0.4808,0.1566,0.0934
LFHPKGDB_01963,Cytoplasmic Membrane,0.0014,0.0219,0.0017,0.9676,0.0074,0.0001
LFHPKGDB_01964,Cytoplasmic,0.0006,0.0002,0.9389,0.0601,0.0002,0.0000
LFHPKGDB_01965,Cytoplasmic Membrane,0.0001,0.0019,0.0005,0.9958,0.0018,0.0000
LFHPKGDB_01966,Cytoplasmic Membrane,0.0003,0.0003,0.2209,0.7603,0.0181,0.0002
LFHPKGDB_01967,Cytoplasmic Membrane,0.0010,0.0207,0.0074,0.9512,0.0196,0.0001
LFHPKGDB_01968,Cytoplasmic,0.0000,0.0002,0.9982,0.0007,0.0007,0.0002
LFHPKGDB_01969,Cytoplasmic Membrane,0.0000,0.0001,0.0007,0.9991,0.0001,0.0000
LFHPKGDB_01970,Cytoplasmic,0.0005,0.0015,0.8555,0.0142,0.1282,0.0002
LFHPKGDB_01971,Cytoplasmic Membrane,0.0000,0.0002,0.0001,0.9994,0.0003,0.0000
LFHPKGDB_01972,Extracellular,0.0002,0.5792,0.0001,0.4109,0.0096,0.0000
LFHPKGDB_01973,Cytoplasmic,0.0002,0.0255,0.9254,0.0374,0.0112,0.0003
LFHPKGDB_01974,Cytoplasmic,0.0000,0.0018,0.9620,0.0158,0.0025,0.0179
LFHPKGDB_01975,Cytoplasmic,0.0000,0.0006,0.9911,0.0020,0.0061,0.0002
LFHPKGDB_01976,Cytoplasmic Membrane,0.0000,0.0000,0.0000,0.9998,0.0001,0.0000
LFHPKGDB_01977,Cytoplasmic,0.0001,0.0081,0.9457,0.0093,0.0330,0.0038
LFHPKGDB_01978,Cytoplasmic Membrane,0.0000,0.0000,0.0000,0.9997,0.0002,0.0000
LFHPKGDB_01979,Cytoplasmic Membrane,0.0093,0.0759,0.0005,0.6614,0.0937,0.1592
LFHPKGDB_01980,Cytoplasmic Membrane,0.0000,0.0000,0.0000,0.9998,0.0002,0.0000
LFHPKGDB_01981,Cytoplasmic Membrane,0.0000,0.0000,0.0000,0.9999,0.0001,0.0000
LFHPKGDB_01982,Cytoplasmic,0.0004,0.1612,0.7852,0.0079,0.0089,0.0365
LFHPKGDB_01983,Cytoplasmic,0.0001,0.0025,0.9700,0.0090,0.0183,0.0001
LFHPKGDB_01984,Cytoplasmic,0.0001,0.0016,0.9502,0.0155,0.0307,0.0018
LFHPKGDB_01985,Cytoplasmic,0.0000,0.0009,0.9931,0.0003,0.0054,0.0002
LFHPKGDB_01986,Cytoplasmic,0.0001,0.0444,0.9477,0.0014,0.0049,0.0015
LFHPKGDB_01987,Extracellular,0.0001,0.5724,0.2059,0.0108,0.1792,0.0316
LFHPKGDB_01988,Cytoplasmic,0.0000,0.0013,0.9964,0.0001,0.0017,0.0004
LFHPKGDB_01989,Cytoplasmic Membrane,0.0000,0.0002,0.0001,0.9989,0.0007,0.0000
LFHPKGDB_01990,Cytoplasmic,0.0000,0.0002,0.9987,0.0009,0.0001,0.0000
LFHPKGDB_01991,Cytoplasmic Membrane,0.0000,0.0274,0.0030,0.9604,0.0067,0.0025
LFHPKGDB_01992,Cytoplasmic,0.0001,0.0476,0.9375,0.0062,0.0064,0.0021
LFHPKGDB_01993,Cytoplasmic Membrane,0.0000,0.0000,0.0000,0.9998,0.0002,0.0000
LFHPKGDB_01994,Cytoplasmic,0.0000,0.0003,0.9980,0.0001,0.0015,0.0001
LFHPKGDB_01995,Cytoplasmic Membrane,0.0006,0.0696,0.0009,0.9181,0.0107,0.0001
LFHPKGDB_01996,Cytoplasmic Membrane,0.0060,0.0426,0.0310,0.8939,0.0244,0.0021
LFHPKGDB_01997,Cytoplasmic Membrane,0.0000,0.0000,0.0000,1.0000,0.0000,0.0000
LFHPKGDB_01998,Cytoplasmic Membrane,0.0000,0.0000,0.0000,1.0000,0.0000,0.0000
LFHPKGDB_01999,Extracellular,0.0345,0.4636,0.0318,0.3110,0.0408,0.1183
LFHPKGDB_02000,Cytoplasmic,0.0000,0.0019,0.9903,0.0029,0.0046,0.0003
LFHPKGDB_02001,Cytoplasmic Membrane,0.0000,0.0002,0.0000,0.9996,0.0002,0.0000
LFHPKGDB_02002,Cytoplasmic Membrane,0.0000,0.0003,0.0002,0.9978,0.0017,0.0000
LFHPKGDB_02003,Cytoplasmic Membrane,0.0002,0.0006,0.1830,0.7954,0.0201,0.0006
LFHPKGDB_02004,Cytoplasmic,0.0001,0.0982,0.8903,0.0101,0.0012,0.0001
LFHPKGDB_02005,Cytoplasmic Membrane,0.0001,0.0037,0.0056,0.9758,0.0149,0.0000
LFHPKGDB_02006,Cytoplasmic,0.0002,0.0002,0.9362,0.0622,0.0011,0.0001
LFHPKGDB_02007,Cytoplasmic,0.0001,0.0006,0.9760,0.0006,0.0213,0.0014
LFHPKGDB_02008,Cytoplasmic Membrane,0.0000,0.0001,0.0001,0.9979,0.0019,0.0000
LFHPKGDB_02009,Cytoplasmic,0.0000,0.0000,0.9953,0.0009,0.0037,0.0001
LFHPKGDB_02010,Cytoplasmic,0.0000,0.0000,0.9913,0.0005,0.0080,0.0002
LFHPKGDB_02011,Outer Membrane,0.0000,0.0001,0.1091,0.0004,0.8903,0.0002
LFHPKGDB_02012,Cytoplasmic,0.0106,0.0103,0.6759,0.1166,0.1853,0.0014
LFHPKGDB_02013,Cytoplasmic Membrane,0.0011,0.0388,0.0001,0.9418,0.0179,0.0003
LFHPKGDB_02014,Cytoplasmic,0.0044,0.0037,0.8127,0.0174,0.1580,0.0038
LFHPKGDB_02015,Cytoplasmic,0.0013,0.0074,0.7883,0.0392,0.1630,0.0009
LFHPKGDB_02016,Cytoplasmic,0.0000,0.0042,0.9459,0.0396,0.0100,0.0002
LFHPKGDB_02017,Cytoplasmic Membrane,0.0000,0.0048,0.0002,0.9917,0.0033,0.0000
LFHPKGDB_02018,Cytoplasmic,0.0003,0.0013,0.7400,0.0136,0.2398,0.0050
LFHPKGDB_02019,Cytoplasmic,0.0019,0.0059,0.6630,0.0199,0.2924,0.0169
LFHPKGDB_02020,Extracellular,0.0008,0.3425,0.0632,0.3216,0.2583,0.0136
LFHPKGDB_02021,Cytoplasmic Membrane,0.0097,0.0075,0.0001,0.9780,0.0047,0.0000
LFHPKGDB_02022,Extracellular,0.4140,0.5654,0.0008,0.0095,0.0055,0.0049
LFHPKGDB_02023,Cytoplasmic,0.0159,0.0575,0.8717,0.0459,0.0059,0.0031
LFHPKGDB_02024,Cytoplasmic,0.0002,0.3854,0.5893,0.0216,0.0033,0.0003
LFHPKGDB_02025,Cytoplasmic,0.0002,0.0019,0.9967,0.0009,0.0003,0.0000
LFHPKGDB_02026,Cytoplasmic,0.0019,0.2008,0.5913,0.1877,0.0108,0.0075
LFHPKGDB_02027,Outer Membrane,0.0006,0.0023,0.4094,0.0081,0.5736,0.0060
LFHPKGDB_02028,Outer Membrane,0.0001,0.0024,0.4263,0.0027,0.5652,0.0033
LFHPKGDB_02029,Cytoplasmic,0.0000,0.0000,0.9950,0.0009,0.0041,0.0000
LFHPKGDB_02030,Cytoplasmic Membrane,0.0000,0.0003,0.0000,0.9982,0.0015,0.0000
LFHPKGDB_02031,Cytoplasmic Membrane,0.0000,0.0002,0.0007,0.9973,0.0018,0.0000
LFHPKGDB_02032,Cytoplasmic Membrane,0.0002,0.0018,0.0025,0.9869,0.0084,0.0001
LFHPKGDB_02033,Cytoplasmic,0.0000,0.0003,0.9815,0.0150,0.0029,0.0002
LFHPKGDB_02034,Cytoplasmic,0.0002,0.0071,0.6573,0.3067,0.0255,0.0032
LFHPKGDB_02035,Cytoplasmic Membrane,0.0222,0.0806,0.0031,0.5557,0.1939,0.1446
LFHPKGDB_02036,Cytoplasmic,0.0000,0.0240,0.9336,0.0001,0.0018,0.0404
LFHPKGDB_02037,Cytoplasmic,0.0000,0.0017,0.9834,0.0065,0.0080,0.0004
LFHPKGDB_02038,Cytoplasmic,0.0000,0.0008,0.9757,0.0067,0.0070,0.0098
LFHPKGDB_02039,Cytoplasmic,0.0001,0.0312,0.8324,0.0835,0.0270,0.0257
LFHPKGDB_02040,Cytoplasmic,0.0003,0.0868,0.8724,0.0026,0.0142,0.0238
LFHPKGDB_02041,Cytoplasmic Membrane,0.0000,0.0000,0.0000,1.0000,0.0000,0.0000
LFHPKGDB_02042,Cytoplasmic Membrane,0.0000,0.0000,0.0000,1.0000,0.0000,0.0000
LFHPKGDB_02043,Cytoplasmic Membrane,0.0152,0.1470,0.0030,0.6516,0.1254,0.0578
LFHPKGDB_02044,Cytoplasmic,0.0000,0.0002,0.9816,0.0057,0.0095,0.0031
LFHPKGDB_02045,Cytoplasmic,0.0002,0.0285,0.9573,0.0099,0.0038,0.0002
LFHPKGDB_02046,Cytoplasmic,0.0002,0.0006,0.9898,0.0052,0.0034,0.0008
LFHPKGDB_02047,Cytoplasmic Membrane,0.0002,0.0004,0.1201,0.8145,0.0632,0.0017
LFHPKGDB_02048,Cytoplasmic Membrane,0.0001,0.0008,0.0670,0.8630,0.0539,0.0151
LFHPKGDB_02049,Cytoplasmic,0.0002,0.0049,0.9758,0.0032,0.0120,0.0039
LFHPKGDB_02050,Cytoplasmic Membrane,0.0000,0.0000,0.0000,0.9999,0.0001,0.0000
LFHPKGDB_02051,Cytoplasmic Membrane,0.0000,0.0000,0.0000,1.0000,0.0000,0.0000
LFHPKGDB_02052,Cytoplasmic Membrane,0.0043,0.1266,0.0002,0.5974,0.1884,0.0832
LFHPKGDB_02053,Cytoplasmic,0.0065,0.1471,0.7995,0.0229,0.0232,0.0008
LFHPKGDB_02054,Extracellular,0.0004,0.3556,0.3074,0.0154,0.3189,0.0023
LFHPKGDB_02055,Cytoplasmic,0.0001,0.0007,0.9743,0.0119,0.0067,0.0065
LFHPKGDB_02056,Cytoplasmic Membrane,0.0339,0.0100,0.0007,0.7759,0.1610,0.0185
LFHPKGDB_02057,Cytoplasmic Membrane,0.0000,0.0000,0.0001,0.9997,0.0002,0.0000
LFHPKGDB_02058,Cytoplasmic,0.0003,0.0156,0.7675,0.1856,0.0288,0.0022
LFHPKGDB_02059,Cytoplasmic,0.0003,0.0237,0.9411,0.0098,0.0234,0.0018
LFHPKGDB_02060,Extracellular,0.0009,0.5007,0.1755,0.3044,0.0180,0.0004
LFHPKGDB_02061,Cytoplasmic,0.0004,0.1816,0.7896,0.0200,0.0082,0.0001
LFHPKGDB_02062,Cytoplasmic Membrane,0.0000,0.0000,0.0000,0.9998,0.0002,0.0000
LFHPKGDB_02063,Cytoplasmic Membrane,0.0005,0.0010,0.1852,0.8041,0.0092,0.0001
LFHPKGDB_02064,Cytoplasmic Membrane,0.0000,0.0031,0.0004,0.9958,0.0008,0.0000
LFHPKGDB_02065,Cytoplasmic,0.0000,0.0000,0.9985,0.0006,0.0008,0.0001
LFHPKGDB_02066,Cytoplasmic,0.0000,0.0079,0.9902,0.0013,0.0005,0.0000
LFHPKGDB_02067,Cytoplasmic,0.0001,0.0021,0.9682,0.0016,0.0060,0.0220
LFHPKGDB_02068,Cytoplasmic,0.0001,0.0572,0.7138,0.0609,0.1676,0.0004
LFHPKGDB_02069,Cytoplasmic,0.0022,0.4141,0.4417,0.0540,0.0877,0.0004
LFHPKGDB_02070,Cytoplasmic,0.0018,0.2951,0.5446,0.0019,0.1556,0.0010
LFHPKGDB_02071,Cytoplasmic,0.0014,0.1380,0.5331,0.3083,0.0192,0.0000
LFHPKGDB_02072,Extracellular,0.0031,0.5051,0.4072,0.0426,0.0417,0.0003
LFHPKGDB_02073,Cytoplasmic,0.0000,0.0001,0.9950,0.0000,0.0049,0.0000
LFHPKGDB_02074,Cytoplasmic,0.0001,0.0214,0.7329,0.0321,0.0925,0.1211
LFHPKGDB_02075,Cytoplasmic,0.0002,0.0006,0.9954,0.0010,0.0027,0.0000
LFHPKGDB_02076,Cytoplasmic,0.0004,0.0003,0.8752,0.0001,0.1240,0.0001
LFHPKGDB_02077,Cytoplasmic,0.0000,0.0002,0.9974,0.0000,0.0023,0.0000
LFHPKGDB_02078,Cytoplasmic,0.0006,0.0939,0.7993,0.0915,0.0138,0.0009
LFHPKGDB_02079,Cytoplasmic,0.0027,0.0058,0.9708,0.0183,0.0024,0.0001
LFHPKGDB_02080,Cytoplasmic,0.0004,0.0138,0.9526,0.0103,0.0225,0.0004
LFHPKGDB_02081,Cytoplasmic,0.0002,0.0539,0.9362,0.0006,0.0090,0.0001
LFHPKGDB_02082,Cytoplasmic,0.0002,0.0039,0.9575,0.0198,0.0184,0.0002
LFHPKGDB_02083,Cytoplasmic,0.0012,0.1104,0.8796,0.0015,0.0069,0.0004
LFHPKGDB_02084,Cytoplasmic,0.0003,0.0850,0.8733,0.0109,0.0225,0.0080
LFHPKGDB_02085,Cytoplasmic,0.0001,0.0014,0.9831,0.0020,0.0134,0.0001
LFHPKGDB_02086,Cytoplasmic,0.0003,0.2455,0.4471,0.2391,0.0672,0.0008
LFHPKGDB_02087,Cytoplasmic,0.0012,0.0065,0.9468,0.0164,0.0274,0.0017
LFHPKGDB_02088,Cytoplasmic,0.0000,0.0306,0.9474,0.0103,0.0101,0.0015
LFHPKGDB_02089,Cytoplasmic,0.0000,0.0030,0.9904,0.0012,0.0051,0.0002
LFHPKGDB_02090,Cytoplasmic,0.0002,0.2358,0.6293,0.0256,0.1050,0.0041
LFHPKGDB_02091,Cytoplasmic Membrane,0.0000,0.0001,0.0001,0.9992,0.0006,0.0000
LFHPKGDB_02092,Cytoplasmic,0.0011,0.0822,0.8585,0.0064,0.0515,0.0003
LFHPKGDB_02093,Cytoplasmic,0.0000,0.0004,0.9937,0.0030,0.0027,0.0002
LFHPKGDB_02094,Cytoplasmic,0.0044,0.0168,0.7517,0.2052,0.0211,0.0007
LFHPKGDB_02095,Cytoplasmic,0.0004,0.1521,0.5412,0.2986,0.0071,0.0007
LFHPKGDB_02096,Cytoplasmic,0.0003,0.0103,0.9234,0.0045,0.0598,0.0018
LFHPKGDB_02097,Cytoplasmic,0.0001,0.3024,0.6574,0.0364,0.0024,0.0013
LFHPKGDB_02098,Cytoplasmic,0.0001,0.0773,0.9001,0.0024,0.0190,0.0011
LFHPKGDB_02099,Cytoplasmic,0.0002,0.3506,0.6382,0.0073,0.0032,0.0005
LFHPKGDB_02100,Cytoplasmic,0.0001,0.3266,0.6670,0.0020,0.0038,0.0006
LFHPKGDB_02101,Cytoplasmic,0.0005,0.3249,0.5990,0.0555,0.0050,0.0151
LFHPKGDB_02102,Cytoplasmic,0.0027,0.3634,0.6061,0.0167,0.0105,0.0007
LFHPKGDB_02103,Cytoplasmic,0.0003,0.0619,0.8327,0.0387,0.0658,0.0006
LFHPKGDB_02104,Cytoplasmic,0.0078,0.0968,0.7923,0.0400,0.0612,0.0019
LFHPKGDB_02105,Cytoplasmic,0.0007,0.3078,0.5739,0.0096,0.1009,0.0070
LFHPKGDB_02106,Cytoplasmic Membrane,0.0001,0.0533,0.0005,0.9428,0.0032,0.0001
LFHPKGDB_02107,Cytoplasmic,0.0001,0.4666,0.4764,0.0297,0.0270,0.0002
LFHPKGDB_02108,Cytoplasmic,0.0002,0.0029,0.5719,0.0006,0.4240,0.0004
LFHPKGDB_02109,Cytoplasmic,0.0017,0.2857,0.6726,0.0281,0.0117,0.0002
LFHPKGDB_02110,Cytoplasmic Membrane,0.0000,0.0179,0.0003,0.9790,0.0028,0.0000
LFHPKGDB_02111,Cytoplasmic,0.0001,0.1683,0.7695,0.0588,0.0032,0.0002
LFHPKGDB_02112,Cytoplasmic Membrane,0.0000,0.0200,0.0001,0.9180,0.0618,0.0000
LFHPKGDB_02113,Cytoplasmic,0.0009,0.0366,0.7925,0.1046,0.0617,0.0037
LFHPKGDB_02114,Cytoplasmic,0.0002,0.0021,0.9599,0.0311,0.0060,0.0006
LFHPKGDB_02115,Cytoplasmic,0.0004,0.0061,0.9624,0.0144,0.0093,0.0075
LFHPKGDB_02116,Cytoplasmic,0.0011,0.2363,0.7303,0.0045,0.0203,0.0075
LFHPKGDB_02117,Cytoplasmic,0.0001,0.0329,0.8691,0.0777,0.0187,0.0015
LFHPKGDB_02118,Cytoplasmic,0.0002,0.1491,0.7764,0.0374,0.0269,0.0100
LFHPKGDB_02119,Cytoplasmic,0.0001,0.3814,0.5908,0.0219,0.0053,0.0005
LFHPKGDB_02120,Cytoplasmic,0.0003,0.0527,0.9003,0.0413,0.0027,0.0027
LFHPKGDB_02121,Cytoplasmic,0.0006,0.0909,0.8558,0.0306,0.0204,0.0017
LFHPKGDB_02122,Extracellular,0.0001,0.7001,0.1616,0.0121,0.1246,0.0014
LFHPKGDB_02123,Cytoplasmic,0.0001,0.1079,0.8193,0.0669,0.0053,0.0004
LFHPKGDB_02124,Cytoplasmic,0.0000,0.0000,0.9990,0.0002,0.0005,0.0002
LFHPKGDB_02125,Cytoplasmic,0.0000,0.0004,0.9949,0.0002,0.0044,0.0000
LFHPKGDB_02126,Cytoplasmic,0.0000,0.1251,0.8389,0.0145,0.0215,0.0001
LFHPKGDB_02127,Cytoplasmic,0.0002,0.0576,0.9086,0.0268,0.0054,0.0014
LFHPKGDB_02128,Cytoplasmic,0.0027,0.1414,0.8017,0.0322,0.0180,0.0040
LFHPKGDB_02129,Cytoplasmic,0.0001,0.0438,0.5951,0.3218,0.0339,0.0053
LFHPKGDB_02130,Extracellular,0.0003,0.6490,0.3007,0.0179,0.0314,0.0006
LFHPKGDB_02131,Cytoplasmic,0.0002,0.0094,0.9859,0.0023,0.0019,0.0003
LFHPKGDB_02132,Cytoplasmic,0.0001,0.0023,0.9854,0.0018,0.0067,0.0037
LFHPKGDB_02133,Cytoplasmic,0.0000,0.0006,0.8570,0.0011,0.1401,0.0011
LFHPKGDB_02134,Cytoplasmic,0.0001,0.0094,0.9870,0.0004,0.0012,0.0019
LFHPKGDB_02135,Cytoplasmic Membrane,0.0000,0.0000,0.0000,0.9999,0.0001,0.0000
LFHPKGDB_02136,Cytoplasmic,0.0000,0.0001,0.9515,0.0035,0.0396,0.0053
LFHPKGDB_02137,Cytoplasmic Membrane,0.0000,0.0000,0.0000,0.9992,0.0007,0.0000
LFHPKGDB_02138,Cytoplasmic,0.0034,0.0016,0.9855,0.0017,0.0044,0.0034
LFHPKGDB_02139,Cytoplasmic Membrane,0.0000,0.0000,0.0000,0.9998,0.0002,0.0000
LFHPKGDB_02140,Cytoplasmic,0.0003,0.0452,0.8942,0.0031,0.0568,0.0004
LFHPKGDB_02141,Cytoplasmic,0.0014,0.2757,0.4963,0.0512,0.1147,0.0608
LFHPKGDB_02142,Cytoplasmic,0.0000,0.0047,0.9797,0.0019,0.0026,0.0110
LFHPKGDB_02143,Cytoplasmic,0.0021,0.0395,0.8486,0.0298,0.0790,0.0009
LFHPKGDB_02144,Cytoplasmic,0.0006,0.0028,0.9780,0.0113,0.0062,0.0010
LFHPKGDB_02145,Cytoplasmic,0.0002,0.0114,0.9286,0.0532,0.0060,0.0007
LFHPKGDB_02146,Cytoplasmic,0.0001,0.0329,0.9430,0.0110,0.0127,0.0003
LFHPKGDB_02147,Cytoplasmic,0.0001,0.0179,0.9593,0.0098,0.0128,0.0001
LFHPKGDB_02148,Cytoplasmic Membrane,0.0005,0.1619,0.0004,0.8253,0.0118,0.0002
LFHPKGDB_02149,Cytoplasmic,0.0025,0.0059,0.9798,0.0010,0.0107,0.0001
LFHPKGDB_02150,Cytoplasmic,0.0002,0.0005,0.8486,0.1300,0.0205,0.0002
LFHPKGDB_02151,Cytoplasmic,0.0030,0.0520,0.8515,0.0662,0.0232,0.0042
LFHPKGDB_02152,Cytoplasmic Membrane,0.0004,0.0029,0.2956,0.6944,0.0064,0.0003
LFHPKGDB_02153,Cytoplasmic Membrane,0.0000,0.0000,0.0000,0.9954,0.0045,0.0000
LFHPKGDB_02154,Cytoplasmic Membrane,0.0000,0.0002,0.0000,0.9995,0.0002,0.0000
LFHPKGDB_02155,Extracellular,0.0002,0.7086,0.2103,0.0520,0.0274,0.0015
LFHPKGDB_02156,Cytoplasmic,0.0012,0.0318,0.8780,0.0371,0.0496,0.0023
LFHPKGDB_02157,Cytoplasmic,0.0001,0.0030,0.9671,0.0260,0.0025,0.0013
LFHPKGDB_02158,Cytoplasmic,0.0002,0.0096,0.8778,0.1100,0.0024,0.0002
LFHPKGDB_02159,Cytoplasmic Membrane,0.0000,0.0028,0.0002,0.9946,0.0024,0.0000
LFHPKGDB_02160,Cytoplasmic Membrane,0.0000,0.0000,0.0002,0.9996,0.0002,0.0000
LFHPKGDB_02161,Cytoplasmic Membrane,0.0000,0.0001,0.0004,0.9993,0.0002,0.0000
LFHPKGDB_02162,Cytoplasmic Membrane,0.0002,0.0003,0.1120,0.8576,0.0296,0.0003
LFHPKGDB_02163,Cytoplasmic,0.0003,0.0154,0.8594,0.1219,0.0030,0.0000
LFHPKGDB_02164,Cytoplasmic Membrane,0.0003,0.0034,0.2155,0.7464,0.0332,0.0013
LFHPKGDB_02165,Cytoplasmic,0.0007,0.0030,0.9927,0.0030,0.0005,0.0001
LFHPKGDB_02166,Cytoplasmic,0.0003,0.0022,0.5292,0.4647,0.0035,0.0002
LFHPKGDB_02167,Cytoplasmic Membrane,0.0001,0.0074,0.0003,0.9862,0.0059,0.0000
LFHPKGDB_02168,Cytoplasmic,0.0011,0.1658,0.3686,0.3181,0.1288,0.0176
LFHPKGDB_02169,Cytoplasmic Membrane,0.0000,0.0001,0.0001,0.9951,0.0047,0.0000
LFHPKGDB_02170,Cytoplasmic,0.0001,0.2068,0.7234,0.0059,0.0634,0.0005
LFHPKGDB_02171,Cytoplasmic,0.0000,0.0021,0.9786,0.0146,0.0025,0.0022
LFHPKGDB_02172,Extracellular,0.0394,0.9064,0.0001,0.0164,0.0334,0.0043
LFHPKGDB_02173,Cytoplasmic Membrane,0.0000,0.0000,0.0000,0.9999,0.0001,0.0000
LFHPKGDB_02174,Cytoplasmic,0.0001,0.0001,0.9959,0.0024,0.0014,0.0001
LFHPKGDB_02175,Cytoplasmic,0.0008,0.0098,0.8410,0.1353,0.0112,0.0019
LFHPKGDB_02176,Cytoplasmic,0.0001,0.1572,0.7424,0.0914,0.0076,0.0013
LFHPKGDB_02177,Cytoplasmic,0.0001,0.1462,0.8319,0.0039,0.0176,0.0004
LFHPKGDB_02178,Cytoplasmic Membrane,0.0002,0.0200,0.0010,0.9710,0.0077,0.0001
LFHPKGDB_02179,Cytoplasmic Membrane,0.0000,0.0001,0.0000,0.9999,0.0000,0.0000
LFHPKGDB_02180,Cytoplasmic,0.0000,0.0002,0.9872,0.0107,0.0017,0.0001
LFHPKGDB_02181,Cytoplasmic,0.0011,0.1467,0.7426,0.0852,0.0238,0.0005
LFHPKGDB_02182,Extracellular,0.0001,0.6851,0.2923,0.0192,0.0033,0.0001
LFHPKGDB_02183,Cytoplasmic,0.0000,0.0036,0.9608,0.0043,0.0305,0.0008
LFHPKGDB_02184,Cytoplasmic,0.0020,0.0042,0.9205,0.0287,0.0440,0.0006
LFHPKGDB_02185,Cytoplasmic,0.0000,0.0003,0.9974,0.0013,0.0009,0.0000
LFHPKGDB_02186,Cytoplasmic,0.0007,0.0028,0.9841,0.0115,0.0009,0.0000
LFHPKGDB_02187,Cytoplasmic,0.0001,0.0374,0.9020,0.0588,0.0016,0.0001
LFHPKGDB_02188,Cytoplasmic Membrane,0.0000,0.0000,0.0004,0.9993,0.0002,0.0000
LFHPKGDB_02189,Cytoplasmic,0.0009,0.1096,0.7511,0.0938,0.0444,0.0001
LFHPKGDB_02190,Cytoplasmic,0.0003,0.0175,0.5950,0.3427,0.0424,0.0021
LFHPKGDB_02191,Cytoplasmic,0.0000,0.0017,0.9602,0.0293,0.0087,0.0001
LFHPKGDB_02192,Cytoplasmic,0.0002,0.0031,0.9940,0.0012,0.0014,0.0000
LFHPKGDB_02193,Cytoplasmic,0.0000,0.0014,0.9971,0.0011,0.0004,0.0000
LFHPKGDB_02194,Cytoplasmic,0.0200,0.3775,0.5510,0.0244,0.0246,0.0025
LFHPKGDB_02195,Cytoplasmic,0.0003,0.3665,0.5850,0.0008,0.0470,0.0004
LFHPKGDB_02196,Cytoplasmic,0.0005,0.0217,0.9535,0.0016,0.0226,0.0001
LFHPKGDB_02197,Cytoplasmic,0.0001,0.0002,0.9964,0.0012,0.0020,0.0001
LFHPKGDB_02198,Cytoplasmic Membrane,0.0001,0.0174,0.0003,0.9723,0.0099,0.0000
LFHPKGDB_02199,Cytoplasmic Membrane,0.0002,0.0022,0.1936,0.8004,0.0034,0.0003
LFHPKGDB_02200,Cytoplasmic Membrane,0.0000,0.0001,0.0000,0.9998,0.0002,0.0000
LFHPKGDB_02201,Cytoplasmic,0.0039,0.0187,0.8760,0.0506,0.0502,0.0005
LFHPKGDB_02202,Cytoplasmic,0.0219,0.0059,0.9388,0.0166,0.0163,0.0007
LFHPKGDB_02203,Cytoplasmic,0.0011,0.0219,0.9259,0.0486,0.0022,0.0003
LFHPKGDB_02204,Cytoplasmic,0.0004,0.0408,0.9143,0.0036,0.0370,0.0039
LFHPKGDB_02205,Cytoplasmic Membrane,0.0000,0.0010,0.0002,0.9967,0.0021,0.0000
LFHPKGDB_02206,Cytoplasmic,0.0001,0.1842,0.8013,0.0040,0.0103,0.0001
LFHPKGDB_02207,Cytoplasmic Membrane,0.0000,0.0001,0.0000,0.9997,0.0002,0.0000
LFHPKGDB_02208,Cytoplasmic Membrane,0.0002,0.0007,0.1142,0.8787,0.0060,0.0002
LFHPKGDB_02209,Cytoplasmic Membrane,0.0002,0.0015,0.0013,0.9801,0.0169,0.0001
LFHPKGDB_02210,Cytoplasmic,0.0000,0.0003,0.9811,0.0030,0.0152,0.0003
LFHPKGDB_02211,Cytoplasmic,0.0000,0.0005,0.9958,0.0031,0.0006,0.0000
LFHPKGDB_02212,Cytoplasmic,0.0006,0.0041,0.9860,0.0063,0.0027,0.0003
LFHPKGDB_02213,Cytoplasmic Membrane,0.0003,0.1278,0.0004,0.8632,0.0083,0.0000
LFHPKGDB_02214,Cytoplasmic,0.0018,0.0867,0.9087,0.0021,0.0005,0.0001
LFHPKGDB_02215,Cytoplasmic,0.0043,0.0722,0.6039,0.0140,0.3033,0.0024
LFHPKGDB_02216,Cytoplasmic,0.0001,0.2402,0.4390,0.1522,0.1533,0.0152
LFHPKGDB_02217,Cytoplasmic,0.0005,0.0035,0.9871,0.0059,0.0030,0.0000
LFHPKGDB_02218,Cytoplasmic,0.0001,0.0006,0.9936,0.0002,0.0056,0.0000
LFHPKGDB_02219,Cytoplasmic,0.0002,0.0358,0.9506,0.0087,0.0047,0.0000
LFHPKGDB_02220,Extracellular,0.0002,0.8398,0.0637,0.0875,0.0087,0.0001
LFHPKGDB_02221,Cytoplasmic,0.0032,0.0012,0.9771,0.0027,0.0157,0.0001
LFHPKGDB_02222,Cytoplasmic,0.0010,0.0782,0.4558,0.4488,0.0156,0.0006
LFHPKGDB_02223,Cytoplasmic,0.0004,0.1186,0.6119,0.2644,0.0006,0.0040
LFHPKGDB_02224,Cytoplasmic,0.0001,0.0021,0.9547,0.0006,0.0211,0.0215
LFHPKGDB_02225,Cytoplasmic Membrane,0.0001,0.0056,0.0008,0.9886,0.0048,0.0000
LFHPKGDB_02226,Cytoplasmic,0.0000,0.0001,0.9836,0.0149,0.0013,0.0000
LFHPKGDB_02227,Cytoplasmic,0.0013,0.2130,0.4503,0.1582,0.1609,0.0164
LFHPKGDB_02228,Cytoplasmic,0.0010,0.3121,0.5440,0.1277,0.0137,0.0015
LFHPKGDB_02229,Cytoplasmic,0.0001,0.0011,0.9678,0.0092,0.0217,0.0002
LFHPKGDB_02230,Cytoplasmic,0.0002,0.1754,0.7233,0.0919,0.0077,0.0016
LFHPKGDB_02231,Cytoplasmic,0.0001,0.1287,0.6067,0.2481,0.0154,0.0010
LFHPKGDB_02232,Cytoplasmic,0.0001,0.0131,0.9384,0.0116,0.0347,0.0021
LFHPKGDB_02233,Cytoplasmic,0.0000,0.0042,0.9660,0.0045,0.0245,0.0007
LFHPKGDB_02234,Cytoplasmic,0.0002,0.0050,0.9862,0.0046,0.0038,0.0001
LFHPKGDB_02235,Cytoplasmic,0.0002,0.0046,0.9485,0.0040,0.0426,0.0001
LFHPKGDB_02236,Cytoplasmic Membrane,0.0000,0.0422,0.0146,0.9404,0.0028,0.0000
LFHPKGDB_02237,Cytoplasmic,0.0006,0.0280,0.9573,0.0022,0.0118,0.0001
LFHPKGDB_02238,Cytoplasmic,0.0006,0.0577,0.9283,0.0008,0.0094,0.0032
LFHPKGDB_02239,Cytoplasmic Membrane,0.0028,0.0203,0.0004,0.9681,0.0083,0.0001
LFHPKGDB_02240,Cytoplasmic,0.0019,0.0067,0.9346,0.0129,0.0431,0.0007
LFHPKGDB_02241,Cell wall & surface,0.5332,0.3112,0.0081,0.1285,0.0187,0.0002
LFHPKGDB_02242,Cytoplasmic,0.0000,0.0304,0.9639,0.0017,0.0037,0.0003
LFHPKGDB_02243,Cytoplasmic,0.0002,0.0007,0.9751,0.0160,0.0076,0.0005
LFHPKGDB_02244,Cytoplasmic Membrane,0.0005,0.0400,0.0067,0.9297,0.0227,0.0005
LFHPKGDB_02245,Cytoplasmic,0.0013,0.2322,0.6278,0.1058,0.0309,0.0020
LFHPKGDB_02246,Cytoplasmic,0.0001,0.2701,0.6802,0.0018,0.0472,0.0005
LFHPKGDB_02247,Cytoplasmic,0.0001,0.0378,0.9511,0.0059,0.0043,0.0008
LFHPKGDB_02248,Cytoplasmic,0.0008,0.0773,0.8665,0.0520,0.0033,0.0001
LFHPKGDB_02249,Cytoplasmic,0.0001,0.0018,0.6795,0.2955,0.0230,0.0001
LFHPKGDB_02250,Cytoplasmic Membrane,0.0001,0.3600,0.0005,0.6259,0.0134,0.0001
LFHPKGDB_02251,Cytoplasmic Membrane,0.0001,0.4883,0.0005,0.4899,0.0210,0.0001
LFHPKGDB_02252,Cytoplasmic Membrane,0.0000,0.3861,0.0001,0.6088,0.0048,0.0002
LFHPKGDB_02253,Cytoplasmic,0.0003,0.0033,0.9498,0.0442,0.0023,0.0001
LFHPKGDB_02254,Cytoplasmic,0.0009,0.2682,0.7040,0.0131,0.0129,0.0009
LFHPKGDB_02255,Cytoplasmic,0.0000,0.0052,0.9833,0.0064,0.0050,0.0001
LFHPKGDB_02256,Cytoplasmic,0.0000,0.0050,0.9923,0.0007,0.0019,0.0000
LFHPKGDB_02257,Cytoplasmic,0.0000,0.0000,0.9770,0.0002,0.0225,0.0002
LFHPKGDB_02258,Cytoplasmic,0.0000,0.0000,0.9969,0.0000,0.0031,0.0000
LFHPKGDB_02259,Cytoplasmic,0.0001,0.0009,0.9942,0.0004,0.0041,0.0004
LFHPKGDB_02260,Cytoplasmic,0.0000,0.0003,0.9708,0.0055,0.0232,0.0002
LFHPKGDB_02261,Cytoplasmic,0.0005,0.2054,0.7353,0.0388,0.0193,0.0007
LFHPKGDB_02262,Cytoplasmic,0.0000,0.0001,0.9970,0.0005,0.0015,0.0009
LFHPKGDB_02263,Cytoplasmic,0.0000,0.0004,0.9769,0.0004,0.0199,0.0024
LFHPKGDB_02264,Cytoplasmic,0.0005,0.0290,0.7773,0.1816,0.0114,0.0002
LFHPKGDB_02265,Cytoplasmic Membrane,0.0003,0.0088,0.0013,0.9457,0.0437,0.0002
LFHPKGDB_02266,Cytoplasmic Membrane,0.0000,0.0001,0.0000,0.9992,0.0006,0.0000
LFHPKGDB_02267,Cytoplasmic Membrane,0.0000,0.0003,0.0001,0.9980,0.0014,0.0000
LFHPKGDB_02268,Cytoplasmic Membrane,0.0009,0.0008,0.2008,0.7376,0.0587,0.0011
LFHPKGDB_02269,Cytoplasmic Membrane,0.0000,0.0000,0.0000,0.9998,0.0002,0.0000
LFHPKGDB_02270,Cytoplasmic,0.0019,0.0145,0.9271,0.0337,0.0205,0.0023
LFHPKGDB_02271,Cytoplasmic,0.0000,0.0001,0.9978,0.0006,0.0014,0.0001
LFHPKGDB_02272,Extracellular,0.0717,0.6707,0.0168,0.1202,0.0217,0.0989
LFHPKGDB_02273,Cytoplasmic,0.0000,0.0000,0.9981,0.0006,0.0010,0.0002
LFHPKGDB_02274,Cytoplasmic,0.0000,0.0001,0.7318,0.2215,0.0451,0.0015
LFHPKGDB_02275,Cytoplasmic Membrane,0.0000,0.0000,0.0000,1.0000,0.0000,0.0000
LFHPKGDB_02276,Cytoplasmic,0.0001,0.0006,0.9508,0.0015,0.0465,0.0005
LFHPKGDB_02277,Cytoplasmic,0.0001,0.0001,0.9776,0.0018,0.0201,0.0003
LFHPKGDB_02278,Cytoplasmic,0.0002,0.0801,0.9071,0.0052,0.0074,0.0001
LFHPKGDB_02279,Cytoplasmic,0.0004,0.0001,0.9969,0.0012,0.0013,0.0000
LFHPKGDB_02280,Cytoplasmic,0.0000,0.0001,0.9022,0.0962,0.0013,0.0001
LFHPKGDB_02282,Cytoplasmic,0.0007,0.0249,0.8553,0.0844,0.0347,0.0000
LFHPKGDB_02283,Cytoplasmic,0.0000,0.0007,0.9916,0.0027,0.0051,0.0000
LFHPKGDB_02284,Cytoplasmic,0.0001,0.0023,0.9735,0.0231,0.0007,0.0002
LFHPKGDB_02285,Cytoplasmic,0.0001,0.0003,0.9827,0.0122,0.0046,0.0002
LFHPKGDB_02286,Cytoplasmic,0.0001,0.0001,0.9964,0.0003,0.0030,0.0000
LFHPKGDB_02287,Cytoplasmic Membrane,0.0171,0.1297,0.0035,0.8273,0.0221,0.0004
LFHPKGDB_02288,Cytoplasmic Membrane,0.0049,0.0599,0.0008,0.9261,0.0083,0.0000
LFHPKGDB_02289,Cytoplasmic Membrane,0.0008,0.0733,0.0009,0.9017,0.0231,0.0000
LFHPKGDB_02290,Extracellular,0.0153,0.9048,0.0000,0.0206,0.0588,0.0004
LFHPKGDB_02291,Cytoplasmic Membrane,0.0069,0.0431,0.0000,0.9069,0.0431,0.0000
LFHPKGDB_02292,Extracellular,0.0621,0.8032,0.0053,0.0872,0.0379,0.0042
LFHPKGDB_02293,Cytoplasmic,0.0001,0.0032,0.9501,0.0024,0.0343,0.0100
LFHPKGDB_02294,Cytoplasmic Membrane,0.0000,0.0000,0.0000,0.9999,0.0001,0.0000
LFHPKGDB_02295,Cytoplasmic Membrane,0.0000,0.0000,0.0000,0.9997,0.0002,0.0000
LFHPKGDB_02296,Cytoplasmic Membrane,0.0060,0.0365,0.0012,0.5486,0.3320,0.0758
LFHPKGDB_02297,Cytoplasmic,0.0011,0.0061,0.9227,0.0281,0.0396,0.0024
LFHPKGDB_02298,Cytoplasmic,0.0001,0.0014,0.8714,0.0864,0.0278,0.0129
LFHPKGDB_02299,Cytoplasmic,0.0000,0.0003,0.9475,0.0158,0.0343,0.0021
LFHPKGDB_02300,Cytoplasmic,0.0001,0.0002,0.9730,0.0076,0.0170,0.0022
LFHPKGDB_02301,Cytoplasmic,0.0003,0.0488,0.9503,0.0003,0.0001,0.0003
LFHPKGDB_02302,Cytoplasmic,0.0002,0.0015,0.9170,0.0405,0.0399,0.0009
LFHPKGDB_02303,Cytoplasmic,0.0002,0.0054,0.9798,0.0024,0.0120,0.0002
LFHPKGDB_02304,Cytoplasmic Membrane,0.0000,0.0000,0.0000,0.9999,0.0001,0.0000
LFHPKGDB_02305,Cytoplasmic,0.0001,0.0401,0.9356,0.0104,0.0117,0.0021
LFHPKGDB_02306,Cytoplasmic,0.0002,0.0616,0.8973,0.0204,0.0201,0.0004
LFHPKGDB_02307,Cytoplasmic,0.0003,0.0439,0.9278,0.0119,0.0158,0.0003
LFHPKGDB_02308,Cytoplasmic,0.0000,0.0028,0.9953,0.0001,0.0011,0.0006
LFHPKGDB_02309,Cytoplasmic,0.0000,0.0005,0.9849,0.0124,0.0019,0.0002
LFHPKGDB_02310,Cytoplasmic,0.0001,0.0178,0.7366,0.0409,0.1978,0.0069
LFHPKGDB_02311,Cytoplasmic,0.0004,0.0539,0.9297,0.0109,0.0044,0.0007
LFHPKGDB_02312,Extracellular,0.0001,0.8744,0.0379,0.0707,0.0084,0.0084
LFHPKGDB_02313,Cytoplasmic,0.0008,0.1137,0.8290,0.0246,0.0231,0.0088
LFHPKGDB_02314,Cytoplasmic Membrane,0.0058,0.3086,0.0032,0.6031,0.0790,0.0002
LFHPKGDB_02315,Cytoplasmic Membrane,0.0000,0.0302,0.0000,0.9695,0.0002,0.0000
LFHPKGDB_02316,Cytoplasmic,0.0002,0.0075,0.8315,0.0242,0.1203,0.0162
LFHPKGDB_02317,Cytoplasmic,0.0001,0.0646,0.9175,0.0171,0.0006,0.0000
LFHPKGDB_02318,Cytoplasmic,0.0003,0.0270,0.8318,0.0080,0.1180,0.0150
LFHPKGDB_02319,Cytoplasmic,0.0001,0.0087,0.9833,0.0041,0.0035,0.0003
LFHPKGDB_02320,Cytoplasmic Membrane,0.0000,0.0000,0.0000,0.9998,0.0001,0.0000
LFHPKGDB_02321,Cytoplasmic Membrane,0.0017,0.1021,0.2644,0.5068,0.1246,0.0003
LFHPKGDB_02322,Cytoplasmic,0.0002,0.0043,0.7459,0.1629,0.0866,0.0001
LFHPKGDB_02323,Cytoplasmic Membrane,0.0001,0.0035,0.2215,0.6846,0.0902,0.0001
LFHPKGDB_02324,Cytoplasmic Membrane,0.0003,0.1400,0.0928,0.7405,0.0261,0.0002
LFHPKGDB_02325,Cytoplasmic Membrane,0.0012,0.0263,0.2351,0.5897,0.1473,0.0004
LFHPKGDB_02326,Cytoplasmic Membrane,0.0011,0.0721,0.1050,0.7536,0.0679,0.0002
LFHPKGDB_02327,Cytoplasmic Membrane,0.0022,0.2277,0.1490,0.5680,0.0521,0.0009
LFHPKGDB_02328,Cytoplasmic Membrane,0.0018,0.0947,0.2514,0.5698,0.0819,0.0005
LFHPKGDB_02329,Cytoplasmic Membrane,0.0016,0.0456,0.3448,0.5149,0.0923,0.0008
LFHPKGDB_02330,Cytoplasmic Membrane,0.0003,0.0127,0.2151,0.6864,0.0852,0.0003
LFHPKGDB_02331,Cytoplasmic Membrane,0.0003,0.1174,0.2140,0.5350,0.1325,0.0006
LFHPKGDB_02332,Cytoplasmic Membrane,0.0002,0.0037,0.1899,0.7762,0.0299,0.0001
LFHPKGDB_02333,Cytoplasmic Membrane,0.0001,0.0043,0.0403,0.8541,0.1010,0.0002
LFHPKGDB_02334,Cytoplasmic Membrane,0.0006,0.0096,0.2157,0.6452,0.1286,0.0004
LFHPKGDB_02335,Cytoplasmic Membrane,0.0000,0.0001,0.0000,0.9994,0.0005,0.0000
LFHPKGDB_02336,Cytoplasmic Membrane,0.0002,0.0015,0.4178,0.5335,0.0464,0.0006
LFHPKGDB_02337,Cytoplasmic Membrane,0.0029,0.1317,0.0317,0.7976,0.0357,0.0004
LFHPKGDB_02338,Cell wall & surface,0.4369,0.0900,0.0014,0.3619,0.1068,0.0030
LFHPKGDB_02339,Cytoplasmic Membrane,0.0005,0.0215,0.0003,0.9735,0.0041,0.0001
LFHPKGDB_02340,Cytoplasmic Membrane,0.0002,0.0311,0.0001,0.9564,0.0122,0.0000
LFHPKGDB_02341,Cytoplasmic Membrane,0.0040,0.0405,0.0089,0.8732,0.0734,0.0001
LFHPKGDB_02342,Cytoplasmic,0.0011,0.0001,0.8646,0.0977,0.0363,0.0001
LFHPKGDB_02343,Cytoplasmic Membrane,0.0000,0.0000,0.0000,0.9980,0.0020,0.0000
LFHPKGDB_02344,Cytoplasmic Membrane,0.0029,0.0256,0.0016,0.9515,0.0182,0.0003
LFHPKGDB_02345,Cytoplasmic Membrane,0.0000,0.0000,0.0010,0.9967,0.0023,0.0000
LFHPKGDB_02346,Cytoplasmic,0.0001,0.2749,0.5999,0.0088,0.1154,0.0009
LFHPKGDB_02347,Cytoplasmic,0.0001,0.0064,0.9710,0.0080,0.0140,0.0004
LFHPKGDB_02348,Cytoplasmic,0.0012,0.0039,0.9244,0.0566,0.0110,0.0030
LFHPKGDB_02349,Cytoplasmic Membrane,0.0000,0.0000,0.0000,1.0000,0.0000,0.0000
LFHPKGDB_02350,Cytoplasmic Membrane,0.0000,0.0000,0.0000,1.0000,0.0000,0.0000
LFHPKGDB_02351,Cytoplasmic Membrane,0.0154,0.1258,0.0034,0.6420,0.1234,0.0899
LFHPKGDB_02352,Cytoplasmic Membrane,0.0000,0.0000,0.0000,0.9998,0.0001,0.0000
LFHPKGDB_02353,Cytoplasmic,0.0001,0.0004,0.9658,0.0079,0.0231,0.0027
LFHPKGDB_02354,Cytoplasmic Membrane,0.0000,0.0000,0.0000,0.9998,0.0002,0.0000
LFHPKGDB_02355,Cytoplasmic Membrane,0.0000,0.0000,0.0000,0.9997,0.0003,0.0000
LFHPKGDB_02356,Cytoplasmic Membrane,0.0061,0.0831,0.0001,0.7436,0.1182,0.0490
LFHPKGDB_02357,Cytoplasmic,0.0001,0.0105,0.9131,0.0451,0.0294,0.0018
LFHPKGDB_02358,Cytoplasmic,0.0003,0.0018,0.9667,0.0052,0.0258,0.0002
LFHPKGDB_02359,Cytoplasmic,0.0002,0.0009,0.9888,0.0031,0.0069,0.0001
LFHPKGDB_02360,Cytoplasmic,0.0000,0.0434,0.8164,0.1239,0.0107,0.0055
LFHPKGDB_02361,Cytoplasmic,0.0000,0.0034,0.9857,0.0003,0.0043,0.0062
LFHPKGDB_02362,Cytoplasmic Membrane,0.0000,0.0000,0.0000,0.9995,0.0005,0.0000
LFHPKGDB_02363,Cytoplasmic Membrane,0.0000,0.0000,0.0000,0.9998,0.0002,0.0000
LFHPKGDB_02364,Cytoplasmic Membrane,0.0249,0.1946,0.0003,0.4198,0.2154,0.1451
LFHPKGDB_02365,Cytoplasmic,0.0001,0.0134,0.9539,0.0097,0.0226,0.0002
LFHPKGDB_02366,Cytoplasmic,0.0002,0.0023,0.9625,0.0160,0.0114,0.0076
LFHPKGDB_02367,Cytoplasmic,0.0000,0.0002,0.9672,0.0006,0.0127,0.0193
LFHPKGDB_02368,Cytoplasmic,0.0003,0.0487,0.8925,0.0193,0.0345,0.0046
LFHPKGDB_02369,Cytoplasmic,0.0001,0.0011,0.9789,0.0187,0.0011,0.0001
LFHPKGDB_02370,Cytoplasmic,0.0000,0.0055,0.9506,0.0337,0.0013,0.0089
LFHPKGDB_02371,Cytoplasmic,0.0002,0.0008,0.9916,0.0030,0.0037,0.0007
LFHPKGDB_02372,Cytoplasmic,0.0002,0.0130,0.9346,0.0473,0.0045,0.0005
LFHPKGDB_02373,Cytoplasmic,0.0002,0.0142,0.9125,0.0595,0.0130,0.0006
LFHPKGDB_02374,Cytoplasmic,0.0000,0.0042,0.9382,0.0340,0.0063,0.0174
LFHPKGDB_02375,Cytoplasmic,0.0001,0.0170,0.8394,0.1344,0.0087,0.0003
LFHPKGDB_02376,Cytoplasmic,0.0000,0.0007,0.9929,0.0002,0.0058,0.0004
LFHPKGDB_02377,Cytoplasmic,0.0003,0.0042,0.9923,0.0006,0.0023,0.0003
LFHPKGDB_02378,Cytoplasmic,0.0001,0.0760,0.9115,0.0081,0.0027,0.0016
LFHPKGDB_02379,Cytoplasmic Membrane,0.0000,0.0014,0.0001,0.9853,0.0131,0.0001
LFHPKGDB_02380,Cytoplasmic Membrane,0.0000,0.0000,0.0000,0.9993,0.0006,0.0000
LFHPKGDB_02381,Cytoplasmic,0.0001,0.1075,0.8563,0.0105,0.0251,0.0004
LFHPKGDB_02382,Extracellular,0.0001,0.5788,0.3526,0.0136,0.0518,0.0031
LFHPKGDB_02383,Cytoplasmic,0.0000,0.0024,0.9270,0.0008,0.0696,0.0002
LFHPKGDB_02384,Cytoplasmic,0.0001,0.0031,0.8999,0.0045,0.0923,0.0001
LFHPKGDB_02385,Cytoplasmic,0.0000,0.0002,0.9779,0.0010,0.0202,0.0007
LFHPKGDB_02386,Cytoplasmic,0.0001,0.0010,0.9749,0.0151,0.0071,0.0017
LFHPKGDB_02387,Cytoplasmic,0.0001,0.0010,0.9466,0.0003,0.0385,0.0135
LFHPKGDB_02388,Cytoplasmic,0.0001,0.0007,0.8866,0.0033,0.0737,0.0355
LFHPKGDB_02389,Cytoplasmic,0.0001,0.0004,0.6838,0.0002,0.3154,0.0001
LFHPKGDB_02390,Cytoplasmic,0.0000,0.0004,0.9305,0.0611,0.0079,0.0000
LFHPKGDB_02391,Cytoplasmic,0.0000,0.0002,0.9979,0.0007,0.0012,0.0000
LFHPKGDB_02392,Cytoplasmic,0.0000,0.0004,0.9974,0.0001,0.0019,0.0003
LFHPKGDB_02393,Cytoplasmic Membrane,0.0000,0.0000,0.0000,0.9988,0.0011,0.0000
LFHPKGDB_02394,Cytoplasmic,0.0002,0.0044,0.8445,0.0093,0.1207,0.0210
LFHPKGDB_02395,Cytoplasmic,0.0001,0.0010,0.9759,0.0020,0.0209,0.0002
LFHPKGDB_02396,Cytoplasmic,0.0000,0.0003,0.9746,0.0001,0.0245,0.0004
LFHPKGDB_02397,Cytoplasmic,0.0003,0.0016,0.9615,0.0010,0.0331,0.0025
LFHPKGDB_02398,Extracellular,0.0327,0.9428,0.0021,0.0085,0.0129,0.0010
LFHPKGDB_02399,Cytoplasmic Membrane,0.0032,0.0663,0.0000,0.9186,0.0117,0.0001
LFHPKGDB_02400,Cytoplasmic,0.0049,0.2431,0.7263,0.0197,0.0030,0.0031
LFHPKGDB_02401,Cytoplasmic,0.0003,0.0036,0.9695,0.0035,0.0222,0.0010
LFHPKGDB_02402,Cytoplasmic,0.0001,0.0003,0.9404,0.0016,0.0527,0.0051
LFHPKGDB_02403,Cytoplasmic Membrane,0.0000,0.0000,0.0000,0.9999,0.0001,0.0000
LFHPKGDB_02404,Cytoplasmic,0.0002,0.0016,0.6458,0.2546,0.0601,0.0377
LFHPKGDB_02405,Extracellular,0.0001,0.3959,0.2998,0.1994,0.1044,0.0004
LFHPKGDB_02416,Cytoplasmic Membrane,0.0000,0.0001,0.0044,0.9930,0.0024,0.0001
LFHPKGDB_02417,Cytoplasmic Membrane,0.0019,0.0134,0.0003,0.7102,0.2730,0.0012
LFHPKGDB_02418,Cytoplasmic,0.0002,0.0007,0.9484,0.0018,0.0489,0.0001
LFHPKGDB_02419,Cytoplasmic,0.0002,0.0010,0.9577,0.0029,0.0380,0.0002
LFHPKGDB_02420,Cytoplasmic,0.0000,0.0002,0.9413,0.0166,0.0418,0.0001
LFHPKGDB_02421,Cytoplasmic,0.0000,0.0000,0.9930,0.0001,0.0068,0.0000
LFHPKGDB_02422,Cytoplasmic,0.0021,0.0120,0.7784,0.0559,0.1515,0.0001
LFHPKGDB_02423,Cytoplasmic,0.0029,0.0035,0.9312,0.0183,0.0426,0.0013
LFHPKGDB_02424,Outer Membrane,0.0000,0.0000,0.2304,0.0000,0.7690,0.0005
LFHPKGDB_02425,Cytoplasmic,0.0089,0.0030,0.9645,0.0067,0.0166,0.0003
LFHPKGDB_02426,Cytoplasmic Membrane,0.0000,0.0019,0.0001,0.9964,0.0016,0.0000
LFHPKGDB_02427,Cytoplasmic,0.0001,0.0000,0.9823,0.0007,0.0169,0.0000
LFHPKGDB_02428,Cytoplasmic,0.0001,0.0001,0.9786,0.0194,0.0019,0.0001
LFHPKGDB_02429,Cytoplasmic,0.0001,0.0004,0.8712,0.0101,0.1179,0.0004
LFHPKGDB_02430,Cytoplasmic,0.0001,0.0002,0.9985,0.0009,0.0001,0.0000
LFHPKGDB_02431,Cytoplasmic,0.0001,0.0003,0.9750,0.0024,0.0222,0.0001
LFHPKGDB_02432,Cytoplasmic,0.0016,0.0417,0.8514,0.0681,0.0362,0.0010
LFHPKGDB_02433,Extracellular,0.0000,0.7492,0.2293,0.0177,0.0037,0.0000
LFHPKGDB_02434,Cytoplasmic,0.0026,0.0418,0.9381,0.0015,0.0156,0.0005
LFHPKGDB_02435,Cytoplasmic,0.0004,0.0003,0.5658,0.4181,0.0149,0.0003
LFHPKGDB_02436,Cytoplasmic Membrane,0.0000,0.0003,0.0000,0.9992,0.0004,0.0000
LFHPKGDB_02437,Cytoplasmic Membrane,0.0000,0.0025,0.0000,0.9968,0.0007,0.0000
LFHPKGDB_02438,Cytoplasmic Membrane,0.0011,0.0150,0.0000,0.9816,0.0022,0.0000
LFHPKGDB_02439,Cytoplasmic Membrane,0.0010,0.1049,0.0826,0.7638,0.0467,0.0009
LFHPKGDB_02440,Cytoplasmic,0.0000,0.0722,0.6076,0.2349,0.0850,0.0001
LFHPKGDB_02441,Cytoplasmic,0.0011,0.0062,0.8883,0.0897,0.0146,0.0002
LFHPKGDB_02442,Cytoplasmic,0.0006,0.0002,0.9782,0.0083,0.0125,0.0002
LFHPKGDB_02443,Cytoplasmic Membrane,0.0000,0.0001,0.0000,0.9961,0.0038,0.0000
LFHPKGDB_02444,Cytoplasmic,0.0000,0.0000,0.9993,0.0000,0.0007,0.0000
LFHPKGDB_02445,Cytoplasmic,0.0001,0.0107,0.8856,0.0490,0.0541,0.0004
LFHPKGDB_02446,Extracellular,0.0001,0.7802,0.0814,0.0223,0.1144,0.0017
LFHPKGDB_02447,Cytoplasmic,0.0001,0.0025,0.9170,0.0474,0.0327,0.0004
LFHPKGDB_02448,Cytoplasmic Membrane,0.0001,0.0006,0.0001,0.9895,0.0097,0.0000
LFHPKGDB_02449,Cytoplasmic,0.0000,0.0001,0.9918,0.0048,0.0033,0.0000
LFHPKGDB_02450,Cytoplasmic Membrane,0.0411,0.1301,0.0035,0.6347,0.0626,0.1280
LFHPKGDB_02451,Cytoplasmic Membrane,0.0000,0.0000,0.0000,0.9999,0.0001,0.0000
LFHPKGDB_02452,Cytoplasmic Membrane,0.0000,0.0000,0.0000,0.9999,0.0001,0.0000
LFHPKGDB_02453,Cytoplasmic,0.0110,0.0511,0.6854,0.2235,0.0089,0.0201
LFHPKGDB_02454,Cytoplasmic,0.0000,0.0451,0.9234,0.0014,0.0114,0.0187
LFHPKGDB_02455,Extracellular,0.0003,0.4624,0.4491,0.0563,0.0209,0.0110
LFHPKGDB_02456,Cytoplasmic,0.0004,0.0399,0.8949,0.0184,0.0414,0.0050
LFHPKGDB_02457,Extracellular,0.0002,0.5405,0.2801,0.0070,0.1657,0.0065
LFHPKGDB_02459,Cell wall & surface,0.7017,0.0306,0.0008,0.2328,0.0325,0.0016
LFHPKGDB_02460,Cytoplasmic Membrane,0.0000,0.0001,0.0002,0.9971,0.0026,0.0000
LFHPKGDB_02461,Cytoplasmic,0.0014,0.0129,0.7938,0.0116,0.1781,0.0021
LFHPKGDB_02462,Cytoplasmic,0.0012,0.0165,0.7570,0.0041,0.2062,0.0149
LFHPKGDB_02463,Cytoplasmic,0.0000,0.0039,0.9912,0.0040,0.0008,0.0000
LFHPKGDB_02464,Cytoplasmic,0.0001,0.0047,0.9447,0.0014,0.0477,0.0013
LFHPKGDB_02465,Cytoplasmic,0.0006,0.0026,0.7440,0.0233,0.2266,0.0030
LFHPKGDB_02466,Cytoplasmic,0.0002,0.0011,0.5038,0.0900,0.1445,0.2603
LFHPKGDB_02467,Cytoplasmic,0.0004,0.0134,0.8113,0.1579,0.0142,0.0028
LFHPKGDB_02468,Cytoplasmic,0.0002,0.0031,0.9770,0.0036,0.0154,0.0006
LFHPKGDB_02469,Cytoplasmic,0.0001,0.0248,0.9132,0.0055,0.0561,0.0002
LFHPKGDB_02470,Cytoplasmic,0.0001,0.3932,0.5590,0.0037,0.0438,0.0002
LFHPKGDB_02471,Cytoplasmic Membrane,0.0003,0.3451,0.0000,0.6342,0.0204,0.0000
LFHPKGDB_02472,Cytoplasmic Membrane,0.0003,0.0906,0.0006,0.8796,0.0288,0.0002
LFHPKGDB_02473,Cytoplasmic Membrane,0.0000,0.0002,0.0008,0.9968,0.0021,0.0000
LFHPKGDB_02474,Cytoplasmic Membrane,0.0000,0.0001,0.0000,0.9995,0.0005,0.0000
LFHPKGDB_02475,Cytoplasmic Membrane,0.0001,0.0029,0.0001,0.9729,0.0240,0.0000
LFHPKGDB_02476,Cytoplasmic Membrane,0.0000,0.0011,0.0001,0.9982,0.0005,0.0000
LFHPKGDB_02477,Cytoplasmic,0.0001,0.0002,0.6566,0.2472,0.0955,0.0004
LFHPKGDB_02478,Cytoplasmic,0.0000,0.0000,0.9825,0.0117,0.0057,0.0001
LFHPKGDB_02479,Extracellular,0.0739,0.8416,0.0015,0.0111,0.0574,0.0144
LFHPKGDB_02480,Cytoplasmic Membrane,0.0003,0.0303,0.0008,0.9541,0.0145,0.0001
LFHPKGDB_02481,Cytoplasmic Membrane,0.0001,0.0195,0.0000,0.9464,0.0336,0.0004
LFHPKGDB_02482,Cytoplasmic Membrane,0.0007,0.1371,0.0007,0.8505,0.0109,0.0000
LFHPKGDB_02483,Cytoplasmic,0.0001,0.0021,0.9831,0.0007,0.0118,0.0023
LFHPKGDB_02484,Cytoplasmic,0.0000,0.0013,0.9632,0.0321,0.0033,0.0001
LFHPKGDB_02485,Cytoplasmic,0.0000,0.0072,0.9120,0.0035,0.0753,0.0019
LFHPKGDB_02486,Cytoplasmic,0.0000,0.0000,0.9993,0.0000,0.0006,0.0000
LFHPKGDB_02487,Cytoplasmic,0.0000,0.0001,0.9959,0.0004,0.0034,0.0002
LFHPKGDB_02488,Cytoplasmic,0.0022,0.0151,0.7549,0.0146,0.0700,0.1432
LFHPKGDB_02489,Cytoplasmic,0.0003,0.0014,0.9815,0.0012,0.0142,0.0015
LFHPKGDB_02490,Cytoplasmic,0.0001,0.0027,0.9790,0.0173,0.0009,0.0001
LFHPKGDB_02491,Cytoplasmic Membrane,0.0000,0.0018,0.0002,0.9963,0.0017,0.0000
LFHPKGDB_02492,Cytoplasmic Membrane,0.0000,0.0000,0.0000,0.9986,0.0014,0.0000
LFHPKGDB_02493,Cytoplasmic,0.0003,0.0332,0.9267,0.0174,0.0213,0.0012
LFHPKGDB_02494,Cytoplasmic Membrane,0.0057,0.1582,0.0035,0.7679,0.0645,0.0002
LFHPKGDB_02495,Cytoplasmic,0.0002,0.0005,0.9852,0.0136,0.0004,0.0001
LFHPKGDB_02496,Cytoplasmic,0.0001,0.0010,0.6574,0.3335,0.0075,0.0005
LFHPKGDB_02497,Cytoplasmic Membrane,0.0000,0.0006,0.0004,0.9953,0.0036,0.0001
LFHPKGDB_02498,Cytoplasmic Membrane,0.0000,0.0036,0.0003,0.9933,0.0026,0.0002
LFHPKGDB_02499,Extracellular,0.0008,0.9919,0.0051,0.0007,0.0004,0.0011
LFHPKGDB_02500,Cytoplasmic,0.0000,0.0000,0.9976,0.0001,0.0022,0.0002
LFHPKGDB_02501,Cytoplasmic,0.0024,0.2982,0.4363,0.0104,0.2512,0.0016
LFHPKGDB_02502,Cytoplasmic,0.0006,0.0055,0.8392,0.1389,0.0155,0.0003
LFHPKGDB_02503,Cytoplasmic,0.0001,0.0002,0.9990,0.0002,0.0002,0.0004
LFHPKGDB_02504,Cytoplasmic Membrane,0.0004,0.0010,0.2600,0.7108,0.0277,0.0001
LFHPKGDB_02505,Cytoplasmic Membrane,0.0000,0.0000,0.0000,0.9998,0.0001,0.0000
LFHPKGDB_02506,Cytoplasmic Membrane,0.0119,0.0306,0.0003,0.7019,0.2412,0.0141
LFHPKGDB_02507,Cytoplasmic,0.0000,0.0005,0.9914,0.0002,0.0076,0.0002
LFHPKGDB_02508,Cytoplasmic,0.0004,0.0068,0.9725,0.0062,0.0084,0.0058
LFHPKGDB_02509,Cytoplasmic,0.0001,0.3376,0.4428,0.0059,0.2091,0.0045
LFHPKGDB_02510,Cytoplasmic,0.0004,0.0179,0.9433,0.0311,0.0069,0.0004
LFHPKGDB_02511,Cytoplasmic,0.0001,0.0230,0.9397,0.0010,0.0096,0.0266
LFHPKGDB_02512,Cytoplasmic Membrane,0.0000,0.0001,0.0000,0.9985,0.0014,0.0000
LFHPKGDB_02513,Cytoplasmic,0.0002,0.0020,0.9877,0.0055,0.0045,0.0001
LFHPKGDB_02514,Cytoplasmic Membrane,0.1037,0.3558,0.0020,0.4846,0.0518,0.0020
LFHPKGDB_02515,Cytoplasmic,0.0001,0.0148,0.9643,0.0067,0.0141,0.0000
LFHPKGDB_02516,Cytoplasmic Membrane,0.0000,0.0001,0.0010,0.9971,0.0018,0.0000
LFHPKGDB_02517,Cytoplasmic,0.0001,0.0001,0.9632,0.0183,0.0182,0.0001
LFHPKGDB_02518,Cytoplasmic,0.0003,0.0018,0.9491,0.0199,0.0286,0.0003
LFHPKGDB_02519,Cytoplasmic,0.0004,0.1230,0.5567,0.2625,0.0406,0.0169
LFHPKGDB_02520,Cytoplasmic,0.0003,0.2728,0.6374,0.0008,0.0150,0.0738
LFHPKGDB_02521,Cytoplasmic,0.0001,0.0083,0.9541,0.0038,0.0286,0.0051
LFHPKGDB_02522,Cytoplasmic,0.0002,0.0032,0.9669,0.0129,0.0166,0.0003
LFHPKGDB_02523,Cytoplasmic,0.0008,0.0035,0.9127,0.0473,0.0356,0.0001
LFHPKGDB_02524,Cytoplasmic,0.0000,0.0049,0.9581,0.0228,0.0032,0.0109
LFHPKGDB_02525,Extracellular,0.0005,0.4881,0.3139,0.1407,0.0493,0.0075
LFHPKGDB_02526,Cell wall & surface,0.7281,0.2181,0.0023,0.0343,0.0142,0.0031
LFHPKGDB_02527,Cytoplasmic,0.0004,0.2998,0.6443,0.0083,0.0279,0.0193
LFHPKGDB_02528,Cytoplasmic,0.0000,0.0020,0.9762,0.0209,0.0009,0.0000
LFHPKGDB_02529,Outer Membrane,0.0020,0.0756,0.0010,0.3647,0.4306,0.1261
LFHPKGDB_02530,Cytoplasmic Membrane,0.0000,0.0000,0.0000,1.0000,0.0000,0.0000
LFHPKGDB_02531,Cytoplasmic Membrane,0.0000,0.0000,0.0000,0.9999,0.0001,0.0000
LFHPKGDB_02532,Cytoplasmic,0.0000,0.0067,0.9613,0.0012,0.0268,0.0039
LFHPKGDB_02533,Cytoplasmic,0.0000,0.0001,0.9703,0.0136,0.0155,0.0005
LFHPKGDB_02534,Cytoplasmic,0.0000,0.0002,0.9903,0.0070,0.0020,0.0005
LFHPKGDB_02535,Cytoplasmic Membrane,0.0000,0.0000,0.0000,0.9997,0.0002,0.0000
LFHPKGDB_02536,Cytoplasmic,0.0000,0.0001,0.9922,0.0035,0.0041,0.0001
LFHPKGDB_02537,Cytoplasmic,0.0000,0.0002,0.9708,0.0051,0.0219,0.0020
LFHPKGDB_02538,Cytoplasmic,0.0001,0.0020,0.8903,0.0363,0.0601,0.0113
LFHPKGDB_02539,Cytoplasmic,0.0001,0.0001,0.9747,0.0010,0.0233,0.0008
LFHPKGDB_02540,Cytoplasmic,0.0005,0.0042,0.9778,0.0073,0.0100,0.0001
LFHPKGDB_02541,Cytoplasmic,0.0008,0.0419,0.9294,0.0230,0.0047,0.0002
LFHPKGDB_02542,Cytoplasmic Membrane,0.0002,0.0011,0.0001,0.9952,0.0034,0.0000
LFHPKGDB_02543,Cytoplasmic,0.0001,0.0000,0.9913,0.0021,0.0065,0.0000
LFHPKGDB_02544,Cytoplasmic,0.0019,0.2246,0.7204,0.0109,0.0263,0.0159
LFHPKGDB_02545,Cytoplasmic,0.0006,0.2484,0.5753,0.0446,0.1271,0.0039
LFHPKGDB_02546,Cytoplasmic,0.0008,0.2245,0.6882,0.0364,0.0182,0.0318
LFHPKGDB_02547,Cytoplasmic,0.0095,0.3965,0.3993,0.0278,0.0250,0.1418
LFHPKGDB_02548,Extracellular,0.0409,0.6126,0.1520,0.0571,0.0962,0.0412
LFHPKGDB_02549,Cytoplasmic,0.0001,0.3302,0.4273,0.0298,0.2008,0.0118
LFHPKGDB_02550,Cytoplasmic,0.0000,0.0001,0.9972,0.0000,0.0021,0.0006
LFHPKGDB_02551,Cytoplasmic,0.0002,0.0264,0.9636,0.0030,0.0060,0.0007
LFHPKGDB_02552,Cytoplasmic,0.0000,0.0008,0.9974,0.0002,0.0015,0.0001
LFHPKGDB_02553,Cytoplasmic,0.0010,0.0006,0.9678,0.0293,0.0011,0.0002
LFHPKGDB_02554,Cytoplasmic,0.0001,0.0001,0.9890,0.0018,0.0090,0.0000
LFHPKGDB_02555,Cytoplasmic,0.0002,0.0021,0.9911,0.0030,0.0021,0.0015
LFHPKGDB_02556,Cytoplasmic,0.0000,0.0000,0.9985,0.0012,0.0002,0.0000
LFHPKGDB_02557,Cytoplasmic Membrane,0.0008,0.0435,0.0000,0.9504,0.0053,0.0000
LFHPKGDB_02558,Cytoplasmic,0.0000,0.0005,0.9981,0.0002,0.0005,0.0006
LFHPKGDB_02559,Cytoplasmic Membrane,0.0000,0.0000,0.0001,0.9994,0.0004,0.0000
LFHPKGDB_02560,Cytoplasmic,0.0006,0.0081,0.9611,0.0107,0.0193,0.0002
LFHPKGDB_02561,Cytoplasmic,0.0005,0.0159,0.8682,0.0187,0.0964,0.0003
LFHPKGDB_02562,Cytoplasmic Membrane,0.0453,0.1070,0.0021,0.4875,0.1995,0.1586
LFHPKGDB_02563,Cytoplasmic Membrane,0.0000,0.0000,0.0000,0.9985,0.0015,0.0000
LFHPKGDB_02564,Cytoplasmic Membrane,0.0000,0.0000,0.0000,0.9999,0.0001,0.0000
LFHPKGDB_02565,Cytoplasmic Membrane,0.0001,0.0002,0.0748,0.8992,0.0256,0.0002
LFHPKGDB_02566,Cytoplasmic Membrane,0.0000,0.0001,0.0961,0.8974,0.0063,0.0001
LFHPKGDB_02567,Cytoplasmic,0.0001,0.0048,0.9617,0.0054,0.0215,0.0066
LFHPKGDB_02568,Cytoplasmic,0.0001,0.0039,0.9905,0.0006,0.0042,0.0006
LFHPKGDB_02569,Cytoplasmic,0.0005,0.0405,0.8796,0.0030,0.0641,0.0123
LFHPKGDB_02570,Cytoplasmic,0.0002,0.0048,0.9552,0.0097,0.0295,0.0006
LFHPKGDB_02571,Cytoplasmic,0.0000,0.0009,0.9768,0.0023,0.0070,0.0130
LFHPKGDB_02572,Cytoplasmic,0.0001,0.0035,0.9494,0.0010,0.0447,0.0013
LFHPKGDB_02573,Cytoplasmic,0.0002,0.0077,0.9840,0.0006,0.0060,0.0015
LFHPKGDB_02574,Cytoplasmic,0.0000,0.0025,0.9242,0.0596,0.0124,0.0014
LFHPKGDB_02575,Cytoplasmic Membrane,0.0001,0.0056,0.0000,0.9092,0.0851,0.0000
LFHPKGDB_02576,Cytoplasmic Membrane,0.0000,0.0000,0.0002,0.9993,0.0004,0.0000
LFHPKGDB_02577,Cytoplasmic,0.0001,0.0019,0.9795,0.0087,0.0075,0.0022
LFHPKGDB_02578,Cytoplasmic,0.0001,0.0008,0.7674,0.1128,0.1154,0.0035
LFHPKGDB_02579,Cytoplasmic Membrane,0.0000,0.0000,0.0000,1.0000,0.0000,0.0000
LFHPKGDB_02580,Cytoplasmic,0.0000,0.0154,0.9804,0.0009,0.0031,0.0002
LFHPKGDB_02581,Cytoplasmic Membrane,0.0009,0.2728,0.1173,0.5888,0.0159,0.0043
LFHPKGDB_02582,Cytoplasmic Membrane,0.0100,0.1130,0.0004,0.7011,0.1206,0.0549
LFHPKGDB_02583,Extracellular,0.0001,0.4585,0.3760,0.0001,0.1646,0.0007
LFHPKGDB_02584,Cytoplasmic Membrane,0.0000,0.0000,0.0000,0.9999,0.0001,0.0000
LFHPKGDB_02585,Cytoplasmic Membrane,0.0000,0.0000,0.0000,0.9998,0.0002,0.0000
LFHPKGDB_02586,Cytoplasmic,0.0000,0.0008,0.9953,0.0016,0.0022,0.0000
LFHPKGDB_02587,Cytoplasmic Membrane,0.0001,0.0003,0.0002,0.9929,0.0065,0.0000
LFHPKGDB_02588,Cytoplasmic,0.0000,0.0130,0.9344,0.0061,0.0046,0.0419
LFHPKGDB_02589,Cytoplasmic,0.0002,0.2746,0.5860,0.0182,0.0161,0.1050
LFHPKGDB_02590,Cytoplasmic,0.0000,0.0045,0.9848,0.0033,0.0070,0.0004
LFHPKGDB_02591,Cytoplasmic,0.0004,0.0102,0.9588,0.0199,0.0094,0.0012
LFHPKGDB_02592,Cytoplasmic,0.0001,0.0054,0.8421,0.0218,0.0916,0.0391
LFHPKGDB_02593,Cytoplasmic,0.0001,0.0097,0.9316,0.0041,0.0232,0.0313
LFHPKGDB_02594,Cytoplasmic,0.0000,0.0034,0.9796,0.0050,0.0106,0.0014
LFHPKGDB_02595,Cytoplasmic Membrane,0.0000,0.0000,0.0000,0.9992,0.0008,0.0000
LFHPKGDB_02596,Cytoplasmic Membrane,0.0000,0.0001,0.0000,0.9990,0.0009,0.0000
LFHPKGDB_02597,Extracellular,0.0001,0.4679,0.3907,0.0053,0.1354,0.0006
LFHPKGDB_02598,Cytoplasmic,0.0000,0.0000,0.9947,0.0000,0.0050,0.0001
LFHPKGDB_02599,Cytoplasmic,0.0001,0.0009,0.9863,0.0072,0.0055,0.0000
LFHPKGDB_02600,Cytoplasmic,0.0003,0.0031,0.8968,0.0194,0.0646,0.0158
LFHPKGDB_02601,Cytoplasmic,0.0000,0.0057,0.9825,0.0076,0.0041,0.0001
LFHPKGDB_02602,Cytoplasmic Membrane,0.0257,0.1309,0.0016,0.6270,0.1439,0.0709
LFHPKGDB_02603,Cytoplasmic Membrane,0.0000,0.0000,0.0000,0.9998,0.0001,0.0000
LFHPKGDB_02604,Cytoplasmic Membrane,0.0000,0.0000,0.0000,0.9999,0.0001,0.0000
LFHPKGDB_02605,Cytoplasmic,0.0007,0.0380,0.9515,0.0005,0.0040,0.0053
LFHPKGDB_02606,Cytoplasmic,0.0001,0.0039,0.9912,0.0030,0.0010,0.0008
LFHPKGDB_02607,Cytoplasmic,0.0004,0.1151,0.7639,0.0016,0.1037,0.0154
LFHPKGDB_02608,Cytoplasmic,0.0001,0.0127,0.9830,0.0017,0.0006,0.0020
LFHPKGDB_02609,Cytoplasmic Membrane,0.0000,0.0000,0.0000,0.9996,0.0004,0.0000
LFHPKGDB_02610,Cytoplasmic Membrane,0.0000,0.0001,0.0000,0.9995,0.0004,0.0000
LFHPKGDB_02611,Cytoplasmic,0.0002,0.0024,0.9789,0.0011,0.0163,0.0011
LFHPKGDB_02612,Cytoplasmic,0.0001,0.0002,0.9617,0.0246,0.0128,0.0006
LFHPKGDB_02613,Cytoplasmic,0.0001,0.0469,0.9492,0.0004,0.0026,0.0008
LFHPKGDB_02614,Cytoplasmic,0.0020,0.1135,0.7430,0.0054,0.1180,0.0182
LFHPKGDB_02615,Cytoplasmic Membrane,0.0075,0.1291,0.0040,0.7761,0.0831,0.0003
LFHPKGDB_02616,Cytoplasmic,0.0001,0.0052,0.9867,0.0068,0.0012,0.0000
LFHPKGDB_02617,Cytoplasmic Membrane,0.0180,0.1732,0.0025,0.6399,0.1640,0.0024
LFHPKGDB_02618,Cytoplasmic Membrane,0.0000,0.0000,0.0000,0.9998,0.0001,0.0000
LFHPKGDB_02619,Cytoplasmic Membrane,0.0001,0.0059,0.0005,0.9914,0.0021,0.0000
LFHPKGDB_02620,Cell wall & surface,0.5056,0.2355,0.0050,0.1889,0.0630,0.0020
LFHPKGDB_02621,Cytoplasmic Membrane,0.0515,0.2366,0.0427,0.6360,0.0328,0.0004
LFHPKGDB_02622,Cytoplasmic Membrane,0.0000,0.0008,0.0001,0.9981,0.0010,0.0000
LFHPKGDB_02623,Cytoplasmic Membrane,0.0000,0.0250,0.0001,0.9664,0.0085,0.0000
LFHPKGDB_02624,Cytoplasmic Membrane,0.0182,0.1604,0.0016,0.7898,0.0299,0.0001
LFHPKGDB_02625,Cytoplasmic Membrane,0.0002,0.0685,0.0458,0.8804,0.0050,0.0001
LFHPKGDB_02626,Cytoplasmic Membrane,0.0001,0.0049,0.1040,0.8697,0.0204,0.0009
LFHPKGDB_02627,Cytoplasmic,0.0001,0.0118,0.9609,0.0175,0.0093,0.0005
LFHPKGDB_02628,Cytoplasmic,0.0004,0.0714,0.8557,0.0718,0.0006,0.0001
LFHPKGDB_02629,Cytoplasmic,0.0000,0.0005,0.9967,0.0027,0.0001,0.0000
LFHPKGDB_02630,Extracellular,0.0015,0.9894,0.0008,0.0003,0.0061,0.0019
LFHPKGDB_02631,Extracellular,0.0001,0.9986,0.0004,0.0001,0.0004,0.0004
LFHPKGDB_02632,Extracellular,0.0018,0.7924,0.1764,0.0260,0.0028,0.0007
LFHPKGDB_02633,Extracellular,0.0000,0.9907,0.0059,0.0017,0.0007,0.0010
LFHPKGDB_02634,Extracellular,0.0000,0.9993,0.0004,0.0000,0.0002,0.0001
LFHPKGDB_02635,Extracellular,0.0031,0.9204,0.0545,0.0117,0.0102,0.0001
LFHPKGDB_02636,Cytoplasmic Membrane,0.0001,0.0008,0.0001,0.9809,0.0181,0.0000
LFHPKGDB_02637,Cytoplasmic,0.0002,0.0040,0.7495,0.0387,0.2070,0.0006
LFHPKGDB_02638,Cytoplasmic Membrane,0.0001,0.0083,0.0011,0.9832,0.0068,0.0005
LFHPKGDB_02639,Extracellular,0.0000,0.4786,0.4301,0.0780,0.0126,0.0007
LFHPKGDB_02640,Extracellular,0.0000,0.9983,0.0000,0.0006,0.0011,0.0000
LFHPKGDB_02641,Cytoplasmic,0.0000,0.0013,0.9960,0.0026,0.0001,0.0000
LFHPKGDB_02642,Cytoplasmic,0.0000,0.0023,0.9890,0.0003,0.0078,0.0005
LFHPKGDB_02643,Cytoplasmic,0.0001,0.0027,0.8674,0.0310,0.0917,0.0070
LFHPKGDB_02644,Cytoplasmic,0.0000,0.0029,0.9757,0.0028,0.0175,0.0010
LFHPKGDB_02645,Cytoplasmic,0.0000,0.0113,0.9819,0.0010,0.0048,0.0009
LFHPKGDB_02646,Cytoplasmic,0.0000,0.0001,0.9991,0.0007,0.0001,0.0000
LFHPKGDB_02647,Cytoplasmic,0.0001,0.0026,0.8413,0.0511,0.1027,0.0023
LFHPKGDB_02648,Cytoplasmic,0.0001,0.0740,0.8926,0.0138,0.0117,0.0079
LFHPKGDB_02649,Cytoplasmic,0.0004,0.0130,0.9704,0.0138,0.0019,0.0005
LFHPKGDB_02650,Cytoplasmic,0.0000,0.0002,0.9991,0.0002,0.0003,0.0001
LFHPKGDB_02651,Cytoplasmic,0.0000,0.0057,0.9853,0.0003,0.0055,0.0032
LFHPKGDB_02652,Cytoplasmic Membrane,0.0000,0.0000,0.0000,0.9996,0.0004,0.0000
LFHPKGDB_02653,Cytoplasmic,0.0000,0.0000,0.9979,0.0005,0.0015,0.0000
LFHPKGDB_02654,Cytoplasmic Membrane,0.0034,0.0208,0.0215,0.9431,0.0111,0.0002
LFHPKGDB_02655,Cytoplasmic Membrane,0.0006,0.0005,0.1433,0.8343,0.0209,0.0004
LFHPKGDB_02656,Cytoplasmic Membrane,0.0004,0.0051,0.0007,0.9925,0.0013,0.0000
LFHPKGDB_02657,Cytoplasmic,0.0000,0.0002,0.9940,0.0003,0.0053,0.0001
LFHPKGDB_02658,Cytoplasmic,0.0000,0.0048,0.8705,0.0966,0.0234,0.0046
LFHPKGDB_02659,Cytoplasmic,0.0000,0.0000,0.9994,0.0002,0.0004,0.0001
LFHPKGDB_02660,Cytoplasmic,0.0003,0.0003,0.9793,0.0168,0.0031,0.0001
LFHPKGDB_02661,Cytoplasmic Membrane,0.0009,0.0393,0.0001,0.7110,0.2461,0.0027
LFHPKGDB_02662,Cytoplasmic,0.0000,0.0006,0.9934,0.0011,0.0040,0.0009
LFHPKGDB_02663,Cytoplasmic Membrane,0.0000,0.0001,0.0004,0.9950,0.0044,0.0000
LFHPKGDB_02664,Cytoplasmic Membrane,0.0000,0.0002,0.0002,0.9948,0.0047,0.0001
LFHPKGDB_02665,Cytoplasmic,0.0001,0.0227,0.9591,0.0150,0.0025,0.0005
LFHPKGDB_02666,Cytoplasmic,0.0001,0.0015,0.9960,0.0005,0.0016,0.0003
LFHPKGDB_02667,Cytoplasmic,0.0000,0.0022,0.9968,0.0007,0.0001,0.0001
LFHPKGDB_02668,Cytoplasmic Membrane,0.0000,0.0000,0.0000,0.9987,0.0013,0.0000
LFHPKGDB_02669,Cytoplasmic Membrane,0.0000,0.0002,0.0001,0.9918,0.0078,0.0001
LFHPKGDB_02670,Cytoplasmic,0.0001,0.0013,0.9915,0.0043,0.0025,0.0003
LFHPKGDB_02671,Cytoplasmic,0.0003,0.0010,0.9310,0.0020,0.0653,0.0004
LFHPKGDB_02672,Cytoplasmic,0.0002,0.0071,0.9891,0.0007,0.0028,0.0002
LFHPKGDB_02673,Cytoplasmic,0.0000,0.0008,0.9793,0.0002,0.0175,0.0021
LFHPKGDB_02674,Cytoplasmic,0.0001,0.0025,0.9756,0.0001,0.0193,0.0025
LFHPKGDB_02675,Cytoplasmic,0.0001,0.0002,0.9969,0.0005,0.0022,0.0002
LFHPKGDB_02676,Cytoplasmic,0.0002,0.0024,0.9516,0.0031,0.0418,0.0009
LFHPKGDB_02677,Cytoplasmic,0.0005,0.3758,0.5104,0.0650,0.0278,0.0205
LFHPKGDB_02678,Cytoplasmic,0.0004,0.0369,0.8881,0.0010,0.0661,0.0076
LFHPKGDB_02679,Cytoplasmic,0.0005,0.0458,0.9068,0.0356,0.0110,0.0003
LFHPKGDB_02680,Cytoplasmic Membrane,0.0211,0.1501,0.0003,0.7130,0.0568,0.0587
LFHPKGDB_02681,Cytoplasmic Membrane,0.0000,0.0000,0.0000,0.9999,0.0001,0.0000
LFHPKGDB_02682,Cytoplasmic Membrane,0.0000,0.0000,0.0001,0.9997,0.0002,0.0000
LFHPKGDB_02683,Cytoplasmic,0.0001,0.0090,0.8022,0.1124,0.0537,0.0226
LFHPKGDB_02684,Cytoplasmic,0.0000,0.0017,0.9538,0.0133,0.0248,0.0064
LFHPKGDB_02685,Cytoplasmic,0.0000,0.0000,0.9738,0.0084,0.0171,0.0007
LFHPKGDB_02686,Cytoplasmic Membrane,0.0001,0.0368,0.0015,0.9472,0.0143,0.0001
LFHPKGDB_02687,Cytoplasmic,0.0000,0.0002,0.7816,0.0002,0.2171,0.0009
LFHPKGDB_02688,Cytoplasmic,0.0002,0.0569,0.8975,0.0288,0.0158,0.0008
LFHPKGDB_02689,Cytoplasmic,0.0000,0.0006,0.9984,0.0006,0.0003,0.0000
LFHPKGDB_02690,Cytoplasmic Membrane,0.0000,0.0003,0.0006,0.9968,0.0021,0.0000
LFHPKGDB_02691,Cytoplasmic,0.0000,0.0000,0.9973,0.0003,0.0015,0.0008
LFHPKGDB_02692,Cytoplasmic,0.0000,0.0001,0.9981,0.0011,0.0006,0.0001
LFHPKGDB_02693,Cytoplasmic,0.0001,0.0004,0.9980,0.0011,0.0004,0.0000
LFHPKGDB_02694,Cytoplasmic Membrane,0.0002,0.0003,0.1842,0.7293,0.0848,0.0012
LFHPKGDB_02695,Cytoplasmic,0.0000,0.0003,0.9897,0.0045,0.0053,0.0002
LFHPKGDB_02696,Cytoplasmic,0.0012,0.0039,0.9600,0.0163,0.0183,0.0003
LFHPKGDB_02697,Cytoplasmic Membrane,0.0028,0.1638,0.0010,0.7515,0.0808,0.0000
LFHPKGDB_02698,Cytoplasmic Membrane,0.0373,0.1565,0.0273,0.6118,0.1488,0.0184
LFHPKGDB_02699,Cytoplasmic,0.0002,0.0002,0.9800,0.0069,0.0122,0.0006
LFHPKGDB_02700,Cytoplasmic,0.0011,0.0123,0.8519,0.0110,0.1204,0.0033
LFHPKGDB_02701,Cytoplasmic Membrane,0.0002,0.0003,0.0000,0.9979,0.0016,0.0000
LFHPKGDB_02702,Cytoplasmic,0.0000,0.0003,0.9960,0.0008,0.0028,0.0001
LFHPKGDB_02703,Cytoplasmic,0.0002,0.0025,0.9903,0.0044,0.0018,0.0009
LFHPKGDB_02704,Cytoplasmic Membrane,0.0000,0.0002,0.0952,0.8773,0.0270,0.0002
LFHPKGDB_02705,Cytoplasmic Membrane,0.0000,0.0000,0.0000,0.9998,0.0002,0.0000
LFHPKGDB_02706,Cytoplasmic Membrane,0.0000,0.0000,0.0000,0.9995,0.0004,0.0000
LFHPKGDB_02707,Cytoplasmic Membrane,0.0131,0.0633,0.0001,0.6347,0.2765,0.0124
LFHPKGDB_02708,Cytoplasmic Membrane,0.0002,0.0045,0.0004,0.9890,0.0056,0.0003
LFHPKGDB_02709,Cytoplasmic,0.0016,0.0102,0.8137,0.1508,0.0212,0.0025
LFHPKGDB_02710,Cytoplasmic Membrane,0.0007,0.0019,0.4242,0.4591,0.1132,0.0008
LFHPKGDB_02711,Cytoplasmic,0.0003,0.0035,0.3846,0.3599,0.2468,0.0048
LFHPKGDB_02712,Cytoplasmic,0.0005,0.0080,0.9858,0.0049,0.0007,0.0001
LFHPKGDB_02713,Cytoplasmic,0.0000,0.0001,0.9881,0.0084,0.0032,0.0001
LFHPKGDB_02714,Cytoplasmic Membrane,0.0001,0.0222,0.0000,0.9472,0.0302,0.0003
LFHPKGDB_02715,Cytoplasmic Membrane,0.0000,0.0001,0.0001,0.9983,0.0016,0.0000
LFHPKGDB_02716,Cytoplasmic,0.0003,0.0018,0.7885,0.2051,0.0033,0.0010
LFHPKGDB_02717,Cytoplasmic,0.0000,0.0007,0.9625,0.0346,0.0021,0.0001
LFHPKGDB_02718,Cytoplasmic,0.0000,0.0001,0.9992,0.0002,0.0002,0.0003
LFHPKGDB_02719,Extracellular,0.0012,0.6146,0.3013,0.0122,0.0524,0.0185
LFHPKGDB_02720,Cytoplasmic,0.0023,0.0032,0.9533,0.0023,0.0143,0.0246
LFHPKGDB_02722,Cytoplasmic,0.0003,0.0074,0.9436,0.0046,0.0440,0.0001
LFHPKGDB_02723,Cytoplasmic Membrane,0.0000,0.0932,0.0009,0.8909,0.0150,0.0000
LFHPKGDB_02724,Cytoplasmic,0.0001,0.4215,0.5077,0.0271,0.0431,0.0005
LFHPKGDB_02725,Cytoplasmic,0.0006,0.1276,0.7295,0.0587,0.0828,0.0008
LFHPKGDB_02726,Cytoplasmic Membrane,0.0000,0.0001,0.0148,0.9636,0.0213,0.0001
LFHPKGDB_02727,Extracellular,0.0005,0.9559,0.0002,0.0378,0.0057,0.0000
LFHPKGDB_02728,Extracellular,0.0000,0.6021,0.0000,0.3818,0.0160,0.0000
LFHPKGDB_02729,Cytoplasmic Membrane,0.0000,0.0169,0.0000,0.9808,0.0023,0.0000
LFHPKGDB_02730,Cytoplasmic Membrane,0.0025,0.1442,0.0787,0.7428,0.0318,0.0001
LFHPKGDB_02731,Cytoplasmic,0.0005,0.0214,0.6484,0.0087,0.3144,0.0066
LFHPKGDB_02732,Cytoplasmic,0.0001,0.2814,0.3747,0.2385,0.1051,0.0002
LFHPKGDB_02733,Cytoplasmic,0.0002,0.0055,0.8928,0.0024,0.0990,0.0002
LFHPKGDB_02734,Cytoplasmic,0.0012,0.3993,0.5190,0.0472,0.0330,0.0004
LFHPKGDB_02735,Cytoplasmic,0.0002,0.0169,0.8653,0.1061,0.0110,0.0005
LFHPKGDB_02736,Cytoplasmic,0.0004,0.0092,0.9639,0.0050,0.0213,0.0002
LFHPKGDB_02737,Cytoplasmic Membrane,0.0001,0.1865,0.0018,0.7452,0.0665,0.0000
LFHPKGDB_02738,Cytoplasmic,0.0004,0.0594,0.9205,0.0028,0.0162,0.0007
LFHPKGDB_02739,Cytoplasmic,0.0002,0.0243,0.7534,0.0867,0.1307,0.0047
LFHPKGDB_02740,Cytoplasmic,0.0001,0.0015,0.9875,0.0067,0.0031,0.0011
LFHPKGDB_02741,Cytoplasmic,0.0000,0.0000,0.9820,0.0000,0.0179,0.0001
LFHPKGDB_02742,Cytoplasmic Membrane,0.0000,0.0000,0.0000,0.9996,0.0004,0.0000
LFHPKGDB_02743,Cytoplasmic Membrane,0.0000,0.0000,0.0000,0.9990,0.0010,0.0000
LFHPKGDB_02744,Cytoplasmic,0.0008,0.0130,0.9356,0.0121,0.0380,0.0005
LFHPKGDB_02745,Cytoplasmic Membrane,0.0000,0.0031,0.0004,0.9897,0.0068,0.0000
LFHPKGDB_02746,Cytoplasmic Membrane,0.0106,0.1214,0.0027,0.4592,0.2252,0.1808
LFHPKGDB_02747,Cytoplasmic Membrane,0.0000,0.0000,0.0000,0.9999,0.0001,0.0000
LFHPKGDB_02748,Cytoplasmic Membrane,0.0000,0.0000,0.0000,0.9995,0.0004,0.0000
LFHPKGDB_02749,Cytoplasmic,0.0001,0.0290,0.6250,0.0711,0.0778,0.1970
LFHPKGDB_02750,Cytoplasmic Membrane,0.0552,0.3223,0.0146,0.3240,0.1539,0.1301
LFHPKGDB_02751,Cytoplasmic,0.0001,0.0007,0.8562,0.0009,0.1407,0.0014
LFHPKGDB_02752,Cytoplasmic Membrane,0.0004,0.0080,0.0001,0.9832,0.0083,0.0000
LFHPKGDB_02753,Extracellular,0.0004,0.8927,0.0741,0.0002,0.0088,0.0238
LFHPKGDB_02754,Cytoplasmic,0.0001,0.0014,0.9938,0.0008,0.0036,0.0003
LFHPKGDB_02755,Cytoplasmic Membrane,0.0000,0.0000,0.0000,0.9998,0.0002,0.0000
LFHPKGDB_02756,Cytoplasmic,0.0000,0.0004,0.9923,0.0010,0.0052,0.0012
LFHPKGDB_02757,Cytoplasmic,0.0002,0.0192,0.9791,0.0011,0.0005,0.0000
LFHPKGDB_02758,Cytoplasmic Membrane,0.0001,0.0054,0.1411,0.8531,0.0004,0.0000
LFHPKGDB_02759,Cytoplasmic,0.0001,0.0050,0.9837,0.0098,0.0008,0.0005
LFHPKGDB_02760,Cytoplasmic,0.0002,0.0007,0.8474,0.1414,0.0102,0.0003
LFHPKGDB_02761,Cytoplasmic Membrane,0.0000,0.0000,0.0001,0.9998,0.0001,0.0000
LFHPKGDB_02762,Cytoplasmic Membrane,0.0012,0.0192,0.0023,0.9743,0.0029,0.0000
LFHPKGDB_02763,Extracellular,0.0000,0.6159,0.0000,0.3828,0.0012,0.0000
LFHPKGDB_02764,Cytoplasmic Membrane,0.0010,0.2564,0.1208,0.6064,0.0150,0.0004
LFHPKGDB_02765,Cytoplasmic Membrane,0.0053,0.2628,0.1903,0.5104,0.0299,0.0013
LFHPKGDB_02766,Cytoplasmic Membrane,0.0000,0.0020,0.1124,0.8854,0.0002,0.0000
LFHPKGDB_02767,Cytoplasmic Membrane,0.0004,0.0578,0.1002,0.8362,0.0054,0.0000
LFHPKGDB_02768,Cytoplasmic Membrane,0.0032,0.0432,0.0408,0.8969,0.0158,0.0001
LFHPKGDB_02769,Cytoplasmic Membrane,0.0000,0.0000,0.0003,0.9997,0.0001,0.0000
LFHPKGDB_02770,Cytoplasmic,0.0001,0.0007,0.9778,0.0186,0.0029,0.0001
LFHPKGDB_02771,Cytoplasmic,0.0000,0.0003,0.9903,0.0008,0.0024,0.0062
LFHPKGDB_02772,Cytoplasmic,0.0002,0.0024,0.9462,0.0395,0.0115,0.0003
LFHPKGDB_02773,Cytoplasmic Membrane,0.0002,0.0002,0.4851,0.5107,0.0037,0.0001
LFHPKGDB_02774,Cytoplasmic Membrane,0.0028,0.0033,0.0006,0.9799,0.0132,0.0001
LFHPKGDB_02775,Extracellular,0.0000,0.9989,0.0000,0.0000,0.0011,0.0000
LFHPKGDB_02776,Cytoplasmic,0.0002,0.0013,0.9394,0.0060,0.0519,0.0011
LFHPKGDB_02777,Cytoplasmic,0.0000,0.0012,0.9768,0.0012,0.0177,0.0030
LFHPKGDB_02778,Cytoplasmic,0.0001,0.0069,0.9667,0.0046,0.0102,0.0115
LFHPKGDB_02779,Cytoplasmic,0.0001,0.0013,0.8166,0.1813,0.0005,0.0001
LFHPKGDB_02780,Cytoplasmic,0.0001,0.2512,0.6236,0.0043,0.1174,0.0032
LFHPKGDB_02781,Cytoplasmic,0.0010,0.0081,0.9771,0.0072,0.0063,0.0002
LFHPKGDB_02782,Cytoplasmic Membrane,0.0000,0.0029,0.0001,0.9957,0.0013,0.0000
LFHPKGDB_02783,Cytoplasmic Membrane,0.0044,0.0483,0.0151,0.8828,0.0338,0.0156
LFHPKGDB_02784,Cytoplasmic,0.0001,0.0005,0.9872,0.0039,0.0082,0.0001
LFHPKGDB_02785,Cytoplasmic Membrane,0.0010,0.0117,0.0236,0.9251,0.0383,0.0002
LFHPKGDB_02786,Cytoplasmic Membrane,0.0000,0.0001,0.0727,0.9132,0.0138,0.0002
LFHPKGDB_02787,Cytoplasmic Membrane,0.0000,0.0001,0.0001,0.9996,0.0002,0.0000
LFHPKGDB_02788,Cytoplasmic Membrane,0.0000,0.0008,0.0007,0.9966,0.0019,0.0000
LFHPKGDB_02789,Cytoplasmic Membrane,0.0000,0.0000,0.0000,0.9999,0.0001,0.0000
LFHPKGDB_02790,Cytoplasmic,0.0002,0.0035,0.9258,0.0011,0.0640,0.0053
LFHPKGDB_02791,Extracellular,0.0000,0.9999,0.0000,0.0000,0.0001,0.0000
LFHPKGDB_02792,Cytoplasmic Membrane,0.0091,0.3186,0.0427,0.4639,0.1648,0.0008
LFHPKGDB_02793,Cytoplasmic Membrane,0.0006,0.0011,0.4260,0.5347,0.0374,0.0002
LFHPKGDB_02794,Cytoplasmic Membrane,0.0000,0.0015,0.0005,0.9907,0.0072,0.0001
LFHPKGDB_02795,Cytoplasmic Membrane,0.0000,0.0159,0.0012,0.9770,0.0057,0.0000
LFHPKGDB_02796,Cytoplasmic Membrane,0.0000,0.0026,0.0004,0.9965,0.0005,0.0000
LFHPKGDB_02797,Cytoplasmic,0.0005,0.4479,0.5088,0.0259,0.0112,0.0056
LFHPKGDB_02798,Cytoplasmic Membrane,0.0001,0.0018,0.0025,0.9731,0.0224,0.0001
LFHPKGDB_02799,Cytoplasmic,0.0001,0.0041,0.9876,0.0027,0.0055,0.0000
LFHPKGDB_02800,Extracellular,0.0002,0.4242,0.1809,0.0797,0.3146,0.0003
LFHPKGDB_02801,Outer Membrane,0.0006,0.2120,0.0994,0.2295,0.4100,0.0485
LFHPKGDB_02802,Cytoplasmic Membrane,0.0028,0.3809,0.0019,0.5916,0.0223,0.0005
LFHPKGDB_02803,Cytoplasmic,0.0002,0.0024,0.9708,0.0229,0.0034,0.0002
LFHPKGDB_02804,Cytoplasmic,0.0005,0.0253,0.8743,0.0838,0.0156,0.0005
LFHPKGDB_02805,Cytoplasmic,0.0029,0.0269,0.9350,0.0236,0.0103,0.0013
LFHPKGDB_02806,Extracellular,0.4250,0.5593,0.0004,0.0058,0.0092,0.0003
LFHPKGDB_02807,Cell wall & surface,0.8149,0.0574,0.0001,0.0730,0.0545,0.0000
LFHPKGDB_02808,Cytoplasmic Membrane,0.0000,0.0014,0.0001,0.9945,0.0040,0.0000
LFHPKGDB_02809,Cytoplasmic Membrane,0.0000,0.0036,0.0001,0.9921,0.0041,0.0000
LFHPKGDB_02810,Extracellular,0.1529,0.7731,0.0002,0.0203,0.0225,0.0309
LFHPKGDB_02811,Extracellular,0.0767,0.7150,0.0002,0.1336,0.0151,0.0595
LFHPKGDB_02812,Extracellular,0.0317,0.6927,0.0000,0.2532,0.0214,0.0010
LFHPKGDB_02813,Cytoplasmic Membrane,0.0990,0.0222,0.0002,0.8573,0.0213,0.0000
LFHPKGDB_02814,Cytoplasmic Membrane,0.0925,0.0432,0.0002,0.7790,0.0850,0.0001
LFHPKGDB_02815,Cytoplasmic Membrane,0.0001,0.0029,0.0001,0.9922,0.0047,0.0000
LFHPKGDB_02816,Cytoplasmic,0.0008,0.0156,0.9442,0.0201,0.0076,0.0117
LFHPKGDB_02817,Cytoplasmic Membrane,0.0058,0.1679,0.0006,0.8026,0.0225,0.0007
LFHPKGDB_02818,Cytoplasmic,0.0000,0.0007,0.9721,0.0140,0.0116,0.0015
LFHPKGDB_02819,Cytoplasmic,0.0001,0.0125,0.9852,0.0005,0.0015,0.0001
LFHPKGDB_02820,Cytoplasmic,0.0001,0.0053,0.9722,0.0155,0.0063,0.0006
LFHPKGDB_02821,Cytoplasmic,0.0004,0.0612,0.7991,0.0077,0.0323,0.0993
LFHPKGDB_02822,Cytoplasmic,0.0000,0.0020,0.9923,0.0016,0.0037,0.0004
LFHPKGDB_02823,Cytoplasmic,0.0001,0.0039,0.9950,0.0007,0.0002,0.0001
LFHPKGDB_02824,Cytoplasmic,0.0000,0.0019,0.9830,0.0017,0.0007,0.0127
LFHPKGDB_02825,Cytoplasmic,0.0006,0.0314,0.9603,0.0033,0.0038,0.0005
LFHPKGDB_02826,Cytoplasmic,0.0001,0.0042,0.9724,0.0015,0.0049,0.0169
LFHPKGDB_02827,Cytoplasmic,0.0004,0.0415,0.9065,0.0310,0.0059,0.0146
LFHPKGDB_02828,Cytoplasmic,0.0000,0.0002,0.9829,0.0068,0.0089,0.0012
LFHPKGDB_02829,Cytoplasmic,0.0004,0.1366,0.8417,0.0150,0.0051,0.0012
LFHPKGDB_02830,Cytoplasmic,0.0000,0.0031,0.9835,0.0026,0.0084,0.0024
LFHPKGDB_02831,Cytoplasmic,0.0000,0.0002,0.9992,0.0000,0.0001,0.0004
LFHPKGDB_02832,Cytoplasmic Membrane,0.0000,0.0003,0.0011,0.9984,0.0002,0.0000
LFHPKGDB_02833,Cytoplasmic,0.0002,0.0007,0.8970,0.0017,0.0948,0.0056
LFHPKGDB_02834,Cytoplasmic,0.0001,0.1920,0.7705,0.0272,0.0101,0.0001
LFHPKGDB_02835,Cytoplasmic,0.0001,0.0001,0.9853,0.0049,0.0095,0.0000
LFHPKGDB_02836,Cytoplasmic Membrane,0.0002,0.0342,0.0017,0.9590,0.0048,0.0001
LFHPKGDB_02837,Cytoplasmic,0.0008,0.0014,0.8413,0.1195,0.0311,0.0059
LFHPKGDB_02838,Cytoplasmic Membrane,0.0001,0.0001,0.1507,0.7654,0.0817,0.0020
LFHPKGDB_02839,Cytoplasmic,0.0001,0.0006,0.9655,0.0228,0.0109,0.0000
LFHPKGDB_02840,Extracellular,0.0002,0.5175,0.3417,0.0162,0.1004,0.0240
LFHPKGDB_02841,Cytoplasmic,0.0002,0.0034,0.6902,0.0203,0.2750,0.0109
LFHPKGDB_02842,Cytoplasmic,0.0016,0.0010,0.9823,0.0147,0.0002,0.0002
LFHPKGDB_02843,Cytoplasmic Membrane,0.0000,0.0003,0.0008,0.9983,0.0006,0.0000
LFHPKGDB_02844,Cytoplasmic Membrane,0.0433,0.0230,0.0001,0.7051,0.2094,0.0191
LFHPKGDB_02845,Cytoplasmic,0.0002,0.0002,0.9844,0.0050,0.0102,0.0000
LFHPKGDB_02846,Cytoplasmic Membrane,0.0000,0.0002,0.0004,0.9975,0.0019,0.0000
LFHPKGDB_02847,Cytoplasmic Membrane,0.0000,0.0013,0.0001,0.9960,0.0026,0.0000
LFHPKGDB_02848,Cytoplasmic,0.0001,0.3528,0.6120,0.0019,0.0327,0.0006
LFHPKGDB_02849,Cytoplasmic,0.0004,0.0023,0.9203,0.0122,0.0637,0.0011
LFHPKGDB_02850,Cytoplasmic,0.0001,0.0036,0.7775,0.1412,0.0766,0.0010
LFHPKGDB_02851,Cytoplasmic,0.0001,0.0003,0.9884,0.0053,0.0056,0.0003
LFHPKGDB_02852,Cytoplasmic,0.0003,0.0006,0.4855,0.1828,0.3233,0.0075
LFHPKGDB_02853,Cytoplasmic,0.0005,0.0011,0.4138,0.3408,0.2397,0.0040
LFHPKGDB_02854,Cytoplasmic,0.0004,0.0008,0.8394,0.1282,0.0303,0.0008
LFHPKGDB_02855,Cytoplasmic Membrane,0.0009,0.1132,0.0216,0.4532,0.0465,0.3645
LFHPKGDB_02856,Cytoplasmic,0.0001,0.0010,0.7406,0.1465,0.0035,0.1084
LFHPKGDB_02857,Cytoplasmic,0.0002,0.0166,0.9545,0.0270,0.0005,0.0012
LFHPKGDB_02858,Cytoplasmic,0.0001,0.0017,0.9872,0.0014,0.0034,0.0062
LFHPKGDB_02859,Cytoplasmic,0.0000,0.0083,0.9774,0.0091,0.0011,0.0040
LFHPKGDB_02860,Cytoplasmic,0.0002,0.0076,0.9849,0.0014,0.0032,0.0027
LFHPKGDB_02861,Cytoplasmic Membrane,0.0000,0.0000,0.0000,0.9999,0.0001,0.0000
LFHPKGDB_02862,Cytoplasmic,0.0001,0.0012,0.9973,0.0000,0.0013,0.0001
LFHPKGDB_02863,Extracellular,0.0352,0.4419,0.0159,0.3042,0.1296,0.0731
LFHPKGDB_02864,Cytoplasmic Membrane,0.0000,0.0001,0.0002,0.9987,0.0010,0.0000
LFHPKGDB_02865,Cytoplasmic Membrane,0.0000,0.0063,0.0036,0.9710,0.0185,0.0006
LFHPKGDB_02866,Cytoplasmic,0.0014,0.0278,0.9448,0.0015,0.0237,0.0008
LFHPKGDB_02867,Cytoplasmic Membrane,0.0000,0.0000,0.0000,0.9999,0.0001,0.0000
LFHPKGDB_02868,Cytoplasmic,0.0026,0.0054,0.8817,0.0303,0.0706,0.0094
LFHPKGDB_02869,Cytoplasmic,0.0013,0.0659,0.6531,0.2490,0.0250,0.0057
LFHPKGDB_02870,Cytoplasmic Membrane,0.0000,0.0000,0.0000,0.9999,0.0001,0.0000
LFHPKGDB_02871,Cytoplasmic,0.0009,0.0016,0.8609,0.0055,0.1289,0.0022
LFHPKGDB_02872,Cytoplasmic Membrane,0.0001,0.0560,0.0003,0.9261,0.0175,0.0000
LFHPKGDB_02873,Cytoplasmic,0.0006,0.0013,0.9817,0.0024,0.0137,0.0003
LFHPKGDB_02874,Cytoplasmic,0.0004,0.0038,0.9512,0.0003,0.0442,0.0001
LFHPKGDB_02875,Cytoplasmic Membrane,0.0006,0.2200,0.0005,0.7574,0.0212,0.0004
LFHPKGDB_02876,Extracellular,0.0027,0.8476,0.1467,0.0016,0.0011,0.0004
LFHPKGDB_02877,Cytoplasmic Membrane,0.0011,0.0262,0.0000,0.7248,0.2409,0.0070
LFHPKGDB_02878,Cytoplasmic,0.0007,0.0669,0.7809,0.1337,0.0176,0.0002
LFHPKGDB_02879,Cytoplasmic,0.0002,0.0017,0.9815,0.0010,0.0156,0.0000
LFHPKGDB_02880,Cytoplasmic,0.0008,0.0006,0.9852,0.0017,0.0117,0.0001
LFHPKGDB_02881,Cytoplasmic,0.0003,0.0600,0.9019,0.0296,0.0080,0.0002
LFHPKGDB_02882,Cytoplasmic,0.0001,0.0018,0.9664,0.0107,0.0210,0.0001
LFHPKGDB_02883,Cytoplasmic,0.0003,0.0390,0.9308,0.0222,0.0076,0.0002
LFHPKGDB_02884,Cytoplasmic,0.0121,0.1729,0.6382,0.1730,0.0038,0.0000
LFHPKGDB_02885,Cytoplasmic,0.0001,0.1115,0.6492,0.2262,0.0126,0.0004
LFHPKGDB_02886,Extracellular,0.0005,0.6169,0.2955,0.0806,0.0065,0.0000
LFHPKGDB_02887,Cytoplasmic Membrane,0.0000,0.0061,0.0005,0.9492,0.0440,0.0001
LFHPKGDB_02888,Extracellular,0.0011,0.9471,0.0229,0.0003,0.0285,0.0001
LFHPKGDB_02889,Cytoplasmic,0.0000,0.4151,0.5000,0.0608,0.0238,0.0002
LFHPKGDB_02890,Extracellular,0.0011,0.4964,0.4158,0.0832,0.0034,0.0001
LFHPKGDB_02891,Cytoplasmic,0.0000,0.0010,0.9984,0.0003,0.0002,0.0000
LFHPKGDB_02892,Cytoplasmic,0.0008,0.1609,0.7144,0.1032,0.0188,0.0020
LFHPKGDB_02893,Cytoplasmic,0.0000,0.1554,0.8139,0.0028,0.0276,0.0003
LFHPKGDB_02894,Cytoplasmic,0.0019,0.1721,0.6251,0.1680,0.0324,0.0004
LFHPKGDB_02895,Cytoplasmic,0.0009,0.0573,0.4637,0.2917,0.1862,0.0003
LFHPKGDB_02896,Cytoplasmic,0.0003,0.3339,0.5767,0.0382,0.0508,0.0001
LFHPKGDB_02897,Cytoplasmic,0.0001,0.0044,0.9544,0.0106,0.0304,0.0000
LFHPKGDB_02898,Cytoplasmic,0.0000,0.0015,0.9915,0.0004,0.0066,0.0001
LFHPKGDB_02899,Cytoplasmic,0.0004,0.0038,0.8584,0.0762,0.0607,0.0005
LFHPKGDB_02900,Cytoplasmic,0.0003,0.0069,0.8992,0.0155,0.0779,0.0002
LFHPKGDB_02901,Cytoplasmic,0.0000,0.0009,0.9970,0.0008,0.0011,0.0000
LFHPKGDB_02902,Cytoplasmic,0.0011,0.2533,0.4373,0.2404,0.0656,0.0022
LFHPKGDB_02903,Cytoplasmic,0.0008,0.1821,0.4974,0.0832,0.2358,0.0007
LFHPKGDB_02904,Cytoplasmic,0.0007,0.0546,0.6902,0.0317,0.2183,0.0045
LFHPKGDB_02905,Cytoplasmic,0.0000,0.0068,0.9832,0.0065,0.0033,0.0001
LFHPKGDB_02906,Extracellular,0.0001,0.4177,0.1969,0.3767,0.0081,0.0005
LFHPKGDB_02907,Cytoplasmic,0.0009,0.3195,0.4842,0.1550,0.0401,0.0003
LFHPKGDB_02908,Cytoplasmic,0.0027,0.3815,0.4582,0.1382,0.0187,0.0008
LFHPKGDB_02909,Cytoplasmic,0.0065,0.0194,0.9665,0.0022,0.0053,0.0002
LFHPKGDB_02910,Cytoplasmic,0.0002,0.0271,0.8681,0.0563,0.0481,0.0002
LFHPKGDB_02911,Cytoplasmic,0.0006,0.1131,0.7127,0.1370,0.0364,0.0002
LFHPKGDB_02912,Cytoplasmic,0.0001,0.0531,0.9449,0.0013,0.0007,0.0000
LFHPKGDB_02913,Cytoplasmic,0.0006,0.0511,0.7243,0.1528,0.0691,0.0021
LFHPKGDB_02914,Cytoplasmic Membrane,0.0004,0.0621,0.3474,0.5570,0.0328,0.0002
LFHPKGDB_02915,Cytoplasmic,0.0030,0.0921,0.6923,0.0565,0.1559,0.0002
LFHPKGDB_02916,Cytoplasmic,0.0011,0.3085,0.4439,0.2014,0.0441,0.0010
LFHPKGDB_02917,Cytoplasmic,0.0014,0.0165,0.8736,0.0045,0.1039,0.0002
LFHPKGDB_02918,Cytoplasmic,0.0001,0.0051,0.8272,0.0204,0.1471,0.0002
LFHPKGDB_02919,Cytoplasmic,0.0012,0.0734,0.6726,0.0639,0.1878,0.0012
LFHPKGDB_02920,Cytoplasmic Membrane,0.0002,0.0006,0.0739,0.8812,0.0439,0.0002
LFHPKGDB_02921,Cytoplasmic Membrane,0.0000,0.0000,0.0000,0.9998,0.0002,0.0000
LFHPKGDB_02922,Cytoplasmic Membrane,0.0000,0.0002,0.0001,0.9996,0.0001,0.0000
LFHPKGDB_02923,Cytoplasmic,0.0004,0.2078,0.7472,0.0220,0.0185,0.0041
LFHPKGDB_02924,Cytoplasmic,0.0016,0.0058,0.9615,0.0085,0.0222,0.0004
LFHPKGDB_02925,Cytoplasmic,0.0003,0.0264,0.9265,0.0034,0.0434,0.0000
LFHPKGDB_02926,Cytoplasmic,0.0001,0.0047,0.9476,0.0278,0.0197,0.0000
LFHPKGDB_02927,Cytoplasmic Membrane,0.0001,0.0345,0.0005,0.9553,0.0095,0.0000
LFHPKGDB_02928,Extracellular,0.0000,0.9625,0.0289,0.0065,0.0020,0.0000
LFHPKGDB_02929,Extracellular,0.0017,0.4462,0.2798,0.2643,0.0080,0.0000
LFHPKGDB_02930,Extracellular,0.0002,0.4650,0.3112,0.0184,0.2043,0.0009
LFHPKGDB_02931,Cytoplasmic,0.0007,0.0002,0.9890,0.0078,0.0023,0.0000
LFHPKGDB_02932,Extracellular,0.0002,0.6401,0.2264,0.1241,0.0086,0.0006
LFHPKGDB_02933,Cytoplasmic,0.0001,0.3470,0.6395,0.0099,0.0034,0.0000
LFHPKGDB_02934,Cytoplasmic,0.0002,0.1034,0.8664,0.0167,0.0132,0.0001
LFHPKGDB_02935,Extracellular,0.0001,0.6381,0.3358,0.0222,0.0038,0.0001
LFHPKGDB_02936,Cytoplasmic,0.0002,0.0631,0.8713,0.0618,0.0034,0.0002
LFHPKGDB_02937,Cytoplasmic,0.0012,0.0251,0.8931,0.0124,0.0648,0.0034
LFHPKGDB_02938,Cytoplasmic,0.0009,0.0096,0.9348,0.0315,0.0224,0.0007
LFHPKGDB_02939,Cytoplasmic,0.0004,0.2293,0.5590,0.2002,0.0107,0.0004
LFHPKGDB_02940,Cytoplasmic,0.0005,0.0259,0.5403,0.3462,0.0869,0.0003
LFHPKGDB_02941,Periplasmic,0.0008,0.1406,0.3067,0.0007,0.0089,0.5424
LFHPKGDB_02942,Cytoplasmic,0.0001,0.0063,0.9744,0.0117,0.0071,0.0004
LFHPKGDB_02943,Cytoplasmic Membrane,0.0000,0.0000,0.0000,1.0000,0.0000,0.0000
LFHPKGDB_02944,Cytoplasmic Membrane,0.0000,0.0000,0.0000,0.9998,0.0002,0.0000
LFHPKGDB_02945,Extracellular,0.0247,0.4528,0.0006,0.3367,0.0755,0.1098
LFHPKGDB_02946,Cytoplasmic,0.0001,0.1597,0.8152,0.0012,0.0205,0.0034
LFHPKGDB_02947,Cytoplasmic Membrane,0.0009,0.0510,0.0585,0.6116,0.2773,0.0007
LFHPKGDB_02948,Extracellular,0.0000,0.6728,0.3262,0.0007,0.0002,0.0001
LFHPKGDB_02949,Cytoplasmic,0.0000,0.0048,0.9812,0.0029,0.0104,0.0007
LFHPKGDB_02950,Cytoplasmic,0.0005,0.0547,0.9330,0.0039,0.0078,0.0001
LFHPKGDB_02951,Cytoplasmic Membrane,0.0001,0.0067,0.0008,0.9783,0.0141,0.0000
LFHPKGDB_02952,Cytoplasmic,0.0000,0.0229,0.9628,0.0023,0.0113,0.0006
LFHPKGDB_02953,Cytoplasmic Membrane,0.0000,0.0000,0.0000,0.9999,0.0001,0.0000
LFHPKGDB_02954,Cytoplasmic Membrane,0.0000,0.0000,0.0000,0.9997,0.0002,0.0000
LFHPKGDB_02955,Cytoplasmic Membrane,0.0107,0.1694,0.0092,0.4076,0.2105,0.1927
LFHPKGDB_02956,Cytoplasmic Membrane,0.0000,0.0001,0.0002,0.9993,0.0004,0.0000
LFHPKGDB_02957,Cytoplasmic,0.0015,0.0913,0.8277,0.0238,0.0359,0.0198
LFHPKGDB_02958,Cytoplasmic,0.0000,0.0015,0.9806,0.0157,0.0020,0.0002
LFHPKGDB_02959,Cytoplasmic Membrane,0.0001,0.0002,0.0002,0.9975,0.0020,0.0000
LFHPKGDB_02960,Cytoplasmic,0.0001,0.0002,0.9986,0.0005,0.0006,0.0000
LFHPKGDB_02961,Cytoplasmic Membrane,0.0181,0.0409,0.0009,0.4901,0.1804,0.2697
LFHPKGDB_02962,Cytoplasmic Membrane,0.0000,0.0000,0.0000,0.9999,0.0001,0.0000
LFHPKGDB_02963,Cytoplasmic Membrane,0.0000,0.0000,0.0000,0.9999,0.0001,0.0000
LFHPKGDB_02964,Cytoplasmic,0.0001,0.0617,0.8749,0.0443,0.0097,0.0093
LFHPKGDB_02965,Cytoplasmic,0.0009,0.4414,0.4722,0.0106,0.0418,0.0332
LFHPKGDB_02966,Cytoplasmic,0.0005,0.0101,0.9805,0.0058,0.0031,0.0001
LFHPKGDB_02967,Cytoplasmic,0.0007,0.0129,0.9805,0.0014,0.0044,0.0002
LFHPKGDB_02968,Cytoplasmic,0.0000,0.0086,0.9898,0.0001,0.0010,0.0005
LFHPKGDB_02969,Cytoplasmic,0.0002,0.0037,0.9524,0.0408,0.0028,0.0001
LFHPKGDB_02970,Cytoplasmic Membrane,0.0002,0.0002,0.3720,0.6250,0.0024,0.0001
LFHPKGDB_02971,Cytoplasmic Membrane,0.0000,0.0028,0.0009,0.9940,0.0023,0.0000
LFHPKGDB_02972,Cytoplasmic Membrane,0.0000,0.0002,0.0006,0.9989,0.0004,0.0000
LFHPKGDB_02973,Cytoplasmic,0.0022,0.1186,0.8264,0.0096,0.0389,0.0043
LFHPKGDB_02974,Cytoplasmic,0.0000,0.0130,0.8138,0.1515,0.0174,0.0043
LFHPKGDB_02975,Cytoplasmic,0.0000,0.0005,0.9976,0.0000,0.0017,0.0001
LFHPKGDB_02976,Cytoplasmic,0.0000,0.0096,0.9879,0.0018,0.0005,0.0002
LFHPKGDB_02977,Extracellular,0.0121,0.6147,0.0003,0.2985,0.0736,0.0008
LFHPKGDB_02978,Cytoplasmic,0.0001,0.0622,0.9316,0.0054,0.0006,0.0000
LFHPKGDB_02979,Cytoplasmic Membrane,0.0015,0.0058,0.0001,0.9528,0.0396,0.0002
LFHPKGDB_02980,Extracellular,0.2940,0.6953,0.0023,0.0013,0.0046,0.0024
LFHPKGDB_02981,Cytoplasmic Membrane,0.2206,0.0508,0.0002,0.6481,0.0791,0.0013
LFHPKGDB_02982,Cytoplasmic,0.0007,0.0006,0.8970,0.1004,0.0012,0.0001
LFHPKGDB_02983,Cytoplasmic Membrane,0.0000,0.0003,0.0014,0.9969,0.0014,0.0000
LFHPKGDB_02984,Cytoplasmic Membrane,0.0002,0.0002,0.4202,0.5785,0.0009,0.0000
LFHPKGDB_02985,Cytoplasmic Membrane,0.0001,0.0211,0.0060,0.9682,0.0044,0.0001
LFHPKGDB_02986,Extracellular,0.0000,0.5409,0.4127,0.0035,0.0425,0.0003
LFHPKGDB_02987,Cytoplasmic Membrane,0.0226,0.0513,0.0007,0.7499,0.1029,0.0726
LFHPKGDB_02988,Cytoplasmic Membrane,0.0050,0.0249,0.0002,0.7202,0.1973,0.0525
LFHPKGDB_02989,Cytoplasmic Membrane,0.0000,0.0000,0.0000,0.9999,0.0001,0.0000
LFHPKGDB_02990,Cytoplasmic Membrane,0.0000,0.0000,0.0000,0.9999,0.0001,0.0000
LFHPKGDB_02991,Cytoplasmic Membrane,0.0001,0.0008,0.0005,0.9690,0.0297,0.0000
LFHPKGDB_02992,Cytoplasmic,0.0005,0.0045,0.9642,0.0188,0.0117,0.0003
LFHPKGDB_02993,Cytoplasmic,0.0012,0.1953,0.6709,0.0021,0.0836,0.0470
LFHPKGDB_02994,Cytoplasmic Membrane,0.0430,0.1225,0.0022,0.7232,0.1029,0.0063
LFHPKGDB_02995,Extracellular,0.1150,0.4105,0.0036,0.3751,0.0122,0.0835
LFHPKGDB_02996,Cytoplasmic,0.0000,0.0000,0.9982,0.0003,0.0014,0.0001
LFHPKGDB_02997,Cytoplasmic Membrane,0.0000,0.0010,0.0003,0.9941,0.0044,0.0001
LFHPKGDB_02998,Cytoplasmic Membrane,0.0000,0.0002,0.0002,0.9985,0.0011,0.0000
LFHPKGDB_02999,Cytoplasmic,0.0000,0.0805,0.8302,0.0260,0.0591,0.0042
LFHPKGDB_03000,Cytoplasmic,0.0002,0.1073,0.8670,0.0077,0.0034,0.0144
LFHPKGDB_03001,Cytoplasmic Membrane,0.0000,0.0001,0.0002,0.9960,0.0037,0.0000
LFHPKGDB_03002,Cytoplasmic Membrane,0.0000,0.0000,0.0000,0.9992,0.0008,0.0000
LFHPKGDB_03003,Cytoplasmic Membrane,0.0000,0.0000,0.0000,0.9998,0.0002,0.0000
LFHPKGDB_03004,Cytoplasmic Membrane,0.0017,0.0210,0.0000,0.9628,0.0144,0.0000
LFHPKGDB_03005,Cytoplasmic,0.0000,0.0353,0.8541,0.0089,0.0172,0.0846
LFHPKGDB_03006,Cytoplasmic,0.0003,0.0030,0.8578,0.0263,0.1073,0.0053
LFHPKGDB_03007,Cytoplasmic,0.0000,0.0001,0.9920,0.0003,0.0075,0.0001
LFHPKGDB_03008,Cytoplasmic,0.0002,0.0068,0.9702,0.0109,0.0117,0.0002
LFHPKGDB_03009,Cytoplasmic,0.0000,0.0007,0.9924,0.0043,0.0026,0.0000
LFHPKGDB_03010,Cytoplasmic,0.0001,0.0013,0.9331,0.0011,0.0639,0.0005
LFHPKGDB_03011,Cytoplasmic,0.0000,0.0006,0.9787,0.0003,0.0183,0.0020
LFHPKGDB_03012,Outer Membrane,0.0848,0.0276,0.0000,0.3664,0.5211,0.0001
LFHPKGDB_03013,Cytoplasmic,0.0002,0.0002,0.7432,0.0337,0.2226,0.0001
LFHPKGDB_03014,Cytoplasmic,0.0027,0.0231,0.8861,0.0297,0.0575,0.0009
LFHPKGDB_03015,Cytoplasmic,0.0020,0.0068,0.6671,0.3102,0.0137,0.0003
LFHPKGDB_03016,Cytoplasmic,0.0002,0.0670,0.8600,0.0390,0.0145,0.0193
LFHPKGDB_03017,Cytoplasmic,0.0000,0.0001,0.9714,0.0016,0.0267,0.0002
LFHPKGDB_03018,Cytoplasmic,0.0003,0.0008,0.9764,0.0153,0.0070,0.0002
LFHPKGDB_03019,Cytoplasmic,0.0003,0.0002,0.9843,0.0018,0.0130,0.0004
LFHPKGDB_03020,Cytoplasmic,0.0002,0.0011,0.9844,0.0072,0.0058,0.0014
LFHPKGDB_03021,Cytoplasmic Membrane,0.0000,0.0029,0.0016,0.9940,0.0015,0.0000
LFHPKGDB_03022,Cytoplasmic Membrane,0.0000,0.0002,0.0012,0.9974,0.0012,0.0000
LFHPKGDB_03023,Cytoplasmic Membrane,0.0019,0.0850,0.0025,0.8952,0.0149,0.0005
LFHPKGDB_03024,Cytoplasmic,0.0004,0.0651,0.8737,0.0270,0.0334,0.0004
LFHPKGDB_03025,Cytoplasmic,0.0003,0.0193,0.9432,0.0235,0.0097,0.0040
LFHPKGDB_03026,Cytoplasmic,0.0015,0.0005,0.9366,0.0027,0.0579,0.0007
LFHPKGDB_03027,Cytoplasmic,0.0001,0.0043,0.9772,0.0011,0.0121,0.0053
LFHPKGDB_03028,Extracellular,0.0062,0.7170,0.0156,0.1448,0.0480,0.0684
LFHPKGDB_03029,Cytoplasmic Membrane,0.0000,0.0001,0.0001,0.9922,0.0076,0.0000
LFHPKGDB_03030,Cytoplasmic,0.0000,0.0000,0.9995,0.0001,0.0004,0.0000
LFHPKGDB_03031,Cytoplasmic,0.0015,0.0039,0.9729,0.0029,0.0184,0.0004
LFHPKGDB_03032,Cytoplasmic,0.0001,0.0016,0.9893,0.0030,0.0059,0.0000
LFHPKGDB_03033,Cytoplasmic Membrane,0.0000,0.0000,0.0000,0.9999,0.0001,0.0000
LFHPKGDB_03034,Cytoplasmic Membrane,0.0000,0.0000,0.0000,1.0000,0.0000,0.0000
LFHPKGDB_03035,Extracellular,0.0068,0.3288,0.0004,0.2786,0.2707,0.1146
LFHPKGDB_03036,Cytoplasmic,0.0001,0.0143,0.9047,0.0002,0.0772,0.0036
LFHPKGDB_03037,Cytoplasmic,0.0001,0.0048,0.9685,0.0198,0.0062,0.0006
LFHPKGDB_03038,Cytoplasmic Membrane,0.0000,0.0000,0.0000,0.9997,0.0002,0.0000
LFHPKGDB_03039,Cytoplasmic,0.0001,0.0640,0.9197,0.0008,0.0039,0.0115
LFHPKGDB_03040,Extracellular,0.0020,0.5428,0.4246,0.0045,0.0037,0.0223
LFHPKGDB_03041,Cytoplasmic,0.0005,0.1952,0.8000,0.0011,0.0024,0.0008
LFHPKGDB_03042,Cytoplasmic,0.0001,0.1837,0.7941,0.0098,0.0040,0.0082
LFHPKGDB_03043,Cytoplasmic,0.0001,0.3995,0.5450,0.0043,0.0228,0.0283
LFHPKGDB_03044,Cytoplasmic,0.0000,0.0118,0.9810,0.0054,0.0013,0.0004
LFHPKGDB_03045,Cytoplasmic Membrane,0.0184,0.0579,0.0008,0.9079,0.0142,0.0008
LFHPKGDB_03046,Cytoplasmic,0.0001,0.0060,0.9694,0.0192,0.0038,0.0015
LFHPKGDB_03047,Cytoplasmic,0.0006,0.0417,0.8815,0.0154,0.0226,0.0381
LFHPKGDB_03048,Cytoplasmic,0.0001,0.0099,0.9684,0.0080,0.0129,0.0007
LFHPKGDB_03049,Cytoplasmic,0.0002,0.0605,0.8243,0.0768,0.0378,0.0004
LFHPKGDB_03050,Cytoplasmic,0.0000,0.0037,0.9526,0.0028,0.0233,0.0175
LFHPKGDB_03051,Cytoplasmic,0.0001,0.0007,0.9710,0.0032,0.0118,0.0133
LFHPKGDB_03052,Cytoplasmic,0.0002,0.0021,0.9806,0.0009,0.0154,0.0009
LFHPKGDB_03053,Cytoplasmic,0.0019,0.2428,0.3970,0.2674,0.0581,0.0328
LFHPKGDB_03054,Cytoplasmic,0.0023,0.1234,0.8284,0.0185,0.0269,0.0005
LFHPKGDB_03055,Cytoplasmic,0.0004,0.0390,0.9090,0.0201,0.0314,0.0001
LFHPKGDB_03056,Cytoplasmic Membrane,0.0000,0.0003,0.0000,0.9960,0.0036,0.0000
LFHPKGDB_03057,Cytoplasmic Membrane,0.0037,0.0365,0.0001,0.6953,0.1286,0.1358
LFHPKGDB_03058,Cytoplasmic Membrane,0.0000,0.0000,0.0000,1.0000,0.0000,0.0000
LFHPKGDB_03059,Cytoplasmic Membrane,0.0000,0.0000,0.0000,0.9999,0.0001,0.0000
LFHPKGDB_03060,Cytoplasmic,0.0002,0.2332,0.4938,0.1955,0.0427,0.0346
LFHPKGDB_03061,Cytoplasmic Membrane,0.0001,0.0918,0.0036,0.8940,0.0103,0.0001
LFHPKGDB_03062,Cytoplasmic,0.0002,0.0369,0.9545,0.0014,0.0048,0.0024
LFHPKGDB_03063,Cytoplasmic,0.0004,0.0010,0.9890,0.0016,0.0076,0.0003
LFHPKGDB_03064,Cytoplasmic Membrane,0.0005,0.0862,0.1939,0.6860,0.0326,0.0008
LFHPKGDB_03065,Cytoplasmic,0.0003,0.0296,0.9067,0.0330,0.0303,0.0001
LFHPKGDB_03066,Cytoplasmic Membrane,0.0000,0.0005,0.0002,0.9988,0.0005,0.0000
LFHPKGDB_03067,Cytoplasmic,0.0013,0.0025,0.9560,0.0285,0.0115,0.0002
LFHPKGDB_03068,Cytoplasmic Membrane,0.0000,0.0001,0.0001,0.9986,0.0011,0.0000
LFHPKGDB_03069,Cytoplasmic,0.0001,0.0082,0.9719,0.0006,0.0186,0.0005
LFHPKGDB_03070,Cytoplasmic Membrane,0.0000,0.0000,0.0000,0.9996,0.0003,0.0000
LFHPKGDB_03071,Cytoplasmic Membrane,0.0000,0.0000,0.0000,1.0000,0.0000,0.0000
LFHPKGDB_03072,Cytoplasmic,0.0001,0.0001,0.8539,0.1087,0.0358,0.0015
LFHPKGDB_03073,Cytoplasmic Membrane,0.0000,0.0000,0.0004,0.9977,0.0019,0.0000
LFHPKGDB_03074,Cytoplasmic,0.0000,0.0000,0.9786,0.0067,0.0143,0.0004
LFHPKGDB_03075,Cytoplasmic,0.0002,0.2726,0.4625,0.0014,0.2631,0.0001
LFHPKGDB_03076,Cytoplasmic Membrane,0.0014,0.2336,0.0010,0.7439,0.0198,0.0002
LFHPKGDB_03077,Cytoplasmic,0.0000,0.0011,0.9807,0.0140,0.0038,0.0003
LFHPKGDB_03078,Cytoplasmic Membrane,0.0000,0.0000,0.0005,0.9993,0.0002,0.0000
LFHPKGDB_03079,Cytoplasmic,0.0001,0.0103,0.9779,0.0082,0.0023,0.0013
LFHPKGDB_03080,Cytoplasmic,0.0003,0.0025,0.9930,0.0005,0.0033,0.0005
LFHPKGDB_03081,Cytoplasmic,0.0002,0.0004,0.7424,0.0090,0.2446,0.0035
LFHPKGDB_03082,Cytoplasmic Membrane,0.0000,0.0000,0.0000,0.9994,0.0005,0.0000
LFHPKGDB_03083,Cytoplasmic,0.0033,0.0884,0.6963,0.1155,0.0738,0.0228
LFHPKGDB_03084,Cytoplasmic Membrane,0.0000,0.0001,0.0000,0.9993,0.0006,0.0000
LFHPKGDB_03085,Cytoplasmic,0.0000,0.0003,0.9774,0.0012,0.0204,0.0006
LFHPKGDB_03086,Cytoplasmic Membrane,0.0000,0.0000,0.0002,0.9986,0.0012,0.0000
LFHPKGDB_03087,Cytoplasmic Membrane,0.0000,0.0735,0.0001,0.9177,0.0087,0.0000
LFHPKGDB_03088,Cytoplasmic,0.0007,0.0038,0.9690,0.0083,0.0179,0.0003
LFHPKGDB_03089,Cytoplasmic Membrane,0.0078,0.0389,0.0005,0.4343,0.4013,0.1172
LFHPKGDB_03090,Cytoplasmic Membrane,0.0000,0.0000,0.0000,1.0000,0.0000,0.0000
LFHPKGDB_03091,Cytoplasmic Membrane,0.0000,0.0000,0.0000,1.0000,0.0000,0.0000
LFHPKGDB_03092,Cytoplasmic,0.0004,0.1602,0.8002,0.0246,0.0089,0.0058
LFHPKGDB_03093,Cytoplasmic,0.0000,0.0001,0.9930,0.0011,0.0056,0.0001
LFHPKGDB_03094,Cytoplasmic,0.0001,0.0015,0.9495,0.0054,0.0276,0.0159
LFHPKGDB_03095,Cytoplasmic,0.0001,0.0030,0.9881,0.0040,0.0024,0.0024
LFHPKGDB_03096,Cytoplasmic,0.0000,0.0012,0.9869,0.0028,0.0089,0.0002
LFHPKGDB_03097,Cytoplasmic Membrane,0.0163,0.1600,0.0007,0.5702,0.1891,0.0638
LFHPKGDB_03098,Cytoplasmic Membrane,0.0000,0.0000,0.0000,1.0000,0.0000,0.0000
LFHPKGDB_03099,Cytoplasmic Membrane,0.0000,0.0000,0.0000,0.9998,0.0002,0.0000
LFHPKGDB_03100,Cytoplasmic,0.0006,0.1386,0.7422,0.0216,0.0800,0.0169
LFHPKGDB_03101,Cytoplasmic,0.0158,0.2640,0.6796,0.0392,0.0014,0.0000
LFHPKGDB_03102,Outer Membrane,0.1106,0.1010,0.0867,0.0001,0.6864,0.0153
LFHPKGDB_03103,Cytoplasmic,0.0028,0.0143,0.9564,0.0171,0.0082,0.0013
LFHPKGDB_03104,Cytoplasmic,0.0000,0.0047,0.9863,0.0014,0.0072,0.0004
LFHPKGDB_03105,Cytoplasmic,0.0007,0.0009,0.9592,0.0179,0.0199,0.0014
LFHPKGDB_03106,Cytoplasmic,0.0000,0.0000,1.0000,0.0000,0.0000,0.0000
LFHPKGDB_03107,Cytoplasmic,0.0000,0.0055,0.9943,0.0001,0.0001,0.0000
LFHPKGDB_03115,Cytoplasmic,0.0004,0.0031,0.9718,0.0044,0.0198,0.0004
LFHPKGDB_03116,Extracellular,0.0017,0.5839,0.0655,0.2686,0.0797,0.0006
LFHPKGDB_03117,Cytoplasmic,0.0001,0.0015,0.9788,0.0052,0.0137,0.0008
LFHPKGDB_03118,Cytoplasmic,0.0003,0.0932,0.8889,0.0095,0.0079,0.0002
LFHPKGDB_03119,Cytoplasmic,0.0010,0.0006,0.7840,0.1220,0.0741,0.0183
LFHPKGDB_03120,Cytoplasmic,0.0007,0.0041,0.9144,0.0201,0.0247,0.0360
LFHPKGDB_03121,Cytoplasmic Membrane,0.0150,0.0917,0.0002,0.8510,0.0371,0.0051
LFHPKGDB_03122,Cytoplasmic Membrane,0.0000,0.0000,0.0001,0.9988,0.0011,0.0000
LFHPKGDB_03123,Cytoplasmic Membrane,0.0000,0.0000,0.0000,0.9997,0.0003,0.0000
LFHPKGDB_03124,Cytoplasmic,0.0001,0.0025,0.9617,0.0142,0.0127,0.0087
LFHPKGDB_03125,Cytoplasmic,0.0001,0.0004,0.9881,0.0110,0.0005,0.0000
LFHPKGDB_03126,Cytoplasmic,0.0003,0.0030,0.8356,0.0020,0.1586,0.0005
LFHPKGDB_03127,Cytoplasmic Membrane,0.0012,0.2196,0.0006,0.6265,0.1517,0.0003
LFHPKGDB_03128,Cytoplasmic,0.0002,0.0043,0.9476,0.0067,0.0339,0.0072
LFHPKGDB_03129,Cytoplasmic,0.0000,0.0015,0.9883,0.0049,0.0052,0.0001
LFHPKGDB_03130,Cytoplasmic,0.0001,0.0052,0.6279,0.0334,0.3228,0.0106
LFHPKGDB_03131,Cytoplasmic,0.0000,0.0005,0.9271,0.0004,0.0461,0.0259
LFHPKGDB_03132,Cytoplasmic,0.0000,0.0001,0.9919,0.0007,0.0036,0.0036
LFHPKGDB_03133,Cytoplasmic Membrane,0.0362,0.2058,0.0015,0.5667,0.1827,0.0071
LFHPKGDB_03134,Cytoplasmic Membrane,0.0000,0.0000,0.0000,0.9991,0.0009,0.0000
LFHPKGDB_03135,Cytoplasmic,0.0001,0.0028,0.8536,0.1033,0.0382,0.0021
LFHPKGDB_03136,Cytoplasmic,0.0001,0.0012,0.9325,0.0201,0.0381,0.0078
LFHPKGDB_03137,Cytoplasmic Membrane,0.0001,0.0003,0.0002,0.9853,0.0140,0.0000
LFHPKGDB_03138,Cytoplasmic,0.0004,0.0071,0.9612,0.0269,0.0042,0.0002
LFHPKGDB_03139,Cytoplasmic,0.0000,0.0013,0.9534,0.0061,0.0296,0.0096
LFHPKGDB_03140,Cytoplasmic Membrane,0.0000,0.0000,0.0000,0.9981,0.0018,0.0000
LFHPKGDB_03141,Cytoplasmic,0.0008,0.0586,0.8755,0.0608,0.0037,0.0006
LFHPKGDB_03142,Cytoplasmic,0.0002,0.0540,0.9233,0.0023,0.0149,0.0053
LFHPKGDB_03143,Extracellular,0.0001,0.4420,0.3281,0.0074,0.0147,0.2076
LFHPKGDB_03144,Cytoplasmic,0.0001,0.0017,0.9422,0.0113,0.0225,0.0223
LFHPKGDB_03145,Cytoplasmic,0.0000,0.0008,0.9871,0.0003,0.0109,0.0008
LFHPKGDB_03146,Cytoplasmic,0.0000,0.0004,0.9907,0.0049,0.0040,0.0000
LFHPKGDB_03147,Cytoplasmic Membrane,0.0000,0.0000,0.0000,0.9970,0.0029,0.0000
LFHPKGDB_03148,Cytoplasmic,0.0000,0.0002,0.9955,0.0002,0.0036,0.0005
LFHPKGDB_03149,Cytoplasmic Membrane,0.0000,0.0075,0.0003,0.9846,0.0069,0.0006
LFHPKGDB_03150,Cytoplasmic,0.0013,0.0135,0.9511,0.0307,0.0033,0.0001
LFHPKGDB_03151,Cytoplasmic,0.0006,0.4155,0.4374,0.0358,0.0330,0.0778
LFHPKGDB_03152,Cytoplasmic,0.0000,0.0003,0.9923,0.0061,0.0012,0.0001
LFHPKGDB_03153,Cytoplasmic,0.0000,0.0022,0.9873,0.0100,0.0003,0.0001
LFHPKGDB_03154,Cytoplasmic,0.0033,0.0223,0.8409,0.1146,0.0183,0.0006
LFHPKGDB_03155,Cytoplasmic,0.0000,0.0003,0.9811,0.0020,0.0156,0.0010
LFHPKGDB_03156,Cytoplasmic Membrane,0.0000,0.0000,0.0000,0.9998,0.0002,0.0000
LFHPKGDB_03157,Cytoplasmic Membrane,0.0000,0.0002,0.0017,0.9960,0.0019,0.0001
LFHPKGDB_03158,Cytoplasmic,0.0000,0.0025,0.9787,0.0002,0.0016,0.0171
LFHPKGDB_03159,Cytoplasmic,0.0001,0.0029,0.9589,0.0243,0.0138,0.0001
LFHPKGDB_03160,Cytoplasmic,0.0006,0.0003,0.9822,0.0047,0.0106,0.0017
LFHPKGDB_03161,Cytoplasmic,0.0006,0.0006,0.8068,0.0387,0.1483,0.0051
LFHPKGDB_03162,Cytoplasmic,0.0001,0.0005,0.9920,0.0028,0.0045,0.0001
LFHPKGDB_03163,Cytoplasmic Membrane,0.0000,0.0000,0.0000,0.9998,0.0002,0.0000
LFHPKGDB_03164,Cytoplasmic,0.0002,0.0593,0.5061,0.0039,0.4254,0.0051
LFHPKGDB_03165,Cytoplasmic Membrane,0.0000,0.0000,0.0000,0.9997,0.0003,0.0000
LFHPKGDB_03166,Cytoplasmic,0.0004,0.0037,0.9795,0.0022,0.0141,0.0001
LFHPKGDB_03167,Cytoplasmic Membrane,0.0001,0.0001,0.0001,0.9975,0.0021,0.0000
LFHPKGDB_03168,Cytoplasmic Membrane,0.0002,0.0010,0.0032,0.9831,0.0122,0.0003
LFHPKGDB_03169,Cytoplasmic,0.0005,0.0211,0.9432,0.0297,0.0040,0.0016
LFHPKGDB_03170,Cytoplasmic,0.0005,0.0028,0.9318,0.0126,0.0520,0.0003
LFHPKGDB_03171,Cytoplasmic,0.0001,0.0004,0.9977,0.0012,0.0004,0.0002
LFHPKGDB_03172,Cytoplasmic Membrane,0.0000,0.0195,0.0000,0.9686,0.0119,0.0000
LFHPKGDB_03173,Cytoplasmic,0.0000,0.0002,0.9976,0.0017,0.0004,0.0001
LFHPKGDB_03174,Cytoplasmic,0.0000,0.0001,0.9936,0.0027,0.0034,0.0002
LFHPKGDB_03175,Cytoplasmic Membrane,0.0000,0.0001,0.0000,0.9990,0.0009,0.0000
LFHPKGDB_03176,Cytoplasmic,0.0001,0.0002,0.9949,0.0008,0.0038,0.0003
LFHPKGDB_03177,Cytoplasmic,0.0004,0.0002,0.9840,0.0075,0.0075,0.0004
LFHPKGDB_03178,Cytoplasmic Membrane,0.0045,0.0053,0.0105,0.9490,0.0298,0.0009
LFHPKGDB_03179,Cytoplasmic,0.0000,0.0003,0.9754,0.0002,0.0225,0.0015
LFHPKGDB_03180,Cytoplasmic,0.0012,0.0001,0.9936,0.0013,0.0037,0.0001
LFHPKGDB_03181,Cytoplasmic,0.0000,0.0004,0.9917,0.0074,0.0002,0.0003
LFHPKGDB_03182,Cytoplasmic,0.0000,0.0033,0.9805,0.0132,0.0029,0.0001
LFHPKGDB_03183,Cytoplasmic,0.0000,0.0634,0.8536,0.0758,0.0061,0.0009
LFHPKGDB_03184,Cytoplasmic,0.0000,0.0071,0.9868,0.0009,0.0051,0.0000
LFHPKGDB_03185,Cytoplasmic,0.0008,0.0150,0.8447,0.0203,0.0362,0.0830
LFHPKGDB_03186,Cytoplasmic,0.0001,0.0242,0.9371,0.0032,0.0207,0.0148
LFHPKGDB_03187,Cytoplasmic,0.0004,0.0037,0.9671,0.0013,0.0272,0.0004
LFHPKGDB_03188,Cytoplasmic,0.0008,0.2235,0.7064,0.0263,0.0420,0.0010
LFHPKGDB_03189,Cytoplasmic,0.0002,0.0631,0.8738,0.0504,0.0119,0.0007
LFHPKGDB_03190,Cytoplasmic,0.0003,0.0171,0.9474,0.0224,0.0123,0.0005
LFHPKGDB_03191,Cytoplasmic,0.0014,0.1874,0.6102,0.1588,0.0379,0.0042
LFHPKGDB_03192,Cytoplasmic,0.0007,0.0053,0.9514,0.0398,0.0023,0.0003
LFHPKGDB_03193,Cytoplasmic,0.0000,0.0005,0.9823,0.0102,0.0070,0.0000
LFHPKGDB_03194,Cytoplasmic,0.0089,0.1209,0.6035,0.0680,0.1981,0.0007
LFHPKGDB_03195,Cytoplasmic Membrane,0.0127,0.0332,0.0000,0.7402,0.1507,0.0632
LFHPKGDB_03196,Cytoplasmic Membrane,0.0000,0.0000,0.0000,1.0000,0.0000,0.0000
LFHPKGDB_03197,Cytoplasmic Membrane,0.0000,0.0000,0.0000,1.0000,0.0000,0.0000
LFHPKGDB_03198,Cytoplasmic Membrane,0.0003,0.0008,0.1599,0.7937,0.0367,0.0085
LFHPKGDB_03199,Cytoplasmic Membrane,0.0002,0.0004,0.1318,0.8437,0.0222,0.0017
LFHPKGDB_03200,Cytoplasmic,0.0000,0.0024,0.9783,0.0013,0.0116,0.0064
LFHPKGDB_03201,Cytoplasmic,0.0000,0.0001,0.9977,0.0005,0.0016,0.0000
LFHPKGDB_03202,Cytoplasmic,0.0006,0.0234,0.8835,0.0078,0.0811,0.0036
LFHPKGDB_03203,Cytoplasmic,0.0000,0.0003,0.9979,0.0001,0.0014,0.0002
LFHPKGDB_03204,Cytoplasmic,0.0007,0.3139,0.6427,0.0073,0.0315,0.0039
LFHPKGDB_03205,Cytoplasmic,0.0002,0.0262,0.9487,0.0150,0.0097,0.0003
LFHPKGDB_03206,Cytoplasmic,0.0001,0.0350,0.9574,0.0016,0.0005,0.0055
LFHPKGDB_03207,Cytoplasmic,0.0010,0.0586,0.9213,0.0054,0.0053,0.0083
LFHPKGDB_03208,Cytoplasmic,0.0002,0.1649,0.6011,0.1341,0.0410,0.0587
LFHPKGDB_03209,Cytoplasmic Membrane,0.0000,0.0000,0.0000,1.0000,0.0000,0.0000
LFHPKGDB_03210,Cytoplasmic Membrane,0.0000,0.0000,0.0000,0.9998,0.0002,0.0000
LFHPKGDB_03211,Extracellular,0.0071,0.5651,0.0003,0.2509,0.1558,0.0208
LFHPKGDB_03212,Cytoplasmic,0.0021,0.4475,0.4633,0.0425,0.0064,0.0381
LFHPKGDB_03213,Cytoplasmic,0.0007,0.1048,0.8706,0.0114,0.0115,0.0010
LFHPKGDB_03214,Cytoplasmic,0.0001,0.0578,0.9251,0.0098,0.0061,0.0011
LFHPKGDB_03215,Cytoplasmic Membrane,0.0001,0.0008,0.0003,0.9833,0.0155,0.0000
LFHPKGDB_03216,Cytoplasmic,0.0001,0.0002,0.9968,0.0017,0.0012,0.0000
LFHPKGDB_03217,Cytoplasmic Membrane,0.0248,0.3718,0.0166,0.4983,0.0875,0.0010
LFHPKGDB_03218,Cytoplasmic Membrane,0.0096,0.0539,0.0001,0.7845,0.1349,0.0170
LFHPKGDB_03219,Cytoplasmic Membrane,0.0000,0.0000,0.0000,0.9999,0.0001,0.0000
LFHPKGDB_03220,Cytoplasmic Membrane,0.0000,0.0000,0.0000,0.9998,0.0002,0.0000
LFHPKGDB_03221,Cytoplasmic,0.0001,0.0066,0.9836,0.0029,0.0026,0.0042
LFHPKGDB_03222,Extracellular,0.0117,0.9597,0.0103,0.0157,0.0010,0.0016
LFHPKGDB_03223,Cytoplasmic,0.0002,0.1851,0.4298,0.0498,0.1171,0.2180
LFHPKGDB_03224,Cytoplasmic,0.0001,0.0107,0.8967,0.0484,0.0433,0.0009
LFHPKGDB_03225,Cytoplasmic,0.0058,0.1894,0.5905,0.0006,0.1919,0.0218
LFHPKGDB_03226,Cytoplasmic,0.0001,0.3345,0.4548,0.0634,0.1372,0.0101
LFHPKGDB_03227,Cytoplasmic,0.0005,0.2882,0.4492,0.1004,0.1513,0.0105
LFHPKGDB_03228,Cytoplasmic,0.0039,0.0187,0.8760,0.0506,0.0502,0.0005
LFHPKGDB_03229,Cytoplasmic,0.0000,0.0001,0.9995,0.0000,0.0003,0.0001
LFHPKGDB_03230,Cytoplasmic,0.0004,0.0011,0.9957,0.0006,0.0015,0.0007
LFHPKGDB_03231,Cytoplasmic,0.0017,0.0337,0.7694,0.0074,0.1542,0.0336
LFHPKGDB_03232,Cytoplasmic,0.0008,0.0042,0.9856,0.0035,0.0037,0.0021
LFHPKGDB_03233,Cytoplasmic Membrane,0.0001,0.0334,0.0003,0.9587,0.0074,0.0001
LFHPKGDB_03234,Cytoplasmic,0.0024,0.0017,0.8494,0.1400,0.0063,0.0002
LFHPKGDB_03235,Cytoplasmic Membrane,0.0003,0.0843,0.0032,0.8995,0.0126,0.0002
LFHPKGDB_03236,Cytoplasmic,0.0002,0.0012,0.6799,0.3182,0.0003,0.0000
LFHPKGDB_03237,Cytoplasmic Membrane,0.0000,0.0001,0.0020,0.9970,0.0009,0.0000
LFHPKGDB_03238,Cytoplasmic,0.0000,0.0008,0.9983,0.0002,0.0002,0.0005
LFHPKGDB_03239,Cytoplasmic,0.0000,0.0305,0.4855,0.0012,0.0028,0.4800
LFHPKGDB_03240,Cytoplasmic,0.0001,0.1751,0.7629,0.0112,0.0501,0.0006
LFHPKGDB_03241,Cytoplasmic Membrane,0.0000,0.0000,0.0000,0.9998,0.0002,0.0000
LFHPKGDB_03242,Cytoplasmic Membrane,0.0000,0.0000,0.0001,0.9997,0.0002,0.0000
LFHPKGDB_03243,Cytoplasmic,0.0000,0.0009,0.9981,0.0002,0.0004,0.0004
LFHPKGDB_03244,Cytoplasmic,0.0004,0.0281,0.5968,0.3129,0.0326,0.0293
LFHPKGDB_03245,Cytoplasmic,0.0000,0.0021,0.9954,0.0006,0.0018,0.0001
LFHPKGDB_03246,Cytoplasmic Membrane,0.0000,0.0000,0.0000,0.9988,0.0011,0.0000
LFHPKGDB_03247,Cytoplasmic,0.0000,0.0004,0.9982,0.0002,0.0012,0.0001
LFHPKGDB_03248,Cytoplasmic,0.0024,0.0525,0.8209,0.0526,0.0382,0.0333
LFHPKGDB_03249,Cytoplasmic,0.0012,0.0175,0.9638,0.0052,0.0107,0.0016
LFHPKGDB_03250,Cytoplasmic,0.0012,0.0847,0.8665,0.0375,0.0085,0.0016
LFHPKGDB_03251,Cytoplasmic,0.0012,0.0061,0.9330,0.0307,0.0287,0.0003
LFHPKGDB_03252,Cytoplasmic Membrane,0.0000,0.0000,0.0001,0.9992,0.0007,0.0000
LFHPKGDB_03253,Cytoplasmic,0.0000,0.0011,0.9944,0.0027,0.0009,0.0009
LFHPKGDB_03254,Cytoplasmic Membrane,0.0082,0.0357,0.0001,0.8721,0.0659,0.0180
LFHPKGDB_03255,Cytoplasmic,0.0001,0.0001,0.7654,0.2203,0.0140,0.0001
LFHPKGDB_03256,Cytoplasmic Membrane,0.0000,0.0002,0.0000,0.9960,0.0038,0.0000
LFHPKGDB_03257,Outer Membrane,0.0000,0.0000,0.3863,0.0000,0.6137,0.0000
LFHPKGDB_03258,Outer Membrane,0.0004,0.0042,0.2814,0.0017,0.7119,0.0004
LFHPKGDB_03259,Cytoplasmic Membrane,0.0002,0.0593,0.0011,0.6245,0.3146,0.0003
LFHPKGDB_03260,Cytoplasmic Membrane,0.0002,0.1133,0.0006,0.6626,0.2233,0.0000
LFHPKGDB_03261,Cytoplasmic Membrane,0.0000,0.0038,0.0001,0.9934,0.0018,0.0009
LFHPKGDB_03262,Extracellular,0.0001,0.9085,0.0729,0.0001,0.0174,0.0011
LFHPKGDB_03263,Cytoplasmic Membrane,0.0000,0.0000,0.0000,0.9997,0.0003,0.0000
LFHPKGDB_03264,Cytoplasmic Membrane,0.0000,0.0001,0.0001,0.9973,0.0024,0.0001
LFHPKGDB_03265,Cytoplasmic Membrane,0.0089,0.0156,0.0093,0.9541,0.0119,0.0002
LFHPKGDB_03266,Cytoplasmic Membrane,0.0000,0.0000,0.0003,0.9980,0.0017,0.0000
LFHPKGDB_03267,Cytoplasmic Membrane,0.0000,0.0003,0.0002,0.9983,0.0011,0.0000
LFHPKGDB_03268,Cytoplasmic,0.0016,0.0102,0.6099,0.1122,0.2640,0.0021
LFHPKGDB_03269,Cytoplasmic,0.0006,0.0067,0.7776,0.1393,0.0738,0.0019
LFHPKGDB_03270,Cytoplasmic,0.0002,0.0056,0.9590,0.0307,0.0034,0.0012
LFHPKGDB_03271,Cytoplasmic,0.0015,0.0068,0.8664,0.0371,0.0872,0.0009
LFHPKGDB_03272,Cytoplasmic,0.0063,0.0621,0.8413,0.0143,0.0746,0.0015
LFHPKGDB_03273,Cytoplasmic,0.0050,0.0314,0.6051,0.0507,0.2987,0.0091
LFHPKGDB_03274,Cytoplasmic,0.0001,0.0042,0.8428,0.0246,0.1280,0.0003
LFHPKGDB_03275,Extracellular,0.0000,0.5101,0.4483,0.0292,0.0120,0.0004
LFHPKGDB_03276,Cytoplasmic,0.0001,0.0004,0.9925,0.0063,0.0007,0.0000
LFHPKGDB_03277,Cytoplasmic,0.0000,0.0014,0.9927,0.0040,0.0010,0.0007
LFHPKGDB_03278,Cytoplasmic Membrane,0.0000,0.0000,0.0002,0.9985,0.0012,0.0000
LFHPKGDB_03279,Cytoplasmic,0.0021,0.1425,0.7987,0.0537,0.0028,0.0001
LFHPKGDB_03280,Cytoplasmic,0.0003,0.0129,0.9761,0.0040,0.0067,0.0000
LFHPKGDB_03281,Cytoplasmic Membrane,0.0000,0.0000,0.0000,0.9998,0.0002,0.0000
LFHPKGDB_03282,Cytoplasmic,0.0022,0.0163,0.9363,0.0034,0.0373,0.0045
LFHPKGDB_03283,Cytoplasmic Membrane,0.0002,0.0004,0.3582,0.6248,0.0153,0.0011
LFHPKGDB_03284,Cytoplasmic,0.0000,0.0008,0.9905,0.0075,0.0012,0.0001
LFHPKGDB_03285,Cytoplasmic,0.0006,0.0018,0.8466,0.0013,0.1489,0.0008
LFHPKGDB_03286,Cytoplasmic,0.0004,0.0024,0.9498,0.0336,0.0135,0.0004
LFHPKGDB_03287,Cytoplasmic,0.0000,0.0001,0.9874,0.0003,0.0121,0.0001
LFHPKGDB_03288,Cytoplasmic,0.0001,0.0019,0.9882,0.0041,0.0054,0.0003
LFHPKGDB_03289,Cytoplasmic,0.0002,0.0004,0.9898,0.0012,0.0084,0.0001
LFHPKGDB_03290,Cytoplasmic Membrane,0.0001,0.0135,0.0011,0.9731,0.0111,0.0010
LFHPKGDB_03291,Cytoplasmic,0.0007,0.0068,0.9871,0.0015,0.0038,0.0000
LFHPKGDB_03292,Cytoplasmic,0.0001,0.0002,0.9991,0.0004,0.0002,0.0000
LFHPKGDB_03293,Cytoplasmic,0.0000,0.0002,0.9979,0.0016,0.0003,0.0000
LFHPKGDB_03294,Cytoplasmic,0.0000,0.0001,0.9901,0.0002,0.0093,0.0003
LFHPKGDB_03295,Extracellular,0.0001,0.3615,0.1680,0.3459,0.1193,0.0052
LFHPKGDB_03296,Cytoplasmic,0.0005,0.0071,0.9376,0.0146,0.0304,0.0099
LFHPKGDB_03297,Cytoplasmic Membrane,0.0000,0.0000,0.0000,0.9996,0.0004,0.0000
LFHPKGDB_03298,Cytoplasmic,0.0000,0.0001,0.9973,0.0004,0.0022,0.0000
LFHPKGDB_03299,Cytoplasmic Membrane,0.0001,0.0007,0.0001,0.9902,0.0089,0.0000
LFHPKGDB_03300,Cytoplasmic Membrane,0.0022,0.3629,0.0027,0.6101,0.0218,0.0003
LFHPKGDB_03301,Cytoplasmic Membrane,0.0000,0.0050,0.0005,0.9922,0.0023,0.0000
LFHPKGDB_03302,Cytoplasmic,0.0010,0.0008,0.9947,0.0031,0.0003,0.0000
LFHPKGDB_03303,Cytoplasmic,0.0080,0.0895,0.5194,0.0148,0.1389,0.2293
LFHPKGDB_03304,Cytoplasmic,0.0002,0.0465,0.6071,0.0152,0.1296,0.2013
LFHPKGDB_03305,Cytoplasmic Membrane,0.0000,0.0000,0.0000,0.9999,0.0001,0.0000
LFHPKGDB_03306,Cytoplasmic Membrane,0.0006,0.0015,0.4018,0.4965,0.0991,0.0005
LFHPKGDB_03307,Cytoplasmic,0.0005,0.1759,0.7756,0.0051,0.0149,0.0280
LFHPKGDB_03308,Cytoplasmic Membrane,0.0000,0.0000,0.0000,0.9996,0.0004,0.0000
LFHPKGDB_03309,Cytoplasmic Membrane,0.0003,0.0015,0.1840,0.7974,0.0163,0.0005
LFHPKGDB_03310,Cytoplasmic,0.0001,0.0004,0.9975,0.0011,0.0006,0.0004
LFHPKGDB_03311,Cytoplasmic Membrane,0.0000,0.0003,0.0006,0.9988,0.0003,0.0000
LFHPKGDB_03312,Cytoplasmic,0.0001,0.0006,0.9824,0.0027,0.0141,0.0001
LFHPKGDB_03313,Cytoplasmic Membrane,0.0000,0.0027,0.0010,0.9908,0.0053,0.0000
LFHPKGDB_03314,Cytoplasmic,0.0001,0.0002,0.8065,0.1898,0.0031,0.0004
LFHPKGDB_03315,Cytoplasmic Membrane,0.0000,0.0001,0.0000,0.9993,0.0005,0.0000
LFHPKGDB_03316,Cytoplasmic,0.0003,0.0017,0.9965,0.0005,0.0007,0.0003
LFHPKGDB_03317,Cytoplasmic,0.0001,0.0003,0.9929,0.0066,0.0001,0.0000
LFHPKGDB_03318,Cytoplasmic,0.0001,0.0023,0.9806,0.0012,0.0157,0.0001
LFHPKGDB_03319,Extracellular,0.0005,0.7265,0.1654,0.0871,0.0182,0.0022
LFHPKGDB_03320,Cytoplasmic,0.0002,0.0060,0.9044,0.0753,0.0138,0.0004
LFHPKGDB_03321,Cytoplasmic,0.0001,0.1044,0.8832,0.0009,0.0115,0.0000
LFHPKGDB_03322,Cytoplasmic,0.0010,0.0171,0.9298,0.0115,0.0402,0.0004
LFHPKGDB_03323,Cytoplasmic,0.0004,0.1129,0.8803,0.0014,0.0050,0.0000
LFHPKGDB_03324,Cytoplasmic,0.0001,0.0389,0.9349,0.0024,0.0235,0.0001
LFHPKGDB_03325,Extracellular,0.0017,0.5293,0.4656,0.0021,0.0012,0.0000
LFHPKGDB_03326,Cytoplasmic,0.0016,0.1114,0.8320,0.0244,0.0301,0.0006
LFHPKGDB_03327,Cytoplasmic,0.0026,0.1647,0.4832,0.2302,0.1188,0.0004
LFHPKGDB_03328,Cytoplasmic,0.0000,0.0001,0.9971,0.0002,0.0026,0.0000
LFHPKGDB_03329,Cytoplasmic Membrane,0.0001,0.0018,0.0022,0.9790,0.0152,0.0018
LFHPKGDB_03330,Cytoplasmic,0.0003,0.2842,0.6587,0.0346,0.0185,0.0037
LFHPKGDB_03331,Cytoplasmic,0.0001,0.1425,0.8050,0.0005,0.0059,0.0460
LFHPKGDB_03332,Cytoplasmic,0.0001,0.2499,0.7448,0.0007,0.0045,0.0001
LFHPKGDB_03333,Cytoplasmic,0.0002,0.1566,0.8403,0.0004,0.0025,0.0000
LFHPKGDB_03334,Extracellular,0.0003,0.8251,0.1631,0.0017,0.0088,0.0010
LFHPKGDB_03335,Cytoplasmic,0.0000,0.0004,0.9900,0.0002,0.0092,0.0001
LFHPKGDB_03336,Cytoplasmic,0.0001,0.0009,0.9753,0.0161,0.0072,0.0004
LFHPKGDB_03337,Cytoplasmic,0.0002,0.0042,0.6253,0.1741,0.1952,0.0009
LFHPKGDB_03338,Cytoplasmic,0.0004,0.0008,0.9704,0.0030,0.0249,0.0005
LFHPKGDB_03339,Cytoplasmic,0.0006,0.0911,0.7362,0.1256,0.0450,0.0014
LFHPKGDB_03340,Cytoplasmic,0.0000,0.0023,0.9801,0.0045,0.0130,0.0001
LFHPKGDB_03341,Cytoplasmic,0.0005,0.0255,0.9642,0.0013,0.0084,0.0002
LFHPKGDB_03342,Cytoplasmic,0.0160,0.1071,0.4428,0.0023,0.4291,0.0026
LFHPKGDB_03343,Cytoplasmic,0.0011,0.0199,0.9486,0.0126,0.0081,0.0097
LFHPKGDB_03344,Cytoplasmic,0.0007,0.0282,0.9526,0.0039,0.0143,0.0002
LFHPKGDB_03345,Cytoplasmic,0.0006,0.0141,0.8328,0.0104,0.0110,0.1310
LFHPKGDB_03346,Cytoplasmic,0.0003,0.1744,0.7350,0.0734,0.0163,0.0006
LFHPKGDB_03347,Cytoplasmic,0.0000,0.0494,0.9300,0.0143,0.0058,0.0004
LFHPKGDB_03348,Cytoplasmic,0.0001,0.0174,0.9734,0.0011,0.0079,0.0001
LFHPKGDB_03349,Cytoplasmic,0.0002,0.1720,0.7045,0.0076,0.1143,0.0013
LFHPKGDB_03350,Cytoplasmic,0.0003,0.1333,0.7974,0.0023,0.0514,0.0153
LFHPKGDB_03351,Cytoplasmic Membrane,0.0003,0.1747,0.0018,0.8132,0.0100,0.0001
LFHPKGDB_03352,Cytoplasmic,0.0012,0.1020,0.8542,0.0262,0.0154,0.0010
LFHPKGDB_03353,Cytoplasmic,0.0004,0.4367,0.5163,0.0025,0.0367,0.0074
LFHPKGDB_03354,Cytoplasmic,0.0003,0.0154,0.9415,0.0028,0.0397,0.0004
LFHPKGDB_03356,Cytoplasmic,0.0062,0.3323,0.4159,0.0025,0.2413,0.0017
LFHPKGDB_03357,Cytoplasmic Membrane,0.0000,0.0341,0.0006,0.9196,0.0455,0.0002
LFHPKGDB_03359,Cytoplasmic,0.0001,0.4741,0.5153,0.0017,0.0080,0.0008
LFHPKGDB_03360,Cytoplasmic,0.0002,0.2998,0.6694,0.0134,0.0170,0.0001
LFHPKGDB_03361,Cytoplasmic,0.0002,0.0406,0.8997,0.0188,0.0403,0.0003
LFHPKGDB_03362,Cytoplasmic,0.0002,0.2940,0.3354,0.0855,0.2839,0.0009
LFHPKGDB_03363,Extracellular,0.0040,0.5541,0.3245,0.0582,0.0573,0.0019
LFHPKGDB_03364,Cytoplasmic,0.0016,0.0001,0.8449,0.0002,0.1530,0.0001
LFHPKGDB_03365,Extracellular,0.0003,0.4995,0.1413,0.0006,0.3576,0.0008
LFHPKGDB_03366,Cytoplasmic,0.0011,0.2293,0.6436,0.0322,0.0935,0.0003
LFHPKGDB_03367,Cytoplasmic,0.0003,0.2451,0.6826,0.0048,0.0651,0.0020
LFHPKGDB_03368,Cytoplasmic,0.0001,0.1209,0.6019,0.1790,0.0979,0.0002
LFHPKGDB_03369,Extracellular,0.0013,0.5161,0.3920,0.0534,0.0364,0.0008
LFHPKGDB_03370,Cytoplasmic Membrane,0.0003,0.1757,0.2106,0.5150,0.0943,0.0042
LFHPKGDB_03371,Cytoplasmic,0.0011,0.0950,0.4968,0.0135,0.3882,0.0053
LFHPKGDB_03372,Cytoplasmic,0.0015,0.0231,0.9259,0.0180,0.0308,0.0008
LFHPKGDB_03373,Cytoplasmic,0.0009,0.1629,0.6779,0.1256,0.0322,0.0006
LFHPKGDB_03374,Extracellular,0.0013,0.8541,0.0000,0.1252,0.0194,0.0000
LFHPKGDB_03375,Cytoplasmic,0.0004,0.1484,0.6935,0.0919,0.0649,0.0009
LFHPKGDB_03376,Extracellular,0.0060,0.9180,0.0179,0.0077,0.0493,0.0012
LFHPKGDB_03377,Cytoplasmic,0.0002,0.0011,0.7732,0.0009,0.2246,0.0000
LFHPKGDB_03378,Extracellular,0.0029,0.4756,0.1548,0.0158,0.3493,0.0016
LFHPKGDB_03379,Extracellular,0.0101,0.9160,0.0494,0.0016,0.0225,0.0004
LFHPKGDB_03380,Cytoplasmic,0.0351,0.2043,0.5935,0.0884,0.0779,0.0008
LFHPKGDB_03381,Cytoplasmic Membrane,0.0012,0.0477,0.0127,0.9249,0.0135,0.0000
LFHPKGDB_03382,Cytoplasmic,0.0008,0.2352,0.7217,0.0136,0.0283,0.0005
LFHPKGDB_03383,Cytoplasmic Membrane,0.0001,0.0042,0.0013,0.9852,0.0090,0.0001
LFHPKGDB_03384,Extracellular,0.0000,0.9999,0.0000,0.0000,0.0001,0.0000
LFHPKGDB_03385,Cytoplasmic,0.0078,0.0444,0.8845,0.0005,0.0626,0.0001
LFHPKGDB_03386,Cytoplasmic,0.0093,0.1816,0.7430,0.0052,0.0594,0.0014
LFHPKGDB_03387,Cytoplasmic,0.0124,0.0217,0.9426,0.0013,0.0217,0.0003
LFHPKGDB_03388,Cytoplasmic,0.0004,0.0712,0.8659,0.0280,0.0248,0.0097
LFHPKGDB_03389,Cytoplasmic,0.0018,0.1876,0.7918,0.0070,0.0116,0.0001
LFHPKGDB_03390,Cytoplasmic,0.0004,0.0005,0.7610,0.0087,0.2283,0.0011
LFHPKGDB_03391,Cytoplasmic,0.0014,0.1375,0.8334,0.0013,0.0255,0.0009
LFHPKGDB_03392,Cytoplasmic,0.0000,0.0003,0.9988,0.0002,0.0006,0.0001
LFHPKGDB_03393,Cytoplasmic,0.0001,0.0086,0.9776,0.0003,0.0121,0.0013
LFHPKGDB_03394,Cytoplasmic,0.0006,0.0035,0.8504,0.0130,0.1263,0.0062
LFHPKGDB_03395,Cytoplasmic,0.0069,0.0820,0.7310,0.0840,0.0935,0.0027
LFHPKGDB_03396,Cytoplasmic Membrane,0.0000,0.0005,0.0001,0.9985,0.0010,0.0000
LFHPKGDB_03397,Cytoplasmic,0.0002,0.0001,0.9846,0.0035,0.0116,0.0001
LFHPKGDB_03398,Cytoplasmic,0.0000,0.0003,0.9596,0.0132,0.0268,0.0001
LFHPKGDB_03399,Cytoplasmic,0.0001,0.0003,0.9892,0.0012,0.0091,0.0001
LFHPKGDB_03400,Cytoplasmic Membrane,0.0010,0.3013,0.0002,0.6917,0.0057,0.0000
LFHPKGDB_03401,Cytoplasmic,0.0000,0.0008,0.9977,0.0012,0.0002,0.0000
LFHPKGDB_03402,Cytoplasmic,0.0000,0.0007,0.9601,0.0006,0.0074,0.0312
LFHPKGDB_03403,Cytoplasmic,0.0000,0.0000,0.9999,0.0000,0.0000,0.0000
LFHPKGDB_03404,Cytoplasmic,0.0003,0.0008,0.9968,0.0008,0.0011,0.0002
LFHPKGDB_03405,Cytoplasmic,0.0000,0.0013,0.9914,0.0002,0.0068,0.0002
LFHPKGDB_03406,Cytoplasmic,0.0002,0.0710,0.9202,0.0020,0.0061,0.0006
LFHPKGDB_03407,Cytoplasmic,0.0001,0.0003,0.9948,0.0026,0.0022,0.0001
LFHPKGDB_03408,Cytoplasmic,0.0028,0.0163,0.9395,0.0028,0.0375,0.0011
LFHPKGDB_03409,Cytoplasmic,0.0001,0.0033,0.9176,0.0116,0.0665,0.0009
LFHPKGDB_03417,Cytoplasmic,0.0000,0.0168,0.9774,0.0043,0.0009,0.0006
LFHPKGDB_03418,Cytoplasmic Membrane,0.0000,0.0000,0.0000,0.9998,0.0002,0.0000
LFHPKGDB_03419,Cytoplasmic,0.0001,0.0218,0.9615,0.0118,0.0036,0.0013
LFHPKGDB_03420,Cytoplasmic,0.0006,0.0098,0.8695,0.1052,0.0147,0.0003
LFHPKGDB_03421,Cytoplasmic,0.0001,0.0002,0.9959,0.0016,0.0021,0.0001
LFHPKGDB_03422,Cytoplasmic Membrane,0.0007,0.0011,0.2865,0.6780,0.0331,0.0005
LFHPKGDB_03423,Cytoplasmic Membrane,0.0000,0.0015,0.0004,0.9972,0.0009,0.0000
LFHPKGDB_03424,Cytoplasmic Membrane,0.0008,0.0016,0.0140,0.9751,0.0083,0.0001
LFHPKGDB_03427,Cytoplasmic Membrane,0.0000,0.0000,0.0000,0.9987,0.0013,0.0000
LFHPKGDB_03428,Extracellular,0.0001,0.3341,0.2698,0.2581,0.1371,0.0008
LFHPKGDB_03429,Cytoplasmic Membrane,0.0000,0.0002,0.0002,0.9982,0.0014,0.0000
LFHPKGDB_03430,Cytoplasmic Membrane,0.0000,0.0002,0.0718,0.9202,0.0078,0.0001
LFHPKGDB_03431,Cytoplasmic,0.0008,0.0108,0.9783,0.0051,0.0043,0.0007
LFHPKGDB_03432,Cytoplasmic,0.0002,0.0105,0.9387,0.0464,0.0040,0.0003
LFHPKGDB_03433,Cytoplasmic Membrane,0.0000,0.0000,0.0000,0.9980,0.0020,0.0000
LFHPKGDB_03434,Cytoplasmic,0.0000,0.0021,0.9562,0.0133,0.0065,0.0220
LFHPKGDB_03435,Outer Membrane,0.0020,0.1108,0.0018,0.1146,0.4549,0.3158
LFHPKGDB_03436,Cytoplasmic,0.0016,0.3077,0.3910,0.1151,0.0614,0.1231
LFHPKGDB_03437,Cytoplasmic,0.0000,0.0026,0.9081,0.0001,0.0027,0.0865
LFHPKGDB_03442,Cytoplasmic Membrane,0.0007,0.0008,0.0032,0.9837,0.0069,0.0046
LFHPKGDB_03443,Cytoplasmic,0.0003,0.0212,0.8808,0.0761,0.0207,0.0009
LFHPKGDB_03444,Cytoplasmic Membrane,0.0000,0.0000,0.0001,0.9995,0.0003,0.0000
LFHPKGDB_03445,Extracellular,0.1369,0.5648,0.2895,0.0034,0.0047,0.0006
LFHPKGDB_03446,Cytoplasmic Membrane,0.0008,0.0021,0.4007,0.5725,0.0236,0.0003
LFHPKGDB_03447,Cytoplasmic Membrane,0.0000,0.0010,0.0003,0.9958,0.0028,0.0000
LFHPKGDB_03448,Cytoplasmic,0.0001,0.2697,0.4588,0.1079,0.1624,0.0012
LFHPKGDB_03449,Cytoplasmic,0.0003,0.0154,0.9646,0.0029,0.0017,0.0150
LFHPKGDB_03450,Cytoplasmic,0.0001,0.0006,0.9756,0.0045,0.0173,0.0019
LFHPKGDB_03451,Cytoplasmic Membrane,0.0002,0.0005,0.0751,0.9180,0.0058,0.0004
LFHPKGDB_03452,Cytoplasmic Membrane,0.0000,0.0001,0.0000,0.9995,0.0005,0.0000
LFHPKGDB_03453,Cytoplasmic,0.0001,0.0010,0.9894,0.0070,0.0020,0.0005
LFHPKGDB_03454,Cytoplasmic Membrane,0.0003,0.0004,0.2841,0.6996,0.0154,0.0003
LFHPKGDB_03455,Cytoplasmic Membrane,0.0000,0.0003,0.0002,0.9988,0.0007,0.0000
LFHPKGDB_03456,Cytoplasmic Membrane,0.0001,0.0026,0.0061,0.9726,0.0183,0.0004
LFHPKGDB_03457,Cytoplasmic,0.0001,0.0344,0.9149,0.0487,0.0015,0.0004
LFHPKGDB_03458,Cytoplasmic,0.0001,0.0265,0.9620,0.0065,0.0028,0.0022
LFHPKGDB_03459,Cytoplasmic Membrane,0.0002,0.0007,0.0926,0.8807,0.0255,0.0003
LFHPKGDB_03460,Cytoplasmic Membrane,0.0000,0.0000,0.0006,0.9991,0.0003,0.0000
LFHPKGDB_03461,Cytoplasmic Membrane,0.0000,0.0000,0.0000,0.9997,0.0002,0.0000
LFHPKGDB_03462,Cytoplasmic,0.0002,0.0038,0.8575,0.1147,0.0234,0.0005
LFHPKGDB_03463,Cytoplasmic,0.0001,0.0004,0.9974,0.0011,0.0009,0.0001
LFHPKGDB_03464,Cytoplasmic,0.0000,0.0002,0.9692,0.0106,0.0176,0.0024
LFHPKGDB_03465,Cytoplasmic Membrane,0.0000,0.0000,0.0000,0.9994,0.0006,0.0000
LFHPKGDB_03466,Cytoplasmic,0.0003,0.0615,0.9173,0.0046,0.0158,0.0004
LFHPKGDB_03467,Cytoplasmic,0.0001,0.0008,0.9593,0.0092,0.0039,0.0266
LFHPKGDB_03468,Cytoplasmic Membrane,0.0000,0.0072,0.0015,0.9840,0.0071,0.0001
LFHPKGDB_03469,Cytoplasmic,0.0023,0.0220,0.8553,0.0853,0.0348,0.0003
LFHPKGDB_03470,Cytoplasmic,0.0001,0.0027,0.8165,0.1688,0.0117,0.0002
LFHPKGDB_03471,Cytoplasmic Membrane,0.0215,0.3018,0.0021,0.6139,0.0560,0.0047
LFHPKGDB_03472,Cytoplasmic,0.0001,0.0120,0.9776,0.0055,0.0037,0.0011
LFHPKGDB_03473,Cytoplasmic,0.0002,0.0051,0.9821,0.0118,0.0007,0.0001
LFHPKGDB_03474,Cytoplasmic,0.0000,0.0002,0.9981,0.0013,0.0002,0.0002
LFHPKGDB_03475,Extracellular,0.0000,0.4089,0.2568,0.3313,0.0028,0.0001
LFHPKGDB_03476,Cytoplasmic Membrane,0.0001,0.0023,0.0024,0.9907,0.0046,0.0000
LFHPKGDB_03477,Cytoplasmic,0.0001,0.0009,0.9720,0.0097,0.0173,0.0000
LFHPKGDB_03478,Cytoplasmic Membrane,0.0076,0.2426,0.0040,0.5400,0.1196,0.0862
LFHPKGDB_03479,Cytoplasmic Membrane,0.0000,0.0000,0.0000,0.9999,0.0001,0.0000
LFHPKGDB_03480,Cytoplasmic Membrane,0.0000,0.0000,0.0000,0.9995,0.0004,0.0000
LFHPKGDB_03481,Cytoplasmic,0.0005,0.0703,0.7850,0.1066,0.0256,0.0120
LFHPKGDB_03482,Cytoplasmic,0.0000,0.0066,0.9289,0.0064,0.0555,0.0025
LFHPKGDB_03483,Cytoplasmic,0.0001,0.0030,0.9928,0.0023,0.0016,0.0002
LFHPKGDB_03484,Outer Membrane,0.0046,0.1940,0.0005,0.2762,0.4971,0.0276
LFHPKGDB_03485,Cytoplasmic Membrane,0.0000,0.0001,0.0901,0.9013,0.0083,0.0002
LFHPKGDB_03486,Cytoplasmic Membrane,0.0000,0.0000,0.0000,0.9996,0.0004,0.0000
LFHPKGDB_03487,Cytoplasmic,0.0002,0.0023,0.9842,0.0093,0.0039,0.0001
LFHPKGDB_03488,Cytoplasmic Membrane,0.0000,0.0000,0.0000,0.9974,0.0026,0.0000
LFHPKGDB_03489,Cytoplasmic Membrane,0.0001,0.0003,0.0009,0.9908,0.0079,0.0001
LFHPKGDB_03490,Cytoplasmic Membrane,0.0009,0.0065,0.0000,0.7770,0.2071,0.0086
LFHPKGDB_03491,Cytoplasmic,0.0010,0.1027,0.7783,0.0831,0.0340,0.0009
LFHPKGDB_03492,Cytoplasmic Membrane,0.0004,0.0018,0.2587,0.7273,0.0114,0.0004
LFHPKGDB_03493,Cytoplasmic Membrane,0.0000,0.0001,0.0000,0.9996,0.0003,0.0000
LFHPKGDB_03494,Cytoplasmic,0.0002,0.0129,0.9786,0.0055,0.0025,0.0003
LFHPKGDB_03495,Cytoplasmic,0.0006,0.0126,0.9667,0.0053,0.0105,0.0042
LFHPKGDB_03496,Cytoplasmic,0.0000,0.0013,0.8984,0.0266,0.0432,0.0304
LFHPKGDB_03497,Cytoplasmic,0.0000,0.0087,0.9378,0.0003,0.0518,0.0014
LFHPKGDB_03498,Cytoplasmic Membrane,0.0000,0.0000,0.0001,0.9990,0.0009,0.0000
LFHPKGDB_03499,Cytoplasmic,0.0000,0.0006,0.9720,0.0007,0.0254,0.0013
LFHPKGDB_03500,Cytoplasmic,0.0000,0.0015,0.9678,0.0115,0.0171,0.0022
LFHPKGDB_03501,Cytoplasmic Membrane,0.0000,0.0001,0.0001,0.9596,0.0399,0.0001
LFHPKGDB_03502,Cytoplasmic Membrane,0.0001,0.0163,0.0021,0.9796,0.0018,0.0000
LFHPKGDB_03503,Cytoplasmic,0.0000,0.1159,0.7401,0.0031,0.1408,0.0000
LFHPKGDB_03504,Cytoplasmic,0.0003,0.0570,0.9116,0.0019,0.0291,0.0001
LFHPKGDB_03505,Cytoplasmic Membrane,0.0003,0.0006,0.3964,0.5957,0.0069,0.0002
LFHPKGDB_03506,Cytoplasmic Membrane,0.0000,0.0001,0.0003,0.9985,0.0010,0.0001
LFHPKGDB_03507,Cytoplasmic Membrane,0.0002,0.0011,0.0030,0.9904,0.0052,0.0001
LFHPKGDB_03508,Cytoplasmic,0.0000,0.0001,0.9986,0.0005,0.0007,0.0001
LFHPKGDB_03509,Cytoplasmic Membrane,0.0002,0.0170,0.0003,0.9806,0.0018,0.0000
LFHPKGDB_03510,Cytoplasmic,0.0000,0.0019,0.8550,0.1342,0.0062,0.0027
LFHPKGDB_03511,Cytoplasmic,0.0000,0.0009,0.9664,0.0169,0.0156,0.0001
LFHPKGDB_03512,Cytoplasmic,0.0000,0.0015,0.9955,0.0010,0.0010,0.0009
LFHPKGDB_03513,Cytoplasmic Membrane,0.0001,0.0776,0.1716,0.7166,0.0311,0.0029
LFHPKGDB_03514,Cytoplasmic,0.0003,0.0013,0.9669,0.0137,0.0099,0.0078
LFHPKGDB_03515,Cytoplasmic,0.0000,0.0002,0.9790,0.0020,0.0182,0.0005
LFHPKGDB_03516,Cytoplasmic,0.0003,0.0334,0.9461,0.0037,0.0113,0.0051
LFHPKGDB_03517,Cytoplasmic,0.0003,0.0338,0.9295,0.0252,0.0068,0.0043
LFHPKGDB_03518,Cytoplasmic,0.0000,0.0003,0.9868,0.0017,0.0110,0.0002
LFHPKGDB_03519,Cytoplasmic,0.0001,0.0066,0.9811,0.0083,0.0036,0.0003
LFHPKGDB_03520,Cytoplasmic Membrane,0.0025,0.0806,0.0000,0.7035,0.1736,0.0398
LFHPKGDB_03521,Cytoplasmic Membrane,0.0000,0.0000,0.0000,1.0000,0.0000,0.0000
LFHPKGDB_03522,Cytoplasmic Membrane,0.0000,0.0000,0.0000,0.9999,0.0001,0.0000
LFHPKGDB_03523,Cytoplasmic,0.0003,0.1355,0.7659,0.0017,0.0745,0.0221
LFHPKGDB_03524,Cytoplasmic,0.0000,0.0194,0.9049,0.0016,0.0362,0.0378
LFHPKGDB_03525,Cytoplasmic,0.0013,0.1892,0.6159,0.0442,0.1416,0.0078
LFHPKGDB_03526,Cytoplasmic Membrane,0.0000,0.0000,0.0001,0.9994,0.0005,0.0000
LFHPKGDB_03527,Cytoplasmic Membrane,0.0000,0.0000,0.0000,0.9995,0.0005,0.0000
LFHPKGDB_03528,Cytoplasmic,0.0001,0.0019,0.9577,0.0319,0.0081,0.0003
LFHPKGDB_03529,Cytoplasmic Membrane,0.0000,0.0001,0.0002,0.9975,0.0022,0.0001
LFHPKGDB_03530,Cytoplasmic Membrane,0.0000,0.0001,0.0001,0.9959,0.0037,0.0002
LFHPKGDB_03531,Cytoplasmic Membrane,0.0000,0.0000,0.0002,0.9997,0.0002,0.0000
LFHPKGDB_03532,Cytoplasmic,0.0001,0.0021,0.9609,0.0077,0.0270,0.0023
LFHPKGDB_03533,Cytoplasmic,0.0002,0.0376,0.8356,0.0081,0.1176,0.0010
LFHPKGDB_03534,Cytoplasmic,0.0021,0.0923,0.7942,0.0886,0.0129,0.0099
LFHPKGDB_03535,Cytoplasmic Membrane,0.0098,0.0569,0.0007,0.7027,0.1795,0.0506
LFHPKGDB_03536,Cytoplasmic Membrane,0.0000,0.0000,0.0000,0.9999,0.0001,0.0000
LFHPKGDB_03537,Cytoplasmic Membrane,0.0000,0.0000,0.0000,0.9997,0.0003,0.0000
LFHPKGDB_03538,Cytoplasmic,0.0001,0.2087,0.7195,0.0016,0.0548,0.0152
LFHPKGDB_03539,Cytoplasmic,0.0001,0.0013,0.9850,0.0063,0.0070,0.0003
LFHPKGDB_03540,Cytoplasmic,0.0000,0.0007,0.9382,0.0023,0.0573,0.0014
LFHPKGDB_03541,Cytoplasmic,0.0001,0.0046,0.9615,0.0011,0.0303,0.0024
LFHPKGDB_03542,Cytoplasmic,0.0002,0.0070,0.8267,0.0063,0.1532,0.0066
LFHPKGDB_03543,Cytoplasmic,0.0003,0.0074,0.9785,0.0068,0.0039,0.0030
LFHPKGDB_03544,Cytoplasmic,0.0000,0.0375,0.9577,0.0034,0.0013,0.0001
LFHPKGDB_03545,Cytoplasmic Membrane,0.0000,0.0000,0.0000,0.9998,0.0002,0.0000
LFHPKGDB_03546,Cytoplasmic,0.0000,0.0056,0.9904,0.0036,0.0003,0.0001
LFHPKGDB_03547,Cytoplasmic,0.0002,0.0048,0.9858,0.0077,0.0011,0.0006
LFHPKGDB_03548,Cytoplasmic Membrane,0.0000,0.0001,0.0000,0.9979,0.0019,0.0000
LFHPKGDB_03549,Cytoplasmic Membrane,0.0000,0.0001,0.0000,0.9991,0.0008,0.0000
LFHPKGDB_03550,Cytoplasmic Membrane,0.0000,0.0002,0.0003,0.9979,0.0017,0.0000
LFHPKGDB_03551,Cytoplasmic,0.0001,0.0014,0.9968,0.0014,0.0003,0.0000
LFHPKGDB_03552,Cytoplasmic,0.0004,0.0018,0.8045,0.0505,0.1416,0.0012
LFHPKGDB_03553,Cytoplasmic,0.0004,0.0049,0.7844,0.0045,0.2048,0.0011
LFHPKGDB_03554,Cytoplasmic Membrane,0.0000,0.0000,0.0000,0.9988,0.0012,0.0000
LFHPKGDB_03555,Cytoplasmic,0.0002,0.0041,0.9908,0.0019,0.0030,0.0000
LFHPKGDB_03556,Cytoplasmic,0.0004,0.0716,0.7341,0.1898,0.0032,0.0009
LFHPKGDB_03557,Cytoplasmic Membrane,0.0000,0.0000,0.0002,0.9990,0.0008,0.0000
LFHPKGDB_03558,Cytoplasmic,0.0001,0.1569,0.7198,0.1173,0.0048,0.0011
LFHPKGDB_03559,Cytoplasmic,0.0001,0.2937,0.4596,0.0104,0.2322,0.0040
LFHPKGDB_03560,Cytoplasmic Membrane,0.0000,0.0000,0.0005,0.9978,0.0017,0.0000
LFHPKGDB_03561,Cytoplasmic Membrane,0.0002,0.1051,0.0025,0.8436,0.0486,0.0000
LFHPKGDB_03562,Cytoplasmic Membrane,0.0000,0.0000,0.0000,0.9997,0.0002,0.0000
LFHPKGDB_03563,Cytoplasmic Membrane,0.0000,0.0002,0.0813,0.9110,0.0073,0.0002
LFHPKGDB_03564,Cytoplasmic Membrane,0.0000,0.0001,0.0000,0.9998,0.0001,0.0000
LFHPKGDB_03565,Cytoplasmic,0.0000,0.0005,0.9980,0.0004,0.0010,0.0000
LFHPKGDB_03566,Cytoplasmic Membrane,0.0001,0.0049,0.0064,0.9876,0.0009,0.0000
LFHPKGDB_03567,Cytoplasmic,0.0008,0.0001,0.9977,0.0012,0.0002,0.0000
LFHPKGDB_03568,Cytoplasmic Membrane,0.0001,0.0009,0.0003,0.9821,0.0165,0.0001
LFHPKGDB_03569,Cytoplasmic,0.0000,0.0062,0.9899,0.0006,0.0028,0.0004
LFHPKGDB_03570,Cytoplasmic,0.0001,0.0117,0.8528,0.1230,0.0122,0.0003
LFHPKGDB_03571,Cytoplasmic,0.0040,0.0501,0.8413,0.0517,0.0450,0.0079
LFHPKGDB_03572,Cytoplasmic,0.0000,0.0003,0.9991,0.0000,0.0004,0.0001
LFHPKGDB_03573,Cytoplasmic Membrane,0.0088,0.2045,0.3052,0.3485,0.0086,0.1244
LFHPKGDB_03574,Extracellular,0.0010,0.4400,0.1407,0.3821,0.0282,0.0080
LFHPKGDB_03575,Cytoplasmic Membrane,0.0052,0.0114,0.0029,0.8453,0.1324,0.0028
LFHPKGDB_03576,Cytoplasmic Membrane,0.0000,0.0000,0.0001,0.9988,0.0011,0.0000
LFHPKGDB_03577,Periplasmic,0.0013,0.0966,0.1637,0.3350,0.0573,0.3460
LFHPKGDB_03578,Extracellular,0.0002,0.5712,0.3737,0.0252,0.0292,0.0005
LFHPKGDB_03579,Cytoplasmic,0.0017,0.0042,0.9647,0.0023,0.0253,0.0018
LFHPKGDB_03580,Cytoplasmic Membrane,0.0000,0.0000,0.0002,0.9987,0.0011,0.0000
LFHPKGDB_03581,Cytoplasmic,0.0002,0.0171,0.9674,0.0068,0.0080,0.0005
LFHPKGDB_03582,Cytoplasmic,0.0000,0.0529,0.9325,0.0005,0.0141,0.0001
LFHPKGDB_03583,Cytoplasmic Membrane,0.0000,0.0000,0.0002,0.9993,0.0005,0.0000
LFHPKGDB_03584,Cytoplasmic,0.0001,0.0004,0.9857,0.0123,0.0015,0.0000
LFHPKGDB_03585,Cytoplasmic,0.0008,0.2710,0.3218,0.3065,0.0974,0.0025
LFHPKGDB_03586,Cytoplasmic,0.0000,0.2660,0.5781,0.1315,0.0242,0.0002
LFHPKGDB_03587,Cytoplasmic,0.0014,0.0580,0.8690,0.0122,0.0104,0.0490
LFHPKGDB_03588,Cytoplasmic,0.0064,0.1149,0.6794,0.0045,0.0324,0.1624
LFHPKGDB_03589,Cytoplasmic,0.0133,0.2575,0.7151,0.0032,0.0099,0.0011
LFHPKGDB_03590,Cytoplasmic Membrane,0.0000,0.0000,0.0002,0.9978,0.0020,0.0000
LFHPKGDB_03591,Cytoplasmic,0.0000,0.0011,0.8208,0.0044,0.1727,0.0010
LFHPKGDB_03592,Cytoplasmic,0.0006,0.0023,0.7088,0.0221,0.2641,0.0021
LFHPKGDB_03593,Cytoplasmic Membrane,0.0000,0.0000,0.0008,0.9982,0.0009,0.0000
LFHPKGDB_03594,Cytoplasmic,0.0008,0.0046,0.9626,0.0058,0.0262,0.0000
LFHPKGDB_03595,Cytoplasmic Membrane,0.0002,0.0004,0.0117,0.8077,0.1792,0.0007
LFHPKGDB_03596,Cytoplasmic,0.0001,0.0063,0.8774,0.0432,0.0728,0.0001
LFHPKGDB_03597,Cytoplasmic Membrane,0.0000,0.0067,0.0001,0.9815,0.0117,0.0000
LFHPKGDB_03598,Cytoplasmic Membrane,0.0001,0.0027,0.1392,0.6904,0.1672,0.0004
LFHPKGDB_03599,Cytoplasmic,0.0011,0.0166,0.9504,0.0108,0.0196,0.0015
LFHPKGDB_03600,Cytoplasmic,0.0002,0.0013,0.9097,0.0084,0.0653,0.0151
LFHPKGDB_03601,Cytoplasmic,0.0002,0.0040,0.8936,0.0248,0.0745,0.0029
LFHPKGDB_03602,Cytoplasmic,0.0000,0.0000,0.9739,0.0005,0.0254,0.0001
LFHPKGDB_03603,Cytoplasmic Membrane,0.0000,0.0000,0.0000,0.9995,0.0005,0.0000
LFHPKGDB_03604,Cytoplasmic,0.0001,0.0027,0.8442,0.0361,0.1141,0.0028
LFHPKGDB_03605,Cytoplasmic,0.0027,0.2004,0.4757,0.0234,0.2950,0.0027
LFHPKGDB_03606,Cytoplasmic,0.0001,0.0019,0.7584,0.0342,0.2032,0.0022
LFHPKGDB_03607,Cytoplasmic,0.0003,0.0117,0.7955,0.0008,0.1880,0.0038
LFHPKGDB_03608,Cytoplasmic,0.0000,0.0006,0.9554,0.0408,0.0024,0.0008
LFHPKGDB_03609,Cytoplasmic Membrane,0.0000,0.0001,0.0001,0.9960,0.0038,0.0000
LFHPKGDB_03610,Cytoplasmic,0.0000,0.0001,0.9933,0.0026,0.0034,0.0006
LFHPKGDB_03611,Cytoplasmic,0.0019,0.0778,0.7285,0.1216,0.0672,0.0031
LFHPKGDB_03612,Cytoplasmic Membrane,0.0002,0.0002,0.0009,0.9925,0.0061,0.0000
LFHPKGDB_03613,Cytoplasmic,0.0003,0.0081,0.9615,0.0139,0.0157,0.0004
LFHPKGDB_03614,Cytoplasmic Membrane,0.0093,0.0604,0.0031,0.7167,0.1424,0.0681
LFHPKGDB_03615,Cytoplasmic Membrane,0.0000,0.0000,0.0000,0.9998,0.0002,0.0000
LFHPKGDB_03616,Cytoplasmic Membrane,0.0000,0.0000,0.0000,0.9997,0.0003,0.0000
LFHPKGDB_03617,Cytoplasmic,0.0001,0.0707,0.8877,0.0048,0.0167,0.0200
LFHPKGDB_03618,Cytoplasmic,0.0001,0.0010,0.9974,0.0010,0.0004,0.0000
LFHPKGDB_03619,Cytoplasmic,0.0000,0.0001,0.9991,0.0003,0.0004,0.0000
LFHPKGDB_03620,Cytoplasmic,0.0001,0.0020,0.9470,0.0383,0.0101,0.0026
LFHPKGDB_03621,Cytoplasmic,0.0002,0.0045,0.6170,0.3543,0.0226,0.0014
LFHPKGDB_03622,Cytoplasmic,0.0001,0.0000,0.9965,0.0001,0.0033,0.0001
LFHPKGDB_03623,Cytoplasmic,0.0003,0.0013,0.9707,0.0276,0.0001,0.0000
LFHPKGDB_03624,Cytoplasmic,0.0014,0.0495,0.8332,0.0932,0.0206,0.0021
LFHPKGDB_03625,Cytoplasmic Membrane,0.0000,0.0000,0.0000,0.9992,0.0008,0.0000
LFHPKGDB_03626,Cytoplasmic,0.0000,0.0003,0.9537,0.0104,0.0120,0.0236
LFHPKGDB_03627,Cytoplasmic,0.0000,0.0024,0.9893,0.0011,0.0060,0.0011
LFHPKGDB_03628,Extracellular,0.0170,0.6472,0.1486,0.1502,0.0275,0.0095
LFHPKGDB_03629,Cytoplasmic,0.0000,0.0007,0.9698,0.0053,0.0092,0.0149
LFHPKGDB_03630,Cytoplasmic,0.0002,0.0012,0.9410,0.0095,0.0455,0.0025
LFHPKGDB_03631,Cytoplasmic,0.0000,0.0003,0.9512,0.0329,0.0136,0.0020
LFHPKGDB_03632,Cytoplasmic,0.0000,0.0005,0.9836,0.0001,0.0155,0.0002
LFHPKGDB_03633,Cytoplasmic,0.0001,0.2593,0.7052,0.0103,0.0208,0.0043
LFHPKGDB_03634,Cytoplasmic,0.0002,0.0319,0.9395,0.0006,0.0204,0.0074
LFHPKGDB_03635,Cytoplasmic,0.0002,0.0153,0.9749,0.0074,0.0019,0.0004
LFHPKGDB_03636,Cytoplasmic,0.0018,0.2729,0.6709,0.0088,0.0200,0.0256
LFHPKGDB_03638,Cytoplasmic Membrane,0.0007,0.3773,0.0042,0.6087,0.0089,0.0003
LFHPKGDB_03639,Cytoplasmic Membrane,0.0004,0.0632,0.0003,0.9255,0.0106,0.0000
LFHPKGDB_03640,Cytoplasmic,0.0000,0.0001,0.9987,0.0009,0.0002,0.0000
LFHPKGDB_03641,Cytoplasmic,0.0002,0.0003,0.9809,0.0009,0.0176,0.0002
LFHPKGDB_03642,Cytoplasmic,0.0000,0.0000,0.8074,0.0038,0.1877,0.0010
LFHPKGDB_03643,Cytoplasmic,0.0000,0.0001,0.9933,0.0002,0.0063,0.0001
LFHPKGDB_03644,Cytoplasmic,0.0000,0.0000,0.6998,0.0002,0.2993,0.0006
LFHPKGDB_03645,Cytoplasmic,0.0001,0.0001,0.9912,0.0020,0.0066,0.0001
LFHPKGDB_03646,Cytoplasmic Membrane,0.0000,0.0026,0.0001,0.9943,0.0029,0.0000
LFHPKGDB_03647,Cytoplasmic Membrane,0.0000,0.0000,0.0000,0.9979,0.0021,0.0000
LFHPKGDB_03648,Cytoplasmic,0.0002,0.0000,0.9415,0.0007,0.0575,0.0000
LFHPKGDB_03649,Cytoplasmic,0.0007,0.0033,0.7972,0.0547,0.1431,0.0011
LFHPKGDB_03650,Cytoplasmic Membrane,0.0000,0.0013,0.0002,0.9941,0.0043,0.0000
LFHPKGDB_03651,Cytoplasmic,0.0004,0.0032,0.9686,0.0166,0.0112,0.0001
LFHPKGDB_03652,Cytoplasmic,0.0001,0.0004,0.8531,0.0845,0.0617,0.0001
LFHPKGDB_03653,Cytoplasmic Membrane,0.0010,0.0116,0.0089,0.9656,0.0129,0.0001
LFHPKGDB_03654,Cytoplasmic Membrane,0.0021,0.0396,0.0552,0.8936,0.0089,0.0005
LFHPKGDB_03655,Cytoplasmic Membrane,0.0003,0.0304,0.0036,0.9630,0.0026,0.0001
LFHPKGDB_03656,Cytoplasmic Membrane,0.0000,0.0002,0.0006,0.9961,0.0030,0.0000
LFHPKGDB_03657,Cytoplasmic Membrane,0.0000,0.0000,0.0000,0.9999,0.0001,0.0000
LFHPKGDB_03658,Cytoplasmic Membrane,0.0002,0.0164,0.0000,0.9261,0.0520,0.0053
LFHPKGDB_03659,Cytoplasmic Membrane,0.0689,0.1815,0.0842,0.5712,0.0937,0.0005
LFHPKGDB_03660,Cytoplasmic,0.0001,0.0000,0.9894,0.0041,0.0064,0.0000
LFHPKGDB_03661,Cytoplasmic Membrane,0.0000,0.0000,0.0000,0.9945,0.0054,0.0000
LFHPKGDB_03662,Cytoplasmic Membrane,0.0002,0.0011,0.0000,0.8488,0.1488,0.0011
LFHPKGDB_03663,Cytoplasmic Membrane,0.0001,0.0004,0.0113,0.9871,0.0011,0.0000
LFHPKGDB_03664,Cytoplasmic,0.0002,0.0028,0.9873,0.0085,0.0007,0.0004
LFHPKGDB_03665,Outer Membrane,0.0004,0.0001,0.4186,0.0001,0.5808,0.0001
LFHPKGDB_03666,Cytoplasmic,0.0001,0.0002,0.9906,0.0044,0.0047,0.0000
LFHPKGDB_03667,Cytoplasmic Membrane,0.0105,0.0407,0.0073,0.9225,0.0185,0.0006
LFHPKGDB_03668,Cytoplasmic,0.0001,0.0007,0.7795,0.1657,0.0528,0.0012
LFHPKGDB_03669,Cytoplasmic,0.0002,0.0035,0.9934,0.0016,0.0010,0.0005
LFHPKGDB_03670,Cytoplasmic,0.0006,0.0804,0.8427,0.0449,0.0297,0.0016
LFHPKGDB_03671,Cytoplasmic,0.0020,0.0026,0.8208,0.1166,0.0551,0.0030
LFHPKGDB_03672,Cytoplasmic,0.0005,0.0008,0.9428,0.0184,0.0372,0.0002
LFHPKGDB_03673,Cytoplasmic,0.0002,0.0005,0.9662,0.0304,0.0024,0.0004
LFHPKGDB_03674,Cytoplasmic,0.0004,0.0025,0.9333,0.0632,0.0006,0.0001
LFHPKGDB_03675,Cytoplasmic Membrane,0.0000,0.0000,0.0000,0.9989,0.0010,0.0000
LFHPKGDB_03676,Cytoplasmic Membrane,0.0000,0.0000,0.0001,0.9986,0.0012,0.0000
LFHPKGDB_03677,Cytoplasmic Membrane,0.0000,0.0000,0.0000,0.9998,0.0001,0.0000
LFHPKGDB_03678,Cytoplasmic Membrane,0.0001,0.0009,0.0001,0.9973,0.0015,0.0000
LFHPKGDB_03679,Cytoplasmic,0.0001,0.0018,0.9829,0.0018,0.0125,0.0009
LFHPKGDB_03680,Cytoplasmic Membrane,0.0000,0.0000,0.0001,0.9976,0.0023,0.0000
LFHPKGDB_03681,Cytoplasmic Membrane,0.0000,0.0000,0.0002,0.9996,0.0002,0.0000
LFHPKGDB_03682,Extracellular,0.0451,0.9474,0.0002,0.0010,0.0046,0.0018
LFHPKGDB_03683,Cytoplasmic,0.0002,0.0513,0.8338,0.0625,0.0521,0.0001
LFHPKGDB_03684,Cytoplasmic,0.0001,0.0222,0.9474,0.0253,0.0049,0.0001
LFHPKGDB_03685,Cytoplasmic Membrane,0.0000,0.0000,0.0000,0.9988,0.0011,0.0000
LFHPKGDB_03686,Cytoplasmic Membrane,0.0000,0.0000,0.0000,0.9996,0.0004,0.0000
LFHPKGDB_03687,Cytoplasmic Membrane,0.0000,0.0000,0.0000,0.9998,0.0001,0.0000
LFHPKGDB_03688,Cytoplasmic,0.0000,0.0015,0.9869,0.0016,0.0080,0.0020
LFHPKGDB_03689,Extracellular,0.0441,0.9547,0.0000,0.0001,0.0006,0.0005
LFHPKGDB_03690,Extracellular,0.0373,0.9611,0.0000,0.0001,0.0010,0.0004
LFHPKGDB_03691,Cytoplasmic Membrane,0.0004,0.0057,0.0819,0.8631,0.0486,0.0002
LFHPKGDB_03692,Cytoplasmic,0.0002,0.0166,0.8432,0.0021,0.1366,0.0013
LFHPKGDB_03693,Cytoplasmic Membrane,0.0001,0.0010,0.1324,0.8335,0.0311,0.0020
LFHPKGDB_03694,Cytoplasmic Membrane,0.0000,0.0001,0.0001,0.9986,0.0013,0.0000
LFHPKGDB_03695,Cytoplasmic Membrane,0.0004,0.0159,0.1240,0.8066,0.0527,0.0004
LFHPKGDB_03696,Cytoplasmic Membrane,0.0000,0.0000,0.0163,0.9425,0.0411,0.0000
LFHPKGDB_03697,Cytoplasmic Membrane,0.0000,0.0001,0.0000,0.9996,0.0003,0.0000
LFHPKGDB_03698,Cytoplasmic Membrane,0.0000,0.0117,0.0002,0.9860,0.0021,0.0000
LFHPKGDB_03699,Cytoplasmic Membrane,0.0046,0.1715,0.0065,0.7810,0.0359,0.0005
LFHPKGDB_03700,Cytoplasmic,0.0000,0.0000,0.9987,0.0000,0.0012,0.0001
LFHPKGDB_03701,Cytoplasmic Membrane,0.0000,0.0000,0.0000,0.9999,0.0001,0.0000
LFHPKGDB_03702,Cytoplasmic Membrane,0.0002,0.0021,0.3392,0.6038,0.0543,0.0004
LFHPKGDB_03703,Cytoplasmic,0.0022,0.0585,0.7990,0.0348,0.1017,0.0038
LFHPKGDB_03704,Cytoplasmic,0.0003,0.0611,0.8188,0.0214,0.0833,0.0151
LFHPKGDB_03705,Cytoplasmic,0.0065,0.1548,0.5454,0.2860,0.0073,0.0001
LFHPKGDB_03706,Cytoplasmic,0.0055,0.0168,0.5933,0.2599,0.1229,0.0014
LFHPKGDB_03707,Cytoplasmic Membrane,0.0000,0.0000,0.0000,0.9993,0.0006,0.0000
LFHPKGDB_03708,Cytoplasmic Membrane,0.0000,0.0000,0.0000,0.9991,0.0009,0.0000
LFHPKGDB_03709,Cytoplasmic,0.0021,0.0018,0.6922,0.2845,0.0188,0.0007
LFHPKGDB_03710,Cytoplasmic Membrane,0.0000,0.0000,0.0074,0.9716,0.0208,0.0001
LFHPKGDB_03711,Cytoplasmic,0.0001,0.0060,0.8704,0.1020,0.0212,0.0002
LFHPKGDB_03712,Cytoplasmic Membrane,0.0008,0.0937,0.3629,0.4761,0.0660,0.0004
LFHPKGDB_03713,Cytoplasmic Membrane,0.0000,0.0000,0.0000,0.9996,0.0003,0.0000
LFHPKGDB_03714,Cytoplasmic Membrane,0.0000,0.0002,0.0206,0.9662,0.0128,0.0000
LFHPKGDB_03715,Cytoplasmic,0.0000,0.0001,0.9972,0.0004,0.0023,0.0000
LFHPKGDB_03716,Cytoplasmic Membrane,0.0000,0.0000,0.0000,0.9997,0.0003,0.0000
LFHPKGDB_03717,Cytoplasmic Membrane,0.0001,0.0014,0.1648,0.7307,0.1024,0.0006
LFHPKGDB_03718,Cytoplasmic Membrane,0.0017,0.0722,0.3383,0.5708,0.0169,0.0001
LFHPKGDB_03719,Cytoplasmic Membrane,0.0011,0.0160,0.0882,0.8634,0.0310,0.0003
LFHPKGDB_03720,Cytoplasmic Membrane,0.0003,0.0094,0.0002,0.9795,0.0106,0.0000
LFHPKGDB_03721,Cytoplasmic Membrane,0.0000,0.0007,0.0002,0.9974,0.0018,0.0000
LFHPKGDB_03722,Cytoplasmic Membrane,0.0000,0.0002,0.0001,0.9978,0.0019,0.0000
LFHPKGDB_03725,Cytoplasmic,0.0009,0.0048,0.9535,0.0047,0.0335,0.0025
LFHPKGDB_03726,Cytoplasmic,0.0058,0.0084,0.6622,0.2270,0.0937,0.0029
LFHPKGDB_03727,Cytoplasmic Membrane,0.0000,0.0000,0.0000,0.9999,0.0001,0.0000
LFHPKGDB_03728,Cytoplasmic,0.0001,0.0032,0.9507,0.0263,0.0115,0.0082
LFHPKGDB_03729,Cytoplasmic,0.0001,0.0133,0.8525,0.0965,0.0365,0.0010
LFHPKGDB_03730,Cytoplasmic Membrane,0.0000,0.0000,0.0019,0.9949,0.0031,0.0000
LFHPKGDB_03731,Cytoplasmic Membrane,0.0000,0.0000,0.0001,0.9997,0.0002,0.0000
LFHPKGDB_03732,Cytoplasmic,0.0001,0.0005,0.9811,0.0041,0.0139,0.0003
LFHPKGDB_03733,Cytoplasmic,0.0001,0.0001,0.9986,0.0005,0.0007,0.0001
LFHPKGDB_03734,Cytoplasmic,0.0002,0.0001,0.9961,0.0034,0.0003,0.0000
LFHPKGDB_03735,Cytoplasmic,0.0000,0.0011,0.9980,0.0004,0.0004,0.0001
LFHPKGDB_03736,Cytoplasmic,0.0001,0.0004,0.9961,0.0010,0.0023,0.0002
LFHPKGDB_03737,Cytoplasmic,0.0002,0.0023,0.9806,0.0160,0.0005,0.0004
LFHPKGDB_03738,Cytoplasmic,0.0002,0.0004,0.9905,0.0036,0.0029,0.0024
LFHPKGDB_03739,Cytoplasmic,0.0002,0.0038,0.9918,0.0017,0.0025,0.0001
LFHPKGDB_03740,Cytoplasmic Membrane,0.0011,0.1071,0.0004,0.8161,0.0753,0.0000
LFHPKGDB_03741,Cytoplasmic,0.0000,0.0000,0.9939,0.0057,0.0003,0.0000
LFHPKGDB_03742,Cytoplasmic,0.0000,0.0008,0.9813,0.0006,0.0055,0.0118
LFHPKGDB_03743,Cytoplasmic,0.0001,0.1838,0.5066,0.0910,0.2157,0.0028
LFHPKGDB_03744,Cytoplasmic,0.0000,0.0015,0.9967,0.0011,0.0006,0.0000
LFHPKGDB_03745,Cytoplasmic,0.0000,0.0000,0.9971,0.0001,0.0027,0.0001
LFHPKGDB_03746,Cytoplasmic Membrane,0.0000,0.0000,0.0000,0.9999,0.0001,0.0000
LFHPKGDB_03747,Cytoplasmic,0.0003,0.0496,0.9496,0.0004,0.0002,0.0000
LFHPKGDB_03748,Cytoplasmic,0.0000,0.0003,0.9742,0.0037,0.0211,0.0007
LFHPKGDB_03749,Cytoplasmic,0.0000,0.0000,0.9984,0.0001,0.0014,0.0000
LFHPKGDB_03750,Cytoplasmic Membrane,0.0000,0.0003,0.0001,0.9964,0.0033,0.0000
LFHPKGDB_03751,Cytoplasmic Membrane,0.0001,0.0081,0.0008,0.9887,0.0022,0.0000
LFHPKGDB_03752,Cytoplasmic Membrane,0.0012,0.0017,0.0009,0.9884,0.0075,0.0002
LFHPKGDB_03753,Cytoplasmic Membrane,0.0000,0.0000,0.0000,0.9999,0.0001,0.0000
LFHPKGDB_03754,Cytoplasmic,0.0002,0.0002,0.9988,0.0004,0.0003,0.0001
LFHPKGDB_03755,Cytoplasmic Membrane,0.0000,0.0002,0.0000,0.9994,0.0004,0.0000
LFHPKGDB_03756,Cytoplasmic,0.0004,0.0071,0.9889,0.0029,0.0006,0.0001
LFHPKGDB_03757,Cytoplasmic Membrane,0.0001,0.0038,0.0001,0.9934,0.0026,0.0000
LFHPKGDB_03758,Cytoplasmic,0.0002,0.0003,0.9734,0.0154,0.0107,0.0001
LFHPKGDB_03759,Cytoplasmic,0.0000,0.0007,0.8345,0.0003,0.1641,0.0003
LFHPKGDB_03760,Cytoplasmic,0.0001,0.0019,0.9898,0.0003,0.0029,0.0050
LFHPKGDB_03761,Cytoplasmic,0.0022,0.0007,0.9537,0.0423,0.0009,0.0001
LFHPKGDB_03762,Cytoplasmic Membrane,0.0019,0.4838,0.0010,0.4896,0.0116,0.0121
LFHPKGDB_03763,Cytoplasmic,0.0000,0.0002,0.9984,0.0002,0.0010,0.0002
LFHPKGDB_03764,Cytoplasmic,0.0001,0.0017,0.9456,0.0009,0.0516,0.0002
LFHPKGDB_03765,Cytoplasmic Membrane,0.0000,0.0003,0.0040,0.9946,0.0011,0.0000
LFHPKGDB_03766,Cytoplasmic,0.0002,0.0004,0.9537,0.0305,0.0151,0.0001
LFHPKGDB_03767,Cytoplasmic,0.0002,0.0015,0.9869,0.0040,0.0073,0.0001
LFHPKGDB_03768,Cytoplasmic,0.0000,0.0001,0.9913,0.0004,0.0058,0.0024
LFHPKGDB_03769,Cytoplasmic,0.0001,0.0076,0.9054,0.0019,0.0824,0.0027
LFHPKGDB_03770,Cytoplasmic,0.0003,0.0221,0.9422,0.0071,0.0282,0.0003
LFHPKGDB_03771,Cytoplasmic,0.0000,0.0024,0.7853,0.2025,0.0092,0.0006
LFHPKGDB_03772,Cytoplasmic Membrane,0.0000,0.0009,0.0009,0.9793,0.0175,0.0013
LFHPKGDB_03773,Cytoplasmic,0.0005,0.0600,0.8724,0.0021,0.0436,0.0214
LFHPKGDB_03774,Cytoplasmic Membrane,0.0000,0.0000,0.0000,0.9999,0.0001,0.0000
LFHPKGDB_03775,Cytoplasmic,0.0000,0.0000,0.9989,0.0000,0.0011,0.0000
LFHPKGDB_03776,Cytoplasmic,0.0001,0.0007,0.9488,0.0286,0.0219,0.0000
LFHPKGDB_03777,Cytoplasmic,0.0001,0.1740,0.5058,0.0358,0.2764,0.0079
LFHPKGDB_03778,Cytoplasmic,0.0004,0.0290,0.9385,0.0222,0.0073,0.0026
LFHPKGDB_03779,Cytoplasmic,0.0000,0.1430,0.7884,0.0578,0.0104,0.0003
LFHPKGDB_03780,Cytoplasmic,0.0000,0.0032,0.9715,0.0016,0.0229,0.0008
LFHPKGDB_03781,Cytoplasmic Membrane,0.0000,0.0000,0.0000,0.9995,0.0005,0.0000
LFHPKGDB_03782,Cytoplasmic,0.0002,0.0295,0.9167,0.0068,0.0455,0.0012
LFHPKGDB_03783,Cytoplasmic,0.0001,0.0001,0.9719,0.0019,0.0260,0.0000
LFHPKGDB_03784,Cytoplasmic Membrane,0.0429,0.0931,0.0002,0.7819,0.0761,0.0058
LFHPKGDB_03785,Cytoplasmic Membrane,0.0000,0.0000,0.0000,1.0000,0.0000,0.0000
LFHPKGDB_03786,Cytoplasmic Membrane,0.0000,0.0000,0.0001,0.9987,0.0012,0.0000
LFHPKGDB_03787,Cytoplasmic Membrane,0.0000,0.0003,0.1275,0.8674,0.0029,0.0020
LFHPKGDB_03788,Cytoplasmic Membrane,0.0002,0.0008,0.1243,0.8668,0.0070,0.0009
LFHPKGDB_03789,Cytoplasmic,0.0000,0.0024,0.9732,0.0036,0.0186,0.0021
LFHPKGDB_03790,Cytoplasmic Membrane,0.0000,0.0000,0.0000,0.9999,0.0000,0.0000
LFHPKGDB_03791,Cytoplasmic,0.0000,0.0003,0.9899,0.0072,0.0026,0.0000
LFHPKGDB_03792,Cytoplasmic Membrane,0.0000,0.0004,0.0000,0.9995,0.0001,0.0000
LFHPKGDB_03793,Cytoplasmic Membrane,0.0000,0.0000,0.0000,0.9998,0.0002,0.0000
LFHPKGDB_03794,Cytoplasmic,0.0002,0.2352,0.6567,0.0155,0.0916,0.0008
LFHPKGDB_03795,Cytoplasmic,0.0001,0.0003,0.8157,0.0177,0.1657,0.0005
LFHPKGDB_03796,Cytoplasmic,0.0011,0.0019,0.9734,0.0076,0.0147,0.0014
LFHPKGDB_03797,Cytoplasmic,0.0003,0.0010,0.9797,0.0080,0.0078,0.0033
LFHPKGDB_03798,Outer Membrane,0.0013,0.0800,0.3835,0.0699,0.4590,0.0062
LFHPKGDB_03799,Cytoplasmic Membrane,0.0000,0.0001,0.0975,0.8985,0.0039,0.0000
LFHPKGDB_03800,Cytoplasmic,0.0000,0.0000,0.9936,0.0002,0.0062,0.0001
LFHPKGDB_03801,Cytoplasmic,0.0002,0.1183,0.8731,0.0058,0.0025,0.0001
LFHPKGDB_03802,Cytoplasmic,0.0007,0.0033,0.9808,0.0029,0.0124,0.0000
LFHPKGDB_03803,Cytoplasmic,0.0000,0.3805,0.5435,0.0042,0.0714,0.0004
LFHPKGDB_03804,Cytoplasmic,0.0000,0.4647,0.5176,0.0036,0.0139,0.0002
LFHPKGDB_03805,Cytoplasmic,0.0004,0.0778,0.8972,0.0118,0.0117,0.0011
LFHPKGDB_03806,Cytoplasmic,0.0002,0.0418,0.9567,0.0008,0.0004,0.0001
LFHPKGDB_03808,Cytoplasmic Membrane,0.0002,0.0859,0.0000,0.8930,0.0209,0.0000
LFHPKGDB_03809,Extracellular,0.0377,0.8782,0.0001,0.0373,0.0108,0.0360
LFHPKGDB_03810,Cytoplasmic,0.0004,0.0006,0.9845,0.0134,0.0010,0.0001
LFHPKGDB_03811,Cytoplasmic,0.0000,0.0001,0.9953,0.0002,0.0044,0.0000
LFHPKGDB_03812,Cytoplasmic Membrane,0.0000,0.0000,0.0003,0.9942,0.0055,0.0000
LFHPKGDB_03813,Cytoplasmic,0.0002,0.0036,0.9740,0.0017,0.0182,0.0023
LFHPKGDB_03814,Cytoplasmic,0.0072,0.1354,0.6587,0.0067,0.1906,0.0014
LFHPKGDB_03815,Cytoplasmic,0.0035,0.0212,0.8585,0.0678,0.0487,0.0002
LFHPKGDB_03816,Cytoplasmic,0.0012,0.0262,0.9326,0.0035,0.0359,0.0006
LFHPKGDB_03817,Outer Membrane,0.0028,0.2185,0.0313,0.2294,0.5175,0.0005
LFHPKGDB_03818,Cytoplasmic,0.0012,0.1935,0.4576,0.2694,0.0778,0.0005
LFHPKGDB_03819,Cytoplasmic,0.0048,0.0077,0.9815,0.0021,0.0039,0.0000
LFHPKGDB_03820,Cytoplasmic,0.0001,0.0320,0.9594,0.0003,0.0082,0.0001
LFHPKGDB_03821,Cytoplasmic,0.0008,0.1895,0.7644,0.0234,0.0217,0.0001
LFHPKGDB_03822,Cytoplasmic,0.0034,0.0380,0.9130,0.0233,0.0222,0.0001
LFHPKGDB_03823,Cytoplasmic,0.0006,0.2528,0.7020,0.0242,0.0200,0.0004
LFHPKGDB_03824,Cytoplasmic,0.0002,0.2609,0.7015,0.0193,0.0131,0.0050
LFHPKGDB_03825,Cytoplasmic,0.0010,0.1710,0.7704,0.0221,0.0348,0.0008
LFHPKGDB_03826,Cytoplasmic,0.0019,0.2118,0.7493,0.0081,0.0284,0.0005
LFHPKGDB_03827,Cytoplasmic,0.0003,0.0065,0.9644,0.0118,0.0167,0.0001
LFHPKGDB_03828,Cytoplasmic,0.0001,0.3225,0.3305,0.3075,0.0394,0.0000
LFHPKGDB_03829,Cytoplasmic Membrane,0.0002,0.3327,0.0028,0.6477,0.0165,0.0000
LFHPKGDB_03830,Extracellular,0.0002,0.9998,0.0000,0.0000,0.0000,0.0000
LFHPKGDB_03831,Extracellular,0.0012,0.4116,0.0008,0.2295,0.3566,0.0003
LFHPKGDB_03832,Cytoplasmic,0.0001,0.0552,0.8729,0.0639,0.0076,0.0002
LFHPKGDB_03833,Extracellular,0.0339,0.5680,0.0123,0.2522,0.1332,0.0004
LFHPKGDB_03834,Cytoplasmic,0.0002,0.0010,0.9715,0.0003,0.0270,0.0000
LFHPKGDB_03835,Cytoplasmic,0.0003,0.4412,0.5096,0.0116,0.0348,0.0025
LFHPKGDB_03836,Cytoplasmic,0.0013,0.2461,0.7126,0.0073,0.0325,0.0002
LFHPKGDB_03837,Cytoplasmic,0.0003,0.2941,0.4973,0.1994,0.0079,0.0010
LFHPKGDB_03838,Cytoplasmic,0.0001,0.0003,0.9967,0.0023,0.0006,0.0000
LFHPKGDB_03839,Cytoplasmic,0.0000,0.0008,0.9899,0.0008,0.0077,0.0008
LFHPKGDB_03840,Cytoplasmic,0.0021,0.0695,0.5831,0.0423,0.3000,0.0031
LFHPKGDB_03841,Cytoplasmic,0.0001,0.0161,0.7939,0.0037,0.1845,0.0017
LFHPKGDB_03842,Cytoplasmic,0.0000,0.0001,0.9973,0.0009,0.0017,0.0001
LFHPKGDB_03843,Cytoplasmic Membrane,0.0000,0.0000,0.0000,0.9996,0.0004,0.0000
LFHPKGDB_03844,Cytoplasmic,0.0005,0.0036,0.9342,0.0448,0.0164,0.0005
LFHPKGDB_03845,Cytoplasmic,0.0003,0.0811,0.9076,0.0048,0.0051,0.0011
LFHPKGDB_03846,Cytoplasmic,0.0139,0.0003,0.9848,0.0006,0.0005,0.0000
LFHPKGDB_03847,Cytoplasmic,0.0001,0.0026,0.9836,0.0016,0.0120,0.0001
LFHPKGDB_03848,Cytoplasmic,0.0002,0.0028,0.9803,0.0070,0.0092,0.0005
LFHPKGDB_03849,Cytoplasmic,0.0002,0.0006,0.8839,0.0814,0.0335,0.0005
LFHPKGDB_03850,Cytoplasmic,0.0021,0.0232,0.9063,0.0055,0.0578,0.0050
LFHPKGDB_03851,Cytoplasmic,0.0001,0.0004,0.6096,0.0033,0.3361,0.0505
LFHPKGDB_03852,Cytoplasmic Membrane,0.0000,0.0000,0.0717,0.7545,0.1737,0.0001
LFHPKGDB_03853,Cytoplasmic,0.0003,0.0015,0.9955,0.0006,0.0019,0.0002
LFHPKGDB_03854,Cytoplasmic,0.0005,0.0042,0.8947,0.0556,0.0436,0.0014
LFHPKGDB_03855,Cytoplasmic Membrane,0.0399,0.0763,0.0064,0.8051,0.0693,0.0030
LFHPKGDB_03856,Cytoplasmic,0.0003,0.1242,0.8145,0.0533,0.0067,0.0010
LFHPKGDB_03857,Cytoplasmic,0.0001,0.0002,0.9565,0.0292,0.0140,0.0001
LFHPKGDB_03858,Cytoplasmic,0.0001,0.0003,0.9359,0.0604,0.0033,0.0001
LFHPKGDB_03859,Cytoplasmic,0.0000,0.0000,0.9966,0.0000,0.0032,0.0002
LFHPKGDB_03860,Cytoplasmic,0.0000,0.0001,0.9990,0.0002,0.0004,0.0003
LFHPKGDB_03861,Cytoplasmic,0.0002,0.1681,0.8188,0.0024,0.0061,0.0046
LFHPKGDB_03862,Cytoplasmic Membrane,0.0083,0.0166,0.0002,0.8345,0.0997,0.0407
LFHPKGDB_03863,Cytoplasmic Membrane,0.0000,0.0000,0.0000,0.9999,0.0001,0.0000
LFHPKGDB_03864,Cytoplasmic Membrane,0.0000,0.0000,0.0000,0.9998,0.0002,0.0000
LFHPKGDB_03865,Cytoplasmic,0.0021,0.0700,0.9168,0.0016,0.0082,0.0013
LFHPKGDB_03866,Cytoplasmic Membrane,0.0040,0.0750,0.0007,0.8603,0.0571,0.0030
LFHPKGDB_03867,Cytoplasmic,0.0002,0.0015,0.9017,0.0042,0.0917,0.0006
LFHPKGDB_03868,Cytoplasmic Membrane,0.0001,0.0002,0.0001,0.9881,0.0115,0.0000
LFHPKGDB_03869,Cytoplasmic,0.0000,0.0045,0.9910,0.0016,0.0022,0.0007
LFHPKGDB_03870,Cytoplasmic Membrane,0.0340,0.1235,0.0020,0.6159,0.1797,0.0450
LFHPKGDB_03871,Cytoplasmic Membrane,0.0000,0.0000,0.0000,1.0000,0.0000,0.0000
LFHPKGDB_03872,Cytoplasmic Membrane,0.0000,0.0000,0.0000,0.9999,0.0001,0.0000
LFHPKGDB_03873,Cytoplasmic,0.0015,0.0112,0.9738,0.0112,0.0021,0.0002
LFHPKGDB_03874,Cytoplasmic,0.0005,0.0142,0.9709,0.0053,0.0078,0.0013
LFHPKGDB_03875,Cytoplasmic,0.0002,0.4814,0.4937,0.0030,0.0054,0.0163
LFHPKGDB_03876,Cytoplasmic,0.0006,0.0528,0.9290,0.0096,0.0065,0.0016
LFHPKGDB_03877,Cytoplasmic,0.0000,0.0547,0.9109,0.0074,0.0255,0.0014
LFHPKGDB_03878,Cytoplasmic,0.0002,0.0005,0.9089,0.0070,0.0825,0.0008
LFHPKGDB_03879,Cytoplasmic,0.0003,0.0034,0.9680,0.0270,0.0010,0.0002
LFHPKGDB_03880,Extracellular,0.3005,0.6932,0.0001,0.0011,0.0047,0.0003
LFHPKGDB_03881,Cytoplasmic Membrane,0.0000,0.0000,0.0000,0.9998,0.0002,0.0000
LFHPKGDB_03882,Cytoplasmic Membrane,0.0000,0.0000,0.0000,1.0000,0.0000,0.0000
LFHPKGDB_03883,Cytoplasmic Membrane,0.0000,0.0000,0.0000,0.9986,0.0013,0.0000
LFHPKGDB_03884,Cytoplasmic Membrane,0.0000,0.0004,0.2488,0.7430,0.0078,0.0000
LFHPKGDB_03885,Cytoplasmic,0.0007,0.0298,0.9659,0.0026,0.0010,0.0001
LFHPKGDB_03886,Cytoplasmic Membrane,0.0000,0.0000,0.0002,0.9996,0.0002,0.0000
LFHPKGDB_03887,Cytoplasmic,0.0001,0.0010,0.9252,0.0653,0.0054,0.0031
LFHPKGDB_03888,Cytoplasmic,0.0000,0.0057,0.9891,0.0043,0.0008,0.0000
LFHPKGDB_03889,Cytoplasmic,0.0000,0.0004,0.9925,0.0001,0.0004,0.0066
LFHPKGDB_03890,Cytoplasmic Membrane,0.0054,0.0339,0.0055,0.7791,0.1698,0.0064
LFHPKGDB_03891,Cytoplasmic Membrane,0.0192,0.1480,0.0126,0.6114,0.1965,0.0124
LFHPKGDB_03892,Cytoplasmic,0.0002,0.0001,0.9743,0.0063,0.0188,0.0003
LFHPKGDB_03893,Cytoplasmic,0.0003,0.0793,0.9022,0.0020,0.0103,0.0059
LFHPKGDB_03894,Cytoplasmic Membrane,0.0019,0.0465,0.0579,0.7250,0.1669,0.0016
LFHPKGDB_03895,Cytoplasmic,0.0008,0.0079,0.8602,0.0166,0.0779,0.0367
LFHPKGDB_03896,Cytoplasmic,0.0000,0.0166,0.9394,0.0067,0.0224,0.0149
LFHPKGDB_03897,Cytoplasmic,0.0001,0.0033,0.8987,0.0007,0.0027,0.0945
LFHPKGDB_03898,Cytoplasmic,0.0060,0.0491,0.8683,0.0113,0.0585,0.0069
LFHPKGDB_03899,Cytoplasmic,0.0005,0.0271,0.4532,0.0231,0.1440,0.3522
LFHPKGDB_03900,Cytoplasmic,0.0003,0.0108,0.9261,0.0123,0.0471,0.0034
LFHPKGDB_03901,Cytoplasmic,0.0000,0.0016,0.9922,0.0014,0.0047,0.0001
LFHPKGDB_03902,Cytoplasmic Membrane,0.0001,0.0024,0.0009,0.9945,0.0019,0.0003
LFHPKGDB_03903,Cytoplasmic,0.0000,0.0019,0.9963,0.0003,0.0013,0.0001
LFHPKGDB_03904,Cytoplasmic,0.0011,0.3635,0.5265,0.0441,0.0111,0.0538
LFHPKGDB_03905,Cytoplasmic,0.0001,0.0105,0.9769,0.0089,0.0032,0.0004
LFHPKGDB_03906,Cytoplasmic Membrane,0.0000,0.0000,0.0000,1.0000,0.0000,0.0000
LFHPKGDB_03907,Cell wall & surface,0.4862,0.4011,0.0026,0.0493,0.0495,0.0112
LFHPKGDB_03908,Cytoplasmic,0.0002,0.0000,0.9611,0.0015,0.0358,0.0015
LFHPKGDB_03909,Cytoplasmic Membrane,0.0000,0.0000,0.0000,0.9994,0.0006,0.0000
LFHPKGDB_03910,Cytoplasmic,0.0000,0.0000,0.9992,0.0004,0.0004,0.0000
LFHPKGDB_03911,Cytoplasmic,0.0000,0.0001,0.9799,0.0081,0.0040,0.0079
LFHPKGDB_03912,Cytoplasmic Membrane,0.0004,0.0018,0.0000,0.6988,0.2480,0.0510
LFHPKGDB_03913,Cytoplasmic Membrane,0.0000,0.0001,0.0003,0.9981,0.0014,0.0000
LFHPKGDB_03914,Cytoplasmic Membrane,0.0000,0.0000,0.0000,0.9998,0.0002,0.0000
LFHPKGDB_03915,Cytoplasmic,0.0000,0.0003,0.9687,0.0142,0.0102,0.0066
LFHPKGDB_03916,Cytoplasmic,0.0002,0.0024,0.9264,0.0225,0.0389,0.0096
LFHPKGDB_03917,Cytoplasmic,0.0004,0.3730,0.6192,0.0011,0.0056,0.0006
LFHPKGDB_03918,Cytoplasmic,0.0005,0.0021,0.9816,0.0070,0.0087,0.0000
LFHPKGDB_03919,Cytoplasmic,0.0002,0.0548,0.4185,0.0083,0.3976,0.1204
LFHPKGDB_03920,Extracellular,0.0046,0.5535,0.3279,0.0012,0.0219,0.0909
LFHPKGDB_03921,Cytoplasmic,0.0001,0.0007,0.9379,0.0311,0.0283,0.0019
LFHPKGDB_03922,Cytoplasmic,0.0004,0.0046,0.7397,0.0444,0.2103,0.0006
LFHPKGDB_03923,Cytoplasmic,0.0008,0.1354,0.7025,0.1178,0.0423,0.0012
LFHPKGDB_03924,Cytoplasmic Membrane,0.0005,0.0026,0.0007,0.9897,0.0065,0.0000
LFHPKGDB_03925,Cytoplasmic Membrane,0.0000,0.0001,0.0000,0.9996,0.0003,0.0000
LFHPKGDB_03926,Cytoplasmic,0.0001,0.0008,0.9939,0.0015,0.0030,0.0007
LFHPKGDB_03927,Cytoplasmic,0.0024,0.0020,0.9850,0.0033,0.0063,0.0011
LFHPKGDB_03928,Cytoplasmic,0.0018,0.0036,0.9545,0.0113,0.0078,0.0211
LFHPKGDB_03929,Cytoplasmic,0.0002,0.0007,0.9761,0.0127,0.0086,0.0017
LFHPKGDB_03930,Cytoplasmic,0.0001,0.0002,0.9790,0.0051,0.0137,0.0020
LFHPKGDB_03931,Cytoplasmic,0.0000,0.0001,0.9798,0.0051,0.0149,0.0000
LFHPKGDB_03932,Cytoplasmic,0.0001,0.0021,0.9597,0.0018,0.0359,0.0004
LFHPKGDB_03933,Cytoplasmic,0.0005,0.0033,0.8471,0.1067,0.0410,0.0015
LFHPKGDB_03934,Cytoplasmic,0.0003,0.0023,0.6030,0.0088,0.3837,0.0019
LFHPKGDB_03935,Cytoplasmic Membrane,0.0000,0.0186,0.0016,0.9769,0.0029,0.0001
LFHPKGDB_03936,Cytoplasmic,0.0002,0.1319,0.8196,0.0044,0.0148,0.0291
LFHPKGDB_03937,Cytoplasmic Membrane,0.0131,0.1255,0.0002,0.6875,0.0785,0.0952
LFHPKGDB_03938,Cytoplasmic,0.0002,0.0004,0.9978,0.0007,0.0008,0.0001
LFHPKGDB_03939,Cytoplasmic Membrane,0.0000,0.0000,0.0000,0.9962,0.0037,0.0000
LFHPKGDB_03940,Cytoplasmic Membrane,0.0000,0.0000,0.0000,0.9999,0.0001,0.0000
LFHPKGDB_03941,Cytoplasmic Membrane,0.0000,0.0000,0.0000,0.9999,0.0001,0.0000
LFHPKGDB_03942,Cytoplasmic,0.0006,0.1509,0.7614,0.0354,0.0198,0.0320
LFHPKGDB_03943,Cytoplasmic,0.0000,0.0106,0.9245,0.0253,0.0271,0.0125
LFHPKGDB_03944,Cytoplasmic,0.0000,0.0074,0.9770,0.0081,0.0056,0.0019
LFHPKGDB_03945,Cytoplasmic,0.0000,0.0001,0.9880,0.0069,0.0046,0.0004
LFHPKGDB_03946,Cytoplasmic,0.0001,0.0002,0.9891,0.0070,0.0022,0.0014
LFHPKGDB_03947,Cytoplasmic,0.0006,0.0009,0.9944,0.0010,0.0028,0.0003
LFHPKGDB_03948,Cytoplasmic,0.0023,0.0412,0.8891,0.0579,0.0088,0.0006
LFHPKGDB_03949,Cytoplasmic,0.0006,0.2406,0.5979,0.1324,0.0208,0.0077
LFHPKGDB_03950,Cytoplasmic Membrane,0.0024,0.0922,0.0010,0.5569,0.1381,0.2093
LFHPKGDB_03951,Cytoplasmic Membrane,0.0000,0.0000,0.0000,1.0000,0.0000,0.0000
LFHPKGDB_03952,Cytoplasmic Membrane,0.0000,0.0000,0.0000,0.9998,0.0002,0.0000
LFHPKGDB_03953,Cytoplasmic Membrane,0.0000,0.0000,0.0000,0.9999,0.0001,0.0000
LFHPKGDB_03954,Cytoplasmic,0.0002,0.3652,0.4968,0.0454,0.0874,0.0051
LFHPKGDB_03955,Cytoplasmic,0.0020,0.1927,0.3588,0.2921,0.0385,0.1158
LFHPKGDB_03956,Cytoplasmic,0.0000,0.0000,0.9980,0.0000,0.0019,0.0000
LFHPKGDB_03957,Cytoplasmic,0.0004,0.0023,0.9421,0.0485,0.0059,0.0009
LFHPKGDB_03958,Cytoplasmic,0.0002,0.0035,0.9947,0.0015,0.0001,0.0001
LFHPKGDB_03959,Cytoplasmic,0.0001,0.0103,0.9617,0.0013,0.0254,0.0014
LFHPKGDB_03960,Cytoplasmic,0.0002,0.1204,0.8759,0.0003,0.0007,0.0024
LFHPKGDB_03961,Cytoplasmic,0.0003,0.0150,0.9567,0.0263,0.0014,0.0002
LFHPKGDB_03962,Cytoplasmic,0.0006,0.0890,0.8560,0.0103,0.0094,0.0347
LFHPKGDB_03963,Cytoplasmic,0.0000,0.0049,0.9911,0.0008,0.0017,0.0015
LFHPKGDB_03964,Cytoplasmic,0.0001,0.0010,0.8128,0.1848,0.0013,0.0000
LFHPKGDB_03965,Cytoplasmic Membrane,0.0002,0.0004,0.0237,0.9728,0.0027,0.0002
LFHPKGDB_03966,Cytoplasmic Membrane,0.0000,0.0046,0.0189,0.9762,0.0003,0.0000
LFHPKGDB_03967,Cytoplasmic Membrane,0.0000,0.0004,0.0003,0.9939,0.0053,0.0000
LFHPKGDB_03968,Cytoplasmic Membrane,0.0000,0.0005,0.0013,0.9954,0.0027,0.0000
LFHPKGDB_03969,Cytoplasmic Membrane,0.0015,0.0009,0.1028,0.8947,0.0000,0.0000
LFHPKGDB_03970,Cytoplasmic Membrane,0.0003,0.0594,0.0055,0.9284,0.0064,0.0000
LFHPKGDB_03971,Cytoplasmic Membrane,0.0280,0.0608,0.0014,0.7748,0.1341,0.0008
LFHPKGDB_03972,Cytoplasmic,0.0000,0.0000,0.9794,0.0008,0.0194,0.0004
LFHPKGDB_03973,Cytoplasmic,0.0015,0.0343,0.9487,0.0150,0.0005,0.0000
LFHPKGDB_03974,Cytoplasmic,0.0008,0.0008,0.8817,0.0372,0.0788,0.0007
LFHPKGDB_03975,Cytoplasmic,0.0000,0.0000,0.9968,0.0007,0.0020,0.0004
LFHPKGDB_03976,Cytoplasmic,0.0013,0.0117,0.9619,0.0125,0.0119,0.0007
LFHPKGDB_03977,Cytoplasmic,0.0000,0.0001,0.9962,0.0027,0.0010,0.0001
LFHPKGDB_03978,Cytoplasmic,0.0001,0.0042,0.9898,0.0037,0.0022,0.0001
LFHPKGDB_03979,Cytoplasmic,0.0008,0.0461,0.6360,0.1695,0.1442,0.0035
LFHPKGDB_03980,Cytoplasmic,0.0000,0.0001,0.9673,0.0003,0.0322,0.0001
LFHPKGDB_03981,Cytoplasmic,0.0000,0.0009,0.9903,0.0025,0.0063,0.0000
LFHPKGDB_03982,Cytoplasmic,0.0000,0.0003,0.9916,0.0050,0.0029,0.0002
LFHPKGDB_03983,Cytoplasmic,0.0001,0.0003,0.9946,0.0045,0.0004,0.0001
LFHPKGDB_03984,Cytoplasmic Membrane,0.0045,0.0970,0.0112,0.8220,0.0640,0.0012
LFHPKGDB_03985,Cytoplasmic,0.0000,0.0002,0.9817,0.0037,0.0143,0.0000
LFHPKGDB_03986,Cytoplasmic,0.0004,0.0834,0.8765,0.0119,0.0256,0.0023
LFHPKGDB_03987,Cytoplasmic,0.0003,0.0009,0.9663,0.0075,0.0248,0.0003
LFHPKGDB_03988,Cytoplasmic Membrane,0.0000,0.0002,0.0003,0.9979,0.0016,0.0000
LFHPKGDB_03989,Cytoplasmic Membrane,0.0002,0.0010,0.0004,0.9918,0.0064,0.0001
LFHPKGDB_03990,Cytoplasmic Membrane,0.0002,0.0004,0.0811,0.9138,0.0045,0.0000
LFHPKGDB_03991,Cytoplasmic Membrane,0.0000,0.0000,0.0000,0.9997,0.0003,0.0000
LFHPKGDB_03992,Extracellular,0.0073,0.5166,0.3484,0.0047,0.0478,0.0751
LFHPKGDB_03993,Extracellular,0.0047,0.6189,0.3220,0.0032,0.0248,0.0263
LFHPKGDB_03994,Cytoplasmic,0.0001,0.0002,0.9079,0.0223,0.0689,0.0005
LFHPKGDB_03995,Cytoplasmic,0.0000,0.0001,0.9953,0.0045,0.0001,0.0000
LFHPKGDB_03996,Cytoplasmic Membrane,0.0005,0.0041,0.0051,0.9177,0.0722,0.0004
LFHPKGDB_03997,Cytoplasmic Membrane,0.0000,0.0002,0.0004,0.9986,0.0008,0.0000
LFHPKGDB_03998,Cytoplasmic,0.0002,0.0004,0.9953,0.0029,0.0012,0.0000
LFHPKGDB_03999,Cytoplasmic,0.0001,0.0045,0.9754,0.0029,0.0157,0.0014
LFHPKGDB_04000,Extracellular,0.0214,0.9285,0.0138,0.0299,0.0051,0.0013
LFHPKGDB_04001,Cytoplasmic,0.0002,0.0012,0.9734,0.0055,0.0195,0.0003
LFHPKGDB_04002,Cytoplasmic Membrane,0.0026,0.0394,0.0075,0.9325,0.0177,0.0003
LFHPKGDB_04003,Cytoplasmic Membrane,0.0000,0.0000,0.0000,0.9997,0.0002,0.0000
LFHPKGDB_04004,Cytoplasmic,0.0006,0.0233,0.9338,0.0048,0.0153,0.0222
LFHPKGDB_04005,Cytoplasmic,0.0012,0.0004,0.9627,0.0047,0.0309,0.0001
LFHPKGDB_04006,Cytoplasmic,0.0001,0.0005,0.9815,0.0014,0.0158,0.0007
LFHPKGDB_04007,Cytoplasmic,0.0000,0.0002,0.9848,0.0037,0.0108,0.0005
LFHPKGDB_04008,Cytoplasmic,0.0000,0.0175,0.9808,0.0010,0.0004,0.0003
LFHPKGDB_04009,Cytoplasmic,0.0000,0.0005,0.8094,0.0017,0.1636,0.0247
LFHPKGDB_04010,Cytoplasmic,0.0000,0.0002,0.9708,0.0001,0.0267,0.0022
LFHPKGDB_04011,Cytoplasmic,0.0000,0.0002,0.9882,0.0001,0.0095,0.0021
LFHPKGDB_04012,Cytoplasmic,0.0001,0.0065,0.9850,0.0023,0.0019,0.0041
LFHPKGDB_04013,Cytoplasmic Membrane,0.0027,0.0831,0.0006,0.8498,0.0631,0.0007
LFHPKGDB_04014,Cytoplasmic Membrane,0.0028,0.0113,0.0000,0.5544,0.4295,0.0020
LFHPKGDB_04015,Cytoplasmic Membrane,0.0000,0.0000,0.0000,1.0000,0.0000,0.0000
LFHPKGDB_04016,Cytoplasmic Membrane,0.0000,0.0001,0.1198,0.8234,0.0563,0.0005
LFHPKGDB_04017,Cytoplasmic,0.0002,0.0036,0.8387,0.0025,0.1469,0.0082
LFHPKGDB_04018,Cytoplasmic,0.0002,0.0120,0.9746,0.0095,0.0011,0.0025
LFHPKGDB_04019,Cytoplasmic,0.0000,0.0012,0.9548,0.0186,0.0209,0.0044
LFHPKGDB_04020,Extracellular,0.0478,0.9491,0.0002,0.0004,0.0009,0.0016
LFHPKGDB_04021,Extracellular,0.1213,0.5721,0.0020,0.2790,0.0069,0.0187
LFHPKGDB_04022,Cytoplasmic Membrane,0.0769,0.1147,0.0006,0.7395,0.0675,0.0007
LFHPKGDB_04023,Cytoplasmic Membrane,0.0007,0.0205,0.0061,0.9578,0.0148,0.0000
LFHPKGDB_04024,Extracellular,0.0293,0.5224,0.0000,0.4388,0.0092,0.0004
LFHPKGDB_04025,Cytoplasmic,0.0001,0.0010,0.9965,0.0002,0.0019,0.0004
LFHPKGDB_04026,Cytoplasmic Membrane,0.0000,0.0002,0.0000,0.9931,0.0067,0.0000
LFHPKGDB_04027,Cytoplasmic,0.0000,0.0000,0.9988,0.0007,0.0004,0.0000
LFHPKGDB_04028,Outer Membrane,0.0000,0.0001,0.4609,0.0001,0.5388,0.0002
LFHPKGDB_04029,Cytoplasmic,0.0002,0.0698,0.8823,0.0220,0.0240,0.0017
LFHPKGDB_04030,Cytoplasmic Membrane,0.0000,0.0014,0.0013,0.9948,0.0024,0.0000
LFHPKGDB_04031,Cytoplasmic Membrane,0.0001,0.0092,0.0009,0.9804,0.0093,0.0000
LFHPKGDB_04032,Cytoplasmic Membrane,0.0003,0.0004,0.2683,0.7052,0.0255,0.0003
LFHPKGDB_04033,Cytoplasmic Membrane,0.0001,0.0071,0.0018,0.9862,0.0048,0.0000
LFHPKGDB_04034,Cytoplasmic,0.0000,0.0001,0.9984,0.0003,0.0012,0.0000
LFHPKGDB_04035,Cytoplasmic,0.0005,0.0720,0.8333,0.0057,0.0882,0.0003
LFHPKGDB_04036,Cytoplasmic,0.0000,0.0010,0.9939,0.0020,0.0025,0.0006
LFHPKGDB_04038,Cytoplasmic,0.0000,0.0000,0.9854,0.0006,0.0140,0.0000
LFHPKGDB_04039,Cytoplasmic Membrane,0.0000,0.0000,0.0001,0.9966,0.0033,0.0000
LFHPKGDB_04040,Cytoplasmic,0.0002,0.0068,0.9902,0.0004,0.0018,0.0005
LFHPKGDB_04041,Cytoplasmic Membrane,0.0000,0.0000,0.0000,0.9997,0.0003,0.0000
LFHPKGDB_04042,Cytoplasmic,0.0007,0.0028,0.5402,0.4007,0.0537,0.0019
LFHPKGDB_04043,Cytoplasmic,0.0001,0.0068,0.9493,0.0013,0.0398,0.0027
LFHPKGDB_04044,Cytoplasmic Membrane,0.0000,0.0002,0.0001,0.9994,0.0002,0.0001
LFHPKGDB_04045,Cytoplasmic,0.0000,0.0001,0.9933,0.0004,0.0061,0.0000
LFHPKGDB_04046,Cytoplasmic,0.0003,0.0057,0.9714,0.0084,0.0106,0.0035
LFHPKGDB_04047,Cytoplasmic,0.0003,0.0115,0.9359,0.0417,0.0086,0.0020
LFHPKGDB_04048,Cytoplasmic,0.0009,0.0643,0.9237,0.0004,0.0097,0.0009
LFHPKGDB_04049,Cytoplasmic,0.0012,0.1797,0.7755,0.0206,0.0230,0.0001
LFHPKGDB_04050,Cytoplasmic Membrane,0.0000,0.0365,0.0005,0.9621,0.0010,0.0000
LFHPKGDB_04051,Cytoplasmic,0.0001,0.0001,0.9772,0.0004,0.0222,0.0000
LFHPKGDB_04052,Cytoplasmic,0.0003,0.0119,0.9265,0.0169,0.0440,0.0005
LFHPKGDB_04054,Cytoplasmic,0.0000,0.0006,0.9783,0.0009,0.0188,0.0015
LFHPKGDB_04055,Cytoplasmic,0.0000,0.0006,0.9642,0.0022,0.0288,0.0042
LFHPKGDB_04056,Cytoplasmic,0.0008,0.0025,0.9179,0.0265,0.0504,0.0019
LFHPKGDB_04057,Cytoplasmic,0.0000,0.0008,0.9746,0.0001,0.0150,0.0095
LFHPKGDB_04058,Cytoplasmic,0.0001,0.0005,0.9420,0.0033,0.0535,0.0007
LFHPKGDB_04059,Cytoplasmic,0.0001,0.0017,0.9827,0.0010,0.0139,0.0006
LFHPKGDB_04060,Cytoplasmic,0.0001,0.0382,0.9453,0.0084,0.0063,0.0017
LFHPKGDB_04061,Cytoplasmic,0.0002,0.0015,0.8722,0.0097,0.1146,0.0018
LFHPKGDB_04062,Cytoplasmic,0.0000,0.0002,0.9936,0.0044,0.0015,0.0002
LFHPKGDB_04063,Cytoplasmic,0.0000,0.0022,0.9957,0.0001,0.0019,0.0000
LFHPKGDB_04064,Cytoplasmic,0.0005,0.0012,0.7803,0.1185,0.0663,0.0333
LFHPKGDB_04065,Cytoplasmic,0.0008,0.0018,0.8695,0.0199,0.0688,0.0393
LFHPKGDB_04066,Cytoplasmic,0.0003,0.0005,0.9780,0.0091,0.0103,0.0019
LFHPKGDB_04067,Cytoplasmic,0.0001,0.0003,0.9564,0.0335,0.0094,0.0003
LFHPKGDB_04068,Cytoplasmic,0.0000,0.0002,0.9572,0.0273,0.0031,0.0121
LFHPKGDB_04069,Cytoplasmic,0.0004,0.0015,0.6231,0.0331,0.3404,0.0015
LFHPKGDB_04070,Cytoplasmic,0.0027,0.0232,0.9189,0.0099,0.0347,0.0106
LFHPKGDB_04071,Cytoplasmic Membrane,0.0000,0.0003,0.0000,0.9981,0.0015,0.0000
LFHPKGDB_04072,Cytoplasmic Membrane,0.0107,0.0612,0.0000,0.7886,0.1336,0.0059
LFHPKGDB_04073,Cytoplasmic,0.0003,0.0168,0.9212,0.0102,0.0308,0.0207
LFHPKGDB_04074,Cytoplasmic,0.0001,0.0074,0.9737,0.0012,0.0168,0.0009
LFHPKGDB_04075,Cytoplasmic Membrane,0.0000,0.0014,0.0000,0.9974,0.0012,0.0000
LFHPKGDB_04076,Cytoplasmic,0.0001,0.0006,0.9955,0.0033,0.0005,0.0001
LFHPKGDB_04077,Cytoplasmic,0.0001,0.0004,0.9930,0.0027,0.0023,0.0016
LFHPKGDB_04079,Cytoplasmic Membrane,0.0001,0.0002,0.1703,0.8058,0.0228,0.0008
LFHPKGDB_04080,Cytoplasmic Membrane,0.0000,0.0000,0.0000,1.0000,0.0000,0.0000
LFHPKGDB_04081,Cytoplasmic Membrane,0.0000,0.0000,0.0000,0.9999,0.0001,0.0000
LFHPKGDB_04082,Cytoplasmic Membrane,0.0222,0.0294,0.0003,0.8002,0.1400,0.0080
LFHPKGDB_04083,Cytoplasmic,0.0000,0.0047,0.9137,0.0004,0.0545,0.0267
LFHPKGDB_04084,Cytoplasmic,0.0007,0.0423,0.9335,0.0121,0.0091,0.0022
LFHPKGDB_04085,Cytoplasmic,0.0006,0.1714,0.7932,0.0250,0.0057,0.0042
LFHPKGDB_04086,Cytoplasmic,0.0001,0.0026,0.9882,0.0080,0.0010,0.0001
LFHPKGDB_04087,Cytoplasmic,0.0000,0.0008,0.9944,0.0020,0.0026,0.0001
LFHPKGDB_04088,Cytoplasmic Membrane,0.0001,0.0065,0.0035,0.9850,0.0049,0.0000
LFHPKGDB_04089,Cytoplasmic Membrane,0.0072,0.0698,0.0027,0.7981,0.1066,0.0155
LFHPKGDB_04090,Cytoplasmic,0.0003,0.0029,0.8853,0.0245,0.0862,0.0008
LFHPKGDB_04091,Cytoplasmic,0.0122,0.0415,0.9130,0.0035,0.0287,0.0011
LFHPKGDB_04092,Cytoplasmic,0.0003,0.0041,0.5996,0.3440,0.0517,0.0002
LFHPKGDB_04093,Cytoplasmic,0.0030,0.0080,0.9146,0.0040,0.0684,0.0021
LFHPKGDB_04094,Cytoplasmic,0.0004,0.0068,0.9601,0.0228,0.0097,0.0001
LFHPKGDB_04095,Cytoplasmic Membrane,0.0001,0.0056,0.0004,0.9568,0.0370,0.0001
LFHPKGDB_04096,Cytoplasmic,0.0001,0.0159,0.8891,0.0006,0.0921,0.0022
LFHPKGDB_04097,Cytoplasmic Membrane,0.0000,0.0000,0.0000,0.9999,0.0001,0.0000
LFHPKGDB_04098,Cytoplasmic Membrane,0.0001,0.0005,0.0931,0.8978,0.0084,0.0002
LFHPKGDB_04099,Cytoplasmic,0.0002,0.0019,0.9453,0.0016,0.0427,0.0084
LFHPKGDB_04100,Cytoplasmic,0.0003,0.0058,0.9873,0.0009,0.0048,0.0009
LFHPKGDB_04101,Cytoplasmic,0.0000,0.0022,0.7554,0.0003,0.2416,0.0004
LFHPKGDB_04102,Cytoplasmic,0.0001,0.0010,0.9679,0.0011,0.0272,0.0026
LFHPKGDB_04103,Cytoplasmic,0.0079,0.0479,0.7652,0.0171,0.1463,0.0157
LFHPKGDB_04104,Cytoplasmic,0.0000,0.0001,0.9746,0.0019,0.0234,0.0001
LFHPKGDB_04105,Cytoplasmic Membrane,0.0000,0.0010,0.0025,0.9920,0.0046,0.0000
LFHPKGDB_04106,Cytoplasmic Membrane,0.0000,0.0020,0.0010,0.9956,0.0014,0.0000
LFHPKGDB_04108,Cytoplasmic,0.0000,0.0099,0.9869,0.0007,0.0023,0.0001
LFHPKGDB_04109,Cytoplasmic,0.0000,0.0001,0.9988,0.0004,0.0004,0.0002
LFHPKGDB_04110,Cytoplasmic,0.0001,0.3735,0.4320,0.1885,0.0056,0.0002
LFHPKGDB_04111,Cytoplasmic,0.0014,0.0184,0.6093,0.3207,0.0458,0.0044
LFHPKGDB_04112,Cytoplasmic Membrane,0.0001,0.0003,0.1715,0.8177,0.0100,0.0003
LFHPKGDB_04113,Cytoplasmic Membrane,0.0000,0.0001,0.0001,0.9987,0.0011,0.0000
LFHPKGDB_04114,Extracellular,0.0001,0.4629,0.4349,0.0264,0.0125,0.0632
LFHPKGDB_04115,Cytoplasmic,0.0005,0.0227,0.9247,0.0395,0.0118,0.0007
LFHPKGDB_04116,Cytoplasmic,0.0002,0.0003,0.9730,0.0129,0.0097,0.0039
LFHPKGDB_04117,Cytoplasmic,0.0009,0.0017,0.9038,0.0140,0.0504,0.0291
LFHPKGDB_04118,Cytoplasmic,0.0005,0.0008,0.8844,0.0686,0.0285,0.0171
LFHPKGDB_04119,Cytoplasmic,0.0000,0.0001,0.9930,0.0054,0.0012,0.0003
LFHPKGDB_04120,Cytoplasmic,0.0005,0.0058,0.9785,0.0038,0.0107,0.0007
LFHPKGDB_04121,Cytoplasmic,0.0006,0.0017,0.9898,0.0063,0.0015,0.0002
LFHPKGDB_04122,Cytoplasmic,0.0001,0.0006,0.9979,0.0012,0.0002,0.0000
LFHPKGDB_04123,Extracellular,0.1166,0.8713,0.0017,0.0075,0.0018,0.0011
LFHPKGDB_04124,Cell wall & surface,0.7248,0.0880,0.0025,0.1490,0.0353,0.0004
LFHPKGDB_04125,Cytoplasmic,0.0039,0.0187,0.8760,0.0506,0.0502,0.0005
LFHPKGDB_04126,Cytoplasmic,0.0014,0.0010,0.9944,0.0030,0.0002,0.0000
LFHPKGDB_04127,Cytoplasmic Membrane,0.0006,0.0006,0.3531,0.6394,0.0062,0.0001
LFHPKGDB_04128,Cytoplasmic Membrane,0.0001,0.0018,0.0002,0.9943,0.0035,0.0000
LFHPKGDB_04129,Cytoplasmic,0.0001,0.0050,0.9312,0.0474,0.0160,0.0003
LFHPKGDB_04130,Cytoplasmic,0.0007,0.0007,0.9958,0.0014,0.0012,0.0001
LFHPKGDB_04131,Cytoplasmic,0.0002,0.0008,0.9775,0.0167,0.0039,0.0009
LFHPKGDB_04132,Cytoplasmic,0.0001,0.1302,0.4891,0.2469,0.1331,0.0006
LFHPKGDB_04133,Cytoplasmic,0.0009,0.0125,0.9586,0.0203,0.0075,0.0002
LFHPKGDB_04134,Cytoplasmic,0.0054,0.1465,0.7248,0.0701,0.0418,0.0114
LFHPKGDB_04135,Cytoplasmic,0.0000,0.0100,0.9841,0.0026,0.0031,0.0001
LFHPKGDB_04136,Cytoplasmic,0.0002,0.0005,0.9750,0.0019,0.0213,0.0010
LFHPKGDB_04137,Cytoplasmic,0.0011,0.0021,0.7648,0.1526,0.0537,0.0257
LFHPKGDB_04138,Cytoplasmic,0.0010,0.0200,0.9320,0.0216,0.0253,0.0001
LFHPKGDB_04139,Cytoplasmic Membrane,0.0000,0.0000,0.0000,0.9999,0.0001,0.0000
LFHPKGDB_04140,Cytoplasmic Membrane,0.0005,0.0012,0.0015,0.9933,0.0033,0.0002
LFHPKGDB_04141,Cytoplasmic Membrane,0.0000,0.0000,0.0000,1.0000,0.0000,0.0000
LFHPKGDB_04142,Cytoplasmic Membrane,0.0366,0.0737,0.0001,0.7633,0.1025,0.0239
LFHPKGDB_04143,Cytoplasmic Membrane,0.0012,0.0040,0.0072,0.9590,0.0284,0.0002
LFHPKGDB_04144,Cytoplasmic,0.0003,0.0052,0.9624,0.0082,0.0195,0.0045
LFHPKGDB_04145,Cytoplasmic,0.0003,0.0072,0.7077,0.0042,0.1759,0.1046
LFHPKGDB_04146,Cytoplasmic,0.0001,0.0101,0.9842,0.0042,0.0004,0.0010
LFHPKGDB_04147,Cytoplasmic,0.0001,0.0006,0.9952,0.0016,0.0002,0.0023
LFHPKGDB_04148,Cytoplasmic Membrane,0.0000,0.0000,0.0000,0.9999,0.0001,0.0000
LFHPKGDB_04149,Cytoplasmic,0.0004,0.0050,0.9878,0.0009,0.0013,0.0047
LFHPKGDB_04150,Cytoplasmic,0.0000,0.0000,0.9998,0.0001,0.0001,0.0001
LFHPKGDB_04151,Cytoplasmic Membrane,0.0000,0.0000,0.0000,1.0000,0.0000,0.0000
LFHPKGDB_04152,Cytoplasmic,0.0036,0.0072,0.6556,0.1283,0.2006,0.0047
LFHPKGDB_04153,Cytoplasmic,0.0010,0.0068,0.9597,0.0202,0.0111,0.0012
LFHPKGDB_04154,Cytoplasmic Membrane,0.0000,0.0000,0.0000,0.9989,0.0011,0.0000
LFHPKGDB_04155,Cytoplasmic,0.0000,0.0023,0.9897,0.0003,0.0047,0.0031
LFHPKGDB_04156,Cytoplasmic,0.0001,0.0004,0.8932,0.0052,0.1003,0.0009
LFHPKGDB_04157,Cytoplasmic,0.0000,0.0000,0.9944,0.0003,0.0053,0.0000
LFHPKGDB_04158,Cytoplasmic,0.0001,0.0003,0.9344,0.0496,0.0153,0.0002
LFHPKGDB_04159,Cytoplasmic Membrane,0.0000,0.0001,0.0003,0.9960,0.0035,0.0000
LFHPKGDB_04160,Cytoplasmic,0.0000,0.0003,0.9961,0.0002,0.0031,0.0003
LFHPKGDB_04161,Cytoplasmic Membrane,0.0000,0.0001,0.0000,0.9986,0.0013,0.0000
LFHPKGDB_04162,Cytoplasmic,0.0281,0.3767,0.4049,0.1825,0.0067,0.0011
LFHPKGDB_04163,Cytoplasmic Membrane,0.0300,0.2612,0.0313,0.5999,0.0754,0.0022
LFHPKGDB_04164,Cytoplasmic Membrane,0.0000,0.0000,0.0000,0.9998,0.0002,0.0000
LFHPKGDB_04165,Cytoplasmic Membrane,0.0000,0.0000,0.0000,0.9988,0.0012,0.0000
LFHPKGDB_04166,Cytoplasmic,0.0011,0.0087,0.9490,0.0206,0.0203,0.0002
LFHPKGDB_04167,Cytoplasmic,0.0000,0.0277,0.9532,0.0050,0.0095,0.0045
LFHPKGDB_04168,Cytoplasmic,0.0006,0.0241,0.8911,0.0055,0.0760,0.0026
LFHPKGDB_04169,Cytoplasmic,0.0001,0.0311,0.7918,0.0080,0.1124,0.0566
LFHPKGDB_04170,Cytoplasmic,0.0000,0.0015,0.9895,0.0044,0.0045,0.0000
LFHPKGDB_04171,Cytoplasmic Membrane,0.0001,0.0248,0.0030,0.9565,0.0156,0.0000
LFHPKGDB_04172,Extracellular,0.0004,0.9904,0.0019,0.0056,0.0004,0.0013
LFHPKGDB_04173,Cytoplasmic,0.0003,0.0614,0.8575,0.0636,0.0158,0.0014
LFHPKGDB_04174,Cytoplasmic,0.0008,0.2886,0.5398,0.1448,0.0259,0.0003
LFHPKGDB_04175,Extracellular,0.0001,0.9999,0.0000,0.0000,0.0000,0.0000
LFHPKGDB_04176,Cytoplasmic Membrane,0.0449,0.2192,0.0145,0.6400,0.0797,0.0018
LFHPKGDB_04177,Cytoplasmic Membrane,0.0001,0.0031,0.0009,0.9941,0.0018,0.0000
LFHPKGDB_04178,Cytoplasmic Membrane,0.0000,0.0008,0.0017,0.9962,0.0013,0.0000
LFHPKGDB_04179,Cytoplasmic,0.0002,0.0012,0.5563,0.4357,0.0064,0.0002
LFHPKGDB_04180,Cytoplasmic,0.0000,0.0030,0.5901,0.3958,0.0106,0.0005
LFHPKGDB_04181,Cytoplasmic Membrane,0.0966,0.0757,0.0036,0.7827,0.0411,0.0003
LFHPKGDB_04182,Cytoplasmic Membrane,0.0005,0.0799,0.0043,0.9134,0.0017,0.0000
LFHPKGDB_04183,Cytoplasmic,0.0000,0.0037,0.9885,0.0007,0.0065,0.0005
LFHPKGDB_04185,Cytoplasmic,0.0002,0.0611,0.9044,0.0277,0.0060,0.0006
LFHPKGDB_04186,Cytoplasmic,0.0000,0.0852,0.8150,0.0231,0.0530,0.0238
LFHPKGDB_04187,Cytoplasmic,0.0000,0.0003,0.9981,0.0000,0.0006,0.0009
LFHPKGDB_04188,Cytoplasmic,0.0001,0.0011,0.9650,0.0010,0.0320,0.0008
LFHPKGDB_04189,Cytoplasmic,0.0004,0.0003,0.9702,0.0198,0.0084,0.0009
LFHPKGDB_04190,Cytoplasmic,0.0000,0.0001,0.9909,0.0050,0.0040,0.0000
LFHPKGDB_04191,Cytoplasmic,0.0001,0.0013,0.9970,0.0013,0.0001,0.0002
LFHPKGDB_04192,Cytoplasmic,0.0003,0.0022,0.8898,0.0521,0.0545,0.0011
LFHPKGDB_04193,Cytoplasmic,0.0006,0.0129,0.9353,0.0184,0.0323,0.0005
LFHPKGDB_04194,Cytoplasmic,0.0000,0.0002,0.9976,0.0006,0.0015,0.0000
LFHPKGDB_04195,Cytoplasmic Membrane,0.0000,0.0023,0.0627,0.9289,0.0061,0.0000
LFHPKGDB_04196,Cytoplasmic,0.0001,0.0019,0.9810,0.0005,0.0160,0.0007
LFHPKGDB_04197,Cytoplasmic,0.0000,0.0003,0.9821,0.0002,0.0172,0.0001
LFHPKGDB_04198,Cytoplasmic,0.0001,0.0002,0.9900,0.0078,0.0013,0.0007
LFHPKGDB_04199,Cytoplasmic Membrane,0.0000,0.0000,0.0000,0.9999,0.0001,0.0000
LFHPKGDB_04200,Cytoplasmic,0.0000,0.0001,0.9889,0.0037,0.0072,0.0000
LFHPKGDB_04201,Cytoplasmic Membrane,0.0001,0.0002,0.0010,0.9917,0.0069,0.0000
LFHPKGDB_04202,Cytoplasmic Membrane,0.0000,0.0000,0.0000,0.9999,0.0001,0.0000
LFHPKGDB_04203,Cytoplasmic,0.0000,0.0001,0.9870,0.0004,0.0122,0.0002
LFHPKGDB_04204,Cytoplasmic,0.0000,0.0002,0.9916,0.0028,0.0052,0.0002
LFHPKGDB_04205,Cytoplasmic Membrane,0.0643,0.0353,0.0001,0.7893,0.0912,0.0198
LFHPKGDB_04206,Cytoplasmic Membrane,0.0000,0.0000,0.0000,0.9998,0.0002,0.0000
LFHPKGDB_04207,Cytoplasmic,0.0001,0.0012,0.6156,0.3799,0.0024,0.0008
LFHPKGDB_04208,Cytoplasmic,0.0001,0.0013,0.9671,0.0217,0.0096,0.0003
LFHPKGDB_04209,Cytoplasmic,0.0002,0.0004,0.9951,0.0021,0.0017,0.0005
LFHPKGDB_04210,Cytoplasmic,0.0001,0.0009,0.9822,0.0067,0.0098,0.0003
LFHPKGDB_04211,Cytoplasmic Membrane,0.0002,0.1184,0.0003,0.8661,0.0149,0.0001
LFHPKGDB_04212,Cytoplasmic,0.0000,0.0000,0.9989,0.0007,0.0003,0.0000
LFHPKGDB_04213,Cytoplasmic,0.0011,0.0017,0.9909,0.0045,0.0015,0.0002
LFHPKGDB_04214,Cytoplasmic,0.0001,0.0001,0.5542,0.4399,0.0056,0.0001
LFHPKGDB_04215,Cytoplasmic Membrane,0.0001,0.0008,0.0002,0.9969,0.0019,0.0000
LFHPKGDB_04216,Cytoplasmic,0.0003,0.2031,0.7331,0.0034,0.0393,0.0208
LFHPKGDB_04217,Cytoplasmic,0.0003,0.0013,0.9758,0.0062,0.0155,0.0009
LFHPKGDB_04218,Cytoplasmic,0.0003,0.0110,0.9574,0.0021,0.0255,0.0037
LFHPKGDB_04219,Cytoplasmic,0.0000,0.0002,0.9770,0.0152,0.0076,0.0000
LFHPKGDB_04220,Cytoplasmic,0.0013,0.0011,0.9892,0.0066,0.0018,0.0002
LFHPKGDB_04221,Cytoplasmic,0.0001,0.0011,0.9879,0.0021,0.0088,0.0000
LFHPKGDB_04222,Cytoplasmic,0.0000,0.0006,0.9963,0.0011,0.0019,0.0001
LFHPKGDB_04223,Cytoplasmic,0.0001,0.0047,0.9255,0.0009,0.0685,0.0003
LFHPKGDB_04224,Cytoplasmic,0.0023,0.0052,0.9107,0.0170,0.0639,0.0009
LFHPKGDB_04225,Cytoplasmic,0.0000,0.0002,0.9740,0.0121,0.0125,0.0011
LFHPKGDB_04226,Cytoplasmic,0.0000,0.0004,0.9965,0.0006,0.0023,0.0001
LFHPKGDB_04227,Cytoplasmic Membrane,0.0000,0.0001,0.0000,0.9987,0.0012,0.0000
LFHPKGDB_04228,Cytoplasmic Membrane,0.0000,0.0046,0.0000,0.9942,0.0012,0.0000
LFHPKGDB_04229,Cytoplasmic,0.0002,0.0184,0.9782,0.0012,0.0007,0.0012
LFHPKGDB_04230,Cytoplasmic,0.0001,0.0021,0.9430,0.0013,0.0518,0.0017
LFHPKGDB_04231,Cytoplasmic,0.0000,0.0000,0.9994,0.0003,0.0003,0.0001
LFHPKGDB_04232,Outer Membrane,0.0000,0.0000,0.2337,0.0000,0.7657,0.0006
LFHPKGDB_04233,Cytoplasmic Membrane,0.0117,0.0828,0.0000,0.5930,0.3116,0.0008
LFHPKGDB_04234,Cytoplasmic,0.0023,0.0072,0.5594,0.1999,0.2269,0.0042
LFHPKGDB_04235,Cytoplasmic,0.0001,0.0005,0.9966,0.0014,0.0012,0.0002
LFHPKGDB_04236,Cytoplasmic,0.0004,0.0100,0.9644,0.0004,0.0243,0.0006
LFHPKGDB_04237,Cytoplasmic,0.0007,0.0007,0.9852,0.0069,0.0060,0.0005
LFHPKGDB_04238,Cytoplasmic Membrane,0.0005,0.0004,0.4502,0.4622,0.0849,0.0018
LFHPKGDB_04239,Cytoplasmic,0.0012,0.0029,0.9107,0.0317,0.0525,0.0009
LFHPKGDB_04240,Cytoplasmic Membrane,0.0000,0.0000,0.0001,0.9973,0.0025,0.0000
LFHPKGDB_04241,Cytoplasmic,0.0004,0.0020,0.8293,0.0170,0.0536,0.0977
LFHPKGDB_04242,Cytoplasmic,0.0000,0.0006,0.9988,0.0004,0.0002,0.0000
LFHPKGDB_04243,Cytoplasmic,0.0001,0.0002,0.9973,0.0003,0.0019,0.0002
LFHPKGDB_04244,Cytoplasmic,0.0001,0.0048,0.9644,0.0214,0.0092,0.0001
LFHPKGDB_04245,Cytoplasmic,0.0000,0.0011,0.9977,0.0000,0.0012,0.0000
LFHPKGDB_04246,Cytoplasmic,0.0000,0.0001,0.9954,0.0002,0.0042,0.0000
LFHPKGDB_04247,Cytoplasmic,0.0003,0.0701,0.8615,0.0408,0.0271,0.0002
LFHPKGDB_04248,Cytoplasmic,0.0001,0.0012,0.9912,0.0023,0.0049,0.0002
LFHPKGDB_04249,Cytoplasmic,0.0001,0.0016,0.9915,0.0013,0.0052,0.0002
LFHPKGDB_04250,Cytoplasmic,0.0001,0.0002,0.8348,0.0972,0.0607,0.0070
LFHPKGDB_04251,Cytoplasmic,0.0000,0.0000,0.8464,0.0001,0.1524,0.0011
LFHPKGDB_04252,Cytoplasmic,0.0012,0.0031,0.9325,0.0032,0.0597,0.0004
LFHPKGDB_04253,Cytoplasmic,0.0000,0.0000,0.9995,0.0002,0.0002,0.0000
LFHPKGDB_04254,Cytoplasmic,0.0001,0.0019,0.9217,0.0006,0.0076,0.0681
LFHPKGDB_04255,Cytoplasmic Membrane,0.0000,0.0011,0.0004,0.9969,0.0016,0.0000
LFHPKGDB_04256,Cytoplasmic,0.0005,0.0054,0.9336,0.0214,0.0389,0.0002
LFHPKGDB_04257,Cytoplasmic Membrane,0.0000,0.0000,0.0001,0.9990,0.0009,0.0000
LFHPKGDB_04258,Cytoplasmic Membrane,0.0012,0.0039,0.0886,0.6141,0.2906,0.0016
LFHPKGDB_04259,Cytoplasmic Membrane,0.0000,0.0035,0.0065,0.9815,0.0085,0.0001
LFHPKGDB_04260,Cytoplasmic,0.0001,0.2248,0.7313,0.0097,0.0340,0.0002
LFHPKGDB_04261,Cytoplasmic Membrane,0.0003,0.0046,0.2334,0.5511,0.2082,0.0024
LFHPKGDB_04262,Cytoplasmic Membrane,0.0002,0.0006,0.0375,0.8759,0.0854,0.0003
LFHPKGDB_04263,Cytoplasmic Membrane,0.0000,0.0004,0.0259,0.9199,0.0523,0.0016
LFHPKGDB_04264,Cytoplasmic Membrane,0.0000,0.0007,0.0002,0.9905,0.0084,0.0001
LFHPKGDB_04265,Cytoplasmic,0.0001,0.0021,0.6788,0.1661,0.1525,0.0003
LFHPKGDB_04266,Cytoplasmic Membrane,0.0007,0.0021,0.1671,0.5669,0.2615,0.0017
LFHPKGDB_04267,Cytoplasmic Membrane,0.0009,0.0417,0.1807,0.7152,0.0611,0.0003
LFHPKGDB_04268,Cytoplasmic Membrane,0.0000,0.0005,0.0000,0.9983,0.0012,0.0000
LFHPKGDB_04269,Cytoplasmic Membrane,0.0004,0.0309,0.1654,0.7500,0.0529,0.0004
LFHPKGDB_04270,Cytoplasmic Membrane,0.0006,0.0106,0.1108,0.4577,0.4194,0.0009
LFHPKGDB_04271,Cytoplasmic,0.0009,0.0159,0.5500,0.2525,0.1773,0.0034
LFHPKGDB_04272,Cytoplasmic Membrane,0.0000,0.0001,0.0001,0.9977,0.0020,0.0000
LFHPKGDB_04273,Cytoplasmic,0.0004,0.2308,0.6993,0.0518,0.0162,0.0015
LFHPKGDB_04274,Extracellular,0.0001,0.5270,0.3793,0.0834,0.0096,0.0006
LFHPKGDB_04275,Cytoplasmic,0.0008,0.0657,0.8482,0.0824,0.0026,0.0003
LFHPKGDB_04276,Cytoplasmic Membrane,0.0153,0.0395,0.0095,0.8439,0.0914,0.0005
LFHPKGDB_04277,Cytoplasmic,0.0000,0.0023,0.9893,0.0022,0.0061,0.0002
LFHPKGDB_04278,Cytoplasmic,0.0019,0.0013,0.8127,0.1103,0.0721,0.0017
LFHPKGDB_04279,Cytoplasmic Membrane,0.0000,0.0001,0.0000,0.9959,0.0040,0.0000
LFHPKGDB_04280,Cytoplasmic Membrane,0.0014,0.0386,0.0002,0.9415,0.0181,0.0002
LFHPKGDB_04281,Cytoplasmic Membrane,0.0011,0.0180,0.0006,0.9270,0.0532,0.0002
LFHPKGDB_04282,Outer Membrane,0.1350,0.0123,0.0002,0.1109,0.7416,0.0000
LFHPKGDB_04283,Cytoplasmic,0.0012,0.0061,0.9092,0.0100,0.0591,0.0144
LFHPKGDB_04284,Cytoplasmic,0.0008,0.0659,0.9232,0.0059,0.0037,0.0005
LFHPKGDB_04285,Cytoplasmic,0.0001,0.0002,0.9923,0.0002,0.0070,0.0003
LFHPKGDB_04286,Cytoplasmic,0.0001,0.0006,0.9269,0.0595,0.0127,0.0002
LFHPKGDB_04287,Cytoplasmic Membrane,0.0000,0.0008,0.0060,0.9919,0.0012,0.0000
LFHPKGDB_04288,Outer Membrane,0.0000,0.0001,0.3212,0.0002,0.6784,0.0001
LFHPKGDB_04289,Cytoplasmic Membrane,0.0005,0.0096,0.0012,0.9819,0.0068,0.0001
LFHPKGDB_04290,Cytoplasmic,0.0000,0.0002,0.9898,0.0025,0.0075,0.0000
LFHPKGDB_04291,Cytoplasmic,0.0002,0.0224,0.9656,0.0007,0.0111,0.0001
LFHPKGDB_04292,Cytoplasmic,0.0001,0.0044,0.9752,0.0180,0.0010,0.0013
LFHPKGDB_04293,Cytoplasmic,0.0000,0.0005,0.9981,0.0008,0.0003,0.0002
LFHPKGDB_04294,Extracellular,0.0492,0.7961,0.0024,0.1024,0.0467,0.0032
LFHPKGDB_04295,Cytoplasmic,0.0005,0.0370,0.6788,0.1390,0.1443,0.0003
LFHPKGDB_04296,Cytoplasmic,0.0000,0.0003,0.9981,0.0008,0.0002,0.0005
LFHPKGDB_04297,Cytoplasmic,0.0000,0.0000,0.9789,0.0067,0.0143,0.0000
LFHPKGDB_04298,Cytoplasmic Membrane,0.0000,0.0000,0.0000,0.9997,0.0003,0.0000
LFHPKGDB_04299,Cytoplasmic,0.0000,0.0001,0.9935,0.0006,0.0052,0.0005
LFHPKGDB_04300,Cytoplasmic Membrane,0.0001,0.0007,0.2792,0.7137,0.0062,0.0002
LFHPKGDB_04301,Cytoplasmic Membrane,0.0010,0.0959,0.0003,0.8781,0.0246,0.0002
LFHPKGDB_04302,Cytoplasmic Membrane,0.0000,0.0001,0.0000,0.9994,0.0005,0.0000
LFHPKGDB_04303,Cytoplasmic,0.0007,0.0110,0.9814,0.0005,0.0034,0.0030
LFHPKGDB_04304,Cytoplasmic,0.0000,0.0002,0.9962,0.0035,0.0000,0.0000
LFHPKGDB_04305,Cytoplasmic,0.0008,0.0036,0.9920,0.0028,0.0008,0.0001
LFHPKGDB_04306,Cytoplasmic,0.0002,0.0220,0.7274,0.0002,0.1524,0.0977
LFHPKGDB_04307,Cytoplasmic,0.0000,0.0001,0.9929,0.0012,0.0057,0.0001
LFHPKGDB_04308,Cytoplasmic,0.0002,0.0109,0.8273,0.0732,0.0634,0.0249
LFHPKGDB_04309,Cytoplasmic,0.0000,0.0002,0.9388,0.0389,0.0185,0.0036
LFHPKGDB_04310,Cytoplasmic,0.0001,0.0004,0.8855,0.0049,0.0974,0.0118
LFHPKGDB_04311,Cytoplasmic,0.0001,0.0002,0.9428,0.0205,0.0352,0.0012
LFHPKGDB_04312,Cytoplasmic,0.0004,0.0008,0.7738,0.0036,0.2076,0.0138
LFHPKGDB_04313,Cytoplasmic,0.0003,0.0012,0.6552,0.0321,0.2953,0.0159
LFHPKGDB_04314,Cytoplasmic,0.0002,0.0014,0.5268,0.0145,0.3989,0.0581
LFHPKGDB_04315,Cytoplasmic,0.0000,0.0000,0.9893,0.0031,0.0070,0.0006
LFHPKGDB_04316,Cytoplasmic,0.0002,0.0008,0.8279,0.0414,0.1292,0.0005
LFHPKGDB_04317,Cytoplasmic,0.0001,0.0113,0.9485,0.0067,0.0314,0.0020
LFHPKGDB_04318,Cytoplasmic Membrane,0.0000,0.0001,0.0003,0.9944,0.0050,0.0001
LFHPKGDB_04319,Cytoplasmic,0.0001,0.0009,0.8791,0.0004,0.1193,0.0003
LFHPKGDB_04320,Cytoplasmic,0.0000,0.0001,0.9700,0.0007,0.0291,0.0002
LFHPKGDB_04321,Cytoplasmic,0.0008,0.0137,0.9360,0.0228,0.0129,0.0138
LFHPKGDB_04322,Cytoplasmic,0.0024,0.0972,0.8157,0.0680,0.0110,0.0058
LFHPKGDB_04323,Cytoplasmic,0.0007,0.0049,0.8989,0.0476,0.0477,0.0002
LFHPKGDB_04324,Cytoplasmic,0.0001,0.0004,0.9936,0.0054,0.0005,0.0000
LFHPKGDB_04325,Cytoplasmic,0.0001,0.0002,0.9931,0.0014,0.0049,0.0002
LFHPKGDB_04326,Cytoplasmic,0.0001,0.0002,0.9968,0.0007,0.0016,0.0006
LFHPKGDB_04327,Cytoplasmic,0.0005,0.0026,0.9776,0.0151,0.0040,0.0001
LFHPKGDB_04328,Cytoplasmic,0.0000,0.0000,0.9983,0.0005,0.0012,0.0000
LFHPKGDB_04329,Cytoplasmic,0.0001,0.0017,0.9960,0.0013,0.0005,0.0004
LFHPKGDB_04330,Cytoplasmic,0.0000,0.0015,0.9930,0.0032,0.0015,0.0009
LFHPKGDB_04331,Cytoplasmic,0.0003,0.0037,0.9639,0.0084,0.0231,0.0006
LFHPKGDB_04332,Cytoplasmic,0.0000,0.0002,0.9982,0.0015,0.0000,0.0000
LFHPKGDB_04333,Cytoplasmic Membrane,0.0000,0.0000,0.0063,0.9929,0.0007,0.0000
LFHPKGDB_04334,Cytoplasmic,0.0001,0.0025,0.9922,0.0035,0.0011,0.0004
LFHPKGDB_04335,Cytoplasmic,0.0000,0.0074,0.9911,0.0009,0.0005,0.0001
LFHPKGDB_04336,Cytoplasmic Membrane,0.0000,0.0001,0.0023,0.9963,0.0012,0.0000
LFHPKGDB_04337,Cytoplasmic,0.0001,0.0013,0.9981,0.0003,0.0001,0.0001
LFHPKGDB_04338,Cytoplasmic,0.0001,0.0002,0.9810,0.0046,0.0139,0.0003
LFHPKGDB_04339,Cytoplasmic,0.0002,0.0085,0.7625,0.0032,0.2248,0.0009
LFHPKGDB_04340,Cytoplasmic Membrane,0.0012,0.0161,0.0000,0.9671,0.0156,0.0000
LFHPKGDB_04341,Cytoplasmic,0.0008,0.0019,0.6917,0.3009,0.0043,0.0003
LFHPKGDB_04342,Cytoplasmic Membrane,0.0000,0.0000,0.0000,0.9999,0.0000,0.0000
LFHPKGDB_04343,Cytoplasmic Membrane,0.0012,0.0022,0.0008,0.9919,0.0038,0.0001
LFHPKGDB_04344,Cytoplasmic Membrane,0.0000,0.0008,0.0001,0.9959,0.0031,0.0000
LFHPKGDB_04345,Cytoplasmic,0.0000,0.0007,0.9956,0.0021,0.0015,0.0000
LFHPKGDB_04346,Cytoplasmic,0.0002,0.0001,0.9954,0.0041,0.0003,0.0000
LFHPKGDB_04347,Cytoplasmic,0.0001,0.0002,0.9965,0.0007,0.0022,0.0002
LFHPKGDB_04348,Cytoplasmic,0.0001,0.0023,0.9229,0.0038,0.0696,0.0013
LFHPKGDB_04349,Cytoplasmic,0.0000,0.0008,0.9866,0.0013,0.0093,0.0020
LFHPKGDB_04350,Cytoplasmic Membrane,0.0000,0.0002,0.0002,0.9953,0.0042,0.0000
LFHPKGDB_04351,Cytoplasmic,0.0001,0.0006,0.9952,0.0013,0.0013,0.0015
LFHPKGDB_04352,Cytoplasmic,0.0000,0.0187,0.9545,0.0166,0.0080,0.0022
LFHPKGDB_04353,Cytoplasmic Membrane,0.0001,0.0008,0.0006,0.9976,0.0009,0.0000
LFHPKGDB_04354,Cytoplasmic,0.0000,0.0000,0.9977,0.0000,0.0022,0.0001
LFHPKGDB_04355,Cytoplasmic Membrane,0.0000,0.0000,0.0001,0.9983,0.0017,0.0000
LFHPKGDB_04356,Cytoplasmic Membrane,0.0000,0.0004,0.0011,0.9921,0.0064,0.0000
LFHPKGDB_04357,Extracellular,0.0101,0.5348,0.3396,0.0290,0.0054,0.0811
LFHPKGDB_04358,Extracellular,0.0313,0.5983,0.0101,0.1560,0.1954,0.0089
LFHPKGDB_04359,Cytoplasmic Membrane,0.0000,0.0000,0.0000,0.9999,0.0001,0.0000
LFHPKGDB_04360,Cytoplasmic,0.0002,0.0826,0.7627,0.1345,0.0150,0.0050
LFHPKGDB_04361,Cytoplasmic,0.0002,0.0010,0.9882,0.0050,0.0039,0.0017
LFHPKGDB_04362,Cytoplasmic Membrane,0.0000,0.0000,0.0006,0.9992,0.0001,0.0000
LFHPKGDB_04363,Cytoplasmic Membrane,0.0000,0.0005,0.0000,0.9991,0.0003,0.0000
LFHPKGDB_04364,Cytoplasmic,0.0008,0.0015,0.9539,0.0368,0.0063,0.0007
LFHPKGDB_04365,Cytoplasmic,0.0002,0.0003,0.9658,0.0143,0.0193,0.0002
LFHPKGDB_04366,Cytoplasmic,0.0001,0.0009,0.5697,0.4208,0.0080,0.0005
LFHPKGDB_04367,Cytoplasmic Membrane,0.0000,0.0000,0.0000,0.9994,0.0006,0.0000
LFHPKGDB_04368,Extracellular,0.0099,0.5146,0.0180,0.2710,0.1065,0.0800
LFHPKGDB_04369,Cytoplasmic,0.0002,0.0030,0.9886,0.0005,0.0072,0.0006
LFHPKGDB_04370,Cytoplasmic,0.0004,0.0010,0.6626,0.2938,0.0299,0.0123
LFHPKGDB_04371,Cytoplasmic,0.0264,0.0017,0.7638,0.0013,0.2066,0.0000
LFHPKGDB_04372,Cytoplasmic,0.0001,0.1058,0.8926,0.0009,0.0005,0.0001
LFHPKGDB_04373,Cytoplasmic,0.0002,0.0023,0.9870,0.0063,0.0039,0.0003
LFHPKGDB_04374,Cytoplasmic,0.0003,0.0004,0.8952,0.0901,0.0127,0.0013
LFHPKGDB_04375,Cytoplasmic,0.0023,0.1922,0.6789,0.1107,0.0144,0.0014
LFHPKGDB_04376,Cytoplasmic,0.0002,0.1333,0.8341,0.0291,0.0016,0.0017
LFHPKGDB_04377,Cytoplasmic,0.0002,0.0044,0.9901,0.0046,0.0005,0.0002
LFHPKGDB_04378,Cytoplasmic Membrane,0.0000,0.0000,0.0000,0.9992,0.0008,0.0000
LFHPKGDB_04379,Cytoplasmic,0.0001,0.0004,0.9183,0.0040,0.0491,0.0281
LFHPKGDB_04380,Cytoplasmic,0.0000,0.0001,0.5982,0.0104,0.0253,0.3660
LFHPKGDB_04381,Cytoplasmic,0.0001,0.0001,0.9335,0.0441,0.0213,0.0009
LFHPKGDB_04382,Cytoplasmic,0.0000,0.0001,0.9895,0.0002,0.0092,0.0011
LFHPKGDB_04383,Cytoplasmic,0.0005,0.1283,0.6798,0.1886,0.0027,0.0002
LFHPKGDB_04384,Cytoplasmic,0.0464,0.0003,0.9504,0.0003,0.0026,0.0000
LFHPKGDB_04385,Cytoplasmic,0.0003,0.0019,0.9475,0.0242,0.0245,0.0017
LFHPKGDB_04386,Cytoplasmic,0.0001,0.0002,0.9990,0.0003,0.0003,0.0001
LFHPKGDB_04387,Cytoplasmic,0.0006,0.0014,0.9926,0.0024,0.0029,0.0001
LFHPKGDB_04388,Cytoplasmic,0.0001,0.0009,0.9972,0.0009,0.0004,0.0006
LFHPKGDB_04389,Cytoplasmic,0.0001,0.0019,0.9143,0.0100,0.0731,0.0006
LFHPKGDB_04390,Cytoplasmic,0.0002,0.0076,0.9648,0.0050,0.0205,0.0020
LFHPKGDB_04391,Outer Membrane,0.0003,0.0036,0.3486,0.2341,0.4120,0.0014
LFHPKGDB_04392,Cytoplasmic Membrane,0.0028,0.0239,0.0011,0.8996,0.0712,0.0014
LFHPKGDB_04393,Cytoplasmic Membrane,0.0000,0.0022,0.4080,0.5182,0.0524,0.0191
LFHPKGDB_04394,Cytoplasmic Membrane,0.0000,0.0002,0.0001,0.9975,0.0021,0.0000
LFHPKGDB_04395,Cytoplasmic,0.0003,0.0017,0.7840,0.0424,0.1685,0.0030
LFHPKGDB_04396,Cytoplasmic,0.0001,0.0002,0.9735,0.0234,0.0027,0.0001
LFHPKGDB_04397,Cytoplasmic,0.0002,0.0006,0.9071,0.0556,0.0353,0.0012
LFHPKGDB_04398,Cytoplasmic,0.0000,0.0001,0.9982,0.0000,0.0016,0.0001
LFHPKGDB_04399,Cytoplasmic,0.0001,0.0000,0.9939,0.0002,0.0058,0.0000
LFHPKGDB_04400,Cytoplasmic,0.0000,0.0000,0.9963,0.0003,0.0034,0.0000
LFHPKGDB_04401,Cytoplasmic,0.0002,0.0252,0.9625,0.0107,0.0011,0.0004
LFHPKGDB_04402,Cytoplasmic Membrane,0.0000,0.0001,0.0002,0.9969,0.0028,0.0000
LFHPKGDB_04403,Cytoplasmic,0.0002,0.0015,0.5987,0.2797,0.0791,0.0408
LFHPKGDB_04404,Cytoplasmic Membrane,0.0000,0.0002,0.0002,0.9958,0.0036,0.0001
LFHPKGDB_04405,Cytoplasmic Membrane,0.0002,0.0031,0.0001,0.9899,0.0067,0.0000
LFHPKGDB_04406,Cytoplasmic Membrane,0.0000,0.0000,0.0001,0.9990,0.0009,0.0000
LFHPKGDB_04407,Cytoplasmic Membrane,0.0000,0.0000,0.0001,0.9980,0.0018,0.0000
LFHPKGDB_04408,Cytoplasmic Membrane,0.0037,0.0052,0.3142,0.5220,0.0406,0.1144
LFHPKGDB_04409,Cytoplasmic Membrane,0.0022,0.0342,0.0055,0.5826,0.3699,0.0056
LFHPKGDB_04410,Cytoplasmic Membrane,0.0002,0.0058,0.0018,0.9877,0.0045,0.0000
LFHPKGDB_04411,Cytoplasmic Membrane,0.0000,0.0000,0.0008,0.9978,0.0013,0.0000
LFHPKGDB_04412,Cytoplasmic,0.0000,0.0001,0.9952,0.0041,0.0006,0.0000
LFHPKGDB_04413,Cytoplasmic,0.0001,0.0004,0.9808,0.0018,0.0167,0.0001
LFHPKGDB_04414,Cytoplasmic,0.0005,0.0023,0.9729,0.0135,0.0108,0.0002
LFHPKGDB_04415,Cytoplasmic,0.0074,0.0140,0.9014,0.0727,0.0028,0.0018
LFHPKGDB_04416,Cytoplasmic Membrane,0.0000,0.0000,0.0000,0.9997,0.0002,0.0000
LFHPKGDB_04417,Cytoplasmic Membrane,0.0001,0.0271,0.0000,0.9717,0.0011,0.0000
LFHPKGDB_04418,Cytoplasmic,0.0027,0.2211,0.7469,0.0110,0.0173,0.0009
LFHPKGDB_04419,Cytoplasmic,0.0003,0.0040,0.8593,0.0307,0.1050,0.0008
LFHPKGDB_04420,Cytoplasmic,0.0002,0.0955,0.8396,0.0481,0.0156,0.0009
LFHPKGDB_04421,Cytoplasmic Membrane,0.0000,0.0018,0.0127,0.9851,0.0004,0.0000
LFHPKGDB_04422,Cytoplasmic,0.0000,0.0001,0.7034,0.0152,0.2805,0.0008
LFHPKGDB_04423,Outer Membrane,0.0000,0.0000,0.1197,0.0000,0.8359,0.0444
LFHPKGDB_04424,Cytoplasmic,0.0007,0.0019,0.7302,0.1202,0.1466,0.0003
LFHPKGDB_04425,Cytoplasmic,0.0002,0.0002,0.9835,0.0021,0.0139,0.0002
LFHPKGDB_04426,Cytoplasmic,0.0003,0.0007,0.9565,0.0106,0.0312,0.0006
LFHPKGDB_04427,Cytoplasmic Membrane,0.0000,0.0001,0.0001,0.9983,0.0016,0.0000
LFHPKGDB_04428,Outer Membrane,0.0102,0.0010,0.1875,0.0141,0.7848,0.0023
LFHPKGDB_04429,Cytoplasmic,0.0045,0.2550,0.6225,0.0006,0.1026,0.0148
LFHPKGDB_04430,Cytoplasmic,0.0010,0.0142,0.8672,0.0250,0.0908,0.0017
LFHPKGDB_04431,Cytoplasmic,0.0003,0.0019,0.9916,0.0014,0.0042,0.0006
LFHPKGDB_04432,Cytoplasmic,0.0000,0.0003,0.9487,0.0011,0.0482,0.0015
LFHPKGDB_04433,Cytoplasmic,0.0000,0.0005,0.9662,0.0215,0.0116,0.0002
LFHPKGDB_04434,Cytoplasmic Membrane,0.0000,0.0001,0.0015,0.9982,0.0002,0.0000
LFHPKGDB_04435,Cytoplasmic,0.0003,0.2311,0.6309,0.0075,0.1298,0.0003
LFHPKGDB_04436,Cytoplasmic,0.0011,0.0108,0.9824,0.0025,0.0025,0.0007
LFHPKGDB_04437,Cytoplasmic Membrane,0.0199,0.1034,0.0853,0.7582,0.0321,0.0011
LFHPKGDB_04438,Cytoplasmic,0.0005,0.0953,0.8304,0.0550,0.0187,0.0000
LFHPKGDB_04439,Cytoplasmic,0.0003,0.0017,0.9867,0.0087,0.0014,0.0012
LFHPKGDB_04440,Cytoplasmic,0.0003,0.0002,0.9971,0.0021,0.0003,0.0000
LFHPKGDB_04441,Cytoplasmic,0.0002,0.0227,0.9677,0.0067,0.0020,0.0006
LFHPKGDB_04442,Cytoplasmic,0.0004,0.0121,0.8155,0.0530,0.0856,0.0334
LFHPKGDB_04443,Cytoplasmic Membrane,0.0006,0.0035,0.2005,0.7468,0.0481,0.0005
LFHPKGDB_04444,Cytoplasmic Membrane,0.0000,0.0001,0.0000,0.9992,0.0007,0.0000
LFHPKGDB_04445,Cytoplasmic,0.0003,0.0008,0.9842,0.0143,0.0003,0.0001
LFHPKGDB_04446,Cytoplasmic Membrane,0.0001,0.0016,0.0005,0.9936,0.0040,0.0003
LFHPKGDB_04447,Cytoplasmic,0.0001,0.0038,0.9548,0.0384,0.0028,0.0001
LFHPKGDB_04448,Cytoplasmic,0.0004,0.0003,0.8327,0.0548,0.1112,0.0006
LFHPKGDB_04449,Cytoplasmic,0.0001,0.0096,0.9202,0.0582,0.0118,0.0000
LFHPKGDB_04450,Cytoplasmic,0.0000,0.0003,0.9503,0.0330,0.0082,0.0081
LFHPKGDB_04451,Cytoplasmic,0.0000,0.0006,0.9867,0.0037,0.0089,0.0001
LFHPKGDB_04452,Cytoplasmic Membrane,0.0001,0.0020,0.0073,0.9877,0.0029,0.0000
LFHPKGDB_04453,Cytoplasmic Membrane,0.0002,0.0007,0.0674,0.8992,0.0320,0.0005
LFHPKGDB_04454,Cytoplasmic Membrane,0.0000,0.0000,0.0000,0.9996,0.0003,0.0000
LFHPKGDB_04455,Cytoplasmic,0.0002,0.0075,0.7181,0.2394,0.0180,0.0168
LFHPKGDB_04456,Cytoplasmic,0.0000,0.0009,0.9842,0.0019,0.0065,0.0065
LFHPKGDB_04457,Cytoplasmic,0.0006,0.0016,0.9804,0.0055,0.0110,0.0010
LFHPKGDB_04458,Cytoplasmic,0.0042,0.0084,0.8547,0.0644,0.0659,0.0024
LFHPKGDB_04459,Cytoplasmic,0.0001,0.0010,0.9750,0.0220,0.0018,0.0001
LFHPKGDB_04460,Cytoplasmic,0.0001,0.0003,0.9787,0.0199,0.0010,0.0000
LFHPKGDB_04461,Cytoplasmic,0.0001,0.0004,0.9809,0.0071,0.0097,0.0018
LFHPKGDB_04462,Cytoplasmic,0.0004,0.0018,0.8473,0.0075,0.1379,0.0051
LFHPKGDB_04463,Cytoplasmic,0.0012,0.0040,0.8921,0.0564,0.0394,0.0069
LFHPKGDB_04464,Cytoplasmic,0.0002,0.0009,0.8948,0.0028,0.0992,0.0020
LFHPKGDB_04465,Cytoplasmic,0.0015,0.0277,0.9624,0.0058,0.0021,0.0004
LFHPKGDB_04466,Cytoplasmic,0.0001,0.0060,0.9884,0.0012,0.0041,0.0002
LFHPKGDB_04467,Cytoplasmic,0.0000,0.0001,0.9836,0.0000,0.0162,0.0001
LFHPKGDB_04468,Cytoplasmic,0.0002,0.0029,0.9947,0.0017,0.0004,0.0000
LFHPKGDB_04469,Cytoplasmic,0.0000,0.0018,0.9168,0.0677,0.0129,0.0008
LFHPKGDB_04470,Cytoplasmic Membrane,0.0000,0.0001,0.0000,0.9996,0.0003,0.0000
LFHPKGDB_04471,Cytoplasmic,0.0000,0.0046,0.9878,0.0016,0.0028,0.0032
LFHPKGDB_04472,Cytoplasmic,0.0009,0.0272,0.8950,0.0054,0.0652,0.0063
LFHPKGDB_04473,Extracellular,0.0002,0.7547,0.1921,0.0439,0.0067,0.0024
LFHPKGDB_04474,Cytoplasmic Membrane,0.0001,0.0041,0.0026,0.9855,0.0075,0.0002
LFHPKGDB_04475,Cytoplasmic Membrane,0.0028,0.1030,0.3691,0.5017,0.0212,0.0021
LFHPKGDB_04476,Cytoplasmic,0.0003,0.4060,0.4311,0.0770,0.0852,0.0004
LFHPKGDB_04477,Cytoplasmic,0.0009,0.0004,0.9108,0.0716,0.0155,0.0009
LFHPKGDB_04478,Cytoplasmic,0.0001,0.3326,0.5232,0.1069,0.0365,0.0007
LFHPKGDB_04479,Cytoplasmic,0.0008,0.0048,0.9886,0.0039,0.0010,0.0010
LFHPKGDB_04480,Cytoplasmic,0.0000,0.0006,0.9521,0.0006,0.0025,0.0442
LFHPKGDB_04481,Cytoplasmic,0.0001,0.0169,0.9335,0.0017,0.0234,0.0244
LFHPKGDB_04482,Cytoplasmic,0.0001,0.0192,0.9645,0.0125,0.0025,0.0013
LFHPKGDB_04483,Cytoplasmic Membrane,0.0000,0.0000,0.0000,0.9999,0.0000,0.0000
LFHPKGDB_04484,Cytoplasmic,0.0005,0.0045,0.9652,0.0122,0.0171,0.0005
LFHPKGDB_04485,Cytoplasmic,0.0003,0.0015,0.9897,0.0067,0.0016,0.0001
LFHPKGDB_04486,Extracellular,0.0215,0.7198,0.1874,0.0449,0.0116,0.0148
LFHPKGDB_04487,Cytoplasmic,0.0003,0.0301,0.9669,0.0010,0.0014,0.0003
LFHPKGDB_04488,Cytoplasmic,0.0013,0.0129,0.7544,0.2033,0.0241,0.0040
LFHPKGDB_04489,Cytoplasmic,0.0001,0.0172,0.6752,0.2986,0.0034,0.0055
LFHPKGDB_04490,Cytoplasmic Membrane,0.0000,0.0001,0.0470,0.9497,0.0029,0.0001
LFHPKGDB_04491,Cytoplasmic,0.0003,0.4375,0.4637,0.0424,0.0500,0.0061
LFHPKGDB_04492,Cytoplasmic,0.0002,0.3810,0.4116,0.0683,0.1378,0.0012
LFHPKGDB_04493,Cytoplasmic,0.0000,0.0022,0.9323,0.0498,0.0154,0.0003
LFHPKGDB_04494,Cytoplasmic Membrane,0.0002,0.0198,0.0000,0.9787,0.0013,0.0000
LFHPKGDB_04495,Cytoplasmic,0.0004,0.0358,0.9223,0.0016,0.0395,0.0004
LFHPKGDB_04496,Cytoplasmic,0.0005,0.0106,0.9581,0.0294,0.0012,0.0002
LFHPKGDB_04497,Cytoplasmic Membrane,0.0005,0.0010,0.1417,0.8369,0.0195,0.0004
LFHPKGDB_04498,Cytoplasmic Membrane,0.0000,0.0000,0.0000,0.9998,0.0002,0.0000
LFHPKGDB_04499,Cytoplasmic,0.0003,0.0064,0.9890,0.0035,0.0007,0.0000
LFHPKGDB_04500,Extracellular,0.0001,0.5759,0.1208,0.1334,0.1676,0.0022
LFHPKGDB_04501,Cytoplasmic,0.0011,0.0057,0.9128,0.0166,0.0590,0.0048
LFHPKGDB_04502,Cytoplasmic,0.0001,0.0545,0.8805,0.0343,0.0215,0.0091
LFHPKGDB_04503,Cytoplasmic,0.0000,0.0001,0.9924,0.0001,0.0075,0.0000
LFHPKGDB_04504,Cytoplasmic,0.0001,0.0865,0.8533,0.0262,0.0308,0.0031
LFHPKGDB_04505,Cytoplasmic,0.0004,0.0114,0.9791,0.0014,0.0068,0.0009
LFHPKGDB_04506,Cytoplasmic,0.0007,0.0271,0.8744,0.0135,0.0722,0.0122
LFHPKGDB_04507,Cytoplasmic,0.0001,0.0003,0.8359,0.0538,0.0932,0.0167
LFHPKGDB_04508,Cytoplasmic,0.0003,0.0009,0.9510,0.0181,0.0208,0.0090
LFHPKGDB_04509,Cytoplasmic,0.0002,0.0009,0.9799,0.0030,0.0139,0.0019
LFHPKGDB_04510,Cytoplasmic,0.0002,0.3140,0.5347,0.1242,0.0263,0.0006
LFHPKGDB_04511,Cytoplasmic,0.0001,0.0279,0.6533,0.3104,0.0058,0.0024
LFHPKGDB_04512,Cytoplasmic,0.0003,0.0009,0.7150,0.0204,0.2447,0.0187
LFHPKGDB_04513,Cytoplasmic,0.0000,0.0003,0.9920,0.0060,0.0015,0.0001
LFHPKGDB_04514,Cytoplasmic,0.0002,0.0013,0.9295,0.0686,0.0004,0.0001
LFHPKGDB_04515,Cytoplasmic,0.0000,0.0183,0.9214,0.0401,0.0200,0.0001
LFHPKGDB_04516,Cytoplasmic Membrane,0.0000,0.0000,0.0002,0.9994,0.0003,0.0000
LFHPKGDB_04517,Outer Membrane,0.0000,0.0000,0.4494,0.0001,0.5498,0.0008
LFHPKGDB_04518,Cytoplasmic,0.0015,0.0114,0.9195,0.0588,0.0086,0.0003
LFHPKGDB_04519,Cytoplasmic,0.0005,0.0155,0.7159,0.0530,0.2126,0.0025
LFHPKGDB_04520,Cytoplasmic,0.0000,0.0000,0.9835,0.0087,0.0072,0.0005
LFHPKGDB_04521,Cytoplasmic,0.0000,0.0002,0.9743,0.0011,0.0242,0.0001
LFHPKGDB_04522,Cytoplasmic,0.0000,0.0003,0.9964,0.0008,0.0013,0.0012
LFHPKGDB_04523,Cytoplasmic,0.0002,0.0010,0.9894,0.0021,0.0071,0.0002
LFHPKGDB_04524,Cytoplasmic,0.0001,0.0002,0.9640,0.0104,0.0252,0.0001
LFHPKGDB_04525,Cytoplasmic,0.0000,0.0001,0.9911,0.0003,0.0084,0.0000
LFHPKGDB_04526,Cytoplasmic Membrane,0.0008,0.0617,0.0008,0.9315,0.0047,0.0005
LFHPKGDB_04527,Cytoplasmic,0.0002,0.3889,0.5151,0.0045,0.0908,0.0006
LFHPKGDB_04528,Cytoplasmic,0.0001,0.0013,0.9804,0.0134,0.0048,0.0000
LFHPKGDB_04529,Cytoplasmic,0.0000,0.0002,0.9871,0.0021,0.0105,0.0000
LFHPKGDB_04530,Cytoplasmic,0.0002,0.0132,0.9790,0.0026,0.0049,0.0001
LFHPKGDB_04531,Cytoplasmic,0.0002,0.0014,0.9936,0.0040,0.0008,0.0000
LFHPKGDB_04532,Cytoplasmic,0.0000,0.0436,0.9511,0.0011,0.0012,0.0031
LFHPKGDB_04533,Cytoplasmic,0.0000,0.0000,0.9957,0.0040,0.0003,0.0000
LFHPKGDB_04534,Cytoplasmic Membrane,0.0002,0.0091,0.0033,0.9698,0.0176,0.0001
LFHPKGDB_04535,Cytoplasmic Membrane,0.0001,0.0010,0.3437,0.6468,0.0080,0.0004
LFHPKGDB_04536,Cytoplasmic Membrane,0.0001,0.0013,0.0008,0.9949,0.0027,0.0002
LFHPKGDB_04537,Cytoplasmic Membrane,0.0000,0.0005,0.0130,0.9860,0.0005,0.0000
LFHPKGDB_04538,Cytoplasmic,0.0004,0.0461,0.8591,0.0325,0.0617,0.0002
LFHPKGDB_04539,Cytoplasmic,0.0001,0.0487,0.9467,0.0028,0.0016,0.0000
LFHPKGDB_04540,Cytoplasmic,0.0001,0.0001,0.9890,0.0059,0.0049,0.0000
LFHPKGDB_04541,Cytoplasmic Membrane,0.0000,0.0025,0.0001,0.9960,0.0015,0.0000
LFHPKGDB_04542,Cytoplasmic Membrane,0.0219,0.2362,0.0229,0.6487,0.0654,0.0049
LFHPKGDB_04543,Cytoplasmic,0.0001,0.0007,0.9672,0.0277,0.0043,0.0001
LFHPKGDB_04544,Cytoplasmic,0.0000,0.0253,0.9631,0.0103,0.0008,0.0005
LFHPKGDB_04545,Cytoplasmic Membrane,0.0000,0.0000,0.0006,0.9992,0.0001,0.0000
LFHPKGDB_04546,Cytoplasmic,0.0007,0.0070,0.8217,0.1490,0.0170,0.0046
LFHPKGDB_04547,Cytoplasmic,0.0000,0.0028,0.9892,0.0036,0.0035,0.0009
LFHPKGDB_04548,Cytoplasmic Membrane,0.0000,0.0000,0.0003,0.9978,0.0019,0.0000
LFHPKGDB_04549,Cytoplasmic Membrane,0.0000,0.0001,0.0001,0.9981,0.0017,0.0000
LFHPKGDB_04550,Cytoplasmic,0.0002,0.0005,0.8789,0.0709,0.0492,0.0003
LFHPKGDB_04551,Cytoplasmic,0.0000,0.0001,0.9971,0.0008,0.0016,0.0004
LFHPKGDB_04552,Cytoplasmic Membrane,0.0003,0.0086,0.0240,0.9574,0.0097,0.0001
LFHPKGDB_04553,Cytoplasmic Membrane,0.0001,0.0002,0.1151,0.8802,0.0044,0.0001
LFHPKGDB_04554,Cytoplasmic Membrane,0.0000,0.0001,0.0000,0.9996,0.0003,0.0000
LFHPKGDB_04555,Cytoplasmic,0.0001,0.0071,0.9680,0.0238,0.0006,0.0003
LFHPKGDB_04556,Extracellular,0.0008,0.5294,0.3991,0.0009,0.0613,0.0085
LFHPKGDB_04557,Cytoplasmic,0.0002,0.0110,0.9575,0.0193,0.0118,0.0002
LFHPKGDB_04558,Cytoplasmic Membrane,0.0001,0.0379,0.3899,0.5456,0.0252,0.0013
LFHPKGDB_04559,Cytoplasmic Membrane,0.0000,0.0001,0.0000,0.9997,0.0002,0.0000
LFHPKGDB_04560,Cytoplasmic,0.0007,0.0089,0.9851,0.0041,0.0011,0.0002
LFHPKGDB_04561,Cytoplasmic Membrane,0.0000,0.0000,0.0000,0.9999,0.0001,0.0000
LFHPKGDB_04562,Cytoplasmic,0.0000,0.0004,0.9936,0.0002,0.0056,0.0001
LFHPKGDB_04563,Cytoplasmic,0.0006,0.0036,0.9886,0.0064,0.0003,0.0006
LFHPKGDB_04564,Cytoplasmic,0.0003,0.0004,0.9937,0.0048,0.0008,0.0000
LFHPKGDB_04565,Cytoplasmic,0.0005,0.0011,0.9824,0.0044,0.0098,0.0018
LFHPKGDB_04566,Cytoplasmic,0.0000,0.0007,0.8277,0.0007,0.0045,0.1663
LFHPKGDB_04567,Cytoplasmic,0.0001,0.0047,0.9855,0.0041,0.0047,0.0009
LFHPKGDB_04568,Cytoplasmic,0.0000,0.0002,0.9923,0.0073,0.0002,0.0000
LFHPKGDB_04569,Cytoplasmic,0.0000,0.0002,0.9916,0.0015,0.0066,0.0001
LFHPKGDB_04570,Cytoplasmic Membrane,0.0003,0.0019,0.0015,0.9816,0.0145,0.0001
LFHPKGDB_04571,Cytoplasmic,0.0002,0.0942,0.7623,0.1087,0.0289,0.0057
LFHPKGDB_04572,Cytoplasmic,0.0002,0.0122,0.9277,0.0539,0.0029,0.0030
LFHPKGDB_04573,Cytoplasmic,0.0001,0.0465,0.9380,0.0118,0.0035,0.0001
LFHPKGDB_04574,Cytoplasmic Membrane,0.0000,0.0000,0.0000,0.9999,0.0001,0.0000
LFHPKGDB_04575,Cytoplasmic Membrane,0.0000,0.0001,0.0000,0.9996,0.0003,0.0000
LFHPKGDB_04576,Cytoplasmic Membrane,0.0006,0.0010,0.1656,0.7940,0.0380,0.0008
LFHPKGDB_04577,Cytoplasmic Membrane,0.0002,0.0080,0.0008,0.9690,0.0220,0.0002
LFHPKGDB_04578,Cytoplasmic,0.0001,0.0001,0.9967,0.0020,0.0011,0.0000
LFHPKGDB_04579,Cytoplasmic,0.0015,0.0013,0.9942,0.0002,0.0027,0.0002
LFHPKGDB_04580,Cytoplasmic,0.0553,0.0340,0.9025,0.0028,0.0049,0.0005
LFHPKGDB_04581,Extracellular,0.0389,0.9609,0.0000,0.0000,0.0002,0.0001
LFHPKGDB_04582,Cytoplasmic,0.0001,0.0272,0.8025,0.0774,0.0922,0.0006
LFHPKGDB_04583,Cytoplasmic Membrane,0.0000,0.0000,0.0000,0.9998,0.0002,0.0000
LFHPKGDB_04584,Cytoplasmic,0.0011,0.0013,0.8475,0.1216,0.0225,0.0059
LFHPKGDB_04585,Cytoplasmic,0.0023,0.0063,0.9896,0.0001,0.0016,0.0001
LFHPKGDB_04586,Cytoplasmic,0.0077,0.0238,0.9655,0.0017,0.0011,0.0002
LFHPKGDB_04587,Cytoplasmic,0.0000,0.0003,0.8723,0.0690,0.0566,0.0018
LFHPKGDB_04588,Cytoplasmic,0.0000,0.0001,0.9986,0.0010,0.0003,0.0000
LFHPKGDB_04589,Cytoplasmic Membrane,0.0000,0.0000,0.0000,0.9999,0.0001,0.0000
LFHPKGDB_04590,Cytoplasmic,0.0002,0.0106,0.9819,0.0034,0.0035,0.0004
LFHPKGDB_04591,Cytoplasmic,0.0000,0.0004,0.9906,0.0082,0.0007,0.0002
LFHPKGDB_04592,Cytoplasmic,0.0003,0.0001,0.8914,0.0080,0.1002,0.0000
LFHPKGDB_04593,Cytoplasmic,0.0000,0.0003,0.9972,0.0002,0.0021,0.0001
LFHPKGDB_04594,Cytoplasmic Membrane,0.0000,0.0007,0.0005,0.9941,0.0046,0.0000
LFHPKGDB_04595,Cytoplasmic Membrane,0.0000,0.0022,0.0000,0.9934,0.0043,0.0000
LFHPKGDB_04596,Cytoplasmic,0.0002,0.0014,0.9042,0.0409,0.0528,0.0006
LFHPKGDB_04597,Cytoplasmic Membrane,0.0029,0.0399,0.0040,0.9208,0.0323,0.0001
LFHPKGDB_04598,Cytoplasmic,0.0003,0.0036,0.9665,0.0065,0.0223,0.0008
LFHPKGDB_04599,Cytoplasmic Membrane,0.0000,0.0001,0.0000,0.9995,0.0004,0.0000
LFHPKGDB_04600,Cytoplasmic,0.0002,0.0259,0.8675,0.1019,0.0044,0.0001
LFHPKGDB_04601,Cytoplasmic,0.0001,0.0001,0.5901,0.4021,0.0075,0.0001
LFHPKGDB_04602,Cytoplasmic Membrane,0.0002,0.0420,0.0004,0.9556,0.0018,0.0000
LFHPKGDB_04603,Cytoplasmic Membrane,0.0000,0.0000,0.0018,0.9974,0.0007,0.0000
LFHPKGDB_04604,Cytoplasmic Membrane,0.0003,0.0008,0.0046,0.9922,0.0021,0.0000
LFHPKGDB_04605,Cytoplasmic,0.0008,0.0068,0.8351,0.1004,0.0562,0.0007
LFHPKGDB_04606,Cytoplasmic,0.0001,0.0011,0.9970,0.0011,0.0005,0.0003
LFHPKGDB_04607,Cytoplasmic,0.0001,0.0033,0.9803,0.0124,0.0033,0.0005
LFHPKGDB_04608,Cytoplasmic,0.0003,0.0063,0.9508,0.0387,0.0037,0.0002
LFHPKGDB_04609,Cytoplasmic,0.0002,0.0030,0.8638,0.0014,0.1302,0.0014
LFHPKGDB_04610,Cytoplasmic,0.0001,0.0005,0.9985,0.0004,0.0004,0.0001
LFHPKGDB_04611,Cytoplasmic,0.0005,0.0006,0.9920,0.0048,0.0019,0.0002
LFHPKGDB_04612,Cytoplasmic,0.0008,0.0029,0.8904,0.0057,0.0995,0.0006
LFHPKGDB_04613,Cytoplasmic,0.0003,0.0012,0.9527,0.0283,0.0128,0.0047
LFHPKGDB_04614,Cytoplasmic,0.0000,0.0002,0.9845,0.0050,0.0099,0.0004
LFHPKGDB_04615,Cytoplasmic,0.0001,0.0007,0.9798,0.0013,0.0179,0.0001
LFHPKGDB_04616,Cytoplasmic Membrane,0.0005,0.0027,0.0001,0.9747,0.0218,0.0002
LFHPKGDB_04617,Cytoplasmic Membrane,0.0127,0.0260,0.0009,0.7533,0.1925,0.0147
LFHPKGDB_04618,Cytoplasmic,0.0000,0.0002,0.9985,0.0001,0.0005,0.0006
LFHPKGDB_04619,Cytoplasmic,0.0001,0.0324,0.9254,0.0056,0.0352,0.0013
LFHPKGDB_04620,Cytoplasmic,0.0002,0.0006,0.9610,0.0171,0.0208,0.0002
LFHPKGDB_04621,Cytoplasmic,0.0001,0.0108,0.9866,0.0019,0.0006,0.0000
LFHPKGDB_04622,Cytoplasmic Membrane,0.0004,0.0285,0.2038,0.7338,0.0325,0.0010
LFHPKGDB_04623,Cytoplasmic Membrane,0.0027,0.1450,0.2569,0.5936,0.0016,0.0001
LFHPKGDB_04624,Cytoplasmic,0.0000,0.0013,0.9914,0.0044,0.0027,0.0001
LFHPKGDB_04625,Cytoplasmic,0.0001,0.0457,0.8710,0.0542,0.0273,0.0018
LFHPKGDB_04626,Cytoplasmic,0.0002,0.2460,0.6719,0.0151,0.0665,0.0004
LFHPKGDB_04627,Cytoplasmic Membrane,0.0003,0.0027,0.3290,0.6549,0.0128,0.0002
LFHPKGDB_04628,Cytoplasmic Membrane,0.0002,0.0064,0.0002,0.9927,0.0005,0.0000
LFHPKGDB_04629,Cytoplasmic Membrane,0.0005,0.0437,0.0073,0.9454,0.0030,0.0000
LFHPKGDB_04630,Cytoplasmic Membrane,0.0000,0.0009,0.0004,0.9978,0.0009,0.0000
LFHPKGDB_04631,Cytoplasmic Membrane,0.0000,0.0000,0.0001,0.9973,0.0026,0.0000
LFHPKGDB_04632,Cytoplasmic Membrane,0.0000,0.0011,0.0001,0.9971,0.0017,0.0000
LFHPKGDB_04633,Cytoplasmic,0.0017,0.0533,0.7692,0.0597,0.1159,0.0002
LFHPKGDB_04634,Cytoplasmic,0.0001,0.0308,0.8812,0.0091,0.0777,0.0012
LFHPKGDB_04635,Extracellular,0.0007,0.4872,0.3720,0.1061,0.0339,0.0001
LFHPKGDB_04636,Cytoplasmic,0.0004,0.0025,0.9928,0.0020,0.0023,0.0000
LFHPKGDB_04637,Cytoplasmic,0.0032,0.0285,0.9051,0.0625,0.0006,0.0000
LFHPKGDB_04638,Cytoplasmic,0.0011,0.0062,0.8521,0.1382,0.0024,0.0000
LFHPKGDB_04639,Cytoplasmic,0.0003,0.0042,0.9638,0.0108,0.0209,0.0000
LFHPKGDB_04640,Cytoplasmic,0.0002,0.0015,0.9930,0.0049,0.0003,0.0001
LFHPKGDB_04641,Cytoplasmic,0.0002,0.0079,0.9832,0.0053,0.0029,0.0005
LFHPKGDB_04642,Cytoplasmic,0.0004,0.0112,0.9401,0.0337,0.0143,0.0002
LFHPKGDB_04643,Cytoplasmic Membrane,0.0002,0.0066,0.0003,0.9906,0.0023,0.0000
LFHPKGDB_04644,Cytoplasmic,0.0000,0.0000,0.9931,0.0050,0.0018,0.0000
LFHPKGDB_04645,Cytoplasmic Membrane,0.0000,0.0001,0.0205,0.9782,0.0011,0.0000
LFHPKGDB_04646,Cytoplasmic Membrane,0.0000,0.0000,0.0002,0.9987,0.0011,0.0000
LFHPKGDB_04647,Cytoplasmic Membrane,0.0076,0.2060,0.0097,0.6777,0.0980,0.0011
LFHPKGDB_04648,Cytoplasmic Membrane,0.0000,0.0000,0.0001,0.9996,0.0003,0.0000
LFHPKGDB_04649,Cytoplasmic,0.0001,0.0088,0.9769,0.0116,0.0025,0.0001
LFHPKGDB_04650,Cytoplasmic,0.0001,0.0609,0.8635,0.0651,0.0101,0.0004
LFHPKGDB_04651,Cytoplasmic,0.0001,0.0005,0.9917,0.0072,0.0005,0.0000
LFHPKGDB_04652,Cytoplasmic Membrane,0.0008,0.0080,0.0000,0.8679,0.1232,0.0001
LFHPKGDB_04653,Cytoplasmic Membrane,0.0001,0.0534,0.0913,0.8121,0.0428,0.0003
LFHPKGDB_04654,Cytoplasmic,0.0001,0.0831,0.9099,0.0044,0.0024,0.0001
LFHPKGDB_04655,Extracellular,0.0000,0.9993,0.0006,0.0000,0.0001,0.0000
LFHPKGDB_04656,Cytoplasmic Membrane,0.0005,0.0855,0.2485,0.5389,0.1071,0.0195
LFHPKGDB_04657,Extracellular,0.0000,0.9991,0.0000,0.0000,0.0001,0.0007
LFHPKGDB_04658,Cytoplasmic,0.0085,0.1638,0.7440,0.0709,0.0124,0.0004
LFHPKGDB_04659,Extracellular,0.0000,0.6744,0.2660,0.0222,0.0369,0.0004
LFHPKGDB_04660,Cytoplasmic Membrane,0.0018,0.2538,0.0054,0.7285,0.0105,0.0000
LFHPKGDB_04661,Cytoplasmic,0.0013,0.4581,0.5093,0.0204,0.0022,0.0088
LFHPKGDB_04662,Cytoplasmic,0.0003,0.0046,0.6196,0.3496,0.0253,0.0006
LFHPKGDB_04663,Cytoplasmic Membrane,0.0001,0.0051,0.0020,0.9734,0.0193,0.0000
LFHPKGDB_04664,Cytoplasmic,0.0016,0.3912,0.5480,0.0266,0.0099,0.0227
LFHPKGDB_04665,Cytoplasmic Membrane,0.0000,0.3018,0.0007,0.6806,0.0167,0.0002
LFHPKGDB_04666,Extracellular,0.0001,0.5671,0.0003,0.4091,0.0234,0.0001
LFHPKGDB_04667,Cytoplasmic,0.0004,0.0072,0.8313,0.1339,0.0264,0.0009
LFHPKGDB_04668,Cytoplasmic,0.0002,0.1630,0.5197,0.0496,0.2632,0.0043
LFHPKGDB_04669,Cytoplasmic,0.0098,0.0329,0.8460,0.0649,0.0441,0.0023
LFHPKGDB_04670,Cytoplasmic,0.0061,0.0995,0.6551,0.2120,0.0250,0.0023
LFHPKGDB_04671,Cytoplasmic Membrane,0.0008,0.0046,0.0040,0.9819,0.0086,0.0001
LFHPKGDB_04672,Cytoplasmic,0.0001,0.0071,0.9691,0.0062,0.0164,0.0012
LFHPKGDB_04673,Cytoplasmic,0.0039,0.0187,0.8760,0.0506,0.0502,0.0005
LFHPKGDB_04674,Cytoplasmic,0.0045,0.0136,0.9395,0.0227,0.0162,0.0036
LFHPKGDB_04675,Cytoplasmic,0.0030,0.1825,0.7277,0.0238,0.0622,0.0008
LFHPKGDB_04676,Cytoplasmic,0.0466,0.3595,0.3824,0.0040,0.1123,0.0953
LFHPKGDB_04677,Cytoplasmic,0.0124,0.1495,0.5029,0.1881,0.1458,0.0013
LFHPKGDB_04678,Cytoplasmic,0.0023,0.0193,0.9634,0.0102,0.0024,0.0023
LFHPKGDB_04679,Cytoplasmic,0.0004,0.0058,0.9612,0.0007,0.0313,0.0007
LFHPKGDB_04680,Cytoplasmic Membrane,0.0012,0.1210,0.0874,0.7739,0.0158,0.0006
LFHPKGDB_04681,Cytoplasmic,0.0000,0.0076,0.9848,0.0062,0.0013,0.0001
LFHPKGDB_04682,Cytoplasmic,0.0018,0.1653,0.8292,0.0011,0.0009,0.0017
LFHPKGDB_04683,Cytoplasmic,0.0000,0.0006,0.9953,0.0013,0.0023,0.0005
LFHPKGDB_04684,Cytoplasmic,0.0140,0.2943,0.6675,0.0154,0.0034,0.0053
LFHPKGDB_04685,Cytoplasmic,0.0012,0.0757,0.9170,0.0003,0.0034,0.0024
LFHPKGDB_04686,Cytoplasmic,0.0003,0.0033,0.9666,0.0010,0.0278,0.0010
LFHPKGDB_04687,Cytoplasmic Membrane,0.0002,0.3252,0.2146,0.4087,0.0502,0.0011
LFHPKGDB_04688,Cytoplasmic Membrane,0.0020,0.1644,0.0023,0.8246,0.0065,0.0001
LFHPKGDB_04689,Cell wall & surface,0.6101,0.2976,0.0077,0.0712,0.0132,0.0002
LFHPKGDB_04690,Cytoplasmic,0.0004,0.0691,0.9262,0.0008,0.0017,0.0018
LFHPKGDB_04691,Extracellular,0.0003,0.6544,0.2810,0.0493,0.0089,0.0061
LFHPKGDB_04692,Extracellular,0.0005,0.8172,0.1346,0.0056,0.0397,0.0024
LFHPKGDB_04693,Cytoplasmic,0.0016,0.1218,0.8600,0.0017,0.0113,0.0035
LFHPKGDB_04694,Cytoplasmic,0.0001,0.0003,0.9982,0.0003,0.0011,0.0000
LFHPKGDB_04695,Cytoplasmic,0.0000,0.0013,0.9985,0.0001,0.0001,0.0000
LFHPKGDB_04696,Cytoplasmic,0.0001,0.0354,0.9472,0.0075,0.0095,0.0003
LFHPKGDB_04697,Cytoplasmic,0.0000,0.1368,0.7214,0.1392,0.0019,0.0005
LFHPKGDB_04698,Cytoplasmic,0.0008,0.0094,0.9617,0.0107,0.0168,0.0005
LFHPKGDB_04699,Cytoplasmic,0.0001,0.1199,0.8644,0.0041,0.0110,0.0004
LFHPKGDB_04700,Cytoplasmic,0.0007,0.0078,0.9436,0.0198,0.0279,0.0002
LFHPKGDB_04701,Cytoplasmic,0.0003,0.1303,0.8426,0.0242,0.0021,0.0005
LFHPKGDB_04702,Cytoplasmic Membrane,0.0001,0.0007,0.2040,0.7697,0.0253,0.0002
LFHPKGDB_04703,Cytoplasmic Membrane,0.0001,0.0033,0.0011,0.9642,0.0313,0.0000
LFHPKGDB_04704,Cytoplasmic,0.0000,0.0001,0.9889,0.0036,0.0072,0.0001
LFHPKGDB_04705,Cytoplasmic Membrane,0.0047,0.0221,0.0007,0.9581,0.0143,0.0002
LFHPKGDB_04706,Extracellular,0.0000,1.0000,0.0000,0.0000,0.0000,0.0000
LFHPKGDB_04707,Cytoplasmic Membrane,0.0026,0.3324,0.0019,0.6396,0.0236,0.0000
LFHPKGDB_04708,Extracellular,0.1689,0.7311,0.0186,0.0146,0.0667,0.0001
LFHPKGDB_04709,Cytoplasmic,0.0004,0.1163,0.7857,0.0005,0.0887,0.0083
LFHPKGDB_04710,Cytoplasmic Membrane,0.0000,0.0001,0.0000,0.9976,0.0023,0.0000
LFHPKGDB_04711,Cytoplasmic,0.0001,0.0149,0.9611,0.0202,0.0037,0.0000
LFHPKGDB_04712,Cytoplasmic,0.0002,0.0002,0.4915,0.4726,0.0342,0.0014
LFHPKGDB_04713,Cytoplasmic Membrane,0.0108,0.1467,0.0006,0.8207,0.0212,0.0000
LFHPKGDB_04714,Cytoplasmic Membrane,0.0000,0.0004,0.0041,0.9927,0.0029,0.0000
LFHPKGDB_04715,Cytoplasmic Membrane,0.0001,0.0054,0.0035,0.9820,0.0088,0.0001
LFHPKGDB_04716,Cytoplasmic Membrane,0.0000,0.0294,0.0056,0.9618,0.0030,0.0002
LFHPKGDB_04717,Cytoplasmic,0.0004,0.2922,0.5998,0.0274,0.0431,0.0372
LFHPKGDB_04718,Cytoplasmic Membrane,0.0003,0.0423,0.0003,0.8840,0.0729,0.0003
LFHPKGDB_04719,Cytoplasmic Membrane,0.0195,0.1536,0.0019,0.8100,0.0149,0.0002
LFHPKGDB_04720,Cytoplasmic,0.0000,0.0008,0.9951,0.0030,0.0011,0.0000
LFHPKGDB_04721,Cytoplasmic,0.0003,0.0008,0.9916,0.0053,0.0020,0.0001
LFHPKGDB_04722,Extracellular,0.0009,0.9656,0.0002,0.0002,0.0072,0.0260
LFHPKGDB_04723,Cytoplasmic,0.0002,0.0037,0.9889,0.0029,0.0042,0.0002
LFHPKGDB_04724,Cytoplasmic,0.0004,0.0021,0.9711,0.0021,0.0235,0.0008
LFHPKGDB_04725,Cytoplasmic Membrane,0.0000,0.0001,0.0003,0.9994,0.0002,0.0000
LFHPKGDB_04726,Cytoplasmic Membrane,0.0007,0.0248,0.0016,0.9587,0.0135,0.0007
LFHPKGDB_04727,Cytoplasmic,0.0002,0.3883,0.3935,0.1632,0.0442,0.0106
LFHPKGDB_04728,Cytoplasmic,0.0008,0.1967,0.7856,0.0122,0.0044,0.0003
LFHPKGDB_04729,Cytoplasmic,0.0003,0.3439,0.5560,0.0571,0.0401,0.0025
LFHPKGDB_04730,Cytoplasmic Membrane,0.0000,0.0000,0.0000,1.0000,0.0000,0.0000
LFHPKGDB_04731,Cytoplasmic Membrane,0.0000,0.0000,0.0000,1.0000,0.0000,0.0000
LFHPKGDB_04732,Cytoplasmic Membrane,0.0066,0.1107,0.0003,0.6776,0.1928,0.0121
LFHPKGDB_04733,Cytoplasmic,0.0001,0.0004,0.9883,0.0083,0.0028,0.0002
LFHPKGDB_04734,Cytoplasmic,0.0003,0.0043,0.9319,0.0589,0.0031,0.0014
LFHPKGDB_04735,Cytoplasmic,0.0002,0.0067,0.8402,0.0646,0.0877,0.0008
LFHPKGDB_04736,Cytoplasmic Membrane,0.0003,0.0010,0.0365,0.9587,0.0035,0.0000
LFHPKGDB_04737,Cytoplasmic,0.0000,0.0009,0.7790,0.2198,0.0003,0.0000
LFHPKGDB_04738,Cytoplasmic,0.0001,0.0263,0.9530,0.0188,0.0013,0.0005
LFHPKGDB_04739,Extracellular,0.3232,0.5090,0.0051,0.1002,0.0551,0.0074
LFHPKGDB_04740,Cytoplasmic Membrane,0.0000,0.0000,0.0000,0.9997,0.0003,0.0000
LFHPKGDB_04741,Cytoplasmic,0.0000,0.0002,0.9903,0.0090,0.0005,0.0000
LFHPKGDB_04742,Cytoplasmic,0.0005,0.0136,0.9342,0.0460,0.0049,0.0009
LFHPKGDB_04743,Cytoplasmic,0.0003,0.0061,0.9918,0.0011,0.0006,0.0001
LFHPKGDB_04744,Cytoplasmic Membrane,0.0003,0.1517,0.3699,0.4776,0.0004,0.0000
LFHPKGDB_04745,Cytoplasmic,0.0009,0.0638,0.8404,0.0556,0.0387,0.0006
LFHPKGDB_04746,Cytoplasmic,0.0006,0.0604,0.7080,0.2006,0.0241,0.0064
LFHPKGDB_04747,Cytoplasmic,0.0000,0.0002,0.9874,0.0097,0.0021,0.0005
LFHPKGDB_04748,Cytoplasmic Membrane,0.0005,0.0820,0.0009,0.8576,0.0587,0.0003
LFHPKGDB_04749,Cytoplasmic,0.0005,0.0008,0.9929,0.0040,0.0017,0.0001
LFHPKGDB_04750,Cytoplasmic,0.0001,0.3063,0.6385,0.0321,0.0228,0.0003
LFHPKGDB_04751,Cytoplasmic,0.0005,0.0617,0.8188,0.0953,0.0232,0.0004
LFHPKGDB_04752,Cytoplasmic,0.0000,0.0017,0.9249,0.0289,0.0435,0.0010
LFHPKGDB_04753,Cytoplasmic,0.0002,0.0025,0.9851,0.0013,0.0091,0.0018
LFHPKGDB_04754,Cytoplasmic,0.0002,0.0907,0.4677,0.4366,0.0045,0.0004
LFHPKGDB_04755,Cytoplasmic,0.0000,0.0006,0.9969,0.0005,0.0017,0.0003
LFHPKGDB_04756,Cytoplasmic,0.0001,0.0182,0.9555,0.0208,0.0046,0.0008
LFHPKGDB_04757,Extracellular,0.0006,0.4214,0.2975,0.0048,0.2148,0.0608
LFHPKGDB_04758,Cytoplasmic,0.0001,0.0003,0.9713,0.0006,0.0239,0.0038
LFHPKGDB_04759,Cytoplasmic,0.0003,0.0112,0.9796,0.0085,0.0004,0.0001
LFHPKGDB_04760,Cytoplasmic,0.0002,0.0003,0.9529,0.0071,0.0314,0.0080
LFHPKGDB_04761,Cytoplasmic,0.0000,0.0001,0.9636,0.0046,0.0308,0.0009
LFHPKGDB_04762,Cytoplasmic Membrane,0.0156,0.0645,0.0024,0.8650,0.0523,0.0002
LFHPKGDB_04763,Cytoplasmic Membrane,0.0000,0.0003,0.0004,0.9952,0.0041,0.0000
LFHPKGDB_04764,Cytoplasmic Membrane,0.0000,0.0000,0.0000,0.9999,0.0001,0.0000
LFHPKGDB_04765,Cytoplasmic,0.0007,0.0063,0.5523,0.3354,0.1040,0.0013
LFHPKGDB_04766,Cytoplasmic,0.0000,0.0001,0.9852,0.0007,0.0139,0.0001
LFHPKGDB_04767,Cytoplasmic Membrane,0.0000,0.0000,0.0001,0.9996,0.0002,0.0000
LFHPKGDB_04768,Cytoplasmic,0.0046,0.0251,0.8384,0.1089,0.0215,0.0015
LFHPKGDB_04769,Cytoplasmic,0.0047,0.0095,0.8838,0.0411,0.0596,0.0013
LFHPKGDB_04770,Cytoplasmic,0.0003,0.1592,0.7033,0.1056,0.0244,0.0072
LFHPKGDB_04771,Cytoplasmic,0.0003,0.0013,0.9765,0.0027,0.0190,0.0002
LFHPKGDB_04772,Cytoplasmic,0.0000,0.0002,0.9970,0.0003,0.0024,0.0001
LFHPKGDB_04773,Cytoplasmic,0.0003,0.0010,0.9957,0.0028,0.0002,0.0000
LFHPKGDB_04774,Cytoplasmic,0.0001,0.0005,0.9969,0.0006,0.0019,0.0001
LFHPKGDB_04775,Cytoplasmic,0.0006,0.0007,0.9814,0.0134,0.0036,0.0004
LFHPKGDB_04776,Cytoplasmic Membrane,0.0000,0.0004,0.0000,0.9993,0.0003,0.0000
LFHPKGDB_04777,Cytoplasmic,0.0000,0.0001,0.5042,0.4914,0.0041,0.0002
LFHPKGDB_04778,Cytoplasmic,0.0000,0.0004,0.9521,0.0405,0.0067,0.0004
LFHPKGDB_04779,Cytoplasmic,0.0000,0.0006,0.9250,0.0007,0.0731,0.0006
LFHPKGDB_04780,Cytoplasmic,0.0000,0.0001,0.9946,0.0022,0.0030,0.0000
LFHPKGDB_04781,Cytoplasmic,0.0001,0.0019,0.9386,0.0262,0.0326,0.0005
LFHPKGDB_04782,Cytoplasmic,0.0017,0.1331,0.8247,0.0359,0.0039,0.0008
LFHPKGDB_04783,Cytoplasmic Membrane,0.0068,0.0576,0.1790,0.6848,0.0623,0.0094
LFHPKGDB_04784,Extracellular,0.0004,0.4282,0.0019,0.2112,0.3500,0.0084
LFHPKGDB_04785,Cytoplasmic,0.0001,0.1437,0.8396,0.0003,0.0163,0.0000
LFHPKGDB_04786,Cytoplasmic,0.0003,0.1327,0.7234,0.1149,0.0053,0.0233
LFHPKGDB_04787,Cytoplasmic,0.0230,0.1567,0.8017,0.0080,0.0080,0.0025
LFHPKGDB_04788,Cytoplasmic,0.0013,0.0012,0.9703,0.0105,0.0163,0.0003
LFHPKGDB_04789,Cytoplasmic Membrane,0.0000,0.0000,0.0000,0.9997,0.0002,0.0000
LFHPKGDB_04790,Cytoplasmic,0.0004,0.0049,0.9696,0.0142,0.0091,0.0018
