Protein_name,Localization,Cell_wall_surface,Extracellular,Cytoplasmic,Cytoplasmic_Membrane,Outer_Membrane,Periplasmic
OFOAEPEI_00001,Cytoplasmic,0.0005,0.2803,0.6978,0.0169,0.0044,0.0001
OFOAEPEI_00002,Cytoplasmic,0.0013,0.0708,0.7540,0.1610,0.0128,0.0000
OFOAEPEI_00003,Cytoplasmic,0.0010,0.0076,0.9383,0.0146,0.0384,0.0000
OFOAEPEI_00004,Cytoplasmic Membrane,0.0054,0.4223,0.0197,0.5011,0.0494,0.0021
OFOAEPEI_00005,Cytoplasmic,0.0003,0.3408,0.6494,0.0017,0.0078,0.0001
OFOAEPEI_00006,Outer Membrane,0.0006,0.1808,0.0047,0.0670,0.6865,0.0603
OFOAEPEI_00007,Cytoplasmic Membrane,0.0031,0.0308,0.0001,0.4849,0.4779,0.0032
OFOAEPEI_00008,Cytoplasmic Membrane,0.0000,0.0000,0.0000,0.9994,0.0005,0.0000
OFOAEPEI_00009,Cytoplasmic Membrane,0.0000,0.0001,0.0000,0.9983,0.0015,0.0000
OFOAEPEI_00010,Cytoplasmic Membrane,0.0000,0.0002,0.0808,0.9100,0.0089,0.0002
OFOAEPEI_00011,Cytoplasmic,0.0010,0.0014,0.9603,0.0308,0.0064,0.0000
OFOAEPEI_00012,Cytoplasmic Membrane,0.0000,0.0000,0.0000,0.9994,0.0005,0.0000
OFOAEPEI_00013,Cytoplasmic,0.0001,0.0005,0.9981,0.0008,0.0003,0.0002
OFOAEPEI_00014,Cytoplasmic Membrane,0.0000,0.0003,0.0007,0.9959,0.0031,0.0000
OFOAEPEI_00015,Cytoplasmic,0.0005,0.0072,0.9671,0.0120,0.0082,0.0050
OFOAEPEI_00016,Cytoplasmic,0.0001,0.0002,0.9757,0.0183,0.0056,0.0001
OFOAEPEI_00017,Cytoplasmic,0.0001,0.0005,0.9633,0.0340,0.0021,0.0000
OFOAEPEI_00018,Cytoplasmic,0.0000,0.0000,0.9954,0.0001,0.0041,0.0004
OFOAEPEI_00019,Cytoplasmic,0.0013,0.0006,0.9796,0.0054,0.0129,0.0003
OFOAEPEI_00020,Cytoplasmic,0.0001,0.0002,0.9810,0.0048,0.0138,0.0001
OFOAEPEI_00021,Cytoplasmic,0.0005,0.0043,0.9686,0.0258,0.0007,0.0001
OFOAEPEI_00022,Cytoplasmic,0.0000,0.0495,0.9484,0.0018,0.0003,0.0000
OFOAEPEI_00023,Cytoplasmic,0.0001,0.0005,0.9932,0.0034,0.0026,0.0001
OFOAEPEI_00024,Cytoplasmic,0.0002,0.0000,0.9933,0.0042,0.0022,0.0000
OFOAEPEI_00025,Cytoplasmic,0.0002,0.0008,0.9922,0.0014,0.0045,0.0009
OFOAEPEI_00026,Cytoplasmic,0.0001,0.0441,0.9477,0.0020,0.0061,0.0001
OFOAEPEI_00027,Cytoplasmic,0.0001,0.0002,0.9948,0.0015,0.0032,0.0002
OFOAEPEI_00028,Cytoplasmic Membrane,0.0002,0.0074,0.0000,0.9895,0.0028,0.0001
OFOAEPEI_00029,Cytoplasmic,0.0002,0.0002,0.7476,0.0000,0.2514,0.0006
OFOAEPEI_00030,Cytoplasmic,0.0000,0.0013,0.9982,0.0002,0.0002,0.0001
OFOAEPEI_00031,Cytoplasmic,0.0002,0.0078,0.9891,0.0023,0.0004,0.0002
OFOAEPEI_00032,Cytoplasmic Membrane,0.0005,0.0005,0.4947,0.5027,0.0015,0.0000
OFOAEPEI_00033,Cytoplasmic Membrane,0.0000,0.0004,0.0001,0.9982,0.0013,0.0000
OFOAEPEI_00034,Cytoplasmic Membrane,0.0000,0.0064,0.0000,0.9936,0.0000,0.0000
OFOAEPEI_00035,Cytoplasmic Membrane,0.0000,0.0532,0.0002,0.9459,0.0006,0.0000
OFOAEPEI_00036,Cytoplasmic Membrane,0.0003,0.1623,0.0014,0.8111,0.0227,0.0022
OFOAEPEI_00037,Cytoplasmic Membrane,0.0002,0.0470,0.0317,0.9208,0.0003,0.0000
OFOAEPEI_00038,Cytoplasmic Membrane,0.0000,0.0431,0.0002,0.9518,0.0049,0.0000
OFOAEPEI_00039,Cytoplasmic Membrane,0.0000,0.0007,0.0001,0.9985,0.0006,0.0000
OFOAEPEI_00040,Cytoplasmic,0.0000,0.0000,0.9965,0.0000,0.0034,0.0000
OFOAEPEI_00041,Cytoplasmic Membrane,0.0000,0.0009,0.0019,0.9947,0.0024,0.0000
OFOAEPEI_00042,Cytoplasmic,0.0000,0.0000,0.9989,0.0000,0.0010,0.0001
OFOAEPEI_00043,Cytoplasmic,0.0000,0.0000,0.9821,0.0067,0.0112,0.0000
OFOAEPEI_00044,Cytoplasmic,0.0005,0.0009,0.9091,0.0121,0.0763,0.0011
OFOAEPEI_00045,Cytoplasmic,0.0000,0.0001,0.9842,0.0008,0.0146,0.0004
OFOAEPEI_00046,Cytoplasmic,0.0000,0.0040,0.9852,0.0030,0.0023,0.0054
OFOAEPEI_00047,Cytoplasmic,0.0008,0.0064,0.8046,0.0744,0.1134,0.0004
OFOAEPEI_00048,Cytoplasmic,0.0001,0.0000,0.9127,0.0000,0.0867,0.0005
OFOAEPEI_00049,Cytoplasmic Membrane,0.0000,0.0012,0.0001,0.9971,0.0016,0.0000
OFOAEPEI_00050,Cytoplasmic Membrane,0.0087,0.1699,0.0042,0.7954,0.0216,0.0001
OFOAEPEI_00051,Cytoplasmic,0.0000,0.0007,0.9169,0.0007,0.0026,0.0791
OFOAEPEI_00052,Cytoplasmic Membrane,0.0000,0.0160,0.0022,0.9787,0.0031,0.0000
OFOAEPEI_00053,Cytoplasmic,0.0013,0.0184,0.9245,0.0509,0.0044,0.0006
OFOAEPEI_00054,Cytoplasmic Membrane,0.0001,0.0108,0.0008,0.8953,0.0931,0.0000
OFOAEPEI_00055,Cytoplasmic,0.0005,0.0092,0.9832,0.0040,0.0030,0.0001
OFOAEPEI_00056,Cytoplasmic,0.0001,0.0046,0.9727,0.0029,0.0196,0.0002
OFOAEPEI_00057,Cytoplasmic Membrane,0.0013,0.0015,0.1770,0.8100,0.0091,0.0012
OFOAEPEI_00058,Cytoplasmic,0.0000,0.0000,0.9973,0.0000,0.0026,0.0001
OFOAEPEI_00059,Cytoplasmic,0.0000,0.0010,0.8732,0.0005,0.1249,0.0004
OFOAEPEI_00060,Cytoplasmic,0.0004,0.0161,0.8661,0.0149,0.1014,0.0011
OFOAEPEI_00061,Cytoplasmic,0.0001,0.0035,0.9618,0.0317,0.0027,0.0002
OFOAEPEI_00062,Cytoplasmic,0.0001,0.0060,0.9898,0.0009,0.0030,0.0002
OFOAEPEI_00063,Cytoplasmic,0.0003,0.0063,0.9148,0.0035,0.0747,0.0005
OFOAEPEI_00064,Cytoplasmic,0.0001,0.0005,0.8237,0.0550,0.0716,0.0491
OFOAEPEI_00065,Cytoplasmic,0.0010,0.0014,0.9941,0.0031,0.0004,0.0000
OFOAEPEI_00066,Cytoplasmic,0.0022,0.0040,0.9850,0.0086,0.0001,0.0000
OFOAEPEI_00067,Cytoplasmic Membrane,0.0000,0.0003,0.0000,0.9989,0.0009,0.0000
OFOAEPEI_00068,Cytoplasmic,0.0010,0.0010,0.9939,0.0034,0.0007,0.0000
OFOAEPEI_00069,Cytoplasmic,0.0001,0.0009,0.9702,0.0126,0.0162,0.0000
OFOAEPEI_00070,Extracellular,0.0238,0.9256,0.0018,0.0145,0.0162,0.0180
OFOAEPEI_00071,Cytoplasmic,0.0001,0.0002,0.9929,0.0065,0.0002,0.0000
OFOAEPEI_00072,Cytoplasmic,0.0000,0.0002,0.9833,0.0005,0.0159,0.0001
OFOAEPEI_00073,Cytoplasmic,0.0004,0.0381,0.6904,0.2312,0.0388,0.0011
OFOAEPEI_00074,Cytoplasmic,0.0000,0.0005,0.9986,0.0005,0.0003,0.0001
OFOAEPEI_00075,Cytoplasmic,0.0014,0.0076,0.9862,0.0026,0.0020,0.0003
OFOAEPEI_00076,Cytoplasmic,0.0021,0.0052,0.8645,0.1128,0.0079,0.0075
OFOAEPEI_00077,Cytoplasmic,0.0003,0.0009,0.9943,0.0027,0.0017,0.0001
OFOAEPEI_00078,Cytoplasmic,0.0007,0.0323,0.8851,0.0261,0.0502,0.0056
OFOAEPEI_00079,Cytoplasmic,0.0034,0.0126,0.6913,0.1465,0.1454,0.0008
OFOAEPEI_00080,Cytoplasmic Membrane,0.0073,0.0277,0.0016,0.9551,0.0081,0.0002
OFOAEPEI_00081,Cytoplasmic,0.0005,0.0766,0.4665,0.3962,0.0599,0.0002
OFOAEPEI_00082,Cytoplasmic,0.0000,0.0000,0.9998,0.0001,0.0000,0.0000
OFOAEPEI_00083,Cytoplasmic,0.0001,0.0007,0.9875,0.0089,0.0026,0.0001
OFOAEPEI_00084,Cytoplasmic,0.0008,0.0013,0.9495,0.0266,0.0204,0.0014
OFOAEPEI_00085,Cytoplasmic,0.0000,0.0270,0.9164,0.0021,0.0537,0.0007
OFOAEPEI_00086,Cytoplasmic,0.0003,0.0013,0.9812,0.0075,0.0066,0.0030
OFOAEPEI_00087,Cytoplasmic,0.0004,0.0006,0.9747,0.0240,0.0002,0.0000
OFOAEPEI_00088,Cytoplasmic Membrane,0.0001,0.0016,0.2409,0.7565,0.0007,0.0001
OFOAEPEI_00089,Cytoplasmic,0.0004,0.1238,0.7503,0.1121,0.0071,0.0064
OFOAEPEI_00090,Cytoplasmic Membrane,0.0000,0.0001,0.0003,0.9994,0.0002,0.0000
OFOAEPEI_00091,Cytoplasmic,0.0007,0.0041,0.9662,0.0224,0.0059,0.0007
OFOAEPEI_00092,Cytoplasmic Membrane,0.0000,0.0003,0.0002,0.9989,0.0005,0.0000
OFOAEPEI_00093,Cytoplasmic,0.0001,0.3785,0.4186,0.1984,0.0040,0.0004
OFOAEPEI_00094,Cytoplasmic,0.0000,0.0000,0.9996,0.0000,0.0003,0.0000
OFOAEPEI_00095,Cytoplasmic,0.0000,0.0000,0.9991,0.0001,0.0007,0.0001
OFOAEPEI_00096,Cytoplasmic,0.0000,0.0001,0.9376,0.0005,0.0617,0.0002
OFOAEPEI_00097,Cytoplasmic Membrane,0.0000,0.0113,0.0030,0.9846,0.0011,0.0000
OFOAEPEI_00098,Cytoplasmic Membrane,0.0000,0.0000,0.0000,1.0000,0.0000,0.0000
OFOAEPEI_00099,Cytoplasmic,0.0000,0.0000,0.9969,0.0000,0.0030,0.0000
OFOAEPEI_00100,Cytoplasmic Membrane,0.0001,0.0045,0.0004,0.9929,0.0021,0.0000
OFOAEPEI_00101,Cytoplasmic,0.0001,0.0005,0.9381,0.0128,0.0322,0.0163
OFOAEPEI_00102,Cytoplasmic,0.0002,0.0011,0.9495,0.0089,0.0394,0.0009
OFOAEPEI_00103,Cytoplasmic,0.0001,0.0007,0.9945,0.0009,0.0035,0.0003
OFOAEPEI_00104,Cytoplasmic Membrane,0.0222,0.1210,0.0060,0.8258,0.0241,0.0009
OFOAEPEI_00105,Cytoplasmic Membrane,0.0000,0.0000,0.0000,0.9999,0.0001,0.0000
OFOAEPEI_00106,Cytoplasmic Membrane,0.0000,0.0000,0.0002,0.9987,0.0010,0.0000
OFOAEPEI_00107,Cytoplasmic Membrane,0.0000,0.0001,0.0000,0.9983,0.0016,0.0000
OFOAEPEI_00108,Cytoplasmic,0.0000,0.0000,0.9949,0.0002,0.0048,0.0001
OFOAEPEI_00109,Cytoplasmic,0.0003,0.0009,0.9681,0.0123,0.0179,0.0006
OFOAEPEI_00110,Cytoplasmic,0.0001,0.0016,0.9974,0.0004,0.0005,0.0000
OFOAEPEI_00111,Cytoplasmic,0.0002,0.0018,0.9800,0.0028,0.0151,0.0001
OFOAEPEI_00112,Cytoplasmic,0.0002,0.0005,0.7829,0.0146,0.2013,0.0006
OFOAEPEI_00113,Cytoplasmic,0.0000,0.0002,0.9936,0.0060,0.0002,0.0000
OFOAEPEI_00114,Cytoplasmic Membrane,0.0002,0.0924,0.0005,0.8867,0.0202,0.0000
OFOAEPEI_00115,Cytoplasmic,0.0000,0.0004,0.9989,0.0005,0.0002,0.0000
OFOAEPEI_00116,Cytoplasmic,0.0003,0.0049,0.9886,0.0025,0.0028,0.0008
OFOAEPEI_00117,Cytoplasmic Membrane,0.0000,0.0011,0.0018,0.9930,0.0039,0.0000
OFOAEPEI_00118,Cytoplasmic,0.0000,0.0002,0.9885,0.0087,0.0024,0.0002
OFOAEPEI_00119,Cytoplasmic,0.0002,0.0235,0.9504,0.0028,0.0098,0.0132
OFOAEPEI_00120,Cytoplasmic,0.0043,0.0149,0.9446,0.0148,0.0213,0.0001
OFOAEPEI_00121,Cytoplasmic,0.0000,0.0029,0.9940,0.0013,0.0016,0.0002
OFOAEPEI_00122,Cytoplasmic,0.0001,0.0026,0.9937,0.0006,0.0015,0.0015
OFOAEPEI_00123,Cytoplasmic Membrane,0.0000,0.0005,0.0005,0.9976,0.0013,0.0000
OFOAEPEI_00124,Cytoplasmic,0.0000,0.0002,0.9978,0.0011,0.0004,0.0005
OFOAEPEI_00125,Cytoplasmic,0.0004,0.1054,0.6047,0.2807,0.0087,0.0001
OFOAEPEI_00126,Cytoplasmic Membrane,0.0000,0.0001,0.0000,0.9997,0.0002,0.0000
OFOAEPEI_00127,Cytoplasmic,0.0008,0.0159,0.9195,0.0558,0.0078,0.0001
OFOAEPEI_00128,Cytoplasmic,0.0000,0.0000,0.9990,0.0000,0.0009,0.0001
OFOAEPEI_00129,Cytoplasmic Membrane,0.0000,0.0876,0.0375,0.8510,0.0238,0.0000
OFOAEPEI_00130,Cytoplasmic Membrane,0.0024,0.2341,0.0009,0.6867,0.0759,0.0001
OFOAEPEI_00131,Cytoplasmic Membrane,0.0000,0.0003,0.0003,0.9984,0.0008,0.0001
OFOAEPEI_00132,Cytoplasmic,0.0001,0.0004,0.9990,0.0004,0.0001,0.0000
OFOAEPEI_00133,Cytoplasmic,0.0000,0.0001,0.9998,0.0000,0.0000,0.0000
OFOAEPEI_00134,Cytoplasmic,0.0006,0.0003,0.9974,0.0017,0.0000,0.0000
OFOAEPEI_00135,Cytoplasmic Membrane,0.0000,0.0000,0.0000,0.9998,0.0002,0.0000
OFOAEPEI_00136,Cytoplasmic Membrane,0.0007,0.0300,0.0004,0.7000,0.2684,0.0005
OFOAEPEI_00137,Cytoplasmic Membrane,0.0000,0.0003,0.2468,0.7518,0.0006,0.0004
OFOAEPEI_00138,Cytoplasmic Membrane,0.0000,0.0000,0.0001,0.9996,0.0003,0.0000
OFOAEPEI_00139,Cytoplasmic Membrane,0.0000,0.0000,0.0003,0.9993,0.0004,0.0000
OFOAEPEI_00140,Cytoplasmic Membrane,0.0229,0.1682,0.0024,0.7728,0.0237,0.0100
OFOAEPEI_00141,Cytoplasmic,0.0001,0.0102,0.9744,0.0041,0.0108,0.0004
OFOAEPEI_00142,Cytoplasmic,0.0001,0.0042,0.9910,0.0007,0.0037,0.0003
OFOAEPEI_00143,Cytoplasmic,0.0000,0.0004,0.9891,0.0040,0.0061,0.0003
OFOAEPEI_00144,Cytoplasmic,0.0003,0.0333,0.9305,0.0177,0.0181,0.0001
OFOAEPEI_00145,Cytoplasmic,0.0000,0.0000,0.9909,0.0001,0.0088,0.0002
OFOAEPEI_00146,Cytoplasmic,0.0006,0.0077,0.8024,0.1686,0.0207,0.0000
OFOAEPEI_00147,Cytoplasmic Membrane,0.0202,0.0732,0.3007,0.4394,0.1655,0.0010
OFOAEPEI_00148,Cytoplasmic Membrane,0.0012,0.0043,0.1020,0.8141,0.0779,0.0006
OFOAEPEI_00149,Cytoplasmic,0.0001,0.0001,0.9985,0.0003,0.0008,0.0002
OFOAEPEI_00150,Cytoplasmic,0.0062,0.0004,0.6043,0.3796,0.0093,0.0001
OFOAEPEI_00151,Cytoplasmic,0.0000,0.0005,0.9498,0.0006,0.0149,0.0342
OFOAEPEI_00152,Cytoplasmic,0.0002,0.0005,0.9977,0.0007,0.0003,0.0007
OFOAEPEI_00153,Cytoplasmic,0.0004,0.0017,0.9919,0.0010,0.0047,0.0004
OFOAEPEI_00154,Cytoplasmic,0.0000,0.0001,0.9850,0.0008,0.0138,0.0003
OFOAEPEI_00155,Cytoplasmic,0.0002,0.0026,0.7269,0.0005,0.2687,0.0011
OFOAEPEI_00156,Cytoplasmic,0.0064,0.0769,0.7522,0.0050,0.1559,0.0035
OFOAEPEI_00157,Cytoplasmic,0.0008,0.0923,0.8135,0.0843,0.0046,0.0046
OFOAEPEI_00158,Cytoplasmic,0.0000,0.0005,0.9988,0.0006,0.0001,0.0000
OFOAEPEI_00159,Cytoplasmic,0.0002,0.0362,0.8291,0.1266,0.0078,0.0001
OFOAEPEI_00160,Cytoplasmic,0.0003,0.0016,0.6643,0.2455,0.0876,0.0006
OFOAEPEI_00161,Cytoplasmic,0.0001,0.2349,0.7554,0.0006,0.0089,0.0001
OFOAEPEI_00162,Cytoplasmic,0.0021,0.0107,0.7512,0.0445,0.1910,0.0005
OFOAEPEI_00163,Cytoplasmic,0.0001,0.0007,0.9894,0.0018,0.0058,0.0022
OFOAEPEI_00164,Cytoplasmic Membrane,0.0034,0.0131,0.0044,0.9670,0.0121,0.0000
OFOAEPEI_00165,Extracellular,0.0039,0.4763,0.0008,0.2018,0.3165,0.0006
OFOAEPEI_00166,Cytoplasmic,0.0005,0.0195,0.9466,0.0214,0.0119,0.0001
OFOAEPEI_00167,Cytoplasmic,0.0011,0.0003,0.5242,0.0001,0.4736,0.0006
OFOAEPEI_00168,Extracellular,0.0064,0.5651,0.0118,0.3439,0.0715,0.0013
OFOAEPEI_00169,Cytoplasmic,0.0034,0.0844,0.7905,0.0712,0.0484,0.0021
OFOAEPEI_00170,Cytoplasmic Membrane,0.0000,0.0000,0.0000,0.9994,0.0005,0.0000
OFOAEPEI_00171,Cytoplasmic,0.0001,0.0008,0.9972,0.0007,0.0008,0.0004
OFOAEPEI_00172,Cytoplasmic Membrane,0.0000,0.0001,0.0001,0.9963,0.0035,0.0000
OFOAEPEI_00173,Cytoplasmic,0.0001,0.0014,0.9806,0.0136,0.0041,0.0001
OFOAEPEI_00174,Cytoplasmic,0.0000,0.0001,0.9933,0.0001,0.0065,0.0000
OFOAEPEI_00175,Cytoplasmic,0.0001,0.0004,0.9822,0.0084,0.0080,0.0008
OFOAEPEI_00176,Cytoplasmic,0.0000,0.0000,0.9792,0.0000,0.0208,0.0000
OFOAEPEI_00177,Cytoplasmic,0.0004,0.0004,0.6042,0.0053,0.3868,0.0030
OFOAEPEI_00178,Extracellular,0.0002,0.6801,0.2332,0.0001,0.0865,0.0001
OFOAEPEI_00179,Cytoplasmic,0.0001,0.0005,0.9964,0.0021,0.0008,0.0001
OFOAEPEI_00180,Cytoplasmic,0.0000,0.0001,0.9969,0.0009,0.0019,0.0002
OFOAEPEI_00181,Cytoplasmic,0.0035,0.0007,0.8287,0.0036,0.1624,0.0011
OFOAEPEI_00182,Cytoplasmic,0.0001,0.0010,0.9838,0.0131,0.0018,0.0001
OFOAEPEI_00183,Cytoplasmic Membrane,0.0004,0.0100,0.0008,0.9532,0.0355,0.0001
OFOAEPEI_00184,Cytoplasmic Membrane,0.0000,0.0002,0.0000,0.9984,0.0014,0.0000
OFOAEPEI_00185,Cytoplasmic,0.0002,0.0055,0.9703,0.0025,0.0203,0.0012
OFOAEPEI_00186,Cytoplasmic,0.0001,0.0024,0.9961,0.0007,0.0006,0.0001
OFOAEPEI_00187,Cytoplasmic,0.0000,0.0002,0.9852,0.0106,0.0040,0.0001
OFOAEPEI_00188,Cytoplasmic Membrane,0.0001,0.0024,0.0004,0.9921,0.0050,0.0001
OFOAEPEI_00189,Cytoplasmic Membrane,0.0000,0.0005,0.0002,0.9971,0.0022,0.0000
OFOAEPEI_00190,Outer Membrane,0.0000,0.0001,0.1532,0.0001,0.8466,0.0001
OFOAEPEI_00191,Cytoplasmic,0.0002,0.0483,0.9347,0.0095,0.0067,0.0006
OFOAEPEI_00192,Cytoplasmic,0.0000,0.0000,0.9930,0.0001,0.0068,0.0001
OFOAEPEI_00193,Cytoplasmic,0.0000,0.0000,0.9997,0.0002,0.0000,0.0000
OFOAEPEI_00194,Cytoplasmic,0.0002,0.0018,0.8760,0.0084,0.1131,0.0004
OFOAEPEI_00195,Cytoplasmic,0.0001,0.0000,0.6935,0.0005,0.3057,0.0003
OFOAEPEI_00196,Extracellular,0.1737,0.8105,0.0046,0.0035,0.0060,0.0017
OFOAEPEI_00197,Extracellular,0.0140,0.9849,0.0001,0.0002,0.0003,0.0005
OFOAEPEI_00198,Cytoplasmic,0.0014,0.1468,0.7964,0.0548,0.0005,0.0000
OFOAEPEI_00199,Cytoplasmic Membrane,0.0039,0.1026,0.0002,0.8904,0.0029,0.0000
OFOAEPEI_00200,Cytoplasmic,0.0037,0.0029,0.6396,0.3535,0.0002,0.0001
OFOAEPEI_00201,Cytoplasmic,0.0001,0.0033,0.9787,0.0036,0.0036,0.0107
OFOAEPEI_00202,Cytoplasmic,0.0001,0.0005,0.8098,0.1096,0.0606,0.0194
OFOAEPEI_00203,Cytoplasmic,0.0002,0.0020,0.9918,0.0052,0.0003,0.0005
OFOAEPEI_00204,Cytoplasmic,0.0000,0.0002,0.9862,0.0007,0.0116,0.0012
OFOAEPEI_00205,Cytoplasmic,0.0726,0.0043,0.9171,0.0000,0.0060,0.0000
OFOAEPEI_00206,Cytoplasmic,0.0003,0.0009,0.9894,0.0048,0.0039,0.0006
OFOAEPEI_00207,Cytoplasmic,0.0019,0.0013,0.9910,0.0023,0.0030,0.0005
OFOAEPEI_00208,Cytoplasmic Membrane,0.0000,0.0103,0.0001,0.9754,0.0142,0.0000
OFOAEPEI_00209,Outer Membrane,0.0000,0.0000,0.1570,0.0005,0.8423,0.0002
OFOAEPEI_00210,Cytoplasmic,0.0004,0.0096,0.8345,0.0029,0.1524,0.0001
OFOAEPEI_00211,Cytoplasmic,0.0001,0.0269,0.9598,0.0121,0.0009,0.0001
OFOAEPEI_00212,Cytoplasmic,0.0002,0.0186,0.9632,0.0167,0.0013,0.0000
OFOAEPEI_00213,Cytoplasmic Membrane,0.0000,0.0000,0.0000,0.9999,0.0001,0.0000
OFOAEPEI_00214,Cytoplasmic Membrane,0.0000,0.0000,0.0000,0.9999,0.0001,0.0000
OFOAEPEI_00215,Cytoplasmic Membrane,0.0000,0.0000,0.1531,0.8407,0.0060,0.0001
OFOAEPEI_00216,Outer Membrane,0.0008,0.0471,0.0001,0.4518,0.4958,0.0044
OFOAEPEI_00217,Cytoplasmic Membrane,0.0002,0.0028,0.0002,0.9897,0.0071,0.0000
OFOAEPEI_00218,Cytoplasmic,0.0006,0.0009,0.8301,0.1260,0.0420,0.0003
OFOAEPEI_00219,Cytoplasmic,0.0001,0.0001,0.9906,0.0043,0.0035,0.0014
OFOAEPEI_00220,Periplasmic,0.0000,0.0079,0.1988,0.0708,0.0735,0.6490
OFOAEPEI_00221,Cytoplasmic,0.0000,0.0009,0.9974,0.0011,0.0004,0.0002
OFOAEPEI_00222,Cytoplasmic Membrane,0.0006,0.0023,0.0082,0.9118,0.0761,0.0010
OFOAEPEI_00223,Cytoplasmic,0.0001,0.0001,0.9130,0.0156,0.0708,0.0003
OFOAEPEI_00224,Cytoplasmic,0.0001,0.0006,0.9975,0.0004,0.0013,0.0000
OFOAEPEI_00225,Cytoplasmic Membrane,0.0000,0.0000,0.0003,0.9982,0.0014,0.0000
OFOAEPEI_00226,Cytoplasmic Membrane,0.0000,0.0087,0.0000,0.9648,0.0264,0.0000
OFOAEPEI_00227,Cytoplasmic,0.0013,0.0007,0.9919,0.0025,0.0031,0.0004
OFOAEPEI_00228,Cytoplasmic Membrane,0.0009,0.4657,0.0000,0.5251,0.0082,0.0000
OFOAEPEI_00229,Cytoplasmic,0.0010,0.1035,0.8551,0.0262,0.0139,0.0003
OFOAEPEI_00230,Cytoplasmic Membrane,0.0088,0.4788,0.0004,0.4863,0.0256,0.0002
OFOAEPEI_00231,Cytoplasmic,0.0006,0.0005,0.9862,0.0014,0.0110,0.0004
OFOAEPEI_00232,Cytoplasmic,0.0002,0.0002,0.9929,0.0059,0.0008,0.0000
OFOAEPEI_00233,Cytoplasmic Membrane,0.0001,0.0098,0.0001,0.9756,0.0143,0.0001
OFOAEPEI_00234,Cytoplasmic,0.0001,0.0008,0.9958,0.0004,0.0021,0.0008
OFOAEPEI_00235,Cytoplasmic,0.0003,0.0039,0.9949,0.0002,0.0003,0.0004
OFOAEPEI_00236,Cytoplasmic,0.0000,0.0000,0.9971,0.0007,0.0022,0.0000
OFOAEPEI_00237,Cytoplasmic,0.0002,0.0005,0.9983,0.0007,0.0003,0.0001
OFOAEPEI_00238,Cytoplasmic,0.0000,0.0001,0.9532,0.0006,0.0456,0.0005
OFOAEPEI_00239,Cytoplasmic,0.0001,0.0003,0.9681,0.0299,0.0015,0.0001
OFOAEPEI_00240,Cytoplasmic Membrane,0.0000,0.0003,0.1105,0.8874,0.0017,0.0001
OFOAEPEI_00241,Cytoplasmic,0.0001,0.0061,0.9056,0.0643,0.0232,0.0006
OFOAEPEI_00242,Cytoplasmic Membrane,0.0000,0.0006,0.0001,0.9992,0.0001,0.0000
OFOAEPEI_00243,Cytoplasmic,0.0001,0.0168,0.9439,0.0164,0.0214,0.0014
OFOAEPEI_00244,Cytoplasmic,0.0038,0.3470,0.6237,0.0055,0.0194,0.0006
OFOAEPEI_00245,Cytoplasmic Membrane,0.0005,0.0024,0.3620,0.6155,0.0195,0.0000
OFOAEPEI_00246,Cytoplasmic,0.0006,0.0578,0.8845,0.0506,0.0062,0.0003
OFOAEPEI_00247,Cytoplasmic,0.0001,0.0034,0.7113,0.2665,0.0151,0.0036
OFOAEPEI_00248,Cytoplasmic,0.0004,0.0008,0.9414,0.0530,0.0044,0.0000
OFOAEPEI_00249,Cytoplasmic,0.0001,0.0004,0.9905,0.0074,0.0015,0.0002
OFOAEPEI_00250,Cytoplasmic,0.0001,0.0230,0.9451,0.0295,0.0023,0.0000
OFOAEPEI_00251,Cytoplasmic,0.0010,0.0058,0.9679,0.0023,0.0228,0.0003
OFOAEPEI_00252,Cytoplasmic,0.0004,0.0333,0.6988,0.0090,0.2490,0.0095
OFOAEPEI_00253,Cytoplasmic Membrane,0.0000,0.0001,0.0002,0.9967,0.0029,0.0000
OFOAEPEI_00254,Outer Membrane,0.0001,0.0072,0.2169,0.0010,0.7705,0.0043
OFOAEPEI_00255,Cytoplasmic,0.0012,0.0088,0.7386,0.0136,0.2362,0.0016
OFOAEPEI_00256,Cytoplasmic,0.0005,0.0069,0.8191,0.1222,0.0496,0.0018
OFOAEPEI_00257,Cytoplasmic,0.0001,0.0005,0.8581,0.0459,0.0931,0.0023
OFOAEPEI_00258,Cytoplasmic,0.0003,0.0069,0.7954,0.0007,0.1962,0.0006
OFOAEPEI_00259,Cytoplasmic,0.0002,0.0166,0.9417,0.0020,0.0369,0.0026
OFOAEPEI_00260,Cytoplasmic,0.0002,0.0041,0.9041,0.0663,0.0250,0.0003
OFOAEPEI_00261,Cytoplasmic Membrane,0.0000,0.0011,0.0000,0.9968,0.0020,0.0000
OFOAEPEI_00262,Cytoplasmic Membrane,0.0195,0.3417,0.0052,0.6033,0.0232,0.0071
OFOAEPEI_00263,Cytoplasmic,0.0001,0.0060,0.9231,0.0008,0.0693,0.0007
OFOAEPEI_00264,Cytoplasmic,0.0005,0.0398,0.8821,0.0125,0.0440,0.0212
OFOAEPEI_00265,Cytoplasmic,0.0000,0.0035,0.9882,0.0027,0.0015,0.0042
OFOAEPEI_00266,Cytoplasmic,0.0003,0.0112,0.9260,0.0165,0.0439,0.0022
OFOAEPEI_00267,Cytoplasmic,0.0002,0.0007,0.9861,0.0120,0.0010,0.0000
OFOAEPEI_00268,Cytoplasmic,0.0001,0.0003,0.9973,0.0013,0.0005,0.0005
OFOAEPEI_00269,Cytoplasmic,0.0002,0.0010,0.9949,0.0035,0.0004,0.0000
OFOAEPEI_00270,Cytoplasmic,0.0002,0.0019,0.9687,0.0168,0.0115,0.0007
OFOAEPEI_00271,Cytoplasmic,0.0007,0.4499,0.4779,0.0671,0.0040,0.0004
OFOAEPEI_00272,Cytoplasmic,0.0003,0.0299,0.9019,0.0651,0.0027,0.0001
OFOAEPEI_00273,Cytoplasmic Membrane,0.0051,0.1020,0.0044,0.8876,0.0009,0.0001
OFOAEPEI_00274,Cytoplasmic Membrane,0.0000,0.0000,0.0005,0.9991,0.0003,0.0000
OFOAEPEI_00275,Cytoplasmic Membrane,0.0008,0.0813,0.0016,0.9046,0.0107,0.0009
OFOAEPEI_00276,Extracellular,0.0088,0.6455,0.0095,0.3305,0.0045,0.0012
OFOAEPEI_00277,Cytoplasmic,0.0000,0.0003,0.9987,0.0006,0.0002,0.0001
OFOAEPEI_00278,Cytoplasmic,0.0017,0.0056,0.6114,0.1518,0.2119,0.0177
OFOAEPEI_00279,Cytoplasmic,0.0000,0.0000,0.9937,0.0011,0.0050,0.0002
OFOAEPEI_00280,Cytoplasmic,0.0001,0.0021,0.9793,0.0032,0.0119,0.0035
OFOAEPEI_00281,Cytoplasmic,0.0151,0.0293,0.9303,0.0116,0.0111,0.0026
OFOAEPEI_00282,Cytoplasmic,0.0003,0.0066,0.7382,0.2237,0.0297,0.0014
OFOAEPEI_00283,Cytoplasmic Membrane,0.0001,0.0094,0.0000,0.9875,0.0029,0.0000
OFOAEPEI_00284,Cytoplasmic Membrane,0.0009,0.0271,0.0000,0.7014,0.2705,0.0001
OFOAEPEI_00285,Cytoplasmic,0.0000,0.0005,0.9788,0.0012,0.0029,0.0165
OFOAEPEI_00286,Cytoplasmic Membrane,0.0006,0.0226,0.0001,0.9744,0.0024,0.0000
OFOAEPEI_00287,Cytoplasmic Membrane,0.0000,0.0008,0.0003,0.9981,0.0008,0.0000
OFOAEPEI_00288,Cytoplasmic,0.0000,0.0004,0.9914,0.0016,0.0045,0.0020
OFOAEPEI_00289,Cytoplasmic,0.0001,0.0000,0.9992,0.0004,0.0001,0.0001
OFOAEPEI_00290,Cytoplasmic Membrane,0.0000,0.0001,0.0000,0.9995,0.0004,0.0000
OFOAEPEI_00291,Cytoplasmic,0.0001,0.0043,0.9871,0.0053,0.0024,0.0009
OFOAEPEI_00292,Cytoplasmic,0.0007,0.0009,0.8628,0.0186,0.1154,0.0016
OFOAEPEI_00293,Cytoplasmic Membrane,0.0002,0.0509,0.0001,0.9427,0.0061,0.0000
OFOAEPEI_00294,Cytoplasmic,0.0001,0.0001,0.9971,0.0005,0.0021,0.0001
OFOAEPEI_00295,Cytoplasmic,0.0000,0.0000,0.9993,0.0000,0.0007,0.0000
OFOAEPEI_00296,Cytoplasmic,0.0000,0.0001,0.9092,0.0604,0.0302,0.0001
OFOAEPEI_00297,Cytoplasmic,0.0001,0.0002,0.6710,0.2018,0.1266,0.0003
OFOAEPEI_00298,Cytoplasmic Membrane,0.0082,0.3580,0.0010,0.6250,0.0078,0.0001
OFOAEPEI_00299,Extracellular,0.0009,0.5337,0.0028,0.4039,0.0580,0.0007
OFOAEPEI_00300,Cytoplasmic Membrane,0.0009,0.1998,0.0038,0.7739,0.0215,0.0001
OFOAEPEI_00301,Cytoplasmic Membrane,0.0426,0.1481,0.0077,0.7382,0.0626,0.0008
OFOAEPEI_00302,Cytoplasmic Membrane,0.0009,0.0377,0.0000,0.9549,0.0065,0.0000
OFOAEPEI_00303,Cytoplasmic,0.0012,0.0159,0.8522,0.0908,0.0396,0.0003
OFOAEPEI_00304,Cytoplasmic Membrane,0.0000,0.0000,0.0000,0.9999,0.0001,0.0000
OFOAEPEI_00305,Cytoplasmic Membrane,0.0000,0.0002,0.0006,0.9986,0.0005,0.0000
OFOAEPEI_00306,Cytoplasmic Membrane,0.0001,0.3997,0.0000,0.5975,0.0027,0.0000
OFOAEPEI_00307,Cytoplasmic,0.0001,0.0000,0.9914,0.0081,0.0002,0.0001
OFOAEPEI_00308,Cytoplasmic,0.0000,0.0000,0.9958,0.0000,0.0037,0.0004
OFOAEPEI_00309,Cytoplasmic,0.0001,0.0002,0.9886,0.0060,0.0050,0.0001
OFOAEPEI_00310,Cytoplasmic,0.0001,0.0001,0.9520,0.0478,0.0000,0.0000
OFOAEPEI_00311,Cytoplasmic,0.0002,0.0001,0.9580,0.0393,0.0025,0.0000
OFOAEPEI_00312,Cytoplasmic,0.0001,0.0010,0.5804,0.4148,0.0038,0.0000
OFOAEPEI_00313,Cytoplasmic,0.0006,0.0016,0.9680,0.0247,0.0051,0.0000
OFOAEPEI_00314,Cytoplasmic Membrane,0.0008,0.0039,0.1266,0.8663,0.0025,0.0000
OFOAEPEI_00315,Cytoplasmic Membrane,0.0001,0.0153,0.0119,0.9673,0.0054,0.0000
OFOAEPEI_00316,Cytoplasmic,0.0002,0.2303,0.6163,0.1335,0.0193,0.0004
OFOAEPEI_00317,Cytoplasmic,0.0004,0.0139,0.7946,0.0018,0.1883,0.0011
OFOAEPEI_00318,Cytoplasmic,0.0003,0.0031,0.9910,0.0044,0.0011,0.0001
OFOAEPEI_00319,Cytoplasmic Membrane,0.0039,0.1459,0.0002,0.8285,0.0213,0.0002
OFOAEPEI_00320,Cytoplasmic Membrane,0.0043,0.0440,0.0003,0.9492,0.0022,0.0000
OFOAEPEI_00321,Cytoplasmic,0.0001,0.0008,0.9962,0.0023,0.0006,0.0000
OFOAEPEI_00322,Cytoplasmic,0.0010,0.0001,0.9903,0.0032,0.0053,0.0001
OFOAEPEI_00323,Cytoplasmic,0.0002,0.0001,0.9824,0.0145,0.0027,0.0002
OFOAEPEI_00324,Cytoplasmic Membrane,0.0000,0.0026,0.0014,0.9837,0.0123,0.0000
OFOAEPEI_00325,Cytoplasmic,0.0027,0.0327,0.9143,0.0471,0.0020,0.0012
OFOAEPEI_00326,Cytoplasmic,0.0005,0.0023,0.9504,0.0392,0.0069,0.0007
OFOAEPEI_00327,Cytoplasmic,0.0002,0.0837,0.9067,0.0008,0.0047,0.0040
OFOAEPEI_00328,Cytoplasmic,0.0000,0.0005,0.9948,0.0006,0.0038,0.0002
OFOAEPEI_00329,Cytoplasmic,0.0003,0.0046,0.9888,0.0006,0.0056,0.0001
OFOAEPEI_00330,Cytoplasmic Membrane,0.0000,0.0001,0.0001,0.9987,0.0011,0.0000
OFOAEPEI_00331,Cytoplasmic,0.0004,0.0030,0.9859,0.0006,0.0094,0.0008
OFOAEPEI_00332,Cytoplasmic,0.0003,0.0006,0.9810,0.0057,0.0123,0.0002
OFOAEPEI_00333,Cytoplasmic,0.0001,0.0023,0.9213,0.0221,0.0533,0.0008
OFOAEPEI_00334,Cytoplasmic Membrane,0.0000,0.0092,0.0003,0.9895,0.0010,0.0000
OFOAEPEI_00335,Cytoplasmic,0.0001,0.0002,0.9976,0.0017,0.0003,0.0000
OFOAEPEI_00336,Cytoplasmic Membrane,0.0000,0.0000,0.0001,0.9996,0.0003,0.0000
OFOAEPEI_00337,Cytoplasmic Membrane,0.0000,0.0052,0.0004,0.9915,0.0028,0.0000
OFOAEPEI_00338,Cytoplasmic,0.0009,0.0028,0.9820,0.0129,0.0012,0.0001
OFOAEPEI_00339,Cytoplasmic Membrane,0.0000,0.0010,0.0001,0.9976,0.0012,0.0000
OFOAEPEI_00340,Cytoplasmic,0.0003,0.0064,0.9863,0.0047,0.0017,0.0005
OFOAEPEI_00341,Cytoplasmic,0.0000,0.0055,0.9534,0.0361,0.0047,0.0003
OFOAEPEI_00342,Cytoplasmic Membrane,0.0019,0.4431,0.0008,0.5487,0.0054,0.0000
OFOAEPEI_00343,Cytoplasmic Membrane,0.0000,0.0117,0.0000,0.9861,0.0021,0.0000
OFOAEPEI_00344,Cytoplasmic,0.0012,0.0220,0.9083,0.0667,0.0018,0.0001
OFOAEPEI_00345,Cytoplasmic Membrane,0.0004,0.0026,0.0020,0.9910,0.0040,0.0000
OFOAEPEI_00346,Cytoplasmic Membrane,0.0001,0.0007,0.0006,0.9827,0.0158,0.0001
OFOAEPEI_00347,Cytoplasmic,0.0001,0.0036,0.9816,0.0057,0.0087,0.0003
OFOAEPEI_00348,Extracellular,0.0000,0.4022,0.3067,0.2403,0.0253,0.0254
OFOAEPEI_00349,Cytoplasmic Membrane,0.0000,0.0002,0.0000,0.9990,0.0007,0.0000
OFOAEPEI_00350,Cytoplasmic Membrane,0.0000,0.0001,0.0000,0.9996,0.0004,0.0000
OFOAEPEI_00351,Cytoplasmic,0.0000,0.0003,0.9917,0.0002,0.0074,0.0004
OFOAEPEI_00352,Cytoplasmic Membrane,0.0000,0.0000,0.0004,0.9993,0.0003,0.0000
OFOAEPEI_00353,Cytoplasmic Membrane,0.0000,0.0006,0.0001,0.9955,0.0036,0.0001
OFOAEPEI_00354,Outer Membrane,0.0029,0.0978,0.0005,0.1548,0.7434,0.0007
OFOAEPEI_00355,Cytoplasmic Membrane,0.0451,0.1958,0.0035,0.6645,0.0893,0.0018
OFOAEPEI_00356,Cytoplasmic Membrane,0.0167,0.0701,0.0006,0.7236,0.1889,0.0002
OFOAEPEI_00357,Cytoplasmic,0.0007,0.0042,0.9856,0.0044,0.0036,0.0015
OFOAEPEI_00358,Cytoplasmic Membrane,0.0025,0.0769,0.0407,0.6751,0.1923,0.0124
OFOAEPEI_00359,Cytoplasmic Membrane,0.0000,0.0000,0.0000,0.9998,0.0001,0.0000
OFOAEPEI_00360,Cytoplasmic Membrane,0.0000,0.0017,0.0001,0.9981,0.0001,0.0000
OFOAEPEI_00361,Cytoplasmic Membrane,0.0000,0.0030,0.0587,0.9369,0.0013,0.0000
OFOAEPEI_00362,Cytoplasmic Membrane,0.0001,0.0005,0.0999,0.8955,0.0037,0.0003
OFOAEPEI_00363,Cytoplasmic,0.0165,0.0045,0.9741,0.0003,0.0045,0.0000
OFOAEPEI_00364,Cytoplasmic,0.0003,0.0008,0.9550,0.0271,0.0163,0.0005
OFOAEPEI_00365,Cytoplasmic Membrane,0.0000,0.0091,0.0042,0.9830,0.0036,0.0000
OFOAEPEI_00366,Cytoplasmic,0.0000,0.0001,0.9989,0.0008,0.0002,0.0000
OFOAEPEI_00367,Cytoplasmic,0.0002,0.0678,0.9154,0.0133,0.0020,0.0012
OFOAEPEI_00368,Cytoplasmic,0.0002,0.0166,0.9561,0.0242,0.0026,0.0003
OFOAEPEI_00369,Cytoplasmic,0.0000,0.0016,0.9972,0.0002,0.0004,0.0007
OFOAEPEI_00370,Cytoplasmic Membrane,0.0000,0.0000,0.0000,0.9999,0.0001,0.0000
OFOAEPEI_00371,Cytoplasmic Membrane,0.0004,0.0054,0.2463,0.7438,0.0041,0.0001
OFOAEPEI_00372,Cytoplasmic,0.0014,0.0978,0.8649,0.0286,0.0064,0.0009
OFOAEPEI_00373,Cytoplasmic Membrane,0.0000,0.0062,0.0007,0.9896,0.0034,0.0000
OFOAEPEI_00374,Cytoplasmic Membrane,0.0001,0.0007,0.3876,0.6089,0.0027,0.0001
OFOAEPEI_00375,Cytoplasmic,0.0003,0.0018,0.9962,0.0009,0.0006,0.0002
OFOAEPEI_00376,Cytoplasmic,0.0000,0.0393,0.8678,0.0762,0.0129,0.0038
OFOAEPEI_00377,Cytoplasmic,0.0000,0.0048,0.9891,0.0030,0.0003,0.0029
OFOAEPEI_00378,Cytoplasmic,0.0008,0.0179,0.9702,0.0005,0.0039,0.0068
OFOAEPEI_00379,Cytoplasmic,0.0069,0.0518,0.9188,0.0215,0.0009,0.0001
OFOAEPEI_00380,Cytoplasmic,0.0004,0.0935,0.6283,0.2624,0.0153,0.0001
OFOAEPEI_00381,Cytoplasmic,0.0041,0.0138,0.9015,0.0082,0.0722,0.0002
OFOAEPEI_00382,Cytoplasmic,0.0036,0.0063,0.8347,0.0332,0.1219,0.0003
OFOAEPEI_00383,Cytoplasmic,0.0029,0.1446,0.7262,0.0236,0.1026,0.0001
OFOAEPEI_00384,Cytoplasmic,0.0011,0.0005,0.9934,0.0027,0.0022,0.0000
OFOAEPEI_00385,Cytoplasmic,0.0002,0.0857,0.8134,0.0220,0.0783,0.0003
OFOAEPEI_00386,Cytoplasmic,0.0017,0.0397,0.8929,0.0006,0.0650,0.0000
OFOAEPEI_00387,Cytoplasmic,0.0010,0.0073,0.9382,0.0058,0.0473,0.0005
OFOAEPEI_00388,Cytoplasmic,0.0004,0.0031,0.7753,0.0112,0.2098,0.0002
OFOAEPEI_00389,Cytoplasmic,0.0069,0.0736,0.8995,0.0186,0.0012,0.0001
OFOAEPEI_00390,Cytoplasmic,0.0009,0.0204,0.9649,0.0005,0.0059,0.0074
OFOAEPEI_00391,Cytoplasmic,0.0016,0.0045,0.8812,0.0192,0.0870,0.0065
OFOAEPEI_00392,Cytoplasmic Membrane,0.0000,0.0000,0.0000,0.9999,0.0001,0.0000
OFOAEPEI_00393,Cytoplasmic Membrane,0.0000,0.0000,0.0006,0.9992,0.0002,0.0000
OFOAEPEI_00394,Cytoplasmic,0.0001,0.1776,0.4897,0.2466,0.0461,0.0399
OFOAEPEI_00395,Cytoplasmic,0.0004,0.0025,0.9942,0.0020,0.0008,0.0001
OFOAEPEI_00396,Cytoplasmic Membrane,0.0001,0.0004,0.0022,0.9964,0.0009,0.0000
OFOAEPEI_00397,Cytoplasmic Membrane,0.0000,0.0001,0.0001,0.9997,0.0001,0.0000
OFOAEPEI_00398,Cytoplasmic,0.0008,0.0469,0.9476,0.0031,0.0012,0.0004
OFOAEPEI_00399,Cytoplasmic,0.0008,0.0083,0.9828,0.0056,0.0018,0.0007
OFOAEPEI_00400,Cytoplasmic,0.0012,0.0901,0.8929,0.0090,0.0065,0.0002
OFOAEPEI_00401,Cytoplasmic,0.0000,0.0004,0.7291,0.2676,0.0012,0.0016
OFOAEPEI_00402,Cytoplasmic,0.0001,0.0039,0.9504,0.0444,0.0011,0.0000
OFOAEPEI_00403,Cytoplasmic,0.0001,0.1219,0.8659,0.0008,0.0046,0.0066
OFOAEPEI_00404,Cytoplasmic Membrane,0.0000,0.0001,0.0001,0.9984,0.0014,0.0000
OFOAEPEI_00405,Cytoplasmic,0.0007,0.0008,0.9727,0.0234,0.0022,0.0002
OFOAEPEI_00406,Cytoplasmic,0.0006,0.0194,0.9185,0.0542,0.0069,0.0004
OFOAEPEI_00407,Cytoplasmic,0.0004,0.0029,0.9342,0.0072,0.0444,0.0110
OFOAEPEI_00408,Cytoplasmic,0.0001,0.0069,0.7397,0.0037,0.1767,0.0729
OFOAEPEI_00409,Cytoplasmic,0.0001,0.0019,0.8958,0.0298,0.0722,0.0002
OFOAEPEI_00410,Cytoplasmic,0.0004,0.0048,0.8790,0.0456,0.0686,0.0016
OFOAEPEI_00411,Cytoplasmic,0.0009,0.0022,0.9365,0.0174,0.0424,0.0006
OFOAEPEI_00412,Cytoplasmic,0.0011,0.0172,0.8857,0.0544,0.0411,0.0006
OFOAEPEI_00413,Cytoplasmic,0.0127,0.2978,0.5862,0.1007,0.0025,0.0002
OFOAEPEI_00414,Cytoplasmic Membrane,0.0003,0.0015,0.0005,0.9742,0.0233,0.0001
OFOAEPEI_00415,Extracellular,0.0285,0.5305,0.0017,0.3669,0.0317,0.0406
OFOAEPEI_00416,Cell wall & surface,0.7067,0.1681,0.0007,0.0978,0.0266,0.0001
OFOAEPEI_00417,Extracellular,0.0004,0.8711,0.0735,0.0281,0.0250,0.0019
OFOAEPEI_00418,Cytoplasmic,0.0002,0.0036,0.9001,0.0279,0.0662,0.0020
OFOAEPEI_00419,Cytoplasmic,0.0016,0.0075,0.8851,0.0430,0.0592,0.0036
OFOAEPEI_00420,Cytoplasmic,0.0000,0.0004,0.9217,0.0003,0.0771,0.0005
OFOAEPEI_00421,Cytoplasmic Membrane,0.0001,0.0035,0.0014,0.9927,0.0023,0.0000
OFOAEPEI_00422,Cytoplasmic,0.0001,0.3590,0.5512,0.0831,0.0065,0.0001
OFOAEPEI_00423,Cytoplasmic,0.0020,0.0181,0.9231,0.0464,0.0102,0.0002
OFOAEPEI_00424,Cytoplasmic Membrane,0.0000,0.0005,0.0001,0.9988,0.0006,0.0000
OFOAEPEI_00425,Cytoplasmic,0.0158,0.0878,0.7537,0.0926,0.0476,0.0024
OFOAEPEI_00426,Cytoplasmic Membrane,0.0001,0.1174,0.0001,0.8690,0.0133,0.0000
OFOAEPEI_00427,Cytoplasmic,0.0007,0.0016,0.9799,0.0095,0.0082,0.0000
OFOAEPEI_00428,Cytoplasmic,0.0001,0.0026,0.6370,0.3491,0.0110,0.0003
OFOAEPEI_00429,Cytoplasmic,0.0001,0.0043,0.9928,0.0004,0.0022,0.0001
OFOAEPEI_00430,Cytoplasmic,0.0002,0.3121,0.6770,0.0072,0.0032,0.0003
OFOAEPEI_00431,Cytoplasmic,0.0001,0.2507,0.7406,0.0009,0.0073,0.0004
OFOAEPEI_00432,Cytoplasmic Membrane,0.0000,0.0008,0.0001,0.9979,0.0012,0.0000
OFOAEPEI_00433,Cytoplasmic Membrane,0.0004,0.0002,0.3426,0.6555,0.0013,0.0000
OFOAEPEI_00434,Cytoplasmic Membrane,0.0002,0.0416,0.0001,0.9577,0.0005,0.0000
OFOAEPEI_00435,Cytoplasmic Membrane,0.0029,0.3858,0.0033,0.5970,0.0109,0.0000
OFOAEPEI_00436,Cytoplasmic Membrane,0.0127,0.0155,0.0011,0.9546,0.0160,0.0001
OFOAEPEI_00437,Cytoplasmic,0.0002,0.0014,0.9715,0.0243,0.0025,0.0000
OFOAEPEI_00438,Cytoplasmic Membrane,0.0000,0.0003,0.0001,0.9987,0.0010,0.0000
OFOAEPEI_00439,Cytoplasmic,0.0003,0.0112,0.9629,0.0013,0.0231,0.0012
OFOAEPEI_00440,Cytoplasmic,0.0021,0.0666,0.7330,0.1733,0.0251,0.0000
OFOAEPEI_00441,Cytoplasmic,0.0005,0.0759,0.8540,0.0140,0.0553,0.0003
OFOAEPEI_00442,Cytoplasmic,0.0023,0.0122,0.9395,0.0389,0.0069,0.0001
OFOAEPEI_00443,Cytoplasmic Membrane,0.0008,0.0013,0.2601,0.7163,0.0214,0.0001
OFOAEPEI_00444,Cytoplasmic Membrane,0.0000,0.0012,0.0002,0.9977,0.0009,0.0000
OFOAEPEI_00445,Cytoplasmic Membrane,0.0000,0.0001,0.0002,0.9992,0.0005,0.0000
OFOAEPEI_00446,Cytoplasmic Membrane,0.0141,0.1145,0.0126,0.6006,0.2546,0.0036
OFOAEPEI_00447,Cytoplasmic,0.0001,0.0006,0.9890,0.0022,0.0079,0.0001
OFOAEPEI_00448,Cytoplasmic Membrane,0.0001,0.0185,0.0009,0.9619,0.0184,0.0001
OFOAEPEI_00449,Cytoplasmic,0.0032,0.0091,0.9269,0.0428,0.0178,0.0001
OFOAEPEI_00450,Cytoplasmic,0.0004,0.0250,0.8947,0.0649,0.0148,0.0002
OFOAEPEI_00451,Cytoplasmic,0.0001,0.0433,0.9504,0.0017,0.0045,0.0000
OFOAEPEI_00452,Cytoplasmic,0.0001,0.0002,0.9955,0.0010,0.0032,0.0000
OFOAEPEI_00453,Cytoplasmic Membrane,0.0002,0.0008,0.1693,0.8117,0.0178,0.0002
OFOAEPEI_00454,Cytoplasmic Membrane,0.0001,0.0033,0.0001,0.9953,0.0012,0.0000
OFOAEPEI_00455,Cytoplasmic Membrane,0.0000,0.0000,0.0000,0.9997,0.0003,0.0000
OFOAEPEI_00456,Cytoplasmic,0.0003,0.0066,0.9215,0.0534,0.0099,0.0083
OFOAEPEI_00457,Extracellular,0.0002,0.5531,0.4235,0.0119,0.0112,0.0000
OFOAEPEI_00458,Cytoplasmic,0.0009,0.1410,0.6934,0.0626,0.1014,0.0006
OFOAEPEI_00459,Cytoplasmic,0.0023,0.0627,0.8951,0.0024,0.0373,0.0001
OFOAEPEI_00460,Cytoplasmic,0.0002,0.3310,0.4866,0.1701,0.0120,0.0001
OFOAEPEI_00461,Cytoplasmic,0.0027,0.3737,0.4920,0.0671,0.0644,0.0000
OFOAEPEI_00462,Cytoplasmic,0.0019,0.2498,0.6575,0.0499,0.0409,0.0000
OFOAEPEI_00463,Cytoplasmic,0.0004,0.3009,0.5932,0.0926,0.0126,0.0004
OFOAEPEI_00464,Extracellular,0.0001,0.6917,0.2792,0.0274,0.0016,0.0000
OFOAEPEI_00465,Extracellular,0.0029,0.6902,0.2840,0.0004,0.0222,0.0003
OFOAEPEI_00466,Cytoplasmic Membrane,0.0157,0.2463,0.0010,0.4811,0.2559,0.0001
OFOAEPEI_00467,Extracellular,0.3647,0.6007,0.0001,0.0288,0.0056,0.0000
OFOAEPEI_00468,Outer Membrane,0.0200,0.0727,0.0004,0.4397,0.4672,0.0001
OFOAEPEI_00469,Cytoplasmic,0.0041,0.0331,0.8778,0.0631,0.0209,0.0009
OFOAEPEI_00470,Cytoplasmic Membrane,0.0000,0.1937,0.0002,0.7854,0.0207,0.0000
OFOAEPEI_00471,Cytoplasmic Membrane,0.0000,0.0056,0.0029,0.8493,0.1422,0.0000
OFOAEPEI_00472,Cytoplasmic Membrane,0.0001,0.4713,0.0001,0.5148,0.0136,0.0000
OFOAEPEI_00473,Cytoplasmic Membrane,0.0001,0.0033,0.0002,0.9943,0.0022,0.0000
OFOAEPEI_00474,Cytoplasmic,0.0004,0.3369,0.5567,0.1011,0.0049,0.0001
OFOAEPEI_00475,Cytoplasmic Membrane,0.0003,0.0264,0.3535,0.5200,0.0997,0.0000
OFOAEPEI_00476,Extracellular,0.0015,0.6730,0.0026,0.2612,0.0615,0.0001
OFOAEPEI_00477,Cytoplasmic,0.0381,0.1899,0.6899,0.0102,0.0715,0.0004
OFOAEPEI_00478,Cytoplasmic,0.0004,0.2527,0.6728,0.0691,0.0050,0.0000
OFOAEPEI_00479,Cytoplasmic,0.0007,0.0443,0.9366,0.0004,0.0179,0.0000
OFOAEPEI_00480,Cytoplasmic,0.0004,0.1975,0.7411,0.0256,0.0353,0.0001
OFOAEPEI_00481,Cytoplasmic,0.0002,0.2818,0.6761,0.0321,0.0096,0.0001
OFOAEPEI_00482,Cytoplasmic,0.0010,0.0831,0.8449,0.0333,0.0377,0.0000
OFOAEPEI_00483,Cytoplasmic,0.0010,0.2321,0.4825,0.2360,0.0483,0.0001
OFOAEPEI_00484,Extracellular,0.0005,0.9468,0.0443,0.0069,0.0015,0.0000
OFOAEPEI_00485,Cytoplasmic Membrane,0.0002,0.0494,0.0016,0.9403,0.0084,0.0000
OFOAEPEI_00486,Extracellular,0.0043,0.8843,0.0618,0.0125,0.0362,0.0009
OFOAEPEI_00487,Extracellular,0.0000,0.9997,0.0000,0.0000,0.0003,0.0000
OFOAEPEI_00488,Cytoplasmic Membrane,0.0000,0.0348,0.0000,0.9559,0.0093,0.0000
OFOAEPEI_00489,Cytoplasmic,0.0012,0.0014,0.9811,0.0014,0.0149,0.0000
OFOAEPEI_00490,Extracellular,0.0000,1.0000,0.0000,0.0000,0.0000,0.0000
OFOAEPEI_00491,Cytoplasmic Membrane,0.0000,0.0247,0.0009,0.9730,0.0013,0.0000
OFOAEPEI_00492,Cytoplasmic Membrane,0.0002,0.3245,0.0005,0.6588,0.0159,0.0000
OFOAEPEI_00493,Cytoplasmic,0.0006,0.0781,0.8325,0.0098,0.0788,0.0002
OFOAEPEI_00494,Cytoplasmic,0.0002,0.3419,0.3669,0.2878,0.0033,0.0000
OFOAEPEI_00495,Cytoplasmic Membrane,0.0000,0.4549,0.0001,0.5310,0.0140,0.0000
OFOAEPEI_00496,Cytoplasmic,0.0017,0.1535,0.6074,0.1941,0.0424,0.0010
OFOAEPEI_00497,Cytoplasmic,0.0044,0.0262,0.9052,0.0063,0.0577,0.0002
OFOAEPEI_00498,Cytoplasmic,0.0002,0.3804,0.5729,0.0229,0.0231,0.0005
OFOAEPEI_00499,Cytoplasmic,0.0005,0.0037,0.8495,0.0005,0.1456,0.0003
OFOAEPEI_00500,Cytoplasmic,0.0047,0.0354,0.8687,0.0061,0.0851,0.0001
OFOAEPEI_00501,Cytoplasmic Membrane,0.0003,0.0131,0.0360,0.9446,0.0050,0.0010
OFOAEPEI_00502,Cytoplasmic Membrane,0.0001,0.0171,0.0009,0.9707,0.0112,0.0001
OFOAEPEI_00503,Cytoplasmic,0.0003,0.0157,0.9266,0.0404,0.0141,0.0030
OFOAEPEI_00504,Cytoplasmic Membrane,0.0006,0.0045,0.0161,0.9174,0.0609,0.0005
OFOAEPEI_00505,Cytoplasmic,0.0072,0.0461,0.9359,0.0004,0.0104,0.0001
OFOAEPEI_00506,Cytoplasmic,0.0008,0.0189,0.8476,0.1315,0.0008,0.0003
OFOAEPEI_00507,Cytoplasmic,0.0015,0.0329,0.8114,0.0010,0.1329,0.0203
OFOAEPEI_00508,Cytoplasmic Membrane,0.0000,0.0000,0.0004,0.9990,0.0005,0.0000
OFOAEPEI_00509,Cytoplasmic,0.0001,0.1925,0.5707,0.2249,0.0108,0.0011
OFOAEPEI_00510,Cytoplasmic,0.0005,0.0009,0.9820,0.0032,0.0132,0.0003
OFOAEPEI_00511,Cytoplasmic,0.0000,0.0703,0.9274,0.0010,0.0010,0.0003
OFOAEPEI_00512,Cytoplasmic Membrane,0.0001,0.0302,0.0014,0.9646,0.0036,0.0000
OFOAEPEI_00513,Cytoplasmic,0.0001,0.0004,0.9824,0.0036,0.0131,0.0003
OFOAEPEI_00514,Cytoplasmic,0.0000,0.0000,0.9999,0.0000,0.0000,0.0000
OFOAEPEI_00515,Cytoplasmic,0.0007,0.0172,0.9218,0.0586,0.0016,0.0001
OFOAEPEI_00516,Cytoplasmic,0.0000,0.0001,0.9992,0.0006,0.0001,0.0000
OFOAEPEI_00517,Cytoplasmic Membrane,0.0005,0.0500,0.0017,0.9424,0.0054,0.0001
OFOAEPEI_00518,Cytoplasmic Membrane,0.0001,0.0297,0.0028,0.9624,0.0050,0.0000
OFOAEPEI_00519,Cytoplasmic Membrane,0.0001,0.0249,0.0017,0.9664,0.0069,0.0000
OFOAEPEI_00520,Cytoplasmic,0.0000,0.0000,0.9931,0.0059,0.0009,0.0001
OFOAEPEI_00521,Cytoplasmic Membrane,0.0013,0.0423,0.4241,0.4824,0.0347,0.0153
OFOAEPEI_00522,Cytoplasmic Membrane,0.0000,0.0000,0.0490,0.9486,0.0023,0.0001
OFOAEPEI_00523,Cytoplasmic,0.0002,0.0043,0.9769,0.0088,0.0096,0.0002
OFOAEPEI_00524,Cytoplasmic,0.0000,0.0002,0.9989,0.0008,0.0001,0.0000
OFOAEPEI_00525,Cytoplasmic,0.0008,0.0017,0.9401,0.0036,0.0063,0.0476
OFOAEPEI_00526,Cytoplasmic Membrane,0.0000,0.0091,0.0023,0.9801,0.0079,0.0006
OFOAEPEI_00527,Cytoplasmic Membrane,0.0001,0.0470,0.0038,0.9432,0.0058,0.0000
OFOAEPEI_00528,Cytoplasmic,0.0012,0.0046,0.7928,0.0024,0.1984,0.0006
OFOAEPEI_00529,Cytoplasmic,0.0000,0.0000,0.9974,0.0003,0.0023,0.0000
OFOAEPEI_00530,Cytoplasmic Membrane,0.0061,0.0494,0.0002,0.8725,0.0709,0.0010
OFOAEPEI_00531,Cytoplasmic,0.0000,0.0000,0.9996,0.0000,0.0004,0.0000
OFOAEPEI_00532,Cytoplasmic,0.0001,0.1766,0.5020,0.2199,0.0182,0.0833
OFOAEPEI_00533,Cytoplasmic,0.0003,0.0014,0.9965,0.0004,0.0014,0.0000
OFOAEPEI_00534,Cytoplasmic Membrane,0.0004,0.0482,0.0009,0.9267,0.0238,0.0000
OFOAEPEI_00535,Cytoplasmic Membrane,0.0000,0.0013,0.0001,0.9753,0.0232,0.0000
OFOAEPEI_00536,Cytoplasmic,0.0001,0.0018,0.9941,0.0017,0.0019,0.0004
OFOAEPEI_00537,Cytoplasmic,0.0000,0.0000,0.9984,0.0002,0.0013,0.0000
OFOAEPEI_00538,Cytoplasmic Membrane,0.0001,0.0633,0.0025,0.9116,0.0223,0.0002
OFOAEPEI_00539,Cytoplasmic Membrane,0.0056,0.2550,0.0007,0.7325,0.0061,0.0000
OFOAEPEI_00540,Cytoplasmic Membrane,0.0000,0.0539,0.0005,0.9391,0.0061,0.0004
OFOAEPEI_00541,Cytoplasmic Membrane,0.0000,0.0379,0.0001,0.9593,0.0026,0.0001
OFOAEPEI_00542,Cytoplasmic Membrane,0.0000,0.0013,0.0013,0.9947,0.0027,0.0000
OFOAEPEI_00543,Cytoplasmic Membrane,0.0000,0.0018,0.0012,0.9876,0.0094,0.0000
OFOAEPEI_00544,Cytoplasmic,0.0000,0.0009,0.7025,0.2793,0.0172,0.0001
OFOAEPEI_00545,Extracellular,0.0010,0.5668,0.0001,0.3744,0.0576,0.0002
OFOAEPEI_00546,Cytoplasmic Membrane,0.0005,0.3274,0.0261,0.5769,0.0688,0.0004
OFOAEPEI_00547,Extracellular,0.1593,0.8267,0.0000,0.0134,0.0005,0.0000
OFOAEPEI_00548,Cytoplasmic Membrane,0.1810,0.2749,0.0069,0.4420,0.0942,0.0011
OFOAEPEI_00549,Cytoplasmic,0.0001,0.0001,0.9691,0.0094,0.0211,0.0002
OFOAEPEI_00550,Cytoplasmic,0.0001,0.0002,0.9898,0.0010,0.0088,0.0002
OFOAEPEI_00551,Cytoplasmic,0.0001,0.0050,0.9140,0.0750,0.0045,0.0014
OFOAEPEI_00552,Cytoplasmic,0.0020,0.0003,0.8896,0.1055,0.0023,0.0002
OFOAEPEI_00553,Cytoplasmic,0.0001,0.0008,0.9962,0.0010,0.0019,0.0001
OFOAEPEI_00554,Cytoplasmic,0.0001,0.0008,0.9982,0.0005,0.0004,0.0001
OFOAEPEI_00555,Cytoplasmic,0.0009,0.0006,0.9890,0.0047,0.0047,0.0001
OFOAEPEI_00556,Cytoplasmic Membrane,0.0029,0.0026,0.0013,0.6421,0.3505,0.0005
OFOAEPEI_00557,Cytoplasmic Membrane,0.0000,0.0023,0.0016,0.9956,0.0004,0.0000
OFOAEPEI_00558,Cytoplasmic Membrane,0.0003,0.0013,0.0021,0.9896,0.0066,0.0001
OFOAEPEI_00559,Cytoplasmic Membrane,0.0000,0.0001,0.0000,0.9996,0.0003,0.0000
OFOAEPEI_00560,Cytoplasmic,0.0001,0.0002,0.6513,0.3431,0.0052,0.0000
OFOAEPEI_00561,Cytoplasmic,0.0009,0.0099,0.9619,0.0258,0.0014,0.0000
OFOAEPEI_00562,Cytoplasmic Membrane,0.0000,0.0000,0.0000,0.9999,0.0001,0.0000
OFOAEPEI_00563,Cytoplasmic Membrane,0.0008,0.0141,0.0007,0.9592,0.0250,0.0002
OFOAEPEI_00564,Cytoplasmic,0.0000,0.0005,0.9964,0.0020,0.0003,0.0008
OFOAEPEI_00565,Cytoplasmic Membrane,0.0000,0.0002,0.0000,0.9985,0.0013,0.0000
OFOAEPEI_00566,Cytoplasmic Membrane,0.0012,0.0178,0.0001,0.9120,0.0688,0.0002
OFOAEPEI_00568,Cytoplasmic,0.0003,0.0151,0.9128,0.0480,0.0235,0.0003
OFOAEPEI_00569,Cytoplasmic,0.0000,0.0001,0.9943,0.0023,0.0033,0.0001
OFOAEPEI_00571,Cytoplasmic,0.0086,0.0001,0.9297,0.0570,0.0046,0.0000
OFOAEPEI_00572,Cytoplasmic Membrane,0.0000,0.0000,0.0003,0.9993,0.0004,0.0000
OFOAEPEI_00573,Cytoplasmic,0.0000,0.0001,0.9996,0.0002,0.0000,0.0000
OFOAEPEI_00574,Cytoplasmic,0.0015,0.0041,0.9692,0.0245,0.0006,0.0001
OFOAEPEI_00575,Cytoplasmic,0.0000,0.0010,0.9970,0.0013,0.0006,0.0000
OFOAEPEI_00576,Cytoplasmic Membrane,0.0005,0.0104,0.0001,0.6247,0.3643,0.0001
OFOAEPEI_00577,Cytoplasmic Membrane,0.0339,0.0217,0.0005,0.8157,0.1272,0.0010
OFOAEPEI_00578,Cytoplasmic Membrane,0.0000,0.0000,0.0000,0.9999,0.0001,0.0000
OFOAEPEI_00579,Cytoplasmic Membrane,0.0006,0.0009,0.1494,0.8003,0.0482,0.0006
OFOAEPEI_00580,Extracellular,0.0010,0.6590,0.2632,0.0723,0.0043,0.0002
OFOAEPEI_00581,Cytoplasmic,0.0004,0.0538,0.9196,0.0211,0.0025,0.0025
OFOAEPEI_00582,Cytoplasmic,0.0001,0.0093,0.5239,0.4393,0.0264,0.0010
OFOAEPEI_00583,Cytoplasmic,0.0004,0.0021,0.9341,0.0193,0.0434,0.0007
OFOAEPEI_00584,Cytoplasmic Membrane,0.0000,0.0027,0.0902,0.8864,0.0200,0.0007
OFOAEPEI_00585,Cytoplasmic Membrane,0.0000,0.0000,0.0000,0.9993,0.0007,0.0000
OFOAEPEI_00586,Cytoplasmic,0.0002,0.0018,0.7743,0.0582,0.1652,0.0004
OFOAEPEI_00587,Cytoplasmic,0.0001,0.0043,0.9939,0.0005,0.0011,0.0000
OFOAEPEI_00588,Cytoplasmic,0.0000,0.0162,0.7546,0.1971,0.0315,0.0006
OFOAEPEI_00589,Cytoplasmic Membrane,0.0000,0.0002,0.0004,0.9987,0.0007,0.0000
OFOAEPEI_00590,Cytoplasmic,0.0001,0.0171,0.9576,0.0179,0.0066,0.0008
OFOAEPEI_00591,Cytoplasmic,0.0003,0.0023,0.8060,0.0105,0.1798,0.0011
OFOAEPEI_00592,Cytoplasmic Membrane,0.0002,0.0551,0.0007,0.9259,0.0180,0.0001
OFOAEPEI_00593,Cytoplasmic,0.0001,0.0118,0.9815,0.0031,0.0030,0.0004
OFOAEPEI_00594,Cytoplasmic,0.0000,0.0003,0.9972,0.0002,0.0022,0.0001
OFOAEPEI_00595,Cytoplasmic,0.0033,0.0032,0.9843,0.0091,0.0001,0.0000
OFOAEPEI_00596,Cytoplasmic Membrane,0.0001,0.0012,0.0015,0.9928,0.0040,0.0004
OFOAEPEI_00597,Cytoplasmic,0.0000,0.0022,0.9719,0.0004,0.0007,0.0247
OFOAEPEI_00598,Cytoplasmic,0.0000,0.0001,0.9807,0.0015,0.0175,0.0001
OFOAEPEI_00599,Cytoplasmic,0.0001,0.0035,0.9574,0.0010,0.0374,0.0006
OFOAEPEI_00600,Cytoplasmic,0.0005,0.0693,0.6210,0.2567,0.0520,0.0004
OFOAEPEI_00601,Cytoplasmic Membrane,0.0001,0.0081,0.0001,0.9827,0.0090,0.0000
OFOAEPEI_00602,Cytoplasmic,0.0011,0.0019,0.9894,0.0047,0.0028,0.0001
OFOAEPEI_00603,Cytoplasmic,0.0000,0.0003,0.9971,0.0007,0.0012,0.0007
OFOAEPEI_00604,Cytoplasmic Membrane,0.0000,0.0000,0.0001,0.9985,0.0013,0.0000
OFOAEPEI_00605,Cytoplasmic,0.0000,0.0007,0.9985,0.0001,0.0004,0.0003
OFOAEPEI_00606,Cytoplasmic,0.0000,0.0001,0.9752,0.0035,0.0211,0.0000
OFOAEPEI_00607,Cytoplasmic,0.0000,0.0002,0.9924,0.0000,0.0074,0.0000
OFOAEPEI_00608,Cytoplasmic,0.0009,0.1169,0.8347,0.0354,0.0119,0.0001
OFOAEPEI_00609,Cytoplasmic,0.0001,0.1497,0.5841,0.2392,0.0262,0.0008
OFOAEPEI_00610,Cytoplasmic Membrane,0.0000,0.0160,0.0002,0.9751,0.0085,0.0001
OFOAEPEI_00611,Cytoplasmic,0.0004,0.0482,0.8781,0.0727,0.0005,0.0002
OFOAEPEI_00612,Cytoplasmic Membrane,0.0092,0.1924,0.0006,0.7857,0.0120,0.0001
OFOAEPEI_00613,Cytoplasmic,0.0001,0.0513,0.9362,0.0040,0.0043,0.0041
OFOAEPEI_00614,Cytoplasmic Membrane,0.0007,0.0029,0.2545,0.7110,0.0251,0.0058
OFOAEPEI_00615,Cytoplasmic Membrane,0.0000,0.0000,0.0001,0.9979,0.0019,0.0000
OFOAEPEI_00616,Cytoplasmic Membrane,0.0000,0.0000,0.0000,0.9986,0.0013,0.0000
OFOAEPEI_00617,Cytoplasmic Membrane,0.0029,0.0016,0.0010,0.9416,0.0526,0.0002
OFOAEPEI_00618,Cytoplasmic Membrane,0.0008,0.0040,0.0002,0.9871,0.0079,0.0000
OFOAEPEI_00619,Cytoplasmic,0.0002,0.0004,0.7559,0.1434,0.0689,0.0312
OFOAEPEI_00620,Cytoplasmic Membrane,0.0028,0.0384,0.0024,0.8976,0.0576,0.0011
OFOAEPEI_00621,Cytoplasmic,0.0013,0.2562,0.5046,0.2321,0.0051,0.0008
OFOAEPEI_00622,Cytoplasmic,0.0003,0.0008,0.9858,0.0053,0.0077,0.0000
OFOAEPEI_00623,Cytoplasmic,0.0000,0.0103,0.9861,0.0006,0.0031,0.0000
OFOAEPEI_00624,Cytoplasmic,0.0014,0.0100,0.9269,0.0388,0.0225,0.0004
OFOAEPEI_00625,Cytoplasmic,0.0002,0.1749,0.7356,0.0838,0.0055,0.0000
OFOAEPEI_00626,Cytoplasmic Membrane,0.0001,0.1528,0.0001,0.8315,0.0153,0.0001
OFOAEPEI_00627,Extracellular,0.0000,0.9997,0.0000,0.0000,0.0003,0.0000
OFOAEPEI_00628,Cytoplasmic Membrane,0.0000,0.0000,0.0001,0.9996,0.0002,0.0000
OFOAEPEI_00629,Cytoplasmic,0.0000,0.0010,0.9049,0.0016,0.0906,0.0019
OFOAEPEI_00630,Cytoplasmic,0.0001,0.0029,0.9920,0.0043,0.0007,0.0000
OFOAEPEI_00631,Cytoplasmic,0.0000,0.0000,0.9984,0.0000,0.0015,0.0001
OFOAEPEI_00632,Cytoplasmic,0.0000,0.0071,0.9821,0.0076,0.0017,0.0015
OFOAEPEI_00633,Cytoplasmic,0.0053,0.0460,0.9199,0.0251,0.0033,0.0004
OFOAEPEI_00634,Cytoplasmic,0.0001,0.0272,0.9216,0.0015,0.0489,0.0006
OFOAEPEI_00635,Cytoplasmic Membrane,0.0000,0.0001,0.0009,0.9986,0.0004,0.0001
OFOAEPEI_00636,Cytoplasmic,0.0000,0.0015,0.9958,0.0012,0.0015,0.0000
OFOAEPEI_00637,Cytoplasmic Membrane,0.0000,0.0028,0.0002,0.9954,0.0015,0.0000
OFOAEPEI_00638,Cytoplasmic Membrane,0.0001,0.0381,0.0002,0.9461,0.0156,0.0000
OFOAEPEI_00639,Extracellular,0.0002,0.8394,0.0601,0.0801,0.0197,0.0005
OFOAEPEI_00640,Cytoplasmic,0.0000,0.0000,0.9973,0.0005,0.0021,0.0000
OFOAEPEI_00641,Cytoplasmic,0.0017,0.0025,0.9293,0.0363,0.0294,0.0008
OFOAEPEI_00642,Cytoplasmic,0.0001,0.0000,0.9970,0.0002,0.0027,0.0000
OFOAEPEI_00643,Cytoplasmic,0.0007,0.0024,0.9814,0.0153,0.0002,0.0001
OFOAEPEI_00644,Cytoplasmic,0.0003,0.0078,0.8776,0.0353,0.0789,0.0002
OFOAEPEI_00645,Cytoplasmic,0.0047,0.1104,0.7593,0.0935,0.0316,0.0005
OFOAEPEI_00647,Cytoplasmic Membrane,0.0000,0.0008,0.0000,0.9977,0.0014,0.0000
OFOAEPEI_00648,Cytoplasmic,0.0005,0.1382,0.8405,0.0138,0.0059,0.0011
OFOAEPEI_00649,Cytoplasmic,0.0004,0.0249,0.9319,0.0038,0.0322,0.0068
OFOAEPEI_00650,Cytoplasmic,0.0001,0.0001,0.8323,0.0137,0.1537,0.0001
OFOAEPEI_00651,Cytoplasmic,0.0000,0.0003,0.9993,0.0001,0.0001,0.0002
OFOAEPEI_00652,Cell wall & surface,0.7322,0.1931,0.0017,0.0676,0.0053,0.0001
OFOAEPEI_00653,Extracellular,0.3639,0.5881,0.0028,0.0059,0.0278,0.0115
OFOAEPEI_00654,Cytoplasmic,0.0000,0.0021,0.9968,0.0007,0.0004,0.0001
OFOAEPEI_00655,Cytoplasmic,0.0006,0.0181,0.4894,0.3867,0.0966,0.0086
OFOAEPEI_00656,Cytoplasmic Membrane,0.0000,0.0024,0.0001,0.9965,0.0009,0.0000
OFOAEPEI_00657,Extracellular,0.0002,0.6214,0.2855,0.0261,0.0651,0.0018
OFOAEPEI_00658,Extracellular,0.0019,0.4243,0.4092,0.1353,0.0271,0.0022
OFOAEPEI_00659,Cytoplasmic Membrane,0.0000,0.0000,0.0006,0.9982,0.0012,0.0000
OFOAEPEI_00660,Cytoplasmic Membrane,0.0000,0.0000,0.0004,0.9995,0.0001,0.0000
OFOAEPEI_00661,Cytoplasmic,0.0018,0.0283,0.5248,0.2189,0.1811,0.0452
OFOAEPEI_00662,Cytoplasmic Membrane,0.0000,0.0000,0.0001,0.9998,0.0002,0.0000
OFOAEPEI_00663,Cytoplasmic Membrane,0.0000,0.0000,0.0001,0.9998,0.0001,0.0000
OFOAEPEI_00664,Cytoplasmic,0.0003,0.0109,0.9326,0.0430,0.0126,0.0006
OFOAEPEI_00665,Cytoplasmic,0.0002,0.0090,0.9812,0.0074,0.0022,0.0001
OFOAEPEI_00666,Cytoplasmic,0.0006,0.1149,0.8683,0.0096,0.0056,0.0010
OFOAEPEI_00667,Outer Membrane,0.0004,0.0189,0.0000,0.0383,0.9420,0.0004
OFOAEPEI_00668,Cytoplasmic,0.0019,0.1104,0.8171,0.0502,0.0200,0.0003
OFOAEPEI_00669,Cytoplasmic,0.0000,0.0001,0.9947,0.0017,0.0035,0.0001
OFOAEPEI_00670,Cytoplasmic,0.0001,0.0041,0.9875,0.0071,0.0009,0.0003
OFOAEPEI_00671,Cytoplasmic Membrane,0.0000,0.0001,0.0002,0.9994,0.0003,0.0000
OFOAEPEI_00672,Cytoplasmic Membrane,0.0001,0.0545,0.0004,0.9334,0.0107,0.0009
OFOAEPEI_00673,Cytoplasmic Membrane,0.0001,0.0017,0.0016,0.9944,0.0021,0.0001
OFOAEPEI_00674,Cytoplasmic Membrane,0.0000,0.0000,0.0001,0.9990,0.0008,0.0000
OFOAEPEI_00675,Cytoplasmic Membrane,0.0000,0.0000,0.0000,0.9995,0.0004,0.0000
OFOAEPEI_00676,Cytoplasmic,0.0000,0.0000,0.9984,0.0009,0.0007,0.0000
OFOAEPEI_00677,Cytoplasmic Membrane,0.0000,0.0001,0.0003,0.9988,0.0009,0.0000
OFOAEPEI_00678,Cytoplasmic Membrane,0.0000,0.0000,0.0000,0.9999,0.0001,0.0000
OFOAEPEI_00679,Cytoplasmic,0.0006,0.0026,0.6953,0.2195,0.0809,0.0011
OFOAEPEI_00680,Cytoplasmic,0.0001,0.0025,0.9313,0.0596,0.0048,0.0016
OFOAEPEI_00681,Cytoplasmic,0.0003,0.0033,0.9496,0.0072,0.0376,0.0020
OFOAEPEI_00682,Cytoplasmic,0.0002,0.0037,0.9728,0.0066,0.0160,0.0008
OFOAEPEI_00683,Cytoplasmic Membrane,0.0000,0.0009,0.0009,0.9966,0.0015,0.0000
OFOAEPEI_00684,Cytoplasmic Membrane,0.0000,0.0000,0.0004,0.9991,0.0005,0.0000
OFOAEPEI_00685,Cytoplasmic Membrane,0.0000,0.0021,0.0008,0.9966,0.0004,0.0000
OFOAEPEI_00686,Cytoplasmic,0.0012,0.4575,0.5128,0.0008,0.0274,0.0004
OFOAEPEI_00687,Cytoplasmic,0.0001,0.0007,0.9964,0.0016,0.0011,0.0001
OFOAEPEI_00688,Cytoplasmic,0.0000,0.0006,0.9976,0.0005,0.0013,0.0001
OFOAEPEI_00689,Cytoplasmic,0.0002,0.0013,0.9840,0.0011,0.0122,0.0013
OFOAEPEI_00690,Cytoplasmic,0.0000,0.0026,0.9935,0.0029,0.0010,0.0000
OFOAEPEI_00691,Cytoplasmic,0.0000,0.0008,0.9971,0.0019,0.0001,0.0001
OFOAEPEI_00692,Cytoplasmic,0.0000,0.0007,0.9974,0.0016,0.0001,0.0001
OFOAEPEI_00693,Cytoplasmic,0.0001,0.0038,0.9915,0.0035,0.0007,0.0003
OFOAEPEI_00694,Cytoplasmic Membrane,0.0000,0.0000,0.0000,0.9994,0.0006,0.0000
OFOAEPEI_00695,Cytoplasmic,0.0010,0.0751,0.8811,0.0426,0.0002,0.0001
OFOAEPEI_00696,Cytoplasmic,0.0005,0.0010,0.9807,0.0012,0.0164,0.0001
OFOAEPEI_00697,Cytoplasmic,0.0002,0.0027,0.9788,0.0180,0.0003,0.0000
OFOAEPEI_00698,Cytoplasmic Membrane,0.0004,0.0418,0.2910,0.6299,0.0357,0.0012
OFOAEPEI_00699,Cytoplasmic,0.0001,0.0022,0.9890,0.0081,0.0005,0.0000
OFOAEPEI_00700,Cytoplasmic Membrane,0.0024,0.0312,0.0000,0.5115,0.4543,0.0006
OFOAEPEI_00701,Cytoplasmic,0.0001,0.4353,0.5589,0.0025,0.0032,0.0001
OFOAEPEI_00702,Cytoplasmic Membrane,0.0000,0.0009,0.0000,0.9977,0.0013,0.0000
OFOAEPEI_00703,Cytoplasmic,0.0114,0.0310,0.7289,0.1564,0.0709,0.0014
OFOAEPEI_00704,Cytoplasmic,0.0027,0.1143,0.6886,0.1782,0.0143,0.0020
OFOAEPEI_00705,Cytoplasmic,0.0003,0.0066,0.9620,0.0247,0.0050,0.0013
OFOAEPEI_00706,Cytoplasmic,0.0007,0.1657,0.7260,0.0654,0.0395,0.0026
OFOAEPEI_00707,Cytoplasmic,0.0001,0.2563,0.6330,0.0048,0.1045,0.0015
OFOAEPEI_00708,Cytoplasmic,0.0041,0.0365,0.4837,0.4678,0.0076,0.0003
OFOAEPEI_00709,Cytoplasmic,0.0000,0.0006,0.9981,0.0008,0.0004,0.0001
OFOAEPEI_00710,Cytoplasmic,0.0008,0.0065,0.9796,0.0093,0.0037,0.0001
OFOAEPEI_00711,Cytoplasmic Membrane,0.0000,0.0006,0.0001,0.9986,0.0007,0.0000
OFOAEPEI_00712,Cytoplasmic Membrane,0.0026,0.1558,0.0207,0.8199,0.0010,0.0000
OFOAEPEI_00713,Cytoplasmic,0.0002,0.0301,0.7405,0.0986,0.0990,0.0315
OFOAEPEI_00714,Cytoplasmic,0.0002,0.0029,0.8297,0.1671,0.0000,0.0001
OFOAEPEI_00715,Cytoplasmic,0.0005,0.0148,0.9676,0.0158,0.0012,0.0001
OFOAEPEI_00716,Cytoplasmic,0.0002,0.1201,0.7939,0.0823,0.0034,0.0001
OFOAEPEI_00717,Cytoplasmic,0.0007,0.0915,0.6685,0.2055,0.0293,0.0045
OFOAEPEI_00718,Cytoplasmic Membrane,0.0000,0.0005,0.0002,0.9972,0.0021,0.0001
OFOAEPEI_00719,Cytoplasmic Membrane,0.0004,0.0438,0.0000,0.7966,0.1570,0.0022
OFOAEPEI_00720,Cytoplasmic Membrane,0.0001,0.0007,0.0006,0.9947,0.0038,0.0000
OFOAEPEI_00721,Cytoplasmic,0.0002,0.0004,0.8240,0.0097,0.1650,0.0007
OFOAEPEI_00722,Cytoplasmic Membrane,0.0000,0.0271,0.0017,0.9662,0.0048,0.0001
OFOAEPEI_00723,Cytoplasmic,0.0002,0.1367,0.8052,0.0515,0.0008,0.0055
OFOAEPEI_00724,Cytoplasmic,0.0001,0.0013,0.8250,0.0051,0.1623,0.0062
OFOAEPEI_00725,Cytoplasmic,0.0000,0.0000,0.9840,0.0148,0.0011,0.0000
OFOAEPEI_00726,Cytoplasmic Membrane,0.0000,0.0002,0.0019,0.9963,0.0015,0.0000
OFOAEPEI_00727,Cytoplasmic,0.0000,0.0001,0.9900,0.0022,0.0010,0.0065
OFOAEPEI_00728,Cytoplasmic,0.0013,0.0040,0.9560,0.0286,0.0095,0.0006
OFOAEPEI_00729,Cytoplasmic Membrane,0.0009,0.0594,0.0522,0.8550,0.0325,0.0001
OFOAEPEI_00730,Cytoplasmic,0.0002,0.0403,0.9346,0.0201,0.0038,0.0010
OFOAEPEI_00731,Extracellular,0.0063,0.7700,0.0053,0.1352,0.0832,0.0000
OFOAEPEI_00732,Cytoplasmic,0.0001,0.2706,0.7174,0.0069,0.0040,0.0011
OFOAEPEI_00733,Extracellular,0.0002,0.9936,0.0034,0.0009,0.0005,0.0014
OFOAEPEI_00734,Extracellular,0.0002,0.9765,0.0177,0.0040,0.0002,0.0014
OFOAEPEI_00735,Cytoplasmic,0.0000,0.0006,0.9279,0.0713,0.0001,0.0000
OFOAEPEI_00736,Cytoplasmic Membrane,0.0004,0.0205,0.3203,0.6462,0.0119,0.0008
OFOAEPEI_00737,Cytoplasmic,0.0002,0.0287,0.9159,0.0311,0.0218,0.0024
OFOAEPEI_00738,Cytoplasmic,0.0004,0.1198,0.7206,0.1394,0.0194,0.0004
OFOAEPEI_00739,Cytoplasmic,0.0012,0.0342,0.9257,0.0343,0.0044,0.0002
OFOAEPEI_00740,Cytoplasmic Membrane,0.0000,0.0140,0.0024,0.9813,0.0023,0.0000
OFOAEPEI_00741,Cytoplasmic,0.0006,0.3102,0.3789,0.2860,0.0210,0.0033
OFOAEPEI_00742,Cytoplasmic,0.0001,0.0058,0.8743,0.0487,0.0516,0.0195
OFOAEPEI_00743,Cytoplasmic,0.0000,0.0024,0.9939,0.0019,0.0017,0.0001
OFOAEPEI_00744,Cytoplasmic,0.0001,0.0007,0.9952,0.0001,0.0035,0.0003
OFOAEPEI_00745,Cytoplasmic,0.0008,0.0014,0.9050,0.0733,0.0193,0.0002
OFOAEPEI_00746,Cytoplasmic,0.0000,0.0003,0.9986,0.0003,0.0007,0.0000
OFOAEPEI_00747,Cytoplasmic,0.0006,0.2073,0.7196,0.0627,0.0095,0.0004
OFOAEPEI_00748,Cytoplasmic,0.0007,0.0193,0.9277,0.0339,0.0130,0.0053
OFOAEPEI_00749,Cytoplasmic,0.0009,0.3358,0.6532,0.0072,0.0027,0.0000
OFOAEPEI_00750,Cytoplasmic Membrane,0.0000,0.0000,0.0000,0.9988,0.0011,0.0000
OFOAEPEI_00751,Cytoplasmic Membrane,0.0000,0.0000,0.0000,0.9995,0.0005,0.0000
OFOAEPEI_00752,Cytoplasmic,0.0002,0.0808,0.8035,0.0845,0.0284,0.0026
OFOAEPEI_00753,Cytoplasmic,0.0001,0.0003,0.9850,0.0088,0.0057,0.0001
OFOAEPEI_00754,Cytoplasmic,0.0007,0.0109,0.5600,0.3539,0.0743,0.0001
OFOAEPEI_00755,Cytoplasmic Membrane,0.0819,0.0683,0.0006,0.4474,0.3988,0.0029
OFOAEPEI_00756,Extracellular,0.0000,0.9999,0.0000,0.0000,0.0001,0.0000
OFOAEPEI_00757,Cytoplasmic,0.0002,0.2300,0.6759,0.0203,0.0722,0.0014
OFOAEPEI_00758,Outer Membrane,0.0000,0.0000,0.1279,0.0000,0.8716,0.0005
OFOAEPEI_00759,Cytoplasmic,0.0003,0.0040,0.9705,0.0156,0.0091,0.0006
OFOAEPEI_00760,Cytoplasmic,0.0000,0.0001,0.9995,0.0004,0.0000,0.0000
OFOAEPEI_00761,Cytoplasmic,0.0001,0.0012,0.8420,0.0028,0.1399,0.0140
OFOAEPEI_00762,Cytoplasmic,0.0000,0.0001,0.9949,0.0046,0.0004,0.0000
OFOAEPEI_00763,Cytoplasmic Membrane,0.0003,0.0266,0.0000,0.9588,0.0143,0.0000
OFOAEPEI_00764,Cytoplasmic,0.0004,0.0020,0.9911,0.0048,0.0017,0.0000
OFOAEPEI_00765,Cytoplasmic,0.0001,0.0001,0.9930,0.0026,0.0022,0.0020
OFOAEPEI_00766,Cytoplasmic,0.0001,0.2339,0.4448,0.2963,0.0245,0.0004
OFOAEPEI_00767,Cytoplasmic,0.0001,0.2690,0.5082,0.0138,0.2068,0.0022
OFOAEPEI_00768,Cytoplasmic Membrane,0.0001,0.0454,0.0026,0.9439,0.0049,0.0031
OFOAEPEI_00769,Cytoplasmic,0.0001,0.0012,0.9696,0.0081,0.0210,0.0001
OFOAEPEI_00770,Cytoplasmic,0.0002,0.0015,0.9599,0.0064,0.0318,0.0003
OFOAEPEI_00771,Cytoplasmic,0.0003,0.0069,0.9857,0.0053,0.0006,0.0011
OFOAEPEI_00772,Cytoplasmic,0.0013,0.0032,0.9867,0.0072,0.0013,0.0003
OFOAEPEI_00773,Cytoplasmic Membrane,0.0001,0.0014,0.1291,0.8641,0.0050,0.0003
OFOAEPEI_00774,Cytoplasmic Membrane,0.0000,0.0001,0.0002,0.9997,0.0001,0.0000
OFOAEPEI_00775,Cytoplasmic,0.0001,0.0052,0.9463,0.0397,0.0083,0.0004
OFOAEPEI_00776,Cytoplasmic,0.0001,0.0033,0.9812,0.0067,0.0048,0.0040
OFOAEPEI_00777,Cytoplasmic,0.0003,0.0006,0.9799,0.0038,0.0152,0.0002
OFOAEPEI_00778,Cytoplasmic,0.0006,0.0232,0.6308,0.3447,0.0008,0.0000
OFOAEPEI_00779,Cytoplasmic Membrane,0.0001,0.0112,0.2166,0.7625,0.0085,0.0011
OFOAEPEI_00780,Cytoplasmic Membrane,0.0002,0.0493,0.0016,0.9461,0.0028,0.0000
OFOAEPEI_00781,Cytoplasmic,0.0021,0.0036,0.9397,0.0541,0.0003,0.0001
OFOAEPEI_00782,Cytoplasmic Membrane,0.0000,0.0019,0.0073,0.9897,0.0011,0.0000
OFOAEPEI_00783,Cytoplasmic,0.0003,0.0002,0.9945,0.0039,0.0010,0.0002
OFOAEPEI_00784,Cytoplasmic Membrane,0.1104,0.0053,0.0001,0.8651,0.0188,0.0003
OFOAEPEI_00785,Cytoplasmic,0.0000,0.0004,0.9741,0.0248,0.0005,0.0001
OFOAEPEI_00786,Cytoplasmic,0.0001,0.0017,0.9459,0.0483,0.0039,0.0000
OFOAEPEI_00787,Cytoplasmic Membrane,0.0000,0.0243,0.0195,0.9461,0.0091,0.0009
OFOAEPEI_00788,Cytoplasmic Membrane,0.0000,0.0000,0.0001,0.9998,0.0001,0.0000
OFOAEPEI_00789,Cytoplasmic,0.0000,0.0017,0.9599,0.0332,0.0050,0.0001
OFOAEPEI_00790,Cytoplasmic,0.0003,0.0002,0.9965,0.0001,0.0029,0.0000
OFOAEPEI_00791,Cytoplasmic Membrane,0.0000,0.0002,0.2186,0.7564,0.0207,0.0041
OFOAEPEI_00792,Cytoplasmic,0.0001,0.0292,0.9691,0.0009,0.0007,0.0000
OFOAEPEI_00793,Cytoplasmic,0.0027,0.0063,0.5935,0.3842,0.0126,0.0007
OFOAEPEI_00794,Cytoplasmic Membrane,0.0005,0.0533,0.0037,0.8784,0.0638,0.0004
OFOAEPEI_00795,Cytoplasmic,0.0003,0.0290,0.7650,0.1861,0.0148,0.0049
OFOAEPEI_00796,Cytoplasmic,0.0022,0.0316,0.9339,0.0086,0.0233,0.0004
OFOAEPEI_00797,Cytoplasmic,0.0001,0.0005,0.9977,0.0005,0.0011,0.0001
OFOAEPEI_00798,Cytoplasmic,0.0001,0.0010,0.9357,0.0572,0.0054,0.0007
OFOAEPEI_00799,Cytoplasmic,0.0003,0.0011,0.9544,0.0270,0.0163,0.0008
OFOAEPEI_00800,Cytoplasmic,0.0183,0.0045,0.9731,0.0004,0.0036,0.0000
OFOAEPEI_00801,Cytoplasmic,0.0022,0.0098,0.9798,0.0061,0.0017,0.0003
OFOAEPEI_00802,Cytoplasmic,0.0000,0.0218,0.9779,0.0001,0.0001,0.0000
OFOAEPEI_00803,Cytoplasmic,0.0000,0.0006,0.9933,0.0023,0.0036,0.0002
OFOAEPEI_00804,Cytoplasmic,0.0004,0.0191,0.9569,0.0020,0.0207,0.0009
OFOAEPEI_00805,Extracellular,0.0001,0.8815,0.0697,0.0013,0.0459,0.0015
OFOAEPEI_00806,Extracellular,0.1896,0.5322,0.1195,0.0000,0.1583,0.0003
OFOAEPEI_00807,Cytoplasmic Membrane,0.0332,0.2943,0.0017,0.6457,0.0217,0.0034
OFOAEPEI_00808,Cytoplasmic,0.0005,0.0021,0.7581,0.2304,0.0078,0.0010
OFOAEPEI_00809,Cytoplasmic,0.0007,0.0008,0.5132,0.2062,0.1613,0.1177
OFOAEPEI_00810,Cytoplasmic Membrane,0.0000,0.0000,0.0000,1.0000,0.0000,0.0000
OFOAEPEI_00811,Cytoplasmic,0.0003,0.0523,0.9256,0.0140,0.0057,0.0020
OFOAEPEI_00812,Cytoplasmic Membrane,0.0000,0.0002,0.0006,0.9852,0.0138,0.0002
OFOAEPEI_00813,Cytoplasmic Membrane,0.0000,0.0008,0.0003,0.9809,0.0178,0.0002
OFOAEPEI_00814,Extracellular,0.0981,0.7371,0.0014,0.1573,0.0057,0.0004
OFOAEPEI_00815,Cytoplasmic Membrane,0.0000,0.0000,0.0002,0.9989,0.0008,0.0001
OFOAEPEI_00816,Cytoplasmic Membrane,0.0000,0.0000,0.0001,0.9994,0.0005,0.0000
OFOAEPEI_00817,Cytoplasmic,0.0003,0.0171,0.9110,0.0715,0.0001,0.0000
OFOAEPEI_00818,Cytoplasmic,0.0001,0.0028,0.9828,0.0131,0.0012,0.0000
OFOAEPEI_00819,Cytoplasmic,0.0003,0.2297,0.3671,0.3268,0.0723,0.0038
OFOAEPEI_00820,Cytoplasmic Membrane,0.0000,0.0001,0.0006,0.9973,0.0020,0.0000
OFOAEPEI_00821,Cytoplasmic Membrane,0.0019,0.3803,0.0044,0.4808,0.1322,0.0004
OFOAEPEI_00822,Cytoplasmic,0.0006,0.0049,0.9600,0.0027,0.0023,0.0294
OFOAEPEI_00823,Cytoplasmic Membrane,0.0005,0.0905,0.1624,0.7174,0.0221,0.0070
OFOAEPEI_00824,Cytoplasmic,0.0000,0.0000,0.9975,0.0001,0.0023,0.0001
OFOAEPEI_00825,Cytoplasmic Membrane,0.0000,0.0001,0.0008,0.9970,0.0015,0.0007
OFOAEPEI_00826,Cytoplasmic,0.0001,0.0247,0.9167,0.0206,0.0042,0.0336
OFOAEPEI_00827,Cytoplasmic,0.0008,0.0442,0.9510,0.0004,0.0013,0.0023
OFOAEPEI_00828,Cytoplasmic,0.0006,0.0232,0.9498,0.0078,0.0064,0.0123
OFOAEPEI_00829,Cytoplasmic,0.0001,0.0043,0.9870,0.0040,0.0039,0.0007
OFOAEPEI_00830,Cytoplasmic,0.0000,0.0022,0.9966,0.0011,0.0001,0.0000
OFOAEPEI_00831,Cytoplasmic Membrane,0.0000,0.0003,0.0000,0.9992,0.0004,0.0000
OFOAEPEI_00832,Cytoplasmic,0.0013,0.0146,0.9488,0.0206,0.0145,0.0002
OFOAEPEI_00833,Cytoplasmic,0.0000,0.0032,0.9819,0.0122,0.0025,0.0002
OFOAEPEI_00834,Cytoplasmic,0.0002,0.0506,0.5386,0.3890,0.0150,0.0066
OFOAEPEI_00835,Cytoplasmic,0.0000,0.0002,0.9908,0.0021,0.0055,0.0014
OFOAEPEI_00836,Cytoplasmic,0.0014,0.0173,0.7713,0.0640,0.1452,0.0008
OFOAEPEI_00837,Cytoplasmic Membrane,0.0000,0.0000,0.0000,1.0000,0.0000,0.0000
OFOAEPEI_00838,Cytoplasmic Membrane,0.0000,0.0001,0.1217,0.8771,0.0011,0.0000
OFOAEPEI_00839,Cytoplasmic Membrane,0.0044,0.2511,0.0041,0.6321,0.1069,0.0013
OFOAEPEI_00840,Extracellular,0.0110,0.6814,0.0140,0.2839,0.0079,0.0018
OFOAEPEI_00841,Cytoplasmic,0.0002,0.0105,0.9798,0.0027,0.0062,0.0006
OFOAEPEI_00842,Cytoplasmic,0.0001,0.0022,0.9928,0.0026,0.0023,0.0000
OFOAEPEI_00845,Cytoplasmic,0.0006,0.0055,0.4877,0.4872,0.0188,0.0002
OFOAEPEI_00846,Cytoplasmic Membrane,0.0001,0.0016,0.0009,0.9948,0.0026,0.0000
OFOAEPEI_00847,Cytoplasmic,0.0011,0.0077,0.9802,0.0086,0.0019,0.0006
OFOAEPEI_00848,Cytoplasmic,0.0015,0.0297,0.5369,0.0171,0.4086,0.0061
OFOAEPEI_00849,Cytoplasmic Membrane,0.0001,0.0017,0.0010,0.8747,0.1223,0.0002
OFOAEPEI_00850,Cytoplasmic,0.0000,0.0001,0.8802,0.0851,0.0343,0.0003
OFOAEPEI_00851,Cytoplasmic Membrane,0.0000,0.0000,0.0000,1.0000,0.0000,0.0000
OFOAEPEI_00852,Cytoplasmic,0.0001,0.0010,0.9832,0.0005,0.0136,0.0015
OFOAEPEI_00853,Cytoplasmic,0.0007,0.0787,0.6673,0.0076,0.2394,0.0063
OFOAEPEI_00854,Cytoplasmic Membrane,0.0000,0.0000,0.0000,0.9997,0.0002,0.0000
OFOAEPEI_00855,Cytoplasmic Membrane,0.0000,0.0000,0.0000,0.9993,0.0006,0.0000
OFOAEPEI_00856,Cytoplasmic,0.0000,0.0011,0.9944,0.0038,0.0007,0.0001
OFOAEPEI_00857,Cytoplasmic,0.0001,0.0010,0.9970,0.0009,0.0010,0.0000
OFOAEPEI_00858,Cytoplasmic Membrane,0.0000,0.0000,0.0000,0.9997,0.0003,0.0000
OFOAEPEI_00859,Cytoplasmic,0.0004,0.0026,0.9808,0.0099,0.0052,0.0010
OFOAEPEI_00860,Cytoplasmic,0.0004,0.0013,0.9516,0.0202,0.0204,0.0061
OFOAEPEI_00861,Cytoplasmic,0.0000,0.0807,0.8249,0.0776,0.0081,0.0086
OFOAEPEI_00862,Cytoplasmic,0.0000,0.0095,0.9841,0.0014,0.0007,0.0043
OFOAEPEI_00863,Cytoplasmic,0.0004,0.0155,0.9488,0.0076,0.0017,0.0259
OFOAEPEI_00864,Cytoplasmic Membrane,0.0000,0.0006,0.0002,0.9961,0.0031,0.0000
OFOAEPEI_00865,Cytoplasmic,0.0000,0.0005,0.9764,0.0001,0.0039,0.0191
OFOAEPEI_00866,Cytoplasmic,0.0040,0.0368,0.6259,0.1394,0.1729,0.0210
OFOAEPEI_00867,Cytoplasmic,0.0012,0.0633,0.8668,0.0242,0.0376,0.0069
OFOAEPEI_00868,Cytoplasmic Membrane,0.0000,0.0102,0.0000,0.9877,0.0021,0.0000
OFOAEPEI_00869,Cytoplasmic,0.0065,0.0803,0.7467,0.0050,0.1580,0.0035
OFOAEPEI_00870,Cytoplasmic Membrane,0.0126,0.1176,0.0027,0.8495,0.0174,0.0003
OFOAEPEI_00871,Cytoplasmic,0.0006,0.0603,0.7621,0.1711,0.0056,0.0002
OFOAEPEI_00872,Cytoplasmic,0.0064,0.0769,0.7522,0.0050,0.1559,0.0035
OFOAEPEI_00873,Cytoplasmic,0.0004,0.0018,0.9939,0.0032,0.0006,0.0001
OFOAEPEI_00874,Cytoplasmic,0.0002,0.0003,0.9477,0.0044,0.0470,0.0003
OFOAEPEI_00875,Cytoplasmic,0.0000,0.3942,0.5999,0.0008,0.0049,0.0002
OFOAEPEI_00876,Cytoplasmic,0.0033,0.0179,0.8043,0.0846,0.0874,0.0025
OFOAEPEI_00877,Cytoplasmic,0.0000,0.0000,0.9984,0.0000,0.0015,0.0000
OFOAEPEI_00878,Cytoplasmic,0.0001,0.0032,0.9493,0.0266,0.0086,0.0122
OFOAEPEI_00879,Cytoplasmic,0.0004,0.0005,0.9630,0.0357,0.0004,0.0000
OFOAEPEI_00880,Cytoplasmic,0.0032,0.2474,0.6452,0.0979,0.0054,0.0009
OFOAEPEI_00881,Cytoplasmic,0.0003,0.0066,0.9620,0.0247,0.0050,0.0013
OFOAEPEI_00882,Extracellular,0.0003,0.5830,0.2986,0.1147,0.0032,0.0002
OFOAEPEI_00883,Cytoplasmic,0.0003,0.0246,0.9226,0.0497,0.0026,0.0002
OFOAEPEI_00884,Cytoplasmic,0.0065,0.0295,0.9513,0.0078,0.0046,0.0002
OFOAEPEI_00885,Cytoplasmic,0.0004,0.0225,0.9538,0.0082,0.0135,0.0016
OFOAEPEI_00886,Cytoplasmic,0.0001,0.0056,0.9718,0.0164,0.0058,0.0003
OFOAEPEI_00887,Cytoplasmic,0.0021,0.0181,0.8295,0.1484,0.0019,0.0000
OFOAEPEI_00888,Cytoplasmic,0.0001,0.4619,0.5304,0.0037,0.0039,0.0001
OFOAEPEI_00889,Cell wall & surface,0.6968,0.2441,0.0000,0.0429,0.0161,0.0000
OFOAEPEI_00890,Cytoplasmic,0.0001,0.1875,0.7860,0.0243,0.0019,0.0001
OFOAEPEI_00891,Cytoplasmic,0.0006,0.0326,0.9547,0.0032,0.0090,0.0001
OFOAEPEI_00892,Cytoplasmic,0.0004,0.0035,0.9569,0.0063,0.0329,0.0001
OFOAEPEI_00893,Cytoplasmic,0.0005,0.1216,0.8024,0.0705,0.0049,0.0000
OFOAEPEI_00894,Cytoplasmic,0.0021,0.1407,0.7709,0.0542,0.0316,0.0005
OFOAEPEI_00895,Cytoplasmic,0.0000,0.0080,0.9889,0.0004,0.0026,0.0000
OFOAEPEI_00896,Cytoplasmic,0.0004,0.0008,0.9832,0.0049,0.0107,0.0000
OFOAEPEI_00897,Cytoplasmic,0.0001,0.0028,0.9333,0.0314,0.0323,0.0002
OFOAEPEI_00899,Cytoplasmic,0.0082,0.0508,0.6675,0.0388,0.2312,0.0034
OFOAEPEI_00900,Cytoplasmic Membrane,0.0469,0.3253,0.0005,0.6164,0.0107,0.0003
OFOAEPEI_00901,Cytoplasmic,0.0005,0.0262,0.9586,0.0124,0.0021,0.0002
OFOAEPEI_00902,Cytoplasmic,0.0006,0.4720,0.5012,0.0033,0.0218,0.0012
OFOAEPEI_00903,Cytoplasmic,0.0000,0.0005,0.9939,0.0046,0.0010,0.0000
OFOAEPEI_00904,Cytoplasmic,0.0000,0.0028,0.9291,0.0620,0.0057,0.0004
OFOAEPEI_00905,Cytoplasmic Membrane,0.0000,0.0000,0.0000,0.9997,0.0003,0.0000
OFOAEPEI_00906,Cytoplasmic,0.0003,0.0091,0.8181,0.0061,0.1623,0.0041
OFOAEPEI_00907,Cytoplasmic,0.0001,0.0491,0.9460,0.0039,0.0005,0.0003
OFOAEPEI_00908,Cytoplasmic,0.0000,0.0363,0.9485,0.0007,0.0137,0.0007
OFOAEPEI_00909,Cytoplasmic,0.0015,0.1310,0.8155,0.0328,0.0191,0.0001
OFOAEPEI_00910,Cytoplasmic Membrane,0.0012,0.1533,0.0019,0.7951,0.0485,0.0001
OFOAEPEI_00911,Extracellular,0.0001,0.6038,0.1603,0.1752,0.0603,0.0003
OFOAEPEI_00912,Cytoplasmic Membrane,0.0000,0.0212,0.0005,0.9688,0.0095,0.0000
OFOAEPEI_00913,Cytoplasmic,0.0001,0.0056,0.9656,0.0005,0.0269,0.0014
OFOAEPEI_00914,Cytoplasmic,0.0003,0.0041,0.5747,0.0018,0.4170,0.0020
OFOAEPEI_00915,Cytoplasmic,0.0032,0.1717,0.5700,0.2537,0.0014,0.0001
OFOAEPEI_00916,Cytoplasmic Membrane,0.0000,0.0007,0.0006,0.9976,0.0011,0.0000
OFOAEPEI_00917,Cytoplasmic,0.0005,0.0164,0.9654,0.0161,0.0014,0.0002
OFOAEPEI_00918,Cytoplasmic,0.0001,0.0017,0.9908,0.0045,0.0028,0.0001
OFOAEPEI_00920,Cytoplasmic Membrane,0.0000,0.0089,0.0003,0.9778,0.0130,0.0000
OFOAEPEI_00921,Cytoplasmic,0.0006,0.0005,0.9892,0.0032,0.0063,0.0002
OFOAEPEI_00922,Cytoplasmic Membrane,0.0001,0.0110,0.0018,0.9765,0.0103,0.0004
OFOAEPEI_00923,Cytoplasmic Membrane,0.0000,0.0040,0.0003,0.9951,0.0005,0.0000
OFOAEPEI_00924,Cytoplasmic,0.0001,0.0004,0.9855,0.0009,0.0130,0.0000
OFOAEPEI_00925,Cytoplasmic Membrane,0.0000,0.0425,0.0003,0.9544,0.0028,0.0000
OFOAEPEI_00926,Cytoplasmic Membrane,0.0000,0.0086,0.0006,0.9878,0.0030,0.0000
OFOAEPEI_00927,Cytoplasmic,0.0001,0.0034,0.9886,0.0014,0.0064,0.0001
OFOAEPEI_00928,Cytoplasmic,0.0065,0.0803,0.7467,0.0050,0.1580,0.0035
OFOAEPEI_00930,Extracellular,0.0053,0.4410,0.3575,0.0435,0.1519,0.0008
OFOAEPEI_00931,Cytoplasmic,0.0002,0.1181,0.8717,0.0056,0.0044,0.0000
OFOAEPEI_00932,Cytoplasmic Membrane,0.0000,0.0497,0.0000,0.9451,0.0052,0.0000
OFOAEPEI_00933,Extracellular,0.0001,0.9997,0.0000,0.0000,0.0001,0.0000
OFOAEPEI_00934,Extracellular,0.0000,0.9999,0.0000,0.0000,0.0001,0.0000
OFOAEPEI_00935,Cytoplasmic,0.0009,0.0201,0.8650,0.0887,0.0249,0.0004
OFOAEPEI_00936,Extracellular,0.0088,0.9563,0.0309,0.0001,0.0039,0.0000
OFOAEPEI_00937,Cytoplasmic Membrane,0.0000,0.0000,0.0000,0.9999,0.0001,0.0000
OFOAEPEI_00938,Cytoplasmic,0.0003,0.0048,0.8051,0.1881,0.0015,0.0002
OFOAEPEI_00939,Cytoplasmic Membrane,0.0000,0.0003,0.0005,0.9986,0.0005,0.0000
OFOAEPEI_00940,Cytoplasmic,0.0002,0.0037,0.9408,0.0485,0.0067,0.0001
OFOAEPEI_00941,Cytoplasmic,0.0005,0.0038,0.9881,0.0063,0.0010,0.0003
OFOAEPEI_00942,Cytoplasmic Membrane,0.0000,0.0000,0.0000,0.9999,0.0001,0.0000
OFOAEPEI_00943,Cytoplasmic Membrane,0.0000,0.0000,0.0000,0.9999,0.0001,0.0000
OFOAEPEI_00944,Cytoplasmic Membrane,0.0000,0.0001,0.0178,0.9744,0.0076,0.0001
OFOAEPEI_00945,Cytoplasmic Membrane,0.0013,0.0257,0.0001,0.7470,0.2088,0.0172
OFOAEPEI_00946,Cytoplasmic,0.0000,0.0006,0.9914,0.0013,0.0066,0.0002
OFOAEPEI_00947,Cytoplasmic Membrane,0.0000,0.0045,0.0016,0.9934,0.0005,0.0000
OFOAEPEI_00948,Cytoplasmic Membrane,0.0000,0.0003,0.0000,0.9995,0.0002,0.0000
OFOAEPEI_00949,Cytoplasmic,0.0012,0.0006,0.7379,0.2597,0.0005,0.0000
OFOAEPEI_00950,Cytoplasmic,0.0008,0.0128,0.9044,0.0305,0.0512,0.0002
OFOAEPEI_00951,Cytoplasmic Membrane,0.0001,0.0149,0.0006,0.9812,0.0032,0.0000
OFOAEPEI_00952,Cytoplasmic Membrane,0.0000,0.0001,0.0011,0.9985,0.0003,0.0000
OFOAEPEI_00953,Cytoplasmic Membrane,0.0000,0.0000,0.0000,0.9997,0.0003,0.0000
OFOAEPEI_00954,Cytoplasmic,0.0018,0.0427,0.7955,0.1475,0.0104,0.0021
OFOAEPEI_00955,Cytoplasmic,0.0006,0.0027,0.9710,0.0213,0.0043,0.0001
OFOAEPEI_00956,Cytoplasmic,0.0005,0.0029,0.7420,0.0291,0.2248,0.0007
OFOAEPEI_00957,Cytoplasmic Membrane,0.0000,0.0035,0.0001,0.9959,0.0004,0.0000
OFOAEPEI_00958,Cytoplasmic Membrane,0.0000,0.0034,0.0011,0.9906,0.0049,0.0000
OFOAEPEI_00959,Cytoplasmic Membrane,0.0003,0.0219,0.0003,0.9335,0.0440,0.0001
OFOAEPEI_00960,Cytoplasmic Membrane,0.0000,0.0000,0.0000,0.9998,0.0002,0.0000
OFOAEPEI_00961,Cytoplasmic,0.0002,0.0004,0.6444,0.0041,0.3351,0.0157
OFOAEPEI_00962,Extracellular,0.0259,0.7385,0.0127,0.0000,0.2204,0.0024
OFOAEPEI_00963,Cytoplasmic,0.0004,0.1485,0.4451,0.3895,0.0161,0.0005
OFOAEPEI_00964,Cytoplasmic Membrane,0.0000,0.0002,0.0000,0.9968,0.0029,0.0000
OFOAEPEI_00965,Cytoplasmic,0.0007,0.0470,0.9175,0.0058,0.0282,0.0008
OFOAEPEI_00966,Cytoplasmic,0.0041,0.2748,0.4681,0.0918,0.1463,0.0149
OFOAEPEI_00967,Cytoplasmic Membrane,0.0002,0.0637,0.0005,0.9308,0.0049,0.0000
OFOAEPEI_00968,Cytoplasmic Membrane,0.0009,0.0021,0.2015,0.7860,0.0094,0.0001
OFOAEPEI_00969,Cytoplasmic Membrane,0.0105,0.2574,0.0007,0.6763,0.0545,0.0005
OFOAEPEI_00970,Extracellular,0.0000,1.0000,0.0000,0.0000,0.0000,0.0000
OFOAEPEI_00971,Cytoplasmic Membrane,0.0000,0.0051,0.0001,0.9883,0.0064,0.0000
OFOAEPEI_00972,Cytoplasmic Membrane,0.0000,0.0006,0.0002,0.9912,0.0080,0.0000
OFOAEPEI_00973,Cytoplasmic Membrane,0.0000,0.0001,0.0000,0.9990,0.0009,0.0000
OFOAEPEI_00974,Cytoplasmic,0.0003,0.0003,0.9787,0.0020,0.0185,0.0002
OFOAEPEI_00975,Cytoplasmic,0.0008,0.0394,0.8462,0.0613,0.0513,0.0010
OFOAEPEI_00976,Cytoplasmic,0.0000,0.0000,0.9998,0.0000,0.0002,0.0000
OFOAEPEI_00977,Cytoplasmic,0.0015,0.0780,0.5040,0.4139,0.0025,0.0001
OFOAEPEI_00978,Cytoplasmic Membrane,0.0000,0.0012,0.0002,0.9955,0.0032,0.0000
OFOAEPEI_00979,Cytoplasmic Membrane,0.0000,0.0000,0.0000,0.9996,0.0003,0.0000
OFOAEPEI_00980,Cytoplasmic,0.0005,0.0047,0.9690,0.0007,0.0121,0.0130
OFOAEPEI_00981,Cytoplasmic,0.0000,0.0004,0.9973,0.0017,0.0004,0.0002
OFOAEPEI_00982,Cytoplasmic,0.0000,0.0004,0.9975,0.0004,0.0010,0.0007
OFOAEPEI_00983,Cytoplasmic,0.0003,0.0003,0.5861,0.3958,0.0174,0.0002
OFOAEPEI_00984,Cytoplasmic,0.0001,0.0003,0.9952,0.0001,0.0029,0.0013
OFOAEPEI_00985,Cytoplasmic,0.0000,0.0059,0.9750,0.0042,0.0110,0.0039
OFOAEPEI_00986,Cytoplasmic,0.0001,0.0714,0.9044,0.0099,0.0059,0.0084
OFOAEPEI_00987,Cytoplasmic,0.0055,0.2385,0.6351,0.0225,0.0932,0.0052
OFOAEPEI_00988,Cytoplasmic,0.0000,0.0006,0.9974,0.0018,0.0002,0.0000
OFOAEPEI_00989,Cytoplasmic,0.0000,0.0005,0.9809,0.0005,0.0172,0.0008
OFOAEPEI_00990,Cytoplasmic,0.0002,0.0030,0.9029,0.0038,0.0297,0.0604
OFOAEPEI_00991,Cytoplasmic Membrane,0.0003,0.0464,0.2171,0.7357,0.0005,0.0000
OFOAEPEI_00992,Cytoplasmic Membrane,0.0060,0.1066,0.0002,0.8847,0.0026,0.0000
OFOAEPEI_00993,Cytoplasmic Membrane,0.0006,0.0570,0.0023,0.9135,0.0264,0.0002
OFOAEPEI_00994,Cytoplasmic Membrane,0.0000,0.0013,0.0014,0.9940,0.0032,0.0000
OFOAEPEI_00995,Cytoplasmic,0.0002,0.0047,0.9944,0.0006,0.0001,0.0000
OFOAEPEI_00996,Cytoplasmic,0.0022,0.0046,0.7870,0.0043,0.1996,0.0022
OFOAEPEI_00997,Cytoplasmic,0.0004,0.0030,0.6558,0.2516,0.0888,0.0005
OFOAEPEI_00998,Cytoplasmic,0.0006,0.0062,0.7451,0.2476,0.0006,0.0000
OFOAEPEI_00999,Cytoplasmic,0.0007,0.0021,0.9329,0.0051,0.0585,0.0008
OFOAEPEI_01000,Cytoplasmic,0.0000,0.0026,0.9443,0.0052,0.0408,0.0070
OFOAEPEI_01001,Cytoplasmic,0.0000,0.1400,0.7664,0.0743,0.0191,0.0002
OFOAEPEI_01002,Cytoplasmic Membrane,0.0000,0.0030,0.0002,0.9948,0.0020,0.0000
OFOAEPEI_01003,Cytoplasmic Membrane,0.0000,0.0107,0.0004,0.9879,0.0010,0.0000
OFOAEPEI_01004,Cytoplasmic,0.0001,0.0000,0.9817,0.0046,0.0136,0.0000
OFOAEPEI_01005,Cytoplasmic Membrane,0.0100,0.1418,0.0027,0.8366,0.0085,0.0003
OFOAEPEI_01006,Cytoplasmic,0.0003,0.0037,0.9065,0.0052,0.0795,0.0047
OFOAEPEI_01007,Cytoplasmic,0.0002,0.0019,0.9805,0.0009,0.0155,0.0011
OFOAEPEI_01008,Cytoplasmic,0.0033,0.0016,0.9754,0.0133,0.0060,0.0004
OFOAEPEI_01009,Cytoplasmic,0.0005,0.1271,0.6253,0.2394,0.0068,0.0009
OFOAEPEI_01010,Cytoplasmic,0.0011,0.0022,0.9954,0.0005,0.0007,0.0002
OFOAEPEI_01011,Cytoplasmic,0.0011,0.1818,0.6203,0.0561,0.0521,0.0886
OFOAEPEI_01012,Extracellular,0.0050,0.6991,0.2753,0.0025,0.0180,0.0001
OFOAEPEI_01019,Cytoplasmic,0.0003,0.0049,0.9524,0.0283,0.0133,0.0007
OFOAEPEI_01020,Cytoplasmic,0.0001,0.0012,0.9727,0.0014,0.0219,0.0028
OFOAEPEI_01021,Cytoplasmic Membrane,0.0000,0.0002,0.0001,0.9997,0.0001,0.0000
OFOAEPEI_01022,Cytoplasmic,0.0001,0.0018,0.9779,0.0002,0.0141,0.0057
OFOAEPEI_01023,Cytoplasmic,0.0001,0.0002,0.9805,0.0172,0.0018,0.0002
OFOAEPEI_01024,Cytoplasmic,0.0002,0.0033,0.9805,0.0027,0.0061,0.0071
OFOAEPEI_01025,Cytoplasmic,0.0012,0.0299,0.9123,0.0371,0.0183,0.0012
OFOAEPEI_01026,Cytoplasmic,0.0001,0.0023,0.9850,0.0109,0.0017,0.0000
OFOAEPEI_01027,Cytoplasmic Membrane,0.0000,0.0000,0.0000,0.9999,0.0001,0.0000
OFOAEPEI_01028,Cytoplasmic,0.0005,0.2180,0.7513,0.0009,0.0200,0.0092
OFOAEPEI_01029,Cytoplasmic,0.0002,0.0005,0.8207,0.1760,0.0008,0.0019
OFOAEPEI_01030,Cytoplasmic,0.0001,0.0008,0.9891,0.0093,0.0004,0.0002
OFOAEPEI_01031,Cytoplasmic,0.0003,0.0010,0.9173,0.0377,0.0428,0.0010
OFOAEPEI_01032,Cytoplasmic Membrane,0.0000,0.0524,0.0003,0.9439,0.0034,0.0000
OFOAEPEI_01033,Cytoplasmic Membrane,0.0000,0.0047,0.0001,0.9926,0.0026,0.0000
OFOAEPEI_01034,Cytoplasmic Membrane,0.0001,0.0118,0.0359,0.9480,0.0041,0.0000
OFOAEPEI_01035,Cytoplasmic,0.0000,0.0012,0.9970,0.0015,0.0002,0.0000
OFOAEPEI_01036,Cytoplasmic,0.0002,0.0065,0.9717,0.0195,0.0020,0.0001
OFOAEPEI_01037,Cytoplasmic Membrane,0.0001,0.0008,0.1330,0.8601,0.0059,0.0003
OFOAEPEI_01038,Cytoplasmic Membrane,0.0000,0.0000,0.0000,0.9998,0.0002,0.0000
OFOAEPEI_01039,Cytoplasmic,0.0000,0.0002,0.9975,0.0012,0.0011,0.0000
OFOAEPEI_01040,Cytoplasmic,0.0003,0.0076,0.9842,0.0002,0.0078,0.0000
OFOAEPEI_01041,Cytoplasmic,0.0080,0.0145,0.7695,0.2036,0.0044,0.0001
OFOAEPEI_01042,Cytoplasmic,0.0006,0.1961,0.6866,0.1076,0.0089,0.0002
OFOAEPEI_01043,Extracellular,0.0050,0.6991,0.2753,0.0025,0.0180,0.0001
OFOAEPEI_01044,Cytoplasmic,0.0000,0.0014,0.9980,0.0004,0.0001,0.0001
OFOAEPEI_01045,Cytoplasmic,0.0001,0.0030,0.9690,0.0055,0.0186,0.0039
OFOAEPEI_01046,Extracellular,0.0034,0.4743,0.3034,0.1765,0.0423,0.0002
OFOAEPEI_01047,Cytoplasmic,0.0002,0.1199,0.7976,0.0109,0.0702,0.0012
OFOAEPEI_01048,Cytoplasmic,0.0001,0.2866,0.6960,0.0131,0.0040,0.0000
OFOAEPEI_01049,Cytoplasmic,0.0001,0.2423,0.6756,0.0637,0.0176,0.0007
OFOAEPEI_01050,Extracellular,0.0013,0.5536,0.2726,0.1597,0.0127,0.0001
OFOAEPEI_01051,Cytoplasmic,0.0003,0.0625,0.6757,0.0168,0.2436,0.0011
OFOAEPEI_01052,Cytoplasmic,0.0004,0.0036,0.5155,0.1091,0.3711,0.0004
OFOAEPEI_01053,Cytoplasmic,0.0013,0.0356,0.7330,0.0072,0.2218,0.0011
OFOAEPEI_01054,Cytoplasmic,0.0006,0.0014,0.7865,0.0191,0.1899,0.0024
OFOAEPEI_01055,Cytoplasmic Membrane,0.0000,0.0000,0.0000,0.9996,0.0004,0.0000
OFOAEPEI_01056,Cytoplasmic,0.0024,0.0953,0.8240,0.0722,0.0057,0.0004
OFOAEPEI_01057,Cytoplasmic,0.0001,0.0007,0.9948,0.0022,0.0019,0.0003
OFOAEPEI_01058,Cytoplasmic,0.0004,0.0041,0.8676,0.0419,0.0832,0.0027
OFOAEPEI_01059,Cytoplasmic,0.0004,0.1144,0.8621,0.0127,0.0045,0.0059
OFOAEPEI_01060,Cytoplasmic,0.0010,0.0833,0.8812,0.0165,0.0026,0.0154
OFOAEPEI_01061,Cytoplasmic Membrane,0.0001,0.0008,0.0004,0.9705,0.0281,0.0000
OFOAEPEI_01062,Cytoplasmic,0.0002,0.1183,0.7792,0.0146,0.0868,0.0009
OFOAEPEI_01063,Cytoplasmic,0.0001,0.0004,0.9905,0.0013,0.0076,0.0001
OFOAEPEI_01064,Cytoplasmic,0.0003,0.2651,0.6060,0.0787,0.0460,0.0039
OFOAEPEI_01065,Cytoplasmic,0.0260,0.0152,0.8937,0.0627,0.0020,0.0004
OFOAEPEI_01066,Cytoplasmic,0.0022,0.0337,0.9123,0.0301,0.0214,0.0003
OFOAEPEI_01067,Cytoplasmic,0.0000,0.0002,0.9982,0.0004,0.0011,0.0000
OFOAEPEI_01068,Cytoplasmic,0.0010,0.1015,0.8612,0.0234,0.0113,0.0015
OFOAEPEI_01069,Cytoplasmic,0.0010,0.0494,0.9117,0.0260,0.0111,0.0008
OFOAEPEI_01070,Cytoplasmic,0.0052,0.2122,0.4845,0.0346,0.2593,0.0041
OFOAEPEI_01071,Cytoplasmic,0.0046,0.0737,0.6621,0.1215,0.1366,0.0015
OFOAEPEI_01072,Cytoplasmic,0.0020,0.1463,0.8104,0.0117,0.0294,0.0003
OFOAEPEI_01073,Cytoplasmic,0.0021,0.0719,0.7941,0.0096,0.1217,0.0006
OFOAEPEI_01074,Cytoplasmic,0.0017,0.0007,0.9814,0.0026,0.0132,0.0004
OFOAEPEI_01075,Cytoplasmic Membrane,0.0000,0.0000,0.0000,0.9997,0.0003,0.0000
OFOAEPEI_01076,Cytoplasmic Membrane,0.0020,0.0779,0.0017,0.8019,0.1164,0.0001
OFOAEPEI_01077,Cytoplasmic,0.0004,0.1324,0.8225,0.0179,0.0262,0.0005
OFOAEPEI_01078,Cytoplasmic,0.0000,0.0002,0.9077,0.0041,0.0869,0.0011
OFOAEPEI_01079,Cytoplasmic Membrane,0.0137,0.1367,0.0005,0.6153,0.2336,0.0001
OFOAEPEI_01080,Cytoplasmic Membrane,0.0000,0.0000,0.0000,0.9996,0.0004,0.0000
OFOAEPEI_01081,Cytoplasmic,0.0011,0.0049,0.8736,0.1158,0.0036,0.0010
OFOAEPEI_01082,Cytoplasmic,0.0001,0.0009,0.9954,0.0009,0.0008,0.0019
OFOAEPEI_01083,Cytoplasmic,0.0006,0.0055,0.9840,0.0082,0.0016,0.0000
OFOAEPEI_01084,Cytoplasmic Membrane,0.0000,0.0000,0.0000,0.9999,0.0001,0.0000
OFOAEPEI_01085,Cytoplasmic,0.0000,0.0074,0.9705,0.0004,0.0087,0.0129
OFOAEPEI_01086,Cytoplasmic,0.0001,0.0118,0.9862,0.0012,0.0005,0.0002
OFOAEPEI_01087,Cytoplasmic,0.0000,0.0159,0.9532,0.0278,0.0030,0.0001
OFOAEPEI_01088,Cytoplasmic Membrane,0.0000,0.0000,0.0000,0.9992,0.0007,0.0000
OFOAEPEI_01089,Extracellular,0.0000,0.4704,0.4426,0.0521,0.0347,0.0001
OFOAEPEI_01090,Extracellular,0.0002,0.5363,0.2722,0.1447,0.0073,0.0393
OFOAEPEI_01091,Extracellular,0.0011,0.3764,0.2860,0.1221,0.0082,0.2061
OFOAEPEI_01092,Cytoplasmic Membrane,0.0000,0.0008,0.0000,0.9966,0.0026,0.0000
OFOAEPEI_01093,Cytoplasmic Membrane,0.0000,0.0000,0.0000,0.9998,0.0001,0.0000
OFOAEPEI_01094,Cytoplasmic,0.0007,0.0188,0.9701,0.0077,0.0020,0.0008
OFOAEPEI_01095,Cytoplasmic,0.0001,0.1937,0.5232,0.0139,0.2682,0.0010
OFOAEPEI_01096,Cytoplasmic,0.0009,0.0009,0.9806,0.0005,0.0170,0.0001
OFOAEPEI_01097,Cytoplasmic,0.0002,0.2737,0.6707,0.0435,0.0106,0.0013
OFOAEPEI_01098,Cytoplasmic,0.0000,0.0004,0.9901,0.0016,0.0073,0.0006
OFOAEPEI_01099,Cytoplasmic,0.0001,0.0003,0.9985,0.0005,0.0005,0.0001
OFOAEPEI_01100,Cytoplasmic,0.0001,0.0019,0.9961,0.0003,0.0012,0.0005
OFOAEPEI_01101,Cytoplasmic,0.0000,0.0014,0.9949,0.0002,0.0024,0.0010
OFOAEPEI_01102,Cytoplasmic,0.0001,0.0008,0.9970,0.0003,0.0018,0.0001
OFOAEPEI_01103,Cytoplasmic,0.0005,0.0007,0.9922,0.0033,0.0020,0.0012
OFOAEPEI_01104,Cytoplasmic,0.0005,0.0014,0.9323,0.0033,0.0621,0.0005
OFOAEPEI_01105,Cytoplasmic,0.0002,0.0014,0.9940,0.0038,0.0005,0.0000
OFOAEPEI_01106,Cytoplasmic,0.0002,0.1827,0.8123,0.0024,0.0024,0.0001
OFOAEPEI_01107,Cytoplasmic,0.0004,0.0100,0.9770,0.0066,0.0059,0.0001
OFOAEPEI_01108,Cytoplasmic,0.0000,0.0002,0.9899,0.0022,0.0056,0.0020
OFOAEPEI_01109,Cytoplasmic,0.0002,0.3554,0.5604,0.0122,0.0568,0.0151
OFOAEPEI_01110,Cytoplasmic,0.0006,0.0044,0.9652,0.0190,0.0050,0.0057
OFOAEPEI_01111,Cytoplasmic,0.0000,0.0002,0.9986,0.0003,0.0009,0.0001
OFOAEPEI_01112,Cytoplasmic,0.0000,0.0005,0.9986,0.0001,0.0003,0.0005
OFOAEPEI_01113,Cytoplasmic,0.0002,0.0003,0.9855,0.0015,0.0117,0.0008
OFOAEPEI_01114,Cytoplasmic,0.0002,0.0073,0.9499,0.0015,0.0359,0.0053
OFOAEPEI_01115,Cytoplasmic Membrane,0.0485,0.1487,0.0028,0.7469,0.0523,0.0008
OFOAEPEI_01116,Cytoplasmic,0.0008,0.0308,0.7960,0.1652,0.0053,0.0020
OFOAEPEI_01117,Cytoplasmic,0.0005,0.0053,0.9739,0.0191,0.0013,0.0000
OFOAEPEI_01118,Cytoplasmic,0.0001,0.3076,0.5100,0.0822,0.1000,0.0002
OFOAEPEI_01119,Cytoplasmic,0.0003,0.0007,0.9779,0.0196,0.0011,0.0004
OFOAEPEI_01120,Cytoplasmic Membrane,0.0001,0.0088,0.0164,0.9649,0.0098,0.0000
OFOAEPEI_01121,Cytoplasmic,0.0013,0.0035,0.7802,0.2090,0.0056,0.0004
OFOAEPEI_01122,Cytoplasmic,0.0011,0.0148,0.5930,0.3817,0.0088,0.0005
OFOAEPEI_01123,Cytoplasmic Membrane,0.0000,0.0003,0.0001,0.9993,0.0003,0.0000
OFOAEPEI_01124,Cytoplasmic,0.0000,0.0013,0.9548,0.0005,0.0196,0.0238
OFOAEPEI_01125,Cytoplasmic,0.0004,0.2145,0.5907,0.1749,0.0185,0.0010
OFOAEPEI_01126,Extracellular,0.0002,0.6671,0.3133,0.0085,0.0108,0.0001
OFOAEPEI_01127,Cytoplasmic,0.0001,0.0977,0.7274,0.1451,0.0296,0.0003
OFOAEPEI_01128,Cytoplasmic,0.0001,0.0128,0.9793,0.0074,0.0003,0.0000
OFOAEPEI_01129,Cytoplasmic,0.0201,0.0060,0.9688,0.0003,0.0047,0.0000
OFOAEPEI_01130,Cytoplasmic,0.0004,0.0008,0.9559,0.0267,0.0158,0.0005
OFOAEPEI_01131,Cytoplasmic Membrane,0.0000,0.0046,0.0003,0.9904,0.0044,0.0002
OFOAEPEI_01132,Cytoplasmic,0.0001,0.0043,0.9007,0.0041,0.0882,0.0025
OFOAEPEI_01133,Extracellular,0.0000,0.7035,0.0763,0.1914,0.0287,0.0000
OFOAEPEI_01134,Cytoplasmic,0.0001,0.0242,0.9585,0.0057,0.0114,0.0001
OFOAEPEI_01135,Cytoplasmic Membrane,0.0000,0.0022,0.0001,0.9946,0.0030,0.0000
OFOAEPEI_01136,Cytoplasmic Membrane,0.0002,0.0186,0.0013,0.9691,0.0108,0.0000
OFOAEPEI_01137,Cytoplasmic Membrane,0.0000,0.0021,0.0001,0.9970,0.0007,0.0000
OFOAEPEI_01138,Cytoplasmic,0.0000,0.0000,0.9884,0.0095,0.0020,0.0000
OFOAEPEI_01139,Cytoplasmic Membrane,0.0001,0.0844,0.0042,0.8864,0.0248,0.0001
OFOAEPEI_01140,Cytoplasmic Membrane,0.0001,0.0007,0.0007,0.9953,0.0033,0.0000
OFOAEPEI_01141,Cytoplasmic,0.0001,0.0058,0.9895,0.0021,0.0020,0.0006
OFOAEPEI_01142,Cytoplasmic,0.0014,0.0055,0.8755,0.1072,0.0046,0.0059
OFOAEPEI_01143,Cytoplasmic Membrane,0.0000,0.0000,0.0001,0.9992,0.0007,0.0000
OFOAEPEI_01144,Cytoplasmic Membrane,0.0002,0.0004,0.0038,0.9873,0.0083,0.0000
OFOAEPEI_01145,Cytoplasmic,0.0007,0.0358,0.6045,0.0009,0.1178,0.2403
OFOAEPEI_01146,Cytoplasmic,0.0011,0.0272,0.9074,0.0165,0.0464,0.0014
OFOAEPEI_01147,Cytoplasmic,0.0000,0.0031,0.9784,0.0137,0.0047,0.0001
OFOAEPEI_01148,Cytoplasmic,0.0005,0.0037,0.9387,0.0053,0.0487,0.0030
OFOAEPEI_01149,Cytoplasmic,0.0002,0.0168,0.9693,0.0081,0.0027,0.0029
OFOAEPEI_01150,Cytoplasmic,0.0000,0.0001,0.9957,0.0040,0.0000,0.0001
OFOAEPEI_01151,Cytoplasmic Membrane,0.0000,0.0000,0.0000,1.0000,0.0000,0.0000
OFOAEPEI_01152,Cytoplasmic Membrane,0.0000,0.0000,0.0002,0.9992,0.0005,0.0000
OFOAEPEI_01153,Cytoplasmic,0.0001,0.0019,0.8765,0.0961,0.0253,0.0001
OFOAEPEI_01154,Cytoplasmic Membrane,0.0000,0.0000,0.0000,1.0000,0.0000,0.0000
OFOAEPEI_01155,Cytoplasmic,0.0013,0.2259,0.5848,0.1839,0.0040,0.0001
OFOAEPEI_01156,Cytoplasmic,0.0002,0.0321,0.9338,0.0333,0.0003,0.0003
OFOAEPEI_01157,Cytoplasmic,0.0000,0.0268,0.9707,0.0017,0.0002,0.0005
OFOAEPEI_01159,Cytoplasmic,0.0008,0.0078,0.9840,0.0063,0.0010,0.0001
OFOAEPEI_01160,Cytoplasmic,0.0000,0.0015,0.9974,0.0006,0.0002,0.0002
OFOAEPEI_01161,Cytoplasmic,0.0000,0.0372,0.9186,0.0195,0.0039,0.0208
OFOAEPEI_01162,Cytoplasmic,0.0001,0.3895,0.4245,0.1040,0.0816,0.0003
OFOAEPEI_01163,Cytoplasmic,0.0005,0.0004,0.9282,0.0694,0.0014,0.0000
OFOAEPEI_01164,Cytoplasmic,0.0055,0.0991,0.6795,0.1035,0.1101,0.0023
OFOAEPEI_01165,Cytoplasmic,0.0012,0.3075,0.5761,0.0959,0.0186,0.0007
OFOAEPEI_01166,Cytoplasmic,0.0002,0.0073,0.9236,0.0019,0.0636,0.0034
OFOAEPEI_01167,Cytoplasmic,0.0000,0.0076,0.9777,0.0033,0.0107,0.0006
OFOAEPEI_01168,Cytoplasmic Membrane,0.0000,0.0013,0.0002,0.9954,0.0031,0.0000
OFOAEPEI_01169,Cytoplasmic,0.0006,0.0504,0.9284,0.0086,0.0103,0.0017
OFOAEPEI_01170,Cytoplasmic,0.0007,0.0040,0.9408,0.0531,0.0014,0.0000
OFOAEPEI_01171,Cytoplasmic Membrane,0.0001,0.0015,0.0008,0.9570,0.0404,0.0001
OFOAEPEI_01172,Cytoplasmic Membrane,0.0284,0.2642,0.0127,0.4454,0.2420,0.0074
OFOAEPEI_01173,Cytoplasmic,0.0005,0.0048,0.9768,0.0106,0.0073,0.0000
OFOAEPEI_01174,Cytoplasmic Membrane,0.0038,0.0733,0.4231,0.4733,0.0244,0.0021
OFOAEPEI_01175,Cytoplasmic,0.0000,0.0001,0.9711,0.0008,0.0274,0.0006
OFOAEPEI_01176,Cytoplasmic Membrane,0.0000,0.0005,0.0000,0.9993,0.0002,0.0000
OFOAEPEI_01177,Cytoplasmic Membrane,0.0001,0.0003,0.0652,0.8814,0.0524,0.0006
OFOAEPEI_01178,Cytoplasmic Membrane,0.0002,0.0006,0.1261,0.6490,0.2206,0.0035
OFOAEPEI_01179,Cytoplasmic Membrane,0.0000,0.0000,0.0000,1.0000,0.0000,0.0000
OFOAEPEI_01180,Cytoplasmic Membrane,0.0000,0.0000,0.0000,0.9994,0.0006,0.0000
OFOAEPEI_01181,Outer Membrane,0.0074,0.3234,0.0001,0.2411,0.4100,0.0180
OFOAEPEI_01182,Cytoplasmic,0.0001,0.0007,0.9766,0.0012,0.0209,0.0005
OFOAEPEI_01183,Cytoplasmic Membrane,0.0000,0.0140,0.0015,0.9801,0.0041,0.0002
OFOAEPEI_01184,Cytoplasmic Membrane,0.0000,0.0000,0.0000,0.9999,0.0001,0.0000
OFOAEPEI_01185,Cytoplasmic,0.0002,0.0127,0.9671,0.0150,0.0048,0.0003
OFOAEPEI_01186,Cytoplasmic,0.0012,0.0346,0.9262,0.0052,0.0310,0.0018
OFOAEPEI_01187,Cytoplasmic,0.0006,0.0004,0.9806,0.0148,0.0031,0.0004
OFOAEPEI_01188,Cytoplasmic Membrane,0.0026,0.0649,0.0006,0.8910,0.0408,0.0001
OFOAEPEI_01189,Cytoplasmic Membrane,0.0004,0.0346,0.2196,0.6782,0.0656,0.0017
OFOAEPEI_01190,Cytoplasmic,0.0001,0.0162,0.9808,0.0011,0.0019,0.0000
OFOAEPEI_01191,Cytoplasmic,0.0001,0.0337,0.9622,0.0018,0.0020,0.0002
OFOAEPEI_01192,Cytoplasmic,0.0002,0.1786,0.7561,0.0596,0.0053,0.0002
OFOAEPEI_01193,Cytoplasmic,0.0006,0.0095,0.9812,0.0009,0.0078,0.0001
OFOAEPEI_01194,Cytoplasmic,0.0006,0.0043,0.9853,0.0022,0.0074,0.0001
OFOAEPEI_01195,Cytoplasmic,0.0001,0.1022,0.8966,0.0004,0.0005,0.0001
OFOAEPEI_01196,Cytoplasmic,0.0000,0.0000,0.9848,0.0001,0.0151,0.0000
OFOAEPEI_01197,Cytoplasmic,0.0002,0.1610,0.5844,0.2026,0.0351,0.0167
OFOAEPEI_01198,Cytoplasmic,0.0001,0.0005,0.9844,0.0018,0.0132,0.0001
OFOAEPEI_01199,Cytoplasmic,0.0000,0.0105,0.9881,0.0006,0.0008,0.0000
OFOAEPEI_01200,Cytoplasmic,0.0003,0.0133,0.9483,0.0046,0.0333,0.0002
OFOAEPEI_01201,Cytoplasmic,0.0007,0.0101,0.8994,0.0018,0.0876,0.0004
OFOAEPEI_01202,Cytoplasmic,0.0000,0.0005,0.9045,0.0046,0.0900,0.0004
OFOAEPEI_01203,Cytoplasmic,0.0001,0.0597,0.9288,0.0019,0.0085,0.0010
OFOAEPEI_01204,Cytoplasmic,0.0008,0.0680,0.9133,0.0084,0.0090,0.0005
OFOAEPEI_01205,Cytoplasmic Membrane,0.0000,0.0000,0.0000,0.9998,0.0002,0.0000
OFOAEPEI_01206,Cytoplasmic Membrane,0.0000,0.0002,0.0005,0.9988,0.0005,0.0000
OFOAEPEI_01207,Cytoplasmic,0.0001,0.0010,0.9983,0.0004,0.0001,0.0001
OFOAEPEI_01208,Extracellular,0.0138,0.9835,0.0000,0.0001,0.0025,0.0001
OFOAEPEI_01209,Cytoplasmic,0.0007,0.0208,0.9654,0.0093,0.0030,0.0008
OFOAEPEI_01210,Cytoplasmic Membrane,0.0000,0.0000,0.0000,0.9999,0.0001,0.0000
OFOAEPEI_01211,Cytoplasmic,0.0004,0.0025,0.7251,0.2682,0.0036,0.0001
OFOAEPEI_01212,Cytoplasmic Membrane,0.0000,0.0000,0.0000,0.9999,0.0001,0.0000
OFOAEPEI_01213,Cytoplasmic Membrane,0.0000,0.0094,0.0000,0.9861,0.0044,0.0000
OFOAEPEI_01214,Cytoplasmic,0.0002,0.0007,0.9707,0.0275,0.0003,0.0007
OFOAEPEI_01215,Extracellular,0.0001,0.7983,0.1058,0.0213,0.0740,0.0005
OFOAEPEI_01216,Cytoplasmic,0.0001,0.0032,0.9746,0.0039,0.0022,0.0160
OFOAEPEI_01217,Cytoplasmic,0.0001,0.0021,0.9965,0.0003,0.0008,0.0001
OFOAEPEI_01218,Cytoplasmic,0.0006,0.0052,0.8262,0.0124,0.1552,0.0004
OFOAEPEI_01219,Cytoplasmic,0.0001,0.3472,0.6027,0.0112,0.0387,0.0002
OFOAEPEI_01220,Cytoplasmic,0.0006,0.0036,0.9536,0.0035,0.0366,0.0022
OFOAEPEI_01221,Cytoplasmic,0.0034,0.0316,0.7600,0.1109,0.0684,0.0257
OFOAEPEI_01222,Cytoplasmic,0.0004,0.0085,0.9817,0.0057,0.0032,0.0005
OFOAEPEI_01223,Cytoplasmic,0.0000,0.0009,0.9919,0.0049,0.0020,0.0002
OFOAEPEI_01224,Cytoplasmic,0.0003,0.1749,0.7520,0.0459,0.0236,0.0034
OFOAEPEI_01225,Cytoplasmic,0.0001,0.3892,0.5114,0.0427,0.0550,0.0016
OFOAEPEI_01226,Cytoplasmic,0.0001,0.1271,0.7555,0.1074,0.0096,0.0001
OFOAEPEI_01227,Cytoplasmic Membrane,0.0000,0.0001,0.0000,0.9997,0.0003,0.0000
OFOAEPEI_01228,Cytoplasmic Membrane,0.0000,0.0001,0.0000,0.9995,0.0004,0.0000
OFOAEPEI_01229,Cytoplasmic,0.0000,0.0097,0.9794,0.0096,0.0010,0.0002
OFOAEPEI_01230,Cytoplasmic,0.0103,0.0037,0.9831,0.0005,0.0023,0.0001
OFOAEPEI_01231,Cytoplasmic,0.0004,0.0008,0.9559,0.0267,0.0158,0.0005
OFOAEPEI_01232,Cytoplasmic,0.0002,0.3049,0.5541,0.0322,0.1082,0.0006
OFOAEPEI_01233,Cytoplasmic,0.0001,0.0004,0.9979,0.0014,0.0003,0.0000
OFOAEPEI_01234,Cytoplasmic,0.0000,0.0001,0.9995,0.0003,0.0001,0.0000
OFOAEPEI_01235,Cytoplasmic,0.0004,0.0030,0.9854,0.0050,0.0055,0.0007
OFOAEPEI_01236,Cytoplasmic Membrane,0.0000,0.0002,0.0002,0.9973,0.0023,0.0000
OFOAEPEI_01237,Cytoplasmic,0.0001,0.0007,0.9255,0.0357,0.0361,0.0019
OFOAEPEI_01238,Cytoplasmic,0.0046,0.0078,0.9497,0.0320,0.0059,0.0000
OFOAEPEI_01239,Cytoplasmic Membrane,0.0000,0.3428,0.1796,0.4686,0.0089,0.0001
OFOAEPEI_01240,Cytoplasmic,0.0001,0.0117,0.9820,0.0034,0.0027,0.0001
OFOAEPEI_01241,Cytoplasmic,0.0000,0.0001,0.8933,0.0001,0.0004,0.1062
OFOAEPEI_01242,Cytoplasmic,0.0000,0.0002,0.9931,0.0056,0.0010,0.0001
OFOAEPEI_01243,Cytoplasmic,0.0002,0.0932,0.8945,0.0086,0.0034,0.0001
OFOAEPEI_01244,Cytoplasmic,0.0002,0.3085,0.6586,0.0281,0.0044,0.0002
OFOAEPEI_01245,Cytoplasmic,0.0007,0.0504,0.8319,0.0571,0.0353,0.0245
OFOAEPEI_01246,Cytoplasmic Membrane,0.0000,0.0010,0.0000,0.9987,0.0003,0.0000
OFOAEPEI_01247,Cytoplasmic,0.0017,0.1114,0.8583,0.0101,0.0185,0.0001
OFOAEPEI_01248,Cytoplasmic Membrane,0.0000,0.0001,0.0002,0.9982,0.0015,0.0000
OFOAEPEI_01249,Cytoplasmic Membrane,0.0000,0.0001,0.0003,0.9976,0.0019,0.0000
OFOAEPEI_01250,Cytoplasmic,0.0000,0.0007,0.9977,0.0005,0.0010,0.0001
OFOAEPEI_01251,Cytoplasmic,0.0000,0.0003,0.9991,0.0004,0.0001,0.0000
OFOAEPEI_01252,Cytoplasmic Membrane,0.0000,0.0006,0.0070,0.9907,0.0017,0.0000
OFOAEPEI_01253,Cytoplasmic,0.0003,0.0086,0.6924,0.2914,0.0068,0.0005
OFOAEPEI_01254,Cytoplasmic,0.0001,0.0037,0.9844,0.0095,0.0019,0.0004
OFOAEPEI_01255,Cytoplasmic Membrane,0.0001,0.0231,0.0001,0.9618,0.0150,0.0000
OFOAEPEI_01256,Cytoplasmic,0.0000,0.0158,0.9227,0.0364,0.0105,0.0146
OFOAEPEI_01257,Cytoplasmic Membrane,0.0000,0.0000,0.0000,0.9976,0.0023,0.0000
OFOAEPEI_01258,Cytoplasmic,0.0005,0.0180,0.9730,0.0048,0.0034,0.0002
OFOAEPEI_01259,Cytoplasmic,0.0000,0.0007,0.9799,0.0064,0.0059,0.0071
OFOAEPEI_01260,Cytoplasmic,0.0001,0.0005,0.9735,0.0060,0.0068,0.0131
OFOAEPEI_01261,Cytoplasmic,0.0007,0.0238,0.9412,0.0276,0.0064,0.0003
OFOAEPEI_01262,Cytoplasmic,0.0000,0.0001,0.9974,0.0002,0.0021,0.0002
OFOAEPEI_01263,Cytoplasmic,0.0005,0.0621,0.8044,0.1232,0.0097,0.0000
OFOAEPEI_01264,Cytoplasmic,0.0019,0.0368,0.8585,0.0582,0.0445,0.0002
OFOAEPEI_01265,Extracellular,0.0004,0.6510,0.2428,0.0896,0.0157,0.0005
OFOAEPEI_01266,Cytoplasmic,0.0001,0.0529,0.9395,0.0004,0.0071,0.0001
OFOAEPEI_01267,Cytoplasmic,0.0000,0.0047,0.9659,0.0005,0.0284,0.0006
OFOAEPEI_01268,Cytoplasmic,0.0001,0.1781,0.8006,0.0028,0.0183,0.0001
OFOAEPEI_01269,Cytoplasmic,0.0001,0.0098,0.9457,0.0405,0.0039,0.0000
OFOAEPEI_01270,Cytoplasmic,0.0000,0.0005,0.9893,0.0073,0.0023,0.0006
OFOAEPEI_01272,Cytoplasmic,0.0003,0.0075,0.9586,0.0306,0.0029,0.0000
OFOAEPEI_01273,Extracellular,0.2841,0.6533,0.0012,0.0192,0.0399,0.0024
OFOAEPEI_01274,Cytoplasmic Membrane,0.0000,0.0000,0.0000,0.9998,0.0002,0.0000
OFOAEPEI_01275,Cytoplasmic,0.0002,0.0078,0.9131,0.0685,0.0104,0.0000
OFOAEPEI_01276,Extracellular,0.0001,0.5782,0.3665,0.0127,0.0421,0.0004
OFOAEPEI_01278,Extracellular,0.1667,0.7958,0.0000,0.0115,0.0160,0.0099
OFOAEPEI_01279,Extracellular,0.1030,0.8886,0.0006,0.0023,0.0037,0.0019
OFOAEPEI_01280,Cytoplasmic,0.0000,0.0001,0.9957,0.0036,0.0005,0.0000
OFOAEPEI_01281,Cytoplasmic,0.0001,0.0192,0.9647,0.0007,0.0103,0.0050
OFOAEPEI_01282,Cytoplasmic,0.0000,0.0039,0.9899,0.0045,0.0015,0.0002
OFOAEPEI_01283,Cytoplasmic Membrane,0.0000,0.0008,0.0006,0.9906,0.0078,0.0002
OFOAEPEI_01284,Cytoplasmic,0.0010,0.0080,0.8463,0.0105,0.1137,0.0206
OFOAEPEI_01285,Cytoplasmic,0.0000,0.0007,0.9977,0.0013,0.0003,0.0000
OFOAEPEI_01286,Cytoplasmic,0.0001,0.0067,0.9742,0.0105,0.0084,0.0001
OFOAEPEI_01287,Cytoplasmic,0.0002,0.2644,0.6400,0.0077,0.0872,0.0007
OFOAEPEI_01288,Cytoplasmic,0.0001,0.0423,0.9322,0.0143,0.0103,0.0009
OFOAEPEI_01289,Cytoplasmic Membrane,0.0001,0.0157,0.0001,0.9811,0.0031,0.0000
OFOAEPEI_01290,Cytoplasmic,0.0000,0.0016,0.9661,0.0078,0.0242,0.0003
OFOAEPEI_01291,Cytoplasmic,0.0001,0.0006,0.9866,0.0051,0.0066,0.0010
OFOAEPEI_01292,Cytoplasmic,0.0001,0.0013,0.9923,0.0052,0.0011,0.0000
OFOAEPEI_01293,Extracellular,0.0087,0.9790,0.0002,0.0074,0.0034,0.0012
OFOAEPEI_01294,Cytoplasmic,0.0010,0.0033,0.9537,0.0368,0.0051,0.0000
OFOAEPEI_01295,Cytoplasmic Membrane,0.0005,0.0023,0.1134,0.8401,0.0419,0.0017
OFOAEPEI_01296,Cytoplasmic Membrane,0.0002,0.0264,0.0001,0.5353,0.4376,0.0004
OFOAEPEI_01297,Cytoplasmic,0.0004,0.0025,0.9514,0.0441,0.0017,0.0000
OFOAEPEI_01298,Cytoplasmic,0.0001,0.0002,0.9979,0.0003,0.0007,0.0008
OFOAEPEI_01299,Cytoplasmic Membrane,0.0000,0.0006,0.0001,0.9981,0.0013,0.0000
OFOAEPEI_01300,Cytoplasmic,0.0000,0.0004,0.9991,0.0001,0.0004,0.0000
OFOAEPEI_01301,Cytoplasmic,0.0006,0.1186,0.8680,0.0009,0.0089,0.0030
OFOAEPEI_01302,Cytoplasmic Membrane,0.0000,0.0019,0.0001,0.9933,0.0046,0.0000
OFOAEPEI_01303,Cytoplasmic,0.0002,0.0001,0.9890,0.0020,0.0086,0.0001
OFOAEPEI_01304,Cytoplasmic Membrane,0.0033,0.1379,0.0004,0.8308,0.0271,0.0004
OFOAEPEI_01305,Cytoplasmic,0.0002,0.0003,0.9874,0.0050,0.0070,0.0001
OFOAEPEI_01306,Cytoplasmic Membrane,0.0000,0.0101,0.0033,0.9835,0.0032,0.0000
OFOAEPEI_01307,Cytoplasmic Membrane,0.0004,0.0038,0.0006,0.9894,0.0058,0.0000
OFOAEPEI_01308,Cytoplasmic,0.0000,0.0051,0.9808,0.0002,0.0010,0.0129
OFOAEPEI_01309,Cytoplasmic,0.0038,0.0936,0.4806,0.4062,0.0148,0.0009
OFOAEPEI_01310,Cytoplasmic Membrane,0.0034,0.1220,0.0002,0.7669,0.1067,0.0008
OFOAEPEI_01311,Cytoplasmic,0.0003,0.1392,0.7697,0.0798,0.0107,0.0004
OFOAEPEI_01312,Cytoplasmic,0.0014,0.0489,0.8857,0.0258,0.0368,0.0013
OFOAEPEI_01313,Cytoplasmic,0.0000,0.0019,0.9718,0.0059,0.0190,0.0013
OFOAEPEI_01314,Cytoplasmic,0.0000,0.0006,0.9948,0.0026,0.0019,0.0000
OFOAEPEI_01315,Cytoplasmic,0.0001,0.2144,0.6908,0.0091,0.0843,0.0012
OFOAEPEI_01316,Cytoplasmic,0.0001,0.1408,0.6289,0.2207,0.0085,0.0010
OFOAEPEI_01317,Cytoplasmic,0.0000,0.0007,0.9138,0.0033,0.0010,0.0812
OFOAEPEI_01318,Cytoplasmic,0.0001,0.0153,0.8725,0.0031,0.0406,0.0683
OFOAEPEI_01319,Cytoplasmic,0.0001,0.0360,0.9597,0.0003,0.0011,0.0027
OFOAEPEI_01320,Cytoplasmic Membrane,0.0000,0.0001,0.0001,0.9993,0.0005,0.0000
OFOAEPEI_01321,Cytoplasmic,0.0003,0.0014,0.9880,0.0003,0.0061,0.0039
OFOAEPEI_01322,Cytoplasmic,0.0000,0.0003,0.9879,0.0110,0.0008,0.0000
OFOAEPEI_01323,Cytoplasmic,0.0029,0.0071,0.7787,0.2064,0.0048,0.0000
OFOAEPEI_01324,Cytoplasmic,0.0002,0.0013,0.9873,0.0058,0.0054,0.0001
OFOAEPEI_01325,Cytoplasmic,0.0000,0.0002,0.9949,0.0026,0.0022,0.0000
OFOAEPEI_01326,Cytoplasmic,0.0000,0.3438,0.5791,0.0081,0.0687,0.0003
OFOAEPEI_01327,Cell wall & surface,0.5876,0.1633,0.0314,0.1308,0.0859,0.0010
OFOAEPEI_01328,Cell wall & surface,0.4440,0.4310,0.0112,0.0040,0.1095,0.0004
OFOAEPEI_01329,Cell wall & surface,0.5185,0.3194,0.0120,0.0237,0.1263,0.0001
OFOAEPEI_01330,Extracellular,0.3400,0.4950,0.0049,0.0203,0.1396,0.0002
OFOAEPEI_01331,Cytoplasmic Membrane,0.0003,0.0638,0.0041,0.9296,0.0023,0.0000
OFOAEPEI_01332,Cytoplasmic Membrane,0.0026,0.0082,0.3739,0.6123,0.0027,0.0003
OFOAEPEI_01333,Extracellular,0.0114,0.7214,0.1738,0.0667,0.0128,0.0139
OFOAEPEI_01334,Cytoplasmic Membrane,0.0277,0.2124,0.0020,0.5598,0.1750,0.0232
OFOAEPEI_01335,Cytoplasmic Membrane,0.0014,0.1814,0.0011,0.8060,0.0100,0.0001
OFOAEPEI_01336,Cytoplasmic Membrane,0.0000,0.0018,0.0000,0.9947,0.0034,0.0000
OFOAEPEI_01337,Cytoplasmic,0.0003,0.0002,0.9911,0.0072,0.0011,0.0000
OFOAEPEI_01338,Cytoplasmic,0.0000,0.0143,0.9830,0.0012,0.0013,0.0000
OFOAEPEI_01339,Cytoplasmic,0.0004,0.0153,0.9222,0.0339,0.0272,0.0010
OFOAEPEI_01340,Cytoplasmic,0.0018,0.0674,0.8829,0.0306,0.0168,0.0005
OFOAEPEI_01341,Cytoplasmic,0.0002,0.0107,0.9787,0.0032,0.0041,0.0030
OFOAEPEI_01342,Cytoplasmic,0.0001,0.0003,0.9815,0.0013,0.0008,0.0161
OFOAEPEI_01343,Cytoplasmic,0.0001,0.0156,0.9398,0.0029,0.0247,0.0169
OFOAEPEI_01344,Cytoplasmic,0.0000,0.0005,0.9610,0.0194,0.0180,0.0011
OFOAEPEI_01345,Cytoplasmic,0.0001,0.0879,0.9098,0.0005,0.0003,0.0014
OFOAEPEI_01346,Cell wall & surface,0.4991,0.3240,0.0645,0.0487,0.0630,0.0006
OFOAEPEI_01347,Cytoplasmic,0.0002,0.0013,0.9947,0.0015,0.0021,0.0002
OFOAEPEI_01348,Cytoplasmic,0.0004,0.0017,0.9923,0.0040,0.0016,0.0000
OFOAEPEI_01349,Extracellular,0.0001,0.9162,0.0078,0.0001,0.0746,0.0012
OFOAEPEI_01350,Cytoplasmic Membrane,0.0000,0.0003,0.0007,0.9977,0.0014,0.0000
OFOAEPEI_01351,Cytoplasmic Membrane,0.0003,0.0353,0.0001,0.9421,0.0223,0.0000
OFOAEPEI_01352,Cytoplasmic,0.0001,0.0636,0.9206,0.0035,0.0093,0.0029
OFOAEPEI_01353,Cytoplasmic,0.0000,0.0002,0.9964,0.0009,0.0023,0.0001
OFOAEPEI_01354,Cytoplasmic Membrane,0.0000,0.0001,0.0003,0.9980,0.0016,0.0000
OFOAEPEI_01356,Cell wall & surface,0.6194,0.2361,0.0001,0.1346,0.0097,0.0001
OFOAEPEI_01357,Cytoplasmic Membrane,0.0000,0.0066,0.0001,0.9931,0.0002,0.0000
OFOAEPEI_01358,Cytoplasmic Membrane,0.0003,0.0801,0.0002,0.9143,0.0051,0.0000
OFOAEPEI_01359,Extracellular,0.2914,0.6146,0.0006,0.0906,0.0028,0.0001
OFOAEPEI_01360,Cytoplasmic,0.0007,0.1270,0.5057,0.3574,0.0089,0.0003
OFOAEPEI_01361,Cytoplasmic,0.0000,0.0010,0.9932,0.0032,0.0020,0.0007
OFOAEPEI_01362,Cytoplasmic Membrane,0.0000,0.0001,0.0009,0.9989,0.0001,0.0000
OFOAEPEI_01363,Cytoplasmic,0.0001,0.0200,0.9483,0.0242,0.0072,0.0002
OFOAEPEI_01364,Cytoplasmic,0.0026,0.0283,0.7555,0.1654,0.0481,0.0000
OFOAEPEI_01365,Cytoplasmic,0.0000,0.0010,0.9969,0.0002,0.0018,0.0001
OFOAEPEI_01366,Cytoplasmic,0.0000,0.0002,0.9737,0.0023,0.0237,0.0000
OFOAEPEI_01367,Cytoplasmic Membrane,0.0000,0.0001,0.0000,0.9979,0.0020,0.0000
OFOAEPEI_01368,Cytoplasmic Membrane,0.0000,0.0000,0.0000,0.9990,0.0010,0.0000
OFOAEPEI_01369,Cytoplasmic,0.0001,0.0005,0.9370,0.0601,0.0020,0.0002
OFOAEPEI_01370,Cytoplasmic,0.0001,0.0005,0.9983,0.0007,0.0003,0.0001
OFOAEPEI_01371,Cytoplasmic,0.0002,0.0220,0.8987,0.0748,0.0017,0.0026
OFOAEPEI_01372,Cytoplasmic,0.0003,0.0073,0.9882,0.0028,0.0010,0.0003
OFOAEPEI_01373,Cytoplasmic,0.0002,0.4016,0.5690,0.0001,0.0208,0.0084
OFOAEPEI_01374,Cytoplasmic Membrane,0.0000,0.0001,0.0001,0.9996,0.0002,0.0000
OFOAEPEI_01375,Cytoplasmic,0.0000,0.0002,0.9985,0.0007,0.0006,0.0000
OFOAEPEI_01376,Cytoplasmic,0.0002,0.0153,0.9474,0.0030,0.0254,0.0087
OFOAEPEI_01377,Cytoplasmic,0.0000,0.0022,0.9941,0.0008,0.0027,0.0002
OFOAEPEI_01378,Cytoplasmic,0.0000,0.0024,0.9914,0.0010,0.0051,0.0001
OFOAEPEI_01379,Cytoplasmic Membrane,0.0000,0.0005,0.0002,0.9907,0.0085,0.0000
OFOAEPEI_01380,Cytoplasmic,0.0027,0.0051,0.8989,0.0863,0.0066,0.0004
OFOAEPEI_01381,Cytoplasmic,0.0000,0.0000,0.9997,0.0001,0.0001,0.0000
OFOAEPEI_01382,Cytoplasmic,0.0064,0.0769,0.7522,0.0050,0.1559,0.0035
OFOAEPEI_01383,Cytoplasmic,0.0002,0.0129,0.8851,0.0965,0.0051,0.0002
OFOAEPEI_01384,Cytoplasmic,0.0000,0.0007,0.9980,0.0008,0.0004,0.0001
OFOAEPEI_01385,Cytoplasmic,0.0001,0.0011,0.9949,0.0038,0.0001,0.0000
OFOAEPEI_01386,Cytoplasmic,0.0005,0.0077,0.9754,0.0016,0.0145,0.0003
OFOAEPEI_01387,Cytoplasmic,0.0004,0.0452,0.7891,0.0170,0.1465,0.0018
OFOAEPEI_01388,Cytoplasmic,0.0016,0.0611,0.7904,0.0947,0.0518,0.0004
OFOAEPEI_01389,Cytoplasmic,0.0013,0.2700,0.3679,0.3282,0.0205,0.0121
OFOAEPEI_01390,Cytoplasmic,0.0003,0.0079,0.9544,0.0029,0.0253,0.0092
OFOAEPEI_01391,Cytoplasmic Membrane,0.0000,0.0001,0.0000,0.9980,0.0019,0.0000
OFOAEPEI_01392,Cytoplasmic Membrane,0.0000,0.0001,0.0000,0.9982,0.0016,0.0000
OFOAEPEI_01393,Cytoplasmic,0.0000,0.0001,0.9963,0.0004,0.0031,0.0000
OFOAEPEI_01394,Cytoplasmic,0.0000,0.0003,0.9986,0.0004,0.0006,0.0001
OFOAEPEI_01395,Cytoplasmic,0.0013,0.0149,0.7359,0.2448,0.0030,0.0000
OFOAEPEI_01396,Cytoplasmic,0.0003,0.0021,0.9645,0.0028,0.0283,0.0021
OFOAEPEI_01397,Cytoplasmic,0.0001,0.0296,0.9470,0.0010,0.0208,0.0014
OFOAEPEI_01398,Cytoplasmic,0.0001,0.0997,0.8658,0.0129,0.0192,0.0022
OFOAEPEI_01399,Cytoplasmic,0.0001,0.0022,0.9866,0.0039,0.0062,0.0010
OFOAEPEI_01400,Cytoplasmic,0.0002,0.0004,0.9953,0.0026,0.0014,0.0001
OFOAEPEI_01401,Cytoplasmic,0.0000,0.0006,0.9967,0.0020,0.0005,0.0003
OFOAEPEI_01402,Cytoplasmic,0.0001,0.0002,0.9832,0.0163,0.0003,0.0000
OFOAEPEI_01403,Cytoplasmic,0.0001,0.0016,0.9935,0.0006,0.0037,0.0005
OFOAEPEI_01404,Cytoplasmic,0.0009,0.0238,0.9439,0.0197,0.0079,0.0037
OFOAEPEI_01405,Cytoplasmic,0.0000,0.0028,0.9803,0.0162,0.0008,0.0000
OFOAEPEI_01406,Cytoplasmic,0.0021,0.0115,0.7910,0.0533,0.0607,0.0814
OFOAEPEI_01407,Cytoplasmic,0.0005,0.0005,0.9285,0.0675,0.0029,0.0001
OFOAEPEI_01408,Cytoplasmic Membrane,0.0000,0.0001,0.0000,0.9995,0.0004,0.0000
OFOAEPEI_01409,Cytoplasmic Membrane,0.0000,0.0000,0.0000,0.9996,0.0004,0.0000
OFOAEPEI_01410,Cytoplasmic Membrane,0.0022,0.1605,0.0030,0.7090,0.1248,0.0005
OFOAEPEI_01411,Cytoplasmic,0.0007,0.0064,0.9769,0.0021,0.0133,0.0004
OFOAEPEI_01412,Cytoplasmic,0.0000,0.0013,0.9844,0.0084,0.0056,0.0003
OFOAEPEI_01413,Cytoplasmic,0.0003,0.0275,0.9540,0.0002,0.0178,0.0003
OFOAEPEI_01414,Cytoplasmic,0.0002,0.0062,0.9550,0.0267,0.0069,0.0050
OFOAEPEI_01416,Cytoplasmic,0.0024,0.0119,0.9767,0.0065,0.0021,0.0004
OFOAEPEI_01417,Cell wall & surface,0.5877,0.3861,0.0007,0.0108,0.0140,0.0008
OFOAEPEI_01418,Cytoplasmic,0.0001,0.0008,0.9926,0.0040,0.0025,0.0000
OFOAEPEI_01419,Cytoplasmic,0.0000,0.0014,0.9971,0.0011,0.0004,0.0000
OFOAEPEI_01420,Cytoplasmic,0.0001,0.0032,0.9777,0.0122,0.0064,0.0004
OFOAEPEI_01421,Cytoplasmic,0.0003,0.0233,0.8944,0.0793,0.0027,0.0000
OFOAEPEI_01422,Cytoplasmic,0.0007,0.0121,0.9761,0.0038,0.0032,0.0041
OFOAEPEI_01423,Cytoplasmic,0.0000,0.0024,0.9971,0.0003,0.0001,0.0000
OFOAEPEI_01424,Cytoplasmic Membrane,0.0000,0.0001,0.0000,0.9997,0.0001,0.0000
OFOAEPEI_01425,Cytoplasmic Membrane,0.0006,0.0012,0.2097,0.7704,0.0181,0.0001
OFOAEPEI_01426,Cytoplasmic,0.0004,0.0069,0.9839,0.0044,0.0036,0.0008
OFOAEPEI_01427,Cytoplasmic Membrane,0.0001,0.0013,0.0003,0.9930,0.0052,0.0001
OFOAEPEI_01428,Cytoplasmic,0.0002,0.0173,0.9803,0.0009,0.0013,0.0000
OFOAEPEI_01429,Cytoplasmic,0.0001,0.1624,0.7161,0.0166,0.1022,0.0026
OFOAEPEI_01430,Extracellular,0.0002,0.5847,0.4025,0.0046,0.0072,0.0007
OFOAEPEI_01431,Cytoplasmic Membrane,0.0000,0.0000,0.0000,0.9999,0.0001,0.0000
OFOAEPEI_01432,Cytoplasmic,0.0005,0.0006,0.8741,0.1242,0.0005,0.0001
OFOAEPEI_01433,Cytoplasmic Membrane,0.0000,0.0000,0.0001,0.9998,0.0002,0.0000
OFOAEPEI_01434,Cytoplasmic Membrane,0.0003,0.0006,0.2228,0.7720,0.0038,0.0005
OFOAEPEI_01435,Cytoplasmic Membrane,0.0006,0.0018,0.3369,0.6592,0.0014,0.0000
OFOAEPEI_01436,Cytoplasmic Membrane,0.0000,0.0004,0.0001,0.9964,0.0031,0.0000
OFOAEPEI_01437,Cytoplasmic Membrane,0.0000,0.0008,0.0001,0.9979,0.0012,0.0000
OFOAEPEI_01438,Cytoplasmic,0.0004,0.4101,0.5283,0.0526,0.0084,0.0003
OFOAEPEI_01439,Extracellular,0.0301,0.7808,0.0000,0.0090,0.1794,0.0007
OFOAEPEI_01440,Cytoplasmic Membrane,0.0009,0.0628,0.0006,0.9224,0.0133,0.0000
OFOAEPEI_01441,Cytoplasmic Membrane,0.1829,0.0245,0.0003,0.7867,0.0056,0.0000
OFOAEPEI_01442,Cytoplasmic Membrane,0.0048,0.1934,0.0247,0.4926,0.0984,0.1861
OFOAEPEI_01443,Extracellular,0.0159,0.9814,0.0001,0.0002,0.0021,0.0003
OFOAEPEI_01444,Cytoplasmic,0.0005,0.0019,0.9434,0.0519,0.0022,0.0000
OFOAEPEI_01445,Cytoplasmic Membrane,0.0000,0.0000,0.0000,0.9999,0.0001,0.0000
OFOAEPEI_01446,Cytoplasmic,0.0013,0.0038,0.9774,0.0094,0.0077,0.0003
OFOAEPEI_01447,Extracellular,0.0031,0.5546,0.2195,0.0378,0.1493,0.0357
OFOAEPEI_01448,Cytoplasmic,0.0003,0.1621,0.8050,0.0303,0.0022,0.0000
OFOAEPEI_01449,Cytoplasmic,0.0029,0.0113,0.9192,0.0350,0.0312,0.0004
OFOAEPEI_01450,Cytoplasmic,0.0000,0.0103,0.9861,0.0006,0.0031,0.0000
OFOAEPEI_01451,Cytoplasmic,0.0004,0.0008,0.9827,0.0051,0.0109,0.0000
OFOAEPEI_01452,Cytoplasmic Membrane,0.0000,0.0034,0.0003,0.9930,0.0034,0.0000
OFOAEPEI_01453,Cytoplasmic,0.0002,0.0006,0.6788,0.3153,0.0050,0.0001
OFOAEPEI_01454,Cytoplasmic,0.0001,0.0112,0.7989,0.1561,0.0229,0.0109
OFOAEPEI_01455,Cytoplasmic Membrane,0.0059,0.1275,0.0005,0.8230,0.0429,0.0001
OFOAEPEI_01456,Cytoplasmic Membrane,0.0287,0.0945,0.0139,0.4610,0.4018,0.0000
OFOAEPEI_01457,Cytoplasmic,0.0000,0.0001,0.9998,0.0000,0.0001,0.0000
OFOAEPEI_01458,Cytoplasmic Membrane,0.0106,0.0922,0.0005,0.7783,0.1183,0.0001
OFOAEPEI_01459,Extracellular,0.0531,0.5316,0.0036,0.3538,0.0555,0.0024
OFOAEPEI_01460,Cytoplasmic Membrane,0.0200,0.2186,0.0009,0.7366,0.0238,0.0002
OFOAEPEI_01461,Cytoplasmic,0.0059,0.0007,0.7567,0.0422,0.1937,0.0009
OFOAEPEI_01462,Cytoplasmic,0.0002,0.0012,0.8172,0.0114,0.1696,0.0003
OFOAEPEI_01463,Cytoplasmic,0.0007,0.0010,0.7753,0.0107,0.2039,0.0084
OFOAEPEI_01464,Outer Membrane,0.0000,0.0003,0.3494,0.0004,0.6498,0.0001
OFOAEPEI_01465,Cytoplasmic,0.0001,0.0072,0.9709,0.0019,0.0124,0.0076
OFOAEPEI_01466,Cytoplasmic,0.0001,0.0005,0.9967,0.0018,0.0009,0.0001
OFOAEPEI_01467,Cytoplasmic,0.0000,0.0000,0.9479,0.0002,0.0509,0.0010
OFOAEPEI_01468,Cytoplasmic Membrane,0.0000,0.0000,0.0000,0.9997,0.0003,0.0000
OFOAEPEI_01469,Outer Membrane,0.0000,0.0000,0.0529,0.0000,0.9470,0.0000
OFOAEPEI_01470,Cytoplasmic,0.0003,0.0001,0.9662,0.0006,0.0328,0.0001
OFOAEPEI_01471,Outer Membrane,0.0000,0.0000,0.4200,0.0000,0.5798,0.0001
OFOAEPEI_01472,Outer Membrane,0.0001,0.0006,0.0722,0.0023,0.9162,0.0087
OFOAEPEI_01473,Outer Membrane,0.0001,0.0003,0.3167,0.0004,0.6819,0.0006
OFOAEPEI_01474,Outer Membrane,0.0000,0.0001,0.4028,0.0066,0.5887,0.0018
OFOAEPEI_01475,Outer Membrane,0.0000,0.0001,0.0973,0.0003,0.9016,0.0006
OFOAEPEI_01476,Cytoplasmic,0.0004,0.0000,0.7610,0.0004,0.2359,0.0023
OFOAEPEI_01477,Outer Membrane,0.0000,0.0001,0.0637,0.0001,0.9360,0.0001
OFOAEPEI_01478,Cytoplasmic,0.0000,0.0000,0.5715,0.0000,0.4285,0.0000
OFOAEPEI_01479,Cytoplasmic,0.0002,0.0066,0.9677,0.0021,0.0232,0.0001
OFOAEPEI_01480,Outer Membrane,0.0000,0.0000,0.2785,0.0002,0.7207,0.0006
OFOAEPEI_01481,Outer Membrane,0.0002,0.0002,0.4176,0.0013,0.5797,0.0010
OFOAEPEI_01482,Outer Membrane,0.0013,0.0009,0.4796,0.0021,0.5150,0.0010
OFOAEPEI_01483,Cytoplasmic,0.0009,0.1326,0.7523,0.0178,0.0900,0.0064
OFOAEPEI_01484,Outer Membrane,0.0000,0.0000,0.0394,0.0000,0.9606,0.0000
OFOAEPEI_01485,Outer Membrane,0.0001,0.0000,0.4746,0.0007,0.5244,0.0001
OFOAEPEI_01486,Outer Membrane,0.0002,0.0001,0.3907,0.0066,0.6019,0.0005
OFOAEPEI_01487,Outer Membrane,0.0000,0.0000,0.3381,0.0000,0.6614,0.0005
OFOAEPEI_01488,Cytoplasmic,0.0006,0.0044,0.7011,0.0437,0.2376,0.0126
OFOAEPEI_01489,Cytoplasmic,0.0000,0.0021,0.9967,0.0009,0.0003,0.0000
OFOAEPEI_01490,Cytoplasmic Membrane,0.0004,0.0054,0.3487,0.6417,0.0031,0.0006
OFOAEPEI_01491,Cytoplasmic Membrane,0.0118,0.0102,0.0002,0.9345,0.0419,0.0014
OFOAEPEI_01492,Cytoplasmic Membrane,0.0000,0.0000,0.0000,0.9999,0.0001,0.0000
OFOAEPEI_01493,Cytoplasmic,0.0000,0.0005,0.7885,0.0363,0.1742,0.0005
OFOAEPEI_01494,Cytoplasmic Membrane,0.0000,0.0004,0.0000,0.9991,0.0005,0.0000
OFOAEPEI_01495,Cytoplasmic,0.0000,0.0000,0.9904,0.0003,0.0092,0.0001
OFOAEPEI_01496,Cytoplasmic,0.0000,0.0001,0.9885,0.0004,0.0109,0.0001
OFOAEPEI_01497,Outer Membrane,0.0000,0.0000,0.0220,0.0005,0.9773,0.0001
OFOAEPEI_01498,Cytoplasmic,0.0019,0.0012,0.5093,0.1440,0.3405,0.0032
OFOAEPEI_01499,Cytoplasmic,0.0001,0.0020,0.9888,0.0074,0.0017,0.0001
OFOAEPEI_01500,Cytoplasmic Membrane,0.0000,0.0000,0.0000,0.9996,0.0003,0.0000
OFOAEPEI_01504,Cytoplasmic,0.0008,0.0188,0.8908,0.0859,0.0029,0.0007
OFOAEPEI_01505,Cytoplasmic,0.0016,0.0752,0.9083,0.0043,0.0061,0.0046
OFOAEPEI_01506,Extracellular,0.0021,0.4513,0.2747,0.2198,0.0502,0.0018
OFOAEPEI_01507,Cytoplasmic,0.0002,0.0327,0.9308,0.0210,0.0143,0.0011
OFOAEPEI_01509,Cytoplasmic,0.0022,0.0039,0.8713,0.0224,0.0958,0.0044
OFOAEPEI_01510,Cytoplasmic,0.0006,0.0030,0.7103,0.0122,0.2727,0.0012
OFOAEPEI_01511,Cytoplasmic,0.0002,0.0007,0.9979,0.0005,0.0006,0.0001
OFOAEPEI_01512,Cytoplasmic,0.0002,0.0003,0.9096,0.0104,0.0757,0.0038
OFOAEPEI_01513,Outer Membrane,0.0002,0.0087,0.3836,0.0062,0.6008,0.0004
OFOAEPEI_01514,Outer Membrane,0.0000,0.0002,0.4309,0.0021,0.5660,0.0007
OFOAEPEI_01515,Outer Membrane,0.0000,0.0001,0.3997,0.0002,0.5990,0.0010
OFOAEPEI_01516,Cytoplasmic Membrane,0.0015,0.1760,0.0704,0.6770,0.0746,0.0004
OFOAEPEI_01517,Cytoplasmic,0.0000,0.0016,0.9978,0.0003,0.0002,0.0001
OFOAEPEI_01518,Cytoplasmic,0.0004,0.1284,0.8496,0.0181,0.0032,0.0004
OFOAEPEI_01519,Cytoplasmic,0.0000,0.0216,0.9698,0.0031,0.0022,0.0032
OFOAEPEI_01520,Cytoplasmic,0.0023,0.0490,0.9261,0.0203,0.0017,0.0006
OFOAEPEI_01521,Cytoplasmic,0.0001,0.0671,0.8426,0.0823,0.0072,0.0007
OFOAEPEI_01522,Cytoplasmic Membrane,0.0001,0.0031,0.0003,0.9739,0.0225,0.0000
OFOAEPEI_01523,Cytoplasmic Membrane,0.0003,0.0377,0.0015,0.9516,0.0085,0.0003
OFOAEPEI_01524,Cytoplasmic Membrane,0.0003,0.0008,0.4415,0.5572,0.0001,0.0000
OFOAEPEI_01525,Cytoplasmic Membrane,0.0001,0.0853,0.0021,0.9075,0.0049,0.0000
OFOAEPEI_01526,Cytoplasmic Membrane,0.0004,0.0258,0.0055,0.9598,0.0084,0.0000
OFOAEPEI_01527,Cytoplasmic,0.0089,0.0008,0.8835,0.1048,0.0019,0.0001
OFOAEPEI_01528,Cytoplasmic,0.0000,0.0005,0.9986,0.0003,0.0005,0.0000
OFOAEPEI_01529,Cytoplasmic,0.0001,0.0004,0.9846,0.0002,0.0145,0.0002
OFOAEPEI_01530,Cytoplasmic,0.0015,0.0046,0.8892,0.0162,0.0871,0.0014
OFOAEPEI_01531,Cytoplasmic Membrane,0.0000,0.0002,0.0002,0.9979,0.0017,0.0000
OFOAEPEI_01532,Cytoplasmic,0.0000,0.0005,0.9860,0.0026,0.0080,0.0029
OFOAEPEI_01533,Cytoplasmic,0.0000,0.0002,0.9972,0.0009,0.0016,0.0000
OFOAEPEI_01534,Cytoplasmic,0.0006,0.0008,0.8472,0.1498,0.0017,0.0000
OFOAEPEI_01535,Cytoplasmic,0.0001,0.0130,0.9166,0.0285,0.0236,0.0182
OFOAEPEI_01536,Cytoplasmic,0.0000,0.0001,0.9958,0.0020,0.0020,0.0000
OFOAEPEI_01537,Cytoplasmic,0.0006,0.0326,0.7730,0.1891,0.0034,0.0013
OFOAEPEI_01538,Cytoplasmic,0.0003,0.0017,0.9974,0.0003,0.0001,0.0001
OFOAEPEI_01539,Cytoplasmic,0.0013,0.0152,0.8070,0.1663,0.0102,0.0000
OFOAEPEI_01540,Cytoplasmic,0.0000,0.0037,0.9948,0.0006,0.0006,0.0003
OFOAEPEI_01541,Cytoplasmic Membrane,0.0000,0.0001,0.0004,0.9976,0.0018,0.0000
OFOAEPEI_01542,Cytoplasmic,0.0001,0.0003,0.9940,0.0001,0.0052,0.0003
OFOAEPEI_01543,Cytoplasmic,0.0000,0.0000,0.9973,0.0025,0.0001,0.0000
OFOAEPEI_01544,Cytoplasmic,0.0003,0.0454,0.9381,0.0033,0.0071,0.0059
OFOAEPEI_01545,Cytoplasmic Membrane,0.0409,0.0975,0.0001,0.7500,0.0930,0.0185
OFOAEPEI_01546,Cytoplasmic,0.0002,0.1080,0.8760,0.0020,0.0047,0.0090
OFOAEPEI_01547,Cytoplasmic,0.0002,0.0063,0.9920,0.0008,0.0006,0.0002
OFOAEPEI_01548,Cytoplasmic Membrane,0.0000,0.0010,0.0002,0.9963,0.0024,0.0000
OFOAEPEI_01549,Cytoplasmic,0.0001,0.0008,0.9886,0.0003,0.0091,0.0012
OFOAEPEI_01550,Cytoplasmic,0.0010,0.0147,0.9233,0.0566,0.0044,0.0000
OFOAEPEI_01551,Cytoplasmic,0.0023,0.0100,0.9798,0.0060,0.0016,0.0003
OFOAEPEI_01552,Cytoplasmic,0.0015,0.0283,0.8896,0.0235,0.0560,0.0012
OFOAEPEI_01553,Cytoplasmic,0.0023,0.0432,0.8581,0.0865,0.0098,0.0001
OFOAEPEI_01554,Cytoplasmic,0.0019,0.1111,0.8642,0.0170,0.0019,0.0038
OFOAEPEI_01555,Cytoplasmic,0.0000,0.0001,0.9988,0.0001,0.0010,0.0000
OFOAEPEI_01556,Cytoplasmic Membrane,0.0001,0.0002,0.0951,0.8904,0.0137,0.0006
OFOAEPEI_01557,Cytoplasmic Membrane,0.0004,0.0010,0.1946,0.7919,0.0097,0.0024
OFOAEPEI_01558,Cytoplasmic Membrane,0.0000,0.0000,0.0000,1.0000,0.0000,0.0000
OFOAEPEI_01559,Cytoplasmic Membrane,0.0000,0.0000,0.0000,1.0000,0.0000,0.0000
OFOAEPEI_01560,Cytoplasmic,0.0004,0.0030,0.6838,0.1103,0.2022,0.0002
OFOAEPEI_01561,Cytoplasmic Membrane,0.0002,0.0009,0.3016,0.5763,0.1200,0.0009
OFOAEPEI_01562,Cytoplasmic Membrane,0.0002,0.0005,0.0212,0.9551,0.0226,0.0004
OFOAEPEI_01563,Cytoplasmic Membrane,0.0000,0.0000,0.0000,0.9996,0.0004,0.0000
OFOAEPEI_01564,Cytoplasmic Membrane,0.0000,0.0000,0.0000,0.9999,0.0001,0.0000
OFOAEPEI_01565,Cytoplasmic Membrane,0.0007,0.0071,0.0000,0.5270,0.4644,0.0008
OFOAEPEI_01566,Extracellular,0.0103,0.9585,0.0009,0.0068,0.0102,0.0132
OFOAEPEI_01567,Cytoplasmic Membrane,0.0000,0.0001,0.0001,0.9992,0.0007,0.0000
OFOAEPEI_01568,Cytoplasmic Membrane,0.0001,0.0033,0.2898,0.7061,0.0006,0.0000
OFOAEPEI_01569,Cytoplasmic Membrane,0.0002,0.0151,0.0034,0.9684,0.0127,0.0001
OFOAEPEI_01570,Extracellular,0.0196,0.9405,0.0000,0.0352,0.0042,0.0005
OFOAEPEI_01571,Cytoplasmic,0.0000,0.4051,0.4876,0.0095,0.0975,0.0002
OFOAEPEI_01572,Cytoplasmic,0.0008,0.0035,0.6130,0.0276,0.3534,0.0017
OFOAEPEI_01573,Cytoplasmic,0.0000,0.1731,0.7061,0.0132,0.0992,0.0084
OFOAEPEI_01574,Cytoplasmic,0.0001,0.0351,0.9551,0.0067,0.0030,0.0001
OFOAEPEI_01575,Cytoplasmic Membrane,0.0000,0.0001,0.0000,0.9991,0.0008,0.0000
OFOAEPEI_01576,Cytoplasmic Membrane,0.0000,0.0005,0.0000,0.9990,0.0005,0.0000
OFOAEPEI_01577,Cytoplasmic Membrane,0.0006,0.0038,0.2312,0.7636,0.0008,0.0000
OFOAEPEI_01578,Cytoplasmic Membrane,0.0000,0.0007,0.0028,0.9951,0.0014,0.0000
OFOAEPEI_01579,Cytoplasmic,0.0000,0.0001,0.9979,0.0012,0.0007,0.0000
OFOAEPEI_01580,Cytoplasmic Membrane,0.0000,0.0007,0.0001,0.9963,0.0028,0.0000
OFOAEPEI_01581,Cytoplasmic,0.0000,0.0002,0.9627,0.0001,0.0350,0.0021
OFOAEPEI_01582,Cytoplasmic,0.0000,0.0001,0.9734,0.0001,0.0258,0.0007
OFOAEPEI_01583,Cytoplasmic,0.0020,0.1338,0.7767,0.0367,0.0503,0.0004
OFOAEPEI_01584,Cytoplasmic,0.0000,0.0008,0.9155,0.0001,0.0014,0.0823
OFOAEPEI_01585,Cytoplasmic,0.0000,0.0010,0.9985,0.0002,0.0003,0.0001
OFOAEPEI_01586,Cytoplasmic,0.0000,0.4106,0.5450,0.0352,0.0091,0.0000
OFOAEPEI_01587,Cytoplasmic,0.0002,0.0007,0.6910,0.0225,0.2839,0.0018
OFOAEPEI_01588,Cytoplasmic,0.0066,0.0807,0.7424,0.0048,0.1621,0.0034
OFOAEPEI_01589,Cytoplasmic,0.0000,0.0049,0.9618,0.0032,0.0217,0.0083
OFOAEPEI_01590,Cytoplasmic,0.0001,0.0586,0.8384,0.0400,0.0541,0.0089
OFOAEPEI_01591,Cytoplasmic,0.0001,0.0099,0.9704,0.0028,0.0051,0.0116
OFOAEPEI_01592,Cytoplasmic,0.0000,0.0071,0.9310,0.0350,0.0160,0.0109
OFOAEPEI_01593,Cytoplasmic,0.0002,0.0036,0.9863,0.0065,0.0033,0.0001
OFOAEPEI_01594,Cytoplasmic,0.0001,0.0022,0.9905,0.0008,0.0062,0.0002
OFOAEPEI_01595,Cytoplasmic,0.0001,0.0002,0.9861,0.0006,0.0103,0.0028
OFOAEPEI_01596,Cytoplasmic,0.0000,0.0002,0.9906,0.0021,0.0054,0.0017
OFOAEPEI_01597,Cytoplasmic Membrane,0.0000,0.0089,0.0003,0.9902,0.0005,0.0000
OFOAEPEI_01598,Cytoplasmic,0.0000,0.0005,0.9943,0.0005,0.0044,0.0003
OFOAEPEI_01599,Cytoplasmic Membrane,0.0000,0.0000,0.0000,0.9993,0.0006,0.0001
OFOAEPEI_01600,Cytoplasmic Membrane,0.0000,0.0001,0.0003,0.9966,0.0029,0.0001
OFOAEPEI_01601,Cytoplasmic,0.0000,0.0000,0.9685,0.0008,0.0303,0.0003
OFOAEPEI_01602,Cytoplasmic,0.0001,0.0012,0.9886,0.0045,0.0046,0.0010
OFOAEPEI_01603,Cytoplasmic,0.0001,0.0009,0.9819,0.0013,0.0134,0.0024
OFOAEPEI_01604,Cytoplasmic,0.0001,0.2668,0.3951,0.2377,0.0999,0.0003
OFOAEPEI_01605,Cytoplasmic,0.0000,0.0008,0.9957,0.0005,0.0011,0.0019
OFOAEPEI_01606,Cytoplasmic,0.0000,0.0177,0.9618,0.0100,0.0023,0.0083
OFOAEPEI_01607,Cytoplasmic,0.0000,0.0001,0.9779,0.0070,0.0111,0.0039
OFOAEPEI_01608,Cytoplasmic,0.0001,0.0006,0.9767,0.0017,0.0194,0.0015
OFOAEPEI_01609,Cytoplasmic,0.0000,0.2645,0.6054,0.0037,0.1203,0.0060
OFOAEPEI_01610,Cytoplasmic,0.0000,0.0004,0.9978,0.0004,0.0013,0.0001
OFOAEPEI_01611,Cytoplasmic,0.0000,0.0002,0.9318,0.0387,0.0280,0.0013
OFOAEPEI_01612,Cytoplasmic,0.0019,0.0885,0.5467,0.3490,0.0139,0.0000
OFOAEPEI_01613,Cytoplasmic,0.0002,0.0091,0.9477,0.0384,0.0046,0.0001
OFOAEPEI_01614,Cytoplasmic Membrane,0.0002,0.0024,0.3487,0.6436,0.0046,0.0004
OFOAEPEI_01615,Cytoplasmic Membrane,0.0000,0.0001,0.0001,0.9997,0.0001,0.0000
OFOAEPEI_01616,Cytoplasmic Membrane,0.0000,0.0668,0.0003,0.9302,0.0027,0.0000
OFOAEPEI_01617,Cytoplasmic,0.0003,0.0182,0.9741,0.0058,0.0016,0.0000
OFOAEPEI_01618,Cytoplasmic,0.0002,0.0018,0.9946,0.0027,0.0006,0.0001
OFOAEPEI_01619,Cytoplasmic,0.0000,0.0004,0.9755,0.0011,0.0222,0.0008
OFOAEPEI_01620,Cytoplasmic,0.0000,0.0002,0.9934,0.0014,0.0049,0.0000
OFOAEPEI_01621,Cytoplasmic,0.0000,0.0004,0.9924,0.0006,0.0054,0.0012
OFOAEPEI_01622,Cytoplasmic Membrane,0.0000,0.0002,0.0001,0.9961,0.0034,0.0001
OFOAEPEI_01623,Cytoplasmic Membrane,0.0000,0.0001,0.0005,0.9944,0.0049,0.0001
OFOAEPEI_01624,Cytoplasmic,0.0000,0.0010,0.9956,0.0003,0.0019,0.0012
OFOAEPEI_01625,Cytoplasmic,0.0010,0.0479,0.8324,0.1068,0.0120,0.0000
OFOAEPEI_01626,Cytoplasmic,0.0003,0.0179,0.9582,0.0138,0.0093,0.0004
OFOAEPEI_01627,Cytoplasmic,0.0000,0.0002,0.9996,0.0000,0.0001,0.0001
OFOAEPEI_01628,Cytoplasmic Membrane,0.0000,0.0000,0.0000,0.9997,0.0003,0.0000
OFOAEPEI_01629,Cytoplasmic Membrane,0.0000,0.0000,0.0001,0.9981,0.0018,0.0000
OFOAEPEI_01630,Cytoplasmic,0.0000,0.0001,0.9844,0.0010,0.0144,0.0001
OFOAEPEI_01631,Cytoplasmic,0.0015,0.0086,0.8366,0.1436,0.0095,0.0001
OFOAEPEI_01632,Cytoplasmic,0.0001,0.0005,0.9855,0.0024,0.0115,0.0001
OFOAEPEI_01633,Cytoplasmic,0.0005,0.0719,0.8664,0.0014,0.0549,0.0047
OFOAEPEI_01634,Cytoplasmic,0.0003,0.0076,0.8021,0.0514,0.1380,0.0007
OFOAEPEI_01635,Cytoplasmic,0.0005,0.0066,0.7886,0.0618,0.1394,0.0032
OFOAEPEI_01636,Cytoplasmic Membrane,0.0000,0.0001,0.1229,0.8686,0.0082,0.0001
OFOAEPEI_01637,Cytoplasmic Membrane,0.0000,0.0000,0.0000,0.9998,0.0002,0.0000
OFOAEPEI_01638,Cytoplasmic Membrane,0.0002,0.0060,0.0000,0.5098,0.4818,0.0022
OFOAEPEI_01639,Cytoplasmic Membrane,0.0000,0.0021,0.0045,0.9900,0.0032,0.0001
OFOAEPEI_01640,Cytoplasmic Membrane,0.0007,0.0469,0.0007,0.9500,0.0017,0.0000
OFOAEPEI_01641,Cytoplasmic,0.0000,0.0001,0.9959,0.0015,0.0023,0.0001
OFOAEPEI_01642,Cytoplasmic Membrane,0.0001,0.0031,0.1761,0.8081,0.0121,0.0005
OFOAEPEI_01643,Cytoplasmic Membrane,0.0000,0.0000,0.0000,0.9995,0.0004,0.0000
OFOAEPEI_01644,Cytoplasmic,0.0007,0.0027,0.9856,0.0008,0.0081,0.0021
OFOAEPEI_01645,Cytoplasmic Membrane,0.0033,0.0659,0.1631,0.7204,0.0454,0.0021
OFOAEPEI_01646,Cytoplasmic Membrane,0.0036,0.4604,0.0044,0.5036,0.0274,0.0005
OFOAEPEI_01647,Cytoplasmic,0.0000,0.0012,0.9701,0.0181,0.0104,0.0002
OFOAEPEI_01648,Cytoplasmic,0.0001,0.0366,0.9456,0.0078,0.0095,0.0004
OFOAEPEI_01649,Cytoplasmic Membrane,0.0060,0.0441,0.0002,0.9409,0.0087,0.0001
OFOAEPEI_01650,Cytoplasmic,0.0002,0.0190,0.9749,0.0053,0.0006,0.0000
OFOAEPEI_01651,Cytoplasmic,0.0003,0.0056,0.8981,0.0330,0.0603,0.0027
OFOAEPEI_01652,Cytoplasmic,0.0018,0.0003,0.8578,0.0005,0.1397,0.0000
OFOAEPEI_01653,Cytoplasmic Membrane,0.0001,0.0003,0.0003,0.9928,0.0065,0.0000
OFOAEPEI_01654,Cytoplasmic Membrane,0.0000,0.0001,0.0003,0.9993,0.0004,0.0000
OFOAEPEI_01655,Outer Membrane,0.0000,0.0000,0.4073,0.0019,0.5905,0.0002
OFOAEPEI_01656,Outer Membrane,0.0005,0.0132,0.4187,0.0106,0.5556,0.0015
OFOAEPEI_01657,Cytoplasmic,0.0000,0.0001,0.9738,0.0014,0.0244,0.0003
OFOAEPEI_01658,Cytoplasmic Membrane,0.0000,0.0314,0.0017,0.9648,0.0021,0.0000
OFOAEPEI_01659,Cytoplasmic,0.0001,0.2172,0.7444,0.0067,0.0313,0.0003
OFOAEPEI_01660,Cytoplasmic,0.0003,0.0424,0.8123,0.1004,0.0437,0.0009
OFOAEPEI_01661,Cytoplasmic Membrane,0.0000,0.0011,0.0018,0.9952,0.0019,0.0000
OFOAEPEI_01662,Cytoplasmic,0.0000,0.0018,0.9946,0.0030,0.0005,0.0001
OFOAEPEI_01663,Cytoplasmic,0.0001,0.0037,0.9939,0.0014,0.0009,0.0000
OFOAEPEI_01664,Cytoplasmic Membrane,0.0000,0.0001,0.0000,0.9989,0.0009,0.0000
OFOAEPEI_01665,Cytoplasmic,0.0001,0.0007,0.9918,0.0005,0.0064,0.0004
OFOAEPEI_01666,Cytoplasmic,0.0001,0.0002,0.9817,0.0175,0.0004,0.0001
OFOAEPEI_01667,Cytoplasmic,0.0002,0.0027,0.9818,0.0066,0.0070,0.0017
OFOAEPEI_01668,Cytoplasmic,0.0002,0.0010,0.9429,0.0553,0.0006,0.0000
OFOAEPEI_01669,Cytoplasmic Membrane,0.0000,0.0292,0.0000,0.9677,0.0031,0.0000
OFOAEPEI_01670,Cytoplasmic Membrane,0.0008,0.0937,0.0000,0.9021,0.0034,0.0000
OFOAEPEI_01671,Cytoplasmic Membrane,0.0000,0.0000,0.0000,0.9999,0.0000,0.0000
OFOAEPEI_01672,Cytoplasmic,0.0016,0.0004,0.9894,0.0051,0.0029,0.0006
OFOAEPEI_01673,Cytoplasmic,0.0002,0.0005,0.9922,0.0045,0.0025,0.0001
OFOAEPEI_01674,Cytoplasmic,0.0001,0.0030,0.9952,0.0014,0.0003,0.0001
OFOAEPEI_01675,Cytoplasmic,0.0001,0.0067,0.9533,0.0010,0.0351,0.0037
OFOAEPEI_01676,Cytoplasmic,0.0004,0.0036,0.9900,0.0026,0.0024,0.0009
OFOAEPEI_01677,Cytoplasmic,0.0000,0.0021,0.9628,0.0047,0.0294,0.0010
OFOAEPEI_01678,Cytoplasmic Membrane,0.0000,0.0002,0.0000,0.9990,0.0008,0.0000
OFOAEPEI_01679,Cytoplasmic,0.0000,0.0004,0.9987,0.0001,0.0005,0.0003
OFOAEPEI_01680,Cytoplasmic,0.0003,0.0076,0.8380,0.0768,0.0467,0.0306
OFOAEPEI_01681,Cytoplasmic Membrane,0.0002,0.0120,0.0013,0.9532,0.0333,0.0000
OFOAEPEI_01682,Cytoplasmic,0.0000,0.0001,0.9983,0.0008,0.0008,0.0000
OFOAEPEI_01683,Cytoplasmic,0.0000,0.0229,0.6094,0.2943,0.0731,0.0003
OFOAEPEI_01684,Cytoplasmic,0.0002,0.0002,0.9942,0.0051,0.0003,0.0000
OFOAEPEI_01685,Cytoplasmic,0.0002,0.0314,0.9332,0.0345,0.0004,0.0002
OFOAEPEI_01686,Cytoplasmic,0.0000,0.0047,0.9948,0.0003,0.0001,0.0001
OFOAEPEI_01687,Cytoplasmic Membrane,0.0000,0.0004,0.0010,0.9959,0.0026,0.0000
OFOAEPEI_01688,Cytoplasmic,0.0003,0.0009,0.8564,0.0375,0.1039,0.0011
OFOAEPEI_01689,Cytoplasmic,0.0000,0.0006,0.8306,0.0007,0.1667,0.0014
OFOAEPEI_01690,Cytoplasmic,0.0000,0.0026,0.9935,0.0001,0.0034,0.0004
OFOAEPEI_01691,Cytoplasmic Membrane,0.0000,0.0020,0.0031,0.9901,0.0047,0.0000
OFOAEPEI_01692,Cytoplasmic Membrane,0.0000,0.0001,0.0002,0.9970,0.0027,0.0000
OFOAEPEI_01693,Cytoplasmic Membrane,0.0000,0.0020,0.0119,0.9845,0.0017,0.0000
OFOAEPEI_01694,Cytoplasmic,0.0003,0.0011,0.9597,0.0169,0.0219,0.0001
OFOAEPEI_01695,Cytoplasmic,0.0002,0.0019,0.9950,0.0011,0.0017,0.0001
OFOAEPEI_01696,Cytoplasmic Membrane,0.0001,0.0563,0.0052,0.9067,0.0312,0.0007
OFOAEPEI_01697,Cytoplasmic Membrane,0.0007,0.0103,0.4223,0.5400,0.0252,0.0015
OFOAEPEI_01698,Cytoplasmic Membrane,0.0000,0.0000,0.0001,0.9992,0.0007,0.0000
OFOAEPEI_01699,Cytoplasmic,0.0002,0.0005,0.9333,0.0026,0.0620,0.0013
OFOAEPEI_01700,Cytoplasmic,0.0001,0.0011,0.8803,0.0887,0.0287,0.0010
OFOAEPEI_01701,Cytoplasmic,0.0007,0.0007,0.9516,0.0305,0.0163,0.0002
OFOAEPEI_01702,Cytoplasmic,0.0003,0.0068,0.9592,0.0142,0.0193,0.0002
OFOAEPEI_01703,Cytoplasmic,0.0010,0.0135,0.9263,0.0425,0.0165,0.0002
OFOAEPEI_01704,Cytoplasmic Membrane,0.0001,0.1310,0.0002,0.8596,0.0090,0.0001
OFOAEPEI_01705,Cytoplasmic,0.0000,0.0162,0.9836,0.0001,0.0000,0.0001
OFOAEPEI_01706,Cytoplasmic,0.0004,0.0033,0.9223,0.0622,0.0106,0.0013
OFOAEPEI_01707,Cytoplasmic,0.0000,0.0002,0.9972,0.0018,0.0007,0.0000
OFOAEPEI_01708,Cytoplasmic,0.0002,0.0020,0.9874,0.0006,0.0095,0.0004
OFOAEPEI_01709,Extracellular,0.0001,0.8750,0.1004,0.0217,0.0027,0.0000
OFOAEPEI_01710,Cytoplasmic,0.0029,0.1545,0.7652,0.0537,0.0202,0.0034
OFOAEPEI_01711,Cytoplasmic,0.0000,0.0002,0.9972,0.0008,0.0017,0.0000
OFOAEPEI_01712,Cytoplasmic Membrane,0.0000,0.0016,0.0010,0.9961,0.0013,0.0000
OFOAEPEI_01713,Cytoplasmic Membrane,0.0000,0.0012,0.0000,0.9985,0.0002,0.0000
OFOAEPEI_01714,Cytoplasmic Membrane,0.0002,0.0020,0.0627,0.9108,0.0243,0.0001
OFOAEPEI_01715,Cytoplasmic Membrane,0.0000,0.0000,0.0000,0.9999,0.0000,0.0000
OFOAEPEI_01719,Cytoplasmic,0.0003,0.0080,0.9788,0.0113,0.0016,0.0000
OFOAEPEI_01720,Cytoplasmic,0.0021,0.0094,0.9637,0.0244,0.0004,0.0000
OFOAEPEI_01721,Cytoplasmic,0.0013,0.0051,0.9058,0.0867,0.0011,0.0001
OFOAEPEI_01722,Cytoplasmic,0.0005,0.0008,0.9573,0.0354,0.0058,0.0003
OFOAEPEI_01723,Cytoplasmic Membrane,0.0001,0.0361,0.0007,0.9496,0.0135,0.0001
OFOAEPEI_01724,Cytoplasmic,0.0003,0.0144,0.9430,0.0386,0.0037,0.0000
OFOAEPEI_01725,Cytoplasmic,0.0008,0.2140,0.7317,0.0361,0.0167,0.0006
OFOAEPEI_01726,Cytoplasmic,0.0014,0.2933,0.3520,0.3494,0.0035,0.0004
OFOAEPEI_01727,Cytoplasmic,0.0006,0.0666,0.8018,0.1242,0.0066,0.0003
OFOAEPEI_01728,Extracellular,0.0059,0.4967,0.0000,0.4959,0.0015,0.0000
OFOAEPEI_01729,Cytoplasmic,0.0008,0.0026,0.9551,0.0004,0.0411,0.0001
OFOAEPEI_01730,Cytoplasmic,0.0002,0.1508,0.7342,0.0751,0.0396,0.0000
OFOAEPEI_01731,Cytoplasmic,0.0000,0.0000,0.9986,0.0000,0.0014,0.0000
OFOAEPEI_01732,Cytoplasmic,0.0002,0.1998,0.7467,0.0468,0.0064,0.0001
OFOAEPEI_01733,Cytoplasmic Membrane,0.0000,0.0000,0.0000,0.9999,0.0001,0.0000
OFOAEPEI_01734,Cytoplasmic Membrane,0.0000,0.0002,0.0000,0.9996,0.0002,0.0000
OFOAEPEI_01735,Cytoplasmic,0.0009,0.0025,0.9697,0.0119,0.0149,0.0002
OFOAEPEI_01736,Cytoplasmic,0.0007,0.0046,0.9865,0.0065,0.0009,0.0008
OFOAEPEI_01737,Extracellular,0.3111,0.4058,0.0954,0.0074,0.1713,0.0091
OFOAEPEI_01738,Cytoplasmic Membrane,0.0008,0.1280,0.1212,0.6241,0.1078,0.0181
OFOAEPEI_01739,Cytoplasmic,0.0006,0.0045,0.8113,0.1813,0.0022,0.0001
OFOAEPEI_01740,Cytoplasmic,0.0006,0.0025,0.9303,0.0386,0.0258,0.0022
OFOAEPEI_01741,Cytoplasmic Membrane,0.0000,0.0000,0.0001,0.9990,0.0008,0.0000
OFOAEPEI_01742,Cytoplasmic,0.0001,0.0010,0.9972,0.0006,0.0005,0.0006
OFOAEPEI_01743,Cytoplasmic,0.0025,0.0337,0.9554,0.0054,0.0027,0.0003
OFOAEPEI_01744,Cytoplasmic,0.0003,0.0024,0.9869,0.0067,0.0033,0.0005
OFOAEPEI_01745,Cytoplasmic,0.0001,0.0007,0.9972,0.0005,0.0015,0.0000
OFOAEPEI_01746,Cytoplasmic Membrane,0.0000,0.0002,0.0000,0.9987,0.0010,0.0000
OFOAEPEI_01747,Cytoplasmic Membrane,0.0000,0.0000,0.0001,0.9980,0.0019,0.0000
OFOAEPEI_01748,Cytoplasmic,0.0001,0.0005,0.9777,0.0028,0.0187,0.0002
OFOAEPEI_01749,Cytoplasmic,0.0000,0.0007,0.9974,0.0005,0.0010,0.0004
OFOAEPEI_01750,Cytoplasmic,0.0000,0.0015,0.9944,0.0038,0.0002,0.0000
OFOAEPEI_01751,Cytoplasmic,0.0000,0.0013,0.9878,0.0040,0.0059,0.0009
OFOAEPEI_01752,Cytoplasmic,0.0000,0.0004,0.9537,0.0042,0.0384,0.0032
OFOAEPEI_01753,Cytoplasmic Membrane,0.0001,0.0266,0.0017,0.9676,0.0039,0.0000
OFOAEPEI_01754,Cytoplasmic,0.0007,0.0015,0.8855,0.1043,0.0079,0.0001
OFOAEPEI_01755,Cytoplasmic,0.0001,0.0001,0.9957,0.0039,0.0003,0.0000
OFOAEPEI_01756,Cytoplasmic,0.0000,0.0007,0.9982,0.0008,0.0002,0.0001
OFOAEPEI_01757,Cytoplasmic,0.0002,0.0007,0.9783,0.0197,0.0011,0.0001
OFOAEPEI_01758,Cytoplasmic,0.0001,0.0013,0.9526,0.0288,0.0167,0.0006
OFOAEPEI_01759,Cytoplasmic,0.0014,0.0023,0.9489,0.0267,0.0143,0.0064
OFOAEPEI_01760,Cytoplasmic,0.0004,0.0303,0.9531,0.0092,0.0031,0.0040
OFOAEPEI_01761,Cytoplasmic Membrane,0.0018,0.0099,0.3198,0.6661,0.0018,0.0006
OFOAEPEI_01762,Cytoplasmic Membrane,0.0000,0.0000,0.0001,0.9992,0.0006,0.0000
OFOAEPEI_01763,Cytoplasmic Membrane,0.0006,0.0037,0.0000,0.6841,0.3081,0.0034
OFOAEPEI_01764,Cytoplasmic,0.0001,0.0016,0.9957,0.0022,0.0005,0.0000
OFOAEPEI_01765,Cytoplasmic Membrane,0.0000,0.0000,0.0000,0.9996,0.0004,0.0000
OFOAEPEI_01766,Cytoplasmic Membrane,0.0000,0.0000,0.0000,1.0000,0.0000,0.0000
OFOAEPEI_01767,Cytoplasmic,0.0000,0.0002,0.9706,0.0280,0.0011,0.0000
OFOAEPEI_01768,Extracellular,0.1530,0.7548,0.0001,0.0920,0.0001,0.0000
OFOAEPEI_01769,Cytoplasmic Membrane,0.0005,0.0071,0.0009,0.9844,0.0067,0.0004
OFOAEPEI_01770,Cytoplasmic,0.0001,0.0005,0.9955,0.0011,0.0026,0.0003
OFOAEPEI_01771,Cytoplasmic Membrane,0.0000,0.0070,0.0056,0.9856,0.0017,0.0000
OFOAEPEI_01772,Cytoplasmic,0.0003,0.0029,0.8743,0.1215,0.0007,0.0003
OFOAEPEI_01773,Cytoplasmic Membrane,0.0000,0.0173,0.0036,0.9500,0.0290,0.0001
OFOAEPEI_01774,Cytoplasmic,0.0016,0.0120,0.9479,0.0007,0.0374,0.0004
OFOAEPEI_01775,Extracellular,0.0049,0.7364,0.2152,0.0015,0.0412,0.0009
OFOAEPEI_01776,Cytoplasmic Membrane,0.0000,0.0219,0.0085,0.9665,0.0031,0.0000
OFOAEPEI_01777,Cytoplasmic,0.0010,0.0040,0.9899,0.0029,0.0016,0.0005
OFOAEPEI_01778,Cytoplasmic,0.0001,0.3201,0.5869,0.0579,0.0347,0.0002
OFOAEPEI_01779,Cytoplasmic,0.0025,0.0804,0.7663,0.0495,0.0977,0.0036
OFOAEPEI_01780,Cytoplasmic,0.0001,0.0003,0.9980,0.0005,0.0006,0.0005
OFOAEPEI_01781,Cytoplasmic,0.0004,0.0040,0.9688,0.0076,0.0189,0.0003
OFOAEPEI_01782,Cytoplasmic Membrane,0.0000,0.0001,0.0001,0.9972,0.0026,0.0000
OFOAEPEI_01783,Cytoplasmic,0.0032,0.0073,0.8556,0.1306,0.0031,0.0001
OFOAEPEI_01784,Cytoplasmic,0.0000,0.0009,0.9948,0.0037,0.0006,0.0000
OFOAEPEI_01785,Cytoplasmic,0.0003,0.0027,0.9022,0.0368,0.0577,0.0003
OFOAEPEI_01786,Cytoplasmic,0.0001,0.0028,0.9953,0.0010,0.0005,0.0003
OFOAEPEI_01787,Cytoplasmic,0.0022,0.1161,0.5540,0.3149,0.0117,0.0011
OFOAEPEI_01788,Cytoplasmic,0.0000,0.0006,0.9985,0.0002,0.0004,0.0003
OFOAEPEI_01789,Cytoplasmic Membrane,0.0000,0.0000,0.0000,0.9991,0.0008,0.0000
OFOAEPEI_01790,Cytoplasmic Membrane,0.0000,0.0001,0.0005,0.9945,0.0046,0.0003
OFOAEPEI_01791,Cytoplasmic,0.0000,0.0000,0.9925,0.0008,0.0065,0.0002
OFOAEPEI_01792,Cytoplasmic,0.0000,0.0002,0.9428,0.0241,0.0309,0.0020
OFOAEPEI_01793,Cytoplasmic Membrane,0.0000,0.0002,0.0020,0.9964,0.0013,0.0000
OFOAEPEI_01794,Cytoplasmic,0.0022,0.1742,0.7254,0.0391,0.0585,0.0005
OFOAEPEI_01795,Cytoplasmic,0.0000,0.0026,0.9892,0.0071,0.0011,0.0000
OFOAEPEI_01796,Cytoplasmic,0.0002,0.0027,0.8364,0.0181,0.0269,0.1157
OFOAEPEI_01797,Cytoplasmic,0.0001,0.0022,0.9920,0.0005,0.0032,0.0021
OFOAEPEI_01798,Cytoplasmic,0.0000,0.0015,0.8607,0.1225,0.0092,0.0060
OFOAEPEI_01799,Cytoplasmic,0.0000,0.0047,0.9942,0.0008,0.0002,0.0001
OFOAEPEI_01800,Cytoplasmic,0.0003,0.0040,0.9665,0.0063,0.0229,0.0000
OFOAEPEI_01801,Cytoplasmic,0.0004,0.1331,0.8330,0.0008,0.0189,0.0139
OFOAEPEI_01802,Cytoplasmic Membrane,0.0000,0.0003,0.0018,0.9968,0.0011,0.0000
OFOAEPEI_01803,Cytoplasmic,0.0002,0.1209,0.8469,0.0003,0.0217,0.0100
OFOAEPEI_01804,Cytoplasmic,0.0001,0.0010,0.9981,0.0004,0.0002,0.0001
OFOAEPEI_01805,Cytoplasmic Membrane,0.0000,0.0001,0.0001,0.9981,0.0017,0.0000
OFOAEPEI_01806,Cytoplasmic,0.0000,0.0011,0.9930,0.0002,0.0008,0.0049
OFOAEPEI_01807,Cytoplasmic,0.0001,0.0015,0.9826,0.0130,0.0028,0.0000
OFOAEPEI_01808,Cytoplasmic,0.0000,0.0003,0.9977,0.0018,0.0002,0.0000
OFOAEPEI_01809,Cytoplasmic Membrane,0.0001,0.0357,0.0053,0.9493,0.0071,0.0026
OFOAEPEI_01810,Cytoplasmic Membrane,0.0000,0.0028,0.0000,0.9967,0.0005,0.0000
OFOAEPEI_01811,Cytoplasmic,0.0003,0.0973,0.8623,0.0189,0.0207,0.0004
OFOAEPEI_01812,Cytoplasmic,0.0003,0.0055,0.9813,0.0085,0.0044,0.0001
OFOAEPEI_01813,Cytoplasmic Membrane,0.0000,0.0000,0.0000,0.9999,0.0001,0.0000
OFOAEPEI_01814,Cytoplasmic,0.0001,0.0003,0.9778,0.0206,0.0012,0.0000
OFOAEPEI_01815,Cytoplasmic Membrane,0.0000,0.0012,0.0001,0.9969,0.0019,0.0000
OFOAEPEI_01816,Cytoplasmic Membrane,0.0000,0.0000,0.0000,0.9995,0.0005,0.0000
OFOAEPEI_01817,Cytoplasmic,0.0001,0.0002,0.9985,0.0006,0.0005,0.0001
OFOAEPEI_01818,Cytoplasmic,0.0000,0.0007,0.9455,0.0014,0.0239,0.0285
OFOAEPEI_01819,Cytoplasmic,0.0001,0.0170,0.9119,0.0403,0.0274,0.0033
OFOAEPEI_01820,Cytoplasmic,0.0000,0.0017,0.9823,0.0121,0.0035,0.0004
OFOAEPEI_01821,Cytoplasmic,0.0000,0.0022,0.9758,0.0034,0.0181,0.0005
OFOAEPEI_01822,Cytoplasmic,0.0008,0.3699,0.5885,0.0290,0.0111,0.0008
OFOAEPEI_01823,Cytoplasmic,0.0003,0.0011,0.9900,0.0078,0.0006,0.0002
OFOAEPEI_01824,Cytoplasmic,0.0001,0.0005,0.9960,0.0003,0.0018,0.0013
OFOAEPEI_01825,Cytoplasmic,0.0000,0.0028,0.9912,0.0010,0.0040,0.0011
OFOAEPEI_01826,Cytoplasmic,0.0003,0.0187,0.9505,0.0029,0.0271,0.0005
OFOAEPEI_01827,Cytoplasmic,0.0002,0.0033,0.9915,0.0042,0.0007,0.0000
OFOAEPEI_01828,Cytoplasmic,0.0001,0.0007,0.9965,0.0008,0.0016,0.0003
OFOAEPEI_01829,Cytoplasmic,0.0002,0.0012,0.9971,0.0007,0.0004,0.0003
OFOAEPEI_01830,Cytoplasmic,0.0003,0.0277,0.9606,0.0090,0.0022,0.0003
OFOAEPEI_01831,Cytoplasmic,0.0006,0.0015,0.9584,0.0290,0.0104,0.0001
OFOAEPEI_01832,Cytoplasmic,0.0000,0.0001,0.9954,0.0031,0.0013,0.0001
OFOAEPEI_01833,Cytoplasmic,0.0001,0.0138,0.9334,0.0006,0.0424,0.0098
OFOAEPEI_01834,Cytoplasmic,0.0001,0.0001,0.9960,0.0016,0.0021,0.0001
OFOAEPEI_01835,Cytoplasmic,0.0001,0.0006,0.9415,0.0009,0.0567,0.0002
OFOAEPEI_01836,Cytoplasmic,0.0012,0.0348,0.8097,0.1358,0.0184,0.0000
OFOAEPEI_01837,Cytoplasmic,0.0001,0.0019,0.9951,0.0005,0.0023,0.0001
OFOAEPEI_01838,Cytoplasmic,0.0000,0.0001,0.9969,0.0001,0.0022,0.0007
OFOAEPEI_01839,Cytoplasmic Membrane,0.0000,0.0001,0.0000,0.9969,0.0030,0.0000
OFOAEPEI_01840,Cytoplasmic,0.0001,0.0016,0.9522,0.0259,0.0196,0.0006
OFOAEPEI_01841,Cytoplasmic Membrane,0.0000,0.0029,0.0009,0.9812,0.0149,0.0000
OFOAEPEI_01842,Cytoplasmic Membrane,0.0000,0.0021,0.0002,0.9937,0.0039,0.0000
OFOAEPEI_01843,Cytoplasmic Membrane,0.0070,0.2579,0.0200,0.7050,0.0099,0.0002
OFOAEPEI_01844,Cytoplasmic,0.0011,0.0642,0.8684,0.0625,0.0035,0.0003
OFOAEPEI_01845,Cytoplasmic,0.0000,0.0001,0.9994,0.0003,0.0002,0.0000
OFOAEPEI_01846,Cytoplasmic,0.0001,0.0006,0.9924,0.0043,0.0024,0.0002
OFOAEPEI_01847,Extracellular,0.0003,0.4923,0.4418,0.0234,0.0419,0.0003
OFOAEPEI_01848,Cytoplasmic,0.0001,0.0042,0.9944,0.0004,0.0005,0.0005
OFOAEPEI_01849,Cytoplasmic Membrane,0.0051,0.1510,0.0002,0.8420,0.0017,0.0000
OFOAEPEI_01850,Cytoplasmic,0.0084,0.0030,0.7536,0.2245,0.0094,0.0010
OFOAEPEI_01851,Cytoplasmic,0.0001,0.0003,0.8871,0.1114,0.0009,0.0001
OFOAEPEI_01852,Cytoplasmic,0.0015,0.3443,0.5581,0.0158,0.0801,0.0002
OFOAEPEI_01853,Cytoplasmic,0.0001,0.0031,0.9396,0.0437,0.0135,0.0001
OFOAEPEI_01854,Cytoplasmic,0.0001,0.0001,0.9990,0.0003,0.0004,0.0001
OFOAEPEI_01855,Cytoplasmic,0.0005,0.0572,0.7560,0.1842,0.0018,0.0003
OFOAEPEI_01856,Cytoplasmic Membrane,0.0000,0.0000,0.0000,0.9996,0.0004,0.0000
OFOAEPEI_01857,Cytoplasmic,0.0013,0.0168,0.8424,0.1385,0.0010,0.0000
OFOAEPEI_01858,Cytoplasmic,0.0001,0.0017,0.9957,0.0021,0.0005,0.0000
OFOAEPEI_01859,Cytoplasmic,0.0000,0.0001,0.9988,0.0004,0.0001,0.0006
OFOAEPEI_01860,Cytoplasmic,0.0001,0.0021,0.9722,0.0024,0.0231,0.0002
OFOAEPEI_01861,Cytoplasmic,0.0008,0.0227,0.9558,0.0028,0.0175,0.0003
OFOAEPEI_01862,Cytoplasmic,0.0000,0.0005,0.9949,0.0009,0.0031,0.0006
OFOAEPEI_01863,Cytoplasmic,0.0001,0.0591,0.9226,0.0153,0.0026,0.0002
OFOAEPEI_01864,Cytoplasmic,0.0002,0.0013,0.9806,0.0045,0.0132,0.0003
OFOAEPEI_01865,Cytoplasmic,0.0005,0.0037,0.9341,0.0609,0.0009,0.0000
OFOAEPEI_01866,Cytoplasmic,0.0000,0.0009,0.9668,0.0010,0.0307,0.0006
OFOAEPEI_01867,Cytoplasmic,0.0000,0.0004,0.9948,0.0005,0.0041,0.0002
OFOAEPEI_01868,Cytoplasmic,0.0008,0.0676,0.8880,0.0116,0.0315,0.0003
OFOAEPEI_01869,Cytoplasmic Membrane,0.0000,0.0006,0.0002,0.9910,0.0081,0.0001
OFOAEPEI_01870,Cytoplasmic,0.0007,0.0059,0.8136,0.0153,0.1586,0.0058
OFOAEPEI_01871,Cytoplasmic,0.0007,0.0016,0.9887,0.0042,0.0048,0.0001
OFOAEPEI_01872,Cytoplasmic,0.0000,0.0009,0.9890,0.0077,0.0023,0.0001
OFOAEPEI_01873,Cytoplasmic,0.0000,0.0002,0.9743,0.0006,0.0248,0.0001
OFOAEPEI_01874,Cytoplasmic,0.0029,0.0440,0.9309,0.0035,0.0157,0.0031
OFOAEPEI_01875,Cytoplasmic,0.0001,0.0108,0.9859,0.0014,0.0018,0.0000
OFOAEPEI_01876,Cytoplasmic Membrane,0.0000,0.0027,0.0001,0.9939,0.0032,0.0000
OFOAEPEI_01877,Cytoplasmic Membrane,0.0001,0.0005,0.3855,0.4549,0.1589,0.0001
OFOAEPEI_01878,Cytoplasmic,0.0013,0.0005,0.9830,0.0135,0.0017,0.0000
OFOAEPEI_01879,Cytoplasmic,0.0007,0.0706,0.8844,0.0383,0.0055,0.0005
OFOAEPEI_01880,Cytoplasmic Membrane,0.0000,0.1002,0.0072,0.8897,0.0029,0.0000
OFOAEPEI_01881,Cytoplasmic Membrane,0.0000,0.0031,0.0009,0.9912,0.0047,0.0001
OFOAEPEI_01882,Cytoplasmic,0.0008,0.0525,0.9244,0.0115,0.0079,0.0029
OFOAEPEI_01883,Cytoplasmic,0.0000,0.0006,0.9621,0.0336,0.0036,0.0000
OFOAEPEI_01884,Cytoplasmic,0.0002,0.0189,0.9140,0.0208,0.0253,0.0208
OFOAEPEI_01885,Cytoplasmic Membrane,0.0000,0.0002,0.0001,0.9980,0.0018,0.0000
OFOAEPEI_01886,Cytoplasmic Membrane,0.0008,0.0821,0.0024,0.8947,0.0194,0.0006
OFOAEPEI_01887,Cytoplasmic,0.0001,0.0675,0.8630,0.0536,0.0150,0.0008
OFOAEPEI_01888,Cytoplasmic,0.0001,0.0017,0.8057,0.0218,0.0076,0.1631
OFOAEPEI_01889,Cytoplasmic,0.0005,0.1493,0.5799,0.1588,0.1005,0.0110
OFOAEPEI_01890,Cytoplasmic,0.0000,0.0001,0.9914,0.0001,0.0083,0.0001
OFOAEPEI_01891,Cytoplasmic Membrane,0.0074,0.2565,0.0008,0.7248,0.0105,0.0001
OFOAEPEI_01892,Cytoplasmic Membrane,0.0001,0.0246,0.0004,0.9698,0.0050,0.0000
OFOAEPEI_01893,Cytoplasmic,0.0010,0.0271,0.8959,0.0731,0.0028,0.0001
OFOAEPEI_01894,Cytoplasmic,0.0013,0.0176,0.9599,0.0053,0.0143,0.0016
OFOAEPEI_01895,Cytoplasmic,0.0001,0.0125,0.9862,0.0005,0.0005,0.0003
OFOAEPEI_01896,Cytoplasmic,0.0000,0.0001,0.9946,0.0047,0.0006,0.0000
OFOAEPEI_01897,Cytoplasmic,0.0001,0.0231,0.9508,0.0027,0.0213,0.0019
OFOAEPEI_01898,Cytoplasmic,0.0001,0.0004,0.9968,0.0000,0.0017,0.0009
OFOAEPEI_01899,Extracellular,0.0000,1.0000,0.0000,0.0000,0.0000,0.0000
OFOAEPEI_01900,Cytoplasmic Membrane,0.0001,0.0449,0.0016,0.9508,0.0026,0.0000
OFOAEPEI_01901,Cytoplasmic Membrane,0.0001,0.0495,0.0003,0.9467,0.0034,0.0000
OFOAEPEI_01902,Cytoplasmic,0.0006,0.0099,0.6704,0.2511,0.0679,0.0000
OFOAEPEI_01903,Cytoplasmic Membrane,0.0000,0.0739,0.0001,0.9223,0.0037,0.0000
OFOAEPEI_01904,Cytoplasmic Membrane,0.0004,0.0473,0.0083,0.9238,0.0201,0.0001
OFOAEPEI_01905,Cytoplasmic Membrane,0.0003,0.0316,0.0030,0.8900,0.0750,0.0002
OFOAEPEI_01906,Cytoplasmic Membrane,0.0000,0.0017,0.0002,0.9965,0.0017,0.0000
OFOAEPEI_01907,Extracellular,0.0000,0.8313,0.1658,0.0003,0.0020,0.0006
OFOAEPEI_01908,Cytoplasmic,0.0000,0.0003,0.9971,0.0004,0.0020,0.0003
OFOAEPEI_01909,Cytoplasmic,0.0001,0.0004,0.9932,0.0019,0.0041,0.0004
OFOAEPEI_01910,Cytoplasmic,0.0000,0.0002,0.9858,0.0108,0.0030,0.0002
OFOAEPEI_01911,Cytoplasmic,0.0001,0.0014,0.9752,0.0158,0.0069,0.0005
OFOAEPEI_01912,Cytoplasmic Membrane,0.0000,0.0000,0.0000,0.9982,0.0017,0.0000
OFOAEPEI_01913,Cytoplasmic Membrane,0.0001,0.0002,0.0007,0.9923,0.0067,0.0001
OFOAEPEI_01914,Cytoplasmic,0.0002,0.0005,0.9835,0.0035,0.0122,0.0001
OFOAEPEI_01915,Cytoplasmic,0.0001,0.0024,0.9270,0.0357,0.0332,0.0015
OFOAEPEI_01916,Cytoplasmic,0.0000,0.0004,0.9940,0.0021,0.0034,0.0001
OFOAEPEI_01917,Cytoplasmic,0.0002,0.0014,0.9351,0.0029,0.0587,0.0018
OFOAEPEI_01918,Cytoplasmic,0.0001,0.0068,0.9835,0.0008,0.0077,0.0011
OFOAEPEI_01919,Cytoplasmic,0.0001,0.0002,0.9933,0.0006,0.0052,0.0006
OFOAEPEI_01920,Cytoplasmic Membrane,0.0000,0.0003,0.0001,0.9967,0.0028,0.0001
OFOAEPEI_01921,Cytoplasmic,0.0000,0.0003,0.9977,0.0004,0.0016,0.0001
OFOAEPEI_01922,Cytoplasmic,0.0003,0.0030,0.9442,0.0517,0.0008,0.0000
OFOAEPEI_01923,Cytoplasmic Membrane,0.0001,0.0014,0.0011,0.9960,0.0014,0.0000
OFOAEPEI_01924,Cytoplasmic,0.0000,0.0006,0.9458,0.0003,0.0512,0.0021
OFOAEPEI_01925,Cytoplasmic,0.0001,0.1565,0.6754,0.0574,0.0363,0.0742
OFOAEPEI_01926,Cytoplasmic,0.0004,0.0009,0.9592,0.0053,0.0339,0.0003
OFOAEPEI_01927,Cytoplasmic,0.0000,0.0000,0.9991,0.0000,0.0009,0.0000
OFOAEPEI_01928,Cytoplasmic,0.0001,0.0018,0.9862,0.0112,0.0007,0.0000
OFOAEPEI_01929,Cytoplasmic Membrane,0.0006,0.0635,0.0003,0.9340,0.0015,0.0000
OFOAEPEI_01930,Extracellular,0.0850,0.9123,0.0000,0.0011,0.0012,0.0003
OFOAEPEI_01931,Extracellular,0.1150,0.8826,0.0000,0.0002,0.0021,0.0001
OFOAEPEI_01932,Cytoplasmic,0.0001,0.0431,0.9040,0.0005,0.0515,0.0008
OFOAEPEI_01933,Cytoplasmic Membrane,0.0000,0.0163,0.0004,0.9798,0.0036,0.0001
OFOAEPEI_01934,Cytoplasmic,0.0000,0.0000,0.9950,0.0037,0.0012,0.0000
OFOAEPEI_01935,Cytoplasmic Membrane,0.0001,0.0211,0.0002,0.9780,0.0006,0.0000
OFOAEPEI_01936,Extracellular,0.0001,0.5196,0.4548,0.0022,0.0173,0.0060
OFOAEPEI_01937,Cytoplasmic,0.0004,0.0025,0.9131,0.0568,0.0249,0.0023
OFOAEPEI_01938,Cytoplasmic,0.0007,0.0081,0.6878,0.2116,0.0889,0.0028
OFOAEPEI_01939,Cytoplasmic Membrane,0.0115,0.0873,0.0062,0.8576,0.0335,0.0038
OFOAEPEI_01940,Cytoplasmic,0.0000,0.0001,0.9973,0.0002,0.0024,0.0001
OFOAEPEI_01941,Cytoplasmic Membrane,0.0000,0.0002,0.0000,0.9985,0.0012,0.0000
OFOAEPEI_01942,Cytoplasmic,0.0001,0.0033,0.9885,0.0033,0.0046,0.0001
OFOAEPEI_01943,Cytoplasmic,0.0007,0.0011,0.9851,0.0015,0.0114,0.0002
OFOAEPEI_01944,Cytoplasmic Membrane,0.0000,0.0517,0.0001,0.9468,0.0013,0.0000
OFOAEPEI_01945,Cytoplasmic,0.0000,0.0003,0.9973,0.0002,0.0020,0.0001
OFOAEPEI_01946,Cytoplasmic,0.0001,0.1127,0.7149,0.0581,0.1123,0.0018
OFOAEPEI_01947,Cytoplasmic,0.0001,0.0009,0.9825,0.0016,0.0142,0.0007
OFOAEPEI_01948,Cytoplasmic,0.0000,0.0051,0.8987,0.0056,0.0872,0.0035
OFOAEPEI_01949,Cytoplasmic,0.0100,0.1050,0.7769,0.0633,0.0424,0.0024
OFOAEPEI_01950,Cytoplasmic,0.0000,0.0001,0.9498,0.0040,0.0432,0.0029
OFOAEPEI_01951,Cytoplasmic,0.0002,0.0022,0.9939,0.0011,0.0025,0.0002
OFOAEPEI_01952,Cytoplasmic,0.0001,0.0004,0.9978,0.0002,0.0015,0.0001
OFOAEPEI_01953,Cytoplasmic Membrane,0.0002,0.0112,0.0022,0.9699,0.0158,0.0007
OFOAEPEI_01954,Cytoplasmic Membrane,0.0000,0.0025,0.0007,0.9819,0.0147,0.0002
OFOAEPEI_01955,Cytoplasmic,0.0006,0.0026,0.8441,0.0137,0.1235,0.0155
OFOAEPEI_01956,Cytoplasmic,0.0001,0.0009,0.9867,0.0041,0.0080,0.0001
OFOAEPEI_01957,Cytoplasmic,0.0026,0.0123,0.8070,0.1643,0.0138,0.0000
OFOAEPEI_01958,Cytoplasmic Membrane,0.0000,0.0059,0.0000,0.9917,0.0023,0.0000
OFOAEPEI_01959,Cytoplasmic,0.0000,0.0001,0.8590,0.0361,0.1045,0.0003
OFOAEPEI_01960,Cytoplasmic,0.0007,0.0010,0.5476,0.3010,0.1478,0.0019
OFOAEPEI_01961,Cytoplasmic,0.0031,0.0027,0.6319,0.3610,0.0011,0.0002
OFOAEPEI_01962,Cytoplasmic,0.0010,0.0021,0.4924,0.3052,0.1971,0.0022
OFOAEPEI_01963,Cytoplasmic Membrane,0.0085,0.0025,0.4415,0.5084,0.0292,0.0098
OFOAEPEI_01964,Cytoplasmic Membrane,0.0000,0.0000,0.0000,0.9991,0.0009,0.0000
OFOAEPEI_01965,Cytoplasmic Membrane,0.0000,0.0016,0.0002,0.9820,0.0161,0.0002
OFOAEPEI_01966,Cytoplasmic Membrane,0.0000,0.0000,0.0000,0.9997,0.0003,0.0000
OFOAEPEI_01967,Cytoplasmic Membrane,0.0000,0.0003,0.0003,0.9988,0.0005,0.0000
OFOAEPEI_01968,Cytoplasmic,0.0001,0.0004,0.9727,0.0032,0.0234,0.0002
OFOAEPEI_01969,Extracellular,0.0050,0.6991,0.2753,0.0025,0.0180,0.0001
OFOAEPEI_01970,Cytoplasmic,0.0014,0.0864,0.8246,0.0296,0.0580,0.0001
OFOAEPEI_01971,Cytoplasmic,0.0023,0.0494,0.5678,0.3200,0.0507,0.0099
OFOAEPEI_01972,Cytoplasmic,0.0001,0.0994,0.7352,0.1494,0.0159,0.0001
OFOAEPEI_01973,Cytoplasmic,0.0007,0.1345,0.6370,0.1973,0.0289,0.0016
OFOAEPEI_01974,Cytoplasmic,0.0001,0.0018,0.9868,0.0106,0.0007,0.0000
OFOAEPEI_01975,Cytoplasmic,0.0010,0.0172,0.8758,0.0239,0.0807,0.0014
OFOAEPEI_01976,Cytoplasmic,0.0002,0.0216,0.8938,0.0805,0.0037,0.0003
OFOAEPEI_01977,Cytoplasmic Membrane,0.0000,0.0002,0.0001,0.9985,0.0012,0.0000
OFOAEPEI_01978,Cytoplasmic,0.0004,0.0004,0.9975,0.0007,0.0008,0.0001
OFOAEPEI_01979,Cytoplasmic,0.0000,0.0001,0.9878,0.0116,0.0005,0.0000
OFOAEPEI_01980,Cytoplasmic,0.0015,0.0035,0.8049,0.1855,0.0046,0.0000
OFOAEPEI_01981,Cytoplasmic Membrane,0.0000,0.0000,0.0000,0.9998,0.0001,0.0000
OFOAEPEI_01982,Cytoplasmic,0.0004,0.0134,0.9781,0.0023,0.0058,0.0000
OFOAEPEI_01983,Cytoplasmic,0.0001,0.0008,0.9548,0.0028,0.0394,0.0021
OFOAEPEI_01984,Cytoplasmic Membrane,0.0000,0.0003,0.0002,0.9958,0.0037,0.0000
OFOAEPEI_01985,Cytoplasmic,0.0000,0.0341,0.9056,0.0492,0.0095,0.0016
OFOAEPEI_01986,Cytoplasmic Membrane,0.0015,0.0283,0.1725,0.7540,0.0352,0.0084
OFOAEPEI_01987,Cytoplasmic,0.0000,0.0000,0.9955,0.0000,0.0044,0.0001
OFOAEPEI_01988,Cytoplasmic Membrane,0.0001,0.0041,0.0005,0.9935,0.0018,0.0000
OFOAEPEI_01989,Cytoplasmic,0.0032,0.0313,0.9333,0.0170,0.0143,0.0008
OFOAEPEI_01990,Extracellular,0.0492,0.7384,0.0001,0.1227,0.0809,0.0086
OFOAEPEI_01991,Extracellular,0.0073,0.9900,0.0001,0.0009,0.0014,0.0003
OFOAEPEI_01992,Cytoplasmic Membrane,0.2781,0.1087,0.0007,0.5651,0.0473,0.0000
OFOAEPEI_01993,Cytoplasmic Membrane,0.1258,0.0668,0.0006,0.7244,0.0822,0.0002
OFOAEPEI_01994,Extracellular,0.0075,0.9501,0.0000,0.0331,0.0090,0.0003
OFOAEPEI_01995,Cytoplasmic,0.0005,0.1974,0.6257,0.1649,0.0110,0.0006
OFOAEPEI_01996,Cytoplasmic,0.0013,0.0496,0.7975,0.0598,0.0911,0.0008
OFOAEPEI_01997,Cytoplasmic,0.0009,0.0197,0.9101,0.0507,0.0182,0.0003
OFOAEPEI_01998,Cytoplasmic,0.0000,0.0000,0.9985,0.0002,0.0011,0.0001
OFOAEPEI_01999,Cytoplasmic Membrane,0.0000,0.0005,0.0000,0.9978,0.0016,0.0000
OFOAEPEI_02000,Cytoplasmic,0.0002,0.0924,0.8160,0.0068,0.0789,0.0057
OFOAEPEI_02001,Cytoplasmic Membrane,0.0000,0.0014,0.0002,0.9958,0.0026,0.0000
OFOAEPEI_02002,Cytoplasmic,0.0001,0.0121,0.9844,0.0012,0.0021,0.0000
OFOAEPEI_02003,Cytoplasmic Membrane,0.0020,0.1499,0.0086,0.8304,0.0091,0.0000
OFOAEPEI_02004,Cytoplasmic,0.0005,0.0025,0.9840,0.0119,0.0011,0.0001
OFOAEPEI_02005,Cytoplasmic Membrane,0.0000,0.0001,0.0002,0.9987,0.0009,0.0000
OFOAEPEI_02006,Cytoplasmic Membrane,0.0001,0.0004,0.3663,0.6295,0.0030,0.0008
OFOAEPEI_02007,Cytoplasmic Membrane,0.0000,0.0000,0.0000,0.9999,0.0001,0.0000
OFOAEPEI_02008,Cytoplasmic Membrane,0.0000,0.0000,0.0000,0.9999,0.0001,0.0000
OFOAEPEI_02009,Cytoplasmic Membrane,0.0000,0.0009,0.0003,0.9970,0.0018,0.0000
OFOAEPEI_02010,Cytoplasmic,0.0000,0.0007,0.9923,0.0026,0.0043,0.0001
OFOAEPEI_02011,Cytoplasmic,0.0001,0.0032,0.9924,0.0006,0.0035,0.0001
OFOAEPEI_02012,Cytoplasmic,0.0002,0.0015,0.9912,0.0063,0.0007,0.0001
OFOAEPEI_02013,Cytoplasmic,0.0006,0.0028,0.9772,0.0081,0.0104,0.0008
OFOAEPEI_02014,Cytoplasmic,0.0001,0.0019,0.9895,0.0010,0.0059,0.0015
OFOAEPEI_02015,Cytoplasmic Membrane,0.0000,0.0000,0.0000,0.9998,0.0002,0.0000
OFOAEPEI_02016,Cytoplasmic,0.0001,0.0004,0.9987,0.0004,0.0004,0.0001
OFOAEPEI_02017,Cytoplasmic,0.0008,0.1036,0.8852,0.0064,0.0028,0.0011
OFOAEPEI_02018,Cytoplasmic Membrane,0.0000,0.0001,0.0000,0.9992,0.0007,0.0000
OFOAEPEI_02019,Cytoplasmic Membrane,0.0000,0.0002,0.0001,0.9973,0.0024,0.0000
OFOAEPEI_02020,Cytoplasmic,0.0001,0.0001,0.9846,0.0015,0.0135,0.0002
OFOAEPEI_02021,Cytoplasmic,0.0014,0.0249,0.7456,0.2147,0.0132,0.0000
OFOAEPEI_02022,Cytoplasmic Membrane,0.0000,0.0016,0.0005,0.9951,0.0028,0.0000
OFOAEPEI_02023,Cytoplasmic,0.0007,0.0677,0.8827,0.0342,0.0139,0.0007
OFOAEPEI_02024,Cytoplasmic,0.0000,0.0357,0.9620,0.0008,0.0013,0.0000
OFOAEPEI_02025,Cytoplasmic Membrane,0.0000,0.0000,0.0000,0.9995,0.0005,0.0000
OFOAEPEI_02026,Cytoplasmic,0.0000,0.0004,0.9973,0.0008,0.0014,0.0001
OFOAEPEI_02027,Cytoplasmic,0.0011,0.2237,0.6214,0.1452,0.0085,0.0000
OFOAEPEI_02028,Cytoplasmic Membrane,0.0000,0.0000,0.0000,0.9998,0.0001,0.0000
OFOAEPEI_02029,Cytoplasmic,0.0001,0.0060,0.9884,0.0049,0.0004,0.0001
OFOAEPEI_02030,Cytoplasmic,0.0004,0.0018,0.8452,0.0006,0.1517,0.0003
OFOAEPEI_02031,Extracellular,0.0000,0.6887,0.2899,0.0192,0.0022,0.0000
OFOAEPEI_02032,Cytoplasmic Membrane,0.0000,0.0000,0.0000,0.9988,0.0012,0.0000
OFOAEPEI_02033,Cytoplasmic,0.0000,0.0002,0.9907,0.0089,0.0001,0.0000
OFOAEPEI_02034,Cytoplasmic,0.0001,0.0004,0.9967,0.0009,0.0014,0.0006
OFOAEPEI_02035,Cytoplasmic,0.0001,0.0006,0.9954,0.0007,0.0031,0.0001
OFOAEPEI_02036,Cytoplasmic,0.0002,0.0008,0.9196,0.0030,0.0687,0.0077
OFOAEPEI_02037,Cytoplasmic,0.0001,0.0010,0.9980,0.0007,0.0002,0.0000
OFOAEPEI_02038,Cytoplasmic,0.0002,0.0030,0.9344,0.0375,0.0135,0.0114
OFOAEPEI_02039,Cytoplasmic Membrane,0.0000,0.0011,0.0003,0.9979,0.0007,0.0000
OFOAEPEI_02040,Cytoplasmic Membrane,0.0000,0.0004,0.0013,0.9927,0.0055,0.0001
OFOAEPEI_02041,Cytoplasmic Membrane,0.0001,0.0011,0.0013,0.9954,0.0020,0.0001
OFOAEPEI_02042,Cytoplasmic,0.0013,0.0537,0.7450,0.1962,0.0039,0.0000
OFOAEPEI_02043,Cytoplasmic,0.0052,0.3285,0.5961,0.0516,0.0184,0.0002
OFOAEPEI_02044,Cytoplasmic,0.0002,0.0005,0.9949,0.0012,0.0023,0.0008
OFOAEPEI_02045,Cytoplasmic,0.0000,0.0009,0.9424,0.0149,0.0416,0.0001
OFOAEPEI_02046,Cytoplasmic,0.0003,0.0052,0.8239,0.1254,0.0451,0.0001
OFOAEPEI_02047,Cytoplasmic,0.0001,0.0004,0.9970,0.0002,0.0020,0.0003
OFOAEPEI_02048,Cytoplasmic,0.0001,0.0003,0.9947,0.0010,0.0039,0.0001
OFOAEPEI_02049,Cytoplasmic,0.0002,0.0008,0.9184,0.0030,0.0694,0.0081
OFOAEPEI_02050,Cytoplasmic Membrane,0.0000,0.0000,0.0000,0.9988,0.0011,0.0000
OFOAEPEI_02051,Cytoplasmic Membrane,0.0000,0.0001,0.0001,0.9951,0.0047,0.0000
OFOAEPEI_02052,Cytoplasmic,0.0000,0.0001,0.9818,0.0010,0.0165,0.0005
OFOAEPEI_02053,Cytoplasmic,0.0000,0.0010,0.9450,0.0224,0.0089,0.0227
OFOAEPEI_02054,Cytoplasmic,0.0002,0.0727,0.8691,0.0437,0.0134,0.0008
OFOAEPEI_02055,Cytoplasmic,0.0001,0.1447,0.8395,0.0002,0.0043,0.0112
OFOAEPEI_02056,Cytoplasmic,0.0000,0.0002,0.9971,0.0015,0.0012,0.0000
OFOAEPEI_02057,Cytoplasmic,0.0000,0.2861,0.5418,0.1491,0.0229,0.0001
OFOAEPEI_02058,Cytoplasmic,0.0000,0.0832,0.9093,0.0059,0.0015,0.0000
OFOAEPEI_02059,Cytoplasmic Membrane,0.0003,0.0450,0.4128,0.4954,0.0462,0.0003
OFOAEPEI_02060,Cytoplasmic,0.0000,0.0008,0.9963,0.0016,0.0011,0.0001
OFOAEPEI_02061,Cytoplasmic,0.0000,0.0001,0.9918,0.0009,0.0070,0.0001
OFOAEPEI_02062,Cytoplasmic,0.0003,0.0069,0.8245,0.1637,0.0043,0.0003
OFOAEPEI_02063,Cytoplasmic,0.0009,0.0051,0.8995,0.0035,0.0882,0.0028
OFOAEPEI_02064,Cytoplasmic,0.0001,0.2934,0.6255,0.0102,0.0705,0.0003
OFOAEPEI_02065,Cytoplasmic,0.0009,0.0003,0.9729,0.0084,0.0173,0.0001
OFOAEPEI_02066,Cytoplasmic,0.0032,0.0081,0.7850,0.1653,0.0377,0.0008
OFOAEPEI_02067,Cytoplasmic,0.0003,0.0003,0.9840,0.0017,0.0136,0.0001
OFOAEPEI_02068,Cytoplasmic,0.0001,0.0005,0.9904,0.0086,0.0003,0.0001
OFOAEPEI_02069,Cytoplasmic Membrane,0.0000,0.0002,0.0001,0.9990,0.0007,0.0000
OFOAEPEI_02070,Cytoplasmic,0.0001,0.0009,0.9514,0.0005,0.0468,0.0004
OFOAEPEI_02071,Cytoplasmic,0.0008,0.0098,0.9070,0.0601,0.0223,0.0001
OFOAEPEI_02072,Cytoplasmic Membrane,0.0024,0.0826,0.0006,0.8178,0.0966,0.0001
OFOAEPEI_02073,Cytoplasmic,0.0012,0.1016,0.7423,0.1297,0.0251,0.0001
OFOAEPEI_02074,Cytoplasmic,0.0001,0.1459,0.5899,0.2459,0.0029,0.0153
OFOAEPEI_02075,Cytoplasmic,0.0000,0.0015,0.9879,0.0029,0.0037,0.0040
OFOAEPEI_02076,Cytoplasmic,0.0002,0.0072,0.8906,0.0892,0.0049,0.0079
OFOAEPEI_02077,Cytoplasmic,0.0005,0.0018,0.9632,0.0191,0.0150,0.0004
OFOAEPEI_02078,Cytoplasmic,0.0132,0.2280,0.6166,0.0787,0.0628,0.0007
OFOAEPEI_02079,Cytoplasmic Membrane,0.0030,0.0804,0.0001,0.8593,0.0570,0.0001
OFOAEPEI_02080,Cytoplasmic,0.0009,0.0009,0.9837,0.0078,0.0023,0.0044
OFOAEPEI_02081,Cytoplasmic,0.0002,0.0005,0.9981,0.0003,0.0008,0.0000
OFOAEPEI_02083,Cytoplasmic,0.0001,0.0007,0.9957,0.0014,0.0019,0.0002
OFOAEPEI_02084,Cytoplasmic,0.0001,0.0005,0.9958,0.0026,0.0008,0.0001
OFOAEPEI_02085,Cytoplasmic Membrane,0.0001,0.0118,0.0005,0.9791,0.0076,0.0010
OFOAEPEI_02086,Cytoplasmic,0.0001,0.0278,0.9649,0.0037,0.0017,0.0019
OFOAEPEI_02087,Cytoplasmic,0.0007,0.0005,0.9902,0.0083,0.0003,0.0001
OFOAEPEI_02088,Cytoplasmic Membrane,0.0041,0.0846,0.0009,0.8734,0.0365,0.0005
OFOAEPEI_02089,Cytoplasmic,0.0014,0.0320,0.7506,0.2158,0.0002,0.0000
OFOAEPEI_02090,Cytoplasmic,0.0001,0.0141,0.9843,0.0001,0.0013,0.0000
OFOAEPEI_02091,Cytoplasmic,0.0000,0.0005,0.9977,0.0009,0.0008,0.0001
OFOAEPEI_02092,Cytoplasmic Membrane,0.0000,0.0002,0.0002,0.9989,0.0006,0.0000
OFOAEPEI_02093,Cytoplasmic,0.0001,0.0040,0.9923,0.0005,0.0028,0.0004
OFOAEPEI_02094,Cytoplasmic,0.0001,0.0022,0.9867,0.0007,0.0101,0.0002
OFOAEPEI_02095,Cytoplasmic,0.0003,0.0032,0.9550,0.0108,0.0303,0.0004
OFOAEPEI_02096,Cytoplasmic Membrane,0.0000,0.0001,0.0001,0.9988,0.0011,0.0000
OFOAEPEI_02097,Cytoplasmic Membrane,0.0000,0.0000,0.0004,0.9990,0.0005,0.0000
OFOAEPEI_02098,Cytoplasmic,0.0007,0.0074,0.7496,0.0094,0.2286,0.0042
OFOAEPEI_02099,Cytoplasmic,0.0000,0.0000,0.9832,0.0003,0.0162,0.0002
OFOAEPEI_02100,Cytoplasmic,0.0000,0.0006,0.9925,0.0059,0.0010,0.0000
OFOAEPEI_02101,Cytoplasmic Membrane,0.0001,0.0106,0.0003,0.9863,0.0026,0.0000
OFOAEPEI_02102,Cytoplasmic,0.0000,0.0000,0.9973,0.0023,0.0003,0.0000
OFOAEPEI_02103,Cytoplasmic Membrane,0.0000,0.0004,0.0017,0.9955,0.0024,0.0000
OFOAEPEI_02104,Cytoplasmic,0.0003,0.0059,0.9798,0.0119,0.0020,0.0001
OFOAEPEI_02105,Cytoplasmic,0.0002,0.0021,0.9922,0.0018,0.0034,0.0003
OFOAEPEI_02106,Cytoplasmic Membrane,0.0000,0.0213,0.0002,0.9631,0.0154,0.0000
OFOAEPEI_02107,Cytoplasmic,0.0002,0.0002,0.9986,0.0007,0.0002,0.0000
OFOAEPEI_02108,Outer Membrane,0.0032,0.4208,0.0024,0.0139,0.5003,0.0594
OFOAEPEI_02109,Cytoplasmic,0.0004,0.0018,0.8750,0.0943,0.0280,0.0005
OFOAEPEI_02110,Cytoplasmic Membrane,0.0002,0.0008,0.1198,0.8322,0.0468,0.0001
OFOAEPEI_02111,Cytoplasmic Membrane,0.0000,0.0000,0.0000,0.9995,0.0004,0.0000
OFOAEPEI_02112,Cytoplasmic,0.0001,0.0028,0.9333,0.0314,0.0323,0.0002
OFOAEPEI_02113,Cytoplasmic,0.0002,0.0033,0.6864,0.3016,0.0078,0.0007
OFOAEPEI_02114,Cytoplasmic,0.0000,0.0334,0.9604,0.0020,0.0040,0.0002
OFOAEPEI_02115,Cytoplasmic Membrane,0.0000,0.0001,0.0001,0.9989,0.0009,0.0000
OFOAEPEI_02116,Cytoplasmic,0.0006,0.2002,0.7735,0.0005,0.0183,0.0070
OFOAEPEI_02117,Cytoplasmic,0.0001,0.0015,0.9924,0.0008,0.0050,0.0002
OFOAEPEI_02118,Cytoplasmic Membrane,0.0000,0.0004,0.0001,0.9959,0.0036,0.0000
OFOAEPEI_02119,Cytoplasmic,0.0000,0.0000,0.9997,0.0000,0.0002,0.0000
OFOAEPEI_02120,Cytoplasmic,0.0003,0.0045,0.9576,0.0339,0.0038,0.0000
OFOAEPEI_02121,Cytoplasmic Membrane,0.0000,0.0001,0.0003,0.9993,0.0003,0.0000
OFOAEPEI_02122,Cytoplasmic Membrane,0.0001,0.0002,0.1732,0.8248,0.0017,0.0000
OFOAEPEI_02123,Cytoplasmic Membrane,0.0000,0.0002,0.0004,0.9983,0.0011,0.0000
OFOAEPEI_02124,Cytoplasmic,0.0003,0.0019,0.9809,0.0158,0.0009,0.0003
OFOAEPEI_02125,Extracellular,0.0522,0.5088,0.0134,0.2184,0.0404,0.1667
OFOAEPEI_02126,Cytoplasmic,0.0000,0.0056,0.9920,0.0010,0.0014,0.0000
OFOAEPEI_02127,Cytoplasmic,0.0003,0.0056,0.7404,0.0781,0.1755,0.0002
OFOAEPEI_02128,Cytoplasmic,0.0003,0.0134,0.9244,0.0048,0.0374,0.0196
OFOAEPEI_02129,Cytoplasmic,0.0004,0.0021,0.9827,0.0087,0.0023,0.0038
OFOAEPEI_02130,Cytoplasmic,0.0000,0.0004,0.9981,0.0007,0.0007,0.0000
OFOAEPEI_02131,Cytoplasmic,0.0006,0.0889,0.8561,0.0029,0.0510,0.0006
OFOAEPEI_02132,Cytoplasmic,0.0156,0.0416,0.8092,0.0053,0.1197,0.0086
OFOAEPEI_02133,Outer Membrane,0.0062,0.2984,0.0002,0.3143,0.3804,0.0005
OFOAEPEI_02134,Cytoplasmic,0.0009,0.0025,0.9664,0.0176,0.0124,0.0002
OFOAEPEI_02135,Cytoplasmic Membrane,0.0000,0.0146,0.0003,0.9798,0.0054,0.0000
OFOAEPEI_02136,Cytoplasmic Membrane,0.0001,0.0141,0.0006,0.9804,0.0048,0.0000
OFOAEPEI_02137,Extracellular,0.0000,0.9995,0.0000,0.0000,0.0004,0.0000
OFOAEPEI_02138,Cytoplasmic,0.0001,0.0012,0.9847,0.0051,0.0089,0.0001
OFOAEPEI_02139,Extracellular,0.0000,0.9999,0.0000,0.0000,0.0001,0.0000
OFOAEPEI_02140,Cytoplasmic Membrane,0.0001,0.0510,0.0015,0.9447,0.0027,0.0000
OFOAEPEI_02141,Cytoplasmic Membrane,0.0007,0.0847,0.0030,0.8950,0.0165,0.0001
OFOAEPEI_02142,Cytoplasmic Membrane,0.0001,0.0164,0.0016,0.9776,0.0043,0.0000
OFOAEPEI_02143,Cytoplasmic Membrane,0.0004,0.0123,0.2189,0.7639,0.0036,0.0010
OFOAEPEI_02144,Cytoplasmic Membrane,0.0002,0.3702,0.0007,0.5432,0.0856,0.0001
OFOAEPEI_02145,Cytoplasmic Membrane,0.0000,0.0013,0.0005,0.9963,0.0019,0.0000
OFOAEPEI_02146,Cytoplasmic,0.0001,0.0006,0.9967,0.0007,0.0016,0.0003
OFOAEPEI_02147,Cytoplasmic,0.0011,0.0491,0.9210,0.0040,0.0207,0.0041
OFOAEPEI_02148,Cytoplasmic Membrane,0.0000,0.0000,0.0002,0.9981,0.0016,0.0000
OFOAEPEI_02149,Cytoplasmic,0.0003,0.1450,0.7134,0.1276,0.0135,0.0003
OFOAEPEI_02150,Cytoplasmic,0.0008,0.0012,0.9925,0.0035,0.0019,0.0001
OFOAEPEI_02151,Cytoplasmic Membrane,0.0000,0.0084,0.0005,0.9909,0.0002,0.0000
OFOAEPEI_02152,Extracellular,0.0047,0.5592,0.0014,0.4296,0.0047,0.0004
OFOAEPEI_02153,Cytoplasmic Membrane,0.0000,0.0347,0.0022,0.9604,0.0027,0.0000
OFOAEPEI_02154,Cytoplasmic Membrane,0.0004,0.0031,0.4835,0.4949,0.0180,0.0001
OFOAEPEI_02155,Cytoplasmic Membrane,0.0002,0.0684,0.0016,0.9196,0.0100,0.0001
OFOAEPEI_02156,Cytoplasmic,0.0013,0.3992,0.5623,0.0029,0.0276,0.0067
OFOAEPEI_02157,Cytoplasmic,0.0425,0.3159,0.6122,0.0154,0.0137,0.0003
OFOAEPEI_02158,Cytoplasmic,0.0001,0.0056,0.9718,0.0164,0.0058,0.0003
OFOAEPEI_02159,Cytoplasmic,0.0013,0.0556,0.8128,0.1266,0.0037,0.0000
OFOAEPEI_02160,Cytoplasmic,0.0001,0.4619,0.5304,0.0037,0.0039,0.0001
OFOAEPEI_02161,Cell wall & surface,0.7964,0.1221,0.0001,0.0482,0.0331,0.0001
OFOAEPEI_02162,Cytoplasmic,0.0003,0.0001,0.9992,0.0001,0.0002,0.0000
OFOAEPEI_02163,Cytoplasmic,0.0004,0.1719,0.7608,0.0629,0.0039,0.0000
OFOAEPEI_02164,Cytoplasmic,0.0016,0.1383,0.7786,0.0437,0.0373,0.0006
OFOAEPEI_02165,Cytoplasmic,0.0000,0.0080,0.9889,0.0004,0.0026,0.0000
OFOAEPEI_02166,Cytoplasmic,0.0004,0.0008,0.9793,0.0055,0.0140,0.0000
OFOAEPEI_02167,Cytoplasmic,0.0004,0.0042,0.8669,0.0218,0.1065,0.0002
OFOAEPEI_02168,Cytoplasmic,0.0002,0.0005,0.9608,0.0021,0.0350,0.0013
OFOAEPEI_02169,Cytoplasmic,0.0001,0.4089,0.5727,0.0047,0.0134,0.0001
OFOAEPEI_02170,Cytoplasmic,0.0063,0.0563,0.8503,0.0209,0.0661,0.0002
OFOAEPEI_02171,Cytoplasmic,0.0003,0.0052,0.8384,0.1348,0.0212,0.0001
OFOAEPEI_02172,Cytoplasmic,0.0039,0.0039,0.9202,0.0589,0.0126,0.0005
OFOAEPEI_02173,Cytoplasmic,0.0000,0.0001,0.9991,0.0003,0.0003,0.0003
OFOAEPEI_02174,Cytoplasmic,0.0009,0.2120,0.7591,0.0065,0.0157,0.0058
OFOAEPEI_02175,Cytoplasmic Membrane,0.0135,0.3069,0.0132,0.5465,0.1157,0.0043
OFOAEPEI_02176,Cytoplasmic,0.0000,0.0001,0.9911,0.0073,0.0014,0.0000
OFOAEPEI_02177,Cytoplasmic,0.0000,0.0017,0.9941,0.0010,0.0028,0.0003
OFOAEPEI_02178,Cytoplasmic,0.0000,0.0003,0.9714,0.0009,0.0271,0.0003
OFOAEPEI_02179,Cytoplasmic,0.0000,0.0001,0.9418,0.0124,0.0441,0.0015
OFOAEPEI_02180,Cytoplasmic Membrane,0.0000,0.0000,0.0000,0.9998,0.0002,0.0000
OFOAEPEI_02181,Cytoplasmic Membrane,0.0000,0.0001,0.0001,0.9967,0.0031,0.0000
OFOAEPEI_02182,Cytoplasmic,0.0003,0.0007,0.9569,0.0104,0.0311,0.0005
OFOAEPEI_02183,Cytoplasmic,0.0000,0.0002,0.9955,0.0004,0.0037,0.0001
OFOAEPEI_02184,Cytoplasmic,0.0011,0.0201,0.9058,0.0452,0.0264,0.0014
OFOAEPEI_02185,Cytoplasmic,0.0000,0.0007,0.9719,0.0005,0.0264,0.0005
OFOAEPEI_02186,Cytoplasmic,0.0001,0.0001,0.9478,0.0113,0.0396,0.0011
OFOAEPEI_02187,Cytoplasmic,0.0009,0.0201,0.7943,0.1574,0.0274,0.0000
OFOAEPEI_02188,Cytoplasmic Membrane,0.0001,0.0014,0.0010,0.9941,0.0034,0.0000
OFOAEPEI_02189,Cytoplasmic,0.0000,0.0011,0.9829,0.0087,0.0058,0.0016
OFOAEPEI_02190,Cytoplasmic,0.0014,0.0447,0.5331,0.4028,0.0170,0.0010
OFOAEPEI_02191,Cytoplasmic,0.0007,0.0059,0.9196,0.0593,0.0142,0.0003
OFOAEPEI_02192,Cytoplasmic,0.0005,0.0107,0.5622,0.0254,0.3977,0.0036
OFOAEPEI_02193,Cytoplasmic,0.0001,0.0064,0.9889,0.0029,0.0016,0.0001
OFOAEPEI_02194,Cytoplasmic,0.0004,0.0018,0.7995,0.1154,0.0820,0.0009
OFOAEPEI_02195,Cytoplasmic,0.0003,0.0080,0.9082,0.0650,0.0183,0.0001
OFOAEPEI_02196,Cytoplasmic,0.0070,0.1173,0.4787,0.3836,0.0128,0.0005
OFOAEPEI_02197,Cytoplasmic,0.0015,0.0005,0.9492,0.0048,0.0440,0.0001
OFOAEPEI_02198,Cytoplasmic Membrane,0.0003,0.0043,0.0000,0.9908,0.0045,0.0000
OFOAEPEI_02199,Cytoplasmic,0.0001,0.0002,0.7904,0.0061,0.2031,0.0001
OFOAEPEI_02200,Cytoplasmic Membrane,0.0000,0.0001,0.0001,0.9982,0.0017,0.0000
OFOAEPEI_02201,Cytoplasmic,0.0022,0.0016,0.8066,0.0532,0.1352,0.0012
OFOAEPEI_02202,Cytoplasmic,0.0025,0.0103,0.6970,0.0320,0.2577,0.0005
OFOAEPEI_02203,Cytoplasmic,0.0000,0.0001,0.9915,0.0011,0.0073,0.0001
OFOAEPEI_02204,Cytoplasmic,0.0002,0.0001,0.9209,0.0776,0.0012,0.0000
OFOAEPEI_02205,Cytoplasmic,0.0002,0.0022,0.9382,0.0037,0.0555,0.0002
OFOAEPEI_02206,Cytoplasmic,0.0001,0.0007,0.9674,0.0028,0.0290,0.0001
OFOAEPEI_02207,Cytoplasmic,0.0000,0.0000,0.9955,0.0000,0.0044,0.0001
OFOAEPEI_02208,Cytoplasmic,0.0000,0.2239,0.7468,0.0034,0.0258,0.0001
OFOAEPEI_02209,Cytoplasmic,0.0007,0.0057,0.9824,0.0020,0.0090,0.0002
OFOAEPEI_02210,Cytoplasmic,0.0056,0.0090,0.9248,0.0431,0.0174,0.0002
OFOAEPEI_02211,Cytoplasmic,0.0000,0.0001,0.9674,0.0010,0.0315,0.0001
OFOAEPEI_02212,Cytoplasmic,0.0000,0.0000,0.9873,0.0062,0.0063,0.0001
OFOAEPEI_02213,Cytoplasmic Membrane,0.0013,0.2383,0.2810,0.4782,0.0012,0.0000
OFOAEPEI_02214,Cytoplasmic Membrane,0.0000,0.0009,0.0019,0.9966,0.0006,0.0000
OFOAEPEI_02215,Cytoplasmic,0.0012,0.0162,0.9715,0.0103,0.0007,0.0000
OFOAEPEI_02216,Cytoplasmic,0.0000,0.0000,0.9941,0.0038,0.0020,0.0000
OFOAEPEI_02217,Cytoplasmic Membrane,0.0000,0.0003,0.0000,0.9996,0.0001,0.0000
OFOAEPEI_02218,Cytoplasmic,0.0013,0.0005,0.9718,0.0249,0.0014,0.0001
OFOAEPEI_02219,Cytoplasmic,0.0003,0.0003,0.9821,0.0148,0.0024,0.0001
OFOAEPEI_02220,Cytoplasmic,0.0001,0.0005,0.9986,0.0008,0.0000,0.0000
OFOAEPEI_02221,Cytoplasmic,0.0000,0.0005,0.9802,0.0158,0.0033,0.0001
OFOAEPEI_02222,Cytoplasmic,0.0001,0.0108,0.9609,0.0101,0.0105,0.0077
OFOAEPEI_02223,Cytoplasmic,0.0013,0.1032,0.7852,0.0775,0.0234,0.0094
OFOAEPEI_02224,Cytoplasmic,0.0016,0.0048,0.9731,0.0199,0.0007,0.0000
OFOAEPEI_02225,Cytoplasmic Membrane,0.0001,0.0242,0.0007,0.9336,0.0414,0.0000
OFOAEPEI_02226,Cytoplasmic,0.0001,0.0004,0.9948,0.0047,0.0001,0.0000
OFOAEPEI_02227,Cytoplasmic,0.0001,0.0044,0.9512,0.0007,0.0417,0.0019
OFOAEPEI_02228,Cytoplasmic,0.0024,0.0030,0.7498,0.2446,0.0002,0.0001
OFOAEPEI_02229,Cytoplasmic,0.0001,0.0001,0.9848,0.0005,0.0144,0.0001
OFOAEPEI_02230,Cytoplasmic,0.0001,0.0001,0.9991,0.0005,0.0001,0.0000
OFOAEPEI_02231,Cytoplasmic,0.0003,0.0634,0.9142,0.0200,0.0009,0.0012
OFOAEPEI_02232,Cytoplasmic,0.0000,0.0000,0.9876,0.0040,0.0083,0.0000
OFOAEPEI_02233,Cytoplasmic Membrane,0.0000,0.0000,0.0000,0.9961,0.0039,0.0000
OFOAEPEI_02234,Cytoplasmic,0.0012,0.0341,0.6598,0.0019,0.3020,0.0011
OFOAEPEI_02235,Cytoplasmic,0.0002,0.0011,0.9963,0.0009,0.0012,0.0003
OFOAEPEI_02236,Cytoplasmic,0.0002,0.0008,0.9829,0.0051,0.0109,0.0001
OFOAEPEI_02237,Cytoplasmic Membrane,0.0002,0.0019,0.4768,0.5098,0.0102,0.0011
OFOAEPEI_02238,Cytoplasmic,0.0000,0.0028,0.9960,0.0003,0.0008,0.0000
OFOAEPEI_02239,Cytoplasmic Membrane,0.0000,0.0010,0.0002,0.9950,0.0037,0.0000
OFOAEPEI_02240,Cytoplasmic,0.0003,0.0013,0.9877,0.0004,0.0098,0.0006
OFOAEPEI_02241,Cytoplasmic,0.0008,0.1847,0.7405,0.0630,0.0080,0.0030
OFOAEPEI_02242,Cytoplasmic,0.0017,0.0107,0.8961,0.0824,0.0091,0.0000
OFOAEPEI_02243,Cytoplasmic,0.0014,0.0628,0.9089,0.0046,0.0063,0.0160
OFOAEPEI_02244,Cytoplasmic Membrane,0.0000,0.0000,0.0000,0.9999,0.0001,0.0000
OFOAEPEI_02245,Cytoplasmic Membrane,0.0007,0.0988,0.0003,0.8723,0.0278,0.0001
OFOAEPEI_02246,Cytoplasmic,0.0001,0.0253,0.9678,0.0042,0.0026,0.0001
OFOAEPEI_02247,Cytoplasmic Membrane,0.0000,0.0000,0.0000,0.9998,0.0001,0.0000
OFOAEPEI_02248,Extracellular,0.0050,0.6991,0.2753,0.0025,0.0180,0.0001
OFOAEPEI_02249,Cytoplasmic Membrane,0.0000,0.0035,0.0002,0.9955,0.0008,0.0000
OFOAEPEI_02250,Cytoplasmic,0.0001,0.0013,0.9528,0.0372,0.0083,0.0003
OFOAEPEI_02251,Cytoplasmic,0.0001,0.0018,0.9956,0.0024,0.0001,0.0000
OFOAEPEI_02252,Cytoplasmic,0.0003,0.0010,0.8200,0.0120,0.1654,0.0013
OFOAEPEI_02253,Cytoplasmic,0.0000,0.0008,0.9797,0.0006,0.0188,0.0001
OFOAEPEI_02254,Cytoplasmic,0.0004,0.0029,0.9828,0.0107,0.0032,0.0000
OFOAEPEI_02255,Extracellular,0.0015,0.6028,0.3555,0.0035,0.0363,0.0004
OFOAEPEI_02256,Cytoplasmic,0.0369,0.3779,0.5202,0.0565,0.0056,0.0028
OFOAEPEI_02257,Cytoplasmic,0.0045,0.3154,0.6577,0.0095,0.0043,0.0086
OFOAEPEI_02258,Cytoplasmic,0.0042,0.0428,0.8819,0.0479,0.0226,0.0006
OFOAEPEI_02259,Cytoplasmic,0.0029,0.1742,0.8115,0.0104,0.0009,0.0001
OFOAEPEI_02260,Cytoplasmic,0.0001,0.0006,0.9986,0.0001,0.0006,0.0001
OFOAEPEI_02261,Cytoplasmic,0.0001,0.0012,0.9841,0.0107,0.0040,0.0001
OFOAEPEI_02262,Cytoplasmic,0.0001,0.0083,0.9791,0.0006,0.0111,0.0009
OFOAEPEI_02263,Cytoplasmic,0.0000,0.0021,0.9894,0.0019,0.0063,0.0002
OFOAEPEI_02264,Cytoplasmic Membrane,0.0001,0.0006,0.0002,0.9970,0.0022,0.0000
OFOAEPEI_02265,Cytoplasmic,0.0031,0.0041,0.8936,0.0957,0.0035,0.0000
OFOAEPEI_02266,Cytoplasmic Membrane,0.0002,0.0058,0.0007,0.9475,0.0457,0.0000
OFOAEPEI_02267,Cytoplasmic,0.0011,0.1707,0.8071,0.0121,0.0052,0.0037
OFOAEPEI_02268,Cytoplasmic Membrane,0.0000,0.0000,0.0003,0.9983,0.0013,0.0000
OFOAEPEI_02269,Cytoplasmic,0.0002,0.0277,0.9574,0.0073,0.0074,0.0000
OFOAEPEI_02270,Cytoplasmic Membrane,0.0000,0.0008,0.0002,0.9955,0.0035,0.0000
OFOAEPEI_02271,Cytoplasmic,0.0001,0.0005,0.9951,0.0015,0.0020,0.0009
OFOAEPEI_02272,Cytoplasmic,0.0000,0.0008,0.9268,0.0009,0.0362,0.0352
OFOAEPEI_02273,Cytoplasmic,0.0002,0.0482,0.7398,0.0613,0.1404,0.0100
OFOAEPEI_02274,Cytoplasmic,0.0001,0.0115,0.9754,0.0066,0.0063,0.0001
OFOAEPEI_02275,Cytoplasmic,0.0006,0.0062,0.9790,0.0077,0.0052,0.0014
OFOAEPEI_02276,Cytoplasmic,0.0000,0.0002,0.9990,0.0002,0.0006,0.0000
OFOAEPEI_02277,Cytoplasmic,0.0001,0.0079,0.8151,0.0008,0.1752,0.0008
OFOAEPEI_02278,Cytoplasmic,0.0005,0.0044,0.9142,0.0785,0.0015,0.0008
OFOAEPEI_02279,Cytoplasmic,0.0008,0.1425,0.7196,0.0822,0.0535,0.0014
OFOAEPEI_02280,Cytoplasmic,0.0008,0.0279,0.8844,0.0139,0.0726,0.0004
OFOAEPEI_02281,Cytoplasmic,0.0001,0.0011,0.8592,0.0012,0.0613,0.0771
OFOAEPEI_02282,Cytoplasmic,0.0034,0.0042,0.9526,0.0075,0.0319,0.0005
OFOAEPEI_02283,Cytoplasmic Membrane,0.0001,0.0026,0.0008,0.9187,0.0777,0.0001
OFOAEPEI_02284,Cytoplasmic,0.0001,0.0007,0.9606,0.0030,0.0323,0.0032
OFOAEPEI_02285,Cytoplasmic,0.0001,0.0001,0.9992,0.0000,0.0004,0.0000
OFOAEPEI_02286,Cytoplasmic,0.0010,0.0005,0.9803,0.0032,0.0146,0.0004
OFOAEPEI_02287,Cytoplasmic,0.0007,0.0267,0.9457,0.0253,0.0016,0.0000
OFOAEPEI_02288,Cytoplasmic Membrane,0.0000,0.0001,0.0001,0.9986,0.0012,0.0000
OFOAEPEI_02289,Cytoplasmic,0.0002,0.0589,0.8683,0.0694,0.0032,0.0000
OFOAEPEI_02290,Cytoplasmic,0.0004,0.0055,0.9446,0.0320,0.0174,0.0002
OFOAEPEI_02291,Cytoplasmic Membrane,0.0000,0.0001,0.0000,0.9994,0.0005,0.0000
OFOAEPEI_02292,Cytoplasmic,0.0098,0.0197,0.7576,0.2112,0.0017,0.0000
OFOAEPEI_02293,Cytoplasmic,0.0003,0.0082,0.9620,0.0240,0.0053,0.0003
OFOAEPEI_02294,Cytoplasmic,0.0004,0.0045,0.8599,0.1301,0.0050,0.0001
OFOAEPEI_02295,Cytoplasmic,0.0000,0.0000,0.9975,0.0009,0.0016,0.0000
OFOAEPEI_02296,Cytoplasmic,0.0001,0.0021,0.7963,0.1125,0.0886,0.0004
OFOAEPEI_02297,Cytoplasmic Membrane,0.0000,0.0020,0.0000,0.9962,0.0018,0.0000
OFOAEPEI_02298,Cytoplasmic,0.0000,0.0005,0.9820,0.0163,0.0011,0.0000
OFOAEPEI_02299,Cytoplasmic,0.0011,0.0035,0.9367,0.0576,0.0011,0.0000
OFOAEPEI_02300,Cytoplasmic Membrane,0.0000,0.0001,0.0000,0.9996,0.0003,0.0000
OFOAEPEI_02301,Cytoplasmic,0.0001,0.0180,0.9596,0.0188,0.0033,0.0002
OFOAEPEI_02302,Cytoplasmic,0.0002,0.0056,0.9571,0.0050,0.0307,0.0014
OFOAEPEI_02303,Cytoplasmic Membrane,0.0000,0.0018,0.0000,0.9968,0.0014,0.0000
OFOAEPEI_02304,Cytoplasmic,0.0015,0.0071,0.9773,0.0089,0.0050,0.0003
OFOAEPEI_02305,Cytoplasmic,0.0003,0.2293,0.6779,0.0393,0.0519,0.0013
OFOAEPEI_02306,Cytoplasmic,0.0005,0.0034,0.9748,0.0209,0.0003,0.0002
OFOAEPEI_02307,Cytoplasmic,0.0000,0.0001,0.9750,0.0000,0.0241,0.0007
OFOAEPEI_02308,Cytoplasmic Membrane,0.0000,0.0002,0.0000,0.9984,0.0014,0.0000
OFOAEPEI_02309,Cytoplasmic,0.0004,0.0259,0.8896,0.0063,0.0573,0.0206
OFOAEPEI_02310,Cytoplasmic,0.0004,0.0364,0.9227,0.0042,0.0332,0.0030
OFOAEPEI_02311,Cytoplasmic,0.0002,0.0036,0.9306,0.0556,0.0099,0.0000
OFOAEPEI_02312,Cytoplasmic,0.0001,0.1092,0.8636,0.0015,0.0169,0.0086
OFOAEPEI_02313,Cytoplasmic,0.0001,0.0015,0.9512,0.0334,0.0082,0.0056
OFOAEPEI_02314,Cytoplasmic,0.0000,0.0014,0.9952,0.0003,0.0030,0.0001
OFOAEPEI_02315,Cytoplasmic,0.0001,0.0012,0.9411,0.0437,0.0095,0.0045
OFOAEPEI_02316,Cytoplasmic,0.0006,0.0118,0.8509,0.0677,0.0690,0.0000
OFOAEPEI_02317,Cytoplasmic Membrane,0.0000,0.0000,0.0002,0.9981,0.0016,0.0001
OFOAEPEI_02318,Cytoplasmic Membrane,0.0000,0.0002,0.0001,0.9972,0.0024,0.0000
OFOAEPEI_02319,Cytoplasmic,0.0000,0.0020,0.9448,0.0243,0.0255,0.0033
OFOAEPEI_02320,Cytoplasmic,0.0000,0.0004,0.9993,0.0000,0.0002,0.0001
OFOAEPEI_02321,Cytoplasmic,0.0000,0.0000,0.9878,0.0004,0.0117,0.0000
OFOAEPEI_02322,Cytoplasmic,0.0001,0.0007,0.9325,0.0553,0.0108,0.0007
OFOAEPEI_02323,Cytoplasmic,0.0002,0.1471,0.6265,0.1914,0.0345,0.0003
OFOAEPEI_02324,Cytoplasmic,0.0002,0.0004,0.9973,0.0013,0.0006,0.0001
OFOAEPEI_02325,Cytoplasmic,0.0003,0.0008,0.8471,0.1038,0.0469,0.0011
OFOAEPEI_02326,Cytoplasmic,0.0001,0.4594,0.5287,0.0013,0.0077,0.0029
OFOAEPEI_02327,Cytoplasmic,0.0002,0.0460,0.9028,0.0262,0.0107,0.0140
OFOAEPEI_02328,Cytoplasmic,0.0003,0.0007,0.9842,0.0051,0.0096,0.0000
OFOAEPEI_02329,Cytoplasmic,0.0000,0.0097,0.9872,0.0004,0.0027,0.0000
OFOAEPEI_02330,Cytoplasmic,0.0022,0.0153,0.9113,0.0434,0.0276,0.0002
OFOAEPEI_02331,Cytoplasmic,0.0002,0.0632,0.8711,0.0618,0.0037,0.0000
OFOAEPEI_02332,Cytoplasmic,0.0005,0.0097,0.9392,0.0206,0.0293,0.0006
OFOAEPEI_02333,Cytoplasmic Membrane,0.0000,0.0407,0.0000,0.9567,0.0026,0.0000
OFOAEPEI_02334,Cytoplasmic Membrane,0.0002,0.0098,0.0007,0.9886,0.0007,0.0000
OFOAEPEI_02335,Cytoplasmic,0.0019,0.0014,0.8381,0.1387,0.0197,0.0002
OFOAEPEI_02336,Cytoplasmic Membrane,0.0009,0.0517,0.0028,0.8634,0.0807,0.0005
OFOAEPEI_02337,Cytoplasmic Membrane,0.0406,0.3667,0.0198,0.5569,0.0160,0.0001
OFOAEPEI_02338,Cytoplasmic,0.0001,0.0024,0.9428,0.0418,0.0128,0.0000
OFOAEPEI_02339,Cytoplasmic,0.0001,0.0027,0.9867,0.0001,0.0103,0.0001
OFOAEPEI_02340,Cytoplasmic,0.0002,0.0012,0.9484,0.0291,0.0161,0.0050
OFOAEPEI_02341,Cytoplasmic Membrane,0.0000,0.0001,0.0000,0.9983,0.0016,0.0000
OFOAEPEI_02342,Cytoplasmic,0.0000,0.0003,0.9970,0.0004,0.0021,0.0002
OFOAEPEI_02343,Cytoplasmic,0.0000,0.0000,0.9991,0.0001,0.0008,0.0001
OFOAEPEI_02344,Cytoplasmic,0.0003,0.0116,0.8889,0.0234,0.0606,0.0151
OFOAEPEI_02345,Cytoplasmic,0.0000,0.0011,0.9903,0.0021,0.0062,0.0002
OFOAEPEI_02346,Cytoplasmic,0.0004,0.0038,0.9919,0.0008,0.0030,0.0002
OFOAEPEI_02347,Outer Membrane,0.0008,0.0232,0.0000,0.2268,0.7464,0.0027
OFOAEPEI_02348,Cytoplasmic,0.0000,0.0019,0.9366,0.0026,0.0377,0.0212
OFOAEPEI_02349,Cytoplasmic,0.0023,0.2777,0.6869,0.0022,0.0219,0.0089
OFOAEPEI_02350,Cytoplasmic Membrane,0.0000,0.0001,0.0496,0.9492,0.0010,0.0000
OFOAEPEI_02351,Cytoplasmic Membrane,0.0000,0.0002,0.0001,0.9995,0.0002,0.0000
OFOAEPEI_02352,Cytoplasmic,0.0003,0.0003,0.9700,0.0041,0.0236,0.0017
OFOAEPEI_02353,Cytoplasmic,0.0013,0.0010,0.9822,0.0018,0.0024,0.0113
OFOAEPEI_02354,Cytoplasmic,0.0004,0.0207,0.9543,0.0130,0.0031,0.0085
OFOAEPEI_02355,Cytoplasmic Membrane,0.0083,0.0260,0.0001,0.8752,0.0838,0.0067
OFOAEPEI_02356,Cytoplasmic,0.0014,0.2003,0.5073,0.2726,0.0182,0.0002
OFOAEPEI_02357,Cytoplasmic,0.0016,0.0097,0.9475,0.0124,0.0285,0.0003
OFOAEPEI_02358,Cytoplasmic,0.0003,0.0129,0.8903,0.0033,0.0042,0.0890
OFOAEPEI_02359,Cytoplasmic Membrane,0.0000,0.0018,0.0032,0.9944,0.0006,0.0000
OFOAEPEI_02360,Cytoplasmic,0.0001,0.0469,0.9485,0.0020,0.0025,0.0000
OFOAEPEI_02361,Cytoplasmic Membrane,0.0012,0.0471,0.0008,0.9451,0.0058,0.0000
OFOAEPEI_02362,Cytoplasmic,0.0002,0.0028,0.8263,0.0016,0.1663,0.0027
OFOAEPEI_02363,Cytoplasmic,0.0003,0.0003,0.9356,0.0541,0.0096,0.0000
OFOAEPEI_02364,Cytoplasmic,0.0015,0.0163,0.4855,0.4820,0.0147,0.0000
OFOAEPEI_02365,Cytoplasmic,0.0003,0.0025,0.9926,0.0028,0.0013,0.0004
OFOAEPEI_02366,Cytoplasmic,0.0000,0.0001,0.9941,0.0005,0.0050,0.0003
OFOAEPEI_02367,Cytoplasmic Membrane,0.0000,0.0005,0.0002,0.9960,0.0032,0.0000
OFOAEPEI_02368,Cytoplasmic,0.0004,0.4036,0.4965,0.0146,0.0496,0.0353
OFOAEPEI_02369,Extracellular,0.0001,0.7409,0.2461,0.0001,0.0020,0.0109
OFOAEPEI_02370,Cytoplasmic,0.0001,0.1821,0.7907,0.0006,0.0077,0.0188
OFOAEPEI_02371,Cytoplasmic,0.0003,0.0022,0.9887,0.0027,0.0059,0.0002
OFOAEPEI_02372,Cytoplasmic,0.0014,0.0095,0.8185,0.1636,0.0070,0.0000
OFOAEPEI_02373,Cytoplasmic,0.0000,0.0001,0.9949,0.0037,0.0013,0.0000
OFOAEPEI_02374,Cytoplasmic,0.0006,0.0024,0.9747,0.0013,0.0167,0.0043
OFOAEPEI_02375,Cytoplasmic Membrane,0.0000,0.0005,0.0003,0.9968,0.0024,0.0000
OFOAEPEI_02376,Cytoplasmic,0.0000,0.0013,0.9801,0.0001,0.0183,0.0001
OFOAEPEI_02377,Cytoplasmic,0.0001,0.0014,0.9882,0.0015,0.0086,0.0002
OFOAEPEI_02378,Cytoplasmic,0.0007,0.0078,0.8823,0.0249,0.0797,0.0046
OFOAEPEI_02379,Cytoplasmic,0.0030,0.0115,0.8948,0.0885,0.0021,0.0001
OFOAEPEI_02380,Cytoplasmic Membrane,0.0000,0.0001,0.0001,0.9977,0.0021,0.0000
OFOAEPEI_02381,Cytoplasmic,0.0005,0.2207,0.7366,0.0024,0.0350,0.0048
OFOAEPEI_02382,Cytoplasmic,0.0003,0.0082,0.9531,0.0373,0.0011,0.0000
OFOAEPEI_02383,Cytoplasmic,0.0001,0.0008,0.9956,0.0033,0.0002,0.0000
OFOAEPEI_02384,Cytoplasmic,0.0000,0.0000,0.9979,0.0001,0.0020,0.0001
OFOAEPEI_02385,Cytoplasmic,0.0000,0.0002,0.9965,0.0007,0.0020,0.0006
OFOAEPEI_02386,Cytoplasmic,0.0001,0.0004,0.9937,0.0021,0.0036,0.0000
OFOAEPEI_02387,Cytoplasmic,0.0012,0.0166,0.9409,0.0230,0.0169,0.0014
OFOAEPEI_02388,Cytoplasmic,0.0000,0.0577,0.9268,0.0009,0.0034,0.0111
OFOAEPEI_02389,Cytoplasmic,0.0001,0.2476,0.6244,0.0504,0.0761,0.0014
OFOAEPEI_02390,Cytoplasmic Membrane,0.0009,0.1365,0.0158,0.8180,0.0286,0.0001
OFOAEPEI_02391,Cytoplasmic,0.0002,0.0087,0.9017,0.0206,0.0685,0.0004
OFOAEPEI_02392,Cytoplasmic,0.0004,0.0044,0.9406,0.0482,0.0055,0.0010
OFOAEPEI_02393,Cytoplasmic Membrane,0.0000,0.0000,0.0002,0.9995,0.0003,0.0000
OFOAEPEI_02394,Cytoplasmic Membrane,0.0027,0.0163,0.0003,0.7581,0.2222,0.0003
OFOAEPEI_02395,Outer Membrane,0.0002,0.0056,0.0002,0.3967,0.5972,0.0001
OFOAEPEI_02396,Cytoplasmic,0.0000,0.0001,0.9991,0.0000,0.0007,0.0000
OFOAEPEI_02397,Cytoplasmic,0.0014,0.0024,0.9055,0.0008,0.0898,0.0002
OFOAEPEI_02398,Cytoplasmic,0.0001,0.0012,0.9420,0.0004,0.0293,0.0269
OFOAEPEI_02399,Cytoplasmic,0.0001,0.0005,0.9243,0.0028,0.0706,0.0016
OFOAEPEI_02400,Extracellular,0.0049,0.7364,0.2152,0.0015,0.0412,0.0009
OFOAEPEI_02401,Cytoplasmic,0.0016,0.0120,0.9479,0.0007,0.0374,0.0004
OFOAEPEI_02402,Cytoplasmic,0.0004,0.0038,0.9680,0.0051,0.0161,0.0066
OFOAEPEI_02403,Cytoplasmic Membrane,0.0001,0.0297,0.0040,0.9619,0.0042,0.0001
OFOAEPEI_02404,Cytoplasmic,0.0000,0.0041,0.9919,0.0023,0.0011,0.0005
OFOAEPEI_02405,Cytoplasmic,0.0001,0.0004,0.9773,0.0082,0.0139,0.0001
OFOAEPEI_02406,Cytoplasmic Membrane,0.0229,0.1774,0.0012,0.7934,0.0051,0.0000
OFOAEPEI_02407,Cytoplasmic Membrane,0.0011,0.2945,0.3068,0.3810,0.0164,0.0002
OFOAEPEI_02408,Cytoplasmic,0.0009,0.0070,0.8923,0.0693,0.0301,0.0004
OFOAEPEI_02409,Cytoplasmic,0.0009,0.1020,0.8492,0.0034,0.0442,0.0003
OFOAEPEI_02410,Cytoplasmic,0.0000,0.0000,0.9996,0.0001,0.0003,0.0001
OFOAEPEI_02411,Cytoplasmic,0.0000,0.0001,0.9934,0.0003,0.0060,0.0002
OFOAEPEI_02412,Cytoplasmic Membrane,0.0000,0.0002,0.0000,0.9976,0.0021,0.0000
OFOAEPEI_02413,Cytoplasmic,0.0000,0.0002,0.9940,0.0006,0.0039,0.0013
OFOAEPEI_02414,Cytoplasmic,0.0000,0.0004,0.9924,0.0010,0.0053,0.0008
OFOAEPEI_02415,Cytoplasmic,0.0002,0.0005,0.9943,0.0011,0.0029,0.0010
OFOAEPEI_02416,Cytoplasmic Membrane,0.0000,0.0044,0.0021,0.9894,0.0041,0.0000
OFOAEPEI_02417,Cytoplasmic,0.0001,0.0020,0.9842,0.0061,0.0052,0.0024
OFOAEPEI_02418,Cytoplasmic,0.0005,0.0024,0.8427,0.1519,0.0025,0.0000
OFOAEPEI_02419,Cytoplasmic,0.0002,0.0819,0.9137,0.0028,0.0008,0.0006
OFOAEPEI_02420,Cytoplasmic,0.0001,0.0018,0.9619,0.0002,0.0342,0.0018
OFOAEPEI_02421,Cytoplasmic Membrane,0.0000,0.0000,0.0001,0.9998,0.0001,0.0000
OFOAEPEI_02422,Cytoplasmic,0.0014,0.0639,0.8581,0.0459,0.0307,0.0000
OFOAEPEI_02423,Cytoplasmic,0.0006,0.0139,0.8768,0.0425,0.0642,0.0020
OFOAEPEI_02424,Cytoplasmic Membrane,0.0000,0.0001,0.0001,0.9959,0.0039,0.0000
OFOAEPEI_02425,Cytoplasmic Membrane,0.0000,0.0001,0.0000,0.9985,0.0014,0.0000
OFOAEPEI_02426,Cytoplasmic,0.0003,0.0127,0.8887,0.0299,0.0102,0.0582
OFOAEPEI_02427,Cytoplasmic,0.0001,0.0038,0.9804,0.0062,0.0094,0.0001
OFOAEPEI_02428,Cytoplasmic Membrane,0.0000,0.0008,0.0012,0.9869,0.0110,0.0001
OFOAEPEI_02429,Cytoplasmic Membrane,0.0000,0.0013,0.0007,0.9975,0.0005,0.0000
OFOAEPEI_02430,Cytoplasmic,0.0001,0.1544,0.6460,0.0826,0.1165,0.0003
OFOAEPEI_02431,Cytoplasmic,0.0008,0.0038,0.7475,0.2473,0.0004,0.0001
OFOAEPEI_02432,Cytoplasmic,0.0001,0.0163,0.9777,0.0030,0.0017,0.0012
OFOAEPEI_02433,Cytoplasmic Membrane,0.0004,0.2753,0.0038,0.7070,0.0134,0.0001
OFOAEPEI_02434,Cytoplasmic,0.0002,0.0144,0.9818,0.0023,0.0012,0.0001
OFOAEPEI_02435,Cytoplasmic Membrane,0.0004,0.0533,0.0014,0.9441,0.0009,0.0000
OFOAEPEI_02436,Cytoplasmic,0.0007,0.0036,0.9019,0.0581,0.0347,0.0010
OFOAEPEI_02437,Cytoplasmic,0.0003,0.0034,0.9190,0.0389,0.0081,0.0302
OFOAEPEI_02438,Cytoplasmic,0.0003,0.0233,0.9397,0.0155,0.0097,0.0116
OFOAEPEI_02439,Cytoplasmic,0.0001,0.0026,0.9812,0.0061,0.0099,0.0001
OFOAEPEI_02440,Cytoplasmic,0.0009,0.0038,0.9839,0.0109,0.0005,0.0001
OFOAEPEI_02441,Cytoplasmic,0.0003,0.3905,0.4470,0.0900,0.0705,0.0017
OFOAEPEI_02442,Extracellular,0.0000,0.5282,0.1593,0.3060,0.0060,0.0005
OFOAEPEI_02443,Cytoplasmic Membrane,0.0000,0.0067,0.0018,0.9880,0.0034,0.0000
OFOAEPEI_02444,Cytoplasmic Membrane,0.0000,0.0011,0.0001,0.9977,0.0012,0.0000
OFOAEPEI_02445,Cytoplasmic,0.0005,0.0010,0.9873,0.0109,0.0003,0.0000
OFOAEPEI_02446,Cytoplasmic,0.0006,0.0025,0.9475,0.0480,0.0014,0.0001
OFOAEPEI_02447,Cytoplasmic Membrane,0.0010,0.0366,0.0007,0.9564,0.0053,0.0000
OFOAEPEI_02448,Outer Membrane,0.0171,0.2686,0.0288,0.2765,0.4005,0.0085
OFOAEPEI_02449,Cytoplasmic Membrane,0.0007,0.0555,0.0007,0.9231,0.0199,0.0001
OFOAEPEI_02450,Cytoplasmic Membrane,0.0012,0.0207,0.0020,0.9732,0.0027,0.0001
OFOAEPEI_02451,Cytoplasmic,0.0006,0.0020,0.9650,0.0038,0.0279,0.0007
OFOAEPEI_02452,Cytoplasmic,0.0001,0.0001,0.8869,0.0053,0.1063,0.0012
OFOAEPEI_02453,Cytoplasmic,0.0005,0.0100,0.7127,0.0712,0.2030,0.0026
OFOAEPEI_02454,Cytoplasmic,0.0021,0.0560,0.7834,0.1505,0.0080,0.0000
OFOAEPEI_02455,Cytoplasmic,0.0000,0.0003,0.9991,0.0003,0.0002,0.0000
OFOAEPEI_02456,Cytoplasmic,0.0001,0.0002,0.9949,0.0027,0.0022,0.0000
OFOAEPEI_02457,Cytoplasmic Membrane,0.0000,0.0002,0.0002,0.9953,0.0041,0.0001
OFOAEPEI_02458,Cytoplasmic Membrane,0.0000,0.0002,0.0000,0.9975,0.0022,0.0001
OFOAEPEI_02459,Cytoplasmic,0.0000,0.0084,0.9852,0.0041,0.0016,0.0006
OFOAEPEI_02460,Cytoplasmic,0.0000,0.0001,0.9622,0.0156,0.0175,0.0045
OFOAEPEI_02461,Cytoplasmic,0.0000,0.0006,0.9861,0.0014,0.0069,0.0050
OFOAEPEI_02462,Cytoplasmic Membrane,0.0000,0.0000,0.0000,0.9992,0.0008,0.0000
OFOAEPEI_02463,Cytoplasmic,0.0010,0.0168,0.9464,0.0165,0.0192,0.0001
OFOAEPEI_02464,Cytoplasmic,0.0052,0.1172,0.6775,0.1609,0.0346,0.0045
OFOAEPEI_02465,Cytoplasmic,0.0001,0.0011,0.9965,0.0012,0.0011,0.0000
OFOAEPEI_02466,Cytoplasmic,0.0005,0.0027,0.9314,0.0607,0.0046,0.0000
OFOAEPEI_02467,Cytoplasmic,0.0038,0.0426,0.5822,0.3658,0.0055,0.0000
OFOAEPEI_02468,Cytoplasmic,0.0003,0.0180,0.8164,0.0390,0.1224,0.0040
OFOAEPEI_02469,Cytoplasmic,0.0001,0.0411,0.9331,0.0036,0.0124,0.0098
OFOAEPEI_02470,Cytoplasmic,0.0004,0.0121,0.9730,0.0015,0.0118,0.0012
OFOAEPEI_02471,Cytoplasmic Membrane,0.0000,0.0000,0.0000,0.9997,0.0003,0.0000
OFOAEPEI_02472,Cytoplasmic,0.0000,0.0011,0.8928,0.0736,0.0154,0.0170
OFOAEPEI_02473,Cytoplasmic,0.0000,0.0010,0.9953,0.0005,0.0029,0.0003
OFOAEPEI_02474,Cytoplasmic,0.0031,0.0819,0.8536,0.0284,0.0319,0.0011
OFOAEPEI_02475,Cytoplasmic Membrane,0.0000,0.0007,0.0003,0.9977,0.0013,0.0000
OFOAEPEI_02476,Cytoplasmic,0.0010,0.0132,0.6407,0.0623,0.2805,0.0023
OFOAEPEI_02477,Cytoplasmic,0.0003,0.0011,0.6178,0.0674,0.3132,0.0003
OFOAEPEI_02478,Cytoplasmic,0.0000,0.4278,0.5136,0.0329,0.0257,0.0000
OFOAEPEI_02479,Cytoplasmic,0.0003,0.0123,0.9712,0.0010,0.0152,0.0000
OFOAEPEI_02480,Cytoplasmic,0.0000,0.0002,0.9937,0.0015,0.0045,0.0001
OFOAEPEI_02481,Cytoplasmic,0.0001,0.0004,0.9184,0.0148,0.0650,0.0013
OFOAEPEI_02482,Cytoplasmic,0.0009,0.0070,0.9362,0.0527,0.0032,0.0001
OFOAEPEI_02483,Cytoplasmic,0.0000,0.0006,0.9909,0.0074,0.0010,0.0000
OFOAEPEI_02484,Cytoplasmic,0.0001,0.0024,0.9850,0.0033,0.0090,0.0002
OFOAEPEI_02485,Cytoplasmic,0.0001,0.0005,0.8276,0.0133,0.1577,0.0008
OFOAEPEI_02486,Cytoplasmic Membrane,0.0000,0.0000,0.0000,0.9982,0.0017,0.0000
OFOAEPEI_02487,Cytoplasmic Membrane,0.0000,0.0000,0.0000,0.9985,0.0013,0.0000
OFOAEPEI_02488,Cytoplasmic,0.0001,0.0009,0.9691,0.0052,0.0246,0.0001
OFOAEPEI_02489,Cytoplasmic Membrane,0.0000,0.0000,0.0000,0.9999,0.0001,0.0000
OFOAEPEI_02490,Cytoplasmic,0.0081,0.0089,0.9549,0.0043,0.0234,0.0004
OFOAEPEI_02491,Cytoplasmic,0.0001,0.0019,0.8996,0.0895,0.0089,0.0001
OFOAEPEI_02492,Cytoplasmic Membrane,0.0000,0.0015,0.0007,0.9911,0.0066,0.0001
OFOAEPEI_02493,Cytoplasmic,0.0000,0.0001,0.7840,0.2156,0.0002,0.0000
OFOAEPEI_02494,Cytoplasmic,0.0007,0.0463,0.9244,0.0208,0.0076,0.0001
OFOAEPEI_02495,Cytoplasmic Membrane,0.0011,0.1236,0.0003,0.8288,0.0461,0.0000
OFOAEPEI_02496,Cytoplasmic Membrane,0.0000,0.0002,0.0000,0.9994,0.0003,0.0000
OFOAEPEI_02497,Cytoplasmic,0.0000,0.0045,0.9818,0.0043,0.0091,0.0002
OFOAEPEI_02498,Cytoplasmic,0.0013,0.0144,0.8014,0.1217,0.0610,0.0002
OFOAEPEI_02499,Cytoplasmic,0.0000,0.0001,0.9826,0.0010,0.0162,0.0002
OFOAEPEI_02500,Cytoplasmic Membrane,0.0000,0.0003,0.0002,0.9949,0.0046,0.0000
OFOAEPEI_02501,Cytoplasmic Membrane,0.0000,0.0000,0.0000,0.9992,0.0007,0.0000
OFOAEPEI_02502,Cytoplasmic,0.0005,0.0550,0.9331,0.0041,0.0066,0.0008
OFOAEPEI_02503,Cytoplasmic,0.0000,0.0004,0.9972,0.0004,0.0018,0.0001
OFOAEPEI_02504,Cytoplasmic,0.0000,0.0103,0.9816,0.0071,0.0007,0.0003
OFOAEPEI_02505,Cytoplasmic,0.0002,0.0882,0.9032,0.0023,0.0049,0.0012
OFOAEPEI_02506,Cytoplasmic,0.0001,0.0108,0.9741,0.0062,0.0083,0.0005
OFOAEPEI_02507,Cytoplasmic,0.0010,0.0367,0.8401,0.0807,0.0411,0.0004
OFOAEPEI_02508,Cytoplasmic,0.0002,0.0011,0.9445,0.0075,0.0405,0.0062
OFOAEPEI_02509,Cytoplasmic,0.0001,0.0003,0.9120,0.0435,0.0435,0.0006
OFOAEPEI_02510,Cytoplasmic,0.0003,0.0008,0.9783,0.0096,0.0085,0.0025
OFOAEPEI_02511,Cytoplasmic,0.0000,0.0003,0.9898,0.0066,0.0032,0.0002
OFOAEPEI_02512,Cytoplasmic,0.0000,0.0005,0.9435,0.0001,0.0528,0.0031
OFOAEPEI_02513,Cytoplasmic,0.0004,0.0152,0.8872,0.0547,0.0424,0.0001
OFOAEPEI_02514,Cytoplasmic,0.0002,0.1449,0.7870,0.0103,0.0573,0.0004
OFOAEPEI_02515,Cytoplasmic,0.0004,0.1226,0.8170,0.0317,0.0241,0.0041
OFOAEPEI_02516,Cytoplasmic Membrane,0.0000,0.0002,0.0002,0.9978,0.0018,0.0000
OFOAEPEI_02517,Cytoplasmic Membrane,0.0000,0.0001,0.0000,0.9970,0.0028,0.0000
OFOAEPEI_02518,Cytoplasmic,0.0013,0.0035,0.9315,0.0565,0.0071,0.0001
OFOAEPEI_02519,Cytoplasmic Membrane,0.0024,0.0826,0.0038,0.9047,0.0064,0.0000
OFOAEPEI_02520,Outer Membrane,0.0006,0.0068,0.0007,0.3937,0.5973,0.0009
OFOAEPEI_02521,Cytoplasmic,0.0005,0.0019,0.9199,0.0184,0.0589,0.0004
OFOAEPEI_02522,Cytoplasmic Membrane,0.0000,0.0000,0.0001,0.9992,0.0007,0.0000
OFOAEPEI_02523,Cytoplasmic,0.0006,0.0894,0.8526,0.0247,0.0321,0.0006
OFOAEPEI_02524,Cytoplasmic Membrane,0.0003,0.0178,0.0264,0.9442,0.0113,0.0000
OFOAEPEI_02525,Cytoplasmic Membrane,0.0069,0.3200,0.0347,0.3343,0.3036,0.0004
OFOAEPEI_02526,Cytoplasmic,0.0002,0.0062,0.8572,0.1146,0.0213,0.0006
OFOAEPEI_02527,Cytoplasmic,0.0007,0.0120,0.9270,0.0536,0.0057,0.0011
OFOAEPEI_02528,Cytoplasmic,0.0028,0.0582,0.6447,0.2365,0.0473,0.0106
OFOAEPEI_02529,Cytoplasmic,0.0006,0.0148,0.9180,0.0399,0.0264,0.0002
OFOAEPEI_02530,Cytoplasmic,0.0004,0.0006,0.9977,0.0009,0.0003,0.0001
OFOAEPEI_02531,Cytoplasmic,0.0000,0.0000,0.9792,0.0002,0.0205,0.0001
OFOAEPEI_02532,Cytoplasmic Membrane,0.0002,0.0153,0.0006,0.8545,0.1294,0.0001
OFOAEPEI_02533,Cytoplasmic Membrane,0.0000,0.0001,0.0000,0.9996,0.0003,0.0000
OFOAEPEI_02534,Cytoplasmic,0.0000,0.0000,0.9980,0.0008,0.0011,0.0000
OFOAEPEI_02535,Cytoplasmic,0.0007,0.0353,0.8573,0.1007,0.0039,0.0021
OFOAEPEI_02536,Cytoplasmic,0.0004,0.0039,0.9205,0.0660,0.0092,0.0001
OFOAEPEI_02537,Cytoplasmic,0.0000,0.0334,0.9596,0.0001,0.0027,0.0041
OFOAEPEI_02538,Cytoplasmic,0.0000,0.0009,0.9943,0.0030,0.0017,0.0001
OFOAEPEI_02539,Cytoplasmic,0.0016,0.0090,0.9836,0.0042,0.0013,0.0003
OFOAEPEI_02540,Cytoplasmic Membrane,0.0000,0.0000,0.0000,1.0000,0.0000,0.0000
OFOAEPEI_02541,Cytoplasmic,0.0000,0.0029,0.9931,0.0005,0.0033,0.0002
OFOAEPEI_02542,Cytoplasmic Membrane,0.0056,0.1076,0.1318,0.5339,0.2206,0.0005
OFOAEPEI_02543,Cytoplasmic Membrane,0.0000,0.0000,0.0000,1.0000,0.0000,0.0000
OFOAEPEI_02544,Cytoplasmic,0.0004,0.0116,0.9188,0.0265,0.0426,0.0000
OFOAEPEI_02545,Cytoplasmic,0.0001,0.0008,0.9986,0.0001,0.0003,0.0001
OFOAEPEI_02546,Cytoplasmic,0.0000,0.0000,0.9526,0.0013,0.0451,0.0009
OFOAEPEI_02547,Cytoplasmic Membrane,0.0000,0.0001,0.0001,0.9975,0.0023,0.0000
OFOAEPEI_02548,Cytoplasmic Membrane,0.0000,0.0001,0.0000,0.9958,0.0040,0.0000
OFOAEPEI_02549,Cytoplasmic,0.0007,0.0110,0.7409,0.0616,0.1744,0.0114
OFOAEPEI_02550,Cytoplasmic,0.0002,0.0347,0.9383,0.0171,0.0094,0.0003
OFOAEPEI_02551,Cytoplasmic,0.0001,0.0558,0.9388,0.0025,0.0027,0.0000
OFOAEPEI_02552,Cytoplasmic Membrane,0.0000,0.0001,0.0002,0.9986,0.0010,0.0000
OFOAEPEI_02553,Cytoplasmic,0.0004,0.0073,0.8818,0.0203,0.0595,0.0307
OFOAEPEI_02554,Cytoplasmic,0.0000,0.0001,0.9969,0.0019,0.0009,0.0001
OFOAEPEI_02555,Cytoplasmic,0.0000,0.0005,0.9919,0.0014,0.0061,0.0002
OFOAEPEI_02556,Cytoplasmic,0.0002,0.0469,0.9067,0.0218,0.0230,0.0013
OFOAEPEI_02557,Cytoplasmic,0.0064,0.0769,0.7522,0.0050,0.1559,0.0035
OFOAEPEI_02558,Cytoplasmic,0.0000,0.0000,0.9937,0.0001,0.0062,0.0000
OFOAEPEI_02559,Cytoplasmic,0.0000,0.0003,0.9990,0.0000,0.0007,0.0000
OFOAEPEI_02560,Extracellular,0.0000,0.9645,0.0335,0.0001,0.0019,0.0000
OFOAEPEI_02561,Cytoplasmic,0.0001,0.3737,0.5112,0.1115,0.0034,0.0000
OFOAEPEI_02562,Cytoplasmic,0.0000,0.2450,0.7508,0.0013,0.0029,0.0000
OFOAEPEI_02563,Extracellular,0.0002,0.6887,0.2591,0.0510,0.0009,0.0000
OFOAEPEI_02564,Extracellular,0.0001,0.8119,0.1742,0.0074,0.0063,0.0001
OFOAEPEI_02565,Cytoplasmic,0.0002,0.3486,0.4591,0.1907,0.0015,0.0000
OFOAEPEI_02566,Cytoplasmic,0.0002,0.3868,0.5590,0.0038,0.0502,0.0001
OFOAEPEI_02567,Cytoplasmic,0.0000,0.0728,0.9133,0.0102,0.0037,0.0000
OFOAEPEI_02568,Cytoplasmic,0.0016,0.0040,0.7282,0.0068,0.2590,0.0004
OFOAEPEI_02569,Cytoplasmic Membrane,0.0001,0.1274,0.0064,0.8565,0.0096,0.0000
OFOAEPEI_02570,Extracellular,0.0018,0.5292,0.1534,0.1046,0.2109,0.0001
OFOAEPEI_02571,Cytoplasmic,0.0000,0.0076,0.9871,0.0006,0.0046,0.0000
OFOAEPEI_02572,Cytoplasmic,0.0021,0.0025,0.9639,0.0063,0.0251,0.0000
OFOAEPEI_02573,Cytoplasmic,0.0004,0.0542,0.8060,0.0424,0.0967,0.0004
OFOAEPEI_02574,Cytoplasmic Membrane,0.0001,0.0064,0.0015,0.9798,0.0123,0.0000
OFOAEPEI_02575,Cytoplasmic,0.0003,0.0051,0.9103,0.0132,0.0703,0.0008
OFOAEPEI_02576,Cytoplasmic,0.0001,0.0009,0.9812,0.0117,0.0061,0.0001
OFOAEPEI_02577,Cytoplasmic,0.0001,0.0006,0.9118,0.0142,0.0650,0.0083
OFOAEPEI_02578,Cytoplasmic,0.0001,0.0007,0.6868,0.0001,0.3115,0.0008
OFOAEPEI_02579,Cytoplasmic,0.0044,0.2883,0.4739,0.1977,0.0354,0.0003
OFOAEPEI_02580,Cytoplasmic,0.0004,0.0140,0.7840,0.1833,0.0142,0.0040
OFOAEPEI_02581,Cytoplasmic Membrane,0.0000,0.1815,0.0083,0.7865,0.0237,0.0000
OFOAEPEI_02582,Cytoplasmic,0.0017,0.1076,0.8232,0.0456,0.0211,0.0009
OFOAEPEI_02583,Cytoplasmic,0.0010,0.0331,0.9167,0.0277,0.0209,0.0006
OFOAEPEI_02584,Cytoplasmic,0.0009,0.0096,0.9432,0.0353,0.0105,0.0005
OFOAEPEI_02585,Cytoplasmic Membrane,0.0000,0.0000,0.0000,0.9999,0.0001,0.0000
OFOAEPEI_02586,Cytoplasmic,0.0004,0.0001,0.9964,0.0016,0.0013,0.0001
OFOAEPEI_02587,Cytoplasmic,0.0002,0.0213,0.9043,0.0008,0.0419,0.0314
OFOAEPEI_02588,Cytoplasmic Membrane,0.0000,0.0011,0.0256,0.9678,0.0055,0.0000
OFOAEPEI_02589,Cytoplasmic,0.0003,0.0066,0.6385,0.3450,0.0093,0.0002
OFOAEPEI_02590,Cytoplasmic Membrane,0.0000,0.0135,0.0035,0.9808,0.0021,0.0001
OFOAEPEI_02591,Cytoplasmic,0.0002,0.0054,0.9885,0.0018,0.0039,0.0001
OFOAEPEI_02592,Cytoplasmic,0.0000,0.0012,0.9933,0.0026,0.0018,0.0010
OFOAEPEI_02593,Cytoplasmic,0.0000,0.0002,0.9992,0.0000,0.0002,0.0004
OFOAEPEI_02594,Cytoplasmic,0.0003,0.0013,0.9049,0.0866,0.0027,0.0042
OFOAEPEI_02595,Cytoplasmic,0.0034,0.0124,0.9808,0.0012,0.0022,0.0000
OFOAEPEI_02596,Cytoplasmic Membrane,0.0000,0.0002,0.0002,0.9985,0.0011,0.0000
OFOAEPEI_02597,Cytoplasmic,0.0000,0.0005,0.8599,0.1136,0.0221,0.0039
OFOAEPEI_02598,Cytoplasmic,0.0000,0.0003,0.9852,0.0137,0.0007,0.0001
OFOAEPEI_02599,Cytoplasmic,0.0016,0.0109,0.8035,0.1775,0.0065,0.0000
OFOAEPEI_02600,Cytoplasmic,0.0002,0.0080,0.9628,0.0269,0.0020,0.0001
OFOAEPEI_02601,Cytoplasmic Membrane,0.0000,0.0004,0.0001,0.9966,0.0029,0.0000
OFOAEPEI_02602,Cytoplasmic Membrane,0.0000,0.0011,0.0001,0.9973,0.0014,0.0000
OFOAEPEI_02603,Cytoplasmic,0.0009,0.0834,0.6165,0.2890,0.0100,0.0001
OFOAEPEI_02604,Cytoplasmic,0.0025,0.0962,0.5152,0.3771,0.0090,0.0001
OFOAEPEI_02605,Cytoplasmic,0.0000,0.0000,0.9973,0.0001,0.0026,0.0000
OFOAEPEI_02606,Cytoplasmic,0.0003,0.0002,0.9982,0.0010,0.0002,0.0001
OFOAEPEI_02607,Cytoplasmic,0.0000,0.0066,0.9911,0.0002,0.0013,0.0008
OFOAEPEI_02608,Cytoplasmic Membrane,0.0000,0.0021,0.0000,0.9955,0.0024,0.0000
OFOAEPEI_02609,Cytoplasmic,0.0001,0.0006,0.9252,0.0188,0.0551,0.0003
OFOAEPEI_02610,Cytoplasmic Membrane,0.0083,0.0951,0.0018,0.8266,0.0678,0.0003
OFOAEPEI_02611,Cytoplasmic,0.0001,0.0001,0.9845,0.0120,0.0030,0.0003
OFOAEPEI_02612,Cytoplasmic,0.0006,0.0035,0.9386,0.0552,0.0014,0.0008
OFOAEPEI_02613,Cytoplasmic Membrane,0.0000,0.0000,0.0000,0.9976,0.0023,0.0000
OFOAEPEI_02614,Cytoplasmic Membrane,0.0000,0.0001,0.0000,0.9979,0.0019,0.0000
OFOAEPEI_02615,Cytoplasmic,0.0000,0.0001,0.9836,0.0017,0.0146,0.0001
OFOAEPEI_02616,Cytoplasmic,0.0000,0.0003,0.9952,0.0001,0.0004,0.0040
OFOAEPEI_02617,Cytoplasmic,0.0002,0.0027,0.9797,0.0010,0.0105,0.0058
OFOAEPEI_02618,Cytoplasmic,0.0000,0.0006,0.9970,0.0007,0.0007,0.0009
OFOAEPEI_02619,Cytoplasmic,0.0004,0.0079,0.9821,0.0031,0.0057,0.0008
OFOAEPEI_02620,Cytoplasmic Membrane,0.0000,0.0004,0.0007,0.9962,0.0027,0.0000
OFOAEPEI_02621,Cytoplasmic,0.0001,0.0016,0.8121,0.0479,0.1323,0.0060
OFOAEPEI_02622,Cytoplasmic,0.0002,0.0005,0.8680,0.1138,0.0164,0.0010
OFOAEPEI_02623,Cytoplasmic,0.0002,0.4420,0.4752,0.0698,0.0119,0.0008
OFOAEPEI_02624,Extracellular,0.0036,0.5891,0.0113,0.2753,0.1123,0.0083
OFOAEPEI_02625,Cytoplasmic,0.0039,0.0105,0.8723,0.1072,0.0059,0.0002
OFOAEPEI_02626,Cytoplasmic,0.0054,0.0177,0.8939,0.0812,0.0018,0.0001
OFOAEPEI_02627,Cytoplasmic Membrane,0.0109,0.0478,0.0013,0.9203,0.0196,0.0001
OFOAEPEI_02628,Cytoplasmic,0.0001,0.0639,0.9129,0.0121,0.0109,0.0001
OFOAEPEI_02629,Cytoplasmic,0.0008,0.0010,0.8892,0.1070,0.0018,0.0000
OFOAEPEI_02630,Cytoplasmic,0.0000,0.0001,0.9972,0.0002,0.0024,0.0001
OFOAEPEI_02631,Cytoplasmic,0.0001,0.0003,0.9763,0.0075,0.0155,0.0003
OFOAEPEI_02632,Cytoplasmic Membrane,0.0000,0.0001,0.0003,0.9960,0.0036,0.0000
OFOAEPEI_02633,Cytoplasmic Membrane,0.0000,0.0001,0.0000,0.9984,0.0014,0.0000
OFOAEPEI_02634,Cytoplasmic,0.0001,0.0418,0.9468,0.0035,0.0052,0.0026
OFOAEPEI_02635,Cytoplasmic,0.0036,0.1587,0.6657,0.0349,0.1011,0.0359
OFOAEPEI_02636,Cytoplasmic,0.0000,0.0031,0.9932,0.0006,0.0029,0.0002
OFOAEPEI_02637,Cytoplasmic,0.0035,0.0250,0.6375,0.3310,0.0029,0.0001
OFOAEPEI_02638,Cytoplasmic,0.0014,0.3576,0.5132,0.0680,0.0595,0.0003
OFOAEPEI_02639,Cytoplasmic,0.0005,0.0188,0.8833,0.0759,0.0214,0.0002
OFOAEPEI_02640,Cytoplasmic,0.0001,0.0003,0.9941,0.0012,0.0043,0.0000
OFOAEPEI_02641,Cytoplasmic,0.0001,0.0409,0.9525,0.0017,0.0049,0.0000
OFOAEPEI_02642,Cytoplasmic,0.0006,0.0464,0.8632,0.0685,0.0209,0.0004
OFOAEPEI_02643,Cytoplasmic,0.0004,0.0057,0.9592,0.0181,0.0166,0.0001
OFOAEPEI_02644,Cytoplasmic Membrane,0.0002,0.0029,0.3946,0.5661,0.0361,0.0002
OFOAEPEI_02645,Outer Membrane,0.0001,0.0443,0.0000,0.0406,0.9149,0.0001
OFOAEPEI_02646,Cytoplasmic Membrane,0.0001,0.0147,0.0001,0.9842,0.0009,0.0000
OFOAEPEI_02647,Cytoplasmic Membrane,0.0000,0.0001,0.0001,0.9954,0.0043,0.0000
OFOAEPEI_02648,Cytoplasmic,0.0000,0.0002,0.9851,0.0026,0.0120,0.0000
OFOAEPEI_02649,Cytoplasmic Membrane,0.0047,0.0253,0.0005,0.9538,0.0155,0.0001
OFOAEPEI_02650,Cytoplasmic,0.0220,0.0276,0.7533,0.0426,0.1527,0.0018
OFOAEPEI_02651,Cytoplasmic Membrane,0.0038,0.3672,0.0027,0.6174,0.0089,0.0000
OFOAEPEI_02652,Cytoplasmic Membrane,0.0001,0.0455,0.0002,0.9536,0.0006,0.0000
OFOAEPEI_02653,Cytoplasmic Membrane,0.0003,0.0002,0.2751,0.7226,0.0018,0.0000
OFOAEPEI_02654,Cytoplasmic Membrane,0.0000,0.0006,0.0001,0.9986,0.0007,0.0000
OFOAEPEI_02655,Cytoplasmic,0.0001,0.2825,0.7070,0.0018,0.0069,0.0017
OFOAEPEI_02656,Cytoplasmic,0.0003,0.2583,0.7290,0.0106,0.0016,0.0001
OFOAEPEI_02657,Cytoplasmic,0.0005,0.1658,0.7571,0.0723,0.0036,0.0007
OFOAEPEI_02658,Cytoplasmic,0.0024,0.0721,0.7902,0.0236,0.0903,0.0214
OFOAEPEI_02659,Cytoplasmic,0.0158,0.0878,0.7537,0.0926,0.0476,0.0024
OFOAEPEI_02660,Cytoplasmic Membrane,0.0000,0.0502,0.0015,0.9432,0.0052,0.0000
OFOAEPEI_02661,Cytoplasmic,0.0022,0.0124,0.9309,0.0379,0.0162,0.0003
OFOAEPEI_02662,Cytoplasmic Membrane,0.0001,0.0092,0.0018,0.9832,0.0058,0.0000
OFOAEPEI_02663,Cytoplasmic,0.0015,0.0707,0.7675,0.0212,0.1239,0.0151
OFOAEPEI_02664,Cytoplasmic,0.0032,0.0107,0.8896,0.0123,0.0832,0.0010
OFOAEPEI_02665,Cytoplasmic,0.0017,0.0082,0.9270,0.0382,0.0232,0.0017
OFOAEPEI_02666,Cytoplasmic,0.0001,0.2769,0.5899,0.0357,0.0966,0.0008
OFOAEPEI_02667,Cell wall & surface,0.6731,0.1827,0.0006,0.1256,0.0180,0.0001
OFOAEPEI_02668,Cytoplasmic Membrane,0.0002,0.1163,0.0003,0.6750,0.2082,0.0000
OFOAEPEI_02669,Cytoplasmic,0.0004,0.1680,0.7130,0.0141,0.1012,0.0033
OFOAEPEI_02670,Cytoplasmic,0.0001,0.2407,0.7259,0.0312,0.0020,0.0001
OFOAEPEI_02671,Cytoplasmic Membrane,0.0000,0.0001,0.0007,0.9958,0.0035,0.0000
OFOAEPEI_02672,Cytoplasmic,0.0003,0.0020,0.8080,0.1771,0.0124,0.0002
OFOAEPEI_02673,Cytoplasmic,0.0000,0.0018,0.7694,0.0159,0.2071,0.0057
OFOAEPEI_02674,Cytoplasmic Membrane,0.0000,0.0003,0.0039,0.9916,0.0042,0.0000
OFOAEPEI_02675,Cytoplasmic,0.0000,0.0002,0.9862,0.0002,0.0134,0.0000
OFOAEPEI_02676,Cytoplasmic Membrane,0.0010,0.0196,0.2070,0.5907,0.1815,0.0002
OFOAEPEI_02677,Cytoplasmic Membrane,0.0001,0.0028,0.0125,0.9545,0.0300,0.0000
OFOAEPEI_02678,Cytoplasmic Membrane,0.0000,0.0076,0.0000,0.9903,0.0020,0.0000
OFOAEPEI_02679,Cytoplasmic Membrane,0.0009,0.0255,0.0992,0.7559,0.1176,0.0010
OFOAEPEI_02680,Cytoplasmic Membrane,0.0001,0.0014,0.0133,0.9731,0.0121,0.0001
OFOAEPEI_02681,Cytoplasmic Membrane,0.0000,0.0001,0.0064,0.9810,0.0125,0.0000
OFOAEPEI_02682,Cytoplasmic,0.0003,0.0124,0.8619,0.0023,0.1229,0.0002
OFOAEPEI_02683,Cytoplasmic Membrane,0.0000,0.0000,0.0000,0.9998,0.0002,0.0000
OFOAEPEI_02684,Cytoplasmic Membrane,0.0000,0.0218,0.0003,0.9498,0.0280,0.0000
OFOAEPEI_02685,Cytoplasmic,0.0016,0.0064,0.8773,0.0213,0.0860,0.0074
OFOAEPEI_02686,Cytoplasmic,0.0006,0.0039,0.7933,0.1986,0.0035,0.0002
OFOAEPEI_02687,Cytoplasmic,0.0006,0.0346,0.8324,0.0821,0.0501,0.0002
OFOAEPEI_02688,Cytoplasmic,0.0004,0.0338,0.8852,0.0179,0.0627,0.0001
OFOAEPEI_02689,Cytoplasmic,0.0000,0.0005,0.9522,0.0045,0.0413,0.0015
OFOAEPEI_02690,Cytoplasmic,0.0001,0.0818,0.8023,0.0071,0.1087,0.0001
OFOAEPEI_02691,Outer Membrane,0.0011,0.0259,0.1440,0.0646,0.7627,0.0017
OFOAEPEI_02692,Cytoplasmic Membrane,0.0000,0.0002,0.0000,0.9991,0.0007,0.0000
OFOAEPEI_02693,Cytoplasmic Membrane,0.0000,0.0001,0.0000,0.9994,0.0005,0.0000
OFOAEPEI_02694,Cytoplasmic Membrane,0.0001,0.0780,0.0002,0.8550,0.0667,0.0000
OFOAEPEI_02695,Cytoplasmic Membrane,0.0000,0.0001,0.0003,0.9983,0.0013,0.0000
OFOAEPEI_02696,Cytoplasmic Membrane,0.0002,0.1165,0.0001,0.8750,0.0083,0.0000
OFOAEPEI_02697,Extracellular,0.0779,0.9200,0.0001,0.0000,0.0019,0.0000
OFOAEPEI_02698,Cytoplasmic Membrane,0.0002,0.0115,0.0001,0.9647,0.0235,0.0000
OFOAEPEI_02699,Extracellular,0.0050,0.6991,0.2753,0.0025,0.0180,0.0001
OFOAEPEI_02700,Cytoplasmic,0.0008,0.1458,0.7731,0.0651,0.0149,0.0003
OFOAEPEI_02701,Extracellular,0.0454,0.7696,0.0012,0.1821,0.0016,0.0000
OFOAEPEI_02702,Cytoplasmic,0.0005,0.0007,0.9829,0.0052,0.0107,0.0000
OFOAEPEI_02703,Cytoplasmic,0.0000,0.0103,0.9861,0.0006,0.0031,0.0000
OFOAEPEI_02704,Cytoplasmic,0.0014,0.0101,0.9248,0.0410,0.0224,0.0004
OFOAEPEI_02705,Cytoplasmic,0.0003,0.0793,0.8665,0.0486,0.0053,0.0000
OFOAEPEI_02706,Cytoplasmic,0.0001,0.1218,0.8436,0.0168,0.0175,0.0001
OFOAEPEI_02707,Extracellular,0.0001,0.8021,0.1165,0.0138,0.0549,0.0125
OFOAEPEI_02708,Extracellular,0.0000,0.9724,0.0214,0.0000,0.0061,0.0001
OFOAEPEI_02709,Extracellular,0.0060,0.7351,0.0567,0.0128,0.1874,0.0020
OFOAEPEI_02710,Extracellular,0.0003,0.9782,0.0115,0.0019,0.0081,0.0000
OFOAEPEI_02711,Extracellular,0.0028,0.9644,0.0124,0.0056,0.0142,0.0005
OFOAEPEI_02712,Cytoplasmic,0.0002,0.1831,0.5667,0.2465,0.0034,0.0000
OFOAEPEI_02713,Cytoplasmic,0.0015,0.0952,0.8091,0.0632,0.0308,0.0001
OFOAEPEI_02714,Cytoplasmic,0.0007,0.1994,0.6732,0.0848,0.0366,0.0053
OFOAEPEI_02715,Cytoplasmic,0.0003,0.0023,0.9433,0.0527,0.0013,0.0000
OFOAEPEI_02716,Cytoplasmic,0.0000,0.0026,0.9854,0.0107,0.0012,0.0001
OFOAEPEI_02717,Cytoplasmic,0.0000,0.0004,0.9980,0.0007,0.0008,0.0000
OFOAEPEI_02718,Cytoplasmic,0.0001,0.0007,0.9664,0.0077,0.0248,0.0003
OFOAEPEI_02719,Cytoplasmic Membrane,0.0000,0.0000,0.0000,0.9986,0.0013,0.0000
OFOAEPEI_02720,Cytoplasmic Membrane,0.0000,0.0001,0.0001,0.9978,0.0017,0.0003
OFOAEPEI_02721,Cytoplasmic,0.0000,0.0007,0.9813,0.0022,0.0152,0.0006
OFOAEPEI_02722,Cytoplasmic,0.0005,0.0031,0.8249,0.0404,0.1193,0.0118
OFOAEPEI_02723,Cytoplasmic,0.0010,0.0025,0.8241,0.1694,0.0030,0.0000
OFOAEPEI_02724,Cytoplasmic,0.0017,0.0359,0.7761,0.1756,0.0107,0.0000
OFOAEPEI_02725,Cytoplasmic,0.0000,0.0000,0.9997,0.0000,0.0003,0.0000
OFOAEPEI_02726,Cytoplasmic,0.0000,0.0000,0.9991,0.0000,0.0008,0.0001
OFOAEPEI_02727,Cell wall & surface,0.6631,0.1952,0.0223,0.0382,0.0808,0.0005
OFOAEPEI_02728,Cytoplasmic,0.0038,0.0138,0.5525,0.3876,0.0418,0.0004
OFOAEPEI_02729,Cytoplasmic,0.0000,0.0002,0.9627,0.0013,0.0356,0.0003
OFOAEPEI_02730,Extracellular,0.0022,0.9974,0.0000,0.0000,0.0002,0.0001
OFOAEPEI_02731,Cytoplasmic,0.0000,0.0066,0.9841,0.0032,0.0048,0.0012
OFOAEPEI_02732,Cytoplasmic,0.0000,0.0002,0.9933,0.0029,0.0034,0.0001
OFOAEPEI_02733,Cytoplasmic Membrane,0.0000,0.0001,0.0000,0.9997,0.0003,0.0000
OFOAEPEI_02734,Cytoplasmic,0.0006,0.0172,0.9342,0.0135,0.0323,0.0022
OFOAEPEI_02735,Cytoplasmic,0.0002,0.0019,0.9782,0.0084,0.0105,0.0007
OFOAEPEI_02736,Cytoplasmic,0.0000,0.0004,0.9937,0.0018,0.0030,0.0010
OFOAEPEI_02737,Cytoplasmic,0.0001,0.0033,0.9798,0.0139,0.0028,0.0000
OFOAEPEI_02738,Cytoplasmic,0.0001,0.0010,0.9845,0.0009,0.0128,0.0007
OFOAEPEI_02739,Cytoplasmic Membrane,0.0000,0.0001,0.0001,0.9991,0.0007,0.0000
OFOAEPEI_02740,Cytoplasmic Membrane,0.0004,0.0005,0.2284,0.7561,0.0146,0.0001
OFOAEPEI_02741,Cytoplasmic Membrane,0.0000,0.0000,0.0000,0.9997,0.0003,0.0000
OFOAEPEI_02742,Extracellular,0.0034,0.9848,0.0012,0.0005,0.0092,0.0009
OFOAEPEI_02743,Cytoplasmic Membrane,0.0001,0.0001,0.1642,0.8128,0.0227,0.0000
OFOAEPEI_02744,Cytoplasmic Membrane,0.0000,0.0000,0.0000,0.9988,0.0012,0.0000
OFOAEPEI_02745,Cytoplasmic Membrane,0.0026,0.0084,0.0010,0.9416,0.0460,0.0004
OFOAEPEI_02746,Cytoplasmic,0.0003,0.0007,0.9555,0.0285,0.0150,0.0000
OFOAEPEI_02747,Cytoplasmic Membrane,0.0000,0.0000,0.0000,0.9998,0.0002,0.0000
OFOAEPEI_02748,Cytoplasmic,0.0002,0.0016,0.9907,0.0065,0.0002,0.0007
OFOAEPEI_02749,Cytoplasmic Membrane,0.0000,0.0001,0.0001,0.9992,0.0007,0.0000
OFOAEPEI_02750,Cytoplasmic Membrane,0.0000,0.0000,0.0000,0.9990,0.0010,0.0000
OFOAEPEI_02751,Cytoplasmic,0.0001,0.0002,0.9988,0.0001,0.0007,0.0001
OFOAEPEI_02752,Cytoplasmic,0.0003,0.0075,0.9898,0.0008,0.0011,0.0005
OFOAEPEI_02753,Cytoplasmic,0.0001,0.0016,0.9975,0.0002,0.0005,0.0001
OFOAEPEI_02754,Cytoplasmic,0.0000,0.0003,0.9871,0.0012,0.0106,0.0008
OFOAEPEI_02755,Cytoplasmic,0.0002,0.0004,0.9880,0.0015,0.0097,0.0001
OFOAEPEI_02756,Cytoplasmic,0.0010,0.1050,0.6962,0.0043,0.1827,0.0108
OFOAEPEI_02757,Cytoplasmic,0.0001,0.0004,0.8952,0.0052,0.0984,0.0006
OFOAEPEI_02758,Extracellular,0.0089,0.5151,0.0007,0.4586,0.0166,0.0001
OFOAEPEI_02759,Extracellular,0.0228,0.9745,0.0001,0.0021,0.0003,0.0001
OFOAEPEI_02760,Cytoplasmic Membrane,0.0000,0.0000,0.0000,0.9996,0.0004,0.0000
OFOAEPEI_02761,Cytoplasmic Membrane,0.0001,0.0020,0.2358,0.4738,0.2875,0.0007
OFOAEPEI_02762,Cytoplasmic,0.0000,0.0000,0.9950,0.0001,0.0049,0.0000
OFOAEPEI_02763,Cytoplasmic Membrane,0.0126,0.0193,0.1656,0.7870,0.0143,0.0011
OFOAEPEI_02764,Cytoplasmic Membrane,0.0026,0.0149,0.0710,0.8998,0.0116,0.0001
OFOAEPEI_02765,Cytoplasmic Membrane,0.0001,0.0005,0.0144,0.9820,0.0030,0.0000
OFOAEPEI_02766,Cytoplasmic Membrane,0.0001,0.0022,0.0002,0.9971,0.0005,0.0000
OFOAEPEI_02767,Cytoplasmic,0.0002,0.0001,0.9760,0.0229,0.0008,0.0000
OFOAEPEI_02768,Cytoplasmic Membrane,0.0001,0.0098,0.0002,0.9770,0.0128,0.0000
OFOAEPEI_02769,Cytoplasmic Membrane,0.0000,0.0106,0.0000,0.9884,0.0009,0.0000
OFOAEPEI_02770,Cytoplasmic,0.0018,0.0269,0.6807,0.1593,0.1302,0.0012
OFOAEPEI_02771,Cytoplasmic Membrane,0.0000,0.0000,0.0000,1.0000,0.0000,0.0000
OFOAEPEI_02772,Cytoplasmic Membrane,0.0000,0.0001,0.0001,0.9977,0.0021,0.0000
OFOAEPEI_02773,Cytoplasmic,0.0001,0.4471,0.5017,0.0049,0.0435,0.0027
OFOAEPEI_02774,Extracellular,0.0165,0.9294,0.0124,0.0280,0.0088,0.0049
OFOAEPEI_02775,Extracellular,0.0008,0.3976,0.3121,0.0037,0.2849,0.0009
OFOAEPEI_02776,Cytoplasmic,0.0001,0.0231,0.9684,0.0015,0.0050,0.0020
OFOAEPEI_02777,Cytoplasmic,0.0058,0.2948,0.6555,0.0009,0.0427,0.0003
OFOAEPEI_02778,Cytoplasmic,0.0000,0.0001,0.9991,0.0006,0.0002,0.0000
OFOAEPEI_02779,Cytoplasmic,0.0001,0.0002,0.9981,0.0009,0.0007,0.0000
OFOAEPEI_02780,Cytoplasmic Membrane,0.0028,0.1011,0.0017,0.8868,0.0076,0.0001
OFOAEPEI_02781,Cytoplasmic,0.0022,0.0012,0.6327,0.3633,0.0006,0.0001
OFOAEPEI_02782,Extracellular,0.0840,0.8975,0.0000,0.0023,0.0011,0.0152
OFOAEPEI_02783,Cytoplasmic,0.0034,0.0064,0.8437,0.1143,0.0313,0.0008
OFOAEPEI_02784,Cytoplasmic,0.0001,0.0004,0.9016,0.0278,0.0700,0.0001
OFOAEPEI_02785,Cytoplasmic Membrane,0.0000,0.0000,0.0000,0.9999,0.0001,0.0000
OFOAEPEI_02786,Cytoplasmic,0.0001,0.0001,0.9630,0.0056,0.0307,0.0005
OFOAEPEI_02787,Cytoplasmic,0.0000,0.0017,0.9552,0.0005,0.0058,0.0368
OFOAEPEI_02788,Cytoplasmic Membrane,0.0027,0.3326,0.0003,0.6440,0.0203,0.0002
OFOAEPEI_02789,Cytoplasmic Membrane,0.0093,0.0030,0.4479,0.5394,0.0003,0.0000
OFOAEPEI_02790,Extracellular,0.2158,0.7113,0.0083,0.0628,0.0017,0.0001
OFOAEPEI_02791,Cytoplasmic,0.0001,0.0046,0.9722,0.0069,0.0161,0.0001
OFOAEPEI_02792,Cytoplasmic Membrane,0.0000,0.0000,0.0000,0.9993,0.0006,0.0000
OFOAEPEI_02793,Cytoplasmic,0.0000,0.0006,0.9944,0.0010,0.0032,0.0008
OFOAEPEI_02794,Cytoplasmic,0.0003,0.0131,0.9853,0.0010,0.0004,0.0001
OFOAEPEI_02795,Cytoplasmic,0.0003,0.1397,0.8430,0.0016,0.0151,0.0004
OFOAEPEI_02796,Cytoplasmic,0.0000,0.0002,0.9676,0.0035,0.0285,0.0002
OFOAEPEI_02797,Cytoplasmic,0.0001,0.0020,0.9817,0.0077,0.0084,0.0000
OFOAEPEI_02798,Cytoplasmic,0.0007,0.0014,0.9526,0.0424,0.0026,0.0003
OFOAEPEI_02799,Cytoplasmic Membrane,0.0012,0.0420,0.0011,0.9075,0.0480,0.0001
OFOAEPEI_02800,Cytoplasmic Membrane,0.0000,0.0322,0.0000,0.9674,0.0004,0.0000
OFOAEPEI_02801,Cytoplasmic,0.0044,0.0887,0.8780,0.0208,0.0078,0.0005
OFOAEPEI_02802,Cytoplasmic Membrane,0.0001,0.0015,0.0001,0.9940,0.0043,0.0000
OFOAEPEI_02803,Cytoplasmic,0.0001,0.0008,0.8396,0.0035,0.1550,0.0010
OFOAEPEI_02804,Cytoplasmic,0.0000,0.0001,0.9990,0.0000,0.0004,0.0004
OFOAEPEI_02805,Cytoplasmic Membrane,0.0000,0.0024,0.0000,0.9973,0.0002,0.0000
OFOAEPEI_02806,Cytoplasmic,0.0005,0.0181,0.8600,0.1136,0.0078,0.0000
OFOAEPEI_02807,Cytoplasmic,0.0000,0.0001,0.9946,0.0009,0.0041,0.0003
OFOAEPEI_02808,Cytoplasmic Membrane,0.0000,0.0002,0.0000,0.9966,0.0031,0.0000
OFOAEPEI_02809,Cytoplasmic Membrane,0.0000,0.0001,0.0000,0.9971,0.0028,0.0001
OFOAEPEI_02810,Cytoplasmic Membrane,0.0006,0.0061,0.0018,0.9744,0.0169,0.0002
OFOAEPEI_02811,Cytoplasmic Membrane,0.0001,0.0121,0.0012,0.9804,0.0061,0.0000
OFOAEPEI_02812,Cytoplasmic Membrane,0.0000,0.0001,0.0000,0.9975,0.0024,0.0000
OFOAEPEI_02813,Cytoplasmic Membrane,0.0000,0.0003,0.0001,0.9933,0.0063,0.0000
OFOAEPEI_02814,Cytoplasmic,0.0001,0.0032,0.9785,0.0048,0.0133,0.0001
OFOAEPEI_02815,Cytoplasmic,0.0001,0.0009,0.9748,0.0059,0.0183,0.0001
OFOAEPEI_02816,Cytoplasmic,0.0009,0.0371,0.7418,0.0493,0.1049,0.0660
OFOAEPEI_02817,Cytoplasmic,0.0000,0.0005,0.7701,0.0016,0.1850,0.0428
OFOAEPEI_02818,Cytoplasmic Membrane,0.0001,0.0010,0.0010,0.9656,0.0321,0.0001
OFOAEPEI_02819,Cytoplasmic,0.0002,0.1086,0.8490,0.0108,0.0307,0.0007
OFOAEPEI_02820,Cytoplasmic,0.0000,0.0000,0.9982,0.0001,0.0016,0.0000
OFOAEPEI_02821,Cytoplasmic,0.0001,0.0003,0.9995,0.0001,0.0000,0.0000
OFOAEPEI_02822,Cytoplasmic,0.0002,0.0006,0.9869,0.0091,0.0029,0.0003
OFOAEPEI_02823,Cytoplasmic,0.0005,0.0253,0.9543,0.0162,0.0037,0.0000
OFOAEPEI_02824,Outer Membrane,0.0001,0.0001,0.3877,0.0000,0.6100,0.0021
OFOAEPEI_02825,Cytoplasmic Membrane,0.0000,0.0002,0.0000,0.9977,0.0021,0.0000
OFOAEPEI_02826,Cytoplasmic,0.0000,0.0000,0.9938,0.0007,0.0054,0.0001
OFOAEPEI_02827,Cytoplasmic Membrane,0.0001,0.0082,0.0002,0.9884,0.0030,0.0000
OFOAEPEI_02828,Cytoplasmic,0.0001,0.0000,0.9992,0.0002,0.0004,0.0001
OFOAEPEI_02829,Cytoplasmic,0.0003,0.0019,0.9803,0.0004,0.0159,0.0013
OFOAEPEI_02830,Cytoplasmic Membrane,0.0000,0.0000,0.0000,0.9993,0.0007,0.0000
OFOAEPEI_02831,Cytoplasmic Membrane,0.0000,0.0002,0.0000,0.9908,0.0089,0.0000
OFOAEPEI_02832,Cytoplasmic,0.0001,0.0001,0.9865,0.0039,0.0093,0.0001
OFOAEPEI_02833,Extracellular,0.0817,0.4655,0.0256,0.4044,0.0224,0.0004
OFOAEPEI_02834,Cytoplasmic,0.0000,0.0001,0.6231,0.0001,0.3765,0.0001
OFOAEPEI_02836,Cytoplasmic,0.0001,0.0023,0.9906,0.0007,0.0063,0.0000
OFOAEPEI_02837,Cytoplasmic,0.0002,0.0082,0.9711,0.0054,0.0139,0.0012
OFOAEPEI_02838,Cytoplasmic,0.0000,0.0051,0.9845,0.0001,0.0103,0.0000
OFOAEPEI_02839,Cytoplasmic,0.0006,0.0025,0.9401,0.0006,0.0555,0.0008
OFOAEPEI_02840,Cytoplasmic,0.0010,0.1593,0.7834,0.0019,0.0528,0.0016
OFOAEPEI_02841,Cytoplasmic,0.0000,0.0032,0.9582,0.0136,0.0187,0.0064
OFOAEPEI_02842,Outer Membrane,0.0917,0.1777,0.0003,0.1739,0.5555,0.0008
OFOAEPEI_02843,Cytoplasmic,0.0009,0.0097,0.8973,0.0061,0.0855,0.0005
OFOAEPEI_02844,Cytoplasmic,0.0001,0.0005,0.9848,0.0009,0.0136,0.0002
OFOAEPEI_02845,Cytoplasmic,0.0002,0.0656,0.8900,0.0424,0.0014,0.0004
OFOAEPEI_02846,Cytoplasmic,0.0001,0.0046,0.9905,0.0026,0.0020,0.0001
OFOAEPEI_02847,Cytoplasmic,0.0002,0.0393,0.9444,0.0060,0.0024,0.0077
OFOAEPEI_02848,Cytoplasmic Membrane,0.0224,0.0944,0.0003,0.8323,0.0507,0.0000
OFOAEPEI_02849,Cytoplasmic,0.0001,0.0199,0.9364,0.0086,0.0350,0.0000
OFOAEPEI_02850,Cytoplasmic,0.0001,0.0050,0.9934,0.0014,0.0001,0.0001
OFOAEPEI_02851,Cytoplasmic Membrane,0.0000,0.0000,0.0000,0.9996,0.0004,0.0000
OFOAEPEI_02852,Cytoplasmic,0.0001,0.0003,0.9900,0.0005,0.0083,0.0009
OFOAEPEI_02853,Cytoplasmic,0.0043,0.0017,0.9745,0.0192,0.0002,0.0001
OFOAEPEI_02854,Cytoplasmic,0.0002,0.0874,0.8868,0.0239,0.0016,0.0001
OFOAEPEI_02855,Cytoplasmic,0.0075,0.3093,0.5804,0.0006,0.0078,0.0944
OFOAEPEI_02856,Cytoplasmic,0.0021,0.0056,0.9440,0.0375,0.0104,0.0005
OFOAEPEI_02857,Cytoplasmic Membrane,0.0075,0.0687,0.0006,0.9214,0.0017,0.0000
OFOAEPEI_02858,Cytoplasmic,0.0004,0.3993,0.4001,0.0852,0.0797,0.0353
OFOAEPEI_02859,Cytoplasmic,0.0012,0.0495,0.7838,0.0599,0.0382,0.0675
OFOAEPEI_02860,Cytoplasmic,0.0001,0.0186,0.5792,0.0068,0.0796,0.3157
OFOAEPEI_02861,Cytoplasmic,0.0002,0.0030,0.7979,0.1598,0.0382,0.0010
OFOAEPEI_02862,Cytoplasmic,0.0001,0.0609,0.9218,0.0122,0.0050,0.0001
OFOAEPEI_02863,Cytoplasmic Membrane,0.0033,0.0793,0.0002,0.8954,0.0217,0.0000
OFOAEPEI_02864,Cytoplasmic Membrane,0.0000,0.0000,0.0000,0.9999,0.0001,0.0000
OFOAEPEI_02865,Cytoplasmic,0.0002,0.0429,0.8807,0.0021,0.0735,0.0005
OFOAEPEI_02866,Cytoplasmic,0.0001,0.0026,0.9930,0.0025,0.0016,0.0001
OFOAEPEI_02867,Cytoplasmic Membrane,0.0001,0.0249,0.0000,0.9612,0.0137,0.0000
OFOAEPEI_02868,Cytoplasmic,0.0001,0.0008,0.9957,0.0027,0.0004,0.0004
OFOAEPEI_02869,Cytoplasmic Membrane,0.0000,0.0000,0.0000,0.9999,0.0001,0.0000
OFOAEPEI_02870,Cytoplasmic,0.0001,0.0879,0.9049,0.0052,0.0017,0.0003
OFOAEPEI_02871,Cytoplasmic,0.0014,0.1276,0.7474,0.0921,0.0299,0.0017
OFOAEPEI_02872,Extracellular,0.0000,1.0000,0.0000,0.0000,0.0000,0.0000
OFOAEPEI_02873,Extracellular,0.0000,1.0000,0.0000,0.0000,0.0000,0.0000
OFOAEPEI_02874,Extracellular,0.0095,0.6839,0.2432,0.0183,0.0424,0.0027
OFOAEPEI_02875,Cytoplasmic,0.0006,0.0017,0.6820,0.1847,0.0483,0.0826
OFOAEPEI_02876,Cytoplasmic,0.0004,0.0050,0.7402,0.0554,0.0190,0.1799
OFOAEPEI_02877,Cytoplasmic,0.0005,0.0111,0.9486,0.0333,0.0065,0.0001
OFOAEPEI_02878,Cytoplasmic,0.0001,0.0048,0.9616,0.0291,0.0044,0.0001
OFOAEPEI_02879,Cytoplasmic,0.0001,0.0660,0.8730,0.0276,0.0054,0.0279
OFOAEPEI_02880,Cytoplasmic Membrane,0.0002,0.0003,0.1462,0.8476,0.0056,0.0001
OFOAEPEI_02881,Cytoplasmic Membrane,0.0000,0.0000,0.0000,0.9997,0.0003,0.0000
OFOAEPEI_02882,Cytoplasmic Membrane,0.0028,0.0062,0.0002,0.8844,0.1061,0.0003
OFOAEPEI_02883,Cytoplasmic,0.0002,0.0013,0.9818,0.0141,0.0014,0.0012
OFOAEPEI_02884,Cytoplasmic,0.0000,0.0024,0.9955,0.0001,0.0007,0.0013
OFOAEPEI_02885,Cytoplasmic,0.0001,0.0053,0.9899,0.0041,0.0005,0.0000
OFOAEPEI_02886,Cytoplasmic,0.0000,0.0101,0.9352,0.0005,0.0021,0.0521
OFOAEPEI_02887,Cytoplasmic,0.0007,0.1313,0.8502,0.0011,0.0084,0.0083
OFOAEPEI_02888,Cytoplasmic,0.0002,0.0009,0.9968,0.0006,0.0013,0.0002
OFOAEPEI_02889,Cytoplasmic Membrane,0.0000,0.0001,0.0001,0.9990,0.0009,0.0000
OFOAEPEI_02890,Cytoplasmic,0.0000,0.0001,0.9995,0.0001,0.0002,0.0001
OFOAEPEI_02891,Cytoplasmic,0.0004,0.0056,0.9649,0.0250,0.0041,0.0000
OFOAEPEI_02892,Cytoplasmic Membrane,0.0000,0.0003,0.0006,0.9991,0.0001,0.0000
OFOAEPEI_02893,Cytoplasmic,0.0002,0.2386,0.5058,0.2420,0.0130,0.0004
OFOAEPEI_02894,Cytoplasmic Membrane,0.0000,0.0000,0.0000,0.9998,0.0002,0.0000
OFOAEPEI_02895,Cytoplasmic Membrane,0.0005,0.4190,0.1146,0.4438,0.0211,0.0010
OFOAEPEI_02896,Cytoplasmic,0.0001,0.0003,0.9988,0.0005,0.0004,0.0000
OFOAEPEI_02897,Cytoplasmic,0.0002,0.0094,0.8122,0.1552,0.0221,0.0009
OFOAEPEI_02898,Cytoplasmic,0.0001,0.0818,0.7613,0.1168,0.0185,0.0216
OFOAEPEI_02899,Cytoplasmic,0.0000,0.0459,0.9307,0.0028,0.0199,0.0007
OFOAEPEI_02900,Cytoplasmic,0.0001,0.0001,0.9895,0.0087,0.0017,0.0000
OFOAEPEI_02901,Cytoplasmic,0.0006,0.0004,0.6535,0.3435,0.0019,0.0002
OFOAEPEI_02902,Cytoplasmic Membrane,0.0000,0.0011,0.0001,0.9966,0.0021,0.0000
OFOAEPEI_02903,Cytoplasmic Membrane,0.0001,0.0012,0.0064,0.9808,0.0115,0.0000
OFOAEPEI_02904,Cytoplasmic Membrane,0.0000,0.0025,0.0001,0.9953,0.0021,0.0000
OFOAEPEI_02905,Cytoplasmic,0.0004,0.0036,0.9635,0.0238,0.0086,0.0001
OFOAEPEI_02906,Cytoplasmic,0.0011,0.0057,0.9601,0.0261,0.0069,0.0001
OFOAEPEI_02907,Cytoplasmic Membrane,0.0000,0.0004,0.0002,0.9987,0.0007,0.0000
OFOAEPEI_02908,Cytoplasmic Membrane,0.0000,0.0001,0.0002,0.9992,0.0004,0.0000
OFOAEPEI_02909,Cytoplasmic Membrane,0.0000,0.0000,0.0000,0.9998,0.0001,0.0000
OFOAEPEI_02910,Cytoplasmic,0.0000,0.0003,0.9815,0.0171,0.0011,0.0000
OFOAEPEI_02911,Cytoplasmic Membrane,0.0004,0.0452,0.0001,0.9305,0.0238,0.0000
OFOAEPEI_02912,Extracellular,0.0058,0.7909,0.0934,0.0627,0.0441,0.0031
OFOAEPEI_02913,Cytoplasmic,0.0001,0.0006,0.9979,0.0008,0.0004,0.0002
OFOAEPEI_02914,Cytoplasmic,0.0002,0.0062,0.9557,0.0091,0.0283,0.0005
OFOAEPEI_02915,Cytoplasmic,0.0002,0.0007,0.9963,0.0009,0.0015,0.0004
OFOAEPEI_02916,Cytoplasmic,0.0001,0.0004,0.9961,0.0031,0.0004,0.0000
OFOAEPEI_02917,Cytoplasmic,0.0001,0.0002,0.9976,0.0020,0.0000,0.0000
OFOAEPEI_02918,Cytoplasmic,0.0001,0.0021,0.9972,0.0001,0.0002,0.0003
OFOAEPEI_02919,Cytoplasmic,0.0003,0.0005,0.9680,0.0206,0.0084,0.0022
OFOAEPEI_02920,Cytoplasmic,0.0001,0.2767,0.4565,0.2552,0.0110,0.0005
OFOAEPEI_02921,Cytoplasmic,0.0002,0.1541,0.8271,0.0073,0.0111,0.0003
OFOAEPEI_02922,Cytoplasmic,0.0001,0.3334,0.6178,0.0069,0.0410,0.0008
OFOAEPEI_02923,Cytoplasmic,0.0001,0.0011,0.9716,0.0269,0.0002,0.0001
OFOAEPEI_02924,Cytoplasmic Membrane,0.0003,0.0705,0.0000,0.8199,0.1092,0.0002
OFOAEPEI_02925,Cytoplasmic Membrane,0.0000,0.0000,0.0001,0.9996,0.0004,0.0000
OFOAEPEI_02926,Cytoplasmic Membrane,0.0006,0.0015,0.1696,0.7902,0.0374,0.0007
OFOAEPEI_02927,Cytoplasmic,0.0007,0.0196,0.9504,0.0144,0.0134,0.0015
OFOAEPEI_02928,Cytoplasmic,0.0012,0.0407,0.8936,0.0480,0.0100,0.0066
OFOAEPEI_02929,Cytoplasmic,0.0001,0.0039,0.9761,0.0053,0.0035,0.0111
OFOAEPEI_02930,Cytoplasmic,0.0003,0.0217,0.9084,0.0173,0.0179,0.0345
OFOAEPEI_02931,Cytoplasmic,0.0001,0.0022,0.9931,0.0043,0.0003,0.0000
OFOAEPEI_02932,Cytoplasmic,0.0001,0.0044,0.9337,0.0017,0.0054,0.0547
OFOAEPEI_02933,Cytoplasmic Membrane,0.0000,0.0001,0.0014,0.9971,0.0014,0.0000
OFOAEPEI_02934,Cytoplasmic,0.0000,0.0008,0.9817,0.0096,0.0052,0.0027
OFOAEPEI_02935,Cytoplasmic,0.0001,0.0006,0.9928,0.0046,0.0018,0.0000
OFOAEPEI_02936,Cytoplasmic,0.0006,0.0608,0.9094,0.0024,0.0257,0.0011
OFOAEPEI_02937,Cytoplasmic Membrane,0.0001,0.0078,0.0009,0.9844,0.0069,0.0000
OFOAEPEI_02938,Cytoplasmic Membrane,0.0001,0.0530,0.0011,0.9391,0.0066,0.0000
OFOAEPEI_02939,Cytoplasmic,0.0001,0.0040,0.9859,0.0005,0.0015,0.0080
OFOAEPEI_02940,Cytoplasmic,0.0001,0.1987,0.7847,0.0151,0.0011,0.0002
OFOAEPEI_02941,Cytoplasmic,0.0000,0.0003,0.9975,0.0009,0.0012,0.0001
OFOAEPEI_02942,Cytoplasmic,0.0000,0.0044,0.9882,0.0044,0.0026,0.0004
OFOAEPEI_02943,Cytoplasmic,0.0000,0.0380,0.9565,0.0049,0.0003,0.0003
OFOAEPEI_02944,Cytoplasmic,0.0002,0.0068,0.9543,0.0038,0.0343,0.0005
OFOAEPEI_02945,Cytoplasmic,0.0007,0.0857,0.9000,0.0095,0.0032,0.0009
OFOAEPEI_02946,Extracellular,0.0091,0.8435,0.0000,0.0365,0.0011,0.1097
OFOAEPEI_02947,Cell wall & surface,0.5160,0.4044,0.0002,0.0386,0.0386,0.0022
OFOAEPEI_02948,Cytoplasmic,0.0000,0.0087,0.9867,0.0029,0.0004,0.0013
OFOAEPEI_02949,Cytoplasmic Membrane,0.0025,0.0670,0.0001,0.9055,0.0246,0.0003
OFOAEPEI_02950,Cytoplasmic,0.0000,0.0003,0.9961,0.0024,0.0012,0.0000
OFOAEPEI_02951,Cytoplasmic,0.0003,0.2107,0.7375,0.0268,0.0039,0.0208
OFOAEPEI_02952,Cytoplasmic Membrane,0.0000,0.0015,0.0011,0.9932,0.0042,0.0000
OFOAEPEI_02953,Cytoplasmic,0.0006,0.0037,0.9890,0.0057,0.0009,0.0001
OFOAEPEI_02954,Cytoplasmic Membrane,0.0004,0.0013,0.2433,0.7258,0.0287,0.0004
OFOAEPEI_02955,Cytoplasmic Membrane,0.0000,0.0001,0.0000,0.9993,0.0006,0.0000
OFOAEPEI_02956,Cytoplasmic,0.0034,0.0226,0.6420,0.3015,0.0301,0.0004
OFOAEPEI_02957,Cytoplasmic,0.0002,0.0245,0.7719,0.1963,0.0068,0.0002
OFOAEPEI_02958,Cytoplasmic,0.0008,0.0946,0.8759,0.0148,0.0135,0.0003
OFOAEPEI_02959,Extracellular,0.0000,0.4741,0.0267,0.4501,0.0491,0.0000
OFOAEPEI_02960,Cytoplasmic Membrane,0.0001,0.0007,0.0057,0.9899,0.0036,0.0000
OFOAEPEI_02961,Cytoplasmic Membrane,0.0011,0.0011,0.3089,0.6869,0.0018,0.0003
OFOAEPEI_02962,Cytoplasmic,0.0000,0.0001,0.9900,0.0071,0.0018,0.0011
OFOAEPEI_02963,Cytoplasmic,0.0010,0.1678,0.7819,0.0434,0.0055,0.0004
OFOAEPEI_02964,Cytoplasmic,0.0000,0.0187,0.9710,0.0086,0.0015,0.0002
OFOAEPEI_02965,Cytoplasmic Membrane,0.0000,0.0000,0.0000,0.9999,0.0000,0.0000
OFOAEPEI_02966,Cytoplasmic,0.0000,0.0004,0.9983,0.0008,0.0003,0.0001
OFOAEPEI_02967,Cytoplasmic Membrane,0.0000,0.0001,0.0000,0.9996,0.0003,0.0000
OFOAEPEI_02968,Cytoplasmic Membrane,0.0000,0.0000,0.0000,0.9999,0.0001,0.0000
OFOAEPEI_02969,Cytoplasmic,0.0000,0.0005,0.9761,0.0184,0.0048,0.0001
OFOAEPEI_02970,Outer Membrane,0.0000,0.0000,0.4133,0.0003,0.5862,0.0001
OFOAEPEI_02971,Outer Membrane,0.0001,0.0070,0.3748,0.0015,0.6150,0.0016
OFOAEPEI_02972,Cytoplasmic,0.0011,0.0080,0.9287,0.0156,0.0466,0.0000
OFOAEPEI_02973,Cytoplasmic,0.0028,0.0063,0.9528,0.0041,0.0339,0.0002
OFOAEPEI_02974,Cytoplasmic,0.0018,0.0174,0.8755,0.0203,0.0850,0.0000
OFOAEPEI_02975,Cytoplasmic,0.0009,0.0030,0.7802,0.1466,0.0692,0.0002
OFOAEPEI_02976,Cytoplasmic,0.0004,0.2259,0.7392,0.0002,0.0324,0.0017
OFOAEPEI_02977,Cytoplasmic,0.0057,0.0078,0.8249,0.0730,0.0851,0.0035
OFOAEPEI_02978,Cytoplasmic,0.0000,0.0010,0.9597,0.0121,0.0271,0.0001
OFOAEPEI_02979,Cytoplasmic,0.0001,0.0915,0.6792,0.0401,0.1889,0.0002
OFOAEPEI_02980,Cytoplasmic,0.0016,0.0120,0.9479,0.0007,0.0374,0.0004
OFOAEPEI_02981,Extracellular,0.0049,0.7364,0.2152,0.0015,0.0412,0.0009
OFOAEPEI_02982,Cytoplasmic Membrane,0.0000,0.0214,0.0001,0.9690,0.0095,0.0000
OFOAEPEI_02983,Cytoplasmic Membrane,0.0000,0.0001,0.0000,0.9997,0.0001,0.0000
OFOAEPEI_02984,Cytoplasmic,0.0001,0.3293,0.6414,0.0233,0.0055,0.0003
OFOAEPEI_02985,Cytoplasmic,0.0000,0.0008,0.9847,0.0035,0.0108,0.0003
OFOAEPEI_02986,Cytoplasmic,0.0064,0.0792,0.7548,0.0054,0.1510,0.0031
OFOAEPEI_02987,Cytoplasmic,0.0001,0.0002,0.9660,0.0179,0.0157,0.0000
OFOAEPEI_02988,Cytoplasmic Membrane,0.0001,0.0385,0.0004,0.9472,0.0136,0.0000
OFOAEPEI_02989,Cytoplasmic Membrane,0.0000,0.0015,0.0000,0.9920,0.0065,0.0000
OFOAEPEI_02990,Cytoplasmic Membrane,0.0003,0.0010,0.1489,0.8052,0.0445,0.0001
OFOAEPEI_02991,Cytoplasmic,0.0024,0.0119,0.9767,0.0065,0.0021,0.0004
OFOAEPEI_02992,Cytoplasmic Membrane,0.0003,0.0037,0.0001,0.9854,0.0106,0.0000
OFOAEPEI_02993,Outer Membrane,0.0041,0.1525,0.0002,0.2728,0.5703,0.0002
OFOAEPEI_02994,Cytoplasmic,0.0022,0.0098,0.9798,0.0061,0.0017,0.0003
OFOAEPEI_02995,Cytoplasmic,0.0003,0.1238,0.7857,0.0683,0.0196,0.0023
OFOAEPEI_02996,Extracellular,0.0049,0.7364,0.2152,0.0015,0.0412,0.0009
OFOAEPEI_02997,Cytoplasmic,0.0016,0.0120,0.9479,0.0007,0.0374,0.0004
OFOAEPEI_02998,Cytoplasmic,0.0003,0.0468,0.9285,0.0114,0.0112,0.0019
OFOAEPEI_02999,Cytoplasmic,0.0022,0.0131,0.9643,0.0097,0.0101,0.0006
OFOAEPEI_03000,Cytoplasmic,0.0006,0.0245,0.9564,0.0060,0.0124,0.0002
OFOAEPEI_03001,Cytoplasmic,0.0000,0.0013,0.9698,0.0018,0.0264,0.0007
OFOAEPEI_03002,Cytoplasmic Membrane,0.0000,0.0000,0.0000,0.9994,0.0006,0.0000
OFOAEPEI_03003,Cytoplasmic,0.0014,0.1084,0.8754,0.0064,0.0082,0.0002
OFOAEPEI_03004,Cytoplasmic Membrane,0.0001,0.0824,0.0110,0.8902,0.0155,0.0008
OFOAEPEI_03005,Extracellular,0.3358,0.4852,0.0024,0.0032,0.1726,0.0009
OFOAEPEI_03006,Cytoplasmic,0.0007,0.0096,0.8223,0.1518,0.0144,0.0012
OFOAEPEI_03007,Cytoplasmic,0.0001,0.0015,0.9893,0.0028,0.0060,0.0003
OFOAEPEI_03008,Cytoplasmic,0.0000,0.0015,0.9982,0.0001,0.0000,0.0000
OFOAEPEI_03009,Cytoplasmic,0.0000,0.0002,0.9894,0.0005,0.0098,0.0001
OFOAEPEI_03010,Cytoplasmic,0.0000,0.0076,0.9779,0.0026,0.0118,0.0000
OFOAEPEI_03011,Cytoplasmic,0.0011,0.0239,0.7912,0.1826,0.0012,0.0000
OFOAEPEI_03012,Cytoplasmic,0.0001,0.0210,0.8539,0.1156,0.0093,0.0001
OFOAEPEI_03013,Cytoplasmic,0.0004,0.0027,0.9550,0.0215,0.0167,0.0037
OFOAEPEI_03014,Cytoplasmic,0.0017,0.0609,0.8284,0.0614,0.0471,0.0004
OFOAEPEI_03015,Cytoplasmic,0.0002,0.0804,0.8815,0.0248,0.0113,0.0018
OFOAEPEI_03016,Cytoplasmic,0.0000,0.0016,0.9972,0.0007,0.0004,0.0000
OFOAEPEI_03017,Cytoplasmic,0.0001,0.0035,0.9938,0.0013,0.0009,0.0005
OFOAEPEI_03018,Cytoplasmic Membrane,0.0000,0.0001,0.0003,0.9984,0.0012,0.0000
OFOAEPEI_03019,Outer Membrane,0.0016,0.0189,0.0001,0.4150,0.5637,0.0006
OFOAEPEI_03020,Cytoplasmic,0.0005,0.0004,0.9866,0.0091,0.0033,0.0000
OFOAEPEI_03021,Cytoplasmic Membrane,0.0001,0.0087,0.0005,0.9858,0.0049,0.0000
OFOAEPEI_03022,Cytoplasmic Membrane,0.0590,0.2497,0.0082,0.6718,0.0112,0.0001
OFOAEPEI_03023,Cytoplasmic,0.0005,0.0017,0.9930,0.0030,0.0018,0.0001
OFOAEPEI_03024,Cytoplasmic,0.0002,0.0026,0.6834,0.3061,0.0067,0.0009
OFOAEPEI_03025,Cytoplasmic Membrane,0.0000,0.0011,0.0007,0.9969,0.0014,0.0000
OFOAEPEI_03026,Extracellular,0.0376,0.6358,0.1349,0.1442,0.0376,0.0100
OFOAEPEI_03027,Cytoplasmic,0.0082,0.1297,0.6845,0.0611,0.0995,0.0171
OFOAEPEI_03028,Cytoplasmic Membrane,0.0284,0.4510,0.0004,0.5099,0.0100,0.0002
OFOAEPEI_03029,Cytoplasmic Membrane,0.0001,0.0546,0.0062,0.9127,0.0260,0.0004
OFOAEPEI_03030,Cytoplasmic,0.0003,0.0033,0.9926,0.0024,0.0013,0.0000
OFOAEPEI_03033,Cytoplasmic,0.0000,0.1020,0.8864,0.0066,0.0050,0.0001
OFOAEPEI_03034,Extracellular,0.0007,0.5629,0.4067,0.0123,0.0171,0.0003
OFOAEPEI_03037,Extracellular,0.0001,0.2731,0.0512,0.2343,0.2284,0.2130
OFOAEPEI_03038,Cytoplasmic,0.0022,0.1924,0.6041,0.1566,0.0270,0.0178
OFOAEPEI_03039,Cytoplasmic,0.0003,0.0022,0.9713,0.0244,0.0013,0.0004
OFOAEPEI_03040,Cytoplasmic Membrane,0.0000,0.0042,0.0016,0.9929,0.0013,0.0000
OFOAEPEI_03041,Cytoplasmic Membrane,0.0003,0.0241,0.0012,0.9666,0.0078,0.0000
OFOAEPEI_03042,Cytoplasmic,0.0000,0.0001,0.9974,0.0000,0.0024,0.0000
OFOAEPEI_03043,Cytoplasmic,0.0024,0.2324,0.5848,0.0461,0.1268,0.0076
OFOAEPEI_03044,Cytoplasmic Membrane,0.0000,0.0015,0.0004,0.9977,0.0005,0.0000
OFOAEPEI_03045,Cytoplasmic,0.0000,0.0002,0.9633,0.0002,0.0360,0.0003
OFOAEPEI_03046,Extracellular,0.0002,0.5145,0.2863,0.0841,0.1106,0.0043
OFOAEPEI_03048,Cytoplasmic,0.0003,0.0723,0.9019,0.0058,0.0174,0.0023
OFOAEPEI_03049,Cytoplasmic,0.0044,0.2585,0.6315,0.0222,0.0778,0.0056
OFOAEPEI_03050,Cytoplasmic,0.0001,0.0009,0.9860,0.0055,0.0065,0.0010
OFOAEPEI_03051,Cytoplasmic Membrane,0.0000,0.0000,0.0005,0.9993,0.0002,0.0000
OFOAEPEI_03052,Cytoplasmic Membrane,0.0000,0.0001,0.0003,0.9990,0.0007,0.0000
OFOAEPEI_03053,Cytoplasmic Membrane,0.0001,0.1399,0.4266,0.4306,0.0027,0.0001
OFOAEPEI_03054,Cytoplasmic,0.0003,0.1275,0.6091,0.2606,0.0023,0.0001
OFOAEPEI_03055,Cytoplasmic,0.0000,0.0003,0.9985,0.0004,0.0007,0.0001
OFOAEPEI_03056,Cytoplasmic,0.0000,0.0003,0.9923,0.0027,0.0046,0.0000
OFOAEPEI_03057,Cytoplasmic,0.0004,0.0003,0.9961,0.0013,0.0017,0.0002
OFOAEPEI_03058,Cytoplasmic,0.0000,0.0001,0.9953,0.0004,0.0038,0.0005
OFOAEPEI_03059,Cytoplasmic Membrane,0.0000,0.0000,0.0000,0.9992,0.0008,0.0000
OFOAEPEI_03060,Cytoplasmic Membrane,0.0000,0.0009,0.0001,0.9955,0.0034,0.0000
OFOAEPEI_03061,Cytoplasmic,0.0001,0.0154,0.9704,0.0053,0.0078,0.0010
OFOAEPEI_03062,Cytoplasmic,0.0001,0.0007,0.9976,0.0010,0.0007,0.0000
OFOAEPEI_03063,Cytoplasmic Membrane,0.0000,0.0062,0.0002,0.9909,0.0027,0.0000
OFOAEPEI_03064,Cytoplasmic,0.0002,0.2149,0.7045,0.0197,0.0597,0.0011
OFOAEPEI_03065,Cytoplasmic,0.0002,0.0103,0.9588,0.0262,0.0042,0.0002
OFOAEPEI_03066,Cytoplasmic,0.0001,0.0031,0.9881,0.0005,0.0071,0.0011
OFOAEPEI_03067,Cytoplasmic,0.0000,0.0001,0.9953,0.0004,0.0034,0.0008
OFOAEPEI_03068,Cytoplasmic,0.0001,0.0001,0.9287,0.0031,0.0679,0.0001
OFOAEPEI_03069,Cytoplasmic Membrane,0.0000,0.0001,0.0003,0.9937,0.0055,0.0003
OFOAEPEI_03070,Cytoplasmic Membrane,0.0000,0.0000,0.0000,0.9988,0.0011,0.0001
OFOAEPEI_03071,Cytoplasmic Membrane,0.0000,0.0012,0.0001,0.9529,0.0457,0.0000
OFOAEPEI_03072,Cytoplasmic Membrane,0.0022,0.1612,0.1121,0.6769,0.0474,0.0002
OFOAEPEI_03073,Cytoplasmic,0.0002,0.0043,0.6190,0.0738,0.3018,0.0008
OFOAEPEI_03074,Cytoplasmic,0.0001,0.0001,0.9913,0.0002,0.0083,0.0001
OFOAEPEI_03075,Cytoplasmic,0.0000,0.0001,0.9970,0.0012,0.0016,0.0001
OFOAEPEI_03076,Extracellular,0.0000,0.9998,0.0000,0.0000,0.0001,0.0001
OFOAEPEI_03077,Cytoplasmic Membrane,0.0001,0.0647,0.0001,0.9275,0.0076,0.0000
OFOAEPEI_03078,Cytoplasmic,0.0001,0.0021,0.6472,0.2707,0.0795,0.0003
OFOAEPEI_03079,Cytoplasmic,0.0005,0.1128,0.8497,0.0210,0.0156,0.0005
OFOAEPEI_03080,Cytoplasmic Membrane,0.0005,0.0083,0.1063,0.8550,0.0298,0.0001
OFOAEPEI_03081,Cytoplasmic,0.0003,0.0040,0.6272,0.0692,0.2982,0.0010
OFOAEPEI_03082,Cytoplasmic,0.0001,0.0001,0.9828,0.0003,0.0166,0.0001
OFOAEPEI_03083,Cytoplasmic,0.0000,0.0001,0.9964,0.0014,0.0020,0.0001
OFOAEPEI_03084,Cytoplasmic,0.0001,0.0148,0.9361,0.0012,0.0436,0.0042
OFOAEPEI_03085,Cytoplasmic,0.0000,0.0256,0.9652,0.0007,0.0054,0.0031
OFOAEPEI_03086,Cytoplasmic,0.0000,0.0010,0.9798,0.0042,0.0123,0.0026
OFOAEPEI_03087,Cytoplasmic,0.0000,0.0001,0.9937,0.0003,0.0058,0.0001
OFOAEPEI_03088,Cytoplasmic,0.0009,0.0749,0.9045,0.0160,0.0028,0.0009
OFOAEPEI_03089,Cytoplasmic,0.0003,0.0254,0.9320,0.0350,0.0073,0.0001
OFOAEPEI_03090,Cytoplasmic,0.0016,0.0634,0.9141,0.0207,0.0002,0.0000
OFOAEPEI_03091,Cytoplasmic,0.0008,0.0033,0.9657,0.0271,0.0031,0.0001
OFOAEPEI_03092,Cytoplasmic,0.0000,0.0001,0.9989,0.0003,0.0006,0.0000
OFOAEPEI_03093,Cytoplasmic,0.0001,0.0017,0.9793,0.0093,0.0094,0.0001
OFOAEPEI_03094,Cytoplasmic,0.0001,0.0001,0.9313,0.0019,0.0665,0.0001
OFOAEPEI_03095,Cytoplasmic Membrane,0.0000,0.0002,0.0001,0.9971,0.0026,0.0000
OFOAEPEI_03096,Cytoplasmic Membrane,0.0000,0.0000,0.0000,0.9996,0.0004,0.0000
OFOAEPEI_03097,Cytoplasmic,0.0001,0.0238,0.7847,0.1874,0.0038,0.0003
OFOAEPEI_03098,Cytoplasmic,0.0001,0.0105,0.8595,0.1259,0.0035,0.0004
OFOAEPEI_03099,Cytoplasmic,0.0001,0.3419,0.6114,0.0020,0.0437,0.0009
OFOAEPEI_03100,Cytoplasmic,0.0000,0.0006,0.9965,0.0020,0.0008,0.0002
OFOAEPEI_03101,Cytoplasmic,0.0000,0.0018,0.9912,0.0062,0.0007,0.0001
OFOAEPEI_03102,Cytoplasmic,0.0001,0.0006,0.9923,0.0026,0.0044,0.0000
OFOAEPEI_03103,Outer Membrane,0.0000,0.0004,0.4667,0.0011,0.5315,0.0002
OFOAEPEI_03104,Cytoplasmic,0.0001,0.0002,0.9976,0.0015,0.0005,0.0000
OFOAEPEI_03105,Cytoplasmic,0.0002,0.0002,0.9986,0.0010,0.0000,0.0000
OFOAEPEI_03106,Cytoplasmic,0.0000,0.0000,0.9999,0.0001,0.0000,0.0000
OFOAEPEI_03107,Cytoplasmic,0.0000,0.0002,0.9991,0.0005,0.0001,0.0001
OFOAEPEI_03108,Cytoplasmic,0.0014,0.0347,0.9439,0.0068,0.0071,0.0061
OFOAEPEI_03109,Cytoplasmic Membrane,0.0002,0.0628,0.0019,0.9222,0.0129,0.0000
OFOAEPEI_03110,Cytoplasmic Membrane,0.0000,0.0006,0.0033,0.9957,0.0004,0.0000
OFOAEPEI_03111,Cytoplasmic,0.0000,0.0005,0.9920,0.0039,0.0036,0.0000
OFOAEPEI_03112,Cytoplasmic,0.0004,0.0014,0.9739,0.0193,0.0048,0.0002
OFOAEPEI_03113,Cytoplasmic,0.0002,0.0174,0.9800,0.0008,0.0001,0.0016
OFOAEPEI_03114,Cytoplasmic,0.0001,0.0068,0.9924,0.0003,0.0004,0.0000
OFOAEPEI_03115,Cytoplasmic,0.0001,0.0062,0.9585,0.0208,0.0144,0.0001
OFOAEPEI_03116,Cytoplasmic Membrane,0.0000,0.0000,0.0000,0.9996,0.0004,0.0000
OFOAEPEI_03117,Cytoplasmic,0.0001,0.0315,0.9464,0.0004,0.0191,0.0026
OFOAEPEI_03118,Cytoplasmic,0.0000,0.0021,0.9240,0.0726,0.0011,0.0001
OFOAEPEI_03119,Extracellular,0.0000,0.9303,0.0633,0.0000,0.0007,0.0057
OFOAEPEI_03120,Cytoplasmic,0.0002,0.0047,0.9706,0.0170,0.0074,0.0001
OFOAEPEI_03121,Cytoplasmic,0.0003,0.0532,0.9348,0.0100,0.0015,0.0003
OFOAEPEI_03122,Cytoplasmic,0.0007,0.0013,0.9854,0.0075,0.0047,0.0004
OFOAEPEI_03123,Cytoplasmic,0.0001,0.0044,0.9944,0.0003,0.0002,0.0006
OFOAEPEI_03126,Extracellular,0.0001,0.7638,0.1411,0.0008,0.0111,0.0830
OFOAEPEI_03127,Cytoplasmic,0.0003,0.0120,0.9718,0.0139,0.0017,0.0004
OFOAEPEI_03128,Cytoplasmic Membrane,0.0001,0.0041,0.0007,0.9943,0.0008,0.0000
OFOAEPEI_03129,Cytoplasmic Membrane,0.0008,0.0017,0.3623,0.6338,0.0011,0.0004
OFOAEPEI_03130,Cytoplasmic Membrane,0.0000,0.0002,0.0012,0.9981,0.0004,0.0000
OFOAEPEI_03131,Cytoplasmic,0.0001,0.0126,0.9485,0.0170,0.0054,0.0165
OFOAEPEI_03133,Cytoplasmic Membrane,0.0012,0.0533,0.0002,0.8835,0.0617,0.0000
OFOAEPEI_03134,Cytoplasmic,0.0000,0.0046,0.9805,0.0141,0.0005,0.0003
OFOAEPEI_03135,Cytoplasmic,0.0001,0.1081,0.8813,0.0067,0.0029,0.0009
OFOAEPEI_03136,Cytoplasmic,0.0003,0.0018,0.9858,0.0007,0.0093,0.0021
OFOAEPEI_03137,Cytoplasmic,0.0001,0.0014,0.9608,0.0214,0.0163,0.0000
OFOAEPEI_03138,Cytoplasmic,0.0006,0.0019,0.9901,0.0045,0.0028,0.0001
OFOAEPEI_03139,Cytoplasmic,0.0008,0.0506,0.9200,0.0071,0.0209,0.0007
OFOAEPEI_03140,Cytoplasmic,0.0004,0.0037,0.9826,0.0115,0.0014,0.0004
OFOAEPEI_03141,Cytoplasmic,0.0002,0.0026,0.9545,0.0152,0.0262,0.0012
OFOAEPEI_03142,Cytoplasmic Membrane,0.0001,0.0048,0.0001,0.9884,0.0065,0.0000
OFOAEPEI_03143,Cytoplasmic,0.0001,0.0002,0.9994,0.0002,0.0000,0.0000
OFOAEPEI_03145,Cytoplasmic Membrane,0.0130,0.1716,0.0007,0.8062,0.0084,0.0000
OFOAEPEI_03146,Cytoplasmic,0.0003,0.0071,0.9472,0.0420,0.0031,0.0002
OFOAEPEI_03147,Cytoplasmic,0.0004,0.0035,0.9929,0.0004,0.0008,0.0021
OFOAEPEI_03148,Extracellular,0.0020,0.7249,0.0456,0.0022,0.1524,0.0729
OFOAEPEI_03149,Extracellular,0.0070,0.6279,0.2311,0.0156,0.1003,0.0181
OFOAEPEI_03150,Cytoplasmic,0.0005,0.0625,0.8358,0.1003,0.0009,0.0000
OFOAEPEI_03154,Cytoplasmic,0.0051,0.0039,0.8883,0.0924,0.0093,0.0010
OFOAEPEI_03155,Cytoplasmic,0.0004,0.0008,0.7733,0.2187,0.0062,0.0006
OFOAEPEI_03156,Cytoplasmic,0.0000,0.0000,0.9997,0.0001,0.0001,0.0000
OFOAEPEI_03157,Cytoplasmic,0.0001,0.0006,0.9950,0.0019,0.0021,0.0003
OFOAEPEI_03158,Cytoplasmic,0.0001,0.0141,0.9836,0.0004,0.0018,0.0000
OFOAEPEI_03159,Cytoplasmic,0.0031,0.0233,0.9477,0.0088,0.0155,0.0016
OFOAEPEI_03160,Cytoplasmic Membrane,0.0000,0.0007,0.0001,0.9973,0.0019,0.0000
OFOAEPEI_03161,Cytoplasmic Membrane,0.0006,0.0294,0.0000,0.9182,0.0516,0.0002
OFOAEPEI_03162,Cytoplasmic,0.0003,0.0033,0.9829,0.0100,0.0033,0.0002
OFOAEPEI_03166,Extracellular,0.0511,0.5381,0.3893,0.0167,0.0036,0.0012
OFOAEPEI_03167,Cytoplasmic,0.0249,0.1492,0.8105,0.0054,0.0085,0.0015
OFOAEPEI_03168,Cytoplasmic,0.0014,0.0201,0.9521,0.0145,0.0090,0.0028
OFOAEPEI_03169,Cytoplasmic,0.0041,0.0327,0.9344,0.0096,0.0147,0.0045
OFOAEPEI_03170,Cytoplasmic,0.0001,0.0004,0.9968,0.0004,0.0020,0.0003
OFOAEPEI_03172,Cytoplasmic,0.0743,0.1642,0.6091,0.1507,0.0014,0.0003
OFOAEPEI_03173,Cytoplasmic,0.0001,0.0129,0.9802,0.0031,0.0034,0.0003
OFOAEPEI_03174,Cytoplasmic Membrane,0.0001,0.0065,0.0002,0.9514,0.0418,0.0000
OFOAEPEI_03175,Cytoplasmic,0.0004,0.0314,0.8281,0.1052,0.0334,0.0015
OFOAEPEI_03176,Cytoplasmic,0.0066,0.0805,0.7439,0.0048,0.1607,0.0034
OFOAEPEI_03177,Cytoplasmic,0.0003,0.1343,0.4735,0.3895,0.0024,0.0001
OFOAEPEI_03178,Cytoplasmic,0.0017,0.0106,0.6805,0.3008,0.0064,0.0000
OFOAEPEI_03179,Cytoplasmic,0.0001,0.0015,0.9886,0.0023,0.0055,0.0020
OFOAEPEI_03180,Cytoplasmic,0.0000,0.0001,0.9943,0.0003,0.0052,0.0002
OFOAEPEI_03181,Cytoplasmic,0.0000,0.0049,0.9854,0.0032,0.0063,0.0001
OFOAEPEI_03182,Cytoplasmic,0.0004,0.0013,0.9137,0.0013,0.0821,0.0012
OFOAEPEI_03183,Cytoplasmic Membrane,0.0000,0.0007,0.0002,0.9953,0.0038,0.0000
OFOAEPEI_03184,Cytoplasmic,0.0000,0.0005,0.9677,0.0236,0.0059,0.0023
OFOAEPEI_03185,Cytoplasmic,0.0000,0.0016,0.9968,0.0001,0.0006,0.0009
OFOAEPEI_03186,Cytoplasmic,0.0000,0.0001,0.9962,0.0003,0.0030,0.0003
OFOAEPEI_03187,Cytoplasmic,0.0006,0.0502,0.9326,0.0127,0.0039,0.0000
OFOAEPEI_03188,Cytoplasmic,0.0000,0.0019,0.9936,0.0013,0.0020,0.0012
OFOAEPEI_03189,Cytoplasmic,0.0001,0.0015,0.9721,0.0028,0.0222,0.0012
OFOAEPEI_03190,Cytoplasmic,0.0000,0.0002,0.9820,0.0001,0.0020,0.0156
OFOAEPEI_03191,Cytoplasmic Membrane,0.0000,0.0002,0.0000,0.9990,0.0008,0.0000
OFOAEPEI_03192,Cytoplasmic,0.0008,0.0030,0.9924,0.0034,0.0003,0.0002
OFOAEPEI_03193,Cytoplasmic,0.0007,0.1116,0.8329,0.0402,0.0139,0.0007
OFOAEPEI_03194,Cytoplasmic Membrane,0.0002,0.0636,0.0002,0.9157,0.0203,0.0000
OFOAEPEI_03195,Cytoplasmic,0.0000,0.0003,0.6276,0.3717,0.0004,0.0000
OFOAEPEI_03196,Cytoplasmic,0.0002,0.0019,0.9858,0.0012,0.0100,0.0009
OFOAEPEI_03197,Cytoplasmic,0.0002,0.0018,0.9653,0.0034,0.0291,0.0003
OFOAEPEI_03198,Cytoplasmic,0.0000,0.0002,0.9957,0.0022,0.0018,0.0000
OFOAEPEI_03199,Extracellular,0.0235,0.8254,0.0028,0.0050,0.0371,0.1064
OFOAEPEI_03200,Cytoplasmic Membrane,0.0002,0.0026,0.0019,0.9900,0.0052,0.0002
OFOAEPEI_03201,Cytoplasmic Membrane,0.0000,0.0000,0.0001,0.9949,0.0050,0.0000
OFOAEPEI_03202,Cytoplasmic,0.0012,0.0191,0.8663,0.0513,0.0613,0.0008
OFOAEPEI_03203,Extracellular,0.0275,0.9479,0.0000,0.0072,0.0171,0.0002
OFOAEPEI_03204,Cell wall & surface,0.5486,0.1051,0.0006,0.2464,0.0991,0.0001
OFOAEPEI_03205,Cytoplasmic,0.0016,0.0120,0.9479,0.0007,0.0374,0.0004
OFOAEPEI_03206,Extracellular,0.0049,0.7364,0.2152,0.0015,0.0412,0.0009
OFOAEPEI_03207,Cytoplasmic,0.0001,0.1406,0.5182,0.3398,0.0012,0.0000
OFOAEPEI_03208,Cytoplasmic,0.0005,0.0055,0.5885,0.3618,0.0346,0.0091
OFOAEPEI_03209,Extracellular,0.0001,0.4604,0.3969,0.0313,0.0312,0.0799
OFOAEPEI_03210,Cytoplasmic,0.0001,0.0001,0.9977,0.0020,0.0001,0.0001
OFOAEPEI_03211,Cytoplasmic,0.0003,0.0003,0.9958,0.0025,0.0007,0.0004
OFOAEPEI_03212,Cytoplasmic,0.0004,0.0027,0.9837,0.0116,0.0016,0.0001
OFOAEPEI_03213,Cytoplasmic,0.0001,0.0019,0.9209,0.0473,0.0276,0.0022
OFOAEPEI_03214,Cytoplasmic,0.0001,0.0015,0.9677,0.0234,0.0037,0.0036
OFOAEPEI_03215,Cytoplasmic,0.0002,0.0008,0.9511,0.0015,0.0462,0.0002
OFOAEPEI_03216,Cytoplasmic Membrane,0.0245,0.2279,0.0014,0.6719,0.0737,0.0006
OFOAEPEI_03217,Cytoplasmic,0.0002,0.1285,0.6883,0.1733,0.0094,0.0003
OFOAEPEI_03218,Cytoplasmic,0.0016,0.0120,0.9479,0.0007,0.0374,0.0004
OFOAEPEI_03219,Extracellular,0.0049,0.7364,0.2152,0.0015,0.0412,0.0009
OFOAEPEI_03220,Cytoplasmic Membrane,0.0005,0.0246,0.0002,0.9359,0.0388,0.0000
OFOAEPEI_03221,Cytoplasmic,0.0006,0.0045,0.9331,0.0560,0.0059,0.0000
OFOAEPEI_03222,Cytoplasmic,0.0000,0.0032,0.9906,0.0055,0.0005,0.0000
OFOAEPEI_03223,Cytoplasmic,0.0000,0.0008,0.9984,0.0002,0.0005,0.0001
OFOAEPEI_03224,Cytoplasmic,0.0006,0.0008,0.9873,0.0016,0.0089,0.0008
OFOAEPEI_03225,Cytoplasmic Membrane,0.0000,0.0003,0.0001,0.9974,0.0022,0.0000
OFOAEPEI_03226,Cytoplasmic,0.0000,0.0007,0.9072,0.0653,0.0227,0.0042
OFOAEPEI_03227,Cytoplasmic,0.0001,0.0136,0.9501,0.0172,0.0190,0.0001
OFOAEPEI_03228,Cytoplasmic Membrane,0.0000,0.0000,0.0000,0.9996,0.0004,0.0000
OFOAEPEI_03229,Cytoplasmic,0.0000,0.0018,0.9963,0.0005,0.0012,0.0001
OFOAEPEI_03230,Cytoplasmic,0.0019,0.0046,0.8922,0.0986,0.0026,0.0001
OFOAEPEI_03231,Cytoplasmic Membrane,0.0000,0.0000,0.0001,0.9981,0.0017,0.0000
OFOAEPEI_03232,Cytoplasmic,0.0002,0.1893,0.7803,0.0011,0.0153,0.0137
OFOAEPEI_03233,Cytoplasmic,0.0000,0.0014,0.9813,0.0044,0.0126,0.0003
OFOAEPEI_03234,Cytoplasmic Membrane,0.0003,0.0055,0.0001,0.9536,0.0405,0.0001
OFOAEPEI_03235,Cytoplasmic,0.0020,0.0049,0.9198,0.0233,0.0479,0.0021
OFOAEPEI_03236,Cytoplasmic,0.0000,0.0000,0.9995,0.0001,0.0003,0.0000
OFOAEPEI_03237,Cytoplasmic Membrane,0.0045,0.0654,0.0002,0.7481,0.1808,0.0010
OFOAEPEI_03238,Cytoplasmic,0.0000,0.0001,0.9964,0.0006,0.0028,0.0001
OFOAEPEI_03239,Cytoplasmic,0.0015,0.0059,0.8198,0.0195,0.0408,0.1125
OFOAEPEI_03240,Cytoplasmic,0.0001,0.0005,0.9135,0.0003,0.0849,0.0007
OFOAEPEI_03241,Cytoplasmic Membrane,0.0003,0.0144,0.0000,0.9842,0.0011,0.0000
OFOAEPEI_03242,Cytoplasmic,0.0016,0.0006,0.9925,0.0043,0.0007,0.0002
OFOAEPEI_03243,Cytoplasmic,0.0003,0.0064,0.9874,0.0004,0.0054,0.0000
OFOAEPEI_03244,Cytoplasmic,0.0016,0.4701,0.5154,0.0006,0.0117,0.0006
OFOAEPEI_03245,Cytoplasmic,0.0002,0.3368,0.3768,0.2780,0.0080,0.0002
OFOAEPEI_03246,Cytoplasmic,0.0038,0.0010,0.9657,0.0026,0.0245,0.0023
OFOAEPEI_03247,Cytoplasmic,0.0000,0.0000,0.9993,0.0000,0.0007,0.0000
OFOAEPEI_03248,Cytoplasmic,0.0001,0.0027,0.9522,0.0295,0.0153,0.0003
OFOAEPEI_03249,Cytoplasmic,0.0012,0.0014,0.9011,0.0952,0.0010,0.0000
OFOAEPEI_03250,Cytoplasmic Membrane,0.0000,0.0000,0.0000,0.9999,0.0001,0.0000
OFOAEPEI_03251,Cytoplasmic Membrane,0.0000,0.0008,0.0002,0.9987,0.0003,0.0000
OFOAEPEI_03252,Cytoplasmic Membrane,0.0004,0.0004,0.3099,0.6665,0.0225,0.0003
OFOAEPEI_03253,Cytoplasmic Membrane,0.0001,0.0585,0.0003,0.9345,0.0065,0.0000
OFOAEPEI_03254,Cytoplasmic,0.0001,0.0099,0.9845,0.0008,0.0047,0.0000
OFOAEPEI_03255,Cytoplasmic,0.0064,0.0782,0.7516,0.0052,0.1552,0.0034
OFOAEPEI_03256,Cytoplasmic,0.0001,0.0010,0.9930,0.0030,0.0028,0.0001
OFOAEPEI_03257,Cytoplasmic,0.0017,0.0041,0.9696,0.0096,0.0144,0.0005
OFOAEPEI_03258,Cytoplasmic,0.0027,0.0327,0.9363,0.0108,0.0109,0.0066
OFOAEPEI_03259,Cytoplasmic,0.0001,0.0210,0.8559,0.1124,0.0087,0.0020
OFOAEPEI_03260,Cytoplasmic,0.0000,0.0010,0.9938,0.0047,0.0002,0.0002
OFOAEPEI_03261,Cytoplasmic Membrane,0.0001,0.0017,0.3842,0.6130,0.0010,0.0001
OFOAEPEI_03262,Cytoplasmic Membrane,0.0000,0.0004,0.0005,0.9967,0.0022,0.0002
OFOAEPEI_03263,Cytoplasmic Membrane,0.0000,0.0000,0.0000,0.9998,0.0001,0.0000
OFOAEPEI_03264,Cytoplasmic,0.0002,0.0022,0.9966,0.0009,0.0001,0.0000
OFOAEPEI_03265,Cytoplasmic,0.0000,0.0005,0.9072,0.0001,0.0034,0.0888
OFOAEPEI_03266,Cytoplasmic,0.0003,0.0014,0.9722,0.0200,0.0012,0.0049
OFOAEPEI_03267,Cytoplasmic,0.0000,0.0021,0.9974,0.0001,0.0004,0.0001
OFOAEPEI_03268,Cytoplasmic,0.0000,0.0002,0.9992,0.0001,0.0004,0.0001
OFOAEPEI_03269,Cytoplasmic,0.0006,0.0032,0.9762,0.0168,0.0032,0.0002
OFOAEPEI_03270,Cytoplasmic,0.0000,0.0011,0.9543,0.0343,0.0052,0.0051
OFOAEPEI_03271,Cytoplasmic,0.0062,0.0821,0.7353,0.0045,0.1686,0.0032
OFOAEPEI_03272,Cytoplasmic,0.0008,0.0171,0.8177,0.1489,0.0146,0.0009
OFOAEPEI_03273,Cytoplasmic,0.0017,0.0506,0.8995,0.0238,0.0224,0.0019
OFOAEPEI_03274,Cytoplasmic,0.0018,0.1199,0.4844,0.3764,0.0171,0.0003
OFOAEPEI_03275,Cytoplasmic,0.0002,0.0162,0.9770,0.0046,0.0015,0.0004
OFOAEPEI_03276,Cytoplasmic Membrane,0.0000,0.0000,0.0000,0.9999,0.0001,0.0000
OFOAEPEI_03277,Cytoplasmic,0.0009,0.0205,0.9337,0.0128,0.0318,0.0002
OFOAEPEI_03278,Cytoplasmic Membrane,0.0000,0.0002,0.0002,0.9965,0.0030,0.0000
OFOAEPEI_03279,Cytoplasmic,0.0005,0.0006,0.9663,0.0324,0.0002,0.0000
OFOAEPEI_03280,Cytoplasmic,0.0000,0.0003,0.9971,0.0004,0.0021,0.0001
OFOAEPEI_03281,Cytoplasmic,0.0006,0.0006,0.9966,0.0022,0.0000,0.0000
OFOAEPEI_03282,Cytoplasmic,0.0000,0.0045,0.9024,0.0237,0.0473,0.0222
OFOAEPEI_03283,Cytoplasmic,0.0002,0.0065,0.9518,0.0179,0.0229,0.0006
OFOAEPEI_03284,Cytoplasmic,0.0055,0.0211,0.9683,0.0026,0.0024,0.0001
OFOAEPEI_03285,Cytoplasmic,0.0018,0.0104,0.6704,0.1310,0.0296,0.1568
OFOAEPEI_03286,Cytoplasmic,0.0020,0.0024,0.9602,0.0353,0.0001,0.0000
OFOAEPEI_03287,Cytoplasmic,0.0003,0.3168,0.6695,0.0002,0.0081,0.0051
OFOAEPEI_03288,Cytoplasmic,0.0000,0.0000,0.9993,0.0000,0.0003,0.0003
OFOAEPEI_03289,Cytoplasmic Membrane,0.0000,0.0002,0.0001,0.9985,0.0012,0.0000
OFOAEPEI_03290,Cytoplasmic,0.0000,0.0116,0.9802,0.0060,0.0021,0.0001
OFOAEPEI_03291,Cytoplasmic,0.0004,0.0068,0.9659,0.0222,0.0046,0.0000
OFOAEPEI_03292,Cytoplasmic,0.0009,0.0066,0.9856,0.0017,0.0042,0.0010
OFOAEPEI_03293,Outer Membrane,0.0000,0.0015,0.4704,0.0012,0.5253,0.0016
OFOAEPEI_03294,Cytoplasmic,0.0041,0.0384,0.8232,0.1297,0.0046,0.0001
OFOAEPEI_03295,Cytoplasmic,0.0004,0.0402,0.9530,0.0027,0.0036,0.0000
OFOAEPEI_03296,Cytoplasmic,0.0001,0.2121,0.7588,0.0027,0.0256,0.0007
OFOAEPEI_03297,Cytoplasmic,0.0002,0.1036,0.7332,0.0086,0.1509,0.0035
OFOAEPEI_03298,Cytoplasmic,0.0023,0.0874,0.8620,0.0235,0.0206,0.0043
OFOAEPEI_03299,Cytoplasmic Membrane,0.0000,0.0002,0.0004,0.9917,0.0076,0.0001
OFOAEPEI_03300,Cytoplasmic,0.0010,0.0117,0.9209,0.0590,0.0073,0.0001
OFOAEPEI_03301,Cytoplasmic,0.0000,0.0003,0.9947,0.0037,0.0011,0.0001
OFOAEPEI_03303,Cytoplasmic,0.0000,0.0000,0.9989,0.0001,0.0010,0.0000
OFOAEPEI_03304,Cytoplasmic,0.0014,0.0753,0.7247,0.1769,0.0216,0.0000
OFOAEPEI_03305,Cytoplasmic,0.0009,0.1316,0.7978,0.0530,0.0161,0.0006
OFOAEPEI_03306,Cytoplasmic Membrane,0.0001,0.0002,0.0005,0.9930,0.0062,0.0001
OFOAEPEI_03307,Cytoplasmic Membrane,0.0000,0.0001,0.0000,0.9983,0.0016,0.0000
OFOAEPEI_03308,Cytoplasmic,0.0001,0.0085,0.8906,0.0942,0.0015,0.0051
OFOAEPEI_03309,Cytoplasmic,0.0001,0.0003,0.9896,0.0071,0.0014,0.0016
OFOAEPEI_03310,Cytoplasmic,0.0000,0.0001,0.9885,0.0017,0.0096,0.0001
OFOAEPEI_03311,Cytoplasmic,0.0000,0.0010,0.9843,0.0011,0.0133,0.0003
OFOAEPEI_03312,Cytoplasmic,0.0001,0.0034,0.9634,0.0282,0.0044,0.0006
OFOAEPEI_03313,Cytoplasmic,0.0001,0.0135,0.9644,0.0078,0.0127,0.0015
OFOAEPEI_03314,Cytoplasmic Membrane,0.0000,0.0000,0.0000,0.9999,0.0001,0.0000
OFOAEPEI_03315,Cytoplasmic,0.0001,0.0062,0.9671,0.0183,0.0079,0.0003
OFOAEPEI_03316,Cytoplasmic Membrane,0.0009,0.0094,0.0072,0.9804,0.0021,0.0000
OFOAEPEI_03317,Cytoplasmic,0.0000,0.0002,0.9864,0.0061,0.0069,0.0004
OFOAEPEI_03318,Cytoplasmic,0.0005,0.0793,0.8399,0.0496,0.0307,0.0001
OFOAEPEI_03319,Extracellular,0.0063,0.7063,0.0001,0.0407,0.2446,0.0020
OFOAEPEI_03320,Cytoplasmic Membrane,0.0001,0.0056,0.0002,0.9908,0.0033,0.0000
OFOAEPEI_03321,Cytoplasmic Membrane,0.0021,0.0347,0.0003,0.9597,0.0033,0.0000
OFOAEPEI_03322,Cytoplasmic,0.0001,0.0032,0.9607,0.0008,0.0333,0.0020
OFOAEPEI_03323,Cytoplasmic,0.0005,0.0160,0.9639,0.0139,0.0056,0.0001
OFOAEPEI_03324,Cytoplasmic,0.0014,0.1359,0.6736,0.1855,0.0036,0.0000
OFOAEPEI_03325,Cytoplasmic,0.0001,0.0279,0.7648,0.0248,0.0038,0.1786
OFOAEPEI_03326,Cytoplasmic,0.0002,0.0016,0.9292,0.0613,0.0075,0.0001
OFOAEPEI_03327,Cytoplasmic,0.0000,0.0149,0.6410,0.3339,0.0100,0.0002
OFOAEPEI_03328,Cytoplasmic Membrane,0.0000,0.0000,0.0000,0.9997,0.0002,0.0000
OFOAEPEI_03329,Extracellular,0.1891,0.5670,0.0086,0.0260,0.2084,0.0009
OFOAEPEI_03330,Cytoplasmic,0.0002,0.0512,0.9259,0.0075,0.0151,0.0001
OFOAEPEI_03331,Extracellular,0.0016,0.3669,0.2750,0.3274,0.0290,0.0001
OFOAEPEI_03332,Cytoplasmic Membrane,0.0003,0.0007,0.1921,0.8051,0.0016,0.0002
OFOAEPEI_03333,Cytoplasmic,0.0022,0.0098,0.9798,0.0061,0.0017,0.0003
OFOAEPEI_03335,Cytoplasmic Membrane,0.0000,0.0000,0.0000,0.9999,0.0001,0.0000
OFOAEPEI_03336,Cytoplasmic Membrane,0.0000,0.0001,0.0000,0.9984,0.0015,0.0000
OFOAEPEI_03337,Extracellular,0.0001,0.4000,0.3932,0.0530,0.1522,0.0016
OFOAEPEI_03338,Cytoplasmic,0.0001,0.0076,0.9853,0.0047,0.0022,0.0001
OFOAEPEI_03339,Cytoplasmic,0.0001,0.0013,0.9415,0.0003,0.0436,0.0131
OFOAEPEI_03340,Cytoplasmic,0.0001,0.0002,0.9783,0.0056,0.0153,0.0005
OFOAEPEI_03341,Cytoplasmic,0.0039,0.0084,0.9488,0.0232,0.0150,0.0006
OFOAEPEI_03342,Cytoplasmic,0.0000,0.0005,0.9949,0.0006,0.0040,0.0000
OFOAEPEI_03343,Cytoplasmic,0.0005,0.0034,0.9894,0.0041,0.0027,0.0000
OFOAEPEI_03344,Cytoplasmic Membrane,0.0000,0.0003,0.0003,0.9981,0.0013,0.0000
OFOAEPEI_03345,Cytoplasmic Membrane,0.0000,0.0000,0.0000,0.9997,0.0003,0.0000
OFOAEPEI_03346,Cytoplasmic Membrane,0.0002,0.0001,0.0001,0.9981,0.0016,0.0000
OFOAEPEI_03347,Cytoplasmic,0.0002,0.0060,0.9527,0.0004,0.0406,0.0002
OFOAEPEI_03348,Cytoplasmic,0.0000,0.0001,0.9729,0.0009,0.0261,0.0000
OFOAEPEI_03349,Cytoplasmic Membrane,0.0000,0.0000,0.0000,0.9984,0.0016,0.0000
OFOAEPEI_03350,Cytoplasmic,0.0002,0.0488,0.9369,0.0053,0.0059,0.0030
OFOAEPEI_03351,Cytoplasmic Membrane,0.0000,0.0076,0.0011,0.9808,0.0104,0.0001
OFOAEPEI_03352,Cytoplasmic Membrane,0.0070,0.1407,0.0001,0.6878,0.1511,0.0132
OFOAEPEI_03353,Cytoplasmic Membrane,0.0000,0.0000,0.0000,0.9999,0.0001,0.0000
OFOAEPEI_03354,Cytoplasmic Membrane,0.0000,0.0000,0.0000,0.9996,0.0004,0.0000
OFOAEPEI_03355,Cytoplasmic,0.0003,0.0469,0.8235,0.1174,0.0104,0.0015
OFOAEPEI_03356,Cytoplasmic Membrane,0.0000,0.0017,0.0001,0.9939,0.0043,0.0000
OFOAEPEI_03357,Cytoplasmic Membrane,0.0001,0.0001,0.1977,0.7736,0.0275,0.0011
OFOAEPEI_03358,Cytoplasmic,0.0001,0.1996,0.7233,0.0226,0.0537,0.0007
OFOAEPEI_03359,Cytoplasmic,0.0001,0.0028,0.9333,0.0314,0.0323,0.0002
OFOAEPEI_03360,Cytoplasmic,0.0014,0.0744,0.8959,0.0176,0.0096,0.0012
OFOAEPEI_03361,Cytoplasmic Membrane,0.0001,0.0020,0.0731,0.8728,0.0512,0.0008
OFOAEPEI_03362,Cytoplasmic,0.0001,0.0076,0.9853,0.0052,0.0017,0.0001
OFOAEPEI_03363,Cytoplasmic Membrane,0.0000,0.0000,0.0000,0.9999,0.0001,0.0000
OFOAEPEI_03364,Cytoplasmic,0.0001,0.0147,0.9803,0.0028,0.0020,0.0000
OFOAEPEI_03365,Cytoplasmic,0.0000,0.0002,0.9890,0.0019,0.0090,0.0000
OFOAEPEI_03366,Cytoplasmic,0.0000,0.0001,0.9995,0.0001,0.0002,0.0001
OFOAEPEI_03367,Cytoplasmic,0.0004,0.0543,0.8326,0.0392,0.0725,0.0010
OFOAEPEI_03368,Cytoplasmic,0.0001,0.0003,0.7988,0.0016,0.1985,0.0007
OFOAEPEI_03369,Cytoplasmic Membrane,0.0000,0.0000,0.0000,0.9981,0.0018,0.0000
OFOAEPEI_03370,Cytoplasmic Membrane,0.0000,0.0000,0.0000,0.9991,0.0008,0.0000
OFOAEPEI_03371,Cytoplasmic,0.0006,0.0180,0.9728,0.0070,0.0015,0.0000
OFOAEPEI_03372,Cytoplasmic,0.0000,0.0627,0.8982,0.0054,0.0234,0.0103
OFOAEPEI_03373,Cytoplasmic,0.0000,0.0005,0.9907,0.0014,0.0067,0.0007
OFOAEPEI_03374,Cytoplasmic,0.0009,0.0079,0.9858,0.0037,0.0016,0.0001
OFOAEPEI_03375,Cytoplasmic,0.0001,0.0079,0.9741,0.0042,0.0131,0.0005
OFOAEPEI_03376,Cytoplasmic Membrane,0.0000,0.0000,0.0001,0.9996,0.0003,0.0000
OFOAEPEI_03377,Cytoplasmic,0.0002,0.0274,0.9676,0.0033,0.0014,0.0000
OFOAEPEI_03378,Cytoplasmic,0.0000,0.0000,0.9996,0.0000,0.0003,0.0000
OFOAEPEI_03379,Extracellular,0.0012,0.8226,0.1709,0.0004,0.0048,0.0002
OFOAEPEI_03380,Cytoplasmic,0.0150,0.4153,0.4210,0.1251,0.0104,0.0133
OFOAEPEI_03381,Cytoplasmic,0.0019,0.0234,0.9581,0.0116,0.0041,0.0009
OFOAEPEI_03382,Cytoplasmic Membrane,0.0435,0.1869,0.0013,0.7395,0.0288,0.0000
OFOAEPEI_03383,Cytoplasmic,0.0034,0.0009,0.9902,0.0014,0.0029,0.0012
OFOAEPEI_03384,Cytoplasmic Membrane,0.0000,0.0000,0.0000,0.9996,0.0003,0.0000
OFOAEPEI_03385,Cytoplasmic Membrane,0.0002,0.0105,0.0012,0.9634,0.0247,0.0001
OFOAEPEI_03386,Cytoplasmic,0.0013,0.3263,0.6399,0.0214,0.0104,0.0008
OFOAEPEI_03387,Cytoplasmic,0.0008,0.0323,0.9254,0.0325,0.0088,0.0002
OFOAEPEI_03388,Cytoplasmic,0.0066,0.0376,0.4723,0.0804,0.3991,0.0040
OFOAEPEI_03389,Cytoplasmic,0.0001,0.0092,0.8482,0.0025,0.1385,0.0014
OFOAEPEI_03390,Cytoplasmic,0.0002,0.0029,0.9721,0.0022,0.0154,0.0071
OFOAEPEI_03391,Cytoplasmic,0.0017,0.0093,0.9317,0.0240,0.0274,0.0059
OFOAEPEI_03392,Cytoplasmic,0.0010,0.0067,0.9520,0.0108,0.0234,0.0060
OFOAEPEI_03393,Cytoplasmic,0.0000,0.0021,0.9792,0.0010,0.0106,0.0071
OFOAEPEI_03394,Cytoplasmic,0.0001,0.0223,0.9699,0.0027,0.0048,0.0002
OFOAEPEI_03395,Cytoplasmic,0.0000,0.0011,0.9946,0.0005,0.0032,0.0007
OFOAEPEI_03396,Cytoplasmic Membrane,0.0063,0.1598,0.0002,0.8150,0.0187,0.0000
OFOAEPEI_03397,Cytoplasmic Membrane,0.0128,0.1502,0.0007,0.8237,0.0125,0.0001
OFOAEPEI_03398,Cytoplasmic Membrane,0.0039,0.1662,0.0016,0.8176,0.0105,0.0002
OFOAEPEI_03399,Cytoplasmic,0.0020,0.0015,0.5421,0.4544,0.0001,0.0000
OFOAEPEI_03400,Cytoplasmic,0.0001,0.0075,0.9505,0.0030,0.0068,0.0321
OFOAEPEI_03401,Cytoplasmic,0.0002,0.3586,0.4157,0.0860,0.1391,0.0004
OFOAEPEI_03402,Cytoplasmic Membrane,0.0000,0.0000,0.0000,0.9998,0.0002,0.0000
OFOAEPEI_03403,Cytoplasmic Membrane,0.0000,0.0004,0.0007,0.9969,0.0020,0.0000
OFOAEPEI_03404,Cytoplasmic,0.0056,0.0709,0.7605,0.1521,0.0108,0.0001
OFOAEPEI_03405,Cytoplasmic,0.0008,0.0160,0.9522,0.0284,0.0025,0.0001
OFOAEPEI_03406,Cytoplasmic,0.0710,0.2221,0.4785,0.0026,0.2219,0.0039
OFOAEPEI_03407,Cytoplasmic,0.0000,0.0001,0.9802,0.0007,0.0189,0.0001
OFOAEPEI_03408,Cytoplasmic,0.0000,0.0004,0.9985,0.0005,0.0004,0.0001
OFOAEPEI_03409,Cytoplasmic,0.0000,0.0034,0.9827,0.0133,0.0006,0.0000
OFOAEPEI_03410,Cytoplasmic,0.0001,0.0052,0.9605,0.0101,0.0238,0.0003
OFOAEPEI_03411,Cytoplasmic,0.0002,0.0104,0.9133,0.0447,0.0263,0.0051
OFOAEPEI_03412,Cytoplasmic Membrane,0.0239,0.1480,0.0006,0.7270,0.0884,0.0122
OFOAEPEI_03413,Cytoplasmic Membrane,0.0000,0.0000,0.0000,0.9998,0.0001,0.0000
OFOAEPEI_03414,Cytoplasmic Membrane,0.0000,0.0000,0.0000,0.9999,0.0001,0.0000
OFOAEPEI_03415,Cytoplasmic Membrane,0.0002,0.0002,0.3019,0.6197,0.0774,0.0006
OFOAEPEI_03416,Cytoplasmic,0.0001,0.0590,0.8404,0.0690,0.0212,0.0102
OFOAEPEI_03417,Cytoplasmic,0.0014,0.0218,0.9614,0.0127,0.0017,0.0009
OFOAEPEI_03418,Cytoplasmic,0.0003,0.0041,0.9260,0.0091,0.0554,0.0050
OFOAEPEI_03419,Cytoplasmic,0.0002,0.0410,0.9550,0.0014,0.0024,0.0000
OFOAEPEI_03420,Extracellular,0.0014,0.5528,0.4338,0.0060,0.0057,0.0002
OFOAEPEI_03421,Cell wall & surface,0.9025,0.0093,0.0001,0.0817,0.0065,0.0000
OFOAEPEI_03422,Extracellular,0.0008,0.6521,0.0014,0.2403,0.0863,0.0191
OFOAEPEI_03423,Cytoplasmic,0.0000,0.0212,0.9771,0.0012,0.0004,0.0001
OFOAEPEI_03424,Cytoplasmic Membrane,0.0000,0.0003,0.0003,0.9929,0.0064,0.0001
OFOAEPEI_03425,Cytoplasmic,0.0022,0.0296,0.9602,0.0016,0.0062,0.0004
OFOAEPEI_03426,Cytoplasmic,0.0025,0.0390,0.7967,0.0103,0.0991,0.0524
OFOAEPEI_03427,Cytoplasmic,0.0006,0.0032,0.9920,0.0020,0.0018,0.0004
OFOAEPEI_03428,Cytoplasmic,0.0000,0.0001,0.9998,0.0000,0.0000,0.0000
OFOAEPEI_03429,Cytoplasmic,0.0002,0.0008,0.9950,0.0027,0.0013,0.0001
OFOAEPEI_03430,Cytoplasmic Membrane,0.0005,0.0018,0.3677,0.6269,0.0030,0.0001
OFOAEPEI_03431,Cytoplasmic Membrane,0.0000,0.0030,0.0003,0.9957,0.0009,0.0000
OFOAEPEI_03432,Cytoplasmic Membrane,0.0040,0.2021,0.0010,0.7654,0.0268,0.0006
OFOAEPEI_03433,Cytoplasmic Membrane,0.0040,0.0444,0.0023,0.9400,0.0090,0.0002
OFOAEPEI_03434,Cytoplasmic Membrane,0.0112,0.3927,0.1132,0.4700,0.0106,0.0023
OFOAEPEI_03435,Cytoplasmic Membrane,0.0000,0.0041,0.0009,0.9894,0.0055,0.0000
OFOAEPEI_03436,Cytoplasmic Membrane,0.0049,0.2107,0.0025,0.7748,0.0069,0.0002
OFOAEPEI_03437,Cytoplasmic,0.0008,0.0125,0.9799,0.0047,0.0020,0.0001
OFOAEPEI_03438,Cytoplasmic,0.0041,0.1815,0.7092,0.0853,0.0080,0.0120
OFOAEPEI_03439,Cytoplasmic Membrane,0.0000,0.0002,0.0000,0.9994,0.0004,0.0000
OFOAEPEI_03440,Cytoplasmic,0.0001,0.0005,0.9168,0.0024,0.0519,0.0284
OFOAEPEI_03441,Cytoplasmic Membrane,0.0001,0.0408,0.0053,0.9468,0.0069,0.0000
OFOAEPEI_03442,Cytoplasmic,0.0004,0.0051,0.9542,0.0363,0.0028,0.0012
OFOAEPEI_03443,Cytoplasmic,0.0022,0.0031,0.9865,0.0032,0.0051,0.0001
OFOAEPEI_03444,Cytoplasmic,0.0002,0.0014,0.9492,0.0464,0.0025,0.0003
OFOAEPEI_03445,Cytoplasmic Membrane,0.0000,0.0002,0.0003,0.9990,0.0005,0.0000
OFOAEPEI_03446,Cytoplasmic,0.0001,0.0083,0.9561,0.0183,0.0171,0.0001
OFOAEPEI_03447,Cytoplasmic,0.0004,0.0054,0.9890,0.0024,0.0025,0.0003
OFOAEPEI_03448,Cytoplasmic Membrane,0.0000,0.0239,0.0002,0.9710,0.0048,0.0000
OFOAEPEI_03449,Cytoplasmic Membrane,0.0000,0.0011,0.0000,0.9980,0.0008,0.0000
OFOAEPEI_03450,Cytoplasmic Membrane,0.0003,0.0008,0.2782,0.6964,0.0238,0.0005
OFOAEPEI_03451,Cytoplasmic,0.0010,0.0010,0.9459,0.0461,0.0054,0.0007
OFOAEPEI_03452,Cytoplasmic,0.0002,0.0072,0.8956,0.0941,0.0029,0.0000
OFOAEPEI_03453,Cytoplasmic,0.0005,0.0101,0.7951,0.1942,0.0001,0.0000
OFOAEPEI_03454,Cytoplasmic Membrane,0.0000,0.0003,0.0002,0.9992,0.0002,0.0000
OFOAEPEI_03455,Cytoplasmic,0.0007,0.1910,0.6158,0.0281,0.1595,0.0050
OFOAEPEI_03456,Cytoplasmic Membrane,0.0000,0.0000,0.0000,0.9998,0.0002,0.0000
OFOAEPEI_03457,Cytoplasmic,0.0002,0.0942,0.8198,0.0791,0.0035,0.0032
OFOAEPEI_03458,Cytoplasmic,0.0009,0.0101,0.9730,0.0094,0.0064,0.0002
OFOAEPEI_03459,Cytoplasmic,0.0001,0.0023,0.9973,0.0002,0.0002,0.0000
OFOAEPEI_03460,Cytoplasmic,0.0001,0.0006,0.7711,0.0184,0.2095,0.0003
OFOAEPEI_03461,Cytoplasmic,0.0000,0.0003,0.9991,0.0001,0.0003,0.0001
OFOAEPEI_03462,Cytoplasmic,0.0003,0.0085,0.9749,0.0147,0.0014,0.0002
OFOAEPEI_03463,Cytoplasmic,0.0001,0.0009,0.9779,0.0067,0.0124,0.0020
OFOAEPEI_03464,Cytoplasmic,0.0008,0.0006,0.9215,0.0767,0.0003,0.0001
OFOAEPEI_03465,Cytoplasmic,0.0003,0.0751,0.6508,0.2703,0.0031,0.0003
OFOAEPEI_03466,Cytoplasmic,0.0002,0.0004,0.8399,0.0311,0.1066,0.0218
OFOAEPEI_03467,Cytoplasmic,0.0001,0.0003,0.9645,0.0132,0.0216,0.0002
OFOAEPEI_03468,Cytoplasmic,0.0000,0.0004,0.9608,0.0156,0.0046,0.0186
OFOAEPEI_03469,Cytoplasmic,0.0000,0.0004,0.9933,0.0007,0.0046,0.0010
OFOAEPEI_03470,Cytoplasmic,0.0000,0.0000,0.9990,0.0005,0.0001,0.0002
OFOAEPEI_03471,Cytoplasmic,0.0001,0.0276,0.9265,0.0034,0.0420,0.0004
OFOAEPEI_03472,Cytoplasmic,0.0003,0.0009,0.7399,0.2472,0.0111,0.0006
OFOAEPEI_03473,Cytoplasmic,0.0002,0.0056,0.9052,0.0605,0.0261,0.0024
OFOAEPEI_03474,Cytoplasmic,0.0001,0.0017,0.9925,0.0032,0.0018,0.0008
OFOAEPEI_03475,Cytoplasmic,0.0000,0.0010,0.9934,0.0028,0.0022,0.0006
OFOAEPEI_03476,Cytoplasmic,0.0003,0.0065,0.8600,0.0054,0.1242,0.0036
OFOAEPEI_03477,Cytoplasmic,0.0006,0.0108,0.9709,0.0043,0.0089,0.0045
OFOAEPEI_03478,Cytoplasmic,0.0032,0.0134,0.8502,0.0411,0.0539,0.0381
OFOAEPEI_03479,Cytoplasmic,0.0002,0.0007,0.8046,0.1813,0.0112,0.0020
OFOAEPEI_03480,Cytoplasmic,0.0000,0.0002,0.9373,0.0068,0.0555,0.0002
OFOAEPEI_03481,Cytoplasmic,0.0005,0.0038,0.9734,0.0055,0.0148,0.0020
OFOAEPEI_03482,Cytoplasmic Membrane,0.0000,0.0004,0.0071,0.9910,0.0014,0.0001
OFOAEPEI_03483,Cytoplasmic,0.0001,0.0125,0.7357,0.2374,0.0054,0.0087
OFOAEPEI_03484,Cytoplasmic,0.0004,0.0037,0.9948,0.0008,0.0003,0.0000
OFOAEPEI_03485,Cytoplasmic,0.0001,0.0006,0.9980,0.0010,0.0001,0.0002
OFOAEPEI_03486,Cytoplasmic,0.0028,0.0099,0.8766,0.0835,0.0268,0.0004
OFOAEPEI_03487,Cytoplasmic,0.0004,0.0626,0.8122,0.1112,0.0128,0.0008
OFOAEPEI_03488,Cytoplasmic Membrane,0.0001,0.0002,0.0215,0.9671,0.0097,0.0014
OFOAEPEI_03489,Cytoplasmic,0.0000,0.0005,0.9952,0.0037,0.0005,0.0001
OFOAEPEI_03490,Cytoplasmic,0.0000,0.0019,0.9808,0.0120,0.0052,0.0000
OFOAEPEI_03491,Cytoplasmic Membrane,0.0001,0.0003,0.2882,0.7078,0.0032,0.0004
OFOAEPEI_03492,Cytoplasmic,0.0001,0.0106,0.9843,0.0037,0.0013,0.0000
OFOAEPEI_03493,Cytoplasmic,0.0003,0.0015,0.8073,0.1903,0.0006,0.0000
OFOAEPEI_03494,Cytoplasmic Membrane,0.0018,0.2726,0.3608,0.3609,0.0039,0.0000
OFOAEPEI_03495,Cytoplasmic,0.0000,0.0315,0.9667,0.0008,0.0009,0.0001
OFOAEPEI_03496,Cytoplasmic,0.0004,0.0012,0.9918,0.0028,0.0018,0.0021
OFOAEPEI_03497,Cytoplasmic,0.0001,0.0022,0.9872,0.0087,0.0017,0.0000
OFOAEPEI_03498,Cytoplasmic Membrane,0.0000,0.0069,0.0051,0.9835,0.0042,0.0003
OFOAEPEI_03499,Cytoplasmic Membrane,0.0000,0.0031,0.0002,0.9939,0.0028,0.0000
OFOAEPEI_03500,Cytoplasmic,0.0067,0.0767,0.8955,0.0195,0.0017,0.0001
OFOAEPEI_03501,Extracellular,0.0001,0.4695,0.4449,0.0762,0.0092,0.0001
OFOAEPEI_03502,Cytoplasmic,0.0020,0.0003,0.9772,0.0031,0.0169,0.0004
OFOAEPEI_03503,Cytoplasmic,0.0024,0.0343,0.8752,0.0776,0.0104,0.0002
OFOAEPEI_03504,Cytoplasmic,0.0003,0.0127,0.9274,0.0019,0.0571,0.0006
OFOAEPEI_03505,Cytoplasmic,0.0002,0.0077,0.8679,0.0006,0.1223,0.0013
OFOAEPEI_03506,Cytoplasmic,0.0004,0.0032,0.9510,0.0004,0.0450,0.0002
OFOAEPEI_03507,Cytoplasmic,0.0006,0.0018,0.9936,0.0021,0.0019,0.0000
OFOAEPEI_03508,Cytoplasmic,0.0014,0.0025,0.9672,0.0032,0.0255,0.0002
OFOAEPEI_03509,Cytoplasmic,0.0002,0.2456,0.6380,0.0031,0.1122,0.0009
OFOAEPEI_03510,Extracellular,0.0000,0.3783,0.3590,0.2189,0.0428,0.0011
OFOAEPEI_03511,Cytoplasmic,0.0000,0.0041,0.8999,0.0099,0.0291,0.0570
OFOAEPEI_03512,Cytoplasmic,0.0001,0.3724,0.4700,0.0071,0.1476,0.0028
OFOAEPEI_03513,Cytoplasmic,0.0002,0.0021,0.9915,0.0021,0.0037,0.0003
OFOAEPEI_03514,Cytoplasmic Membrane,0.0000,0.0010,0.0000,0.9986,0.0004,0.0000
OFOAEPEI_03515,Cytoplasmic Membrane,0.0075,0.2947,0.0080,0.6827,0.0071,0.0001
OFOAEPEI_03516,Cytoplasmic,0.0003,0.0397,0.8637,0.0916,0.0046,0.0001
OFOAEPEI_03517,Cytoplasmic,0.0001,0.1269,0.8572,0.0012,0.0132,0.0014
OFOAEPEI_03518,Cytoplasmic,0.0023,0.0004,0.8075,0.0017,0.1880,0.0001
OFOAEPEI_03519,Cytoplasmic Membrane,0.0000,0.0029,0.0003,0.9962,0.0005,0.0000
OFOAEPEI_03520,Cytoplasmic,0.0000,0.0005,0.9934,0.0052,0.0006,0.0003
OFOAEPEI_03521,Cytoplasmic Membrane,0.0000,0.0001,0.0000,0.9995,0.0005,0.0000
OFOAEPEI_03522,Cytoplasmic Membrane,0.0000,0.0002,0.0001,0.9954,0.0033,0.0009
OFOAEPEI_03523,Cytoplasmic,0.0003,0.0171,0.7731,0.1958,0.0136,0.0001
OFOAEPEI_03524,Cytoplasmic Membrane,0.0004,0.0071,0.0013,0.9747,0.0166,0.0000
OFOAEPEI_03525,Cytoplasmic Membrane,0.0140,0.0682,0.0000,0.7808,0.1115,0.0255
OFOAEPEI_03527,Cytoplasmic,0.0052,0.0030,0.9204,0.0015,0.0696,0.0002
OFOAEPEI_03528,Cytoplasmic,0.0003,0.0087,0.9183,0.0014,0.0712,0.0000
OFOAEPEI_03529,Cytoplasmic,0.0002,0.0026,0.9848,0.0034,0.0088,0.0002
OFOAEPEI_03530,Cytoplasmic,0.0041,0.0698,0.8496,0.0716,0.0047,0.0001
OFOAEPEI_03531,Cytoplasmic,0.0002,0.0269,0.9396,0.0212,0.0121,0.0000
OFOAEPEI_03532,Cytoplasmic,0.0056,0.0615,0.7908,0.1299,0.0120,0.0002
OFOAEPEI_03533,Cytoplasmic,0.0004,0.0084,0.9568,0.0207,0.0137,0.0001
OFOAEPEI_03534,Cytoplasmic,0.0006,0.0100,0.9821,0.0042,0.0026,0.0005
OFOAEPEI_03535,Cytoplasmic,0.0028,0.3354,0.5997,0.0413,0.0187,0.0022
OFOAEPEI_03536,Cytoplasmic Membrane,0.0000,0.0000,0.0000,0.9998,0.0002,0.0000
OFOAEPEI_03537,Cytoplasmic Membrane,0.0003,0.0023,0.2166,0.7716,0.0091,0.0002
OFOAEPEI_03538,Cytoplasmic Membrane,0.0001,0.0008,0.0003,0.9935,0.0053,0.0000
OFOAEPEI_03539,Cytoplasmic,0.0000,0.0006,0.9799,0.0024,0.0169,0.0001
OFOAEPEI_03540,Cytoplasmic,0.0003,0.0141,0.9769,0.0021,0.0066,0.0000
OFOAEPEI_03541,Cytoplasmic,0.0002,0.1885,0.7626,0.0448,0.0039,0.0001
OFOAEPEI_03542,Cytoplasmic,0.0005,0.0089,0.9631,0.0061,0.0212,0.0002
OFOAEPEI_03543,Cytoplasmic,0.0014,0.1393,0.7979,0.0325,0.0284,0.0004
OFOAEPEI_03544,Cytoplasmic,0.0000,0.0107,0.9863,0.0004,0.0025,0.0000
OFOAEPEI_03545,Cytoplasmic,0.0002,0.0008,0.9825,0.0046,0.0118,0.0000
OFOAEPEI_03546,Cytoplasmic,0.0003,0.0303,0.9054,0.0466,0.0168,0.0006
OFOAEPEI_03547,Cytoplasmic,0.0019,0.0146,0.9449,0.0260,0.0117,0.0009
OFOAEPEI_03548,Cytoplasmic,0.0025,0.2243,0.7166,0.0142,0.0424,0.0001
OFOAEPEI_03549,Cytoplasmic,0.0004,0.0140,0.9039,0.0011,0.0806,0.0001
OFOAEPEI_03550,Cytoplasmic,0.0013,0.0138,0.9416,0.0324,0.0108,0.0001
OFOAEPEI_03551,Extracellular,0.0001,0.8086,0.1861,0.0007,0.0044,0.0001
OFOAEPEI_03552,Cytoplasmic,0.0083,0.0193,0.9004,0.0697,0.0022,0.0001
OFOAEPEI_03553,Cytoplasmic,0.0017,0.0113,0.9674,0.0098,0.0093,0.0005
OFOAEPEI_03554,Cytoplasmic,0.0000,0.0004,0.9871,0.0007,0.0095,0.0023
OFOAEPEI_03555,Cytoplasmic,0.0001,0.0003,0.9857,0.0016,0.0116,0.0007
OFOAEPEI_03556,Cytoplasmic,0.0000,0.0001,0.8462,0.0004,0.1523,0.0010
OFOAEPEI_03557,Cytoplasmic Membrane,0.0000,0.0000,0.0000,0.9998,0.0002,0.0000
OFOAEPEI_03558,Cytoplasmic Membrane,0.0000,0.0000,0.0000,0.9991,0.0008,0.0000
OFOAEPEI_03559,Cytoplasmic,0.0001,0.0001,0.9917,0.0011,0.0066,0.0004
OFOAEPEI_03560,Cytoplasmic,0.0041,0.0059,0.9704,0.0020,0.0061,0.0115
OFOAEPEI_03561,Cytoplasmic,0.0000,0.0068,0.9679,0.0087,0.0163,0.0003
OFOAEPEI_03562,Cytoplasmic Membrane,0.0000,0.0000,0.0000,0.9998,0.0002,0.0000
OFOAEPEI_03563,Cytoplasmic,0.0001,0.0007,0.9357,0.0003,0.0632,0.0000
OFOAEPEI_03564,Cytoplasmic Membrane,0.0000,0.0000,0.0000,0.9990,0.0009,0.0000
OFOAEPEI_03565,Cytoplasmic Membrane,0.0000,0.0033,0.0032,0.9710,0.0225,0.0000
OFOAEPEI_03566,Cytoplasmic Membrane,0.0048,0.3438,0.0003,0.6485,0.0027,0.0000
OFOAEPEI_03567,Cytoplasmic,0.0003,0.2909,0.6662,0.0302,0.0120,0.0004
OFOAEPEI_03568,Extracellular,0.0618,0.8846,0.0108,0.0228,0.0198,0.0002
OFOAEPEI_03569,Cytoplasmic,0.0002,0.0038,0.9291,0.0346,0.0319,0.0004
OFOAEPEI_03570,Cytoplasmic,0.0052,0.0055,0.9043,0.0659,0.0184,0.0006
OFOAEPEI_03571,Cytoplasmic,0.0003,0.1341,0.8182,0.0008,0.0455,0.0012
OFOAEPEI_03572,Cytoplasmic,0.0002,0.0043,0.5095,0.4736,0.0119,0.0005
OFOAEPEI_03573,Cytoplasmic Membrane,0.0002,0.0797,0.0205,0.8927,0.0069,0.0000
OFOAEPEI_03574,Cytoplasmic Membrane,0.0000,0.3417,0.0020,0.6491,0.0072,0.0000
OFOAEPEI_03575,Cytoplasmic,0.0001,0.0002,0.9957,0.0002,0.0028,0.0010
OFOAEPEI_03576,Cytoplasmic,0.0002,0.2464,0.7146,0.0244,0.0140,0.0004
OFOAEPEI_03577,Cytoplasmic,0.0000,0.0006,0.9984,0.0007,0.0002,0.0001
OFOAEPEI_03578,Cytoplasmic,0.0001,0.0004,0.9981,0.0002,0.0012,0.0000
OFOAEPEI_03579,Extracellular,0.0001,0.5851,0.2416,0.0300,0.0051,0.1382
OFOAEPEI_03580,Extracellular,0.0002,0.8292,0.1552,0.0139,0.0007,0.0008
OFOAEPEI_03581,Cytoplasmic,0.0016,0.0453,0.8941,0.0048,0.0068,0.0474
OFOAEPEI_03582,Cytoplasmic,0.0001,0.0556,0.9217,0.0201,0.0024,0.0001
OFOAEPEI_03583,Cytoplasmic,0.0017,0.0321,0.9354,0.0267,0.0034,0.0006
OFOAEPEI_03584,Cytoplasmic,0.0028,0.0476,0.9348,0.0064,0.0081,0.0004
OFOAEPEI_03585,Cytoplasmic Membrane,0.0036,0.0132,0.1766,0.8017,0.0047,0.0002
OFOAEPEI_03586,Cytoplasmic,0.0001,0.0049,0.8933,0.0362,0.0653,0.0002
OFOAEPEI_03587,Cytoplasmic,0.0005,0.0254,0.9324,0.0123,0.0290,0.0005
OFOAEPEI_03588,Cytoplasmic,0.0001,0.1894,0.8042,0.0059,0.0004,0.0000
OFOAEPEI_03589,Cytoplasmic,0.0002,0.1743,0.8044,0.0061,0.0146,0.0004
OFOAEPEI_03590,Cytoplasmic,0.0154,0.1746,0.6652,0.1188,0.0255,0.0005
OFOAEPEI_03591,Extracellular,0.0002,0.6795,0.3124,0.0002,0.0040,0.0038
OFOAEPEI_03592,Cytoplasmic,0.0043,0.3062,0.4912,0.1300,0.0678,0.0005
OFOAEPEI_03593,Cytoplasmic Membrane,0.0023,0.0173,0.0181,0.9365,0.0245,0.0012
OFOAEPEI_03594,Cytoplasmic,0.0329,0.2798,0.5843,0.0461,0.0544,0.0026
OFOAEPEI_03595,Cytoplasmic,0.0001,0.0354,0.9095,0.0256,0.0259,0.0035
OFOAEPEI_03596,Cytoplasmic,0.0010,0.0119,0.9838,0.0010,0.0023,0.0000
OFOAEPEI_03597,Cytoplasmic,0.0001,0.0004,0.9800,0.0190,0.0003,0.0000
OFOAEPEI_03598,Cytoplasmic,0.0001,0.0633,0.9274,0.0075,0.0005,0.0012
OFOAEPEI_03599,Cytoplasmic,0.0000,0.0034,0.9632,0.0326,0.0007,0.0001
OFOAEPEI_03600,Cytoplasmic,0.0001,0.0031,0.8956,0.0974,0.0037,0.0001
OFOAEPEI_03601,Cytoplasmic Membrane,0.0002,0.0097,0.0951,0.8872,0.0077,0.0000
OFOAEPEI_03602,Cytoplasmic Membrane,0.0003,0.0041,0.0039,0.9610,0.0307,0.0001
OFOAEPEI_03603,Extracellular,0.0078,0.7100,0.0499,0.1873,0.0019,0.0431
OFOAEPEI_03604,Cytoplasmic Membrane,0.0076,0.3182,0.0002,0.6468,0.0268,0.0005
OFOAEPEI_03605,Cytoplasmic Membrane,0.0000,0.0001,0.0001,0.9997,0.0002,0.0000
OFOAEPEI_03606,Cytoplasmic Membrane,0.0001,0.0007,0.1692,0.8267,0.0029,0.0003
OFOAEPEI_03607,Cytoplasmic,0.0000,0.0053,0.9854,0.0082,0.0011,0.0000
OFOAEPEI_03608,Cytoplasmic,0.0006,0.2041,0.7609,0.0258,0.0067,0.0019
OFOAEPEI_03609,Cytoplasmic,0.0001,0.0055,0.9631,0.0260,0.0052,0.0000
OFOAEPEI_03610,Cytoplasmic,0.0000,0.0005,0.9990,0.0001,0.0002,0.0002
OFOAEPEI_03611,Outer Membrane,0.2305,0.1944,0.2012,0.0000,0.3738,0.0001
OFOAEPEI_03612,Cytoplasmic,0.0011,0.1915,0.7947,0.0043,0.0080,0.0003
OFOAEPEI_03613,Cytoplasmic Membrane,0.0000,0.0000,0.0000,0.9997,0.0003,0.0000
OFOAEPEI_03614,Cytoplasmic,0.0001,0.3968,0.5153,0.0067,0.0715,0.0096
OFOAEPEI_03615,Cytoplasmic,0.0002,0.0146,0.9724,0.0048,0.0077,0.0004
OFOAEPEI_03616,Extracellular,0.0074,0.3979,0.0025,0.3363,0.2139,0.0421
OFOAEPEI_03617,Cytoplasmic,0.0008,0.0049,0.9478,0.0217,0.0236,0.0012
OFOAEPEI_03618,Cytoplasmic,0.0010,0.0585,0.5222,0.0245,0.3916,0.0022
OFOAEPEI_03619,Cytoplasmic,0.0001,0.0005,0.9910,0.0008,0.0068,0.0008
OFOAEPEI_03620,Cytoplasmic,0.0008,0.0252,0.9294,0.0109,0.0332,0.0004
OFOAEPEI_03621,Cytoplasmic,0.0001,0.0014,0.9951,0.0011,0.0022,0.0002
OFOAEPEI_03622,Cytoplasmic,0.0005,0.0056,0.9259,0.0067,0.0609,0.0004
OFOAEPEI_03623,Cytoplasmic,0.0011,0.0217,0.5546,0.0382,0.3811,0.0033
OFOAEPEI_03624,Cytoplasmic Membrane,0.0001,0.0379,0.0023,0.9269,0.0326,0.0002
OFOAEPEI_03625,Cytoplasmic Membrane,0.0000,0.0004,0.0005,0.9976,0.0015,0.0001
OFOAEPEI_03626,Cytoplasmic,0.0000,0.0002,0.9968,0.0006,0.0023,0.0000
OFOAEPEI_03627,Cytoplasmic,0.0001,0.0004,0.9788,0.0008,0.0090,0.0109
OFOAEPEI_03628,Cytoplasmic,0.0001,0.0084,0.9131,0.0019,0.0538,0.0227
OFOAEPEI_03629,Cytoplasmic,0.0002,0.0002,0.9574,0.0058,0.0355,0.0009
OFOAEPEI_03630,Cytoplasmic Membrane,0.0000,0.0000,0.0000,0.9996,0.0004,0.0000
OFOAEPEI_03631,Cytoplasmic,0.0001,0.0032,0.9946,0.0020,0.0001,0.0000
OFOAEPEI_03632,Cytoplasmic,0.0009,0.0002,0.9791,0.0193,0.0004,0.0001
OFOAEPEI_03633,Cytoplasmic Membrane,0.0003,0.0057,0.0004,0.8110,0.1825,0.0002
OFOAEPEI_03634,Cytoplasmic,0.0001,0.0666,0.8492,0.0794,0.0042,0.0004
OFOAEPEI_03635,Cytoplasmic Membrane,0.0000,0.0030,0.0001,0.9939,0.0030,0.0000
OFOAEPEI_03636,Extracellular,0.0000,0.6666,0.2745,0.0044,0.0544,0.0001
OFOAEPEI_03637,Cytoplasmic,0.0000,0.0007,0.9901,0.0051,0.0034,0.0006
OFOAEPEI_03638,Cytoplasmic,0.0000,0.0006,0.9966,0.0025,0.0003,0.0000
OFOAEPEI_03639,Cytoplasmic,0.0000,0.0000,0.9968,0.0001,0.0025,0.0005
OFOAEPEI_03640,Cytoplasmic,0.0000,0.0011,0.9939,0.0005,0.0026,0.0019
OFOAEPEI_03641,Cytoplasmic,0.0003,0.4066,0.5866,0.0019,0.0039,0.0007
OFOAEPEI_03642,Cytoplasmic,0.0030,0.0073,0.8866,0.0989,0.0032,0.0010
OFOAEPEI_03643,Cytoplasmic,0.0009,0.0056,0.8974,0.0949,0.0010,0.0001
OFOAEPEI_03644,Cytoplasmic Membrane,0.0000,0.0000,0.0000,1.0000,0.0000,0.0000
OFOAEPEI_03645,Cytoplasmic,0.0006,0.0032,0.9202,0.0748,0.0012,0.0001
OFOAEPEI_03646,Cytoplasmic,0.0005,0.0083,0.7012,0.2786,0.0109,0.0004
OFOAEPEI_03647,Cytoplasmic Membrane,0.0000,0.0002,0.0000,0.9966,0.0032,0.0000
OFOAEPEI_03648,Cytoplasmic Membrane,0.0001,0.0057,0.0001,0.9589,0.0344,0.0008
OFOAEPEI_03649,Cytoplasmic,0.0001,0.0002,0.9870,0.0096,0.0032,0.0001
OFOAEPEI_03650,Cytoplasmic,0.0002,0.0071,0.9777,0.0039,0.0109,0.0002
OFOAEPEI_03651,Cytoplasmic,0.0007,0.0034,0.4111,0.3498,0.2288,0.0061
OFOAEPEI_03652,Cytoplasmic Membrane,0.0012,0.0036,0.3637,0.3740,0.2553,0.0022
OFOAEPEI_03653,Cytoplasmic,0.0022,0.0057,0.7716,0.1669,0.0504,0.0031
OFOAEPEI_03654,Cytoplasmic,0.0002,0.0237,0.9736,0.0004,0.0017,0.0004
OFOAEPEI_03662,Cytoplasmic,0.0009,0.0026,0.9660,0.0027,0.0278,0.0001
OFOAEPEI_03663,Cytoplasmic,0.0006,0.1206,0.6665,0.2015,0.0108,0.0001
OFOAEPEI_03664,Cytoplasmic,0.0015,0.0258,0.8834,0.0128,0.0763,0.0003
OFOAEPEI_03665,Cytoplasmic,0.0023,0.1111,0.8192,0.0071,0.0598,0.0004
OFOAEPEI_03666,Cytoplasmic,0.0004,0.0003,0.9948,0.0001,0.0044,0.0000
OFOAEPEI_03667,Cytoplasmic,0.0003,0.3307,0.6112,0.0129,0.0443,0.0007
OFOAEPEI_03668,Cytoplasmic,0.0005,0.1252,0.7013,0.0928,0.0799,0.0002
OFOAEPEI_03669,Cytoplasmic,0.0003,0.0461,0.9255,0.0101,0.0179,0.0001
OFOAEPEI_03670,Cytoplasmic,0.0101,0.0413,0.7673,0.0676,0.1120,0.0018
OFOAEPEI_03671,Cytoplasmic,0.0005,0.0026,0.9842,0.0018,0.0109,0.0000
OFOAEPEI_03672,Cytoplasmic,0.0001,0.2022,0.7754,0.0073,0.0148,0.0002
OFOAEPEI_03673,Cytoplasmic,0.0009,0.0030,0.9582,0.0003,0.0376,0.0000
OFOAEPEI_03674,Cytoplasmic,0.0001,0.0723,0.8981,0.0097,0.0197,0.0000
OFOAEPEI_03675,Cytoplasmic,0.0000,0.0006,0.9946,0.0028,0.0020,0.0000
OFOAEPEI_03676,Cytoplasmic Membrane,0.0001,0.3887,0.0279,0.5715,0.0097,0.0022
OFOAEPEI_03677,Cytoplasmic,0.0007,0.1278,0.8353,0.0076,0.0283,0.0003
OFOAEPEI_03678,Cytoplasmic,0.0003,0.2576,0.7195,0.0054,0.0157,0.0013
OFOAEPEI_03679,Cytoplasmic,0.0002,0.0002,0.9579,0.0006,0.0411,0.0000
OFOAEPEI_03680,Cytoplasmic,0.0003,0.0034,0.9824,0.0015,0.0122,0.0002
OFOAEPEI_03681,Cytoplasmic,0.0000,0.0099,0.9111,0.0001,0.0784,0.0005
OFOAEPEI_03682,Cytoplasmic,0.0001,0.0934,0.8563,0.0032,0.0470,0.0001
OFOAEPEI_03683,Cytoplasmic,0.0005,0.0082,0.9500,0.0013,0.0395,0.0005
OFOAEPEI_03684,Cytoplasmic,0.0000,0.0024,0.9931,0.0002,0.0042,0.0000
OFOAEPEI_03685,Cytoplasmic,0.0000,0.0022,0.9665,0.0055,0.0118,0.0140
OFOAEPEI_03686,Cytoplasmic,0.0001,0.0067,0.9346,0.0393,0.0187,0.0005
OFOAEPEI_03687,Cytoplasmic,0.0013,0.2310,0.7175,0.0044,0.0240,0.0219
OFOAEPEI_03688,Cytoplasmic,0.0007,0.3010,0.6755,0.0205,0.0023,0.0000
OFOAEPEI_03689,Cytoplasmic,0.0011,0.0893,0.7742,0.0600,0.0753,0.0002
OFOAEPEI_03690,Cytoplasmic,0.0010,0.0670,0.6312,0.0090,0.2889,0.0028
OFOAEPEI_03691,Cytoplasmic Membrane,0.0000,0.1551,0.0005,0.8364,0.0080,0.0000
OFOAEPEI_03692,Cytoplasmic,0.0000,0.0001,0.9921,0.0064,0.0014,0.0000
OFOAEPEI_03693,Cytoplasmic,0.0002,0.0378,0.8026,0.1065,0.0526,0.0003
OFOAEPEI_03694,Cytoplasmic,0.0001,0.1656,0.6502,0.0515,0.1316,0.0010
OFOAEPEI_03695,Extracellular,0.0098,0.6546,0.2070,0.0185,0.1054,0.0047
OFOAEPEI_03696,Cytoplasmic,0.0005,0.0266,0.7926,0.0511,0.0134,0.1157
OFOAEPEI_03697,Cytoplasmic,0.0086,0.4043,0.5699,0.0083,0.0086,0.0003
OFOAEPEI_03698,Cytoplasmic,0.0033,0.0008,0.6555,0.0003,0.3401,0.0001
OFOAEPEI_03699,Extracellular,0.0150,0.5111,0.2040,0.0093,0.2577,0.0030
OFOAEPEI_03700,Cytoplasmic,0.0008,0.2232,0.7084,0.0307,0.0358,0.0012
OFOAEPEI_03701,Cytoplasmic,0.0015,0.0451,0.7865,0.0942,0.0723,0.0004
OFOAEPEI_03702,Extracellular,0.0024,0.8521,0.1089,0.0218,0.0145,0.0004
OFOAEPEI_03703,Cytoplasmic Membrane,0.0002,0.1498,0.2244,0.5619,0.0633,0.0005
OFOAEPEI_03704,Cytoplasmic,0.0001,0.0086,0.7405,0.0042,0.2432,0.0033
OFOAEPEI_03705,Cytoplasmic,0.0002,0.0412,0.9525,0.0046,0.0013,0.0002
OFOAEPEI_03706,Cytoplasmic,0.0001,0.0314,0.8743,0.0865,0.0070,0.0007
OFOAEPEI_03707,Extracellular,0.0028,0.5798,0.0001,0.4091,0.0082,0.0000
OFOAEPEI_03708,Extracellular,0.0005,0.5685,0.2181,0.1706,0.0419,0.0005
OFOAEPEI_03709,Extracellular,0.0171,0.8146,0.0963,0.0065,0.0651,0.0005
OFOAEPEI_03710,Extracellular,0.0200,0.6922,0.2389,0.0163,0.0318,0.0007
OFOAEPEI_03711,Extracellular,0.0478,0.6808,0.0513,0.0149,0.2027,0.0025
OFOAEPEI_03712,Cytoplasmic,0.0200,0.0500,0.7950,0.0124,0.1215,0.0011
OFOAEPEI_03713,Cytoplasmic,0.0078,0.0407,0.8236,0.0605,0.0594,0.0080
OFOAEPEI_03714,Cytoplasmic Membrane,0.0001,0.0007,0.0002,0.9937,0.0052,0.0000
OFOAEPEI_03715,Extracellular,0.0025,0.9811,0.0072,0.0001,0.0068,0.0024
OFOAEPEI_03716,Cytoplasmic,0.0003,0.0034,0.8346,0.0141,0.1476,0.0001
OFOAEPEI_03717,Cytoplasmic,0.0004,0.1142,0.8694,0.0081,0.0077,0.0003
OFOAEPEI_03718,Extracellular,0.0005,0.4384,0.3031,0.0988,0.1573,0.0018
OFOAEPEI_03719,Extracellular,0.0001,0.9995,0.0000,0.0001,0.0003,0.0000
OFOAEPEI_03720,Cytoplasmic Membrane,0.0000,0.0037,0.0000,0.9910,0.0053,0.0000
OFOAEPEI_03721,Cytoplasmic Membrane,0.0001,0.0015,0.0042,0.9613,0.0328,0.0001
OFOAEPEI_03722,Cytoplasmic,0.0004,0.0137,0.9739,0.0027,0.0008,0.0086
OFOAEPEI_03723,Cytoplasmic Membrane,0.0000,0.0080,0.0000,0.9908,0.0011,0.0000
OFOAEPEI_03724,Cytoplasmic Membrane,0.0000,0.0007,0.0000,0.9989,0.0004,0.0000
OFOAEPEI_03725,Cytoplasmic,0.0000,0.0027,0.9950,0.0006,0.0016,0.0001
OFOAEPEI_03726,Cytoplasmic Membrane,0.0001,0.0007,0.2858,0.6882,0.0249,0.0003
OFOAEPEI_03727,Cytoplasmic,0.0000,0.0011,0.9985,0.0002,0.0001,0.0001
OFOAEPEI_03728,Cytoplasmic Membrane,0.0000,0.0001,0.0000,0.9978,0.0021,0.0000
OFOAEPEI_03729,Cytoplasmic,0.0001,0.0111,0.9279,0.0230,0.0064,0.0314
OFOAEPEI_03730,Cytoplasmic,0.0005,0.0034,0.7021,0.2546,0.0227,0.0168
OFOAEPEI_03731,Cytoplasmic,0.0001,0.0082,0.9745,0.0109,0.0061,0.0002
OFOAEPEI_03732,Cytoplasmic,0.0002,0.0011,0.9626,0.0191,0.0081,0.0090
OFOAEPEI_03733,Cytoplasmic Membrane,0.0040,0.2892,0.0014,0.5899,0.1071,0.0084
OFOAEPEI_03734,Cytoplasmic,0.0002,0.0007,0.9570,0.0089,0.0328,0.0003
OFOAEPEI_03735,Cytoplasmic Membrane,0.0000,0.0000,0.0000,0.9996,0.0003,0.0000
OFOAEPEI_03736,Cytoplasmic,0.0004,0.0410,0.9214,0.0344,0.0026,0.0001
OFOAEPEI_03737,Cytoplasmic,0.0000,0.0001,0.9918,0.0013,0.0058,0.0009
OFOAEPEI_03738,Cytoplasmic,0.0001,0.0001,0.9959,0.0003,0.0034,0.0002
OFOAEPEI_03739,Cytoplasmic Membrane,0.0005,0.0088,0.0003,0.9097,0.0804,0.0004
OFOAEPEI_03740,Cytoplasmic Membrane,0.0006,0.0515,0.0000,0.9470,0.0009,0.0000
OFOAEPEI_03741,Cytoplasmic Membrane,0.0005,0.0335,0.0001,0.9647,0.0011,0.0000
OFOAEPEI_03742,Cytoplasmic,0.0000,0.0004,0.9944,0.0049,0.0003,0.0000
OFOAEPEI_03743,Cytoplasmic Membrane,0.0000,0.0003,0.0011,0.9975,0.0011,0.0000
OFOAEPEI_03744,Cytoplasmic Membrane,0.0002,0.0003,0.0980,0.8987,0.0028,0.0001
OFOAEPEI_03745,Cytoplasmic Membrane,0.0000,0.0000,0.0000,0.9998,0.0002,0.0000
OFOAEPEI_03746,Extracellular,0.0002,0.3862,0.3130,0.2223,0.0779,0.0003
OFOAEPEI_03747,Cytoplasmic,0.0011,0.0191,0.9732,0.0059,0.0003,0.0005
OFOAEPEI_03748,Cytoplasmic Membrane,0.0002,0.0061,0.0001,0.9889,0.0046,0.0001
OFOAEPEI_03749,Cytoplasmic,0.0002,0.0010,0.9881,0.0064,0.0042,0.0000
OFOAEPEI_03750,Cytoplasmic Membrane,0.0000,0.0000,0.0000,0.9997,0.0002,0.0000
OFOAEPEI_03751,Cytoplasmic,0.0009,0.0003,0.9921,0.0023,0.0042,0.0002
OFOAEPEI_03752,Cytoplasmic Membrane,0.0000,0.0000,0.0000,0.9999,0.0001,0.0000
OFOAEPEI_03753,Cytoplasmic,0.0000,0.0040,0.9955,0.0004,0.0001,0.0001
OFOAEPEI_03754,Cytoplasmic,0.0004,0.1091,0.8578,0.0291,0.0033,0.0004
OFOAEPEI_03755,Cytoplasmic,0.0003,0.0237,0.6552,0.3100,0.0071,0.0037
OFOAEPEI_03756,Cytoplasmic,0.0000,0.0000,0.9987,0.0000,0.0012,0.0000
OFOAEPEI_03757,Cytoplasmic,0.0200,0.0087,0.9451,0.0163,0.0061,0.0038
OFOAEPEI_03761,Cytoplasmic Membrane,0.0000,0.0000,0.0000,0.9998,0.0001,0.0000
OFOAEPEI_03762,Cytoplasmic,0.0551,0.2461,0.6390,0.0356,0.0226,0.0015
OFOAEPEI_03763,Cytoplasmic,0.0002,0.0001,0.9978,0.0008,0.0009,0.0002
OFOAEPEI_03764,Cytoplasmic Membrane,0.0000,0.0001,0.0003,0.9986,0.0009,0.0000
OFOAEPEI_03765,Cytoplasmic,0.0000,0.0041,0.9788,0.0169,0.0002,0.0001
OFOAEPEI_03766,Cytoplasmic Membrane,0.0000,0.0001,0.0001,0.9992,0.0006,0.0000
OFOAEPEI_03767,Cytoplasmic Membrane,0.0000,0.0012,0.0000,0.9977,0.0011,0.0000
OFOAEPEI_03768,Cytoplasmic,0.0000,0.0002,0.9785,0.0005,0.0207,0.0001
OFOAEPEI_03769,Cytoplasmic Membrane,0.0146,0.2145,0.0028,0.4971,0.2702,0.0008
OFOAEPEI_03770,Cytoplasmic,0.0005,0.0322,0.9229,0.0353,0.0060,0.0032
OFOAEPEI_03771,Cytoplasmic,0.0000,0.1984,0.7943,0.0017,0.0034,0.0022
OFOAEPEI_03772,Cytoplasmic Membrane,0.0000,0.0001,0.0000,0.9995,0.0004,0.0000
OFOAEPEI_03773,Cytoplasmic,0.0003,0.0413,0.8912,0.0575,0.0095,0.0002
OFOAEPEI_03774,Cytoplasmic,0.0009,0.0112,0.9309,0.0311,0.0257,0.0003
OFOAEPEI_03775,Cytoplasmic,0.0001,0.0756,0.8287,0.0896,0.0054,0.0006
OFOAEPEI_03776,Cytoplasmic,0.0001,0.0012,0.9944,0.0020,0.0022,0.0000
OFOAEPEI_03777,Cytoplasmic Membrane,0.0084,0.0031,0.2737,0.6900,0.0246,0.0001
OFOAEPEI_03778,Cytoplasmic Membrane,0.0000,0.0000,0.0000,1.0000,0.0000,0.0000
OFOAEPEI_03779,Cytoplasmic Membrane,0.0000,0.0002,0.0000,0.9989,0.0009,0.0000
OFOAEPEI_03780,Cytoplasmic,0.0006,0.0258,0.9546,0.0058,0.0130,0.0002
OFOAEPEI_03781,Cytoplasmic,0.0008,0.0059,0.9912,0.0018,0.0002,0.0000
OFOAEPEI_03782,Cytoplasmic Membrane,0.0000,0.0001,0.0001,0.9974,0.0023,0.0000
OFOAEPEI_03783,Cytoplasmic Membrane,0.0000,0.0001,0.0000,0.9969,0.0029,0.0001
OFOAEPEI_03784,Cytoplasmic,0.0004,0.0065,0.9822,0.0006,0.0090,0.0013
OFOAEPEI_03785,Cytoplasmic,0.0001,0.0036,0.9959,0.0002,0.0001,0.0001
OFOAEPEI_03786,Cytoplasmic,0.0001,0.0001,0.9994,0.0002,0.0001,0.0000
OFOAEPEI_03787,Cytoplasmic,0.0000,0.0015,0.9723,0.0011,0.0245,0.0007
OFOAEPEI_03788,Cytoplasmic,0.0003,0.0013,0.9904,0.0024,0.0054,0.0003
OFOAEPEI_03789,Cytoplasmic Membrane,0.0000,0.0007,0.0005,0.9976,0.0011,0.0000
OFOAEPEI_03790,Cytoplasmic,0.0002,0.0008,0.9874,0.0097,0.0016,0.0003
OFOAEPEI_03791,Cytoplasmic,0.0007,0.0233,0.9524,0.0146,0.0080,0.0010
OFOAEPEI_03792,Cytoplasmic,0.0014,0.1062,0.7259,0.0806,0.0734,0.0125
OFOAEPEI_03793,Cytoplasmic,0.0011,0.0416,0.6533,0.2674,0.0358,0.0008
OFOAEPEI_03794,Cytoplasmic Membrane,0.0007,0.0232,0.0004,0.9594,0.0161,0.0000
OFOAEPEI_03795,Cytoplasmic Membrane,0.0000,0.0002,0.0004,0.9991,0.0003,0.0000
OFOAEPEI_03796,Cytoplasmic Membrane,0.0325,0.1468,0.0002,0.8083,0.0121,0.0001
OFOAEPEI_03797,Cytoplasmic Membrane,0.0000,0.0000,0.0000,1.0000,0.0000,0.0000
OFOAEPEI_03798,Cytoplasmic Membrane,0.0002,0.0004,0.0711,0.8563,0.0718,0.0002
OFOAEPEI_03799,Cytoplasmic,0.0000,0.0044,0.9929,0.0003,0.0024,0.0000
OFOAEPEI_03800,Cytoplasmic,0.0004,0.0354,0.8752,0.0585,0.0305,0.0001
OFOAEPEI_03801,Cytoplasmic,0.0017,0.0834,0.8471,0.0632,0.0044,0.0002
OFOAEPEI_03802,Cytoplasmic Membrane,0.0003,0.0011,0.1956,0.7129,0.0879,0.0021
OFOAEPEI_03803,Cytoplasmic Membrane,0.0000,0.0000,0.0000,1.0000,0.0000,0.0000
OFOAEPEI_03804,Cytoplasmic,0.0026,0.0034,0.6039,0.3490,0.0403,0.0008
OFOAEPEI_03805,Cytoplasmic,0.0000,0.0001,0.9986,0.0003,0.0008,0.0002
OFOAEPEI_03806,Cytoplasmic,0.0003,0.0023,0.9607,0.0333,0.0034,0.0000
OFOAEPEI_03807,Cytoplasmic,0.0001,0.0014,0.9715,0.0079,0.0170,0.0021
OFOAEPEI_03808,Cytoplasmic,0.0003,0.0003,0.9727,0.0256,0.0009,0.0002
OFOAEPEI_03809,Cytoplasmic,0.0000,0.0001,0.9972,0.0001,0.0023,0.0002
OFOAEPEI_03810,Cytoplasmic Membrane,0.0000,0.0003,0.0001,0.9974,0.0023,0.0000
OFOAEPEI_03811,Cytoplasmic,0.0002,0.0014,0.9962,0.0005,0.0017,0.0000
OFOAEPEI_03812,Cytoplasmic,0.0000,0.0054,0.9891,0.0027,0.0024,0.0003
OFOAEPEI_03813,Cytoplasmic Membrane,0.0012,0.0941,0.0009,0.8279,0.0757,0.0002
OFOAEPEI_03814,Cytoplasmic Membrane,0.0000,0.0013,0.0025,0.9942,0.0020,0.0000
OFOAEPEI_03815,Cytoplasmic Membrane,0.0037,0.1524,0.0006,0.6207,0.2218,0.0008
OFOAEPEI_03816,Outer Membrane,0.0008,0.0093,0.0005,0.3104,0.6784,0.0006
OFOAEPEI_03817,Cytoplasmic,0.0035,0.1882,0.6370,0.1589,0.0122,0.0002
OFOAEPEI_03818,Cytoplasmic,0.0003,0.0015,0.9773,0.0051,0.0109,0.0049
OFOAEPEI_03819,Cytoplasmic,0.0001,0.0039,0.9940,0.0007,0.0004,0.0008
OFOAEPEI_03820,Cytoplasmic,0.0001,0.0009,0.9976,0.0005,0.0009,0.0000
OFOAEPEI_03821,Cytoplasmic Membrane,0.0000,0.0004,0.0047,0.9925,0.0023,0.0000
OFOAEPEI_03822,Extracellular,0.0014,0.9609,0.0169,0.0071,0.0053,0.0084
OFOAEPEI_03823,Cytoplasmic,0.0002,0.0257,0.9473,0.0194,0.0070,0.0003
OFOAEPEI_03825,Cytoplasmic,0.0064,0.2373,0.5970,0.0802,0.0764,0.0027
OFOAEPEI_03826,Cytoplasmic,0.0006,0.1691,0.5910,0.2299,0.0090,0.0003
OFOAEPEI_03827,Cytoplasmic,0.0000,0.0000,0.9914,0.0000,0.0085,0.0000
OFOAEPEI_03828,Outer Membrane,0.0000,0.0000,0.1999,0.0001,0.7999,0.0001
OFOAEPEI_03829,Outer Membrane,0.0000,0.0000,0.0147,0.0000,0.9852,0.0001
OFOAEPEI_03830,Cytoplasmic,0.0013,0.0057,0.9469,0.0382,0.0078,0.0001
OFOAEPEI_03831,Cytoplasmic,0.0028,0.0360,0.7249,0.2197,0.0164,0.0003
OFOAEPEI_03832,Cytoplasmic,0.0002,0.0039,0.7968,0.0011,0.1958,0.0023
OFOAEPEI_03833,Cytoplasmic,0.0003,0.0044,0.8380,0.1206,0.0365,0.0001
OFOAEPEI_03834,Cytoplasmic,0.0002,0.0019,0.6728,0.1118,0.2126,0.0006
OFOAEPEI_03835,Cytoplasmic,0.0000,0.0011,0.9633,0.0353,0.0002,0.0000
OFOAEPEI_03836,Cytoplasmic,0.0000,0.0001,0.6939,0.0006,0.2168,0.0885
OFOAEPEI_03837,Cytoplasmic,0.0000,0.0001,0.9971,0.0019,0.0010,0.0000
OFOAEPEI_03838,Cytoplasmic,0.0001,0.0172,0.9413,0.0017,0.0266,0.0130
OFOAEPEI_03839,Cytoplasmic,0.0001,0.0028,0.9368,0.0067,0.0025,0.0512
OFOAEPEI_03840,Cytoplasmic,0.0000,0.0007,0.9754,0.0016,0.0214,0.0009
OFOAEPEI_03841,Cytoplasmic,0.0004,0.0031,0.9640,0.0211,0.0061,0.0053
OFOAEPEI_03842,Cytoplasmic Membrane,0.0000,0.0004,0.0005,0.9986,0.0006,0.0000
OFOAEPEI_03843,Cytoplasmic Membrane,0.0000,0.0000,0.0000,1.0000,0.0000,0.0000
OFOAEPEI_03844,Cytoplasmic,0.0001,0.0473,0.8419,0.1037,0.0069,0.0001
OFOAEPEI_03845,Cytoplasmic,0.0000,0.0064,0.9846,0.0060,0.0028,0.0001
OFOAEPEI_03846,Cytoplasmic,0.0002,0.0044,0.9630,0.0205,0.0120,0.0001
OFOAEPEI_03847,Cytoplasmic,0.0002,0.0012,0.9973,0.0003,0.0007,0.0002
OFOAEPEI_03848,Cytoplasmic,0.0001,0.0002,0.9857,0.0129,0.0010,0.0000
OFOAEPEI_03849,Cytoplasmic,0.0002,0.0000,0.9445,0.0005,0.0547,0.0001
OFOAEPEI_03850,Cytoplasmic,0.0005,0.0010,0.9620,0.0015,0.0345,0.0004
OFOAEPEI_03851,Cytoplasmic Membrane,0.0619,0.2680,0.0321,0.6324,0.0047,0.0009
OFOAEPEI_03852,Cytoplasmic,0.0007,0.0002,0.9820,0.0005,0.0165,0.0001
OFOAEPEI_03853,Cytoplasmic,0.0129,0.0612,0.9123,0.0099,0.0035,0.0002
OFOAEPEI_03854,Cytoplasmic Membrane,0.0000,0.0004,0.0001,0.9989,0.0006,0.0000
OFOAEPEI_03855,Cytoplasmic,0.0002,0.0392,0.4946,0.4089,0.0282,0.0289
OFOAEPEI_03856,Cytoplasmic Membrane,0.0001,0.0002,0.0503,0.9457,0.0037,0.0001
OFOAEPEI_03857,Cytoplasmic,0.0002,0.0003,0.9642,0.0323,0.0029,0.0001
OFOAEPEI_03858,Cytoplasmic Membrane,0.0003,0.0098,0.0011,0.9880,0.0008,0.0000
OFOAEPEI_03859,Cytoplasmic,0.0008,0.2131,0.4376,0.3164,0.0304,0.0017
OFOAEPEI_03860,Cytoplasmic,0.0009,0.0633,0.8814,0.0345,0.0197,0.0003
OFOAEPEI_03861,Cytoplasmic,0.0014,0.0168,0.9744,0.0031,0.0041,0.0003
OFOAEPEI_03862,Cytoplasmic,0.0004,0.0550,0.8897,0.0412,0.0136,0.0001
OFOAEPEI_03863,Cytoplasmic,0.0001,0.0106,0.9863,0.0024,0.0005,0.0001
OFOAEPEI_03864,Cytoplasmic,0.0003,0.0033,0.9691,0.0126,0.0145,0.0002
OFOAEPEI_03865,Cytoplasmic,0.0023,0.1046,0.5430,0.2787,0.0687,0.0026
OFOAEPEI_03866,Cytoplasmic,0.0004,0.0058,0.9671,0.0124,0.0142,0.0001
OFOAEPEI_03867,Cytoplasmic,0.0007,0.0042,0.9728,0.0037,0.0182,0.0006
OFOAEPEI_03868,Cytoplasmic,0.0001,0.0012,0.7983,0.0962,0.0995,0.0047
OFOAEPEI_03869,Cytoplasmic,0.0002,0.0020,0.9699,0.0079,0.0152,0.0049
OFOAEPEI_03870,Cytoplasmic,0.0001,0.0002,0.9868,0.0007,0.0121,0.0002
OFOAEPEI_03871,Cytoplasmic,0.0000,0.0004,0.9833,0.0008,0.0149,0.0005
OFOAEPEI_03872,Cytoplasmic,0.0002,0.0009,0.9796,0.0094,0.0084,0.0014
OFOAEPEI_03873,Cytoplasmic,0.0001,0.3531,0.6243,0.0138,0.0085,0.0002
OFOAEPEI_03874,Cytoplasmic,0.0002,0.0048,0.9908,0.0020,0.0019,0.0003
OFOAEPEI_03875,Cytoplasmic Membrane,0.0000,0.0003,0.0007,0.9972,0.0018,0.0000
OFOAEPEI_03876,Cytoplasmic Membrane,0.0000,0.0004,0.0002,0.9914,0.0078,0.0001
OFOAEPEI_03877,Cytoplasmic,0.0004,0.4056,0.5542,0.0224,0.0169,0.0004
OFOAEPEI_03878,Cytoplasmic,0.0002,0.0091,0.9708,0.0198,0.0001,0.0000
OFOAEPEI_03879,Cytoplasmic,0.0002,0.0102,0.9876,0.0015,0.0005,0.0000
OFOAEPEI_03880,Cytoplasmic,0.0001,0.0294,0.9585,0.0041,0.0052,0.0026
OFOAEPEI_03881,Cytoplasmic,0.0023,0.0037,0.9187,0.0217,0.0528,0.0008
OFOAEPEI_03882,Extracellular,0.0000,0.7413,0.2127,0.0114,0.0337,0.0009
OFOAEPEI_03883,Cytoplasmic,0.0001,0.0101,0.9798,0.0034,0.0063,0.0003
OFOAEPEI_03884,Cytoplasmic,0.0005,0.0297,0.9342,0.0246,0.0080,0.0030
OFOAEPEI_03885,Cytoplasmic,0.0002,0.0018,0.9865,0.0095,0.0012,0.0007
OFOAEPEI_03886,Cytoplasmic,0.0000,0.0008,0.9860,0.0027,0.0042,0.0062
OFOAEPEI_03887,Cytoplasmic,0.0010,0.1283,0.5889,0.1131,0.0932,0.0754
OFOAEPEI_03888,Cytoplasmic,0.0002,0.0008,0.8854,0.1103,0.0029,0.0004
OFOAEPEI_03889,Extracellular,0.0003,0.5263,0.2371,0.0728,0.1503,0.0132
OFOAEPEI_03890,Cytoplasmic Membrane,0.0005,0.0384,0.0008,0.9528,0.0074,0.0000
OFOAEPEI_03891,Cytoplasmic,0.0000,0.0015,0.9908,0.0005,0.0036,0.0035
OFOAEPEI_03892,Cytoplasmic Membrane,0.0000,0.0000,0.0002,0.9990,0.0007,0.0000
OFOAEPEI_03893,Cytoplasmic Membrane,0.0000,0.0000,0.0000,0.9998,0.0002,0.0000
OFOAEPEI_03894,Cytoplasmic Membrane,0.0000,0.0018,0.0000,0.9980,0.0002,0.0000
OFOAEPEI_03895,Cytoplasmic,0.0000,0.0000,0.9996,0.0000,0.0003,0.0001
OFOAEPEI_03896,Cytoplasmic,0.0001,0.0213,0.5249,0.0054,0.2698,0.1786
OFOAEPEI_03897,Cytoplasmic,0.0024,0.1996,0.7741,0.0096,0.0104,0.0039
OFOAEPEI_03898,Cytoplasmic,0.0000,0.0003,0.9983,0.0003,0.0010,0.0000
OFOAEPEI_03899,Cytoplasmic,0.0001,0.0010,0.6403,0.3347,0.0237,0.0002
OFOAEPEI_03900,Extracellular,0.0002,0.4453,0.2439,0.2352,0.0748,0.0005
OFOAEPEI_03901,Cytoplasmic,0.0002,0.0005,0.9936,0.0056,0.0002,0.0000
OFOAEPEI_03902,Cytoplasmic Membrane,0.0000,0.0032,0.0010,0.9951,0.0007,0.0000
OFOAEPEI_03903,Cytoplasmic Membrane,0.0009,0.0024,0.2520,0.6171,0.1268,0.0009
OFOAEPEI_03904,Cytoplasmic Membrane,0.0000,0.0009,0.0001,0.9974,0.0016,0.0000
OFOAEPEI_03905,Cytoplasmic Membrane,0.0000,0.0008,0.0002,0.9978,0.0012,0.0000
OFOAEPEI_03906,Cytoplasmic,0.0000,0.0003,0.9964,0.0013,0.0019,0.0001
OFOAEPEI_03907,Cytoplasmic Membrane,0.0000,0.0006,0.0000,0.9989,0.0005,0.0000
OFOAEPEI_03908,Cytoplasmic Membrane,0.0000,0.0000,0.0000,0.9999,0.0001,0.0000
OFOAEPEI_03909,Cytoplasmic,0.0005,0.0344,0.9557,0.0021,0.0060,0.0012
OFOAEPEI_03910,Cytoplasmic Membrane,0.0000,0.0036,0.0001,0.9938,0.0024,0.0000
OFOAEPEI_03911,Cytoplasmic Membrane,0.0000,0.0002,0.2070,0.7903,0.0023,0.0001
OFOAEPEI_03912,Cytoplasmic Membrane,0.0000,0.0001,0.0001,0.9995,0.0003,0.0000
OFOAEPEI_03913,Cytoplasmic,0.0000,0.0001,0.9984,0.0006,0.0009,0.0000
OFOAEPEI_03914,Cytoplasmic Membrane,0.0013,0.0297,0.0004,0.9551,0.0134,0.0001
OFOAEPEI_03915,Cytoplasmic Membrane,0.0000,0.0006,0.0006,0.9954,0.0033,0.0000
OFOAEPEI_03916,Cytoplasmic Membrane,0.0000,0.0001,0.0000,0.9985,0.0014,0.0000
OFOAEPEI_03917,Cytoplasmic Membrane,0.0007,0.0026,0.2409,0.6370,0.1171,0.0017
OFOAEPEI_03918,Cytoplasmic,0.0002,0.0002,0.9514,0.0464,0.0017,0.0000
OFOAEPEI_03919,Cytoplasmic Membrane,0.0003,0.0048,0.0001,0.9654,0.0293,0.0000
OFOAEPEI_03920,Cytoplasmic,0.0017,0.0015,0.8427,0.1316,0.0222,0.0002
OFOAEPEI_03921,Cytoplasmic,0.0002,0.0007,0.9744,0.0065,0.0179,0.0003
OFOAEPEI_03922,Cytoplasmic,0.0000,0.0070,0.9782,0.0029,0.0046,0.0073
OFOAEPEI_03923,Cytoplasmic Membrane,0.0306,0.3155,0.0112,0.4924,0.1457,0.0046
OFOAEPEI_03924,Cytoplasmic,0.0000,0.0004,0.9816,0.0177,0.0003,0.0000
OFOAEPEI_03925,Cytoplasmic,0.0002,0.1412,0.8484,0.0027,0.0059,0.0016
OFOAEPEI_03926,Cytoplasmic,0.0003,0.1456,0.8275,0.0209,0.0053,0.0003
OFOAEPEI_03927,Cytoplasmic Membrane,0.0007,0.0874,0.0007,0.8861,0.0243,0.0008
OFOAEPEI_03928,Cytoplasmic,0.0001,0.0122,0.8725,0.0241,0.0104,0.0807
OFOAEPEI_03929,Extracellular,0.0001,0.6015,0.3020,0.0047,0.0906,0.0011
OFOAEPEI_03930,Cytoplasmic,0.0001,0.0070,0.9690,0.0012,0.0218,0.0010
OFOAEPEI_03931,Cytoplasmic Membrane,0.0003,0.0221,0.0007,0.9761,0.0009,0.0000
OFOAEPEI_03932,Extracellular,0.1598,0.8339,0.0004,0.0051,0.0005,0.0003
OFOAEPEI_03933,Cell wall & surface,0.4760,0.0711,0.0003,0.4416,0.0109,0.0001
OFOAEPEI_03934,Cytoplasmic,0.0001,0.0009,0.9758,0.0020,0.0090,0.0122
OFOAEPEI_03935,Cytoplasmic,0.0004,0.0535,0.8367,0.0226,0.0514,0.0354
OFOAEPEI_03936,Cytoplasmic,0.0016,0.1060,0.8276,0.0341,0.0301,0.0006
OFOAEPEI_03937,Cytoplasmic Membrane,0.0000,0.0002,0.0000,0.9996,0.0001,0.0000
OFOAEPEI_03938,Cytoplasmic,0.0013,0.0444,0.9502,0.0023,0.0016,0.0002
OFOAEPEI_03939,Cytoplasmic,0.0000,0.0017,0.9147,0.0013,0.0055,0.0769
OFOAEPEI_03940,Cytoplasmic,0.0000,0.0003,0.9521,0.0064,0.0405,0.0007
OFOAEPEI_03941,Cytoplasmic,0.0000,0.0008,0.9950,0.0003,0.0037,0.0001
OFOAEPEI_03942,Cytoplasmic Membrane,0.0000,0.0000,0.0000,0.9991,0.0009,0.0000
OFOAEPEI_03943,Cytoplasmic Membrane,0.0000,0.0120,0.0002,0.9874,0.0004,0.0000
OFOAEPEI_03944,Cytoplasmic,0.0001,0.1562,0.7181,0.0191,0.1042,0.0024
OFOAEPEI_03945,Extracellular,0.0050,0.6991,0.2753,0.0025,0.0180,0.0001
OFOAEPEI_03946,Cytoplasmic,0.0000,0.0001,0.9900,0.0008,0.0085,0.0006
OFOAEPEI_03947,Cytoplasmic Membrane,0.0000,0.0001,0.0000,0.9994,0.0005,0.0000
OFOAEPEI_03948,Cytoplasmic Membrane,0.0000,0.0004,0.0000,0.9984,0.0011,0.0000
OFOAEPEI_03949,Cytoplasmic Membrane,0.0010,0.0024,0.3033,0.6859,0.0072,0.0001
OFOAEPEI_03950,Cytoplasmic Membrane,0.0000,0.0000,0.0000,0.9999,0.0001,0.0000
OFOAEPEI_03951,Cytoplasmic,0.0005,0.0011,0.9815,0.0125,0.0042,0.0002
OFOAEPEI_03952,Cytoplasmic Membrane,0.0000,0.0006,0.0014,0.9946,0.0034,0.0000
OFOAEPEI_03953,Extracellular,0.1302,0.7893,0.0468,0.0105,0.0225,0.0007
OFOAEPEI_03954,Cytoplasmic Membrane,0.0000,0.0000,0.0000,0.9997,0.0003,0.0000
OFOAEPEI_03955,Cytoplasmic Membrane,0.0004,0.0006,0.1355,0.7013,0.1598,0.0024
OFOAEPEI_03956,Cytoplasmic Membrane,0.0127,0.0104,0.0002,0.5766,0.3973,0.0027
OFOAEPEI_03957,Extracellular,0.0050,0.6991,0.2753,0.0025,0.0180,0.0001
OFOAEPEI_03958,Cytoplasmic,0.0004,0.0742,0.9153,0.0063,0.0039,0.0000
OFOAEPEI_03959,Cytoplasmic Membrane,0.0007,0.0084,0.0006,0.9898,0.0005,0.0000
OFOAEPEI_03960,Cytoplasmic,0.0003,0.0293,0.9018,0.0016,0.0659,0.0011
OFOAEPEI_03961,Cytoplasmic,0.0003,0.0314,0.9572,0.0070,0.0040,0.0001
OFOAEPEI_03962,Cytoplasmic Membrane,0.0041,0.3463,0.0497,0.5518,0.0480,0.0001
OFOAEPEI_03963,Cytoplasmic Membrane,0.0000,0.0002,0.0002,0.9972,0.0023,0.0000
OFOAEPEI_03964,Cytoplasmic,0.0002,0.1472,0.7883,0.0010,0.0579,0.0053
OFOAEPEI_03965,Cytoplasmic,0.0047,0.0065,0.8503,0.1345,0.0037,0.0002
OFOAEPEI_03966,Cytoplasmic,0.0001,0.0023,0.9893,0.0023,0.0059,0.0001
OFOAEPEI_03967,Cytoplasmic,0.0000,0.0010,0.9970,0.0007,0.0012,0.0001
OFOAEPEI_03968,Cytoplasmic,0.0004,0.0010,0.9752,0.0041,0.0192,0.0002
OFOAEPEI_03969,Cytoplasmic,0.0000,0.0001,0.9111,0.0011,0.0876,0.0001
OFOAEPEI_03970,Cytoplasmic Membrane,0.0000,0.0001,0.0001,0.9980,0.0018,0.0000
OFOAEPEI_03971,Cytoplasmic Membrane,0.0000,0.0000,0.0000,0.9994,0.0006,0.0000
OFOAEPEI_03972,Cytoplasmic,0.0002,0.0003,0.9944,0.0024,0.0022,0.0005
OFOAEPEI_03973,Cytoplasmic,0.0014,0.0870,0.8789,0.0297,0.0028,0.0003
OFOAEPEI_03974,Cytoplasmic,0.0003,0.1515,0.5539,0.2444,0.0495,0.0005
OFOAEPEI_03975,Cytoplasmic Membrane,0.0000,0.0001,0.0000,0.9996,0.0002,0.0000
OFOAEPEI_03976,Cytoplasmic,0.0001,0.0006,0.9886,0.0010,0.0090,0.0007
OFOAEPEI_03977,Cytoplasmic,0.0001,0.0016,0.9971,0.0004,0.0006,0.0002
OFOAEPEI_03978,Cytoplasmic,0.0003,0.0039,0.9019,0.0035,0.0872,0.0031
OFOAEPEI_03979,Cytoplasmic,0.0016,0.0070,0.6748,0.1369,0.1776,0.0022
OFOAEPEI_03980,Cytoplasmic,0.0002,0.0001,0.9948,0.0028,0.0022,0.0000
OFOAEPEI_03981,Cytoplasmic,0.0007,0.0026,0.9766,0.0038,0.0151,0.0012
OFOAEPEI_03982,Cytoplasmic,0.0002,0.0001,0.9972,0.0007,0.0017,0.0001
OFOAEPEI_03983,Cytoplasmic,0.0002,0.0028,0.9374,0.0155,0.0433,0.0007
OFOAEPEI_03984,Cytoplasmic,0.0002,0.0015,0.9854,0.0012,0.0099,0.0019
OFOAEPEI_03985,Cytoplasmic,0.0013,0.0049,0.8669,0.1062,0.0203,0.0004
OFOAEPEI_03986,Cytoplasmic Membrane,0.0000,0.0000,0.0000,0.9999,0.0001,0.0000
OFOAEPEI_03987,Cytoplasmic Membrane,0.0076,0.2557,0.0089,0.4890,0.2336,0.0053
OFOAEPEI_03988,Cytoplasmic Membrane,0.0000,0.0000,0.0000,0.9999,0.0000,0.0000
OFOAEPEI_03989,Cytoplasmic Membrane,0.0000,0.0003,0.0706,0.9073,0.0217,0.0001
OFOAEPEI_03990,Cytoplasmic,0.0007,0.0228,0.9221,0.0514,0.0030,0.0000
OFOAEPEI_03991,Cytoplasmic Membrane,0.0000,0.0001,0.0000,0.9990,0.0009,0.0000
OFOAEPEI_03992,Cytoplasmic,0.0000,0.0017,0.9796,0.0026,0.0155,0.0006
OFOAEPEI_03993,Cytoplasmic,0.0002,0.0041,0.8848,0.0538,0.0451,0.0120
OFOAEPEI_03994,Cytoplasmic,0.0002,0.0108,0.9521,0.0012,0.0332,0.0025
OFOAEPEI_03995,Cytoplasmic,0.0000,0.0002,0.9959,0.0011,0.0021,0.0006
OFOAEPEI_03996,Cytoplasmic,0.0000,0.0012,0.9970,0.0003,0.0013,0.0002
OFOAEPEI_03997,Cytoplasmic Membrane,0.0000,0.0000,0.0000,0.9999,0.0000,0.0000
OFOAEPEI_03998,Cytoplasmic,0.0006,0.0018,0.9811,0.0151,0.0010,0.0004
OFOAEPEI_03999,Cytoplasmic,0.0006,0.0060,0.9407,0.0264,0.0256,0.0007
OFOAEPEI_04000,Cytoplasmic,0.0001,0.0011,0.9977,0.0010,0.0002,0.0000
OFOAEPEI_04001,Cytoplasmic,0.0002,0.0250,0.9607,0.0078,0.0055,0.0008
OFOAEPEI_04002,Cytoplasmic Membrane,0.0000,0.0000,0.0000,0.9995,0.0004,0.0000
OFOAEPEI_04003,Cytoplasmic,0.0001,0.0012,0.9818,0.0027,0.0126,0.0016
OFOAEPEI_04004,Cytoplasmic,0.0001,0.0005,0.9960,0.0028,0.0004,0.0001
OFOAEPEI_04005,Cytoplasmic,0.0001,0.0825,0.9023,0.0122,0.0027,0.0002
OFOAEPEI_04006,Cytoplasmic Membrane,0.0004,0.1257,0.0127,0.8301,0.0310,0.0001
OFOAEPEI_04007,Extracellular,0.0002,0.9936,0.0017,0.0018,0.0024,0.0003
OFOAEPEI_04008,Cytoplasmic,0.0015,0.0273,0.6734,0.0321,0.2647,0.0011
OFOAEPEI_04009,Cytoplasmic,0.0000,0.2332,0.7184,0.0018,0.0463,0.0002
OFOAEPEI_04010,Cytoplasmic Membrane,0.0046,0.0422,0.0009,0.7957,0.1537,0.0029
OFOAEPEI_04011,Cytoplasmic Membrane,0.0000,0.0000,0.0000,0.9998,0.0002,0.0000
OFOAEPEI_04012,Cytoplasmic Membrane,0.0001,0.0063,0.0019,0.9854,0.0062,0.0001
OFOAEPEI_04013,Cytoplasmic Membrane,0.0000,0.0013,0.0000,0.9976,0.0010,0.0001
OFOAEPEI_04014,Cytoplasmic Membrane,0.0005,0.0186,0.0011,0.9771,0.0026,0.0001
OFOAEPEI_04015,Cytoplasmic Membrane,0.0015,0.0437,0.0089,0.9430,0.0028,0.0000
OFOAEPEI_04016,Cytoplasmic,0.0001,0.0008,0.6997,0.2886,0.0100,0.0007
OFOAEPEI_04017,Cytoplasmic,0.0000,0.0001,0.8206,0.1570,0.0222,0.0001
OFOAEPEI_04018,Cytoplasmic Membrane,0.0039,0.2170,0.1341,0.5769,0.0665,0.0016
OFOAEPEI_04019,Cytoplasmic,0.0001,0.0533,0.7716,0.1496,0.0242,0.0013
OFOAEPEI_04021,Cytoplasmic,0.0002,0.0017,0.8532,0.0833,0.0614,0.0003
OFOAEPEI_04022,Cytoplasmic,0.0000,0.0062,0.9787,0.0095,0.0044,0.0012
OFOAEPEI_04023,Cytoplasmic,0.0001,0.0008,0.9640,0.0019,0.0201,0.0131
OFOAEPEI_04024,Cytoplasmic,0.0004,0.0192,0.9323,0.0052,0.0414,0.0014
OFOAEPEI_04025,Cytoplasmic,0.0000,0.0004,0.9970,0.0017,0.0008,0.0001
OFOAEPEI_04026,Cytoplasmic,0.0004,0.0042,0.7446,0.0078,0.0647,0.1783
OFOAEPEI_04027,Cytoplasmic,0.0002,0.0020,0.9604,0.0066,0.0294,0.0014
OFOAEPEI_04028,Cytoplasmic Membrane,0.0000,0.0000,0.0000,0.9996,0.0004,0.0000
OFOAEPEI_04029,Cytoplasmic,0.0001,0.0021,0.9384,0.0083,0.0364,0.0147
OFOAEPEI_04030,Cytoplasmic,0.0001,0.0031,0.9320,0.0114,0.0371,0.0163
OFOAEPEI_04031,Cytoplasmic,0.0000,0.0001,0.9938,0.0015,0.0041,0.0005
OFOAEPEI_04032,Cytoplasmic,0.0001,0.0002,0.9827,0.0014,0.0151,0.0004
OFOAEPEI_04033,Cytoplasmic,0.0001,0.0002,0.9784,0.0010,0.0188,0.0015
OFOAEPEI_04034,Cytoplasmic,0.0001,0.0001,0.9758,0.0008,0.0226,0.0006
OFOAEPEI_04035,Cytoplasmic,0.0002,0.0006,0.9908,0.0013,0.0059,0.0012
OFOAEPEI_04036,Cytoplasmic,0.0003,0.0041,0.9260,0.0037,0.0593,0.0067
OFOAEPEI_04037,Extracellular,0.0046,0.7861,0.1785,0.0014,0.0273,0.0022
OFOAEPEI_04038,Cytoplasmic,0.0000,0.0009,0.9985,0.0003,0.0003,0.0001
OFOAEPEI_04039,Cytoplasmic,0.0002,0.0348,0.9351,0.0277,0.0018,0.0005
OFOAEPEI_04040,Cytoplasmic,0.0093,0.1652,0.7476,0.0662,0.0110,0.0007
OFOAEPEI_04041,Cytoplasmic Membrane,0.0000,0.0009,0.0001,0.9986,0.0004,0.0000
OFOAEPEI_04042,Cytoplasmic,0.0002,0.0099,0.9596,0.0060,0.0115,0.0128
OFOAEPEI_04043,Cytoplasmic,0.0001,0.0422,0.9526,0.0031,0.0009,0.0011
OFOAEPEI_04044,Cytoplasmic Membrane,0.0000,0.0018,0.0000,0.9977,0.0004,0.0000
OFOAEPEI_04045,Cytoplasmic,0.0001,0.0228,0.9749,0.0021,0.0000,0.0000
OFOAEPEI_04046,Cytoplasmic Membrane,0.0000,0.0024,0.0005,0.9956,0.0014,0.0000
OFOAEPEI_04047,Cytoplasmic,0.0000,0.0000,0.9796,0.0072,0.0092,0.0040
OFOAEPEI_04048,Cytoplasmic,0.0000,0.0054,0.9775,0.0055,0.0108,0.0007
OFOAEPEI_04049,Cytoplasmic,0.0002,0.0040,0.9125,0.0013,0.0806,0.0015
OFOAEPEI_04050,Cytoplasmic,0.0003,0.0037,0.9873,0.0013,0.0068,0.0006
OFOAEPEI_04051,Cytoplasmic,0.0005,0.0038,0.9770,0.0022,0.0138,0.0027
OFOAEPEI_04052,Cytoplasmic,0.0008,0.0385,0.8881,0.0035,0.0686,0.0007
OFOAEPEI_04053,Cytoplasmic,0.0002,0.0012,0.9945,0.0016,0.0020,0.0005
OFOAEPEI_04054,Cytoplasmic,0.0001,0.0039,0.9819,0.0010,0.0098,0.0032
OFOAEPEI_04055,Cytoplasmic,0.0002,0.0033,0.9827,0.0007,0.0115,0.0015
OFOAEPEI_04056,Cytoplasmic Membrane,0.0018,0.0172,0.0003,0.8091,0.1698,0.0018
OFOAEPEI_04057,Cytoplasmic Membrane,0.0000,0.0001,0.0014,0.9942,0.0042,0.0002
OFOAEPEI_04058,Cytoplasmic,0.0012,0.0063,0.9763,0.0055,0.0106,0.0001
OFOAEPEI_04059,Cytoplasmic Membrane,0.0000,0.0000,0.0000,0.9999,0.0001,0.0000
OFOAEPEI_04060,Cytoplasmic,0.0003,0.0004,0.4723,0.0618,0.2591,0.2061
OFOAEPEI_04061,Cytoplasmic,0.0002,0.1159,0.5633,0.3144,0.0059,0.0003
OFOAEPEI_04062,Cytoplasmic Membrane,0.0002,0.0087,0.0002,0.9580,0.0329,0.0000
OFOAEPEI_04063,Cytoplasmic Membrane,0.0004,0.2113,0.0001,0.7868,0.0014,0.0000
OFOAEPEI_04065,Cytoplasmic Membrane,0.0003,0.0006,0.0794,0.9122,0.0074,0.0002
OFOAEPEI_04066,Cytoplasmic Membrane,0.0000,0.0003,0.0000,0.9987,0.0009,0.0000
OFOAEPEI_04067,Cytoplasmic,0.0004,0.0340,0.9408,0.0148,0.0098,0.0002
OFOAEPEI_04068,Cytoplasmic Membrane,0.0000,0.0000,0.0000,1.0000,0.0000,0.0000
OFOAEPEI_04069,Extracellular,0.0000,0.6471,0.3192,0.0113,0.0221,0.0002
OFOAEPEI_04070,Cytoplasmic Membrane,0.0000,0.0319,0.0015,0.9639,0.0026,0.0000
OFOAEPEI_04074,Cytoplasmic,0.0000,0.0005,0.9846,0.0039,0.0091,0.0018
OFOAEPEI_04075,Cytoplasmic Membrane,0.0000,0.0013,0.0009,0.9966,0.0011,0.0000
OFOAEPEI_04076,Cytoplasmic,0.0009,0.0011,0.9556,0.0403,0.0021,0.0000
OFOAEPEI_04077,Cytoplasmic Membrane,0.0133,0.3345,0.0713,0.3632,0.2174,0.0004
OFOAEPEI_04078,Cytoplasmic Membrane,0.0000,0.0000,0.0000,0.9997,0.0002,0.0000
OFOAEPEI_04079,Cytoplasmic,0.0002,0.0010,0.9586,0.0001,0.0399,0.0002
OFOAEPEI_04080,Cytoplasmic,0.0002,0.0974,0.8622,0.0203,0.0198,0.0000
OFOAEPEI_04081,Cytoplasmic,0.0000,0.0000,0.9973,0.0004,0.0022,0.0000
OFOAEPEI_04082,Cytoplasmic,0.0000,0.0003,0.9970,0.0008,0.0007,0.0013
OFOAEPEI_04083,Cytoplasmic Membrane,0.0002,0.0063,0.0000,0.9878,0.0057,0.0000
OFOAEPEI_04084,Cytoplasmic,0.0002,0.0004,0.9910,0.0039,0.0044,0.0001
OFOAEPEI_04085,Cytoplasmic,0.0002,0.0001,0.9975,0.0001,0.0020,0.0001
OFOAEPEI_04086,Cytoplasmic Membrane,0.0108,0.1906,0.0040,0.7897,0.0049,0.0000
OFOAEPEI_04087,Cytoplasmic Membrane,0.0002,0.0245,0.0172,0.9530,0.0051,0.0000
OFOAEPEI_04088,Cytoplasmic,0.0079,0.0912,0.7663,0.0043,0.1270,0.0034
OFOAEPEI_04089,Cytoplasmic,0.0009,0.0009,0.9832,0.0149,0.0001,0.0000
OFOAEPEI_04090,Cytoplasmic,0.0006,0.0014,0.9907,0.0025,0.0040,0.0008
OFOAEPEI_04091,Cytoplasmic,0.0004,0.0078,0.9320,0.0005,0.0094,0.0500
OFOAEPEI_04092,Cytoplasmic,0.0003,0.0028,0.9833,0.0087,0.0025,0.0024
OFOAEPEI_04093,Cytoplasmic Membrane,0.0000,0.0001,0.0000,0.9989,0.0010,0.0000
OFOAEPEI_04094,Cytoplasmic,0.0005,0.0005,0.9688,0.0072,0.0222,0.0009
OFOAEPEI_04095,Cytoplasmic Membrane,0.0003,0.0005,0.4877,0.4887,0.0223,0.0005
OFOAEPEI_04096,Cytoplasmic,0.0001,0.0034,0.9776,0.0118,0.0065,0.0006
OFOAEPEI_04097,Cytoplasmic,0.0001,0.0007,0.9277,0.0009,0.0700,0.0006
OFOAEPEI_04098,Cytoplasmic,0.0001,0.0003,0.9960,0.0019,0.0017,0.0001
OFOAEPEI_04099,Extracellular,0.0015,0.4423,0.1182,0.4125,0.0173,0.0082
OFOAEPEI_04100,Cytoplasmic,0.0000,0.0003,0.9929,0.0063,0.0004,0.0000
OFOAEPEI_04101,Cytoplasmic Membrane,0.0013,0.3442,0.0304,0.5870,0.0367,0.0004
OFOAEPEI_04102,Cytoplasmic,0.0005,0.0007,0.9887,0.0076,0.0024,0.0001
OFOAEPEI_04103,Cytoplasmic,0.0000,0.0088,0.9906,0.0001,0.0003,0.0001
OFOAEPEI_04104,Outer Membrane,0.0000,0.0000,0.2278,0.0000,0.7722,0.0001
OFOAEPEI_04105,Cytoplasmic,0.0026,0.0020,0.9789,0.0160,0.0003,0.0002
OFOAEPEI_04106,Cytoplasmic,0.0002,0.0177,0.7645,0.0064,0.2088,0.0024
OFOAEPEI_04107,Cytoplasmic,0.0000,0.0000,0.9910,0.0014,0.0060,0.0015
OFOAEPEI_04108,Cytoplasmic,0.0005,0.0086,0.9771,0.0088,0.0050,0.0000
OFOAEPEI_04109,Cytoplasmic Membrane,0.0000,0.1229,0.0016,0.8737,0.0018,0.0000
OFOAEPEI_04110,Cytoplasmic,0.0034,0.0289,0.8602,0.1041,0.0034,0.0000
OFOAEPEI_04111,Extracellular,0.0028,0.5410,0.0002,0.4546,0.0014,0.0000
OFOAEPEI_04112,Cytoplasmic,0.0003,0.0046,0.9906,0.0006,0.0031,0.0007
OFOAEPEI_04113,Cytoplasmic Membrane,0.0001,0.1008,0.1527,0.4403,0.0026,0.3035
OFOAEPEI_04114,Cytoplasmic,0.0044,0.2585,0.6315,0.0222,0.0778,0.0056
OFOAEPEI_04115,Cytoplasmic,0.0002,0.0003,0.9673,0.0139,0.0180,0.0002
OFOAEPEI_04116,Cytoplasmic,0.0001,0.0006,0.9843,0.0071,0.0078,0.0002
OFOAEPEI_04117,Cytoplasmic Membrane,0.0002,0.0016,0.0010,0.9895,0.0076,0.0001
OFOAEPEI_04118,Cytoplasmic Membrane,0.0000,0.0000,0.0000,0.9999,0.0001,0.0000
OFOAEPEI_04119,Cytoplasmic Membrane,0.0000,0.0001,0.0001,0.9993,0.0005,0.0000
OFOAEPEI_04120,Cytoplasmic,0.0001,0.1407,0.8405,0.0076,0.0111,0.0000
OFOAEPEI_04121,Cytoplasmic Membrane,0.0000,0.0000,0.0000,0.9995,0.0004,0.0000
OFOAEPEI_04122,Cytoplasmic,0.0004,0.0006,0.9961,0.0025,0.0004,0.0000
OFOAEPEI_04123,Cytoplasmic,0.0000,0.0008,0.9779,0.0003,0.0207,0.0003
OFOAEPEI_04124,Cytoplasmic,0.0004,0.0004,0.8912,0.0302,0.0776,0.0003
OFOAEPEI_04125,Cytoplasmic,0.0000,0.0056,0.9924,0.0011,0.0008,0.0001
OFOAEPEI_04126,Cytoplasmic Membrane,0.0000,0.0018,0.0002,0.9969,0.0011,0.0000
OFOAEPEI_04127,Outer Membrane,0.0032,0.1708,0.0014,0.2329,0.5856,0.0062
OFOAEPEI_04128,Cytoplasmic,0.0001,0.2433,0.7327,0.0106,0.0130,0.0002
OFOAEPEI_04129,Cytoplasmic,0.0005,0.0061,0.9683,0.0208,0.0042,0.0000
OFOAEPEI_04130,Cytoplasmic Membrane,0.0000,0.0054,0.0071,0.9707,0.0168,0.0000
OFOAEPEI_04131,Cytoplasmic,0.0001,0.0027,0.9963,0.0009,0.0000,0.0000
OFOAEPEI_04132,Cytoplasmic,0.0008,0.0337,0.8327,0.1025,0.0156,0.0146
OFOAEPEI_04133,Cytoplasmic,0.0000,0.0000,0.9978,0.0013,0.0008,0.0000
OFOAEPEI_04134,Outer Membrane,0.0000,0.0000,0.3772,0.0000,0.6198,0.0030
OFOAEPEI_04135,Cytoplasmic,0.0000,0.0007,0.9932,0.0006,0.0054,0.0001
OFOAEPEI_04136,Cytoplasmic,0.0002,0.0000,0.9641,0.0022,0.0335,0.0000
OFOAEPEI_04137,Cytoplasmic,0.0000,0.0000,0.9998,0.0000,0.0002,0.0000
OFOAEPEI_04138,Cytoplasmic,0.0000,0.0001,0.9806,0.0034,0.0154,0.0005
OFOAEPEI_04139,Cytoplasmic,0.0000,0.0000,0.9934,0.0004,0.0062,0.0000
OFOAEPEI_04140,Cytoplasmic,0.0000,0.0000,0.9955,0.0002,0.0043,0.0000
OFOAEPEI_04141,Cytoplasmic,0.0003,0.0017,0.9811,0.0048,0.0116,0.0004
OFOAEPEI_04142,Cytoplasmic Membrane,0.0002,0.0520,0.0312,0.9125,0.0041,0.0000
OFOAEPEI_04143,Cytoplasmic Membrane,0.0002,0.0002,0.1190,0.8705,0.0099,0.0003
OFOAEPEI_04144,Cytoplasmic Membrane,0.0000,0.0007,0.0002,0.9988,0.0003,0.0000
OFOAEPEI_04145,Cytoplasmic Membrane,0.0001,0.0020,0.0004,0.9937,0.0038,0.0000
OFOAEPEI_04146,Cytoplasmic Membrane,0.0000,0.0001,0.0001,0.9972,0.0026,0.0000
OFOAEPEI_04147,Cytoplasmic,0.0004,0.0006,0.9914,0.0033,0.0040,0.0003
OFOAEPEI_04148,Cytoplasmic,0.0001,0.0780,0.9076,0.0062,0.0074,0.0008
OFOAEPEI_04149,Cytoplasmic,0.0000,0.0013,0.9933,0.0042,0.0010,0.0001
OFOAEPEI_04150,Cytoplasmic Membrane,0.0000,0.0086,0.0000,0.9855,0.0059,0.0000
OFOAEPEI_04151,Cytoplasmic Membrane,0.0004,0.0599,0.0019,0.9076,0.0290,0.0011
OFOAEPEI_04152,Cytoplasmic Membrane,0.0000,0.0001,0.0003,0.9970,0.0026,0.0000
OFOAEPEI_04153,Cytoplasmic Membrane,0.0000,0.0000,0.0001,0.9998,0.0001,0.0000
OFOAEPEI_04154,Cytoplasmic,0.0000,0.0035,0.9714,0.0223,0.0023,0.0004
OFOAEPEI_04155,Cytoplasmic,0.0002,0.0900,0.7670,0.1399,0.0025,0.0004
OFOAEPEI_04156,Cytoplasmic Membrane,0.0000,0.0001,0.0002,0.9983,0.0014,0.0000
OFOAEPEI_04157,Cytoplasmic,0.0004,0.0032,0.8968,0.0040,0.0949,0.0006
OFOAEPEI_04158,Cytoplasmic,0.0011,0.0016,0.9094,0.0095,0.0781,0.0004
OFOAEPEI_04159,Cytoplasmic,0.0127,0.0550,0.9101,0.0201,0.0018,0.0002
OFOAEPEI_04160,Cytoplasmic Membrane,0.0000,0.0007,0.0008,0.9918,0.0067,0.0000
OFOAEPEI_04161,Cytoplasmic,0.0037,0.0031,0.9583,0.0164,0.0176,0.0009
OFOAEPEI_04162,Cytoplasmic,0.0005,0.0329,0.9543,0.0054,0.0059,0.0010
OFOAEPEI_04163,Cytoplasmic,0.0001,0.0555,0.8849,0.0500,0.0021,0.0075
OFOAEPEI_04164,Cytoplasmic Membrane,0.0000,0.0008,0.4648,0.5137,0.0133,0.0074
OFOAEPEI_04165,Cytoplasmic,0.0002,0.0293,0.9683,0.0012,0.0007,0.0003
OFOAEPEI_04166,Cytoplasmic Membrane,0.0001,0.0689,0.0143,0.8837,0.0318,0.0011
OFOAEPEI_04167,Cytoplasmic,0.0002,0.0170,0.9716,0.0004,0.0107,0.0001
OFOAEPEI_04168,Extracellular,0.0009,0.9273,0.0629,0.0007,0.0022,0.0060
OFOAEPEI_04169,Extracellular,0.0309,0.7272,0.0019,0.2342,0.0004,0.0054
OFOAEPEI_04170,Cytoplasmic Membrane,0.0000,0.0003,0.0001,0.9951,0.0045,0.0000
OFOAEPEI_04171,Cytoplasmic,0.0006,0.0245,0.7823,0.0259,0.1617,0.0051
OFOAEPEI_04172,Cytoplasmic Membrane,0.0000,0.0019,0.0005,0.9895,0.0080,0.0000
OFOAEPEI_04173,Cytoplasmic Membrane,0.0000,0.0000,0.0000,0.9999,0.0001,0.0000
OFOAEPEI_04174,Extracellular,0.0000,0.9998,0.0000,0.0001,0.0001,0.0000
OFOAEPEI_04175,Cytoplasmic,0.0008,0.0008,0.8421,0.1560,0.0003,0.0000
OFOAEPEI_04176,Cytoplasmic,0.0001,0.0001,0.9680,0.0094,0.0221,0.0003
OFOAEPEI_04177,Extracellular,0.0857,0.6395,0.0067,0.2651,0.0028,0.0002
OFOAEPEI_04178,Cytoplasmic Membrane,0.0000,0.0000,0.0000,0.9995,0.0004,0.0000
OFOAEPEI_04179,Cytoplasmic Membrane,0.0000,0.0001,0.0001,0.9953,0.0044,0.0000
OFOAEPEI_04180,Cytoplasmic,0.0005,0.0021,0.9810,0.0093,0.0068,0.0003
OFOAEPEI_04181,Cytoplasmic,0.0016,0.0007,0.9810,0.0126,0.0040,0.0000
OFOAEPEI_04182,Cytoplasmic,0.0001,0.0004,0.9926,0.0012,0.0054,0.0005
OFOAEPEI_04183,Cytoplasmic,0.0004,0.0266,0.6836,0.2852,0.0039,0.0002
OFOAEPEI_04184,Cytoplasmic,0.0002,0.0005,0.9959,0.0020,0.0009,0.0005
OFOAEPEI_04185,Cytoplasmic,0.0001,0.0001,0.9973,0.0014,0.0011,0.0000
OFOAEPEI_04186,Cytoplasmic,0.0000,0.0001,0.7721,0.0012,0.2265,0.0001
OFOAEPEI_04187,Cytoplasmic Membrane,0.0002,0.0004,0.4697,0.5290,0.0006,0.0001
OFOAEPEI_04188,Cytoplasmic Membrane,0.0000,0.0014,0.0004,0.9975,0.0006,0.0000
OFOAEPEI_04189,Cytoplasmic,0.0009,0.0028,0.9589,0.0058,0.0316,0.0000
OFOAEPEI_04190,Cytoplasmic,0.0013,0.0057,0.9414,0.0044,0.0470,0.0002
OFOAEPEI_04191,Cytoplasmic,0.0007,0.0043,0.9748,0.0109,0.0091,0.0002
OFOAEPEI_04192,Cytoplasmic,0.0024,0.0014,0.9610,0.0004,0.0348,0.0000
OFOAEPEI_04193,Cytoplasmic,0.0001,0.2604,0.7315,0.0007,0.0070,0.0003
OFOAEPEI_04194,Cytoplasmic,0.0003,0.0097,0.9822,0.0024,0.0054,0.0000
OFOAEPEI_04195,Cytoplasmic Membrane,0.0007,0.1282,0.0006,0.7750,0.0955,0.0000
OFOAEPEI_04196,Cytoplasmic Membrane,0.0001,0.0326,0.0001,0.9534,0.0137,0.0000
OFOAEPEI_04197,Extracellular,0.0001,0.6672,0.3056,0.0141,0.0128,0.0003
OFOAEPEI_04198,Cytoplasmic,0.0000,0.0220,0.9517,0.0113,0.0148,0.0001
OFOAEPEI_04199,Cytoplasmic Membrane,0.0005,0.0410,0.0002,0.9460,0.0124,0.0000
OFOAEPEI_04200,Cytoplasmic,0.0013,0.1904,0.7806,0.0045,0.0229,0.0004
OFOAEPEI_04201,Cytoplasmic,0.0004,0.0391,0.9514,0.0052,0.0037,0.0001
OFOAEPEI_04202,Cytoplasmic,0.0012,0.0038,0.6484,0.0009,0.3455,0.0001
OFOAEPEI_04203,Cytoplasmic,0.0032,0.0651,0.7632,0.0053,0.1630,0.0002
OFOAEPEI_04204,Cytoplasmic,0.0006,0.0456,0.7155,0.0028,0.2353,0.0002
OFOAEPEI_04205,Cytoplasmic,0.0000,0.1226,0.4484,0.3698,0.0588,0.0002
OFOAEPEI_04206,Cytoplasmic,0.0005,0.0018,0.9234,0.0014,0.0726,0.0002
OFOAEPEI_04207,Cytoplasmic,0.0002,0.2706,0.6242,0.0331,0.0717,0.0002
OFOAEPEI_04208,Cytoplasmic,0.0003,0.0077,0.9746,0.0007,0.0165,0.0001
OFOAEPEI_04209,Cytoplasmic,0.0002,0.4013,0.4782,0.0816,0.0385,0.0002
OFOAEPEI_04210,Cytoplasmic Membrane,0.0002,0.0901,0.2983,0.5868,0.0212,0.0033
OFOAEPEI_04211,Cytoplasmic,0.0013,0.1716,0.7789,0.0350,0.0128,0.0003
OFOAEPEI_04212,Cytoplasmic,0.0012,0.0160,0.9677,0.0001,0.0149,0.0000
OFOAEPEI_04213,Cytoplasmic,0.0004,0.0301,0.6081,0.0447,0.3165,0.0003
OFOAEPEI_04214,Cytoplasmic,0.0001,0.0366,0.9422,0.0106,0.0103,0.0003
OFOAEPEI_04215,Cytoplasmic,0.0005,0.0066,0.9030,0.0754,0.0142,0.0003
OFOAEPEI_04216,Cytoplasmic,0.0009,0.1992,0.7006,0.0072,0.0921,0.0000
OFOAEPEI_04217,Cytoplasmic,0.0006,0.1284,0.8418,0.0244,0.0044,0.0004
OFOAEPEI_04218,Cytoplasmic,0.0001,0.0102,0.6009,0.0049,0.3832,0.0006
OFOAEPEI_04219,Cytoplasmic,0.0009,0.3809,0.6102,0.0028,0.0050,0.0002
OFOAEPEI_04220,Cytoplasmic,0.0045,0.3181,0.6358,0.0078,0.0190,0.0147
OFOAEPEI_04221,Cytoplasmic,0.0004,0.3039,0.6762,0.0014,0.0176,0.0005
OFOAEPEI_04222,Cytoplasmic,0.0004,0.4425,0.4697,0.0134,0.0727,0.0012
OFOAEPEI_04223,Cytoplasmic,0.0002,0.1346,0.8098,0.0352,0.0195,0.0008
OFOAEPEI_04224,Cytoplasmic,0.0034,0.1609,0.3488,0.2362,0.2507,0.0000
OFOAEPEI_04225,Extracellular,0.0035,0.9108,0.0000,0.0584,0.0273,0.0000
OFOAEPEI_04226,Extracellular,0.0007,0.4873,0.2386,0.1212,0.1511,0.0011
OFOAEPEI_04227,Cytoplasmic,0.0121,0.0476,0.5422,0.0054,0.3925,0.0003
OFOAEPEI_04228,Cytoplasmic,0.0006,0.1897,0.7743,0.0124,0.0230,0.0000
OFOAEPEI_04229,Extracellular,0.0310,0.9191,0.0002,0.0002,0.0490,0.0005
OFOAEPEI_04230,Cytoplasmic Membrane,0.0000,0.0009,0.0007,0.9938,0.0045,0.0001
OFOAEPEI_04231,Cytoplasmic Membrane,0.0002,0.0732,0.0074,0.8524,0.0668,0.0000
OFOAEPEI_04232,Extracellular,0.0008,0.9902,0.0009,0.0023,0.0024,0.0034
OFOAEPEI_04233,Cytoplasmic Membrane,0.0007,0.1638,0.0130,0.4132,0.4088,0.0005
OFOAEPEI_04234,Cytoplasmic Membrane,0.0001,0.0773,0.0176,0.8069,0.0979,0.0001
OFOAEPEI_04235,Extracellular,0.0048,0.7058,0.2688,0.0025,0.0179,0.0001
OFOAEPEI_04236,Cytoplasmic,0.0001,0.0081,0.9020,0.0798,0.0056,0.0044
OFOAEPEI_04237,Extracellular,0.0001,0.8593,0.1139,0.0137,0.0125,0.0004
OFOAEPEI_04238,Cytoplasmic,0.0007,0.0838,0.7945,0.1089,0.0118,0.0003
OFOAEPEI_04239,Cytoplasmic,0.0001,0.0123,0.9558,0.0291,0.0027,0.0001
OFOAEPEI_04240,Cytoplasmic Membrane,0.0001,0.0010,0.0016,0.9929,0.0044,0.0000
OFOAEPEI_04241,Cytoplasmic,0.0004,0.0039,0.8891,0.0572,0.0491,0.0001
OFOAEPEI_04242,Cytoplasmic,0.0001,0.0004,0.9793,0.0038,0.0163,0.0001
OFOAEPEI_04243,Cytoplasmic Membrane,0.0026,0.0074,0.0076,0.9182,0.0637,0.0004
OFOAEPEI_04244,Cytoplasmic,0.0065,0.0736,0.7448,0.0048,0.1668,0.0034
OFOAEPEI_04246,Cytoplasmic,0.0001,0.0244,0.9546,0.0033,0.0175,0.0001
OFOAEPEI_04247,Cytoplasmic,0.0060,0.0257,0.9566,0.0088,0.0013,0.0015
OFOAEPEI_04248,Cytoplasmic,0.0156,0.0142,0.9220,0.0009,0.0472,0.0000
OFOAEPEI_04250,Extracellular,0.0000,0.5781,0.3887,0.0026,0.0245,0.0061
OFOAEPEI_04251,Extracellular,0.0001,0.5316,0.4637,0.0022,0.0023,0.0000
OFOAEPEI_04252,Extracellular,0.0004,0.9967,0.0008,0.0002,0.0016,0.0004
OFOAEPEI_04253,Cytoplasmic Membrane,0.0003,0.2388,0.0112,0.7149,0.0348,0.0000
OFOAEPEI_04254,Cytoplasmic Membrane,0.0011,0.0482,0.0020,0.8440,0.1044,0.0003
OFOAEPEI_04255,Extracellular,0.0004,0.7082,0.0154,0.2054,0.0528,0.0178
OFOAEPEI_04256,Extracellular,0.0002,0.8973,0.0025,0.0540,0.0422,0.0038
OFOAEPEI_04257,Cytoplasmic Membrane,0.0001,0.3349,0.0442,0.5201,0.0996,0.0011
OFOAEPEI_04258,Extracellular,0.0024,0.6459,0.2279,0.0949,0.0277,0.0012
OFOAEPEI_04259,Cytoplasmic,0.0107,0.0661,0.8586,0.0075,0.0567,0.0004
OFOAEPEI_04260,Cytoplasmic,0.0086,0.0890,0.8509,0.0084,0.0427,0.0003
OFOAEPEI_04261,Extracellular,0.0023,0.9744,0.0010,0.0002,0.0219,0.0002
OFOAEPEI_04262,Extracellular,0.0249,0.8696,0.0079,0.0015,0.0950,0.0011
OFOAEPEI_04263,Extracellular,0.0003,0.8678,0.0463,0.0283,0.0573,0.0000
OFOAEPEI_04264,Extracellular,0.0234,0.9359,0.0000,0.0048,0.0357,0.0001
OFOAEPEI_04265,Cytoplasmic,0.0008,0.3051,0.6308,0.0510,0.0122,0.0001
OFOAEPEI_04266,Outer Membrane,0.0005,0.0224,0.1973,0.0021,0.7774,0.0003
OFOAEPEI_04267,Cytoplasmic,0.0005,0.1670,0.4503,0.3406,0.0412,0.0005
OFOAEPEI_04268,Extracellular,0.0002,0.9647,0.0307,0.0036,0.0008,0.0000
OFOAEPEI_04269,Cytoplasmic,0.0022,0.1251,0.7549,0.0370,0.0800,0.0009
OFOAEPEI_04270,Cytoplasmic,0.0001,0.2898,0.6302,0.0639,0.0158,0.0001
OFOAEPEI_04271,Cytoplasmic,0.0012,0.1549,0.6179,0.1150,0.1094,0.0016
OFOAEPEI_04272,Cytoplasmic,0.0004,0.0019,0.8845,0.0013,0.1114,0.0005
OFOAEPEI_04273,Cytoplasmic,0.0006,0.1854,0.5816,0.0021,0.2300,0.0003
OFOAEPEI_04274,Outer Membrane,0.0035,0.1481,0.3362,0.0030,0.5028,0.0064
OFOAEPEI_04275,Cytoplasmic,0.0023,0.0105,0.8766,0.0003,0.1100,0.0003
OFOAEPEI_04276,Cytoplasmic,0.0008,0.1095,0.6844,0.0679,0.1368,0.0006
OFOAEPEI_04277,Cytoplasmic,0.0008,0.0274,0.5133,0.3214,0.1367,0.0005
OFOAEPEI_04278,Cytoplasmic,0.0002,0.0047,0.9611,0.0083,0.0256,0.0001
OFOAEPEI_04279,Cytoplasmic,0.0007,0.0920,0.8226,0.0223,0.0622,0.0002
OFOAEPEI_04280,Extracellular,0.0002,0.3786,0.2985,0.3037,0.0185,0.0005
OFOAEPEI_04281,Cytoplasmic,0.0009,0.0288,0.6738,0.2774,0.0190,0.0000
OFOAEPEI_04282,Cytoplasmic,0.0006,0.0134,0.8243,0.0030,0.1587,0.0001
OFOAEPEI_04283,Extracellular,0.0086,0.5308,0.0003,0.4449,0.0153,0.0001
OFOAEPEI_04284,Cytoplasmic,0.0005,0.0203,0.8183,0.0029,0.1577,0.0004
OFOAEPEI_04285,Cytoplasmic,0.0002,0.0024,0.7631,0.0011,0.2329,0.0003
OFOAEPEI_04286,Cytoplasmic,0.0019,0.1298,0.6872,0.1394,0.0333,0.0084
OFOAEPEI_04287,Cytoplasmic,0.0007,0.4523,0.5280,0.0043,0.0133,0.0014
OFOAEPEI_04288,Cytoplasmic,0.0001,0.1284,0.8108,0.0554,0.0049,0.0004
OFOAEPEI_04289,Cytoplasmic Membrane,0.0006,0.2537,0.0028,0.7072,0.0356,0.0001
OFOAEPEI_04290,Cytoplasmic,0.0002,0.3494,0.5392,0.0942,0.0132,0.0038
OFOAEPEI_04291,Extracellular,0.0004,0.6097,0.3304,0.0457,0.0128,0.0010
OFOAEPEI_04292,Cytoplasmic,0.0005,0.1896,0.7442,0.0048,0.0217,0.0393
OFOAEPEI_04293,Cytoplasmic,0.0004,0.0940,0.8980,0.0004,0.0073,0.0000
OFOAEPEI_04294,Extracellular,0.0004,0.8399,0.1541,0.0002,0.0052,0.0002
OFOAEPEI_04295,Cytoplasmic,0.0001,0.1058,0.8838,0.0020,0.0077,0.0006
OFOAEPEI_04296,Cytoplasmic,0.0004,0.3344,0.6446,0.0112,0.0093,0.0001
OFOAEPEI_04297,Cytoplasmic,0.0023,0.2371,0.6788,0.0031,0.0775,0.0012
OFOAEPEI_04298,Extracellular,0.0001,0.5275,0.4621,0.0070,0.0031,0.0002
OFOAEPEI_04299,Cytoplasmic,0.0016,0.0418,0.8979,0.0107,0.0471,0.0009
OFOAEPEI_04300,Cytoplasmic,0.0003,0.0245,0.9576,0.0081,0.0092,0.0001
OFOAEPEI_04301,Cytoplasmic,0.0127,0.0190,0.9277,0.0003,0.0403,0.0000
OFOAEPEI_04302,Cytoplasmic,0.0014,0.3356,0.6393,0.0116,0.0116,0.0005
OFOAEPEI_04303,Cytoplasmic,0.0004,0.4655,0.5117,0.0160,0.0058,0.0006
OFOAEPEI_04304,Cytoplasmic,0.0005,0.1732,0.7915,0.0243,0.0103,0.0001
OFOAEPEI_04305,Extracellular,0.0102,0.4767,0.4453,0.0008,0.0670,0.0001
OFOAEPEI_04306,Extracellular,0.0003,0.5210,0.4114,0.0038,0.0626,0.0010
OFOAEPEI_04307,Extracellular,0.0003,0.5483,0.4017,0.0387,0.0109,0.0000
OFOAEPEI_04308,Cytoplasmic,0.0005,0.3814,0.5593,0.0536,0.0050,0.0002
OFOAEPEI_04309,Cytoplasmic,0.0027,0.1264,0.8558,0.0007,0.0144,0.0001
OFOAEPEI_04310,Cytoplasmic,0.0001,0.3504,0.6470,0.0008,0.0015,0.0001
OFOAEPEI_04311,Cytoplasmic,0.0011,0.3408,0.6482,0.0026,0.0073,0.0001
OFOAEPEI_04312,Cytoplasmic,0.0013,0.1527,0.8228,0.0049,0.0180,0.0003
OFOAEPEI_04313,Cytoplasmic,0.0013,0.1491,0.8165,0.0020,0.0302,0.0008
OFOAEPEI_04314,Cytoplasmic,0.0007,0.3390,0.6525,0.0001,0.0077,0.0001
OFOAEPEI_04315,Cytoplasmic,0.0002,0.0125,0.9651,0.0058,0.0164,0.0000
OFOAEPEI_04316,Cytoplasmic,0.0008,0.2041,0.7146,0.0653,0.0152,0.0000
OFOAEPEI_04317,Cytoplasmic,0.0019,0.1089,0.5895,0.0072,0.2923,0.0002
OFOAEPEI_04318,Cytoplasmic,0.0003,0.2563,0.7261,0.0008,0.0163,0.0002
OFOAEPEI_04319,Outer Membrane,0.0032,0.0171,0.4674,0.0016,0.5080,0.0027
OFOAEPEI_04320,Cytoplasmic,0.0000,0.0002,0.9690,0.0018,0.0289,0.0000
OFOAEPEI_04321,Cytoplasmic,0.0004,0.0723,0.9122,0.0023,0.0126,0.0002
OFOAEPEI_04322,Cytoplasmic,0.0011,0.0311,0.8358,0.1097,0.0221,0.0003
OFOAEPEI_04323,Cytoplasmic,0.0003,0.4193,0.5201,0.0216,0.0385,0.0001
OFOAEPEI_04324,Extracellular,0.0081,0.6845,0.0001,0.3034,0.0040,0.0000
OFOAEPEI_04325,Cytoplasmic,0.0005,0.0693,0.8402,0.0067,0.0829,0.0004
OFOAEPEI_04326,Extracellular,0.0000,0.6410,0.2936,0.0027,0.0626,0.0001
OFOAEPEI_04327,Cytoplasmic,0.0003,0.0081,0.7669,0.0743,0.1498,0.0005
OFOAEPEI_04328,Cytoplasmic,0.0014,0.0571,0.8711,0.0187,0.0516,0.0001
OFOAEPEI_04329,Cytoplasmic,0.0009,0.1314,0.8277,0.0123,0.0268,0.0009
OFOAEPEI_04330,Cytoplasmic,0.0003,0.0162,0.9312,0.0419,0.0102,0.0002
OFOAEPEI_04331,Cytoplasmic,0.0007,0.0145,0.9086,0.0004,0.0759,0.0001
OFOAEPEI_04332,Cytoplasmic,0.0019,0.0012,0.9693,0.0001,0.0276,0.0000
OFOAEPEI_04333,Cytoplasmic,0.0017,0.3237,0.5689,0.0039,0.1016,0.0002
OFOAEPEI_04334,Cytoplasmic Membrane,0.0000,0.0048,0.0000,0.9928,0.0023,0.0000
OFOAEPEI_04335,Cytoplasmic Membrane,0.0002,0.1132,0.0010,0.8643,0.0212,0.0001
OFOAEPEI_04336,Cytoplasmic,0.0007,0.1297,0.8218,0.0078,0.0398,0.0002
OFOAEPEI_04337,Cytoplasmic,0.0032,0.0373,0.7884,0.1418,0.0278,0.0015
OFOAEPEI_04338,Cytoplasmic,0.0003,0.0148,0.6687,0.0029,0.3126,0.0006
OFOAEPEI_04339,Cytoplasmic Membrane,0.0000,0.0001,0.0000,0.9997,0.0002,0.0000
OFOAEPEI_04340,Extracellular,0.0121,0.6573,0.0001,0.3091,0.0212,0.0002
OFOAEPEI_04341,Cytoplasmic,0.0001,0.0093,0.9847,0.0003,0.0055,0.0001
OFOAEPEI_04342,Extracellular,0.0001,0.8656,0.1321,0.0007,0.0015,0.0000
OFOAEPEI_04343,Extracellular,0.0000,0.4829,0.3833,0.0097,0.1241,0.0000
OFOAEPEI_04344,Cytoplasmic,0.0001,0.0249,0.9189,0.0050,0.0509,0.0002
OFOAEPEI_04345,Cytoplasmic,0.0003,0.2515,0.7301,0.0110,0.0070,0.0002
OFOAEPEI_04346,Cytoplasmic,0.0001,0.2317,0.7180,0.0488,0.0013,0.0000
OFOAEPEI_04347,Cytoplasmic,0.0006,0.0085,0.9718,0.0019,0.0170,0.0002
OFOAEPEI_04348,Cytoplasmic,0.0011,0.4291,0.5404,0.0132,0.0117,0.0045
OFOAEPEI_04349,Cytoplasmic,0.0011,0.0792,0.7455,0.0067,0.1670,0.0004
OFOAEPEI_04350,Cytoplasmic,0.0003,0.2943,0.6866,0.0105,0.0080,0.0002
OFOAEPEI_04351,Cytoplasmic,0.0016,0.0423,0.8945,0.0114,0.0496,0.0005
OFOAEPEI_04352,Cytoplasmic,0.0001,0.0618,0.9177,0.0122,0.0079,0.0003
OFOAEPEI_04353,Cytoplasmic,0.0023,0.1137,0.8676,0.0004,0.0159,0.0001
OFOAEPEI_04354,Extracellular,0.0005,0.5341,0.4564,0.0012,0.0077,0.0001
OFOAEPEI_04355,Cytoplasmic Membrane,0.0000,0.0012,0.0001,0.9970,0.0012,0.0004
OFOAEPEI_04356,Cytoplasmic,0.0020,0.1139,0.7637,0.0753,0.0451,0.0001
OFOAEPEI_04357,Cytoplasmic,0.0004,0.0033,0.8341,0.0043,0.1579,0.0001
OFOAEPEI_04358,Cytoplasmic,0.0020,0.0049,0.8344,0.0070,0.1516,0.0000
OFOAEPEI_04359,Extracellular,0.0007,0.7127,0.0004,0.1128,0.1734,0.0000
OFOAEPEI_04360,Cytoplasmic,0.0010,0.0046,0.9455,0.0144,0.0343,0.0002
OFOAEPEI_04361,Cytoplasmic,0.0033,0.0954,0.7137,0.0103,0.1749,0.0024
OFOAEPEI_04362,Cytoplasmic,0.0003,0.0007,0.9588,0.0000,0.0402,0.0000
OFOAEPEI_04363,Cytoplasmic,0.0002,0.0173,0.9730,0.0020,0.0074,0.0001
OFOAEPEI_04364,Cytoplasmic Membrane,0.0007,0.1282,0.0006,0.7750,0.0955,0.0000
OFOAEPEI_04365,Cytoplasmic Membrane,0.0001,0.0338,0.0002,0.9520,0.0140,0.0000
OFOAEPEI_04366,Extracellular,0.0001,0.6672,0.3056,0.0141,0.0128,0.0003
OFOAEPEI_04367,Cytoplasmic,0.0000,0.0220,0.9517,0.0113,0.0148,0.0001
OFOAEPEI_04368,Cytoplasmic Membrane,0.0006,0.0464,0.0002,0.9130,0.0398,0.0000
OFOAEPEI_04369,Cytoplasmic,0.0022,0.0932,0.8704,0.0090,0.0244,0.0008
OFOAEPEI_04370,Cytoplasmic,0.0001,0.1630,0.8333,0.0014,0.0022,0.0000
OFOAEPEI_04371,Cytoplasmic,0.0010,0.0028,0.5848,0.0007,0.4106,0.0001
OFOAEPEI_04372,Cytoplasmic,0.0033,0.0700,0.7922,0.0047,0.1296,0.0002
OFOAEPEI_04373,Cytoplasmic,0.0005,0.0335,0.7442,0.0028,0.2189,0.0001
OFOAEPEI_04374,Cytoplasmic,0.0002,0.0579,0.9214,0.0103,0.0093,0.0010
OFOAEPEI_04375,Cytoplasmic,0.0005,0.0018,0.9234,0.0014,0.0726,0.0002
OFOAEPEI_04376,Cytoplasmic,0.0002,0.2706,0.6242,0.0331,0.0717,0.0002
OFOAEPEI_04377,Cytoplasmic,0.0003,0.0070,0.9716,0.0007,0.0202,0.0001
OFOAEPEI_04378,Cytoplasmic,0.0005,0.0728,0.4705,0.4530,0.0032,0.0001
OFOAEPEI_04379,Cytoplasmic,0.0010,0.2814,0.6680,0.0329,0.0126,0.0041
OFOAEPEI_04380,Cytoplasmic,0.0011,0.0050,0.9803,0.0001,0.0135,0.0000
OFOAEPEI_04381,Cytoplasmic,0.0004,0.0331,0.5893,0.0557,0.3212,0.0003
OFOAEPEI_04382,Cytoplasmic,0.0001,0.0366,0.9422,0.0106,0.0103,0.0003
OFOAEPEI_04383,Cytoplasmic,0.0003,0.0046,0.8673,0.1177,0.0096,0.0004
OFOAEPEI_04384,Cytoplasmic,0.0017,0.2149,0.6553,0.0971,0.0264,0.0046
OFOAEPEI_04385,Cytoplasmic,0.0002,0.1118,0.8263,0.0435,0.0178,0.0004
OFOAEPEI_04386,Cytoplasmic,0.0009,0.1285,0.8159,0.0179,0.0314,0.0055
OFOAEPEI_04387,Cytoplasmic,0.0106,0.1698,0.6539,0.1365,0.0288,0.0004
OFOAEPEI_04388,Extracellular,0.0002,0.7624,0.2210,0.0095,0.0067,0.0002
OFOAEPEI_04389,Cytoplasmic,0.0005,0.0135,0.7695,0.0041,0.2115,0.0009
OFOAEPEI_04390,Extracellular,0.0002,0.5131,0.4597,0.0057,0.0212,0.0002
OFOAEPEI_04391,Cytoplasmic,0.0003,0.0772,0.9136,0.0022,0.0067,0.0000
OFOAEPEI_04392,Extracellular,0.0002,0.4616,0.2786,0.2317,0.0274,0.0006
OFOAEPEI_04393,Cytoplasmic,0.0038,0.4422,0.5459,0.0028,0.0052,0.0002
OFOAEPEI_04394,Cytoplasmic,0.0002,0.1286,0.8562,0.0053,0.0096,0.0001
OFOAEPEI_04395,Cytoplasmic,0.0016,0.3058,0.6665,0.0233,0.0026,0.0001
OFOAEPEI_04396,Extracellular,0.0001,0.4553,0.4357,0.0199,0.0880,0.0010
OFOAEPEI_04397,Cytoplasmic,0.0003,0.1256,0.8642,0.0032,0.0059,0.0007
OFOAEPEI_04398,Cytoplasmic,0.0012,0.0657,0.8359,0.0836,0.0134,0.0002
OFOAEPEI_04399,Cytoplasmic,0.0030,0.2181,0.7386,0.0033,0.0354,0.0016
OFOAEPEI_04400,Cytoplasmic,0.0060,0.0663,0.8530,0.0202,0.0521,0.0024
OFOAEPEI_04401,Extracellular,0.0018,0.4772,0.4556,0.0011,0.0639,0.0003
OFOAEPEI_04402,Cytoplasmic Membrane,0.0058,0.0457,0.0027,0.8200,0.1244,0.0013
OFOAEPEI_04403,Cytoplasmic,0.0001,0.4127,0.5796,0.0013,0.0057,0.0006
OFOAEPEI_04404,Cytoplasmic,0.0004,0.0205,0.9056,0.0115,0.0614,0.0005
OFOAEPEI_04405,Cytoplasmic Membrane,0.0025,0.1349,0.0208,0.7061,0.1348,0.0008
OFOAEPEI_04409,Cytoplasmic,0.0017,0.2637,0.7208,0.0090,0.0047,0.0001
OFOAEPEI_04410,Cytoplasmic,0.0002,0.0190,0.9055,0.0368,0.0384,0.0002
OFOAEPEI_04411,Cytoplasmic,0.0004,0.0398,0.7959,0.0902,0.0730,0.0007
OFOAEPEI_04412,Cytoplasmic,0.0083,0.0020,0.8660,0.0008,0.1229,0.0000
OFOAEPEI_04413,Extracellular,0.0044,0.3408,0.3102,0.0041,0.3398,0.0007
OFOAEPEI_04414,Outer Membrane,0.0005,0.0985,0.2758,0.0037,0.6197,0.0018
OFOAEPEI_04415,Cytoplasmic,0.0070,0.0433,0.8546,0.0019,0.0931,0.0001
OFOAEPEI_04416,Cytoplasmic,0.0001,0.0831,0.6716,0.2163,0.0282,0.0007
OFOAEPEI_04417,Cytoplasmic,0.0007,0.0781,0.7997,0.0225,0.0971,0.0018
OFOAEPEI_04418,Cytoplasmic,0.0021,0.0083,0.9450,0.0028,0.0415,0.0002
OFOAEPEI_04419,Extracellular,0.0010,0.7893,0.1765,0.0148,0.0176,0.0008
OFOAEPEI_04420,Cytoplasmic,0.0001,0.0667,0.7441,0.0590,0.1299,0.0001
OFOAEPEI_04421,Outer Membrane,0.0208,0.2671,0.1999,0.0551,0.4560,0.0011
OFOAEPEI_04422,Cytoplasmic,0.0001,0.0058,0.9480,0.0270,0.0188,0.0003
OFOAEPEI_04423,Cytoplasmic,0.0002,0.1306,0.8147,0.0372,0.0165,0.0008
OFOAEPEI_04424,Cytoplasmic,0.0030,0.0845,0.4067,0.1731,0.3326,0.0002
OFOAEPEI_04425,Extracellular,0.0031,0.9060,0.0000,0.0636,0.0272,0.0000
OFOAEPEI_04426,Extracellular,0.0007,0.4873,0.2386,0.1212,0.1511,0.0011
OFOAEPEI_04427,Cytoplasmic,0.0121,0.0476,0.5422,0.0054,0.3925,0.0003
OFOAEPEI_04428,Cytoplasmic,0.0006,0.1897,0.7743,0.0124,0.0230,0.0000
OFOAEPEI_04429,Extracellular,0.0310,0.9191,0.0002,0.0002,0.0490,0.0005
OFOAEPEI_04430,Cytoplasmic Membrane,0.0000,0.0009,0.0007,0.9938,0.0045,0.0001
OFOAEPEI_04431,Cytoplasmic Membrane,0.0002,0.0732,0.0074,0.8524,0.0668,0.0000
OFOAEPEI_04432,Extracellular,0.0008,0.9902,0.0009,0.0023,0.0024,0.0034
OFOAEPEI_04433,Cytoplasmic Membrane,0.0007,0.1638,0.0130,0.4132,0.4088,0.0005
OFOAEPEI_04434,Cytoplasmic Membrane,0.0001,0.0773,0.0176,0.8069,0.0979,0.0001
OFOAEPEI_04435,Cytoplasmic,0.0000,0.0021,0.9223,0.0458,0.0073,0.0225
