Protein_name,Localization,Cell_wall_surface,Extracellular,Cytoplasmic,Cytoplasmic_Membrane,Outer_Membrane,Periplasmic
BELIKPJO_00001,Cytoplasmic Membrane,0.0001,0.0000,0.0003,0.9988,0.0009,0.0000
BELIKPJO_00002,Cytoplasmic,0.0005,0.0011,0.9946,0.0022,0.0016,0.0000
BELIKPJO_00003,Cytoplasmic Membrane,0.0000,0.0004,0.0004,0.9987,0.0005,0.0000
BELIKPJO_00004,Cytoplasmic,0.0019,0.0003,0.9636,0.0331,0.0010,0.0001
BELIKPJO_00005,Cytoplasmic,0.0000,0.0049,0.9474,0.0004,0.0070,0.0402
BELIKPJO_00006,Cytoplasmic,0.0009,0.0002,0.9738,0.0026,0.0222,0.0002
BELIKPJO_00007,Cytoplasmic,0.0001,0.0062,0.8497,0.1260,0.0169,0.0012
BELIKPJO_00008,Cytoplasmic,0.0005,0.0003,0.7111,0.2863,0.0017,0.0001
BELIKPJO_00009,Cytoplasmic Membrane,0.0000,0.0028,0.0000,0.9970,0.0002,0.0000
BELIKPJO_00010,Cytoplasmic,0.0001,0.0013,0.9845,0.0124,0.0016,0.0001
BELIKPJO_00011,Cytoplasmic,0.0000,0.0008,0.9498,0.0116,0.0271,0.0106
BELIKPJO_00012,Cytoplasmic Membrane,0.0001,0.0052,0.0007,0.9927,0.0014,0.0000
BELIKPJO_00013,Cytoplasmic,0.0014,0.0013,0.9854,0.0101,0.0017,0.0001
BELIKPJO_00014,Cytoplasmic,0.0004,0.0008,0.9319,0.0656,0.0013,0.0000
BELIKPJO_00015,Cytoplasmic,0.0009,0.0063,0.8765,0.0137,0.1004,0.0022
BELIKPJO_00016,Cytoplasmic,0.0003,0.0010,0.9759,0.0037,0.0163,0.0027
BELIKPJO_00017,Cytoplasmic,0.0019,0.2761,0.7199,0.0017,0.0003,0.0000
BELIKPJO_00018,Cytoplasmic,0.0000,0.0025,0.9955,0.0003,0.0005,0.0012
BELIKPJO_00019,Cytoplasmic,0.0023,0.0031,0.9500,0.0417,0.0028,0.0001
BELIKPJO_00020,Cytoplasmic Membrane,0.0000,0.0002,0.0001,0.9989,0.0008,0.0000
BELIKPJO_00021,Cytoplasmic Membrane,0.0000,0.0034,0.0002,0.9932,0.0030,0.0001
BELIKPJO_00022,Cytoplasmic,0.0071,0.0003,0.9722,0.0203,0.0001,0.0000
BELIKPJO_00023,Cytoplasmic,0.0078,0.0117,0.7111,0.2665,0.0027,0.0003
BELIKPJO_00024,Cytoplasmic,0.0004,0.0009,0.9709,0.0159,0.0117,0.0002
BELIKPJO_00025,Cytoplasmic,0.0011,0.0020,0.4562,0.4291,0.1082,0.0034
BELIKPJO_00026,Cytoplasmic Membrane,0.0006,0.0011,0.3527,0.4951,0.1475,0.0029
BELIKPJO_00027,Cytoplasmic,0.0032,0.0036,0.8070,0.1658,0.0195,0.0008
BELIKPJO_00028,Cytoplasmic,0.0019,0.2803,0.6094,0.0298,0.0755,0.0030
BELIKPJO_00029,Cytoplasmic,0.0034,0.0049,0.7461,0.2450,0.0006,0.0001
BELIKPJO_00030,Cytoplasmic Membrane,0.0071,0.1939,0.0000,0.7983,0.0006,0.0000
BELIKPJO_00031,Cytoplasmic Membrane,0.0118,0.3410,0.0008,0.6419,0.0045,0.0000
BELIKPJO_00032,Cytoplasmic,0.0427,0.1698,0.6540,0.1235,0.0097,0.0003
BELIKPJO_00033,Cytoplasmic,0.0001,0.0012,0.9935,0.0006,0.0017,0.0029
BELIKPJO_00034,Cytoplasmic Membrane,0.0001,0.0134,0.0143,0.9602,0.0119,0.0000
BELIKPJO_00035,Cytoplasmic Membrane,0.0000,0.0100,0.0009,0.9851,0.0039,0.0000
BELIKPJO_00036,Cytoplasmic,0.0015,0.2148,0.5039,0.2670,0.0123,0.0006
BELIKPJO_00037,Cytoplasmic,0.0002,0.0070,0.9900,0.0020,0.0005,0.0004
BELIKPJO_00038,Cytoplasmic,0.0000,0.0003,0.9829,0.0100,0.0049,0.0019
BELIKPJO_00039,Cytoplasmic,0.0001,0.0003,0.9975,0.0006,0.0013,0.0002
BELIKPJO_00040,Cytoplasmic,0.0008,0.0388,0.9034,0.0401,0.0114,0.0055
BELIKPJO_00041,Cytoplasmic Membrane,0.3494,0.0488,0.0011,0.5582,0.0393,0.0033
BELIKPJO_00042,Cytoplasmic,0.0023,0.0044,0.9328,0.0560,0.0043,0.0001
BELIKPJO_00043,Cytoplasmic Membrane,0.0000,0.0003,0.0000,0.9993,0.0004,0.0000
BELIKPJO_00044,Cytoplasmic,0.0013,0.0031,0.8877,0.1068,0.0010,0.0000
BELIKPJO_00045,Cytoplasmic,0.0002,0.0008,0.9982,0.0007,0.0001,0.0000
BELIKPJO_00046,Cytoplasmic,0.0001,0.0005,0.9889,0.0004,0.0095,0.0007
BELIKPJO_00047,Cytoplasmic,0.0001,0.0001,0.9703,0.0112,0.0182,0.0001
BELIKPJO_00048,Cytoplasmic Membrane,0.0000,0.0002,0.0001,0.9980,0.0016,0.0000
BELIKPJO_00049,Cytoplasmic,0.0000,0.0004,0.9729,0.0045,0.0215,0.0006
BELIKPJO_00050,Cytoplasmic Membrane,0.0049,0.1487,0.0038,0.8368,0.0058,0.0000
BELIKPJO_00051,Cytoplasmic Membrane,0.0000,0.0001,0.0000,0.9987,0.0013,0.0000
BELIKPJO_00052,Cytoplasmic,0.0032,0.0006,0.9881,0.0063,0.0016,0.0002
BELIKPJO_00053,Cytoplasmic,0.0001,0.0001,0.9897,0.0033,0.0068,0.0001
BELIKPJO_00054,Cytoplasmic Membrane,0.2190,0.0624,0.0007,0.7122,0.0057,0.0000
BELIKPJO_00055,Cytoplasmic,0.0002,0.0000,0.9956,0.0038,0.0004,0.0000
BELIKPJO_00056,Cytoplasmic,0.0019,0.0026,0.8564,0.0016,0.1372,0.0003
BELIKPJO_00057,Cytoplasmic,0.0001,0.0020,0.9224,0.0014,0.0684,0.0058
BELIKPJO_00058,Cytoplasmic,0.0000,0.0000,0.9945,0.0009,0.0035,0.0011
BELIKPJO_00059,Cytoplasmic Membrane,0.0000,0.0006,0.0003,0.9967,0.0023,0.0000
BELIKPJO_00060,Cytoplasmic Membrane,0.0000,0.0000,0.0000,0.9993,0.0006,0.0000
BELIKPJO_00061,Cytoplasmic,0.0005,0.0109,0.9008,0.0750,0.0128,0.0001
BELIKPJO_00062,Cytoplasmic Membrane,0.0051,0.1893,0.0005,0.7976,0.0075,0.0001
BELIKPJO_00063,Cytoplasmic Membrane,0.0038,0.0144,0.0021,0.5144,0.4541,0.0112
BELIKPJO_00064,Cytoplasmic,0.0000,0.0005,0.9946,0.0005,0.0033,0.0011
BELIKPJO_00065,Cytoplasmic Membrane,0.0002,0.0277,0.0005,0.9672,0.0044,0.0000
BELIKPJO_00066,Cytoplasmic,0.0001,0.0002,0.9984,0.0014,0.0000,0.0000
BELIKPJO_00067,Cytoplasmic,0.0011,0.0018,0.9419,0.0536,0.0015,0.0001
BELIKPJO_00068,Cytoplasmic,0.0013,0.0004,0.9847,0.0123,0.0013,0.0001
BELIKPJO_00069,Cytoplasmic,0.0179,0.0010,0.9699,0.0101,0.0010,0.0000
BELIKPJO_00070,Cytoplasmic Membrane,0.0000,0.0001,0.0001,0.9993,0.0005,0.0000
BELIKPJO_00071,Cytoplasmic Membrane,0.0029,0.0549,0.0018,0.9401,0.0004,0.0000
BELIKPJO_00072,Cytoplasmic,0.0045,0.0064,0.9376,0.0430,0.0053,0.0032
BELIKPJO_00073,Cytoplasmic,0.0132,0.0077,0.8112,0.1677,0.0002,0.0000
BELIKPJO_00074,Cytoplasmic,0.0017,0.0119,0.9752,0.0079,0.0031,0.0001
BELIKPJO_00075,Cytoplasmic Membrane,0.0000,0.0075,0.0000,0.9919,0.0006,0.0000
BELIKPJO_00076,Cytoplasmic,0.0002,0.0002,0.9994,0.0000,0.0002,0.0001
BELIKPJO_00077,Cytoplasmic,0.0002,0.0001,0.9858,0.0042,0.0094,0.0003
BELIKPJO_00078,Cytoplasmic,0.0000,0.0000,0.9837,0.0087,0.0076,0.0000
BELIKPJO_00079,Cytoplasmic,0.0001,0.0012,0.9721,0.0004,0.0220,0.0042
BELIKPJO_00080,Cytoplasmic,0.0001,0.0018,0.9251,0.0718,0.0011,0.0000
BELIKPJO_00081,Cytoplasmic,0.0049,0.0018,0.9707,0.0226,0.0000,0.0000
BELIKPJO_00082,Cytoplasmic,0.0016,0.0046,0.8225,0.1712,0.0001,0.0000
BELIKPJO_00083,Cytoplasmic Membrane,0.0000,0.0000,0.0000,0.9998,0.0001,0.0000
BELIKPJO_00084,Cytoplasmic,0.0001,0.0008,0.9948,0.0008,0.0029,0.0005
BELIKPJO_00085,Cytoplasmic,0.0001,0.0002,0.9989,0.0002,0.0003,0.0003
BELIKPJO_00086,Cytoplasmic,0.0001,0.0000,0.9952,0.0046,0.0000,0.0000
BELIKPJO_00087,Cytoplasmic,0.0000,0.0001,0.9971,0.0017,0.0009,0.0001
BELIKPJO_00088,Cytoplasmic,0.0002,0.0212,0.8006,0.1623,0.0154,0.0003
BELIKPJO_00089,Cytoplasmic,0.0001,0.0001,0.9979,0.0003,0.0015,0.0001
BELIKPJO_00090,Cytoplasmic,0.0002,0.0007,0.8967,0.0255,0.0756,0.0013
BELIKPJO_00091,Cytoplasmic,0.0001,0.0003,0.9996,0.0001,0.0000,0.0000
BELIKPJO_00092,Cytoplasmic,0.0000,0.0004,0.9965,0.0001,0.0029,0.0001
BELIKPJO_00093,Cytoplasmic,0.0013,0.0028,0.9909,0.0037,0.0011,0.0002
BELIKPJO_00094,Cytoplasmic,0.0002,0.0003,0.9986,0.0006,0.0003,0.0000
BELIKPJO_00095,Cytoplasmic,0.0000,0.0000,0.9999,0.0001,0.0001,0.0000
BELIKPJO_00096,Cytoplasmic,0.0000,0.0008,0.9989,0.0002,0.0001,0.0000
BELIKPJO_00097,Cytoplasmic Membrane,0.0003,0.0516,0.0001,0.9425,0.0056,0.0000
BELIKPJO_00098,Cytoplasmic,0.0001,0.0001,0.9970,0.0014,0.0013,0.0001
BELIKPJO_00099,Cytoplasmic,0.0009,0.1751,0.7578,0.0045,0.0614,0.0002
BELIKPJO_00100,Cytoplasmic Membrane,0.0000,0.0001,0.0001,0.9987,0.0011,0.0000
BELIKPJO_00101,Cytoplasmic,0.0002,0.0225,0.9539,0.0014,0.0219,0.0001
BELIKPJO_00102,Cytoplasmic Membrane,0.0000,0.0000,0.0000,0.9999,0.0000,0.0000
BELIKPJO_00103,Cytoplasmic,0.0016,0.0012,0.9847,0.0114,0.0007,0.0004
BELIKPJO_00104,Cytoplasmic,0.0001,0.0007,0.9580,0.0008,0.0309,0.0095
BELIKPJO_00105,Cytoplasmic,0.0000,0.0001,0.9996,0.0000,0.0000,0.0003
BELIKPJO_00106,Cytoplasmic,0.0002,0.0001,0.9932,0.0041,0.0009,0.0015
BELIKPJO_00107,Cytoplasmic,0.0001,0.0011,0.9934,0.0003,0.0050,0.0002
BELIKPJO_00108,Cytoplasmic,0.0000,0.0000,0.9947,0.0014,0.0039,0.0000
BELIKPJO_00109,Cytoplasmic,0.0006,0.0027,0.9140,0.0074,0.0720,0.0034
BELIKPJO_00110,Cytoplasmic Membrane,0.0000,0.0000,0.0000,0.9992,0.0007,0.0000
BELIKPJO_00111,Cytoplasmic Membrane,0.0000,0.0001,0.0001,0.9957,0.0041,0.0000
BELIKPJO_00112,Extracellular,0.0045,0.9941,0.0000,0.0001,0.0002,0.0011
BELIKPJO_00113,Cytoplasmic,0.0000,0.0003,0.9977,0.0003,0.0011,0.0005
BELIKPJO_00114,Cytoplasmic,0.0002,0.0003,0.9280,0.0011,0.0699,0.0004
BELIKPJO_00115,Cytoplasmic,0.0002,0.0001,0.9784,0.0177,0.0032,0.0004
BELIKPJO_00116,Cytoplasmic,0.0010,0.0043,0.9819,0.0108,0.0017,0.0003
BELIKPJO_00117,Cytoplasmic,0.0000,0.0002,0.9997,0.0001,0.0000,0.0000
BELIKPJO_00118,Cytoplasmic,0.0009,0.0038,0.9930,0.0021,0.0003,0.0000
BELIKPJO_00119,Cytoplasmic Membrane,0.0000,0.0002,0.0000,0.9992,0.0005,0.0000
BELIKPJO_00120,Cytoplasmic Membrane,0.0000,0.0001,0.0000,0.9996,0.0003,0.0000
BELIKPJO_00121,Cytoplasmic,0.0001,0.0016,0.9866,0.0086,0.0030,0.0002
BELIKPJO_00122,Cytoplasmic Membrane,0.0640,0.0732,0.0017,0.8345,0.0265,0.0000
BELIKPJO_00123,Cytoplasmic,0.0005,0.0480,0.6117,0.0012,0.0643,0.2743
BELIKPJO_00124,Cytoplasmic,0.0000,0.0001,0.9827,0.0042,0.0129,0.0000
BELIKPJO_00125,Cytoplasmic,0.0006,0.0008,0.9667,0.0290,0.0028,0.0001
BELIKPJO_00126,Cytoplasmic,0.0325,0.1069,0.7649,0.0041,0.0894,0.0022
BELIKPJO_00127,Cytoplasmic,0.0011,0.0008,0.9897,0.0083,0.0001,0.0000
BELIKPJO_00128,Cytoplasmic,0.0090,0.0449,0.8427,0.0939,0.0092,0.0003
BELIKPJO_00129,Cytoplasmic Membrane,0.0000,0.0001,0.0000,0.9995,0.0004,0.0000
BELIKPJO_00130,Cytoplasmic,0.0009,0.0116,0.9763,0.0030,0.0064,0.0018
BELIKPJO_00131,Cytoplasmic,0.0006,0.0096,0.9887,0.0008,0.0003,0.0000
BELIKPJO_00132,Cytoplasmic,0.0000,0.0005,0.9974,0.0018,0.0003,0.0000
BELIKPJO_00133,Cytoplasmic Membrane,0.0000,0.0003,0.0000,0.9992,0.0004,0.0000
BELIKPJO_00134,Cytoplasmic,0.0002,0.0449,0.9404,0.0004,0.0073,0.0067
BELIKPJO_00135,Cytoplasmic Membrane,0.0000,0.0001,0.0001,0.9994,0.0005,0.0000
BELIKPJO_00136,Cytoplasmic Membrane,0.0000,0.0000,0.0001,0.9996,0.0003,0.0000
BELIKPJO_00137,Cytoplasmic Membrane,0.0000,0.0003,0.0001,0.9983,0.0013,0.0000
BELIKPJO_00138,Cytoplasmic,0.0003,0.0091,0.9412,0.0489,0.0004,0.0001
BELIKPJO_00139,Cytoplasmic,0.0001,0.0001,0.9974,0.0001,0.0016,0.0007
BELIKPJO_00140,Cytoplasmic,0.0000,0.0003,0.9941,0.0028,0.0021,0.0007
BELIKPJO_00141,Cytoplasmic,0.0002,0.0079,0.9602,0.0025,0.0267,0.0024
BELIKPJO_00142,Cytoplasmic,0.0017,0.0045,0.9410,0.0080,0.0444,0.0004
BELIKPJO_00143,Cytoplasmic,0.0003,0.0041,0.9341,0.0067,0.0539,0.0008
BELIKPJO_00144,Cytoplasmic,0.0000,0.0002,0.9966,0.0001,0.0028,0.0002
BELIKPJO_00145,Cytoplasmic,0.0000,0.0049,0.9733,0.0060,0.0043,0.0115
BELIKPJO_00146,Cytoplasmic Membrane,0.0000,0.0001,0.0000,0.9999,0.0000,0.0000
BELIKPJO_00147,Cytoplasmic,0.0001,0.0021,0.9459,0.0300,0.0155,0.0065
BELIKPJO_00148,Cytoplasmic,0.0016,0.0035,0.9376,0.0570,0.0002,0.0000
BELIKPJO_00149,Cytoplasmic,0.0001,0.0023,0.9313,0.0016,0.0629,0.0017
BELIKPJO_00150,Cytoplasmic,0.0028,0.0061,0.8654,0.1250,0.0007,0.0000
BELIKPJO_00151,Cytoplasmic,0.0006,0.1377,0.8469,0.0080,0.0037,0.0032
BELIKPJO_00152,Cytoplasmic,0.0008,0.0020,0.8876,0.0105,0.0929,0.0062
BELIKPJO_00153,Cytoplasmic,0.0037,0.0095,0.9742,0.0092,0.0033,0.0001
BELIKPJO_00154,Cytoplasmic,0.0034,0.0116,0.8270,0.0923,0.0602,0.0055
BELIKPJO_00155,Cytoplasmic,0.0003,0.0008,0.6608,0.0102,0.3259,0.0020
BELIKPJO_00156,Cytoplasmic,0.0002,0.0003,0.9809,0.0065,0.0112,0.0009
BELIKPJO_00157,Cytoplasmic,0.0009,0.0014,0.9866,0.0099,0.0012,0.0000
BELIKPJO_00158,Cytoplasmic,0.0008,0.0020,0.8293,0.1672,0.0007,0.0000
BELIKPJO_00159,Cytoplasmic,0.0000,0.0001,0.9954,0.0008,0.0037,0.0000
BELIKPJO_00160,Cytoplasmic,0.0095,0.0275,0.8367,0.0957,0.0300,0.0006
BELIKPJO_00161,Cytoplasmic,0.0001,0.0002,0.9960,0.0026,0.0008,0.0003
BELIKPJO_00162,Cytoplasmic,0.0006,0.0033,0.9897,0.0015,0.0044,0.0004
BELIKPJO_00163,Cytoplasmic,0.0001,0.0008,0.9862,0.0123,0.0006,0.0000
BELIKPJO_00164,Cytoplasmic Membrane,0.0003,0.0014,0.3920,0.6017,0.0037,0.0008
BELIKPJO_00165,Cytoplasmic Membrane,0.0000,0.0000,0.0000,0.9999,0.0001,0.0000
BELIKPJO_00166,Cytoplasmic Membrane,0.0397,0.0087,0.0003,0.9382,0.0130,0.0001
BELIKPJO_00167,Cytoplasmic Membrane,0.0000,0.0001,0.0001,0.9994,0.0004,0.0000
BELIKPJO_00168,Cytoplasmic,0.0003,0.0018,0.9970,0.0005,0.0001,0.0002
BELIKPJO_00169,Cytoplasmic,0.0002,0.0034,0.9590,0.0333,0.0040,0.0001
BELIKPJO_00170,Cytoplasmic,0.0003,0.0004,0.9870,0.0109,0.0014,0.0000
BELIKPJO_00171,Cytoplasmic,0.0002,0.0033,0.9123,0.0119,0.0720,0.0003
BELIKPJO_00172,Cytoplasmic,0.0003,0.0004,0.9961,0.0024,0.0007,0.0001
BELIKPJO_00173,Cytoplasmic,0.0000,0.0001,0.9863,0.0013,0.0119,0.0004
BELIKPJO_00174,Cytoplasmic,0.0009,0.0009,0.9203,0.0021,0.0752,0.0007
BELIKPJO_00175,Cytoplasmic Membrane,0.0002,0.0029,0.0005,0.9961,0.0003,0.0000
BELIKPJO_00176,Cytoplasmic,0.0016,0.0028,0.9377,0.0563,0.0016,0.0000
BELIKPJO_00177,Cytoplasmic,0.0010,0.0001,0.9986,0.0002,0.0001,0.0000
BELIKPJO_00178,Cytoplasmic,0.0000,0.0002,0.9916,0.0077,0.0006,0.0000
BELIKPJO_00179,Cytoplasmic,0.0001,0.0003,0.9965,0.0011,0.0010,0.0010
BELIKPJO_00180,Cytoplasmic,0.0005,0.0026,0.9865,0.0093,0.0011,0.0000
BELIKPJO_00181,Cytoplasmic Membrane,0.0000,0.0003,0.0003,0.9919,0.0074,0.0000
BELIKPJO_00182,Cytoplasmic,0.0002,0.0002,0.9924,0.0042,0.0023,0.0006
BELIKPJO_00183,Cytoplasmic,0.0001,0.0018,0.9737,0.0022,0.0143,0.0080
BELIKPJO_00184,Cytoplasmic,0.0001,0.0008,0.9293,0.0084,0.0551,0.0063
BELIKPJO_00185,Cytoplasmic,0.0008,0.0001,0.9868,0.0071,0.0050,0.0002
BELIKPJO_00186,Cytoplasmic,0.0006,0.0032,0.9912,0.0028,0.0020,0.0003
BELIKPJO_00187,Cytoplasmic,0.0002,0.0018,0.9959,0.0013,0.0007,0.0001
BELIKPJO_00188,Cytoplasmic Membrane,0.0000,0.0003,0.0007,0.9981,0.0009,0.0000
BELIKPJO_00189,Cytoplasmic Membrane,0.0000,0.0005,0.0003,0.9986,0.0006,0.0000
BELIKPJO_00190,Cytoplasmic,0.0001,0.1368,0.7914,0.0704,0.0012,0.0000
BELIKPJO_00191,Cytoplasmic,0.0000,0.0004,0.9752,0.0021,0.0172,0.0051
BELIKPJO_00192,Cytoplasmic,0.0004,0.0023,0.9885,0.0087,0.0001,0.0000
BELIKPJO_00193,Cytoplasmic,0.0001,0.1130,0.8019,0.0791,0.0022,0.0037
BELIKPJO_00194,Cytoplasmic,0.0000,0.0055,0.9759,0.0082,0.0069,0.0034
BELIKPJO_00195,Cytoplasmic,0.0013,0.0028,0.9953,0.0006,0.0000,0.0000
BELIKPJO_00196,Cytoplasmic,0.0002,0.0005,0.9969,0.0017,0.0001,0.0005
BELIKPJO_00197,Cytoplasmic Membrane,0.0000,0.0001,0.0000,0.9996,0.0003,0.0000
BELIKPJO_00198,Cytoplasmic Membrane,0.0002,0.0004,0.0868,0.8101,0.1020,0.0005
BELIKPJO_00199,Cytoplasmic Membrane,0.0000,0.0032,0.0003,0.9952,0.0012,0.0000
BELIKPJO_00200,Cytoplasmic,0.0003,0.0011,0.8029,0.1954,0.0002,0.0000
BELIKPJO_00201,Cytoplasmic,0.0001,0.0002,0.9881,0.0098,0.0014,0.0004
BELIKPJO_00202,Cytoplasmic Membrane,0.0310,0.1374,0.0014,0.8052,0.0249,0.0001
BELIKPJO_00203,Cytoplasmic Membrane,0.0000,0.0019,0.0026,0.9949,0.0005,0.0000
BELIKPJO_00204,Cytoplasmic Membrane,0.0098,0.0039,0.0008,0.9828,0.0027,0.0000
BELIKPJO_00205,Cytoplasmic,0.0001,0.1267,0.8326,0.0350,0.0054,0.0002
BELIKPJO_00206,Cytoplasmic,0.0003,0.0099,0.9782,0.0015,0.0009,0.0092
BELIKPJO_00207,Cytoplasmic Membrane,0.0003,0.0014,0.0000,0.9976,0.0007,0.0000
BELIKPJO_00208,Cytoplasmic Membrane,0.0035,0.0300,0.0024,0.9632,0.0009,0.0000
BELIKPJO_00209,Cytoplasmic,0.0000,0.0000,0.9942,0.0033,0.0023,0.0001
BELIKPJO_00210,Cytoplasmic Membrane,0.0000,0.0001,0.0000,0.9986,0.0013,0.0000
BELIKPJO_00211,Cytoplasmic Membrane,0.0000,0.0092,0.0000,0.9903,0.0005,0.0000
BELIKPJO_00212,Cytoplasmic,0.0000,0.0011,0.9909,0.0007,0.0072,0.0002
BELIKPJO_00213,Cytoplasmic,0.0011,0.0001,0.9968,0.0021,0.0000,0.0000
BELIKPJO_00214,Cytoplasmic Membrane,0.0000,0.0001,0.0000,0.9997,0.0002,0.0000
BELIKPJO_00215,Cytoplasmic Membrane,0.0003,0.0029,0.3233,0.6362,0.0357,0.0015
BELIKPJO_00216,Cytoplasmic,0.0001,0.0001,0.9950,0.0021,0.0026,0.0001
BELIKPJO_00217,Cytoplasmic Membrane,0.0000,0.0044,0.2857,0.7006,0.0093,0.0000
BELIKPJO_00218,Cytoplasmic,0.0005,0.0102,0.9041,0.0181,0.0658,0.0013
BELIKPJO_00219,Cytoplasmic,0.0000,0.0000,0.7201,0.0002,0.2795,0.0001
BELIKPJO_00220,Cytoplasmic,0.0014,0.0042,0.9919,0.0024,0.0001,0.0000
BELIKPJO_00221,Cytoplasmic,0.0003,0.0027,0.9021,0.0019,0.0189,0.0741
BELIKPJO_00222,Cytoplasmic,0.0012,0.0035,0.9907,0.0025,0.0011,0.0010
BELIKPJO_00223,Cytoplasmic,0.0001,0.0002,0.9024,0.0655,0.0299,0.0019
BELIKPJO_00224,Cytoplasmic,0.0000,0.0017,0.9836,0.0091,0.0054,0.0002
BELIKPJO_00225,Cytoplasmic,0.0001,0.0004,0.9985,0.0008,0.0002,0.0001
BELIKPJO_00226,Cytoplasmic,0.0002,0.0001,0.9941,0.0025,0.0031,0.0000
BELIKPJO_00227,Cytoplasmic Membrane,0.0000,0.0014,0.0003,0.9964,0.0018,0.0000
BELIKPJO_00228,Cytoplasmic Membrane,0.0256,0.0397,0.0004,0.8646,0.0688,0.0009
BELIKPJO_00229,Cytoplasmic,0.0002,0.0002,0.9990,0.0002,0.0003,0.0001
BELIKPJO_00230,Cytoplasmic,0.0010,0.0002,0.9953,0.0031,0.0001,0.0003
BELIKPJO_00231,Cytoplasmic,0.0086,0.0850,0.8999,0.0011,0.0013,0.0041
BELIKPJO_00232,Cytoplasmic,0.0003,0.0059,0.9846,0.0056,0.0033,0.0002
BELIKPJO_00233,Cytoplasmic,0.0002,0.0012,0.9848,0.0119,0.0017,0.0000
BELIKPJO_00234,Cytoplasmic,0.0000,0.0005,0.9976,0.0002,0.0011,0.0005
BELIKPJO_00235,Cytoplasmic,0.0001,0.0021,0.9832,0.0028,0.0090,0.0027
BELIKPJO_00236,Cytoplasmic,0.0001,0.0000,0.9988,0.0010,0.0000,0.0000
BELIKPJO_00237,Cytoplasmic,0.0005,0.0013,0.9859,0.0044,0.0060,0.0019
BELIKPJO_00238,Cytoplasmic,0.0001,0.0001,0.9975,0.0011,0.0010,0.0002
BELIKPJO_00239,Cytoplasmic,0.0032,0.0036,0.8867,0.1021,0.0040,0.0003
BELIKPJO_00240,Cytoplasmic,0.0002,0.0002,0.9716,0.0044,0.0184,0.0052
BELIKPJO_00241,Cytoplasmic,0.0002,0.0005,0.9981,0.0002,0.0005,0.0004
BELIKPJO_00242,Cytoplasmic,0.0001,0.0011,0.9912,0.0010,0.0064,0.0003
BELIKPJO_00243,Cytoplasmic Membrane,0.0000,0.0000,0.0000,0.9982,0.0017,0.0000
BELIKPJO_00244,Cytoplasmic,0.0001,0.0008,0.9210,0.0031,0.0744,0.0006
BELIKPJO_00245,Cytoplasmic,0.0001,0.0000,0.9981,0.0018,0.0000,0.0000
BELIKPJO_00246,Cytoplasmic Membrane,0.0000,0.0006,0.0000,0.9986,0.0008,0.0000
BELIKPJO_00247,Cytoplasmic,0.0011,0.0014,0.9145,0.0820,0.0009,0.0000
BELIKPJO_00248,Cytoplasmic,0.0005,0.0006,0.9701,0.0059,0.0223,0.0007
BELIKPJO_00249,Cytoplasmic,0.0000,0.0000,0.9992,0.0000,0.0008,0.0000
BELIKPJO_00250,Cytoplasmic Membrane,0.0001,0.0005,0.0003,0.9614,0.0376,0.0001
BELIKPJO_00251,Cytoplasmic,0.4576,0.0076,0.5320,0.0013,0.0012,0.0004
BELIKPJO_00252,Cytoplasmic,0.0000,0.0001,0.9982,0.0003,0.0007,0.0006
BELIKPJO_00253,Cytoplasmic,0.0001,0.0005,0.9990,0.0004,0.0001,0.0000
BELIKPJO_00254,Cytoplasmic Membrane,0.0000,0.0001,0.0000,0.9997,0.0002,0.0000
BELIKPJO_00255,Cytoplasmic Membrane,0.0000,0.0002,0.0000,0.9997,0.0001,0.0000
BELIKPJO_00256,Cytoplasmic Membrane,0.0001,0.0044,0.0001,0.9924,0.0031,0.0000
BELIKPJO_00257,Cytoplasmic,0.0000,0.0001,0.9985,0.0001,0.0011,0.0002
BELIKPJO_00258,Cytoplasmic,0.0001,0.0011,0.9981,0.0002,0.0002,0.0003
BELIKPJO_00259,Cytoplasmic,0.0040,0.0019,0.9900,0.0024,0.0008,0.0010
BELIKPJO_00260,Cytoplasmic,0.0021,0.1712,0.6612,0.0701,0.0938,0.0018
BELIKPJO_00261,Cytoplasmic,0.0000,0.0001,0.9975,0.0003,0.0013,0.0009
BELIKPJO_00262,Cytoplasmic Membrane,0.0017,0.1957,0.0002,0.7984,0.0040,0.0000
BELIKPJO_00263,Cytoplasmic Membrane,0.0000,0.0017,0.0002,0.9942,0.0038,0.0000
BELIKPJO_00264,Cytoplasmic Membrane,0.0005,0.0163,0.0012,0.9805,0.0014,0.0001
BELIKPJO_00265,Cytoplasmic Membrane,0.0004,0.0028,0.2049,0.7778,0.0140,0.0000
BELIKPJO_00266,Extracellular,0.0001,0.9999,0.0000,0.0000,0.0000,0.0000
BELIKPJO_00267,Cytoplasmic,0.0001,0.0007,0.9773,0.0036,0.0179,0.0003
BELIKPJO_00268,Cytoplasmic,0.0001,0.0002,0.9979,0.0011,0.0006,0.0001
BELIKPJO_00269,Cytoplasmic Membrane,0.3014,0.0002,0.2099,0.4197,0.0687,0.0000
BELIKPJO_00270,Cytoplasmic Membrane,0.0001,0.0008,0.0001,0.9978,0.0012,0.0000
BELIKPJO_00271,Cytoplasmic,0.0003,0.0003,0.9628,0.0305,0.0060,0.0001
BELIKPJO_00272,Cytoplasmic,0.0002,0.0007,0.9902,0.0027,0.0057,0.0005
BELIKPJO_00273,Cytoplasmic Membrane,0.0000,0.0000,0.0000,0.9998,0.0002,0.0000
BELIKPJO_00274,Cytoplasmic,0.0001,0.0004,0.9411,0.0127,0.0455,0.0002
BELIKPJO_00275,Cytoplasmic,0.0031,0.0023,0.9753,0.0187,0.0005,0.0000
BELIKPJO_00276,Cytoplasmic Membrane,0.0000,0.0001,0.0001,0.9981,0.0018,0.0000
BELIKPJO_00277,Cytoplasmic Membrane,0.0000,0.0029,0.0003,0.9932,0.0036,0.0000
BELIKPJO_00278,Cytoplasmic,0.0243,0.0001,0.9292,0.0442,0.0022,0.0000
BELIKPJO_00279,Cytoplasmic,0.0001,0.0011,0.9842,0.0098,0.0048,0.0000
BELIKPJO_00280,Cytoplasmic Membrane,0.0001,0.0001,0.0744,0.8963,0.0287,0.0004
BELIKPJO_00281,Cytoplasmic Membrane,0.0001,0.0002,0.0587,0.9250,0.0158,0.0002
BELIKPJO_00282,Cytoplasmic Membrane,0.0000,0.0000,0.0000,0.9999,0.0001,0.0000
BELIKPJO_00283,Cytoplasmic Membrane,0.0000,0.0000,0.0000,0.9999,0.0001,0.0000
BELIKPJO_00284,Cytoplasmic Membrane,0.0073,0.0540,0.0011,0.7179,0.2126,0.0072
BELIKPJO_00285,Cytoplasmic Membrane,0.0000,0.0000,0.0000,0.9988,0.0012,0.0000
BELIKPJO_00286,Cytoplasmic Membrane,0.0000,0.0001,0.1664,0.8270,0.0065,0.0000
BELIKPJO_00287,Cytoplasmic,0.0000,0.0002,0.9943,0.0017,0.0033,0.0005
BELIKPJO_00288,Cytoplasmic,0.0022,0.0075,0.6050,0.3740,0.0112,0.0002
BELIKPJO_00289,Cytoplasmic,0.0008,0.0010,0.8414,0.0234,0.1330,0.0003
BELIKPJO_00290,Cytoplasmic,0.0010,0.0005,0.7085,0.2899,0.0001,0.0000
BELIKPJO_00291,Cytoplasmic,0.0008,0.0003,0.9560,0.0424,0.0005,0.0000
BELIKPJO_00292,Cytoplasmic,0.0003,0.0052,0.6549,0.2796,0.0584,0.0016
BELIKPJO_00293,Cytoplasmic,0.0000,0.0001,0.9974,0.0001,0.0004,0.0020
BELIKPJO_00294,Extracellular,0.0034,0.4887,0.4839,0.0087,0.0145,0.0009
BELIKPJO_00295,Cytoplasmic,0.0003,0.0003,0.9992,0.0003,0.0000,0.0000
BELIKPJO_00296,Cytoplasmic,0.0019,0.0539,0.7928,0.0722,0.0676,0.0117
BELIKPJO_00297,Cytoplasmic,0.0001,0.0008,0.9223,0.0041,0.0083,0.0644
BELIKPJO_00298,Cytoplasmic Membrane,0.0000,0.0001,0.0008,0.9986,0.0004,0.0000
BELIKPJO_00299,Cytoplasmic Membrane,0.0001,0.0985,0.0012,0.8863,0.0132,0.0006
BELIKPJO_00300,Cytoplasmic Membrane,0.0000,0.0017,0.0002,0.9965,0.0015,0.0000
BELIKPJO_00301,Cytoplasmic,0.0007,0.0011,0.9976,0.0003,0.0001,0.0001
BELIKPJO_00302,Cytoplasmic,0.0011,0.0016,0.9924,0.0021,0.0014,0.0014
BELIKPJO_00303,Cytoplasmic,0.0000,0.0001,0.9998,0.0000,0.0001,0.0000
BELIKPJO_00304,Cytoplasmic,0.0005,0.0010,0.9921,0.0023,0.0021,0.0020
BELIKPJO_00305,Cytoplasmic,0.0018,0.0069,0.9545,0.0176,0.0180,0.0012
BELIKPJO_00306,Cytoplasmic,0.0025,0.0088,0.9526,0.0258,0.0079,0.0024
BELIKPJO_00307,Cytoplasmic,0.0003,0.0043,0.9318,0.0008,0.0618,0.0010
BELIKPJO_00308,Cytoplasmic,0.0008,0.0002,0.9972,0.0014,0.0004,0.0001
BELIKPJO_00309,Cytoplasmic,0.0000,0.0003,0.9994,0.0000,0.0001,0.0001
BELIKPJO_00310,Cytoplasmic,0.0004,0.0032,0.9894,0.0054,0.0015,0.0001
BELIKPJO_00311,Cytoplasmic,0.0002,0.0247,0.7954,0.0011,0.0107,0.1679
BELIKPJO_00312,Cytoplasmic Membrane,0.0002,0.0098,0.0001,0.9730,0.0170,0.0000
BELIKPJO_00313,Cytoplasmic,0.0002,0.0006,0.9983,0.0007,0.0002,0.0000
BELIKPJO_00314,Cytoplasmic Membrane,0.0730,0.1217,0.0013,0.7785,0.0246,0.0010
BELIKPJO_00315,Cytoplasmic,0.0001,0.0001,0.9825,0.0022,0.0051,0.0101
BELIKPJO_00316,Cytoplasmic,0.0001,0.0065,0.7534,0.0031,0.2339,0.0030
BELIKPJO_00317,Cytoplasmic,0.0022,0.0431,0.9415,0.0079,0.0050,0.0003
BELIKPJO_00318,Cytoplasmic,0.0230,0.3427,0.6157,0.0058,0.0119,0.0010
BELIKPJO_00319,Outer Membrane,0.0051,0.0147,0.0001,0.3149,0.6650,0.0002
BELIKPJO_00320,Cytoplasmic Membrane,0.0000,0.0015,0.0006,0.9939,0.0039,0.0001
BELIKPJO_00321,Cytoplasmic Membrane,0.0000,0.0001,0.0000,0.9995,0.0004,0.0000
BELIKPJO_00322,Extracellular,0.0315,0.9632,0.0002,0.0005,0.0017,0.0029
BELIKPJO_00323,Cytoplasmic,0.0000,0.0000,0.9941,0.0002,0.0054,0.0002
BELIKPJO_00324,Cytoplasmic Membrane,0.0000,0.0004,0.0000,0.9975,0.0020,0.0001
BELIKPJO_00325,Cytoplasmic Membrane,0.0000,0.0001,0.0001,0.9972,0.0026,0.0000
BELIKPJO_00326,Cytoplasmic,0.0001,0.0005,0.9580,0.0013,0.0398,0.0002
BELIKPJO_00327,Cytoplasmic,0.0002,0.0012,0.9955,0.0005,0.0011,0.0014
BELIKPJO_00328,Cytoplasmic,0.0003,0.0003,0.9991,0.0002,0.0000,0.0000
BELIKPJO_00329,Cytoplasmic,0.0028,0.0293,0.9580,0.0027,0.0043,0.0029
BELIKPJO_00330,Cytoplasmic,0.0003,0.0010,0.9963,0.0013,0.0008,0.0003
BELIKPJO_00331,Cytoplasmic,0.0000,0.0006,0.9965,0.0009,0.0019,0.0001
BELIKPJO_00332,Cytoplasmic,0.0028,0.1011,0.7906,0.0869,0.0184,0.0003
BELIKPJO_00333,Cytoplasmic,0.0008,0.0774,0.9174,0.0038,0.0005,0.0000
BELIKPJO_00334,Cytoplasmic Membrane,0.0001,0.0014,0.0001,0.9979,0.0006,0.0000
BELIKPJO_00335,Cytoplasmic Membrane,0.0000,0.0002,0.0000,0.9990,0.0008,0.0000
BELIKPJO_00336,Cytoplasmic,0.0017,0.1899,0.7536,0.0315,0.0233,0.0001
BELIKPJO_00337,Cytoplasmic,0.0001,0.0268,0.9522,0.0090,0.0116,0.0002
BELIKPJO_00338,Extracellular,0.0076,0.9890,0.0001,0.0029,0.0004,0.0001
BELIKPJO_00339,Extracellular,0.0078,0.9920,0.0000,0.0001,0.0000,0.0000
BELIKPJO_00340,Cytoplasmic Membrane,0.0005,0.0282,0.0041,0.9642,0.0030,0.0000
BELIKPJO_00341,Cytoplasmic Membrane,0.0000,0.0003,0.0004,0.9971,0.0022,0.0000
BELIKPJO_00342,Cytoplasmic,0.0004,0.0089,0.9810,0.0073,0.0024,0.0000
BELIKPJO_00343,Extracellular,0.1994,0.7518,0.0182,0.0303,0.0003,0.0001
BELIKPJO_00344,Cell wall & surface,0.9250,0.0031,0.0001,0.0717,0.0001,0.0000
BELIKPJO_00345,Cytoplasmic,0.0002,0.0006,0.9943,0.0014,0.0035,0.0000
BELIKPJO_00346,Cytoplasmic Membrane,0.0210,0.2524,0.0069,0.6748,0.0435,0.0013
BELIKPJO_00347,Cytoplasmic,0.0003,0.0107,0.9716,0.0042,0.0131,0.0001
BELIKPJO_00348,Cytoplasmic Membrane,0.0002,0.0513,0.0003,0.9436,0.0045,0.0000
BELIKPJO_00349,Cytoplasmic,0.0002,0.0010,0.8076,0.0023,0.1884,0.0005
BELIKPJO_00350,Cytoplasmic,0.0000,0.0001,0.9986,0.0001,0.0012,0.0001
BELIKPJO_00351,Cytoplasmic,0.0000,0.0000,0.9988,0.0006,0.0004,0.0000
BELIKPJO_00352,Cytoplasmic Membrane,0.0000,0.0001,0.0000,0.9994,0.0006,0.0000
BELIKPJO_00353,Cytoplasmic,0.0000,0.0004,0.9992,0.0001,0.0002,0.0001
BELIKPJO_00354,Cytoplasmic Membrane,0.0000,0.0001,0.0000,0.9984,0.0015,0.0000
BELIKPJO_00355,Cytoplasmic Membrane,0.0000,0.0001,0.0000,0.9997,0.0001,0.0000
BELIKPJO_00356,Cytoplasmic Membrane,0.0000,0.0119,0.0000,0.9757,0.0123,0.0000
BELIKPJO_00357,Cytoplasmic,0.0001,0.0013,0.9677,0.0307,0.0002,0.0000
BELIKPJO_00358,Cytoplasmic,0.0001,0.0001,0.9975,0.0006,0.0017,0.0001
BELIKPJO_00359,Extracellular,0.0089,0.3547,0.3400,0.2827,0.0136,0.0002
BELIKPJO_00360,Cytoplasmic Membrane,0.0000,0.0000,0.0000,0.9997,0.0002,0.0000
BELIKPJO_00361,Cytoplasmic Membrane,0.0000,0.0000,0.0000,0.9999,0.0001,0.0000
BELIKPJO_00362,Cytoplasmic,0.0000,0.0001,0.9983,0.0010,0.0005,0.0000
BELIKPJO_00363,Extracellular,0.0010,0.4552,0.3561,0.1597,0.0098,0.0183
BELIKPJO_00364,Cytoplasmic,0.0022,0.0163,0.9009,0.0657,0.0145,0.0004
BELIKPJO_00365,Cytoplasmic,0.0000,0.0000,0.9924,0.0019,0.0056,0.0000
BELIKPJO_00366,Cytoplasmic,0.0004,0.0007,0.9662,0.0130,0.0196,0.0001
BELIKPJO_00367,Cytoplasmic,0.0003,0.0001,0.9994,0.0002,0.0000,0.0000
BELIKPJO_00368,Cytoplasmic,0.0002,0.0031,0.9671,0.0274,0.0021,0.0001
BELIKPJO_00369,Cytoplasmic Membrane,0.0000,0.0000,0.0000,0.9986,0.0014,0.0000
BELIKPJO_00370,Cytoplasmic,0.0001,0.0055,0.9914,0.0007,0.0015,0.0008
BELIKPJO_00371,Cytoplasmic,0.0024,0.0247,0.9673,0.0049,0.0008,0.0000
BELIKPJO_00372,Cytoplasmic,0.0024,0.0671,0.6384,0.2597,0.0321,0.0002
BELIKPJO_00373,Cytoplasmic,0.0004,0.2714,0.3674,0.3406,0.0200,0.0003
BELIKPJO_00374,Cytoplasmic,0.0010,0.0540,0.9363,0.0041,0.0045,0.0002
BELIKPJO_00375,Cytoplasmic,0.0009,0.1035,0.5819,0.3071,0.0065,0.0001
BELIKPJO_00376,Cytoplasmic Membrane,0.0006,0.3686,0.0008,0.6055,0.0243,0.0001
BELIKPJO_00377,Cytoplasmic Membrane,0.0004,0.0541,0.0061,0.9362,0.0033,0.0000
BELIKPJO_00378,Cytoplasmic Membrane,0.0001,0.0009,0.0009,0.9953,0.0027,0.0001
BELIKPJO_00379,Cytoplasmic,0.0002,0.0009,0.9087,0.0861,0.0040,0.0000
BELIKPJO_00380,Cytoplasmic,0.0012,0.0050,0.9876,0.0029,0.0027,0.0006
BELIKPJO_00381,Cytoplasmic,0.0007,0.0059,0.9122,0.0804,0.0008,0.0000
BELIKPJO_00382,Cytoplasmic,0.0025,0.0035,0.9744,0.0185,0.0010,0.0001
BELIKPJO_00383,Cytoplasmic,0.0016,0.1446,0.4835,0.3675,0.0027,0.0001
BELIKPJO_00384,Cytoplasmic,0.0001,0.0795,0.9024,0.0147,0.0034,0.0000
BELIKPJO_00385,Cytoplasmic,0.0136,0.1336,0.4771,0.3664,0.0089,0.0004
BELIKPJO_00386,Cytoplasmic,0.0002,0.0002,0.9981,0.0014,0.0002,0.0000
BELIKPJO_00387,Cytoplasmic Membrane,0.0000,0.0000,0.0000,0.9998,0.0002,0.0000
BELIKPJO_00388,Cytoplasmic Membrane,0.0000,0.0001,0.0000,0.9999,0.0000,0.0000
BELIKPJO_00389,Cytoplasmic,0.0002,0.0012,0.9938,0.0047,0.0001,0.0000
BELIKPJO_00390,Cytoplasmic,0.0002,0.0045,0.9920,0.0016,0.0014,0.0002
BELIKPJO_00391,Cytoplasmic Membrane,0.0000,0.0000,0.0001,0.9985,0.0014,0.0000
BELIKPJO_00392,Cytoplasmic Membrane,0.0014,0.0229,0.0003,0.9749,0.0005,0.0000
BELIKPJO_00393,Cytoplasmic,0.0002,0.0244,0.9701,0.0028,0.0025,0.0000
BELIKPJO_00394,Cytoplasmic,0.0001,0.0016,0.9982,0.0000,0.0000,0.0000
BELIKPJO_00395,Cytoplasmic,0.0005,0.0826,0.7668,0.1465,0.0036,0.0001
BELIKPJO_00396,Cytoplasmic,0.0001,0.0013,0.9737,0.0091,0.0148,0.0010
BELIKPJO_00397,Cytoplasmic,0.0003,0.0008,0.9976,0.0006,0.0007,0.0000
BELIKPJO_00398,Cytoplasmic Membrane,0.0000,0.0001,0.0000,0.9995,0.0004,0.0000
BELIKPJO_00399,Cytoplasmic Membrane,0.0000,0.0002,0.0000,0.9984,0.0013,0.0000
BELIKPJO_00400,Cytoplasmic,0.0000,0.0001,0.9302,0.0008,0.0688,0.0001
BELIKPJO_00401,Cytoplasmic,0.0001,0.0020,0.9942,0.0014,0.0022,0.0001
BELIKPJO_00402,Cytoplasmic,0.0026,0.0041,0.7940,0.1991,0.0003,0.0000
BELIKPJO_00403,Cytoplasmic,0.0008,0.0193,0.8550,0.0199,0.1044,0.0007
BELIKPJO_00404,Cytoplasmic,0.0009,0.1665,0.6463,0.1675,0.0185,0.0003
BELIKPJO_00405,Cytoplasmic,0.0002,0.0011,0.9821,0.0002,0.0160,0.0004
BELIKPJO_00406,Cytoplasmic,0.0001,0.0002,0.8985,0.0004,0.0803,0.0205
BELIKPJO_00407,Cytoplasmic,0.0002,0.0002,0.9794,0.0002,0.0193,0.0007
BELIKPJO_00408,Cytoplasmic,0.0000,0.0005,0.9367,0.0003,0.0562,0.0063
BELIKPJO_00409,Cytoplasmic,0.0001,0.0008,0.9680,0.0303,0.0008,0.0000
BELIKPJO_00410,Cytoplasmic Membrane,0.0000,0.0000,0.0000,0.9997,0.0003,0.0000
BELIKPJO_00411,Cytoplasmic,0.0001,0.0003,0.9850,0.0008,0.0136,0.0003
BELIKPJO_00412,Cytoplasmic Membrane,0.0001,0.0007,0.0018,0.9963,0.0011,0.0000
BELIKPJO_00413,Cytoplasmic,0.0010,0.0017,0.9916,0.0053,0.0004,0.0000
BELIKPJO_00414,Cytoplasmic,0.0000,0.0000,0.9995,0.0000,0.0004,0.0000
BELIKPJO_00415,Cytoplasmic,0.0000,0.0000,0.9996,0.0000,0.0004,0.0000
BELIKPJO_00416,Cytoplasmic,0.0004,0.0138,0.7720,0.1961,0.0162,0.0014
BELIKPJO_00417,Cytoplasmic,0.0004,0.0003,0.8727,0.0385,0.0880,0.0002
BELIKPJO_00418,Cytoplasmic,0.0002,0.0001,0.9939,0.0041,0.0016,0.0001
BELIKPJO_00419,Cytoplasmic,0.0003,0.0002,0.9973,0.0008,0.0011,0.0004
BELIKPJO_00420,Cytoplasmic,0.0011,0.0340,0.9167,0.0470,0.0012,0.0000
BELIKPJO_00421,Cytoplasmic,0.0001,0.0022,0.9941,0.0003,0.0028,0.0006
BELIKPJO_00422,Cytoplasmic,0.0002,0.0013,0.9865,0.0039,0.0021,0.0060
BELIKPJO_00423,Cytoplasmic Membrane,0.0000,0.0010,0.0002,0.9986,0.0002,0.0000
BELIKPJO_00424,Cytoplasmic,0.0000,0.0001,0.9943,0.0042,0.0012,0.0001
BELIKPJO_00425,Cytoplasmic,0.0000,0.0004,0.9829,0.0008,0.0157,0.0002
BELIKPJO_00426,Cytoplasmic,0.0032,0.0011,0.9889,0.0061,0.0004,0.0003
BELIKPJO_00427,Cytoplasmic Membrane,0.0044,0.0755,0.0012,0.9187,0.0002,0.0000
BELIKPJO_00428,Cytoplasmic Membrane,0.0001,0.0347,0.0009,0.9642,0.0000,0.0000
BELIKPJO_00429,Cytoplasmic Membrane,0.0010,0.0808,0.0004,0.9178,0.0001,0.0000
BELIKPJO_00430,Cytoplasmic Membrane,0.0000,0.0503,0.0109,0.9387,0.0000,0.0000
BELIKPJO_00431,Cytoplasmic Membrane,0.0425,0.1915,0.0161,0.7498,0.0001,0.0000
BELIKPJO_00432,Cytoplasmic Membrane,0.0000,0.0000,0.0000,0.9999,0.0001,0.0000
BELIKPJO_00433,Cytoplasmic,0.0000,0.0000,0.9216,0.0779,0.0004,0.0000
BELIKPJO_00434,Cytoplasmic Membrane,0.0000,0.0000,0.0000,0.9995,0.0004,0.0000
BELIKPJO_00435,Cytoplasmic,0.0002,0.0002,0.9741,0.0084,0.0144,0.0027
BELIKPJO_00436,Cytoplasmic Membrane,0.0000,0.0000,0.0000,0.9999,0.0000,0.0000
BELIKPJO_00437,Cytoplasmic Membrane,0.0004,0.0010,0.1801,0.8169,0.0015,0.0001
BELIKPJO_00438,Cytoplasmic,0.0000,0.0000,0.9993,0.0005,0.0002,0.0000
BELIKPJO_00439,Cytoplasmic Membrane,0.0000,0.0003,0.0004,0.9981,0.0011,0.0000
BELIKPJO_00440,Cytoplasmic Membrane,0.0009,0.0017,0.4348,0.5369,0.0235,0.0022
BELIKPJO_00441,Cytoplasmic Membrane,0.0000,0.0000,0.0003,0.9991,0.0006,0.0000
BELIKPJO_00442,Cytoplasmic,0.0002,0.0002,0.9822,0.0173,0.0001,0.0000
BELIKPJO_00443,Cytoplasmic Membrane,0.0000,0.0000,0.0000,1.0000,0.0000,0.0000
BELIKPJO_00444,Cytoplasmic Membrane,0.0000,0.0001,0.0000,0.9999,0.0001,0.0000
BELIKPJO_00445,Cytoplasmic Membrane,0.0000,0.0000,0.0000,0.9993,0.0006,0.0000
BELIKPJO_00446,Cytoplasmic Membrane,0.0000,0.0000,0.0000,0.9995,0.0005,0.0000
BELIKPJO_00447,Cytoplasmic,0.0002,0.0003,0.9976,0.0014,0.0003,0.0003
BELIKPJO_00448,Cytoplasmic,0.0092,0.0029,0.9571,0.0252,0.0050,0.0006
BELIKPJO_00449,Cytoplasmic,0.0002,0.0869,0.8679,0.0158,0.0166,0.0126
BELIKPJO_00450,Cytoplasmic,0.0002,0.0016,0.9911,0.0060,0.0012,0.0001
BELIKPJO_00451,Cytoplasmic,0.0012,0.0152,0.9538,0.0229,0.0029,0.0040
BELIKPJO_00452,Cytoplasmic Membrane,0.0000,0.0000,0.0000,1.0000,0.0000,0.0000
BELIKPJO_00453,Cytoplasmic,0.0000,0.0001,0.9922,0.0006,0.0067,0.0003
BELIKPJO_00454,Cytoplasmic Membrane,0.0005,0.0708,0.3300,0.5295,0.0593,0.0099
BELIKPJO_00455,Cytoplasmic,0.0006,0.0001,0.9973,0.0019,0.0000,0.0000
BELIKPJO_00456,Cytoplasmic,0.0007,0.0035,0.8135,0.0804,0.0996,0.0023
BELIKPJO_00457,Cytoplasmic Membrane,0.0001,0.0007,0.3891,0.6074,0.0023,0.0004
BELIKPJO_00458,Cytoplasmic Membrane,0.0000,0.0000,0.0000,1.0000,0.0000,0.0000
BELIKPJO_00459,Cytoplasmic Membrane,0.0033,0.0019,0.0001,0.9807,0.0139,0.0001
BELIKPJO_00460,Cytoplasmic,0.0008,0.0014,0.9877,0.0074,0.0024,0.0004
BELIKPJO_00461,Cytoplasmic,0.0012,0.0006,0.6498,0.3474,0.0008,0.0002
BELIKPJO_00462,Cytoplasmic,0.0007,0.0010,0.9956,0.0005,0.0005,0.0017
BELIKPJO_00463,Cytoplasmic Membrane,0.0055,0.0031,0.0000,0.9755,0.0158,0.0000
BELIKPJO_00464,Cytoplasmic Membrane,0.0000,0.0000,0.0000,1.0000,0.0000,0.0000
BELIKPJO_00465,Cytoplasmic Membrane,0.0012,0.0036,0.2368,0.7327,0.0255,0.0002
BELIKPJO_00467,Cytoplasmic Membrane,0.0002,0.0047,0.0002,0.9871,0.0079,0.0000
BELIKPJO_00468,Cytoplasmic Membrane,0.0000,0.0002,0.0000,0.9994,0.0004,0.0000
BELIKPJO_00469,Cytoplasmic,0.0013,0.0032,0.9914,0.0040,0.0000,0.0000
BELIKPJO_00470,Cytoplasmic,0.0026,0.2678,0.6820,0.0256,0.0185,0.0036
BELIKPJO_00471,Cytoplasmic,0.0042,0.0014,0.8416,0.1405,0.0116,0.0008
BELIKPJO_00472,Cytoplasmic,0.0007,0.0010,0.9904,0.0025,0.0044,0.0010
BELIKPJO_00473,Cytoplasmic Membrane,0.0000,0.0000,0.0000,0.9999,0.0000,0.0000
BELIKPJO_00474,Cytoplasmic Membrane,0.0001,0.0003,0.2720,0.7274,0.0001,0.0000
BELIKPJO_00475,Cytoplasmic Membrane,0.0000,0.0001,0.0006,0.9954,0.0039,0.0000
BELIKPJO_00476,Cytoplasmic,0.0003,0.0007,0.9877,0.0011,0.0096,0.0006
BELIKPJO_00477,Cytoplasmic Membrane,0.0109,0.0014,0.0003,0.9869,0.0005,0.0000
BELIKPJO_00478,Cytoplasmic Membrane,0.0000,0.0000,0.0000,0.9997,0.0003,0.0000
BELIKPJO_00479,Cytoplasmic,0.0022,0.0010,0.7847,0.0273,0.1672,0.0176
BELIKPJO_00480,Cytoplasmic Membrane,0.0001,0.0062,0.0002,0.9916,0.0019,0.0000
BELIKPJO_00481,Cytoplasmic,0.0000,0.0011,0.9891,0.0011,0.0076,0.0011
BELIKPJO_00482,Cytoplasmic,0.0001,0.0196,0.9737,0.0054,0.0009,0.0003
BELIKPJO_00483,Cytoplasmic,0.0002,0.0001,0.9711,0.0285,0.0001,0.0000
BELIKPJO_00484,Cytoplasmic,0.0002,0.0002,0.9992,0.0004,0.0000,0.0000
BELIKPJO_00485,Cytoplasmic,0.0001,0.0002,0.9995,0.0002,0.0000,0.0000
BELIKPJO_00486,Cytoplasmic Membrane,0.0000,0.0001,0.0000,0.9979,0.0020,0.0000
BELIKPJO_00487,Cytoplasmic,0.0046,0.0039,0.9260,0.0231,0.0385,0.0039
BELIKPJO_00488,Cytoplasmic Membrane,0.0000,0.0000,0.0000,0.9990,0.0009,0.0000
BELIKPJO_00489,Cytoplasmic Membrane,0.0005,0.0204,0.0373,0.9001,0.0414,0.0004
BELIKPJO_00490,Cytoplasmic Membrane,0.0008,0.0478,0.2150,0.6978,0.0383,0.0003
BELIKPJO_00491,Cytoplasmic Membrane,0.0000,0.0008,0.0000,0.9982,0.0009,0.0000
BELIKPJO_00492,Cytoplasmic Membrane,0.0002,0.0015,0.0093,0.9785,0.0104,0.0000
BELIKPJO_00493,Cytoplasmic,0.0008,0.0079,0.9008,0.0229,0.0666,0.0010
BELIKPJO_00494,Cytoplasmic,0.0004,0.0005,0.9567,0.0401,0.0022,0.0001
BELIKPJO_00495,Extracellular,0.0072,0.9921,0.0000,0.0005,0.0002,0.0001
BELIKPJO_00496,Cytoplasmic Membrane,0.0006,0.0150,0.1629,0.7494,0.0706,0.0015
BELIKPJO_00497,Cytoplasmic Membrane,0.0000,0.0002,0.0056,0.9910,0.0032,0.0000
BELIKPJO_00498,Cytoplasmic Membrane,0.0000,0.0001,0.0001,0.9987,0.0012,0.0000
BELIKPJO_00499,Cytoplasmic Membrane,0.0000,0.0008,0.0000,0.9986,0.0006,0.0000
BELIKPJO_00500,Cytoplasmic Membrane,0.0000,0.0004,0.0000,0.9993,0.0002,0.0000
BELIKPJO_00501,Cytoplasmic Membrane,0.0049,0.0027,0.3681,0.6125,0.0114,0.0003
BELIKPJO_00502,Cytoplasmic,0.0067,0.0035,0.7404,0.2368,0.0117,0.0009
BELIKPJO_00503,Cytoplasmic Membrane,0.0004,0.0015,0.2214,0.7544,0.0220,0.0003
BELIKPJO_00504,Cytoplasmic Membrane,0.0000,0.0000,0.0000,0.9995,0.0004,0.0000
BELIKPJO_00505,Cytoplasmic Membrane,0.0000,0.0002,0.0000,0.9903,0.0094,0.0000
BELIKPJO_00506,Cytoplasmic Membrane,0.0000,0.0001,0.0000,0.9995,0.0004,0.0000
BELIKPJO_00507,Cytoplasmic Membrane,0.0000,0.0001,0.0493,0.9033,0.0473,0.0001
BELIKPJO_00508,Cytoplasmic,0.0004,0.0001,0.9929,0.0066,0.0001,0.0000
BELIKPJO_00509,Cytoplasmic,0.0004,0.0017,0.9688,0.0045,0.0162,0.0085
BELIKPJO_00510,Cytoplasmic,0.0000,0.0000,0.9994,0.0000,0.0005,0.0002
BELIKPJO_00511,Cytoplasmic,0.0008,0.0032,0.8552,0.1160,0.0241,0.0006
BELIKPJO_00512,Cytoplasmic,0.0014,0.0030,0.5723,0.4166,0.0064,0.0002
BELIKPJO_00513,Cytoplasmic Membrane,0.0005,0.0037,0.3250,0.6640,0.0067,0.0002
BELIKPJO_00514,Cytoplasmic Membrane,0.0000,0.0000,0.0345,0.9534,0.0120,0.0000
BELIKPJO_00515,Cytoplasmic Membrane,0.0000,0.0000,0.0000,0.9998,0.0001,0.0000
BELIKPJO_00516,Cytoplasmic Membrane,0.0000,0.0000,0.0000,0.9998,0.0002,0.0000
BELIKPJO_00517,Cytoplasmic,0.0000,0.0001,0.9978,0.0008,0.0013,0.0000
BELIKPJO_00518,Cytoplasmic,0.0000,0.0001,0.9797,0.0001,0.0037,0.0163
BELIKPJO_00519,Cytoplasmic Membrane,0.0000,0.0015,0.0002,0.9972,0.0010,0.0000
BELIKPJO_00520,Cytoplasmic,0.0001,0.0038,0.9875,0.0032,0.0054,0.0000
BELIKPJO_00521,Cytoplasmic,0.0003,0.0015,0.9924,0.0016,0.0025,0.0017
BELIKPJO_00522,Cytoplasmic,0.0002,0.0016,0.8934,0.0552,0.0455,0.0041
BELIKPJO_00523,Cytoplasmic,0.0002,0.0004,0.9979,0.0002,0.0008,0.0005
BELIKPJO_00524,Cytoplasmic,0.0002,0.0009,0.9767,0.0221,0.0001,0.0000
BELIKPJO_00525,Cytoplasmic,0.0017,0.0017,0.9908,0.0053,0.0003,0.0001
BELIKPJO_00526,Cytoplasmic Membrane,0.0182,0.0867,0.0128,0.6064,0.2758,0.0000
BELIKPJO_00527,Cytoplasmic Membrane,0.0000,0.0040,0.0002,0.9933,0.0025,0.0000
BELIKPJO_00528,Cytoplasmic Membrane,0.0013,0.1953,0.0001,0.8010,0.0024,0.0001
BELIKPJO_00529,Cytoplasmic,0.0005,0.0010,0.9787,0.0156,0.0035,0.0006
BELIKPJO_00530,Cytoplasmic Membrane,0.0000,0.0000,0.0001,0.9998,0.0002,0.0000
BELIKPJO_00531,Cytoplasmic,0.0001,0.0002,0.9978,0.0009,0.0010,0.0001
BELIKPJO_00532,Cytoplasmic,0.0000,0.0001,0.9994,0.0005,0.0000,0.0000
BELIKPJO_00533,Cytoplasmic Membrane,0.0000,0.0005,0.0004,0.9983,0.0008,0.0000
BELIKPJO_00534,Cytoplasmic,0.0011,0.1517,0.8389,0.0033,0.0012,0.0037
BELIKPJO_00535,Cytoplasmic,0.0049,0.0022,0.9747,0.0179,0.0003,0.0000
BELIKPJO_00536,Cytoplasmic Membrane,0.0000,0.0001,0.0000,0.9982,0.0017,0.0000
BELIKPJO_00537,Cytoplasmic Membrane,0.0000,0.0000,0.0000,1.0000,0.0000,0.0000
BELIKPJO_00538,Cytoplasmic Membrane,0.0046,0.2187,0.0000,0.7394,0.0107,0.0265
BELIKPJO_00539,Cytoplasmic Membrane,0.0000,0.0000,0.0000,0.9998,0.0002,0.0000
BELIKPJO_00540,Cytoplasmic Membrane,0.0000,0.0000,0.0000,1.0000,0.0000,0.0000
BELIKPJO_00541,Cell wall & surface,0.8552,0.0132,0.0001,0.1313,0.0003,0.0000
BELIKPJO_00542,Extracellular,0.0685,0.9011,0.0002,0.0152,0.0145,0.0005
BELIKPJO_00543,Cytoplasmic,0.0003,0.0660,0.9026,0.0289,0.0021,0.0000
BELIKPJO_00544,Cytoplasmic Membrane,0.0000,0.0001,0.0000,0.9996,0.0003,0.0000
BELIKPJO_00545,Cytoplasmic Membrane,0.0000,0.0001,0.0000,0.9997,0.0002,0.0000
BELIKPJO_00546,Cytoplasmic,0.0000,0.0000,0.9996,0.0000,0.0003,0.0000
BELIKPJO_00547,Extracellular,0.1010,0.8912,0.0007,0.0060,0.0008,0.0004
BELIKPJO_00548,Cytoplasmic Membrane,0.0038,0.1096,0.0001,0.8854,0.0010,0.0000
BELIKPJO_00549,Cytoplasmic Membrane,0.0000,0.0001,0.0001,0.9998,0.0001,0.0000
BELIKPJO_00550,Cytoplasmic Membrane,0.0000,0.0000,0.0000,0.9999,0.0000,0.0000
BELIKPJO_00551,Cytoplasmic Membrane,0.0000,0.0000,0.0000,1.0000,0.0000,0.0000
BELIKPJO_00552,Cytoplasmic Membrane,0.0358,0.0624,0.0001,0.8801,0.0200,0.0015
BELIKPJO_00553,Cytoplasmic,0.0019,0.1363,0.8594,0.0015,0.0006,0.0003
BELIKPJO_00554,Cytoplasmic,0.0012,0.0153,0.9796,0.0030,0.0006,0.0004
BELIKPJO_00555,Cytoplasmic Membrane,0.0083,0.1182,0.0005,0.8653,0.0077,0.0000
BELIKPJO_00556,Cytoplasmic,0.0001,0.0049,0.9903,0.0040,0.0007,0.0000
BELIKPJO_00557,Cytoplasmic,0.0029,0.1675,0.3298,0.2487,0.2159,0.0353
BELIKPJO_00558,Cytoplasmic,0.0006,0.0012,0.9884,0.0014,0.0082,0.0002
BELIKPJO_00559,Cytoplasmic Membrane,0.0000,0.0000,0.0000,0.9995,0.0005,0.0000
BELIKPJO_00560,Cytoplasmic,0.0000,0.0004,0.9975,0.0003,0.0014,0.0004
BELIKPJO_00561,Cytoplasmic,0.0001,0.0030,0.9730,0.0124,0.0087,0.0028
BELIKPJO_00562,Cytoplasmic,0.0001,0.0005,0.9645,0.0132,0.0156,0.0062
BELIKPJO_00563,Cytoplasmic,0.0004,0.0005,0.9825,0.0084,0.0062,0.0020
BELIKPJO_00564,Cytoplasmic,0.0001,0.0068,0.9842,0.0004,0.0061,0.0025
BELIKPJO_00565,Cytoplasmic,0.0011,0.0111,0.8731,0.0785,0.0346,0.0018
BELIKPJO_00566,Cytoplasmic,0.0001,0.0014,0.9822,0.0113,0.0049,0.0000
BELIKPJO_00567,Cytoplasmic,0.0020,0.0134,0.9196,0.0180,0.0388,0.0082
BELIKPJO_00568,Cytoplasmic,0.0002,0.0010,0.7238,0.2289,0.0455,0.0006
BELIKPJO_00569,Cytoplasmic,0.0002,0.0091,0.9841,0.0061,0.0004,0.0001
BELIKPJO_00570,Cytoplasmic,0.0002,0.0037,0.9766,0.0014,0.0167,0.0014
BELIKPJO_00571,Cytoplasmic,0.0028,0.2218,0.5390,0.2078,0.0285,0.0001
BELIKPJO_00572,Cytoplasmic Membrane,0.0000,0.0000,0.0000,0.9991,0.0008,0.0000
BELIKPJO_00573,Cytoplasmic Membrane,0.0001,0.0006,0.1801,0.7481,0.0709,0.0002
BELIKPJO_00574,Cytoplasmic,0.0026,0.0574,0.6659,0.2559,0.0179,0.0002
BELIKPJO_00575,Cytoplasmic,0.0002,0.0081,0.8035,0.1582,0.0300,0.0001
BELIKPJO_00576,Cytoplasmic Membrane,0.0000,0.0001,0.0000,0.9979,0.0019,0.0000
BELIKPJO_00577,Cytoplasmic,0.0005,0.0015,0.9787,0.0063,0.0126,0.0003
BELIKPJO_00578,Cytoplasmic Membrane,0.0001,0.0012,0.0001,0.9943,0.0043,0.0000
BELIKPJO_00579,Cytoplasmic,0.0002,0.0010,0.9386,0.0026,0.0572,0.0003
BELIKPJO_00580,Cytoplasmic,0.0001,0.0019,0.9582,0.0388,0.0009,0.0001
BELIKPJO_00581,Cytoplasmic Membrane,0.0000,0.0000,0.0000,0.9996,0.0004,0.0000
BELIKPJO_00582,Cytoplasmic,0.0002,0.0011,0.9864,0.0027,0.0088,0.0008
BELIKPJO_00583,Cytoplasmic,0.0001,0.0004,0.7633,0.2035,0.0324,0.0002
BELIKPJO_00584,Cytoplasmic Membrane,0.0032,0.3132,0.0011,0.6794,0.0032,0.0000
BELIKPJO_00585,Cytoplasmic Membrane,0.0002,0.0145,0.0000,0.8522,0.1329,0.0002
BELIKPJO_00586,Cytoplasmic,0.0000,0.0085,0.9556,0.0351,0.0007,0.0000
BELIKPJO_00587,Cytoplasmic,0.0000,0.0001,0.9994,0.0002,0.0002,0.0001
BELIKPJO_00588,Cytoplasmic,0.0000,0.0000,0.9978,0.0000,0.0021,0.0000
BELIKPJO_00589,Cytoplasmic,0.0004,0.0003,0.9983,0.0003,0.0006,0.0002
BELIKPJO_00590,Cytoplasmic Membrane,0.0000,0.0018,0.0000,0.9979,0.0003,0.0000
BELIKPJO_00591,Cytoplasmic,0.0044,0.0012,0.9484,0.0459,0.0001,0.0000
BELIKPJO_00592,Cytoplasmic,0.0010,0.1020,0.6961,0.1953,0.0054,0.0003
BELIKPJO_00593,Cytoplasmic Membrane,0.0000,0.0001,0.0000,0.9996,0.0003,0.0000
BELIKPJO_00594,Cytoplasmic,0.0002,0.0002,0.9932,0.0027,0.0035,0.0002
BELIKPJO_00595,Cytoplasmic,0.0000,0.0000,0.9998,0.0000,0.0001,0.0000
BELIKPJO_00596,Cytoplasmic Membrane,0.0000,0.0001,0.0000,0.9992,0.0007,0.0000
BELIKPJO_00597,Cytoplasmic,0.0004,0.0042,0.8891,0.0088,0.0366,0.0609
BELIKPJO_00598,Cytoplasmic Membrane,0.0000,0.0001,0.0000,0.9997,0.0002,0.0000
BELIKPJO_00599,Cytoplasmic,0.0019,0.0377,0.7335,0.1006,0.1259,0.0003
BELIKPJO_00600,Cytoplasmic,0.0039,0.0390,0.8336,0.0201,0.1031,0.0004
BELIKPJO_00601,Cytoplasmic,0.0012,0.0018,0.7755,0.0491,0.1577,0.0147
BELIKPJO_00602,Cytoplasmic,0.0001,0.0008,0.9926,0.0014,0.0032,0.0019
BELIKPJO_00603,Cytoplasmic,0.0000,0.0000,0.9998,0.0001,0.0000,0.0000
BELIKPJO_00604,Cytoplasmic,0.0070,0.0024,0.9159,0.0605,0.0118,0.0024
BELIKPJO_00605,Cytoplasmic,0.0001,0.0009,0.7269,0.2459,0.0256,0.0007
BELIKPJO_00606,Cytoplasmic,0.0000,0.0000,0.9960,0.0003,0.0037,0.0000
BELIKPJO_00607,Cytoplasmic,0.0001,0.0007,0.9628,0.0160,0.0197,0.0008
BELIKPJO_00608,Cytoplasmic,0.0000,0.0000,0.9673,0.0000,0.0327,0.0000
BELIKPJO_00609,Cytoplasmic,0.0008,0.0009,0.7575,0.0234,0.2157,0.0016
BELIKPJO_00610,Cytoplasmic,0.0001,0.0003,0.9995,0.0000,0.0000,0.0000
BELIKPJO_00611,Cytoplasmic,0.0005,0.0001,0.9914,0.0079,0.0001,0.0000
BELIKPJO_00612,Cytoplasmic,0.0000,0.0000,0.9945,0.0052,0.0003,0.0000
BELIKPJO_00613,Cytoplasmic Membrane,0.0000,0.0011,0.0000,0.9988,0.0002,0.0000
BELIKPJO_00614,Cytoplasmic,0.0001,0.0018,0.9888,0.0075,0.0017,0.0000
BELIKPJO_00615,Cytoplasmic,0.0004,0.0000,0.9988,0.0002,0.0005,0.0000
BELIKPJO_00616,Cytoplasmic,0.0000,0.0000,0.9980,0.0000,0.0018,0.0002
BELIKPJO_00617,Cytoplasmic,0.0001,0.0000,0.9952,0.0047,0.0001,0.0000
BELIKPJO_00618,Cytoplasmic,0.0000,0.0001,0.9694,0.0259,0.0046,0.0000
BELIKPJO_00619,Cytoplasmic Membrane,0.0000,0.0000,0.0001,0.9997,0.0002,0.0000
BELIKPJO_00620,Cytoplasmic,0.0000,0.0000,0.9998,0.0001,0.0000,0.0001
BELIKPJO_00621,Cytoplasmic Membrane,0.0001,0.0002,0.0003,0.9989,0.0006,0.0000
BELIKPJO_00622,Cytoplasmic,0.0003,0.0005,0.9701,0.0143,0.0147,0.0002
BELIKPJO_00623,Cytoplasmic,0.0000,0.0000,0.9993,0.0000,0.0006,0.0000
BELIKPJO_00624,Cytoplasmic,0.0000,0.0001,0.6030,0.0004,0.3964,0.0001
BELIKPJO_00625,Cytoplasmic,0.0003,0.0012,0.8210,0.0004,0.1767,0.0004
BELIKPJO_00626,Cytoplasmic,0.0000,0.0001,0.9893,0.0018,0.0087,0.0002
BELIKPJO_00627,Cytoplasmic,0.0008,0.0001,0.9942,0.0049,0.0000,0.0000
BELIKPJO_00628,Cytoplasmic,0.0002,0.0010,0.9921,0.0039,0.0026,0.0002
BELIKPJO_00629,Cytoplasmic,0.0003,0.0007,0.9955,0.0021,0.0012,0.0002
BELIKPJO_00630,Cytoplasmic,0.0001,0.0027,0.9926,0.0004,0.0037,0.0004
BELIKPJO_00631,Cytoplasmic,0.0052,0.0018,0.9698,0.0208,0.0016,0.0007
BELIKPJO_00632,Cytoplasmic,0.0003,0.0003,0.9988,0.0003,0.0002,0.0001
BELIKPJO_00633,Cytoplasmic,0.0001,0.0001,0.9902,0.0096,0.0000,0.0000
BELIKPJO_00634,Cytoplasmic Membrane,0.0000,0.0033,0.0002,0.9916,0.0048,0.0001
BELIKPJO_00635,Cytoplasmic,0.0008,0.0006,0.9967,0.0015,0.0004,0.0001
BELIKPJO_00636,Cytoplasmic,0.0004,0.0010,0.7407,0.0242,0.2325,0.0011
BELIKPJO_00637,Cytoplasmic Membrane,0.0000,0.0000,0.0000,0.9988,0.0011,0.0000
BELIKPJO_00638,Cytoplasmic,0.0003,0.0044,0.9768,0.0061,0.0100,0.0024
BELIKPJO_00639,Cytoplasmic,0.0001,0.0011,0.9982,0.0003,0.0002,0.0000
BELIKPJO_00640,Cytoplasmic,0.0001,0.0092,0.9860,0.0044,0.0002,0.0000
BELIKPJO_00641,Cytoplasmic,0.0001,0.0002,0.9828,0.0161,0.0007,0.0001
BELIKPJO_00642,Cytoplasmic Membrane,0.0000,0.0004,0.0000,0.9994,0.0002,0.0000
BELIKPJO_00643,Cytoplasmic,0.0001,0.0000,0.9994,0.0001,0.0002,0.0001
BELIKPJO_00644,Cytoplasmic,0.0002,0.0002,0.9984,0.0011,0.0001,0.0000
BELIKPJO_00645,Cytoplasmic,0.0000,0.0001,0.9956,0.0019,0.0019,0.0004
BELIKPJO_00646,Cytoplasmic Membrane,0.0000,0.0000,0.0000,0.9991,0.0009,0.0000
BELIKPJO_00647,Cytoplasmic,0.0000,0.0004,0.9976,0.0009,0.0009,0.0002
BELIKPJO_00648,Cytoplasmic,0.0003,0.0160,0.9605,0.0088,0.0142,0.0001
BELIKPJO_00649,Cytoplasmic Membrane,0.0000,0.0000,0.0000,0.9992,0.0008,0.0000
BELIKPJO_00650,Cytoplasmic,0.0081,0.0004,0.5164,0.0000,0.4749,0.0001
BELIKPJO_00651,Cytoplasmic,0.0001,0.0030,0.9260,0.0503,0.0201,0.0004
BELIKPJO_00652,Cytoplasmic,0.0001,0.0003,0.9924,0.0020,0.0024,0.0028
BELIKPJO_00653,Cytoplasmic,0.0020,0.0010,0.9837,0.0132,0.0000,0.0000
BELIKPJO_00654,Cytoplasmic Membrane,0.0000,0.0043,0.1088,0.8866,0.0003,0.0000
BELIKPJO_00655,Cytoplasmic,0.0003,0.0012,0.9523,0.0097,0.0342,0.0023
BELIKPJO_00656,Cytoplasmic Membrane,0.0248,0.0902,0.0037,0.8785,0.0028,0.0000
BELIKPJO_00657,Cytoplasmic Membrane,0.0001,0.0015,0.0003,0.9969,0.0013,0.0000
BELIKPJO_00658,Cytoplasmic,0.0001,0.0004,0.9923,0.0013,0.0055,0.0005
BELIKPJO_00659,Cytoplasmic,0.0002,0.0000,0.9992,0.0001,0.0004,0.0000
BELIKPJO_00660,Cytoplasmic,0.0006,0.0008,0.9604,0.0364,0.0016,0.0001
BELIKPJO_00661,Cytoplasmic,0.0022,0.0010,0.9850,0.0092,0.0021,0.0004
BELIKPJO_00662,Cytoplasmic Membrane,0.0002,0.0048,0.0010,0.9939,0.0002,0.0000
BELIKPJO_00663,Cytoplasmic,0.0014,0.0040,0.8936,0.0402,0.0582,0.0025
BELIKPJO_00664,Cytoplasmic Membrane,0.0000,0.0003,0.0000,0.9996,0.0001,0.0000
BELIKPJO_00665,Cytoplasmic,0.0009,0.1494,0.7930,0.0445,0.0117,0.0004
BELIKPJO_00666,Cytoplasmic,0.0004,0.0004,0.9931,0.0058,0.0002,0.0000
BELIKPJO_00667,Cytoplasmic,0.0000,0.0001,0.9941,0.0004,0.0052,0.0002
BELIKPJO_00668,Cytoplasmic,0.0000,0.0000,0.9966,0.0031,0.0002,0.0000
BELIKPJO_00669,Cytoplasmic,0.0001,0.0391,0.7605,0.1905,0.0090,0.0008
BELIKPJO_00670,Cytoplasmic Membrane,0.0000,0.0000,0.0000,0.9999,0.0001,0.0000
BELIKPJO_00671,Cytoplasmic Membrane,0.0000,0.0000,0.0001,0.9984,0.0014,0.0000
BELIKPJO_00672,Cytoplasmic Membrane,0.0000,0.0000,0.0000,0.9992,0.0007,0.0001
BELIKPJO_00673,Cell wall & surface,0.7577,0.2375,0.0004,0.0020,0.0024,0.0000
BELIKPJO_00674,Cytoplasmic,0.0059,0.1956,0.7640,0.0092,0.0251,0.0001
BELIKPJO_00675,Cytoplasmic,0.0003,0.0100,0.9815,0.0039,0.0043,0.0000
BELIKPJO_00676,Cytoplasmic Membrane,0.0010,0.0164,0.1684,0.7878,0.0255,0.0009
BELIKPJO_00677,Cytoplasmic,0.0000,0.0000,0.9993,0.0000,0.0007,0.0000
BELIKPJO_00678,Cytoplasmic,0.0026,0.0181,0.9720,0.0036,0.0032,0.0006
BELIKPJO_00679,Cytoplasmic,0.0001,0.0006,0.9981,0.0001,0.0010,0.0000
BELIKPJO_00680,Cytoplasmic,0.0009,0.0046,0.9813,0.0091,0.0040,0.0001
BELIKPJO_00681,Cytoplasmic,0.0004,0.0005,0.9986,0.0002,0.0001,0.0002
BELIKPJO_00682,Cytoplasmic Membrane,0.0097,0.0755,0.0000,0.9117,0.0030,0.0001
BELIKPJO_00683,Cytoplasmic,0.0001,0.0004,0.9809,0.0039,0.0147,0.0001
BELIKPJO_00684,Cytoplasmic Membrane,0.0009,0.1525,0.0044,0.8105,0.0317,0.0000
BELIKPJO_00685,Cytoplasmic Membrane,0.0004,0.1202,0.0003,0.8755,0.0035,0.0000
BELIKPJO_00686,Cytoplasmic Membrane,0.0076,0.2537,0.0017,0.6982,0.0385,0.0003
BELIKPJO_00687,Cytoplasmic,0.0004,0.0035,0.9469,0.0487,0.0004,0.0000
BELIKPJO_00688,Cytoplasmic,0.0004,0.0156,0.9310,0.0350,0.0178,0.0002
BELIKPJO_00689,Cytoplasmic,0.0001,0.0010,0.9957,0.0012,0.0016,0.0004
BELIKPJO_00690,Cytoplasmic,0.0188,0.2448,0.6989,0.0058,0.0313,0.0004
BELIKPJO_00691,Cytoplasmic,0.0001,0.3812,0.5691,0.0212,0.0274,0.0009
BELIKPJO_00692,Cytoplasmic,0.0001,0.0003,0.9908,0.0013,0.0076,0.0000
BELIKPJO_00693,Cytoplasmic,0.0042,0.0156,0.7858,0.1749,0.0193,0.0002
BELIKPJO_00694,Cytoplasmic,0.0003,0.0003,0.9981,0.0001,0.0012,0.0001
BELIKPJO_00695,Cytoplasmic,0.0046,0.0564,0.8237,0.1049,0.0101,0.0002
BELIKPJO_00696,Cytoplasmic,0.0004,0.0304,0.8634,0.1046,0.0012,0.0000
BELIKPJO_00697,Cytoplasmic,0.0002,0.0020,0.9753,0.0102,0.0123,0.0001
BELIKPJO_00698,Cytoplasmic,0.0063,0.0062,0.8356,0.1131,0.0369,0.0019
BELIKPJO_00699,Cytoplasmic Membrane,0.0000,0.0172,0.0001,0.9744,0.0082,0.0001
BELIKPJO_00700,Cytoplasmic,0.0032,0.0418,0.9299,0.0084,0.0164,0.0003
BELIKPJO_00701,Cytoplasmic,0.0001,0.0827,0.8850,0.0263,0.0058,0.0001
BELIKPJO_00702,Cytoplasmic,0.0001,0.0000,0.9991,0.0000,0.0008,0.0000
BELIKPJO_00703,Cytoplasmic,0.0044,0.1474,0.8197,0.0100,0.0181,0.0004
BELIKPJO_00704,Cytoplasmic,0.0004,0.0229,0.8470,0.1127,0.0169,0.0001
BELIKPJO_00705,Extracellular,0.0001,0.6576,0.3388,0.0022,0.0013,0.0000
BELIKPJO_00706,Cytoplasmic,0.0006,0.2483,0.7347,0.0038,0.0126,0.0000
BELIKPJO_00707,Cytoplasmic Membrane,0.0000,0.0012,0.0000,0.9977,0.0011,0.0000
BELIKPJO_00708,Extracellular,0.0000,0.9996,0.0000,0.0001,0.0002,0.0000
BELIKPJO_00709,Cytoplasmic Membrane,0.0008,0.0342,0.0003,0.6338,0.3301,0.0009
BELIKPJO_00710,Cytoplasmic Membrane,0.0002,0.0044,0.0002,0.9885,0.0068,0.0000
BELIKPJO_00711,Cytoplasmic,0.0001,0.0064,0.9860,0.0041,0.0030,0.0005
BELIKPJO_00712,Cytoplasmic,0.0090,0.1467,0.7539,0.0824,0.0077,0.0003
BELIKPJO_00713,Cytoplasmic,0.0003,0.1324,0.8469,0.0077,0.0121,0.0006
BELIKPJO_00714,Cytoplasmic,0.0025,0.2042,0.7287,0.0509,0.0137,0.0001
BELIKPJO_00715,Cytoplasmic,0.0004,0.1774,0.6423,0.1658,0.0132,0.0011
BELIKPJO_00716,Cytoplasmic,0.0207,0.0619,0.8318,0.0037,0.0816,0.0004
BELIKPJO_00717,Extracellular,0.0245,0.5097,0.3684,0.0822,0.0149,0.0003
BELIKPJO_00718,Cytoplasmic,0.0021,0.1189,0.7252,0.1470,0.0066,0.0001
BELIKPJO_00719,Cytoplasmic,0.0004,0.4592,0.5348,0.0008,0.0017,0.0033
BELIKPJO_00720,Cytoplasmic,0.0006,0.1705,0.8152,0.0035,0.0102,0.0000
BELIKPJO_00721,Cytoplasmic Membrane,0.0547,0.0582,0.0008,0.8774,0.0090,0.0000
BELIKPJO_00722,Cytoplasmic,0.0010,0.0183,0.8070,0.0121,0.1605,0.0010
BELIKPJO_00723,Cytoplasmic,0.0001,0.1010,0.8950,0.0006,0.0032,0.0001
BELIKPJO_00724,Cytoplasmic,0.0076,0.0097,0.9102,0.0022,0.0701,0.0001
BELIKPJO_00725,Cytoplasmic,0.0188,0.2448,0.6989,0.0058,0.0313,0.0004
BELIKPJO_00726,Cytoplasmic,0.0004,0.3093,0.6854,0.0016,0.0033,0.0000
BELIKPJO_00727,Cytoplasmic,0.0001,0.1182,0.8765,0.0023,0.0029,0.0000
BELIKPJO_00728,Cytoplasmic,0.0120,0.0195,0.7746,0.1897,0.0043,0.0001
BELIKPJO_00729,Extracellular,0.0670,0.4230,0.3735,0.1335,0.0029,0.0001
BELIKPJO_00730,Cytoplasmic,0.0018,0.0623,0.7283,0.0100,0.1974,0.0002
BELIKPJO_00731,Cytoplasmic,0.0006,0.2304,0.6979,0.0665,0.0046,0.0000
BELIKPJO_00732,Cytoplasmic,0.0004,0.0424,0.6815,0.2748,0.0008,0.0000
BELIKPJO_00733,Cytoplasmic,0.0012,0.0261,0.9616,0.0068,0.0042,0.0002
BELIKPJO_00734,Cytoplasmic,0.0004,0.0421,0.9036,0.0484,0.0053,0.0001
BELIKPJO_00735,Cytoplasmic Membrane,0.0038,0.2669,0.0054,0.7206,0.0033,0.0001
BELIKPJO_00736,Cytoplasmic,0.0033,0.2281,0.7595,0.0035,0.0056,0.0000
BELIKPJO_00737,Cytoplasmic Membrane,0.0001,0.0018,0.0001,0.9964,0.0017,0.0000
BELIKPJO_00738,Extracellular,0.0007,0.9792,0.0000,0.0147,0.0054,0.0000
BELIKPJO_00739,Cytoplasmic,0.0028,0.0103,0.9799,0.0033,0.0033,0.0004
BELIKPJO_00740,Cytoplasmic Membrane,0.0000,0.0016,0.0001,0.9944,0.0038,0.0000
BELIKPJO_00741,Cytoplasmic,0.0034,0.1986,0.6133,0.0793,0.1036,0.0018
BELIKPJO_00742,Cytoplasmic,0.0001,0.0001,0.9955,0.0000,0.0043,0.0000
BELIKPJO_00744,Cytoplasmic,0.0001,0.0100,0.9351,0.0119,0.0429,0.0000
BELIKPJO_00745,Extracellular,0.0011,0.7371,0.1598,0.0811,0.0206,0.0003
BELIKPJO_00746,Cytoplasmic Membrane,0.0000,0.0002,0.0000,0.9983,0.0014,0.0000
BELIKPJO_00747,Cytoplasmic,0.0000,0.0086,0.9368,0.0015,0.0528,0.0002
BELIKPJO_00748,Cytoplasmic,0.0007,0.0398,0.9141,0.0375,0.0079,0.0001
BELIKPJO_00749,Cytoplasmic,0.0031,0.1503,0.5688,0.0339,0.2413,0.0026
BELIKPJO_00750,Cytoplasmic,0.0005,0.0202,0.9348,0.0252,0.0192,0.0001
BELIKPJO_00751,Cytoplasmic,0.0000,0.0010,0.6080,0.0077,0.3832,0.0001
BELIKPJO_00752,Extracellular,0.0013,0.6411,0.2187,0.1284,0.0103,0.0002
BELIKPJO_00753,Cytoplasmic,0.0007,0.0011,0.9918,0.0009,0.0055,0.0000
BELIKPJO_00754,Cytoplasmic,0.0035,0.1526,0.8197,0.0057,0.0182,0.0003
BELIKPJO_00755,Extracellular,0.0001,0.9987,0.0000,0.0011,0.0002,0.0000
BELIKPJO_00756,Cytoplasmic Membrane,0.0000,0.0088,0.0002,0.9885,0.0025,0.0000
BELIKPJO_00757,Cytoplasmic Membrane,0.0004,0.0252,0.3636,0.4151,0.1444,0.0513
BELIKPJO_00758,Cytoplasmic,0.0188,0.2448,0.6989,0.0058,0.0313,0.0004
BELIKPJO_00759,Cytoplasmic Membrane,0.0004,0.0055,0.0174,0.9734,0.0030,0.0003
BELIKPJO_00760,Cytoplasmic Membrane,0.0001,0.0383,0.0005,0.9537,0.0073,0.0000
BELIKPJO_00761,Cytoplasmic,0.0007,0.0004,0.9977,0.0005,0.0005,0.0002
BELIKPJO_00762,Cytoplasmic,0.0013,0.0001,0.9954,0.0031,0.0001,0.0000
BELIKPJO_00763,Cytoplasmic,0.0023,0.0004,0.9912,0.0049,0.0008,0.0005
BELIKPJO_00764,Cytoplasmic Membrane,0.0009,0.2729,0.0001,0.7187,0.0073,0.0000
BELIKPJO_00765,Extracellular,0.0022,0.4263,0.4000,0.1375,0.0338,0.0002
BELIKPJO_00766,Cytoplasmic,0.0001,0.0022,0.9976,0.0001,0.0001,0.0000
BELIKPJO_00767,Cytoplasmic,0.0016,0.0089,0.9543,0.0149,0.0197,0.0006
BELIKPJO_00768,Cytoplasmic,0.0017,0.0025,0.8621,0.1210,0.0127,0.0001
BELIKPJO_00769,Cytoplasmic Membrane,0.0001,0.1911,0.0001,0.8080,0.0008,0.0000
BELIKPJO_00770,Cytoplasmic,0.0003,0.0009,0.9983,0.0002,0.0003,0.0001
BELIKPJO_00771,Cytoplasmic Membrane,0.0000,0.0039,0.0000,0.9949,0.0012,0.0000
BELIKPJO_00772,Cytoplasmic,0.0000,0.0002,0.9969,0.0003,0.0021,0.0005
BELIKPJO_00773,Cytoplasmic,0.0002,0.0003,0.9654,0.0014,0.0322,0.0006
BELIKPJO_00774,Cytoplasmic,0.0017,0.0019,0.9871,0.0064,0.0022,0.0006
BELIKPJO_00775,Cytoplasmic Membrane,0.0000,0.0000,0.0017,0.9976,0.0007,0.0000
BELIKPJO_00776,Cytoplasmic,0.0001,0.0002,0.9995,0.0002,0.0000,0.0000
BELIKPJO_00777,Cytoplasmic,0.0052,0.0005,0.9920,0.0022,0.0000,0.0000
BELIKPJO_00778,Cytoplasmic,0.0058,0.0268,0.8840,0.0824,0.0010,0.0001
BELIKPJO_00779,Cytoplasmic,0.0008,0.0754,0.7606,0.1425,0.0203,0.0004
BELIKPJO_00780,Cytoplasmic,0.0010,0.0540,0.9363,0.0041,0.0045,0.0002
BELIKPJO_00781,Cytoplasmic,0.0002,0.0495,0.6277,0.3047,0.0177,0.0002
BELIKPJO_00782,Extracellular,0.3131,0.6322,0.0291,0.0206,0.0025,0.0024
BELIKPJO_00783,Cytoplasmic Membrane,0.4009,0.0736,0.0005,0.5248,0.0003,0.0000
BELIKPJO_00784,Cell wall & surface,0.5013,0.3863,0.0009,0.0029,0.1085,0.0002
BELIKPJO_00785,Cell wall & surface,0.5088,0.3436,0.0004,0.0018,0.1451,0.0002
BELIKPJO_00786,Cytoplasmic Membrane,0.0006,0.0030,0.0000,0.9961,0.0003,0.0000
BELIKPJO_00787,Cytoplasmic,0.0000,0.0006,0.9991,0.0001,0.0001,0.0000
BELIKPJO_00788,Cytoplasmic Membrane,0.0000,0.0000,0.0000,0.9997,0.0002,0.0000
BELIKPJO_00789,Cytoplasmic,0.0000,0.0001,0.9974,0.0001,0.0023,0.0001
BELIKPJO_00790,Cytoplasmic,0.0003,0.0167,0.9662,0.0085,0.0057,0.0027
BELIKPJO_00791,Cytoplasmic,0.0038,0.0012,0.9795,0.0148,0.0007,0.0000
BELIKPJO_00792,Cytoplasmic,0.0016,0.0055,0.9313,0.0615,0.0001,0.0000
BELIKPJO_00793,Cytoplasmic,0.0032,0.0062,0.9775,0.0039,0.0076,0.0015
BELIKPJO_00794,Cytoplasmic,0.0002,0.0038,0.9873,0.0084,0.0002,0.0000
BELIKPJO_00795,Cytoplasmic,0.0000,0.0001,0.9998,0.0001,0.0000,0.0000
BELIKPJO_00796,Cytoplasmic,0.0003,0.0091,0.9707,0.0158,0.0040,0.0000
BELIKPJO_00797,Cytoplasmic,0.0000,0.0000,0.9959,0.0037,0.0003,0.0000
BELIKPJO_00798,Cytoplasmic,0.0010,0.0002,0.9377,0.0611,0.0000,0.0000
BELIKPJO_00799,Cytoplasmic Membrane,0.0000,0.0001,0.0000,0.9995,0.0004,0.0000
BELIKPJO_00800,Cytoplasmic,0.0000,0.0001,0.9997,0.0001,0.0000,0.0000
BELIKPJO_00801,Cytoplasmic,0.0003,0.0009,0.9901,0.0070,0.0010,0.0007
BELIKPJO_00802,Cytoplasmic,0.0000,0.0002,0.9958,0.0004,0.0034,0.0001
BELIKPJO_00803,Cytoplasmic,0.0000,0.0001,0.9997,0.0001,0.0000,0.0000
BELIKPJO_00804,Cytoplasmic,0.0012,0.0001,0.9713,0.0274,0.0000,0.0000
BELIKPJO_00805,Cytoplasmic Membrane,0.0000,0.0001,0.1445,0.8554,0.0001,0.0000
BELIKPJO_00806,Cytoplasmic Membrane,0.0000,0.0000,0.0006,0.9981,0.0012,0.0000
BELIKPJO_00807,Cytoplasmic,0.0005,0.0003,0.9382,0.0566,0.0040,0.0004
BELIKPJO_00808,Cytoplasmic Membrane,0.0001,0.0006,0.0002,0.9945,0.0045,0.0001
BELIKPJO_00809,Cytoplasmic,0.0003,0.0029,0.9934,0.0008,0.0020,0.0006
BELIKPJO_00810,Cytoplasmic,0.0010,0.0003,0.9980,0.0007,0.0001,0.0000
BELIKPJO_00811,Cytoplasmic,0.0000,0.0053,0.9769,0.0072,0.0088,0.0018
BELIKPJO_00812,Cytoplasmic,0.0002,0.0124,0.9794,0.0046,0.0033,0.0001
BELIKPJO_00813,Cytoplasmic Membrane,0.0002,0.0002,0.2230,0.7634,0.0130,0.0002
BELIKPJO_00814,Cytoplasmic Membrane,0.0000,0.0000,0.0000,1.0000,0.0000,0.0000
BELIKPJO_00815,Cytoplasmic Membrane,0.0000,0.0000,0.0000,1.0000,0.0000,0.0000
BELIKPJO_00816,Cytoplasmic Membrane,0.0020,0.0286,0.0003,0.9636,0.0055,0.0000
BELIKPJO_00817,Cytoplasmic,0.0026,0.2700,0.6810,0.0351,0.0112,0.0001
BELIKPJO_00818,Extracellular,0.0001,0.6505,0.2867,0.0520,0.0106,0.0000
BELIKPJO_00819,Cytoplasmic,0.0005,0.1449,0.6538,0.1290,0.0718,0.0001
BELIKPJO_00820,Cytoplasmic,0.0010,0.0540,0.9363,0.0041,0.0045,0.0002
BELIKPJO_00821,Cytoplasmic Membrane,0.0049,0.1600,0.1577,0.6756,0.0018,0.0000
BELIKPJO_00822,Cytoplasmic Membrane,0.0000,0.0023,0.0001,0.9975,0.0001,0.0000
BELIKPJO_00823,Cytoplasmic Membrane,0.0000,0.0003,0.0001,0.9972,0.0023,0.0000
BELIKPJO_00824,Cytoplasmic,0.0004,0.0001,0.9984,0.0008,0.0002,0.0001
BELIKPJO_00825,Cytoplasmic,0.0051,0.0212,0.8777,0.0946,0.0015,0.0000
BELIKPJO_00826,Cytoplasmic,0.0003,0.0004,0.9503,0.0476,0.0013,0.0001
BELIKPJO_00827,Cytoplasmic Membrane,0.0007,0.0383,0.0342,0.7586,0.1675,0.0007
BELIKPJO_00828,Cytoplasmic Membrane,0.0000,0.0005,0.0000,0.9986,0.0008,0.0000
BELIKPJO_00829,Cytoplasmic Membrane,0.0010,0.0010,0.1084,0.8686,0.0202,0.0007
BELIKPJO_00830,Cytoplasmic,0.0003,0.0010,0.8771,0.1188,0.0028,0.0001
BELIKPJO_00831,Cytoplasmic,0.0014,0.0008,0.9848,0.0120,0.0008,0.0002
BELIKPJO_00832,Cytoplasmic,0.0000,0.0002,0.9983,0.0005,0.0010,0.0000
BELIKPJO_00833,Cytoplasmic Membrane,0.0000,0.0019,0.0000,0.9976,0.0004,0.0000
BELIKPJO_00834,Cytoplasmic Membrane,0.0000,0.0003,0.0000,0.9995,0.0002,0.0000
BELIKPJO_00835,Cytoplasmic,0.0000,0.0000,0.9976,0.0001,0.0023,0.0000
BELIKPJO_00836,Cytoplasmic,0.0010,0.0058,0.9458,0.0010,0.0458,0.0007
BELIKPJO_00837,Cytoplasmic,0.0003,0.0008,0.9061,0.0922,0.0006,0.0000
BELIKPJO_00838,Cytoplasmic,0.0160,0.0008,0.6871,0.2957,0.0004,0.0000
BELIKPJO_00839,Extracellular,0.2487,0.7313,0.0006,0.0194,0.0000,0.0000
BELIKPJO_00840,Cytoplasmic,0.0010,0.0540,0.9363,0.0041,0.0045,0.0002
BELIKPJO_00841,Cytoplasmic Membrane,0.0000,0.0000,0.0000,0.9996,0.0004,0.0000
BELIKPJO_00842,Cytoplasmic,0.0004,0.0012,0.8970,0.0696,0.0317,0.0002
BELIKPJO_00843,Cytoplasmic,0.0005,0.0005,0.9964,0.0007,0.0017,0.0002
BELIKPJO_00844,Cytoplasmic Membrane,0.0000,0.0000,0.0000,0.9999,0.0001,0.0000
BELIKPJO_00845,Cytoplasmic,0.0001,0.0008,0.9681,0.0071,0.0227,0.0012
BELIKPJO_00846,Cytoplasmic,0.0003,0.0000,0.9992,0.0002,0.0003,0.0001
BELIKPJO_00847,Cytoplasmic Membrane,0.0000,0.0001,0.0000,0.9988,0.0011,0.0000
BELIKPJO_00848,Cytoplasmic,0.0002,0.0013,0.9968,0.0012,0.0001,0.0003
BELIKPJO_00849,Cytoplasmic,0.0001,0.0000,0.9989,0.0008,0.0002,0.0000
BELIKPJO_00850,Cytoplasmic,0.0000,0.0002,0.7248,0.0001,0.2748,0.0001
BELIKPJO_00851,Cytoplasmic Membrane,0.0000,0.0000,0.0000,0.9997,0.0002,0.0000
BELIKPJO_00852,Cytoplasmic Membrane,0.0000,0.0053,0.0002,0.9786,0.0159,0.0000
BELIKPJO_00853,Cytoplasmic Membrane,0.0000,0.0002,0.0000,0.9989,0.0008,0.0000
BELIKPJO_00854,Cytoplasmic,0.0094,0.0008,0.7129,0.2751,0.0008,0.0011
BELIKPJO_00855,Cytoplasmic,0.0013,0.0033,0.4822,0.3176,0.1917,0.0040
BELIKPJO_00856,Cytoplasmic Membrane,0.0049,0.0073,0.4001,0.5391,0.0454,0.0031
BELIKPJO_00857,Cytoplasmic,0.0013,0.0016,0.4514,0.4500,0.0944,0.0014
BELIKPJO_00858,Cytoplasmic,0.0002,0.0034,0.6932,0.2471,0.0554,0.0007
BELIKPJO_00859,Cytoplasmic Membrane,0.0000,0.0000,0.0000,0.9994,0.0005,0.0000
BELIKPJO_00860,Cytoplasmic,0.0020,0.0010,0.9757,0.0163,0.0050,0.0000
BELIKPJO_00861,Cytoplasmic Membrane,0.0000,0.0011,0.0000,0.9987,0.0002,0.0000
BELIKPJO_00862,Cytoplasmic,0.0001,0.0010,0.9981,0.0006,0.0001,0.0001
BELIKPJO_00863,Cytoplasmic Membrane,0.0000,0.0000,0.0000,0.9999,0.0000,0.0000
BELIKPJO_00864,Cytoplasmic,0.0002,0.0018,0.9840,0.0006,0.0046,0.0088
BELIKPJO_00865,Cytoplasmic,0.0023,0.0021,0.8982,0.0956,0.0014,0.0004
BELIKPJO_00866,Cytoplasmic Membrane,0.0000,0.0004,0.0001,0.9982,0.0012,0.0000
BELIKPJO_00867,Cytoplasmic,0.0007,0.0585,0.9260,0.0014,0.0078,0.0055
BELIKPJO_00868,Cytoplasmic,0.0001,0.0003,0.9985,0.0002,0.0009,0.0001
BELIKPJO_00869,Cytoplasmic,0.0000,0.0000,0.9969,0.0030,0.0000,0.0000
BELIKPJO_00870,Cytoplasmic Membrane,0.0000,0.0006,0.0000,0.9989,0.0005,0.0000
BELIKPJO_00871,Cytoplasmic Membrane,0.0000,0.0000,0.0000,0.9998,0.0001,0.0000
BELIKPJO_00872,Cytoplasmic,0.0018,0.0034,0.9759,0.0187,0.0001,0.0000
BELIKPJO_00873,Cytoplasmic,0.0009,0.0010,0.9906,0.0075,0.0000,0.0000
BELIKPJO_00874,Cytoplasmic,0.0000,0.0003,0.9980,0.0013,0.0002,0.0002
BELIKPJO_00875,Cytoplasmic Membrane,0.0001,0.0008,0.0013,0.9968,0.0010,0.0000
BELIKPJO_00876,Cytoplasmic,0.0001,0.0031,0.9950,0.0006,0.0011,0.0001
BELIKPJO_00877,Cytoplasmic,0.0001,0.0026,0.8843,0.0008,0.1121,0.0002
BELIKPJO_00878,Cytoplasmic,0.0004,0.0002,0.6490,0.3395,0.0090,0.0020
BELIKPJO_00879,Cytoplasmic,0.0002,0.0005,0.9872,0.0046,0.0071,0.0004
BELIKPJO_00880,Cytoplasmic,0.0000,0.0005,0.9909,0.0053,0.0014,0.0019
BELIKPJO_00881,Cytoplasmic,0.0023,0.0151,0.7221,0.1044,0.1316,0.0246
BELIKPJO_00882,Cytoplasmic,0.0001,0.0007,0.9924,0.0018,0.0009,0.0041
BELIKPJO_00883,Cytoplasmic,0.0004,0.0053,0.9694,0.0113,0.0120,0.0015
BELIKPJO_00884,Cytoplasmic,0.0000,0.0029,0.9502,0.0082,0.0339,0.0048
BELIKPJO_00885,Cytoplasmic,0.0001,0.0027,0.7944,0.0221,0.1786,0.0021
BELIKPJO_00886,Cytoplasmic,0.0004,0.0026,0.9531,0.0027,0.0403,0.0010
BELIKPJO_00887,Cytoplasmic,0.0001,0.0003,0.9963,0.0001,0.0029,0.0003
BELIKPJO_00888,Cytoplasmic Membrane,0.0000,0.0000,0.0000,0.9998,0.0002,0.0000
BELIKPJO_00889,Cytoplasmic,0.0019,0.0150,0.9735,0.0052,0.0043,0.0001
BELIKPJO_00890,Cytoplasmic,0.0002,0.0003,0.9981,0.0004,0.0009,0.0001
BELIKPJO_00891,Cytoplasmic,0.0007,0.0023,0.9698,0.0106,0.0158,0.0009
BELIKPJO_00892,Cytoplasmic,0.0000,0.0005,0.9994,0.0000,0.0000,0.0000
BELIKPJO_00893,Cytoplasmic,0.0001,0.0008,0.9980,0.0007,0.0002,0.0003
BELIKPJO_00894,Cytoplasmic,0.0007,0.0032,0.9846,0.0065,0.0027,0.0023
BELIKPJO_00895,Cytoplasmic,0.0006,0.0007,0.9848,0.0017,0.0007,0.0115
BELIKPJO_00896,Cytoplasmic,0.0003,0.0227,0.8459,0.1227,0.0062,0.0021
BELIKPJO_00897,Cytoplasmic,0.0005,0.0593,0.5849,0.2225,0.1322,0.0007
BELIKPJO_00898,Cytoplasmic,0.0010,0.0026,0.6321,0.0932,0.2074,0.0636
BELIKPJO_00899,Cytoplasmic Membrane,0.0000,0.0000,0.0000,1.0000,0.0000,0.0000
BELIKPJO_00900,Cytoplasmic Membrane,0.1262,0.0268,0.0017,0.8375,0.0073,0.0006
BELIKPJO_00901,Cytoplasmic,0.0000,0.0003,0.9779,0.0010,0.0207,0.0000
BELIKPJO_00902,Cytoplasmic,0.0000,0.0000,0.9972,0.0001,0.0026,0.0001
BELIKPJO_00903,Cytoplasmic,0.0016,0.0011,0.9946,0.0023,0.0002,0.0001
BELIKPJO_00904,Cytoplasmic,0.0003,0.0000,0.9991,0.0003,0.0002,0.0001
BELIKPJO_00905,Cytoplasmic,0.0001,0.0006,0.9739,0.0010,0.0224,0.0021
BELIKPJO_00906,Cytoplasmic,0.0002,0.0009,0.9670,0.0106,0.0207,0.0006
BELIKPJO_00907,Cytoplasmic Membrane,0.0000,0.0011,0.0001,0.9980,0.0009,0.0000
BELIKPJO_00908,Cytoplasmic,0.0005,0.0216,0.9393,0.0180,0.0173,0.0032
BELIKPJO_00910,Cytoplasmic Membrane,0.0000,0.0000,0.0001,0.9927,0.0071,0.0000
BELIKPJO_00911,Cytoplasmic Membrane,0.0000,0.0000,0.0003,0.9990,0.0006,0.0000
BELIKPJO_00912,Cytoplasmic,0.0000,0.0013,0.9876,0.0026,0.0081,0.0003
BELIKPJO_00913,Cytoplasmic Membrane,0.0001,0.0015,0.0004,0.9958,0.0022,0.0000
BELIKPJO_00914,Cell wall & surface,0.7494,0.1372,0.0006,0.1121,0.0007,0.0000
BELIKPJO_00915,Extracellular,0.2430,0.6298,0.0028,0.1218,0.0025,0.0001
BELIKPJO_00916,Cytoplasmic,0.0018,0.0382,0.7408,0.2173,0.0019,0.0000
BELIKPJO_00917,Cytoplasmic Membrane,0.0000,0.0001,0.0000,0.9998,0.0001,0.0000
BELIKPJO_00918,Cytoplasmic,0.0006,0.0007,0.9375,0.0349,0.0013,0.0251
BELIKPJO_00919,Cytoplasmic,0.0000,0.0002,0.9846,0.0021,0.0036,0.0095
BELIKPJO_00920,Cytoplasmic Membrane,0.0009,0.0012,0.2457,0.7347,0.0169,0.0006
BELIKPJO_00921,Cytoplasmic Membrane,0.0000,0.0000,0.0000,0.9999,0.0001,0.0000
BELIKPJO_00922,Cytoplasmic Membrane,0.0090,0.0117,0.0000,0.9628,0.0165,0.0001
BELIKPJO_00923,Cytoplasmic,0.0002,0.0007,0.9831,0.0134,0.0025,0.0001
BELIKPJO_00924,Cytoplasmic Membrane,0.0000,0.0001,0.0002,0.9962,0.0034,0.0000
BELIKPJO_00925,Cytoplasmic Membrane,0.0009,0.0097,0.2971,0.6824,0.0098,0.0000
BELIKPJO_00926,Cytoplasmic Membrane,0.0023,0.0689,0.2898,0.6338,0.0050,0.0001
BELIKPJO_00927,Cytoplasmic,0.0017,0.0203,0.4949,0.3683,0.1135,0.0014
BELIKPJO_00928,Cytoplasmic,0.0010,0.0540,0.9363,0.0041,0.0045,0.0002
BELIKPJO_00929,Cytoplasmic Membrane,0.0049,0.1061,0.3747,0.4946,0.0195,0.0002
BELIKPJO_00930,Cytoplasmic,0.0012,0.0117,0.9337,0.0372,0.0156,0.0005
BELIKPJO_00931,Cytoplasmic Membrane,0.0057,0.2899,0.0003,0.4152,0.2886,0.0003
BELIKPJO_00932,Cytoplasmic,0.0002,0.0021,0.9199,0.0034,0.0698,0.0045
BELIKPJO_00933,Cytoplasmic Membrane,0.0005,0.0015,0.0002,0.9959,0.0019,0.0000
BELIKPJO_00934,Cytoplasmic Membrane,0.0000,0.0000,0.0000,0.9994,0.0005,0.0000
BELIKPJO_00935,Cytoplasmic,0.0188,0.2448,0.6989,0.0058,0.0313,0.0004
BELIKPJO_00936,Cytoplasmic Membrane,0.0000,0.0000,0.0000,0.9995,0.0004,0.0000
BELIKPJO_00937,Cytoplasmic,0.0001,0.0196,0.9666,0.0006,0.0033,0.0099
BELIKPJO_00938,Cytoplasmic,0.0001,0.0001,0.9954,0.0003,0.0023,0.0017
BELIKPJO_00939,Cytoplasmic,0.0001,0.0028,0.9941,0.0008,0.0017,0.0004
BELIKPJO_00940,Cytoplasmic,0.0002,0.1974,0.7015,0.0138,0.0844,0.0028
BELIKPJO_00941,Cytoplasmic,0.0000,0.0000,0.9994,0.0000,0.0006,0.0000
BELIKPJO_00942,Cytoplasmic,0.0023,0.0012,0.9127,0.0836,0.0002,0.0000
BELIKPJO_00943,Cytoplasmic,0.0003,0.0006,0.9749,0.0055,0.0163,0.0023
BELIKPJO_00944,Cytoplasmic,0.0000,0.0001,0.9674,0.0158,0.0166,0.0000
BELIKPJO_00945,Cytoplasmic,0.0002,0.0016,0.9217,0.0612,0.0085,0.0067
BELIKPJO_00946,Cytoplasmic,0.0006,0.0086,0.5222,0.3043,0.1563,0.0079
BELIKPJO_00947,Cytoplasmic,0.0012,0.1133,0.8252,0.0406,0.0191,0.0006
BELIKPJO_00948,Cytoplasmic Membrane,0.0000,0.0000,0.0000,0.9999,0.0001,0.0000
BELIKPJO_00949,Cytoplasmic,0.0004,0.0001,0.9990,0.0005,0.0000,0.0000
BELIKPJO_00950,Cytoplasmic,0.0021,0.0368,0.8967,0.0434,0.0167,0.0042
BELIKPJO_00951,Cytoplasmic,0.0009,0.0016,0.9921,0.0051,0.0003,0.0001
BELIKPJO_00952,Cytoplasmic,0.0029,0.0102,0.9822,0.0046,0.0000,0.0000
BELIKPJO_00953,Cytoplasmic Membrane,0.0001,0.0757,0.0006,0.9209,0.0027,0.0000
BELIKPJO_00954,Cytoplasmic Membrane,0.0063,0.0024,0.0000,0.9689,0.0224,0.0000
BELIKPJO_00955,Cytoplasmic,0.0001,0.0493,0.9371,0.0011,0.0033,0.0090
BELIKPJO_00956,Cytoplasmic,0.0001,0.0096,0.9759,0.0006,0.0037,0.0102
BELIKPJO_00957,Cytoplasmic Membrane,0.0000,0.0001,0.0001,0.9982,0.0015,0.0000
BELIKPJO_00958,Cytoplasmic,0.0018,0.0013,0.8519,0.1429,0.0019,0.0002
BELIKPJO_00988,Cytoplasmic,0.0013,0.0195,0.8610,0.1107,0.0073,0.0002
BELIKPJO_00989,Cytoplasmic,0.0003,0.0001,0.9575,0.0395,0.0026,0.0000
BELIKPJO_00990,Cytoplasmic,0.0000,0.0002,0.9997,0.0001,0.0000,0.0000
BELIKPJO_00991,Cytoplasmic Membrane,0.0000,0.0009,0.0000,0.9987,0.0004,0.0000
BELIKPJO_00992,Cytoplasmic,0.0002,0.0008,0.9205,0.0010,0.0097,0.0678
BELIKPJO_00993,Cytoplasmic,0.0001,0.0002,0.9064,0.0920,0.0010,0.0003
BELIKPJO_00994,Cytoplasmic,0.0000,0.0001,0.9977,0.0004,0.0015,0.0003
BELIKPJO_00995,Cytoplasmic,0.0014,0.0027,0.9936,0.0012,0.0005,0.0007
BELIKPJO_00996,Cytoplasmic Membrane,0.0699,0.0931,0.0002,0.8144,0.0196,0.0027
BELIKPJO_00997,Cytoplasmic,0.0008,0.0121,0.9727,0.0118,0.0024,0.0002
BELIKPJO_00998,Cytoplasmic Membrane,0.0000,0.0000,0.0000,0.9999,0.0001,0.0000
BELIKPJO_00999,Cytoplasmic Membrane,0.0000,0.0000,0.0000,0.9999,0.0001,0.0000
BELIKPJO_01000,Cytoplasmic Membrane,0.0001,0.0001,0.1370,0.8376,0.0250,0.0003
BELIKPJO_01001,Cytoplasmic Membrane,0.0000,0.0001,0.0001,0.9970,0.0028,0.0000
BELIKPJO_01002,Cytoplasmic,0.0002,0.0006,0.9574,0.0412,0.0005,0.0002
BELIKPJO_01003,Cytoplasmic,0.0000,0.0002,0.7430,0.2258,0.0285,0.0024
BELIKPJO_01004,Cytoplasmic,0.0000,0.0001,0.9953,0.0012,0.0033,0.0001
BELIKPJO_01005,Cytoplasmic Membrane,0.0000,0.0004,0.0055,0.9936,0.0005,0.0000
BELIKPJO_01006,Cytoplasmic Membrane,0.0000,0.0003,0.0006,0.9990,0.0000,0.0000
BELIKPJO_01007,Cytoplasmic,0.0000,0.0000,0.9989,0.0001,0.0008,0.0001
BELIKPJO_01008,Cytoplasmic Membrane,0.0000,0.0003,0.0000,0.9996,0.0001,0.0000
BELIKPJO_01009,Cytoplasmic,0.0001,0.0004,0.9985,0.0005,0.0004,0.0002
BELIKPJO_01010,Cytoplasmic,0.0000,0.0001,0.9990,0.0002,0.0007,0.0001
BELIKPJO_01011,Cytoplasmic Membrane,0.0000,0.0001,0.0000,0.9994,0.0005,0.0000
BELIKPJO_01012,Cytoplasmic Membrane,0.0000,0.0002,0.0001,0.9994,0.0004,0.0000
BELIKPJO_01013,Cytoplasmic Membrane,0.0000,0.0003,0.0001,0.9988,0.0009,0.0000
BELIKPJO_01014,Cytoplasmic,0.0023,0.0613,0.8855,0.0451,0.0055,0.0002
BELIKPJO_01015,Cytoplasmic,0.0002,0.0003,0.9702,0.0107,0.0181,0.0005
BELIKPJO_01016,Cytoplasmic,0.0000,0.0000,0.9998,0.0000,0.0002,0.0000
BELIKPJO_01017,Cytoplasmic,0.0001,0.0006,0.9983,0.0007,0.0002,0.0000
BELIKPJO_01018,Cytoplasmic,0.0003,0.0076,0.9888,0.0011,0.0017,0.0005
BELIKPJO_01019,Cytoplasmic,0.0005,0.0000,0.9983,0.0012,0.0000,0.0000
BELIKPJO_01020,Cytoplasmic Membrane,0.0001,0.0118,0.0007,0.9869,0.0004,0.0000
BELIKPJO_01021,Cytoplasmic Membrane,0.0000,0.0001,0.0001,0.9985,0.0014,0.0000
BELIKPJO_01022,Cytoplasmic,0.0000,0.0000,0.9994,0.0000,0.0005,0.0001
BELIKPJO_01023,Cytoplasmic,0.0001,0.0007,0.9496,0.0009,0.0027,0.0460
BELIKPJO_01024,Cytoplasmic,0.0002,0.0009,0.9862,0.0018,0.0107,0.0002
BELIKPJO_01025,Cytoplasmic,0.0000,0.0001,0.9981,0.0007,0.0009,0.0002
BELIKPJO_01026,Cytoplasmic,0.0038,0.0008,0.9607,0.0049,0.0297,0.0000
BELIKPJO_01027,Cytoplasmic,0.0003,0.0636,0.8284,0.0019,0.1057,0.0001
BELIKPJO_01028,Cytoplasmic Membrane,0.0022,0.0230,0.0002,0.8358,0.1386,0.0002
BELIKPJO_01029,Cytoplasmic Membrane,0.0080,0.0513,0.0001,0.8588,0.0816,0.0002
BELIKPJO_01030,Cytoplasmic,0.0066,0.1487,0.6672,0.1059,0.0708,0.0008
BELIKPJO_01031,Cytoplasmic,0.0314,0.1856,0.4803,0.2272,0.0743,0.0011
BELIKPJO_01032,Extracellular,0.0009,0.8098,0.0044,0.1769,0.0080,0.0000
BELIKPJO_01033,Cytoplasmic Membrane,0.0009,0.2422,0.0003,0.7321,0.0246,0.0000
BELIKPJO_01034,Cytoplasmic,0.0003,0.0025,0.5148,0.4573,0.0250,0.0001
BELIKPJO_01035,Extracellular,0.0058,0.9174,0.0000,0.0739,0.0027,0.0001
BELIKPJO_01036,Cytoplasmic Membrane,0.0000,0.0167,0.0001,0.9820,0.0011,0.0000
BELIKPJO_01037,Cytoplasmic Membrane,0.0000,0.0013,0.0027,0.9902,0.0057,0.0001
BELIKPJO_01038,Cytoplasmic Membrane,0.0000,0.1815,0.0002,0.7979,0.0203,0.0001
BELIKPJO_01039,Cytoplasmic Membrane,0.0083,0.1159,0.0003,0.8438,0.0310,0.0007
BELIKPJO_01040,Cytoplasmic,0.0001,0.0598,0.8264,0.1027,0.0110,0.0002
BELIKPJO_01041,Cytoplasmic,0.0003,0.1354,0.7873,0.0623,0.0142,0.0006
BELIKPJO_01042,Cell wall & surface,0.8299,0.1226,0.0001,0.0447,0.0027,0.0000
BELIKPJO_01043,Extracellular,0.2716,0.5232,0.0003,0.1991,0.0059,0.0000
BELIKPJO_01044,Cytoplasmic,0.0005,0.0484,0.9085,0.0295,0.0129,0.0002
BELIKPJO_01045,Cytoplasmic,0.0099,0.0391,0.8310,0.0919,0.0279,0.0002
BELIKPJO_01046,Cytoplasmic,0.0005,0.0006,0.9147,0.0027,0.0815,0.0000
BELIKPJO_01047,Cytoplasmic,0.0002,0.1118,0.8575,0.0134,0.0169,0.0001
BELIKPJO_01048,Cytoplasmic,0.0002,0.0427,0.9171,0.0304,0.0095,0.0001
BELIKPJO_01049,Cytoplasmic Membrane,0.0002,0.0007,0.0011,0.9915,0.0065,0.0000
BELIKPJO_01050,Cytoplasmic,0.0001,0.0238,0.9712,0.0041,0.0008,0.0001
BELIKPJO_01051,Cytoplasmic,0.0000,0.0005,0.9936,0.0034,0.0021,0.0004
BELIKPJO_01052,Cytoplasmic Membrane,0.0002,0.2825,0.3334,0.3757,0.0081,0.0002
BELIKPJO_01053,Cytoplasmic,0.0001,0.4459,0.5130,0.0311,0.0097,0.0002
BELIKPJO_01054,Cytoplasmic,0.0004,0.0537,0.9297,0.0110,0.0052,0.0001
BELIKPJO_01055,Cytoplasmic,0.0035,0.0041,0.8034,0.0034,0.1854,0.0002
BELIKPJO_01056,Cytoplasmic,0.0038,0.0267,0.8896,0.0275,0.0521,0.0003
BELIKPJO_01057,Cytoplasmic,0.0007,0.0572,0.8260,0.0822,0.0337,0.0002
BELIKPJO_01058,Cytoplasmic,0.0005,0.0043,0.9924,0.0004,0.0023,0.0000
BELIKPJO_01059,Cytoplasmic,0.0010,0.2021,0.6418,0.1126,0.0424,0.0001
BELIKPJO_01060,Cytoplasmic,0.0013,0.0019,0.9526,0.0051,0.0390,0.0001
BELIKPJO_01061,Cytoplasmic,0.0001,0.0003,0.9184,0.0085,0.0726,0.0001
BELIKPJO_01062,Cytoplasmic,0.0000,0.0005,0.9984,0.0006,0.0002,0.0003
BELIKPJO_01063,Cytoplasmic,0.0013,0.0522,0.9359,0.0035,0.0052,0.0018
BELIKPJO_01064,Cytoplasmic,0.0002,0.0014,0.9949,0.0016,0.0019,0.0001
BELIKPJO_01065,Cytoplasmic,0.0001,0.0004,0.9777,0.0008,0.0208,0.0001
BELIKPJO_01066,Cytoplasmic,0.0009,0.1156,0.5404,0.0082,0.1867,0.1482
BELIKPJO_01067,Cytoplasmic Membrane,0.0003,0.0162,0.0000,0.9465,0.0369,0.0000
BELIKPJO_01068,Cytoplasmic,0.0065,0.0169,0.9177,0.0497,0.0089,0.0003
BELIKPJO_01069,Cytoplasmic,0.0000,0.0000,0.9999,0.0000,0.0001,0.0001
BELIKPJO_01070,Extracellular,0.0000,0.5937,0.3954,0.0059,0.0049,0.0000
BELIKPJO_01071,Extracellular,0.0011,0.9988,0.0000,0.0000,0.0001,0.0001
BELIKPJO_01072,Cytoplasmic Membrane,0.0006,0.0104,0.0000,0.5825,0.4063,0.0001
BELIKPJO_01073,Cytoplasmic,0.0002,0.2158,0.7618,0.0099,0.0123,0.0000
BELIKPJO_01074,Cytoplasmic Membrane,0.0000,0.0028,0.0004,0.9960,0.0008,0.0000
BELIKPJO_01075,Extracellular,0.0091,0.9906,0.0000,0.0000,0.0002,0.0001
BELIKPJO_01076,Extracellular,0.2634,0.7251,0.0016,0.0083,0.0015,0.0000
BELIKPJO_01077,Cytoplasmic Membrane,0.0029,0.0111,0.0000,0.9846,0.0014,0.0000
BELIKPJO_01078,Cytoplasmic Membrane,0.0453,0.0716,0.0000,0.8829,0.0002,0.0000
BELIKPJO_01079,Extracellular,0.3489,0.6414,0.0001,0.0036,0.0058,0.0001
BELIKPJO_01080,Cytoplasmic Membrane,0.0010,0.0236,0.4778,0.4855,0.0120,0.0000
BELIKPJO_01081,Cytoplasmic Membrane,0.0000,0.0000,0.0000,0.9999,0.0001,0.0000
BELIKPJO_01082,Cytoplasmic,0.0011,0.0094,0.9023,0.0679,0.0137,0.0055
BELIKPJO_01083,Cytoplasmic,0.0000,0.0026,0.9952,0.0002,0.0018,0.0002
BELIKPJO_01084,Cytoplasmic,0.0001,0.0006,0.9953,0.0039,0.0001,0.0000
BELIKPJO_01085,Cytoplasmic Membrane,0.0000,0.0000,0.0000,0.9997,0.0003,0.0000
BELIKPJO_01086,Cytoplasmic,0.0000,0.0001,0.9978,0.0002,0.0018,0.0001
BELIKPJO_01087,Cytoplasmic,0.0007,0.0006,0.9980,0.0001,0.0006,0.0000
BELIKPJO_01088,Cytoplasmic,0.0002,0.0011,0.9967,0.0011,0.0008,0.0001
BELIKPJO_01089,Cytoplasmic Membrane,0.0045,0.0900,0.2905,0.5993,0.0154,0.0004
BELIKPJO_01090,Cytoplasmic Membrane,0.0000,0.0006,0.0001,0.9970,0.0023,0.0000
BELIKPJO_01091,Cytoplasmic,0.0003,0.0007,0.9855,0.0040,0.0085,0.0010
BELIKPJO_01092,Cytoplasmic,0.0006,0.0003,0.9403,0.0587,0.0001,0.0000
BELIKPJO_01093,Cytoplasmic Membrane,0.0000,0.0004,0.0001,0.9986,0.0009,0.0000
BELIKPJO_01094,Cytoplasmic Membrane,0.2566,0.0554,0.0001,0.6875,0.0004,0.0000
BELIKPJO_01095,Cytoplasmic Membrane,0.0035,0.0112,0.0001,0.9838,0.0014,0.0000
BELIKPJO_01096,Extracellular,0.3233,0.6406,0.0000,0.0021,0.0340,0.0000
BELIKPJO_01097,Cytoplasmic,0.0001,0.0027,0.9843,0.0061,0.0035,0.0033
BELIKPJO_01098,Cytoplasmic Membrane,0.3249,0.2328,0.0037,0.4299,0.0085,0.0002
BELIKPJO_01099,Cytoplasmic,0.0006,0.0001,0.9966,0.0027,0.0000,0.0000
BELIKPJO_01100,Cytoplasmic,0.0003,0.0008,0.8922,0.0663,0.0228,0.0175
BELIKPJO_01101,Cytoplasmic,0.0003,0.0002,0.9958,0.0006,0.0028,0.0004
BELIKPJO_01102,Cytoplasmic Membrane,0.0000,0.0002,0.0000,0.9980,0.0018,0.0000
BELIKPJO_01103,Cytoplasmic Membrane,0.0000,0.0002,0.0003,0.9938,0.0056,0.0001
BELIKPJO_01104,Cytoplasmic,0.0000,0.0001,0.9986,0.0006,0.0006,0.0000
BELIKPJO_01105,Cytoplasmic,0.0000,0.0005,0.9983,0.0002,0.0009,0.0001
BELIKPJO_01106,Cytoplasmic,0.0052,0.0121,0.8143,0.1667,0.0018,0.0000
BELIKPJO_01107,Cytoplasmic,0.0001,0.0009,0.9982,0.0003,0.0003,0.0001
BELIKPJO_01108,Cytoplasmic,0.0002,0.0021,0.9762,0.0032,0.0009,0.0175
BELIKPJO_01109,Cytoplasmic,0.0004,0.0041,0.8867,0.1072,0.0016,0.0000
BELIKPJO_01110,Cytoplasmic Membrane,0.0000,0.0001,0.0000,0.9984,0.0015,0.0000
BELIKPJO_01111,Cytoplasmic Membrane,0.0002,0.0003,0.0977,0.9006,0.0013,0.0000
BELIKPJO_01112,Cytoplasmic Membrane,0.0244,0.0890,0.0004,0.8789,0.0072,0.0002
BELIKPJO_01113,Cytoplasmic,0.0001,0.0014,0.9946,0.0006,0.0002,0.0031
BELIKPJO_01114,Cytoplasmic,0.0008,0.0009,0.9881,0.0036,0.0021,0.0045
BELIKPJO_01115,Cytoplasmic,0.0003,0.0723,0.7290,0.1529,0.0225,0.0230
BELIKPJO_01116,Cytoplasmic,0.0028,0.1100,0.8396,0.0447,0.0019,0.0010
BELIKPJO_01117,Cytoplasmic,0.0048,0.0013,0.9751,0.0014,0.0169,0.0005
BELIKPJO_01118,Cytoplasmic Membrane,0.0000,0.0001,0.0000,0.9988,0.0011,0.0000
BELIKPJO_01119,Cytoplasmic,0.0000,0.0001,0.9787,0.0046,0.0157,0.0009
BELIKPJO_01120,Cytoplasmic,0.0006,0.0029,0.9938,0.0026,0.0002,0.0000
BELIKPJO_01121,Cytoplasmic,0.0000,0.0019,0.9665,0.0029,0.0163,0.0124
BELIKPJO_01122,Cytoplasmic,0.0003,0.0001,0.9977,0.0019,0.0000,0.0000
BELIKPJO_01123,Cytoplasmic,0.0000,0.0012,0.9883,0.0026,0.0049,0.0031
BELIKPJO_01124,Cytoplasmic Membrane,0.0000,0.0003,0.0002,0.9960,0.0035,0.0000
BELIKPJO_01125,Cytoplasmic,0.0000,0.0001,0.9998,0.0000,0.0000,0.0000
BELIKPJO_01126,Cytoplasmic,0.0004,0.0037,0.9923,0.0015,0.0020,0.0000
BELIKPJO_01127,Cytoplasmic Membrane,0.0035,0.2170,0.0020,0.6368,0.1406,0.0001
BELIKPJO_01128,Cytoplasmic Membrane,0.0000,0.0000,0.0000,0.9998,0.0002,0.0000
BELIKPJO_01129,Cytoplasmic,0.0018,0.0597,0.8513,0.0077,0.0615,0.0180
BELIKPJO_01130,Cytoplasmic,0.0003,0.0007,0.9922,0.0032,0.0028,0.0009
BELIKPJO_01131,Cytoplasmic Membrane,0.0000,0.0000,0.0006,0.9992,0.0001,0.0000
BELIKPJO_01132,Cytoplasmic,0.0087,0.2454,0.6511,0.0703,0.0244,0.0001
BELIKPJO_01133,Cytoplasmic,0.0021,0.0012,0.9901,0.0043,0.0023,0.0000
BELIKPJO_01134,Cytoplasmic,0.0133,0.2392,0.6588,0.0578,0.0310,0.0000
BELIKPJO_01135,Cytoplasmic,0.0042,0.0337,0.8891,0.0542,0.0179,0.0008
BELIKPJO_01136,Cytoplasmic,0.0045,0.1800,0.7280,0.0529,0.0343,0.0003
BELIKPJO_01137,Cytoplasmic Membrane,0.0019,0.0120,0.1192,0.5907,0.2708,0.0054
BELIKPJO_01138,Cytoplasmic,0.0016,0.0136,0.9505,0.0335,0.0009,0.0000
BELIKPJO_01139,Cytoplasmic,0.0005,0.0117,0.9830,0.0044,0.0005,0.0000
BELIKPJO_01140,Cytoplasmic,0.0005,0.0017,0.9917,0.0044,0.0016,0.0001
BELIKPJO_01141,Cytoplasmic,0.0000,0.0009,0.9757,0.0007,0.0207,0.0019
BELIKPJO_01142,Cytoplasmic Membrane,0.0000,0.0000,0.0003,0.9991,0.0006,0.0000
BELIKPJO_01143,Cytoplasmic,0.0004,0.0189,0.8630,0.1173,0.0004,0.0000
BELIKPJO_01144,Cytoplasmic Membrane,0.0000,0.0000,0.0000,0.9998,0.0002,0.0000
BELIKPJO_01145,Cytoplasmic Membrane,0.0000,0.0001,0.0000,0.9991,0.0007,0.0000
BELIKPJO_01146,Cytoplasmic Membrane,0.0000,0.0001,0.0002,0.9989,0.0008,0.0000
BELIKPJO_01147,Cytoplasmic,0.0006,0.0002,0.9905,0.0084,0.0004,0.0000
BELIKPJO_01148,Cytoplasmic Membrane,0.0004,0.0121,0.0004,0.9460,0.0410,0.0001
BELIKPJO_01149,Cytoplasmic Membrane,0.0006,0.0304,0.0001,0.9678,0.0012,0.0000
BELIKPJO_01150,Cytoplasmic,0.0103,0.0213,0.6751,0.2871,0.0061,0.0001
BELIKPJO_01151,Cytoplasmic,0.0002,0.0334,0.9320,0.0036,0.0058,0.0251
BELIKPJO_01152,Cytoplasmic Membrane,0.0000,0.0001,0.0000,0.9994,0.0005,0.0000
BELIKPJO_01153,Cell wall & surface,0.6504,0.0002,0.0000,0.3494,0.0000,0.0000
BELIKPJO_01154,Cytoplasmic Membrane,0.1079,0.4317,0.0017,0.4581,0.0006,0.0000
BELIKPJO_01155,Cytoplasmic,0.0004,0.0012,0.9899,0.0011,0.0068,0.0007
BELIKPJO_01156,Cytoplasmic Membrane,0.0198,0.0496,0.0006,0.9144,0.0152,0.0005
BELIKPJO_01157,Cytoplasmic,0.0001,0.0001,0.9848,0.0003,0.0146,0.0001
BELIKPJO_01158,Cytoplasmic,0.0001,0.0003,0.9765,0.0198,0.0029,0.0004
BELIKPJO_01159,Cytoplasmic,0.0006,0.0001,0.9953,0.0002,0.0012,0.0026
BELIKPJO_01160,Cytoplasmic,0.0001,0.0002,0.9817,0.0135,0.0037,0.0008
BELIKPJO_01161,Cytoplasmic Membrane,0.0050,0.0746,0.0543,0.8596,0.0065,0.0000
BELIKPJO_01162,Cytoplasmic Membrane,0.0972,0.0053,0.0002,0.8783,0.0173,0.0016
BELIKPJO_01163,Cytoplasmic Membrane,0.0000,0.0000,0.0000,0.9995,0.0004,0.0000
BELIKPJO_01164,Cytoplasmic Membrane,0.0000,0.0001,0.0000,0.9984,0.0015,0.0000
BELIKPJO_01165,Cytoplasmic,0.0000,0.0002,0.9986,0.0003,0.0008,0.0001
BELIKPJO_01166,Cytoplasmic,0.0000,0.0001,0.9962,0.0010,0.0025,0.0001
BELIKPJO_01167,Cytoplasmic,0.0000,0.0008,0.9976,0.0003,0.0011,0.0001
BELIKPJO_01168,Cytoplasmic Membrane,0.0000,0.0005,0.0006,0.9983,0.0006,0.0000
BELIKPJO_01169,Cytoplasmic,0.0001,0.0030,0.9959,0.0003,0.0006,0.0001
BELIKPJO_01170,Cytoplasmic,0.0003,0.0007,0.9353,0.0631,0.0006,0.0000
BELIKPJO_01171,Cytoplasmic,0.0015,0.0041,0.9913,0.0027,0.0001,0.0004
BELIKPJO_01172,Cytoplasmic Membrane,0.0030,0.1807,0.0166,0.7688,0.0304,0.0003
BELIKPJO_01173,Cytoplasmic,0.0004,0.0263,0.6901,0.2828,0.0004,0.0000
BELIKPJO_01174,Cytoplasmic Membrane,0.0000,0.0000,0.0003,0.9988,0.0008,0.0000
BELIKPJO_01175,Cytoplasmic Membrane,0.1131,0.0305,0.0025,0.8372,0.0166,0.0000
BELIKPJO_01176,Cytoplasmic Membrane,0.0003,0.0294,0.3708,0.5975,0.0019,0.0000
BELIKPJO_01177,Cytoplasmic Membrane,0.0001,0.0089,0.0001,0.9907,0.0002,0.0000
BELIKPJO_01178,Cytoplasmic Membrane,0.0000,0.0015,0.0002,0.9959,0.0023,0.0000
BELIKPJO_01179,Cytoplasmic,0.0001,0.0592,0.9407,0.0000,0.0001,0.0001
BELIKPJO_01180,Cytoplasmic,0.0007,0.0172,0.9320,0.0479,0.0022,0.0000
BELIKPJO_01181,Extracellular,0.0014,0.9976,0.0000,0.0001,0.0008,0.0000
BELIKPJO_01182,Cytoplasmic,0.0011,0.0528,0.9377,0.0041,0.0041,0.0002
BELIKPJO_01183,Cytoplasmic Membrane,0.0000,0.0000,0.0000,1.0000,0.0000,0.0000
BELIKPJO_01184,Cytoplasmic Membrane,0.0011,0.0134,0.0009,0.9683,0.0160,0.0002
BELIKPJO_01185,Cytoplasmic,0.0002,0.0002,0.9687,0.0021,0.0286,0.0002
BELIKPJO_01186,Cytoplasmic,0.0003,0.0044,0.9439,0.0009,0.0469,0.0035
BELIKPJO_01187,Cytoplasmic,0.0001,0.0021,0.9771,0.0166,0.0039,0.0002
BELIKPJO_01188,Cytoplasmic,0.0000,0.0000,0.9995,0.0003,0.0002,0.0000
BELIKPJO_01189,Cytoplasmic,0.0002,0.0008,0.9907,0.0076,0.0007,0.0001
BELIKPJO_01190,Cytoplasmic Membrane,0.0000,0.0001,0.0001,0.9984,0.0014,0.0000
BELIKPJO_01191,Outer Membrane,0.0000,0.0001,0.2849,0.0043,0.7102,0.0005
BELIKPJO_01192,Cytoplasmic Membrane,0.0000,0.0000,0.0002,0.9995,0.0002,0.0000
BELIKPJO_01193,Cytoplasmic Membrane,0.0001,0.0121,0.0056,0.9817,0.0005,0.0000
BELIKPJO_01194,Extracellular,0.0840,0.5193,0.0111,0.3462,0.0351,0.0043
BELIKPJO_01195,Extracellular,0.0410,0.8444,0.0004,0.0855,0.0276,0.0012
BELIKPJO_01196,Cytoplasmic Membrane,0.3183,0.1828,0.0007,0.4962,0.0021,0.0000
BELIKPJO_01197,Cytoplasmic,0.0002,0.0001,0.9995,0.0001,0.0001,0.0000
BELIKPJO_01198,Cytoplasmic,0.0001,0.0005,0.9976,0.0001,0.0006,0.0010
BELIKPJO_01199,Cytoplasmic,0.0007,0.0025,0.9943,0.0007,0.0012,0.0007
BELIKPJO_01200,Cytoplasmic Membrane,0.2509,0.1697,0.0039,0.5481,0.0145,0.0129
BELIKPJO_01201,Cytoplasmic Membrane,0.0061,0.0018,0.0000,0.9908,0.0012,0.0001
BELIKPJO_01202,Cytoplasmic Membrane,0.0001,0.0003,0.3881,0.6088,0.0025,0.0003
BELIKPJO_01203,Cytoplasmic Membrane,0.0000,0.0000,0.0000,0.9999,0.0000,0.0000
BELIKPJO_01204,Cytoplasmic Membrane,0.0000,0.0000,0.0000,1.0000,0.0000,0.0000
BELIKPJO_01205,Cytoplasmic,0.0015,0.0029,0.9600,0.0306,0.0026,0.0025
BELIKPJO_01206,Cytoplasmic,0.0008,0.0068,0.9719,0.0186,0.0018,0.0001
BELIKPJO_01207,Cytoplasmic,0.0000,0.0004,0.9959,0.0023,0.0009,0.0005
BELIKPJO_01208,Cytoplasmic Membrane,0.0000,0.0000,0.0000,0.9991,0.0008,0.0000
BELIKPJO_01209,Cytoplasmic,0.0000,0.0054,0.9779,0.0004,0.0003,0.0160
BELIKPJO_01210,Cytoplasmic,0.0000,0.0004,0.9979,0.0005,0.0003,0.0010
BELIKPJO_01211,Cytoplasmic Membrane,0.0020,0.0002,0.4424,0.4749,0.0800,0.0003
BELIKPJO_01212,Cytoplasmic,0.0005,0.0003,0.9976,0.0007,0.0008,0.0001
BELIKPJO_01213,Cytoplasmic,0.0020,0.0017,0.9913,0.0044,0.0004,0.0002
BELIKPJO_01214,Cytoplasmic,0.0004,0.0009,0.9949,0.0002,0.0033,0.0003
BELIKPJO_01215,Cytoplasmic Membrane,0.0173,0.0167,0.0001,0.9264,0.0350,0.0045
BELIKPJO_01216,Cytoplasmic Membrane,0.0000,0.0000,0.0000,0.9999,0.0001,0.0000
BELIKPJO_01217,Cytoplasmic Membrane,0.0000,0.0000,0.0000,0.9999,0.0001,0.0000
BELIKPJO_01218,Cytoplasmic Membrane,0.0003,0.0004,0.1535,0.8289,0.0168,0.0002
BELIKPJO_01219,Cytoplasmic Membrane,0.0003,0.0009,0.0897,0.9036,0.0046,0.0008
BELIKPJO_01220,Cytoplasmic,0.0001,0.0008,0.9770,0.0006,0.0209,0.0007
BELIKPJO_01221,Cytoplasmic,0.0006,0.0022,0.8599,0.0909,0.0358,0.0106
BELIKPJO_01222,Cytoplasmic,0.0009,0.0005,0.9803,0.0157,0.0024,0.0002
BELIKPJO_01223,Cytoplasmic,0.0002,0.0005,0.9919,0.0026,0.0042,0.0005
BELIKPJO_01224,Cytoplasmic,0.0008,0.0016,0.7618,0.1455,0.0895,0.0008
BELIKPJO_01225,Cytoplasmic,0.0001,0.0018,0.9855,0.0040,0.0086,0.0001
BELIKPJO_01226,Cytoplasmic Membrane,0.0004,0.0098,0.0013,0.9846,0.0040,0.0000
BELIKPJO_01227,Cytoplasmic Membrane,0.0000,0.0006,0.0000,0.9985,0.0009,0.0000
BELIKPJO_01228,Cytoplasmic Membrane,0.0012,0.0009,0.3999,0.5903,0.0076,0.0001
BELIKPJO_01229,Cytoplasmic,0.0010,0.0047,0.7679,0.0927,0.1328,0.0009
BELIKPJO_01230,Cytoplasmic Membrane,0.0000,0.0036,0.0001,0.9962,0.0001,0.0000
BELIKPJO_01231,Cytoplasmic Membrane,0.0000,0.0172,0.0022,0.9696,0.0109,0.0000
BELIKPJO_01232,Cytoplasmic,0.0004,0.0062,0.9760,0.0126,0.0047,0.0000
BELIKPJO_01233,Cytoplasmic,0.0002,0.0348,0.9397,0.0150,0.0102,0.0000
BELIKPJO_01234,Cytoplasmic,0.0001,0.1874,0.7164,0.0588,0.0371,0.0002
BELIKPJO_01235,Cytoplasmic,0.0004,0.2063,0.5466,0.2333,0.0133,0.0001
BELIKPJO_01236,Extracellular,0.0002,0.8487,0.0021,0.1110,0.0380,0.0000
BELIKPJO_01237,Extracellular,0.0001,0.9786,0.0000,0.0133,0.0081,0.0000
BELIKPJO_01238,Extracellular,0.0000,0.9993,0.0000,0.0003,0.0004,0.0000
BELIKPJO_01239,Cytoplasmic Membrane,0.0001,0.0284,0.0001,0.9681,0.0033,0.0000
BELIKPJO_01240,Outer Membrane,0.0000,0.0000,0.2564,0.0000,0.7435,0.0001
BELIKPJO_01241,Cytoplasmic,0.0000,0.0000,0.9998,0.0001,0.0000,0.0000
BELIKPJO_01242,Cytoplasmic,0.0001,0.0002,0.9961,0.0003,0.0026,0.0008
BELIKPJO_01243,Cytoplasmic,0.0001,0.0000,0.9966,0.0030,0.0002,0.0001
BELIKPJO_01244,Cytoplasmic Membrane,0.0007,0.1257,0.0001,0.8631,0.0103,0.0000
BELIKPJO_01245,Cytoplasmic,0.0002,0.0005,0.9990,0.0002,0.0001,0.0000
BELIKPJO_01246,Cytoplasmic,0.0016,0.0002,0.9961,0.0018,0.0002,0.0001
BELIKPJO_01247,Cytoplasmic,0.0000,0.0002,0.9994,0.0002,0.0002,0.0001
BELIKPJO_01248,Cytoplasmic,0.0000,0.0002,0.9996,0.0001,0.0001,0.0001
BELIKPJO_01249,Cytoplasmic,0.0016,0.0001,0.9970,0.0012,0.0001,0.0000
BELIKPJO_01250,Cytoplasmic,0.0001,0.0036,0.9751,0.0153,0.0059,0.0000
BELIKPJO_01251,Cytoplasmic,0.0000,0.0000,0.9966,0.0001,0.0031,0.0002
BELIKPJO_01252,Cytoplasmic Membrane,0.0021,0.0461,0.0002,0.9501,0.0014,0.0000
BELIKPJO_01253,Cytoplasmic,0.0002,0.0114,0.9722,0.0006,0.0154,0.0001
BELIKPJO_01254,Cytoplasmic,0.0004,0.0006,0.9948,0.0033,0.0008,0.0001
BELIKPJO_01255,Cytoplasmic,0.0000,0.0000,0.9990,0.0001,0.0009,0.0000
BELIKPJO_01256,Cytoplasmic,0.0000,0.0005,0.9989,0.0005,0.0001,0.0001
BELIKPJO_01257,Cytoplasmic,0.0002,0.0007,0.9951,0.0022,0.0016,0.0003
BELIKPJO_01258,Cytoplasmic,0.0000,0.0013,0.9880,0.0013,0.0034,0.0060
BELIKPJO_01259,Cytoplasmic,0.0000,0.0001,0.9971,0.0002,0.0021,0.0005
BELIKPJO_01260,Cytoplasmic,0.0000,0.0002,0.9189,0.0019,0.0788,0.0001
BELIKPJO_01261,Cytoplasmic Membrane,0.0000,0.0001,0.0001,0.9983,0.0014,0.0001
BELIKPJO_01262,Cytoplasmic Membrane,0.0000,0.0001,0.0001,0.9977,0.0022,0.0000
BELIKPJO_01263,Cytoplasmic,0.0001,0.0002,0.9983,0.0011,0.0002,0.0001
BELIKPJO_01264,Cytoplasmic,0.0002,0.0007,0.9869,0.0022,0.0048,0.0053
BELIKPJO_01265,Cytoplasmic,0.0005,0.0050,0.9434,0.0135,0.0277,0.0098
BELIKPJO_01266,Cytoplasmic,0.0004,0.0010,0.9511,0.0196,0.0275,0.0004
BELIKPJO_01267,Cytoplasmic Membrane,0.0006,0.2639,0.1303,0.5873,0.0178,0.0002
BELIKPJO_01268,Cytoplasmic Membrane,0.0000,0.0000,0.0000,0.9994,0.0006,0.0000
BELIKPJO_01269,Cytoplasmic Membrane,0.0000,0.0020,0.0002,0.9896,0.0082,0.0000
BELIKPJO_01270,Cytoplasmic Membrane,0.0000,0.0017,0.0000,0.9980,0.0002,0.0000
BELIKPJO_01271,Cytoplasmic,0.0002,0.0245,0.9676,0.0074,0.0002,0.0001
BELIKPJO_01272,Cytoplasmic,0.0004,0.0087,0.9839,0.0065,0.0004,0.0001
BELIKPJO_01273,Cytoplasmic Membrane,0.0001,0.0155,0.0001,0.9730,0.0112,0.0001
BELIKPJO_01274,Extracellular,0.0806,0.9037,0.0001,0.0011,0.0145,0.0000
BELIKPJO_01275,Extracellular,0.0757,0.8995,0.0004,0.0024,0.0218,0.0002
BELIKPJO_01276,Cytoplasmic,0.0000,0.0002,0.9992,0.0004,0.0002,0.0000
BELIKPJO_01277,Cytoplasmic,0.0013,0.0070,0.9894,0.0017,0.0004,0.0002
BELIKPJO_01278,Cytoplasmic,0.0001,0.0002,0.9993,0.0002,0.0002,0.0001
BELIKPJO_01279,Cytoplasmic Membrane,0.0000,0.0158,0.0002,0.9768,0.0072,0.0000
BELIKPJO_01280,Cytoplasmic Membrane,0.0001,0.0355,0.0018,0.9601,0.0025,0.0000
BELIKPJO_01281,Cytoplasmic,0.0003,0.0010,0.6750,0.0081,0.3149,0.0008
BELIKPJO_01282,Cytoplasmic,0.0001,0.0029,0.9899,0.0003,0.0063,0.0005
BELIKPJO_01283,Cytoplasmic,0.0002,0.0021,0.9973,0.0002,0.0001,0.0001
BELIKPJO_01284,Cytoplasmic,0.0001,0.0000,0.9971,0.0025,0.0003,0.0000
BELIKPJO_01285,Cytoplasmic,0.0014,0.0016,0.9867,0.0097,0.0004,0.0002
BELIKPJO_01286,Cytoplasmic,0.0025,0.0003,0.9632,0.0338,0.0001,0.0000
BELIKPJO_01287,Cytoplasmic,0.0001,0.0003,0.9950,0.0004,0.0036,0.0006
BELIKPJO_01288,Cytoplasmic Membrane,0.0035,0.0032,0.0319,0.7707,0.1894,0.0012
BELIKPJO_01289,Cytoplasmic,0.0000,0.0001,0.9588,0.0095,0.0310,0.0005
BELIKPJO_01290,Cytoplasmic,0.0001,0.0003,0.9994,0.0001,0.0001,0.0001
BELIKPJO_01291,Cytoplasmic Membrane,0.0129,0.1811,0.0008,0.8031,0.0021,0.0000
BELIKPJO_01292,Cytoplasmic,0.0005,0.0065,0.9916,0.0004,0.0002,0.0007
BELIKPJO_01293,Cytoplasmic,0.0008,0.0113,0.9784,0.0068,0.0026,0.0002
BELIKPJO_01294,Cytoplasmic Membrane,0.0000,0.0004,0.0010,0.9968,0.0017,0.0000
BELIKPJO_01295,Cytoplasmic,0.0493,0.0166,0.8821,0.0492,0.0026,0.0001
BELIKPJO_01296,Cytoplasmic,0.0010,0.0540,0.9363,0.0041,0.0045,0.0002
BELIKPJO_01297,Cytoplasmic,0.0010,0.0008,0.9978,0.0004,0.0001,0.0000
BELIKPJO_01298,Cytoplasmic Membrane,0.0108,0.0538,0.0006,0.9327,0.0020,0.0000
BELIKPJO_01299,Cytoplasmic Membrane,0.0153,0.0059,0.3804,0.5907,0.0075,0.0001
BELIKPJO_01300,Cytoplasmic,0.0008,0.0031,0.9517,0.0435,0.0008,0.0000
BELIKPJO_01301,Extracellular,0.0571,0.7120,0.0070,0.2237,0.0002,0.0000
BELIKPJO_01302,Cytoplasmic Membrane,0.0006,0.0189,0.0000,0.9802,0.0003,0.0000
BELIKPJO_01303,Extracellular,0.2027,0.7486,0.0002,0.0051,0.0418,0.0016
BELIKPJO_01304,Extracellular,0.3098,0.6510,0.0054,0.0094,0.0213,0.0031
BELIKPJO_01305,Extracellular,0.4126,0.4921,0.0004,0.0028,0.0917,0.0004
BELIKPJO_01306,Cytoplasmic Membrane,0.3143,0.1093,0.0001,0.5760,0.0003,0.0000
BELIKPJO_01307,Extracellular,0.0380,0.9556,0.0001,0.0018,0.0040,0.0003
BELIKPJO_01308,Cytoplasmic Membrane,0.0013,0.1356,0.0011,0.8603,0.0016,0.0000
BELIKPJO_01309,Cytoplasmic,0.0000,0.0005,0.9977,0.0001,0.0011,0.0007
BELIKPJO_01310,Cytoplasmic Membrane,0.0000,0.0000,0.0001,0.9991,0.0008,0.0000
BELIKPJO_01311,Cytoplasmic Membrane,0.0000,0.0000,0.0000,0.9997,0.0003,0.0000
BELIKPJO_01312,Cytoplasmic,0.0001,0.0001,0.9981,0.0016,0.0001,0.0001
BELIKPJO_01313,Cytoplasmic Membrane,0.0000,0.0001,0.0057,0.9939,0.0003,0.0000
BELIKPJO_01314,Cytoplasmic Membrane,0.0060,0.0083,0.0001,0.7866,0.1980,0.0009
BELIKPJO_01315,Cytoplasmic Membrane,0.0000,0.0000,0.0000,1.0000,0.0000,0.0000
BELIKPJO_01316,Cytoplasmic Membrane,0.0003,0.0013,0.2654,0.7316,0.0013,0.0000
BELIKPJO_01317,Cytoplasmic,0.0053,0.0057,0.8556,0.1051,0.0271,0.0012
BELIKPJO_01318,Cytoplasmic,0.0001,0.0008,0.7306,0.0001,0.2673,0.0011
BELIKPJO_01319,Outer Membrane,0.0022,0.0015,0.4037,0.0003,0.5725,0.0198
BELIKPJO_01320,Cytoplasmic,0.0001,0.0003,0.9961,0.0035,0.0000,0.0000
BELIKPJO_01321,Cytoplasmic,0.0067,0.0229,0.9316,0.0071,0.0315,0.0002
BELIKPJO_01322,Cytoplasmic Membrane,0.0112,0.0021,0.0006,0.9795,0.0067,0.0000
BELIKPJO_01323,Cytoplasmic,0.0000,0.0000,0.9964,0.0005,0.0027,0.0004
BELIKPJO_01324,Cytoplasmic Membrane,0.0000,0.0000,0.0000,1.0000,0.0000,0.0000
BELIKPJO_01325,Cytoplasmic Membrane,0.0003,0.0006,0.1559,0.8403,0.0027,0.0003
BELIKPJO_01326,Cytoplasmic,0.0002,0.0012,0.9968,0.0006,0.0012,0.0002
BELIKPJO_01327,Cytoplasmic,0.0002,0.0007,0.9401,0.0045,0.0530,0.0016
BELIKPJO_01328,Cytoplasmic Membrane,0.0000,0.0001,0.0000,0.9985,0.0014,0.0000
BELIKPJO_01329,Cytoplasmic Membrane,0.0000,0.0000,0.0000,0.9994,0.0005,0.0000
BELIKPJO_01330,Cytoplasmic,0.0040,0.0085,0.9139,0.0725,0.0011,0.0000
BELIKPJO_01331,Cytoplasmic Membrane,0.0000,0.0072,0.0007,0.9840,0.0079,0.0002
BELIKPJO_01332,Cytoplasmic Membrane,0.0001,0.0023,0.0003,0.9956,0.0017,0.0000
BELIKPJO_01333,Outer Membrane,0.0013,0.0064,0.4224,0.0048,0.5642,0.0010
BELIKPJO_01334,Outer Membrane,0.0000,0.0000,0.1904,0.0003,0.8091,0.0002
BELIKPJO_01335,Cytoplasmic,0.0001,0.0082,0.9131,0.0018,0.0436,0.0331
BELIKPJO_01336,Cytoplasmic Membrane,0.0194,0.1229,0.0220,0.8267,0.0089,0.0001
BELIKPJO_01337,Cytoplasmic,0.0032,0.0025,0.9892,0.0044,0.0006,0.0002
BELIKPJO_01338,Cytoplasmic Membrane,0.0000,0.0095,0.0701,0.9186,0.0018,0.0000
BELIKPJO_01339,Cytoplasmic,0.0025,0.0032,0.8621,0.0496,0.0795,0.0031
BELIKPJO_01340,Cytoplasmic,0.0006,0.0023,0.7397,0.0159,0.2395,0.0020
BELIKPJO_01341,Cytoplasmic,0.0001,0.0004,0.9825,0.0086,0.0084,0.0001
BELIKPJO_01342,Cytoplasmic,0.0000,0.0003,0.9941,0.0019,0.0036,0.0001
BELIKPJO_01343,Cytoplasmic,0.0001,0.0077,0.8091,0.1086,0.0732,0.0013
BELIKPJO_01344,Cytoplasmic,0.0001,0.0004,0.9993,0.0002,0.0000,0.0000
BELIKPJO_01345,Extracellular,0.0014,0.9912,0.0000,0.0004,0.0005,0.0065
BELIKPJO_01346,Cytoplasmic Membrane,0.0005,0.0081,0.0004,0.9907,0.0003,0.0000
BELIKPJO_01347,Extracellular,0.2479,0.5572,0.0059,0.1213,0.0207,0.0470
BELIKPJO_01348,Extracellular,0.0098,0.9374,0.0010,0.0396,0.0110,0.0012
BELIKPJO_01349,Extracellular,0.0519,0.8916,0.0009,0.0441,0.0107,0.0009
BELIKPJO_01350,Cytoplasmic Membrane,0.3525,0.2344,0.0008,0.4102,0.0020,0.0000
BELIKPJO_01351,Cytoplasmic Membrane,0.0000,0.0001,0.0005,0.9983,0.0011,0.0000
BELIKPJO_01352,Cytoplasmic Membrane,0.0009,0.0013,0.0001,0.8857,0.1050,0.0070
BELIKPJO_01353,Cytoplasmic Membrane,0.0794,0.0054,0.0002,0.6590,0.2560,0.0001
BELIKPJO_01354,Cytoplasmic Membrane,0.0002,0.0002,0.0011,0.9945,0.0038,0.0002
BELIKPJO_01355,Cytoplasmic Membrane,0.0001,0.0005,0.0002,0.9963,0.0025,0.0003
BELIKPJO_01356,Cytoplasmic Membrane,0.0000,0.0000,0.0026,0.9972,0.0001,0.0000
BELIKPJO_01357,Cytoplasmic,0.0003,0.0002,0.9972,0.0023,0.0000,0.0000
BELIKPJO_01358,Cytoplasmic,0.0001,0.0226,0.9607,0.0097,0.0066,0.0004
BELIKPJO_01359,Cytoplasmic,0.0009,0.0135,0.9095,0.0502,0.0255,0.0005
BELIKPJO_01360,Cytoplasmic,0.0000,0.0001,0.9996,0.0002,0.0001,0.0000
BELIKPJO_01361,Cytoplasmic,0.0000,0.0005,0.9994,0.0000,0.0000,0.0000
BELIKPJO_01362,Cytoplasmic,0.0003,0.0016,0.9674,0.0021,0.0281,0.0005
BELIKPJO_01363,Cytoplasmic,0.0003,0.0015,0.9968,0.0008,0.0004,0.0002
BELIKPJO_01364,Cytoplasmic,0.0001,0.0009,0.9973,0.0002,0.0015,0.0000
BELIKPJO_01365,Cytoplasmic Membrane,0.0000,0.0262,0.0026,0.9705,0.0007,0.0000
BELIKPJO_01366,Cytoplasmic,0.0001,0.0001,0.9366,0.0573,0.0053,0.0006
BELIKPJO_01367,Cytoplasmic,0.0001,0.0190,0.9504,0.0102,0.0201,0.0002
BELIKPJO_01368,Cytoplasmic,0.0013,0.0044,0.9633,0.0135,0.0154,0.0020
BELIKPJO_01369,Cytoplasmic,0.0001,0.0010,0.9889,0.0036,0.0059,0.0006
BELIKPJO_01370,Cytoplasmic Membrane,0.0000,0.0001,0.0001,0.9968,0.0029,0.0000
BELIKPJO_01371,Cytoplasmic,0.0016,0.0106,0.9401,0.0451,0.0025,0.0000
BELIKPJO_01372,Cytoplasmic,0.0001,0.0003,0.9415,0.0503,0.0055,0.0024
BELIKPJO_01373,Cytoplasmic,0.0001,0.0002,0.9798,0.0172,0.0015,0.0012
BELIKPJO_01374,Cytoplasmic Membrane,0.0000,0.0000,0.0000,0.9999,0.0001,0.0000
BELIKPJO_01375,Cytoplasmic,0.0027,0.0121,0.9477,0.0218,0.0149,0.0007
BELIKPJO_01376,Cytoplasmic,0.0015,0.0169,0.9476,0.0317,0.0022,0.0000
BELIKPJO_01377,Cytoplasmic,0.0001,0.0008,0.9914,0.0024,0.0043,0.0009
BELIKPJO_01378,Cytoplasmic Membrane,0.0000,0.0000,0.0000,0.9994,0.0006,0.0000
BELIKPJO_01379,Cytoplasmic,0.0005,0.0063,0.9776,0.0110,0.0044,0.0001
BELIKPJO_01391,Cytoplasmic,0.0002,0.0001,0.9775,0.0199,0.0023,0.0000
BELIKPJO_01392,Cytoplasmic Membrane,0.0000,0.0002,0.0001,0.9996,0.0002,0.0000
BELIKPJO_01393,Cytoplasmic,0.0000,0.0000,0.9992,0.0000,0.0007,0.0001
BELIKPJO_01394,Cytoplasmic,0.0005,0.0011,0.7446,0.0142,0.2384,0.0011
BELIKPJO_01395,Cytoplasmic Membrane,0.0000,0.0015,0.0006,0.9974,0.0005,0.0000
BELIKPJO_01396,Cytoplasmic Membrane,0.0000,0.0009,0.0010,0.9973,0.0006,0.0000
BELIKPJO_01397,Cytoplasmic,0.0000,0.0005,0.9930,0.0009,0.0041,0.0016
BELIKPJO_01398,Cytoplasmic,0.0000,0.0001,0.9962,0.0001,0.0034,0.0001
BELIKPJO_01399,Cytoplasmic,0.0011,0.0004,0.9886,0.0041,0.0056,0.0003
BELIKPJO_01400,Cytoplasmic,0.0007,0.0057,0.9071,0.0764,0.0097,0.0004
BELIKPJO_01401,Cytoplasmic,0.0003,0.0222,0.9716,0.0016,0.0043,0.0001
BELIKPJO_01402,Cytoplasmic,0.0014,0.1323,0.6541,0.1865,0.0160,0.0097
BELIKPJO_01403,Cytoplasmic,0.0005,0.0127,0.5364,0.4080,0.0414,0.0009
BELIKPJO_01404,Cytoplasmic,0.0001,0.0003,0.9985,0.0004,0.0005,0.0002
BELIKPJO_01405,Cytoplasmic,0.0000,0.0006,0.9989,0.0002,0.0000,0.0002
BELIKPJO_01406,Cytoplasmic Membrane,0.0002,0.0066,0.0028,0.9871,0.0032,0.0000
BELIKPJO_01407,Cytoplasmic Membrane,0.0000,0.0023,0.0006,0.9940,0.0030,0.0002
BELIKPJO_01408,Cytoplasmic Membrane,0.0012,0.0018,0.0332,0.9635,0.0004,0.0000
BELIKPJO_01409,Cytoplasmic,0.0003,0.0003,0.9689,0.0304,0.0001,0.0000
BELIKPJO_01410,Cytoplasmic,0.0004,0.0084,0.8677,0.0254,0.0841,0.0139
BELIKPJO_01411,Cytoplasmic,0.0001,0.0001,0.9633,0.0088,0.0268,0.0009
BELIKPJO_01412,Cytoplasmic,0.0001,0.0003,0.9983,0.0008,0.0003,0.0002
BELIKPJO_01413,Cell wall & surface,0.9632,0.0305,0.0000,0.0025,0.0037,0.0000
BELIKPJO_01414,Cytoplasmic,0.0002,0.0010,0.9967,0.0019,0.0001,0.0000
BELIKPJO_01415,Cytoplasmic,0.0005,0.0053,0.9793,0.0038,0.0096,0.0014
BELIKPJO_01416,Cytoplasmic,0.0009,0.0054,0.8537,0.0763,0.0627,0.0009
BELIKPJO_01417,Cytoplasmic,0.0003,0.0001,0.9992,0.0004,0.0000,0.0000
BELIKPJO_01418,Cytoplasmic,0.0001,0.0003,0.9398,0.0067,0.0525,0.0006
BELIKPJO_01419,Cytoplasmic,0.0000,0.0002,0.9974,0.0004,0.0019,0.0001
BELIKPJO_01420,Cytoplasmic,0.0006,0.0140,0.9700,0.0113,0.0041,0.0000
BELIKPJO_01421,Cytoplasmic,0.0008,0.0007,0.9977,0.0008,0.0001,0.0000
BELIKPJO_01422,Cytoplasmic Membrane,0.0000,0.0062,0.0000,0.9930,0.0007,0.0000
BELIKPJO_01423,Cytoplasmic Membrane,0.0000,0.0001,0.0001,0.9983,0.0015,0.0000
BELIKPJO_01424,Cytoplasmic,0.0000,0.0030,0.6185,0.3590,0.0054,0.0141
BELIKPJO_01425,Cytoplasmic Membrane,0.0071,0.0152,0.2898,0.6765,0.0110,0.0004
BELIKPJO_01426,Cytoplasmic Membrane,0.0000,0.0000,0.0000,0.9997,0.0003,0.0000
BELIKPJO_01427,Cytoplasmic,0.0001,0.0007,0.9641,0.0302,0.0049,0.0000
BELIKPJO_01428,Cytoplasmic,0.0001,0.0005,0.9811,0.0076,0.0107,0.0000
BELIKPJO_01429,Extracellular,0.3449,0.4142,0.1584,0.0575,0.0242,0.0008
BELIKPJO_01430,Extracellular,0.0776,0.8380,0.0001,0.0796,0.0023,0.0025
BELIKPJO_01431,Cytoplasmic,0.0028,0.0057,0.9532,0.0002,0.0378,0.0003
BELIKPJO_01432,Cytoplasmic,0.0009,0.0001,0.9794,0.0001,0.0195,0.0000
BELIKPJO_01433,Cytoplasmic,0.0108,0.2061,0.4540,0.1965,0.1322,0.0003
BELIKPJO_01434,Cytoplasmic,0.0013,0.0155,0.5754,0.2254,0.1819,0.0004
BELIKPJO_01435,Cytoplasmic,0.0015,0.0000,0.9964,0.0017,0.0004,0.0000
BELIKPJO_01436,Cytoplasmic Membrane,0.0000,0.0003,0.0000,0.9992,0.0005,0.0000
BELIKPJO_01437,Cytoplasmic,0.0024,0.0034,0.9792,0.0065,0.0083,0.0002
BELIKPJO_01438,Outer Membrane,0.0000,0.0000,0.2527,0.0000,0.7472,0.0000
BELIKPJO_01439,Cytoplasmic,0.0015,0.0019,0.9750,0.0101,0.0097,0.0019
BELIKPJO_01440,Cytoplasmic,0.0015,0.0027,0.9711,0.0241,0.0006,0.0000
BELIKPJO_01441,Cytoplasmic,0.0000,0.0000,0.9992,0.0002,0.0005,0.0001
BELIKPJO_01442,Cytoplasmic,0.0004,0.0009,0.9903,0.0083,0.0002,0.0000
BELIKPJO_01443,Cytoplasmic,0.0001,0.0011,0.9530,0.0030,0.0421,0.0007
BELIKPJO_01444,Cytoplasmic,0.0002,0.0005,0.9578,0.0010,0.0404,0.0001
BELIKPJO_01445,Cytoplasmic,0.0000,0.0000,0.9519,0.0002,0.0477,0.0002
BELIKPJO_01446,Cytoplasmic,0.0002,0.0006,0.8026,0.0041,0.1923,0.0001
BELIKPJO_01447,Cytoplasmic,0.0001,0.0003,0.4995,0.0085,0.4912,0.0004
BELIKPJO_01448,Cytoplasmic Membrane,0.0001,0.0007,0.0004,0.9867,0.0121,0.0000
BELIKPJO_01449,Cytoplasmic,0.0004,0.0001,0.8875,0.0010,0.1109,0.0001
BELIKPJO_01450,Cytoplasmic Membrane,0.0000,0.0002,0.0002,0.9974,0.0022,0.0000
BELIKPJO_01451,Cytoplasmic,0.0011,0.2184,0.7503,0.0013,0.0231,0.0057
BELIKPJO_01452,Cytoplasmic,0.0029,0.0045,0.8447,0.1384,0.0091,0.0003
BELIKPJO_01453,Cytoplasmic,0.0009,0.0044,0.8966,0.0464,0.0504,0.0013
BELIKPJO_01454,Cytoplasmic,0.0003,0.0022,0.9044,0.0015,0.0914,0.0002
BELIKPJO_01455,Cytoplasmic,0.0001,0.0003,0.9935,0.0051,0.0011,0.0000
BELIKPJO_01456,Cytoplasmic,0.0004,0.0011,0.9140,0.0524,0.0314,0.0006
BELIKPJO_01457,Cytoplasmic,0.0014,0.0014,0.8813,0.1141,0.0018,0.0000
BELIKPJO_01458,Cytoplasmic,0.0001,0.0014,0.9648,0.0023,0.0310,0.0004
BELIKPJO_01459,Cytoplasmic,0.0001,0.0001,0.9742,0.0010,0.0239,0.0008
BELIKPJO_01460,Cytoplasmic Membrane,0.0000,0.0000,0.0000,0.9994,0.0006,0.0000
BELIKPJO_01461,Cytoplasmic Membrane,0.0000,0.0002,0.0000,0.9988,0.0009,0.0000
BELIKPJO_01462,Cytoplasmic Membrane,0.0002,0.0019,0.2114,0.7836,0.0030,0.0000
BELIKPJO_01463,Cytoplasmic Membrane,0.0000,0.0001,0.0000,0.9998,0.0001,0.0000
BELIKPJO_01464,Cytoplasmic Membrane,0.0000,0.0927,0.0000,0.9036,0.0037,0.0000
BELIKPJO_01465,Cytoplasmic,0.0002,0.0003,0.9874,0.0115,0.0006,0.0000
BELIKPJO_01466,Cytoplasmic Membrane,0.0000,0.0000,0.0000,0.9999,0.0001,0.0000
BELIKPJO_01467,Cytoplasmic,0.0000,0.0004,0.9994,0.0001,0.0001,0.0000
BELIKPJO_01468,Cytoplasmic,0.0005,0.0017,0.9901,0.0006,0.0064,0.0007
BELIKPJO_01469,Cytoplasmic Membrane,0.0000,0.0000,0.0000,0.9999,0.0001,0.0000
BELIKPJO_01470,Cytoplasmic Membrane,0.0001,0.0051,0.0000,0.9945,0.0003,0.0000
BELIKPJO_01471,Cytoplasmic,0.0006,0.0166,0.9765,0.0058,0.0003,0.0003
BELIKPJO_01472,Cytoplasmic,0.0000,0.0015,0.9982,0.0001,0.0001,0.0001
BELIKPJO_01473,Cytoplasmic,0.0022,0.0146,0.9662,0.0169,0.0001,0.0000
BELIKPJO_01474,Cytoplasmic,0.0001,0.0001,0.9997,0.0001,0.0000,0.0000
BELIKPJO_01475,Cytoplasmic,0.0002,0.0012,0.9973,0.0005,0.0007,0.0000
BELIKPJO_01476,Cytoplasmic,0.0001,0.0021,0.9558,0.0035,0.0378,0.0007
BELIKPJO_01477,Cytoplasmic,0.0005,0.0011,0.9377,0.0210,0.0380,0.0018
BELIKPJO_01478,Cytoplasmic Membrane,0.0000,0.0003,0.0003,0.9963,0.0030,0.0000
BELIKPJO_01479,Cytoplasmic,0.0002,0.0015,0.9956,0.0003,0.0022,0.0002
BELIKPJO_01480,Cytoplasmic,0.0000,0.0000,0.9996,0.0000,0.0003,0.0000
BELIKPJO_01481,Cytoplasmic,0.0001,0.0000,0.5158,0.4495,0.0340,0.0006
BELIKPJO_01482,Cytoplasmic,0.0000,0.0000,0.9991,0.0001,0.0007,0.0001
BELIKPJO_01483,Cytoplasmic,0.0004,0.0001,0.9994,0.0001,0.0000,0.0001
BELIKPJO_01484,Cytoplasmic,0.0001,0.0001,0.9984,0.0006,0.0004,0.0004
BELIKPJO_01485,Cytoplasmic,0.0008,0.0040,0.9802,0.0114,0.0033,0.0001
BELIKPJO_01486,Cytoplasmic,0.0018,0.0027,0.9682,0.0268,0.0005,0.0001
BELIKPJO_01487,Cytoplasmic,0.0006,0.0053,0.9840,0.0084,0.0016,0.0001
BELIKPJO_01488,Cytoplasmic,0.0010,0.0034,0.9824,0.0073,0.0058,0.0001
BELIKPJO_01489,Cytoplasmic Membrane,0.0134,0.0153,0.0006,0.9663,0.0043,0.0000
BELIKPJO_01490,Cytoplasmic Membrane,0.0001,0.0009,0.1922,0.8050,0.0018,0.0000
BELIKPJO_01491,Cytoplasmic Membrane,0.0000,0.0000,0.0000,1.0000,0.0000,0.0000
BELIKPJO_01492,Cytoplasmic,0.0004,0.0012,0.8643,0.1296,0.0044,0.0001
BELIKPJO_01493,Cytoplasmic,0.0000,0.0000,0.9995,0.0001,0.0004,0.0001
BELIKPJO_01494,Extracellular,0.2376,0.7198,0.0026,0.0121,0.0019,0.0260
BELIKPJO_01495,Cytoplasmic,0.0010,0.0540,0.9363,0.0041,0.0045,0.0002
BELIKPJO_01496,Cell wall & surface,0.8397,0.0239,0.0008,0.1346,0.0010,0.0000
BELIKPJO_01497,Cytoplasmic Membrane,0.1450,0.0112,0.0004,0.8261,0.0142,0.0031
BELIKPJO_01498,Cytoplasmic,0.0000,0.0005,0.9954,0.0029,0.0011,0.0000
BELIKPJO_01499,Cytoplasmic,0.0008,0.0081,0.9826,0.0057,0.0010,0.0019
BELIKPJO_01500,Cytoplasmic,0.0025,0.0999,0.8740,0.0070,0.0165,0.0001
BELIKPJO_01501,Cytoplasmic,0.0001,0.0015,0.9840,0.0133,0.0009,0.0000
BELIKPJO_01502,Cytoplasmic,0.0001,0.0002,0.9898,0.0031,0.0067,0.0002
BELIKPJO_01503,Extracellular,0.0001,0.7424,0.2010,0.0527,0.0036,0.0003
BELIKPJO_01504,Cytoplasmic,0.0004,0.0007,0.9918,0.0029,0.0040,0.0001
BELIKPJO_01505,Extracellular,0.0367,0.9412,0.0011,0.0200,0.0005,0.0005
BELIKPJO_01506,Cytoplasmic,0.0017,0.0602,0.8902,0.0384,0.0092,0.0003
BELIKPJO_01507,Cytoplasmic,0.0000,0.0006,0.9188,0.0673,0.0132,0.0000
BELIKPJO_01508,Cytoplasmic,0.0001,0.0015,0.9428,0.0236,0.0168,0.0152
BELIKPJO_01509,Cytoplasmic Membrane,0.0000,0.0015,0.0000,0.9983,0.0001,0.0000
BELIKPJO_01510,Cytoplasmic Membrane,0.0000,0.0001,0.0000,0.9997,0.0002,0.0000
BELIKPJO_01511,Cytoplasmic,0.0243,0.0017,0.6624,0.3035,0.0080,0.0000
BELIKPJO_01512,Cytoplasmic,0.0308,0.0012,0.8672,0.0972,0.0036,0.0000
BELIKPJO_01513,Cytoplasmic Membrane,0.0001,0.0577,0.0016,0.9340,0.0065,0.0000
BELIKPJO_01514,Cytoplasmic Membrane,0.0000,0.0000,0.0000,0.9999,0.0001,0.0000
BELIKPJO_01515,Cytoplasmic,0.0003,0.0718,0.9154,0.0113,0.0012,0.0000
BELIKPJO_01516,Cytoplasmic,0.0011,0.0529,0.5305,0.4112,0.0042,0.0001
BELIKPJO_01517,Cytoplasmic,0.0036,0.0176,0.5007,0.4761,0.0020,0.0000
BELIKPJO_01518,Cytoplasmic,0.0010,0.0395,0.7740,0.1805,0.0049,0.0000
BELIKPJO_01519,Cell wall & surface,0.8841,0.0883,0.0137,0.0133,0.0005,0.0001
BELIKPJO_01520,Cytoplasmic Membrane,0.0001,0.0001,0.4809,0.5179,0.0010,0.0000
BELIKPJO_01521,Cytoplasmic,0.0014,0.0112,0.7810,0.2005,0.0057,0.0001
BELIKPJO_01522,Cytoplasmic,0.0009,0.0181,0.9221,0.0427,0.0160,0.0002
BELIKPJO_01523,Cell wall & surface,0.4693,0.4063,0.0252,0.0976,0.0015,0.0002
BELIKPJO_01524,Cytoplasmic Membrane,0.0000,0.0000,0.0001,0.9994,0.0005,0.0000
BELIKPJO_01525,Cytoplasmic Membrane,0.0352,0.0404,0.0008,0.8735,0.0496,0.0004
BELIKPJO_01526,Cytoplasmic,0.0004,0.0005,0.9866,0.0043,0.0079,0.0003
BELIKPJO_01527,Cytoplasmic Membrane,0.0001,0.0005,0.0006,0.9944,0.0044,0.0000
BELIKPJO_01528,Cytoplasmic,0.0005,0.0058,0.9862,0.0027,0.0047,0.0002
BELIKPJO_01529,Cytoplasmic,0.0005,0.0035,0.8774,0.0147,0.0979,0.0060
BELIKPJO_01530,Cytoplasmic,0.0000,0.0000,0.9996,0.0000,0.0003,0.0000
BELIKPJO_01531,Cytoplasmic,0.0037,0.0057,0.9665,0.0161,0.0034,0.0046
BELIKPJO_01532,Cytoplasmic,0.0017,0.0207,0.9613,0.0112,0.0049,0.0001
BELIKPJO_01533,Cytoplasmic,0.0012,0.0113,0.9776,0.0061,0.0035,0.0003
BELIKPJO_01534,Cytoplasmic,0.0002,0.0029,0.9817,0.0074,0.0067,0.0012
BELIKPJO_01535,Cytoplasmic,0.0001,0.0009,0.9390,0.0005,0.0592,0.0003
BELIKPJO_01536,Cytoplasmic,0.0002,0.0017,0.9899,0.0018,0.0050,0.0012
BELIKPJO_01537,Cytoplasmic,0.0000,0.0002,0.9694,0.0286,0.0018,0.0000
BELIKPJO_01538,Cytoplasmic Membrane,0.0000,0.0002,0.0000,0.9996,0.0002,0.0000
BELIKPJO_01539,Cytoplasmic,0.0015,0.2594,0.5625,0.1743,0.0011,0.0010
BELIKPJO_01540,Cytoplasmic,0.0004,0.0023,0.9964,0.0004,0.0004,0.0000
BELIKPJO_01541,Cytoplasmic,0.0021,0.0025,0.7554,0.2368,0.0027,0.0005
BELIKPJO_01542,Extracellular,0.1303,0.8657,0.0003,0.0034,0.0003,0.0000
BELIKPJO_01543,Cytoplasmic,0.0406,0.2135,0.6709,0.0048,0.0651,0.0051
BELIKPJO_01544,Cytoplasmic,0.0055,0.0157,0.9700,0.0039,0.0046,0.0003
BELIKPJO_01545,Cytoplasmic,0.0000,0.0008,0.9958,0.0031,0.0004,0.0000
BELIKPJO_01546,Cytoplasmic,0.0002,0.0024,0.9885,0.0034,0.0045,0.0009
BELIKPJO_01547,Cytoplasmic,0.0004,0.0035,0.9060,0.0850,0.0047,0.0005
BELIKPJO_01548,Cytoplasmic,0.0002,0.0059,0.9888,0.0029,0.0014,0.0008
BELIKPJO_01549,Cytoplasmic Membrane,0.0027,0.0370,0.0001,0.7603,0.1999,0.0000
BELIKPJO_01550,Extracellular,0.0044,0.9953,0.0000,0.0001,0.0002,0.0000
BELIKPJO_01551,Cytoplasmic Membrane,0.0000,0.0023,0.0001,0.9974,0.0002,0.0000
BELIKPJO_01552,Cytoplasmic Membrane,0.0003,0.0532,0.0116,0.8642,0.0704,0.0003
BELIKPJO_01553,Cytoplasmic,0.0029,0.0815,0.8646,0.0025,0.0475,0.0010
BELIKPJO_01554,Cytoplasmic,0.0003,0.0017,0.9671,0.0137,0.0171,0.0000
BELIKPJO_01555,Cytoplasmic,0.0002,0.0286,0.9536,0.0019,0.0157,0.0000
BELIKPJO_01556,Cytoplasmic,0.0002,0.1108,0.6785,0.1621,0.0479,0.0005
BELIKPJO_01557,Cytoplasmic,0.0005,0.1064,0.8811,0.0115,0.0004,0.0001
BELIKPJO_01558,Cytoplasmic,0.0003,0.0018,0.9865,0.0008,0.0105,0.0001
BELIKPJO_01559,Cytoplasmic,0.0009,0.0832,0.8257,0.0214,0.0686,0.0002
BELIKPJO_01560,Cytoplasmic Membrane,0.0000,0.0010,0.0000,0.9967,0.0023,0.0000
BELIKPJO_01561,Extracellular,0.0003,0.6192,0.2758,0.0017,0.0658,0.0373
BELIKPJO_01562,Cytoplasmic,0.0008,0.0007,0.9431,0.0507,0.0045,0.0001
BELIKPJO_01563,Cytoplasmic,0.0005,0.0023,0.9460,0.0424,0.0086,0.0001
BELIKPJO_01564,Cytoplasmic Membrane,0.0000,0.0000,0.0000,0.9998,0.0001,0.0000
BELIKPJO_01565,Cytoplasmic,0.0001,0.0002,0.9850,0.0132,0.0015,0.0000
BELIKPJO_01566,Cytoplasmic,0.0006,0.3217,0.6541,0.0054,0.0179,0.0003
BELIKPJO_01567,Cell wall & surface,0.7409,0.1638,0.0002,0.0939,0.0012,0.0000
BELIKPJO_01568,Extracellular,0.0003,0.9975,0.0000,0.0007,0.0015,0.0000
BELIKPJO_01569,Cytoplasmic Membrane,0.0000,0.0001,0.0001,0.9995,0.0003,0.0000
BELIKPJO_01570,Cytoplasmic Membrane,0.0000,0.0000,0.0000,0.9997,0.0002,0.0000
BELIKPJO_01571,Cytoplasmic Membrane,0.0000,0.0029,0.0000,0.9969,0.0002,0.0000
BELIKPJO_01572,Cytoplasmic,0.0005,0.0003,0.7111,0.2863,0.0017,0.0001
BELIKPJO_01573,Cell wall & surface,0.7944,0.1276,0.0003,0.0658,0.0118,0.0000
BELIKPJO_01574,Cytoplasmic,0.0012,0.2581,0.6181,0.1218,0.0006,0.0001
BELIKPJO_01575,Cytoplasmic,0.0073,0.0298,0.9499,0.0086,0.0039,0.0005
BELIKPJO_01576,Extracellular,0.0000,0.6251,0.3223,0.0472,0.0053,0.0000
BELIKPJO_01577,Cytoplasmic,0.0002,0.3853,0.4204,0.1794,0.0117,0.0030
BELIKPJO_01578,Cytoplasmic,0.0000,0.4468,0.5142,0.0177,0.0210,0.0003
BELIKPJO_01579,Cytoplasmic,0.0013,0.0555,0.8843,0.0153,0.0436,0.0000
BELIKPJO_01580,Extracellular,0.0554,0.5996,0.0791,0.0918,0.1734,0.0007
BELIKPJO_01581,Cell wall & surface,0.9651,0.0265,0.0001,0.0072,0.0011,0.0000
BELIKPJO_01582,Cytoplasmic,0.0002,0.0036,0.7455,0.1948,0.0549,0.0009
BELIKPJO_01583,Cytoplasmic,0.0003,0.0015,0.7458,0.2347,0.0176,0.0001
BELIKPJO_01584,Cytoplasmic Membrane,0.0019,0.0517,0.0014,0.8574,0.0873,0.0002
BELIKPJO_01585,Cytoplasmic,0.0008,0.0151,0.7678,0.1853,0.0309,0.0001
BELIKPJO_01586,Extracellular,0.0001,0.6198,0.3359,0.0348,0.0090,0.0004
BELIKPJO_01587,Extracellular,0.0005,0.6735,0.1908,0.1020,0.0326,0.0006
BELIKPJO_01588,Cytoplasmic,0.0001,0.0149,0.9587,0.0113,0.0146,0.0003
BELIKPJO_01589,Cytoplasmic Membrane,0.0002,0.0651,0.3833,0.5368,0.0112,0.0034
BELIKPJO_01590,Cytoplasmic,0.0001,0.0011,0.9688,0.0128,0.0173,0.0001
BELIKPJO_01591,Cytoplasmic,0.0005,0.0017,0.9272,0.0173,0.0532,0.0002
BELIKPJO_01592,Cytoplasmic,0.0000,0.0001,0.9989,0.0000,0.0003,0.0006
BELIKPJO_01593,Cytoplasmic,0.0001,0.0014,0.9973,0.0006,0.0001,0.0004
BELIKPJO_01594,Cytoplasmic Membrane,0.0000,0.0000,0.0000,0.9998,0.0001,0.0000
BELIKPJO_01595,Cell wall & surface,0.5310,0.4478,0.0002,0.0192,0.0019,0.0000
BELIKPJO_01596,Extracellular,0.0183,0.9810,0.0000,0.0001,0.0005,0.0001
BELIKPJO_01597,Cytoplasmic,0.0001,0.0100,0.9598,0.0216,0.0083,0.0001
BELIKPJO_01598,Extracellular,0.0944,0.4669,0.3976,0.0017,0.0391,0.0003
BELIKPJO_01599,Cytoplasmic,0.0009,0.0320,0.9145,0.0077,0.0375,0.0075
BELIKPJO_01600,Extracellular,0.0000,0.9998,0.0000,0.0000,0.0002,0.0000
BELIKPJO_01601,Cytoplasmic Membrane,0.0019,0.3559,0.0001,0.6294,0.0125,0.0002
BELIKPJO_01602,Cytoplasmic Membrane,0.0012,0.1574,0.0001,0.8172,0.0241,0.0000
BELIKPJO_01603,Cytoplasmic,0.0001,0.1600,0.5714,0.2006,0.0680,0.0000
BELIKPJO_01604,Cytoplasmic Membrane,0.0004,0.0458,0.0072,0.8958,0.0508,0.0000
BELIKPJO_01605,Cytoplasmic Membrane,0.0000,0.0022,0.0001,0.9865,0.0111,0.0000
BELIKPJO_01606,Cytoplasmic Membrane,0.0010,0.1621,0.3824,0.4255,0.0289,0.0001
BELIKPJO_01607,Cytoplasmic,0.0009,0.2378,0.7432,0.0007,0.0170,0.0004
BELIKPJO_01608,Cytoplasmic Membrane,0.0000,0.0014,0.0001,0.9972,0.0013,0.0000
BELIKPJO_01609,Cytoplasmic,0.0033,0.1842,0.7996,0.0065,0.0064,0.0001
BELIKPJO_01610,Cytoplasmic,0.0049,0.4252,0.5042,0.0015,0.0486,0.0156
BELIKPJO_01611,Cytoplasmic Membrane,0.0637,0.0989,0.0010,0.8279,0.0085,0.0000
BELIKPJO_01612,Cytoplasmic,0.0007,0.2251,0.7057,0.0609,0.0074,0.0003
BELIKPJO_01613,Cytoplasmic,0.0004,0.0055,0.9239,0.0031,0.0669,0.0002
BELIKPJO_01614,Cytoplasmic,0.0000,0.1366,0.7671,0.0939,0.0023,0.0000
BELIKPJO_01615,Cytoplasmic,0.0003,0.0017,0.9800,0.0012,0.0168,0.0000
BELIKPJO_01616,Cytoplasmic,0.0005,0.3063,0.6802,0.0087,0.0043,0.0000
BELIKPJO_01617,Cytoplasmic,0.0003,0.2163,0.7748,0.0005,0.0030,0.0051
BELIKPJO_01618,Extracellular,0.0025,0.6655,0.2756,0.0489,0.0066,0.0009
BELIKPJO_01619,Cytoplasmic,0.0120,0.0551,0.8337,0.0932,0.0060,0.0001
BELIKPJO_01620,Extracellular,0.0599,0.5161,0.2752,0.1437,0.0048,0.0002
BELIKPJO_01621,Extracellular,0.0104,0.5317,0.4404,0.0169,0.0006,0.0000
BELIKPJO_01622,Cytoplasmic,0.0533,0.2052,0.5300,0.2077,0.0037,0.0002
BELIKPJO_01623,Cytoplasmic,0.0015,0.0419,0.8941,0.0306,0.0319,0.0000
BELIKPJO_01624,Cytoplasmic,0.0001,0.0034,0.9882,0.0034,0.0049,0.0000
BELIKPJO_01625,Cytoplasmic Membrane,0.0000,0.0002,0.0000,0.9997,0.0000,0.0000
BELIKPJO_01626,Cytoplasmic Membrane,0.0478,0.2817,0.0015,0.6600,0.0090,0.0001
BELIKPJO_01627,Cytoplasmic,0.0001,0.0023,0.9624,0.0175,0.0171,0.0006
BELIKPJO_01628,Cytoplasmic,0.0000,0.0004,0.9744,0.0015,0.0235,0.0001
BELIKPJO_01629,Cytoplasmic,0.0314,0.1856,0.4803,0.2272,0.0743,0.0011
BELIKPJO_01630,Extracellular,0.0105,0.7757,0.0145,0.1939,0.0054,0.0001
BELIKPJO_01631,Extracellular,0.0169,0.6654,0.1894,0.0013,0.1257,0.0013
BELIKPJO_01632,Cytoplasmic Membrane,0.0000,0.0018,0.0001,0.9969,0.0011,0.0000
BELIKPJO_01633,Cytoplasmic,0.0003,0.0118,0.5448,0.3956,0.0474,0.0001
BELIKPJO_01634,Cytoplasmic Membrane,0.0001,0.0093,0.0002,0.9822,0.0082,0.0000
BELIKPJO_01635,Cytoplasmic Membrane,0.0002,0.3070,0.0002,0.6832,0.0094,0.0000
BELIKPJO_01636,Cytoplasmic Membrane,0.0002,0.0015,0.0004,0.9976,0.0003,0.0000
BELIKPJO_01637,Cytoplasmic Membrane,0.0015,0.0916,0.0027,0.8931,0.0111,0.0000
BELIKPJO_01638,Cell wall & surface,0.4262,0.2963,0.0015,0.2745,0.0014,0.0000
BELIKPJO_01639,Extracellular,0.0004,0.6584,0.0051,0.3268,0.0092,0.0000
BELIKPJO_01640,Cytoplasmic Membrane,0.0075,0.0389,0.0002,0.9519,0.0015,0.0000
BELIKPJO_01641,Cytoplasmic,0.0001,0.3128,0.3831,0.2673,0.0348,0.0019
BELIKPJO_01642,Cytoplasmic Membrane,0.0000,0.3306,0.0010,0.6451,0.0230,0.0002
BELIKPJO_01643,Cytoplasmic,0.0001,0.0005,0.9873,0.0033,0.0088,0.0001
BELIKPJO_01644,Cytoplasmic,0.0016,0.0167,0.8487,0.1298,0.0031,0.0001
BELIKPJO_01645,Cytoplasmic,0.0001,0.0205,0.9421,0.0252,0.0118,0.0003
BELIKPJO_01646,Extracellular,0.0037,0.4990,0.0423,0.3171,0.1378,0.0001
BELIKPJO_01647,Cytoplasmic,0.0006,0.0633,0.5439,0.3800,0.0101,0.0020
BELIKPJO_01648,Cell wall & surface,0.8979,0.0644,0.0029,0.0197,0.0151,0.0000
BELIKPJO_01649,Cytoplasmic,0.0036,0.1142,0.8241,0.0401,0.0178,0.0002
BELIKPJO_01650,Cytoplasmic,0.0010,0.0540,0.9363,0.0041,0.0045,0.0002
BELIKPJO_01651,Cytoplasmic,0.0002,0.1785,0.6870,0.1010,0.0330,0.0002
BELIKPJO_01652,Cytoplasmic,0.0004,0.0011,0.9032,0.0106,0.0694,0.0152
BELIKPJO_01653,Cytoplasmic,0.0005,0.0050,0.9515,0.0411,0.0019,0.0000
BELIKPJO_01654,Cytoplasmic,0.0005,0.0064,0.9913,0.0009,0.0006,0.0003
BELIKPJO_01655,Cytoplasmic,0.0003,0.0021,0.9966,0.0003,0.0002,0.0006
BELIKPJO_01656,Cytoplasmic,0.0004,0.0018,0.9972,0.0004,0.0001,0.0001
BELIKPJO_01657,Cytoplasmic,0.0001,0.0025,0.9889,0.0038,0.0046,0.0001
BELIKPJO_01658,Cytoplasmic,0.0001,0.0003,0.9989,0.0004,0.0001,0.0000
BELIKPJO_01659,Cytoplasmic,0.0000,0.0001,0.9990,0.0001,0.0003,0.0005
BELIKPJO_01660,Cytoplasmic,0.0001,0.0040,0.9252,0.0024,0.0011,0.0672
BELIKPJO_01661,Cytoplasmic Membrane,0.0041,0.0030,0.0000,0.9835,0.0074,0.0020
BELIKPJO_01662,Cytoplasmic Membrane,0.0097,0.0224,0.0001,0.9325,0.0270,0.0083
BELIKPJO_01663,Cytoplasmic Membrane,0.0001,0.0001,0.1050,0.8872,0.0075,0.0001
BELIKPJO_01664,Cytoplasmic Membrane,0.0000,0.0000,0.0000,1.0000,0.0000,0.0000
BELIKPJO_01665,Cytoplasmic Membrane,0.0000,0.0000,0.0000,0.9998,0.0002,0.0000
BELIKPJO_01666,Cytoplasmic Membrane,0.0000,0.0000,0.0000,0.9997,0.0003,0.0000
BELIKPJO_01667,Cytoplasmic,0.0001,0.0017,0.9863,0.0011,0.0081,0.0027
BELIKPJO_01668,Cytoplasmic,0.0000,0.0002,0.9987,0.0003,0.0006,0.0002
BELIKPJO_01669,Cytoplasmic,0.0001,0.0007,0.9634,0.0030,0.0302,0.0025
BELIKPJO_01670,Cytoplasmic Membrane,0.0047,0.0049,0.0000,0.9827,0.0076,0.0002
BELIKPJO_01671,Cytoplasmic Membrane,0.0001,0.0008,0.3051,0.6931,0.0006,0.0003
BELIKPJO_01672,Cytoplasmic Membrane,0.0000,0.0000,0.0001,0.9996,0.0002,0.0000
BELIKPJO_01673,Cytoplasmic Membrane,0.0000,0.0000,0.0002,0.9997,0.0001,0.0000
BELIKPJO_01674,Cytoplasmic,0.0000,0.0066,0.9660,0.0103,0.0040,0.0131
BELIKPJO_01675,Cytoplasmic,0.0002,0.0009,0.9845,0.0018,0.0110,0.0016
BELIKPJO_01676,Cytoplasmic,0.0001,0.0003,0.9963,0.0015,0.0018,0.0000
BELIKPJO_01677,Cytoplasmic,0.0000,0.0000,0.9996,0.0004,0.0000,0.0000
BELIKPJO_01678,Cytoplasmic,0.0051,0.0060,0.6333,0.0991,0.2556,0.0009
BELIKPJO_01679,Outer Membrane,0.0001,0.0002,0.1471,0.0009,0.8515,0.0002
BELIKPJO_01680,Cytoplasmic,0.0000,0.0000,0.9960,0.0002,0.0037,0.0001
BELIKPJO_01681,Cytoplasmic,0.0000,0.0000,0.9943,0.0005,0.0052,0.0000
BELIKPJO_01682,Cytoplasmic,0.0004,0.0004,0.9981,0.0009,0.0002,0.0001
BELIKPJO_01683,Cytoplasmic,0.0004,0.0077,0.7284,0.2384,0.0242,0.0009
BELIKPJO_01684,Cytoplasmic,0.0004,0.0047,0.8583,0.0314,0.1045,0.0007
BELIKPJO_01685,Outer Membrane,0.0000,0.0000,0.1427,0.0000,0.8573,0.0000
BELIKPJO_01686,Outer Membrane,0.0003,0.0002,0.2769,0.0040,0.7183,0.0004
BELIKPJO_01687,Cytoplasmic,0.0001,0.0000,0.5276,0.0014,0.4704,0.0005
BELIKPJO_01688,Outer Membrane,0.0000,0.0000,0.0419,0.0000,0.9580,0.0000
BELIKPJO_01689,Cytoplasmic,0.0009,0.0522,0.7108,0.1632,0.0675,0.0053
BELIKPJO_01690,Outer Membrane,0.0032,0.0013,0.4691,0.0106,0.5151,0.0007
BELIKPJO_01691,Outer Membrane,0.0009,0.0007,0.4022,0.0036,0.5905,0.0021
BELIKPJO_01692,Cytoplasmic,0.0001,0.0000,0.7151,0.0001,0.2845,0.0001
BELIKPJO_01693,Cytoplasmic,0.0001,0.0024,0.9681,0.0007,0.0286,0.0000
BELIKPJO_01694,Cytoplasmic,0.0000,0.0000,0.6753,0.0000,0.3246,0.0000
BELIKPJO_01695,Outer Membrane,0.0000,0.0001,0.0939,0.0002,0.9057,0.0001
BELIKPJO_01696,Cytoplasmic,0.0001,0.0000,0.8654,0.0000,0.1340,0.0005
BELIKPJO_01697,Outer Membrane,0.0001,0.0001,0.1221,0.0003,0.8770,0.0004
BELIKPJO_01698,Outer Membrane,0.0000,0.0001,0.4273,0.0024,0.5615,0.0086
BELIKPJO_01699,Cytoplasmic,0.0001,0.0001,0.8246,0.0003,0.1749,0.0001
BELIKPJO_01700,Outer Membrane,0.0001,0.0001,0.1465,0.0013,0.8507,0.0013
BELIKPJO_01701,Cytoplasmic,0.0000,0.0000,0.7473,0.0000,0.2526,0.0001
BELIKPJO_01702,Cytoplasmic,0.0001,0.0000,0.9916,0.0001,0.0082,0.0001
BELIKPJO_01703,Cytoplasmic,0.0010,0.0002,0.6256,0.0018,0.3699,0.0015
BELIKPJO_01704,Outer Membrane,0.0000,0.0000,0.0741,0.0000,0.9258,0.0001
BELIKPJO_01705,Cytoplasmic Membrane,0.0000,0.0000,0.0000,0.9997,0.0003,0.0000
BELIKPJO_01706,Cytoplasmic,0.0000,0.0000,0.9979,0.0000,0.0018,0.0002
BELIKPJO_01707,Cytoplasmic,0.0001,0.0012,0.9810,0.0015,0.0071,0.0091
BELIKPJO_01708,Outer Membrane,0.0006,0.0006,0.2907,0.0092,0.6782,0.0206
BELIKPJO_01709,Outer Membrane,0.0000,0.0003,0.3631,0.0003,0.6361,0.0001
BELIKPJO_01710,Cytoplasmic,0.0004,0.0010,0.9419,0.0115,0.0435,0.0016
BELIKPJO_01711,Cytoplasmic,0.0001,0.0004,0.9603,0.0017,0.0374,0.0000
BELIKPJO_01712,Cytoplasmic,0.0041,0.0010,0.5250,0.0305,0.4386,0.0008
BELIKPJO_01713,Cytoplasmic Membrane,0.0000,0.0000,0.0000,0.9997,0.0002,0.0000
BELIKPJO_01714,Cytoplasmic,0.0001,0.0002,0.9987,0.0002,0.0002,0.0006
BELIKPJO_01715,Cytoplasmic Membrane,0.0004,0.0015,0.3831,0.6109,0.0036,0.0005
BELIKPJO_01716,Cytoplasmic,0.0021,0.0006,0.5663,0.4300,0.0006,0.0003
BELIKPJO_01717,Cytoplasmic Membrane,0.0000,0.0000,0.0001,0.9998,0.0001,0.0000
BELIKPJO_01718,Cytoplasmic,0.0000,0.0000,0.9990,0.0007,0.0002,0.0000
BELIKPJO_01719,Cytoplasmic,0.0000,0.0004,0.9351,0.0091,0.0544,0.0009
BELIKPJO_01720,Cytoplasmic Membrane,0.0000,0.0000,0.0000,0.9995,0.0004,0.0000
BELIKPJO_01721,Cytoplasmic,0.0006,0.0627,0.9327,0.0002,0.0033,0.0006
BELIKPJO_01722,Cytoplasmic,0.0000,0.0002,0.9982,0.0001,0.0010,0.0005
BELIKPJO_01723,Cytoplasmic Membrane,0.0002,0.0002,0.0739,0.8375,0.0880,0.0002
BELIKPJO_01724,Cytoplasmic Membrane,0.0000,0.0000,0.0000,0.9999,0.0001,0.0000
BELIKPJO_01725,Cytoplasmic Membrane,0.0001,0.0046,0.0000,0.9769,0.0183,0.0001
BELIKPJO_01726,Cytoplasmic,0.0000,0.0003,0.9994,0.0002,0.0000,0.0000
BELIKPJO_01727,Cytoplasmic,0.0001,0.0006,0.9984,0.0002,0.0004,0.0003
BELIKPJO_01728,Cytoplasmic,0.0000,0.0002,0.9973,0.0019,0.0005,0.0000
BELIKPJO_01729,Extracellular,0.1093,0.8876,0.0002,0.0025,0.0003,0.0001
BELIKPJO_01730,Cytoplasmic,0.0001,0.0007,0.9871,0.0057,0.0038,0.0025
BELIKPJO_01731,Cytoplasmic,0.0005,0.0023,0.9681,0.0078,0.0164,0.0049
BELIKPJO_01732,Cytoplasmic,0.0001,0.0004,0.9988,0.0001,0.0005,0.0001
BELIKPJO_01733,Cytoplasmic,0.0017,0.0008,0.9710,0.0247,0.0015,0.0002
BELIKPJO_01734,Cytoplasmic Membrane,0.0000,0.0000,0.0000,0.9999,0.0000,0.0000
BELIKPJO_01735,Cytoplasmic,0.0000,0.0000,0.9981,0.0003,0.0016,0.0000
BELIKPJO_01736,Cytoplasmic Membrane,0.0000,0.0005,0.0000,0.9994,0.0002,0.0000
BELIKPJO_01737,Cytoplasmic,0.0000,0.0000,0.9928,0.0000,0.0072,0.0000
BELIKPJO_01738,Cytoplasmic,0.0022,0.0000,0.9971,0.0007,0.0000,0.0000
BELIKPJO_01739,Cytoplasmic,0.0000,0.0001,0.9914,0.0002,0.0081,0.0002
BELIKPJO_01740,Cytoplasmic Membrane,0.0000,0.0018,0.0000,0.9973,0.0008,0.0000
BELIKPJO_01741,Cytoplasmic,0.0002,0.0003,0.9901,0.0024,0.0068,0.0002
BELIKPJO_01742,Cytoplasmic,0.0003,0.0003,0.9858,0.0014,0.0121,0.0002
BELIKPJO_01743,Cytoplasmic,0.0000,0.0000,0.9977,0.0001,0.0021,0.0001
BELIKPJO_01748,Cytoplasmic Membrane,0.0006,0.0046,0.2323,0.7462,0.0160,0.0002
BELIKPJO_01749,Cytoplasmic Membrane,0.0015,0.0031,0.3441,0.6399,0.0113,0.0002
BELIKPJO_01750,Cytoplasmic,0.0009,0.0012,0.8127,0.1497,0.0281,0.0074
BELIKPJO_01751,Cytoplasmic,0.0012,0.1283,0.8086,0.0453,0.0152,0.0015
BELIKPJO_01752,Cytoplasmic,0.0017,0.0097,0.9631,0.0161,0.0093,0.0001
BELIKPJO_01753,Cytoplasmic,0.0005,0.0027,0.9848,0.0083,0.0030,0.0008
BELIKPJO_01754,Cytoplasmic,0.0003,0.0029,0.9890,0.0031,0.0030,0.0017
BELIKPJO_01755,Cytoplasmic,0.0000,0.0003,0.9665,0.0181,0.0148,0.0003
BELIKPJO_01756,Cytoplasmic,0.0011,0.0004,0.9983,0.0001,0.0000,0.0001
BELIKPJO_01757,Cytoplasmic,0.0006,0.0029,0.9162,0.0224,0.0177,0.0402
BELIKPJO_01758,Cytoplasmic,0.0002,0.0008,0.9487,0.0372,0.0105,0.0027
BELIKPJO_01759,Cytoplasmic,0.0002,0.0004,0.9802,0.0167,0.0018,0.0007
BELIKPJO_01760,Cytoplasmic,0.0000,0.0002,0.9754,0.0081,0.0162,0.0000
BELIKPJO_01761,Cytoplasmic,0.0000,0.0014,0.9949,0.0026,0.0009,0.0001
BELIKPJO_01762,Cytoplasmic,0.0001,0.0005,0.7716,0.2096,0.0152,0.0030
BELIKPJO_01763,Cytoplasmic,0.0014,0.0171,0.8571,0.1125,0.0106,0.0013
BELIKPJO_01764,Cytoplasmic Membrane,0.0004,0.0009,0.3487,0.6212,0.0285,0.0002
BELIKPJO_01765,Cytoplasmic,0.0000,0.0000,0.9925,0.0074,0.0000,0.0000
BELIKPJO_01766,Cytoplasmic,0.0002,0.0002,0.9930,0.0023,0.0041,0.0003
BELIKPJO_01767,Cytoplasmic,0.0000,0.0002,0.9995,0.0002,0.0001,0.0001
BELIKPJO_01768,Cytoplasmic,0.0000,0.0001,0.9997,0.0001,0.0001,0.0000
BELIKPJO_01769,Cytoplasmic Membrane,0.0001,0.0420,0.3362,0.4886,0.1300,0.0031
BELIKPJO_01770,Cytoplasmic,0.0000,0.0012,0.9978,0.0009,0.0000,0.0000
BELIKPJO_01771,Cytoplasmic,0.0004,0.0002,0.9973,0.0022,0.0000,0.0000
BELIKPJO_01772,Cytoplasmic,0.0000,0.0001,0.9338,0.0007,0.0652,0.0001
BELIKPJO_01773,Extracellular,0.0284,0.5324,0.3598,0.0733,0.0036,0.0027
BELIKPJO_01774,Extracellular,0.0007,0.9987,0.0000,0.0002,0.0001,0.0002
BELIKPJO_01775,Cytoplasmic Membrane,0.0000,0.0124,0.0042,0.9765,0.0069,0.0000
BELIKPJO_01776,Cytoplasmic,0.0001,0.0013,0.9974,0.0010,0.0001,0.0001
BELIKPJO_01777,Cytoplasmic Membrane,0.1103,0.1672,0.0010,0.7087,0.0124,0.0004
BELIKPJO_01778,Cytoplasmic,0.0001,0.0001,0.9873,0.0004,0.0116,0.0004
BELIKPJO_01779,Cytoplasmic,0.0000,0.0000,0.9990,0.0000,0.0009,0.0001
BELIKPJO_01780,Cytoplasmic Membrane,0.0021,0.0671,0.0004,0.9291,0.0013,0.0001
BELIKPJO_01781,Cytoplasmic,0.0006,0.0089,0.6460,0.0000,0.3420,0.0025
BELIKPJO_01783,Cytoplasmic,0.0010,0.0958,0.8471,0.0064,0.0495,0.0003
BELIKPJO_01784,Cytoplasmic Membrane,0.0000,0.0012,0.0001,0.9985,0.0001,0.0000
BELIKPJO_01785,Cytoplasmic,0.0039,0.0826,0.8165,0.0903,0.0064,0.0003
BELIKPJO_01786,Extracellular,0.0003,0.9984,0.0002,0.0004,0.0006,0.0000
BELIKPJO_01787,Cytoplasmic Membrane,0.0001,0.0073,0.0002,0.9910,0.0013,0.0000
BELIKPJO_01788,Cytoplasmic Membrane,0.0000,0.0402,0.0002,0.9576,0.0020,0.0000
BELIKPJO_01789,Cytoplasmic,0.0005,0.0070,0.9442,0.0480,0.0001,0.0000
BELIKPJO_01790,Cytoplasmic,0.0000,0.0000,1.0000,0.0000,0.0000,0.0000
BELIKPJO_01791,Cytoplasmic Membrane,0.0000,0.0001,0.0000,0.9997,0.0001,0.0000
BELIKPJO_01792,Cytoplasmic,0.0008,0.0310,0.8771,0.0870,0.0040,0.0001
BELIKPJO_01793,Cytoplasmic,0.0001,0.0001,0.9976,0.0010,0.0011,0.0000
BELIKPJO_01794,Cytoplasmic Membrane,0.0000,0.0000,0.0001,0.9998,0.0001,0.0000
BELIKPJO_01795,Cytoplasmic,0.0011,0.0015,0.9967,0.0004,0.0001,0.0002
BELIKPJO_01796,Cytoplasmic,0.0011,0.0046,0.9817,0.0124,0.0002,0.0000
BELIKPJO_01797,Cytoplasmic Membrane,0.0109,0.0708,0.0170,0.7198,0.1815,0.0000
BELIKPJO_01798,Cytoplasmic,0.0008,0.0017,0.9372,0.0220,0.0312,0.0071
BELIKPJO_01799,Cytoplasmic,0.0004,0.0030,0.9785,0.0155,0.0015,0.0010
BELIKPJO_01800,Cytoplasmic,0.0005,0.0005,0.9879,0.0056,0.0045,0.0010
BELIKPJO_01801,Cytoplasmic,0.0000,0.0003,0.9981,0.0006,0.0010,0.0000
BELIKPJO_01802,Cytoplasmic Membrane,0.0000,0.0000,0.0002,0.9993,0.0005,0.0000
BELIKPJO_01803,Cytoplasmic,0.0004,0.0025,0.9962,0.0007,0.0002,0.0000
BELIKPJO_01804,Cytoplasmic,0.0006,0.0005,0.9980,0.0008,0.0001,0.0000
BELIKPJO_01805,Cytoplasmic,0.0002,0.0016,0.9971,0.0007,0.0002,0.0002
BELIKPJO_01806,Cytoplasmic,0.0003,0.0009,0.9966,0.0008,0.0013,0.0002
BELIKPJO_01807,Cytoplasmic Membrane,0.0000,0.0000,0.0000,0.9997,0.0003,0.0000
BELIKPJO_01808,Cytoplasmic Membrane,0.0000,0.0000,0.0000,0.9998,0.0002,0.0000
BELIKPJO_01809,Cytoplasmic Membrane,0.0001,0.0057,0.0011,0.9912,0.0019,0.0000
BELIKPJO_01810,Cytoplasmic Membrane,0.0000,0.0002,0.0002,0.9967,0.0028,0.0000
BELIKPJO_01811,Cytoplasmic Membrane,0.0000,0.0001,0.0003,0.9957,0.0038,0.0000
BELIKPJO_01812,Cytoplasmic,0.0009,0.0016,0.7860,0.2107,0.0006,0.0002
BELIKPJO_01813,Cytoplasmic Membrane,0.0000,0.0006,0.0008,0.9983,0.0003,0.0000
BELIKPJO_01814,Cytoplasmic,0.0002,0.0044,0.9949,0.0004,0.0001,0.0001
BELIKPJO_01815,Cytoplasmic,0.0000,0.0000,0.9897,0.0026,0.0076,0.0001
BELIKPJO_01816,Cytoplasmic,0.0001,0.0009,0.9962,0.0001,0.0026,0.0001
BELIKPJO_01817,Cytoplasmic,0.0001,0.0009,0.9827,0.0097,0.0060,0.0006
BELIKPJO_01818,Cytoplasmic,0.0023,0.0004,0.8649,0.1320,0.0003,0.0001
BELIKPJO_01819,Cytoplasmic,0.0001,0.0002,0.9839,0.0019,0.0136,0.0003
BELIKPJO_01820,Cytoplasmic,0.0001,0.0001,0.9980,0.0015,0.0003,0.0000
BELIKPJO_01821,Cytoplasmic,0.0002,0.0001,0.9983,0.0012,0.0002,0.0000
BELIKPJO_01822,Cytoplasmic,0.0010,0.0026,0.6186,0.3756,0.0018,0.0004
BELIKPJO_01823,Cytoplasmic Membrane,0.0000,0.0001,0.0000,0.9993,0.0006,0.0000
BELIKPJO_01824,Cytoplasmic,0.0004,0.0003,0.9959,0.0032,0.0002,0.0000
BELIKPJO_01825,Cytoplasmic,0.0006,0.0082,0.9643,0.0057,0.0183,0.0029
BELIKPJO_01826,Cytoplasmic,0.0009,0.0103,0.8926,0.0029,0.0921,0.0011
BELIKPJO_01827,Cytoplasmic Membrane,0.0002,0.0005,0.0642,0.9280,0.0071,0.0001
BELIKPJO_01828,Cytoplasmic Membrane,0.0000,0.0000,0.0000,0.9999,0.0001,0.0000
BELIKPJO_01829,Cytoplasmic Membrane,0.0000,0.0009,0.0006,0.9938,0.0046,0.0000
BELIKPJO_01830,Cytoplasmic,0.0003,0.0001,0.9987,0.0008,0.0001,0.0001
BELIKPJO_01831,Cytoplasmic Membrane,0.0000,0.0000,0.0000,0.9998,0.0002,0.0000
BELIKPJO_01832,Cytoplasmic,0.0000,0.0019,0.9961,0.0003,0.0012,0.0005
BELIKPJO_01833,Cytoplasmic Membrane,0.0023,0.0891,0.0088,0.8919,0.0073,0.0006
BELIKPJO_01834,Cytoplasmic,0.0000,0.0003,0.9725,0.0182,0.0080,0.0009
BELIKPJO_01835,Cytoplasmic Membrane,0.0000,0.0029,0.0001,0.9947,0.0022,0.0000
BELIKPJO_01836,Cytoplasmic,0.0001,0.0009,0.9940,0.0045,0.0004,0.0001
BELIKPJO_01837,Cytoplasmic,0.0000,0.0002,0.9953,0.0012,0.0028,0.0004
BELIKPJO_01838,Cytoplasmic,0.0028,0.0103,0.9799,0.0033,0.0033,0.0004
BELIKPJO_01839,Cytoplasmic,0.0000,0.0000,0.9996,0.0002,0.0000,0.0000
BELIKPJO_01840,Cytoplasmic,0.0001,0.0031,0.8989,0.0008,0.0307,0.0663
BELIKPJO_01841,Cytoplasmic,0.0002,0.0006,0.9896,0.0050,0.0035,0.0011
BELIKPJO_01842,Cytoplasmic Membrane,0.0000,0.0300,0.0020,0.9654,0.0026,0.0000
BELIKPJO_01843,Cytoplasmic,0.0017,0.0076,0.9814,0.0055,0.0035,0.0003
BELIKPJO_01844,Cytoplasmic,0.0000,0.0002,0.9993,0.0000,0.0002,0.0002
BELIKPJO_01845,Cytoplasmic,0.0007,0.0001,0.9936,0.0056,0.0000,0.0000
BELIKPJO_01846,Cytoplasmic,0.0002,0.0009,0.9959,0.0016,0.0011,0.0004
BELIKPJO_01847,Cytoplasmic Membrane,0.0000,0.0012,0.0006,0.9902,0.0079,0.0000
BELIKPJO_01848,Cytoplasmic Membrane,0.0000,0.0010,0.0000,0.9988,0.0002,0.0000
BELIKPJO_01849,Cytoplasmic,0.0003,0.0023,0.7111,0.2547,0.0311,0.0004
BELIKPJO_01850,Outer Membrane,0.0000,0.0001,0.2819,0.0001,0.7069,0.0109
BELIKPJO_01851,Cytoplasmic Membrane,0.0000,0.0001,0.0000,0.9994,0.0005,0.0000
BELIKPJO_01852,Cytoplasmic,0.0000,0.0000,0.9931,0.0007,0.0061,0.0001
BELIKPJO_01853,Cytoplasmic Membrane,0.0138,0.0836,0.0263,0.8643,0.0116,0.0004
BELIKPJO_01854,Cytoplasmic,0.0005,0.0087,0.9848,0.0037,0.0024,0.0000
BELIKPJO_01855,Cytoplasmic Membrane,0.1123,0.0578,0.0004,0.8184,0.0106,0.0005
BELIKPJO_01856,Cytoplasmic,0.0002,0.0003,0.9956,0.0031,0.0006,0.0002
BELIKPJO_01857,Cytoplasmic,0.0001,0.0042,0.9822,0.0089,0.0040,0.0006
BELIKPJO_01858,Cytoplasmic,0.0006,0.0089,0.9241,0.0219,0.0348,0.0097
BELIKPJO_01859,Cytoplasmic,0.0001,0.0009,0.9676,0.0009,0.0305,0.0001
BELIKPJO_01860,Cytoplasmic,0.0008,0.0003,0.9848,0.0128,0.0012,0.0000
BELIKPJO_01861,Outer Membrane,0.0001,0.0006,0.4611,0.0003,0.5372,0.0007
BELIKPJO_01862,Outer Membrane,0.0000,0.0001,0.2409,0.0005,0.7572,0.0013
BELIKPJO_01863,Outer Membrane,0.0020,0.0052,0.3026,0.0142,0.6724,0.0036
BELIKPJO_01864,Cytoplasmic,0.0005,0.0025,0.9194,0.0259,0.0475,0.0042
BELIKPJO_01865,Cytoplasmic,0.0188,0.2448,0.6989,0.0058,0.0313,0.0004
BELIKPJO_01866,Extracellular,0.0002,0.5374,0.4096,0.0369,0.0156,0.0003
BELIKPJO_01867,Cytoplasmic,0.0017,0.0127,0.9757,0.0044,0.0055,0.0000
BELIKPJO_01868,Cytoplasmic,0.0002,0.1111,0.6256,0.2543,0.0087,0.0001
BELIKPJO_01869,Cytoplasmic,0.0002,0.0590,0.8574,0.0777,0.0055,0.0002
BELIKPJO_01870,Cytoplasmic Membrane,0.0001,0.0221,0.0009,0.9640,0.0130,0.0001
BELIKPJO_01871,Cytoplasmic,0.0001,0.0048,0.9834,0.0007,0.0108,0.0001
BELIKPJO_01872,Cytoplasmic,0.0002,0.0009,0.9824,0.0071,0.0094,0.0001
BELIKPJO_01873,Extracellular,0.0169,0.8866,0.0159,0.0135,0.0664,0.0007
BELIKPJO_01874,Cytoplasmic Membrane,0.0002,0.0042,0.0013,0.9895,0.0048,0.0000
BELIKPJO_01875,Extracellular,0.0133,0.6164,0.3490,0.0137,0.0076,0.0001
BELIKPJO_01876,Cytoplasmic,0.0006,0.0963,0.6501,0.2439,0.0088,0.0004
BELIKPJO_01877,Cytoplasmic,0.0003,0.0014,0.9619,0.0026,0.0337,0.0001
BELIKPJO_01878,Cytoplasmic Membrane,0.0002,0.1279,0.4312,0.4325,0.0082,0.0001
BELIKPJO_01879,Extracellular,0.2191,0.4900,0.2404,0.0498,0.0007,0.0000
BELIKPJO_01880,Cytoplasmic,0.0005,0.1494,0.4557,0.3936,0.0008,0.0000
BELIKPJO_01881,Cytoplasmic,0.0029,0.0030,0.9794,0.0030,0.0116,0.0001
BELIKPJO_01882,Cytoplasmic,0.0188,0.2448,0.6989,0.0058,0.0313,0.0004
BELIKPJO_01883,Cell wall & surface,0.5838,0.3414,0.0064,0.0430,0.0249,0.0005
BELIKPJO_01884,Cytoplasmic,0.0061,0.0675,0.8884,0.0239,0.0132,0.0009
BELIKPJO_01885,Cytoplasmic,0.0022,0.1156,0.8480,0.0171,0.0165,0.0006
BELIKPJO_01886,Cytoplasmic,0.0001,0.1255,0.8521,0.0194,0.0029,0.0000
BELIKPJO_01887,Extracellular,0.1644,0.7633,0.0003,0.0706,0.0007,0.0008
BELIKPJO_01888,Cytoplasmic Membrane,0.1497,0.0024,0.3322,0.4972,0.0184,0.0000
BELIKPJO_01889,Cytoplasmic Membrane,0.0000,0.0001,0.0000,0.9983,0.0016,0.0000
BELIKPJO_01890,Cytoplasmic Membrane,0.0000,0.0009,0.0000,0.9985,0.0006,0.0000
BELIKPJO_01891,Cytoplasmic Membrane,0.0000,0.0004,0.0008,0.9977,0.0011,0.0000
BELIKPJO_01892,Cytoplasmic Membrane,0.0000,0.0001,0.0000,0.9972,0.0027,0.0000
BELIKPJO_01893,Cytoplasmic Membrane,0.0002,0.0003,0.1205,0.8771,0.0018,0.0000
BELIKPJO_01894,Cytoplasmic Membrane,0.0010,0.1778,0.0000,0.8194,0.0017,0.0000
BELIKPJO_01895,Cytoplasmic Membrane,0.0001,0.0224,0.0002,0.9531,0.0241,0.0000
BELIKPJO_01896,Cytoplasmic Membrane,0.0000,0.0110,0.0002,0.9847,0.0041,0.0000
BELIKPJO_01897,Cytoplasmic Membrane,0.0001,0.0211,0.0019,0.9287,0.0482,0.0001
BELIKPJO_01898,Cytoplasmic Membrane,0.0000,0.0017,0.0000,0.9977,0.0006,0.0000
BELIKPJO_01899,Cytoplasmic,0.0002,0.1227,0.8186,0.0225,0.0358,0.0002
BELIKPJO_01900,Cytoplasmic Membrane,0.0002,0.3055,0.1554,0.5321,0.0067,0.0001
BELIKPJO_01901,Extracellular,0.0000,0.9242,0.0152,0.0593,0.0013,0.0000
BELIKPJO_01902,Cytoplasmic Membrane,0.0019,0.1896,0.0003,0.7563,0.0515,0.0004
BELIKPJO_01903,Cytoplasmic,0.0001,0.3105,0.6141,0.0226,0.0523,0.0004
BELIKPJO_01904,Extracellular,0.0001,0.9998,0.0000,0.0000,0.0000,0.0000
BELIKPJO_01905,Extracellular,0.0012,0.9984,0.0000,0.0001,0.0002,0.0000
BELIKPJO_01906,Extracellular,0.0000,0.9894,0.0000,0.0008,0.0097,0.0002
BELIKPJO_01907,Cytoplasmic,0.0005,0.0039,0.9649,0.0156,0.0148,0.0002
BELIKPJO_01908,Cytoplasmic,0.0000,0.0002,0.9954,0.0006,0.0037,0.0002
BELIKPJO_01909,Cytoplasmic,0.0002,0.0889,0.8548,0.0301,0.0258,0.0002
BELIKPJO_01910,Cytoplasmic Membrane,0.0001,0.0657,0.3519,0.5665,0.0103,0.0055
BELIKPJO_01911,Cytoplasmic,0.0084,0.0281,0.9322,0.0047,0.0265,0.0002
BELIKPJO_01912,Cytoplasmic,0.0002,0.3908,0.5454,0.0542,0.0088,0.0006
BELIKPJO_01913,Cytoplasmic Membrane,0.0061,0.0120,0.3745,0.5911,0.0162,0.0002
BELIKPJO_01914,Cytoplasmic,0.0001,0.1249,0.8385,0.0115,0.0233,0.0017
BELIKPJO_01915,Cytoplasmic,0.0002,0.4557,0.5371,0.0004,0.0059,0.0008
BELIKPJO_01916,Cytoplasmic Membrane,0.0000,0.0116,0.0001,0.9851,0.0033,0.0000
BELIKPJO_01917,Cytoplasmic Membrane,0.0000,0.1656,0.0047,0.8151,0.0144,0.0001
BELIKPJO_01918,Cytoplasmic,0.0003,0.0549,0.9209,0.0150,0.0086,0.0003
BELIKPJO_01919,Cytoplasmic,0.0001,0.0052,0.9874,0.0003,0.0070,0.0001
BELIKPJO_01920,Extracellular,0.0003,0.7902,0.1026,0.0325,0.0585,0.0158
BELIKPJO_01921,Cytoplasmic Membrane,0.0371,0.1352,0.0007,0.8222,0.0047,0.0000
BELIKPJO_01922,Cytoplasmic,0.0029,0.0675,0.6641,0.2252,0.0401,0.0002
BELIKPJO_01923,Cytoplasmic,0.0002,0.0044,0.8993,0.0037,0.0914,0.0009
BELIKPJO_01924,Cytoplasmic,0.0006,0.0018,0.9875,0.0031,0.0069,0.0000
BELIKPJO_01925,Cytoplasmic,0.0002,0.0005,0.9760,0.0101,0.0129,0.0003
BELIKPJO_01926,Cytoplasmic,0.0019,0.0052,0.9028,0.0038,0.0860,0.0003
BELIKPJO_01927,Cytoplasmic,0.0005,0.2760,0.6848,0.0042,0.0319,0.0026
BELIKPJO_01928,Cytoplasmic,0.0859,0.0734,0.7561,0.0487,0.0350,0.0009
BELIKPJO_01929,Cytoplasmic,0.0132,0.0090,0.8441,0.0104,0.1227,0.0006
BELIKPJO_01930,Cytoplasmic,0.0003,0.1310,0.4943,0.3702,0.0041,0.0002
BELIKPJO_01931,Cytoplasmic,0.0100,0.0322,0.5463,0.4102,0.0014,0.0000
BELIKPJO_01932,Cytoplasmic,0.0003,0.2225,0.5765,0.1817,0.0189,0.0001
BELIKPJO_01933,Cytoplasmic Membrane,0.2000,0.3123,0.1610,0.3247,0.0020,0.0000
BELIKPJO_01934,Cytoplasmic,0.0009,0.0858,0.9066,0.0051,0.0017,0.0000
BELIKPJO_01935,Cytoplasmic,0.0325,0.1409,0.6008,0.0055,0.2194,0.0010
BELIKPJO_01936,Extracellular,0.0009,0.6230,0.3415,0.0253,0.0093,0.0000
BELIKPJO_01937,Cytoplasmic,0.0000,0.2709,0.6556,0.0516,0.0218,0.0001
BELIKPJO_01938,Cytoplasmic Membrane,0.0104,0.0187,0.4056,0.5647,0.0006,0.0000
BELIKPJO_01939,Cytoplasmic,0.0006,0.0081,0.9881,0.0023,0.0009,0.0000
BELIKPJO_01940,Cytoplasmic Membrane,0.0011,0.1450,0.0001,0.8513,0.0025,0.0000
BELIKPJO_01941,Cytoplasmic,0.0314,0.1856,0.4803,0.2272,0.0743,0.0011
BELIKPJO_01942,Extracellular,0.0001,0.9961,0.0020,0.0002,0.0013,0.0003
BELIKPJO_01943,Cytoplasmic,0.0188,0.2448,0.6989,0.0058,0.0313,0.0004
BELIKPJO_01944,Cell wall & surface,0.9991,0.0002,0.0000,0.0007,0.0000,0.0000
BELIKPJO_01945,Extracellular,0.3603,0.4704,0.1433,0.0149,0.0110,0.0000
BELIKPJO_01946,Cytoplasmic,0.0016,0.0499,0.7616,0.1451,0.0416,0.0002
BELIKPJO_01947,Cytoplasmic Membrane,0.0000,0.0000,0.0000,0.9995,0.0005,0.0000
BELIKPJO_01948,Cytoplasmic,0.0188,0.2448,0.6989,0.0058,0.0313,0.0004
BELIKPJO_01949,Cytoplasmic,0.0016,0.0380,0.8096,0.1153,0.0279,0.0076
BELIKPJO_01950,Cytoplasmic,0.0188,0.2448,0.6989,0.0058,0.0313,0.0004
BELIKPJO_01951,Cytoplasmic,0.0004,0.0066,0.8064,0.1101,0.0392,0.0372
BELIKPJO_01952,Cytoplasmic Membrane,0.0000,0.0003,0.0000,0.9985,0.0012,0.0000
BELIKPJO_01953,Cytoplasmic,0.0188,0.2448,0.6989,0.0058,0.0313,0.0004
BELIKPJO_01954,Cytoplasmic,0.0003,0.0012,0.9767,0.0205,0.0013,0.0000
BELIKPJO_01955,Cytoplasmic,0.0000,0.0001,0.9997,0.0001,0.0000,0.0001
BELIKPJO_01956,Cytoplasmic Membrane,0.0000,0.0000,0.0000,1.0000,0.0000,0.0000
BELIKPJO_01957,Cytoplasmic Membrane,0.0000,0.0000,0.0000,0.9999,0.0001,0.0000
BELIKPJO_01958,Cytoplasmic,0.0003,0.0020,0.9878,0.0035,0.0053,0.0011
BELIKPJO_01959,Cytoplasmic Membrane,0.0000,0.0000,0.0001,0.9989,0.0010,0.0000
BELIKPJO_01960,Cytoplasmic,0.0002,0.0001,0.9801,0.0016,0.0125,0.0055
BELIKPJO_01961,Cytoplasmic Membrane,0.0000,0.0048,0.0002,0.9948,0.0001,0.0000
BELIKPJO_01962,Cytoplasmic,0.0001,0.0003,0.9988,0.0007,0.0001,0.0000
BELIKPJO_01963,Cytoplasmic,0.0005,0.0020,0.9605,0.0048,0.0212,0.0111
BELIKPJO_01964,Cytoplasmic,0.0000,0.0006,0.9936,0.0004,0.0014,0.0040
BELIKPJO_01965,Cytoplasmic,0.0000,0.0007,0.9975,0.0012,0.0004,0.0002
BELIKPJO_01966,Cytoplasmic Membrane,0.0000,0.0000,0.0001,0.9999,0.0001,0.0000
BELIKPJO_01967,Cytoplasmic Membrane,0.0000,0.0002,0.0001,0.9976,0.0021,0.0000
BELIKPJO_01968,Extracellular,0.0003,0.9992,0.0000,0.0000,0.0001,0.0004
BELIKPJO_01969,Extracellular,0.0002,0.9982,0.0000,0.0002,0.0002,0.0013
BELIKPJO_01970,Cytoplasmic,0.0000,0.0001,0.9827,0.0158,0.0012,0.0002
BELIKPJO_01971,Cytoplasmic,0.0001,0.0006,0.9952,0.0025,0.0010,0.0005
BELIKPJO_01972,Cytoplasmic,0.0003,0.0021,0.9896,0.0005,0.0056,0.0019
BELIKPJO_01973,Cytoplasmic,0.0004,0.0006,0.9956,0.0026,0.0008,0.0000
BELIKPJO_01974,Cytoplasmic,0.0023,0.0004,0.9932,0.0037,0.0003,0.0000
BELIKPJO_01975,Cytoplasmic Membrane,0.0000,0.0025,0.0001,0.9964,0.0010,0.0000
BELIKPJO_01976,Cytoplasmic,0.0033,0.0003,0.9955,0.0008,0.0001,0.0000
BELIKPJO_01977,Cytoplasmic,0.0001,0.0001,0.9942,0.0031,0.0024,0.0001
BELIKPJO_01978,Cytoplasmic Membrane,0.0001,0.0042,0.0001,0.9951,0.0005,0.0000
BELIKPJO_01979,Cytoplasmic Membrane,0.0054,0.0228,0.0012,0.5220,0.4455,0.0031
BELIKPJO_01980,Cytoplasmic,0.0028,0.0103,0.9799,0.0033,0.0033,0.0004
BELIKPJO_01981,Cytoplasmic,0.0010,0.0073,0.6373,0.0971,0.2404,0.0168
BELIKPJO_01982,Extracellular,0.1094,0.8558,0.0006,0.0159,0.0124,0.0059
BELIKPJO_01983,Extracellular,0.1373,0.6787,0.0033,0.1769,0.0032,0.0006
BELIKPJO_01984,Cytoplasmic Membrane,0.0219,0.0912,0.0008,0.8388,0.0467,0.0006
BELIKPJO_01985,Cytoplasmic,0.0051,0.1335,0.7470,0.0114,0.0848,0.0182
BELIKPJO_01986,Cytoplasmic,0.0000,0.0001,0.9978,0.0010,0.0008,0.0004
BELIKPJO_01987,Cytoplasmic,0.0159,0.1829,0.7592,0.0349,0.0066,0.0004
BELIKPJO_01988,Cytoplasmic,0.0000,0.0003,0.9925,0.0025,0.0047,0.0000
BELIKPJO_01989,Cytoplasmic,0.0142,0.0785,0.8657,0.0406,0.0007,0.0002
BELIKPJO_01990,Cytoplasmic,0.0024,0.0290,0.7564,0.2053,0.0069,0.0000
BELIKPJO_01991,Cytoplasmic,0.0011,0.0029,0.9132,0.0038,0.0782,0.0009
BELIKPJO_01992,Cytoplasmic,0.0024,0.0074,0.9678,0.0222,0.0002,0.0000
BELIKPJO_01993,Cytoplasmic Membrane,0.0000,0.0001,0.0000,0.9993,0.0006,0.0000
BELIKPJO_01994,Cytoplasmic,0.0002,0.0004,0.9684,0.0008,0.0293,0.0008
BELIKPJO_01995,Cytoplasmic Membrane,0.0000,0.0000,0.0000,0.9996,0.0004,0.0000
BELIKPJO_01996,Cytoplasmic,0.0000,0.0001,0.9969,0.0019,0.0004,0.0007
BELIKPJO_01997,Cytoplasmic Membrane,0.0000,0.0001,0.0000,0.9962,0.0036,0.0000
BELIKPJO_01998,Cytoplasmic,0.0002,0.0008,0.9792,0.0055,0.0099,0.0043
BELIKPJO_01999,Extracellular,0.0935,0.5430,0.1595,0.2002,0.0033,0.0006
BELIKPJO_02000,Extracellular,0.0838,0.8976,0.0001,0.0095,0.0089,0.0000
BELIKPJO_02001,Cytoplasmic,0.0009,0.0078,0.9157,0.0246,0.0244,0.0265
BELIKPJO_02002,Cytoplasmic Membrane,0.0000,0.0001,0.0000,0.9997,0.0002,0.0000
BELIKPJO_02003,Cytoplasmic Membrane,0.0000,0.0002,0.0000,0.9987,0.0011,0.0000
BELIKPJO_02004,Cytoplasmic Membrane,0.0000,0.0004,0.0001,0.9967,0.0028,0.0000
BELIKPJO_02005,Cytoplasmic Membrane,0.0000,0.0000,0.0000,0.9992,0.0008,0.0000
BELIKPJO_02006,Cytoplasmic,0.0001,0.0007,0.9982,0.0001,0.0002,0.0007
BELIKPJO_02007,Cytoplasmic Membrane,0.0000,0.0000,0.0000,0.9999,0.0001,0.0000
BELIKPJO_02008,Cytoplasmic,0.0001,0.0022,0.9961,0.0014,0.0001,0.0000
BELIKPJO_02009,Cytoplasmic,0.0000,0.0001,0.9987,0.0004,0.0006,0.0003
BELIKPJO_02010,Cytoplasmic,0.0000,0.0001,0.9995,0.0002,0.0002,0.0000
BELIKPJO_02011,Cytoplasmic Membrane,0.0001,0.0007,0.0016,0.9964,0.0013,0.0000
BELIKPJO_02012,Cytoplasmic,0.0002,0.0003,0.9854,0.0139,0.0002,0.0000
BELIKPJO_02013,Cytoplasmic,0.0000,0.0046,0.9898,0.0039,0.0015,0.0002
BELIKPJO_02014,Cytoplasmic Membrane,0.0000,0.0003,0.0004,0.9965,0.0028,0.0000
BELIKPJO_02015,Cytoplasmic,0.0000,0.0003,0.9979,0.0007,0.0009,0.0001
BELIKPJO_02016,Cytoplasmic,0.0011,0.0012,0.9962,0.0013,0.0002,0.0002
BELIKPJO_02017,Cytoplasmic,0.0003,0.0008,0.9894,0.0087,0.0008,0.0001
BELIKPJO_02018,Cytoplasmic Membrane,0.0004,0.0027,0.2897,0.7031,0.0040,0.0000
BELIKPJO_02019,Cytoplasmic Membrane,0.0251,0.2054,0.0014,0.7082,0.0592,0.0008
BELIKPJO_02020,Cytoplasmic Membrane,0.0001,0.0001,0.1084,0.8816,0.0096,0.0002
BELIKPJO_02021,Cytoplasmic Membrane,0.0000,0.0000,0.0000,0.9989,0.0010,0.0000
BELIKPJO_02022,Cytoplasmic,0.0001,0.4335,0.4520,0.0564,0.0573,0.0006
BELIKPJO_02023,Cytoplasmic Membrane,0.0095,0.1182,0.0004,0.8702,0.0016,0.0000
BELIKPJO_02024,Cytoplasmic Membrane,0.0001,0.0045,0.0001,0.9934,0.0018,0.0000
BELIKPJO_02025,Cytoplasmic Membrane,0.0000,0.0000,0.0000,1.0000,0.0000,0.0000
BELIKPJO_02026,Cytoplasmic,0.0021,0.0116,0.8812,0.0638,0.0397,0.0016
BELIKPJO_02027,Cytoplasmic,0.0001,0.0006,0.9981,0.0010,0.0001,0.0000
BELIKPJO_02028,Cytoplasmic,0.0002,0.0003,0.9966,0.0012,0.0009,0.0008
BELIKPJO_02029,Cytoplasmic,0.0001,0.0008,0.9974,0.0011,0.0005,0.0001
BELIKPJO_02030,Cytoplasmic,0.0000,0.0006,0.9771,0.0008,0.0104,0.0110
BELIKPJO_02031,Cytoplasmic,0.0001,0.0009,0.9769,0.0063,0.0056,0.0102
BELIKPJO_02032,Cytoplasmic,0.0035,0.0577,0.9207,0.0164,0.0015,0.0002
BELIKPJO_02033,Cytoplasmic Membrane,0.0832,0.1911,0.0001,0.7014,0.0213,0.0028
BELIKPJO_02034,Cytoplasmic Membrane,0.0000,0.0002,0.0004,0.9978,0.0015,0.0000
BELIKPJO_02035,Cytoplasmic Membrane,0.0000,0.0000,0.0000,0.9997,0.0002,0.0000
BELIKPJO_02036,Cytoplasmic,0.0010,0.0071,0.9818,0.0091,0.0007,0.0002
BELIKPJO_02037,Cytoplasmic,0.0021,0.0040,0.9903,0.0021,0.0010,0.0005
BELIKPJO_02038,Cytoplasmic,0.0001,0.0027,0.9794,0.0030,0.0139,0.0009
BELIKPJO_02039,Cytoplasmic,0.0000,0.0006,0.9895,0.0021,0.0076,0.0002
BELIKPJO_02040,Cytoplasmic,0.0000,0.0001,0.9998,0.0001,0.0000,0.0001
BELIKPJO_02041,Cytoplasmic,0.0028,0.0153,0.9197,0.0554,0.0066,0.0001
BELIKPJO_02042,Cytoplasmic,0.0004,0.0021,0.9948,0.0024,0.0003,0.0000
BELIKPJO_02043,Cytoplasmic Membrane,0.0000,0.0005,0.0000,0.9994,0.0001,0.0000
BELIKPJO_02044,Cytoplasmic Membrane,0.0000,0.0000,0.0000,0.9996,0.0004,0.0000
BELIKPJO_02045,Extracellular,0.4453,0.5398,0.0003,0.0072,0.0072,0.0002
BELIKPJO_02046,Cytoplasmic,0.0000,0.0001,0.9628,0.0288,0.0050,0.0033
BELIKPJO_02047,Cytoplasmic,0.0003,0.0012,0.9951,0.0027,0.0007,0.0000
BELIKPJO_02048,Cytoplasmic,0.0004,0.0028,0.9922,0.0038,0.0004,0.0003
BELIKPJO_02049,Cytoplasmic,0.0007,0.0001,0.9981,0.0011,0.0000,0.0000
BELIKPJO_02050,Cytoplasmic,0.0001,0.0029,0.9960,0.0007,0.0002,0.0002
BELIKPJO_02051,Cytoplasmic,0.0001,0.0015,0.9965,0.0015,0.0003,0.0001
BELIKPJO_02052,Cytoplasmic,0.0000,0.0003,0.9994,0.0001,0.0001,0.0001
BELIKPJO_02053,Cytoplasmic,0.0000,0.0000,0.9921,0.0057,0.0019,0.0003
BELIKPJO_02054,Cytoplasmic,0.0002,0.0024,0.9894,0.0002,0.0069,0.0008
BELIKPJO_02055,Cytoplasmic Membrane,0.0000,0.0002,0.0000,0.9990,0.0008,0.0000
BELIKPJO_02056,Cytoplasmic Membrane,0.0000,0.0002,0.0000,0.9981,0.0018,0.0000
BELIKPJO_02057,Cytoplasmic Membrane,0.0000,0.0000,0.0000,0.9994,0.0006,0.0000
BELIKPJO_02058,Cytoplasmic,0.0001,0.0002,0.9767,0.0034,0.0195,0.0002
BELIKPJO_02059,Cytoplasmic,0.0008,0.0035,0.9505,0.0089,0.0356,0.0008
BELIKPJO_02060,Cytoplasmic,0.0002,0.0003,0.9980,0.0004,0.0008,0.0004
BELIKPJO_02061,Cytoplasmic,0.0002,0.0006,0.9966,0.0026,0.0001,0.0000
BELIKPJO_02062,Cytoplasmic,0.0000,0.0001,0.9990,0.0001,0.0002,0.0007
BELIKPJO_02063,Cytoplasmic Membrane,0.0001,0.0022,0.0004,0.9969,0.0003,0.0000
BELIKPJO_02064,Cytoplasmic,0.0001,0.0062,0.9518,0.0002,0.0028,0.0389
BELIKPJO_02065,Cytoplasmic,0.0037,0.0007,0.9939,0.0016,0.0001,0.0000
BELIKPJO_02066,Cytoplasmic Membrane,0.0031,0.0834,0.0002,0.8977,0.0156,0.0000
BELIKPJO_02067,Cytoplasmic,0.0000,0.0000,0.9987,0.0000,0.0011,0.0002
BELIKPJO_02068,Cytoplasmic Membrane,0.0000,0.0001,0.0005,0.9978,0.0015,0.0000
BELIKPJO_02069,Cytoplasmic Membrane,0.0000,0.0292,0.0000,0.8765,0.0941,0.0001
BELIKPJO_02070,Cytoplasmic Membrane,0.0032,0.4415,0.0008,0.5396,0.0148,0.0000
BELIKPJO_02071,Cytoplasmic,0.0003,0.0275,0.8653,0.0104,0.0963,0.0002
BELIKPJO_02072,Outer Membrane,0.0008,0.1521,0.3984,0.0061,0.4421,0.0005
BELIKPJO_02073,Cytoplasmic,0.0000,0.0031,0.9884,0.0005,0.0002,0.0077
BELIKPJO_02074,Cytoplasmic,0.0000,0.0001,0.9971,0.0001,0.0021,0.0006
BELIKPJO_02075,Cytoplasmic,0.0001,0.0012,0.9950,0.0025,0.0011,0.0001
BELIKPJO_02076,Cytoplasmic Membrane,0.0000,0.0001,0.0002,0.9992,0.0005,0.0000
BELIKPJO_02077,Cytoplasmic Membrane,0.0002,0.0119,0.0013,0.9784,0.0081,0.0000
BELIKPJO_02078,Cytoplasmic,0.0036,0.0014,0.9858,0.0018,0.0073,0.0000
BELIKPJO_02079,Cytoplasmic,0.0002,0.0081,0.9811,0.0011,0.0095,0.0000
BELIKPJO_02081,Cytoplasmic,0.0004,0.3369,0.6502,0.0007,0.0117,0.0001
BELIKPJO_02082,Cytoplasmic,0.0163,0.0255,0.7972,0.1500,0.0109,0.0001
BELIKPJO_02083,Cytoplasmic,0.0007,0.0166,0.9800,0.0006,0.0019,0.0001
BELIKPJO_02084,Cytoplasmic,0.0535,0.0351,0.9014,0.0013,0.0083,0.0005
BELIKPJO_02085,Cytoplasmic,0.0001,0.0007,0.9984,0.0006,0.0002,0.0000
BELIKPJO_02086,Cytoplasmic,0.0017,0.0456,0.7624,0.1717,0.0184,0.0002
BELIKPJO_02087,Cytoplasmic,0.0000,0.0001,0.9156,0.0003,0.0840,0.0000
BELIKPJO_02088,Cytoplasmic,0.0002,0.1749,0.6717,0.1451,0.0081,0.0001
BELIKPJO_02089,Cytoplasmic,0.0099,0.2968,0.4241,0.1447,0.1202,0.0042
BELIKPJO_02090,Cytoplasmic,0.0004,0.0271,0.8376,0.1274,0.0074,0.0001
BELIKPJO_02091,Cytoplasmic,0.0001,0.0004,0.9895,0.0024,0.0076,0.0000
BELIKPJO_02092,Cytoplasmic,0.0000,0.0001,0.9063,0.0001,0.0934,0.0001
BELIKPJO_02093,Cytoplasmic,0.0000,0.0002,0.9945,0.0001,0.0050,0.0003
BELIKPJO_02094,Cytoplasmic,0.0008,0.0017,0.9932,0.0041,0.0002,0.0000
BELIKPJO_02095,Cytoplasmic,0.0021,0.0170,0.9418,0.0060,0.0274,0.0057
BELIKPJO_02096,Cytoplasmic,0.0001,0.0014,0.9969,0.0002,0.0010,0.0004
BELIKPJO_02097,Cytoplasmic Membrane,0.0000,0.0001,0.0000,0.9991,0.0007,0.0000
BELIKPJO_02098,Cytoplasmic,0.0002,0.0201,0.9659,0.0001,0.0090,0.0046
BELIKPJO_02099,Cytoplasmic,0.0003,0.0346,0.9553,0.0043,0.0047,0.0008
BELIKPJO_02100,Cytoplasmic,0.0061,0.2856,0.4628,0.2444,0.0011,0.0000
BELIKPJO_02101,Cytoplasmic,0.0000,0.0016,0.9886,0.0078,0.0020,0.0000
BELIKPJO_02102,Cytoplasmic,0.0000,0.0011,0.9977,0.0001,0.0011,0.0000
BELIKPJO_02103,Cytoplasmic,0.0003,0.0022,0.8445,0.1425,0.0104,0.0001
BELIKPJO_02104,Cytoplasmic,0.0004,0.2516,0.4710,0.2668,0.0100,0.0001
BELIKPJO_02105,Cytoplasmic,0.0030,0.2010,0.7351,0.0393,0.0205,0.0011
BELIKPJO_02106,Cytoplasmic,0.0012,0.0383,0.9337,0.0067,0.0188,0.0014
BELIKPJO_02107,Extracellular,0.0058,0.9788,0.0002,0.0142,0.0008,0.0002
BELIKPJO_02108,Cytoplasmic Membrane,0.0025,0.1667,0.3430,0.4747,0.0130,0.0001
BELIKPJO_02109,Cytoplasmic,0.0000,0.0626,0.8554,0.0019,0.0796,0.0005
BELIKPJO_02110,Cytoplasmic,0.0188,0.2448,0.6989,0.0058,0.0313,0.0004
BELIKPJO_02111,Cytoplasmic,0.0006,0.2961,0.6840,0.0017,0.0172,0.0005
BELIKPJO_02112,Cytoplasmic,0.0001,0.0337,0.8098,0.1502,0.0063,0.0000
BELIKPJO_02113,Cytoplasmic,0.0188,0.2448,0.6989,0.0058,0.0313,0.0004
BELIKPJO_02114,Cytoplasmic Membrane,0.0000,0.0000,0.0000,0.9999,0.0001,0.0000
BELIKPJO_02115,Cytoplasmic,0.0014,0.0557,0.9009,0.0360,0.0040,0.0020
BELIKPJO_02116,Cytoplasmic Membrane,0.0000,0.0005,0.0000,0.9993,0.0002,0.0000
BELIKPJO_02117,Cytoplasmic,0.0000,0.0002,0.9951,0.0005,0.0038,0.0004
BELIKPJO_02118,Cytoplasmic,0.0001,0.0013,0.9670,0.0059,0.0098,0.0160
BELIKPJO_02119,Cytoplasmic,0.0020,0.1045,0.8857,0.0015,0.0062,0.0000
BELIKPJO_02120,Cytoplasmic,0.0000,0.0002,0.9993,0.0005,0.0000,0.0000
BELIKPJO_02121,Cytoplasmic,0.0018,0.0062,0.9894,0.0013,0.0012,0.0002
BELIKPJO_02122,Cytoplasmic,0.0001,0.0061,0.9496,0.0361,0.0076,0.0005
BELIKPJO_02123,Cytoplasmic,0.0010,0.0003,0.9961,0.0018,0.0006,0.0002
BELIKPJO_02124,Cytoplasmic Membrane,0.0000,0.0000,0.0000,1.0000,0.0000,0.0000
BELIKPJO_02125,Cytoplasmic,0.0012,0.0002,0.9979,0.0007,0.0000,0.0000
BELIKPJO_02126,Cytoplasmic,0.0002,0.0002,0.9929,0.0027,0.0015,0.0024
BELIKPJO_02127,Cytoplasmic,0.0091,0.2588,0.6650,0.0157,0.0513,0.0001
BELIKPJO_02128,Cytoplasmic Membrane,0.0000,0.0011,0.0003,0.9981,0.0005,0.0000
BELIKPJO_02129,Cytoplasmic Membrane,0.0012,0.0032,0.3127,0.6771,0.0055,0.0004
BELIKPJO_02130,Cytoplasmic Membrane,0.0003,0.0031,0.0010,0.9951,0.0005,0.0000
BELIKPJO_02131,Cytoplasmic,0.0000,0.0009,0.9937,0.0036,0.0016,0.0002
BELIKPJO_02132,Cytoplasmic,0.0002,0.0012,0.9973,0.0007,0.0005,0.0001
BELIKPJO_02133,Cytoplasmic,0.0025,0.0678,0.9085,0.0163,0.0047,0.0003
BELIKPJO_02134,Cytoplasmic,0.0005,0.0002,0.9449,0.0544,0.0000,0.0000
BELIKPJO_02135,Cytoplasmic Membrane,0.0032,0.0220,0.0002,0.9709,0.0036,0.0000
BELIKPJO_02136,Cytoplasmic,0.0000,0.0002,0.9987,0.0003,0.0006,0.0001
BELIKPJO_02137,Cytoplasmic,0.0002,0.0002,0.9970,0.0026,0.0000,0.0000
BELIKPJO_02138,Cytoplasmic Membrane,0.0367,0.0316,0.0323,0.8978,0.0015,0.0000
BELIKPJO_02139,Cytoplasmic,0.0000,0.0001,0.9975,0.0015,0.0006,0.0001
BELIKPJO_02140,Cytoplasmic Membrane,0.0018,0.0023,0.0000,0.9719,0.0239,0.0001
BELIKPJO_02141,Cytoplasmic Membrane,0.0275,0.0695,0.0685,0.7844,0.0492,0.0009
BELIKPJO_02142,Cytoplasmic,0.0001,0.0003,0.9921,0.0028,0.0031,0.0017
BELIKPJO_02143,Cytoplasmic Membrane,0.0003,0.0010,0.3547,0.6389,0.0047,0.0005
BELIKPJO_02144,Cytoplasmic Membrane,0.0002,0.0015,0.0006,0.9975,0.0003,0.0000
BELIKPJO_02145,Cytoplasmic,0.0000,0.0002,0.9267,0.0731,0.0000,0.0000
BELIKPJO_02146,Cytoplasmic,0.0002,0.0003,0.9971,0.0004,0.0013,0.0007
BELIKPJO_02147,Cytoplasmic,0.0002,0.0006,0.9305,0.0663,0.0023,0.0000
BELIKPJO_02148,Cytoplasmic,0.0032,0.0020,0.9822,0.0123,0.0003,0.0000
BELIKPJO_02149,Cytoplasmic Membrane,0.0000,0.0001,0.0001,0.9994,0.0003,0.0000
BELIKPJO_02150,Cytoplasmic,0.0000,0.0000,0.9997,0.0002,0.0001,0.0000
BELIKPJO_02151,Cytoplasmic,0.0027,0.0256,0.9597,0.0033,0.0069,0.0018
BELIKPJO_02152,Cytoplasmic,0.0013,0.0170,0.7802,0.2012,0.0003,0.0000
BELIKPJO_02153,Cytoplasmic,0.0000,0.0005,0.9992,0.0000,0.0003,0.0000
BELIKPJO_02154,Cytoplasmic Membrane,0.0000,0.0001,0.0000,0.9999,0.0001,0.0000
BELIKPJO_02155,Cytoplasmic Membrane,0.0000,0.0000,0.0000,0.9999,0.0001,0.0000
BELIKPJO_02156,Cytoplasmic,0.0000,0.0002,0.9834,0.0024,0.0133,0.0007
BELIKPJO_02157,Cytoplasmic Membrane,0.0000,0.0028,0.0000,0.9970,0.0002,0.0000
BELIKPJO_02158,Cytoplasmic Membrane,0.0000,0.0000,0.0000,1.0000,0.0000,0.0000
BELIKPJO_02159,Cytoplasmic Membrane,0.2447,0.2580,0.0030,0.4727,0.0204,0.0013
BELIKPJO_02160,Cytoplasmic,0.0005,0.0980,0.7958,0.0948,0.0107,0.0002
BELIKPJO_02161,Cytoplasmic,0.0024,0.0042,0.9867,0.0042,0.0023,0.0002
BELIKPJO_02162,Cytoplasmic,0.0002,0.0003,0.9895,0.0019,0.0078,0.0003
BELIKPJO_02163,Cytoplasmic,0.0000,0.0000,0.9987,0.0002,0.0008,0.0003
BELIKPJO_02164,Cytoplasmic,0.0000,0.0001,0.9889,0.0010,0.0086,0.0012
BELIKPJO_02165,Cytoplasmic Membrane,0.0027,0.0280,0.0005,0.9682,0.0006,0.0000
BELIKPJO_02166,Extracellular,0.0671,0.9049,0.0007,0.0203,0.0063,0.0007
BELIKPJO_02167,Extracellular,0.0090,0.9529,0.0039,0.0330,0.0012,0.0000
BELIKPJO_02168,Cytoplasmic,0.0001,0.0000,0.9993,0.0000,0.0006,0.0000
BELIKPJO_02169,Cytoplasmic Membrane,0.0000,0.0000,0.0000,0.9990,0.0009,0.0000
BELIKPJO_02170,Cytoplasmic Membrane,0.0000,0.0002,0.0002,0.9985,0.0010,0.0000
BELIKPJO_02171,Cytoplasmic,0.0006,0.0004,0.9945,0.0045,0.0000,0.0000
BELIKPJO_02172,Cytoplasmic,0.0001,0.0002,0.9990,0.0008,0.0000,0.0000
BELIKPJO_02173,Cytoplasmic Membrane,0.0000,0.0000,0.0001,0.9999,0.0000,0.0000
BELIKPJO_02174,Cytoplasmic,0.0008,0.0015,0.9721,0.0073,0.0150,0.0033
BELIKPJO_02175,Cytoplasmic,0.0000,0.0001,0.9994,0.0002,0.0003,0.0000
BELIKPJO_02176,Cytoplasmic,0.0000,0.0000,0.9982,0.0003,0.0014,0.0000
BELIKPJO_02177,Cytoplasmic,0.0022,0.0090,0.9179,0.0291,0.0112,0.0306
BELIKPJO_02178,Cytoplasmic,0.0000,0.0002,0.9804,0.0001,0.0191,0.0003
BELIKPJO_02179,Cytoplasmic,0.0002,0.0034,0.8614,0.1175,0.0171,0.0003
BELIKPJO_02180,Cytoplasmic,0.0007,0.0001,0.9984,0.0005,0.0003,0.0000
BELIKPJO_02181,Cytoplasmic,0.0005,0.0001,0.9950,0.0041,0.0003,0.0000
BELIKPJO_02182,Cytoplasmic,0.0488,0.0343,0.8096,0.1055,0.0015,0.0002
BELIKPJO_02183,Cytoplasmic Membrane,0.0000,0.0011,0.0004,0.9903,0.0082,0.0000
BELIKPJO_02184,Cytoplasmic,0.0001,0.0042,0.9265,0.0062,0.0603,0.0026
BELIKPJO_02185,Cytoplasmic Membrane,0.0000,0.0000,0.0000,0.9997,0.0002,0.0000
BELIKPJO_02186,Cytoplasmic,0.0006,0.1625,0.7917,0.0147,0.0198,0.0107
BELIKPJO_02187,Cytoplasmic,0.0002,0.0011,0.9902,0.0022,0.0056,0.0007
BELIKPJO_02188,Cytoplasmic Membrane,0.0041,0.0627,0.0001,0.9317,0.0013,0.0000
BELIKPJO_02189,Cytoplasmic Membrane,0.0000,0.0000,0.0000,0.9997,0.0002,0.0000
BELIKPJO_02190,Cytoplasmic,0.0000,0.0004,0.9984,0.0005,0.0005,0.0001
BELIKPJO_02191,Cytoplasmic Membrane,0.0000,0.0010,0.0001,0.9977,0.0011,0.0000
BELIKPJO_02192,Cytoplasmic,0.0006,0.0118,0.9737,0.0110,0.0029,0.0001
BELIKPJO_02193,Cytoplasmic,0.0007,0.0172,0.7520,0.2225,0.0062,0.0015
BELIKPJO_02194,Cytoplasmic Membrane,0.0000,0.0001,0.0000,0.9999,0.0001,0.0000
BELIKPJO_02195,Cytoplasmic Membrane,0.0064,0.1736,0.0645,0.4730,0.2811,0.0015
BELIKPJO_02196,Extracellular,0.0015,0.9705,0.0000,0.0279,0.0000,0.0000
BELIKPJO_02197,Cytoplasmic,0.0005,0.2986,0.4797,0.2078,0.0132,0.0002
BELIKPJO_02198,Cytoplasmic,0.0000,0.0078,0.9917,0.0001,0.0001,0.0002
BELIKPJO_02199,Cytoplasmic Membrane,0.0096,0.1490,0.0014,0.8317,0.0082,0.0001
BELIKPJO_02200,Cytoplasmic Membrane,0.0001,0.0017,0.0007,0.9930,0.0046,0.0000
BELIKPJO_02201,Cytoplasmic,0.0001,0.0001,0.9805,0.0003,0.0159,0.0031
BELIKPJO_02202,Cytoplasmic Membrane,0.2926,0.0718,0.0002,0.6349,0.0006,0.0000
BELIKPJO_02203,Extracellular,0.4710,0.4799,0.0005,0.0038,0.0448,0.0002
BELIKPJO_02204,Extracellular,0.4071,0.5325,0.0058,0.0104,0.0422,0.0020
BELIKPJO_02205,Extracellular,0.0293,0.9692,0.0003,0.0002,0.0001,0.0009
BELIKPJO_02206,Extracellular,0.4752,0.4827,0.0003,0.0060,0.0356,0.0003
BELIKPJO_02207,Extracellular,0.0588,0.6023,0.0036,0.3337,0.0014,0.0002
BELIKPJO_02208,Cytoplasmic Membrane,0.0000,0.0044,0.0000,0.9955,0.0000,0.0000
BELIKPJO_02209,Extracellular,0.0254,0.5625,0.0074,0.4033,0.0013,0.0000
BELIKPJO_02210,Cytoplasmic,0.0022,0.0229,0.7079,0.2642,0.0029,0.0000
BELIKPJO_02211,Cytoplasmic Membrane,0.0000,0.0001,0.0000,0.9996,0.0003,0.0000
BELIKPJO_02212,Cytoplasmic Membrane,0.0000,0.0001,0.0007,0.9975,0.0017,0.0000
BELIKPJO_02213,Cytoplasmic Membrane,0.0002,0.0003,0.0813,0.8428,0.0748,0.0005
BELIKPJO_02214,Cytoplasmic Membrane,0.0000,0.0000,0.0000,0.9998,0.0001,0.0000
BELIKPJO_02215,Cytoplasmic,0.0004,0.0005,0.9700,0.0231,0.0061,0.0000
BELIKPJO_02216,Cytoplasmic,0.0024,0.0050,0.8434,0.1192,0.0268,0.0031
BELIKPJO_02217,Extracellular,0.0764,0.9091,0.0002,0.0141,0.0001,0.0000
BELIKPJO_02218,Cytoplasmic,0.0000,0.0001,0.9928,0.0020,0.0050,0.0001
BELIKPJO_02219,Cytoplasmic,0.0001,0.0029,0.9883,0.0036,0.0052,0.0000
BELIKPJO_02220,Cytoplasmic,0.0005,0.0009,0.9572,0.0314,0.0099,0.0003
BELIKPJO_02221,Cytoplasmic,0.0008,0.0034,0.7714,0.0536,0.1684,0.0024
BELIKPJO_02222,Cytoplasmic,0.0016,0.0044,0.9769,0.0088,0.0018,0.0065
BELIKPJO_02223,Cytoplasmic,0.0011,0.0296,0.8848,0.0503,0.0201,0.0142
BELIKPJO_02224,Cytoplasmic Membrane,0.0001,0.0124,0.0002,0.9685,0.0188,0.0000
BELIKPJO_02225,Cytoplasmic Membrane,0.0000,0.0003,0.0006,0.9979,0.0013,0.0000
BELIKPJO_02226,Cell wall & surface,0.8060,0.0382,0.0001,0.1552,0.0006,0.0000
BELIKPJO_02227,Cytoplasmic Membrane,0.0002,0.2069,0.0003,0.7717,0.0209,0.0000
BELIKPJO_02228,Cytoplasmic Membrane,0.0002,0.0102,0.0003,0.9869,0.0025,0.0000
BELIKPJO_02229,Cytoplasmic Membrane,0.0000,0.0004,0.0000,0.9988,0.0007,0.0000
BELIKPJO_02230,Cytoplasmic,0.0002,0.0025,0.9839,0.0035,0.0097,0.0003
BELIKPJO_02231,Cytoplasmic,0.0000,0.0000,0.9998,0.0000,0.0001,0.0001
BELIKPJO_02232,Cytoplasmic Membrane,0.0000,0.0023,0.0000,0.9975,0.0002,0.0000
BELIKPJO_02234,Cytoplasmic,0.0096,0.0025,0.7444,0.2433,0.0001,0.0000
BELIKPJO_02235,Cytoplasmic Membrane,0.0001,0.0006,0.0000,0.9992,0.0001,0.0000
BELIKPJO_02236,Cytoplasmic,0.0001,0.0014,0.5963,0.3198,0.0821,0.0003
BELIKPJO_02237,Cytoplasmic Membrane,0.0001,0.0040,0.0005,0.9916,0.0038,0.0000
BELIKPJO_02238,Cytoplasmic,0.0006,0.0011,0.9703,0.0034,0.0232,0.0015
BELIKPJO_02239,Cytoplasmic Membrane,0.0000,0.0000,0.0000,0.9992,0.0008,0.0000
BELIKPJO_02240,Cytoplasmic,0.0002,0.0128,0.9843,0.0020,0.0002,0.0004
BELIKPJO_02241,Cytoplasmic,0.0000,0.0002,0.9993,0.0004,0.0001,0.0000
BELIKPJO_02242,Cytoplasmic Membrane,0.0000,0.0011,0.0002,0.9981,0.0006,0.0000
BELIKPJO_02243,Cytoplasmic Membrane,0.0000,0.0000,0.0000,0.9994,0.0005,0.0000
BELIKPJO_02244,Cytoplasmic Membrane,0.0000,0.0004,0.0003,0.9990,0.0004,0.0000
BELIKPJO_02245,Cytoplasmic,0.0003,0.0044,0.8831,0.1063,0.0059,0.0001
BELIKPJO_02246,Cytoplasmic Membrane,0.0000,0.0000,0.0000,0.9998,0.0001,0.0000
BELIKPJO_02247,Cytoplasmic Membrane,0.0002,0.0004,0.1579,0.8153,0.0257,0.0005
BELIKPJO_02248,Cytoplasmic,0.0006,0.0006,0.9983,0.0003,0.0001,0.0000
BELIKPJO_02249,Cytoplasmic,0.0001,0.0015,0.9859,0.0034,0.0029,0.0062
BELIKPJO_02250,Cytoplasmic Membrane,0.0000,0.0019,0.0002,0.9978,0.0001,0.0000
BELIKPJO_02251,Extracellular,0.0194,0.5112,0.0009,0.4655,0.0029,0.0001
BELIKPJO_02252,Cytoplasmic Membrane,0.0000,0.0079,0.0002,0.9900,0.0019,0.0000
BELIKPJO_02253,Extracellular,0.1426,0.8565,0.0000,0.0005,0.0003,0.0001
BELIKPJO_02254,Cytoplasmic,0.0000,0.0000,0.9993,0.0000,0.0006,0.0000
BELIKPJO_02255,Cytoplasmic Membrane,0.0000,0.0049,0.0000,0.9949,0.0001,0.0000
BELIKPJO_02256,Cytoplasmic Membrane,0.0000,0.0005,0.0004,0.9982,0.0008,0.0000
BELIKPJO_02257,Cytoplasmic Membrane,0.0001,0.0017,0.0000,0.9358,0.0623,0.0001
BELIKPJO_02258,Cytoplasmic Membrane,0.0003,0.0023,0.2554,0.7331,0.0077,0.0011
BELIKPJO_02259,Cytoplasmic Membrane,0.0000,0.0000,0.0000,0.9999,0.0001,0.0000
BELIKPJO_02260,Cytoplasmic Membrane,0.1568,0.0253,0.0005,0.7790,0.0321,0.0063
BELIKPJO_02261,Cytoplasmic Membrane,0.0001,0.0426,0.0005,0.9542,0.0027,0.0000
BELIKPJO_02262,Cytoplasmic Membrane,0.0002,0.3387,0.2457,0.3450,0.0696,0.0008
BELIKPJO_02263,Cytoplasmic,0.0088,0.0003,0.9733,0.0062,0.0114,0.0000
BELIKPJO_02264,Cytoplasmic,0.0027,0.0015,0.9843,0.0103,0.0010,0.0001
BELIKPJO_02265,Cytoplasmic,0.0002,0.3056,0.4859,0.2033,0.0044,0.0006
BELIKPJO_02266,Cytoplasmic,0.0000,0.0000,0.9993,0.0005,0.0000,0.0000
BELIKPJO_02267,Cytoplasmic,0.0013,0.0017,0.9868,0.0101,0.0001,0.0000
BELIKPJO_02268,Cytoplasmic,0.0001,0.0004,0.9958,0.0019,0.0018,0.0001
BELIKPJO_02269,Cytoplasmic,0.0009,0.0047,0.9877,0.0047,0.0018,0.0002
BELIKPJO_02270,Cytoplasmic,0.0001,0.0005,0.9981,0.0005,0.0005,0.0003
BELIKPJO_02271,Cytoplasmic,0.0029,0.0029,0.9117,0.0823,0.0002,0.0000
BELIKPJO_02272,Cytoplasmic,0.0000,0.0003,0.9989,0.0007,0.0001,0.0000
BELIKPJO_02273,Cytoplasmic,0.0000,0.0000,0.9973,0.0000,0.0022,0.0004
BELIKPJO_02274,Cytoplasmic,0.0014,0.0149,0.6377,0.3398,0.0059,0.0002
BELIKPJO_02275,Cytoplasmic Membrane,0.0001,0.0003,0.0019,0.9902,0.0072,0.0004
BELIKPJO_02276,Cytoplasmic Membrane,0.0003,0.0018,0.0024,0.9788,0.0159,0.0007
BELIKPJO_02277,Cytoplasmic Membrane,0.0000,0.0000,0.0000,0.9995,0.0005,0.0000
BELIKPJO_02278,Cytoplasmic Membrane,0.0003,0.0091,0.0011,0.9800,0.0095,0.0001
BELIKPJO_02279,Cytoplasmic,0.0009,0.0106,0.9671,0.0162,0.0044,0.0008
BELIKPJO_02280,Cytoplasmic,0.0002,0.0010,0.9904,0.0004,0.0059,0.0021
BELIKPJO_02281,Cytoplasmic,0.0001,0.0005,0.9988,0.0004,0.0001,0.0001
BELIKPJO_02282,Cytoplasmic,0.0002,0.0002,0.9964,0.0005,0.0024,0.0003
BELIKPJO_02283,Cytoplasmic,0.0003,0.0008,0.8977,0.0633,0.0220,0.0158
BELIKPJO_02284,Cytoplasmic,0.0001,0.0005,0.9987,0.0005,0.0002,0.0000
BELIKPJO_02285,Cytoplasmic,0.0012,0.0092,0.7967,0.1922,0.0007,0.0000
BELIKPJO_02286,Cytoplasmic,0.0001,0.0001,0.9956,0.0034,0.0007,0.0000
BELIKPJO_02287,Cytoplasmic,0.0003,0.0013,0.9935,0.0040,0.0007,0.0001
BELIKPJO_02288,Cytoplasmic,0.0001,0.0000,0.9997,0.0001,0.0000,0.0000
BELIKPJO_02289,Cytoplasmic,0.0002,0.0001,0.9942,0.0008,0.0045,0.0002
BELIKPJO_02290,Cytoplasmic,0.0013,0.0024,0.9904,0.0020,0.0033,0.0006
BELIKPJO_02291,Cytoplasmic,0.0001,0.0001,0.9990,0.0004,0.0003,0.0001
BELIKPJO_02292,Cytoplasmic,0.0001,0.0011,0.9900,0.0030,0.0058,0.0001
BELIKPJO_02293,Cytoplasmic Membrane,0.0001,0.0209,0.0016,0.9724,0.0050,0.0000
BELIKPJO_02294,Cytoplasmic,0.0314,0.0021,0.9452,0.0207,0.0005,0.0000
BELIKPJO_02295,Cytoplasmic Membrane,0.0001,0.0041,0.0008,0.9939,0.0011,0.0000
BELIKPJO_02296,Cytoplasmic,0.0014,0.0202,0.7963,0.1799,0.0021,0.0000
BELIKPJO_02297,Cytoplasmic,0.0009,0.0013,0.9967,0.0006,0.0003,0.0001
BELIKPJO_02298,Cytoplasmic,0.0040,0.0880,0.5033,0.3960,0.0080,0.0007
BELIKPJO_02299,Cytoplasmic Membrane,0.0007,0.0002,0.0003,0.9983,0.0005,0.0000
BELIKPJO_02300,Cytoplasmic Membrane,0.0000,0.0000,0.0000,0.9999,0.0001,0.0000
BELIKPJO_02301,Cytoplasmic Membrane,0.0000,0.0000,0.0000,0.9992,0.0007,0.0000
BELIKPJO_02302,Cytoplasmic,0.0000,0.0009,0.9983,0.0004,0.0003,0.0001
BELIKPJO_02303,Cytoplasmic Membrane,0.0000,0.0000,0.0000,1.0000,0.0000,0.0000
BELIKPJO_02304,Cytoplasmic Membrane,0.0016,0.0181,0.0001,0.9712,0.0086,0.0004
BELIKPJO_02305,Cytoplasmic Membrane,0.0000,0.0000,0.0000,1.0000,0.0000,0.0000
BELIKPJO_02306,Cytoplasmic Membrane,0.0004,0.0004,0.0538,0.9067,0.0383,0.0004
BELIKPJO_02307,Cytoplasmic,0.0001,0.0015,0.9939,0.0027,0.0008,0.0010
BELIKPJO_02308,Cytoplasmic,0.0000,0.0001,0.9982,0.0002,0.0014,0.0001
BELIKPJO_02309,Cytoplasmic,0.0004,0.0013,0.9835,0.0067,0.0080,0.0001
BELIKPJO_02310,Cytoplasmic Membrane,0.0000,0.0000,0.0000,0.9998,0.0002,0.0000
BELIKPJO_02311,Cytoplasmic Membrane,0.0000,0.0000,0.0000,0.9996,0.0003,0.0000
BELIKPJO_02312,Cytoplasmic,0.0018,0.1284,0.7945,0.0736,0.0017,0.0000
BELIKPJO_02313,Cytoplasmic Membrane,0.0000,0.0000,0.0000,0.9999,0.0001,0.0000
BELIKPJO_02314,Cytoplasmic,0.0003,0.0382,0.8599,0.0996,0.0020,0.0000
BELIKPJO_02315,Cytoplasmic,0.0002,0.0028,0.9850,0.0073,0.0026,0.0022
BELIKPJO_02316,Cytoplasmic,0.0002,0.0001,0.9962,0.0015,0.0020,0.0001
BELIKPJO_02317,Cytoplasmic,0.0001,0.0005,0.9989,0.0001,0.0002,0.0002
BELIKPJO_02318,Cytoplasmic,0.0003,0.0001,0.9989,0.0004,0.0002,0.0000
BELIKPJO_02319,Cytoplasmic,0.0001,0.0003,0.9767,0.0033,0.0194,0.0001
BELIKPJO_02320,Cytoplasmic,0.0065,0.0036,0.9401,0.0493,0.0004,0.0000
BELIKPJO_02321,Cytoplasmic,0.0005,0.0001,0.9568,0.0420,0.0004,0.0001
BELIKPJO_02322,Cytoplasmic Membrane,0.0076,0.0662,0.0006,0.9117,0.0138,0.0001
BELIKPJO_02323,Cytoplasmic Membrane,0.0001,0.0050,0.0000,0.9930,0.0018,0.0000
BELIKPJO_02324,Cytoplasmic Membrane,0.0000,0.0005,0.0009,0.9933,0.0052,0.0001
BELIKPJO_02325,Cytoplasmic Membrane,0.0001,0.0001,0.0002,0.9995,0.0001,0.0000
BELIKPJO_02326,Cytoplasmic Membrane,0.0000,0.0000,0.0001,0.9989,0.0010,0.0000
BELIKPJO_02327,Cytoplasmic Membrane,0.0203,0.0302,0.0002,0.9490,0.0003,0.0000
BELIKPJO_02328,Cytoplasmic Membrane,0.0000,0.0001,0.0000,0.9996,0.0003,0.0000
BELIKPJO_02329,Cytoplasmic,0.0038,0.1287,0.7785,0.0822,0.0010,0.0057
BELIKPJO_02330,Cytoplasmic,0.0002,0.0017,0.9965,0.0008,0.0007,0.0001
BELIKPJO_02331,Cytoplasmic Membrane,0.0001,0.0003,0.1082,0.8303,0.0606,0.0005
BELIKPJO_02332,Cytoplasmic Membrane,0.0000,0.0001,0.0000,0.9999,0.0001,0.0000
BELIKPJO_02333,Cytoplasmic,0.0000,0.0003,0.9991,0.0004,0.0001,0.0000
BELIKPJO_02334,Cytoplasmic,0.0000,0.0003,0.9647,0.0004,0.0342,0.0004
BELIKPJO_02335,Cytoplasmic Membrane,0.0000,0.0035,0.0002,0.9960,0.0003,0.0000
BELIKPJO_02336,Cytoplasmic,0.0002,0.1151,0.7985,0.0841,0.0021,0.0000
BELIKPJO_02337,Cytoplasmic,0.0005,0.0035,0.8763,0.0326,0.0765,0.0105
BELIKPJO_02338,Cytoplasmic,0.0004,0.0008,0.9667,0.0290,0.0030,0.0002
BELIKPJO_02339,Cytoplasmic,0.0002,0.0005,0.9858,0.0134,0.0000,0.0000
BELIKPJO_02340,Cytoplasmic,0.0002,0.0013,0.9848,0.0065,0.0058,0.0014
BELIKPJO_02341,Cytoplasmic,0.0006,0.0009,0.9977,0.0006,0.0001,0.0000
BELIKPJO_02342,Cytoplasmic,0.0002,0.0292,0.8791,0.0912,0.0001,0.0002
BELIKPJO_02343,Cytoplasmic Membrane,0.0000,0.0000,0.0000,0.9998,0.0001,0.0000
BELIKPJO_02344,Cytoplasmic Membrane,0.0629,0.0285,0.0004,0.8682,0.0193,0.0208
BELIKPJO_02345,Cytoplasmic Membrane,0.0000,0.0029,0.0001,0.9969,0.0001,0.0000
BELIKPJO_02346,Cytoplasmic Membrane,0.0000,0.0000,0.0000,1.0000,0.0000,0.0000
BELIKPJO_02347,Cytoplasmic Membrane,0.0000,0.0000,0.0000,1.0000,0.0000,0.0000
BELIKPJO_02348,Cytoplasmic Membrane,0.0004,0.0007,0.0909,0.8696,0.0298,0.0086
BELIKPJO_02349,Cytoplasmic Membrane,0.0002,0.0005,0.1904,0.7750,0.0304,0.0035
BELIKPJO_02350,Cytoplasmic,0.0242,0.0635,0.9021,0.0035,0.0066,0.0001
BELIKPJO_02351,Cytoplasmic,0.0000,0.0000,0.9957,0.0000,0.0043,0.0000
BELIKPJO_02352,Outer Membrane,0.0000,0.0001,0.3251,0.0018,0.6613,0.0116
BELIKPJO_02353,Outer Membrane,0.0000,0.0000,0.0030,0.0001,0.9959,0.0010
BELIKPJO_02354,Cytoplasmic,0.0000,0.0012,0.9979,0.0006,0.0001,0.0001
BELIKPJO_02355,Cytoplasmic Membrane,0.0002,0.0091,0.0004,0.9873,0.0029,0.0000
BELIKPJO_02356,Cytoplasmic,0.0000,0.0003,0.9995,0.0000,0.0001,0.0000
BELIKPJO_02357,Cytoplasmic,0.0003,0.0016,0.9970,0.0009,0.0003,0.0000
BELIKPJO_02358,Cytoplasmic Membrane,0.0000,0.0000,0.0000,1.0000,0.0000,0.0000
BELIKPJO_02359,Cytoplasmic Membrane,0.0000,0.0000,0.0000,0.9998,0.0002,0.0000
BELIKPJO_02360,Cytoplasmic,0.0001,0.0002,0.9988,0.0009,0.0000,0.0000
BELIKPJO_02361,Cytoplasmic,0.0003,0.0013,0.9976,0.0003,0.0003,0.0002
BELIKPJO_02362,Cytoplasmic Membrane,0.0000,0.0026,0.0002,0.9956,0.0015,0.0000
BELIKPJO_02363,Cytoplasmic,0.0000,0.0001,0.9821,0.0163,0.0014,0.0000
BELIKPJO_02364,Cytoplasmic Membrane,0.0000,0.0006,0.0016,0.9976,0.0001,0.0000
BELIKPJO_02365,Cytoplasmic Membrane,0.0000,0.0000,0.0000,0.9999,0.0000,0.0000
BELIKPJO_02366,Cytoplasmic Membrane,0.0000,0.0000,0.0000,0.9991,0.0009,0.0000
BELIKPJO_02367,Cytoplasmic,0.0000,0.0000,0.9992,0.0000,0.0007,0.0000
BELIKPJO_02368,Cytoplasmic Membrane,0.0000,0.0014,0.0000,0.9973,0.0013,0.0000
BELIKPJO_02369,Cytoplasmic Membrane,0.0000,0.0040,0.0035,0.9913,0.0012,0.0000
BELIKPJO_02370,Cytoplasmic,0.0104,0.0090,0.8684,0.1119,0.0003,0.0000
BELIKPJO_02371,Cytoplasmic,0.0000,0.0001,0.9993,0.0002,0.0002,0.0003
BELIKPJO_02372,Cytoplasmic,0.0003,0.0002,0.9990,0.0004,0.0002,0.0000
BELIKPJO_02373,Cytoplasmic,0.0003,0.0001,0.9994,0.0002,0.0000,0.0000
BELIKPJO_02374,Cytoplasmic Membrane,0.0000,0.0002,0.0003,0.9951,0.0044,0.0000
BELIKPJO_02375,Cytoplasmic Membrane,0.0001,0.0001,0.3964,0.5122,0.0898,0.0014
BELIKPJO_02376,Cytoplasmic,0.0002,0.0026,0.9698,0.0072,0.0194,0.0008
BELIKPJO_02377,Cytoplasmic Membrane,0.0000,0.0000,0.0001,0.9986,0.0013,0.0000
BELIKPJO_02378,Cytoplasmic Membrane,0.0000,0.0001,0.0000,0.9994,0.0005,0.0000
BELIKPJO_02379,Cytoplasmic Membrane,0.0000,0.0001,0.0000,0.9998,0.0002,0.0000
BELIKPJO_02380,Cytoplasmic Membrane,0.0002,0.0010,0.0007,0.9959,0.0022,0.0000
BELIKPJO_02381,Extracellular,0.1236,0.8312,0.0015,0.0296,0.0089,0.0052
BELIKPJO_02382,Cytoplasmic,0.0001,0.0013,0.9969,0.0005,0.0008,0.0003
BELIKPJO_02383,Cytoplasmic,0.0000,0.0022,0.7913,0.2052,0.0013,0.0000
BELIKPJO_02384,Cytoplasmic,0.0001,0.0029,0.9963,0.0007,0.0000,0.0000
BELIKPJO_02385,Cytoplasmic,0.0001,0.0006,0.9986,0.0004,0.0002,0.0001
BELIKPJO_02386,Cytoplasmic,0.0014,0.0021,0.8992,0.0467,0.0496,0.0010
BELIKPJO_02387,Cytoplasmic,0.0000,0.0001,0.9998,0.0000,0.0001,0.0000
BELIKPJO_02388,Cytoplasmic,0.0003,0.0057,0.9833,0.0092,0.0013,0.0003
BELIKPJO_02389,Cytoplasmic,0.0004,0.1049,0.8383,0.0343,0.0207,0.0013
BELIKPJO_02390,Cytoplasmic,0.0002,0.0009,0.9878,0.0108,0.0003,0.0000
BELIKPJO_02391,Cytoplasmic,0.0001,0.0103,0.9885,0.0008,0.0002,0.0001
BELIKPJO_02392,Cytoplasmic,0.0009,0.0005,0.9978,0.0008,0.0000,0.0000
BELIKPJO_02393,Cytoplasmic,0.0018,0.0228,0.9543,0.0180,0.0010,0.0021
BELIKPJO_02394,Cytoplasmic Membrane,0.0000,0.0005,0.0001,0.9958,0.0035,0.0000
BELIKPJO_02395,Cytoplasmic,0.0070,0.0103,0.9803,0.0024,0.0000,0.0000
BELIKPJO_02396,Cytoplasmic,0.0033,0.0060,0.9587,0.0210,0.0081,0.0029
BELIKPJO_02397,Cytoplasmic,0.0006,0.0047,0.9432,0.0396,0.0117,0.0002
BELIKPJO_02398,Cytoplasmic,0.0001,0.0350,0.9430,0.0215,0.0003,0.0000
BELIKPJO_02399,Cytoplasmic,0.0000,0.0007,0.9941,0.0001,0.0010,0.0041
BELIKPJO_02400,Cytoplasmic Membrane,0.0000,0.0003,0.0003,0.9979,0.0015,0.0000
BELIKPJO_02401,Cytoplasmic Membrane,0.0001,0.0087,0.0002,0.9799,0.0111,0.0001
BELIKPJO_02402,Cytoplasmic,0.0001,0.0139,0.7726,0.1025,0.1107,0.0002
BELIKPJO_02403,Cytoplasmic,0.0001,0.0076,0.9916,0.0007,0.0000,0.0000
BELIKPJO_02405,Outer Membrane,0.0000,0.0000,0.4302,0.0000,0.5697,0.0001
BELIKPJO_02406,Cytoplasmic,0.0040,0.0173,0.9660,0.0111,0.0014,0.0002
BELIKPJO_02407,Cytoplasmic,0.0024,0.1593,0.4357,0.1969,0.1911,0.0145
BELIKPJO_02408,Cytoplasmic Membrane,0.0000,0.0000,0.0001,0.9993,0.0006,0.0000
BELIKPJO_02409,Cytoplasmic Membrane,0.0001,0.0413,0.0653,0.8928,0.0004,0.0000
BELIKPJO_02410,Cytoplasmic,0.0001,0.0001,0.9992,0.0001,0.0004,0.0001
BELIKPJO_02411,Cytoplasmic,0.0000,0.0006,0.9980,0.0001,0.0011,0.0000
BELIKPJO_02412,Cytoplasmic,0.0006,0.0017,0.8059,0.1210,0.0705,0.0003
BELIKPJO_02413,Cytoplasmic,0.0003,0.0004,0.9701,0.0029,0.0258,0.0005
BELIKPJO_02414,Cytoplasmic,0.0001,0.0001,0.9986,0.0002,0.0009,0.0001
BELIKPJO_02415,Cytoplasmic,0.0025,0.0005,0.8832,0.1131,0.0006,0.0001
BELIKPJO_02416,Cytoplasmic,0.0000,0.0000,0.9991,0.0006,0.0002,0.0001
BELIKPJO_02417,Cytoplasmic,0.0002,0.0002,0.9988,0.0007,0.0002,0.0000
BELIKPJO_02418,Cytoplasmic,0.0000,0.0000,0.9975,0.0005,0.0019,0.0000
BELIKPJO_02419,Cytoplasmic,0.0006,0.0063,0.9676,0.0191,0.0043,0.0021
BELIKPJO_02420,Cytoplasmic,0.0003,0.0003,0.9983,0.0009,0.0001,0.0001
BELIKPJO_02421,Cytoplasmic Membrane,0.0000,0.0008,0.0000,0.9988,0.0004,0.0000
BELIKPJO_02422,Cytoplasmic Membrane,0.0002,0.0003,0.0001,0.9975,0.0018,0.0000
BELIKPJO_02423,Cytoplasmic Membrane,0.0000,0.0002,0.0001,0.9997,0.0000,0.0000
BELIKPJO_02424,Cytoplasmic,0.0000,0.0003,0.9854,0.0020,0.0105,0.0016
BELIKPJO_02425,Cytoplasmic,0.0000,0.0000,0.9995,0.0001,0.0002,0.0000
BELIKPJO_02426,Cytoplasmic Membrane,0.0247,0.0487,0.0000,0.9229,0.0036,0.0000
BELIKPJO_02427,Cytoplasmic Membrane,0.0013,0.0515,0.0000,0.9464,0.0007,0.0000
BELIKPJO_02428,Cytoplasmic Membrane,0.0000,0.0000,0.0000,0.9998,0.0002,0.0000
BELIKPJO_02429,Cytoplasmic,0.0009,0.0002,0.9987,0.0001,0.0001,0.0000
BELIKPJO_02430,Cytoplasmic Membrane,0.0020,0.0008,0.1619,0.8152,0.0196,0.0006
BELIKPJO_02431,Cytoplasmic Membrane,0.0006,0.0016,0.0005,0.9963,0.0010,0.0000
BELIKPJO_02432,Cytoplasmic,0.0008,0.0004,0.8629,0.1062,0.0296,0.0001
BELIKPJO_02433,Cytoplasmic,0.0001,0.0002,0.9858,0.0116,0.0023,0.0000
BELIKPJO_02434,Cytoplasmic,0.0000,0.0000,0.9997,0.0000,0.0001,0.0001
BELIKPJO_02435,Cytoplasmic,0.0009,0.0001,0.9704,0.0135,0.0150,0.0000
BELIKPJO_02436,Cytoplasmic Membrane,0.0000,0.0004,0.0004,0.9987,0.0004,0.0000
BELIKPJO_02437,Cytoplasmic,0.0001,0.0001,0.9677,0.0321,0.0000,0.0000
BELIKPJO_02438,Cytoplasmic,0.0003,0.0000,0.9865,0.0058,0.0074,0.0000
BELIKPJO_02439,Cytoplasmic,0.0000,0.0000,0.9987,0.0001,0.0010,0.0002
BELIKPJO_02440,Cytoplasmic,0.0015,0.0131,0.9774,0.0049,0.0017,0.0013
BELIKPJO_02441,Cytoplasmic,0.0001,0.0001,0.9972,0.0022,0.0004,0.0000
BELIKPJO_02442,Cytoplasmic Membrane,0.0062,0.2611,0.0593,0.6624,0.0109,0.0001
BELIKPJO_02443,Cytoplasmic,0.0004,0.0007,0.9976,0.0004,0.0007,0.0001
BELIKPJO_02444,Cytoplasmic,0.0000,0.0003,0.9977,0.0006,0.0009,0.0005
BELIKPJO_02445,Cytoplasmic,0.0012,0.0000,0.9958,0.0028,0.0001,0.0000
BELIKPJO_02446,Cytoplasmic,0.0006,0.0008,0.8987,0.0988,0.0011,0.0000
BELIKPJO_02447,Cytoplasmic,0.0000,0.0001,0.9978,0.0000,0.0006,0.0015
BELIKPJO_02448,Cytoplasmic Membrane,0.0000,0.0007,0.0001,0.9963,0.0029,0.0000
BELIKPJO_02449,Cytoplasmic,0.0008,0.1107,0.7757,0.1058,0.0066,0.0003
BELIKPJO_02450,Cytoplasmic Membrane,0.0000,0.0121,0.0001,0.9586,0.0292,0.0000
BELIKPJO_02451,Cytoplasmic Membrane,0.0000,0.0013,0.1726,0.8259,0.0001,0.0000
BELIKPJO_02452,Cytoplasmic,0.0000,0.0001,0.9979,0.0001,0.0005,0.0015
BELIKPJO_02453,Cytoplasmic,0.0000,0.0010,0.9980,0.0002,0.0005,0.0003
BELIKPJO_02454,Cytoplasmic Membrane,0.0000,0.0000,0.0000,0.9997,0.0003,0.0000
BELIKPJO_02455,Cytoplasmic,0.0001,0.0058,0.9810,0.0002,0.0021,0.0109
BELIKPJO_02456,Cytoplasmic,0.0008,0.0012,0.9957,0.0020,0.0001,0.0003
BELIKPJO_02457,Cytoplasmic Membrane,0.0018,0.2412,0.0027,0.7078,0.0464,0.0001
BELIKPJO_02459,Cytoplasmic,0.0000,0.0048,0.9934,0.0008,0.0006,0.0004
BELIKPJO_02460,Cytoplasmic,0.0004,0.0011,0.9931,0.0044,0.0010,0.0000
BELIKPJO_02461,Cytoplasmic,0.0001,0.0011,0.9249,0.0557,0.0181,0.0001
BELIKPJO_02462,Cytoplasmic,0.0002,0.0002,0.9874,0.0044,0.0076,0.0001
BELIKPJO_02463,Cytoplasmic Membrane,0.0000,0.0000,0.0000,1.0000,0.0000,0.0000
BELIKPJO_02464,Cytoplasmic Membrane,0.0003,0.0022,0.1755,0.8162,0.0056,0.0002
BELIKPJO_02465,Cytoplasmic,0.0005,0.0098,0.9744,0.0093,0.0058,0.0001
BELIKPJO_02466,Cytoplasmic Membrane,0.0004,0.0276,0.0023,0.9632,0.0065,0.0000
BELIKPJO_02467,Cytoplasmic,0.0019,0.0036,0.8720,0.1190,0.0026,0.0010
BELIKPJO_02468,Cytoplasmic,0.0012,0.0371,0.6915,0.2502,0.0159,0.0041
BELIKPJO_02469,Cell wall & surface,0.6631,0.1237,0.0161,0.1957,0.0012,0.0001
BELIKPJO_02470,Cytoplasmic,0.0012,0.0044,0.8530,0.1410,0.0003,0.0000
BELIKPJO_02471,Cytoplasmic Membrane,0.1023,0.2167,0.0545,0.5828,0.0411,0.0025
BELIKPJO_02472,Cytoplasmic,0.0001,0.0006,0.9947,0.0020,0.0025,0.0000
BELIKPJO_02473,Cytoplasmic,0.0015,0.0624,0.9010,0.0230,0.0118,0.0002
BELIKPJO_02474,Cytoplasmic Membrane,0.0872,0.2797,0.0195,0.6069,0.0065,0.0002
BELIKPJO_02475,Cytoplasmic,0.0000,0.0000,0.9992,0.0003,0.0004,0.0000
BELIKPJO_02476,Cytoplasmic Membrane,0.0000,0.0002,0.0023,0.9971,0.0003,0.0000
BELIKPJO_02477,Cytoplasmic Membrane,0.0000,0.0000,0.0000,0.9997,0.0003,0.0000
BELIKPJO_02478,Cytoplasmic Membrane,0.0000,0.0000,0.0000,0.9999,0.0001,0.0000
BELIKPJO_02479,Cytoplasmic Membrane,0.0000,0.0073,0.0002,0.9863,0.0062,0.0000
BELIKPJO_02480,Cytoplasmic,0.0018,0.0013,0.9890,0.0074,0.0005,0.0000
BELIKPJO_02481,Cytoplasmic,0.0000,0.0002,0.9805,0.0005,0.0186,0.0002
BELIKPJO_02482,Cytoplasmic,0.0009,0.0008,0.9678,0.0121,0.0180,0.0005
BELIKPJO_02483,Cytoplasmic,0.0000,0.0001,0.9993,0.0006,0.0001,0.0000
BELIKPJO_02484,Outer Membrane,0.0000,0.0000,0.4866,0.0000,0.5008,0.0126
BELIKPJO_02485,Cytoplasmic,0.0028,0.0110,0.8894,0.0111,0.0680,0.0175
BELIKPJO_02486,Cytoplasmic,0.0002,0.0002,0.9859,0.0048,0.0086,0.0003
BELIKPJO_02487,Cytoplasmic Membrane,0.0000,0.0000,0.0000,0.9998,0.0001,0.0000
BELIKPJO_02504,Cytoplasmic,0.0017,0.0010,0.9865,0.0059,0.0050,0.0000
BELIKPJO_02505,Cytoplasmic,0.0001,0.3205,0.5595,0.1006,0.0180,0.0012
BELIKPJO_02506,Cytoplasmic,0.0009,0.0485,0.7049,0.2126,0.0191,0.0140
BELIKPJO_02507,Cytoplasmic,0.0002,0.3328,0.5585,0.0376,0.0633,0.0075
BELIKPJO_02508,Cytoplasmic,0.0003,0.0002,0.9962,0.0015,0.0018,0.0001
BELIKPJO_02509,Cytoplasmic,0.0061,0.0099,0.9521,0.0045,0.0133,0.0142
BELIKPJO_02510,Cytoplasmic,0.0005,0.0294,0.9530,0.0016,0.0127,0.0028
BELIKPJO_02511,Cytoplasmic,0.0001,0.0044,0.9937,0.0008,0.0010,0.0000
BELIKPJO_02512,Cytoplasmic,0.0002,0.0006,0.9761,0.0186,0.0029,0.0017
BELIKPJO_02513,Cytoplasmic Membrane,0.0000,0.0000,0.0000,0.9996,0.0004,0.0000
BELIKPJO_02514,Cytoplasmic Membrane,0.0000,0.0000,0.0000,1.0000,0.0000,0.0000
BELIKPJO_02515,Cytoplasmic,0.0041,0.0017,0.9753,0.0176,0.0011,0.0001
BELIKPJO_02516,Cytoplasmic Membrane,0.0001,0.0066,0.0005,0.9875,0.0051,0.0002
BELIKPJO_02517,Cytoplasmic,0.0004,0.0011,0.9548,0.0315,0.0115,0.0006
BELIKPJO_02518,Cytoplasmic Membrane,0.0000,0.0001,0.0000,0.9983,0.0016,0.0000
BELIKPJO_02519,Cell wall & surface,0.7328,0.1168,0.0007,0.1495,0.0001,0.0000
BELIKPJO_02520,Cytoplasmic Membrane,0.0001,0.1613,0.0004,0.8172,0.0209,0.0001
BELIKPJO_02521,Cytoplasmic,0.0003,0.0649,0.9214,0.0026,0.0108,0.0001
BELIKPJO_02522,Cytoplasmic Membrane,0.0001,0.3602,0.0003,0.5961,0.0428,0.0004
BELIKPJO_02523,Cytoplasmic Membrane,0.0012,0.0320,0.0001,0.9659,0.0008,0.0000
BELIKPJO_02524,Cytoplasmic,0.0004,0.2456,0.6671,0.0635,0.0234,0.0001
BELIKPJO_02525,Cytoplasmic Membrane,0.0000,0.0336,0.0107,0.9330,0.0227,0.0000
BELIKPJO_02526,Cytoplasmic Membrane,0.0006,0.0278,0.3789,0.5804,0.0122,0.0001
BELIKPJO_02527,Cytoplasmic Membrane,0.0005,0.1408,0.0004,0.8552,0.0031,0.0000
BELIKPJO_02528,Cytoplasmic Membrane,0.0000,0.0023,0.0001,0.9969,0.0007,0.0000
BELIKPJO_02529,Cytoplasmic,0.0003,0.0125,0.5846,0.3884,0.0141,0.0000
BELIKPJO_02530,Cytoplasmic Membrane,0.0000,0.0005,0.0001,0.9984,0.0010,0.0000
BELIKPJO_02531,Cytoplasmic,0.0543,0.2705,0.6081,0.0243,0.0421,0.0007
BELIKPJO_02532,Cytoplasmic Membrane,0.0016,0.3999,0.0010,0.5946,0.0029,0.0000
BELIKPJO_02533,Cytoplasmic Membrane,0.0036,0.1276,0.0004,0.8649,0.0035,0.0000
BELIKPJO_02534,Cytoplasmic Membrane,0.0000,0.0007,0.0000,0.9989,0.0003,0.0000
BELIKPJO_02535,Cytoplasmic,0.0004,0.0336,0.9619,0.0031,0.0011,0.0000
BELIKPJO_02536,Cytoplasmic,0.0031,0.2388,0.7000,0.0064,0.0515,0.0001
BELIKPJO_02537,Cytoplasmic,0.0831,0.3345,0.3774,0.2037,0.0012,0.0001
BELIKPJO_02538,Extracellular,0.0072,0.5119,0.4525,0.0173,0.0109,0.0002
BELIKPJO_02539,Cytoplasmic,0.0447,0.0582,0.8511,0.0453,0.0007,0.0000
BELIKPJO_02540,Cytoplasmic,0.0388,0.1088,0.6161,0.1953,0.0394,0.0015
BELIKPJO_02541,Cytoplasmic,0.0002,0.0113,0.9790,0.0047,0.0048,0.0000
BELIKPJO_02542,Cytoplasmic Membrane,0.0015,0.2480,0.0000,0.7355,0.0149,0.0001
BELIKPJO_02543,Cytoplasmic Membrane,0.0045,0.0343,0.0001,0.8165,0.1434,0.0013
BELIKPJO_02544,Cytoplasmic,0.0017,0.0308,0.9004,0.0580,0.0087,0.0003
BELIKPJO_02545,Cytoplasmic Membrane,0.0000,0.0001,0.0000,0.9980,0.0017,0.0000
BELIKPJO_02546,Cytoplasmic,0.0000,0.0001,0.9965,0.0004,0.0030,0.0000
BELIKPJO_02547,Cytoplasmic Membrane,0.0049,0.2624,0.0000,0.7326,0.0000,0.0000
BELIKPJO_02548,Cytoplasmic,0.0088,0.0068,0.9102,0.0233,0.0416,0.0092
BELIKPJO_02549,Cytoplasmic Membrane,0.0000,0.0000,0.0000,0.9990,0.0009,0.0000
BELIKPJO_02550,Cytoplasmic,0.0007,0.0301,0.9390,0.0102,0.0197,0.0003
BELIKPJO_02551,Cytoplasmic Membrane,0.0000,0.0000,0.0000,0.9993,0.0006,0.0000
BELIKPJO_02552,Cytoplasmic Membrane,0.0000,0.0009,0.0000,0.9988,0.0003,0.0000
BELIKPJO_02553,Cytoplasmic Membrane,0.0000,0.0001,0.0000,0.9989,0.0009,0.0000
BELIKPJO_02554,Cytoplasmic Membrane,0.0000,0.0000,0.0000,0.9998,0.0002,0.0000
BELIKPJO_02555,Cytoplasmic Membrane,0.0009,0.0352,0.0025,0.9500,0.0113,0.0000
BELIKPJO_02556,Extracellular,0.1807,0.7667,0.0004,0.0352,0.0170,0.0000
BELIKPJO_02557,Cytoplasmic Membrane,0.0013,0.0544,0.0003,0.9424,0.0015,0.0000
BELIKPJO_02558,Cytoplasmic,0.0027,0.0261,0.8482,0.1037,0.0194,0.0000
BELIKPJO_02559,Cytoplasmic,0.0076,0.0061,0.9476,0.0284,0.0103,0.0000
BELIKPJO_02560,Cytoplasmic,0.0010,0.0058,0.9152,0.0602,0.0174,0.0004
BELIKPJO_02561,Cytoplasmic,0.0003,0.0087,0.9455,0.0059,0.0394,0.0002
BELIKPJO_02562,Cytoplasmic,0.0082,0.0014,0.9592,0.0249,0.0063,0.0000
BELIKPJO_02563,Cytoplasmic,0.0016,0.0699,0.5755,0.2651,0.0873,0.0006
BELIKPJO_02564,Cytoplasmic,0.0027,0.0677,0.9065,0.0047,0.0153,0.0031
BELIKPJO_02565,Cytoplasmic,0.0039,0.0015,0.9422,0.0289,0.0224,0.0011
BELIKPJO_02566,Cytoplasmic,0.0012,0.0273,0.9572,0.0076,0.0065,0.0002
BELIKPJO_02567,Cytoplasmic,0.0028,0.0179,0.9546,0.0108,0.0139,0.0000
BELIKPJO_02568,Cytoplasmic,0.0006,0.3825,0.5284,0.0061,0.0823,0.0001
BELIKPJO_02569,Cytoplasmic,0.0001,0.0413,0.9282,0.0024,0.0277,0.0003
BELIKPJO_02570,Cytoplasmic Membrane,0.0003,0.0894,0.0985,0.7862,0.0253,0.0003
BELIKPJO_02571,Cytoplasmic Membrane,0.0001,0.0012,0.1880,0.7946,0.0159,0.0002
BELIKPJO_02572,Cytoplasmic Membrane,0.0000,0.0000,0.0000,0.9998,0.0002,0.0000
BELIKPJO_02573,Cytoplasmic,0.0000,0.0086,0.9810,0.0089,0.0014,0.0001
BELIKPJO_02574,Cytoplasmic Membrane,0.0000,0.0001,0.0000,0.9982,0.0016,0.0000
BELIKPJO_02575,Cytoplasmic,0.0003,0.0005,0.9536,0.0342,0.0111,0.0003
BELIKPJO_02576,Cytoplasmic,0.0018,0.0239,0.9697,0.0041,0.0005,0.0000
BELIKPJO_02577,Cytoplasmic Membrane,0.1742,0.0800,0.0008,0.6875,0.0406,0.0169
BELIKPJO_02578,Cytoplasmic,0.0000,0.0001,0.9971,0.0023,0.0003,0.0001
BELIKPJO_02579,Cytoplasmic,0.0000,0.0002,0.9926,0.0057,0.0014,0.0002
BELIKPJO_02580,Cytoplasmic,0.0001,0.0006,0.9794,0.0012,0.0120,0.0066
BELIKPJO_02581,Cytoplasmic,0.0000,0.0002,0.9996,0.0000,0.0002,0.0001
BELIKPJO_02582,Cytoplasmic,0.0000,0.0003,0.9982,0.0001,0.0013,0.0001
BELIKPJO_02583,Cytoplasmic,0.0097,0.0580,0.8577,0.0376,0.0350,0.0020
BELIKPJO_02584,Cytoplasmic,0.0002,0.0085,0.9880,0.0003,0.0004,0.0026
BELIKPJO_02585,Cytoplasmic,0.0001,0.0002,0.9989,0.0005,0.0002,0.0001
BELIKPJO_02586,Cytoplasmic,0.0016,0.0216,0.9658,0.0086,0.0017,0.0008
BELIKPJO_02587,Cytoplasmic,0.0003,0.0005,0.9929,0.0053,0.0010,0.0000
BELIKPJO_02588,Cytoplasmic,0.0001,0.0023,0.9971,0.0003,0.0002,0.0000
BELIKPJO_02589,Cytoplasmic,0.0002,0.0274,0.8662,0.0926,0.0124,0.0013
BELIKPJO_02590,Cytoplasmic,0.0001,0.0018,0.9917,0.0023,0.0036,0.0004
BELIKPJO_02591,Cytoplasmic,0.0010,0.0192,0.6829,0.2962,0.0006,0.0000
BELIKPJO_02592,Cytoplasmic,0.0014,0.0016,0.9954,0.0012,0.0005,0.0000
BELIKPJO_02593,Cytoplasmic Membrane,0.0000,0.0000,0.0000,0.9987,0.0013,0.0000
BELIKPJO_02594,Cytoplasmic,0.0001,0.0020,0.9923,0.0036,0.0019,0.0001
BELIKPJO_02595,Cytoplasmic,0.0004,0.0016,0.9284,0.0691,0.0004,0.0000
BELIKPJO_02596,Extracellular,0.0096,0.7327,0.0290,0.1808,0.0476,0.0003
BELIKPJO_02597,Cytoplasmic,0.0005,0.2269,0.4988,0.2638,0.0099,0.0002
BELIKPJO_02598,Cytoplasmic,0.0003,0.0006,0.9924,0.0052,0.0013,0.0002
BELIKPJO_02599,Cytoplasmic Membrane,0.0046,0.1277,0.0001,0.4570,0.3977,0.0129
BELIKPJO_02600,Cytoplasmic,0.0001,0.0075,0.9908,0.0011,0.0005,0.0001
BELIKPJO_02601,Cytoplasmic,0.0002,0.0004,0.9962,0.0006,0.0004,0.0022
BELIKPJO_02602,Cytoplasmic Membrane,0.0000,0.0039,0.0000,0.9951,0.0010,0.0000
BELIKPJO_02603,Cytoplasmic,0.0013,0.0662,0.5532,0.3775,0.0017,0.0000
BELIKPJO_02604,Cell wall & surface,0.6492,0.1870,0.0004,0.1631,0.0003,0.0000
BELIKPJO_02605,Cell wall & surface,0.4744,0.0581,0.0114,0.4558,0.0003,0.0000
BELIKPJO_02606,Cell wall & surface,0.8189,0.0157,0.0000,0.1641,0.0013,0.0000
BELIKPJO_02607,Cytoplasmic Membrane,0.0000,0.0335,0.0001,0.9659,0.0005,0.0000
BELIKPJO_02608,Cytoplasmic Membrane,0.0000,0.0001,0.0000,0.9992,0.0007,0.0000
BELIKPJO_02609,Cytoplasmic Membrane,0.0000,0.0035,0.0000,0.9933,0.0032,0.0000
BELIKPJO_02610,Extracellular,0.0006,0.9904,0.0000,0.0062,0.0028,0.0000
BELIKPJO_02611,Cytoplasmic Membrane,0.0002,0.0504,0.0001,0.9472,0.0021,0.0000
BELIKPJO_02612,Extracellular,0.0024,0.9737,0.0015,0.0126,0.0090,0.0008
BELIKPJO_02613,Extracellular,0.0008,0.7671,0.1162,0.0880,0.0262,0.0018
BELIKPJO_02614,Cytoplasmic,0.0002,0.0011,0.9873,0.0001,0.0112,0.0000
BELIKPJO_02616,Cytoplasmic Membrane,0.0000,0.0252,0.0043,0.9665,0.0039,0.0000
BELIKPJO_02617,Cell wall & surface,0.7242,0.0428,0.0050,0.2270,0.0010,0.0000
BELIKPJO_02618,Cytoplasmic Membrane,0.0000,0.0087,0.0001,0.9902,0.0010,0.0000
BELIKPJO_02619,Cytoplasmic,0.0008,0.0017,0.9964,0.0010,0.0001,0.0001
BELIKPJO_02620,Cytoplasmic Membrane,0.0008,0.1739,0.0001,0.8209,0.0043,0.0000
BELIKPJO_02621,Cytoplasmic Membrane,0.0000,0.0001,0.0001,0.9989,0.0009,0.0000
BELIKPJO_02622,Cytoplasmic Membrane,0.0001,0.0103,0.0001,0.9876,0.0019,0.0000
BELIKPJO_02623,Cytoplasmic Membrane,0.0000,0.0079,0.0000,0.9915,0.0007,0.0000
BELIKPJO_02624,Cytoplasmic,0.0002,0.0037,0.7479,0.1516,0.0261,0.0704
BELIKPJO_02625,Cytoplasmic Membrane,0.0001,0.0003,0.1416,0.6905,0.1166,0.0509
BELIKPJO_02626,Cytoplasmic,0.0000,0.0000,0.9907,0.0042,0.0029,0.0021
BELIKPJO_02627,Cytoplasmic Membrane,0.0002,0.0078,0.0029,0.9869,0.0022,0.0000
BELIKPJO_02628,Cytoplasmic,0.0060,0.0006,0.9138,0.0796,0.0001,0.0000
BELIKPJO_02629,Cytoplasmic,0.0070,0.0094,0.9420,0.0401,0.0011,0.0004
BELIKPJO_02630,Cytoplasmic,0.0010,0.0012,0.9908,0.0012,0.0056,0.0002
BELIKPJO_02631,Cytoplasmic,0.0000,0.0000,0.9986,0.0000,0.0014,0.0000
BELIKPJO_02632,Cytoplasmic,0.0002,0.0000,0.9995,0.0001,0.0001,0.0000
BELIKPJO_02633,Cytoplasmic Membrane,0.0000,0.0000,0.0000,0.9999,0.0001,0.0000
BELIKPJO_02634,Cytoplasmic Membrane,0.0000,0.0000,0.0000,0.9997,0.0003,0.0000
BELIKPJO_02635,Cytoplasmic Membrane,0.0018,0.0219,0.0000,0.8830,0.0926,0.0007
BELIKPJO_02636,Cytoplasmic Membrane,0.0001,0.0004,0.0915,0.8435,0.0643,0.0002
BELIKPJO_02637,Cytoplasmic,0.0020,0.0068,0.9882,0.0016,0.0010,0.0004
BELIKPJO_02638,Cytoplasmic,0.0001,0.0004,0.9960,0.0002,0.0031,0.0001
BELIKPJO_02639,Cytoplasmic,0.0000,0.0003,0.9992,0.0004,0.0001,0.0000
BELIKPJO_02640,Cytoplasmic,0.0001,0.0009,0.9948,0.0013,0.0029,0.0000
BELIKPJO_02641,Cytoplasmic,0.0000,0.0007,0.9165,0.0701,0.0108,0.0019
BELIKPJO_02642,Cytoplasmic,0.0000,0.0009,0.9988,0.0002,0.0001,0.0000
BELIKPJO_02643,Cytoplasmic Membrane,0.0000,0.0001,0.0000,0.9991,0.0007,0.0000
BELIKPJO_02644,Cytoplasmic,0.0002,0.0032,0.9804,0.0054,0.0098,0.0010
BELIKPJO_02645,Cytoplasmic,0.0000,0.0001,0.9864,0.0127,0.0007,0.0000
BELIKPJO_02646,Cytoplasmic,0.0004,0.0007,0.9983,0.0004,0.0001,0.0000
BELIKPJO_02647,Cytoplasmic,0.0003,0.0119,0.9838,0.0006,0.0029,0.0005
BELIKPJO_02648,Cytoplasmic,0.0007,0.0036,0.8316,0.1525,0.0111,0.0006
BELIKPJO_02649,Cytoplasmic,0.0001,0.0003,0.9759,0.0009,0.0227,0.0001
BELIKPJO_02650,Cytoplasmic,0.0003,0.0006,0.9983,0.0004,0.0002,0.0002
BELIKPJO_02651,Cytoplasmic Membrane,0.0000,0.0001,0.0000,0.9997,0.0002,0.0000
BELIKPJO_02652,Cytoplasmic Membrane,0.0001,0.0013,0.0035,0.9815,0.0136,0.0001
BELIKPJO_02653,Cytoplasmic,0.0001,0.0002,0.9983,0.0000,0.0009,0.0004
BELIKPJO_02654,Cytoplasmic,0.0002,0.0024,0.9893,0.0003,0.0009,0.0069
BELIKPJO_02655,Cytoplasmic,0.0000,0.0042,0.9891,0.0020,0.0010,0.0037
BELIKPJO_02656,Cytoplasmic,0.0004,0.0142,0.9819,0.0026,0.0008,0.0001
BELIKPJO_02657,Cytoplasmic,0.0000,0.0000,0.9996,0.0002,0.0002,0.0000
BELIKPJO_02658,Cytoplasmic,0.0005,0.0014,0.9414,0.0439,0.0124,0.0005
BELIKPJO_02659,Cytoplasmic,0.0000,0.0001,0.9995,0.0004,0.0000,0.0000
BELIKPJO_02660,Cytoplasmic,0.0000,0.0010,0.9919,0.0070,0.0000,0.0000
BELIKPJO_02661,Cytoplasmic,0.0142,0.0011,0.9736,0.0060,0.0051,0.0000
BELIKPJO_02662,Cytoplasmic,0.0002,0.0014,0.8423,0.0034,0.1499,0.0028
BELIKPJO_02663,Cytoplasmic Membrane,0.0007,0.0943,0.0000,0.9031,0.0018,0.0000
BELIKPJO_02664,Cytoplasmic,0.0006,0.0024,0.9789,0.0156,0.0024,0.0002
BELIKPJO_02665,Cytoplasmic,0.0002,0.0004,0.9945,0.0046,0.0002,0.0000
BELIKPJO_02666,Cytoplasmic,0.0021,0.0004,0.9817,0.0130,0.0028,0.0001
BELIKPJO_02667,Cytoplasmic,0.0002,0.0001,0.9832,0.0022,0.0137,0.0006
BELIKPJO_02668,Cytoplasmic,0.0006,0.0051,0.9892,0.0026,0.0013,0.0012
BELIKPJO_02669,Cytoplasmic,0.0016,0.0029,0.9864,0.0090,0.0002,0.0000
BELIKPJO_02670,Cytoplasmic,0.0034,0.0135,0.9339,0.0118,0.0329,0.0045
BELIKPJO_02671,Cytoplasmic,0.0001,0.0001,0.9980,0.0005,0.0013,0.0001
BELIKPJO_02672,Cytoplasmic,0.0009,0.0008,0.9972,0.0009,0.0001,0.0000
BELIKPJO_02673,Cytoplasmic,0.0005,0.0056,0.9798,0.0048,0.0079,0.0015
BELIKPJO_02674,Cytoplasmic,0.0000,0.0000,0.9994,0.0001,0.0001,0.0003
BELIKPJO_02675,Cytoplasmic Membrane,0.0000,0.0000,0.0000,0.9998,0.0001,0.0000
BELIKPJO_02676,Cytoplasmic,0.0004,0.0100,0.9229,0.0024,0.0121,0.0523
BELIKPJO_02677,Cytoplasmic,0.0029,0.0024,0.9623,0.0321,0.0002,0.0001
BELIKPJO_02678,Cytoplasmic,0.0003,0.0023,0.9786,0.0064,0.0121,0.0004
BELIKPJO_02679,Cytoplasmic,0.0002,0.0029,0.9872,0.0027,0.0062,0.0008
BELIKPJO_02680,Cytoplasmic,0.0000,0.0000,0.6769,0.0001,0.3229,0.0001
BELIKPJO_02681,Cytoplasmic Membrane,0.0000,0.0000,0.0000,0.9998,0.0002,0.0000
BELIKPJO_02682,Cytoplasmic,0.0000,0.0001,0.9907,0.0001,0.0089,0.0003
BELIKPJO_02683,Cytoplasmic,0.0003,0.0002,0.9943,0.0042,0.0010,0.0000
BELIKPJO_02684,Cytoplasmic,0.0003,0.0019,0.8122,0.0839,0.1012,0.0006
BELIKPJO_02685,Cytoplasmic,0.0003,0.0142,0.8349,0.1294,0.0181,0.0031
BELIKPJO_02686,Cytoplasmic Membrane,0.0027,0.0095,0.1636,0.8229,0.0014,0.0000
BELIKPJO_02687,Cytoplasmic Membrane,0.0001,0.0002,0.0349,0.9644,0.0005,0.0000
BELIKPJO_02688,Cytoplasmic Membrane,0.0036,0.1742,0.1830,0.6334,0.0053,0.0005
BELIKPJO_02689,Cytoplasmic,0.0001,0.0004,0.9949,0.0023,0.0023,0.0001
BELIKPJO_02690,Cytoplasmic Membrane,0.0089,0.0821,0.0010,0.9018,0.0061,0.0000
BELIKPJO_02691,Cytoplasmic Membrane,0.0000,0.0004,0.0000,0.9996,0.0000,0.0000
BELIKPJO_02692,Cytoplasmic,0.0001,0.0007,0.9957,0.0019,0.0014,0.0002
BELIKPJO_02693,Cytoplasmic,0.0559,0.0459,0.4809,0.0041,0.4132,0.0000
BELIKPJO_02694,Cytoplasmic,0.0008,0.0059,0.9613,0.0191,0.0080,0.0048
BELIKPJO_02695,Cytoplasmic,0.0001,0.0006,0.9802,0.0002,0.0185,0.0006
BELIKPJO_02696,Cytoplasmic,0.0004,0.0019,0.9904,0.0006,0.0061,0.0006
BELIKPJO_02697,Cytoplasmic,0.0001,0.0027,0.9927,0.0003,0.0012,0.0030
BELIKPJO_02698,Cytoplasmic,0.0006,0.0006,0.8239,0.1521,0.0222,0.0005
BELIKPJO_02699,Cytoplasmic,0.0002,0.0003,0.9979,0.0016,0.0000,0.0000
BELIKPJO_02700,Cytoplasmic,0.0008,0.0000,0.9965,0.0025,0.0002,0.0000
BELIKPJO_02701,Cytoplasmic,0.0004,0.0001,0.9989,0.0006,0.0001,0.0000
BELIKPJO_02702,Cytoplasmic Membrane,0.0001,0.0036,0.0001,0.9957,0.0005,0.0000
BELIKPJO_02703,Cytoplasmic,0.0022,0.0131,0.9767,0.0068,0.0011,0.0001
BELIKPJO_02704,Cytoplasmic,0.0001,0.0006,0.9679,0.0255,0.0050,0.0008
BELIKPJO_02705,Cytoplasmic Membrane,0.0007,0.0007,0.0014,0.9945,0.0026,0.0000
BELIKPJO_02706,Cytoplasmic,0.0002,0.0001,0.9944,0.0023,0.0030,0.0000
BELIKPJO_02707,Cytoplasmic Membrane,0.0002,0.0001,0.0000,0.9988,0.0010,0.0000
BELIKPJO_02708,Cytoplasmic Membrane,0.0000,0.0014,0.0000,0.9984,0.0001,0.0000
BELIKPJO_02709,Cytoplasmic Membrane,0.0001,0.0025,0.0000,0.9973,0.0001,0.0000
BELIKPJO_02710,Cytoplasmic,0.0000,0.0001,0.9954,0.0003,0.0041,0.0001
BELIKPJO_02711,Cytoplasmic Membrane,0.0000,0.0000,0.0000,0.9999,0.0001,0.0000
BELIKPJO_02712,Cytoplasmic Membrane,0.0000,0.0004,0.0002,0.9993,0.0001,0.0000
BELIKPJO_02713,Cytoplasmic Membrane,0.0000,0.0000,0.0001,0.9986,0.0013,0.0000
BELIKPJO_02714,Cytoplasmic Membrane,0.0000,0.0001,0.0011,0.9956,0.0032,0.0000
BELIKPJO_02715,Cytoplasmic,0.0002,0.1215,0.7527,0.1086,0.0166,0.0004
BELIKPJO_02716,Cytoplasmic,0.0000,0.0000,0.9977,0.0002,0.0021,0.0000
BELIKPJO_02717,Cytoplasmic,0.0000,0.0001,0.9988,0.0004,0.0003,0.0004
BELIKPJO_02718,Cytoplasmic,0.0051,0.0382,0.8497,0.0781,0.0282,0.0008
BELIKPJO_02719,Cytoplasmic,0.0004,0.0017,0.9673,0.0018,0.0280,0.0008
BELIKPJO_02720,Cytoplasmic Membrane,0.0000,0.0000,0.0001,0.9988,0.0010,0.0000
BELIKPJO_02721,Cytoplasmic Membrane,0.0005,0.0007,0.0006,0.9978,0.0004,0.0000
BELIKPJO_02722,Cytoplasmic,0.0009,0.0005,0.9968,0.0016,0.0003,0.0000
BELIKPJO_02723,Cytoplasmic,0.0000,0.0001,0.9850,0.0088,0.0053,0.0007
BELIKPJO_02724,Cytoplasmic Membrane,0.0003,0.0957,0.0000,0.9025,0.0014,0.0000
BELIKPJO_02725,Cytoplasmic,0.0003,0.0014,0.9483,0.0448,0.0047,0.0005
BELIKPJO_02726,Cytoplasmic,0.0000,0.0000,0.9989,0.0000,0.0002,0.0009
BELIKPJO_02727,Cytoplasmic Membrane,0.0000,0.0096,0.0001,0.9896,0.0006,0.0000
BELIKPJO_02728,Extracellular,0.1075,0.8096,0.0170,0.0553,0.0102,0.0005
BELIKPJO_02729,Cytoplasmic Membrane,0.0061,0.0681,0.0026,0.9069,0.0163,0.0000
BELIKPJO_02730,Cytoplasmic Membrane,0.0000,0.0000,0.0000,1.0000,0.0000,0.0000
BELIKPJO_02731,Cytoplasmic Membrane,0.0000,0.0000,0.0000,0.9999,0.0001,0.0000
BELIKPJO_02732,Cytoplasmic Membrane,0.0003,0.0003,0.2490,0.7473,0.0028,0.0004
BELIKPJO_02733,Cytoplasmic Membrane,0.0334,0.0611,0.0001,0.8365,0.0661,0.0029
BELIKPJO_02734,Cytoplasmic,0.0000,0.0001,0.9993,0.0004,0.0002,0.0000
BELIKPJO_02735,Cytoplasmic,0.0002,0.0009,0.9959,0.0024,0.0004,0.0002
BELIKPJO_02736,Cytoplasmic,0.0105,0.0221,0.9279,0.0384,0.0010,0.0000
BELIKPJO_02737,Cytoplasmic,0.0113,0.0089,0.9715,0.0082,0.0001,0.0000
BELIKPJO_02738,Cytoplasmic,0.0003,0.0136,0.9698,0.0020,0.0038,0.0105
BELIKPJO_02739,Cytoplasmic,0.0013,0.0029,0.8977,0.0179,0.0610,0.0192
BELIKPJO_02740,Cytoplasmic,0.0013,0.0223,0.6995,0.2738,0.0031,0.0000
BELIKPJO_02741,Cytoplasmic,0.0081,0.0153,0.9504,0.0065,0.0189,0.0009
BELIKPJO_02742,Cytoplasmic Membrane,0.0000,0.0010,0.0001,0.9988,0.0002,0.0000
BELIKPJO_02743,Cytoplasmic Membrane,0.0002,0.0592,0.0030,0.9375,0.0001,0.0000
BELIKPJO_02744,Cytoplasmic Membrane,0.0000,0.0000,0.0000,0.9999,0.0001,0.0000
BELIKPJO_02745,Cytoplasmic Membrane,0.0000,0.0000,0.0000,0.9999,0.0001,0.0000
BELIKPJO_02746,Cytoplasmic Membrane,0.0061,0.3472,0.0001,0.5684,0.0555,0.0227
BELIKPJO_02747,Cytoplasmic Membrane,0.0000,0.0003,0.0001,0.9990,0.0006,0.0000
BELIKPJO_02748,Cytoplasmic,0.0004,0.0048,0.9742,0.0199,0.0005,0.0002
BELIKPJO_02749,Cytoplasmic,0.0001,0.0022,0.9974,0.0002,0.0000,0.0000
BELIKPJO_02750,Cytoplasmic,0.0005,0.0017,0.9918,0.0019,0.0015,0.0026
BELIKPJO_02751,Cytoplasmic,0.0072,0.0142,0.9742,0.0031,0.0008,0.0005
BELIKPJO_02752,Cytoplasmic,0.0001,0.0002,0.9970,0.0025,0.0003,0.0000
BELIKPJO_02753,Extracellular,0.0075,0.4925,0.0090,0.4890,0.0019,0.0001
BELIKPJO_02754,Cytoplasmic,0.0000,0.0004,0.9927,0.0053,0.0016,0.0000
BELIKPJO_02755,Cytoplasmic,0.0002,0.0212,0.9717,0.0003,0.0017,0.0049
BELIKPJO_02756,Cytoplasmic,0.0001,0.0007,0.9813,0.0087,0.0073,0.0018
BELIKPJO_02757,Cytoplasmic Membrane,0.0001,0.0009,0.0011,0.9829,0.0148,0.0001
BELIKPJO_02758,Cytoplasmic,0.0003,0.0019,0.9851,0.0124,0.0000,0.0003
BELIKPJO_02759,Cytoplasmic Membrane,0.0003,0.0420,0.0002,0.9457,0.0118,0.0000
BELIKPJO_02760,Cytoplasmic,0.0284,0.0183,0.9476,0.0054,0.0003,0.0001
BELIKPJO_02761,Cytoplasmic Membrane,0.0013,0.0180,0.0001,0.9786,0.0021,0.0000
BELIKPJO_02762,Cytoplasmic Membrane,0.0001,0.0139,0.0012,0.9806,0.0033,0.0009
BELIKPJO_02763,Cytoplasmic Membrane,0.0046,0.0501,0.0001,0.9399,0.0053,0.0000
BELIKPJO_02764,Cytoplasmic Membrane,0.0000,0.0000,0.0000,0.9999,0.0001,0.0000
BELIKPJO_02765,Cytoplasmic Membrane,0.0001,0.0006,0.2120,0.7852,0.0019,0.0002
BELIKPJO_02766,Cytoplasmic Membrane,0.0000,0.0000,0.0008,0.9976,0.0016,0.0000
BELIKPJO_02767,Cytoplasmic Membrane,0.0000,0.0001,0.0019,0.9957,0.0023,0.0000
BELIKPJO_02768,Cytoplasmic Membrane,0.0002,0.0937,0.0004,0.8966,0.0090,0.0000
BELIKPJO_02769,Cytoplasmic,0.0000,0.0001,0.9985,0.0006,0.0007,0.0000
BELIKPJO_02770,Cytoplasmic,0.0000,0.0000,0.9934,0.0021,0.0042,0.0003
BELIKPJO_02771,Cytoplasmic Membrane,0.0000,0.0000,0.0000,0.9994,0.0005,0.0000
BELIKPJO_02772,Cytoplasmic,0.0008,0.0169,0.6387,0.3397,0.0036,0.0002
BELIKPJO_02773,Cytoplasmic Membrane,0.0000,0.0178,0.0005,0.9815,0.0002,0.0000
BELIKPJO_02774,Cytoplasmic Membrane,0.0000,0.0006,0.0000,0.9991,0.0002,0.0000
BELIKPJO_02775,Cytoplasmic,0.0019,0.0006,0.9891,0.0057,0.0020,0.0007
BELIKPJO_02776,Cytoplasmic,0.0197,0.0207,0.9262,0.0118,0.0140,0.0075
BELIKPJO_02777,Cytoplasmic Membrane,0.0000,0.0000,0.0000,0.9995,0.0005,0.0000
BELIKPJO_02778,Cell wall & surface,0.7479,0.1159,0.0008,0.1352,0.0001,0.0000
BELIKPJO_02779,Cytoplasmic,0.0000,0.0001,0.9997,0.0001,0.0001,0.0000
BELIKPJO_02780,Cytoplasmic,0.0002,0.0002,0.9797,0.0009,0.0188,0.0001
BELIKPJO_02781,Cytoplasmic,0.0000,0.0000,0.9989,0.0003,0.0008,0.0000
BELIKPJO_02782,Cytoplasmic,0.0000,0.0001,0.9766,0.0022,0.0210,0.0001
BELIKPJO_02783,Cytoplasmic,0.0000,0.0000,0.9898,0.0005,0.0096,0.0000
BELIKPJO_02784,Cytoplasmic,0.0000,0.0001,0.9976,0.0002,0.0020,0.0000
BELIKPJO_02785,Cytoplasmic Membrane,0.0000,0.0007,0.0001,0.9981,0.0011,0.0000
BELIKPJO_02786,Cytoplasmic,0.0005,0.3490,0.6431,0.0035,0.0038,0.0001
BELIKPJO_02787,Cytoplasmic,0.0005,0.0035,0.9933,0.0017,0.0010,0.0000
BELIKPJO_02788,Cytoplasmic Membrane,0.0000,0.0880,0.0001,0.9106,0.0012,0.0000
BELIKPJO_02789,Cytoplasmic,0.0028,0.0076,0.9753,0.0095,0.0048,0.0001
BELIKPJO_02790,Cytoplasmic,0.0002,0.0008,0.9675,0.0305,0.0010,0.0001
BELIKPJO_02791,Cytoplasmic Membrane,0.0000,0.0070,0.0002,0.9922,0.0006,0.0000
BELIKPJO_02792,Cytoplasmic,0.0004,0.1820,0.7386,0.0673,0.0116,0.0001
BELIKPJO_02793,Cytoplasmic,0.0001,0.0034,0.9568,0.0375,0.0019,0.0001
BELIKPJO_02794,Cytoplasmic,0.0003,0.0326,0.9338,0.0259,0.0070,0.0003
BELIKPJO_02795,Cytoplasmic,0.0003,0.2449,0.5446,0.0074,0.1996,0.0032
BELIKPJO_02796,Cytoplasmic,0.0007,0.0067,0.8879,0.0236,0.0742,0.0069
BELIKPJO_02797,Cytoplasmic,0.0001,0.0124,0.9384,0.0466,0.0024,0.0001
BELIKPJO_02798,Extracellular,0.0021,0.7486,0.0002,0.2329,0.0163,0.0000
BELIKPJO_02799,Extracellular,0.0011,0.6772,0.0187,0.2375,0.0652,0.0003
BELIKPJO_02800,Extracellular,0.0090,0.4419,0.2580,0.2763,0.0146,0.0002
BELIKPJO_02801,Extracellular,0.1694,0.5455,0.0681,0.0141,0.2021,0.0009
BELIKPJO_02802,Cytoplasmic Membrane,0.0000,0.0002,0.0001,0.9986,0.0011,0.0000
BELIKPJO_02803,Extracellular,0.0009,0.9989,0.0001,0.0001,0.0000,0.0000
BELIKPJO_02804,Cytoplasmic,0.0002,0.0002,0.9978,0.0013,0.0005,0.0000
BELIKPJO_02805,Cytoplasmic,0.0000,0.0000,0.9999,0.0001,0.0000,0.0000
BELIKPJO_02806,Cytoplasmic,0.0002,0.0050,0.9930,0.0014,0.0002,0.0001
BELIKPJO_02807,Cytoplasmic,0.0012,0.0012,0.9928,0.0045,0.0003,0.0001
BELIKPJO_02808,Cytoplasmic,0.0001,0.0002,0.8236,0.1697,0.0047,0.0017
BELIKPJO_02809,Cytoplasmic,0.0001,0.0002,0.9968,0.0023,0.0004,0.0001
BELIKPJO_02810,Cytoplasmic Membrane,0.0000,0.0004,0.0000,0.9988,0.0007,0.0000
BELIKPJO_02811,Cytoplasmic Membrane,0.0000,0.0001,0.0000,0.9996,0.0004,0.0000
BELIKPJO_02812,Cytoplasmic,0.0006,0.0161,0.9796,0.0024,0.0014,0.0000
BELIKPJO_02813,Cytoplasmic,0.0004,0.0125,0.9537,0.0300,0.0033,0.0000
BELIKPJO_02814,Cytoplasmic,0.0000,0.1918,0.7145,0.0385,0.0550,0.0001
BELIKPJO_02815,Cytoplasmic Membrane,0.0000,0.0000,0.0000,0.9999,0.0001,0.0000
BELIKPJO_02816,Cytoplasmic,0.0004,0.0001,0.9981,0.0014,0.0000,0.0000
BELIKPJO_02817,Cytoplasmic,0.0000,0.0001,0.9938,0.0060,0.0002,0.0000
BELIKPJO_02818,Cytoplasmic,0.0000,0.0000,0.9941,0.0010,0.0049,0.0000
BELIKPJO_02819,Cytoplasmic,0.0007,0.0012,0.9624,0.0017,0.0334,0.0005
BELIKPJO_02820,Cytoplasmic,0.0001,0.0000,0.9931,0.0002,0.0065,0.0001
BELIKPJO_02821,Cytoplasmic,0.0000,0.0014,0.9965,0.0021,0.0000,0.0000
BELIKPJO_02822,Cytoplasmic,0.0119,0.0023,0.9630,0.0165,0.0046,0.0017
BELIKPJO_02823,Cytoplasmic,0.0018,0.0010,0.9946,0.0016,0.0006,0.0004
BELIKPJO_02825,Cytoplasmic,0.0000,0.0026,0.9638,0.0050,0.0281,0.0005
BELIKPJO_02826,Cytoplasmic,0.0007,0.0021,0.9448,0.0479,0.0039,0.0005
BELIKPJO_02827,Cytoplasmic,0.0074,0.0405,0.8644,0.0822,0.0053,0.0002
BELIKPJO_02828,Cytoplasmic,0.0000,0.0004,0.9990,0.0001,0.0004,0.0001
BELIKPJO_02829,Cytoplasmic,0.0005,0.0367,0.8102,0.1511,0.0012,0.0003
BELIKPJO_02830,Extracellular,0.0007,0.6979,0.0005,0.2955,0.0054,0.0000
BELIKPJO_02831,Cytoplasmic Membrane,0.0002,0.0013,0.2784,0.7171,0.0030,0.0001
BELIKPJO_02832,Cytoplasmic Membrane,0.0000,0.0000,0.0000,1.0000,0.0000,0.0000
BELIKPJO_02833,Cytoplasmic Membrane,0.0000,0.0003,0.0001,0.9969,0.0027,0.0000
BELIKPJO_02834,Cytoplasmic Membrane,0.0001,0.0050,0.0003,0.9629,0.0316,0.0001
BELIKPJO_02835,Cytoplasmic,0.0073,0.0261,0.9307,0.0157,0.0196,0.0005
BELIKPJO_02838,Cytoplasmic,0.0004,0.1811,0.7947,0.0023,0.0211,0.0004
BELIKPJO_02839,Cytoplasmic,0.0005,0.0041,0.9235,0.0702,0.0017,0.0000
BELIKPJO_02840,Cytoplasmic,0.0017,0.0021,0.7482,0.2323,0.0141,0.0015
BELIKPJO_02841,Cytoplasmic,0.0000,0.0002,0.9943,0.0011,0.0043,0.0001
BELIKPJO_02842,Cytoplasmic,0.0005,0.0027,0.9926,0.0003,0.0039,0.0001
BELIKPJO_02843,Cytoplasmic,0.0002,0.0002,0.9734,0.0042,0.0209,0.0011
BELIKPJO_02844,Cytoplasmic,0.0005,0.1246,0.5388,0.2435,0.0884,0.0042
BELIKPJO_02845,Cytoplasmic Membrane,0.0001,0.0005,0.0000,0.9800,0.0192,0.0000
BELIKPJO_02846,Cytoplasmic Membrane,0.0000,0.0006,0.0000,0.9980,0.0014,0.0000
BELIKPJO_02847,Cytoplasmic,0.0035,0.0498,0.8558,0.0743,0.0163,0.0002
BELIKPJO_02848,Cytoplasmic Membrane,0.0000,0.0000,0.0000,0.9999,0.0001,0.0000
BELIKPJO_02849,Cytoplasmic Membrane,0.0000,0.0000,0.0000,1.0000,0.0000,0.0000
BELIKPJO_02850,Cytoplasmic Membrane,0.0594,0.1146,0.0001,0.7998,0.0068,0.0194
BELIKPJO_02851,Cytoplasmic,0.0001,0.0001,0.9981,0.0014,0.0001,0.0002
BELIKPJO_02852,Cytoplasmic,0.0000,0.0004,0.9991,0.0002,0.0001,0.0001
BELIKPJO_02853,Cytoplasmic,0.0002,0.0043,0.9942,0.0005,0.0005,0.0004
BELIKPJO_02854,Cytoplasmic Membrane,0.0000,0.0000,0.0000,0.9999,0.0001,0.0000
BELIKPJO_02855,Cytoplasmic Membrane,0.0000,0.0000,0.0000,0.9998,0.0002,0.0000
BELIKPJO_02856,Cytoplasmic,0.0011,0.0027,0.8742,0.0258,0.0893,0.0069
BELIKPJO_02857,Cytoplasmic,0.0002,0.0011,0.9752,0.0057,0.0154,0.0025
BELIKPJO_02858,Cytoplasmic,0.0002,0.0005,0.9450,0.0138,0.0335,0.0069
BELIKPJO_02859,Cytoplasmic,0.0002,0.0001,0.9747,0.0031,0.0215,0.0005
BELIKPJO_02860,Cytoplasmic,0.0013,0.0248,0.9661,0.0055,0.0022,0.0002
BELIKPJO_02861,Cytoplasmic,0.0009,0.0018,0.9845,0.0069,0.0052,0.0008
BELIKPJO_02862,Cytoplasmic,0.0001,0.0002,0.9941,0.0007,0.0040,0.0010
BELIKPJO_02863,Cytoplasmic,0.0000,0.0001,0.9996,0.0001,0.0001,0.0001
BELIKPJO_02864,Cytoplasmic,0.0001,0.0000,0.9904,0.0019,0.0076,0.0001
BELIKPJO_02865,Cytoplasmic Membrane,0.0223,0.3036,0.0006,0.6323,0.0407,0.0006
BELIKPJO_02866,Cytoplasmic,0.0004,0.0017,0.9890,0.0040,0.0036,0.0014
BELIKPJO_02867,Cytoplasmic,0.0008,0.0012,0.9894,0.0035,0.0048,0.0003
BELIKPJO_02868,Cytoplasmic Membrane,0.0000,0.0000,0.0000,0.9996,0.0003,0.0000
BELIKPJO_02869,Cytoplasmic Membrane,0.0000,0.0002,0.0002,0.9993,0.0003,0.0000
BELIKPJO_02870,Cytoplasmic,0.0000,0.0000,0.9998,0.0000,0.0001,0.0000
BELIKPJO_02871,Cytoplasmic,0.0051,0.0083,0.9490,0.0228,0.0100,0.0049
BELIKPJO_02872,Cytoplasmic,0.0002,0.0038,0.9956,0.0001,0.0003,0.0000
BELIKPJO_02873,Cytoplasmic Membrane,0.0000,0.0000,0.0000,0.9987,0.0013,0.0000
BELIKPJO_02874,Cytoplasmic,0.0004,0.0015,0.9786,0.0096,0.0082,0.0017
BELIKPJO_02875,Cytoplasmic,0.0004,0.0023,0.7771,0.1901,0.0296,0.0004
BELIKPJO_02876,Cytoplasmic,0.0000,0.0001,0.9991,0.0003,0.0003,0.0002
BELIKPJO_02877,Cytoplasmic,0.0011,0.0024,0.9270,0.0270,0.0376,0.0049
BELIKPJO_02878,Cytoplasmic Membrane,0.0000,0.0006,0.0004,0.9986,0.0004,0.0000
BELIKPJO_02879,Cytoplasmic Membrane,0.0000,0.0001,0.0000,0.9998,0.0001,0.0000
BELIKPJO_02880,Cytoplasmic,0.0006,0.0000,0.9940,0.0040,0.0014,0.0000
BELIKPJO_02881,Cytoplasmic,0.0001,0.0005,0.9677,0.0314,0.0003,0.0000
BELIKPJO_02882,Cytoplasmic,0.0000,0.0000,0.9985,0.0000,0.0014,0.0001
BELIKPJO_02883,Cytoplasmic,0.0002,0.0001,0.9990,0.0006,0.0000,0.0000
BELIKPJO_02884,Cytoplasmic,0.0000,0.0000,0.9998,0.0001,0.0000,0.0000
BELIKPJO_02885,Cytoplasmic,0.0007,0.0025,0.9858,0.0015,0.0086,0.0010
BELIKPJO_02886,Cytoplasmic Membrane,0.0000,0.0011,0.0011,0.9971,0.0007,0.0000
BELIKPJO_02887,Cytoplasmic Membrane,0.0000,0.0000,0.0000,0.9999,0.0001,0.0000
BELIKPJO_02888,Cytoplasmic,0.0025,0.0043,0.9765,0.0144,0.0022,0.0002
BELIKPJO_02889,Cytoplasmic Membrane,0.0000,0.0001,0.0001,0.9990,0.0007,0.0000
BELIKPJO_02890,Cytoplasmic,0.0004,0.0003,0.9970,0.0021,0.0001,0.0000
BELIKPJO_02891,Cytoplasmic,0.0000,0.0012,0.9956,0.0005,0.0005,0.0022
BELIKPJO_02892,Cytoplasmic,0.0006,0.0032,0.9607,0.0250,0.0085,0.0020
BELIKPJO_02893,Cytoplasmic,0.0007,0.0018,0.8590,0.0430,0.0157,0.0798
BELIKPJO_02894,Cytoplasmic,0.0001,0.0001,0.9969,0.0016,0.0013,0.0001
BELIKPJO_02895,Cytoplasmic,0.0001,0.0020,0.9864,0.0015,0.0096,0.0003
BELIKPJO_02896,Cytoplasmic,0.0003,0.0015,0.9958,0.0012,0.0009,0.0003
BELIKPJO_02897,Cytoplasmic,0.0000,0.0002,0.9985,0.0001,0.0012,0.0000
BELIKPJO_02898,Cytoplasmic,0.0005,0.0030,0.9952,0.0004,0.0003,0.0005
BELIKPJO_02899,Cytoplasmic,0.0007,0.0012,0.9890,0.0063,0.0027,0.0001
BELIKPJO_02900,Cytoplasmic Membrane,0.0065,0.0410,0.0011,0.9456,0.0054,0.0004
BELIKPJO_02901,Cytoplasmic Membrane,0.0000,0.0000,0.0000,0.9999,0.0001,0.0000
BELIKPJO_02902,Cytoplasmic,0.0000,0.0001,0.6775,0.3208,0.0009,0.0007
