locus_tag	ftype	length_bp	gene	EC_number	COG	product
IFBJBKOH_00001	CDS	603				hypothetical protein
IFBJBKOH_00001	gene	603				
IFBJBKOH_00002	CDS	711	livF_1		COG0410	High-affinity branched-chain amino acid transport ATP-binding protein LivF
IFBJBKOH_00002	gene	711	livF_1			
IFBJBKOH_00003	CDS	759	lptB_1	3.6.3.-	COG1137	Lipopolysaccharide export system ATP-binding protein LptB
IFBJBKOH_00003	gene	759	lptB_1			
IFBJBKOH_00004	CDS	1074				hypothetical protein
IFBJBKOH_00004	gene	1074				
IFBJBKOH_00005	CDS	882	livH_1		COG0559	High-affinity branched-chain amino acid transport system permease protein LivH
IFBJBKOH_00005	gene	882	livH_1			
IFBJBKOH_00006	CDS	1224	braC_1		COG0683	Leucine-, isoleucine-, valine-, threonine-, and alanine-binding protein
IFBJBKOH_00006	gene	1224	braC_1			
IFBJBKOH_00007	CDS	1014	gpsA	1.1.1.94		Glycerol-3-phosphate dehydrogenase [NAD(P)+]
IFBJBKOH_00007	gene	1014	gpsA			
IFBJBKOH_00008	CDS	627	plsY	2.3.1.-	COG0344	Glycerol-3-phosphate acyltransferase
IFBJBKOH_00008	gene	627	plsY			
IFBJBKOH_00009	CDS	1329	der			GTPase Der
IFBJBKOH_00009	gene	1329	der			
IFBJBKOH_00010	CDS	195				hypothetical protein
IFBJBKOH_00010	gene	195				
IFBJBKOH_00011	CDS	1209	prs_1	2.7.6.1	COG0462	Ribose-phosphate pyrophosphokinase
IFBJBKOH_00011	gene	1209	prs_1			
IFBJBKOH_00012	CDS	168				hypothetical protein
IFBJBKOH_00012	gene	168				
IFBJBKOH_00013	CDS	855		1.10.3.-	COG1496	Polyphenol oxidase
IFBJBKOH_00013	gene	855				
IFBJBKOH_00014	CDS	342				hypothetical protein
IFBJBKOH_00014	gene	342				
IFBJBKOH_00015	CDS	663	rnhB	3.1.26.4	COG0164	Ribonuclease HII
IFBJBKOH_00015	gene	663	rnhB			
IFBJBKOH_00016	CDS	867	rbgA		COG1161	Ribosome biogenesis GTPase A
IFBJBKOH_00016	gene	867	rbgA			
IFBJBKOH_00017	CDS	552	sipS_1	3.4.21.89	COG0681	Signal peptidase I S
IFBJBKOH_00017	gene	552	sipS_1			
IFBJBKOH_00018	CDS	348	rplS		COG0335	50S ribosomal protein L19
IFBJBKOH_00018	gene	348	rplS			
IFBJBKOH_00019	CDS	1293				hypothetical protein
IFBJBKOH_00019	gene	1293				
IFBJBKOH_00020	CDS	918	trmD	2.1.1.228		tRNA (guanine-N(1)-)-methyltransferase
IFBJBKOH_00020	gene	918	trmD			
IFBJBKOH_00021	CDS	2673	mutS_1		COG0249	DNA mismatch repair protein MutS
IFBJBKOH_00021	gene	2673	mutS_1			
IFBJBKOH_00022	CDS	1509	miaB	2.8.4.3	COG0621	tRNA-2-methylthio-N(6)-dimethylallyladenosine synthase
IFBJBKOH_00022	gene	1509	miaB			
IFBJBKOH_00023	CDS	1224				hypothetical protein
IFBJBKOH_00023	gene	1224				
IFBJBKOH_00024	CDS	1047				hypothetical protein
IFBJBKOH_00024	gene	1047				
IFBJBKOH_00025	CDS	1038				hypothetical protein
IFBJBKOH_00025	gene	1038				
IFBJBKOH_00026	CDS	1572	xylG_1	3.6.3.17	COG1129	Xylose import ATP-binding protein XylG
IFBJBKOH_00026	gene	1572	xylG_1			
IFBJBKOH_00027	CDS	375	yesS_1		COG2207	HTH-type transcriptional regulator YesS
IFBJBKOH_00027	gene	375	yesS_1			
IFBJBKOH_00028	CDS	915	melR_1			Melibiose operon regulatory protein
IFBJBKOH_00028	gene	915	melR_1			
IFBJBKOH_00029	CDS	1263	dinB_1	2.7.7.7	COG0389	DNA polymerase IV
IFBJBKOH_00029	gene	1263	dinB_1			
IFBJBKOH_00030	CDS	270				hypothetical protein
IFBJBKOH_00030	gene	270				
IFBJBKOH_00031	CDS	669				hypothetical protein
IFBJBKOH_00031	gene	669				
IFBJBKOH_00032	CDS	1596	hcp	1.7.99.1	COG1151	Hydroxylamine reductase
IFBJBKOH_00032	gene	1596	hcp			
IFBJBKOH_00033	CDS	771				hypothetical protein
IFBJBKOH_00033	gene	771				
IFBJBKOH_00034	CDS	663	sipS_2	3.4.21.89	COG0681	Signal peptidase I S
IFBJBKOH_00034	gene	663	sipS_2			
IFBJBKOH_00035	CDS	1266	proA_1	1.2.1.41	COG0014	Gamma-glutamyl phosphate reductase
IFBJBKOH_00035	gene	1266	proA_1			
IFBJBKOH_00036	CDS	222				hypothetical protein
IFBJBKOH_00036	gene	222				
IFBJBKOH_00037	CDS	864	proB	2.7.2.11	COG0263	Glutamate 5-kinase 1
IFBJBKOH_00037	gene	864	proB			
IFBJBKOH_00038	CDS	1707				hypothetical protein
IFBJBKOH_00038	gene	1707				
IFBJBKOH_00039	CDS	1326			COG2081	putative protein
IFBJBKOH_00039	gene	1326				
IFBJBKOH_00040	CDS	360				hypothetical protein
IFBJBKOH_00040	gene	360				
IFBJBKOH_00041	CDS	555		4.2.1.112		Acetylene hydratase
IFBJBKOH_00041	gene	555				
IFBJBKOH_00042	CDS	162				hypothetical protein
IFBJBKOH_00042	gene	162				
IFBJBKOH_00043	CDS	399				hypothetical protein
IFBJBKOH_00043	gene	399				
IFBJBKOH_00044	CDS	1698	murJ		COG2244	Lipid II flippase MurJ
IFBJBKOH_00044	gene	1698	murJ			
IFBJBKOH_00045	CDS	1182	yerB			Putative lipoprotein YerB
IFBJBKOH_00045	gene	1182	yerB			
IFBJBKOH_00046	CDS	498	ybeY	3.1.-.-	COG0319	Endoribonuclease YbeY
IFBJBKOH_00046	gene	498	ybeY			
IFBJBKOH_00047	CDS	999			COG1702	PhoH-like protein
IFBJBKOH_00047	gene	999				
IFBJBKOH_00048	CDS	1260				hypothetical protein
IFBJBKOH_00048	gene	1260				
IFBJBKOH_00049	CDS	270				hypothetical protein
IFBJBKOH_00049	gene	270				
IFBJBKOH_00050	CDS	990				hypothetical protein
IFBJBKOH_00050	gene	990				
IFBJBKOH_00051	CDS	522				hypothetical protein
IFBJBKOH_00051	gene	522				
IFBJBKOH_00052	CDS	774	kduD_1	1.1.1.127		2-dehydro-3-deoxy-D-gluconate 5-dehydrogenase
IFBJBKOH_00052	gene	774	kduD_1			
IFBJBKOH_00053	CDS	1041	yjmD_1	1.-.-.-	COG1063	putative zinc-type alcohol dehydrogenase-like protein YjmD
IFBJBKOH_00053	gene	1041	yjmD_1			
IFBJBKOH_00054	CDS	1287	dctM_1		COG1593	C4-dicarboxylate TRAP transporter large permease protein DctM
IFBJBKOH_00054	gene	1287	dctM_1			
IFBJBKOH_00055	CDS	489				hypothetical protein
IFBJBKOH_00055	gene	489				
IFBJBKOH_00056	CDS	1011			COG1638	Solute-binding protein
IFBJBKOH_00056	gene	1011				
IFBJBKOH_00057	CDS	1458				hypothetical protein
IFBJBKOH_00057	gene	1458				
IFBJBKOH_00058	CDS	1248		4.2.1.-	COG4948	D-galactonate dehydratase family member
IFBJBKOH_00058	gene	1248				
IFBJBKOH_00059	CDS	777	lutR_1		COG2186	HTH-type transcriptional regulator LutR
IFBJBKOH_00059	gene	777	lutR_1			
IFBJBKOH_00060	CDS	297				hypothetical protein
IFBJBKOH_00060	gene	297				
IFBJBKOH_00061	CDS	192				hypothetical protein
IFBJBKOH_00061	gene	192				
IFBJBKOH_00062	CDS	729			COG0217	putative transcriptional regulatory protein
IFBJBKOH_00062	gene	729				
IFBJBKOH_00063	CDS	1383	yeeO_1		COG0534	putative FMN/FAD exporter YeeO
IFBJBKOH_00063	gene	1383	yeeO_1			
IFBJBKOH_00064	CDS	1515				hypothetical protein
IFBJBKOH_00064	gene	1515				
IFBJBKOH_00065	CDS	141				hypothetical protein
IFBJBKOH_00065	gene	141				
IFBJBKOH_00066	CDS	348	ndoA_1	3.1.27.-	COG2337	Endoribonuclease EndoA
IFBJBKOH_00066	gene	348	ndoA_1			
IFBJBKOH_00067	CDS	1191	alr2	5.1.1.1	COG0787	Alanine racemase 2
IFBJBKOH_00067	gene	1191	alr2			
IFBJBKOH_00068	CDS	1542	nnr		COG0062	Bifunctional NAD(P)H-hydrate repair enzyme Nnr
IFBJBKOH_00068	gene	1542	nnr			
IFBJBKOH_00069	CDS	420	acpS	2.7.8.7	COG0736	Holo-[acyl-carrier-protein] synthase
IFBJBKOH_00069	gene	420	acpS			
IFBJBKOH_00070	CDS	663	rex		COG2344	Redox-sensing transcriptional repressor Rex
IFBJBKOH_00070	gene	663	rex			
IFBJBKOH_00071	CDS	1953	ybiT_1		COG0488	putative ABC transporter ATP-binding protein YbiT
IFBJBKOH_00071	gene	1953	ybiT_1			
IFBJBKOH_00072	CDS	267				hypothetical protein
IFBJBKOH_00072	gene	267				
IFBJBKOH_00073	CDS	126				hypothetical protein
IFBJBKOH_00073	gene	126				
IFBJBKOH_00074	CDS	1278	purA	6.3.4.4	COG0104	Adenylosuccinate synthetase
IFBJBKOH_00074	gene	1278	purA			
IFBJBKOH_00075	CDS	150				hypothetical protein
IFBJBKOH_00075	gene	150				
IFBJBKOH_00076	CDS	921	cynR_1			HTH-type transcriptional regulator CynR
IFBJBKOH_00076	gene	921	cynR_1			
IFBJBKOH_00077	CDS	1437	purB	4.3.2.2	COG0015	Adenylosuccinate lyase
IFBJBKOH_00077	gene	1437	purB			
IFBJBKOH_00078	CDS	1449	purF_1	2.4.2.14	COG0034	Amidophosphoribosyltransferase
IFBJBKOH_00078	gene	1449	purF_1			
IFBJBKOH_00079	CDS	708	purC	6.3.2.6	COG0152	Phosphoribosylaminoimidazole-succinocarboxamide synthase
IFBJBKOH_00079	gene	708	purC			
IFBJBKOH_00080	CDS	465				hypothetical protein
IFBJBKOH_00080	gene	465				
IFBJBKOH_00081	CDS	333				hypothetical protein
IFBJBKOH_00081	gene	333				
IFBJBKOH_00082	CDS	759	dapB	1.17.1.8		4-hydroxy-tetrahydrodipicolinate reductase
IFBJBKOH_00082	gene	759	dapB			
IFBJBKOH_00083	CDS	885	dapA_1	4.3.3.7	COG0329	4-hydroxy-tetrahydrodipicolinate synthase
IFBJBKOH_00083	gene	885	dapA_1			
IFBJBKOH_00084	CDS	498	btuR	2.5.1.17	COG2109	Cob(I)yrinic acid a,c-diamide adenosyltransferase
IFBJBKOH_00084	gene	498	btuR			
IFBJBKOH_00085	CDS	630	ssbB		COG0629	Single-stranded DNA-binding protein B
IFBJBKOH_00085	gene	630	ssbB			
IFBJBKOH_00086	CDS	1833	typA		COG1217	GTP-binding protein TypA/BipA
IFBJBKOH_00086	gene	1833	typA			
IFBJBKOH_00087	CDS	486	ndhI_1	1.6.5.11		NAD(P)H-quinone oxidoreductase subunit I, chloroplastic
IFBJBKOH_00087	gene	486	ndhI_1			
IFBJBKOH_00088	CDS	165				hypothetical protein
IFBJBKOH_00088	gene	165				
IFBJBKOH_00089	CDS	651	yigZ		COG1739	IMPACT family member YigZ
IFBJBKOH_00089	gene	651	yigZ			
IFBJBKOH_00090	CDS	2694	mrcA		COG5009	Penicillin-binding protein 1A
IFBJBKOH_00090	gene	2694	mrcA			
IFBJBKOH_00091	CDS	354				hypothetical protein
IFBJBKOH_00091	gene	354				
IFBJBKOH_00092	CDS	1023	spoVAD			Stage V sporulation protein AD
IFBJBKOH_00092	gene	1023	spoVAD			
IFBJBKOH_00093	CDS	600	ssuA_1		COG0715	Putative aliphatic sulfonates-binding protein
IFBJBKOH_00093	gene	600	ssuA_1			
IFBJBKOH_00094	CDS	672	opuAA	3.6.3.32	COG4175	Glycine betaine transport ATP-binding protein OpuAA
IFBJBKOH_00094	gene	672	opuAA			
IFBJBKOH_00095	CDS	651				hypothetical protein
IFBJBKOH_00095	gene	651				
IFBJBKOH_00096	CDS	456				hypothetical protein
IFBJBKOH_00096	gene	456				
IFBJBKOH_00097	CDS	444				hypothetical protein
IFBJBKOH_00097	gene	444				
IFBJBKOH_00098	CDS	627				hypothetical protein
IFBJBKOH_00098	gene	627				
IFBJBKOH_00099	CDS	246				hypothetical protein
IFBJBKOH_00099	gene	246				
IFBJBKOH_00100	CDS	714	sigF		COG1191	RNA polymerase sigma-F factor
IFBJBKOH_00100	gene	714	sigF			
IFBJBKOH_00101	CDS	435	spoIIAB	2.7.11.1	COG2172	Anti-sigma F factor
IFBJBKOH_00101	gene	435	spoIIAB			
IFBJBKOH_00102	CDS	342	spoIIAA			Anti-sigma F factor antagonist
IFBJBKOH_00102	gene	342	spoIIAA			
IFBJBKOH_00103	CDS	1311	lapB_1			Lipopolysaccharide assembly protein B
IFBJBKOH_00103	gene	1311	lapB_1			
IFBJBKOH_00104	CDS	147				hypothetical protein
IFBJBKOH_00104	gene	147				
IFBJBKOH_00105	CDS	1383	fpgS	6.3.2.17		Folylpolyglutamate synthase
IFBJBKOH_00105	gene	1383	fpgS			
IFBJBKOH_00106	CDS	918				hypothetical protein
IFBJBKOH_00106	gene	918				
IFBJBKOH_00107	CDS	1212				hypothetical protein
IFBJBKOH_00107	gene	1212				
IFBJBKOH_00108	CDS	2640	valS	6.1.1.9		Valine--tRNA ligase
IFBJBKOH_00108	gene	2640	valS			
IFBJBKOH_00109	CDS	483	proS_1	6.1.1.15		Proline--tRNA ligase
IFBJBKOH_00109	gene	483	proS_1			
IFBJBKOH_00110	CDS	813				hypothetical protein
IFBJBKOH_00110	gene	813				
IFBJBKOH_00111	CDS	1224				hypothetical protein
IFBJBKOH_00111	gene	1224				
IFBJBKOH_00112	CDS	3591				hypothetical protein
IFBJBKOH_00112	gene	3591				
IFBJBKOH_00113	CDS	1155		1.1.1.38		NAD-dependent malic enzyme
IFBJBKOH_00113	gene	1155				
IFBJBKOH_00114	CDS	519				hypothetical protein
IFBJBKOH_00114	gene	519				
IFBJBKOH_00115	CDS	855				hypothetical protein
IFBJBKOH_00115	gene	855				
IFBJBKOH_00116	CDS	582	engB		COG0218	putative GTP-binding protein EngB
IFBJBKOH_00116	gene	582	engB			
IFBJBKOH_00117	CDS	2310	lon1_1	3.4.21.53	COG0466	Lon protease 1
IFBJBKOH_00117	gene	2310	lon1_1			
IFBJBKOH_00118	CDS	1320	clpX_1		COG1219	ATP-dependent Clp protease ATP-binding subunit ClpX
IFBJBKOH_00118	gene	1320	clpX_1			
IFBJBKOH_00119	CDS	582	clpP	3.4.21.92	COG0740	ATP-dependent Clp protease proteolytic subunit
IFBJBKOH_00119	gene	582	clpP			
IFBJBKOH_00120	CDS	1287	tig_1	5.2.1.8	COG0544	Trigger factor
IFBJBKOH_00120	gene	1287	tig_1			
IFBJBKOH_00121	CDS	555	yajL	3.1.2.-	COG0693	Protein/nucleic acid deglycase 3
IFBJBKOH_00121	gene	555	yajL			
IFBJBKOH_00122	CDS	453		3.6.1.25	COG2954	Inorganic triphosphatase
IFBJBKOH_00122	gene	453				
IFBJBKOH_00123	CDS	120				hypothetical protein
IFBJBKOH_00123	gene	120				
IFBJBKOH_00124	CDS	1656	mglC_1		COG4211	Galactoside transport system permease protein MglC
IFBJBKOH_00124	gene	1656	mglC_1			
IFBJBKOH_00125	CDS	1509	mglA_1	3.6.3.17	COG1129	Galactose/methyl galactoside import ATP-binding protein MglA
IFBJBKOH_00125	gene	1509	mglA_1			
IFBJBKOH_00126	CDS	1341	mglB_1		COG1879	Glucose/galactose-binding lipoprotein
IFBJBKOH_00126	gene	1341	mglB_1			
IFBJBKOH_00127	CDS	1038	mglB_2		COG1879	D-galactose-binding periplasmic protein
IFBJBKOH_00127	gene	1038	mglB_2			
IFBJBKOH_00128	CDS	969				hypothetical protein
IFBJBKOH_00128	gene	969				
IFBJBKOH_00129	CDS	1797	btsS_1	2.7.13.3	COG3275	Sensor histidine kinase BtsS
IFBJBKOH_00129	gene	1797	btsS_1			
IFBJBKOH_00130	CDS	1638			COG4753	putative response regulatory protein
IFBJBKOH_00130	gene	1638				
IFBJBKOH_00131	CDS	1059	pemA	3.1.1.11		Pectinesterase A
IFBJBKOH_00131	gene	1059	pemA			
IFBJBKOH_00132	CDS	1407	purF_2	2.4.2.14	COG0034	Amidophosphoribosyltransferase
IFBJBKOH_00132	gene	1407	purF_2			
IFBJBKOH_00133	CDS	657	cbiC	5.4.99.60	COG2082	Cobalt-precorrin-8 methylmutase
IFBJBKOH_00133	gene	657	cbiC			
IFBJBKOH_00134	CDS	1665	cobQ		COG1492	Cobyric acid synthase
IFBJBKOH_00134	gene	1665	cobQ			
IFBJBKOH_00135	CDS	1125	cobD_1	4.1.1.81	COG0079	Threonine-phosphate decarboxylase
IFBJBKOH_00135	gene	1125	cobD_1			
IFBJBKOH_00136	CDS	999	cobD_2		COG1270	Cobalamin biosynthesis protein CobD
IFBJBKOH_00136	gene	999	cobD_2			
IFBJBKOH_00137	CDS	420	cobU_1	2.7.1.156	COG2087	Bifunctional adenosylcobalamin biosynthesis protein CobU
IFBJBKOH_00137	gene	420	cobU_1			
IFBJBKOH_00138	CDS	834	cobV	2.7.8.26		Adenosylcobinamide-GDP ribazoletransferase
IFBJBKOH_00138	gene	834	cobV			
IFBJBKOH_00139	CDS	642	cobU_2	2.7.1.156	COG2087	Bifunctional adenosylcobalamin biosynthesis protein CobU
IFBJBKOH_00139	gene	642	cobU_2			
IFBJBKOH_00140	CDS	1059	cobT	2.4.2.21	COG2038	Nicotinate-nucleotide--dimethylbenzimidazole phosphoribosyltransferase
IFBJBKOH_00140	gene	1059	cobT			
IFBJBKOH_00141	CDS	1434	cbiA	6.3.5.11	COG1797	Cobyrinate a,c-diamide synthase
IFBJBKOH_00141	gene	1434	cbiA			
IFBJBKOH_00142	CDS	1320	cbiET		COG2241	Cobalamin biosynthesis bifunctional protein CbiET
IFBJBKOH_00142	gene	1320	cbiET			
IFBJBKOH_00143	CDS	852	cbiJ	1.3.1.106	COG2099	Cobalt-precorrin-6A reductase
IFBJBKOH_00143	gene	852	cbiJ			
IFBJBKOH_00144	CDS	1515	cbiF	2.1.1.271	COG2875	Cobalt-precorrin-4 C(11)-methyltransferase
IFBJBKOH_00144	gene	1515	cbiF			
IFBJBKOH_00145	CDS	1203	cbiD	2.1.1.195	COG1903	Cobalt-precorrin-5B C(1)-methyltransferase
IFBJBKOH_00145	gene	1203	cbiD			
IFBJBKOH_00146	CDS	1065	cbiG	3.7.1.12	COG2073	Cobalt-precorrin-5A hydrolase
IFBJBKOH_00146	gene	1065	cbiG			
IFBJBKOH_00147	CDS	213				hypothetical protein
IFBJBKOH_00147	gene	213				
IFBJBKOH_00148	CDS	729	ypdB_1		COG3279	Transcriptional regulatory protein YpdB
IFBJBKOH_00148	gene	729	ypdB_1			
IFBJBKOH_00149	CDS	1344				hypothetical protein
IFBJBKOH_00149	gene	1344				
IFBJBKOH_00150	CDS	1992	rps1_1		COG0539	30S ribosomal protein S1
IFBJBKOH_00150	gene	1992	rps1_1			
IFBJBKOH_00151	CDS	678	cmk_1	2.7.4.25		Cytidylate kinase
IFBJBKOH_00151	gene	678	cmk_1			
IFBJBKOH_00152	CDS	1284			COG2081	putative protein
IFBJBKOH_00152	gene	1284				
IFBJBKOH_00153	CDS	1503		2.7.4.-	COG2326	Polyphosphate:AMP phosphotransferase
IFBJBKOH_00153	gene	1503				
IFBJBKOH_00154	CDS	1320	yclM	2.7.2.4	COG0527	Aspartokinase 3
IFBJBKOH_00154	gene	1320	yclM			
IFBJBKOH_00155	CDS	591				hypothetical protein
IFBJBKOH_00155	gene	591				
IFBJBKOH_00156	CDS	570				hypothetical protein
IFBJBKOH_00156	gene	570				
IFBJBKOH_00157	CDS	411				hypothetical protein
IFBJBKOH_00157	gene	411				
IFBJBKOH_00158	CDS	549				hypothetical protein
IFBJBKOH_00158	gene	549				
IFBJBKOH_00159	CDS	1629	sglT_1			Sodium/glucose cotransporter
IFBJBKOH_00159	gene	1629	sglT_1			
IFBJBKOH_00160	CDS	2031		3.2.1.177	COG1501	Alpha-xylosidase BoGH31A
IFBJBKOH_00160	gene	2031				
IFBJBKOH_00161	CDS	1080	malR_1		COG1609	HTH-type transcriptional regulator MalR
IFBJBKOH_00161	gene	1080	malR_1			
IFBJBKOH_00162	CDS	3777	purL	6.3.5.3	COG0046	Phosphoribosylformylglycinamidine synthase subunit PurL
IFBJBKOH_00162	gene	3777	purL			
IFBJBKOH_00163	CDS	1479				hypothetical protein
IFBJBKOH_00163	gene	1479				
IFBJBKOH_00164	CDS	1128				hypothetical protein
IFBJBKOH_00164	gene	1128				
IFBJBKOH_00165	CDS	1314	cpdA_1	3.1.4.53		3',5'-cyclic adenosine monophosphate phosphodiesterase CpdA
IFBJBKOH_00165	gene	1314	cpdA_1			
IFBJBKOH_00166	CDS	1248	pfp_1	2.7.1.90	COG0205	Pyrophosphate--fructose 6-phosphate 1-phosphotransferase
IFBJBKOH_00166	gene	1248	pfp_1			
IFBJBKOH_00167	CDS	603	pspB_1	3.1.3.3	COG0406	Putative phosphoserine phosphatase 2
IFBJBKOH_00167	gene	603	pspB_1			
IFBJBKOH_00168	CDS	597	sigA_1		COG0568	RNA polymerase sigma factor SigA
IFBJBKOH_00168	gene	597	sigA_1			
IFBJBKOH_00169	CDS	876	cmpR_1			HTH-type transcriptional activator CmpR
IFBJBKOH_00169	gene	876	cmpR_1			
IFBJBKOH_00170	CDS	2418				hypothetical protein
IFBJBKOH_00170	gene	2418				
IFBJBKOH_00171	CDS	246				hypothetical protein
IFBJBKOH_00171	gene	246				
IFBJBKOH_00172	CDS	1239	pfp_2	2.7.1.90		Pyrophosphate--fructose 6-phosphate 1-phosphotransferase
IFBJBKOH_00172	gene	1239	pfp_2			
IFBJBKOH_00173	CDS	207				hypothetical protein
IFBJBKOH_00173	gene	207				
IFBJBKOH_00174	CDS	435				hypothetical protein
IFBJBKOH_00174	gene	435				
IFBJBKOH_00175	CDS	423			COG2703	Bacteriohemerythrin
IFBJBKOH_00175	gene	423				
IFBJBKOH_00176	CDS	1179				hypothetical protein
IFBJBKOH_00176	gene	1179				
IFBJBKOH_00177	CDS	201				hypothetical protein
IFBJBKOH_00177	gene	201				
IFBJBKOH_00178	CDS	717				hypothetical protein
IFBJBKOH_00178	gene	717				
IFBJBKOH_00179	CDS	1575	dosC	2.7.7.65		Diguanylate cyclase DosC
IFBJBKOH_00179	gene	1575	dosC			
IFBJBKOH_00180	CDS	1239	adeQ		COG2252	Adenine permease AdeQ
IFBJBKOH_00180	gene	1239	adeQ			
IFBJBKOH_00181	CDS	843				hypothetical protein
IFBJBKOH_00181	gene	843				
IFBJBKOH_00182	CDS	342				hypothetical protein
IFBJBKOH_00182	gene	342				
IFBJBKOH_00183	CDS	372				hypothetical protein
IFBJBKOH_00183	gene	372				
IFBJBKOH_00184	CDS	288				hypothetical protein
IFBJBKOH_00184	gene	288				
IFBJBKOH_00185	CDS	948				hypothetical protein
IFBJBKOH_00185	gene	948				
IFBJBKOH_00186	CDS	390				hypothetical protein
IFBJBKOH_00186	gene	390				
IFBJBKOH_00187	CDS	243				hypothetical protein
IFBJBKOH_00187	gene	243				
IFBJBKOH_00188	CDS	708				hypothetical protein
IFBJBKOH_00188	gene	708				
IFBJBKOH_00189	CDS	825				hypothetical protein
IFBJBKOH_00189	gene	825				
IFBJBKOH_00190	CDS	927	melR_2			Melibiose operon regulatory protein
IFBJBKOH_00190	gene	927	melR_2			
IFBJBKOH_00191	CDS	999				hypothetical protein
IFBJBKOH_00191	gene	999				
IFBJBKOH_00192	CDS	1197				hypothetical protein
IFBJBKOH_00192	gene	1197				
IFBJBKOH_00193	CDS	1173	skfB	1.21.98.-	COG0535	Sporulation killing factor maturation protein SkfB
IFBJBKOH_00193	gene	1173	skfB			
IFBJBKOH_00194	CDS	1053	pqqE_1			Coenzyme PQQ synthesis protein E
IFBJBKOH_00194	gene	1053	pqqE_1			
IFBJBKOH_00195	CDS	1116				hypothetical protein
IFBJBKOH_00195	gene	1116				
IFBJBKOH_00196	CDS	1251	btrJ	6.2.1.39		[Butirosin acyl-carrier protein]--L-glutamate ligase
IFBJBKOH_00196	gene	1251	btrJ			
IFBJBKOH_00197	CDS	246	acpP_1		COG0236	Acyl carrier protein
IFBJBKOH_00197	gene	246	acpP_1			
IFBJBKOH_00198	CDS	798				hypothetical protein
IFBJBKOH_00198	gene	798				
IFBJBKOH_00199	CDS	798				hypothetical protein
IFBJBKOH_00199	gene	798				
IFBJBKOH_00200	CDS	960	natA		COG4555	ABC transporter ATP-binding protein NatA
IFBJBKOH_00200	gene	960	natA			
IFBJBKOH_00201	CDS	498				hypothetical protein
IFBJBKOH_00201	gene	498				
IFBJBKOH_00202	CDS	741				hypothetical protein
IFBJBKOH_00202	gene	741				
IFBJBKOH_00203	CDS	354				hypothetical protein
IFBJBKOH_00203	gene	354				
IFBJBKOH_00204	CDS	108				hypothetical protein
IFBJBKOH_00204	gene	108				
IFBJBKOH_00205	CDS	294				hypothetical protein
IFBJBKOH_00205	gene	294				
IFBJBKOH_00206	CDS	195				hypothetical protein
IFBJBKOH_00206	gene	195				
IFBJBKOH_00207	CDS	561				hypothetical protein
IFBJBKOH_00207	gene	561				
IFBJBKOH_00208	CDS	447				hypothetical protein
IFBJBKOH_00208	gene	447				
IFBJBKOH_00209	CDS	666				hypothetical protein
IFBJBKOH_00209	gene	666				
IFBJBKOH_00210	CDS	186				hypothetical protein
IFBJBKOH_00210	gene	186				
IFBJBKOH_00211	CDS	495				hypothetical protein
IFBJBKOH_00211	gene	495				
IFBJBKOH_00212	CDS	669	yxeN_1			putative amino-acid permease protein YxeN
IFBJBKOH_00212	gene	669	yxeN_1			
IFBJBKOH_00213	CDS	783	yxeM_1		COG0834	putative amino-acid-binding protein YxeM
IFBJBKOH_00213	gene	783	yxeM_1			
IFBJBKOH_00214	CDS	744	tcyC_1	3.6.3.-	COG1126	L-cystine import ATP-binding protein TcyC
IFBJBKOH_00214	gene	744	tcyC_1			
IFBJBKOH_00215	CDS	1230	dcyD	4.4.1.15	COG2515	D-cysteine desulfhydrase
IFBJBKOH_00215	gene	1230	dcyD			
IFBJBKOH_00216	CDS	255				hypothetical protein
IFBJBKOH_00216	gene	255				
IFBJBKOH_00217	CDS	306				hypothetical protein
IFBJBKOH_00217	gene	306				
IFBJBKOH_00218	CDS	348	dgoD_1	4.2.1.6	COG4948	D-galactonate dehydratase
IFBJBKOH_00218	gene	348	dgoD_1			
IFBJBKOH_00219	CDS	477	rspA_1	4.2.1.-	COG4948	D-galactonate dehydratase family member RspA
IFBJBKOH_00219	gene	477	rspA_1			
IFBJBKOH_00220	CDS	636				hypothetical protein
IFBJBKOH_00220	gene	636				
IFBJBKOH_00221	tRNA	72				tRNA-Trp(cca)
IFBJBKOH_00221	gene	72				
IFBJBKOH_00222	CDS	1389	radA_1	3.6.4.-	COG1066	DNA repair protein RadA
IFBJBKOH_00222	gene	1389	radA_1			
IFBJBKOH_00223	CDS	417				hypothetical protein
IFBJBKOH_00223	gene	417				
IFBJBKOH_00224	CDS	2559	clpC			ATP-dependent Clp protease ATP-binding subunit ClpC
IFBJBKOH_00224	gene	2559	clpC			
IFBJBKOH_00225	CDS	1035	mcsB	2.7.14.1	COG3869	Protein-arginine kinase
IFBJBKOH_00225	gene	1035	mcsB			
IFBJBKOH_00226	CDS	618	mcsA		COG3880	Protein-arginine kinase activator protein
IFBJBKOH_00226	gene	618	mcsA			
IFBJBKOH_00227	CDS	414	ytrA_1		COG1725	HTH-type transcriptional repressor YtrA
IFBJBKOH_00227	gene	414	ytrA_1			
IFBJBKOH_00228	tRNA	83				tRNA-Tyr(gta)
IFBJBKOH_00228	gene	83				
IFBJBKOH_00229	tRNA	88				tRNA-Ser(gga)
IFBJBKOH_00229	gene	88				
IFBJBKOH_00230	tRNA	87				tRNA-Ser(cga)
IFBJBKOH_00230	gene	87				
IFBJBKOH_00231	CDS	483				hypothetical protein
IFBJBKOH_00231	gene	483				
IFBJBKOH_00232	CDS	828	acbO	5.1.3.35		2-epi-5-epi-valiolone 7-phosphate 2-epimerase
IFBJBKOH_00232	gene	828	acbO			
IFBJBKOH_00233	CDS	552	hxlB	5.3.1.27	COG0794	3-hexulose-6-phosphate isomerase
IFBJBKOH_00233	gene	552	hxlB			
IFBJBKOH_00234	CDS	996	rbsC_1		COG1172	Ribose import permease protein RbsC
IFBJBKOH_00234	gene	996	rbsC_1			
IFBJBKOH_00235	CDS	1491	mglA_2	3.6.3.17	COG1129	Galactose/methyl galactoside import ATP-binding protein MglA
IFBJBKOH_00235	gene	1491	mglA_2			
IFBJBKOH_00236	CDS	1044	rbsB_1		COG1879	Ribose import binding protein RbsB
IFBJBKOH_00236	gene	1044	rbsB_1			
IFBJBKOH_00237	CDS	1524	xylB_1	2.7.1.17	COG1070	Xylulose kinase
IFBJBKOH_00237	gene	1524	xylB_1			
IFBJBKOH_00238	CDS	693	rpe_1	5.1.3.1		Ribulose-phosphate 3-epimerase
IFBJBKOH_00238	gene	693	rpe_1			
IFBJBKOH_00239	CDS	843	hexR_1		COG1737	HTH-type transcriptional regulator HexR
IFBJBKOH_00239	gene	843	hexR_1			
IFBJBKOH_00240	CDS	504				hypothetical protein
IFBJBKOH_00240	gene	504				
IFBJBKOH_00241	CDS	459				hypothetical protein
IFBJBKOH_00241	gene	459				
IFBJBKOH_00242	CDS	1158	mobB		COG1763	Molybdopterin-guanine dinucleotide biosynthesis adapter protein
IFBJBKOH_00242	gene	1158	mobB			
IFBJBKOH_00243	CDS	450			COG2200	putative signaling protein
IFBJBKOH_00243	gene	450				
IFBJBKOH_00244	CDS	723				hypothetical protein
IFBJBKOH_00244	gene	723				
IFBJBKOH_00245	CDS	252				hypothetical protein
IFBJBKOH_00245	gene	252				
IFBJBKOH_00246	CDS	888	fda_1	4.1.2.13		Fructose-bisphosphate aldolase class 1
IFBJBKOH_00246	gene	888	fda_1			
IFBJBKOH_00247	CDS	1350			COG2239	Magnesium transporter MgtE
IFBJBKOH_00247	gene	1350				
IFBJBKOH_00248	CDS	1374				hypothetical protein
IFBJBKOH_00248	gene	1374				
IFBJBKOH_00249	CDS	1854	asnO	6.3.5.4	COG0367	Asparagine synthetase [glutamine-hydrolyzing] 3
IFBJBKOH_00249	gene	1854	asnO			
IFBJBKOH_00250	CDS	1185	dgcP	2.7.7.65	COG2203	Diguanylate cyclase DgcP
IFBJBKOH_00250	gene	1185	dgcP			
IFBJBKOH_00251	CDS	348				hypothetical protein
IFBJBKOH_00251	gene	348				
IFBJBKOH_00252	CDS	270			COG0662	Oxalate-binding protein
IFBJBKOH_00252	gene	270				
IFBJBKOH_00253	CDS	750				hypothetical protein
IFBJBKOH_00253	gene	750				
IFBJBKOH_00254	CDS	1203	fprA	1.-.-.-	COG0426	Nitric oxide reductase
IFBJBKOH_00254	gene	1203	fprA			
IFBJBKOH_00255	CDS	177				hypothetical protein
IFBJBKOH_00255	gene	177				
IFBJBKOH_00256	CDS	1056	asrC	1.8.1.-	COG2221	Anaerobic sulfite reductase subunit C
IFBJBKOH_00256	gene	1056	asrC			
IFBJBKOH_00257	CDS	792	asrB		COG0543	Anaerobic sulfite reductase subunit B
IFBJBKOH_00257	gene	792	asrB			
IFBJBKOH_00258	CDS	1035	asrA		COG1145	Anaerobic sulfite reductase subunit A
IFBJBKOH_00258	gene	1035	asrA			
IFBJBKOH_00259	CDS	1716				hypothetical protein
IFBJBKOH_00259	gene	1716				
IFBJBKOH_00260	CDS	2178	atl_1		COG4193	Bifunctional autolysin
IFBJBKOH_00260	gene	2178	atl_1			
IFBJBKOH_00261	CDS	1257	dacB_1	3.4.16.4	COG1686	D-alanyl-D-alanine carboxypeptidase DacB
IFBJBKOH_00261	gene	1257	dacB_1			
IFBJBKOH_00262	CDS	1248	dinB_2	2.7.7.7	COG0389	DNA polymerase IV
IFBJBKOH_00262	gene	1248	dinB_2			
IFBJBKOH_00263	CDS	900	rluD_1	5.4.99.23	COG0564	Ribosomal large subunit pseudouridine synthase D
IFBJBKOH_00263	gene	900	rluD_1			
IFBJBKOH_00264	CDS	1587	rsmF_1	2.1.1.-	COG0144	Ribosomal RNA small subunit methyltransferase F
IFBJBKOH_00264	gene	1587	rsmF_1			
IFBJBKOH_00265	CDS	558				hypothetical protein
IFBJBKOH_00265	gene	558				
IFBJBKOH_00266	CDS	1962				hypothetical protein
IFBJBKOH_00266	gene	1962				
IFBJBKOH_00267	CDS	444				hypothetical protein
IFBJBKOH_00267	gene	444				
IFBJBKOH_00268	CDS	1362	mepA_1			Multidrug export protein MepA
IFBJBKOH_00268	gene	1362	mepA_1			
IFBJBKOH_00269	CDS	1137				Sodium-lithium/proton antiporter
IFBJBKOH_00269	gene	1137				
IFBJBKOH_00270	CDS	1083	hisC	2.6.1.9	COG0079	Histidinol-phosphate aminotransferase
IFBJBKOH_00270	gene	1083	hisC			
IFBJBKOH_00271	CDS	1194	aspC_1	2.6.1.1	COG0436	Aspartate aminotransferase
IFBJBKOH_00271	gene	1194	aspC_1			
IFBJBKOH_00272	CDS	573				hypothetical protein
IFBJBKOH_00272	gene	573				
IFBJBKOH_00273	CDS	660	sdhB	4.3.1.17		L-serine dehydratase, beta chain
IFBJBKOH_00273	gene	660	sdhB			
IFBJBKOH_00274	CDS	936	sdhA	4.3.1.17		L-serine dehydratase, alpha chain
IFBJBKOH_00274	gene	936	sdhA			
IFBJBKOH_00275	CDS	2412				hypothetical protein
IFBJBKOH_00275	gene	2412				
IFBJBKOH_00276	CDS	900	ytrB_1		COG1131	ABC transporter ATP-binding protein YtrB
IFBJBKOH_00276	gene	900	ytrB_1			
IFBJBKOH_00277	CDS	393	ytrA_2		COG1725	HTH-type transcriptional repressor YtrA
IFBJBKOH_00277	gene	393	ytrA_2			
IFBJBKOH_00278	CDS	1740	ypdA_1	2.7.13.3	COG3275	Sensor histidine kinase YpdA
IFBJBKOH_00278	gene	1740	ypdA_1			
IFBJBKOH_00279	CDS	822	lytR_1		COG3279	Sensory transduction protein LytR
IFBJBKOH_00279	gene	822	lytR_1			
IFBJBKOH_00280	CDS	1440	cstA_1		COG1966	Peptide transporter CstA
IFBJBKOH_00280	gene	1440	cstA_1			
IFBJBKOH_00281	CDS	1860				hypothetical protein
IFBJBKOH_00281	gene	1860				
IFBJBKOH_00282	CDS	1137				hypothetical protein
IFBJBKOH_00282	gene	1137				
IFBJBKOH_00283	CDS	1608	pckA	4.1.1.49		Phosphoenolpyruvate carboxykinase (ATP)
IFBJBKOH_00283	gene	1608	pckA			
IFBJBKOH_00284	CDS	465	tabA_1		COG2731	Toxin-antitoxin biofilm protein TabA
IFBJBKOH_00284	gene	465	tabA_1			
IFBJBKOH_00285	CDS	834	ykvT		COG3773	putative protein YkvT
IFBJBKOH_00285	gene	834	ykvT			
IFBJBKOH_00286	CDS	1572	opuE_1		COG0591	Osmoregulated proline transporter OpuE
IFBJBKOH_00286	gene	1572	opuE_1			
IFBJBKOH_00287	CDS	789	rsxB_1		COG2878	Electron transport complex subunit RsxB
IFBJBKOH_00287	gene	789	rsxB_1			
IFBJBKOH_00288	CDS	576	rsxA		COG4657	Electron transport complex subunit RsxA
IFBJBKOH_00288	gene	576	rsxA			
IFBJBKOH_00289	CDS	792	rnfE		COG4660	Electron transport complex subunit RnfE
IFBJBKOH_00289	gene	792	rnfE			
IFBJBKOH_00290	CDS	612	nqrC	1.6.5.8	COG2869	Na(+)-translocating NADH-quinone reductase subunit C
IFBJBKOH_00290	gene	612	nqrC			
IFBJBKOH_00291	CDS	936	rsxD		COG4658	Electron transport complex subunit RsxD
IFBJBKOH_00291	gene	936	rsxD			
IFBJBKOH_00292	CDS	1326	rnfC_1		COG4656	Electron transport complex subunit RnfC
IFBJBKOH_00292	gene	1326	rnfC_1			
IFBJBKOH_00293	CDS	1884			COG1132	putative ABC transporter ATP-binding protein
IFBJBKOH_00293	gene	1884				
IFBJBKOH_00294	CDS	1740			COG1132	putative ABC transporter ATP-binding protein
IFBJBKOH_00294	gene	1740				
IFBJBKOH_00295	CDS	486	slyA_1			Transcriptional regulator SlyA
IFBJBKOH_00295	gene	486	slyA_1			
IFBJBKOH_00296	CDS	300				hypothetical protein
IFBJBKOH_00296	gene	300				
IFBJBKOH_00297	CDS	624			COG0655	Iron-sulfur flavoprotein
IFBJBKOH_00297	gene	624				
IFBJBKOH_00298	CDS	3153	rapA	3.6.4.-		RNA polymerase-associated protein RapA
IFBJBKOH_00298	gene	3153	rapA			
IFBJBKOH_00299	CDS	1788	argS	6.1.1.19	COG0018	Arginine--tRNA ligase
IFBJBKOH_00299	gene	1788	argS			
IFBJBKOH_00300	CDS	558	efp		COG0231	Elongation factor P
IFBJBKOH_00300	gene	558	efp			
IFBJBKOH_00301	CDS	1410	aroE	1.1.1.25	COG0169	Shikimate dehydrogenase (NADP(+))
IFBJBKOH_00301	gene	1410	aroE			
IFBJBKOH_00302	CDS	519	gph_1	3.1.3.18		Phosphoglycolate phosphatase
IFBJBKOH_00302	gene	519	gph_1			
IFBJBKOH_00303	CDS	453	nrdR		COG1327	Transcriptional repressor NrdR
IFBJBKOH_00303	gene	453	nrdR			
IFBJBKOH_00304	CDS	759	aroD	4.2.1.10	COG0710	3-dehydroquinate dehydratase
IFBJBKOH_00304	gene	759	aroD			
IFBJBKOH_00305	CDS	261				hypothetical protein
IFBJBKOH_00305	gene	261				
IFBJBKOH_00306	CDS	876				hypothetical protein
IFBJBKOH_00306	gene	876				
IFBJBKOH_00307	CDS	924			COG1464	Membrane lipoprotein TpN32
IFBJBKOH_00307	gene	924				
IFBJBKOH_00308	CDS	666	metI		COG2011	D-methionine transport system permease protein MetI
IFBJBKOH_00308	gene	666	metI			
IFBJBKOH_00309	CDS	1017	metN2_1	3.6.3.-	COG1135	Methionine import ATP-binding protein MetN 2
IFBJBKOH_00309	gene	1017	metN2_1			
IFBJBKOH_00310	CDS	93				hypothetical protein
IFBJBKOH_00310	gene	93				
IFBJBKOH_00311	CDS	1404	pepV	3.4.13.-		Beta-Ala-Xaa dipeptidase
IFBJBKOH_00311	gene	1404	pepV			
IFBJBKOH_00312	CDS	447	yqeY		COG1610	putative protein YqeY
IFBJBKOH_00312	gene	447	yqeY			
IFBJBKOH_00313	CDS	1605	prfC			Peptide chain release factor 3
IFBJBKOH_00313	gene	1605	prfC			
IFBJBKOH_00314	CDS	918	rbsB_2		COG1879	Ribose import binding protein RbsB
IFBJBKOH_00314	gene	918	rbsB_2			
IFBJBKOH_00315	CDS	657	rbsC_2		COG1172	Ribose import permease protein RbsC
IFBJBKOH_00315	gene	657	rbsC_2			
IFBJBKOH_00316	CDS	285	rbsC_3		COG1172	Ribose import permease protein RbsC
IFBJBKOH_00316	gene	285	rbsC_3			
IFBJBKOH_00317	CDS	711	rbsA_1	3.6.3.17	COG1129	Ribose import ATP-binding protein RbsA
IFBJBKOH_00317	gene	711	rbsA_1			
IFBJBKOH_00318	CDS	270				hypothetical protein
IFBJBKOH_00318	gene	270				
IFBJBKOH_00319	CDS	375	metK_1	2.5.1.6		S-adenosylmethionine synthase
IFBJBKOH_00319	gene	375	metK_1			
IFBJBKOH_00320	CDS	231				hypothetical protein
IFBJBKOH_00320	gene	231				
IFBJBKOH_00321	CDS	270				hypothetical protein
IFBJBKOH_00321	gene	270				
IFBJBKOH_00322	CDS	750				hypothetical protein
IFBJBKOH_00322	gene	750				
IFBJBKOH_00323	CDS	237				hypothetical protein
IFBJBKOH_00323	gene	237				
IFBJBKOH_00324	CDS	747				Insertion sequence IS5376 putative ATP-binding protein
IFBJBKOH_00324	gene	747				
IFBJBKOH_00325	CDS	1557				hypothetical protein
IFBJBKOH_00325	gene	1557				
IFBJBKOH_00326	CDS	669	sfp_1	2.7.8.7	COG2091	4'-phosphopantetheinyl transferase Sfp
IFBJBKOH_00326	gene	669	sfp_1			
IFBJBKOH_00327	CDS	1284				hypothetical protein
IFBJBKOH_00327	gene	1284				
IFBJBKOH_00328	CDS	711	lgrE_1	1.1.-.-		Linear gramicidin dehydrogenase LgrE
IFBJBKOH_00328	gene	711	lgrE_1			
IFBJBKOH_00329	CDS	1128				hypothetical protein
IFBJBKOH_00329	gene	1128				
IFBJBKOH_00330	CDS	1458				hypothetical protein
IFBJBKOH_00330	gene	1458				
IFBJBKOH_00331	CDS	1131				hypothetical protein
IFBJBKOH_00331	gene	1131				
IFBJBKOH_00332	CDS	1068				hypothetical protein
IFBJBKOH_00332	gene	1068				
IFBJBKOH_00333	CDS	1704		3.6.3.-		Putative multidrug export ATP-binding/permease protein
IFBJBKOH_00333	gene	1704				
IFBJBKOH_00334	CDS	4341	tycC_1			Tyrocidine synthase 3
IFBJBKOH_00334	gene	4341	tycC_1			
IFBJBKOH_00335	CDS	7032	tycB_1			Tyrocidine synthase 2
IFBJBKOH_00335	gene	7032	tycB_1			
IFBJBKOH_00336	CDS	12567	tycC_2			Tyrocidine synthase 3
IFBJBKOH_00336	gene	12567	tycC_2			
IFBJBKOH_00337	CDS	1620				hypothetical protein
IFBJBKOH_00337	gene	1620				
IFBJBKOH_00338	CDS	363				hypothetical protein
IFBJBKOH_00338	gene	363				
IFBJBKOH_00339	CDS	372				hypothetical protein
IFBJBKOH_00339	gene	372				
IFBJBKOH_00340	CDS	4311	pksJ_1		COG0318	Polyketide synthase PksJ
IFBJBKOH_00340	gene	4311	pksJ_1			
IFBJBKOH_00341	CDS	240				hypothetical protein
IFBJBKOH_00341	gene	240				
IFBJBKOH_00342	CDS	876				hypothetical protein
IFBJBKOH_00342	gene	876				
IFBJBKOH_00343	CDS	234	acpP_2			Acyl carrier protein
IFBJBKOH_00343	gene	234	acpP_2			
IFBJBKOH_00344	CDS	1539		6.2.1.3	COG1022	Long-chain-fatty-acid--CoA ligase FadD15
IFBJBKOH_00344	gene	1539				
IFBJBKOH_00345	CDS	405				hypothetical protein
IFBJBKOH_00345	gene	405				
IFBJBKOH_00346	CDS	249				hypothetical protein
IFBJBKOH_00346	gene	249				
IFBJBKOH_00347	CDS	144				hypothetical protein
IFBJBKOH_00347	gene	144				
IFBJBKOH_00348	CDS	573	agrB_1	3.4.-.-		Accessory gene regulator protein B
IFBJBKOH_00348	gene	573	agrB_1			
IFBJBKOH_00349	CDS	1530				hypothetical protein
IFBJBKOH_00349	gene	1530				
IFBJBKOH_00350	CDS	444				hypothetical protein
IFBJBKOH_00350	gene	444				
IFBJBKOH_00351	CDS	153				hypothetical protein
IFBJBKOH_00351	gene	153				
IFBJBKOH_00352	CDS	1086				hypothetical protein
IFBJBKOH_00352	gene	1086				
IFBJBKOH_00353	CDS	147	ytrB_2		COG1131	ABC transporter ATP-binding protein YtrB
IFBJBKOH_00353	gene	147	ytrB_2			
IFBJBKOH_00354	CDS	417	rbsD_1	5.4.99.62	COG1869	D-ribose pyranase
IFBJBKOH_00354	gene	417	rbsD_1			
IFBJBKOH_00355	CDS	894	rbsK_1	2.7.1.15	COG0524	Ribokinase
IFBJBKOH_00355	gene	894	rbsK_1			
IFBJBKOH_00356	CDS	978	degA_1		COG1609	HTH-type transcriptional regulator DegA
IFBJBKOH_00356	gene	978	degA_1			
IFBJBKOH_00357	CDS	1218	coaBC		COG0452	Coenzyme A biosynthesis bifunctional protein CoaBC
IFBJBKOH_00357	gene	1218	coaBC			
IFBJBKOH_00358	CDS	774	coaX	2.7.1.33	COG1521	Type III pantothenate kinase
IFBJBKOH_00358	gene	774	coaX			
IFBJBKOH_00359	CDS	1515		3.2.1.55	COG3507	Non-reducing end alpha-L-arabinofuranosidase BoGH43A
IFBJBKOH_00359	gene	1515				
IFBJBKOH_00360	CDS	840	araQ_1		COG0395	L-arabinose transport system permease protein AraQ
IFBJBKOH_00360	gene	840	araQ_1			
IFBJBKOH_00361	CDS	900	lacF_1			Lactose transport system permease protein LacF
IFBJBKOH_00361	gene	900	lacF_1			
IFBJBKOH_00362	CDS	1368	yesO_1		COG1653	Putative ABC transporter substrate-binding protein YesO
IFBJBKOH_00362	gene	1368	yesO_1			
IFBJBKOH_00363	CDS	753			COG4753	putative response regulatory protein
IFBJBKOH_00363	gene	753				
IFBJBKOH_00364	CDS	1749		2.7.13.3	COG2972	putative sensor-like histidine kinase
IFBJBKOH_00364	gene	1749				
IFBJBKOH_00365	CDS	147				hypothetical protein
IFBJBKOH_00365	gene	147				
IFBJBKOH_00366	CDS	777	sigG_1		COG1191	RNA polymerase sigma-G factor
IFBJBKOH_00366	gene	777	sigG_1			
IFBJBKOH_00367	CDS	927				hypothetical protein
IFBJBKOH_00367	gene	927				
IFBJBKOH_00368	CDS	369				hypothetical protein
IFBJBKOH_00368	gene	369				
IFBJBKOH_00369	CDS	741	sigE		COG1191	RNA polymerase sigma-E factor
IFBJBKOH_00369	gene	741	sigE			
IFBJBKOH_00370	CDS	837	spoIIGA	3.4.23.-		Sporulation sigma-E factor-processing peptidase
IFBJBKOH_00370	gene	837	spoIIGA			
IFBJBKOH_00371	CDS	693	hprA_1	1.1.1.29	COG1052	Glycerate dehydrogenase
IFBJBKOH_00371	gene	693	hprA_1			
IFBJBKOH_00372	CDS	903				hypothetical protein
IFBJBKOH_00372	gene	903				
IFBJBKOH_00373	CDS	906	dxs_1	2.2.1.7	COG1154	1-deoxy-D-xylulose-5-phosphate synthase
IFBJBKOH_00373	gene	906	dxs_1			
IFBJBKOH_00374	CDS	126				hypothetical protein
IFBJBKOH_00374	gene	126				
IFBJBKOH_00375	CDS	903	iolO_1	5.1.3.-	COG1082	5-keto-L-gluconate epimerase
IFBJBKOH_00375	gene	903	iolO_1			
IFBJBKOH_00376	CDS	1524	xylB_2	2.7.1.17	COG1070	Xylulose kinase
IFBJBKOH_00376	gene	1524	xylB_2			
IFBJBKOH_00377	CDS	666	otnC_1	4.1.1.104	COG0235	3-oxo-tetronate 4-phosphate decarboxylase
IFBJBKOH_00377	gene	666	otnC_1			
IFBJBKOH_00378	CDS	1290	dctM_2		COG1593	C4-dicarboxylate TRAP transporter large permease protein DctM
IFBJBKOH_00378	gene	1290	dctM_2			
IFBJBKOH_00379	CDS	510	uehB_1		COG3090	Ectoine/5-hydroxyectoine TRAP transporter small permease protein UehB
IFBJBKOH_00379	gene	510	uehB_1			
IFBJBKOH_00380	CDS	1113	yiaO_1		COG1638	2,3-diketo-L-gulonate-binding periplasmic protein YiaO
IFBJBKOH_00380	gene	1113	yiaO_1			
IFBJBKOH_00381	CDS	195				hypothetical protein
IFBJBKOH_00381	gene	195				
IFBJBKOH_00382	CDS	348				hypothetical protein
IFBJBKOH_00382	gene	348				
IFBJBKOH_00383	CDS	339	immR_1		COG1396	HTH-type transcriptional regulator ImmR
IFBJBKOH_00383	gene	339	immR_1			
IFBJBKOH_00384	CDS	1311	ftsZ		COG0206	Cell division protein FtsZ
IFBJBKOH_00384	gene	1311	ftsZ			
IFBJBKOH_00385	CDS	732	divIB			Cell division protein DivIB
IFBJBKOH_00385	gene	732	divIB			
IFBJBKOH_00386	CDS	1281	murAA	2.5.1.7	COG0766	UDP-N-acetylglucosamine 1-carboxyvinyltransferase 1
IFBJBKOH_00386	gene	1281	murAA			
IFBJBKOH_00387	CDS	1230	ftsW	2.4.1.129	COG0772	putative peptidoglycan glycosyltransferase FtsW
IFBJBKOH_00387	gene	1230	ftsW			
IFBJBKOH_00388	CDS	1359	murD_1	6.3.2.9		UDP-N-acetylmuramoylalanine--D-glutamate ligase
IFBJBKOH_00388	gene	1359	murD_1			
IFBJBKOH_00389	CDS	969	mraY	2.7.8.13	COG0472	Phospho-N-acetylmuramoyl-pentapeptide-transferase
IFBJBKOH_00389	gene	969	mraY			
IFBJBKOH_00390	CDS	1791	spoVD_1		COG0768	Stage V sporulation protein D
IFBJBKOH_00390	gene	1791	spoVD_1			
IFBJBKOH_00391	CDS	2400	spoVD_2		COG0768	Stage V sporulation protein D
IFBJBKOH_00391	gene	2400	spoVD_2			
IFBJBKOH_00392	CDS	531	ftsL_1			Cell division protein FtsL
IFBJBKOH_00392	gene	531	ftsL_1			
IFBJBKOH_00393	CDS	948	rsmH_1	2.1.1.199		Ribosomal RNA small subunit methyltransferase H
IFBJBKOH_00393	gene	948	rsmH_1			
IFBJBKOH_00394	CDS	426	mraZ			Transcriptional regulator MraZ
IFBJBKOH_00394	gene	426	mraZ			
IFBJBKOH_00395	CDS	891	lgt	2.4.99.-	COG0682	Prolipoprotein diacylglyceryl transferase
IFBJBKOH_00395	gene	891	lgt			
IFBJBKOH_00396	CDS	1338		1.6.99.3		putative NADH oxidase
IFBJBKOH_00396	gene	1338				
IFBJBKOH_00397	CDS	1098	ychF		COG0012	Ribosome-binding ATPase YchF
IFBJBKOH_00397	gene	1098	ychF			
IFBJBKOH_00398	CDS	744	yhhJ		COG0842	Inner membrane transport permease YhhJ
IFBJBKOH_00398	gene	744	yhhJ			
IFBJBKOH_00399	CDS	723	yadG		COG1131	putative ABC transporter ATP-binding protein YadG
IFBJBKOH_00399	gene	723	yadG			
IFBJBKOH_00400	CDS	744	zntR		COG0789	HTH-type transcriptional regulator ZntR
IFBJBKOH_00400	gene	744	zntR			
IFBJBKOH_00401	CDS	141				hypothetical protein
IFBJBKOH_00401	gene	141				
IFBJBKOH_00402	CDS	1149	gcdB_1	4.1.1.70	COG1883	Glutaconyl-CoA decarboxylase subunit beta
IFBJBKOH_00402	gene	1149	gcdB_1			
IFBJBKOH_00403	CDS	1338				hypothetical protein
IFBJBKOH_00403	gene	1338				
IFBJBKOH_00404	CDS	915				hypothetical protein
IFBJBKOH_00404	gene	915				
IFBJBKOH_00405	CDS	1767			COG1132	putative ABC transporter ATP-binding protein
IFBJBKOH_00405	gene	1767				
IFBJBKOH_00406	CDS	1746			COG1132	putative ABC transporter ATP-binding protein
IFBJBKOH_00406	gene	1746				
IFBJBKOH_00407	CDS	840				hypothetical protein
IFBJBKOH_00407	gene	840				
IFBJBKOH_00408	CDS	273	yccX	3.6.1.7	COG1254	Acylphosphatase
IFBJBKOH_00408	gene	273	yccX			
IFBJBKOH_00409	CDS	945	hprA_2	1.1.1.29	COG1052	Glycerate dehydrogenase
IFBJBKOH_00409	gene	945	hprA_2			
IFBJBKOH_00410	CDS	474				hypothetical protein
IFBJBKOH_00410	gene	474				
IFBJBKOH_00411	CDS	1131	argE_1	3.5.1.16	COG0624	Acetylornithine deacetylase
IFBJBKOH_00411	gene	1131	argE_1			
IFBJBKOH_00412	CDS	1107		4.1.2.42		D-threonine aldolase
IFBJBKOH_00412	gene	1107				
IFBJBKOH_00413	CDS	1242			COG1228	putative protein
IFBJBKOH_00413	gene	1242				
IFBJBKOH_00414	CDS	837	ycjP_1		COG0395	Inner membrane ABC transporter permease protein YcjP
IFBJBKOH_00414	gene	837	ycjP_1			
IFBJBKOH_00415	CDS	885	sugA_1		COG1175	Trehalose transport system permease protein SugA
IFBJBKOH_00415	gene	885	sugA_1			
IFBJBKOH_00416	CDS	1422	eltP			Erythritol/L-threitol-binding protein
IFBJBKOH_00416	gene	1422	eltP			
IFBJBKOH_00417	CDS	1578			COG4753	putative response regulatory protein
IFBJBKOH_00417	gene	1578				
IFBJBKOH_00418	CDS	1839	btsS_2	2.7.13.3	COG3275	Sensor histidine kinase BtsS
IFBJBKOH_00418	gene	1839	btsS_2			
IFBJBKOH_00419	CDS	444				hypothetical protein
IFBJBKOH_00419	gene	444				
IFBJBKOH_00420	CDS	321				hypothetical protein
IFBJBKOH_00420	gene	321				
IFBJBKOH_00421	CDS	408				hypothetical protein
IFBJBKOH_00421	gene	408				
IFBJBKOH_00422	CDS	1074	wecH	2.3.1.-		O-acetyltransferase WecH
IFBJBKOH_00422	gene	1074	wecH			
IFBJBKOH_00423	CDS	825				hypothetical protein
IFBJBKOH_00423	gene	825				
IFBJBKOH_00424	CDS	354			COG0327	GTP cyclohydrolase 1 type 2 
IFBJBKOH_00424	gene	354				
IFBJBKOH_00425	CDS	834	cypM	2.1.1.301		Cypemycin N-terminal methyltransferase
IFBJBKOH_00425	gene	834	cypM			
IFBJBKOH_00426	CDS	1101	helD_1	3.6.4.12	COG3973	DNA helicase IV
IFBJBKOH_00426	gene	1101	helD_1			
IFBJBKOH_00427	CDS	483	helD_2	3.6.4.12	COG3973	DNA helicase IV
IFBJBKOH_00427	gene	483	helD_2			
IFBJBKOH_00428	CDS	342	rob_1		COG2207	Right origin-binding protein
IFBJBKOH_00428	gene	342	rob_1			
IFBJBKOH_00429	CDS	270	yajC_1		COG1862	Sec translocon accessory complex subunit YajC
IFBJBKOH_00429	gene	270	yajC_1			
IFBJBKOH_00430	CDS	1179	yxeP_1	3.-.-.-	COG1473	putative hydrolase YxeP
IFBJBKOH_00430	gene	1179	yxeP_1			
IFBJBKOH_00431	CDS	666				hypothetical protein
IFBJBKOH_00431	gene	666				
IFBJBKOH_00432	CDS	720				hypothetical protein
IFBJBKOH_00432	gene	720				
IFBJBKOH_00433	CDS	1257	hyuC	3.5.1.87		N-carbamoyl-L-amino-acid hydrolase
IFBJBKOH_00433	gene	1257	hyuC			
IFBJBKOH_00434	CDS	936	pucR_1		COG2508	Purine catabolism regulatory protein
IFBJBKOH_00434	gene	936	pucR_1			
IFBJBKOH_00435	CDS	303				hypothetical protein
IFBJBKOH_00435	gene	303				
IFBJBKOH_00436	CDS	1383	norM		COG0534	Multidrug resistance protein NorM
IFBJBKOH_00436	gene	1383	norM			
IFBJBKOH_00437	CDS	1335	ybiT_2		COG0488	putative ABC transporter ATP-binding protein YbiT
IFBJBKOH_00437	gene	1335	ybiT_2			
IFBJBKOH_00438	CDS	627	vatD	2.3.1.-		Streptogramin A acetyltransferase
IFBJBKOH_00438	gene	627	vatD			
IFBJBKOH_00439	CDS	297				hypothetical protein
IFBJBKOH_00439	gene	297				
IFBJBKOH_00440	CDS	918	metAA	2.3.1.31		Homoserine O-acetyltransferase
IFBJBKOH_00440	gene	918	metAA			
IFBJBKOH_00441	CDS	1956	ligA	6.5.1.2		DNA ligase
IFBJBKOH_00441	gene	1956	ligA			
IFBJBKOH_00442	CDS	756	rluF	5.4.99.21	COG1187	23S rRNA pseudouridine(2604) synthase
IFBJBKOH_00442	gene	756	rluF			
IFBJBKOH_00443	CDS	1065	queA	2.4.99.17	COG0809	S-adenosylmethionine:tRNA ribosyltransferase-isomerase
IFBJBKOH_00443	gene	1065	queA			
IFBJBKOH_00444	CDS	873				hypothetical protein
IFBJBKOH_00444	gene	873				
IFBJBKOH_00445	CDS	1194	acp			Sodium/proton-dependent alanine carrier protein
IFBJBKOH_00445	gene	1194	acp			
IFBJBKOH_00446	tRNA	74				tRNA-Arg(ccg)
IFBJBKOH_00446	gene	74				
IFBJBKOH_00447	CDS	441				hypothetical protein
IFBJBKOH_00447	gene	441				
IFBJBKOH_00448	CDS	1023				hypothetical protein
IFBJBKOH_00448	gene	1023				
IFBJBKOH_00449	CDS	930				hypothetical protein
IFBJBKOH_00449	gene	930				
IFBJBKOH_00450	CDS	2097	feoB_1		COG0370	Fe(2+) transporter FeoB
IFBJBKOH_00450	gene	2097	feoB_1			
IFBJBKOH_00451	CDS	237				hypothetical protein
IFBJBKOH_00451	gene	237				
IFBJBKOH_00452	CDS	1185	toxA_1	3.4.22.-		Toxin A
IFBJBKOH_00452	gene	1185	toxA_1			
IFBJBKOH_00453	CDS	1980	uvrB		COG0556	UvrABC system protein B
IFBJBKOH_00453	gene	1980	uvrB			
IFBJBKOH_00454	CDS	1002	Int-Tn_1			Transposase from transposon Tn916
IFBJBKOH_00454	gene	1002	Int-Tn_1			
IFBJBKOH_00455	CDS	330				hypothetical protein
IFBJBKOH_00455	gene	330				
IFBJBKOH_00456	CDS	525	xerC_1			Tyrosine recombinase XerC
IFBJBKOH_00456	gene	525	xerC_1			
IFBJBKOH_00457	CDS	426				hypothetical protein
IFBJBKOH_00457	gene	426				
IFBJBKOH_00458	CDS	342				hypothetical protein
IFBJBKOH_00458	gene	342				
IFBJBKOH_00459	CDS	663	tenA	3.5.99.2	COG0819	Aminopyrimidine aminohydrolase
IFBJBKOH_00459	gene	663	tenA			
IFBJBKOH_00460	CDS	807	thiD	2.7.1.49	COG0351	Hydroxymethylpyrimidine/phosphomethylpyrimidine kinase
IFBJBKOH_00460	gene	807	thiD			
IFBJBKOH_00461	CDS	660	vldH	3.1.3.101		Validoxylamine A 7'-phosphate phosphatase
IFBJBKOH_00461	gene	660	vldH			
IFBJBKOH_00462	CDS	642	thiE_1	2.5.1.3	COG0352	Thiamine-phosphate synthase
IFBJBKOH_00462	gene	642	thiE_1			
IFBJBKOH_00463	CDS	822	thiM_1	2.7.1.50	COG2145	Hydroxyethylthiazole kinase
IFBJBKOH_00463	gene	822	thiM_1			
IFBJBKOH_00464	CDS	660				hypothetical protein
IFBJBKOH_00464	gene	660				
IFBJBKOH_00465	CDS	459				hypothetical protein
IFBJBKOH_00465	gene	459				
IFBJBKOH_00466	CDS	489				hypothetical protein
IFBJBKOH_00466	gene	489				
IFBJBKOH_00467	CDS	534				hypothetical protein
IFBJBKOH_00467	gene	534				
IFBJBKOH_00468	CDS	1116				hypothetical protein
IFBJBKOH_00468	gene	1116				
IFBJBKOH_00469	CDS	471				hypothetical protein
IFBJBKOH_00469	gene	471				
IFBJBKOH_00470	CDS	270				hypothetical protein
IFBJBKOH_00470	gene	270				
IFBJBKOH_00471	CDS	420				hypothetical protein
IFBJBKOH_00471	gene	420				
IFBJBKOH_00472	CDS	786				hypothetical protein
IFBJBKOH_00472	gene	786				
IFBJBKOH_00473	CDS	882	cysH_1	1.8.4.10		Thioredoxin-dependent 5'-adenylylsulfate reductase
IFBJBKOH_00473	gene	882	cysH_1			
IFBJBKOH_00474	CDS	369				hypothetical protein
IFBJBKOH_00474	gene	369				
IFBJBKOH_00475	CDS	852				hypothetical protein
IFBJBKOH_00475	gene	852				
IFBJBKOH_00476	CDS	300				hypothetical protein
IFBJBKOH_00476	gene	300				
IFBJBKOH_00477	CDS	498				hypothetical protein
IFBJBKOH_00477	gene	498				
IFBJBKOH_00478	CDS	255				hypothetical protein
IFBJBKOH_00478	gene	255				
IFBJBKOH_00479	CDS	732				hypothetical protein
IFBJBKOH_00479	gene	732				
IFBJBKOH_00480	CDS	633				hypothetical protein
IFBJBKOH_00480	gene	633				
IFBJBKOH_00481	CDS	315				hypothetical protein
IFBJBKOH_00481	gene	315				
IFBJBKOH_00482	CDS	711				hypothetical protein
IFBJBKOH_00482	gene	711				
IFBJBKOH_00483	CDS	1227				hypothetical protein
IFBJBKOH_00483	gene	1227				
IFBJBKOH_00484	CDS	876				hypothetical protein
IFBJBKOH_00484	gene	876				
IFBJBKOH_00485	CDS	1152				hypothetical protein
IFBJBKOH_00485	gene	1152				
IFBJBKOH_00486	CDS	666				hypothetical protein
IFBJBKOH_00486	gene	666				
IFBJBKOH_00487	CDS	468	sigG_2		COG1595	ECF RNA polymerase sigma factor SigG
IFBJBKOH_00487	gene	468	sigG_2			
IFBJBKOH_00488	CDS	678				hypothetical protein
IFBJBKOH_00488	gene	678				
IFBJBKOH_00489	CDS	765	carE_1	1.3.1.108	COG2025	Caffeyl-CoA reductase-Etf complex subunit CarE
IFBJBKOH_00489	gene	765	carE_1			
IFBJBKOH_00490	CDS	462				hypothetical protein
IFBJBKOH_00490	gene	462				
IFBJBKOH_00491	CDS	468				hypothetical protein
IFBJBKOH_00491	gene	468				
IFBJBKOH_00492	CDS	642	rutD	3.5.1.-		Putative aminoacrylate hydrolase RutD
IFBJBKOH_00492	gene	642	rutD			
IFBJBKOH_00493	CDS	918				hypothetical protein
IFBJBKOH_00493	gene	918				
IFBJBKOH_00494	CDS	852	xerD_1		COG4974	Tyrosine recombinase XerD
IFBJBKOH_00494	gene	852	xerD_1			
IFBJBKOH_00495	CDS	1194	xerC_2			Tyrosine recombinase XerC
IFBJBKOH_00495	gene	1194	xerC_2			
IFBJBKOH_00496	CDS	309				hypothetical protein
IFBJBKOH_00496	gene	309				
IFBJBKOH_00497	CDS	426				hypothetical protein
IFBJBKOH_00497	gene	426				
IFBJBKOH_00498	CDS	1128	mepA_2		COG0534	Multidrug export protein MepA
IFBJBKOH_00498	gene	1128	mepA_2			
IFBJBKOH_00499	CDS	555	mntP_1		COG1971	putative manganese efflux pump MntP
IFBJBKOH_00499	gene	555	mntP_1			
IFBJBKOH_00500	CDS	453	mntR_1		COG1321	Transcriptional regulator MntR
IFBJBKOH_00500	gene	453	mntR_1			
IFBJBKOH_00501	CDS	1734	msbA_1	3.6.3.-	COG1132	Lipid A export ATP-binding/permease protein MsbA
IFBJBKOH_00501	gene	1734	msbA_1			
IFBJBKOH_00502	CDS	1731	irtA_1	3.6.3.-	COG1132	Iron import ATP-binding/permease protein IrtA
IFBJBKOH_00502	gene	1731	irtA_1			
IFBJBKOH_00503	CDS	279				hypothetical protein
IFBJBKOH_00503	gene	279				
IFBJBKOH_00504	CDS	615				hypothetical protein
IFBJBKOH_00504	gene	615				
IFBJBKOH_00505	CDS	957	pchR		COG2207	Regulatory protein PchR
IFBJBKOH_00505	gene	957	pchR			
IFBJBKOH_00506	CDS	843	rhaS_1			HTH-type transcriptional activator RhaS
IFBJBKOH_00506	gene	843	rhaS_1			
IFBJBKOH_00507	CDS	915	yijE			putative cystine transporter YijE
IFBJBKOH_00507	gene	915	yijE			
IFBJBKOH_00508	CDS	423				hypothetical protein
IFBJBKOH_00508	gene	423				
IFBJBKOH_00509	CDS	1434				hypothetical protein
IFBJBKOH_00509	gene	1434				
IFBJBKOH_00510	CDS	426				hypothetical protein
IFBJBKOH_00510	gene	426				
IFBJBKOH_00511	CDS	846				hypothetical protein
IFBJBKOH_00511	gene	846				
IFBJBKOH_00512	CDS	594				hypothetical protein
IFBJBKOH_00512	gene	594				
IFBJBKOH_00513	CDS	294				hypothetical protein
IFBJBKOH_00513	gene	294				
IFBJBKOH_00514	CDS	309				hypothetical protein
IFBJBKOH_00514	gene	309				
IFBJBKOH_00515	CDS	339				hypothetical protein
IFBJBKOH_00515	gene	339				
IFBJBKOH_00516	CDS	264				hypothetical protein
IFBJBKOH_00516	gene	264				
IFBJBKOH_00517	CDS	753				hypothetical protein
IFBJBKOH_00517	gene	753				
IFBJBKOH_00518	CDS	633				hypothetical protein
IFBJBKOH_00518	gene	633				
IFBJBKOH_00519	CDS	576				hypothetical protein
IFBJBKOH_00519	gene	576				
IFBJBKOH_00520	CDS	1086	ltrA_1		COG3344	Group II intron-encoded protein LtrA
IFBJBKOH_00520	gene	1086	ltrA_1			
IFBJBKOH_00521	CDS	309				hypothetical protein
IFBJBKOH_00521	gene	309				
IFBJBKOH_00522	CDS	483				hypothetical protein
IFBJBKOH_00522	gene	483				
IFBJBKOH_00523	CDS	240				hypothetical protein
IFBJBKOH_00523	gene	240				
IFBJBKOH_00524	CDS	423				hypothetical protein
IFBJBKOH_00524	gene	423				
IFBJBKOH_00525	CDS	900				hypothetical protein
IFBJBKOH_00525	gene	900				
IFBJBKOH_00526	CDS	504				hypothetical protein
IFBJBKOH_00526	gene	504				
IFBJBKOH_00527	CDS	273				hypothetical protein
IFBJBKOH_00527	gene	273				
IFBJBKOH_00528	CDS	897	spo0C_1		COG1475	Chromosome-partitioning protein Spo0J
IFBJBKOH_00528	gene	897	spo0C_1			
IFBJBKOH_00529	CDS	987	nylB'_1	3.5.1.46		6-aminohexanoate-dimer hydrolase
IFBJBKOH_00529	gene	987	nylB'_1			
IFBJBKOH_00530	CDS	756				hypothetical protein
IFBJBKOH_00530	gene	756				
IFBJBKOH_00531	CDS	615				hypothetical protein
IFBJBKOH_00531	gene	615				
IFBJBKOH_00532	CDS	546				hypothetical protein
IFBJBKOH_00532	gene	546				
IFBJBKOH_00533	CDS	552	sutR		COG1396	HTH-type transcriptional regulator SutR
IFBJBKOH_00533	gene	552	sutR			
IFBJBKOH_00534	CDS	528				hypothetical protein
IFBJBKOH_00534	gene	528				
IFBJBKOH_00535	CDS	576				hypothetical protein
IFBJBKOH_00535	gene	576				
IFBJBKOH_00536	CDS	660				hypothetical protein
IFBJBKOH_00536	gene	660				
IFBJBKOH_00537	CDS	360	mecI			Methicillin resistance regulatory protein MecI
IFBJBKOH_00537	gene	360	mecI			
IFBJBKOH_00538	CDS	1359	blaR1_1			Regulatory protein BlaR1
IFBJBKOH_00538	gene	1359	blaR1_1			
IFBJBKOH_00539	CDS	210				hypothetical protein
IFBJBKOH_00539	gene	210				
IFBJBKOH_00540	CDS	489				hypothetical protein
IFBJBKOH_00540	gene	489				
IFBJBKOH_00541	CDS	1140				hypothetical protein
IFBJBKOH_00541	gene	1140				
IFBJBKOH_00542	CDS	840				hypothetical protein
IFBJBKOH_00542	gene	840				
IFBJBKOH_00543	CDS	1869	mutS_2		COG0249	DNA mismatch repair protein MutS
IFBJBKOH_00543	gene	1869	mutS_2			
IFBJBKOH_00544	CDS	243				hypothetical protein
IFBJBKOH_00544	gene	243				
IFBJBKOH_00545	CDS	1125				hypothetical protein
IFBJBKOH_00545	gene	1125				
IFBJBKOH_00546	CDS	843				hypothetical protein
IFBJBKOH_00546	gene	843				
IFBJBKOH_00547	CDS	441				hypothetical protein
IFBJBKOH_00547	gene	441				
IFBJBKOH_00548	CDS	105				hypothetical protein
IFBJBKOH_00548	gene	105				
IFBJBKOH_00549	CDS	738				hypothetical protein
IFBJBKOH_00549	gene	738				
IFBJBKOH_00550	CDS	231				hypothetical protein
IFBJBKOH_00550	gene	231				
IFBJBKOH_00551	CDS	90				hypothetical protein
IFBJBKOH_00551	gene	90				
IFBJBKOH_00552	CDS	141				hypothetical protein
IFBJBKOH_00552	gene	141				
IFBJBKOH_00553	CDS	678				hypothetical protein
IFBJBKOH_00553	gene	678				
IFBJBKOH_00554	CDS	351				hypothetical protein
IFBJBKOH_00554	gene	351				
IFBJBKOH_00555	CDS	510				hypothetical protein
IFBJBKOH_00555	gene	510				
IFBJBKOH_00556	CDS	2025				hypothetical protein
IFBJBKOH_00556	gene	2025				
IFBJBKOH_00557	CDS	1209	ugd	1.1.1.22	COG1004	UDP-glucose 6-dehydrogenase
IFBJBKOH_00557	gene	1209	ugd			
IFBJBKOH_00558	CDS	1854				hypothetical protein
IFBJBKOH_00558	gene	1854				
IFBJBKOH_00559	CDS	951				hypothetical protein
IFBJBKOH_00559	gene	951				
IFBJBKOH_00560	CDS	1149	albA_1	1.21.98.-	COG0535	Antilisterial bacteriocin subtilosin biosynthesis protein AlbA
IFBJBKOH_00560	gene	1149	albA_1			
IFBJBKOH_00561	CDS	780				hypothetical protein
IFBJBKOH_00561	gene	780				
IFBJBKOH_00562	CDS	975	oleD	1.1.1.412	COG0451	2-alkyl-3-oxoalkanoate reductase
IFBJBKOH_00562	gene	975	oleD			
IFBJBKOH_00563	CDS	1185	bshA	2.4.1.-	COG0438	N-acetyl-alpha-D-glucosaminyl L-malate synthase
IFBJBKOH_00563	gene	1185	bshA			
IFBJBKOH_00564	CDS	1059		2.4.1.54		Undecaprenyl-phosphate mannosyltransferase
IFBJBKOH_00564	gene	1059				
IFBJBKOH_00565	CDS	1704				hypothetical protein
IFBJBKOH_00565	gene	1704				
IFBJBKOH_00566	CDS	807				hypothetical protein
IFBJBKOH_00566	gene	807				
IFBJBKOH_00567	CDS	348	immR_2		COG1396	HTH-type transcriptional regulator ImmR
IFBJBKOH_00567	gene	348	immR_2			
IFBJBKOH_00568	CDS	564				hypothetical protein
IFBJBKOH_00568	gene	564				
IFBJBKOH_00569	CDS	336	mprA_1		COG0745	Response regulator MprA
IFBJBKOH_00569	gene	336	mprA_1			
IFBJBKOH_00570	CDS	1221				hypothetical protein
IFBJBKOH_00570	gene	1221				
IFBJBKOH_00571	CDS	1167				hypothetical protein
IFBJBKOH_00571	gene	1167				
IFBJBKOH_00572	CDS	402				hypothetical protein
IFBJBKOH_00572	gene	402				
IFBJBKOH_00573	CDS	1278				hypothetical protein
IFBJBKOH_00573	gene	1278				
IFBJBKOH_00574	CDS	318				hypothetical protein
IFBJBKOH_00574	gene	318				
IFBJBKOH_00575	CDS	429				hypothetical protein
IFBJBKOH_00575	gene	429				
IFBJBKOH_00576	CDS	609				hypothetical protein
IFBJBKOH_00576	gene	609				
IFBJBKOH_00577	CDS	498				hypothetical protein
IFBJBKOH_00577	gene	498				
IFBJBKOH_00578	CDS	786	xerC_3			Tyrosine recombinase XerC
IFBJBKOH_00578	gene	786	xerC_3			
IFBJBKOH_00579	CDS	1557				hypothetical protein
IFBJBKOH_00579	gene	1557				
IFBJBKOH_00580	CDS	747				Insertion sequence IS5376 putative ATP-binding protein
IFBJBKOH_00580	gene	747				
IFBJBKOH_00581	CDS	306				hypothetical protein
IFBJBKOH_00581	gene	306				
IFBJBKOH_00582	CDS	993	yhcG_1	3.1.-.-	COG4804	Putative nuclease YhcG
IFBJBKOH_00582	gene	993	yhcG_1			
IFBJBKOH_00583	CDS	222				hypothetical protein
IFBJBKOH_00583	gene	222				
IFBJBKOH_00584	CDS	4116				hypothetical protein
IFBJBKOH_00584	gene	4116				
IFBJBKOH_00585	CDS	294				hypothetical protein
IFBJBKOH_00585	gene	294				
IFBJBKOH_00586	CDS	1347	yeeO_2		COG0534	putative FMN/FAD exporter YeeO
IFBJBKOH_00586	gene	1347	yeeO_2			
IFBJBKOH_00587	CDS	591				hypothetical protein
IFBJBKOH_00587	gene	591				
IFBJBKOH_00588	CDS	1737	msbA_2	3.6.3.-	COG1132	Lipid A export ATP-binding/permease protein MsbA
IFBJBKOH_00588	gene	1737	msbA_2			
IFBJBKOH_00589	CDS	1773			COG1132	putative ABC transporter ATP-binding protein
IFBJBKOH_00589	gene	1773				
IFBJBKOH_00590	CDS	591				hypothetical protein
IFBJBKOH_00590	gene	591				
IFBJBKOH_00591	CDS	303				hypothetical protein
IFBJBKOH_00591	gene	303				
IFBJBKOH_00592	CDS	411		2.1.3.1	COG4799	Methylmalonyl-CoA carboxyltransferase 12S subunit
IFBJBKOH_00592	gene	411				
IFBJBKOH_00593	CDS	153	accD5	6.4.1.3	COG4799	putative propionyl-CoA carboxylase beta chain 5
IFBJBKOH_00593	gene	153	accD5			
IFBJBKOH_00594	CDS	921	fabD_1	2.3.1.39	COG0331	Malonyl CoA-acyl carrier protein transacylase
IFBJBKOH_00594	gene	921	fabD_1			
IFBJBKOH_00595	CDS	729	lgrE_2	1.1.-.-		Linear gramicidin dehydrogenase LgrE
IFBJBKOH_00595	gene	729	lgrE_2			
IFBJBKOH_00596	CDS	2499	grsB			Gramicidin S synthase 2
IFBJBKOH_00596	gene	2499	grsB			
IFBJBKOH_00597	CDS	3564	pksN_1	2.3.1.-	COG1020	Polyketide synthase PksN
IFBJBKOH_00597	gene	3564	pksN_1			
IFBJBKOH_00598	CDS	2076	cmdD			Chondramide synthase cmdD
IFBJBKOH_00598	gene	2076	cmdD			
IFBJBKOH_00599	CDS	4557	pksM			Polyketide synthase PksM
IFBJBKOH_00599	gene	4557	pksM			
IFBJBKOH_00600	CDS	1371	srfAA		COG0318	Surfactin synthase subunit 1
IFBJBKOH_00600	gene	1371	srfAA			
IFBJBKOH_00601	CDS	4995	tycC_3			Tyrocidine synthase 3
IFBJBKOH_00601	gene	4995	tycC_3			
IFBJBKOH_00602	CDS	849				hypothetical protein
IFBJBKOH_00602	gene	849				
IFBJBKOH_00603	CDS	750	pikAV	3.1.2.-		Thioesterase PikA5
IFBJBKOH_00603	gene	750	pikAV			
IFBJBKOH_00604	CDS	573	agrB_2	3.4.-.-		Accessory gene regulator protein B
IFBJBKOH_00604	gene	573	agrB_2			
IFBJBKOH_00605	CDS	156				hypothetical protein
IFBJBKOH_00605	gene	156				
IFBJBKOH_00606	CDS	1302				hypothetical protein
IFBJBKOH_00606	gene	1302				
IFBJBKOH_00607	CDS	732	ypdB_2		COG3279	Transcriptional regulatory protein YpdB
IFBJBKOH_00607	gene	732	ypdB_2			
IFBJBKOH_00608	CDS	321	clgR			Transcriptional regulator ClgR
IFBJBKOH_00608	gene	321	clgR			
IFBJBKOH_00609	CDS	276				hypothetical protein
IFBJBKOH_00609	gene	276				
IFBJBKOH_00610	CDS	849				hypothetical protein
IFBJBKOH_00610	gene	849				
IFBJBKOH_00611	CDS	405	spoVG_1		COG2088	Putative septation protein SpoVG
IFBJBKOH_00611	gene	405	spoVG_1			
IFBJBKOH_00612	CDS	165				hypothetical protein
IFBJBKOH_00612	gene	165				
IFBJBKOH_00613	CDS	1938	uvrD1	3.6.4.12	COG0210	ATP-dependent DNA helicase UvrD1
IFBJBKOH_00613	gene	1938	uvrD1			
IFBJBKOH_00614	CDS	2016	recF_1			DNA replication and repair protein RecF
IFBJBKOH_00614	gene	2016	recF_1			
IFBJBKOH_00615	CDS	690				hypothetical protein
IFBJBKOH_00615	gene	690				
IFBJBKOH_00616	CDS	1296				hypothetical protein
IFBJBKOH_00616	gene	1296				
IFBJBKOH_00617	CDS	825				hypothetical protein
IFBJBKOH_00617	gene	825				
IFBJBKOH_00618	CDS	600				hypothetical protein
IFBJBKOH_00618	gene	600				
IFBJBKOH_00619	CDS	2253				hypothetical protein
IFBJBKOH_00619	gene	2253				
IFBJBKOH_00620	CDS	1173	xerD_2			Tyrosine recombinase XerD
IFBJBKOH_00620	gene	1173	xerD_2			
IFBJBKOH_00621	CDS	222				hypothetical protein
IFBJBKOH_00621	gene	222				
IFBJBKOH_00622	CDS	1125	ltrA_2		COG3344	Group II intron-encoded protein LtrA
IFBJBKOH_00622	gene	1125	ltrA_2			
IFBJBKOH_00623	CDS	306				hypothetical protein
IFBJBKOH_00623	gene	306				
IFBJBKOH_00624	CDS	1380				hypothetical protein
IFBJBKOH_00624	gene	1380				
IFBJBKOH_00625	CDS	477				hypothetical protein
IFBJBKOH_00625	gene	477				
IFBJBKOH_00626	CDS	636				hypothetical protein
IFBJBKOH_00626	gene	636				
IFBJBKOH_00627	CDS	105				hypothetical protein
IFBJBKOH_00627	gene	105				
IFBJBKOH_00628	CDS	390				hypothetical protein
IFBJBKOH_00628	gene	390				
IFBJBKOH_00629	CDS	1014				hypothetical protein
IFBJBKOH_00629	gene	1014				
IFBJBKOH_00630	CDS	561	flr_1			Flavoredoxin
IFBJBKOH_00630	gene	561	flr_1			
IFBJBKOH_00631	CDS	201				hypothetical protein
IFBJBKOH_00631	gene	201				
IFBJBKOH_00632	CDS	714				hypothetical protein
IFBJBKOH_00632	gene	714				
IFBJBKOH_00633	CDS	549				hypothetical protein
IFBJBKOH_00633	gene	549				
IFBJBKOH_00634	CDS	117				hypothetical protein
IFBJBKOH_00634	gene	117				
IFBJBKOH_00635	CDS	951				hypothetical protein
IFBJBKOH_00635	gene	951				
IFBJBKOH_00636	CDS	1473				hypothetical protein
IFBJBKOH_00636	gene	1473				
IFBJBKOH_00637	CDS	2625				hypothetical protein
IFBJBKOH_00637	gene	2625				
IFBJBKOH_00638	CDS	1245				hypothetical protein
IFBJBKOH_00638	gene	1245				
IFBJBKOH_00639	CDS	570				hypothetical protein
IFBJBKOH_00639	gene	570				
IFBJBKOH_00640	CDS	474	spo0C_2		COG1475	Chromosome-partitioning protein Spo0J
IFBJBKOH_00640	gene	474	spo0C_2			
IFBJBKOH_00641	CDS	810	soj_1	3.6.-.-	COG1192	Sporulation initiation inhibitor protein Soj
IFBJBKOH_00641	gene	810	soj_1			
IFBJBKOH_00642	CDS	735				hypothetical protein
IFBJBKOH_00642	gene	735				
IFBJBKOH_00643	CDS	453				hypothetical protein
IFBJBKOH_00643	gene	453				
IFBJBKOH_00644	CDS	1038	cytR_1		COG1609	HTH-type transcriptional repressor CytR
IFBJBKOH_00644	gene	1038	cytR_1			
IFBJBKOH_00645	CDS	1479	malQ_1	2.4.1.25	COG1640	4-alpha-glucanotransferase
IFBJBKOH_00645	gene	1479	malQ_1			
IFBJBKOH_00646	CDS	870	araQ_2		COG0395	L-arabinose transport system permease protein AraQ
IFBJBKOH_00646	gene	870	araQ_2			
IFBJBKOH_00647	CDS	843	araP_1		COG1175	L-arabinose transport system permease protein AraP
IFBJBKOH_00647	gene	843	araP_1			
IFBJBKOH_00648	CDS	1392				hypothetical protein
IFBJBKOH_00648	gene	1392				
IFBJBKOH_00649	CDS	138	malL_1	3.2.1.10	COG0366	Oligo-1,6-glucosidase 1
IFBJBKOH_00649	gene	138	malL_1			
IFBJBKOH_00650	CDS	465				hypothetical protein
IFBJBKOH_00650	gene	465				
IFBJBKOH_00651	CDS	1050	carE_2	1.3.1.108	COG2025	Caffeyl-CoA reductase-Etf complex subunit CarE
IFBJBKOH_00651	gene	1050	carE_2			
IFBJBKOH_00652	CDS	783	carD_1	1.3.1.108	COG2086	Caffeyl-CoA reductase-Etf complex subunit CarD
IFBJBKOH_00652	gene	783	carD_1			
IFBJBKOH_00653	CDS	1152	bcd	1.3.8.1	COG1960	Acyl-CoA dehydrogenase, short-chain specific
IFBJBKOH_00653	gene	1152	bcd			
IFBJBKOH_00654	CDS	840	hbd_1	1.1.1.157	COG1250	3-hydroxybutyryl-CoA dehydrogenase
IFBJBKOH_00654	gene	840	hbd_1			
IFBJBKOH_00655	CDS	777	crt	4.2.1.150	COG1024	Short-chain-enoyl-CoA hydratase
IFBJBKOH_00655	gene	777	crt			
IFBJBKOH_00656	CDS	1182	thlA_1	2.3.1.9	COG0183	Acetyl-CoA acetyltransferase
IFBJBKOH_00656	gene	1182	thlA_1			
IFBJBKOH_00657	CDS	345	coaD_1	2.7.7.3		Phosphopantetheine adenylyltransferase
IFBJBKOH_00657	gene	345	coaD_1			
IFBJBKOH_00658	CDS	1470	lcfB_1	6.2.1.3	COG0318	Long-chain-fatty-acid--CoA ligase
IFBJBKOH_00658	gene	1470	lcfB_1			
IFBJBKOH_00659	CDS	1215				hypothetical protein
IFBJBKOH_00659	gene	1215				
IFBJBKOH_00660	CDS	1074				hypothetical protein
IFBJBKOH_00660	gene	1074				
IFBJBKOH_00661	CDS	654	pksB	3.-.-.-	COG0491	putative polyketide biosynthesis zinc-dependent hydrolase PksB
IFBJBKOH_00661	gene	654	pksB			
IFBJBKOH_00662	CDS	237				hypothetical protein
IFBJBKOH_00662	gene	237				
IFBJBKOH_00663	CDS	759	phaJ	4.2.1.119		(R)-specific enoyl-CoA hydratase
IFBJBKOH_00663	gene	759	phaJ			
IFBJBKOH_00664	CDS	891	cynR_2			HTH-type transcriptional regulator CynR
IFBJBKOH_00664	gene	891	cynR_2			
IFBJBKOH_00665	CDS	288	nfuA			Fe/S biogenesis protein NfuA
IFBJBKOH_00665	gene	288	nfuA			
IFBJBKOH_00666	CDS	324				hypothetical protein
IFBJBKOH_00666	gene	324				
IFBJBKOH_00667	CDS	1308		2.8.3.-	COG0427	Butanoate coenzyme A-transferase
IFBJBKOH_00667	gene	1308				
IFBJBKOH_00668	CDS	1317		2.8.3.-	COG0427	Butanoate coenzyme A-transferase
IFBJBKOH_00668	gene	1317				
IFBJBKOH_00669	CDS	1449	abfD	4.2.1.120		4-hydroxybutyryl-CoA dehydratase/vinylacetyl-CoA-Delta-isomerase
IFBJBKOH_00669	gene	1449	abfD			
IFBJBKOH_00670	CDS	1116	adh1_1	1.1.1.192	COG1454	Long-chain-alcohol dehydrogenase 1
IFBJBKOH_00670	gene	1116	adh1_1			
IFBJBKOH_00671	CDS	1359	sucD_1	1.2.1.76	COG1012	Succinate-semialdehyde dehydrogenase (acetylating)
IFBJBKOH_00671	gene	1359	sucD_1			
IFBJBKOH_00672	CDS	936	cynR_3			HTH-type transcriptional regulator CynR
IFBJBKOH_00672	gene	936	cynR_3			
IFBJBKOH_00673	CDS	258				hypothetical protein
IFBJBKOH_00673	gene	258				
IFBJBKOH_00674	CDS	1188	yxeP_2	3.-.-.-	COG1473	putative hydrolase YxeP
IFBJBKOH_00674	gene	1188	yxeP_2			
IFBJBKOH_00675	CDS	318				hypothetical protein
IFBJBKOH_00675	gene	318				
IFBJBKOH_00676	CDS	552				hypothetical protein
IFBJBKOH_00676	gene	552				
IFBJBKOH_00677	CDS	255	xerC_4			Tyrosine recombinase XerC
IFBJBKOH_00677	gene	255	xerC_4			
IFBJBKOH_00678	CDS	1317				hypothetical protein
IFBJBKOH_00678	gene	1317				
IFBJBKOH_00679	CDS	396				hypothetical protein
IFBJBKOH_00679	gene	396				
IFBJBKOH_00680	CDS	405	fliS		COG1516	Flagellar secretion chaperone FliS
IFBJBKOH_00680	gene	405	fliS			
IFBJBKOH_00681	CDS	2523	fliD		COG1345	Flagellar hook-associated protein 2
IFBJBKOH_00681	gene	2523	fliD			
IFBJBKOH_00682	CDS	1680	tar		COG0840	Methyl-accepting chemotaxis protein II
IFBJBKOH_00682	gene	1680	tar			
IFBJBKOH_00683	CDS	852	hag_1		COG1344	Flagellin
IFBJBKOH_00683	gene	852	hag_1			
IFBJBKOH_00684	CDS	1083	sunS_1	2.4.1.-	COG0463	SPBc2 prophage-derived glycosyltransferase SunS
IFBJBKOH_00684	gene	1083	sunS_1			
IFBJBKOH_00685	CDS	639				hypothetical protein
IFBJBKOH_00685	gene	639				
IFBJBKOH_00686	CDS	765	slt	4.2.2.-	COG0741	Soluble lytic murein transglycosylase
IFBJBKOH_00686	gene	765	slt			
IFBJBKOH_00687	CDS	1152	lytA_1	3.5.1.28		Autolysin
IFBJBKOH_00687	gene	1152	lytA_1			
IFBJBKOH_00688	CDS	1371	toxA_2	3.4.22.-		Toxin A
IFBJBKOH_00688	gene	1371	toxA_2			
IFBJBKOH_00689	CDS	282	flhB_1		COG1377	Flagellar biosynthetic protein FlhB
IFBJBKOH_00689	gene	282	flhB_1			
IFBJBKOH_00690	CDS	1428				hypothetical protein
IFBJBKOH_00690	gene	1428				
IFBJBKOH_00691	CDS	306				hypothetical protein
IFBJBKOH_00691	gene	306				
IFBJBKOH_00692	CDS	426				hypothetical protein
IFBJBKOH_00692	gene	426				
IFBJBKOH_00693	CDS	1701				hypothetical protein
IFBJBKOH_00693	gene	1701				
IFBJBKOH_00694	CDS	1158				hypothetical protein
IFBJBKOH_00694	gene	1158				
IFBJBKOH_00695	CDS	591				hypothetical protein
IFBJBKOH_00695	gene	591				
IFBJBKOH_00696	CDS	495	fliW		COG1699	Flagellar assembly factor FliW
IFBJBKOH_00696	gene	495	fliW			
IFBJBKOH_00697	CDS	246	csrA1			Translational regulator CsrA1
IFBJBKOH_00697	gene	246	csrA1			
IFBJBKOH_00698	CDS	1200				hypothetical protein
IFBJBKOH_00698	gene	1200				
IFBJBKOH_00699	CDS	837				hypothetical protein
IFBJBKOH_00699	gene	837				
IFBJBKOH_00700	CDS	612				hypothetical protein
IFBJBKOH_00700	gene	612				
IFBJBKOH_00701	CDS	801	parA_1			Chromosome partitioning protein ParA
IFBJBKOH_00701	gene	801	parA_1			
IFBJBKOH_00702	CDS	921				hypothetical protein
IFBJBKOH_00702	gene	921				
IFBJBKOH_00703	CDS	942	cheV		COG0784	Chemotaxis protein CheV
IFBJBKOH_00703	gene	942	cheV			
IFBJBKOH_00704	CDS	486	cheD	3.5.1.44	COG1871	Chemoreceptor glutamine deamidase CheD
IFBJBKOH_00704	gene	486	cheD			
IFBJBKOH_00705	CDS	621	cheC	3.-.-.-	COG1776	CheY-P phosphatase CheC
IFBJBKOH_00705	gene	621	cheC			
IFBJBKOH_00706	CDS	780	flgG_1		COG4786	Flagellar basal-body rod protein FlgG
IFBJBKOH_00706	gene	780	flgG_1			
IFBJBKOH_00707	CDS	780	flgG_2		COG4786	Flagellar basal-body rod protein FlgG
IFBJBKOH_00707	gene	780	flgG_2			
IFBJBKOH_00708	CDS	789	sigD		COG1191	RNA polymerase sigma-D factor
IFBJBKOH_00708	gene	789	sigD			
IFBJBKOH_00709	CDS	2124	flhA		COG1298	Flagellar biosynthesis protein FlhA
IFBJBKOH_00709	gene	2124	flhA			
IFBJBKOH_00710	CDS	1074	flhB_2		COG1377	Flagellar biosynthetic protein FlhB
IFBJBKOH_00710	gene	1074	flhB_2			
IFBJBKOH_00711	CDS	753				hypothetical protein
IFBJBKOH_00711	gene	753				
IFBJBKOH_00712	CDS	264				hypothetical protein
IFBJBKOH_00712	gene	264				
IFBJBKOH_00713	CDS	657	fliP		COG1338	Flagellar biosynthetic protein FliP
IFBJBKOH_00713	gene	657	fliP			
IFBJBKOH_00714	CDS	303				hypothetical protein
IFBJBKOH_00714	gene	303				
IFBJBKOH_00715	CDS	1299	fliN		COG1886	Flagellar motor switch protein FliN
IFBJBKOH_00715	gene	1299	fliN			
IFBJBKOH_00716	CDS	450	flgC		COG1558	Flagellar basal-body rod protein FlgC
IFBJBKOH_00716	gene	450	flgC			
IFBJBKOH_00717	CDS	363	cheY_1		COG0784	Chemotaxis protein CheY
IFBJBKOH_00717	gene	363	cheY_1			
IFBJBKOH_00718	CDS	1059	fliM		COG1868	Flagellar motor switch protein FliM
IFBJBKOH_00718	gene	1059	fliM			
IFBJBKOH_00719	CDS	924	motB		COG1360	Motility protein B
IFBJBKOH_00719	gene	924	motB			
IFBJBKOH_00720	CDS	813	pomA		COG1291	Chemotaxis protein PomA
IFBJBKOH_00720	gene	813	pomA			
IFBJBKOH_00721	CDS	195	swrD		COG1582	Swarming motility protein SwrD
IFBJBKOH_00721	gene	195	swrD			
IFBJBKOH_00722	CDS	942	flgG_3		COG4786	Flagellar basal-body rod protein FlgG
IFBJBKOH_00722	gene	942	flgG_3			
IFBJBKOH_00723	CDS	279				hypothetical protein
IFBJBKOH_00723	gene	279				
IFBJBKOH_00724	CDS	513				hypothetical protein
IFBJBKOH_00724	gene	513				
IFBJBKOH_00725	CDS	1185				hypothetical protein
IFBJBKOH_00725	gene	1185				
IFBJBKOH_00726	CDS	459				hypothetical protein
IFBJBKOH_00726	gene	459				
IFBJBKOH_00727	CDS	1302	yscN	3.6.3.14		putative ATP synthase YscN
IFBJBKOH_00727	gene	1302	yscN			
IFBJBKOH_00728	CDS	831	atpE_1			V-type proton ATPase subunit E
IFBJBKOH_00728	gene	831	atpE_1			
IFBJBKOH_00729	CDS	1053	fliG		COG1536	Flagellar motor switch protein FliG
IFBJBKOH_00729	gene	1053	fliG			
IFBJBKOH_00730	CDS	1728	fliF		COG1766	Flagellar M-ring protein
IFBJBKOH_00730	gene	1728	fliF			
IFBJBKOH_00731	CDS	330	fliE			Flagellar hook-basal body complex protein FliE
IFBJBKOH_00731	gene	330	fliE			
IFBJBKOH_00732	CDS	396	flgB		COG1815	Flagellar basal body rod protein FlgB
IFBJBKOH_00732	gene	396	flgB			
IFBJBKOH_00733	CDS	867	xerD_3		COG4974	Tyrosine recombinase XerD
IFBJBKOH_00733	gene	867	xerD_3			
IFBJBKOH_00734	CDS	1746	tap		COG0840	Methyl-accepting chemotaxis protein IV
IFBJBKOH_00734	gene	1746	tap			
IFBJBKOH_00735	CDS	819				hypothetical protein
IFBJBKOH_00735	gene	819				
IFBJBKOH_00736	CDS	2094	cheA	2.7.13.3	COG0643	Chemotaxis protein CheA
IFBJBKOH_00736	gene	2094	cheA			
IFBJBKOH_00737	CDS	480	cheW		COG0835	Chemotaxis protein CheW
IFBJBKOH_00737	gene	480	cheW			
IFBJBKOH_00738	CDS	816	cheR1	2.1.1.80		Chemotaxis protein methyltransferase 1
IFBJBKOH_00738	gene	816	cheR1			
IFBJBKOH_00739	CDS	1077	cheB	3.1.1.61	COG2201	Chemotaxis response regulator protein-glutamate methylesterase
IFBJBKOH_00739	gene	1077	cheB			
IFBJBKOH_00740	CDS	894				hypothetical protein
IFBJBKOH_00740	gene	894				
IFBJBKOH_00741	CDS	1332	sunS_2	2.4.1.-	COG0463	SPBc2 prophage-derived glycosyltransferase SunS
IFBJBKOH_00741	gene	1332	sunS_2			
IFBJBKOH_00742	CDS	954	rfbB	4.2.1.46	COG1088	dTDP-glucose 4,6-dehydratase
IFBJBKOH_00742	gene	954	rfbB			
IFBJBKOH_00743	CDS	420	tagD	2.7.7.39	COG0615	Glycerol-3-phosphate cytidylyltransferase
IFBJBKOH_00743	gene	420	tagD			
IFBJBKOH_00744	CDS	1044				hypothetical protein
IFBJBKOH_00744	gene	1044				
IFBJBKOH_00745	CDS	1623				hypothetical protein
IFBJBKOH_00745	gene	1623				
IFBJBKOH_00746	CDS	933	elmMIII	2.1.1.307		8-demethyl-8-(2,3-dimethoxy-alpha-L-rhamnosyl)-tetracenomycin-C 4'-O-methyltransferase
IFBJBKOH_00746	gene	933	elmMIII			
IFBJBKOH_00747	CDS	1560	tarL	2.7.8.47		Teichoic acid poly(ribitol-phosphate) polymerase
IFBJBKOH_00747	gene	1560	tarL			
IFBJBKOH_00748	CDS	1062				hypothetical protein
IFBJBKOH_00748	gene	1062				
IFBJBKOH_00749	CDS	2169				hypothetical protein
IFBJBKOH_00749	gene	2169				
IFBJBKOH_00750	CDS	717	tarI	2.7.7.40		Ribitol-5-phosphate cytidylyltransferase
IFBJBKOH_00750	gene	717	tarI			
IFBJBKOH_00751	CDS	819	hag_2		COG1344	Flagellin
IFBJBKOH_00751	gene	819	hag_2			
IFBJBKOH_00752	CDS	1494	nanR_1			Transcriptional regulator NanR
IFBJBKOH_00752	gene	1494	nanR_1			
IFBJBKOH_00753	CDS	2565	barA	2.7.13.3	COG0784	Signal transduction histidine-protein kinase BarA
IFBJBKOH_00753	gene	2565	barA			
IFBJBKOH_00754	CDS	363				hypothetical protein
IFBJBKOH_00754	gene	363				
IFBJBKOH_00755	CDS	1644		3.1.4.-	COG3437	putative cyclic di-GMP phosphodiesterase
IFBJBKOH_00755	gene	1644				
IFBJBKOH_00756	CDS	624				hypothetical protein
IFBJBKOH_00756	gene	624				
IFBJBKOH_00757	CDS	342	spo0A_1		COG0784	Stage 0 sporulation protein A
IFBJBKOH_00757	gene	342	spo0A_1			
IFBJBKOH_00758	CDS	654				hypothetical protein
IFBJBKOH_00758	gene	654				
IFBJBKOH_00759	CDS	255				hypothetical protein
IFBJBKOH_00759	gene	255				
IFBJBKOH_00760	CDS	933	melB_1		COG2211	Melibiose carrier protein
IFBJBKOH_00760	gene	933	melB_1			
IFBJBKOH_00761	CDS	747	melR_3			Melibiose operon regulatory protein
IFBJBKOH_00761	gene	747	melR_3			
IFBJBKOH_00762	CDS	270				hypothetical protein
IFBJBKOH_00762	gene	270				
IFBJBKOH_00763	CDS	600	regX3_1		COG0745	Sensory transduction protein regX3
IFBJBKOH_00763	gene	600	regX3_1			
IFBJBKOH_00764	CDS	1176				hypothetical protein
IFBJBKOH_00764	gene	1176				
IFBJBKOH_00765	CDS	1149	rbsB_3		COG1879	Ribose import binding protein RbsB
IFBJBKOH_00765	gene	1149	rbsB_3			
IFBJBKOH_00766	CDS	1017	rbsC_4		COG1172	Ribose import permease protein RbsC
IFBJBKOH_00766	gene	1017	rbsC_4			
IFBJBKOH_00767	CDS	1509	rbsA_2	3.6.3.17	COG1129	Ribose import ATP-binding protein RbsA
IFBJBKOH_00767	gene	1509	rbsA_2			
IFBJBKOH_00768	CDS	450	fucU_1	5.1.3.29	COG4154	L-fucose mutarotase
IFBJBKOH_00768	gene	450	fucU_1			
IFBJBKOH_00769	CDS	705	fucA_1	4.1.2.17	COG0235	L-fuculose phosphate aldolase
IFBJBKOH_00769	gene	705	fucA_1			
IFBJBKOH_00770	CDS	1470	rhaB_1	2.7.1.5	COG1070	L-Rhamnulokinase
IFBJBKOH_00770	gene	1470	rhaB_1			
IFBJBKOH_00771	CDS	1794	fucI	5.3.1.25	COG2407	L-fucose isomerase
IFBJBKOH_00771	gene	1794	fucI			
IFBJBKOH_00772	CDS	852	btr_1		COG0614	HTH-type transcriptional activator Btr
IFBJBKOH_00772	gene	852	btr_1			
IFBJBKOH_00773	CDS	942				hypothetical protein
IFBJBKOH_00773	gene	942				
IFBJBKOH_00774	CDS	189				hypothetical protein
IFBJBKOH_00774	gene	189				
IFBJBKOH_00775	CDS	1275	purD_1	6.3.4.13	COG0151	Phosphoribosylamine--glycine ligase
IFBJBKOH_00775	gene	1275	purD_1			
IFBJBKOH_00776	CDS	591	purN_1	2.1.2.2		Phosphoribosylglycinamide formyltransferase
IFBJBKOH_00776	gene	591	purN_1			
IFBJBKOH_00777	CDS	1035	purM	6.3.3.1	COG0150	Phosphoribosylformylglycinamidine cyclo-ligase
IFBJBKOH_00777	gene	1035	purM			
IFBJBKOH_00778	CDS	516	purE	5.4.99.18	COG0041	N5-carboxyaminoimidazole ribonucleotide mutase
IFBJBKOH_00778	gene	516	purE			
IFBJBKOH_00779	CDS	2223				hypothetical protein
IFBJBKOH_00779	gene	2223				
IFBJBKOH_00780	CDS	324				hypothetical protein
IFBJBKOH_00780	gene	324				
IFBJBKOH_00781	CDS	474				hypothetical protein
IFBJBKOH_00781	gene	474				
IFBJBKOH_00782	CDS	180				hypothetical protein
IFBJBKOH_00782	gene	180				
IFBJBKOH_00783	CDS	678	pyrE_1	2.4.2.10	COG0461	Orotate phosphoribosyltransferase
IFBJBKOH_00783	gene	678	pyrE_1			
IFBJBKOH_00784	CDS	903	pyrD_1	1.3.1.14	COG0167	Dihydroorotate dehydrogenase B (NAD(+)), catalytic subunit
IFBJBKOH_00784	gene	903	pyrD_1			
IFBJBKOH_00785	CDS	795	pyrK_1		COG0543	Dihydroorotate dehydrogenase B (NAD(+)), electron transfer subunit
IFBJBKOH_00785	gene	795	pyrK_1			
IFBJBKOH_00786	CDS	918	pyrF	4.1.1.23	COG0284	Orotidine 5'-phosphate decarboxylase
IFBJBKOH_00786	gene	918	pyrF			
IFBJBKOH_00787	CDS	1248	uxaC_1	5.3.1.12	COG1904	Uronate isomerase
IFBJBKOH_00787	gene	1248	uxaC_1			
IFBJBKOH_00788	CDS	321	baiA	1.1.1.392		3-alpha-hydroxycholanate dehydrogenase (NADP(+))
IFBJBKOH_00788	gene	321	baiA			
IFBJBKOH_00789	CDS	879	lsrF	2.3.1.245	COG1830	3-hydroxy-5-phosphonooxypentane-2,4-dione thiolase
IFBJBKOH_00789	gene	879	lsrF			
IFBJBKOH_00790	CDS	1185	lsrB_1			Autoinducer 2-binding protein LsrB
IFBJBKOH_00790	gene	1185	lsrB_1			
IFBJBKOH_00791	CDS	1335				hypothetical protein
IFBJBKOH_00791	gene	1335				
IFBJBKOH_00792	CDS	990	lsrD			Autoinducer 2 import system permease protein LsrD
IFBJBKOH_00792	gene	990	lsrD			
IFBJBKOH_00793	CDS	1017	lsrC		COG1172	Autoinducer 2 import system permease protein LsrC
IFBJBKOH_00793	gene	1017	lsrC			
IFBJBKOH_00794	CDS	1521	lsrA	3.6.3.-	COG1129	Autoinducer 2 import ATP-binding protein LsrA
IFBJBKOH_00794	gene	1521	lsrA			
IFBJBKOH_00795	CDS	915	lsrR		COG2390	Transcriptional regulator LsrR
IFBJBKOH_00795	gene	915	lsrR			
IFBJBKOH_00796	CDS	1566	lsrK_1	2.7.1.189	COG1070	Autoinducer-2 kinase
IFBJBKOH_00796	gene	1566	lsrK_1			
IFBJBKOH_00797	CDS	351				hypothetical protein
IFBJBKOH_00797	gene	351				
IFBJBKOH_00798	CDS	1383				hypothetical protein
IFBJBKOH_00798	gene	1383				
IFBJBKOH_00799	CDS	444			COG0071	putative Hsp20 family chaperone
IFBJBKOH_00799	gene	444				
IFBJBKOH_00800	CDS	1677	nfdA_1	3.5.1.91		N-substituted formamide deformylase
IFBJBKOH_00800	gene	1677	nfdA_1			
IFBJBKOH_00801	CDS	1578	ywiE	2.7.8.-	COG1502	putative cardiolipin synthase YwiE
IFBJBKOH_00801	gene	1578	ywiE			
IFBJBKOH_00802	CDS	1392	yeeO_3		COG0534	putative FMN/FAD exporter YeeO
IFBJBKOH_00802	gene	1392	yeeO_3			
IFBJBKOH_00803	CDS	1797	pepF1	3.4.24.-		Oligoendopeptidase F, plasmid
IFBJBKOH_00803	gene	1797	pepF1			
IFBJBKOH_00804	CDS	705	cidB		COG1346	Holin-like protein CidB
IFBJBKOH_00804	gene	705	cidB			
IFBJBKOH_00805	CDS	363	lrgA		COG1380	Antiholin-like protein LrgA
IFBJBKOH_00805	gene	363	lrgA			
IFBJBKOH_00806	CDS	921	mshD_1	2.3.1.189		Mycothiol acetyltransferase
IFBJBKOH_00806	gene	921	mshD_1			
IFBJBKOH_00807	CDS	714	ywaC_1	2.7.6.5	COG2357	GTP pyrophosphokinase YwaC
IFBJBKOH_00807	gene	714	ywaC_1			
IFBJBKOH_00808	CDS	837	apbC		COG0489	Iron-sulfur cluster carrier protein
IFBJBKOH_00808	gene	837	apbC			
IFBJBKOH_00809	CDS	1107	fliU			Flagellar biosynthetic protein FliU
IFBJBKOH_00809	gene	1107	fliU			
IFBJBKOH_00810	CDS	597	pucD_1	1.17.1.4	COG1529	putative xanthine dehydrogenase subunit D
IFBJBKOH_00810	gene	597	pucD_1			
IFBJBKOH_00811	CDS	345	pucD_2	1.17.1.4	COG1529	putative xanthine dehydrogenase subunit D
IFBJBKOH_00811	gene	345	pucD_2			
IFBJBKOH_00812	CDS	123				hypothetical protein
IFBJBKOH_00812	gene	123				
IFBJBKOH_00813	CDS	930				hypothetical protein
IFBJBKOH_00813	gene	930				
IFBJBKOH_00814	CDS	303				hypothetical protein
IFBJBKOH_00814	gene	303				
IFBJBKOH_00815	CDS	1191	dapE_1	3.5.1.18	COG0624	Succinyl-diaminopimelate desuccinylase
IFBJBKOH_00815	gene	1191	dapE_1			
IFBJBKOH_00816	CDS	1200	preA	1.3.1.1	COG0167	NAD-dependent dihydropyrimidine dehydrogenase subunit PreA
IFBJBKOH_00816	gene	1200	preA			
IFBJBKOH_00817	CDS	1197	dpaL_1	4.3.1.15	COG1171	Diaminopropionate ammonia-lyase
IFBJBKOH_00817	gene	1197	dpaL_1			
IFBJBKOH_00818	CDS	492	ndhS	1.17.1.5		Nicotinate dehydrogenase small FeS subunit
IFBJBKOH_00818	gene	492	ndhS			
IFBJBKOH_00819	CDS	876	ndhF_1	1.17.1.5		Nicotinate dehydrogenase FAD-subunit
IFBJBKOH_00819	gene	876	ndhF_1			
IFBJBKOH_00820	CDS	2361	hcrA	1.3.7.9		4-hydroxybenzoyl-CoA reductase subunit alpha
IFBJBKOH_00820	gene	2361	hcrA			
IFBJBKOH_00821	CDS	1347	mtaD_1	3.5.4.28	COG0402	5-methylthioadenosine/S-adenosylhomocysteine deaminase
IFBJBKOH_00821	gene	1347	mtaD_1			
IFBJBKOH_00822	CDS	1425	atzA_1	3.8.1.8		Atrazine chlorohydrolase
IFBJBKOH_00822	gene	1425	atzA_1			
IFBJBKOH_00823	CDS	1650	pucK_1		COG2233	Uric acid permease PucK
IFBJBKOH_00823	gene	1650	pucK_1			
IFBJBKOH_00824	CDS	1374		3.5.2.-		D-hydantoinase
IFBJBKOH_00824	gene	1374				
IFBJBKOH_00825	CDS	780				hypothetical protein
IFBJBKOH_00825	gene	780				
IFBJBKOH_00826	CDS	660	siaM_1		COG1593	Sialic acid TRAP transporter large permease protein SiaM
IFBJBKOH_00826	gene	660	siaM_1			
IFBJBKOH_00827	CDS	540	dctM_3		COG1593	C4-dicarboxylate TRAP transporter large permease protein DctM
IFBJBKOH_00827	gene	540	dctM_3			
IFBJBKOH_00828	CDS	510	uehB_2		COG3090	Ectoine/5-hydroxyectoine TRAP transporter small permease protein UehB
IFBJBKOH_00828	gene	510	uehB_2			
IFBJBKOH_00829	CDS	897			COG1638	Solute-binding protein
IFBJBKOH_00829	gene	897				
IFBJBKOH_00830	CDS	801				hypothetical protein
IFBJBKOH_00830	gene	801				
IFBJBKOH_00831	CDS	1833	ltrA_3		COG3344	Group II intron-encoded protein LtrA
IFBJBKOH_00831	gene	1833	ltrA_3			
IFBJBKOH_00832	CDS	303				hypothetical protein
IFBJBKOH_00832	gene	303				
IFBJBKOH_00833	CDS	381				hypothetical protein
IFBJBKOH_00833	gene	381				
IFBJBKOH_00834	CDS	2517				hypothetical protein
IFBJBKOH_00834	gene	2517				
IFBJBKOH_00835	CDS	1926	ltrA_4		COG3344	Group II intron-encoded protein LtrA
IFBJBKOH_00835	gene	1926	ltrA_4			
IFBJBKOH_00836	CDS	342				hypothetical protein
IFBJBKOH_00836	gene	342				
IFBJBKOH_00837	CDS	801	yhdJ_1	2.1.1.72	COG0863	DNA adenine methyltransferase YhdJ
IFBJBKOH_00837	gene	801	yhdJ_1			
IFBJBKOH_00838	CDS	780				hypothetical protein
IFBJBKOH_00838	gene	780				
IFBJBKOH_00839	CDS	285				hypothetical protein
IFBJBKOH_00839	gene	285				
IFBJBKOH_00840	CDS	1293				hypothetical protein
IFBJBKOH_00840	gene	1293				
IFBJBKOH_00841	CDS	843				hypothetical protein
IFBJBKOH_00841	gene	843				
IFBJBKOH_00842	CDS	1959	ltrA_5		COG3344	Group II intron-encoded protein LtrA
IFBJBKOH_00842	gene	1959	ltrA_5			
IFBJBKOH_00843	CDS	813	tnsA_1			Transposon Tn7 transposition protein TnsA
IFBJBKOH_00843	gene	813	tnsA_1			
IFBJBKOH_00844	CDS	2175	tnsB_1			Transposon Tn7 transposition protein TnsB
IFBJBKOH_00844	gene	2175	tnsB_1			
IFBJBKOH_00845	CDS	1425	tnsC_1			Transposon Tn7 transposition protein TnsC
IFBJBKOH_00845	gene	1425	tnsC_1			
IFBJBKOH_00846	CDS	1941				hypothetical protein
IFBJBKOH_00846	gene	1941				
IFBJBKOH_00847	CDS	819				hypothetical protein
IFBJBKOH_00847	gene	819				
IFBJBKOH_00848	CDS	1566	recF_2			DNA replication and repair protein RecF
IFBJBKOH_00848	gene	1566	recF_2			
IFBJBKOH_00849	CDS	342				hypothetical protein
IFBJBKOH_00849	gene	342				
IFBJBKOH_00850	CDS	249				hypothetical protein
IFBJBKOH_00850	gene	249				
IFBJBKOH_00851	CDS	159				hypothetical protein
IFBJBKOH_00851	gene	159				
IFBJBKOH_00852	CDS	240				hypothetical protein
IFBJBKOH_00852	gene	240				
IFBJBKOH_00853	CDS	624				hypothetical protein
IFBJBKOH_00853	gene	624				
IFBJBKOH_00854	CDS	1149				hypothetical protein
IFBJBKOH_00854	gene	1149				
IFBJBKOH_00855	CDS	720	ltrA_6		COG3344	Group II intron-encoded protein LtrA
IFBJBKOH_00855	gene	720	ltrA_6			
IFBJBKOH_00856	CDS	237				hypothetical protein
IFBJBKOH_00856	gene	237				
IFBJBKOH_00857	CDS	258				hypothetical protein
IFBJBKOH_00857	gene	258				
IFBJBKOH_00858	CDS	399				hypothetical protein
IFBJBKOH_00858	gene	399				
IFBJBKOH_00859	CDS	399				hypothetical protein
IFBJBKOH_00859	gene	399				
IFBJBKOH_00860	CDS	318				hypothetical protein
IFBJBKOH_00860	gene	318				
IFBJBKOH_00861	CDS	174				hypothetical protein
IFBJBKOH_00861	gene	174				
IFBJBKOH_00862	CDS	255	hldE	2.7.7.70		Bifunctional protein HldE
IFBJBKOH_00862	gene	255	hldE			
IFBJBKOH_00863	CDS	1074				hypothetical protein
IFBJBKOH_00863	gene	1074				
IFBJBKOH_00864	CDS	1683				hypothetical protein
IFBJBKOH_00864	gene	1683				
IFBJBKOH_00865	CDS	843	araQ_3		COG0395	L-arabinose transport system permease protein AraQ
IFBJBKOH_00865	gene	843	araQ_3			
IFBJBKOH_00866	CDS	912	araP_2		COG1175	L-arabinose transport system permease protein AraP
IFBJBKOH_00866	gene	912	araP_2			
IFBJBKOH_00867	CDS	2265				hypothetical protein
IFBJBKOH_00867	gene	2265				
IFBJBKOH_00868	CDS	687	mprA_2			Response regulator MprA
IFBJBKOH_00868	gene	687	mprA_2			
IFBJBKOH_00869	CDS	1341	resE_1	2.7.13.3		Sensor histidine kinase ResE
IFBJBKOH_00869	gene	1341	resE_1			
IFBJBKOH_00870	CDS	1845	ams	2.4.1.4	COG0366	Amylosucrase
IFBJBKOH_00870	gene	1845	ams			
IFBJBKOH_00871	CDS	2202	agaSK			Bifunctional alpha-galactosidase/sucrose kinase AgaSK
IFBJBKOH_00871	gene	2202	agaSK			
IFBJBKOH_00872	CDS	834	araQ_4		COG0395	L-arabinose transport system permease protein AraQ
IFBJBKOH_00872	gene	834	araQ_4			
IFBJBKOH_00873	CDS	882	lacF_2			Lactose transport system permease protein LacF
IFBJBKOH_00873	gene	882	lacF_2			
IFBJBKOH_00874	CDS	1302	yesO_2		COG1653	Putative ABC transporter substrate-binding protein YesO
IFBJBKOH_00874	gene	1302	yesO_2			
IFBJBKOH_00875	CDS	858	nphR			Transcriptional activator NphR
IFBJBKOH_00875	gene	858	nphR			
IFBJBKOH_00876	CDS	1248				hypothetical protein
IFBJBKOH_00876	gene	1248				
IFBJBKOH_00877	CDS	1002				hypothetical protein
IFBJBKOH_00877	gene	1002				
IFBJBKOH_00878	CDS	483				hypothetical protein
IFBJBKOH_00878	gene	483				
IFBJBKOH_00879	CDS	1692	cdr_1	1.8.1.14	COG0446	Coenzyme A disulfide reductase
IFBJBKOH_00879	gene	1692	cdr_1			
IFBJBKOH_00880	CDS	417				hypothetical protein
IFBJBKOH_00880	gene	417				
IFBJBKOH_00881	CDS	195				hypothetical protein
IFBJBKOH_00881	gene	195				
IFBJBKOH_00882	CDS	1638	xynB	3.2.1.37	COG3507	Beta-xylosidase
IFBJBKOH_00882	gene	1638	xynB			
IFBJBKOH_00883	CDS	1272				hypothetical protein
IFBJBKOH_00883	gene	1272				
IFBJBKOH_00884	CDS	1374	xylP_1			Isoprimeverose transporter
IFBJBKOH_00884	gene	1374	xylP_1			
IFBJBKOH_00885	CDS	210				hypothetical protein
IFBJBKOH_00885	gene	210				
IFBJBKOH_00886	CDS	861	adaA	2.1.1.-	COG2169	Bifunctional transcriptional activator/DNA repair enzyme AdaA
IFBJBKOH_00886	gene	861	adaA			
IFBJBKOH_00887	CDS	153				hypothetical protein
IFBJBKOH_00887	gene	153				
IFBJBKOH_00888	CDS	111				hypothetical protein
IFBJBKOH_00888	gene	111				
IFBJBKOH_00889	CDS	1473	xylB_3	2.7.1.17	COG1070	Xylulose kinase
IFBJBKOH_00889	gene	1473	xylB_3			
IFBJBKOH_00890	CDS	1485				hypothetical protein
IFBJBKOH_00890	gene	1485				
IFBJBKOH_00891	CDS	624				hypothetical protein
IFBJBKOH_00891	gene	624				
IFBJBKOH_00892	CDS	858	melR_4			Melibiose operon regulatory protein
IFBJBKOH_00892	gene	858	melR_4			
IFBJBKOH_00893	CDS	306				hypothetical protein
IFBJBKOH_00893	gene	306				
IFBJBKOH_00894	CDS	411				hypothetical protein
IFBJBKOH_00894	gene	411				
IFBJBKOH_00895	CDS	1407	cnbCb	1.13.11.74		2-aminophenol 1,6-dioxygenase subunit beta
IFBJBKOH_00895	gene	1407	cnbCb			
IFBJBKOH_00896	CDS	729	ybiR		COG0471	Inner membrane protein YbiR
IFBJBKOH_00896	gene	729	ybiR			
IFBJBKOH_00897	CDS	228				hypothetical protein
IFBJBKOH_00897	gene	228				
IFBJBKOH_00898	CDS	990	lsrB_2			Autoinducer 2-binding protein LsrB
IFBJBKOH_00898	gene	990	lsrB_2			
IFBJBKOH_00899	CDS	1557				putative response regulatory protein
IFBJBKOH_00899	gene	1557				
IFBJBKOH_00900	CDS	1878	btsS_3	2.7.13.3	COG3275	Sensor histidine kinase BtsS
IFBJBKOH_00900	gene	1878	btsS_3			
IFBJBKOH_00901	CDS	1209				hypothetical protein
IFBJBKOH_00901	gene	1209				
IFBJBKOH_00902	CDS	1161				hypothetical protein
IFBJBKOH_00902	gene	1161				
IFBJBKOH_00903	CDS	3006	swrC_1		COG0841	Swarming motility protein SwrC
IFBJBKOH_00903	gene	3006	swrC_1			
IFBJBKOH_00904	CDS	1152	mdtA_1			Multidrug resistance protein MdtA
IFBJBKOH_00904	gene	1152	mdtA_1			
IFBJBKOH_00905	CDS	159				hypothetical protein
IFBJBKOH_00905	gene	159				
IFBJBKOH_00906	CDS	675	hssR			Heme response regulator HssR
IFBJBKOH_00906	gene	675	hssR			
IFBJBKOH_00907	CDS	1068	phoR_1	2.7.13.3	COG0642	Alkaline phosphatase synthesis sensor protein PhoR
IFBJBKOH_00907	gene	1068	phoR_1			
IFBJBKOH_00908	CDS	381				hypothetical protein
IFBJBKOH_00908	gene	381				
IFBJBKOH_00909	CDS	1218				hypothetical protein
IFBJBKOH_00909	gene	1218				
IFBJBKOH_00910	CDS	354	atl_2		COG3695	DNA base-flipping protein
IFBJBKOH_00910	gene	354	atl_2			
IFBJBKOH_00911	CDS	693	ulaF_1	5.1.3.4	COG0235	L-ribulose-5-phosphate 4-epimerase UlaF
IFBJBKOH_00911	gene	693	ulaF_1			
IFBJBKOH_00912	CDS	1611	araB	2.7.1.16		Ribulokinase
IFBJBKOH_00912	gene	1611	araB			
IFBJBKOH_00913	CDS	1497	araA	5.3.1.4		L-arabinose isomerase
IFBJBKOH_00913	gene	1497	araA			
IFBJBKOH_00914	CDS	297				hypothetical protein
IFBJBKOH_00914	gene	297				
IFBJBKOH_00915	CDS	1107	araR_1		COG1609	Arabinose metabolism transcriptional repressor
IFBJBKOH_00915	gene	1107	araR_1			
IFBJBKOH_00916	CDS	1170	xylH_1		COG4214	Xylose transport system permease protein XylH
IFBJBKOH_00916	gene	1170	xylH_1			
IFBJBKOH_00917	CDS	1548	xylG_2	3.6.3.17	COG1129	Xylose import ATP-binding protein XylG
IFBJBKOH_00917	gene	1548	xylG_2			
IFBJBKOH_00918	CDS	1185	chvE_1		COG4213	Multiple sugar-binding periplasmic receptor ChvE
IFBJBKOH_00918	gene	1185	chvE_1			
IFBJBKOH_00919	CDS	1026	yjfF			Inner membrane ABC transporter permease protein YjfF
IFBJBKOH_00919	gene	1026	yjfF			
IFBJBKOH_00920	CDS	1053	ytfT			Inner membrane ABC transporter permease protein YtfT
IFBJBKOH_00920	gene	1053	ytfT			
IFBJBKOH_00921	CDS	1515	fruK_1	3.6.3.17	COG1129	Fructose import ATP-binding protein FruK
IFBJBKOH_00921	gene	1515	fruK_1			
IFBJBKOH_00922	CDS	1089	ytfQ_1			ABC transporter periplasmic-binding protein YtfQ
IFBJBKOH_00922	gene	1089	ytfQ_1			
IFBJBKOH_00923	CDS	1566	btsS_4	2.7.13.3	COG3275	Sensor histidine kinase BtsS
IFBJBKOH_00923	gene	1566	btsS_4			
IFBJBKOH_00924	CDS	1629				putative response regulatory protein
IFBJBKOH_00924	gene	1629				
IFBJBKOH_00925	CDS	1005	nlhH_1	3.1.1.1	COG0657	Carboxylesterase NlhH
IFBJBKOH_00925	gene	1005	nlhH_1			
IFBJBKOH_00926	CDS	231				hypothetical protein
IFBJBKOH_00926	gene	231				
IFBJBKOH_00927	CDS	300				hypothetical protein
IFBJBKOH_00927	gene	300				
IFBJBKOH_00928	CDS	360				hypothetical protein
IFBJBKOH_00928	gene	360				
IFBJBKOH_00929	CDS	510	cynR_4			HTH-type transcriptional regulator CynR
IFBJBKOH_00929	gene	510	cynR_4			
IFBJBKOH_00930	CDS	714				hypothetical protein
IFBJBKOH_00930	gene	714				
IFBJBKOH_00931	CDS	573				hypothetical protein
IFBJBKOH_00931	gene	573				
IFBJBKOH_00932	CDS	981	yqeN		COG1466	putative protein YqeN
IFBJBKOH_00932	gene	981	yqeN			
IFBJBKOH_00933	CDS	639				hypothetical protein
IFBJBKOH_00933	gene	639				
IFBJBKOH_00934	CDS	1044				hypothetical protein
IFBJBKOH_00934	gene	1044				
IFBJBKOH_00935	CDS	411				hypothetical protein
IFBJBKOH_00935	gene	411				
IFBJBKOH_00936	CDS	207				hypothetical protein
IFBJBKOH_00936	gene	207				
IFBJBKOH_00937	CDS	867	hcaR			Hca operon transcriptional activator HcaR
IFBJBKOH_00937	gene	867	hcaR			
IFBJBKOH_00938	CDS	360	adhR_1		COG0789	HTH-type transcriptional regulator AdhR
IFBJBKOH_00938	gene	360	adhR_1			
IFBJBKOH_00939	CDS	195				hypothetical protein
IFBJBKOH_00939	gene	195				
IFBJBKOH_00940	CDS	345				hypothetical protein
IFBJBKOH_00940	gene	345				
IFBJBKOH_00941	CDS	477				hypothetical protein
IFBJBKOH_00941	gene	477				
IFBJBKOH_00942	CDS	753				hypothetical protein
IFBJBKOH_00942	gene	753				
IFBJBKOH_00943	CDS	315				hypothetical protein
IFBJBKOH_00943	gene	315				
IFBJBKOH_00944	CDS	696				hypothetical protein
IFBJBKOH_00944	gene	696				
IFBJBKOH_00945	CDS	1038	iolS_1	1.1.1.-	COG0667	Aldo-keto reductase IolS
IFBJBKOH_00945	gene	1038	iolS_1			
IFBJBKOH_00946	CDS	447				hypothetical protein
IFBJBKOH_00946	gene	447				
IFBJBKOH_00947	CDS	147				hypothetical protein
IFBJBKOH_00947	gene	147				
IFBJBKOH_00948	CDS	639				hypothetical protein
IFBJBKOH_00948	gene	639				
IFBJBKOH_00949	CDS	273				hypothetical protein
IFBJBKOH_00949	gene	273				
IFBJBKOH_00950	CDS	1227	Int-Tn_2			Transposase from transposon Tn916
IFBJBKOH_00950	gene	1227	Int-Tn_2			
IFBJBKOH_00951	CDS	459	yfkJ	3.1.3.48	COG0394	Low molecular weight protein-tyrosine-phosphatase YfkJ
IFBJBKOH_00951	gene	459	yfkJ			
IFBJBKOH_00952	CDS	324	bglF_1		COG1263	PTS system beta-glucoside-specific EIIBCA component
IFBJBKOH_00952	gene	324	bglF_1			
IFBJBKOH_00953	CDS	2529	comEC_1		COG0658	ComE operon protein 3
IFBJBKOH_00953	gene	2529	comEC_1			
IFBJBKOH_00954	CDS	987				hypothetical protein
IFBJBKOH_00954	gene	987				
IFBJBKOH_00955	CDS	1470	walK_1	2.7.13.3		Sensor histidine kinase WalK
IFBJBKOH_00955	gene	1470	walK_1			
IFBJBKOH_00956	CDS	870				DegV domain-containing protein
IFBJBKOH_00956	gene	870				
IFBJBKOH_00957	CDS	183	yheH	3.6.3.-	COG1132	putative multidrug resistance ABC transporter ATP-binding/permease protein YheH
IFBJBKOH_00957	gene	183	yheH			
IFBJBKOH_00958	CDS	297				hypothetical protein
IFBJBKOH_00958	gene	297				
IFBJBKOH_00959	CDS	96				hypothetical protein
IFBJBKOH_00959	gene	96				
IFBJBKOH_00960	CDS	690	ulaF_2	5.1.3.4	COG0235	L-ribulose-5-phosphate 4-epimerase UlaF
IFBJBKOH_00960	gene	690	ulaF_2			
IFBJBKOH_00961	CDS	1050				hypothetical protein
IFBJBKOH_00961	gene	1050				
IFBJBKOH_00962	CDS	849	ulaE_1	5.1.3.22	COG3623	L-ribulose-5-phosphate 3-epimerase UlaE
IFBJBKOH_00962	gene	849	ulaE_1			
IFBJBKOH_00963	CDS	771	srlR_1		COG1349	Glucitol operon repressor
IFBJBKOH_00963	gene	771	srlR_1			
IFBJBKOH_00964	CDS	303				hypothetical protein
IFBJBKOH_00964	gene	303				
IFBJBKOH_00965	CDS	1479	ulaA_1		COG3037	Ascorbate-specific PTS system EIIC component
IFBJBKOH_00965	gene	1479	ulaA_1			
IFBJBKOH_00966	CDS	459	ulaC_1		COG1762	Ascorbate-specific PTS system EIIA component
IFBJBKOH_00966	gene	459	ulaC_1			
IFBJBKOH_00967	CDS	1128	ulaG	3.1.1.-	COG2220	putative L-ascorbate-6-phosphate lactonase UlaG
IFBJBKOH_00967	gene	1128	ulaG			
IFBJBKOH_00968	CDS	852				hypothetical protein
IFBJBKOH_00968	gene	852				
IFBJBKOH_00969	CDS	333				hypothetical protein
IFBJBKOH_00969	gene	333				
IFBJBKOH_00970	CDS	885	glnH_1		COG0834	ABC transporter glutamine-binding protein GlnH
IFBJBKOH_00970	gene	885	glnH_1			
IFBJBKOH_00971	CDS	762	glnQ_1	3.6.3.-	COG1126	Glutamine transport ATP-binding protein GlnQ
IFBJBKOH_00971	gene	762	glnQ_1			
IFBJBKOH_00972	CDS	675	glnP_1		COG0765	putative glutamine ABC transporter permease protein GlnP
IFBJBKOH_00972	gene	675	glnP_1			
IFBJBKOH_00973	CDS	585	glnM		COG0765	putative glutamine ABC transporter permease protein GlnM
IFBJBKOH_00973	gene	585	glnM			
IFBJBKOH_00974	CDS	1296	mgl_1	4.4.1.11	COG0626	L-methionine gamma-lyase
IFBJBKOH_00974	gene	1296	mgl_1			
IFBJBKOH_00975	CDS	396	cymR_1			HTH-type transcriptional regulator CymR
IFBJBKOH_00975	gene	396	cymR_1			
IFBJBKOH_00976	CDS	456				hypothetical protein
IFBJBKOH_00976	gene	456				
IFBJBKOH_00977	CDS	627				hypothetical protein
IFBJBKOH_00977	gene	627				
IFBJBKOH_00978	CDS	318				hypothetical protein
IFBJBKOH_00978	gene	318				
IFBJBKOH_00979	CDS	741				hypothetical protein
IFBJBKOH_00979	gene	741				
IFBJBKOH_00980	CDS	870	ctkA	2.7.11.1		Serine/threonine-protein kinase CtkA
IFBJBKOH_00980	gene	870	ctkA			
IFBJBKOH_00981	CDS	459				hypothetical protein
IFBJBKOH_00981	gene	459				
IFBJBKOH_00982	CDS	252				hypothetical protein
IFBJBKOH_00982	gene	252				
IFBJBKOH_00983	CDS	501				hypothetical protein
IFBJBKOH_00983	gene	501				
IFBJBKOH_00984	CDS	1140				hypothetical protein
IFBJBKOH_00984	gene	1140				
IFBJBKOH_00985	CDS	183				hypothetical protein
IFBJBKOH_00985	gene	183				
IFBJBKOH_00986	CDS	849				hypothetical protein
IFBJBKOH_00986	gene	849				
IFBJBKOH_00987	CDS	450				hypothetical protein
IFBJBKOH_00987	gene	450				
IFBJBKOH_00988	CDS	276				hypothetical protein
IFBJBKOH_00988	gene	276				
IFBJBKOH_00989	CDS	444	phoP_1		COG0745	Alkaline phosphatase synthesis transcriptional regulatory protein PhoP
IFBJBKOH_00989	gene	444	phoP_1			
IFBJBKOH_00990	CDS	441				hypothetical protein
IFBJBKOH_00990	gene	441				
IFBJBKOH_00991	CDS	750				hypothetical protein
IFBJBKOH_00991	gene	750				
IFBJBKOH_00992	CDS	432				hypothetical protein
IFBJBKOH_00992	gene	432				
IFBJBKOH_00993	CDS	930	tetD_1			Transposon Tn10 TetD protein
IFBJBKOH_00993	gene	930	tetD_1			
IFBJBKOH_00994	CDS	1266				hypothetical protein
IFBJBKOH_00994	gene	1266				
IFBJBKOH_00995	CDS	876	yxlF_1	3.6.3.-	COG1131	putative ABC transporter ATP-binding protein YxlF
IFBJBKOH_00995	gene	876	yxlF_1			
IFBJBKOH_00996	CDS	741				hypothetical protein
IFBJBKOH_00996	gene	741				
IFBJBKOH_00997	CDS	387				hypothetical protein
IFBJBKOH_00997	gene	387				
IFBJBKOH_00998	CDS	588	aacA4	2.3.1.82		Aminoglycoside N(6')-acetyltransferase type 1
IFBJBKOH_00998	gene	588	aacA4			
IFBJBKOH_00999	CDS	474	trmO	2.1.1.-	COG1720	tRNA (adenine(37)-N6)-methyltransferase
IFBJBKOH_00999	gene	474	trmO			
IFBJBKOH_01000	CDS	813	bmrR_1		COG0789	Multidrug-efflux transporter 1 regulator
IFBJBKOH_01000	gene	813	bmrR_1			
IFBJBKOH_01001	CDS	312				hypothetical protein
IFBJBKOH_01001	gene	312				
IFBJBKOH_01002	CDS	465	rhaS_2			HTH-type transcriptional activator RhaS
IFBJBKOH_01002	gene	465	rhaS_2			
IFBJBKOH_01003	CDS	1410				hypothetical protein
IFBJBKOH_01003	gene	1410				
IFBJBKOH_01004	CDS	513				hypothetical protein
IFBJBKOH_01004	gene	513				
IFBJBKOH_01005	CDS	291				hypothetical protein
IFBJBKOH_01005	gene	291				
IFBJBKOH_01006	CDS	315				hypothetical protein
IFBJBKOH_01006	gene	315				
IFBJBKOH_01007	CDS	696				hypothetical protein
IFBJBKOH_01007	gene	696				
IFBJBKOH_01008	CDS	942				hypothetical protein
IFBJBKOH_01008	gene	942				
IFBJBKOH_01009	CDS	639				hypothetical protein
IFBJBKOH_01009	gene	639				
IFBJBKOH_01010	CDS	531				hypothetical protein
IFBJBKOH_01010	gene	531				
IFBJBKOH_01011	CDS	378				hypothetical protein
IFBJBKOH_01011	gene	378				
IFBJBKOH_01012	CDS	2109	topB_1	5.99.1.2	COG0550	DNA topoisomerase 3
IFBJBKOH_01012	gene	2109	topB_1			
IFBJBKOH_01013	CDS	894				hypothetical protein
IFBJBKOH_01013	gene	894				
IFBJBKOH_01014	CDS	165				hypothetical protein
IFBJBKOH_01014	gene	165				
IFBJBKOH_01015	CDS	426				hypothetical protein
IFBJBKOH_01015	gene	426				
IFBJBKOH_01016	CDS	645	mtrR		COG1309	HTH-type transcriptional regulator MtrR
IFBJBKOH_01016	gene	645	mtrR			
IFBJBKOH_01017	CDS	552				hypothetical protein
IFBJBKOH_01017	gene	552				
IFBJBKOH_01018	CDS	507				hypothetical protein
IFBJBKOH_01018	gene	507				
IFBJBKOH_01019	CDS	333				hypothetical protein
IFBJBKOH_01019	gene	333				
IFBJBKOH_01020	CDS	375				hypothetical protein
IFBJBKOH_01020	gene	375				
IFBJBKOH_01021	CDS	477				hypothetical protein
IFBJBKOH_01021	gene	477				
IFBJBKOH_01022	CDS	852	xerD_4		COG4974	Tyrosine recombinase XerD
IFBJBKOH_01022	gene	852	xerD_4			
IFBJBKOH_01023	CDS	1152				hypothetical protein
IFBJBKOH_01023	gene	1152				
IFBJBKOH_01024	CDS	486				hypothetical protein
IFBJBKOH_01024	gene	486				
IFBJBKOH_01025	CDS	465	fosB_1	2.5.1.-		Metallothiol transferase FosB
IFBJBKOH_01025	gene	465	fosB_1			
IFBJBKOH_01026	CDS	516				hypothetical protein
IFBJBKOH_01026	gene	516				
IFBJBKOH_01027	CDS	315				hypothetical protein
IFBJBKOH_01027	gene	315				
IFBJBKOH_01028	CDS	414	dut_1	3.6.1.23		Deoxyuridine 5'-triphosphate nucleotidohydrolase
IFBJBKOH_01028	gene	414	dut_1			
IFBJBKOH_01029	CDS	708	thyX	2.1.1.148		Thymidylate synthase ThyX
IFBJBKOH_01029	gene	708	thyX			
IFBJBKOH_01030	CDS	288				hypothetical protein
IFBJBKOH_01030	gene	288				
IFBJBKOH_01031	CDS	1335				hypothetical protein
IFBJBKOH_01031	gene	1335				
IFBJBKOH_01032	CDS	999				hypothetical protein
IFBJBKOH_01032	gene	999				
IFBJBKOH_01033	CDS	618				hypothetical protein
IFBJBKOH_01033	gene	618				
IFBJBKOH_01034	CDS	483				hypothetical protein
IFBJBKOH_01034	gene	483				
IFBJBKOH_01035	CDS	1695				hypothetical protein
IFBJBKOH_01035	gene	1695				
IFBJBKOH_01036	CDS	3201				hypothetical protein
IFBJBKOH_01036	gene	3201				
IFBJBKOH_01037	CDS	1197				hypothetical protein
IFBJBKOH_01037	gene	1197				
IFBJBKOH_01038	CDS	243				hypothetical protein
IFBJBKOH_01038	gene	243				
IFBJBKOH_01039	CDS	1566	recF_3			DNA replication and repair protein RecF
IFBJBKOH_01039	gene	1566	recF_3			
IFBJBKOH_01040	CDS	819				hypothetical protein
IFBJBKOH_01040	gene	819				
IFBJBKOH_01041	CDS	1941				hypothetical protein
IFBJBKOH_01041	gene	1941				
IFBJBKOH_01042	CDS	1425	tnsC_2			Transposon Tn7 transposition protein TnsC
IFBJBKOH_01042	gene	1425	tnsC_2			
IFBJBKOH_01043	CDS	2175	tnsB_2			Transposon Tn7 transposition protein TnsB
IFBJBKOH_01043	gene	2175	tnsB_2			
IFBJBKOH_01044	CDS	813	tnsA_2			Transposon Tn7 transposition protein TnsA
IFBJBKOH_01044	gene	813	tnsA_2			
IFBJBKOH_01045	CDS	1959	ltrA_7		COG3344	Group II intron-encoded protein LtrA
IFBJBKOH_01045	gene	1959	ltrA_7			
IFBJBKOH_01046	CDS	1017	mepM_1	3.4.24.-	COG0739	Murein DD-endopeptidase MepM
IFBJBKOH_01046	gene	1017	mepM_1			
IFBJBKOH_01047	CDS	1497				hypothetical protein
IFBJBKOH_01047	gene	1497				
IFBJBKOH_01048	CDS	339				hypothetical protein
IFBJBKOH_01048	gene	339				
IFBJBKOH_01049	CDS	1926	ltrA_8		COG3344	Group II intron-encoded protein LtrA
IFBJBKOH_01049	gene	1926	ltrA_8			
IFBJBKOH_01050	CDS	2130				hypothetical protein
IFBJBKOH_01050	gene	2130				
IFBJBKOH_01051	CDS	558				hypothetical protein
IFBJBKOH_01051	gene	558				
IFBJBKOH_01052	CDS	444	spoVG_2			Putative septation protein SpoVG
IFBJBKOH_01052	gene	444	spoVG_2			
IFBJBKOH_01053	CDS	303				hypothetical protein
IFBJBKOH_01053	gene	303				
IFBJBKOH_01054	CDS	1833	ltrA_9		COG3344	Group II intron-encoded protein LtrA
IFBJBKOH_01054	gene	1833	ltrA_9			
IFBJBKOH_01055	CDS	792				hypothetical protein
IFBJBKOH_01055	gene	792				
IFBJBKOH_01056	CDS	1638				hypothetical protein
IFBJBKOH_01056	gene	1638				
IFBJBKOH_01057	CDS	198				hypothetical protein
IFBJBKOH_01057	gene	198				
IFBJBKOH_01058	CDS	1368				hypothetical protein
IFBJBKOH_01058	gene	1368				
IFBJBKOH_01059	CDS	648	dnaG_1	2.7.7.-	COG0358	DNA primase
IFBJBKOH_01059	gene	648	dnaG_1			
IFBJBKOH_01060	CDS	1590	mobA_1			Mobilization protein A
IFBJBKOH_01060	gene	1590	mobA_1			
IFBJBKOH_01061	CDS	252				putative protein
IFBJBKOH_01061	gene	252				
IFBJBKOH_01062	CDS	516				hypothetical protein
IFBJBKOH_01062	gene	516				
IFBJBKOH_01063	CDS	294				hypothetical protein
IFBJBKOH_01063	gene	294				
IFBJBKOH_01064	CDS	339				hypothetical protein
IFBJBKOH_01064	gene	339				
IFBJBKOH_01065	CDS	810				hypothetical protein
IFBJBKOH_01065	gene	810				
IFBJBKOH_01066	CDS	795				hypothetical protein
IFBJBKOH_01066	gene	795				
IFBJBKOH_01067	CDS	189				hypothetical protein
IFBJBKOH_01067	gene	189				
IFBJBKOH_01068	CDS	327				hypothetical protein
IFBJBKOH_01068	gene	327				
IFBJBKOH_01069	CDS	378				hypothetical protein
IFBJBKOH_01069	gene	378				
IFBJBKOH_01070	CDS	273				hypothetical protein
IFBJBKOH_01070	gene	273				
IFBJBKOH_01071	CDS	159				hypothetical protein
IFBJBKOH_01071	gene	159				
IFBJBKOH_01072	CDS	1032				hypothetical protein
IFBJBKOH_01072	gene	1032				
IFBJBKOH_01073	CDS	1800	ltrA_10		COG3344	Group II intron-encoded protein LtrA
IFBJBKOH_01073	gene	1800	ltrA_10			
IFBJBKOH_01074	CDS	624				hypothetical protein
IFBJBKOH_01074	gene	624				
IFBJBKOH_01075	CDS	1893	dnaG_2	2.7.7.-		DNA primase
IFBJBKOH_01075	gene	1893	dnaG_2			
IFBJBKOH_01076	CDS	1728	mobA_2			Mobilization protein A
IFBJBKOH_01076	gene	1728	mobA_2			
IFBJBKOH_01077	CDS	297				hypothetical protein
IFBJBKOH_01077	gene	297				
IFBJBKOH_01078	CDS	765	gloC_1	3.1.2.6	COG0491	Hydroxyacylglutathione hydrolase GloC
IFBJBKOH_01078	gene	765	gloC_1			
IFBJBKOH_01079	CDS	381				hypothetical protein
IFBJBKOH_01079	gene	381				
IFBJBKOH_01080	CDS	297				hypothetical protein
IFBJBKOH_01080	gene	297				
IFBJBKOH_01081	CDS	204				hypothetical protein
IFBJBKOH_01081	gene	204				
IFBJBKOH_01082	CDS	1848				hypothetical protein
IFBJBKOH_01082	gene	1848				
IFBJBKOH_01083	CDS	312				hypothetical protein
IFBJBKOH_01083	gene	312				
IFBJBKOH_01084	CDS	471				hypothetical protein
IFBJBKOH_01084	gene	471				
IFBJBKOH_01085	CDS	801				hypothetical protein
IFBJBKOH_01085	gene	801				
IFBJBKOH_01086	CDS	1104				hypothetical protein
IFBJBKOH_01086	gene	1104				
IFBJBKOH_01087	CDS	687				hypothetical protein
IFBJBKOH_01087	gene	687				
IFBJBKOH_01088	CDS	2025				hypothetical protein
IFBJBKOH_01088	gene	2025				
IFBJBKOH_01089	CDS	921				hypothetical protein
IFBJBKOH_01089	gene	921				
IFBJBKOH_01090	CDS	285				hypothetical protein
IFBJBKOH_01090	gene	285				
IFBJBKOH_01091	CDS	225				hypothetical protein
IFBJBKOH_01091	gene	225				
IFBJBKOH_01092	CDS	948				hypothetical protein
IFBJBKOH_01092	gene	948				
IFBJBKOH_01093	CDS	873				hypothetical protein
IFBJBKOH_01093	gene	873				
IFBJBKOH_01094	CDS	522				hypothetical protein
IFBJBKOH_01094	gene	522				
IFBJBKOH_01095	CDS	405				hypothetical protein
IFBJBKOH_01095	gene	405				
IFBJBKOH_01096	CDS	462		3.6.3.-		Putative multidrug export ATP-binding/permease protein
IFBJBKOH_01096	gene	462				
IFBJBKOH_01097	CDS	567	yheI	3.6.3.-	COG1132	putative multidrug resistance ABC transporter ATP-binding/permease protein YheI
IFBJBKOH_01097	gene	567	yheI			
IFBJBKOH_01098	CDS	894	cysL_1		COG0583	HTH-type transcriptional regulator CysL
IFBJBKOH_01098	gene	894	cysL_1			
IFBJBKOH_01099	CDS	1359	kefB_1			Glutathione-regulated potassium-efflux system protein KefB
IFBJBKOH_01099	gene	1359	kefB_1			
IFBJBKOH_01100	CDS	1542	gpmI	5.4.2.12	COG0696	2,3-bisphosphoglycerate-independent phosphoglycerate mutase
IFBJBKOH_01100	gene	1542	gpmI			
IFBJBKOH_01101	CDS	753	tpiA_1	5.3.1.1		Triosephosphate isomerase
IFBJBKOH_01101	gene	753	tpiA_1			
IFBJBKOH_01102	CDS	1218	pgk/tpi		COG0126	Bifunctional PGK/TIM
IFBJBKOH_01102	gene	1218	pgk/tpi			
IFBJBKOH_01103	CDS	1032	gap	1.2.1.12		Glyceraldehyde-3-phosphate dehydrogenase
IFBJBKOH_01103	gene	1032	gap			
IFBJBKOH_01104	CDS	810	hisK	3.1.3.15	COG1387	Histidinol-phosphatase
IFBJBKOH_01104	gene	810	hisK			
IFBJBKOH_01105	CDS	960				hypothetical protein
IFBJBKOH_01105	gene	960				
IFBJBKOH_01106	CDS	552	sigV		COG1595	RNA polymerase sigma factor SigV
IFBJBKOH_01106	gene	552	sigV			
IFBJBKOH_01107	CDS	873	rsiV			Anti-sigma-V factor RsiV
IFBJBKOH_01107	gene	873	rsiV			
IFBJBKOH_01108	CDS	183				hypothetical protein
IFBJBKOH_01108	gene	183				
IFBJBKOH_01109	CDS	180				hypothetical protein
IFBJBKOH_01109	gene	180				
IFBJBKOH_01110	tRNA	91				tRNA-Ser(cga)
IFBJBKOH_01110	gene	91				
IFBJBKOH_01111	CDS	804				hypothetical protein
IFBJBKOH_01111	gene	804				
IFBJBKOH_01112	CDS	666	yxeN_2			putative amino-acid permease protein YxeN
IFBJBKOH_01112	gene	666	yxeN_2			
IFBJBKOH_01113	CDS	900	yxeM_2		COG0834	putative amino-acid-binding protein YxeM
IFBJBKOH_01113	gene	900	yxeM_2			
IFBJBKOH_01114	CDS	738	yxeO	3.6.3.-	COG1126	putative amino-acid import ATP-binding protein YxeO
IFBJBKOH_01114	gene	738	yxeO			
IFBJBKOH_01115	CDS	537	yxeP_3	3.-.-.-	COG1473	putative hydrolase YxeP
IFBJBKOH_01115	gene	537	yxeP_3			
IFBJBKOH_01116	CDS	234				hypothetical protein
IFBJBKOH_01116	gene	234				
IFBJBKOH_01117	CDS	1362				hypothetical protein
IFBJBKOH_01117	gene	1362				
IFBJBKOH_01118	CDS	1080	mnmA	2.8.1.13		tRNA-specific 2-thiouridylase MnmA
IFBJBKOH_01118	gene	1080	mnmA			
IFBJBKOH_01119	CDS	444	iscU		COG0822	Iron-sulfur cluster assembly scaffold protein IscU
IFBJBKOH_01119	gene	444	iscU			
IFBJBKOH_01120	CDS	1194	iscS_1	2.8.1.7		Cysteine desulfurase IscS
IFBJBKOH_01120	gene	1194	iscS_1			
IFBJBKOH_01121	CDS	393				hypothetical protein
IFBJBKOH_01121	gene	393				
IFBJBKOH_01122	CDS	1575				hypothetical protein
IFBJBKOH_01122	gene	1575				
IFBJBKOH_01123	CDS	2865	cbgA	3.2.1.23		Beta-galactosidase
IFBJBKOH_01123	gene	2865	cbgA			
IFBJBKOH_01124	CDS	834	araQ_5		COG0395	L-arabinose transport system permease protein AraQ
IFBJBKOH_01124	gene	834	araQ_5			
IFBJBKOH_01125	CDS	987	lacF_3			Lactose transport system permease protein LacF
IFBJBKOH_01125	gene	987	lacF_3			
IFBJBKOH_01126	CDS	1392	msmE_1		COG1653	Multiple sugar-binding protein
IFBJBKOH_01126	gene	1392	msmE_1			
IFBJBKOH_01127	CDS	1500	yesS_2		COG2207	HTH-type transcriptional regulator YesS
IFBJBKOH_01127	gene	1500	yesS_2			
IFBJBKOH_01128	CDS	1794	btsS_5	2.7.13.3	COG3275	Sensor histidine kinase BtsS
IFBJBKOH_01128	gene	1794	btsS_5			
IFBJBKOH_01129	CDS	1560	spoVB		COG2244	Stage V sporulation protein B
IFBJBKOH_01129	gene	1560	spoVB			
IFBJBKOH_01130	CDS	726	yurK_1		COG2188	putative HTH-type transcriptional regulator YurK
IFBJBKOH_01130	gene	726	yurK_1			
IFBJBKOH_01131	CDS	687	pnuC		COG3201	Nicotinamide riboside transporter PnuC
IFBJBKOH_01131	gene	687	pnuC			
IFBJBKOH_01132	CDS	933	yihV	2.7.1.184		Sulfofructose kinase
IFBJBKOH_01132	gene	933	yihV			
IFBJBKOH_01133	CDS	996				hypothetical protein
IFBJBKOH_01133	gene	996				
IFBJBKOH_01134	CDS	1380	mepA_3			Multidrug export protein MepA
IFBJBKOH_01134	gene	1380	mepA_3			
IFBJBKOH_01135	CDS	852				hypothetical protein
IFBJBKOH_01135	gene	852				
IFBJBKOH_01136	CDS	1275	gltD_1	1.4.1.13	COG0493	Glutamate synthase [NADPH] small chain
IFBJBKOH_01136	gene	1275	gltD_1			
IFBJBKOH_01137	CDS	573	folT			Folate transporter FolT
IFBJBKOH_01137	gene	573	folT			
IFBJBKOH_01138	CDS	1026	gloB	3.1.2.6		Hydroxyacylglutathione hydrolase
IFBJBKOH_01138	gene	1026	gloB			
IFBJBKOH_01139	CDS	162				hypothetical protein
IFBJBKOH_01139	gene	162				
IFBJBKOH_01140	CDS	333				hypothetical protein
IFBJBKOH_01140	gene	333				
IFBJBKOH_01141	CDS	756	carE_3	1.3.1.108	COG2025	Caffeyl-CoA reductase-Etf complex subunit CarE
IFBJBKOH_01141	gene	756	carE_3			
IFBJBKOH_01142	CDS	786	tauB_1	3.6.3.36	COG4525	Taurine import ATP-binding protein TauB
IFBJBKOH_01142	gene	786	tauB_1			
IFBJBKOH_01143	CDS	1086	thiY		COG0715	Formylaminopyrimidine-binding protein
IFBJBKOH_01143	gene	1086	thiY			
IFBJBKOH_01144	CDS	774	ribX_1			Riboflavin transport system permease protein RibX
IFBJBKOH_01144	gene	774	ribX_1			
IFBJBKOH_01145	CDS	297				hypothetical protein
IFBJBKOH_01145	gene	297				
IFBJBKOH_01146	CDS	246				hypothetical protein
IFBJBKOH_01146	gene	246				
IFBJBKOH_01147	CDS	444				hypothetical protein
IFBJBKOH_01147	gene	444				
IFBJBKOH_01148	CDS	1014	kanK	1.1.1.355		2'-dehydrokanamycin reductase
IFBJBKOH_01148	gene	1014	kanK			
IFBJBKOH_01149	CDS	399	rsmH_2	2.1.1.199	COG0275	Ribosomal RNA small subunit methyltransferase H
IFBJBKOH_01149	gene	399	rsmH_2			
IFBJBKOH_01150	CDS	486	rsmH_3	2.1.1.199		Ribosomal RNA small subunit methyltransferase H
IFBJBKOH_01150	gene	486	rsmH_3			
IFBJBKOH_01151	CDS	615	maa_1	2.3.1.79	COG0110	Maltose O-acetyltransferase
IFBJBKOH_01151	gene	615	maa_1			
IFBJBKOH_01152	CDS	954				hypothetical protein
IFBJBKOH_01152	gene	954				
IFBJBKOH_01153	CDS	615				hypothetical protein
IFBJBKOH_01153	gene	615				
IFBJBKOH_01154	CDS	681				hypothetical protein
IFBJBKOH_01154	gene	681				
IFBJBKOH_01155	CDS	909	cysB_1			HTH-type transcriptional regulator CysB
IFBJBKOH_01155	gene	909	cysB_1			
IFBJBKOH_01156	CDS	864	metF_1	1.5.1.20	COG0685	5,10-methylenetetrahydrofolate reductase
IFBJBKOH_01156	gene	864	metF_1			
IFBJBKOH_01157	CDS	1431				hypothetical protein
IFBJBKOH_01157	gene	1431				
IFBJBKOH_01158	CDS	738	yadH		COG0842	Inner membrane transport permease YadH
IFBJBKOH_01158	gene	738	yadH			
IFBJBKOH_01159	CDS	846	drrA_1	3.6.3.-		Daunorubicin/doxorubicin resistance ATP-binding protein DrrA
IFBJBKOH_01159	gene	846	drrA_1			
IFBJBKOH_01160	CDS	711	cbiL	2.1.1.151	COG2243	Cobalt-precorrin-2 C(20)-methyltransferase
IFBJBKOH_01160	gene	711	cbiL			
IFBJBKOH_01161	CDS	438				hypothetical protein
IFBJBKOH_01161	gene	438				
IFBJBKOH_01162	CDS	270				hypothetical protein
IFBJBKOH_01162	gene	270				
IFBJBKOH_01163	CDS	354				hypothetical protein
IFBJBKOH_01163	gene	354				
IFBJBKOH_01164	CDS	1674	malL_2	3.2.1.10	COG0366	Oligo-1,6-glucosidase
IFBJBKOH_01164	gene	1674	malL_2			
IFBJBKOH_01165	CDS	573	hypBA1_1	3.2.1.185		Non-reducing end beta-L-arabinofuranosidase
IFBJBKOH_01165	gene	573	hypBA1_1			
IFBJBKOH_01166	CDS	1128	hypBA1_2	3.2.1.185		Non-reducing end beta-L-arabinofuranosidase
IFBJBKOH_01166	gene	1128	hypBA1_2			
IFBJBKOH_01167	CDS	2385	yicI	3.2.1.177	COG1501	Alpha-xylosidase
IFBJBKOH_01167	gene	2385	yicI			
IFBJBKOH_01168	CDS	1290	msmE_2		COG1653	Putative binding protein MsmE
IFBJBKOH_01168	gene	1290	msmE_2			
IFBJBKOH_01169	CDS	840	araQ_6		COG0395	L-arabinose transport system permease protein AraQ
IFBJBKOH_01169	gene	840	araQ_6			
IFBJBKOH_01170	CDS	879	ugpA_1		COG1175	sn-glycerol-3-phosphate transport system permease protein UgpA
IFBJBKOH_01170	gene	879	ugpA_1			
IFBJBKOH_01171	CDS	147				hypothetical protein
IFBJBKOH_01171	gene	147				
IFBJBKOH_01172	CDS	1041	rbsR_1		COG1609	Ribose operon repressor
IFBJBKOH_01172	gene	1041	rbsR_1			
IFBJBKOH_01173	CDS	1104	fecE_1		COG1120	Fe(3+) dicitrate transport ATP-binding protein FecE
IFBJBKOH_01173	gene	1104	fecE_1			
IFBJBKOH_01174	CDS	1020	hmuU		COG0609	Hemin transport system permease protein HmuU
IFBJBKOH_01174	gene	1020	hmuU			
IFBJBKOH_01175	CDS	1245				hypothetical protein
IFBJBKOH_01175	gene	1245				
IFBJBKOH_01176	CDS	1026				hypothetical protein
IFBJBKOH_01176	gene	1026				
IFBJBKOH_01177	CDS	1059	cbiK	4.99.1.3	COG4822	Sirohydrochlorin cobaltochelatase
IFBJBKOH_01177	gene	1059	cbiK			
IFBJBKOH_01178	CDS	273				hypothetical protein
IFBJBKOH_01178	gene	273				
IFBJBKOH_01179	CDS	279				hypothetical protein
IFBJBKOH_01179	gene	279				
IFBJBKOH_01180	CDS	165				hypothetical protein
IFBJBKOH_01180	gene	165				
IFBJBKOH_01181	CDS	540	ogt	2.1.1.63	COG0350	Methylated-DNA--protein-cysteine methyltransferase
IFBJBKOH_01181	gene	540	ogt			
IFBJBKOH_01182	CDS	1485	lon1_2	3.4.21.53	COG0466	Lon protease 1
IFBJBKOH_01182	gene	1485	lon1_2			
IFBJBKOH_01183	CDS	2121				hypothetical protein
IFBJBKOH_01183	gene	2121				
IFBJBKOH_01184	CDS	873				hypothetical protein
IFBJBKOH_01184	gene	873				
IFBJBKOH_01185	CDS	465				hypothetical protein
IFBJBKOH_01185	gene	465				
IFBJBKOH_01186	CDS	240				hypothetical protein
IFBJBKOH_01186	gene	240				
IFBJBKOH_01187	CDS	1005	kdgR_1		COG1609	HTH-type transcriptional regulator KdgR
IFBJBKOH_01187	gene	1005	kdgR_1			
IFBJBKOH_01188	CDS	2046	hepC_1	4.2.2.8		Heparin-sulfate lyase
IFBJBKOH_01188	gene	2046	hepC_1			
IFBJBKOH_01189	CDS	810	manZ		COG3716	PTS system mannose-specific EIID component
IFBJBKOH_01189	gene	810	manZ			
IFBJBKOH_01190	CDS	789	agaC		COG3715	N-acetylgalactosamine permease IIC component 1
IFBJBKOH_01190	gene	789	agaC			
IFBJBKOH_01191	CDS	492	sorB	2.7.1.206	COG3444	PTS system sorbose-specific EIIB component
IFBJBKOH_01191	gene	492	sorB			
IFBJBKOH_01192	CDS	1206	ugl_1	3.2.1.180		Unsaturated chondroitin disaccharide hydrolase
IFBJBKOH_01192	gene	1206	ugl_1			
IFBJBKOH_01193	CDS	435	manX	2.7.1.191		PTS system mannose-specific EIIAB component
IFBJBKOH_01193	gene	435	manX			
IFBJBKOH_01194	CDS	405	rplY_1			50S ribosomal protein L25
IFBJBKOH_01194	gene	405	rplY_1			
IFBJBKOH_01195	CDS	198	rplY_2			50S ribosomal protein L25
IFBJBKOH_01195	gene	198	rplY_2			
IFBJBKOH_01196	CDS	1206	tcrY	2.7.13.3		putative sensor histidine kinase TcrY
IFBJBKOH_01196	gene	1206	tcrY			
IFBJBKOH_01197	CDS	711	sphR_1		COG0745	Alkaline phosphatase synthesis transcriptional regulatory protein SphR
IFBJBKOH_01197	gene	711	sphR_1			
IFBJBKOH_01198	CDS	840	yxlF_2	3.6.3.-	COG1131	putative ABC transporter ATP-binding protein YxlF
IFBJBKOH_01198	gene	840	yxlF_2			
IFBJBKOH_01199	CDS	480				hypothetical protein
IFBJBKOH_01199	gene	480				
IFBJBKOH_01200	CDS	1335				hypothetical protein
IFBJBKOH_01200	gene	1335				
IFBJBKOH_01201	CDS	726				hypothetical protein
IFBJBKOH_01201	gene	726				
IFBJBKOH_01202	CDS	804	soxS_1			Regulatory protein SoxS
IFBJBKOH_01202	gene	804	soxS_1			
IFBJBKOH_01203	CDS	1383	xylP_2			Isoprimeverose transporter
IFBJBKOH_01203	gene	1383	xylP_2			
IFBJBKOH_01204	CDS	3042	ebgA_1	3.2.1.23	COG3250	Evolved beta-galactosidase subunit alpha
IFBJBKOH_01204	gene	3042	ebgA_1			
IFBJBKOH_01205	CDS	870	araC_1			Arabinose operon regulatory protein
IFBJBKOH_01205	gene	870	araC_1			
IFBJBKOH_01206	CDS	201				hypothetical protein
IFBJBKOH_01206	gene	201				
IFBJBKOH_01207	CDS	108				hypothetical protein
IFBJBKOH_01207	gene	108				
IFBJBKOH_01208	CDS	429				hypothetical protein
IFBJBKOH_01208	gene	429				
IFBJBKOH_01209	CDS	402				hypothetical protein
IFBJBKOH_01209	gene	402				
IFBJBKOH_01210	CDS	927	dxs_2	2.2.1.7	COG1154	1-deoxy-D-xylulose-5-phosphate synthase
IFBJBKOH_01210	gene	927	dxs_2			
IFBJBKOH_01211	CDS	801	cbbT_1	2.2.1.1		Transketolase 2
IFBJBKOH_01211	gene	801	cbbT_1			
IFBJBKOH_01212	CDS	837	sugB_1		COG0395	Trehalose transport system permease protein SugB
IFBJBKOH_01212	gene	837	sugB_1			
IFBJBKOH_01213	CDS	873	lacF_4			Lactose transport system permease protein LacF
IFBJBKOH_01213	gene	873	lacF_4			
IFBJBKOH_01214	CDS	1341				hypothetical protein
IFBJBKOH_01214	gene	1341				
IFBJBKOH_01215	CDS	1464				hypothetical protein
IFBJBKOH_01215	gene	1464				
IFBJBKOH_01216	CDS	711	lutR_2		COG2186	HTH-type transcriptional regulator LutR
IFBJBKOH_01216	gene	711	lutR_2			
IFBJBKOH_01217	CDS	1557				hypothetical protein
IFBJBKOH_01217	gene	1557				
IFBJBKOH_01218	CDS	747				Insertion sequence IS5376 putative ATP-binding protein
IFBJBKOH_01218	gene	747				
IFBJBKOH_01219	CDS	300				hypothetical protein
IFBJBKOH_01219	gene	300				
IFBJBKOH_01220	CDS	1251				hypothetical protein
IFBJBKOH_01220	gene	1251				
IFBJBKOH_01221	CDS	600				hypothetical protein
IFBJBKOH_01221	gene	600				
IFBJBKOH_01222	CDS	495				hypothetical protein
IFBJBKOH_01222	gene	495				
IFBJBKOH_01223	CDS	876				hypothetical protein
IFBJBKOH_01223	gene	876				
IFBJBKOH_01224	CDS	672				hypothetical protein
IFBJBKOH_01224	gene	672				
IFBJBKOH_01225	CDS	1047				hypothetical protein
IFBJBKOH_01225	gene	1047				
IFBJBKOH_01226	CDS	1059	ydiO_1	2.1.1.37	COG0270	putative BsuMI modification methylase subunit YdiO
IFBJBKOH_01226	gene	1059	ydiO_1			
IFBJBKOH_01227	CDS	465	vbhT	2.7.7.-		Adenosine monophosphate-protein transferase VbhT
IFBJBKOH_01227	gene	465	vbhT			
IFBJBKOH_01228	CDS	318				hypothetical protein
IFBJBKOH_01228	gene	318				
IFBJBKOH_01229	CDS	1044				hypothetical protein
IFBJBKOH_01229	gene	1044				
IFBJBKOH_01230	CDS	1101	recD	3.1.11.5	COG0507	RecBCD enzyme subunit RecD
IFBJBKOH_01230	gene	1101	recD			
IFBJBKOH_01231	CDS	714				hypothetical protein
IFBJBKOH_01231	gene	714				
IFBJBKOH_01232	CDS	354				hypothetical protein
IFBJBKOH_01232	gene	354				
IFBJBKOH_01233	CDS	243				hypothetical protein
IFBJBKOH_01233	gene	243				
IFBJBKOH_01234	CDS	411				hypothetical protein
IFBJBKOH_01234	gene	411				
IFBJBKOH_01235	CDS	342				hypothetical protein
IFBJBKOH_01235	gene	342				
IFBJBKOH_01236	CDS	252				hypothetical protein
IFBJBKOH_01236	gene	252				
IFBJBKOH_01237	CDS	342	spo0A_2			Stage 0 sporulation protein A
IFBJBKOH_01237	gene	342	spo0A_2			
IFBJBKOH_01238	CDS	774				hypothetical protein
IFBJBKOH_01238	gene	774				
IFBJBKOH_01239	CDS	423				hypothetical protein
IFBJBKOH_01239	gene	423				
IFBJBKOH_01240	CDS	147				hypothetical protein
IFBJBKOH_01240	gene	147				
IFBJBKOH_01241	CDS	303				hypothetical protein
IFBJBKOH_01241	gene	303				
IFBJBKOH_01242	CDS	162				hypothetical protein
IFBJBKOH_01242	gene	162				
IFBJBKOH_01243	CDS	117				hypothetical protein
IFBJBKOH_01243	gene	117				
IFBJBKOH_01244	CDS	126				hypothetical protein
IFBJBKOH_01244	gene	126				
IFBJBKOH_01245	CDS	465				hypothetical protein
IFBJBKOH_01245	gene	465				
IFBJBKOH_01246	CDS	387				hypothetical protein
IFBJBKOH_01246	gene	387				
IFBJBKOH_01247	CDS	1089				hypothetical protein
IFBJBKOH_01247	gene	1089				
IFBJBKOH_01248	CDS	1056				hypothetical protein
IFBJBKOH_01248	gene	1056				
IFBJBKOH_01249	CDS	402				hypothetical protein
IFBJBKOH_01249	gene	402				
IFBJBKOH_01250	CDS	312				hypothetical protein
IFBJBKOH_01250	gene	312				
IFBJBKOH_01251	CDS	960				hypothetical protein
IFBJBKOH_01251	gene	960				
IFBJBKOH_01252	CDS	651				hypothetical protein
IFBJBKOH_01252	gene	651				
IFBJBKOH_01253	CDS	2178				hypothetical protein
IFBJBKOH_01253	gene	2178				
IFBJBKOH_01254	CDS	1095				hypothetical protein
IFBJBKOH_01254	gene	1095				
IFBJBKOH_01255	CDS	168				hypothetical protein
IFBJBKOH_01255	gene	168				
IFBJBKOH_01256	CDS	429	yqbN_1			putative protein YqbN
IFBJBKOH_01256	gene	429	yqbN_1			
IFBJBKOH_01257	CDS	468	xkdM_1			Phage-like element PBSX protein XkdM
IFBJBKOH_01257	gene	468	xkdM_1			
IFBJBKOH_01258	CDS	300				hypothetical protein
IFBJBKOH_01258	gene	300				
IFBJBKOH_01259	CDS	1299				hypothetical protein
IFBJBKOH_01259	gene	1299				
IFBJBKOH_01260	CDS	174				hypothetical protein
IFBJBKOH_01260	gene	174				
IFBJBKOH_01261	CDS	441				hypothetical protein
IFBJBKOH_01261	gene	441				
IFBJBKOH_01262	CDS	552				hypothetical protein
IFBJBKOH_01262	gene	552				
IFBJBKOH_01263	CDS	387				hypothetical protein
IFBJBKOH_01263	gene	387				
IFBJBKOH_01264	CDS	339				hypothetical protein
IFBJBKOH_01264	gene	339				
IFBJBKOH_01265	CDS	1020				hypothetical protein
IFBJBKOH_01265	gene	1020				
IFBJBKOH_01266	CDS	423				hypothetical protein
IFBJBKOH_01266	gene	423				
IFBJBKOH_01267	CDS	612				hypothetical protein
IFBJBKOH_01267	gene	612				
IFBJBKOH_01268	CDS	312				hypothetical protein
IFBJBKOH_01268	gene	312				
IFBJBKOH_01269	CDS	225				hypothetical protein
IFBJBKOH_01269	gene	225				
IFBJBKOH_01270	CDS	1473				hypothetical protein
IFBJBKOH_01270	gene	1473				
IFBJBKOH_01271	CDS	234				hypothetical protein
IFBJBKOH_01271	gene	234				
IFBJBKOH_01272	CDS	249				hypothetical protein
IFBJBKOH_01272	gene	249				
IFBJBKOH_01273	CDS	1434				hypothetical protein
IFBJBKOH_01273	gene	1434				
IFBJBKOH_01274	CDS	1371				hypothetical protein
IFBJBKOH_01274	gene	1371				
IFBJBKOH_01275	CDS	585				hypothetical protein
IFBJBKOH_01275	gene	585				
IFBJBKOH_01276	CDS	582				hypothetical protein
IFBJBKOH_01276	gene	582				
IFBJBKOH_01277	CDS	219				hypothetical protein
IFBJBKOH_01277	gene	219				
IFBJBKOH_01278	CDS	252				hypothetical protein
IFBJBKOH_01278	gene	252				
IFBJBKOH_01279	CDS	474				hypothetical protein
IFBJBKOH_01279	gene	474				
IFBJBKOH_01280	CDS	318				hypothetical protein
IFBJBKOH_01280	gene	318				
IFBJBKOH_01281	CDS	345				hypothetical protein
IFBJBKOH_01281	gene	345				
IFBJBKOH_01282	CDS	159				hypothetical protein
IFBJBKOH_01282	gene	159				
IFBJBKOH_01283	CDS	234				hypothetical protein
IFBJBKOH_01283	gene	234				
IFBJBKOH_01284	CDS	309				hypothetical protein
IFBJBKOH_01284	gene	309				
IFBJBKOH_01285	CDS	1374				hypothetical protein
IFBJBKOH_01285	gene	1374				
IFBJBKOH_01286	CDS	357				hypothetical protein
IFBJBKOH_01286	gene	357				
IFBJBKOH_01287	CDS	2463				hypothetical protein
IFBJBKOH_01287	gene	2463				
IFBJBKOH_01288	CDS	1965	polA_1	2.7.7.7		DNA polymerase I, thermostable
IFBJBKOH_01288	gene	1965	polA_1			
IFBJBKOH_01289	CDS	390				hypothetical protein
IFBJBKOH_01289	gene	390				
IFBJBKOH_01290	CDS	1593				hypothetical protein
IFBJBKOH_01290	gene	1593				
IFBJBKOH_01291	CDS	1707				hypothetical protein
IFBJBKOH_01291	gene	1707				
IFBJBKOH_01292	CDS	1668				hypothetical protein
IFBJBKOH_01292	gene	1668				
IFBJBKOH_01293	CDS	264				hypothetical protein
IFBJBKOH_01293	gene	264				
IFBJBKOH_01294	CDS	2244	dinG	3.6.4.12	COG1199	putative ATP-dependent helicase DinG 
IFBJBKOH_01294	gene	2244	dinG			
IFBJBKOH_01295	CDS	492				hypothetical protein
IFBJBKOH_01295	gene	492				
IFBJBKOH_01296	CDS	1536				hypothetical protein
IFBJBKOH_01296	gene	1536				
IFBJBKOH_01297	CDS	375				hypothetical protein
IFBJBKOH_01297	gene	375				
IFBJBKOH_01298	CDS	396				hypothetical protein
IFBJBKOH_01298	gene	396				
IFBJBKOH_01299	CDS	249				hypothetical protein
IFBJBKOH_01299	gene	249				
IFBJBKOH_01300	CDS	1092				hypothetical protein
IFBJBKOH_01300	gene	1092				
IFBJBKOH_01301	CDS	552				hypothetical protein
IFBJBKOH_01301	gene	552				
IFBJBKOH_01302	CDS	303				hypothetical protein
IFBJBKOH_01302	gene	303				
IFBJBKOH_01303	CDS	372				hypothetical protein
IFBJBKOH_01303	gene	372				
IFBJBKOH_01304	CDS	363				hypothetical protein
IFBJBKOH_01304	gene	363				
IFBJBKOH_01305	CDS	1620				hypothetical protein
IFBJBKOH_01305	gene	1620				
IFBJBKOH_01306	CDS	804				hypothetical protein
IFBJBKOH_01306	gene	804				
IFBJBKOH_01307	CDS	1344	lytA_2	3.5.1.28		Autolysin
IFBJBKOH_01307	gene	1344	lytA_2			
IFBJBKOH_01308	CDS	591				hypothetical protein
IFBJBKOH_01308	gene	591				
IFBJBKOH_01309	CDS	573				hypothetical protein
IFBJBKOH_01309	gene	573				
IFBJBKOH_01310	CDS	735				hypothetical protein
IFBJBKOH_01310	gene	735				
IFBJBKOH_01311	CDS	1443				hypothetical protein
IFBJBKOH_01311	gene	1443				
IFBJBKOH_01312	CDS	450				hypothetical protein
IFBJBKOH_01312	gene	450				
IFBJBKOH_01313	CDS	486				hypothetical protein
IFBJBKOH_01313	gene	486				
IFBJBKOH_01314	CDS	705	srrA_1		COG0745	Transcriptional regulatory protein SrrA
IFBJBKOH_01314	gene	705	srrA_1			
IFBJBKOH_01315	CDS	1041				hypothetical protein
IFBJBKOH_01315	gene	1041				
IFBJBKOH_01316	CDS	612				hypothetical protein
IFBJBKOH_01316	gene	612				
IFBJBKOH_01317	CDS	411				hypothetical protein
IFBJBKOH_01317	gene	411				
IFBJBKOH_01318	CDS	342				hypothetical protein
IFBJBKOH_01318	gene	342				
IFBJBKOH_01319	CDS	1617				hypothetical protein
IFBJBKOH_01319	gene	1617				
IFBJBKOH_01320	CDS	354				hypothetical protein
IFBJBKOH_01320	gene	354				
IFBJBKOH_01321	CDS	564				hypothetical protein
IFBJBKOH_01321	gene	564				
IFBJBKOH_01322	CDS	546				hypothetical protein
IFBJBKOH_01322	gene	546				
IFBJBKOH_01323	CDS	1242	lytB_1	3.2.1.96	COG4193	Putative endo-beta-N-acetylglucosaminidase
IFBJBKOH_01323	gene	1242	lytB_1			
IFBJBKOH_01324	CDS	573				hypothetical protein
IFBJBKOH_01324	gene	573				
IFBJBKOH_01325	CDS	573				hypothetical protein
IFBJBKOH_01325	gene	573				
IFBJBKOH_01326	CDS	495				hypothetical protein
IFBJBKOH_01326	gene	495				
IFBJBKOH_01327	CDS	468				hypothetical protein
IFBJBKOH_01327	gene	468				
IFBJBKOH_01328	CDS	1338				hypothetical protein
IFBJBKOH_01328	gene	1338				
IFBJBKOH_01329	CDS	1272				hypothetical protein
IFBJBKOH_01329	gene	1272				
IFBJBKOH_01330	CDS	1389				hypothetical protein
IFBJBKOH_01330	gene	1389				
IFBJBKOH_01331	CDS	540				hypothetical protein
IFBJBKOH_01331	gene	540				
IFBJBKOH_01332	CDS	777				hypothetical protein
IFBJBKOH_01332	gene	777				
IFBJBKOH_01333	CDS	207				hypothetical protein
IFBJBKOH_01333	gene	207				
IFBJBKOH_01334	CDS	2619				hypothetical protein
IFBJBKOH_01334	gene	2619				
IFBJBKOH_01335	CDS	693				hypothetical protein
IFBJBKOH_01335	gene	693				
IFBJBKOH_01336	CDS	1308				hypothetical protein
IFBJBKOH_01336	gene	1308				
IFBJBKOH_01337	CDS	1896		3.1.3.16		Putative protein phosphatase 2C-type
IFBJBKOH_01337	gene	1896				
IFBJBKOH_01338	CDS	840	stp_1	3.1.3.16	COG0631	Serine/threonine phosphatase stp
IFBJBKOH_01338	gene	840	stp_1			
IFBJBKOH_01339	CDS	534				hypothetical protein
IFBJBKOH_01339	gene	534				
IFBJBKOH_01340	CDS	555				hypothetical protein
IFBJBKOH_01340	gene	555				
IFBJBKOH_01341	CDS	444	dnaJ_1		COG0484	Chaperone protein DnaJ
IFBJBKOH_01341	gene	444	dnaJ_1			
IFBJBKOH_01342	CDS	429				hypothetical protein
IFBJBKOH_01342	gene	429				
IFBJBKOH_01343	CDS	432				hypothetical protein
IFBJBKOH_01343	gene	432				
IFBJBKOH_01344	CDS	2178				hypothetical protein
IFBJBKOH_01344	gene	2178				
IFBJBKOH_01345	CDS	1833				hypothetical protein
IFBJBKOH_01345	gene	1833				
IFBJBKOH_01346	CDS	273				hypothetical protein
IFBJBKOH_01346	gene	273				
IFBJBKOH_01347	CDS	363				hypothetical protein
IFBJBKOH_01347	gene	363				
IFBJBKOH_01348	CDS	567	agrB_3	3.4.-.-		Accessory gene regulator protein B
IFBJBKOH_01348	gene	567	agrB_3			
IFBJBKOH_01349	CDS	162				hypothetical protein
IFBJBKOH_01349	gene	162				
IFBJBKOH_01350	CDS	1323				hypothetical protein
IFBJBKOH_01350	gene	1323				
IFBJBKOH_01351	CDS	870	rcsC_1	2.7.13.3		Sensor histidine kinase RcsC
IFBJBKOH_01351	gene	870	rcsC_1			
IFBJBKOH_01352	CDS	855				hypothetical protein
IFBJBKOH_01352	gene	855				
IFBJBKOH_01353	CDS	627				hypothetical protein
IFBJBKOH_01353	gene	627				
IFBJBKOH_01354	CDS	993				hypothetical protein
IFBJBKOH_01354	gene	993				
IFBJBKOH_01355	CDS	1788	ltrA_11		COG3344	Group II intron-encoded protein LtrA
IFBJBKOH_01355	gene	1788	ltrA_11			
IFBJBKOH_01356	CDS	669				hypothetical protein
IFBJBKOH_01356	gene	669				
IFBJBKOH_01357	CDS	1836	traC_1			Protein TraC
IFBJBKOH_01357	gene	1836	traC_1			
IFBJBKOH_01358	CDS	696				hypothetical protein
IFBJBKOH_01358	gene	696				
IFBJBKOH_01359	CDS	636				hypothetical protein
IFBJBKOH_01359	gene	636				
IFBJBKOH_01360	CDS	1818	ltrA_12		COG3344	Group II intron-encoded protein LtrA
IFBJBKOH_01360	gene	1818	ltrA_12			
IFBJBKOH_01361	CDS	1725				hypothetical protein
IFBJBKOH_01361	gene	1725				
IFBJBKOH_01362	CDS	621				hypothetical protein
IFBJBKOH_01362	gene	621				
IFBJBKOH_01363	CDS	537				hypothetical protein
IFBJBKOH_01363	gene	537				
IFBJBKOH_01364	CDS	402				hypothetical protein
IFBJBKOH_01364	gene	402				
IFBJBKOH_01365	CDS	876				hypothetical protein
IFBJBKOH_01365	gene	876				
IFBJBKOH_01366	CDS	933				hypothetical protein
IFBJBKOH_01366	gene	933				
IFBJBKOH_01367	CDS	348				hypothetical protein
IFBJBKOH_01367	gene	348				
IFBJBKOH_01368	CDS	624				hypothetical protein
IFBJBKOH_01368	gene	624				
IFBJBKOH_01369	CDS	1353			COG4962	Putative conjugal transfer protein
IFBJBKOH_01369	gene	1353				
IFBJBKOH_01370	CDS	204				hypothetical protein
IFBJBKOH_01370	gene	204				
IFBJBKOH_01371	CDS	888				hypothetical protein
IFBJBKOH_01371	gene	888				
IFBJBKOH_01372	CDS	441				hypothetical protein
IFBJBKOH_01372	gene	441				
IFBJBKOH_01373	CDS	882				hypothetical protein
IFBJBKOH_01373	gene	882				
IFBJBKOH_01374	CDS	831				hypothetical protein
IFBJBKOH_01374	gene	831				
IFBJBKOH_01375	CDS	567				hypothetical protein
IFBJBKOH_01375	gene	567				
IFBJBKOH_01376	CDS	594				hypothetical protein
IFBJBKOH_01376	gene	594				
IFBJBKOH_01377	CDS	1512	hhaIM_1	2.1.1.37		Modification methylase HhaI
IFBJBKOH_01377	gene	1512	hhaIM_1			
IFBJBKOH_01378	CDS	330				hypothetical protein
IFBJBKOH_01378	gene	330				
IFBJBKOH_01379	CDS	213				hypothetical protein
IFBJBKOH_01379	gene	213				
IFBJBKOH_01380	CDS	876				hypothetical protein
IFBJBKOH_01380	gene	876				
IFBJBKOH_01381	CDS	309	spoVG_3		COG2088	Putative septation protein SpoVG
IFBJBKOH_01381	gene	309	spoVG_3			
IFBJBKOH_01382	CDS	162				hypothetical protein
IFBJBKOH_01382	gene	162				
IFBJBKOH_01383	CDS	351				hypothetical protein
IFBJBKOH_01383	gene	351				
IFBJBKOH_01384	CDS	2250	traG_1			Conjugal transfer protein TraG
IFBJBKOH_01384	gene	2250	traG_1			
IFBJBKOH_01385	CDS	693				hypothetical protein
IFBJBKOH_01385	gene	693				
IFBJBKOH_01386	CDS	531				hypothetical protein
IFBJBKOH_01386	gene	531				
IFBJBKOH_01387	CDS	678				hypothetical protein
IFBJBKOH_01387	gene	678				
IFBJBKOH_01388	CDS	831				hypothetical protein
IFBJBKOH_01388	gene	831				
IFBJBKOH_01389	CDS	189				hypothetical protein
IFBJBKOH_01389	gene	189				
IFBJBKOH_01390	CDS	309	sinR_1		COG1396	HTH-type transcriptional regulator SinR
IFBJBKOH_01390	gene	309	sinR_1			
IFBJBKOH_01391	CDS	687				hypothetical protein
IFBJBKOH_01391	gene	687				
IFBJBKOH_01392	CDS	675				hypothetical protein
IFBJBKOH_01392	gene	675				
IFBJBKOH_01393	CDS	1098				hypothetical protein
IFBJBKOH_01393	gene	1098				
IFBJBKOH_01394	CDS	501				hypothetical protein
IFBJBKOH_01394	gene	501				
IFBJBKOH_01395	CDS	477				hypothetical protein
IFBJBKOH_01395	gene	477				
IFBJBKOH_01396	CDS	1014				hypothetical protein
IFBJBKOH_01396	gene	1014				
IFBJBKOH_01397	CDS	678				hypothetical protein
IFBJBKOH_01397	gene	678				
IFBJBKOH_01398	CDS	471				hypothetical protein
IFBJBKOH_01398	gene	471				
IFBJBKOH_01399	CDS	117				hypothetical protein
IFBJBKOH_01399	gene	117				
IFBJBKOH_01400	CDS	1026				hypothetical protein
IFBJBKOH_01400	gene	1026				
IFBJBKOH_01401	CDS	192				hypothetical protein
IFBJBKOH_01401	gene	192				
IFBJBKOH_01402	CDS	1245				hypothetical protein
IFBJBKOH_01402	gene	1245				
IFBJBKOH_01403	CDS	861				hypothetical protein
IFBJBKOH_01403	gene	861				
IFBJBKOH_01404	CDS	1377				hypothetical protein
IFBJBKOH_01404	gene	1377				
IFBJBKOH_01405	CDS	687				hypothetical protein
IFBJBKOH_01405	gene	687				
IFBJBKOH_01406	CDS	8145				hypothetical protein
IFBJBKOH_01406	gene	8145				
IFBJBKOH_01407	CDS	594				hypothetical protein
IFBJBKOH_01407	gene	594				
IFBJBKOH_01408	CDS	1032	spo0C_3		COG1475	Chromosome-partitioning protein Spo0J
IFBJBKOH_01408	gene	1032	spo0C_3			
IFBJBKOH_01409	CDS	819			COG1192	putative protein
IFBJBKOH_01409	gene	819				
IFBJBKOH_01410	CDS	444				hypothetical protein
IFBJBKOH_01410	gene	444				
IFBJBKOH_01411	CDS	1224				hypothetical protein
IFBJBKOH_01411	gene	1224				
IFBJBKOH_01412	CDS	471				hypothetical protein
IFBJBKOH_01412	gene	471				
IFBJBKOH_01413	CDS	168				hypothetical protein
IFBJBKOH_01413	gene	168				
IFBJBKOH_01414	CDS	186				hypothetical protein
IFBJBKOH_01414	gene	186				
IFBJBKOH_01415	CDS	264				hypothetical protein
IFBJBKOH_01415	gene	264				
IFBJBKOH_01416	CDS	207				hypothetical protein
IFBJBKOH_01416	gene	207				
IFBJBKOH_01417	CDS	144				hypothetical protein
IFBJBKOH_01417	gene	144				
IFBJBKOH_01418	CDS	210	xis_1			ICEBs1 excisionase
IFBJBKOH_01418	gene	210	xis_1			
IFBJBKOH_01419	CDS	303				hypothetical protein
IFBJBKOH_01419	gene	303				
IFBJBKOH_01420	CDS	1458				hypothetical protein
IFBJBKOH_01420	gene	1458				
IFBJBKOH_01421	CDS	369				hypothetical protein
IFBJBKOH_01421	gene	369				
IFBJBKOH_01422	CDS	243				hypothetical protein
IFBJBKOH_01422	gene	243				
IFBJBKOH_01423	CDS	186				hypothetical protein
IFBJBKOH_01423	gene	186				
IFBJBKOH_01424	CDS	414				hypothetical protein
IFBJBKOH_01424	gene	414				
IFBJBKOH_01425	CDS	858	parB_1		COG1475	putative chromosome-partitioning protein ParB
IFBJBKOH_01425	gene	858	parB_1			
IFBJBKOH_01426	CDS	216				hypothetical protein
IFBJBKOH_01426	gene	216				
IFBJBKOH_01427	CDS	609				hypothetical protein
IFBJBKOH_01427	gene	609				
IFBJBKOH_01428	CDS	594				hypothetical protein
IFBJBKOH_01428	gene	594				
IFBJBKOH_01429	CDS	1206	Int-Tn_3			Transposase from transposon Tn916
IFBJBKOH_01429	gene	1206	Int-Tn_3			
IFBJBKOH_01430	CDS	1395	rlmCD_1	2.1.1.189	COG2265	23S rRNA (uracil-C(5))-methyltransferase RlmCD
IFBJBKOH_01430	gene	1395	rlmCD_1			
IFBJBKOH_01431	CDS	315				hypothetical protein
IFBJBKOH_01431	gene	315				
IFBJBKOH_01432	CDS	2343	pcrA_1	3.6.4.12		ATP-dependent DNA helicase PcrA
IFBJBKOH_01432	gene	2343	pcrA_1			
IFBJBKOH_01433	CDS	357	nanM	5.1.3.24		N-acetylneuraminate epimerase
IFBJBKOH_01433	gene	357	nanM			
IFBJBKOH_01434	CDS	618				hypothetical protein
IFBJBKOH_01434	gene	618				
IFBJBKOH_01435	CDS	321				hypothetical protein
IFBJBKOH_01435	gene	321				
IFBJBKOH_01436	CDS	810	yidA	3.1.3.23	COG0561	Sugar phosphatase YidA
IFBJBKOH_01436	gene	810	yidA			
IFBJBKOH_01437	CDS	1305				hypothetical protein
IFBJBKOH_01437	gene	1305				
IFBJBKOH_01438	CDS	1338	amaA	3.5.1.14		N-acyl-L-amino acid amidohydrolase
IFBJBKOH_01438	gene	1338	amaA			
IFBJBKOH_01439	CDS	1107	pepT_1	3.4.11.4	COG2195	Peptidase T
IFBJBKOH_01439	gene	1107	pepT_1			
IFBJBKOH_01440	CDS	690				hypothetical protein
IFBJBKOH_01440	gene	690				
IFBJBKOH_01441	CDS	804				hypothetical protein
IFBJBKOH_01441	gene	804				
IFBJBKOH_01442	CDS	1011				hypothetical protein
IFBJBKOH_01442	gene	1011				
IFBJBKOH_01443	CDS	438				hypothetical protein
IFBJBKOH_01443	gene	438				
IFBJBKOH_01444	CDS	438				hypothetical protein
IFBJBKOH_01444	gene	438				
IFBJBKOH_01445	CDS	201				hypothetical protein
IFBJBKOH_01445	gene	201				
IFBJBKOH_01446	CDS	1386	soj_2	3.6.-.-	COG1192	Sporulation initiation inhibitor protein Soj
IFBJBKOH_01446	gene	1386	soj_2			
IFBJBKOH_01447	CDS	378				hypothetical protein
IFBJBKOH_01447	gene	378				
IFBJBKOH_01448	CDS	453				hypothetical protein
IFBJBKOH_01448	gene	453				
IFBJBKOH_01449	CDS	588	tam	2.1.1.144		Trans-aconitate 2-methyltransferase
IFBJBKOH_01449	gene	588	tam			
IFBJBKOH_01450	CDS	144				hypothetical protein
IFBJBKOH_01450	gene	144				
IFBJBKOH_01451	CDS	1005				hypothetical protein
IFBJBKOH_01451	gene	1005				
IFBJBKOH_01452	CDS	1521	xylG_3	3.6.3.17	COG1129	Xylose import ATP-binding protein XylG
IFBJBKOH_01452	gene	1521	xylG_3			
IFBJBKOH_01453	CDS	1050	ypdA_2	2.7.13.3	COG3275	Sensor histidine kinase YpdA
IFBJBKOH_01453	gene	1050	ypdA_2			
IFBJBKOH_01454	CDS	1587			COG4753	putative response regulatory protein
IFBJBKOH_01454	gene	1587				
IFBJBKOH_01455	CDS	972	rbsB_4		COG1879	Ribose import binding protein RbsB
IFBJBKOH_01455	gene	972	rbsB_4			
IFBJBKOH_01456	CDS	1032	rbsC_5		COG1172	Ribose import permease protein RbsC
IFBJBKOH_01456	gene	1032	rbsC_5			
IFBJBKOH_01457	CDS	1515	mglA_3	3.6.3.17	COG1129	Galactose/methyl galactoside import ATP-binding protein MglA
IFBJBKOH_01457	gene	1515	mglA_3			
IFBJBKOH_01458	CDS	1296	dacF	3.4.16.4	COG1686	D-alanyl-D-alanine carboxypeptidase DacF
IFBJBKOH_01458	gene	1296	dacF			
IFBJBKOH_01459	CDS	441	hit_1		COG0537	Protein hit
IFBJBKOH_01459	gene	441	hit_1			
IFBJBKOH_01460	CDS	1557				hypothetical protein
IFBJBKOH_01460	gene	1557				
IFBJBKOH_01461	CDS	768	ssuB_1	3.6.3.-	COG1116	Aliphatic sulfonates import ATP-binding protein SsuB
IFBJBKOH_01461	gene	768	ssuB_1			
IFBJBKOH_01462	CDS	822	ribX_2			Riboflavin transport system permease protein RibX
IFBJBKOH_01462	gene	822	ribX_2			
IFBJBKOH_01463	CDS	507			COG1132	putative ABC transporter ATP-binding protein
IFBJBKOH_01463	gene	507				
IFBJBKOH_01464	CDS	1425			COG1132	putative ABC transporter ATP-binding protein
IFBJBKOH_01464	gene	1425				
IFBJBKOH_01465	CDS	222				hypothetical protein
IFBJBKOH_01465	gene	222				
IFBJBKOH_01466	CDS	213				hypothetical protein
IFBJBKOH_01466	gene	213				
IFBJBKOH_01467	CDS	1329				PTS system EIIBC component
IFBJBKOH_01467	gene	1329				
IFBJBKOH_01468	CDS	987	mshD_2	2.3.1.189		Mycothiol acetyltransferase
IFBJBKOH_01468	gene	987	mshD_2			
IFBJBKOH_01469	CDS	900	murQ	4.2.1.126	COG2103	N-acetylmuramic acid 6-phosphate etherase
IFBJBKOH_01469	gene	900	murQ			
IFBJBKOH_01470	CDS	870	murR		COG1737	HTH-type transcriptional regulator MurR
IFBJBKOH_01470	gene	870	murR			
IFBJBKOH_01471	CDS	1149	ybhR_1		COG0842	putative multidrug ABC transporter permease YbhR
IFBJBKOH_01471	gene	1149	ybhR_1			
IFBJBKOH_01472	CDS	1149	ybhR_2		COG0842	putative multidrug ABC transporter permease YbhR
IFBJBKOH_01472	gene	1149	ybhR_2			
IFBJBKOH_01473	CDS	837	aaeA		COG1566	p-hydroxybenzoic acid efflux pump subunit AaeA
IFBJBKOH_01473	gene	837	aaeA			
IFBJBKOH_01474	CDS	417	slyA_2			Transcriptional regulator SlyA
IFBJBKOH_01474	gene	417	slyA_2			
IFBJBKOH_01475	CDS	603	cmk_2	2.7.4.25		Cytidylate kinase
IFBJBKOH_01475	gene	603	cmk_2			
IFBJBKOH_01476	CDS	1161	adh	1.1.1.1	COG1063	Alcohol dehydrogenase
IFBJBKOH_01476	gene	1161	adh			
IFBJBKOH_01477	CDS	825		1.1.1.393	COG1028	3-beta-hydroxycholanate 3-dehydrogenase (NADP(+))
IFBJBKOH_01477	gene	825				
IFBJBKOH_01478	CDS	573				hypothetical protein
IFBJBKOH_01478	gene	573				
IFBJBKOH_01479	CDS	198				hypothetical protein
IFBJBKOH_01479	gene	198				
IFBJBKOH_01480	CDS	258				hypothetical protein
IFBJBKOH_01480	gene	258				
IFBJBKOH_01481	CDS	1863				hypothetical protein
IFBJBKOH_01481	gene	1863				
IFBJBKOH_01482	CDS	834	licT_1		COG3711	Transcription antiterminator LicT
IFBJBKOH_01482	gene	834	licT_1			
IFBJBKOH_01483	CDS	1914	bglF_2		COG1263	PTS system beta-glucoside-specific EIIBCA component
IFBJBKOH_01483	gene	1914	bglF_2			
IFBJBKOH_01484	CDS	1428	bglH_1	3.2.1.86	COG2723	Aryl-phospho-beta-D-glucosidase BglH
IFBJBKOH_01484	gene	1428	bglH_1			
IFBJBKOH_01485	CDS	1473				hypothetical protein
IFBJBKOH_01485	gene	1473				
IFBJBKOH_01486	CDS	8220	inlA		COG4886	Internalin-A
IFBJBKOH_01486	gene	8220	inlA			
IFBJBKOH_01487	CDS	1146				hypothetical protein
IFBJBKOH_01487	gene	1146				
IFBJBKOH_01488	CDS	1215				hypothetical protein
IFBJBKOH_01488	gene	1215				
IFBJBKOH_01489	CDS	1326	mepA_4			Multidrug export protein MepA
IFBJBKOH_01489	gene	1326	mepA_4			
IFBJBKOH_01490	CDS	504	greA_1		COG0782	Transcription elongation factor GreA
IFBJBKOH_01490	gene	504	greA_1			
IFBJBKOH_01491	CDS	1101				hypothetical protein
IFBJBKOH_01491	gene	1101				
IFBJBKOH_01492	CDS	510	sodC	1.15.1.1	COG2032	Superoxide dismutase [Cu-Zn]
IFBJBKOH_01492	gene	510	sodC			
IFBJBKOH_01493	CDS	1002	dus_1	1.3.1.-		putative tRNA-dihydrouridine synthase
IFBJBKOH_01493	gene	1002	dus_1			
IFBJBKOH_01494	CDS	618				hypothetical protein
IFBJBKOH_01494	gene	618				
IFBJBKOH_01495	CDS	1479	htpG_1			Chaperone protein HtpG
IFBJBKOH_01495	gene	1479	htpG_1			
IFBJBKOH_01496	CDS	1092				hypothetical protein
IFBJBKOH_01496	gene	1092				
IFBJBKOH_01497	CDS	1011				hypothetical protein
IFBJBKOH_01497	gene	1011				
IFBJBKOH_01498	CDS	693				hypothetical protein
IFBJBKOH_01498	gene	693				
IFBJBKOH_01499	CDS	1353	yeeO_4		COG0534	putative FMN/FAD exporter YeeO
IFBJBKOH_01499	gene	1353	yeeO_4			
IFBJBKOH_01500	CDS	12291				hypothetical protein
IFBJBKOH_01500	gene	12291				
IFBJBKOH_01501	CDS	1389	gltD_2	1.4.1.13	COG0493	Glutamate synthase [NADPH] small chain
IFBJBKOH_01501	gene	1389	gltD_2			
IFBJBKOH_01502	CDS	891			COG0543	Dihydroorotate dehydrogenase B (NAD(+)), electron transfer subunit 
IFBJBKOH_01502	gene	891				
IFBJBKOH_01503	CDS	912	lacX_1			Protein LacX, plasmid
IFBJBKOH_01503	gene	912	lacX_1			
IFBJBKOH_01504	CDS	495	dfrD	1.5.1.3		Dihydrofolate reductase
IFBJBKOH_01504	gene	495	dfrD			
IFBJBKOH_01505	CDS	492	dfrA	1.5.1.3	COG0262	Dihydrofolate reductase
IFBJBKOH_01505	gene	492	dfrA			
IFBJBKOH_01506	CDS	831	thyA1	2.1.1.45	COG0207	Thymidylate synthase 1
IFBJBKOH_01506	gene	831	thyA1			
IFBJBKOH_01507	CDS	945	panE_1	1.1.1.169	COG1893	2-dehydropantoate 2-reductase
IFBJBKOH_01507	gene	945	panE_1			
IFBJBKOH_01508	CDS	3852	addA	3.1.-.-	COG1074	ATP-dependent helicase/nuclease subunit A
IFBJBKOH_01508	gene	3852	addA			
IFBJBKOH_01509	CDS	3540	addB	3.1.-.-	COG3857	ATP-dependent helicase/deoxyribonuclease subunit B
IFBJBKOH_01509	gene	3540	addB			
IFBJBKOH_01510	CDS	438				hypothetical protein
IFBJBKOH_01510	gene	438				
IFBJBKOH_01511	CDS	1080				hypothetical protein
IFBJBKOH_01511	gene	1080				
IFBJBKOH_01512	CDS	213				hypothetical protein
IFBJBKOH_01512	gene	213				
IFBJBKOH_01513	CDS	2421	nrdD_1	1.1.98.6	COG1328	Anaerobic ribonucleoside-triphosphate reductase
IFBJBKOH_01513	gene	2421	nrdD_1			
IFBJBKOH_01514	CDS	1284	hflX		COG2262	GTPase HflX
IFBJBKOH_01514	gene	1284	hflX			
IFBJBKOH_01515	CDS	1074				hypothetical protein
IFBJBKOH_01515	gene	1074				
IFBJBKOH_01516	CDS	516	dut_2	3.6.1.23	COG0756	Deoxyuridine 5'-triphosphate nucleotidohydrolase
IFBJBKOH_01516	gene	516	dut_2			
IFBJBKOH_01517	CDS	264				hypothetical protein
IFBJBKOH_01517	gene	264				
IFBJBKOH_01518	CDS	330				hypothetical protein
IFBJBKOH_01518	gene	330				
IFBJBKOH_01519	CDS	627	mntP_2			manganese efflux pump MntP
IFBJBKOH_01519	gene	627	mntP_2			
IFBJBKOH_01520	CDS	789	scpB		COG1386	Segregation and condensation protein B
IFBJBKOH_01520	gene	789	scpB			
IFBJBKOH_01521	CDS	801	scpA		COG1354	Segregation and condensation protein A
IFBJBKOH_01521	gene	801	scpA			
IFBJBKOH_01522	CDS	873				hypothetical protein
IFBJBKOH_01522	gene	873				
IFBJBKOH_01523	CDS	687		3.1.3.-	COG0637	Phosphorylated carbohydrates phosphatase
IFBJBKOH_01523	gene	687				
IFBJBKOH_01524	CDS	615	rbr1	1.11.1.1	COG1592	Rubrerythrin-1
IFBJBKOH_01524	gene	615	rbr1			
IFBJBKOH_01525	CDS	411				hypothetical protein
IFBJBKOH_01525	gene	411				
IFBJBKOH_01526	CDS	1131			COG1840	putative protein
IFBJBKOH_01526	gene	1131				
IFBJBKOH_01527	CDS	1101	ugpC_1	3.6.3.20	COG3839	sn-glycerol-3-phosphate import ATP-binding protein UgpC
IFBJBKOH_01527	gene	1101	ugpC_1			
IFBJBKOH_01528	CDS	1665	phnU		COG0555	Putative 2-aminoethylphosphonate transport system permease protein PhnU
IFBJBKOH_01528	gene	1665	phnU			
IFBJBKOH_01529	CDS	1728		2.7.13.3	COG2972	putative sensor-like histidine kinase
IFBJBKOH_01529	gene	1728				
IFBJBKOH_01530	CDS	798			COG4753	putative response regulatory protein
IFBJBKOH_01530	gene	798				
IFBJBKOH_01531	CDS	834	merR1			Mercuric resistance operon regulatory protein
IFBJBKOH_01531	gene	834	merR1			
IFBJBKOH_01532	CDS	1329	mepA_5		COG0534	Multidrug export protein MepA
IFBJBKOH_01532	gene	1329	mepA_5			
IFBJBKOH_01533	CDS	780			COG4753	putative response regulatory protein
IFBJBKOH_01533	gene	780				
IFBJBKOH_01534	CDS	1713		2.7.13.3	COG2972	putative sensor-like histidine kinase
IFBJBKOH_01534	gene	1713				
IFBJBKOH_01535	CDS	1128			COG1840	putative protein
IFBJBKOH_01535	gene	1128				
IFBJBKOH_01536	CDS	1077	potA_1	3.6.3.31		Spermidine/putrescine import ATP-binding protein PotA
IFBJBKOH_01536	gene	1077	potA_1			
IFBJBKOH_01537	CDS	1707	modB_1		COG4149	Molybdenum transport system permease protein ModB
IFBJBKOH_01537	gene	1707	modB_1			
IFBJBKOH_01538	CDS	1203			COG1840	putative protein
IFBJBKOH_01538	gene	1203				
IFBJBKOH_01539	CDS	258				hypothetical protein
IFBJBKOH_01539	gene	258				
IFBJBKOH_01540	CDS	831	mprB_1	2.7.13.3	COG0642	Signal transduction histidine-protein kinase/phosphatase MprB
IFBJBKOH_01540	gene	831	mprB_1			
IFBJBKOH_01541	CDS	687	arlR_1		COG0745	Response regulator ArlR
IFBJBKOH_01541	gene	687	arlR_1			
IFBJBKOH_01542	CDS	1044				hypothetical protein
IFBJBKOH_01542	gene	1044				
IFBJBKOH_01543	CDS	1014	yxlF_3	3.6.3.-	COG1131	putative ABC transporter ATP-binding protein YxlF
IFBJBKOH_01543	gene	1014	yxlF_3			
IFBJBKOH_01544	CDS	1209				hypothetical protein
IFBJBKOH_01544	gene	1209				
IFBJBKOH_01545	CDS	351	atzB_1	3.5.4.43		Hydroxydechloroatrazine ethylaminohydrolase
IFBJBKOH_01545	gene	351	atzB_1			
IFBJBKOH_01546	CDS	348				hypothetical protein
IFBJBKOH_01546	gene	348				
IFBJBKOH_01547	CDS	456			COG2200	putative signaling protein
IFBJBKOH_01547	gene	456				
IFBJBKOH_01548	CDS	1290	siaM_2		COG1593	Sialic acid TRAP transporter large permease protein SiaM
IFBJBKOH_01548	gene	1290	siaM_2			
IFBJBKOH_01549	CDS	483	siaQ_1		COG3090	Sialic acid TRAP transporter small permease protein SiaQ
IFBJBKOH_01549	gene	483	siaQ_1			
IFBJBKOH_01550	CDS	1062	siaP_1		COG1638	Sialic acid-binding periplasmic protein SiaP
IFBJBKOH_01550	gene	1062	siaP_1			
IFBJBKOH_01551	CDS	1011	ascG		COG1609	HTH-type transcriptional regulator AscG
IFBJBKOH_01551	gene	1011	ascG			
IFBJBKOH_01552	CDS	1089	manA_1	5.3.1.8	COG1482	Mannose-6-phosphate isomerase ManA
IFBJBKOH_01552	gene	1089	manA_1			
IFBJBKOH_01553	CDS	1020			COG1638	Solute-binding protein
IFBJBKOH_01553	gene	1020				
IFBJBKOH_01554	CDS	1230	cheY_2		COG0784	Chemotaxis protein CheY
IFBJBKOH_01554	gene	1230	cheY_2			
IFBJBKOH_01555	CDS	1404	ypdA_3	2.7.13.3	COG3275	Sensor histidine kinase YpdA
IFBJBKOH_01555	gene	1404	ypdA_3			
IFBJBKOH_01556	CDS	258				hypothetical protein
IFBJBKOH_01556	gene	258				
IFBJBKOH_01557	CDS	1560	dacB_2	3.4.16.4	COG1686	D-alanyl-D-alanine carboxypeptidase DacB
IFBJBKOH_01557	gene	1560	dacB_2			
IFBJBKOH_01558	CDS	156				hypothetical protein
IFBJBKOH_01558	gene	156				
IFBJBKOH_01559	CDS	1035	mutX	3.6.1.55	COG0494	8-oxo-dGTP diphosphatase
IFBJBKOH_01559	gene	1035	mutX			
IFBJBKOH_01560	CDS	1455	guaB_1	1.1.1.205	COG0516	Inosine-5'-monophosphate dehydrogenase
IFBJBKOH_01560	gene	1455	guaB_1			
IFBJBKOH_01561	CDS	837	carD_2	1.3.1.108	COG2086	Caffeyl-CoA reductase-Etf complex subunit CarD
IFBJBKOH_01561	gene	837	carD_2			
IFBJBKOH_01562	CDS	510	dapA_2	4.3.3.7		4-hydroxy-tetrahydrodipicolinate synthase
IFBJBKOH_01562	gene	510	dapA_2			
IFBJBKOH_01563	CDS	666				hypothetical protein
IFBJBKOH_01563	gene	666				
IFBJBKOH_01564	CDS	156				hypothetical protein
IFBJBKOH_01564	gene	156				
IFBJBKOH_01565	CDS	498				hypothetical protein
IFBJBKOH_01565	gene	498				
IFBJBKOH_01566	CDS	453	mntR_2		COG1321	Transcriptional regulator MntR
IFBJBKOH_01566	gene	453	mntR_2			
IFBJBKOH_01567	CDS	282				hypothetical protein
IFBJBKOH_01567	gene	282				
IFBJBKOH_01568	CDS	2145	feoB_2		COG0370	Fe(2+) transporter FeoB
IFBJBKOH_01568	gene	2145	feoB_2			
IFBJBKOH_01569	CDS	1623	groL		COG0459	60 kDa chaperonin
IFBJBKOH_01569	gene	1623	groL			
IFBJBKOH_01570	CDS	285	groS		COG0234	10 kDa chaperonin
IFBJBKOH_01570	gene	285	groS			
IFBJBKOH_01571	CDS	660				hypothetical protein
IFBJBKOH_01571	gene	660				
IFBJBKOH_01572	CDS	876				hypothetical protein
IFBJBKOH_01572	gene	876				
IFBJBKOH_01573	CDS	1404	gabR		COG1167	HTH-type transcriptional regulatory protein GabR
IFBJBKOH_01573	gene	1404	gabR			
IFBJBKOH_01574	CDS	471				hypothetical protein
IFBJBKOH_01574	gene	471				
IFBJBKOH_01575	CDS	1695	glnS	6.1.1.18	COG0008	Glutamine--tRNA ligase
IFBJBKOH_01575	gene	1695	glnS			
IFBJBKOH_01576	CDS	702	ygaZ_1		COG1296	Inner membrane protein YgaZ
IFBJBKOH_01576	gene	702	ygaZ_1			
IFBJBKOH_01577	CDS	486				hypothetical protein
IFBJBKOH_01577	gene	486				
IFBJBKOH_01578	CDS	2565		3.1.4.-	COG2206	Cyclic di-GMP phosphodiesterase
IFBJBKOH_01578	gene	2565				
IFBJBKOH_01579	CDS	1635				hypothetical protein
IFBJBKOH_01579	gene	1635				
IFBJBKOH_01580	CDS	534				hypothetical protein
IFBJBKOH_01580	gene	534				
IFBJBKOH_01581	CDS	411				hypothetical protein
IFBJBKOH_01581	gene	411				
IFBJBKOH_01582	CDS	342				hypothetical protein
IFBJBKOH_01582	gene	342				
IFBJBKOH_01583	CDS	252				hypothetical protein
IFBJBKOH_01583	gene	252				
IFBJBKOH_01584	CDS	342	spo0A_3			Stage 0 sporulation protein A
IFBJBKOH_01584	gene	342	spo0A_3			
IFBJBKOH_01585	CDS	774				hypothetical protein
IFBJBKOH_01585	gene	774				
IFBJBKOH_01586	CDS	423				hypothetical protein
IFBJBKOH_01586	gene	423				
IFBJBKOH_01587	CDS	147				hypothetical protein
IFBJBKOH_01587	gene	147				
IFBJBKOH_01588	CDS	303				hypothetical protein
IFBJBKOH_01588	gene	303				
IFBJBKOH_01589	CDS	162				hypothetical protein
IFBJBKOH_01589	gene	162				
IFBJBKOH_01590	CDS	117				hypothetical protein
IFBJBKOH_01590	gene	117				
IFBJBKOH_01591	CDS	126				hypothetical protein
IFBJBKOH_01591	gene	126				
IFBJBKOH_01592	CDS	477				hypothetical protein
IFBJBKOH_01592	gene	477				
IFBJBKOH_01593	CDS	414				hypothetical protein
IFBJBKOH_01593	gene	414				
IFBJBKOH_01594	CDS	2097				hypothetical protein
IFBJBKOH_01594	gene	2097				
IFBJBKOH_01595	CDS	399				hypothetical protein
IFBJBKOH_01595	gene	399				
IFBJBKOH_01596	CDS	3561				hypothetical protein
IFBJBKOH_01596	gene	3561				
IFBJBKOH_01597	CDS	564				hypothetical protein
IFBJBKOH_01597	gene	564				
IFBJBKOH_01598	CDS	450				hypothetical protein
IFBJBKOH_01598	gene	450				
IFBJBKOH_01599	CDS	537				hypothetical protein
IFBJBKOH_01599	gene	537				
IFBJBKOH_01600	CDS	453				hypothetical protein
IFBJBKOH_01600	gene	453				
IFBJBKOH_01601	CDS	423				hypothetical protein
IFBJBKOH_01601	gene	423				
IFBJBKOH_01602	CDS	381				hypothetical protein
IFBJBKOH_01602	gene	381				
IFBJBKOH_01603	CDS	372				hypothetical protein
IFBJBKOH_01603	gene	372				
IFBJBKOH_01604	CDS	156				hypothetical protein
IFBJBKOH_01604	gene	156				
IFBJBKOH_01605	CDS	873				hypothetical protein
IFBJBKOH_01605	gene	873				
IFBJBKOH_01606	CDS	555				hypothetical protein
IFBJBKOH_01606	gene	555				
IFBJBKOH_01607	CDS	270				hypothetical protein
IFBJBKOH_01607	gene	270				
IFBJBKOH_01608	CDS	1776				hypothetical protein
IFBJBKOH_01608	gene	1776				
IFBJBKOH_01609	CDS	1326				hypothetical protein
IFBJBKOH_01609	gene	1326				
IFBJBKOH_01610	CDS	1641				hypothetical protein
IFBJBKOH_01610	gene	1641				
IFBJBKOH_01611	tRNA	74				tRNA-Met(cat)
IFBJBKOH_01611	gene	74				
IFBJBKOH_01612	CDS	582				hypothetical protein
IFBJBKOH_01612	gene	582				
IFBJBKOH_01613	CDS	219				hypothetical protein
IFBJBKOH_01613	gene	219				
IFBJBKOH_01614	CDS	141				hypothetical protein
IFBJBKOH_01614	gene	141				
IFBJBKOH_01615	CDS	219				hypothetical protein
IFBJBKOH_01615	gene	219				
IFBJBKOH_01616	CDS	186				hypothetical protein
IFBJBKOH_01616	gene	186				
IFBJBKOH_01617	CDS	474				hypothetical protein
IFBJBKOH_01617	gene	474				
IFBJBKOH_01618	CDS	1230				hypothetical protein
IFBJBKOH_01618	gene	1230				
IFBJBKOH_01619	CDS	96				hypothetical protein
IFBJBKOH_01619	gene	96				
IFBJBKOH_01620	CDS	318				hypothetical protein
IFBJBKOH_01620	gene	318				
IFBJBKOH_01621	CDS	234				hypothetical protein
IFBJBKOH_01621	gene	234				
IFBJBKOH_01622	CDS	309				hypothetical protein
IFBJBKOH_01622	gene	309				
IFBJBKOH_01623	CDS	1374				hypothetical protein
IFBJBKOH_01623	gene	1374				
IFBJBKOH_01624	CDS	357				hypothetical protein
IFBJBKOH_01624	gene	357				
IFBJBKOH_01625	CDS	2463				hypothetical protein
IFBJBKOH_01625	gene	2463				
IFBJBKOH_01626	CDS	1965	polA_2	2.7.7.7		DNA polymerase I, thermostable
IFBJBKOH_01626	gene	1965	polA_2			
IFBJBKOH_01627	CDS	786				hypothetical protein
IFBJBKOH_01627	gene	786				
IFBJBKOH_01628	CDS	1224				hypothetical protein
IFBJBKOH_01628	gene	1224				
IFBJBKOH_01629	CDS	471				hypothetical protein
IFBJBKOH_01629	gene	471				
IFBJBKOH_01630	CDS	138				hypothetical protein
IFBJBKOH_01630	gene	138				
IFBJBKOH_01631	CDS	168				hypothetical protein
IFBJBKOH_01631	gene	168				
IFBJBKOH_01632	CDS	186				hypothetical protein
IFBJBKOH_01632	gene	186				
IFBJBKOH_01633	CDS	264				hypothetical protein
IFBJBKOH_01633	gene	264				
IFBJBKOH_01634	CDS	207				hypothetical protein
IFBJBKOH_01634	gene	207				
IFBJBKOH_01635	CDS	234				hypothetical protein
IFBJBKOH_01635	gene	234				
IFBJBKOH_01636	CDS	294				hypothetical protein
IFBJBKOH_01636	gene	294				
IFBJBKOH_01637	CDS	165				hypothetical protein
IFBJBKOH_01637	gene	165				
IFBJBKOH_01638	CDS	525				hypothetical protein
IFBJBKOH_01638	gene	525				
IFBJBKOH_01639	CDS	387	pezA		COG1396	Antitoxin PezA
IFBJBKOH_01639	gene	387	pezA			
IFBJBKOH_01640	CDS	144				hypothetical protein
IFBJBKOH_01640	gene	144				
IFBJBKOH_01641	CDS	1035				hypothetical protein
IFBJBKOH_01641	gene	1035				
IFBJBKOH_01642	tRNA	74				tRNA-Thr(ggt)
IFBJBKOH_01642	gene	74				
IFBJBKOH_01643	CDS	948	ldh	1.1.1.27		L-lactate dehydrogenase
IFBJBKOH_01643	gene	948	ldh			
IFBJBKOH_01644	CDS	1062	pilT		COG2805	Twitching mobility protein
IFBJBKOH_01644	gene	1062	pilT			
IFBJBKOH_01645	CDS	480				hypothetical protein
IFBJBKOH_01645	gene	480				
IFBJBKOH_01646	CDS	516				hypothetical protein
IFBJBKOH_01646	gene	516				
IFBJBKOH_01647	CDS	495				hypothetical protein
IFBJBKOH_01647	gene	495				
IFBJBKOH_01648	CDS	330				hypothetical protein
IFBJBKOH_01648	gene	330				
IFBJBKOH_01649	CDS	1059	gspF		COG1459	Putative type II secretion system protein F
IFBJBKOH_01649	gene	1059	gspF			
IFBJBKOH_01650	CDS	924				hypothetical protein
IFBJBKOH_01650	gene	924				
IFBJBKOH_01651	CDS	744		2.1.1.-		Putative TrmH family tRNA/rRNA methyltransferase
IFBJBKOH_01651	gene	744				
IFBJBKOH_01652	CDS	471	mrnC	3.1.26.-	COG1939	Mini-ribonuclease 3
IFBJBKOH_01652	gene	471	mrnC			
IFBJBKOH_01653	CDS	1497	cysS	6.1.1.16	COG0215	Cysteine--tRNA ligase
IFBJBKOH_01653	gene	1497	cysS			
IFBJBKOH_01654	CDS	552	ispF	4.6.1.12	COG0245	2-C-methyl-D-erythritol 2,4-cyclodiphosphate synthase
IFBJBKOH_01654	gene	552	ispF			
IFBJBKOH_01655	CDS	924	ytlR	2.7.1.-	COG1597	Putative lipid kinase YtlR
IFBJBKOH_01655	gene	924	ytlR			
IFBJBKOH_01656	tRNA	74				tRNA-Val(tac)
IFBJBKOH_01656	gene	74				
IFBJBKOH_01657	tRNA	75				tRNA-Met(cat)
IFBJBKOH_01657	gene	75				
IFBJBKOH_01658	CDS	1128				hypothetical protein
IFBJBKOH_01658	gene	1128				
IFBJBKOH_01659	CDS	315				hypothetical protein
IFBJBKOH_01659	gene	315				
IFBJBKOH_01660	CDS	411				hypothetical protein
IFBJBKOH_01660	gene	411				
IFBJBKOH_01661	CDS	912	panE_2	1.1.1.169	COG1893	putative 2-dehydropantoate 2-reductase
IFBJBKOH_01661	gene	912	panE_2			
IFBJBKOH_01662	CDS	690	kynB_1	3.5.1.9		Kynurenine formamidase
IFBJBKOH_01662	gene	690	kynB_1			
IFBJBKOH_01663	CDS	648	rspR_1		COG1802	HTH-type transcriptional repressor RspR
IFBJBKOH_01663	gene	648	rspR_1			
IFBJBKOH_01664	CDS	498	tabA_2		COG2731	Toxin-antitoxin biofilm protein TabA
IFBJBKOH_01664	gene	498	tabA_2			
IFBJBKOH_01665	CDS	1050	dlgD_1	1.1.1.130	COG2055	2,3-diketo-L-gulonate reductase
IFBJBKOH_01665	gene	1050	dlgD_1			
IFBJBKOH_01666	CDS	843				hypothetical protein
IFBJBKOH_01666	gene	843				
IFBJBKOH_01667	CDS	2139	apc1	6.4.1.8	COG0145	Acetophenone carboxylase alpha subunit
IFBJBKOH_01667	gene	2139	apc1			
IFBJBKOH_01668	CDS	1395				hypothetical protein
IFBJBKOH_01668	gene	1395				
IFBJBKOH_01669	CDS	714	rspR_2		COG1802	HTH-type transcriptional repressor RspR
IFBJBKOH_01669	gene	714	rspR_2			
IFBJBKOH_01670	CDS	738	rspR_3		COG1802	HTH-type transcriptional repressor RspR
IFBJBKOH_01670	gene	738	rspR_3			
IFBJBKOH_01671	CDS	780	gno_1	1.1.1.-		Gluconate 5-dehydrogenase
IFBJBKOH_01671	gene	780	gno_1			
IFBJBKOH_01672	CDS	516	tabA_3		COG2731	Toxin-antitoxin biofilm protein TabA
IFBJBKOH_01672	gene	516	tabA_3			
IFBJBKOH_01673	CDS	828				hypothetical protein
IFBJBKOH_01673	gene	828				
IFBJBKOH_01674	CDS	1980	fruA_1		COG1299	PTS system fructose-specific EIIABC component
IFBJBKOH_01674	gene	1980	fruA_1			
IFBJBKOH_01675	CDS	936	lacC_1	2.7.1.144	COG1105	Tagatose-6-phosphate kinase
IFBJBKOH_01675	gene	936	lacC_1			
IFBJBKOH_01676	CDS	855	hexR_2		COG1737	HTH-type transcriptional regulator HexR
IFBJBKOH_01676	gene	855	hexR_2			
IFBJBKOH_01677	CDS	666				hypothetical protein
IFBJBKOH_01677	gene	666				
IFBJBKOH_01678	CDS	333				hypothetical protein
IFBJBKOH_01678	gene	333				
IFBJBKOH_01679	CDS	1020	epsJ_1	2.4.-.-	COG0463	putative glycosyltransferase EpsJ
IFBJBKOH_01679	gene	1020	epsJ_1			
IFBJBKOH_01680	CDS	450				hypothetical protein
IFBJBKOH_01680	gene	450				
IFBJBKOH_01681	CDS	930	arcC1_1	2.7.2.2		Carbamate kinase 1
IFBJBKOH_01681	gene	930	arcC1_1			
IFBJBKOH_01682	CDS	681				hypothetical protein
IFBJBKOH_01682	gene	681				
IFBJBKOH_01683	CDS	402				hypothetical protein
IFBJBKOH_01683	gene	402				
IFBJBKOH_01684	CDS	417				hypothetical protein
IFBJBKOH_01684	gene	417				
IFBJBKOH_01685	CDS	3219	carB	6.3.5.5		Carbamoyl-phosphate synthase large chain
IFBJBKOH_01685	gene	3219	carB			
IFBJBKOH_01686	CDS	1074	carA_1	6.3.5.5		Carbamoyl-phosphate synthase small chain
IFBJBKOH_01686	gene	1074	carA_1			
IFBJBKOH_01687	CDS	1251				hypothetical protein
IFBJBKOH_01687	gene	1251				
IFBJBKOH_01688	CDS	636	cmk_3	2.7.4.25		Cytidylate kinase
IFBJBKOH_01688	gene	636	cmk_3			
IFBJBKOH_01689	CDS	1104	ribD		COG0117	Riboflavin biosynthesis protein RibD
IFBJBKOH_01689	gene	1104	ribD			
IFBJBKOH_01690	CDS	681	ribE	2.5.1.9	COG0307	Riboflavin synthase
IFBJBKOH_01690	gene	681	ribE			
IFBJBKOH_01691	CDS	1200	ribBA		COG0108	Riboflavin biosynthesis protein RibBA
IFBJBKOH_01691	gene	1200	ribBA			
IFBJBKOH_01692	CDS	519	ribH	2.5.1.78	COG0054	6,7-dimethyl-8-ribityllumazine synthase
IFBJBKOH_01692	gene	519	ribH			
IFBJBKOH_01693	CDS	306				hypothetical protein
IFBJBKOH_01693	gene	306				
IFBJBKOH_01694	CDS	294				hypothetical protein
IFBJBKOH_01694	gene	294				
IFBJBKOH_01695	CDS	192	ydjJ_1	1.-.-.-	COG1063	putative zinc-type alcohol dehydrogenase-like protein YdjJ
IFBJBKOH_01695	gene	192	ydjJ_1			
IFBJBKOH_01696	CDS	858				hypothetical protein
IFBJBKOH_01696	gene	858				
IFBJBKOH_01697	CDS	483				hypothetical protein
IFBJBKOH_01697	gene	483				
IFBJBKOH_01698	CDS	1353	pccB_1	6.4.1.3	COG4799	Propionyl-CoA carboxylase beta chain
IFBJBKOH_01698	gene	1353	pccB_1			
IFBJBKOH_01699	CDS	243				hypothetical protein
IFBJBKOH_01699	gene	243				
IFBJBKOH_01700	CDS	711				hypothetical protein
IFBJBKOH_01700	gene	711				
IFBJBKOH_01701	CDS	555	mepA_6			Multidrug export protein MepA
IFBJBKOH_01701	gene	555	mepA_6			
IFBJBKOH_01702	CDS	267				hypothetical protein
IFBJBKOH_01702	gene	267				
IFBJBKOH_01703	CDS	984				hypothetical protein
IFBJBKOH_01703	gene	984				
IFBJBKOH_01704	CDS	249				hypothetical protein
IFBJBKOH_01704	gene	249				
IFBJBKOH_01705	CDS	144				hypothetical protein
IFBJBKOH_01705	gene	144				
IFBJBKOH_01706	CDS	351				hypothetical protein
IFBJBKOH_01706	gene	351				
IFBJBKOH_01707	CDS	327				hypothetical protein
IFBJBKOH_01707	gene	327				
IFBJBKOH_01708	CDS	747				Insertion sequence IS5376 putative ATP-binding protein
IFBJBKOH_01708	gene	747				
IFBJBKOH_01709	CDS	1557				hypothetical protein
IFBJBKOH_01709	gene	1557				
IFBJBKOH_01710	CDS	279				hypothetical protein
IFBJBKOH_01710	gene	279				
IFBJBKOH_01711	CDS	207				hypothetical protein
IFBJBKOH_01711	gene	207				
IFBJBKOH_01712	CDS	297				hypothetical protein
IFBJBKOH_01712	gene	297				
IFBJBKOH_01713	CDS	561	agrB_4	3.4.-.-		Accessory gene regulator protein B
IFBJBKOH_01713	gene	561	agrB_4			
IFBJBKOH_01714	CDS	1281				hypothetical protein
IFBJBKOH_01714	gene	1281				
IFBJBKOH_01715	CDS	750	agrA		COG3279	Accessory gene regulator A
IFBJBKOH_01715	gene	750	agrA			
IFBJBKOH_01716	CDS	729				hypothetical protein
IFBJBKOH_01716	gene	729				
IFBJBKOH_01717	CDS	537	nrdG	1.97.1.-	COG0602	Anaerobic ribonucleoside-triphosphate reductase-activating protein
IFBJBKOH_01717	gene	537	nrdG			
IFBJBKOH_01718	CDS	2160	nrdD_2	1.1.98.6	COG1328	Anaerobic ribonucleoside-triphosphate reductase
IFBJBKOH_01718	gene	2160	nrdD_2			
IFBJBKOH_01719	CDS	183				hypothetical protein
IFBJBKOH_01719	gene	183				
IFBJBKOH_01720	CDS	1440	bmr3			Multidrug resistance protein 3
IFBJBKOH_01720	gene	1440	bmr3			
IFBJBKOH_01721	CDS	240				hypothetical protein
IFBJBKOH_01721	gene	240				
IFBJBKOH_01722	CDS	876				hypothetical protein
IFBJBKOH_01722	gene	876				
IFBJBKOH_01723	CDS	1173	yxeP_4	3.-.-.-	COG1473	putative hydrolase YxeP
IFBJBKOH_01723	gene	1173	yxeP_4			
IFBJBKOH_01724	CDS	1026	malR_2		COG1609	HTH-type transcriptional regulator MalR
IFBJBKOH_01724	gene	1026	malR_2			
IFBJBKOH_01725	CDS	2241	ptsG_1	2.7.1.199	COG1263	PTS system glucose-specific EIICBA component
IFBJBKOH_01725	gene	2241	ptsG_1			
IFBJBKOH_01726	CDS	873	mapP	3.1.3.90		Maltose 6'-phosphate phosphatase
IFBJBKOH_01726	gene	873	mapP			
IFBJBKOH_01727	CDS	1500	malQ_2	2.4.1.25	COG1640	4-alpha-glucanotransferase
IFBJBKOH_01727	gene	1500	malQ_2			
IFBJBKOH_01728	CDS	783	cwlC	3.5.1.28	COG0860	Sporulation-specific N-acetylmuramoyl-L-alanine amidase
IFBJBKOH_01728	gene	783	cwlC			
IFBJBKOH_01729	CDS	1221	dapL_1	2.6.1.83	COG0436	LL-diaminopimelate aminotransferase
IFBJBKOH_01729	gene	1221	dapL_1			
IFBJBKOH_01730	CDS	831	dapF_1	5.1.1.7	COG0253	Diaminopimelate epimerase
IFBJBKOH_01730	gene	831	dapF_1			
IFBJBKOH_01731	CDS	549				hypothetical protein
IFBJBKOH_01731	gene	549				
IFBJBKOH_01732	CDS	1338	glnA_1	6.3.1.2	COG0174	Glutamine synthetase
IFBJBKOH_01732	gene	1338	glnA_1			
IFBJBKOH_01733	CDS	945	dapF_2	5.1.1.7	COG0253	Diaminopimelate epimerase
IFBJBKOH_01733	gene	945	dapF_2			
IFBJBKOH_01734	CDS	870	soxS_2			Regulatory protein SoxS
IFBJBKOH_01734	gene	870	soxS_2			
IFBJBKOH_01735	CDS	1164			COG0683	Leu/Ile/Val-binding protein 
IFBJBKOH_01735	gene	1164				
IFBJBKOH_01736	CDS	882	livH_2		COG0559	High-affinity branched-chain amino acid transport system permease protein LivH
IFBJBKOH_01736	gene	882	livH_2			
IFBJBKOH_01737	CDS	1116				hypothetical protein
IFBJBKOH_01737	gene	1116				
IFBJBKOH_01738	CDS	867	lptB_2	3.6.3.-	COG1137	Lipopolysaccharide export system ATP-binding protein LptB
IFBJBKOH_01738	gene	867	lptB_2			
IFBJBKOH_01739	CDS	708	livF_2		COG0410	High-affinity branched-chain amino acid transport ATP-binding protein LivF
IFBJBKOH_01739	gene	708	livF_2			
IFBJBKOH_01740	CDS	642				hypothetical protein
IFBJBKOH_01740	gene	642				
IFBJBKOH_01741	CDS	2046	ftsH_1	3.4.24.-	COG0465	ATP-dependent zinc metalloprotease FtsH
IFBJBKOH_01741	gene	2046	ftsH_1			
IFBJBKOH_01742	CDS	1617	pyrG	6.3.4.2		CTP synthase
IFBJBKOH_01742	gene	1617	pyrG			
IFBJBKOH_01743	CDS	165				hypothetical protein
IFBJBKOH_01743	gene	165				
IFBJBKOH_01744	CDS	744	glnQ_2			Glutamine transport ATP-binding protein GlnQ
IFBJBKOH_01744	gene	744	glnQ_2			
IFBJBKOH_01745	CDS	804	yecS		COG0765	L-cystine transport system permease protein YecS
IFBJBKOH_01745	gene	804	yecS			
IFBJBKOH_01746	CDS	945	glnH_2		COG0834	Glutamine-binding periplasmic protein
IFBJBKOH_01746	gene	945	glnH_2			
IFBJBKOH_01747	CDS	186				hypothetical protein
IFBJBKOH_01747	gene	186				
IFBJBKOH_01748	CDS	909				hypothetical protein
IFBJBKOH_01748	gene	909				
IFBJBKOH_01749	CDS	858				hypothetical protein
IFBJBKOH_01749	gene	858				
IFBJBKOH_01750	CDS	1236	afsR		COG3629	Regulatory protein AfsR
IFBJBKOH_01750	gene	1236	afsR			
IFBJBKOH_01751	CDS	117				hypothetical protein
IFBJBKOH_01751	gene	117				
IFBJBKOH_01752	CDS	1380	mepA_7			Multidrug export protein MepA
IFBJBKOH_01752	gene	1380	mepA_7			
IFBJBKOH_01753	CDS	1437				hypothetical protein
IFBJBKOH_01753	gene	1437				
IFBJBKOH_01754	CDS	714	ppiB_1	5.2.1.8	COG0652	Peptidyl-prolyl cis-trans isomerase B
IFBJBKOH_01754	gene	714	ppiB_1			
IFBJBKOH_01755	CDS	1224				hypothetical protein
IFBJBKOH_01755	gene	1224				
IFBJBKOH_01756	CDS	1305				hypothetical protein
IFBJBKOH_01756	gene	1305				
IFBJBKOH_01757	CDS	708	btsR		COG3279	Transcriptional regulatory protein BtsR
IFBJBKOH_01757	gene	708	btsR			
IFBJBKOH_01758	CDS	1458	opuE_2		COG0591	Osmoregulated proline transporter OpuE
IFBJBKOH_01758	gene	1458	opuE_2			
IFBJBKOH_01759	CDS	1335				hypothetical protein
IFBJBKOH_01759	gene	1335				
IFBJBKOH_01760	CDS	264				hypothetical protein
IFBJBKOH_01760	gene	264				
IFBJBKOH_01761	CDS	579				hypothetical protein
IFBJBKOH_01761	gene	579				
IFBJBKOH_01762	CDS	753	cobB_1	3.5.1.-	COG0846	NAD-dependent protein deacetylase
IFBJBKOH_01762	gene	753	cobB_1			
IFBJBKOH_01763	CDS	255				hypothetical protein
IFBJBKOH_01763	gene	255				
IFBJBKOH_01764	CDS	636	deoC_1	4.1.2.4		Deoxyribose-phosphate aldolase
IFBJBKOH_01764	gene	636	deoC_1			
IFBJBKOH_01765	CDS	1188	deoB	5.4.2.7	COG1015	Phosphopentomutase
IFBJBKOH_01765	gene	1188	deoB			
IFBJBKOH_01766	CDS	960	nupX		COG1972	Putative nucleoside permease NupX
IFBJBKOH_01766	gene	960	nupX			
IFBJBKOH_01767	CDS	780	udp_1	2.4.2.3	COG2820	Uridine phosphorylase
IFBJBKOH_01767	gene	780	udp_1			
IFBJBKOH_01768	CDS	747	frlR		COG2188	putative fructoselysine utilization operon transcriptional repressor
IFBJBKOH_01768	gene	747	frlR			
IFBJBKOH_01769	CDS	195				hypothetical protein
IFBJBKOH_01769	gene	195				
IFBJBKOH_01770	CDS	456				hypothetical protein
IFBJBKOH_01770	gene	456				
IFBJBKOH_01771	CDS	3114	wapA_1	3.1.-.-	COG3209	tRNA nuclease WapA
IFBJBKOH_01771	gene	3114	wapA_1			
IFBJBKOH_01772	CDS	435				hypothetical protein
IFBJBKOH_01772	gene	435				
IFBJBKOH_01773	CDS	372				hypothetical protein
IFBJBKOH_01773	gene	372				
IFBJBKOH_01774	CDS	330				hypothetical protein
IFBJBKOH_01774	gene	330				
IFBJBKOH_01775	CDS	159				hypothetical protein
IFBJBKOH_01775	gene	159				
IFBJBKOH_01776	CDS	276				hypothetical protein
IFBJBKOH_01776	gene	276				
IFBJBKOH_01777	CDS	282	yafQ_1	3.1.-.-	COG3041	mRNA interferase toxin YafQ
IFBJBKOH_01777	gene	282	yafQ_1			
IFBJBKOH_01778	CDS	585				hypothetical protein
IFBJBKOH_01778	gene	585				
IFBJBKOH_01779	CDS	300				hypothetical protein
IFBJBKOH_01779	gene	300				
IFBJBKOH_01780	CDS	456				hypothetical protein
IFBJBKOH_01780	gene	456				
IFBJBKOH_01781	CDS	1473				hypothetical protein
IFBJBKOH_01781	gene	1473				
IFBJBKOH_01782	CDS	1536				hypothetical protein
IFBJBKOH_01782	gene	1536				
IFBJBKOH_01783	CDS	270				hypothetical protein
IFBJBKOH_01783	gene	270				
IFBJBKOH_01784	CDS	396				hypothetical protein
IFBJBKOH_01784	gene	396				
IFBJBKOH_01785	CDS	207				hypothetical protein
IFBJBKOH_01785	gene	207				
IFBJBKOH_01786	CDS	2424	wapA_2	3.1.-.-		tRNA3(Ser)-specific nuclease WapA
IFBJBKOH_01786	gene	2424	wapA_2			
IFBJBKOH_01787	CDS	1158				hypothetical protein
IFBJBKOH_01787	gene	1158				
IFBJBKOH_01788	CDS	273				hypothetical protein
IFBJBKOH_01788	gene	273				
IFBJBKOH_01789	CDS	525				hypothetical protein
IFBJBKOH_01789	gene	525				
IFBJBKOH_01790	CDS	9336	rhsC_1	3.1.-.-	COG3209	Putative deoxyribonuclease RhsC
IFBJBKOH_01790	gene	9336	rhsC_1			
IFBJBKOH_01791	CDS	1086				hypothetical protein
IFBJBKOH_01791	gene	1086				
IFBJBKOH_01792	CDS	924	phnPP	3.1.4.57	COG0613	Phosphoribosyl 1,2-cyclic phosphate 1,2-diphosphodiesterase
IFBJBKOH_01792	gene	924	phnPP			
IFBJBKOH_01793	CDS	1197				hypothetical protein
IFBJBKOH_01793	gene	1197				
IFBJBKOH_01794	CDS	957	rhaS_3			HTH-type transcriptional activator RhaS
IFBJBKOH_01794	gene	957	rhaS_3			
IFBJBKOH_01795	CDS	246				hypothetical protein
IFBJBKOH_01795	gene	246				
IFBJBKOH_01796	CDS	231				hypothetical protein
IFBJBKOH_01796	gene	231				
IFBJBKOH_01797	CDS	987	iolC_1	2.7.1.92	COG0524	5-dehydro-2-deoxygluconokinase
IFBJBKOH_01797	gene	987	iolC_1			
IFBJBKOH_01798	CDS	813	griI	4.1.2.56	COG1830	2-amino-4,5-dihydroxy-6-oxo-7-(phosphonooxy)heptanoate synthase
IFBJBKOH_01798	gene	813	griI			
IFBJBKOH_01799	CDS	1317	dctM_4		COG1593	C4-dicarboxylate TRAP transporter large permease protein DctM
IFBJBKOH_01799	gene	1317	dctM_4			
IFBJBKOH_01800	CDS	558	dctQ_1		COG3090	C4-dicarboxylate TRAP transporter small permease protein DctQ
IFBJBKOH_01800	gene	558	dctQ_1			
IFBJBKOH_01801	CDS	1059	siaP_2		COG1638	Sialic acid-binding periplasmic protein SiaP
IFBJBKOH_01801	gene	1059	siaP_2			
IFBJBKOH_01802	CDS	768	glcR_1		COG1349	HTH-type transcriptional repressor GlcR
IFBJBKOH_01802	gene	768	glcR_1			
IFBJBKOH_01803	CDS	474				hypothetical protein
IFBJBKOH_01803	gene	474				
IFBJBKOH_01804	CDS	2631	ppdK	2.7.9.1	COG0574	Pyruvate, phosphate dikinase
IFBJBKOH_01804	gene	2631	ppdK			
IFBJBKOH_01805	CDS	690	srrA_2		COG0745	Transcriptional regulatory protein SrrA
IFBJBKOH_01805	gene	690	srrA_2			
IFBJBKOH_01806	CDS	1521	walK_2	2.7.13.3		Sensor histidine kinase WalK
IFBJBKOH_01806	gene	1521	walK_2			
IFBJBKOH_01807	CDS	630				hypothetical protein
IFBJBKOH_01807	gene	630				
IFBJBKOH_01808	CDS	891	psd	4.1.1.65	COG0688	Phosphatidylserine decarboxylase proenzyme
IFBJBKOH_01808	gene	891	psd			
IFBJBKOH_01809	CDS	1389	glyQS	6.1.1.14		Glycine--tRNA ligase
IFBJBKOH_01809	gene	1389	glyQS			
IFBJBKOH_01810	CDS	696				hypothetical protein
IFBJBKOH_01810	gene	696				
IFBJBKOH_01811	CDS	651	recO		COG1381	DNA repair protein RecO
IFBJBKOH_01811	gene	651	recO			
IFBJBKOH_01812	CDS	912	era		COG1159	GTPase Era
IFBJBKOH_01812	gene	912	era			
IFBJBKOH_01813	CDS	2970				hypothetical protein
IFBJBKOH_01813	gene	2970				
IFBJBKOH_01814	CDS	828				hypothetical protein
IFBJBKOH_01814	gene	828				
IFBJBKOH_01815	CDS	1236	ydcP_1	3.4.-.-	COG0826	putative protease YdcP
IFBJBKOH_01815	gene	1236	ydcP_1			
IFBJBKOH_01816	CDS	660		2.1.1.-	COG4122	Putative O-methyltransferase/MSMEI_4947
IFBJBKOH_01816	gene	660				
IFBJBKOH_01817	CDS	711				hypothetical protein
IFBJBKOH_01817	gene	711				
IFBJBKOH_01818	CDS	2112	rnjA	3.1.-.-	COG0595	Ribonuclease J1
IFBJBKOH_01818	gene	2112	rnjA			
IFBJBKOH_01819	CDS	285				hypothetical protein
IFBJBKOH_01819	gene	285				
IFBJBKOH_01820	CDS	426	yrrK	3.1.-.-	COG0816	Putative pre-16S rRNA nuclease
IFBJBKOH_01820	gene	426	yrrK			
IFBJBKOH_01821	CDS	261				hypothetical protein
IFBJBKOH_01821	gene	261				
IFBJBKOH_01822	CDS	1362	mtaB	2.8.4.5	COG0621	Threonylcarbamoyladenosine tRNA methylthiotransferase MtaB
IFBJBKOH_01822	gene	1362	mtaB			
IFBJBKOH_01823	CDS	234				hypothetical protein
IFBJBKOH_01823	gene	234				
IFBJBKOH_01824	CDS	1185	thiI	2.8.1.4	COG0301	putative tRNA sulfurtransferase
IFBJBKOH_01824	gene	1185	thiI			
IFBJBKOH_01825	CDS	1155	iscS_2	2.8.1.7	COG1104	Cysteine desulfurase IscS
IFBJBKOH_01825	gene	1155	iscS_2			
IFBJBKOH_01826	CDS	750	rsmE	2.1.1.193	COG1385	Ribosomal RNA small subunit methyltransferase E
IFBJBKOH_01826	gene	750	rsmE			
IFBJBKOH_01827	CDS	957	prmA_1	2.1.1.-	COG2264	Ribosomal protein L11 methyltransferase
IFBJBKOH_01827	gene	957	prmA_1			
IFBJBKOH_01828	CDS	756	yfcA		COG0730	putative membrane transporter protein YfcA
IFBJBKOH_01828	gene	756	yfcA			
IFBJBKOH_01829	CDS	735	lytA_3	3.5.1.28		Autolysin
IFBJBKOH_01829	gene	735	lytA_3			
IFBJBKOH_01830	CDS	1725			COG1132	putative ABC transporter ATP-binding protein
IFBJBKOH_01830	gene	1725				
IFBJBKOH_01831	CDS	1896			COG1132	putative ABC transporter ATP-binding protein
IFBJBKOH_01831	gene	1896				
IFBJBKOH_01832	CDS	456	slyA_3			Transcriptional regulator SlyA
IFBJBKOH_01832	gene	456	slyA_3			
IFBJBKOH_01833	CDS	897	ldhD	1.1.1.28	COG1052	D-lactate/D-glycerate dehydrogenase
IFBJBKOH_01833	gene	897	ldhD			
IFBJBKOH_01834	CDS	786	nadX	1.4.1.21	COG1712	L-aspartate dehydrogenase
IFBJBKOH_01834	gene	786	nadX			
IFBJBKOH_01835	CDS	1191				hypothetical protein
IFBJBKOH_01835	gene	1191				
IFBJBKOH_01836	CDS	321				hypothetical protein
IFBJBKOH_01836	gene	321				
IFBJBKOH_01837	CDS	144				hypothetical protein
IFBJBKOH_01837	gene	144				
IFBJBKOH_01838	CDS	480				hypothetical protein
IFBJBKOH_01838	gene	480				
IFBJBKOH_01839	CDS	417	yjdF_1			putative protein YjdF
IFBJBKOH_01839	gene	417	yjdF_1			
IFBJBKOH_01840	CDS	864	dpnB	3.1.21.4		Type-2 restriction enzyme DpnII
IFBJBKOH_01840	gene	864	dpnB			
IFBJBKOH_01841	CDS	798	dpnA_1	2.1.1.72		Modification methylase DpnIIB
IFBJBKOH_01841	gene	798	dpnA_1			
IFBJBKOH_01842	CDS	828	dpnM	2.1.1.72		Modification methylase DpnIIA
IFBJBKOH_01842	gene	828	dpnM			
IFBJBKOH_01843	CDS	822				hypothetical protein
IFBJBKOH_01843	gene	822				
IFBJBKOH_01844	CDS	996	splB	4.1.99.14	COG1533	Spore photoproduct lyase
IFBJBKOH_01844	gene	996	splB			
IFBJBKOH_01845	CDS	1221	nagC_1		COG1940	N-acetylglucosamine repressor
IFBJBKOH_01845	gene	1221	nagC_1			
IFBJBKOH_01846	CDS	1338				hypothetical protein
IFBJBKOH_01846	gene	1338				
IFBJBKOH_01847	CDS	1458				hypothetical protein
IFBJBKOH_01847	gene	1458				
IFBJBKOH_01848	CDS	1545				hypothetical protein
IFBJBKOH_01848	gene	1545				
IFBJBKOH_01849	CDS	468				hypothetical protein
IFBJBKOH_01849	gene	468				
IFBJBKOH_01850	CDS	1077				hypothetical protein
IFBJBKOH_01850	gene	1077				
IFBJBKOH_01851	CDS	759				hypothetical protein
IFBJBKOH_01851	gene	759				
IFBJBKOH_01852	CDS	2010	yihQ	3.2.1.199	COG1501	Sulfoquinovosidase
IFBJBKOH_01852	gene	2010	yihQ			
IFBJBKOH_01853	CDS	666				hypothetical protein
IFBJBKOH_01853	gene	666				
IFBJBKOH_01854	CDS	858	yihU	1.1.1.373	COG2084	3-sulfolactaldehyde reductase
IFBJBKOH_01854	gene	858	yihU			
IFBJBKOH_01855	CDS	687	tal_1	2.2.1.2	COG0176	Transaldolase
IFBJBKOH_01855	gene	687	tal_1			
IFBJBKOH_01856	CDS	1905	recQ	3.6.4.12	COG0514	ATP-dependent DNA helicase RecQ
IFBJBKOH_01856	gene	1905	recQ			
IFBJBKOH_01857	CDS	837	pdaA	3.5.1.-	COG0726	Peptidoglycan-N-acetylmuramic acid deacetylase PdaA
IFBJBKOH_01857	gene	837	pdaA			
IFBJBKOH_01858	CDS	357	mgsR		COG1393	Regulatory protein MgsR
IFBJBKOH_01858	gene	357	mgsR			
IFBJBKOH_01859	CDS	1464				hypothetical protein
IFBJBKOH_01859	gene	1464				
IFBJBKOH_01860	CDS	1005				hypothetical protein
IFBJBKOH_01860	gene	1005				
IFBJBKOH_01861	CDS	636				hypothetical protein
IFBJBKOH_01861	gene	636				
IFBJBKOH_01862	CDS	540	drgA			Protein DrgA
IFBJBKOH_01862	gene	540	drgA			
IFBJBKOH_01863	CDS	687				hypothetical protein
IFBJBKOH_01863	gene	687				
IFBJBKOH_01864	CDS	309				hypothetical protein
IFBJBKOH_01864	gene	309				
IFBJBKOH_01865	CDS	2211	topB_2	5.99.1.2	COG0550	DNA topoisomerase 3
IFBJBKOH_01865	gene	2211	topB_2			
IFBJBKOH_01866	CDS	516				hypothetical protein
IFBJBKOH_01866	gene	516				
IFBJBKOH_01867	CDS	1797				hypothetical protein
IFBJBKOH_01867	gene	1797				
IFBJBKOH_01868	CDS	921	nirQ		COG0714	Denitrification regulatory protein NirQ
IFBJBKOH_01868	gene	921	nirQ			
IFBJBKOH_01869	CDS	405				hypothetical protein
IFBJBKOH_01869	gene	405				
IFBJBKOH_01870	CDS	399				hypothetical protein
IFBJBKOH_01870	gene	399				
IFBJBKOH_01871	CDS	222				hypothetical protein
IFBJBKOH_01871	gene	222				
IFBJBKOH_01872	CDS	672	rhaS_4			HTH-type transcriptional activator RhaS
IFBJBKOH_01872	gene	672	rhaS_4			
IFBJBKOH_01873	CDS	768				hypothetical protein
IFBJBKOH_01873	gene	768				
IFBJBKOH_01874	CDS	1746	glcB		COG2190	PTS system glucoside-specific EIICBA component
IFBJBKOH_01874	gene	1746	glcB			
IFBJBKOH_01875	CDS	435				hypothetical protein
IFBJBKOH_01875	gene	435				
IFBJBKOH_01876	CDS	228				hypothetical protein
IFBJBKOH_01876	gene	228				
IFBJBKOH_01877	CDS	849				hypothetical protein
IFBJBKOH_01877	gene	849				
IFBJBKOH_01878	CDS	378				hypothetical protein
IFBJBKOH_01878	gene	378				
IFBJBKOH_01879	CDS	372				hypothetical protein
IFBJBKOH_01879	gene	372				
IFBJBKOH_01880	CDS	1944	mutS2_1	3.1.-.-		Endonuclease MutS2
IFBJBKOH_01880	gene	1944	mutS2_1			
IFBJBKOH_01881	CDS	1356	epsH	2.4.-.-	COG0463	Putative glycosyltransferase EpsH
IFBJBKOH_01881	gene	1356	epsH			
IFBJBKOH_01882	CDS	513	ftn	1.16.3.2	COG1528	Bacterial non-heme ferritin
IFBJBKOH_01882	gene	513	ftn			
IFBJBKOH_01883	CDS	186				hypothetical protein
IFBJBKOH_01883	gene	186				
IFBJBKOH_01884	CDS	666	lacA_1	2.3.1.18	COG0110	Galactoside O-acetyltransferase
IFBJBKOH_01884	gene	666	lacA_1			
IFBJBKOH_01885	CDS	189				hypothetical protein
IFBJBKOH_01885	gene	189				
IFBJBKOH_01886	CDS	258				hypothetical protein
IFBJBKOH_01886	gene	258				
IFBJBKOH_01887	CDS	756				hypothetical protein
IFBJBKOH_01887	gene	756				
IFBJBKOH_01888	CDS	954			COG2385	putative protein
IFBJBKOH_01888	gene	954				
IFBJBKOH_01889	CDS	1041	ysdC_1	3.4.11.-	COG1363	Putative aminopeptidase YsdC
IFBJBKOH_01889	gene	1041	ysdC_1			
IFBJBKOH_01890	CDS	1494	ypwA	3.4.17.19	COG2317	Carboxypeptidase 1
IFBJBKOH_01890	gene	1494	ypwA			
IFBJBKOH_01891	CDS	909	proA_2	4.1.3.16		4-hydroxy-4-methyl-2-oxoglutarate aldolase/4-carboxy-4-hydroxy-2-oxoadipate aldolase
IFBJBKOH_01891	gene	909	proA_2			
IFBJBKOH_01892	CDS	1371		4.2.1.-	COG4948	D-galactonate dehydratase family member
IFBJBKOH_01892	gene	1371				
IFBJBKOH_01893	CDS	840	ycjP_2		COG0395	Inner membrane ABC transporter permease protein YcjP
IFBJBKOH_01893	gene	840	ycjP_2			
IFBJBKOH_01894	CDS	915	ycjO_1		COG1175	Inner membrane ABC transporter permease protein YcjO
IFBJBKOH_01894	gene	915	ycjO_1			
IFBJBKOH_01895	CDS	1362			COG1653	putative ABC transporter-binding protein
IFBJBKOH_01895	gene	1362				
IFBJBKOH_01896	CDS	1062	ccpA_1		COG1609	Catabolite control protein A
IFBJBKOH_01896	gene	1062	ccpA_1			
IFBJBKOH_01897	CDS	708				hypothetical protein
IFBJBKOH_01897	gene	708				
IFBJBKOH_01898	CDS	843	araQ_7		COG0395	L-arabinose transport system permease protein AraQ
IFBJBKOH_01898	gene	843	araQ_7			
IFBJBKOH_01899	CDS	1335				hypothetical protein
IFBJBKOH_01899	gene	1335				
IFBJBKOH_01900	CDS	888	araP_3		COG1175	L-arabinose transport system permease protein AraP
IFBJBKOH_01900	gene	888	araP_3			
IFBJBKOH_01901	CDS	1302	ugpB_1		COG1653	sn-glycerol-3-phosphate-binding periplasmic protein UgpB
IFBJBKOH_01901	gene	1302	ugpB_1			
IFBJBKOH_01902	CDS	1794	bfrA	3.2.1.26	COG1621	Beta-fructosidase
IFBJBKOH_01902	gene	1794	bfrA			
IFBJBKOH_01903	CDS	975	cytR_2		COG1609	HTH-type transcriptional repressor CytR
IFBJBKOH_01903	gene	975	cytR_2			
IFBJBKOH_01904	CDS	1356	pucK_2		COG2233	Uric acid permease PucK
IFBJBKOH_01904	gene	1356	pucK_2			
IFBJBKOH_01905	CDS	2538	fprA1	1.6.3.4	COG0426	Flavo-diiron protein FprA1
IFBJBKOH_01905	gene	2538	fprA1			
IFBJBKOH_01906	CDS	915	iolE_1	4.2.1.44		Inosose dehydratase
IFBJBKOH_01906	gene	915	iolE_1			
IFBJBKOH_01907	CDS	1035	iolG_1	1.1.1.18	COG0673	Myo-inositol 2-dehydrogenase
IFBJBKOH_01907	gene	1035	iolG_1			
IFBJBKOH_01908	CDS	963	rbsC_6		COG1172	Ribose import permease protein RbsC
IFBJBKOH_01908	gene	963	rbsC_6			
IFBJBKOH_01909	CDS	1482	araG_1	3.6.3.17	COG1129	Arabinose import ATP-binding protein AraG
IFBJBKOH_01909	gene	1482	araG_1			
IFBJBKOH_01910	CDS	1107	rbsB_5		COG1879	Ribose import binding protein RbsB
IFBJBKOH_01910	gene	1107	rbsB_5			
IFBJBKOH_01911	CDS	843		5.1.3.31	COG1082	D-tagatose 3-epimerase
IFBJBKOH_01911	gene	843				
IFBJBKOH_01912	CDS	1017	cytR_3		COG1609	HTH-type transcriptional repressor CytR
IFBJBKOH_01912	gene	1017	cytR_3			
IFBJBKOH_01913	CDS	765	glvR_1		COG1737	HTH-type transcriptional regulator GlvR
IFBJBKOH_01913	gene	765	glvR_1			
IFBJBKOH_01914	CDS	1392				hypothetical protein
IFBJBKOH_01914	gene	1392				
IFBJBKOH_01915	CDS	1329				hypothetical protein
IFBJBKOH_01915	gene	1329				
IFBJBKOH_01916	CDS	1266	amaB_1	3.5.1.87		N-carbamoyl-L-amino acid hydrolase
IFBJBKOH_01916	gene	1266	amaB_1			
IFBJBKOH_01917	CDS	1581	malX		COG1263	PTS system maltose-specific EIICB component
IFBJBKOH_01917	gene	1581	malX			
IFBJBKOH_01918	CDS	1113				hypothetical protein
IFBJBKOH_01918	gene	1113				
IFBJBKOH_01919	CDS	210				hypothetical protein
IFBJBKOH_01919	gene	210				
IFBJBKOH_01920	CDS	453	ndx1	3.6.1.61	COG0494	Diadenosine hexaphosphate hydrolase
IFBJBKOH_01920	gene	453	ndx1			
IFBJBKOH_01921	CDS	2367	xdhA_1	1.17.1.4	COG1529	Putative xanthine dehydrogenase molybdenum-binding subunit XdhA
IFBJBKOH_01921	gene	2367	xdhA_1			
IFBJBKOH_01922	CDS	459	coxS	1.2.5.3		Carbon monoxide dehydrogenase small chain
IFBJBKOH_01922	gene	459	coxS			
IFBJBKOH_01923	CDS	795				hypothetical protein
IFBJBKOH_01923	gene	795				
IFBJBKOH_01924	CDS	213				hypothetical protein
IFBJBKOH_01924	gene	213				
IFBJBKOH_01925	CDS	930				hypothetical protein
IFBJBKOH_01925	gene	930				
IFBJBKOH_01926	CDS	630	gbuA	3.5.3.7	COG0010	Guanidinobutyrase
IFBJBKOH_01926	gene	630	gbuA			
IFBJBKOH_01927	CDS	351				hypothetical protein
IFBJBKOH_01927	gene	351				
IFBJBKOH_01928	CDS	315				hypothetical protein
IFBJBKOH_01928	gene	315				
IFBJBKOH_01929	CDS	1446	pbpA		COG0768	Penicillin-binding protein A
IFBJBKOH_01929	gene	1446	pbpA			
IFBJBKOH_01930	CDS	1356	rodA		COG0772	putative FtsW-like protein
IFBJBKOH_01930	gene	1356	rodA			
IFBJBKOH_01931	CDS	2397	ydcP_2	3.4.-.-	COG0826	putative protease YdcP
IFBJBKOH_01931	gene	2397	ydcP_2			
IFBJBKOH_01932	CDS	867				hypothetical protein
IFBJBKOH_01932	gene	867				
IFBJBKOH_01933	CDS	993	ruvB_1	3.6.4.12	COG2255	Holliday junction ATP-dependent DNA helicase RuvB
IFBJBKOH_01933	gene	993	ruvB_1			
IFBJBKOH_01934	CDS	630	ruvA	3.6.4.12	COG0632	Holliday junction ATP-dependent DNA helicase RuvA
IFBJBKOH_01934	gene	630	ruvA			
IFBJBKOH_01935	CDS	1107				hypothetical protein
IFBJBKOH_01935	gene	1107				
IFBJBKOH_01936	CDS	885	xerD_5			Tyrosine recombinase XerD
IFBJBKOH_01936	gene	885	xerD_5			
IFBJBKOH_01937	CDS	864				hypothetical protein
IFBJBKOH_01937	gene	864				
IFBJBKOH_01938	CDS	543				hypothetical protein
IFBJBKOH_01938	gene	543				
IFBJBKOH_01939	CDS	597	nudF_1	3.6.1.13	COG0494	ADP-ribose pyrophosphatase
IFBJBKOH_01939	gene	597	nudF_1			
IFBJBKOH_01940	CDS	798	proC	1.5.1.2	COG0345	Pyrroline-5-carboxylate reductase
IFBJBKOH_01940	gene	798	proC			
IFBJBKOH_01941	CDS	1269	lysA	4.1.1.20	COG0019	Diaminopimelate decarboxylase
IFBJBKOH_01941	gene	1269	lysA			
IFBJBKOH_01942	CDS	1437	pyk	2.7.1.40		Pyruvate kinase
IFBJBKOH_01942	gene	1437	pyk			
IFBJBKOH_01943	CDS	831				hypothetical protein
IFBJBKOH_01943	gene	831				
IFBJBKOH_01944	CDS	942	corA_1		COG0598	Cobalt/magnesium transport protein CorA
IFBJBKOH_01944	gene	942	corA_1			
IFBJBKOH_01945	CDS	1863				hypothetical protein
IFBJBKOH_01945	gene	1863				
IFBJBKOH_01946	CDS	4332	hgdC	3.6.1.3	COG1924	(R)-2-hydroxyglutaryl-CoA dehydratase activating ATPase
IFBJBKOH_01946	gene	4332	hgdC			
IFBJBKOH_01947	CDS	1779	ade_1	3.5.4.2	COG1001	Adenine deaminase
IFBJBKOH_01947	gene	1779	ade_1			
IFBJBKOH_01948	CDS	1332	pbuO		COG2252	Guanine/hypoxanthine permease PbuO
IFBJBKOH_01948	gene	1332	pbuO			
IFBJBKOH_01949	CDS	1239	amaB_2	3.5.1.87		N-carbamoyl-L-amino acid hydrolase
IFBJBKOH_01949	gene	1239	amaB_2			
IFBJBKOH_01950	CDS	108				hypothetical protein
IFBJBKOH_01950	gene	108				
IFBJBKOH_01951	CDS	114				hypothetical protein
IFBJBKOH_01951	gene	114				
IFBJBKOH_01952	CDS	903			COG1305	putative protein
IFBJBKOH_01952	gene	903				
IFBJBKOH_01953	CDS	1068				hypothetical protein
IFBJBKOH_01953	gene	1068				
IFBJBKOH_01954	CDS	1275	acr3		COG0798	Arsenical-resistance protein Acr3
IFBJBKOH_01954	gene	1275	acr3			
IFBJBKOH_01955	CDS	1737	arsA	3.6.3.16		Arsenical pump-driving ATPase
IFBJBKOH_01955	gene	1737	arsA			
IFBJBKOH_01956	CDS	510	arsD			Arsenical resistance operon trans-acting repressor ArsD
IFBJBKOH_01956	gene	510	arsD			
IFBJBKOH_01957	CDS	318	sdpR		COG0640	Transcriptional repressor SdpR
IFBJBKOH_01957	gene	318	sdpR			
IFBJBKOH_01958	CDS	486	guaD_1	3.5.4.3	COG0590	Guanine deaminase
IFBJBKOH_01958	gene	486	guaD_1			
IFBJBKOH_01959	CDS	1293	codB		COG1457	Cytosine permease
IFBJBKOH_01959	gene	1293	codB			
IFBJBKOH_01960	CDS	798	yurK_2		COG2188	putative HTH-type transcriptional regulator YurK
IFBJBKOH_01960	gene	798	yurK_2			
IFBJBKOH_01961	CDS	279				hypothetical protein
IFBJBKOH_01961	gene	279				
IFBJBKOH_01962	CDS	1902	prpR_1		COG1221	Propionate catabolism operon regulatory protein
IFBJBKOH_01962	gene	1902	prpR_1			
IFBJBKOH_01963	CDS	960	hprA_3	1.1.1.29	COG1052	Glycerate dehydrogenase
IFBJBKOH_01963	gene	960	hprA_3			
IFBJBKOH_01964	CDS	903				hypothetical protein
IFBJBKOH_01964	gene	903				
IFBJBKOH_01965	CDS	936	dxs_3	2.2.1.7	COG1154	1-deoxy-D-xylulose-5-phosphate synthase
IFBJBKOH_01965	gene	936	dxs_3			
IFBJBKOH_01966	CDS	828	cbbT_2	2.2.1.1		Transketolase 2
IFBJBKOH_01966	gene	828	cbbT_2			
IFBJBKOH_01967	CDS	660				hypothetical protein
IFBJBKOH_01967	gene	660				
IFBJBKOH_01968	CDS	942	iolO_2	5.1.3.-	COG1082	5-keto-L-gluconate epimerase
IFBJBKOH_01968	gene	942	iolO_2			
IFBJBKOH_01969	CDS	726	lutR_3		COG2186	HTH-type transcriptional regulator LutR
IFBJBKOH_01969	gene	726	lutR_3			
IFBJBKOH_01970	CDS	960		1.1.1.-		Putative 2-hydroxyacid dehydrogenase
IFBJBKOH_01970	gene	960				
IFBJBKOH_01971	CDS	1485				hypothetical protein
IFBJBKOH_01971	gene	1485				
IFBJBKOH_01972	CDS	456				hypothetical protein
IFBJBKOH_01972	gene	456				
IFBJBKOH_01973	CDS	1116				hypothetical protein
IFBJBKOH_01973	gene	1116				
IFBJBKOH_01974	CDS	942				hypothetical protein
IFBJBKOH_01974	gene	942				
IFBJBKOH_01975	CDS	993				hypothetical protein
IFBJBKOH_01975	gene	993				
IFBJBKOH_01976	CDS	1506				hypothetical protein
IFBJBKOH_01976	gene	1506				
IFBJBKOH_01977	CDS	450				hypothetical protein
IFBJBKOH_01977	gene	450				
IFBJBKOH_01978	CDS	1017	pdxA2_1	1.1.1.408	COG1995	D-threonate 4-phosphate dehydrogenase
IFBJBKOH_01978	gene	1017	pdxA2_1			
IFBJBKOH_01979	CDS	1962		1.14.14.51		Limonene hydroxylase
IFBJBKOH_01979	gene	1962				
IFBJBKOH_01980	CDS	1029	kdgT_1			2-keto-3-deoxygluconate permease
IFBJBKOH_01980	gene	1029	kdgT_1			
IFBJBKOH_01981	CDS	1176	hutI_1	3.5.2.7		Imidazolonepropionase
IFBJBKOH_01981	gene	1176	hutI_1			
IFBJBKOH_01982	CDS	891				hypothetical protein
IFBJBKOH_01982	gene	891				
IFBJBKOH_01983	CDS	1146	glxK	2.7.1.31	COG1929	Glycerate 3-kinase
IFBJBKOH_01983	gene	1146	glxK			
IFBJBKOH_01984	CDS	1161	cdaR_1		COG3835	Carbohydrate diacid regulator
IFBJBKOH_01984	gene	1161	cdaR_1			
IFBJBKOH_01985	CDS	1248	glyA	2.1.2.1	COG0112	Serine hydroxymethyltransferase
IFBJBKOH_01985	gene	1248	glyA			
IFBJBKOH_01986	CDS	360				hypothetical protein
IFBJBKOH_01986	gene	360				
IFBJBKOH_01987	CDS	1731	recJ	3.1.-.-	COG0608	Single-stranded-DNA-specific exonuclease RecJ
IFBJBKOH_01987	gene	1731	recJ			
IFBJBKOH_01988	CDS	1359	brnQ		COG1114	Branched-chain amino acid transport system 2 carrier protein
IFBJBKOH_01988	gene	1359	brnQ			
IFBJBKOH_01989	tRNA	76				tRNA-Arg(acg)
IFBJBKOH_01989	gene	76				
IFBJBKOH_01990	CDS	312				hypothetical protein
IFBJBKOH_01990	gene	312				
IFBJBKOH_01991	CDS	1293	gltP_1		COG1301	Proton/glutamate-aspartate symporter
IFBJBKOH_01991	gene	1293	gltP_1			
IFBJBKOH_01992	CDS	894	rmlD_1	1.1.1.133	COG1091	dTDP-4-dehydrorhamnose reductase
IFBJBKOH_01992	gene	894	rmlD_1			
IFBJBKOH_01993	CDS	744		2.4.2.-	COG2071	Putative glutamine amidotransferase
IFBJBKOH_01993	gene	744				
IFBJBKOH_01994	CDS	1089	ysdC_2	3.4.11.-	COG1363	Putative aminopeptidase YsdC
IFBJBKOH_01994	gene	1089	ysdC_2			
IFBJBKOH_01995	CDS	801	dppA_1	3.4.11.-	COG2362	D-aminopeptidase
IFBJBKOH_01995	gene	801	dppA_1			
IFBJBKOH_01996	CDS	993	oppF_1		COG4608	Oligopeptide transport ATP-binding protein OppF
IFBJBKOH_01996	gene	993	oppF_1			
IFBJBKOH_01997	CDS	996	oppD_1		COG0444	Oligopeptide transport ATP-binding protein OppD
IFBJBKOH_01997	gene	996	oppD_1			
IFBJBKOH_01998	CDS	879	gsiD_1		COG1173	Glutathione transport system permease protein GsiD
IFBJBKOH_01998	gene	879	gsiD_1			
IFBJBKOH_01999	CDS	921	gsiC_1		COG0601	Glutathione transport system permease protein GsiC
IFBJBKOH_01999	gene	921	gsiC_1			
IFBJBKOH_02000	CDS	1686	gsiB_1		COG0747	Glutathione-binding protein GsiB
IFBJBKOH_02000	gene	1686	gsiB_1			
IFBJBKOH_02001	CDS	2112	tyrR			Transcriptional regulatory protein TyrR
IFBJBKOH_02001	gene	2112	tyrR			
IFBJBKOH_02002	CDS	1068	bapA	3.4.11.25		Beta-peptidyl aminopeptidase BapA
IFBJBKOH_02002	gene	1068	bapA			
IFBJBKOH_02003	tRNA	74				tRNA-Gln(ttg)
IFBJBKOH_02003	gene	74				
IFBJBKOH_02004	tRNA	75				tRNA-His(gtg)
IFBJBKOH_02004	gene	75				
IFBJBKOH_02005	tRNA	76				tRNA-Arg(tct)
IFBJBKOH_02005	gene	76				
IFBJBKOH_02006	CDS	1041				hypothetical protein
IFBJBKOH_02006	gene	1041				
IFBJBKOH_02007	CDS	714				hypothetical protein
IFBJBKOH_02007	gene	714				
IFBJBKOH_02008	CDS	147				hypothetical protein
IFBJBKOH_02008	gene	147				
IFBJBKOH_02009	CDS	252				hypothetical protein
IFBJBKOH_02009	gene	252				
IFBJBKOH_02010	CDS	225				hypothetical protein
IFBJBKOH_02010	gene	225				
IFBJBKOH_02011	CDS	315				hypothetical protein
IFBJBKOH_02011	gene	315				
IFBJBKOH_02012	CDS	597				hypothetical protein
IFBJBKOH_02012	gene	597				
IFBJBKOH_02013	CDS	1698		3.2.1.-	COG1388	Autolysin
IFBJBKOH_02013	gene	1698				
IFBJBKOH_02014	CDS	387				hypothetical protein
IFBJBKOH_02014	gene	387				
IFBJBKOH_02015	CDS	426				hypothetical protein
IFBJBKOH_02015	gene	426				
IFBJBKOH_02016	CDS	1158				hypothetical protein
IFBJBKOH_02016	gene	1158				
IFBJBKOH_02017	CDS	414				hypothetical protein
IFBJBKOH_02017	gene	414				
IFBJBKOH_02018	CDS	1068				hypothetical protein
IFBJBKOH_02018	gene	1068				
IFBJBKOH_02019	CDS	351				hypothetical protein
IFBJBKOH_02019	gene	351				
IFBJBKOH_02020	CDS	159				hypothetical protein
IFBJBKOH_02020	gene	159				
IFBJBKOH_02021	CDS	498				hypothetical protein
IFBJBKOH_02021	gene	498				
IFBJBKOH_02022	CDS	312				hypothetical protein
IFBJBKOH_02022	gene	312				
IFBJBKOH_02023	CDS	1029				hypothetical protein
IFBJBKOH_02023	gene	1029				
IFBJBKOH_02024	CDS	1149				hypothetical protein
IFBJBKOH_02024	gene	1149				
IFBJBKOH_02025	CDS	327				hypothetical protein
IFBJBKOH_02025	gene	327				
IFBJBKOH_02026	CDS	402				hypothetical protein
IFBJBKOH_02026	gene	402				
IFBJBKOH_02027	CDS	351				hypothetical protein
IFBJBKOH_02027	gene	351				
IFBJBKOH_02028	CDS	1299			COG1652	putative protein
IFBJBKOH_02028	gene	1299				
IFBJBKOH_02029	CDS	216				hypothetical protein
IFBJBKOH_02029	gene	216				
IFBJBKOH_02030	CDS	3762	smc_1			Chromosome partition protein Smc
IFBJBKOH_02030	gene	3762	smc_1			
IFBJBKOH_02031	CDS	399				hypothetical protein
IFBJBKOH_02031	gene	399				
IFBJBKOH_02032	CDS	519				hypothetical protein
IFBJBKOH_02032	gene	519				
IFBJBKOH_02033	CDS	1428				hypothetical protein
IFBJBKOH_02033	gene	1428				
IFBJBKOH_02034	CDS	384				hypothetical protein
IFBJBKOH_02034	gene	384				
IFBJBKOH_02035	CDS	492				hypothetical protein
IFBJBKOH_02035	gene	492				
IFBJBKOH_02036	CDS	561				hypothetical protein
IFBJBKOH_02036	gene	561				
IFBJBKOH_02037	CDS	345				hypothetical protein
IFBJBKOH_02037	gene	345				
IFBJBKOH_02038	CDS	1059				hypothetical protein
IFBJBKOH_02038	gene	1059				
IFBJBKOH_02039	CDS	333				hypothetical protein
IFBJBKOH_02039	gene	333				
IFBJBKOH_02040	CDS	1179	clpP1	3.4.21.92		ATP-dependent Clp protease proteolytic subunit 1
IFBJBKOH_02040	gene	1179	clpP1			
IFBJBKOH_02041	CDS	1578				hypothetical protein
IFBJBKOH_02041	gene	1578				
IFBJBKOH_02042	CDS	237				hypothetical protein
IFBJBKOH_02042	gene	237				
IFBJBKOH_02043	CDS	1851				hypothetical protein
IFBJBKOH_02043	gene	1851				
IFBJBKOH_02044	CDS	483				hypothetical protein
IFBJBKOH_02044	gene	483				
IFBJBKOH_02045	CDS	810				hypothetical protein
IFBJBKOH_02045	gene	810				
IFBJBKOH_02046	CDS	489				hypothetical protein
IFBJBKOH_02046	gene	489				
IFBJBKOH_02047	CDS	1416	noc			Nucleoid occlusion protein
IFBJBKOH_02047	gene	1416	noc			
IFBJBKOH_02048	CDS	804	parA_2			Chromosome partitioning protein ParA
IFBJBKOH_02048	gene	804	parA_2			
IFBJBKOH_02049	CDS	315				hypothetical protein
IFBJBKOH_02049	gene	315				
IFBJBKOH_02050	CDS	249				hypothetical protein
IFBJBKOH_02050	gene	249				
IFBJBKOH_02051	CDS	180				hypothetical protein
IFBJBKOH_02051	gene	180				
IFBJBKOH_02052	CDS	198				hypothetical protein
IFBJBKOH_02052	gene	198				
IFBJBKOH_02053	CDS	537				hypothetical protein
IFBJBKOH_02053	gene	537				
IFBJBKOH_02054	CDS	249				hypothetical protein
IFBJBKOH_02054	gene	249				
IFBJBKOH_02055	CDS	309				hypothetical protein
IFBJBKOH_02055	gene	309				
IFBJBKOH_02056	CDS	564				hypothetical protein
IFBJBKOH_02056	gene	564				
IFBJBKOH_02057	CDS	582				hypothetical protein
IFBJBKOH_02057	gene	582				
IFBJBKOH_02058	CDS	567				hypothetical protein
IFBJBKOH_02058	gene	567				
IFBJBKOH_02059	CDS	354				hypothetical protein
IFBJBKOH_02059	gene	354				
IFBJBKOH_02060	CDS	177				hypothetical protein
IFBJBKOH_02060	gene	177				
IFBJBKOH_02061	CDS	285				hypothetical protein
IFBJBKOH_02061	gene	285				
IFBJBKOH_02062	CDS	495				hypothetical protein
IFBJBKOH_02062	gene	495				
IFBJBKOH_02063	CDS	531	banIM	2.1.1.37		Modification methylase BanI
IFBJBKOH_02063	gene	531	banIM			
IFBJBKOH_02064	CDS	168				hypothetical protein
IFBJBKOH_02064	gene	168				
IFBJBKOH_02065	CDS	576	hhaIM_2	2.1.1.37		Modification methylase HhaI
IFBJBKOH_02065	gene	576	hhaIM_2			
IFBJBKOH_02066	CDS	306			COG1652	putative protein
IFBJBKOH_02066	gene	306				
IFBJBKOH_02067	CDS	312				hypothetical protein
IFBJBKOH_02067	gene	312				
IFBJBKOH_02068	CDS	807				hypothetical protein
IFBJBKOH_02068	gene	807				
IFBJBKOH_02069	CDS	948				hypothetical protein
IFBJBKOH_02069	gene	948				
IFBJBKOH_02070	CDS	981				hypothetical protein
IFBJBKOH_02070	gene	981				
IFBJBKOH_02071	CDS	1173				hypothetical protein
IFBJBKOH_02071	gene	1173				
IFBJBKOH_02072	CDS	213				hypothetical protein
IFBJBKOH_02072	gene	213				
IFBJBKOH_02073	CDS	183				hypothetical protein
IFBJBKOH_02073	gene	183				
IFBJBKOH_02074	CDS	936	ykfA	3.4.16.-	COG1619	putative murein peptide carboxypeptidase
IFBJBKOH_02074	gene	936	ykfA			
IFBJBKOH_02075	CDS	1683	dppE_1		COG4166	Dipeptide-binding protein DppE
IFBJBKOH_02075	gene	1683	dppE_1			
IFBJBKOH_02076	CDS	987	oppF_2		COG4608	Oligopeptide transport ATP-binding protein OppF
IFBJBKOH_02076	gene	987	oppF_2			
IFBJBKOH_02077	CDS	999	oppD_2		COG0444	Oligopeptide transport ATP-binding protein OppD
IFBJBKOH_02077	gene	999	oppD_2			
IFBJBKOH_02078	CDS	945	oppC		COG1173	Oligopeptide transport system permease protein OppC
IFBJBKOH_02078	gene	945	oppC			
IFBJBKOH_02079	CDS	927	oppB		COG0601	Oligopeptide transport system permease protein OppB
IFBJBKOH_02079	gene	927	oppB			
IFBJBKOH_02080	CDS	1176	alr1	5.1.1.1	COG0787	Alanine racemase 1
IFBJBKOH_02080	gene	1176	alr1			
IFBJBKOH_02081	CDS	1191	yxeP_5	3.-.-.-	COG1473	putative hydrolase YxeP
IFBJBKOH_02081	gene	1191	yxeP_5			
IFBJBKOH_02082	CDS	795	dppA_2	3.4.11.-	COG2362	D-aminopeptidase
IFBJBKOH_02082	gene	795	dppA_2			
IFBJBKOH_02083	CDS	705				hypothetical protein
IFBJBKOH_02083	gene	705				
IFBJBKOH_02084	CDS	1005	pdxA2_2	1.1.1.408	COG1995	D-threonate 4-phosphate dehydrogenase
IFBJBKOH_02084	gene	1005	pdxA2_2			
IFBJBKOH_02085	CDS	954	kdgT_2			2-keto-3-deoxygluconate permease
IFBJBKOH_02085	gene	954	kdgT_2			
IFBJBKOH_02086	CDS	876	garK_1	2.7.1.165	COG1929	Glycerate 2-kinase
IFBJBKOH_02086	gene	876	garK_1			
IFBJBKOH_02087	CDS	1614				hypothetical protein
IFBJBKOH_02087	gene	1614				
IFBJBKOH_02088	CDS	1404				hypothetical protein
IFBJBKOH_02088	gene	1404				
IFBJBKOH_02089	CDS	318				hypothetical protein
IFBJBKOH_02089	gene	318				
IFBJBKOH_02090	CDS	834				hypothetical protein
IFBJBKOH_02090	gene	834				
IFBJBKOH_02091	CDS	1062				hypothetical protein
IFBJBKOH_02091	gene	1062				
IFBJBKOH_02092	CDS	309				hypothetical protein
IFBJBKOH_02092	gene	309				
IFBJBKOH_02093	CDS	297				hypothetical protein
IFBJBKOH_02093	gene	297				
IFBJBKOH_02094	CDS	438				hypothetical protein
IFBJBKOH_02094	gene	438				
IFBJBKOH_02095	CDS	501				hypothetical protein
IFBJBKOH_02095	gene	501				
IFBJBKOH_02096	CDS	870		2.4.2.-		Protein ADP-ribosyltransferase
IFBJBKOH_02096	gene	870				
IFBJBKOH_02097	CDS	780		3.2.1.-	COG2110	Protein-ADP-ribose hydrolase
IFBJBKOH_02097	gene	780				
IFBJBKOH_02098	CDS	618				Ferredoxin
IFBJBKOH_02098	gene	618				
IFBJBKOH_02099	CDS	582				hypothetical protein
IFBJBKOH_02099	gene	582				
IFBJBKOH_02100	CDS	1035	mftC_1	2.-.-.-	COG0535	Putative mycofactocin radical SAM maturase MftC
IFBJBKOH_02100	gene	1035	mftC_1			
IFBJBKOH_02101	CDS	327	yybR_1		COG1733	putative HTH-type transcriptional regulator YybR
IFBJBKOH_02101	gene	327	yybR_1			
IFBJBKOH_02102	CDS	852		1.-.-.-	COG0656	putative oxidoreductase/MSMEI_2347
IFBJBKOH_02102	gene	852				
IFBJBKOH_02103	CDS	552	flr_2			Flavoredoxin
IFBJBKOH_02103	gene	552	flr_2			
IFBJBKOH_02104	CDS	858	benM			HTH-type transcriptional regulator BenM
IFBJBKOH_02104	gene	858	benM			
IFBJBKOH_02105	CDS	252	garK_2	2.7.1.165	COG1929	Glycerate 2-kinase
IFBJBKOH_02105	gene	252	garK_2			
IFBJBKOH_02106	CDS	243	larA_1	5.1.2.1	COG3875	Lactate racemase
IFBJBKOH_02106	gene	243	larA_1			
IFBJBKOH_02107	CDS	1065	larA_2	5.1.2.1	COG3875	Lactate racemase
IFBJBKOH_02107	gene	1065	larA_2			
IFBJBKOH_02108	CDS	867	dtnK_1	2.7.1.219	COG3395	D-threonate kinase
IFBJBKOH_02108	gene	867	dtnK_1			
IFBJBKOH_02109	CDS	159	dtnK_2	2.7.1.219	COG3395	D-threonate kinase
IFBJBKOH_02109	gene	159	dtnK_2			
IFBJBKOH_02110	CDS	1857	zraR_1		COG2204	Transcriptional regulatory protein ZraR
IFBJBKOH_02110	gene	1857	zraR_1			
IFBJBKOH_02111	CDS	285	pduA_1		COG4577	Propanediol utilization protein PduA
IFBJBKOH_02111	gene	285	pduA_1			
IFBJBKOH_02112	CDS	660	pduL_1	2.3.1.222	COG4869	Phosphate propanoyltransferase
IFBJBKOH_02112	gene	660	pduL_1			
IFBJBKOH_02113	CDS	1653	adhE_1		COG1012	Aldehyde-alcohol dehydrogenase
IFBJBKOH_02113	gene	1653	adhE_1			
IFBJBKOH_02114	CDS	618	ccmK_1		COG4577	Carbon dioxide-concentrating mechanism protein CcmK
IFBJBKOH_02114	gene	618	ccmK_1			
IFBJBKOH_02115	CDS	675	eutQ		COG4766	Ethanolamine utilization protein EutQ
IFBJBKOH_02115	gene	675	eutQ			
IFBJBKOH_02116	CDS	267	eutN		COG4576	Ethanolamine utilization protein EutN
IFBJBKOH_02116	gene	267	eutN			
IFBJBKOH_02117	CDS	306				hypothetical protein
IFBJBKOH_02117	gene	306				
IFBJBKOH_02118	CDS	843	ftsA_1			Cell division protein FtsA
IFBJBKOH_02118	gene	843	ftsA_1			
IFBJBKOH_02119	CDS	750				hypothetical protein
IFBJBKOH_02119	gene	750				
IFBJBKOH_02120	CDS	1143	adhB	1.1.1.1		Alcohol dehydrogenase 2
IFBJBKOH_02120	gene	1143	adhB			
IFBJBKOH_02121	CDS	453	pduV_1		COG4917	Propanediol utilization protein PduV
IFBJBKOH_02121	gene	453	pduV_1			
IFBJBKOH_02122	CDS	336	pduU_1		COG4810	Propanediol utilization protein PduU
IFBJBKOH_02122	gene	336	pduU_1			
IFBJBKOH_02123	CDS	930	cutD	1.97.1.-	COG1180	Choline trimethylamine-lyase activating enzyme
IFBJBKOH_02123	gene	930	cutD			
IFBJBKOH_02124	CDS	2562	cutC_1	4.3.99.4	COG1882	Choline trimethylamine-lyase
IFBJBKOH_02124	gene	2562	cutC_1			
IFBJBKOH_02125	CDS	1386	adhE_2		COG1012	Aldehyde-alcohol dehydrogenase
IFBJBKOH_02125	gene	1386	adhE_2			
IFBJBKOH_02126	CDS	309	pduA_2		COG4577	Propanediol utilization protein PduA
IFBJBKOH_02126	gene	309	pduA_2			
IFBJBKOH_02127	CDS	297	ccmK_2		COG4577	Carbon dioxide-concentrating mechanism protein CcmK
IFBJBKOH_02127	gene	297	ccmK_2			
IFBJBKOH_02128	CDS	279				hypothetical protein
IFBJBKOH_02128	gene	279				
IFBJBKOH_02129	CDS	996				hypothetical protein
IFBJBKOH_02129	gene	996				
IFBJBKOH_02130	CDS	285	pduA_3		COG4577	Propanediol utilization protein PduA
IFBJBKOH_02130	gene	285	pduA_3			
IFBJBKOH_02131	CDS	840	bmrR_2		COG0789	Multidrug-efflux transporter 1 regulator
IFBJBKOH_02131	gene	840	bmrR_2			
IFBJBKOH_02132	tRNA	72				tRNA-Gly(tcc)
IFBJBKOH_02132	gene	72				
IFBJBKOH_02133	tRNA	75				tRNA-Pro(tgg)
IFBJBKOH_02133	gene	75				
IFBJBKOH_02134	CDS	501				hypothetical protein
IFBJBKOH_02134	gene	501				
IFBJBKOH_02135	CDS	600	rdgB	3.6.1.66	COG0127	dITP/XTP pyrophosphatase
IFBJBKOH_02135	gene	600	rdgB			
IFBJBKOH_02136	CDS	1584				hypothetical protein
IFBJBKOH_02136	gene	1584				
IFBJBKOH_02137	CDS	1146	rlmL	2.1.1.173	COG0116	Ribosomal RNA large subunit methyltransferase L
IFBJBKOH_02137	gene	1146	rlmL			
IFBJBKOH_02138	CDS	558	yfcE	3.1.4.-	COG0622	Phosphodiesterase YfcE
IFBJBKOH_02138	gene	558	yfcE			
IFBJBKOH_02139	CDS	333		2.8.1.-	COG0607	Sulfurtransferase
IFBJBKOH_02139	gene	333				
IFBJBKOH_02140	CDS	432				hypothetical protein
IFBJBKOH_02140	gene	432				
IFBJBKOH_02141	CDS	1074	galA	3.2.1.22	COG3345	Alpha-galactosidase
IFBJBKOH_02141	gene	1074	galA			
IFBJBKOH_02142	CDS	270				hypothetical protein
IFBJBKOH_02142	gene	270				
IFBJBKOH_02143	CDS	1443	nylB	3.5.1.46		6-aminohexanoate-dimer hydrolase
IFBJBKOH_02143	gene	1443	nylB			
IFBJBKOH_02144	CDS	1923				hypothetical protein
IFBJBKOH_02144	gene	1923				
IFBJBKOH_02145	CDS	1104	ogl	4.2.2.6	COG0823	Oligogalacturonate lyase
IFBJBKOH_02145	gene	1104	ogl			
IFBJBKOH_02146	CDS	1206	msmE_3		COG1653	Multiple sugar-binding protein
IFBJBKOH_02146	gene	1206	msmE_3			
IFBJBKOH_02147	CDS	180				hypothetical protein
IFBJBKOH_02147	gene	180				
IFBJBKOH_02148	CDS	843	ycjP_3		COG0395	Inner membrane ABC transporter permease protein YcjP
IFBJBKOH_02148	gene	843	ycjP_3			
IFBJBKOH_02149	CDS	702	sugA_2		COG1175	Trehalose transport system permease protein SugA
IFBJBKOH_02149	gene	702	sugA_2			
IFBJBKOH_02150	CDS	138				hypothetical protein
IFBJBKOH_02150	gene	138				
IFBJBKOH_02151	CDS	471				hypothetical protein
IFBJBKOH_02151	gene	471				
IFBJBKOH_02152	CDS	198				hypothetical protein
IFBJBKOH_02152	gene	198				
IFBJBKOH_02153	CDS	903	nlhH_2	3.1.1.1	COG0657	Carboxylesterase NlhH
IFBJBKOH_02153	gene	903	nlhH_2			
IFBJBKOH_02154	CDS	474				hypothetical protein
IFBJBKOH_02154	gene	474				
IFBJBKOH_02155	CDS	1482				hypothetical protein
IFBJBKOH_02155	gene	1482				
IFBJBKOH_02156	CDS	468				hypothetical protein
IFBJBKOH_02156	gene	468				
IFBJBKOH_02157	CDS	1047				hypothetical protein
IFBJBKOH_02157	gene	1047				
IFBJBKOH_02158	CDS	1065	cynR_5			HTH-type transcriptional regulator CynR
IFBJBKOH_02158	gene	1065	cynR_5			
IFBJBKOH_02159	CDS	852	cynR_6			HTH-type transcriptional regulator CynR
IFBJBKOH_02159	gene	852	cynR_6			
IFBJBKOH_02160	CDS	618				hypothetical protein
IFBJBKOH_02160	gene	618				
IFBJBKOH_02161	CDS	1296	cycB_1		COG2182	Cyclodextrin-binding protein
IFBJBKOH_02161	gene	1296	cycB_1			
IFBJBKOH_02162	CDS	936	lacF_5			Lactose transport system permease protein LacF
IFBJBKOH_02162	gene	936	lacF_5			
IFBJBKOH_02163	CDS	840	araQ_8		COG0395	L-arabinose transport system permease protein AraQ
IFBJBKOH_02163	gene	840	araQ_8			
IFBJBKOH_02164	CDS	2223	agaA_1	3.2.1.22		Alpha-galactosidase AgaA
IFBJBKOH_02164	gene	2223	agaA_1			
IFBJBKOH_02165	CDS	906	araC_2			Arabinose operon regulatory protein
IFBJBKOH_02165	gene	906	araC_2			
IFBJBKOH_02166	CDS	723	iap_1	3.4.-.-	COG0791	putative endopeptidase p60
IFBJBKOH_02166	gene	723	iap_1			
IFBJBKOH_02167	CDS	741	iap_2	3.4.-.-	COG0791	putative endopeptidase p60
IFBJBKOH_02167	gene	741	iap_2			
IFBJBKOH_02168	CDS	504				hypothetical protein
IFBJBKOH_02168	gene	504				
IFBJBKOH_02169	CDS	1941	fbp_1	3.1.3.11	COG3855	Fructose-1,6-bisphosphatase class 3
IFBJBKOH_02169	gene	1941	fbp_1			
IFBJBKOH_02170	CDS	123				hypothetical protein
IFBJBKOH_02170	gene	123				
IFBJBKOH_02171	CDS	525				hypothetical protein
IFBJBKOH_02171	gene	525				
IFBJBKOH_02172	CDS	219				hypothetical protein
IFBJBKOH_02172	gene	219				
IFBJBKOH_02173	CDS	423				hypothetical protein
IFBJBKOH_02173	gene	423				
IFBJBKOH_02174	CDS	183				hypothetical protein
IFBJBKOH_02174	gene	183				
IFBJBKOH_02175	CDS	342	spo0A_4			Stage 0 sporulation protein A
IFBJBKOH_02175	gene	342	spo0A_4			
IFBJBKOH_02176	CDS	687				hypothetical protein
IFBJBKOH_02176	gene	687				
IFBJBKOH_02177	CDS	165				hypothetical protein
IFBJBKOH_02177	gene	165				
IFBJBKOH_02178	CDS	411				hypothetical protein
IFBJBKOH_02178	gene	411				
IFBJBKOH_02179	CDS	183				hypothetical protein
IFBJBKOH_02179	gene	183				
IFBJBKOH_02180	CDS	702	srrA_3		COG0745	Transcriptional regulatory protein SrrA
IFBJBKOH_02180	gene	702	srrA_3			
IFBJBKOH_02181	CDS	1137				hypothetical protein
IFBJBKOH_02181	gene	1137				
IFBJBKOH_02182	CDS	846				hypothetical protein
IFBJBKOH_02182	gene	846				
IFBJBKOH_02183	CDS	414				hypothetical protein
IFBJBKOH_02183	gene	414				
IFBJBKOH_02184	CDS	225				hypothetical protein
IFBJBKOH_02184	gene	225				
IFBJBKOH_02185	CDS	1782	xerC_5			Tyrosine recombinase XerC
IFBJBKOH_02185	gene	1782	xerC_5			
IFBJBKOH_02186	CDS	1347				hypothetical protein
IFBJBKOH_02186	gene	1347				
IFBJBKOH_02187	CDS	3156	dbpA	3.6.4.13		ATP-dependent RNA helicase DbpA
IFBJBKOH_02187	gene	3156	dbpA			
IFBJBKOH_02188	CDS	807				hypothetical protein
IFBJBKOH_02188	gene	807				
IFBJBKOH_02189	CDS	714				hypothetical protein
IFBJBKOH_02189	gene	714				
IFBJBKOH_02190	CDS	489				hypothetical protein
IFBJBKOH_02190	gene	489				
IFBJBKOH_02191	CDS	243				hypothetical protein
IFBJBKOH_02191	gene	243				
IFBJBKOH_02192	CDS	714				hypothetical protein
IFBJBKOH_02192	gene	714				
IFBJBKOH_02193	CDS	324				hypothetical protein
IFBJBKOH_02193	gene	324				
IFBJBKOH_02194	CDS	1608	pnbA_1	3.1.1.-	COG2272	Para-nitrobenzyl esterase
IFBJBKOH_02194	gene	1608	pnbA_1			
IFBJBKOH_02195	CDS	846		1.-.-.-	COG0656	putative oxidoreductase/MSMEI_2347
IFBJBKOH_02195	gene	846				
IFBJBKOH_02196	CDS	1164	adh2_1	1.1.1.192	COG1979	Long-chain-alcohol dehydrogenase 2
IFBJBKOH_02196	gene	1164	adh2_1			
IFBJBKOH_02197	CDS	1128	adh2_2	1.1.1.192	COG1979	Long-chain-alcohol dehydrogenase 2
IFBJBKOH_02197	gene	1128	adh2_2			
IFBJBKOH_02198	CDS	1674				hypothetical protein
IFBJBKOH_02198	gene	1674				
IFBJBKOH_02199	CDS	909				hypothetical protein
IFBJBKOH_02199	gene	909				
IFBJBKOH_02200	CDS	1089				hypothetical protein
IFBJBKOH_02200	gene	1089				
IFBJBKOH_02201	CDS	687				hypothetical protein
IFBJBKOH_02201	gene	687				
IFBJBKOH_02202	CDS	618	sgcG	1.3.99.24		2-amino-4-deoxychorismate dehydrogenase
IFBJBKOH_02202	gene	618	sgcG			
IFBJBKOH_02203	CDS	402	adhR_2		COG0789	HTH-type transcriptional regulator AdhR
IFBJBKOH_02203	gene	402	adhR_2			
IFBJBKOH_02204	CDS	1179				hypothetical protein
IFBJBKOH_02204	gene	1179				
IFBJBKOH_02205	CDS	561	flr_3			Flavoredoxin
IFBJBKOH_02205	gene	561	flr_3			
IFBJBKOH_02206	CDS	1107				hypothetical protein
IFBJBKOH_02206	gene	1107				
IFBJBKOH_02207	CDS	852	dkgA	1.1.1.274	COG0656	2,5-diketo-D-gluconic acid reductase A
IFBJBKOH_02207	gene	852	dkgA			
IFBJBKOH_02208	CDS	846	cynR_7			HTH-type transcriptional regulator CynR
IFBJBKOH_02208	gene	846	cynR_7			
IFBJBKOH_02209	CDS	504				hypothetical protein
IFBJBKOH_02209	gene	504				
IFBJBKOH_02210	CDS	2445	bglB_1	3.2.1.21	COG1472	Thermostable beta-glucosidase B
IFBJBKOH_02210	gene	2445	bglB_1			
IFBJBKOH_02211	CDS	1278	apy	3.2.1.-	COG1472	Exo-alpha-(1->6)-L-arabinopyranosidase
IFBJBKOH_02211	gene	1278	apy			
IFBJBKOH_02212	CDS	552	xerD_6		COG4974	Tyrosine recombinase XerD
IFBJBKOH_02212	gene	552	xerD_6			
IFBJBKOH_02213	CDS	1023	xerD_7			Tyrosine recombinase XerD
IFBJBKOH_02213	gene	1023	xerD_7			
IFBJBKOH_02214	CDS	426				hypothetical protein
IFBJBKOH_02214	gene	426				
IFBJBKOH_02215	CDS	555				hypothetical protein
IFBJBKOH_02215	gene	555				
IFBJBKOH_02216	CDS	732				hypothetical protein
IFBJBKOH_02216	gene	732				
IFBJBKOH_02217	CDS	240				hypothetical protein
IFBJBKOH_02217	gene	240				
IFBJBKOH_02218	CDS	810	rbn_1	3.1.26.11		Ribonuclease BN
IFBJBKOH_02218	gene	810	rbn_1			
IFBJBKOH_02219	CDS	171				hypothetical protein
IFBJBKOH_02219	gene	171				
IFBJBKOH_02220	CDS	627	ribU_1			Riboflavin transporter RibU
IFBJBKOH_02220	gene	627	ribU_1			
IFBJBKOH_02221	CDS	1023	ltrA_13		COG3344	Group II intron-encoded protein LtrA
IFBJBKOH_02221	gene	1023	ltrA_13			
IFBJBKOH_02222	CDS	591	yfkO	1.-.-.-	COG0778	Putative NAD(P)H nitroreductase YfkO
IFBJBKOH_02222	gene	591	yfkO			
IFBJBKOH_02223	CDS	1185	bdhA	1.1.1.-	COG1979	NADH-dependent butanol dehydrogenase A
IFBJBKOH_02223	gene	1185	bdhA			
IFBJBKOH_02224	CDS	651				hypothetical protein
IFBJBKOH_02224	gene	651				
IFBJBKOH_02225	CDS	651				hypothetical protein
IFBJBKOH_02225	gene	651				
IFBJBKOH_02226	CDS	792	sugC_1	3.6.3.-	COG3839	Trehalose import ATP-binding protein SugC
IFBJBKOH_02226	gene	792	sugC_1			
IFBJBKOH_02227	CDS	264	malK_1	3.6.3.19	COG3839	Maltose/maltodextrin import ATP-binding protein MalK
IFBJBKOH_02227	gene	264	malK_1			
IFBJBKOH_02228	CDS	1866	modB_2		COG4149	Molybdenum transport system permease protein ModB
IFBJBKOH_02228	gene	1866	modB_2			
IFBJBKOH_02229	CDS	732	purR_1		COG1609	HTH-type transcriptional repressor PurR
IFBJBKOH_02229	gene	732	purR_1			
IFBJBKOH_02230	CDS	309	ccpA_2		COG1609	Catabolite control protein A
IFBJBKOH_02230	gene	309	ccpA_2			
IFBJBKOH_02231	CDS	1236	lytH_1	3.4.-.-	COG0739	L-Ala--D-Glu endopeptidase
IFBJBKOH_02231	gene	1236	lytH_1			
IFBJBKOH_02232	CDS	825				putative response regulatory protein
IFBJBKOH_02232	gene	825				
IFBJBKOH_02233	CDS	1695		2.7.13.3	COG2972	putative sensor-like histidine kinase
IFBJBKOH_02233	gene	1695				
IFBJBKOH_02234	CDS	1653	potB		COG1176	Spermidine/putrescine transport system permease protein PotB
IFBJBKOH_02234	gene	1653	potB			
IFBJBKOH_02235	CDS	1122	potA_2	3.6.3.31	COG3842	Spermidine/putrescine import ATP-binding protein PotA
IFBJBKOH_02235	gene	1122	potA_2			
IFBJBKOH_02236	CDS	1119			COG1840	putative protein
IFBJBKOH_02236	gene	1119				
IFBJBKOH_02237	CDS	666	deoC_2	4.1.2.4		Deoxyribose-phosphate aldolase
IFBJBKOH_02237	gene	666	deoC_2			
IFBJBKOH_02238	CDS	381				hypothetical protein
IFBJBKOH_02238	gene	381				
IFBJBKOH_02239	CDS	330				hypothetical protein
IFBJBKOH_02239	gene	330				
IFBJBKOH_02240	CDS	615				hypothetical protein
IFBJBKOH_02240	gene	615				
IFBJBKOH_02241	CDS	846	kbaY_1	4.1.2.40	COG0191	D-tagatose-1,6-bisphosphate aldolase subunit KbaY
IFBJBKOH_02241	gene	846	kbaY_1			
IFBJBKOH_02242	CDS	378	ycf3			Photosystem I assembly protein Ycf3
IFBJBKOH_02242	gene	378	ycf3			
IFBJBKOH_02243	CDS	1278	ulaA_2		COG3037	Ascorbate-specific PTS system EIIC component
IFBJBKOH_02243	gene	1278	ulaA_2			
IFBJBKOH_02244	CDS	291	ulaB	2.7.1.194		Ascorbate-specific PTS system EIIB component
IFBJBKOH_02244	gene	291	ulaB			
IFBJBKOH_02245	CDS	447	cmtB		COG1762	Mannitol-specific cryptic phosphotransferase enzyme IIA component
IFBJBKOH_02245	gene	447	cmtB			
IFBJBKOH_02246	CDS	2253	manR_1		COG1762	Transcriptional regulator ManR
IFBJBKOH_02246	gene	2253	manR_1			
IFBJBKOH_02247	CDS	234				hypothetical protein
IFBJBKOH_02247	gene	234				
IFBJBKOH_02248	CDS	1332	uxaB_1	1.1.1.58	COG0246	Altronate oxidoreductase
IFBJBKOH_02248	gene	1332	uxaB_1			
IFBJBKOH_02249	CDS	1284				hypothetical protein
IFBJBKOH_02249	gene	1284				
IFBJBKOH_02250	CDS	1287	siaM_3		COG1593	Sialic acid TRAP transporter large permease protein SiaM
IFBJBKOH_02250	gene	1287	siaM_3			
IFBJBKOH_02251	CDS	513	teaB_1		COG3090	Ectoine TRAP transporter small permease protein TeaB
IFBJBKOH_02251	gene	513	teaB_1			
IFBJBKOH_02252	CDS	1119	dctP_1		COG1638	C4-dicarboxylate-binding periplasmic protein DctP
IFBJBKOH_02252	gene	1119	dctP_1			
IFBJBKOH_02253	CDS	1029	yjmD_2	1.-.-.-	COG1063	putative zinc-type alcohol dehydrogenase-like protein YjmD
IFBJBKOH_02253	gene	1029	yjmD_2			
IFBJBKOH_02254	CDS	684	rspR_4		COG1802	HTH-type transcriptional repressor RspR
IFBJBKOH_02254	gene	684	rspR_4			
IFBJBKOH_02255	CDS	1248				hypothetical protein
IFBJBKOH_02255	gene	1248				
IFBJBKOH_02256	CDS	1164	serA	1.1.1.95	COG0111	D-3-phosphoglycerate dehydrogenase
IFBJBKOH_02256	gene	1164	serA			
IFBJBKOH_02257	CDS	1293	serC	2.6.1.52	COG1932	Phosphoserine aminotransferase
IFBJBKOH_02257	gene	1293	serC			
IFBJBKOH_02258	CDS	1683	ilvB_1	2.2.1.6	COG0028	Acetolactate synthase large subunit
IFBJBKOH_02258	gene	1683	ilvB_1			
IFBJBKOH_02259	CDS	1665	ilvD_1	4.2.1.9	COG0129	Dihydroxy-acid dehydratase
IFBJBKOH_02259	gene	1665	ilvD_1			
IFBJBKOH_02260	CDS	1086	leuB	1.1.1.85	COG0473	3-isopropylmalate dehydrogenase
IFBJBKOH_02260	gene	1086	leuB			
IFBJBKOH_02261	CDS	633				hypothetical protein
IFBJBKOH_02261	gene	633				
IFBJBKOH_02262	CDS	2100		3.4.11.24	COG2234	Aminopeptidase S
IFBJBKOH_02262	gene	2100				
IFBJBKOH_02263	CDS	972	lytA_4	3.5.1.28		Autolysin
IFBJBKOH_02263	gene	972	lytA_4			
IFBJBKOH_02264	CDS	240				hypothetical protein
IFBJBKOH_02264	gene	240				
IFBJBKOH_02265	CDS	921	rhaS_5			HTH-type transcriptional activator RhaS
IFBJBKOH_02265	gene	921	rhaS_5			
IFBJBKOH_02266	CDS	903	oxyR			Hydrogen peroxide-inducible genes activator
IFBJBKOH_02266	gene	903	oxyR			
IFBJBKOH_02267	CDS	1335	mepA_8		COG0534	Multidrug export protein MepA
IFBJBKOH_02267	gene	1335	mepA_8			
IFBJBKOH_02268	CDS	552				hypothetical protein
IFBJBKOH_02268	gene	552				
IFBJBKOH_02269	CDS	624	lytA_5	3.5.1.28		Autolysin
IFBJBKOH_02269	gene	624	lytA_5			
IFBJBKOH_02270	CDS	2646				hypothetical protein
IFBJBKOH_02270	gene	2646				
IFBJBKOH_02271	CDS	435				hypothetical protein
IFBJBKOH_02271	gene	435				
IFBJBKOH_02272	CDS	216	capB			Cold shock protein CapB
IFBJBKOH_02272	gene	216	capB			
IFBJBKOH_02273	CDS	972	rpsA_1		COG0539	30S ribosomal protein S1
IFBJBKOH_02273	gene	972	rpsA_1			
IFBJBKOH_02274	CDS	1137				hypothetical protein
IFBJBKOH_02274	gene	1137				
IFBJBKOH_02275	CDS	249				hypothetical protein
IFBJBKOH_02275	gene	249				
IFBJBKOH_02276	CDS	546				hypothetical protein
IFBJBKOH_02276	gene	546				
IFBJBKOH_02277	CDS	354				hypothetical protein
IFBJBKOH_02277	gene	354				
IFBJBKOH_02278	CDS	1518				hypothetical protein
IFBJBKOH_02278	gene	1518				
IFBJBKOH_02279	CDS	204				hypothetical protein
IFBJBKOH_02279	gene	204				
IFBJBKOH_02280	CDS	2244		4.2.1.112		Acetylene hydratase
IFBJBKOH_02280	gene	2244				
IFBJBKOH_02281	CDS	1056	pqqE_2			Coenzyme PQQ synthesis protein E
IFBJBKOH_02281	gene	1056	pqqE_2			
IFBJBKOH_02282	CDS	1500	bchE_1	1.21.98.3		Anaerobic magnesium-protoporphyrin IX monomethyl ester cyclase
IFBJBKOH_02282	gene	1500	bchE_1			
IFBJBKOH_02283	CDS	999	pqqE_3			Coenzyme PQQ synthesis protein E
IFBJBKOH_02283	gene	999	pqqE_3			
IFBJBKOH_02284	CDS	1146	fdtB	2.6.1.90		dTDP-3-amino-3,6-dideoxy-alpha-D-galactopyranose transaminase
IFBJBKOH_02284	gene	1146	fdtB			
IFBJBKOH_02285	CDS	627	epsM	2.3.1.-	COG0110	Putative acetyltransferase EpsM
IFBJBKOH_02285	gene	627	epsM			
IFBJBKOH_02286	CDS	852	chbG_1	3.5.1.105	COG3394	Chitooligosaccharide deacetylase ChbG
IFBJBKOH_02286	gene	852	chbG_1			
IFBJBKOH_02287	CDS	693		2.4.-.-	COG0463	putative glycosyltransferase
IFBJBKOH_02287	gene	693				
IFBJBKOH_02288	CDS	1278	rfbD	5.4.99.9		UDP-galactopyranose mutase
IFBJBKOH_02288	gene	1278	rfbD			
IFBJBKOH_02289	CDS	1020	mftC_2	2.-.-.-	COG0535	Putative mycofactocin radical SAM maturase MftC
IFBJBKOH_02289	gene	1020	mftC_2			
IFBJBKOH_02290	CDS	687	prmA_2	2.1.1.-	COG2264	Ribosomal protein L11 methyltransferase
IFBJBKOH_02290	gene	687	prmA_2			
IFBJBKOH_02291	CDS	615				hypothetical protein
IFBJBKOH_02291	gene	615				
IFBJBKOH_02292	CDS	1719				hypothetical protein
IFBJBKOH_02292	gene	1719				
IFBJBKOH_02293	CDS	1008	pgaC	2.4.1.-	COG1215	Poly-beta-1,6-N-acetyl-D-glucosamine synthase
IFBJBKOH_02293	gene	1008	pgaC			
IFBJBKOH_02294	CDS	525	nusG_1		COG0250	Transcription termination/antitermination protein NusG
IFBJBKOH_02294	gene	525	nusG_1			
IFBJBKOH_02295	CDS	189				hypothetical protein
IFBJBKOH_02295	gene	189				
IFBJBKOH_02296	CDS	732				hypothetical protein
IFBJBKOH_02296	gene	732				
IFBJBKOH_02297	CDS	228				hypothetical protein
IFBJBKOH_02297	gene	228				
IFBJBKOH_02298	CDS	351				hypothetical protein
IFBJBKOH_02298	gene	351				
IFBJBKOH_02299	CDS	771	drrB			Daunorubicin/doxorubicin resistance ABC transporter permease protein DrrB
IFBJBKOH_02299	gene	771	drrB			
IFBJBKOH_02300	CDS	954	drrA_2	3.6.3.-		Daunorubicin/doxorubicin resistance ATP-binding protein DrrA
IFBJBKOH_02300	gene	954	drrA_2			
IFBJBKOH_02301	CDS	927				hypothetical protein
IFBJBKOH_02301	gene	927				
IFBJBKOH_02302	CDS	378	arlR_2		COG0745	Response regulator ArlR
IFBJBKOH_02302	gene	378	arlR_2			
IFBJBKOH_02303	CDS	333				hypothetical protein
IFBJBKOH_02303	gene	333				
IFBJBKOH_02304	CDS	459	sipS_3	3.4.21.89	COG0681	Signal peptidase I S
IFBJBKOH_02304	gene	459	sipS_3			
IFBJBKOH_02305	CDS	324				hypothetical protein
IFBJBKOH_02305	gene	324				
IFBJBKOH_02306	CDS	126				hypothetical protein
IFBJBKOH_02306	gene	126				
IFBJBKOH_02307	CDS	633				hypothetical protein
IFBJBKOH_02307	gene	633				
IFBJBKOH_02308	CDS	1359				hypothetical protein
IFBJBKOH_02308	gene	1359				
IFBJBKOH_02309	CDS	372				hypothetical protein
IFBJBKOH_02309	gene	372				
IFBJBKOH_02310	CDS	363				hypothetical protein
IFBJBKOH_02310	gene	363				
IFBJBKOH_02311	CDS	1620				hypothetical protein
IFBJBKOH_02311	gene	1620				
IFBJBKOH_02312	CDS	615				hypothetical protein
IFBJBKOH_02312	gene	615				
IFBJBKOH_02313	CDS	594				hypothetical protein
IFBJBKOH_02313	gene	594				
IFBJBKOH_02314	CDS	573				hypothetical protein
IFBJBKOH_02314	gene	573				
IFBJBKOH_02315	CDS	735				hypothetical protein
IFBJBKOH_02315	gene	735				
IFBJBKOH_02316	CDS	1443				hypothetical protein
IFBJBKOH_02316	gene	1443				
IFBJBKOH_02317	CDS	450				hypothetical protein
IFBJBKOH_02317	gene	450				
IFBJBKOH_02318	CDS	486				hypothetical protein
IFBJBKOH_02318	gene	486				
IFBJBKOH_02319	CDS	1095				hypothetical protein
IFBJBKOH_02319	gene	1095				
IFBJBKOH_02320	CDS	585				hypothetical protein
IFBJBKOH_02320	gene	585				
IFBJBKOH_02321	CDS	768				hypothetical protein
IFBJBKOH_02321	gene	768				
IFBJBKOH_02322	CDS	135				hypothetical protein
IFBJBKOH_02322	gene	135				
IFBJBKOH_02323	CDS	1131				hypothetical protein
IFBJBKOH_02323	gene	1131				
IFBJBKOH_02324	CDS	1272				hypothetical protein
IFBJBKOH_02324	gene	1272				
IFBJBKOH_02325	CDS	1389				hypothetical protein
IFBJBKOH_02325	gene	1389				
IFBJBKOH_02326	CDS	540				hypothetical protein
IFBJBKOH_02326	gene	540				
IFBJBKOH_02327	CDS	777				hypothetical protein
IFBJBKOH_02327	gene	777				
IFBJBKOH_02328	CDS	207				hypothetical protein
IFBJBKOH_02328	gene	207				
IFBJBKOH_02329	CDS	2406				hypothetical protein
IFBJBKOH_02329	gene	2406				
IFBJBKOH_02330	CDS	465				hypothetical protein
IFBJBKOH_02330	gene	465				
IFBJBKOH_02331	CDS	942				hypothetical protein
IFBJBKOH_02331	gene	942				
IFBJBKOH_02332	CDS	1242	rhsC_2	3.1.-.-	COG3209	Putative deoxyribonuclease RhsC
IFBJBKOH_02332	gene	1242	rhsC_2			
IFBJBKOH_02333	CDS	480				hypothetical protein
IFBJBKOH_02333	gene	480				
IFBJBKOH_02334	CDS	1008	rhsC_3	3.1.-.-	COG3209	Putative deoxyribonuclease RhsC
IFBJBKOH_02334	gene	1008	rhsC_3			
IFBJBKOH_02335	CDS	312				hypothetical protein
IFBJBKOH_02335	gene	312				
IFBJBKOH_02336	CDS	5802	rhsC_4	3.1.-.-	COG3209	Putative deoxyribonuclease RhsC
IFBJBKOH_02336	gene	5802	rhsC_4			
IFBJBKOH_02337	CDS	672				hypothetical protein
IFBJBKOH_02337	gene	672				
IFBJBKOH_02338	CDS	2757	rhsA	3.1.-.-	COG3209	putative deoxyribonuclease RhsA
IFBJBKOH_02338	gene	2757	rhsA			
IFBJBKOH_02339	CDS	480				hypothetical protein
IFBJBKOH_02339	gene	480				
IFBJBKOH_02340	CDS	2508	rhsB_1	3.1.-.-	COG3209	putative deoxyribonuclease RhsB
IFBJBKOH_02340	gene	2508	rhsB_1			
IFBJBKOH_02341	CDS	582				hypothetical protein
IFBJBKOH_02341	gene	582				
IFBJBKOH_02342	CDS	5883	rhsC_5	3.1.-.-	COG3209	Putative deoxyribonuclease RhsC
IFBJBKOH_02342	gene	5883	rhsC_5			
IFBJBKOH_02343	CDS	465				hypothetical protein
IFBJBKOH_02343	gene	465				
IFBJBKOH_02344	CDS	1458				hypothetical protein
IFBJBKOH_02344	gene	1458				
IFBJBKOH_02345	CDS	513				hypothetical protein
IFBJBKOH_02345	gene	513				
IFBJBKOH_02346	CDS	996				hypothetical protein
IFBJBKOH_02346	gene	996				
IFBJBKOH_02347	CDS	1488				hypothetical protein
IFBJBKOH_02347	gene	1488				
IFBJBKOH_02348	CDS	660				hypothetical protein
IFBJBKOH_02348	gene	660				
IFBJBKOH_02349	CDS	780				hypothetical protein
IFBJBKOH_02349	gene	780				
IFBJBKOH_02350	CDS	693				hypothetical protein
IFBJBKOH_02350	gene	693				
IFBJBKOH_02351	CDS	1389				hypothetical protein
IFBJBKOH_02351	gene	1389				
IFBJBKOH_02352	CDS	636	Int-Tn_4			Transposase from transposon Tn916
IFBJBKOH_02352	gene	636	Int-Tn_4			
IFBJBKOH_02353	CDS	354				hypothetical protein
IFBJBKOH_02353	gene	354				
IFBJBKOH_02354	CDS	1644				hypothetical protein
IFBJBKOH_02354	gene	1644				
IFBJBKOH_02355	CDS	1371	lytA_6	3.5.1.28		Autolysin
IFBJBKOH_02355	gene	1371	lytA_6			
IFBJBKOH_02356	CDS	597				hypothetical protein
IFBJBKOH_02356	gene	597				
IFBJBKOH_02357	CDS	573				hypothetical protein
IFBJBKOH_02357	gene	573				
IFBJBKOH_02358	CDS	1269				hypothetical protein
IFBJBKOH_02358	gene	1269				
IFBJBKOH_02359	CDS	723				hypothetical protein
IFBJBKOH_02359	gene	723				
IFBJBKOH_02360	CDS	1374				hypothetical protein
IFBJBKOH_02360	gene	1374				
IFBJBKOH_02361	CDS	1392				hypothetical protein
IFBJBKOH_02361	gene	1392				
IFBJBKOH_02362	CDS	540				hypothetical protein
IFBJBKOH_02362	gene	540				
IFBJBKOH_02363	CDS	777				hypothetical protein
IFBJBKOH_02363	gene	777				
IFBJBKOH_02364	CDS	168				hypothetical protein
IFBJBKOH_02364	gene	168				
IFBJBKOH_02365	CDS	2619				hypothetical protein
IFBJBKOH_02365	gene	2619				
IFBJBKOH_02366	CDS	693				hypothetical protein
IFBJBKOH_02366	gene	693				
IFBJBKOH_02367	CDS	1308				hypothetical protein
IFBJBKOH_02367	gene	1308				
IFBJBKOH_02368	CDS	1896				hypothetical protein
IFBJBKOH_02368	gene	1896				
IFBJBKOH_02369	CDS	840	stp_2	3.1.3.16	COG0631	Serine/threonine phosphatase stp
IFBJBKOH_02369	gene	840	stp_2			
IFBJBKOH_02370	CDS	534				hypothetical protein
IFBJBKOH_02370	gene	534				
IFBJBKOH_02371	CDS	555				hypothetical protein
IFBJBKOH_02371	gene	555				
IFBJBKOH_02372	CDS	444	dnaJ_2		COG0484	Chaperone protein DnaJ
IFBJBKOH_02372	gene	444	dnaJ_2			
IFBJBKOH_02373	CDS	429				hypothetical protein
IFBJBKOH_02373	gene	429				
IFBJBKOH_02374	CDS	432				hypothetical protein
IFBJBKOH_02374	gene	432				
IFBJBKOH_02375	CDS	2178				hypothetical protein
IFBJBKOH_02375	gene	2178				
IFBJBKOH_02376	CDS	102				hypothetical protein
IFBJBKOH_02376	gene	102				
IFBJBKOH_02377	CDS	1836				hypothetical protein
IFBJBKOH_02377	gene	1836				
IFBJBKOH_02378	CDS	591	agrB_5	3.4.-.-		Accessory gene regulator protein B
IFBJBKOH_02378	gene	591	agrB_5			
IFBJBKOH_02379	CDS	174				hypothetical protein
IFBJBKOH_02379	gene	174				
IFBJBKOH_02380	CDS	1302				hypothetical protein
IFBJBKOH_02380	gene	1302				
IFBJBKOH_02381	CDS	852	lytR_2		COG3279	Sensory transduction protein LytR
IFBJBKOH_02381	gene	852	lytR_2			
IFBJBKOH_02382	CDS	369	immR_3		COG1396	HTH-type transcriptional regulator ImmR
IFBJBKOH_02382	gene	369	immR_3			
IFBJBKOH_02383	CDS	273				hypothetical protein
IFBJBKOH_02383	gene	273				
IFBJBKOH_02384	CDS	384				hypothetical protein
IFBJBKOH_02384	gene	384				
IFBJBKOH_02385	CDS	1065				hypothetical protein
IFBJBKOH_02385	gene	1065				
IFBJBKOH_02386	CDS	1197				hypothetical protein
IFBJBKOH_02386	gene	1197				
IFBJBKOH_02387	CDS	1359				hypothetical protein
IFBJBKOH_02387	gene	1359				
IFBJBKOH_02388	CDS	282				hypothetical protein
IFBJBKOH_02388	gene	282				
IFBJBKOH_02389	CDS	360				hypothetical protein
IFBJBKOH_02389	gene	360				
IFBJBKOH_02390	CDS	582				hypothetical protein
IFBJBKOH_02390	gene	582				
IFBJBKOH_02391	CDS	495				hypothetical protein
IFBJBKOH_02391	gene	495				
IFBJBKOH_02392	CDS	600				hypothetical protein
IFBJBKOH_02392	gene	600				
IFBJBKOH_02393	CDS	1209	Int-Tn_5			Transposase from transposon Tn916
IFBJBKOH_02393	gene	1209	Int-Tn_5			
IFBJBKOH_02394	CDS	1533	rlmCD_2	2.1.1.189	COG2265	23S rRNA (uracil-C(5))-methyltransferase RlmCD
IFBJBKOH_02394	gene	1533	rlmCD_2			
IFBJBKOH_02395	CDS	1830		3.4.11.-	COG0006	Aminopeptidase
IFBJBKOH_02395	gene	1830				
IFBJBKOH_02396	CDS	1425	pdhD	1.8.1.4		Dihydrolipoyl dehydrogenase
IFBJBKOH_02396	gene	1425	pdhD			
IFBJBKOH_02397	CDS	801	ywpJ_1	3.1.3.-	COG0561	Phosphatase YwpJ
IFBJBKOH_02397	gene	801	ywpJ_1			
IFBJBKOH_02398	tRNA	74				tRNA-Pro(ggg)
IFBJBKOH_02398	gene	74				
IFBJBKOH_02399	CDS	2511		2.4.1.161	COG1501	Oligosaccharide 4-alpha-D-glucosyltransferase
IFBJBKOH_02399	gene	2511				
IFBJBKOH_02400	CDS	1305		2.4.1.161	COG1501	Oligosaccharide 4-alpha-D-glucosyltransferase
IFBJBKOH_02400	gene	1305				
IFBJBKOH_02401	CDS	738	xylQ	3.2.1.177		Alpha-xylosidase XylQ
IFBJBKOH_02401	gene	738	xylQ			
IFBJBKOH_02402	CDS	396				hypothetical protein
IFBJBKOH_02402	gene	396				
IFBJBKOH_02403	CDS	1317	dctM_5		COG1593	C4-dicarboxylate TRAP transporter large permease protein DctM
IFBJBKOH_02403	gene	1317	dctM_5			
IFBJBKOH_02404	CDS	477	siaQ_2		COG3090	Sialic acid TRAP transporter small permease protein SiaQ
IFBJBKOH_02404	gene	477	siaQ_2			
IFBJBKOH_02405	CDS	1044	dctP_2		COG1638	Solute-binding protein
IFBJBKOH_02405	gene	1044	dctP_2			
IFBJBKOH_02406	CDS	897	xylR_1			Xylose operon regulatory protein
IFBJBKOH_02406	gene	897	xylR_1			
IFBJBKOH_02407	CDS	234				hypothetical protein
IFBJBKOH_02407	gene	234				
IFBJBKOH_02408	CDS	399				hypothetical protein
IFBJBKOH_02408	gene	399				
IFBJBKOH_02409	CDS	246				hypothetical protein
IFBJBKOH_02409	gene	246				
IFBJBKOH_02410	CDS	816	lytA_7	3.5.1.28		Autolysin
IFBJBKOH_02410	gene	816	lytA_7			
IFBJBKOH_02411	CDS	624				hypothetical protein
IFBJBKOH_02411	gene	624				
IFBJBKOH_02412	CDS	1059	pitA		COG0306	Low-affinity inorganic phosphate transporter 1
IFBJBKOH_02412	gene	1059	pitA			
IFBJBKOH_02413	CDS	861	larE	2.8.1.-	COG1606	Pyridinium-3,5-biscarboxylic acid mononucleotide sulfurtransferase
IFBJBKOH_02413	gene	861	larE			
IFBJBKOH_02414	CDS	1323	larC			Pyridinium-3,5-bisthiocarboxylic acid mononucleotide nickel insertion protein
IFBJBKOH_02414	gene	1323	larC			
IFBJBKOH_02415	CDS	744	larB	3.-.-.-	COG1691	Pyridinium-3,5-biscarboxylic acid mononucleotide synthase
IFBJBKOH_02415	gene	744	larB			
IFBJBKOH_02416	CDS	627	ddpF		COG1124	putative D,D-dipeptide transport ATP-binding protein DdpF
IFBJBKOH_02416	gene	627	ddpF			
IFBJBKOH_02417	CDS	933	oppD_3		COG0444	Oligopeptide transport ATP-binding protein OppD
IFBJBKOH_02417	gene	933	oppD_3			
IFBJBKOH_02418	CDS	837	dppC		COG1173	Dipeptide transport system permease protein DppC
IFBJBKOH_02418	gene	837	dppC			
IFBJBKOH_02419	CDS	981	gsiC_2		COG0601	Glutathione transport system permease protein GsiC
IFBJBKOH_02419	gene	981	gsiC_2			
IFBJBKOH_02420	CDS	1725	appA_1			Oligopeptide-binding protein AppA
IFBJBKOH_02420	gene	1725	appA_1			
IFBJBKOH_02421	CDS	1236				hypothetical protein
IFBJBKOH_02421	gene	1236				
IFBJBKOH_02422	CDS	783	ssuB_2	3.6.3.-	COG1116	Aliphatic sulfonates import ATP-binding protein SsuB
IFBJBKOH_02422	gene	783	ssuB_2			
IFBJBKOH_02423	CDS	1077	ssuC_1		COG0600	Putative aliphatic sulfonates transport permease protein SsuC
IFBJBKOH_02423	gene	1077	ssuC_1			
IFBJBKOH_02424	CDS	1350	larA_3	5.1.2.1	COG3875	Lactate racemase
IFBJBKOH_02424	gene	1350	larA_3			
IFBJBKOH_02425	CDS	747	tpiA_2	5.3.1.1	COG0149	Triosephosphate isomerase
IFBJBKOH_02425	gene	747	tpiA_2			
IFBJBKOH_02426	CDS	1194	pfp_3	2.7.1.90	COG0205	Pyrophosphate--fructose 6-phosphate 1-phosphotransferase
IFBJBKOH_02426	gene	1194	pfp_3			
IFBJBKOH_02427	CDS	270	fba_1	4.1.2.13		Fructose-bisphosphate aldolase
IFBJBKOH_02427	gene	270	fba_1			
IFBJBKOH_02428	CDS	360	fbaA_1	4.1.2.13	COG0191	putative fructose-bisphosphate aldolase
IFBJBKOH_02428	gene	360	fbaA_1			
IFBJBKOH_02429	CDS	747	fbaA_2	4.1.2.13	COG0191	putative fructose-bisphosphate aldolase
IFBJBKOH_02429	gene	747	fbaA_2			
IFBJBKOH_02430	CDS	1080	yjmD_3	1.-.-.-	COG1063	putative zinc-type alcohol dehydrogenase-like protein YjmD
IFBJBKOH_02430	gene	1080	yjmD_3			
IFBJBKOH_02431	CDS	798	idnO_1	1.1.1.69		5-keto-D-gluconate 5-reductase
IFBJBKOH_02431	gene	798	idnO_1			
IFBJBKOH_02432	CDS	759	cysA_1	3.6.3.25	COG1118	Sulfate/thiosulfate import ATP-binding protein CysA
IFBJBKOH_02432	gene	759	cysA_1			
IFBJBKOH_02433	CDS	768	tauB_2	3.6.3.36	COG4525	Taurine import ATP-binding protein TauB
IFBJBKOH_02433	gene	768	tauB_2			
IFBJBKOH_02434	CDS	834	cmpB		COG0600	Bicarbonate transport system permease protein CmpB
IFBJBKOH_02434	gene	834	cmpB			
IFBJBKOH_02435	CDS	1002	ssuA_2			Putative ABC transporter periplasmic binding protein
IFBJBKOH_02435	gene	1002	ssuA_2			
IFBJBKOH_02436	CDS	1071	purR_2		COG1609	HTH-type transcriptional repressor PurR
IFBJBKOH_02436	gene	1071	purR_2			
IFBJBKOH_02437	CDS	882	lacX_2			Protein LacX, plasmid
IFBJBKOH_02437	gene	882	lacX_2			
IFBJBKOH_02438	CDS	342	spo0A_5			Stage 0 sporulation protein A
IFBJBKOH_02438	gene	342	spo0A_5			
IFBJBKOH_02439	tRNA	82				tRNA-Leu(tag)
IFBJBKOH_02439	gene	82				
IFBJBKOH_02440	tRNA	86				tRNA-Leu(taa)
IFBJBKOH_02440	gene	86				
IFBJBKOH_02441	tRNA	75				tRNA-Val(tac)
IFBJBKOH_02441	gene	75				
IFBJBKOH_02442	tRNA	76				tRNA-Asp(gtc)
IFBJBKOH_02442	gene	76				
IFBJBKOH_02443	tRNA	75				tRNA-Met(cat)
IFBJBKOH_02443	gene	75				
IFBJBKOH_02444	tRNA	73				tRNA-Thr(tgt)
IFBJBKOH_02444	gene	73				
IFBJBKOH_02445	tRNA	72				tRNA-Glu(ttc)
IFBJBKOH_02445	gene	72				
IFBJBKOH_02446	tRNA	75				tRNA-Asn(gtt)
IFBJBKOH_02446	gene	75				
IFBJBKOH_02447	rRNA	2885				23S ribosomal RNA
IFBJBKOH_02447	gene	2885				
IFBJBKOH_02448	tRNA	75				tRNA-Ala(tgc)
IFBJBKOH_02448	gene	75				
IFBJBKOH_02449	rRNA	1528				16S ribosomal RNA
IFBJBKOH_02449	gene	1528				
IFBJBKOH_02450	CDS	861		3.-.-.-		putative metallo-hydrolase
IFBJBKOH_02450	gene	861				
IFBJBKOH_02451	CDS	342				hypothetical protein
IFBJBKOH_02451	gene	342				
IFBJBKOH_02452	CDS	576	icaR		COG1309	Biofilm operon icaADBC HTH-type negative transcriptional regulator IcaR
IFBJBKOH_02452	gene	576	icaR			
IFBJBKOH_02453	CDS	774				hypothetical protein
IFBJBKOH_02453	gene	774				
IFBJBKOH_02454	tRNA	72				tRNA-Gly(gcc)
IFBJBKOH_02454	gene	72				
IFBJBKOH_02455	tRNA	76				tRNA-Pro(tgg)
IFBJBKOH_02455	gene	76				
IFBJBKOH_02456	rRNA	2885				23S ribosomal RNA
IFBJBKOH_02456	gene	2885				
IFBJBKOH_02457	tRNA	74				tRNA-Ile(gat)
IFBJBKOH_02457	gene	74				
IFBJBKOH_02458	rRNA	1528				16S ribosomal RNA
IFBJBKOH_02458	gene	1528				
IFBJBKOH_02459	tRNA	89				tRNA-Ser(gga)
IFBJBKOH_02459	gene	89				
IFBJBKOH_02460	tRNA	87				tRNA-Ser(tga)
IFBJBKOH_02460	gene	87				
IFBJBKOH_02461	CDS	231				hypothetical protein
IFBJBKOH_02461	gene	231				
IFBJBKOH_02462	CDS	1278	mtnW	5.3.2.5	COG1850	2,3-diketo-5-methylthiopentyl-1-phosphate enolase
IFBJBKOH_02462	gene	1278	mtnW			
IFBJBKOH_02463	CDS	726	mcbR		COG1802	HTH-type transcriptional regulator McbR
IFBJBKOH_02463	gene	726	mcbR			
IFBJBKOH_02464	CDS	606	araD_1	5.1.3.4	COG0235	L-ribulose-5-phosphate 4-epimerase
IFBJBKOH_02464	gene	606	araD_1			
IFBJBKOH_02465	CDS	1257				hypothetical protein
IFBJBKOH_02465	gene	1257				
IFBJBKOH_02466	CDS	1005		3.1.1.27		4-pyridoxolactonase
IFBJBKOH_02466	gene	1005				
IFBJBKOH_02467	CDS	960	rbsC_7		COG1172	Ribose import permease protein RbsC
IFBJBKOH_02467	gene	960	rbsC_7			
IFBJBKOH_02468	CDS	162	rbsC_8		COG1172	Ribose import permease protein RbsC
IFBJBKOH_02468	gene	162	rbsC_8			
IFBJBKOH_02469	CDS	630	alsC		COG1172	D-allose transport system permease protein AlsC
IFBJBKOH_02469	gene	630	alsC			
IFBJBKOH_02470	CDS	570	rbsA_3	3.6.3.17	COG1129	Ribose import ATP-binding protein RbsA
IFBJBKOH_02470	gene	570	rbsA_3			
IFBJBKOH_02471	CDS	1128	mglA_4	3.6.3.17	COG1129	Galactose/methyl galactoside import ATP-binding protein MglA
IFBJBKOH_02471	gene	1128	mglA_4			
IFBJBKOH_02472	CDS	1122	rbsB_6		COG1879	Ribose import binding protein RbsB
IFBJBKOH_02472	gene	1122	rbsB_6			
IFBJBKOH_02473	CDS	744	ispD	2.7.7.60	COG1211	2-C-methyl-D-erythritol 4-phosphate cytidylyltransferase
IFBJBKOH_02473	gene	744	ispD			
IFBJBKOH_02474	CDS	1035	tsaD	2.3.1.234	COG0533	tRNA N6-adenosine threonylcarbamoyltransferase
IFBJBKOH_02474	gene	1035	tsaD			
IFBJBKOH_02475	CDS	912	rnz	3.1.26.11	COG1234	Ribonuclease Z
IFBJBKOH_02475	gene	912	rnz			
IFBJBKOH_02476	CDS	501				hypothetical protein
IFBJBKOH_02476	gene	501				
IFBJBKOH_02477	CDS	1005	kdgT_3			2-keto-3-deoxygluconate permease
IFBJBKOH_02477	gene	1005	kdgT_3			
IFBJBKOH_02478	CDS	1365	denK	2.7.1.220	COG3395	D-erythronate kinase
IFBJBKOH_02478	gene	1365	denK			
IFBJBKOH_02479	CDS	1020	pdxA2_3	1.1.1.409	COG1995	D-erythronate 4-phosphate dehydrogenase
IFBJBKOH_02479	gene	1020	pdxA2_3			
IFBJBKOH_02480	CDS	765	srlR_2		COG1349	Glucitol operon repressor
IFBJBKOH_02480	gene	765	srlR_2			
IFBJBKOH_02481	CDS	762	deoR		COG1349	Deoxyribose operon repressor
IFBJBKOH_02481	gene	762	deoR			
IFBJBKOH_02482	CDS	459	rpiB_1	5.3.1.6	COG0698	Ribose-5-P isomerase B
IFBJBKOH_02482	gene	459	rpiB_1			
IFBJBKOH_02483	CDS	792	eryH	5.3.1.33		L-erythrulose-1-phosphate isomerase
IFBJBKOH_02483	gene	792	eryH			
IFBJBKOH_02484	CDS	1233	pfp_4	2.7.1.90	COG0205	Pyrophosphate--fructose 6-phosphate 1-phosphotransferase
IFBJBKOH_02484	gene	1233	pfp_4			
IFBJBKOH_02485	CDS	243				hypothetical protein
IFBJBKOH_02485	gene	243				
IFBJBKOH_02486	CDS	450	rimI	2.3.1.128	COG0456	Ribosomal-protein-alanine acetyltransferase
IFBJBKOH_02486	gene	450	rimI			
IFBJBKOH_02487	CDS	753	tsaB		COG1214	tRNA threonylcarbamoyladenosine biosynthesis protein TsaB
IFBJBKOH_02487	gene	753	tsaB			
IFBJBKOH_02488	CDS	429	tsaE		COG0802	tRNA threonylcarbamoyladenosine biosynthesis protein TsaE
IFBJBKOH_02488	gene	429	tsaE			
IFBJBKOH_02489	CDS	2148	yhgF		COG2183	Protein YhgF
IFBJBKOH_02489	gene	2148	yhgF			
IFBJBKOH_02490	CDS	456				hypothetical protein
IFBJBKOH_02490	gene	456				
IFBJBKOH_02491	CDS	366				hypothetical protein
IFBJBKOH_02491	gene	366				
IFBJBKOH_02492	CDS	1242	hom	1.1.1.3	COG0460	Homoserine dehydrogenase
IFBJBKOH_02492	gene	1242	hom			
IFBJBKOH_02493	CDS	444				hypothetical protein
IFBJBKOH_02493	gene	444				
IFBJBKOH_02494	CDS	1017	prfB_1			Peptide chain release factor 2
IFBJBKOH_02494	gene	1017	prfB_1			
IFBJBKOH_02495	CDS	2574	secA_1		COG0653	Protein translocase subunit SecA
IFBJBKOH_02495	gene	2574	secA_1			
IFBJBKOH_02496	CDS	531	hpf		COG1544	Ribosome hibernation promotion factor
IFBJBKOH_02496	gene	531	hpf			
IFBJBKOH_02497	CDS	1500	iap_3	3.4.-.-	COG0791	putative endopeptidase p60
IFBJBKOH_02497	gene	1500	iap_3			
IFBJBKOH_02498	CDS	924	trxB_1	1.8.1.9		Thioredoxin reductase
IFBJBKOH_02498	gene	924	trxB_1			
IFBJBKOH_02499	CDS	732	fabG_1	1.1.1.100		3-oxoacyl-[acyl-carrier-protein] reductase FabG
IFBJBKOH_02499	gene	732	fabG_1			
IFBJBKOH_02500	CDS	456				hypothetical protein
IFBJBKOH_02500	gene	456				
IFBJBKOH_02501	CDS	393	rpsI			30S ribosomal protein S9
IFBJBKOH_02501	gene	393	rpsI			
IFBJBKOH_02502	CDS	429	rplM		COG0102	50S ribosomal protein L13
IFBJBKOH_02502	gene	429	rplM			
IFBJBKOH_02503	CDS	744	truA_1	5.4.99.12	COG0101	tRNA pseudouridine synthase A
IFBJBKOH_02503	gene	744	truA_1			
IFBJBKOH_02504	CDS	801	ecfT_1		COG0619	Energy-coupling factor transporter transmembrane protein EcfT
IFBJBKOH_02504	gene	801	ecfT_1			
IFBJBKOH_02505	CDS	879	ecfA2_1	3.6.3.-	COG1122	Energy-coupling factor transporter ATP-binding protein EcfA2
IFBJBKOH_02505	gene	879	ecfA2_1			
IFBJBKOH_02506	CDS	855	ecfA1_1	3.6.3.-		Energy-coupling factor transporter ATP-binding protein EcfA1
IFBJBKOH_02506	gene	855	ecfA1_1			
IFBJBKOH_02507	CDS	987				hypothetical protein
IFBJBKOH_02507	gene	987				
IFBJBKOH_02508	CDS	996	toxA_3	3.4.22.-		Toxin A
IFBJBKOH_02508	gene	996	toxA_3			
IFBJBKOH_02509	CDS	1251	lytA_8	3.5.1.28		Autolysin
IFBJBKOH_02509	gene	1251	lytA_8			
IFBJBKOH_02510	CDS	537	rplQ			50S ribosomal protein L17
IFBJBKOH_02510	gene	537	rplQ			
IFBJBKOH_02511	CDS	963	rpoA_1	2.7.7.6	COG0202	DNA-directed RNA polymerase subunit alpha
IFBJBKOH_02511	gene	963	rpoA_1			
IFBJBKOH_02512	CDS	594	rpsD		COG0522	30S ribosomal protein S4
IFBJBKOH_02512	gene	594	rpsD			
IFBJBKOH_02513	CDS	405	rpsK		COG0100	30S ribosomal protein S11
IFBJBKOH_02513	gene	405	rpsK			
IFBJBKOH_02514	CDS	369	rpsM		COG0099	30S ribosomal protein S13
IFBJBKOH_02514	gene	369	rpsM			
IFBJBKOH_02515	CDS	219	infA		COG0361	Translation initiation factor IF-1
IFBJBKOH_02515	gene	219	infA			
IFBJBKOH_02516	CDS	264				hypothetical protein
IFBJBKOH_02516	gene	264				
IFBJBKOH_02517	CDS	747	map_1	3.4.11.18	COG0024	Methionine aminopeptidase 1
IFBJBKOH_02517	gene	747	map_1			
IFBJBKOH_02518	CDS	645	adk	2.7.4.3		Adenylate kinase
IFBJBKOH_02518	gene	645	adk			
IFBJBKOH_02519	CDS	1317	secY		COG0201	Protein translocase subunit SecY
IFBJBKOH_02519	gene	1317	secY			
IFBJBKOH_02520	CDS	441	rplO		COG0200	50S ribosomal protein L15
IFBJBKOH_02520	gene	441	rplO			
IFBJBKOH_02521	CDS	183	rpmD			50S ribosomal protein L30
IFBJBKOH_02521	gene	183	rpmD			
IFBJBKOH_02522	CDS	510	rpsE		COG0098	30S ribosomal protein S5
IFBJBKOH_02522	gene	510	rpsE			
IFBJBKOH_02523	CDS	369	rplR		COG0256	50S ribosomal protein L18
IFBJBKOH_02523	gene	369	rplR			
IFBJBKOH_02524	CDS	543	rplF			50S ribosomal protein L6
IFBJBKOH_02524	gene	543	rplF			
IFBJBKOH_02525	CDS	402	rpsH		COG0096	30S ribosomal protein S8
IFBJBKOH_02525	gene	402	rpsH			
IFBJBKOH_02526	CDS	186	rpsZ		COG0199	30S ribosomal protein S14 type Z
IFBJBKOH_02526	gene	186	rpsZ			
IFBJBKOH_02527	CDS	540	rplE			50S ribosomal protein L5
IFBJBKOH_02527	gene	540	rplE			
IFBJBKOH_02528	CDS	306	rplX		COG0198	50S ribosomal protein L24
IFBJBKOH_02528	gene	306	rplX			
IFBJBKOH_02529	CDS	369	rplN			50S ribosomal protein L14
IFBJBKOH_02529	gene	369	rplN			
IFBJBKOH_02530	CDS	255	rpsQ			30S ribosomal protein S17
IFBJBKOH_02530	gene	255	rpsQ			
IFBJBKOH_02531	CDS	204	rpmC			50S ribosomal protein L29
IFBJBKOH_02531	gene	204	rpmC			
IFBJBKOH_02532	CDS	438	rplP		COG0197	50S ribosomal protein L16
IFBJBKOH_02532	gene	438	rplP			
IFBJBKOH_02533	CDS	657	rpsC		COG0092	30S ribosomal protein S3
IFBJBKOH_02533	gene	657	rpsC			
IFBJBKOH_02534	CDS	387	rplV		COG0091	50S ribosomal protein L22
IFBJBKOH_02534	gene	387	rplV			
IFBJBKOH_02535	CDS	285	rpsS			30S ribosomal protein S19
IFBJBKOH_02535	gene	285	rpsS			
IFBJBKOH_02536	CDS	846	rplB		COG0090	50S ribosomal protein L2
IFBJBKOH_02536	gene	846	rplB			
IFBJBKOH_02537	CDS	300	rplW			50S ribosomal protein L23
IFBJBKOH_02537	gene	300	rplW			
IFBJBKOH_02538	CDS	621	rplD			50S ribosomal protein L4
IFBJBKOH_02538	gene	621	rplD			
IFBJBKOH_02539	CDS	636	rplC		COG0087	50S ribosomal protein L3
IFBJBKOH_02539	gene	636	rplC			
IFBJBKOH_02540	CDS	318	rpsJ		COG0051	30S ribosomal protein S10
IFBJBKOH_02540	gene	318	rpsJ			
IFBJBKOH_02541	CDS	1356	lytA_9	3.5.1.28		Autolysin
IFBJBKOH_02541	gene	1356	lytA_9			
IFBJBKOH_02542	CDS	861	rlmK	2.1.1.264	COG1092	Ribosomal RNA large subunit methyltransferase K
IFBJBKOH_02542	gene	861	rlmK			
IFBJBKOH_02543	CDS	306				hypothetical protein
IFBJBKOH_02543	gene	306				
IFBJBKOH_02544	CDS	891	aprX_1	3.4.21.-	COG1404	Serine protease AprX
IFBJBKOH_02544	gene	891	aprX_1			
IFBJBKOH_02545	CDS	1767	ade_2	3.5.4.2	COG1001	Adenine deaminase
IFBJBKOH_02545	gene	1767	ade_2			
IFBJBKOH_02546	tRNA	76				tRNA-Val(cac)
IFBJBKOH_02546	gene	76				
IFBJBKOH_02547	CDS	618		3.1.3.-	COG1011	D-ribitol-5-phosphate phosphatase
IFBJBKOH_02547	gene	618				
IFBJBKOH_02548	CDS	279	yajC_2		COG1862	Sec translocon accessory complex subunit YajC
IFBJBKOH_02548	gene	279	yajC_2			
IFBJBKOH_02549	CDS	1161	tgt	2.4.2.29		Queuine tRNA-ribosyltransferase
IFBJBKOH_02549	gene	1161	tgt			
IFBJBKOH_02550	CDS	1401	albA_2	1.21.98.-	COG0535	Antilisterial bacteriocin subtilosin biosynthesis protein AlbA
IFBJBKOH_02550	gene	1401	albA_2			
IFBJBKOH_02551	CDS	147				hypothetical protein
IFBJBKOH_02551	gene	147				
IFBJBKOH_02552	CDS	360				hypothetical protein
IFBJBKOH_02552	gene	360				
IFBJBKOH_02553	CDS	498	lspA_1	3.4.23.36	COG0597	Lipoprotein signal peptidase
IFBJBKOH_02553	gene	498	lspA_1			
IFBJBKOH_02554	CDS	1752				hypothetical protein
IFBJBKOH_02554	gene	1752				
IFBJBKOH_02555	CDS	1434	clpX_2		COG1219	ATP-dependent Clp protease ATP-binding subunit ClpX
IFBJBKOH_02555	gene	1434	clpX_2			
IFBJBKOH_02556	CDS	1428	htrB	3.4.21.107	COG0265	Serine protease Do-like HtrB
IFBJBKOH_02556	gene	1428	htrB			
IFBJBKOH_02557	CDS	2424	tagU_1	2.7.8.-	COG1316	Polyisoprenyl-teichoic acid--peptidoglycan teichoic acid transferase TagU
IFBJBKOH_02557	gene	2424	tagU_1			
IFBJBKOH_02558	CDS	1419	wcaJ	2.7.8.31	COG2148	UDP-glucose:undecaprenyl-phosphate glucose-1-phosphate transferase
IFBJBKOH_02558	gene	1419	wcaJ			
IFBJBKOH_02559	CDS	1095	wbbL	2.4.1.289	COG1216	N-acetylglucosaminyl-diphospho-decaprenol L-rhamnosyltransferase
IFBJBKOH_02559	gene	1095	wbbL			
IFBJBKOH_02560	CDS	2229	hyaD	2.4.1.212		Hyaluronan synthase
IFBJBKOH_02560	gene	2229	hyaD			
IFBJBKOH_02561	CDS	966	yfdH_1	2.4.1.-	COG0463	Prophage bactoprenol glucosyl transferase 
IFBJBKOH_02561	gene	966	yfdH_1			
IFBJBKOH_02562	CDS	954	tll	1.1.1.339		dTDP-6-deoxy-L-talose 4-dehydrogenase (NAD(+))
IFBJBKOH_02562	gene	954	tll			
IFBJBKOH_02563	CDS	1134	ubiG	2.1.1.222		Ubiquinone biosynthesis O-methyltransferase
IFBJBKOH_02563	gene	1134	ubiG			
IFBJBKOH_02564	CDS	996	rmd	1.1.1.281		GDP-6-deoxy-D-mannose reductase
IFBJBKOH_02564	gene	996	rmd			
IFBJBKOH_02565	CDS	2007	ilvB_2	2.2.1.6	COG0028	Acetolactate synthase large subunit
IFBJBKOH_02565	gene	2007	ilvB_2			
IFBJBKOH_02566	CDS	1377	toxA_4	3.4.22.-		Toxin A
IFBJBKOH_02566	gene	1377	toxA_4			
IFBJBKOH_02567	CDS	534				hypothetical protein
IFBJBKOH_02567	gene	534				
IFBJBKOH_02568	CDS	606	cmk_4	2.7.4.25		Cytidylate kinase
IFBJBKOH_02568	gene	606	cmk_4			
IFBJBKOH_02569	CDS	747	natR_1		COG3279	Transcriptional regulatory protein NatR
IFBJBKOH_02569	gene	747	natR_1			
IFBJBKOH_02570	CDS	624	uppS_1	2.5.1.31	COG0020	Ditrans,polycis-undecaprenyl-diphosphate synthase ((2E,6E)-farnesyl-diphosphate specific)
IFBJBKOH_02570	gene	624	uppS_1			
IFBJBKOH_02571	CDS	1002				hypothetical protein
IFBJBKOH_02571	gene	1002				
IFBJBKOH_02572	CDS	1017				hypothetical protein
IFBJBKOH_02572	gene	1017				
IFBJBKOH_02573	CDS	249				hypothetical protein
IFBJBKOH_02573	gene	249				
IFBJBKOH_02574	CDS	327				hypothetical protein
IFBJBKOH_02574	gene	327				
IFBJBKOH_02575	CDS	585	purR_3		COG1609	HTH-type transcriptional repressor PurR
IFBJBKOH_02575	gene	585	purR_3			
IFBJBKOH_02576	CDS	441	degA_2		COG1609	HTH-type transcriptional regulator DegA
IFBJBKOH_02576	gene	441	degA_2			
IFBJBKOH_02577	CDS	1983	nadB_1	1.4.3.16	COG0029	L-aspartate oxidase
IFBJBKOH_02577	gene	1983	nadB_1			
IFBJBKOH_02578	CDS	267	fabG_2	1.1.1.100		3-oxoacyl-[acyl-carrier-protein] reductase FabG
IFBJBKOH_02578	gene	267	fabG_2			
IFBJBKOH_02579	CDS	399	butA	1.1.1.304		Diacetyl reductase [(S)-acetoin forming]
IFBJBKOH_02579	gene	399	butA			
IFBJBKOH_02580	CDS	1293	siaM_4		COG1593	Sialic acid TRAP transporter large permease protein SiaM
IFBJBKOH_02580	gene	1293	siaM_4			
IFBJBKOH_02581	CDS	1464				hypothetical protein
IFBJBKOH_02581	gene	1464				
IFBJBKOH_02582	CDS	540	siaT_1		COG1593	Sialic acid TRAP transporter permease protein SiaT
IFBJBKOH_02582	gene	540	siaT_1			
IFBJBKOH_02583	CDS	807			COG1638	Solute-binding protein
IFBJBKOH_02583	gene	807				
IFBJBKOH_02584	CDS	309				hypothetical protein
IFBJBKOH_02584	gene	309				
IFBJBKOH_02585	CDS	528	kduD_2	1.1.1.127		2-dehydro-3-deoxy-D-gluconate 5-dehydrogenase
IFBJBKOH_02585	gene	528	kduD_2			
IFBJBKOH_02586	CDS	1284			COG1145	Ferredoxin
IFBJBKOH_02586	gene	1284				
IFBJBKOH_02587	CDS	405				hypothetical protein
IFBJBKOH_02587	gene	405				
IFBJBKOH_02588	CDS	765				hypothetical protein
IFBJBKOH_02588	gene	765				
IFBJBKOH_02589	CDS	981	lytA_10	3.5.1.28		Autolysin
IFBJBKOH_02589	gene	981	lytA_10			
IFBJBKOH_02590	CDS	1989	cloSI	3.4.22.8		Clostripain
IFBJBKOH_02590	gene	1989	cloSI			
IFBJBKOH_02591	CDS	3162				hypothetical protein
IFBJBKOH_02591	gene	3162				
IFBJBKOH_02592	CDS	546				hypothetical protein
IFBJBKOH_02592	gene	546				
IFBJBKOH_02593	CDS	417				hypothetical protein
IFBJBKOH_02593	gene	417				
IFBJBKOH_02594	CDS	246				hypothetical protein
IFBJBKOH_02594	gene	246				
IFBJBKOH_02595	CDS	174				hypothetical protein
IFBJBKOH_02595	gene	174				
IFBJBKOH_02596	CDS	933				hypothetical protein
IFBJBKOH_02596	gene	933				
IFBJBKOH_02597	CDS	249				hypothetical protein
IFBJBKOH_02597	gene	249				
IFBJBKOH_02598	CDS	360				hypothetical protein
IFBJBKOH_02598	gene	360				
IFBJBKOH_02599	CDS	117				hypothetical protein
IFBJBKOH_02599	gene	117				
IFBJBKOH_02600	CDS	645				hypothetical protein
IFBJBKOH_02600	gene	645				
IFBJBKOH_02601	CDS	1359				hypothetical protein
IFBJBKOH_02601	gene	1359				
IFBJBKOH_02602	CDS	1275				hypothetical protein
IFBJBKOH_02602	gene	1275				
IFBJBKOH_02603	CDS	1434	mepA_9		COG0534	Multidrug export protein MepA
IFBJBKOH_02603	gene	1434	mepA_9			
IFBJBKOH_02604	CDS	822	nifH1	1.18.6.1		Nitrogenase iron protein 1
IFBJBKOH_02604	gene	822	nifH1			
IFBJBKOH_02605	CDS	1155	nifD	1.18.6.1		Nitrogenase molybdenum-iron protein alpha chain
IFBJBKOH_02605	gene	1155	nifD			
IFBJBKOH_02606	CDS	495				hypothetical protein
IFBJBKOH_02606	gene	495				
IFBJBKOH_02607	CDS	1824			COG1132	putative ABC transporter ATP-binding protein
IFBJBKOH_02607	gene	1824				
IFBJBKOH_02608	CDS	1734			COG1132	putative ABC transporter ATP-binding protein
IFBJBKOH_02608	gene	1734				
IFBJBKOH_02609	CDS	825	cynR_8			HTH-type transcriptional regulator CynR
IFBJBKOH_02609	gene	825	cynR_8			
IFBJBKOH_02610	CDS	882				hypothetical protein
IFBJBKOH_02610	gene	882				
IFBJBKOH_02611	CDS	1419	yjmB_1		COG2211	putative symporter YjmB
IFBJBKOH_02611	gene	1419	yjmB_1			
IFBJBKOH_02612	CDS	807	fabG_3	1.1.1.100		3-oxoacyl-[acyl-carrier-protein] reductase FabG
IFBJBKOH_02612	gene	807	fabG_3			
IFBJBKOH_02613	CDS	882				hypothetical protein
IFBJBKOH_02613	gene	882				
IFBJBKOH_02614	CDS	849				hypothetical protein
IFBJBKOH_02614	gene	849				
IFBJBKOH_02615	CDS	552				hypothetical protein
IFBJBKOH_02615	gene	552				
IFBJBKOH_02616	CDS	1215				hypothetical protein
IFBJBKOH_02616	gene	1215				
IFBJBKOH_02617	CDS	330				hypothetical protein
IFBJBKOH_02617	gene	330				
IFBJBKOH_02618	CDS	189				hypothetical protein
IFBJBKOH_02618	gene	189				
IFBJBKOH_02619	CDS	909				hypothetical protein
IFBJBKOH_02619	gene	909				
IFBJBKOH_02620	CDS	459				hypothetical protein
IFBJBKOH_02620	gene	459				
IFBJBKOH_02621	CDS	759	nikB		COG0601	Nickel transport system permease protein NikB
IFBJBKOH_02621	gene	759	nikB			
IFBJBKOH_02622	CDS	933	gsiD_2		COG1173	Glutathione transport system permease protein GsiD
IFBJBKOH_02622	gene	933	gsiD_2			
IFBJBKOH_02623	CDS	357	yejF		COG4172	putative ABC transporter ATP-binding protein YejF
IFBJBKOH_02623	gene	357	yejF			
IFBJBKOH_02624	CDS	492	oppD_4		COG0444	Oligopeptide transport ATP-binding protein OppD
IFBJBKOH_02624	gene	492	oppD_4			
IFBJBKOH_02625	CDS	948	oppF_3		COG4608	Oligopeptide transport ATP-binding protein OppF
IFBJBKOH_02625	gene	948	oppF_3			
IFBJBKOH_02626	CDS	561				hypothetical protein
IFBJBKOH_02626	gene	561				
IFBJBKOH_02627	CDS	453	ohrR			Organic hydroperoxide resistance transcriptional regulator
IFBJBKOH_02627	gene	453	ohrR			
IFBJBKOH_02628	CDS	2244				hypothetical protein
IFBJBKOH_02628	gene	2244				
IFBJBKOH_02629	CDS	717				hypothetical protein
IFBJBKOH_02629	gene	717				
IFBJBKOH_02630	CDS	243				hypothetical protein
IFBJBKOH_02630	gene	243				
IFBJBKOH_02631	CDS	1602	mobA_3			Mobilization protein A
IFBJBKOH_02631	gene	1602	mobA_3			
IFBJBKOH_02632	CDS	198				hypothetical protein
IFBJBKOH_02632	gene	198				
IFBJBKOH_02633	CDS	921	ltrA_14		COG3344	Group II intron-encoded protein LtrA
IFBJBKOH_02633	gene	921	ltrA_14			
IFBJBKOH_02634	CDS	393				hypothetical protein
IFBJBKOH_02634	gene	393				
IFBJBKOH_02635	CDS	930				hypothetical protein
IFBJBKOH_02635	gene	930				
IFBJBKOH_02636	CDS	933				hypothetical protein
IFBJBKOH_02636	gene	933				
IFBJBKOH_02637	CDS	1173	nagA_1	3.5.1.25	COG1820	N-acetylglucosamine-6-phosphate deacetylase
IFBJBKOH_02637	gene	1173	nagA_1			
IFBJBKOH_02638	CDS	1494	larA_4	5.1.2.1	COG3875	Lactate racemase
IFBJBKOH_02638	gene	1494	larA_4			
IFBJBKOH_02639	CDS	1335				hypothetical protein
IFBJBKOH_02639	gene	1335				
IFBJBKOH_02640	CDS	837	tpiA_3	5.3.1.1	COG0149	Triosephosphate isomerase
IFBJBKOH_02640	gene	837	tpiA_3			
IFBJBKOH_02641	CDS	1182	pfp_5	2.7.1.90	COG0205	Pyrophosphate--fructose 6-phosphate 1-phosphotransferase
IFBJBKOH_02641	gene	1182	pfp_5			
IFBJBKOH_02642	CDS	1152	fda_2	4.1.2.13	COG0191	Fructose-bisphosphate aldolase
IFBJBKOH_02642	gene	1152	fda_2			
IFBJBKOH_02643	CDS	822	nagB_1	3.5.99.6	COG0363	Glucosamine-6-phosphate deaminase 1
IFBJBKOH_02643	gene	822	nagB_1			
IFBJBKOH_02644	CDS	1089	ssuA_3		COG0715	Putative aliphatic sulfonates-binding protein
IFBJBKOH_02644	gene	1089	ssuA_3			
IFBJBKOH_02645	CDS	792	cmpD_1	3.6.3.-	COG1116	Bicarbonate transport ATP-binding protein CmpD
IFBJBKOH_02645	gene	792	cmpD_1			
IFBJBKOH_02646	CDS	804	ssuC_2		COG0600	Putative aliphatic sulfonates transport permease protein SsuC
IFBJBKOH_02646	gene	804	ssuC_2			
IFBJBKOH_02647	CDS	1053	purR_4		COG1609	HTH-type transcriptional repressor PurR
IFBJBKOH_02647	gene	1053	purR_4			
IFBJBKOH_02648	CDS	153				hypothetical protein
IFBJBKOH_02648	gene	153				
IFBJBKOH_02649	CDS	492				hypothetical protein
IFBJBKOH_02649	gene	492				
IFBJBKOH_02650	CDS	849				hypothetical protein
IFBJBKOH_02650	gene	849				
IFBJBKOH_02651	CDS	1557				hypothetical protein
IFBJBKOH_02651	gene	1557				
IFBJBKOH_02652	CDS	747				Insertion sequence IS5376 putative ATP-binding protein
IFBJBKOH_02652	gene	747				
IFBJBKOH_02653	CDS	507				hypothetical protein
IFBJBKOH_02653	gene	507				
IFBJBKOH_02654	CDS	594				hypothetical protein
IFBJBKOH_02654	gene	594				
IFBJBKOH_02655	CDS	1113				hypothetical protein
IFBJBKOH_02655	gene	1113				
IFBJBKOH_02656	CDS	1716	pgcA_1	5.4.2.2		Phosphoglucomutase
IFBJBKOH_02656	gene	1716	pgcA_1			
IFBJBKOH_02657	CDS	540	manC1	2.7.7.13	COG0662	Mannose-1-phosphate guanylyltransferase 1
IFBJBKOH_02657	gene	540	manC1			
IFBJBKOH_02658	CDS	819	wbbD	2.4.1.303	COG0463	UDP-Gal:alpha-D-GlcNAc-diphosphoundecaprenol beta-1,3-galactosyltransferase
IFBJBKOH_02658	gene	819	wbbD			
IFBJBKOH_02659	CDS	1233				hypothetical protein
IFBJBKOH_02659	gene	1233				
IFBJBKOH_02660	CDS	1209	fucT	2.4.1.152		Alpha-(1,3)-fucosyltransferase FucT
IFBJBKOH_02660	gene	1209	fucT			
IFBJBKOH_02661	CDS	1578	epsJ_2	2.4.-.-	COG0463	putative glycosyltransferase EpsJ
IFBJBKOH_02661	gene	1578	epsJ_2			
IFBJBKOH_02662	CDS	1344	algA		COG0662	Alginate biosynthesis protein AlgA
IFBJBKOH_02662	gene	1344	algA			
IFBJBKOH_02663	CDS	888	fas3			putative 33.6 kDa protein in fasciation locus
IFBJBKOH_02663	gene	888	fas3			
IFBJBKOH_02664	CDS	537	nudF_2	3.6.1.13	COG0494	ADP-ribose pyrophosphatase
IFBJBKOH_02664	gene	537	nudF_2			
IFBJBKOH_02665	CDS	783	fas2			Ferredoxin fas2
IFBJBKOH_02665	gene	783	fas2			
IFBJBKOH_02666	CDS	1020		4.1.3.39		4-hydroxy-2-oxovalerate aldolase
IFBJBKOH_02666	gene	1020				
IFBJBKOH_02667	CDS	1215				hypothetical protein
IFBJBKOH_02667	gene	1215				
IFBJBKOH_02668	CDS	1800	ilvB_3	2.2.1.6	COG0028	Acetolactate synthase large subunit
IFBJBKOH_02668	gene	1800	ilvB_3			
IFBJBKOH_02669	CDS	825	ytbE	1.-.-.-	COG0656	putative oxidoreductase YtbE
IFBJBKOH_02669	gene	825	ytbE			
IFBJBKOH_02670	CDS	924	fcl	1.1.1.271	COG0451	GDP-L-fucose synthase
IFBJBKOH_02670	gene	924	fcl			
IFBJBKOH_02671	CDS	1173	colD_1	4.2.1.168		GDP-4-keto-6-deoxy-D-mannose 3-dehydratase
IFBJBKOH_02671	gene	1173	colD_1			
IFBJBKOH_02672	CDS	1041	gmd	4.2.1.47	COG1089	GDP-mannose 4,6-dehydratase
IFBJBKOH_02672	gene	1041	gmd			
IFBJBKOH_02673	CDS	1173				hypothetical protein
IFBJBKOH_02673	gene	1173				
IFBJBKOH_02674	CDS	750	tagH_1	3.6.3.40	COG1134	Teichoic acids export ATP-binding protein TagH
IFBJBKOH_02674	gene	750	tagH_1			
IFBJBKOH_02675	CDS	789	tagG_1		COG1682	Teichoic acid translocation permease protein TagG
IFBJBKOH_02675	gene	789	tagG_1			
IFBJBKOH_02676	CDS	1038	epsJ_3	2.4.-.-	COG0463	putative glycosyltransferase EpsJ
IFBJBKOH_02676	gene	1038	epsJ_3			
IFBJBKOH_02677	CDS	1203	wecA	2.7.8.40		UDP-N-acetylgalactosamine-undecaprenyl-phosphate N-acetylgalactosaminephosphotransferase
IFBJBKOH_02677	gene	1203	wecA			
IFBJBKOH_02678	CDS	1608				hypothetical protein
IFBJBKOH_02678	gene	1608				
IFBJBKOH_02679	CDS	1548				hypothetical protein
IFBJBKOH_02679	gene	1548				
IFBJBKOH_02680	CDS	339				hypothetical protein
IFBJBKOH_02680	gene	339				
IFBJBKOH_02681	CDS	387				hypothetical protein
IFBJBKOH_02681	gene	387				
IFBJBKOH_02682	CDS	1155	lytB_2	3.2.1.96	COG4193	Putative endo-beta-N-acetylglucosaminidase
IFBJBKOH_02682	gene	1155	lytB_2			
IFBJBKOH_02683	CDS	1725	lytB_3	3.2.1.96	COG4193	Putative endo-beta-N-acetylglucosaminidase
IFBJBKOH_02683	gene	1725	lytB_3			
IFBJBKOH_02684	CDS	1338	uxaB_2	1.1.1.58	COG0246	Altronate oxidoreductase
IFBJBKOH_02684	gene	1338	uxaB_2			
IFBJBKOH_02685	CDS	231				hypothetical protein
IFBJBKOH_02685	gene	231				
IFBJBKOH_02686	CDS	375	rplL			50S ribosomal protein L7/L12
IFBJBKOH_02686	gene	375	rplL			
IFBJBKOH_02687	CDS	501	rplJ		COG0244	50S ribosomal protein L10
IFBJBKOH_02687	gene	501	rplJ			
IFBJBKOH_02688	CDS	696	rplA			50S ribosomal protein L1
IFBJBKOH_02688	gene	696	rplA			
IFBJBKOH_02689	CDS	426	rplK		COG0080	50S ribosomal protein L11
IFBJBKOH_02689	gene	426	rplK			
IFBJBKOH_02690	CDS	519	nusG_2			Transcription termination/antitermination protein NusG
IFBJBKOH_02690	gene	519	nusG_2			
IFBJBKOH_02691	CDS	261	secE		COG0690	Protein translocase subunit SecE
IFBJBKOH_02691	gene	261	secE			
IFBJBKOH_02692	CDS	774	pyrE_2	2.4.2.10		Orotate phosphoribosyltransferase
IFBJBKOH_02692	gene	774	pyrE_2			
IFBJBKOH_02693	CDS	2292	recD2_1	3.6.4.12	COG0507	ATP-dependent RecD-like DNA helicase
IFBJBKOH_02693	gene	2292	recD2_1			
IFBJBKOH_02694	CDS	1044	mreB		COG1077	Rod shape-determining protein MreB
IFBJBKOH_02694	gene	1044	mreB			
IFBJBKOH_02695	CDS	1902	toxA_5	3.4.22.-		Toxin A
IFBJBKOH_02695	gene	1902	toxA_5			
IFBJBKOH_02696	CDS	969	lytB_4	3.2.1.96	COG4193	Putative endo-beta-N-acetylglucosaminidase
IFBJBKOH_02696	gene	969	lytB_4			
IFBJBKOH_02697	CDS	870	xerD_8			Tyrosine recombinase XerD
IFBJBKOH_02697	gene	870	xerD_8			
IFBJBKOH_02698	CDS	846	xerD_9			Tyrosine recombinase XerD
IFBJBKOH_02698	gene	846	xerD_9			
IFBJBKOH_02699	CDS	399	xerC_6		COG4973	Tyrosine recombinase XerC
IFBJBKOH_02699	gene	399	xerC_6			
IFBJBKOH_02700	CDS	1146				hypothetical protein
IFBJBKOH_02700	gene	1146				
IFBJBKOH_02701	CDS	1737	pgcA_2	5.4.2.2		Phosphoglucomutase
IFBJBKOH_02701	gene	1737	pgcA_2			
IFBJBKOH_02702	CDS	1119				hypothetical protein
IFBJBKOH_02702	gene	1119				
IFBJBKOH_02703	CDS	609				hypothetical protein
IFBJBKOH_02703	gene	609				
IFBJBKOH_02704	CDS	2064	bglB_2	3.2.1.21	COG1472	Thermostable beta-glucosidase B
IFBJBKOH_02704	gene	2064	bglB_2			
IFBJBKOH_02705	CDS	1338	xylP_3			Isoprimeverose transporter
IFBJBKOH_02705	gene	1338	xylP_3			
IFBJBKOH_02706	CDS	507	trmL	2.1.1.207	COG0219	tRNA (cytidine(34)-2'-O)-methyltransferase
IFBJBKOH_02706	gene	507	trmL			
IFBJBKOH_02707	CDS	1173	patA_1	2.6.1.-	COG0436	Putative N-acetyl-LL-diaminopimelate aminotransferase
IFBJBKOH_02707	gene	1173	patA_1			
IFBJBKOH_02708	CDS	483				hypothetical protein
IFBJBKOH_02708	gene	483				
IFBJBKOH_02709	CDS	594				hypothetical protein
IFBJBKOH_02709	gene	594				
IFBJBKOH_02710	CDS	1599	vanW_1		COG2720	Vancomycin B-type resistance protein VanW
IFBJBKOH_02710	gene	1599	vanW_1			
IFBJBKOH_02711	CDS	111				hypothetical protein
IFBJBKOH_02711	gene	111				
IFBJBKOH_02712	CDS	1332	polC_1	2.7.7.7	COG2176	DNA polymerase III PolC-type
IFBJBKOH_02712	gene	1332	polC_1			
IFBJBKOH_02713	CDS	243				hypothetical protein
IFBJBKOH_02713	gene	243				
IFBJBKOH_02714	CDS	981	rbsC_9		COG1172	Ribose import permease protein RbsC
IFBJBKOH_02714	gene	981	rbsC_9			
IFBJBKOH_02715	CDS	939	rbsC_10		COG1172	Ribose import permease protein RbsC
IFBJBKOH_02715	gene	939	rbsC_10			
IFBJBKOH_02716	CDS	1491	rbsA_4	3.6.3.17	COG1129	Ribose import ATP-binding protein RbsA
IFBJBKOH_02716	gene	1491	rbsA_4			
IFBJBKOH_02717	CDS	696	nth_1	4.2.99.18	COG0177	Endonuclease III
IFBJBKOH_02717	gene	696	nth_1			
IFBJBKOH_02718	CDS	1839	bchE_2	1.21.98.3	COG1032	Anaerobic magnesium-protoporphyrin IX monomethyl ester cyclase
IFBJBKOH_02718	gene	1839	bchE_2			
IFBJBKOH_02719	CDS	495	tadA_1	3.5.4.33		tRNA-specific adenosine deaminase
IFBJBKOH_02719	gene	495	tadA_1			
IFBJBKOH_02720	CDS	243				hypothetical protein
IFBJBKOH_02720	gene	243				
IFBJBKOH_02721	CDS	504				hypothetical protein
IFBJBKOH_02721	gene	504				
IFBJBKOH_02722	CDS	387				hypothetical protein
IFBJBKOH_02722	gene	387				
IFBJBKOH_02723	CDS	1233	trxB_2	1.8.1.9	COG0492	Thioredoxin reductase
IFBJBKOH_02723	gene	1233	trxB_2			
IFBJBKOH_02724	CDS	1461	lhgO	1.1.3.15	COG0579	L-2-hydroxyglutarate oxidase LhgO
IFBJBKOH_02724	gene	1461	lhgO			
IFBJBKOH_02725	CDS	705	pdhR_1		COG2186	Pyruvate dehydrogenase complex repressor
IFBJBKOH_02725	gene	705	pdhR_1			
IFBJBKOH_02726	CDS	1092	ywlC	2.7.7.87	COG0009	Threonylcarbamoyl-AMP synthase
IFBJBKOH_02726	gene	1092	ywlC			
IFBJBKOH_02727	CDS	453	mscL		COG1970	Large-conductance mechanosensitive channel
IFBJBKOH_02727	gene	453	mscL			
IFBJBKOH_02728	CDS	1626	rho	3.6.4.-	COG1158	Transcription termination factor Rho
IFBJBKOH_02728	gene	1626	rho			
IFBJBKOH_02729	CDS	129				hypothetical protein
IFBJBKOH_02729	gene	129				
IFBJBKOH_02730	CDS	417				hypothetical protein
IFBJBKOH_02730	gene	417				
IFBJBKOH_02731	CDS	1365				hypothetical protein
IFBJBKOH_02731	gene	1365				
IFBJBKOH_02732	CDS	870	rcsC_2	2.7.13.3		Sensor histidine kinase RcsC
IFBJBKOH_02732	gene	870	rcsC_2			
IFBJBKOH_02733	CDS	324				hypothetical protein
IFBJBKOH_02733	gene	324				
IFBJBKOH_02734	CDS	744				hypothetical protein
IFBJBKOH_02734	gene	744				
IFBJBKOH_02735	CDS	1833	traC_2			Protein TraC
IFBJBKOH_02735	gene	1833	traC_2			
IFBJBKOH_02736	CDS	696				hypothetical protein
IFBJBKOH_02736	gene	696				
IFBJBKOH_02737	CDS	804				hypothetical protein
IFBJBKOH_02737	gene	804				
IFBJBKOH_02738	CDS	657				hypothetical protein
IFBJBKOH_02738	gene	657				
IFBJBKOH_02739	CDS	1167				hypothetical protein
IFBJBKOH_02739	gene	1167				
IFBJBKOH_02740	CDS	432				hypothetical protein
IFBJBKOH_02740	gene	432				
IFBJBKOH_02741	CDS	402				hypothetical protein
IFBJBKOH_02741	gene	402				
IFBJBKOH_02742	CDS	333				hypothetical protein
IFBJBKOH_02742	gene	333				
IFBJBKOH_02743	CDS	369				hypothetical protein
IFBJBKOH_02743	gene	369				
IFBJBKOH_02744	CDS	1017				hypothetical protein
IFBJBKOH_02744	gene	1017				
IFBJBKOH_02745	CDS	201				hypothetical protein
IFBJBKOH_02745	gene	201				
IFBJBKOH_02746	CDS	1245				hypothetical protein
IFBJBKOH_02746	gene	1245				
IFBJBKOH_02747	CDS	849				hypothetical protein
IFBJBKOH_02747	gene	849				
IFBJBKOH_02748	CDS	1398				hypothetical protein
IFBJBKOH_02748	gene	1398				
IFBJBKOH_02749	CDS	687				hypothetical protein
IFBJBKOH_02749	gene	687				
IFBJBKOH_02750	CDS	201				hypothetical protein
IFBJBKOH_02750	gene	201				
IFBJBKOH_02751	CDS	240				hypothetical protein
IFBJBKOH_02751	gene	240				
IFBJBKOH_02752	CDS	507				hypothetical protein
IFBJBKOH_02752	gene	507				
IFBJBKOH_02753	CDS	312				hypothetical protein
IFBJBKOH_02753	gene	312				
IFBJBKOH_02754	CDS	648				hypothetical protein
IFBJBKOH_02754	gene	648				
IFBJBKOH_02755	CDS	531	agrB_6	3.4.-.-		Accessory gene regulator protein B
IFBJBKOH_02755	gene	531	agrB_6			
IFBJBKOH_02756	CDS	696				hypothetical protein
IFBJBKOH_02756	gene	696				
IFBJBKOH_02757	CDS	705	natR_2		COG3279	Transcriptional regulatory protein NatR
IFBJBKOH_02757	gene	705	natR_2			
IFBJBKOH_02758	CDS	1344				hypothetical protein
IFBJBKOH_02758	gene	1344				
IFBJBKOH_02759	CDS	1317	rarA_1		COG2256	Replication-associated recombination protein A
IFBJBKOH_02759	gene	1317	rarA_1			
IFBJBKOH_02760	CDS	729	pgdA	3.5.1.104	COG0726	Peptidoglycan-N-acetylglucosamine deacetylase
IFBJBKOH_02760	gene	729	pgdA			
IFBJBKOH_02761	CDS	1632	toxA_6	3.4.22.-		Toxin A
IFBJBKOH_02761	gene	1632	toxA_6			
IFBJBKOH_02762	CDS	1062	toxB	3.4.22.-	COG5263	Toxin B
IFBJBKOH_02762	gene	1062	toxB			
IFBJBKOH_02763	CDS	1872	murU	2.7.7.-	COG1208	N-acetylmuramate alpha-1-phosphate uridylyltransferase
IFBJBKOH_02763	gene	1872	murU			
IFBJBKOH_02764	CDS	2115	glnA_2	6.3.1.2		Glutamine synthetase
IFBJBKOH_02764	gene	2115	glnA_2			
IFBJBKOH_02765	CDS	864	fba_2	4.1.2.13		Fructose-bisphosphate aldolase
IFBJBKOH_02765	gene	864	fba_2			
IFBJBKOH_02766	CDS	1497	thrC	4.2.3.1	COG0498	Threonine synthase
IFBJBKOH_02766	gene	1497	thrC			
IFBJBKOH_02767	CDS	747	sfsA		COG1489	Sugar fermentation stimulation protein A
IFBJBKOH_02767	gene	747	sfsA			
IFBJBKOH_02768	CDS	423				hypothetical protein
IFBJBKOH_02768	gene	423				
IFBJBKOH_02769	CDS	240				hypothetical protein
IFBJBKOH_02769	gene	240				
IFBJBKOH_02770	CDS	1233	paaK	6.2.1.30	COG1541	Phenylacetate-coenzyme A ligase
IFBJBKOH_02770	gene	1233	paaK			
IFBJBKOH_02771	CDS	594	padE	1.2.1.58		NADH-dependent phenylglyoxylate dehydrogenase subunit gamma
IFBJBKOH_02771	gene	594	padE			
IFBJBKOH_02772	CDS	1881				hypothetical protein
IFBJBKOH_02772	gene	1881				
IFBJBKOH_02773	CDS	1314	uraA		COG2233	Uracil permease
IFBJBKOH_02773	gene	1314	uraA			
IFBJBKOH_02774	CDS	1998	helY	3.6.4.-	COG4581	putative helicase HelY
IFBJBKOH_02774	gene	1998	helY			
IFBJBKOH_02775	CDS	396				hypothetical protein
IFBJBKOH_02775	gene	396				
IFBJBKOH_02776	CDS	1572	feoB_3		COG0370	Fe(2+) transporter FeoB
IFBJBKOH_02776	gene	1572	feoB_3			
IFBJBKOH_02777	CDS	1068				Sodium-lithium/proton antiporter
IFBJBKOH_02777	gene	1068				
IFBJBKOH_02778	CDS	1203				hypothetical protein
IFBJBKOH_02778	gene	1203				
IFBJBKOH_02779	CDS	591	prfB_2		COG1186	Peptide chain release factor RF2
IFBJBKOH_02779	gene	591	prfB_2			
IFBJBKOH_02780	CDS	591				hypothetical protein
IFBJBKOH_02780	gene	591				
IFBJBKOH_02781	CDS	2148	pepO	3.4.24.-	COG3590	Neutral endopeptidase
IFBJBKOH_02781	gene	2148	pepO			
IFBJBKOH_02782	CDS	1995				hypothetical protein
IFBJBKOH_02782	gene	1995				
IFBJBKOH_02783	CDS	1563	cpdA_2	3.1.4.53		3',5'-cyclic adenosine monophosphate phosphodiesterase CpdA
IFBJBKOH_02783	gene	1563	cpdA_2			
IFBJBKOH_02784	CDS	810				Putative bifunctional phosphatase/peptidyl-prolyl cis-trans isomerase
IFBJBKOH_02784	gene	810				
IFBJBKOH_02785	CDS	585	xpt	2.4.2.22		Xanthine phosphoribosyltransferase
IFBJBKOH_02785	gene	585	xpt			
IFBJBKOH_02786	CDS	1188	tig_2	5.2.1.8	COG0544	Trigger factor
IFBJBKOH_02786	gene	1188	tig_2			
IFBJBKOH_02787	CDS	1395	apeA	3.4.11.-	COG1362	putative M18 family aminopeptidase 1
IFBJBKOH_02787	gene	1395	apeA			
IFBJBKOH_02788	CDS	975				hypothetical protein
IFBJBKOH_02788	gene	975				
IFBJBKOH_02789	CDS	549	yqgN_1		COG0212	putative protein YqgN
IFBJBKOH_02789	gene	549	yqgN_1			
IFBJBKOH_02790	CDS	477	copZ_1		COG2608	Copper chaperone CopZ
IFBJBKOH_02790	gene	477	copZ_1			
IFBJBKOH_02791	CDS	312				hypothetical protein
IFBJBKOH_02791	gene	312				
IFBJBKOH_02792	CDS	495				hypothetical protein
IFBJBKOH_02792	gene	495				
IFBJBKOH_02793	CDS	345				hypothetical protein
IFBJBKOH_02793	gene	345				
IFBJBKOH_02794	CDS	1095		1.8.98.-	COG0641	Anaerobic sulfatase-maturating enzyme
IFBJBKOH_02794	gene	1095				
IFBJBKOH_02795	CDS	1119	araR_2		COG1609	Arabinose metabolism transcriptional repressor
IFBJBKOH_02795	gene	1119	araR_2			
IFBJBKOH_02796	CDS	1359		3.1.6.1	COG3119	Arylsulfatase
IFBJBKOH_02796	gene	1359				
IFBJBKOH_02797	CDS	765				hypothetical protein
IFBJBKOH_02797	gene	765				
IFBJBKOH_02798	CDS	1515				hypothetical protein
IFBJBKOH_02798	gene	1515				
IFBJBKOH_02799	CDS	498				hypothetical protein
IFBJBKOH_02799	gene	498				
IFBJBKOH_02800	CDS	963				hypothetical protein
IFBJBKOH_02800	gene	963				
IFBJBKOH_02801	CDS	171				hypothetical protein
IFBJBKOH_02801	gene	171				
IFBJBKOH_02802	CDS	759				hypothetical protein
IFBJBKOH_02802	gene	759				
IFBJBKOH_02803	CDS	111				hypothetical protein
IFBJBKOH_02803	gene	111				
IFBJBKOH_02804	CDS	138				hypothetical protein
IFBJBKOH_02804	gene	138				
IFBJBKOH_02805	CDS	246	yhcG_2	3.1.-.-	COG4804	Putative nuclease YhcG
IFBJBKOH_02805	gene	246	yhcG_2			
IFBJBKOH_02806	CDS	198				hypothetical protein
IFBJBKOH_02806	gene	198				
IFBJBKOH_02807	CDS	495				hypothetical protein
IFBJBKOH_02807	gene	495				
IFBJBKOH_02808	CDS	600				hypothetical protein
IFBJBKOH_02808	gene	600				
IFBJBKOH_02809	CDS	1911				hypothetical protein
IFBJBKOH_02809	gene	1911				
IFBJBKOH_02810	CDS	504				hypothetical protein
IFBJBKOH_02810	gene	504				
IFBJBKOH_02811	CDS	747	tnpR_1			Transposon Tn3 resolvase
IFBJBKOH_02811	gene	747	tnpR_1			
IFBJBKOH_02812	CDS	1281	tnpR_2			Transposon Tn3 resolvase
IFBJBKOH_02812	gene	1281	tnpR_2			
IFBJBKOH_02813	CDS	162				hypothetical protein
IFBJBKOH_02813	gene	162				
IFBJBKOH_02814	CDS	252				hypothetical protein
IFBJBKOH_02814	gene	252				
IFBJBKOH_02815	CDS	1158				hypothetical protein
IFBJBKOH_02815	gene	1158				
IFBJBKOH_02816	CDS	186				hypothetical protein
IFBJBKOH_02816	gene	186				
IFBJBKOH_02817	CDS	654	kdpD_1	2.7.13.3	COG2205	Sensor protein KdpD
IFBJBKOH_02817	gene	654	kdpD_1			
IFBJBKOH_02818	CDS	606	kdpC		COG2156	Potassium-transporting ATPase KdpC subunit
IFBJBKOH_02818	gene	606	kdpC			
IFBJBKOH_02819	CDS	708	kdpB_1	3.6.3.12	COG2216	Potassium-transporting ATPase ATP-binding subunit
IFBJBKOH_02819	gene	708	kdpB_1			
IFBJBKOH_02820	CDS	1299	kdpB_2	3.6.3.12	COG2216	Potassium-transporting ATPase ATP-binding subunit
IFBJBKOH_02820	gene	1299	kdpB_2			
IFBJBKOH_02821	CDS	1752	kdpA		COG2060	Potassium-transporting ATPase potassium-binding subunit
IFBJBKOH_02821	gene	1752	kdpA			
IFBJBKOH_02822	CDS	90				hypothetical protein
IFBJBKOH_02822	gene	90				
IFBJBKOH_02823	CDS	942	rihA_1	3.2.-.-	COG1957	Pyrimidine-specific ribonucleoside hydrolase RihA
IFBJBKOH_02823	gene	942	rihA_1			
IFBJBKOH_02824	CDS	771	deoD_1	2.4.2.1	COG0813	Purine nucleoside phosphorylase DeoD-type
IFBJBKOH_02824	gene	771	deoD_1			
IFBJBKOH_02825	CDS	768	yurK_3		COG2188	putative HTH-type transcriptional regulator YurK
IFBJBKOH_02825	gene	768	yurK_3			
IFBJBKOH_02826	CDS	906				hypothetical protein
IFBJBKOH_02826	gene	906				
IFBJBKOH_02827	CDS	1104				hypothetical protein
IFBJBKOH_02827	gene	1104				
IFBJBKOH_02828	CDS	1521	mglA_5	3.6.3.17	COG1129	Galactose/methyl galactoside import ATP-binding protein MglA
IFBJBKOH_02828	gene	1521	mglA_5			
IFBJBKOH_02829	CDS	1086	tmpC_1		COG1744	Membrane lipoprotein TmpC
IFBJBKOH_02829	gene	1086	tmpC_1			
IFBJBKOH_02830	CDS	483	cutS	1.2.5.3		Carbon monoxide dehydrogenase small chain
IFBJBKOH_02830	gene	483	cutS			
IFBJBKOH_02831	CDS	891	ndhF_2	1.17.1.5		Nicotinate dehydrogenase FAD-subunit
IFBJBKOH_02831	gene	891	ndhF_2			
IFBJBKOH_02832	CDS	888	xdhA_2	1.17.1.4	COG1529	Putative xanthine dehydrogenase molybdenum-binding subunit XdhA
IFBJBKOH_02832	gene	888	xdhA_2			
IFBJBKOH_02833	CDS	1446	xdhA_3	1.17.1.4	COG1529	Putative xanthine dehydrogenase molybdenum-binding subunit XdhA
IFBJBKOH_02833	gene	1446	xdhA_3			
IFBJBKOH_02834	CDS	753				hypothetical protein
IFBJBKOH_02834	gene	753				
IFBJBKOH_02835	CDS	1317	atzA_2	3.8.1.8		Atrazine chlorohydrolase
IFBJBKOH_02835	gene	1317	atzA_2			
IFBJBKOH_02836	CDS	447				hypothetical protein
IFBJBKOH_02836	gene	447				
IFBJBKOH_02837	CDS	870				hypothetical protein
IFBJBKOH_02837	gene	870				
IFBJBKOH_02838	CDS	744				hypothetical protein
IFBJBKOH_02838	gene	744				
IFBJBKOH_02839	CDS	1974	gyrB_1	5.99.1.3	COG0187	DNA gyrase subunit B
IFBJBKOH_02839	gene	1974	gyrB_1			
IFBJBKOH_02840	CDS	936	catM_1			HTH-type transcriptional regulator CatM
IFBJBKOH_02840	gene	936	catM_1			
IFBJBKOH_02841	CDS	876		5.1.3.30	COG1082	D-psicose 3-epimerase
IFBJBKOH_02841	gene	876				
IFBJBKOH_02842	CDS	939	rihB_1	3.2.2.8	COG1957	Pyrimidine-specific ribonucleoside hydrolase RihB
IFBJBKOH_02842	gene	939	rihB_1			
IFBJBKOH_02843	CDS	1482	xylB_4	2.7.1.17	COG1070	Xylulose kinase
IFBJBKOH_02843	gene	1482	xylB_4			
IFBJBKOH_02844	CDS	984	rbsC_11		COG1172	Ribose import permease protein RbsC
IFBJBKOH_02844	gene	984	rbsC_11			
IFBJBKOH_02845	CDS	1497	mglA_6	3.6.3.17	COG1129	Galactose/methyl galactoside import ATP-binding protein MglA
IFBJBKOH_02845	gene	1497	mglA_6			
IFBJBKOH_02846	CDS	1050	rbsB_7		COG1879	Ribose import binding protein RbsB
IFBJBKOH_02846	gene	1050	rbsB_7			
IFBJBKOH_02847	CDS	207				hypothetical protein
IFBJBKOH_02847	gene	207				
IFBJBKOH_02848	CDS	1800	ltrA_15		COG3344	Group II intron-encoded protein LtrA
IFBJBKOH_02848	gene	1800	ltrA_15			
IFBJBKOH_02849	CDS	657	nagC_2		COG1940	N-acetylglucosamine repressor
IFBJBKOH_02849	gene	657	nagC_2			
IFBJBKOH_02850	CDS	504				hypothetical protein
IFBJBKOH_02850	gene	504				
IFBJBKOH_02851	CDS	117				hypothetical protein
IFBJBKOH_02851	gene	117				
IFBJBKOH_02852	CDS	594	yqgN_2		COG0212	putative protein YqgN
IFBJBKOH_02852	gene	594	yqgN_2			
IFBJBKOH_02853	CDS	456	copZ_2		COG2608	Copper chaperone CopZ
IFBJBKOH_02853	gene	456	copZ_2			
IFBJBKOH_02854	CDS	1485	opuD		COG1292	Glycine betaine transporter OpuD
IFBJBKOH_02854	gene	1485	opuD			
IFBJBKOH_02855	CDS	1053	grdH	1.21.4.4		Betaine reductase complex component B subunit beta
IFBJBKOH_02855	gene	1053	grdH			
IFBJBKOH_02856	CDS	1326	grdI	1.21.4.4		Betaine reductase complex component B subunit alpha
IFBJBKOH_02856	gene	1326	grdI			
IFBJBKOH_02857	CDS	219				hypothetical protein
IFBJBKOH_02857	gene	219				
IFBJBKOH_02858	CDS	384				hypothetical protein
IFBJBKOH_02858	gene	384				
IFBJBKOH_02859	CDS	714				hypothetical protein
IFBJBKOH_02859	gene	714				
IFBJBKOH_02860	CDS	495				hypothetical protein
IFBJBKOH_02860	gene	495				
IFBJBKOH_02861	CDS	294				hypothetical protein
IFBJBKOH_02861	gene	294				
IFBJBKOH_02862	CDS	660				hypothetical protein
IFBJBKOH_02862	gene	660				
IFBJBKOH_02863	CDS	552				hypothetical protein
IFBJBKOH_02863	gene	552				
IFBJBKOH_02864	CDS	417				hypothetical protein
IFBJBKOH_02864	gene	417				
IFBJBKOH_02865	CDS	1926				hypothetical protein
IFBJBKOH_02865	gene	1926				
IFBJBKOH_02866	CDS	489				hypothetical protein
IFBJBKOH_02866	gene	489				
IFBJBKOH_02867	CDS	1155				hypothetical protein
IFBJBKOH_02867	gene	1155				
IFBJBKOH_02868	CDS	933				hypothetical protein
IFBJBKOH_02868	gene	933				
IFBJBKOH_02869	CDS	609				hypothetical protein
IFBJBKOH_02869	gene	609				
IFBJBKOH_02870	CDS	333		2.1.1.-	COG2265	putative RNA methyltransferase
IFBJBKOH_02870	gene	333				
IFBJBKOH_02871	CDS	849	xerD_10		COG4974	Tyrosine recombinase XerD
IFBJBKOH_02871	gene	849	xerD_10			
IFBJBKOH_02872	CDS	1176				hypothetical protein
IFBJBKOH_02872	gene	1176				
IFBJBKOH_02873	CDS	237				hypothetical protein
IFBJBKOH_02873	gene	237				
IFBJBKOH_02874	CDS	1011				hypothetical protein
IFBJBKOH_02874	gene	1011				
IFBJBKOH_02875	CDS	585				hypothetical protein
IFBJBKOH_02875	gene	585				
IFBJBKOH_02876	CDS	711				hypothetical protein
IFBJBKOH_02876	gene	711				
IFBJBKOH_02877	CDS	747				Insertion sequence IS5376 putative ATP-binding protein
IFBJBKOH_02877	gene	747				
IFBJBKOH_02878	CDS	1557				hypothetical protein
IFBJBKOH_02878	gene	1557				
IFBJBKOH_02879	CDS	273				hypothetical protein
IFBJBKOH_02879	gene	273				
IFBJBKOH_02880	CDS	420	pdxH	1.4.3.5		Pyridoxine/pyridoxamine 5'-phosphate oxidase
IFBJBKOH_02880	gene	420	pdxH			
IFBJBKOH_02881	CDS	1119				hypothetical protein
IFBJBKOH_02881	gene	1119				
IFBJBKOH_02882	CDS	597				hypothetical protein
IFBJBKOH_02882	gene	597				
IFBJBKOH_02883	CDS	1155	ugl_2	3.2.1.179		Unsaturated glucuronyl hydrolase
IFBJBKOH_02883	gene	1155	ugl_2			
IFBJBKOH_02884	CDS	2235	uidA_1	3.2.1.31	COG3250	Beta-glucuronidase
IFBJBKOH_02884	gene	2235	uidA_1			
IFBJBKOH_02885	CDS	1497	melB_2		COG2211	Melibiose carrier protein
IFBJBKOH_02885	gene	1497	melB_2			
IFBJBKOH_02886	CDS	1203	xylR_2			Xylose operon regulatory protein
IFBJBKOH_02886	gene	1203	xylR_2			
IFBJBKOH_02887	CDS	813				hypothetical protein
IFBJBKOH_02887	gene	813				
IFBJBKOH_02888	CDS	360				hypothetical protein
IFBJBKOH_02888	gene	360				
IFBJBKOH_02889	CDS	1023	xerD_11			Tyrosine recombinase XerD
IFBJBKOH_02889	gene	1023	xerD_11			
IFBJBKOH_02890	CDS	417				hypothetical protein
IFBJBKOH_02890	gene	417				
IFBJBKOH_02891	CDS	561				hypothetical protein
IFBJBKOH_02891	gene	561				
IFBJBKOH_02892	CDS	621	xerC_7			Tyrosine recombinase XerC
IFBJBKOH_02892	gene	621	xerC_7			
IFBJBKOH_02893	CDS	360				hypothetical protein
IFBJBKOH_02893	gene	360				
IFBJBKOH_02894	CDS	528				hypothetical protein
IFBJBKOH_02894	gene	528				
IFBJBKOH_02895	CDS	1458				hypothetical protein
IFBJBKOH_02895	gene	1458				
IFBJBKOH_02896	CDS	441	immR_4		COG1396	HTH-type transcriptional regulator ImmR
IFBJBKOH_02896	gene	441	immR_4			
IFBJBKOH_02897	CDS	159				hypothetical protein
IFBJBKOH_02897	gene	159				
IFBJBKOH_02898	CDS	837				hypothetical protein
IFBJBKOH_02898	gene	837				
IFBJBKOH_02899	CDS	1242	xerD_12		COG4974	Tyrosine recombinase XerD
IFBJBKOH_02899	gene	1242	xerD_12			
IFBJBKOH_02900	CDS	963	xerC_8			Tyrosine recombinase XerC
IFBJBKOH_02900	gene	963	xerC_8			
IFBJBKOH_02901	CDS	228				hypothetical protein
IFBJBKOH_02901	gene	228				
IFBJBKOH_02902	CDS	807	xerC_9		COG4973	Tyrosine recombinase XerC
IFBJBKOH_02902	gene	807	xerC_9			
IFBJBKOH_02903	CDS	873	xerD_13			Tyrosine recombinase XerD
IFBJBKOH_02903	gene	873	xerD_13			
IFBJBKOH_02904	CDS	1167				hypothetical protein
IFBJBKOH_02904	gene	1167				
IFBJBKOH_02905	CDS	240				hypothetical protein
IFBJBKOH_02905	gene	240				
IFBJBKOH_02906	CDS	471				hypothetical protein
IFBJBKOH_02906	gene	471				
IFBJBKOH_02907	CDS	927				hypothetical protein
IFBJBKOH_02907	gene	927				
IFBJBKOH_02908	CDS	810	immR_5		COG1396	HTH-type transcriptional regulator ImmR
IFBJBKOH_02908	gene	810	immR_5			
IFBJBKOH_02909	CDS	402				hypothetical protein
IFBJBKOH_02909	gene	402				
IFBJBKOH_02910	CDS	951	pre_1			Plasmid recombination enzyme
IFBJBKOH_02910	gene	951	pre_1			
IFBJBKOH_02911	CDS	189				hypothetical protein
IFBJBKOH_02911	gene	189				
IFBJBKOH_02912	CDS	1512	hin_1		COG1961	DNA-invertase hin
IFBJBKOH_02912	gene	1512	hin_1			
IFBJBKOH_02913	CDS	111				hypothetical protein
IFBJBKOH_02913	gene	111				
IFBJBKOH_02914	CDS	681				hypothetical protein
IFBJBKOH_02914	gene	681				
IFBJBKOH_02915	CDS	375				hypothetical protein
IFBJBKOH_02915	gene	375				
IFBJBKOH_02916	CDS	1323	mecR1			Methicillin resistance mecR1 protein
IFBJBKOH_02916	gene	1323	mecR1			
IFBJBKOH_02917	CDS	1152				hypothetical protein
IFBJBKOH_02917	gene	1152				
IFBJBKOH_02918	CDS	852	xerD_14		COG4974	Tyrosine recombinase XerD
IFBJBKOH_02918	gene	852	xerD_14			
IFBJBKOH_02919	CDS	1650				hypothetical protein
IFBJBKOH_02919	gene	1650				
IFBJBKOH_02920	CDS	354				hypothetical protein
IFBJBKOH_02920	gene	354				
IFBJBKOH_02921	CDS	228				hypothetical protein
IFBJBKOH_02921	gene	228				
IFBJBKOH_02922	CDS	1248				hypothetical protein
IFBJBKOH_02922	gene	1248				
IFBJBKOH_02923	CDS	174				hypothetical protein
IFBJBKOH_02923	gene	174				
IFBJBKOH_02924	CDS	813				hypothetical protein
IFBJBKOH_02924	gene	813				
IFBJBKOH_02925	CDS	174				hypothetical protein
IFBJBKOH_02925	gene	174				
IFBJBKOH_02926	CDS	138				hypothetical protein
IFBJBKOH_02926	gene	138				
IFBJBKOH_02927	CDS	255				hypothetical protein
IFBJBKOH_02927	gene	255				
IFBJBKOH_02928	CDS	975	yhcG_3	3.1.-.-	COG4804	Putative nuclease YhcG
IFBJBKOH_02928	gene	975	yhcG_3			
IFBJBKOH_02929	CDS	1299				hypothetical protein
IFBJBKOH_02929	gene	1299				
IFBJBKOH_02930	CDS	4068	smc_2			Chromosome partition protein Smc
IFBJBKOH_02930	gene	4068	smc_2			
IFBJBKOH_02931	CDS	1137				hypothetical protein
IFBJBKOH_02931	gene	1137				
IFBJBKOH_02932	CDS	1476				hypothetical protein
IFBJBKOH_02932	gene	1476				
IFBJBKOH_02933	CDS	1005				hypothetical protein
IFBJBKOH_02933	gene	1005				
IFBJBKOH_02934	CDS	411				hypothetical protein
IFBJBKOH_02934	gene	411				
IFBJBKOH_02935	CDS	342				hypothetical protein
IFBJBKOH_02935	gene	342				
IFBJBKOH_02936	CDS	252				hypothetical protein
IFBJBKOH_02936	gene	252				
IFBJBKOH_02937	CDS	342	spo0A_6			Stage 0 sporulation protein A
IFBJBKOH_02937	gene	342	spo0A_6			
IFBJBKOH_02938	CDS	483				hypothetical protein
IFBJBKOH_02938	gene	483				
IFBJBKOH_02939	CDS	111				hypothetical protein
IFBJBKOH_02939	gene	111				
IFBJBKOH_02940	CDS	453				hypothetical protein
IFBJBKOH_02940	gene	453				
IFBJBKOH_02941	CDS	147				hypothetical protein
IFBJBKOH_02941	gene	147				
IFBJBKOH_02942	CDS	306				hypothetical protein
IFBJBKOH_02942	gene	306				
IFBJBKOH_02943	CDS	1206				hypothetical protein
IFBJBKOH_02943	gene	1206				
IFBJBKOH_02944	CDS	480				hypothetical protein
IFBJBKOH_02944	gene	480				
IFBJBKOH_02945	CDS	402				hypothetical protein
IFBJBKOH_02945	gene	402				
IFBJBKOH_02946	CDS	2262				hypothetical protein
IFBJBKOH_02946	gene	2262				
IFBJBKOH_02947	CDS	375				hypothetical protein
IFBJBKOH_02947	gene	375				
IFBJBKOH_02948	CDS	3048	yqbO		COG3953	putative protein YqbO
IFBJBKOH_02948	gene	3048	yqbO			
IFBJBKOH_02949	CDS	315				hypothetical protein
IFBJBKOH_02949	gene	315				
IFBJBKOH_02950	CDS	303				hypothetical protein
IFBJBKOH_02950	gene	303				
IFBJBKOH_02951	CDS	465				hypothetical protein
IFBJBKOH_02951	gene	465				
IFBJBKOH_02952	CDS	405				hypothetical protein
IFBJBKOH_02952	gene	405				
IFBJBKOH_02953	CDS	381				hypothetical protein
IFBJBKOH_02953	gene	381				
IFBJBKOH_02954	CDS	339				hypothetical protein
IFBJBKOH_02954	gene	339				
IFBJBKOH_02955	CDS	387				hypothetical protein
IFBJBKOH_02955	gene	387				
IFBJBKOH_02956	CDS	294				hypothetical protein
IFBJBKOH_02956	gene	294				
IFBJBKOH_02957	CDS	894				hypothetical protein
IFBJBKOH_02957	gene	894				
IFBJBKOH_02958	CDS	618				hypothetical protein
IFBJBKOH_02958	gene	618				
IFBJBKOH_02959	CDS	1863				hypothetical protein
IFBJBKOH_02959	gene	1863				
IFBJBKOH_02960	CDS	1482				hypothetical protein
IFBJBKOH_02960	gene	1482				
IFBJBKOH_02961	CDS	192				hypothetical protein
IFBJBKOH_02961	gene	192				
IFBJBKOH_02962	CDS	1623				hypothetical protein
IFBJBKOH_02962	gene	1623				
IFBJBKOH_02963	CDS	1350				hypothetical protein
IFBJBKOH_02963	gene	1350				
IFBJBKOH_02964	CDS	543				hypothetical protein
IFBJBKOH_02964	gene	543				
IFBJBKOH_02965	CDS	585				hypothetical protein
IFBJBKOH_02965	gene	585				
IFBJBKOH_02966	CDS	237				hypothetical protein
IFBJBKOH_02966	gene	237				
IFBJBKOH_02967	CDS	396				hypothetical protein
IFBJBKOH_02967	gene	396				
IFBJBKOH_02968	CDS	1224	hhaIM_3	2.1.1.37		Modification methylase HhaI
IFBJBKOH_02968	gene	1224	hhaIM_3			
IFBJBKOH_02969	CDS	213				hypothetical protein
IFBJBKOH_02969	gene	213				
IFBJBKOH_02970	CDS	1473				hypothetical protein
IFBJBKOH_02970	gene	1473				
IFBJBKOH_02971	CDS	306	lexA_1	3.4.21.88	COG1974	LexA repressor
IFBJBKOH_02971	gene	306	lexA_1			
IFBJBKOH_02972	CDS	996				hypothetical protein
IFBJBKOH_02972	gene	996				
IFBJBKOH_02973	CDS	753				hypothetical protein
IFBJBKOH_02973	gene	753				
IFBJBKOH_02974	CDS	432				hypothetical protein
IFBJBKOH_02974	gene	432				
IFBJBKOH_02975	CDS	1017				hypothetical protein
IFBJBKOH_02975	gene	1017				
IFBJBKOH_02976	CDS	474				hypothetical protein
IFBJBKOH_02976	gene	474				
IFBJBKOH_02977	CDS	738				hypothetical protein
IFBJBKOH_02977	gene	738				
IFBJBKOH_02978	CDS	984				hypothetical protein
IFBJBKOH_02978	gene	984				
IFBJBKOH_02979	CDS	168				hypothetical protein
IFBJBKOH_02979	gene	168				
IFBJBKOH_02980	CDS	282				hypothetical protein
IFBJBKOH_02980	gene	282				
IFBJBKOH_02981	CDS	267				hypothetical protein
IFBJBKOH_02981	gene	267				
IFBJBKOH_02982	CDS	207				hypothetical protein
IFBJBKOH_02982	gene	207				
IFBJBKOH_02983	CDS	207				hypothetical protein
IFBJBKOH_02983	gene	207				
IFBJBKOH_02984	CDS	144				hypothetical protein
IFBJBKOH_02984	gene	144				
IFBJBKOH_02985	CDS	339				hypothetical protein
IFBJBKOH_02985	gene	339				
IFBJBKOH_02986	CDS	438	xre_1		COG1396	HTH-type transcriptional regulator Xre
IFBJBKOH_02986	gene	438	xre_1			
IFBJBKOH_02987	CDS	441	immA	3.4.-.-	COG2856	Metallopeptidase ImmA
IFBJBKOH_02987	gene	441	immA			
IFBJBKOH_02988	CDS	1344				hypothetical protein
IFBJBKOH_02988	gene	1344				
IFBJBKOH_02989	CDS	1206	Int-Tn_6			Transposase from transposon Tn916
IFBJBKOH_02989	gene	1206	Int-Tn_6			
IFBJBKOH_02990	CDS	1503	rlmCD_3	2.1.1.189	COG2265	23S rRNA (uracil-C(5))-methyltransferase RlmCD
IFBJBKOH_02990	gene	1503	rlmCD_3			
IFBJBKOH_02991	CDS	945	yhaM	3.1.-.-	COG3481	3'-5' exoribonuclease YhaM
IFBJBKOH_02991	gene	945	yhaM			
IFBJBKOH_02992	CDS	1341	htrA_1	3.4.21.107	COG0265	Serine protease Do-like HtrA
IFBJBKOH_02992	gene	1341	htrA_1			
IFBJBKOH_02993	CDS	2439	mutS2_2	3.1.-.-		Endonuclease MutS2
IFBJBKOH_02993	gene	2439	mutS2_2			
IFBJBKOH_02994	CDS	711	srrA_4		COG0745	Transcriptional regulatory protein SrrA
IFBJBKOH_02994	gene	711	srrA_4			
IFBJBKOH_02995	CDS	1407	phoR_2	2.7.13.3	COG0642	Alkaline phosphatase synthesis sensor protein PhoR
IFBJBKOH_02995	gene	1407	phoR_2			
IFBJBKOH_02996	CDS	1041	toxA_7	3.4.22.-		Toxin A
IFBJBKOH_02996	gene	1041	toxA_7			
IFBJBKOH_02997	CDS	945	glcK_1	2.7.1.2	COG1940	Glucokinase
IFBJBKOH_02997	gene	945	glcK_1			
IFBJBKOH_02998	CDS	1290				hypothetical protein
IFBJBKOH_02998	gene	1290				
IFBJBKOH_02999	CDS	1434				hypothetical protein
IFBJBKOH_02999	gene	1434				
IFBJBKOH_03000	CDS	600				hypothetical protein
IFBJBKOH_03000	gene	600				
IFBJBKOH_03001	CDS	924				hypothetical protein
IFBJBKOH_03001	gene	924				
IFBJBKOH_03002	CDS	1311	argE_2	3.5.1.16	COG0624	Acetylornithine deacetylase
IFBJBKOH_03002	gene	1311	argE_2			
IFBJBKOH_03003	CDS	1044	nrdB	1.17.4.1	COG0208	Ribonucleoside-diphosphate reductase subunit beta
IFBJBKOH_03003	gene	1044	nrdB			
IFBJBKOH_03004	CDS	2283	nrdA	1.17.4.1	COG0209	Ribonucleoside-diphosphate reductase 1 subunit alpha
IFBJBKOH_03004	gene	2283	nrdA			
IFBJBKOH_03005	CDS	864				hypothetical protein
IFBJBKOH_03005	gene	864				
IFBJBKOH_03006	CDS	1176	algJ	2.3.1.-		putative alginate O-acetylase AlgJ
IFBJBKOH_03006	gene	1176	algJ			
IFBJBKOH_03007	CDS	1506	patA_2	2.3.1.-	COG1696	Peptidoglycan O-acetyltransferase
IFBJBKOH_03007	gene	1506	patA_2			
IFBJBKOH_03008	CDS	1386	rpoN		COG1508	RNA polymerase sigma-54 factor
IFBJBKOH_03008	gene	1386	rpoN			
IFBJBKOH_03009	tRNA	74				tRNA-Phe(gaa)
IFBJBKOH_03009	gene	74				
IFBJBKOH_03010	tRNA	72				tRNA-Gly(tcc)
IFBJBKOH_03010	gene	72				
IFBJBKOH_03011	CDS	648	araD_2	5.1.3.4	COG0235	L-ribulose-5-phosphate 4-epimerase
IFBJBKOH_03011	gene	648	araD_2			
IFBJBKOH_03012	CDS	942	rhaB_2	2.7.1.5	COG1070	L-Rhamnulokinase
IFBJBKOH_03012	gene	942	rhaB_2			
IFBJBKOH_03013	CDS	429	bssD_1	1.97.1.-		Benzylsuccinate synthase activating enzyme
IFBJBKOH_03013	gene	429	bssD_1			
IFBJBKOH_03014	CDS	357	bssD_2	1.97.1.-		Benzylsuccinate synthase activating enzyme
IFBJBKOH_03014	gene	357	bssD_2			
IFBJBKOH_03015	CDS	2280	cutC_2	4.3.99.4	COG1882	Choline trimethylamine-lyase
IFBJBKOH_03015	gene	2280	cutC_2			
IFBJBKOH_03016	CDS	1029	exuR_1		COG1609	putative HTH-type transcriptional repressor ExuR
IFBJBKOH_03016	gene	1029	exuR_1			
IFBJBKOH_03017	tRNA	72				tRNA-Gly(gcc)
IFBJBKOH_03017	gene	72				
IFBJBKOH_03018	CDS	714	cwlD	3.5.1.28	COG0860	Germination-specific N-acetylmuramoyl-L-alanine amidase
IFBJBKOH_03018	gene	714	cwlD			
IFBJBKOH_03019	CDS	1461	cpdA_3	3.1.4.53		3',5'-cyclic adenosine monophosphate phosphodiesterase CpdA
IFBJBKOH_03019	gene	1461	cpdA_3			
IFBJBKOH_03020	CDS	1683	yaaH_1		COG3858	Spore germination protein YaaH
IFBJBKOH_03020	gene	1683	yaaH_1			
IFBJBKOH_03021	CDS	273				hypothetical protein
IFBJBKOH_03021	gene	273				
IFBJBKOH_03022	CDS	531				hypothetical protein
IFBJBKOH_03022	gene	531				
IFBJBKOH_03023	CDS	1479	prkC_1	2.7.11.1	COG0515	Serine/threonine-protein kinase PrkC
IFBJBKOH_03023	gene	1479	prkC_1			
IFBJBKOH_03024	CDS	750	mecB		COG4862	Adapter protein MecA 2
IFBJBKOH_03024	gene	750	mecB			
IFBJBKOH_03025	CDS	678	rspR_5		COG1802	HTH-type transcriptional repressor RspR
IFBJBKOH_03025	gene	678	rspR_5			
IFBJBKOH_03026	CDS	1020	dlgD_2	1.1.1.130	COG2055	2,3-diketo-L-gulonate reductase
IFBJBKOH_03026	gene	1020	dlgD_2			
IFBJBKOH_03027	CDS	1068	uxuA_1	4.2.1.8	COG1312	Mannonate dehydratase
IFBJBKOH_03027	gene	1068	uxuA_1			
IFBJBKOH_03028	CDS	204				hypothetical protein
IFBJBKOH_03028	gene	204				
IFBJBKOH_03029	CDS	2109	pflB_1	2.3.1.54	COG1882	Formate acetyltransferase
IFBJBKOH_03029	gene	2109	pflB_1			
IFBJBKOH_03030	CDS	351	pflB_2	2.3.1.54	COG1882	Formate acetyltransferase
IFBJBKOH_03030	gene	351	pflB_2			
IFBJBKOH_03031	CDS	753	pflA	1.97.1.4	COG1180	Pyruvate formate-lyase 1-activating enzyme
IFBJBKOH_03031	gene	753	pflA			
IFBJBKOH_03032	CDS	171			COG1145	Ferredoxin
IFBJBKOH_03032	gene	171				
IFBJBKOH_03033	CDS	717	puuD	3.5.1.94	COG2071	Gamma-glutamyl-gamma-aminobutyrate hydrolase PuuD
IFBJBKOH_03033	gene	717	puuD			
IFBJBKOH_03034	CDS	375				hypothetical protein
IFBJBKOH_03034	gene	375				
IFBJBKOH_03035	CDS	816				hypothetical protein
IFBJBKOH_03035	gene	816				
IFBJBKOH_03036	CDS	330				hypothetical protein
IFBJBKOH_03036	gene	330				
IFBJBKOH_03037	CDS	189				hypothetical protein
IFBJBKOH_03037	gene	189				
IFBJBKOH_03038	CDS	438	garK_3	2.7.1.165	COG1929	Glycerate 2-kinase
IFBJBKOH_03038	gene	438	garK_3			
IFBJBKOH_03039	CDS	180	garK_4	2.7.1.165	COG1929	Glycerate 2-kinase
IFBJBKOH_03039	gene	180	garK_4			
IFBJBKOH_03040	CDS	663	pdhR_2		COG2186	Pyruvate dehydrogenase complex repressor
IFBJBKOH_03040	gene	663	pdhR_2			
IFBJBKOH_03041	CDS	1284	dctM_6		COG1593	C4-dicarboxylate TRAP transporter large permease protein DctM
IFBJBKOH_03041	gene	1284	dctM_6			
IFBJBKOH_03042	CDS	486	uehB_3		COG3090	Ectoine/5-hydroxyectoine TRAP transporter small permease protein UehB
IFBJBKOH_03042	gene	486	uehB_3			
IFBJBKOH_03043	CDS	1050			COG1638	putative protein
IFBJBKOH_03043	gene	1050				
IFBJBKOH_03044	CDS	804	dpe	5.1.3.30	COG1082	D-psicose 3-epimerase
IFBJBKOH_03044	gene	804	dpe			
IFBJBKOH_03045	CDS	834	idnO_2	1.1.1.69		5-keto-D-gluconate 5-reductase
IFBJBKOH_03045	gene	834	idnO_2			
IFBJBKOH_03046	CDS	900	garR_1	1.1.1.60	COG2084	2-hydroxy-3-oxopropionate reductase
IFBJBKOH_03046	gene	900	garR_1			
IFBJBKOH_03047	CDS	927	dxs_4	2.2.1.7	COG1154	1-deoxy-D-xylulose-5-phosphate synthase
IFBJBKOH_03047	gene	927	dxs_4			
IFBJBKOH_03048	CDS	825	tktA_1	2.2.1.1	COG0021	Transketolase 1
IFBJBKOH_03048	gene	825	tktA_1			
IFBJBKOH_03049	CDS	450	slyA_4			Transcriptional regulator SlyA
IFBJBKOH_03049	gene	450	slyA_4			
IFBJBKOH_03050	CDS	378				hypothetical protein
IFBJBKOH_03050	gene	378				
IFBJBKOH_03051	CDS	393	bioY2_1		COG1268	Biotin transporter BioY2
IFBJBKOH_03051	gene	393	bioY2_1			
IFBJBKOH_03052	CDS	345	bioB	2.8.1.6		Biotin synthase
IFBJBKOH_03052	gene	345	bioB			
IFBJBKOH_03053	CDS	333				hypothetical protein
IFBJBKOH_03053	gene	333				
IFBJBKOH_03054	CDS	1557	ybiT_3		COG0488	putative ABC transporter ATP-binding protein YbiT
IFBJBKOH_03054	gene	1557	ybiT_3			
IFBJBKOH_03055	CDS	1272	gdhA	1.4.1.3	COG0334	Glutamate dehydrogenase
IFBJBKOH_03055	gene	1272	gdhA			
IFBJBKOH_03056	CDS	771				hypothetical protein
IFBJBKOH_03056	gene	771				
IFBJBKOH_03057	CDS	1026	kipA		COG1984	KipI antagonist
IFBJBKOH_03057	gene	1026	kipA			
IFBJBKOH_03058	CDS	720	kipI		COG2049	Kinase A inhibitor
IFBJBKOH_03058	gene	720	kipI			
IFBJBKOH_03059	CDS	684	proA_3	4.1.3.16		4-hydroxy-4-methyl-2-oxoglutarate aldolase/4-carboxy-4-hydroxy-2-oxoadipate aldolase
IFBJBKOH_03059	gene	684	proA_3			
IFBJBKOH_03060	CDS	927	catM_2			HTH-type transcriptional regulator CatM
IFBJBKOH_03060	gene	927	catM_2			
IFBJBKOH_03061	CDS	1179	aspC_2	2.6.1.1	COG0436	Aspartate aminotransferase
IFBJBKOH_03061	gene	1179	aspC_2			
IFBJBKOH_03062	CDS	807	ydjF_1		COG1349	putative HTH-type transcriptional regulator YdjF
IFBJBKOH_03062	gene	807	ydjF_1			
IFBJBKOH_03063	CDS	828	fbaA_3	4.1.2.13	COG0191	putative fructose-bisphosphate aldolase
IFBJBKOH_03063	gene	828	fbaA_3			
IFBJBKOH_03064	CDS	1368	braC_2		COG0683	Leucine-, isoleucine-, valine-, threonine-, and alanine-binding protein
IFBJBKOH_03064	gene	1368	braC_2			
IFBJBKOH_03065	CDS	870				hypothetical protein
IFBJBKOH_03065	gene	870				
IFBJBKOH_03066	CDS	639	fucA_2	4.1.2.17	COG0235	L-fuculose phosphate aldolase
IFBJBKOH_03066	gene	639	fucA_2			
IFBJBKOH_03067	CDS	1497	rhaB_3	2.7.1.5	COG1070	L-Rhamnulokinase
IFBJBKOH_03067	gene	1497	rhaB_3			
IFBJBKOH_03068	CDS	720	livF_3		COG0410	High-affinity branched-chain amino acid transport ATP-binding protein LivF
IFBJBKOH_03068	gene	720	livF_3			
IFBJBKOH_03069	CDS	735	cysA_2	3.6.3.25	COG1118	Sulfate/thiosulfate import ATP-binding protein CysA
IFBJBKOH_03069	gene	735	cysA_2			
IFBJBKOH_03070	CDS	1014				hypothetical protein
IFBJBKOH_03070	gene	1014				
IFBJBKOH_03071	CDS	861	livH_3		COG0559	High-affinity branched-chain amino acid transport system permease protein LivH
IFBJBKOH_03071	gene	861	livH_3			
IFBJBKOH_03072	CDS	768	ydjF_2		COG1349	putative HTH-type transcriptional regulator YdjF
IFBJBKOH_03072	gene	768	ydjF_2			
IFBJBKOH_03073	CDS	981	ydjG	1.1.1.-	COG0667	NADH-specific methylglyoxal reductase
IFBJBKOH_03073	gene	981	ydjG			
IFBJBKOH_03074	CDS	966	ydjH_1	2.7.1.-	COG0524	putative sugar kinase YdjH
IFBJBKOH_03074	gene	966	ydjH_1			
IFBJBKOH_03075	CDS	855	kbaY_2	4.1.2.40	COG0191	D-tagatose-1,6-bisphosphate aldolase subunit KbaY
IFBJBKOH_03075	gene	855	kbaY_2			
IFBJBKOH_03076	CDS	1044	ydjJ_2	1.-.-.-	COG1063	putative zinc-type alcohol dehydrogenase-like protein YdjJ
IFBJBKOH_03076	gene	1044	ydjJ_2			
IFBJBKOH_03077	CDS	1080		1.1.1.301		D-arabitol-phosphate dehydrogenase
IFBJBKOH_03077	gene	1080				
IFBJBKOH_03078	CDS	969	hprA_4	1.1.1.29	COG1052	Glycerate dehydrogenase
IFBJBKOH_03078	gene	969	hprA_4			
IFBJBKOH_03079	CDS	1053	tagU_2	2.7.8.-	COG1316	Polyisoprenyl-teichoic acid--peptidoglycan teichoic acid transferase TagU
IFBJBKOH_03079	gene	1053	tagU_2			
IFBJBKOH_03080	CDS	654	natR_3		COG3279	Transcriptional regulatory protein NatR
IFBJBKOH_03080	gene	654	natR_3			
IFBJBKOH_03081	CDS	369				hypothetical protein
IFBJBKOH_03081	gene	369				
IFBJBKOH_03082	CDS	825		5.4.99.-	COG0564	putative RNA pseudouridine synthase
IFBJBKOH_03082	gene	825				
IFBJBKOH_03083	CDS	672				hypothetical protein
IFBJBKOH_03083	gene	672				
IFBJBKOH_03084	CDS	315				hypothetical protein
IFBJBKOH_03084	gene	315				
IFBJBKOH_03085	CDS	957				hypothetical protein
IFBJBKOH_03085	gene	957				
IFBJBKOH_03086	CDS	1086				hypothetical protein
IFBJBKOH_03086	gene	1086				
IFBJBKOH_03087	CDS	1281				hypothetical protein
IFBJBKOH_03087	gene	1281				
IFBJBKOH_03088	CDS	933				hypothetical protein
IFBJBKOH_03088	gene	933				
IFBJBKOH_03089	CDS	963	ybhF		COG1131	putative multidrug ABC transporter ATP-binding protein YbhF
IFBJBKOH_03089	gene	963	ybhF			
IFBJBKOH_03090	CDS	2517				hypothetical protein
IFBJBKOH_03090	gene	2517				
IFBJBKOH_03091	CDS	1137	phoR_3	2.7.13.3	COG0642	Alkaline phosphatase synthesis sensor protein PhoR
IFBJBKOH_03091	gene	1137	phoR_3			
IFBJBKOH_03092	CDS	705	srrA_5		COG0745	Transcriptional regulatory protein SrrA
IFBJBKOH_03092	gene	705	srrA_5			
IFBJBKOH_03093	CDS	831				hypothetical protein
IFBJBKOH_03093	gene	831				
IFBJBKOH_03094	CDS	1149	cdaR_2		COG3835	Carbohydrate diacid regulator
IFBJBKOH_03094	gene	1149	cdaR_2			
IFBJBKOH_03095	CDS	1353	dsdX		COG2610	D-serine transporter DsdX
IFBJBKOH_03095	gene	1353	dsdX			
IFBJBKOH_03096	CDS	321				hypothetical protein
IFBJBKOH_03096	gene	321				
IFBJBKOH_03097	CDS	1911	btsS_6	2.7.13.3	COG3275	Sensor histidine kinase BtsS
IFBJBKOH_03097	gene	1911	btsS_6			
IFBJBKOH_03098	CDS	1554	cheY_3		COG0784	Chemotaxis protein CheY
IFBJBKOH_03098	gene	1554	cheY_3			
IFBJBKOH_03099	CDS	1554	cycB_2		COG2182	Cyclodextrin-binding protein
IFBJBKOH_03099	gene	1554	cycB_2			
IFBJBKOH_03100	CDS	900	ugpA_2		COG1175	sn-glycerol-3-phosphate transport system permease protein UgpA
IFBJBKOH_03100	gene	900	ugpA_2			
IFBJBKOH_03101	CDS	864	araQ_9		COG0395	L-arabinose transport system permease protein AraQ
IFBJBKOH_03101	gene	864	araQ_9			
IFBJBKOH_03102	CDS	1365		3.1.6.1	COG3119	Arylsulfatase
IFBJBKOH_03102	gene	1365				
IFBJBKOH_03103	CDS	528	btr_2		COG0614	HTH-type transcriptional activator Btr
IFBJBKOH_03103	gene	528	btr_2			
IFBJBKOH_03104	CDS	1122		1.8.98.-	COG0641	Anaerobic sulfatase-maturating enzyme
IFBJBKOH_03104	gene	1122				
IFBJBKOH_03105	CDS	2358	ppk	2.7.4.1	COG0855	Polyphosphate kinase
IFBJBKOH_03105	gene	2358	ppk			
IFBJBKOH_03106	CDS	1566	ppx	3.6.1.11		Exopolyphosphatase 1
IFBJBKOH_03106	gene	1566	ppx			
IFBJBKOH_03107	CDS	1269				hypothetical protein
IFBJBKOH_03107	gene	1269				
IFBJBKOH_03108	CDS	1137	pheA		COG0077	P-protein
IFBJBKOH_03108	gene	1137	pheA			
IFBJBKOH_03109	CDS	753	plsC_1	2.3.1.51	COG0204	1-acyl-sn-glycerol-3-phosphate acyltransferase
IFBJBKOH_03109	gene	753	plsC_1			
IFBJBKOH_03110	CDS	504				hypothetical protein
IFBJBKOH_03110	gene	504				
IFBJBKOH_03111	CDS	1533	clsA_1	2.7.8.-	COG1502	Major cardiolipin synthase ClsA
IFBJBKOH_03111	gene	1533	clsA_1			
IFBJBKOH_03112	CDS	510				hypothetical protein
IFBJBKOH_03112	gene	510				
IFBJBKOH_03113	CDS	357	epsG		COG2165	Type II secretion system protein G
IFBJBKOH_03113	gene	357	epsG			
IFBJBKOH_03114	CDS	1707	epsE		COG2804	Type II secretion system protein E
IFBJBKOH_03114	gene	1707	epsE			
IFBJBKOH_03115	CDS	756	comC_1			Type 4 prepilin-like proteins leader peptide-processing enzyme
IFBJBKOH_03115	gene	756	comC_1			
IFBJBKOH_03116	CDS	774				hypothetical protein
IFBJBKOH_03116	gene	774				
IFBJBKOH_03117	CDS	531				hypothetical protein
IFBJBKOH_03117	gene	531				
IFBJBKOH_03118	CDS	333				hypothetical protein
IFBJBKOH_03118	gene	333				
IFBJBKOH_03119	CDS	636				hypothetical protein
IFBJBKOH_03119	gene	636				
IFBJBKOH_03120	CDS	1458				hypothetical protein
IFBJBKOH_03120	gene	1458				
IFBJBKOH_03121	CDS	1191	epsF		COG1459	Type II secretion system protein F
IFBJBKOH_03121	gene	1191	epsF			
IFBJBKOH_03122	CDS	180				hypothetical protein
IFBJBKOH_03122	gene	180				
IFBJBKOH_03123	CDS	90				hypothetical protein
IFBJBKOH_03123	gene	90				
IFBJBKOH_03124	CDS	2592	clpB			Chaperone protein ClpB
IFBJBKOH_03124	gene	2592	clpB			
IFBJBKOH_03125	CDS	834				hypothetical protein
IFBJBKOH_03125	gene	834				
IFBJBKOH_03126	CDS	834	punA	2.4.2.1	COG0005	Purine nucleoside phosphorylase 1
IFBJBKOH_03126	gene	834	punA			
IFBJBKOH_03127	CDS	1023				hypothetical protein
IFBJBKOH_03127	gene	1023				
IFBJBKOH_03128	CDS	1365	pdaC_1	3.5.1.-	COG0726	Peptidoglycan-N-acetylmuramic acid deacetylase PdaC
IFBJBKOH_03128	gene	1365	pdaC_1			
IFBJBKOH_03129	CDS	579	relA_1	2.7.6.5		GTP pyrophosphokinase
IFBJBKOH_03129	gene	579	relA_1			
IFBJBKOH_03130	CDS	1074				hypothetical protein
IFBJBKOH_03130	gene	1074				
IFBJBKOH_03131	CDS	1020	dctP_3		COG1638	Solute-binding protein
IFBJBKOH_03131	gene	1020	dctP_3			
IFBJBKOH_03132	CDS	486				hypothetical protein
IFBJBKOH_03132	gene	486				
IFBJBKOH_03133	CDS	1296	dctM_7		COG1593	C4-dicarboxylate TRAP transporter large permease protein DctM
IFBJBKOH_03133	gene	1296	dctM_7			
IFBJBKOH_03134	CDS	525	siaQ_3		COG3090	Sialic acid TRAP transporter small permease protein SiaQ
IFBJBKOH_03134	gene	525	siaQ_3			
IFBJBKOH_03135	CDS	1122			COG1638	putative protein
IFBJBKOH_03135	gene	1122				
IFBJBKOH_03136	CDS	792			COG4753	putative response regulatory protein
IFBJBKOH_03136	gene	792				
IFBJBKOH_03137	CDS	1596	ypdA_4	2.7.13.3	COG3275	Sensor histidine kinase YpdA
IFBJBKOH_03137	gene	1596	ypdA_4			
IFBJBKOH_03138	CDS	3030	glgB_1	2.4.1.18	COG0296	1,4-alpha-glucan branching enzyme GlgB
IFBJBKOH_03138	gene	3030	glgB_1			
IFBJBKOH_03139	CDS	465	mgsA_1	4.2.3.3	COG1803	Methylglyoxal synthase
IFBJBKOH_03139	gene	465	mgsA_1			
IFBJBKOH_03140	CDS	897	yisK		COG0179	putative protein YisK
IFBJBKOH_03140	gene	897	yisK			
IFBJBKOH_03141	CDS	2715	yoaB	3.6.3.8	COG0474	Calcium-transporting ATPase 1
IFBJBKOH_03141	gene	2715	yoaB			
IFBJBKOH_03142	CDS	348				hypothetical protein
IFBJBKOH_03142	gene	348				
IFBJBKOH_03143	CDS	426				hypothetical protein
IFBJBKOH_03143	gene	426				
IFBJBKOH_03144	CDS	2028	glgX_1	3.2.1.-	COG1523	Glycogen operon protein GlgX 
IFBJBKOH_03144	gene	2028	glgX_1			
IFBJBKOH_03145	CDS	1848	ettA		COG0488	Energy-dependent translational throttle protein EttA
IFBJBKOH_03145	gene	1848	ettA			
IFBJBKOH_03146	CDS	756	exoA	3.1.11.2	COG0708	Exodeoxyribonuclease
IFBJBKOH_03146	gene	756	exoA			
IFBJBKOH_03147	CDS	396	luxS	4.4.1.21	COG1854	S-ribosylhomocysteine lyase
IFBJBKOH_03147	gene	396	luxS			
IFBJBKOH_03148	CDS	1335				hypothetical protein
IFBJBKOH_03148	gene	1335				
IFBJBKOH_03149	CDS	108				hypothetical protein
IFBJBKOH_03149	gene	108				
IFBJBKOH_03150	CDS	1695	ybiT_4		COG0488	putative ABC transporter ATP-binding protein YbiT
IFBJBKOH_03150	gene	1695	ybiT_4			
IFBJBKOH_03151	CDS	636				hypothetical protein
IFBJBKOH_03151	gene	636				
IFBJBKOH_03152	CDS	165				hypothetical protein
IFBJBKOH_03152	gene	165				
IFBJBKOH_03153	CDS	264				hypothetical protein
IFBJBKOH_03153	gene	264				
IFBJBKOH_03154	CDS	765	tcyC_2	3.6.3.-	COG1126	L-cystine import ATP-binding protein TcyC
IFBJBKOH_03154	gene	765	tcyC_2			
IFBJBKOH_03155	CDS	660	tcyB_1		COG0765	L-cystine transport system permease protein TcyB
IFBJBKOH_03155	gene	660	tcyB_1			
IFBJBKOH_03156	CDS	912	fliY		COG0834	L-cystine-binding protein FliY
IFBJBKOH_03156	gene	912	fliY			
IFBJBKOH_03157	CDS	696	yfnB	3.-.-.-	COG1011	Putative HAD-hydrolase YfnB
IFBJBKOH_03157	gene	696	yfnB			
IFBJBKOH_03158	CDS	1317	pyrC_1	3.5.2.3	COG0044	Dihydroorotase
IFBJBKOH_03158	gene	1317	pyrC_1			
IFBJBKOH_03159	CDS	711				hypothetical protein
IFBJBKOH_03159	gene	711				
IFBJBKOH_03160	CDS	360				hypothetical protein
IFBJBKOH_03160	gene	360				
IFBJBKOH_03161	CDS	1245	gltP_2		COG1301	Proton/glutamate-aspartate symporter
IFBJBKOH_03161	gene	1245	gltP_2			
IFBJBKOH_03162	CDS	1524				hypothetical protein
IFBJBKOH_03162	gene	1524				
IFBJBKOH_03163	CDS	1362				hypothetical protein
IFBJBKOH_03163	gene	1362				
IFBJBKOH_03164	CDS	420				hypothetical protein
IFBJBKOH_03164	gene	420				
IFBJBKOH_03165	CDS	456	dtd	3.1.1.96	COG1490	D-aminoacyl-tRNA deacylase
IFBJBKOH_03165	gene	456	dtd			
IFBJBKOH_03166	CDS	1803	ugpQ	3.1.4.46	COG0584	Glycerophosphodiester phosphodiesterase, cytoplasmic
IFBJBKOH_03166	gene	1803	ugpQ			
IFBJBKOH_03167	CDS	660	ywaC_2	2.7.6.5	COG2357	GTP pyrophosphokinase YwaC
IFBJBKOH_03167	gene	660	ywaC_2			
IFBJBKOH_03168	CDS	777	rps1_2		COG0539	30S ribosomal protein S1
IFBJBKOH_03168	gene	777	rps1_2			
IFBJBKOH_03169	CDS	810	ycdX_1	3.1.3.-	COG1387	putative phosphatase YcdX
IFBJBKOH_03169	gene	810	ycdX_1			
IFBJBKOH_03170	CDS	966	cysL_2		COG0583	HTH-type transcriptional regulator CysL
IFBJBKOH_03170	gene	966	cysL_2			
IFBJBKOH_03171	CDS	417	perR		COG0735	Peroxide-responsive repressor PerR
IFBJBKOH_03171	gene	417	perR			
IFBJBKOH_03172	CDS	546	rbr3A	1.11.1.1	COG1592	Reverse rubrerythrin-1
IFBJBKOH_03172	gene	546	rbr3A			
IFBJBKOH_03173	CDS	540	rbr		COG1592	Rubrerythrin
IFBJBKOH_03173	gene	540	rbr			
IFBJBKOH_03174	CDS	441	rpiB_2	5.3.1.6	COG0698	Ribose-5-phosphate isomerase B
IFBJBKOH_03174	gene	441	rpiB_2			
IFBJBKOH_03175	CDS	1140	aroC	4.2.3.5	COG0082	Chorismate synthase
IFBJBKOH_03175	gene	1140	aroC			
IFBJBKOH_03176	CDS	1059	pgl_1	3.1.1.31	COG2706	6-phosphogluconolactonase
IFBJBKOH_03176	gene	1059	pgl_1			
IFBJBKOH_03177	CDS	534	puuR			HTH-type transcriptional regulator PuuR
IFBJBKOH_03177	gene	534	puuR			
IFBJBKOH_03178	CDS	1077	potA_3	3.6.3.31		Spermidine/putrescine import ATP-binding protein PotA
IFBJBKOH_03178	gene	1077	potA_3			
IFBJBKOH_03179	CDS	840	potH_1		COG1176	Putrescine transport system permease protein PotH
IFBJBKOH_03179	gene	840	potH_1			
IFBJBKOH_03180	CDS	798	ydcV_1			Inner membrane ABC transporter permease protein YdcV
IFBJBKOH_03180	gene	798	ydcV_1			
IFBJBKOH_03181	CDS	1116	potD		COG0687	Spermidine/putrescine-binding periplasmic protein
IFBJBKOH_03181	gene	1116	potD			
IFBJBKOH_03182	CDS	126				hypothetical protein
IFBJBKOH_03182	gene	126				
IFBJBKOH_03183	CDS	1155				hypothetical protein
IFBJBKOH_03183	gene	1155				
IFBJBKOH_03184	CDS	9306	rhsB_2	3.1.-.-	COG3209	putative deoxyribonuclease RhsB
IFBJBKOH_03184	gene	9306	rhsB_2			
IFBJBKOH_03185	CDS	351				hypothetical protein
IFBJBKOH_03185	gene	351				
IFBJBKOH_03186	CDS	276				hypothetical protein
IFBJBKOH_03186	gene	276				
IFBJBKOH_03187	CDS	1233				hypothetical protein
IFBJBKOH_03187	gene	1233				
IFBJBKOH_03188	CDS	123				hypothetical protein
IFBJBKOH_03188	gene	123				
IFBJBKOH_03189	CDS	444				hypothetical protein
IFBJBKOH_03189	gene	444				
IFBJBKOH_03190	CDS	690				hypothetical protein
IFBJBKOH_03190	gene	690				
IFBJBKOH_03191	CDS	1746				hypothetical protein
IFBJBKOH_03191	gene	1746				
IFBJBKOH_03192	CDS	474				hypothetical protein
IFBJBKOH_03192	gene	474				
IFBJBKOH_03193	CDS	1242				hypothetical protein
IFBJBKOH_03193	gene	1242				
IFBJBKOH_03194	CDS	4821	rhsC_6	3.1.-.-	COG3209	Putative deoxyribonuclease RhsC
IFBJBKOH_03194	gene	4821	rhsC_6			
IFBJBKOH_03195	CDS	462				hypothetical protein
IFBJBKOH_03195	gene	462				
IFBJBKOH_03196	CDS	243				hypothetical protein
IFBJBKOH_03196	gene	243				
IFBJBKOH_03197	CDS	327				hypothetical protein
IFBJBKOH_03197	gene	327				
IFBJBKOH_03198	CDS	102				hypothetical protein
IFBJBKOH_03198	gene	102				
IFBJBKOH_03199	CDS	249				hypothetical protein
IFBJBKOH_03199	gene	249				
IFBJBKOH_03200	CDS	300				hypothetical protein
IFBJBKOH_03200	gene	300				
IFBJBKOH_03201	CDS	945	dxs_5	2.2.1.7	COG1154	1-deoxy-D-xylulose-5-phosphate synthase
IFBJBKOH_03201	gene	945	dxs_5			
IFBJBKOH_03202	CDS	840	cbbT_3	2.2.1.1		Transketolase 2
IFBJBKOH_03202	gene	840	cbbT_3			
IFBJBKOH_03203	CDS	981	rbsC_12		COG1172	Ribose import permease protein RbsC
IFBJBKOH_03203	gene	981	rbsC_12			
IFBJBKOH_03204	CDS	1503	rbsA_5	3.6.3.17	COG1129	Ribose import ATP-binding protein RbsA
IFBJBKOH_03204	gene	1503	rbsA_5			
IFBJBKOH_03205	CDS	1056	rbsB_8		COG1879	Ribose import binding protein RbsB
IFBJBKOH_03205	gene	1056	rbsB_8			
IFBJBKOH_03206	CDS	1230	mlc		COG1940	Protein mlc
IFBJBKOH_03206	gene	1230	mlc			
IFBJBKOH_03207	CDS	183				hypothetical protein
IFBJBKOH_03207	gene	183				
IFBJBKOH_03208	CDS	336	mntR_3		COG1321	Transcriptional regulator MntR
IFBJBKOH_03208	gene	336	mntR_3			
IFBJBKOH_03209	CDS	570				hypothetical protein
IFBJBKOH_03209	gene	570				
IFBJBKOH_03210	CDS	1935	cadA_1	3.6.3.3	COG2217	Cadmium, zinc and cobalt-transporting ATPase
IFBJBKOH_03210	gene	1935	cadA_1			
IFBJBKOH_03211	CDS	219	cadA_2	3.6.3.3	COG2217	Cadmium, zinc and cobalt-transporting ATPase
IFBJBKOH_03211	gene	219	cadA_2			
IFBJBKOH_03212	CDS	360	ziaR			Transcriptional repressor SmtB 
IFBJBKOH_03212	gene	360	ziaR			
IFBJBKOH_03213	CDS	1023	ltrA_16		COG3344	Group II intron-encoded protein LtrA
IFBJBKOH_03213	gene	1023	ltrA_16			
IFBJBKOH_03214	CDS	1803	aspS	6.1.1.12		Aspartate--tRNA ligase
IFBJBKOH_03214	gene	1803	aspS			
IFBJBKOH_03215	CDS	1266	hisS	6.1.1.21	COG0124	Histidine--tRNA ligase
IFBJBKOH_03215	gene	1266	hisS			
IFBJBKOH_03216	CDS	1521	hemZ	1.3.99.-	COG0635	Oxygen-independent coproporphyrinogen-III oxidase-like protein HemZ
IFBJBKOH_03216	gene	1521	hemZ			
IFBJBKOH_03217	CDS	687	gloC_2	3.1.2.6	COG0491	Hydroxyacylglutathione hydrolase GloC
IFBJBKOH_03217	gene	687	gloC_2			
IFBJBKOH_03218	CDS	2286	relA_2	2.7.6.5	COG0317	GTP pyrophosphokinase
IFBJBKOH_03218	gene	2286	relA_2			
IFBJBKOH_03219	CDS	198				hypothetical protein
IFBJBKOH_03219	gene	198				
IFBJBKOH_03220	CDS	525	apt	2.4.2.7		Adenine phosphoribosyltransferase
IFBJBKOH_03220	gene	525	apt			
IFBJBKOH_03221	CDS	1011	exuR_2		COG1609	putative HTH-type transcriptional repressor ExuR
IFBJBKOH_03221	gene	1011	exuR_2			
IFBJBKOH_03222	CDS	1569	pgl_2	3.2.1.15		Polygalacturonase
IFBJBKOH_03222	gene	1569	pgl_2			
IFBJBKOH_03223	CDS	852	lacG_1			Lactose transport system permease protein LacG
IFBJBKOH_03223	gene	852	lacG_1			
IFBJBKOH_03224	CDS	894	ugpA_3		COG1175	sn-glycerol-3-phosphate transport system permease protein UgpA
IFBJBKOH_03224	gene	894	ugpA_3			
IFBJBKOH_03225	CDS	393				hypothetical protein
IFBJBKOH_03225	gene	393				
IFBJBKOH_03226	CDS	1356	yesO_3		COG1653	Putative ABC transporter substrate-binding protein YesO
IFBJBKOH_03226	gene	1356	yesO_3			
IFBJBKOH_03227	CDS	1131	yteR_1	3.2.1.172	COG4225	Unsaturated rhamnogalacturonyl hydrolase YteR
IFBJBKOH_03227	gene	1131	yteR_1			
IFBJBKOH_03228	CDS	849	axeA1	3.1.1.72	COG0657	Acetylxylan esterase
IFBJBKOH_03228	gene	849	axeA1			
IFBJBKOH_03229	CDS	750	glcR_2		COG1349	HTH-type transcriptional repressor GlcR
IFBJBKOH_03229	gene	750	glcR_2			
IFBJBKOH_03230	CDS	654	tal_2	2.2.1.2	COG0176	Transaldolase
IFBJBKOH_03230	gene	654	tal_2			
IFBJBKOH_03231	CDS	711	srlR_3		COG1349	Glucitol operon repressor
IFBJBKOH_03231	gene	711	srlR_3			
IFBJBKOH_03232	CDS	936	rbsK/rbiA			Bifunctional ribokinase/ribose-5-phosphate isomerase A
IFBJBKOH_03232	gene	936	rbsK/rbiA			
IFBJBKOH_03233	CDS	975	rbsC_13		COG1172	Ribose import permease protein RbsC
IFBJBKOH_03233	gene	975	rbsC_13			
IFBJBKOH_03234	CDS	1488	mglA_7	3.6.3.17	COG1129	Galactose/methyl galactoside import ATP-binding protein MglA
IFBJBKOH_03234	gene	1488	mglA_7			
IFBJBKOH_03235	CDS	1092	alsB		COG1879	D-allose-binding periplasmic protein
IFBJBKOH_03235	gene	1092	alsB			
IFBJBKOH_03236	CDS	921	xylA_1	5.3.1.5		Xylose isomerase
IFBJBKOH_03236	gene	921	xylA_1			
IFBJBKOH_03237	CDS	141				hypothetical protein
IFBJBKOH_03237	gene	141				
IFBJBKOH_03238	CDS	186				hypothetical protein
IFBJBKOH_03238	gene	186				
IFBJBKOH_03239	CDS	432				hypothetical protein
IFBJBKOH_03239	gene	432				
IFBJBKOH_03240	CDS	522				hypothetical protein
IFBJBKOH_03240	gene	522				
IFBJBKOH_03241	CDS	375				hypothetical protein
IFBJBKOH_03241	gene	375				
IFBJBKOH_03242	CDS	420				hypothetical protein
IFBJBKOH_03242	gene	420				
IFBJBKOH_03243	CDS	603	phoU		COG0704	Phosphate-specific transport system accessory protein PhoU 
IFBJBKOH_03243	gene	603	phoU			
IFBJBKOH_03244	CDS	762	pstB3_1	3.6.3.27	COG1117	Phosphate import ATP-binding protein PstB 3
IFBJBKOH_03244	gene	762	pstB3_1			
IFBJBKOH_03245	CDS	906	pstA2		COG0581	Phosphate transport system permease protein PstA 2
IFBJBKOH_03245	gene	906	pstA2			
IFBJBKOH_03246	CDS	939	pstC_1		COG0573	Phosphate transport system permease protein PstC
IFBJBKOH_03246	gene	939	pstC_1			
IFBJBKOH_03247	CDS	957	pstS1		COG0226	Phosphate-binding protein PstS 1
IFBJBKOH_03247	gene	957	pstS1			
IFBJBKOH_03248	CDS	1107	nahK	2.7.1.162		N-acetylhexosamine 1-kinase
IFBJBKOH_03248	gene	1107	nahK			
IFBJBKOH_03249	CDS	936				hypothetical protein
IFBJBKOH_03249	gene	936				
IFBJBKOH_03250	CDS	891	sugB_2		COG0395	Trehalose transport system permease protein SugB
IFBJBKOH_03250	gene	891	sugB_2			
IFBJBKOH_03251	CDS	906	araP_4		COG1175	L-arabinose transport system permease protein AraP
IFBJBKOH_03251	gene	906	araP_4			
IFBJBKOH_03252	CDS	1335			COG1653	putative ABC transporter-binding protein
IFBJBKOH_03252	gene	1335				
IFBJBKOH_03253	CDS	2280		2.4.1.211		1,3-beta-galactosyl-N-acetylhexosamine phosphorylase
IFBJBKOH_03253	gene	2280				
IFBJBKOH_03254	CDS	900	rhaR_1			HTH-type transcriptional activator RhaR
IFBJBKOH_03254	gene	900	rhaR_1			
IFBJBKOH_03255	CDS	417				hypothetical protein
IFBJBKOH_03255	gene	417				
IFBJBKOH_03256	CDS	1257			COG1702	PhoH-like protein
IFBJBKOH_03256	gene	1257				
IFBJBKOH_03257	CDS	1464	ybiT_5		COG0488	putative ABC transporter ATP-binding protein YbiT
IFBJBKOH_03257	gene	1464	ybiT_5			
IFBJBKOH_03258	CDS	546			COG0725	Putative binding protein
IFBJBKOH_03258	gene	546				
IFBJBKOH_03259	CDS	840	cysW		COG4208	Sulfate transport system permease protein CysW
IFBJBKOH_03259	gene	840	cysW			
IFBJBKOH_03260	CDS	759	phnT		COG3842	Putative 2-aminoethylphosphonate import ATP-binding protein PhnT
IFBJBKOH_03260	gene	759	phnT			
IFBJBKOH_03261	CDS	417				hypothetical protein
IFBJBKOH_03261	gene	417				
IFBJBKOH_03262	CDS	300				hypothetical protein
IFBJBKOH_03262	gene	300				
IFBJBKOH_03263	CDS	2940				hypothetical protein
IFBJBKOH_03263	gene	2940				
IFBJBKOH_03264	CDS	777	kduD_3	1.1.1.127		2-dehydro-3-deoxy-D-gluconate 5-dehydrogenase
IFBJBKOH_03264	gene	777	kduD_3			
IFBJBKOH_03265	CDS	438		4.2.1.-		D-galactonate dehydratase family member
IFBJBKOH_03265	gene	438				
IFBJBKOH_03266	CDS	654		4.2.1.-	COG4948	D-galactonate dehydratase family member
IFBJBKOH_03266	gene	654				
IFBJBKOH_03267	CDS	1080	gldA	1.1.1.6	COG0371	Glycerol dehydrogenase
IFBJBKOH_03267	gene	1080	gldA			
IFBJBKOH_03268	CDS	492				hypothetical protein
IFBJBKOH_03268	gene	492				
IFBJBKOH_03269	CDS	1275	dctM_8		COG1593	C4-dicarboxylate TRAP transporter large permease protein DctM
IFBJBKOH_03269	gene	1275	dctM_8			
IFBJBKOH_03270	CDS	504	dctQ_2		COG3090	C4-dicarboxylate TRAP transporter small permease protein DctQ
IFBJBKOH_03270	gene	504	dctQ_2			
IFBJBKOH_03271	CDS	1062	yiaO_2		COG1638	2,3-diketo-L-gulonate-binding periplasmic protein YiaO
IFBJBKOH_03271	gene	1062	yiaO_2			
IFBJBKOH_03272	CDS	732	lutR_4		COG2186	HTH-type transcriptional regulator LutR
IFBJBKOH_03272	gene	732	lutR_4			
IFBJBKOH_03273	CDS	1353				hypothetical protein
IFBJBKOH_03273	gene	1353				
IFBJBKOH_03274	CDS	474				hypothetical protein
IFBJBKOH_03274	gene	474				
IFBJBKOH_03275	CDS	759	potA_4	3.6.3.31	COG3842	Spermidine/putrescine import ATP-binding protein PotA
IFBJBKOH_03275	gene	759	potA_4			
IFBJBKOH_03276	CDS	1734	phnV		COG1177	Putative 2-aminoethylphosphonate transport system permease protein PhnV
IFBJBKOH_03276	gene	1734	phnV			
IFBJBKOH_03277	CDS	1146			COG1840	putative protein
IFBJBKOH_03277	gene	1146				
IFBJBKOH_03278	CDS	1389				hypothetical protein
IFBJBKOH_03278	gene	1389				
IFBJBKOH_03279	CDS	321				hypothetical protein
IFBJBKOH_03279	gene	321				
IFBJBKOH_03280	CDS	810				hypothetical protein
IFBJBKOH_03280	gene	810				
IFBJBKOH_03281	CDS	858				hypothetical protein
IFBJBKOH_03281	gene	858				
IFBJBKOH_03282	CDS	186				hypothetical protein
IFBJBKOH_03282	gene	186				
IFBJBKOH_03283	CDS	408				hypothetical protein
IFBJBKOH_03283	gene	408				
IFBJBKOH_03284	CDS	252				hypothetical protein
IFBJBKOH_03284	gene	252				
IFBJBKOH_03285	CDS	204				hypothetical protein
IFBJBKOH_03285	gene	204				
IFBJBKOH_03286	CDS	840	araC_3			Arabinose operon regulatory protein
IFBJBKOH_03286	gene	840	araC_3			
IFBJBKOH_03287	CDS	2502		3.2.1.177	COG1501	Alpha-xylosidase BoGH31A
IFBJBKOH_03287	gene	2502				
IFBJBKOH_03288	CDS	1026			COG1638	Solute-binding protein
IFBJBKOH_03288	gene	1026				
IFBJBKOH_03289	CDS	501	yiaM_1		COG3090	2,3-diketo-L-gulonate TRAP transporter small permease protein YiaM
IFBJBKOH_03289	gene	501	yiaM_1			
IFBJBKOH_03290	CDS	1302	dctM_9		COG1593	C4-dicarboxylate TRAP transporter large permease protein DctM
IFBJBKOH_03290	gene	1302	dctM_9			
IFBJBKOH_03291	CDS	594	yedK	3.4.-.-	COG2135	Putative SOS response-associated peptidase YedK
IFBJBKOH_03291	gene	594	yedK			
IFBJBKOH_03292	CDS	1431		1.8.1.4	COG1249	Dihydrolipoyl dehydrogenase
IFBJBKOH_03292	gene	1431				
IFBJBKOH_03293	CDS	1029	lplA	6.3.1.20	COG0095	Lipoate-protein ligase A
IFBJBKOH_03293	gene	1029	lplA			
IFBJBKOH_03294	CDS	1434	gcvPB_1	1.4.4.2		putative glycine dehydrogenase (decarboxylating) subunit 2
IFBJBKOH_03294	gene	1434	gcvPB_1			
IFBJBKOH_03295	CDS	1368	gcvPA	1.4.4.2		putative glycine dehydrogenase (decarboxylating) subunit 1
IFBJBKOH_03295	gene	1368	gcvPA			
IFBJBKOH_03296	CDS	381	gcvH			Glycine cleavage system H protein
IFBJBKOH_03296	gene	381	gcvH			
IFBJBKOH_03297	CDS	1110	gcvT	2.1.2.10	COG0404	Aminomethyltransferase
IFBJBKOH_03297	gene	1110	gcvT			
IFBJBKOH_03298	CDS	873				hypothetical protein
IFBJBKOH_03298	gene	873				
IFBJBKOH_03299	CDS	435				hypothetical protein
IFBJBKOH_03299	gene	435				
IFBJBKOH_03300	CDS	657				hypothetical protein
IFBJBKOH_03300	gene	657				
IFBJBKOH_03301	CDS	240				hypothetical protein
IFBJBKOH_03301	gene	240				
IFBJBKOH_03302	tRNA	77				tRNA-Arg(cct)
IFBJBKOH_03302	gene	77				
IFBJBKOH_03303	CDS	1461	xerC_10			Tyrosine recombinase XerC
IFBJBKOH_03303	gene	1461	xerC_10			
IFBJBKOH_03304	CDS	201				hypothetical protein
IFBJBKOH_03304	gene	201				
IFBJBKOH_03305	CDS	240				hypothetical protein
IFBJBKOH_03305	gene	240				
IFBJBKOH_03306	CDS	423				hypothetical protein
IFBJBKOH_03306	gene	423				
IFBJBKOH_03307	CDS	537				hypothetical protein
IFBJBKOH_03307	gene	537				
IFBJBKOH_03308	CDS	519				hypothetical protein
IFBJBKOH_03308	gene	519				
IFBJBKOH_03309	CDS	1419	blaR1_2			Regulatory protein BlaR1
IFBJBKOH_03309	gene	1419	blaR1_2			
IFBJBKOH_03310	CDS	414				hypothetical protein
IFBJBKOH_03310	gene	414				
IFBJBKOH_03311	CDS	1458				hypothetical protein
IFBJBKOH_03311	gene	1458				
IFBJBKOH_03312	CDS	1365	dinB_3	2.7.7.7	COG0389	DNA polymerase IV
IFBJBKOH_03312	gene	1365	dinB_3			
IFBJBKOH_03313	CDS	315				hypothetical protein
IFBJBKOH_03313	gene	315				
IFBJBKOH_03314	CDS	549				hypothetical protein
IFBJBKOH_03314	gene	549				
IFBJBKOH_03315	CDS	561	melR_5			Melibiose operon regulatory protein
IFBJBKOH_03315	gene	561	melR_5			
IFBJBKOH_03316	CDS	1335				hypothetical protein
IFBJBKOH_03316	gene	1335				
IFBJBKOH_03317	CDS	471				hypothetical protein
IFBJBKOH_03317	gene	471				
IFBJBKOH_03318	CDS	1380	xylP_4			Isoprimeverose transporter
IFBJBKOH_03318	gene	1380	xylP_4			
IFBJBKOH_03319	CDS	2472		3.2.1.23	COG3250	Beta-galactosidase BoGH2A
IFBJBKOH_03319	gene	2472				
IFBJBKOH_03320	CDS	1530	ganB	3.2.1.89	COG3867	Arabinogalactan endo-beta-1,4-galactanase
IFBJBKOH_03320	gene	1530	ganB			
IFBJBKOH_03321	CDS	531				hypothetical protein
IFBJBKOH_03321	gene	531				
IFBJBKOH_03322	CDS	273				hypothetical protein
IFBJBKOH_03322	gene	273				
IFBJBKOH_03323	CDS	522	spoVT_1		COG2002	Stage V sporulation protein T
IFBJBKOH_03323	gene	522	spoVT_1			
IFBJBKOH_03324	CDS	717				hypothetical protein
IFBJBKOH_03324	gene	717				
IFBJBKOH_03325	CDS	2109				hypothetical protein
IFBJBKOH_03325	gene	2109				
IFBJBKOH_03326	CDS	267				hypothetical protein
IFBJBKOH_03326	gene	267				
IFBJBKOH_03327	CDS	1815				hypothetical protein
IFBJBKOH_03327	gene	1815				
IFBJBKOH_03328	CDS	783				hypothetical protein
IFBJBKOH_03328	gene	783				
IFBJBKOH_03329	CDS	699				Single-stranded DNA-binding protein
IFBJBKOH_03329	gene	699				
IFBJBKOH_03330	CDS	687				hypothetical protein
IFBJBKOH_03330	gene	687				
IFBJBKOH_03331	CDS	339	yjbR_1		COG2315	putative protein YjbR
IFBJBKOH_03331	gene	339	yjbR_1			
IFBJBKOH_03332	CDS	459				hypothetical protein
IFBJBKOH_03332	gene	459				
IFBJBKOH_03333	CDS	375				hypothetical protein
IFBJBKOH_03333	gene	375				
IFBJBKOH_03334	CDS	342				hypothetical protein
IFBJBKOH_03334	gene	342				
IFBJBKOH_03335	CDS	414				hypothetical protein
IFBJBKOH_03335	gene	414				
IFBJBKOH_03336	CDS	444				hypothetical protein
IFBJBKOH_03336	gene	444				
IFBJBKOH_03337	CDS	693				hypothetical protein
IFBJBKOH_03337	gene	693				
IFBJBKOH_03338	CDS	609				hypothetical protein
IFBJBKOH_03338	gene	609				
IFBJBKOH_03339	CDS	408				hypothetical protein
IFBJBKOH_03339	gene	408				
IFBJBKOH_03340	CDS	276				hypothetical protein
IFBJBKOH_03340	gene	276				
IFBJBKOH_03341	CDS	3306	tee6			Trypsin-resistant surface T6 protein
IFBJBKOH_03341	gene	3306	tee6			
IFBJBKOH_03342	CDS	2721				hypothetical protein
IFBJBKOH_03342	gene	2721				
IFBJBKOH_03343	CDS	147				hypothetical protein
IFBJBKOH_03343	gene	147				
IFBJBKOH_03344	CDS	453				hypothetical protein
IFBJBKOH_03344	gene	453				
IFBJBKOH_03345	CDS	174				hypothetical protein
IFBJBKOH_03345	gene	174				
IFBJBKOH_03346	CDS	270				hypothetical protein
IFBJBKOH_03346	gene	270				
IFBJBKOH_03347	CDS	642				hypothetical protein
IFBJBKOH_03347	gene	642				
IFBJBKOH_03348	CDS	366				hypothetical protein
IFBJBKOH_03348	gene	366				
IFBJBKOH_03349	CDS	813				hypothetical protein
IFBJBKOH_03349	gene	813				
IFBJBKOH_03350	CDS	1131				hypothetical protein
IFBJBKOH_03350	gene	1131				
IFBJBKOH_03351	CDS	408				hypothetical protein
IFBJBKOH_03351	gene	408				
IFBJBKOH_03352	CDS	294				hypothetical protein
IFBJBKOH_03352	gene	294				
IFBJBKOH_03353	CDS	1335				hypothetical protein
IFBJBKOH_03353	gene	1335				
IFBJBKOH_03354	CDS	582				hypothetical protein
IFBJBKOH_03354	gene	582				
IFBJBKOH_03355	CDS	573				hypothetical protein
IFBJBKOH_03355	gene	573				
IFBJBKOH_03356	CDS	2460				hypothetical protein
IFBJBKOH_03356	gene	2460				
IFBJBKOH_03357	CDS	237				hypothetical protein
IFBJBKOH_03357	gene	237				
IFBJBKOH_03358	CDS	333				hypothetical protein
IFBJBKOH_03358	gene	333				
IFBJBKOH_03359	CDS	429				hypothetical protein
IFBJBKOH_03359	gene	429				
IFBJBKOH_03360	CDS	1410				hypothetical protein
IFBJBKOH_03360	gene	1410				
IFBJBKOH_03361	CDS	234				hypothetical protein
IFBJBKOH_03361	gene	234				
IFBJBKOH_03362	CDS	480				hypothetical protein
IFBJBKOH_03362	gene	480				
IFBJBKOH_03363	CDS	489				hypothetical protein
IFBJBKOH_03363	gene	489				
IFBJBKOH_03364	CDS	456				hypothetical protein
IFBJBKOH_03364	gene	456				
IFBJBKOH_03365	CDS	888				hypothetical protein
IFBJBKOH_03365	gene	888				
IFBJBKOH_03366	CDS	420				hypothetical protein
IFBJBKOH_03366	gene	420				
IFBJBKOH_03367	CDS	1065				hypothetical protein
IFBJBKOH_03367	gene	1065				
IFBJBKOH_03368	CDS	783				hypothetical protein
IFBJBKOH_03368	gene	783				
IFBJBKOH_03369	CDS	1569				hypothetical protein
IFBJBKOH_03369	gene	1569				
IFBJBKOH_03370	CDS	1764				hypothetical protein
IFBJBKOH_03370	gene	1764				
IFBJBKOH_03371	CDS	561				hypothetical protein
IFBJBKOH_03371	gene	561				
IFBJBKOH_03372	CDS	315				hypothetical protein
IFBJBKOH_03372	gene	315				
IFBJBKOH_03373	CDS	354				hypothetical protein
IFBJBKOH_03373	gene	354				
IFBJBKOH_03374	CDS	348				hypothetical protein
IFBJBKOH_03374	gene	348				
IFBJBKOH_03375	CDS	336				hypothetical protein
IFBJBKOH_03375	gene	336				
IFBJBKOH_03376	CDS	855	lytA_11	3.5.1.28		Autolysin
IFBJBKOH_03376	gene	855	lytA_11			
IFBJBKOH_03377	CDS	705				hypothetical protein
IFBJBKOH_03377	gene	705				
IFBJBKOH_03378	CDS	264				hypothetical protein
IFBJBKOH_03378	gene	264				
IFBJBKOH_03379	CDS	261				hypothetical protein
IFBJBKOH_03379	gene	261				
IFBJBKOH_03380	CDS	513				hypothetical protein
IFBJBKOH_03380	gene	513				
IFBJBKOH_03381	CDS	309				hypothetical protein
IFBJBKOH_03381	gene	309				
IFBJBKOH_03382	CDS	231				hypothetical protein
IFBJBKOH_03382	gene	231				
IFBJBKOH_03383	CDS	213				hypothetical protein
IFBJBKOH_03383	gene	213				
IFBJBKOH_03384	CDS	219				hypothetical protein
IFBJBKOH_03384	gene	219				
IFBJBKOH_03385	CDS	186				hypothetical protein
IFBJBKOH_03385	gene	186				
IFBJBKOH_03386	CDS	1230				hypothetical protein
IFBJBKOH_03386	gene	1230				
IFBJBKOH_03387	CDS	291				hypothetical protein
IFBJBKOH_03387	gene	291				
IFBJBKOH_03388	CDS	306				hypothetical protein
IFBJBKOH_03388	gene	306				
IFBJBKOH_03389	CDS	273				hypothetical protein
IFBJBKOH_03389	gene	273				
IFBJBKOH_03390	CDS	387				hypothetical protein
IFBJBKOH_03390	gene	387				
IFBJBKOH_03391	CDS	207				hypothetical protein
IFBJBKOH_03391	gene	207				
IFBJBKOH_03392	CDS	285				hypothetical protein
IFBJBKOH_03392	gene	285				
IFBJBKOH_03393	CDS	432				hypothetical protein
IFBJBKOH_03393	gene	432				
IFBJBKOH_03394	CDS	285				hypothetical protein
IFBJBKOH_03394	gene	285				
IFBJBKOH_03395	CDS	1050				hypothetical protein
IFBJBKOH_03395	gene	1050				
IFBJBKOH_03396	CDS	2061				hypothetical protein
IFBJBKOH_03396	gene	2061				
IFBJBKOH_03397	CDS	216				hypothetical protein
IFBJBKOH_03397	gene	216				
IFBJBKOH_03398	CDS	180				hypothetical protein
IFBJBKOH_03398	gene	180				
IFBJBKOH_03399	CDS	477				hypothetical protein
IFBJBKOH_03399	gene	477				
IFBJBKOH_03400	CDS	189				hypothetical protein
IFBJBKOH_03400	gene	189				
IFBJBKOH_03401	CDS	564				hypothetical protein
IFBJBKOH_03401	gene	564				
IFBJBKOH_03402	CDS	447	mntR_4		COG1321	Transcriptional regulator MntR
IFBJBKOH_03402	gene	447	mntR_4			
IFBJBKOH_03403	CDS	549	ubiE	2.1.1.163	COG2226	Ubiquinone/menaquinone biosynthesis C-methyltransferase UbiE
IFBJBKOH_03403	gene	549	ubiE			
IFBJBKOH_03404	CDS	1353	mepA_10			Multidrug export protein MepA
IFBJBKOH_03404	gene	1353	mepA_10			
IFBJBKOH_03405	CDS	1743		3.6.3.-		Putative multidrug export ATP-binding/permease protein
IFBJBKOH_03405	gene	1743				
IFBJBKOH_03406	CDS	1734		3.6.3.-		Putative multidrug export ATP-binding/permease protein
IFBJBKOH_03406	gene	1734				
IFBJBKOH_03407	CDS	1182	fieF_1		COG0053	Ferrous-iron efflux pump FieF
IFBJBKOH_03407	gene	1182	fieF_1			
IFBJBKOH_03408	CDS	570	kstR2_1			HTH-type transcriptional repressor KstR2
IFBJBKOH_03408	gene	570	kstR2_1			
IFBJBKOH_03409	CDS	1470	norG		COG1167	HTH-type transcriptional regulator NorG
IFBJBKOH_03409	gene	1470	norG			
IFBJBKOH_03410	CDS	609	argO		COG1279	Arginine exporter protein ArgO
IFBJBKOH_03410	gene	609	argO			
IFBJBKOH_03411	CDS	333				hypothetical protein
IFBJBKOH_03411	gene	333				
IFBJBKOH_03412	CDS	360				hypothetical protein
IFBJBKOH_03412	gene	360				
IFBJBKOH_03413	CDS	870	map_2	3.4.11.18	COG0024	Methionine aminopeptidase
IFBJBKOH_03413	gene	870	map_2			
IFBJBKOH_03414	CDS	360	tetD_2			Transposon Tn10 TetD protein
IFBJBKOH_03414	gene	360	tetD_2			
IFBJBKOH_03415	CDS	1428				hypothetical protein
IFBJBKOH_03415	gene	1428				
IFBJBKOH_03416	CDS	132				hypothetical protein
IFBJBKOH_03416	gene	132				
IFBJBKOH_03417	CDS	132				hypothetical protein
IFBJBKOH_03417	gene	132				
IFBJBKOH_03418	CDS	1071				hypothetical protein
IFBJBKOH_03418	gene	1071				
IFBJBKOH_03419	CDS	276	bceB		COG0577	Bacitracin export permease protein BceB
IFBJBKOH_03419	gene	276	bceB			
IFBJBKOH_03420	CDS	771	bceA_1		COG1136	Bacitracin export ATP-binding protein BceA
IFBJBKOH_03420	gene	771	bceA_1			
IFBJBKOH_03421	CDS	1014	graS	2.7.13.3	COG0642	Sensor histidine kinase GraS
IFBJBKOH_03421	gene	1014	graS			
IFBJBKOH_03422	CDS	663	graR		COG0745	Response regulator protein GraR
IFBJBKOH_03422	gene	663	graR			
IFBJBKOH_03423	CDS	411				hypothetical protein
IFBJBKOH_03423	gene	411				
IFBJBKOH_03424	CDS	846				hypothetical protein
IFBJBKOH_03424	gene	846				
IFBJBKOH_03425	CDS	594				hypothetical protein
IFBJBKOH_03425	gene	594				
IFBJBKOH_03426	CDS	294				hypothetical protein
IFBJBKOH_03426	gene	294				
IFBJBKOH_03427	CDS	417				hypothetical protein
IFBJBKOH_03427	gene	417				
IFBJBKOH_03428	CDS	411				hypothetical protein
IFBJBKOH_03428	gene	411				
IFBJBKOH_03429	CDS	708	bacC	1.1.1.385		Dihydroanticapsin 7-dehydrogenase
IFBJBKOH_03429	gene	708	bacC			
IFBJBKOH_03430	CDS	147				hypothetical protein
IFBJBKOH_03430	gene	147				
IFBJBKOH_03431	CDS	1359				hypothetical protein
IFBJBKOH_03431	gene	1359				
IFBJBKOH_03432	CDS	309				hypothetical protein
IFBJBKOH_03432	gene	309				
IFBJBKOH_03433	CDS	1107	ftsH_2	3.4.24.-	COG0465	ATP-dependent zinc metalloprotease FtsH
IFBJBKOH_03433	gene	1107	ftsH_2			
IFBJBKOH_03434	CDS	2271				hypothetical protein
IFBJBKOH_03434	gene	2271				
IFBJBKOH_03435	CDS	1620				hypothetical protein
IFBJBKOH_03435	gene	1620				
IFBJBKOH_03436	CDS	363				hypothetical protein
IFBJBKOH_03436	gene	363				
IFBJBKOH_03437	CDS	372				hypothetical protein
IFBJBKOH_03437	gene	372				
IFBJBKOH_03438	CDS	1053				hypothetical protein
IFBJBKOH_03438	gene	1053				
IFBJBKOH_03439	CDS	615				hypothetical protein
IFBJBKOH_03439	gene	615				
IFBJBKOH_03440	CDS	279				hypothetical protein
IFBJBKOH_03440	gene	279				
IFBJBKOH_03441	CDS	279				hypothetical protein
IFBJBKOH_03441	gene	279				
IFBJBKOH_03442	CDS	489				hypothetical protein
IFBJBKOH_03442	gene	489				
IFBJBKOH_03443	CDS	270				hypothetical protein
IFBJBKOH_03443	gene	270				
IFBJBKOH_03444	CDS	396				hypothetical protein
IFBJBKOH_03444	gene	396				
IFBJBKOH_03445	CDS	1293				hypothetical protein
IFBJBKOH_03445	gene	1293				
IFBJBKOH_03446	CDS	1512	hin_2		COG1961	DNA-invertase hin
IFBJBKOH_03446	gene	1512	hin_2			
IFBJBKOH_03447	CDS	942	pre_2			Plasmid recombination enzyme
IFBJBKOH_03447	gene	942	pre_2			
IFBJBKOH_03448	CDS	387				hypothetical protein
IFBJBKOH_03448	gene	387				
IFBJBKOH_03449	CDS	414				hypothetical protein
IFBJBKOH_03449	gene	414				
IFBJBKOH_03450	CDS	900	tetD_3			Transposon Tn10 TetD protein
IFBJBKOH_03450	gene	900	tetD_3			
IFBJBKOH_03451	CDS	450				hypothetical protein
IFBJBKOH_03451	gene	450				
IFBJBKOH_03452	CDS	507				hypothetical protein
IFBJBKOH_03452	gene	507				
IFBJBKOH_03453	CDS	801	immR_6		COG1396	HTH-type transcriptional regulator ImmR
IFBJBKOH_03453	gene	801	immR_6			
IFBJBKOH_03454	CDS	447				hypothetical protein
IFBJBKOH_03454	gene	447				
IFBJBKOH_03455	CDS	408				hypothetical protein
IFBJBKOH_03455	gene	408				
IFBJBKOH_03456	CDS	153				hypothetical protein
IFBJBKOH_03456	gene	153				
IFBJBKOH_03457	CDS	240				hypothetical protein
IFBJBKOH_03457	gene	240				
IFBJBKOH_03458	CDS	420				hypothetical protein
IFBJBKOH_03458	gene	420				
IFBJBKOH_03459	CDS	267				Ferredoxin-2
IFBJBKOH_03459	gene	267				
IFBJBKOH_03460	CDS	537	nfrA2	1.5.1.39	COG0778	FMN reductase [NAD(P)H]
IFBJBKOH_03460	gene	537	nfrA2			
IFBJBKOH_03461	CDS	909				hypothetical protein
IFBJBKOH_03461	gene	909				
IFBJBKOH_03462	CDS	1566	recF_4			DNA replication and repair protein RecF
IFBJBKOH_03462	gene	1566	recF_4			
IFBJBKOH_03463	CDS	819				hypothetical protein
IFBJBKOH_03463	gene	819				
IFBJBKOH_03464	CDS	1941				hypothetical protein
IFBJBKOH_03464	gene	1941				
IFBJBKOH_03465	CDS	1425	tnsC_3			Transposon Tn7 transposition protein TnsC
IFBJBKOH_03465	gene	1425	tnsC_3			
IFBJBKOH_03466	CDS	2175	tnsB_3			Transposon Tn7 transposition protein TnsB
IFBJBKOH_03466	gene	2175	tnsB_3			
IFBJBKOH_03467	CDS	813	tnsA_3			Transposon Tn7 transposition protein TnsA
IFBJBKOH_03467	gene	813	tnsA_3			
IFBJBKOH_03468	CDS	1002	iap_4	3.4.-.-	COG0791	putative endopeptidase p60
IFBJBKOH_03468	gene	1002	iap_4			
IFBJBKOH_03469	CDS	2373				hypothetical protein
IFBJBKOH_03469	gene	2373				
IFBJBKOH_03470	CDS	1383				hypothetical protein
IFBJBKOH_03470	gene	1383				
IFBJBKOH_03471	CDS	612				hypothetical protein
IFBJBKOH_03471	gene	612				
IFBJBKOH_03472	CDS	771				hypothetical protein
IFBJBKOH_03472	gene	771				
IFBJBKOH_03473	CDS	1458				hypothetical protein
IFBJBKOH_03473	gene	1458				
IFBJBKOH_03474	CDS	483				hypothetical protein
IFBJBKOH_03474	gene	483				
IFBJBKOH_03475	CDS	363				hypothetical protein
IFBJBKOH_03475	gene	363				
IFBJBKOH_03476	CDS	537				hypothetical protein
IFBJBKOH_03476	gene	537				
IFBJBKOH_03477	CDS	357				hypothetical protein
IFBJBKOH_03477	gene	357				
IFBJBKOH_03478	CDS	222				hypothetical protein
IFBJBKOH_03478	gene	222				
IFBJBKOH_03479	CDS	879				hypothetical protein
IFBJBKOH_03479	gene	879				
IFBJBKOH_03480	CDS	813				hypothetical protein
IFBJBKOH_03480	gene	813				
IFBJBKOH_03481	CDS	1014			COG0630	Type IV secretion system protein VirB11
IFBJBKOH_03481	gene	1014				
IFBJBKOH_03482	CDS	1389				hypothetical protein
IFBJBKOH_03482	gene	1389				
IFBJBKOH_03483	CDS	198				hypothetical protein
IFBJBKOH_03483	gene	198				
IFBJBKOH_03484	CDS	831				hypothetical protein
IFBJBKOH_03484	gene	831				
IFBJBKOH_03485	CDS	111				hypothetical protein
IFBJBKOH_03485	gene	111				
IFBJBKOH_03486	CDS	351				hypothetical protein
IFBJBKOH_03486	gene	351				
IFBJBKOH_03487	CDS	465				hypothetical protein
IFBJBKOH_03487	gene	465				
IFBJBKOH_03488	CDS	504	comC_2			Type 4 prepilin-like proteins leader peptide-processing enzyme
IFBJBKOH_03488	gene	504	comC_2			
IFBJBKOH_03489	CDS	1194				hypothetical protein
IFBJBKOH_03489	gene	1194				
IFBJBKOH_03490	CDS	441				hypothetical protein
IFBJBKOH_03490	gene	441				
IFBJBKOH_03491	CDS	162				hypothetical protein
IFBJBKOH_03491	gene	162				
IFBJBKOH_03492	CDS	567				hypothetical protein
IFBJBKOH_03492	gene	567				
IFBJBKOH_03493	CDS	501				hypothetical protein
IFBJBKOH_03493	gene	501				
IFBJBKOH_03494	CDS	486				hypothetical protein
IFBJBKOH_03494	gene	486				
IFBJBKOH_03495	CDS	201				hypothetical protein
IFBJBKOH_03495	gene	201				
IFBJBKOH_03496	CDS	1350				hypothetical protein
IFBJBKOH_03496	gene	1350				
IFBJBKOH_03497	CDS	525				hypothetical protein
IFBJBKOH_03497	gene	525				
IFBJBKOH_03498	CDS	669				hypothetical protein
IFBJBKOH_03498	gene	669				
IFBJBKOH_03499	CDS	954				hypothetical protein
IFBJBKOH_03499	gene	954				
IFBJBKOH_03500	CDS	366				hypothetical protein
IFBJBKOH_03500	gene	366				
IFBJBKOH_03501	CDS	510				hypothetical protein
IFBJBKOH_03501	gene	510				
IFBJBKOH_03502	CDS	810				hypothetical protein
IFBJBKOH_03502	gene	810				
IFBJBKOH_03503	CDS	975	queC	6.3.4.20		7-cyano-7-deazaguanine synthase
IFBJBKOH_03503	gene	975	queC			
IFBJBKOH_03504	CDS	1425	rpsA_2		COG0539	30S ribosomal protein S1
IFBJBKOH_03504	gene	1425	rpsA_2			
IFBJBKOH_03505	CDS	1929	traG_2			Conjugal transfer protein TraG
IFBJBKOH_03505	gene	1929	traG_2			
IFBJBKOH_03506	CDS	1557				hypothetical protein
IFBJBKOH_03506	gene	1557				
IFBJBKOH_03507	CDS	747				Insertion sequence IS5376 putative ATP-binding protein
IFBJBKOH_03507	gene	747				
IFBJBKOH_03508	CDS	1026				hypothetical protein
IFBJBKOH_03508	gene	1026				
IFBJBKOH_03509	CDS	663				hypothetical protein
IFBJBKOH_03509	gene	663				
IFBJBKOH_03510	CDS	537				hypothetical protein
IFBJBKOH_03510	gene	537				
IFBJBKOH_03511	CDS	1182				hypothetical protein
IFBJBKOH_03511	gene	1182				
IFBJBKOH_03512	CDS	1167				hypothetical protein
IFBJBKOH_03512	gene	1167				
IFBJBKOH_03513	CDS	393				hypothetical protein
IFBJBKOH_03513	gene	393				
IFBJBKOH_03514	CDS	1428	ltrA_17		COG3344	Group II intron-encoded protein LtrA
IFBJBKOH_03514	gene	1428	ltrA_17			
IFBJBKOH_03515	CDS	198				hypothetical protein
IFBJBKOH_03515	gene	198				
IFBJBKOH_03516	CDS	174				hypothetical protein
IFBJBKOH_03516	gene	174				
IFBJBKOH_03517	CDS	183				hypothetical protein
IFBJBKOH_03517	gene	183				
IFBJBKOH_03518	CDS	315				hypothetical protein
IFBJBKOH_03518	gene	315				
IFBJBKOH_03519	CDS	852				hypothetical protein
IFBJBKOH_03519	gene	852				
IFBJBKOH_03520	CDS	843				hypothetical protein
IFBJBKOH_03520	gene	843				
IFBJBKOH_03521	CDS	420				hypothetical protein
IFBJBKOH_03521	gene	420				
IFBJBKOH_03522	CDS	981	iolU_1	1.1.1.371	COG0673	scyllo-inositol 2-dehydrogenase (NADP(+)) IolU
IFBJBKOH_03522	gene	981	iolU_1			
IFBJBKOH_03523	CDS	618				hypothetical protein
IFBJBKOH_03523	gene	618				
IFBJBKOH_03524	CDS	792	kefB_2			Glutathione-regulated potassium-efflux system protein KefB
IFBJBKOH_03524	gene	792	kefB_2			
IFBJBKOH_03525	CDS	969				hypothetical protein
IFBJBKOH_03525	gene	969				
IFBJBKOH_03526	CDS	384				hypothetical protein
IFBJBKOH_03526	gene	384				
IFBJBKOH_03527	CDS	978	ugpB_2		COG1653	sn-glycerol-3-phosphate-binding periplasmic protein UgpB
IFBJBKOH_03527	gene	978	ugpB_2			
IFBJBKOH_03528	CDS	684				hypothetical protein
IFBJBKOH_03528	gene	684				
IFBJBKOH_03529	CDS	417	araQ_10		COG0395	L-arabinose transport system permease protein AraQ
IFBJBKOH_03529	gene	417	araQ_10			
IFBJBKOH_03530	CDS	471	ugpA_4		COG1175	sn-glycerol-3-phosphate transport system permease protein UgpA
IFBJBKOH_03530	gene	471	ugpA_4			
IFBJBKOH_03531	CDS	1122	malK_2	3.6.3.19	COG3839	Maltose/maltodextrin import ATP-binding protein MalK
IFBJBKOH_03531	gene	1122	malK_2			
IFBJBKOH_03532	CDS	1197	icd	1.1.1.42	COG0538	Isocitrate dehydrogenase [NADP]
IFBJBKOH_03532	gene	1197	icd			
IFBJBKOH_03533	CDS	207	trpB_1	4.2.1.20	COG0133	Tryptophan synthase beta chain
IFBJBKOH_03533	gene	207	trpB_1			
IFBJBKOH_03534	CDS	519		4.4.1.11	COG0626	L-methionine gamma-lyase
IFBJBKOH_03534	gene	519				
IFBJBKOH_03535	CDS	435	mgl_2	4.4.1.11	COG0626	L-methionine gamma-lyase
IFBJBKOH_03535	gene	435	mgl_2			
IFBJBKOH_03536	CDS	831	marA_1			Multiple antibiotic resistance protein MarA
IFBJBKOH_03536	gene	831	marA_1			
IFBJBKOH_03537	CDS	1263	rocG	1.4.1.2	COG0334	Catabolic NAD-specific glutamate dehydrogenase RocG
IFBJBKOH_03537	gene	1263	rocG			
IFBJBKOH_03538	CDS	1287			COG1167	Putative aminotransferase/MSMEI_6121
IFBJBKOH_03538	gene	1287				
IFBJBKOH_03539	CDS	966	cynR_9			HTH-type transcriptional regulator CynR
IFBJBKOH_03539	gene	966	cynR_9			
IFBJBKOH_03540	CDS	1890				hypothetical protein
IFBJBKOH_03540	gene	1890				
IFBJBKOH_03541	CDS	219				hypothetical protein
IFBJBKOH_03541	gene	219				
IFBJBKOH_03542	CDS	297				hypothetical protein
IFBJBKOH_03542	gene	297				
IFBJBKOH_03543	CDS	618		1.11.1.6		Manganese catalase
IFBJBKOH_03543	gene	618				
IFBJBKOH_03544	CDS	699	gntR_1			putative D-xylose utilization operon transcriptional repressor
IFBJBKOH_03544	gene	699	gntR_1			
IFBJBKOH_03545	CDS	1164				hypothetical protein
IFBJBKOH_03545	gene	1164				
IFBJBKOH_03546	CDS	1335	gdh	1.4.1.4	COG0334	NADP-specific glutamate dehydrogenase
IFBJBKOH_03546	gene	1335	gdh			
IFBJBKOH_03547	CDS	312				hypothetical protein
IFBJBKOH_03547	gene	312				
IFBJBKOH_03548	CDS	1458				hypothetical protein
IFBJBKOH_03548	gene	1458				
IFBJBKOH_03549	tRNA	89				tRNA-Ser(gct)
IFBJBKOH_03549	gene	89				
IFBJBKOH_03550	tRNA	88				tRNA-Tyr(gta)
IFBJBKOH_03550	gene	88				
IFBJBKOH_03551	CDS	186				hypothetical protein
IFBJBKOH_03551	gene	186				
IFBJBKOH_03552	CDS	1236	rtcB	6.5.1.-	COG1690	RNA-splicing ligase RtcB
IFBJBKOH_03552	gene	1236	rtcB			
IFBJBKOH_03553	CDS	1104				hypothetical protein
IFBJBKOH_03553	gene	1104				
IFBJBKOH_03554	CDS	261				hypothetical protein
IFBJBKOH_03554	gene	261				
IFBJBKOH_03555	CDS	261				hypothetical protein
IFBJBKOH_03555	gene	261				
IFBJBKOH_03556	CDS	2613	adhE_3		COG1012	Aldehyde-alcohol dehydrogenase
IFBJBKOH_03556	gene	2613	adhE_3			
IFBJBKOH_03557	CDS	1188	metK_2	2.5.1.6		S-adenosylmethionine synthase
IFBJBKOH_03557	gene	1188	metK_2			
IFBJBKOH_03558	CDS	1845	mggB	3.1.3.-	COG0737	Mannosylglucosyl-3-phosphoglycerate phosphatase
IFBJBKOH_03558	gene	1845	mggB			
IFBJBKOH_03559	CDS	1023				hypothetical protein
IFBJBKOH_03559	gene	1023				
IFBJBKOH_03560	CDS	1293	murAB	2.5.1.7	COG0766	UDP-N-acetylglucosamine 1-carboxyvinyltransferase 2
IFBJBKOH_03560	gene	1293	murAB			
IFBJBKOH_03561	CDS	2481				hypothetical protein
IFBJBKOH_03561	gene	2481				
IFBJBKOH_03562	CDS	1023	bag			IgA FC receptor
IFBJBKOH_03562	gene	1023	bag			
IFBJBKOH_03563	CDS	513				hypothetical protein
IFBJBKOH_03563	gene	513				
IFBJBKOH_03564	CDS	921	parB_2		COG1475	putative chromosome-partitioning protein ParB
IFBJBKOH_03564	gene	921	parB_2			
IFBJBKOH_03565	CDS	771	soj_3	3.6.-.-	COG1192	Sporulation initiation inhibitor protein Soj
IFBJBKOH_03565	gene	771	soj_3			
IFBJBKOH_03566	CDS	951	carC	3.7.1.13		2-hydroxy-6-oxo-6-(2'-aminophenyl)hexa-2,4-dienoic acid hydrolase
IFBJBKOH_03566	gene	951	carC			
IFBJBKOH_03567	CDS	831	nfo_1	3.1.21.2	COG0648	putative endonuclease 4
IFBJBKOH_03567	gene	831	nfo_1			
IFBJBKOH_03568	CDS	780	rsmG	2.1.1.-	COG0357	Ribosomal RNA small subunit methyltransferase G
IFBJBKOH_03568	gene	780	rsmG			
IFBJBKOH_03569	CDS	1878	mnmG			tRNA uridine 5-carboxymethylaminomethyl modification enzyme MnmG
IFBJBKOH_03569	gene	1878	mnmG			
IFBJBKOH_03570	CDS	1380	mnmE_1	3.6.-.-	COG0486	tRNA modification GTPase MnmE
IFBJBKOH_03570	gene	1380	mnmE_1			
IFBJBKOH_03571	CDS	792				hypothetical protein
IFBJBKOH_03571	gene	792				
IFBJBKOH_03572	CDS	1317	yidC2		COG0706	Membrane protein insertase YidC 2
IFBJBKOH_03572	gene	1317	yidC2			
IFBJBKOH_03573	CDS	345	rnpA	3.1.26.5	COG0594	Ribonuclease P protein component
IFBJBKOH_03573	gene	345	rnpA			
IFBJBKOH_03574	CDS	642	panT		COG4684	Pantothenic acid transporter PanT
IFBJBKOH_03574	gene	642	panT			
IFBJBKOH_03575	CDS	1371	dnaA		COG0593	Chromosomal replication initiator protein DnaA
IFBJBKOH_03575	gene	1371	dnaA			
IFBJBKOH_03576	CDS	1119	dnaN			Beta sliding clamp
IFBJBKOH_03576	gene	1119	dnaN			
IFBJBKOH_03577	CDS	210				hypothetical protein
IFBJBKOH_03577	gene	210				
IFBJBKOH_03578	CDS	1086	recF_5		COG1195	DNA replication and repair protein RecF
IFBJBKOH_03578	gene	1086	recF_5			
IFBJBKOH_03579	CDS	1914	gyrB_2	5.99.1.3	COG0187	DNA gyrase subunit B
IFBJBKOH_03579	gene	1914	gyrB_2			
IFBJBKOH_03580	CDS	2547	gyrA_1	5.99.1.3	COG0188	DNA gyrase subunit A
IFBJBKOH_03580	gene	2547	gyrA_1			
IFBJBKOH_03581	CDS	237			COG2200	putative signaling protein
IFBJBKOH_03581	gene	237				
IFBJBKOH_03582	CDS	843	ttdA	4.2.1.32	COG1951	L(+)-tartrate dehydratase subunit alpha
IFBJBKOH_03582	gene	843	ttdA			
IFBJBKOH_03583	CDS	552	fumB	4.2.1.2	COG1838	Fumarate hydratase class I, anaerobic
IFBJBKOH_03583	gene	552	fumB			
IFBJBKOH_03584	CDS	732	plsC_2	2.3.1.51	COG0204	1-acyl-sn-glycerol-3-phosphate acyltransferase
IFBJBKOH_03584	gene	732	plsC_2			
IFBJBKOH_03585	tRNA	89				tRNA-Ser(gct)
IFBJBKOH_03585	gene	89				
IFBJBKOH_03586	rRNA	1528				16S ribosomal RNA
IFBJBKOH_03586	gene	1528				
IFBJBKOH_03587	rRNA	2885				23S ribosomal RNA
IFBJBKOH_03587	gene	2885				
IFBJBKOH_03588	tRNA	76				tRNA-Asp(gtc)
IFBJBKOH_03588	gene	76				
IFBJBKOH_03589	tRNA	75				tRNA-Val(tac)
IFBJBKOH_03589	gene	75				
IFBJBKOH_03590	tRNA	82				tRNA-Tyr(gta)
IFBJBKOH_03590	gene	82				
IFBJBKOH_03591	tRNA	74				tRNA-Met(cat)
IFBJBKOH_03591	gene	74				
IFBJBKOH_03592	tRNA	76				tRNA-Lys(ttt)
IFBJBKOH_03592	gene	76				
IFBJBKOH_03593	tRNA	74				tRNA-Phe(gaa)
IFBJBKOH_03593	gene	74				
IFBJBKOH_03594	CDS	1806				hypothetical protein
IFBJBKOH_03594	gene	1806				
IFBJBKOH_03595	CDS	243				hypothetical protein
IFBJBKOH_03595	gene	243				
IFBJBKOH_03596	CDS	423				hypothetical protein
IFBJBKOH_03596	gene	423				
IFBJBKOH_03597	CDS	1755	thrZ	6.1.1.3	COG0441	Threonine--tRNA ligase 2
IFBJBKOH_03597	gene	1755	thrZ			
IFBJBKOH_03598	CDS	1032	degA_3		COG1609	HTH-type transcriptional regulator DegA
IFBJBKOH_03598	gene	1032	degA_3			
IFBJBKOH_03599	CDS	1425	lcfB_2	6.2.1.3	COG0318	Long-chain-fatty-acid--CoA ligase
IFBJBKOH_03599	gene	1425	lcfB_2			
IFBJBKOH_03600	CDS	366		6.2.1.3	COG0318	Long-chain-fatty-acid--CoA ligase FadD13
IFBJBKOH_03600	gene	366				
IFBJBKOH_03601	CDS	1584	carA_2	2.8.3.23	COG4670	Caffeate CoA-transferase
IFBJBKOH_03601	gene	1584	carA_2			
IFBJBKOH_03602	CDS	849	hbd_2	1.1.1.157	COG1250	3-hydroxybutyryl-CoA dehydrogenase
IFBJBKOH_03602	gene	849	hbd_2			
IFBJBKOH_03603	CDS	1182	thlA_2	2.3.1.9	COG0183	Acetyl-CoA acetyltransferase
IFBJBKOH_03603	gene	1182	thlA_2			
IFBJBKOH_03604	CDS	1956	licR_1		COG1762	putative licABCH operon regulator
IFBJBKOH_03604	gene	1956	licR_1			
IFBJBKOH_03605	CDS	474	ltrA_18		COG3344	Group II intron-encoded protein LtrA
IFBJBKOH_03605	gene	474	ltrA_18			
IFBJBKOH_03606	CDS	1494				hypothetical protein
IFBJBKOH_03606	gene	1494				
IFBJBKOH_03607	CDS	321				hypothetical protein
IFBJBKOH_03607	gene	321				
IFBJBKOH_03608	CDS	1050	ltrA_19		COG3344	Group II intron-encoded protein LtrA
IFBJBKOH_03608	gene	1050	ltrA_19			
IFBJBKOH_03609	CDS	336				hypothetical protein
IFBJBKOH_03609	gene	336				
IFBJBKOH_03610	CDS	393				hypothetical protein
IFBJBKOH_03610	gene	393				
IFBJBKOH_03611	CDS	396				hypothetical protein
IFBJBKOH_03611	gene	396				
IFBJBKOH_03612	CDS	1551			COG4753	putative response regulatory protein
IFBJBKOH_03612	gene	1551				
IFBJBKOH_03613	CDS	1716	btsS_7	2.7.13.3	COG3275	Sensor histidine kinase BtsS
IFBJBKOH_03613	gene	1716	btsS_7			
IFBJBKOH_03614	CDS	1008	ugpA_5		COG1175	sn-glycerol-3-phosphate transport system permease protein UgpA
IFBJBKOH_03614	gene	1008	ugpA_5			
IFBJBKOH_03615	CDS	846	araQ_11		COG0395	L-arabinose transport system permease protein AraQ
IFBJBKOH_03615	gene	846	araQ_11			
IFBJBKOH_03616	CDS	2139	bgaB	3.2.1.23		Beta-galactosidase bgaB
IFBJBKOH_03616	gene	2139	bgaB			
IFBJBKOH_03617	CDS	1203	msmE_4		COG1653	Multiple sugar-binding protein
IFBJBKOH_03617	gene	1203	msmE_4			
IFBJBKOH_03618	CDS	735		3.5.2.6		Metallo-beta-lactamase L1 type 3
IFBJBKOH_03618	gene	735				
IFBJBKOH_03619	CDS	834	ycdF_1	1.1.1.47	COG1028	Glucose 1-dehydrogenase 2
IFBJBKOH_03619	gene	834	ycdF_1			
IFBJBKOH_03620	CDS	525				hypothetical protein
IFBJBKOH_03620	gene	525				
IFBJBKOH_03621	CDS	1503				hypothetical protein
IFBJBKOH_03621	gene	1503				
IFBJBKOH_03622	CDS	183				hypothetical protein
IFBJBKOH_03622	gene	183				
IFBJBKOH_03623	CDS	396				hypothetical protein
IFBJBKOH_03623	gene	396				
IFBJBKOH_03624	CDS	150				hypothetical protein
IFBJBKOH_03624	gene	150				
IFBJBKOH_03625	CDS	963	hprA_5	1.1.1.29	COG1052	Glycerate dehydrogenase
IFBJBKOH_03625	gene	963	hprA_5			
IFBJBKOH_03626	CDS	1179	adh2_3	1.1.1.192	COG1979	Long-chain-alcohol dehydrogenase 2
IFBJBKOH_03626	gene	1179	adh2_3			
IFBJBKOH_03627	CDS	453	fruA_2		COG1299	PTS system fructose-specific EIIABC component
IFBJBKOH_03627	gene	453	fruA_2			
IFBJBKOH_03628	CDS	309	mngA_1		COG1299	PTS system 2-O-alpha-mannosyl-D-glycerate-specific EIIABC component
IFBJBKOH_03628	gene	309	mngA_1			
IFBJBKOH_03629	CDS	1086	fruA_3		COG1299	PTS system fructose-specific EIIB'BC component
IFBJBKOH_03629	gene	1086	fruA_3			
IFBJBKOH_03630	CDS	885	fbaA_4	4.1.2.13	COG0191	putative fructose-bisphosphate aldolase
IFBJBKOH_03630	gene	885	fbaA_4			
IFBJBKOH_03631	CDS	798	rsxB_2			Electron transport complex subunit RsxB
IFBJBKOH_03631	gene	798	rsxB_2			
IFBJBKOH_03632	CDS	681	ydfK		COG1811	putative membrane protein YdfK
IFBJBKOH_03632	gene	681	ydfK			
IFBJBKOH_03633	CDS	438	mexR_1		COG1846	Multidrug resistance operon repressor
IFBJBKOH_03633	gene	438	mexR_1			
IFBJBKOH_03634	CDS	447				hypothetical protein
IFBJBKOH_03634	gene	447				
IFBJBKOH_03635	CDS	231				hypothetical protein
IFBJBKOH_03635	gene	231				
IFBJBKOH_03636	CDS	1509				hypothetical protein
IFBJBKOH_03636	gene	1509				
IFBJBKOH_03637	CDS	534				hypothetical protein
IFBJBKOH_03637	gene	534				
IFBJBKOH_03638	CDS	1542	speA	4.1.1.19	COG1982	Arginine decarboxylase
IFBJBKOH_03638	gene	1542	speA			
IFBJBKOH_03639	CDS	627	gmk_1	2.7.4.8	COG0194	Guanylate kinase
IFBJBKOH_03639	gene	627	gmk_1			
IFBJBKOH_03640	CDS	1023	zraR_2		COG2204	Transcriptional regulatory protein ZraR
IFBJBKOH_03640	gene	1023	zraR_2			
IFBJBKOH_03641	CDS	396				hypothetical protein
IFBJBKOH_03641	gene	396				
IFBJBKOH_03642	CDS	1281	grdE_1	1.21.4.2		Glycine reductase complex component B subunits alpha and beta
IFBJBKOH_03642	gene	1281	grdE_1			
IFBJBKOH_03643	CDS	1050	grdB_1	1.21.4.2		Glycine reductase complex component B subunit gamma
IFBJBKOH_03643	gene	1050	grdB_1			
IFBJBKOH_03644	CDS	585				hypothetical protein
IFBJBKOH_03644	gene	585				
IFBJBKOH_03645	CDS	942	trxB_3	1.8.1.9		Thioredoxin reductase
IFBJBKOH_03645	gene	942	trxB_3			
IFBJBKOH_03646	CDS	318	trxA_1		COG0526	Thioredoxin
IFBJBKOH_03646	gene	318	trxA_1			
IFBJBKOH_03647	CDS	132	grdA_1	1.21.4.2		Glycine/sarcosine/betaine reductase complex component A
IFBJBKOH_03647	gene	132	grdA_1			
IFBJBKOH_03648	CDS	327	grdA1	1.21.4.2		Glycine/sarcosine/betaine reductase complex component A1
IFBJBKOH_03648	gene	327	grdA1			
IFBJBKOH_03649	CDS	1557	grdC	1.21.4.2		Glycine/sarcosine/betaine reductase complex component C subunit beta
IFBJBKOH_03649	gene	1557	grdC			
IFBJBKOH_03650	CDS	1122	grdD	1.21.4.2		Glycine/sarcosine/betaine reductase complex component C subunit alpha
IFBJBKOH_03650	gene	1122	grdD			
IFBJBKOH_03651	tRNA	93				tRNA-SeC(tca)
IFBJBKOH_03651	gene	93				
IFBJBKOH_03652	CDS	1413	selA	2.9.1.1	COG1921	L-seryl-tRNA(Sec) selenium transferase
IFBJBKOH_03652	gene	1413	selA			
IFBJBKOH_03653	CDS	1920	selB		COG3276	Selenocysteine-specific elongation factor
IFBJBKOH_03653	gene	1920	selB			
IFBJBKOH_03654	CDS	933	cysL_3		COG0583	HTH-type transcriptional regulator CysL
IFBJBKOH_03654	gene	933	cysL_3			
IFBJBKOH_03655	CDS	1095				hypothetical protein
IFBJBKOH_03655	gene	1095				
IFBJBKOH_03656	CDS	207	tusA	2.8.1.-		Sulfurtransferase TusA
IFBJBKOH_03656	gene	207	tusA			
IFBJBKOH_03657	CDS	237				hypothetical protein
IFBJBKOH_03657	gene	237				
IFBJBKOH_03658	CDS	1140	csd	2.8.1.7		putative cysteine desulfurase
IFBJBKOH_03658	gene	1140	csd			
IFBJBKOH_03659	CDS	1128			COG1840	putative protein
IFBJBKOH_03659	gene	1128				
IFBJBKOH_03660	CDS	1080	potA_5	3.6.3.31	COG3842	Spermidine/putrescine import ATP-binding protein PotA
IFBJBKOH_03660	gene	1080	potA_5			
IFBJBKOH_03661	CDS	1653	ydcU		COG1176	Inner membrane ABC transporter permease protein YdcU
IFBJBKOH_03661	gene	1653	ydcU			
IFBJBKOH_03662	CDS	1440	pgcA_3	5.4.2.2		Phosphoglucomutase
IFBJBKOH_03662	gene	1440	pgcA_3			
IFBJBKOH_03663	CDS	153				hypothetical protein
IFBJBKOH_03663	gene	153				
IFBJBKOH_03664	CDS	594				hypothetical protein
IFBJBKOH_03664	gene	594				
IFBJBKOH_03665	CDS	1152			COG1840	putative protein
IFBJBKOH_03665	gene	1152				
IFBJBKOH_03666	CDS	1719	btsS_8	2.7.13.3	COG3275	Sensor histidine kinase BtsS
IFBJBKOH_03666	gene	1719	btsS_8			
IFBJBKOH_03667	CDS	762			COG4753	putative response regulatory protein
IFBJBKOH_03667	gene	762				
IFBJBKOH_03668	CDS	990	dnaX_1	2.7.7.7	COG2812	DNA polymerase III subunit tau
IFBJBKOH_03668	gene	990	dnaX_1			
IFBJBKOH_03669	CDS	933				hypothetical protein
IFBJBKOH_03669	gene	933				
IFBJBKOH_03670	CDS	729	yfiC	2.1.1.223	COG4123	tRNA1(Val) (adenine(37)-N6)-methyltransferase
IFBJBKOH_03670	gene	729	yfiC			
IFBJBKOH_03671	CDS	846	rsmI	2.1.1.198	COG0313	Ribosomal RNA small subunit methyltransferase I
IFBJBKOH_03671	gene	846	rsmI			
IFBJBKOH_03672	CDS	264	abh		COG2002	Putative transition state regulator Abh
IFBJBKOH_03672	gene	264	abh			
IFBJBKOH_03673	CDS	993	fabH_1	2.3.1.180	COG0332	3-oxoacyl-[acyl-carrier-protein] synthase 3
IFBJBKOH_03673	gene	993	fabH_1			
IFBJBKOH_03674	CDS	234	acpP_3		COG0236	Acyl carrier protein
IFBJBKOH_03674	gene	234	acpP_3			
IFBJBKOH_03675	CDS	927		1.13.12.16	COG2070	Nitronate monooxygenase
IFBJBKOH_03675	gene	927				
IFBJBKOH_03676	CDS	924	fabD_2	2.3.1.39	COG0331	Malonyl CoA-acyl carrier protein transacylase
IFBJBKOH_03676	gene	924	fabD_2			
IFBJBKOH_03677	CDS	741	fabG_4	1.1.1.100		3-oxoacyl-[acyl-carrier-protein] reductase FabG
IFBJBKOH_03677	gene	741	fabG_4			
IFBJBKOH_03678	CDS	1239	fabF	2.3.1.179	COG0304	3-oxoacyl-[acyl-carrier-protein] synthase 2
IFBJBKOH_03678	gene	1239	fabF			
IFBJBKOH_03679	CDS	519	accB_1			Biotin carboxyl carrier protein of acetyl-CoA carboxylase
IFBJBKOH_03679	gene	519	accB_1			
IFBJBKOH_03680	CDS	426	fabZ	4.2.1.59	COG0764	3-hydroxyacyl-[acyl-carrier-protein] dehydratase FabZ
IFBJBKOH_03680	gene	426	fabZ			
IFBJBKOH_03681	CDS	1353	accC	6.3.4.14	COG0439	Biotin carboxylase
IFBJBKOH_03681	gene	1353	accC			
IFBJBKOH_03682	CDS	1725	accD_1	6.4.1.2	COG0777	Acetyl-coenzyme A carboxylase carboxyl transferase subunit beta
IFBJBKOH_03682	gene	1725	accD_1			
IFBJBKOH_03683	CDS	1134				hypothetical protein
IFBJBKOH_03683	gene	1134				
IFBJBKOH_03684	CDS	225				hypothetical protein
IFBJBKOH_03684	gene	225				
IFBJBKOH_03685	CDS	837	cueR		COG0789	HTH-type transcriptional regulator CueR
IFBJBKOH_03685	gene	837	cueR			
IFBJBKOH_03686	CDS	690				hypothetical protein
IFBJBKOH_03686	gene	690				
IFBJBKOH_03687	CDS	1425	toxA_8	3.4.22.-		Toxin A
IFBJBKOH_03687	gene	1425	toxA_8			
IFBJBKOH_03688	CDS	372	spmA_1		COG2715	Spore maturation protein A
IFBJBKOH_03688	gene	372	spmA_1			
IFBJBKOH_03689	CDS	1044	citC	6.2.1.22	COG3053	[Citrate [pro-3S]-lyase] ligase
IFBJBKOH_03689	gene	1044	citC			
IFBJBKOH_03690	CDS	1308	citG	2.4.2.52	COG1767	2-(5''-triphosphoribosyl)-3'-dephosphocoenzyme-A synthase
IFBJBKOH_03690	gene	1308	citG			
IFBJBKOH_03691	CDS	615				hypothetical protein
IFBJBKOH_03691	gene	615				
IFBJBKOH_03692	CDS	279				hypothetical protein
IFBJBKOH_03692	gene	279				
IFBJBKOH_03693	CDS	246	citF_1	4.1.3.6	COG3051	Citrate lyase alpha chain
IFBJBKOH_03693	gene	246	citF_1			
IFBJBKOH_03694	CDS	321				hypothetical protein
IFBJBKOH_03694	gene	321				
IFBJBKOH_03695	CDS	237				hypothetical protein
IFBJBKOH_03695	gene	237				
IFBJBKOH_03696	CDS	300	citD		COG3052	Citrate lyase acyl carrier protein
IFBJBKOH_03696	gene	300	citD			
IFBJBKOH_03697	CDS	903	citE_1	4.1.3.6	COG2301	Citrate lyase subunit beta
IFBJBKOH_03697	gene	903	citE_1			
IFBJBKOH_03698	CDS	1557	citF_2	4.1.3.6	COG3051	Citrate lyase alpha chain
IFBJBKOH_03698	gene	1557	citF_2			
IFBJBKOH_03699	CDS	687	phoP_2		COG0745	Alkaline phosphatase synthesis transcriptional regulatory protein PhoP
IFBJBKOH_03699	gene	687	phoP_2			
IFBJBKOH_03700	CDS	2190	virA	2.7.13.3		Wide host range VirA protein
IFBJBKOH_03700	gene	2190	virA			
IFBJBKOH_03701	CDS	1341	citN		COG2851	Citrate transporter
IFBJBKOH_03701	gene	1341	citN			
IFBJBKOH_03702	CDS	345				hypothetical protein
IFBJBKOH_03702	gene	345				
IFBJBKOH_03703	CDS	351				hypothetical protein
IFBJBKOH_03703	gene	351				
IFBJBKOH_03704	CDS	255				hypothetical protein
IFBJBKOH_03704	gene	255				
IFBJBKOH_03705	CDS	231				hypothetical protein
IFBJBKOH_03705	gene	231				
IFBJBKOH_03706	CDS	651				hypothetical protein
IFBJBKOH_03706	gene	651				
IFBJBKOH_03707	CDS	330				hypothetical protein
IFBJBKOH_03707	gene	330				
IFBJBKOH_03708	CDS	258				hypothetical protein
IFBJBKOH_03708	gene	258				
IFBJBKOH_03709	CDS	711				hypothetical protein
IFBJBKOH_03709	gene	711				
IFBJBKOH_03710	CDS	132				hypothetical protein
IFBJBKOH_03710	gene	132				
IFBJBKOH_03711	CDS	690				hypothetical protein
IFBJBKOH_03711	gene	690				
IFBJBKOH_03712	CDS	1140				hypothetical protein
IFBJBKOH_03712	gene	1140				
IFBJBKOH_03713	CDS	1809				hypothetical protein
IFBJBKOH_03713	gene	1809				
IFBJBKOH_03714	CDS	1041	yhcG_4	3.1.-.-	COG4804	Putative nuclease YhcG
IFBJBKOH_03714	gene	1041	yhcG_4			
IFBJBKOH_03715	CDS	408				hypothetical protein
IFBJBKOH_03715	gene	408				
IFBJBKOH_03716	CDS	357				hypothetical protein
IFBJBKOH_03716	gene	357				
IFBJBKOH_03717	CDS	651	spmA_2		COG2715	Spore maturation protein A
IFBJBKOH_03717	gene	651	spmA_2			
IFBJBKOH_03718	CDS	396				hypothetical protein
IFBJBKOH_03718	gene	396				
IFBJBKOH_03719	CDS	270				hypothetical protein
IFBJBKOH_03719	gene	270				
IFBJBKOH_03720	CDS	1536				hypothetical protein
IFBJBKOH_03720	gene	1536				
IFBJBKOH_03721	CDS	510				hypothetical protein
IFBJBKOH_03721	gene	510				
IFBJBKOH_03722	CDS	807				hypothetical protein
IFBJBKOH_03722	gene	807				
IFBJBKOH_03723	CDS	1443				hypothetical protein
IFBJBKOH_03723	gene	1443				
IFBJBKOH_03724	CDS	297				hypothetical protein
IFBJBKOH_03724	gene	297				
IFBJBKOH_03725	CDS	411				hypothetical protein
IFBJBKOH_03725	gene	411				
IFBJBKOH_03726	CDS	5898	nanB_1	3.2.1.18	COG4409	Sialidase B
IFBJBKOH_03726	gene	5898	nanB_1			
IFBJBKOH_03727	CDS	486				hypothetical protein
IFBJBKOH_03727	gene	486				
IFBJBKOH_03728	CDS	279				hypothetical protein
IFBJBKOH_03728	gene	279				
IFBJBKOH_03729	CDS	984				hypothetical protein
IFBJBKOH_03729	gene	984				
IFBJBKOH_03730	CDS	162				hypothetical protein
IFBJBKOH_03730	gene	162				
IFBJBKOH_03731	CDS	1005	bcgIB	3.1.21.-		Restriction enzyme BgcI subunit beta
IFBJBKOH_03731	gene	1005	bcgIB			
IFBJBKOH_03732	CDS	1818	bcgIA	3.1.21.-		Restriction enzyme BgcI subunit alpha
IFBJBKOH_03732	gene	1818	bcgIA			
IFBJBKOH_03733	CDS	180				hypothetical protein
IFBJBKOH_03733	gene	180				
IFBJBKOH_03734	CDS	228				hypothetical protein
IFBJBKOH_03734	gene	228				
IFBJBKOH_03735	CDS	993				hypothetical protein
IFBJBKOH_03735	gene	993				
IFBJBKOH_03736	CDS	231				hypothetical protein
IFBJBKOH_03736	gene	231				
IFBJBKOH_03737	CDS	621				hypothetical protein
IFBJBKOH_03737	gene	621				
IFBJBKOH_03738	CDS	711				hypothetical protein
IFBJBKOH_03738	gene	711				
IFBJBKOH_03739	CDS	486	xerC_11		COG4974	Tyrosine recombinase XerC
IFBJBKOH_03739	gene	486	xerC_11			
IFBJBKOH_03740	CDS	984	cysK1	2.5.1.47	COG0031	O-acetylserine sulfhydrylase
IFBJBKOH_03740	gene	984	cysK1			
IFBJBKOH_03741	CDS	528	spmB			Spore maturation protein B
IFBJBKOH_03741	gene	528	spmB			
IFBJBKOH_03742	CDS	1437				hypothetical protein
IFBJBKOH_03742	gene	1437				
IFBJBKOH_03743	CDS	1350	murD_2	6.3.2.9		UDP-N-acetylmuramoylalanine--D-glutamate ligase
IFBJBKOH_03743	gene	1350	murD_2			
IFBJBKOH_03744	CDS	504	mhqR		COG1846	HTH-type transcriptional regulator MhqR
IFBJBKOH_03744	gene	504	mhqR			
IFBJBKOH_03745	CDS	573				hypothetical protein
IFBJBKOH_03745	gene	573				
IFBJBKOH_03746	CDS	255				hypothetical protein
IFBJBKOH_03746	gene	255				
IFBJBKOH_03747	CDS	726	nagB_2	3.5.99.6	COG0363	Glucosamine-6-phosphate deaminase 1
IFBJBKOH_03747	gene	726	nagB_2			
IFBJBKOH_03748	CDS	2598				hypothetical protein
IFBJBKOH_03748	gene	2598				
IFBJBKOH_03749	CDS	699	queE	4.3.99.3		7-carboxy-7-deazaguanine synthase
IFBJBKOH_03749	gene	699	queE			
IFBJBKOH_03750	CDS	738	tadA_2	3.5.4.33	COG0590	tRNA-specific adenosine deaminase
IFBJBKOH_03750	gene	738	tadA_2			
IFBJBKOH_03751	CDS	720	lutR_5		COG2186	HTH-type transcriptional regulator LutR
IFBJBKOH_03751	gene	720	lutR_5			
IFBJBKOH_03752	CDS	1185	metB	2.5.1.48	COG0626	Cystathionine gamma-synthase
IFBJBKOH_03752	gene	1185	metB			
IFBJBKOH_03753	CDS	1398			COG1653	putative ABC transporter-binding protein
IFBJBKOH_03753	gene	1398				
IFBJBKOH_03754	CDS	906	malF		COG1175	Maltose transport system permease protein MalF
IFBJBKOH_03754	gene	906	malF			
IFBJBKOH_03755	CDS	843	ycjP_4		COG0395	Inner membrane ABC transporter permease protein YcjP
IFBJBKOH_03755	gene	843	ycjP_4			
IFBJBKOH_03756	CDS	1476				hypothetical protein
IFBJBKOH_03756	gene	1476				
IFBJBKOH_03757	CDS	198				hypothetical protein
IFBJBKOH_03757	gene	198				
IFBJBKOH_03758	CDS	1932	mngB_1	3.2.1.170	COG0383	Mannosylglycerate hydrolase
IFBJBKOH_03758	gene	1932	mngB_1			
IFBJBKOH_03759	CDS	351	purN_2	2.1.2.2	COG0299	Phosphoribosylglycinamide formyltransferase
IFBJBKOH_03759	gene	351	purN_2			
IFBJBKOH_03760	CDS	1089	purD_2	6.3.4.13	COG0151	Phosphoribosylamine--glycine ligase
IFBJBKOH_03760	gene	1089	purD_2			
IFBJBKOH_03761	CDS	213				hypothetical protein
IFBJBKOH_03761	gene	213				
IFBJBKOH_03762	CDS	390				hypothetical protein
IFBJBKOH_03762	gene	390				
IFBJBKOH_03763	CDS	1284				hypothetical protein
IFBJBKOH_03763	gene	1284				
IFBJBKOH_03764	CDS	144				hypothetical protein
IFBJBKOH_03764	gene	144				
IFBJBKOH_03765	CDS	633	cytR_4		COG1609	HTH-type transcriptional repressor CytR
IFBJBKOH_03765	gene	633	cytR_4			
IFBJBKOH_03766	CDS	1965	bglF_3		COG1263	PTS system beta-glucoside-specific EIIBCA component
IFBJBKOH_03766	gene	1965	bglF_3			
IFBJBKOH_03767	CDS	1416	bglC	3.2.1.86	COG2723	Aryl-phospho-beta-D-glucosidase BglC
IFBJBKOH_03767	gene	1416	bglC			
IFBJBKOH_03768	CDS	852	licT_2		COG3711	Transcription antiterminator LicT
IFBJBKOH_03768	gene	852	licT_2			
IFBJBKOH_03769	CDS	1149				hypothetical protein
IFBJBKOH_03769	gene	1149				
IFBJBKOH_03770	CDS	408	arsC	1.20.4.4		Arsenate reductase
IFBJBKOH_03770	gene	408	arsC			
IFBJBKOH_03771	CDS	186				hypothetical protein
IFBJBKOH_03771	gene	186				
IFBJBKOH_03772	CDS	1677				hypothetical protein
IFBJBKOH_03772	gene	1677				
IFBJBKOH_03773	CDS	1080	pfkA2	2.7.1.11	COG0205	ATP-dependent 6-phosphofructokinase 2
IFBJBKOH_03773	gene	1080	pfkA2			
IFBJBKOH_03774	CDS	1683	dnaX_2	2.7.7.7	COG2812	DNA polymerase III subunit tau
IFBJBKOH_03774	gene	1683	dnaX_2			
IFBJBKOH_03775	CDS	357			COG0718	Nucleoid-associated protein
IFBJBKOH_03775	gene	357				
IFBJBKOH_03776	CDS	597	recR		COG0353	Recombination protein RecR
IFBJBKOH_03776	gene	597	recR			
IFBJBKOH_03777	CDS	2394				hypothetical protein
IFBJBKOH_03777	gene	2394				
IFBJBKOH_03778	CDS	828	ycsE_1	3.1.3.104		5-amino-6-(5-phospho-D-ribitylamino)uracil phosphatase YcsE
IFBJBKOH_03778	gene	828	ycsE_1			
IFBJBKOH_03779	CDS	723				hypothetical protein
IFBJBKOH_03779	gene	723				
IFBJBKOH_03780	rRNA	1528				16S ribosomal RNA
IFBJBKOH_03780	gene	1528				
IFBJBKOH_03781	tRNA	75				tRNA-Ile(gat)
IFBJBKOH_03781	gene	75				
IFBJBKOH_03782	tRNA	75				tRNA-Ala(tgc)
IFBJBKOH_03782	gene	75				
IFBJBKOH_03783	rRNA	2885				23S ribosomal RNA
IFBJBKOH_03783	gene	2885				
IFBJBKOH_03784	tRNA	75				tRNA-Asn(gtt)
IFBJBKOH_03784	gene	75				
IFBJBKOH_03785	tRNA	72				tRNA-Glu(ttc)
IFBJBKOH_03785	gene	72				
IFBJBKOH_03786	tRNA	73				tRNA-Cys(gca)
IFBJBKOH_03786	gene	73				
IFBJBKOH_03787	CDS	1320				hypothetical protein
IFBJBKOH_03787	gene	1320				
IFBJBKOH_03788	CDS	327				hypothetical protein
IFBJBKOH_03788	gene	327				
IFBJBKOH_03789	CDS	1212	xerC_12			Tyrosine recombinase XerC
IFBJBKOH_03789	gene	1212	xerC_12			
IFBJBKOH_03790	CDS	288				hypothetical protein
IFBJBKOH_03790	gene	288				
IFBJBKOH_03791	CDS	1152				hypothetical protein
IFBJBKOH_03791	gene	1152				
IFBJBKOH_03792	CDS	636				hypothetical protein
IFBJBKOH_03792	gene	636				
IFBJBKOH_03793	CDS	372				hypothetical protein
IFBJBKOH_03793	gene	372				
IFBJBKOH_03794	CDS	1329	recD2_2	3.6.4.12	COG0507	ATP-dependent RecD-like DNA helicase
IFBJBKOH_03794	gene	1329	recD2_2			
IFBJBKOH_03795	CDS	549	recD2_3	3.6.4.12	COG0507	ATP-dependent RecD-like DNA helicase
IFBJBKOH_03795	gene	549	recD2_3			
IFBJBKOH_03796	CDS	474				hypothetical protein
IFBJBKOH_03796	gene	474				
IFBJBKOH_03797	CDS	552				hypothetical protein
IFBJBKOH_03797	gene	552				
IFBJBKOH_03798	CDS	831				hypothetical protein
IFBJBKOH_03798	gene	831				
IFBJBKOH_03799	CDS	1002				hypothetical protein
IFBJBKOH_03799	gene	1002				
IFBJBKOH_03800	CDS	237				hypothetical protein
IFBJBKOH_03800	gene	237				
IFBJBKOH_03801	CDS	264				hypothetical protein
IFBJBKOH_03801	gene	264				
IFBJBKOH_03802	CDS	927				hypothetical protein
IFBJBKOH_03802	gene	927				
IFBJBKOH_03803	CDS	288				hypothetical protein
IFBJBKOH_03803	gene	288				
IFBJBKOH_03804	CDS	453				hypothetical protein
IFBJBKOH_03804	gene	453				
IFBJBKOH_03805	CDS	183				hypothetical protein
IFBJBKOH_03805	gene	183				
IFBJBKOH_03806	CDS	198				hypothetical protein
IFBJBKOH_03806	gene	198				
IFBJBKOH_03807	CDS	267				hypothetical protein
IFBJBKOH_03807	gene	267				
IFBJBKOH_03808	CDS	873				hypothetical protein
IFBJBKOH_03808	gene	873				
IFBJBKOH_03809	CDS	756				hypothetical protein
IFBJBKOH_03809	gene	756				
IFBJBKOH_03810	CDS	234				hypothetical protein
IFBJBKOH_03810	gene	234				
IFBJBKOH_03811	CDS	156				hypothetical protein
IFBJBKOH_03811	gene	156				
IFBJBKOH_03812	CDS	1359				hypothetical protein
IFBJBKOH_03812	gene	1359				
IFBJBKOH_03813	CDS	1146				hypothetical protein
IFBJBKOH_03813	gene	1146				
IFBJBKOH_03814	CDS	159				hypothetical protein
IFBJBKOH_03814	gene	159				
IFBJBKOH_03815	CDS	1575				hypothetical protein
IFBJBKOH_03815	gene	1575				
IFBJBKOH_03816	CDS	648		3.5.1.11		Penicillin acylase
IFBJBKOH_03816	gene	648				
IFBJBKOH_03817	CDS	1239	yhfT	6.2.1.-	COG0318	putative acyl--CoA ligase YhfT
IFBJBKOH_03817	gene	1239	yhfT			
IFBJBKOH_03818	CDS	1215	pcaF	2.3.1.174		Beta-ketoadipyl-CoA thiolase
IFBJBKOH_03818	gene	1215	pcaF			
IFBJBKOH_03819	CDS	552	bioY2_2		COG1268	Biotin transporter BioY2
IFBJBKOH_03819	gene	552	bioY2_2			
IFBJBKOH_03820	CDS	564				hypothetical protein
IFBJBKOH_03820	gene	564				
IFBJBKOH_03821	CDS	1014				hypothetical protein
IFBJBKOH_03821	gene	1014				
IFBJBKOH_03822	CDS	1047	galS		COG1609	HTH-type transcriptional regulator GalS
IFBJBKOH_03822	gene	1047	galS			
IFBJBKOH_03823	CDS	1236				hypothetical protein
IFBJBKOH_03823	gene	1236				
IFBJBKOH_03824	CDS	1524	rbsA_6	3.6.3.17	COG1129	Ribose import ATP-binding protein RbsA
IFBJBKOH_03824	gene	1524	rbsA_6			
IFBJBKOH_03825	CDS	978	rbsC_14		COG1172	Ribose import permease protein RbsC
IFBJBKOH_03825	gene	978	rbsC_14			
IFBJBKOH_03826	CDS	1224	mtnK	2.7.1.100	COG4857	Methylthioribose kinase
IFBJBKOH_03826	gene	1224	mtnK			
IFBJBKOH_03827	CDS	1101	mtnA	5.3.1.23	COG0182	Methylthioribose-1-phosphate isomerase
IFBJBKOH_03827	gene	1101	mtnA			
IFBJBKOH_03828	CDS	444	fucU_2	5.1.3.29	COG4154	L-fucose mutarotase
IFBJBKOH_03828	gene	444	fucU_2			
IFBJBKOH_03829	CDS	654	fucA_3	4.1.2.17	COG0235	L-fuculose phosphate aldolase
IFBJBKOH_03829	gene	654	fucA_3			
IFBJBKOH_03830	CDS	996	dhaK-2_1	2.7.1.121	COG2376	PTS-dependent dihydroxyacetone kinase 2, dihydroxyacetone-binding subunit DhaK
IFBJBKOH_03830	gene	996	dhaK-2_1			
IFBJBKOH_03831	CDS	648	dhaL-2_1	2.7.1.121	COG2376	PEP-dependent dihydroxyacetone kinase 2, ADP-binding subunit DhaL
IFBJBKOH_03831	gene	648	dhaL-2_1			
IFBJBKOH_03832	CDS	693	kdpE_1		COG0745	KDP operon transcriptional regulatory protein KdpE
IFBJBKOH_03832	gene	693	kdpE_1			
IFBJBKOH_03833	CDS	1131	kdpD_2	2.7.13.3	COG2205	Sensor protein KdpD
IFBJBKOH_03833	gene	1131	kdpD_2			
IFBJBKOH_03834	CDS	1635	dacB_3	3.4.16.4	COG1686	D-alanyl-D-alanine carboxypeptidase DacB
IFBJBKOH_03834	gene	1635	dacB_3			
IFBJBKOH_03835	CDS	696				hypothetical protein
IFBJBKOH_03835	gene	696				
IFBJBKOH_03836	tRNA	74				tRNA-Lys(ctt)
IFBJBKOH_03836	gene	74				
IFBJBKOH_03837	CDS	207				hypothetical protein
IFBJBKOH_03837	gene	207				
IFBJBKOH_03838	CDS	381				hypothetical protein
IFBJBKOH_03838	gene	381				
IFBJBKOH_03839	tRNA	74				tRNA-Lys(ctt)
IFBJBKOH_03839	gene	74				
IFBJBKOH_03840	CDS	162				hypothetical protein
IFBJBKOH_03840	gene	162				
IFBJBKOH_03841	CDS	663	trmB	2.1.1.33	COG0220	tRNA (guanine-N(7)-)-methyltransferase
IFBJBKOH_03841	gene	663	trmB			
IFBJBKOH_03842	CDS	996				hypothetical protein
IFBJBKOH_03842	gene	996				
IFBJBKOH_03843	CDS	312				hypothetical protein
IFBJBKOH_03843	gene	312				
IFBJBKOH_03844	CDS	1020	atpC_1			V-type ATP synthase subunit C
IFBJBKOH_03844	gene	1020	atpC_1			
IFBJBKOH_03845	CDS	1941				hypothetical protein
IFBJBKOH_03845	gene	1941				
IFBJBKOH_03846	CDS	435				hypothetical protein
IFBJBKOH_03846	gene	435				
IFBJBKOH_03847	CDS	309	atpF_1			V-type ATP synthase subunit F
IFBJBKOH_03847	gene	309	atpF_1			
IFBJBKOH_03848	CDS	594	atpE_2			V-type proton ATPase subunit E
IFBJBKOH_03848	gene	594	atpE_2			
IFBJBKOH_03849	CDS	1767	atpA_1	3.6.3.14	COG1155	V-type ATP synthase alpha chain
IFBJBKOH_03849	gene	1767	atpA_1			
IFBJBKOH_03850	CDS	1392	ntpB_1			V-type sodium ATPase subunit B
IFBJBKOH_03850	gene	1392	ntpB_1			
IFBJBKOH_03851	CDS	621	ntpD_1			V-type sodium ATPase subunit D
IFBJBKOH_03851	gene	621	ntpD_1			
IFBJBKOH_03852	CDS	381	mazG	3.6.1.1	COG1694	Nucleoside triphosphate pyrophosphohydrolase/pyrophosphatase MazG
IFBJBKOH_03852	gene	381	mazG			
IFBJBKOH_03853	CDS	276	hup			DNA-binding protein HU
IFBJBKOH_03853	gene	276	hup			
IFBJBKOH_03854	CDS	240			COG1188	putative protein
IFBJBKOH_03854	gene	240				
IFBJBKOH_03855	CDS	288	yabP			Spore protein YabP
IFBJBKOH_03855	gene	288	yabP			
IFBJBKOH_03856	CDS	381	yabQ			Spore protein YabQ
IFBJBKOH_03856	gene	381	yabQ			
IFBJBKOH_03857	CDS	318	ftsL_2			Cell division protein FtsL
IFBJBKOH_03857	gene	318	ftsL_2			
IFBJBKOH_03858	CDS	1419	spoIIE	3.1.3.16	COG2208	Stage II sporulation protein E
IFBJBKOH_03858	gene	1419	spoIIE			
IFBJBKOH_03859	CDS	1410	tilS_1	6.3.4.19	COG0037	tRNA(Ile)-lysidine synthase
IFBJBKOH_03859	gene	1410	tilS_1			
IFBJBKOH_03860	CDS	534	hpt	2.4.2.8	COG0634	Hypoxanthine phosphoribosyltransferase
IFBJBKOH_03860	gene	534	hpt			
IFBJBKOH_03861	CDS	1815	ftsH_3	3.4.24.-	COG0465	ATP-dependent zinc metalloprotease FtsH
IFBJBKOH_03861	gene	1815	ftsH_3			
IFBJBKOH_03862	CDS	2127	tvaI	3.2.1.135		Neopullulanase 1
IFBJBKOH_03862	gene	2127	tvaI			
IFBJBKOH_03863	tRNA	86				tRNA-Leu(taa)
IFBJBKOH_03863	gene	86				
IFBJBKOH_03864	tRNA	83				tRNA-Tyr(gta)
IFBJBKOH_03864	gene	83				
IFBJBKOH_03865	CDS	1053	purR_5		COG1609	HTH-type transcriptional repressor PurR
IFBJBKOH_03865	gene	1053	purR_5			
IFBJBKOH_03866	CDS	732	nagB_3	3.5.99.6	COG0363	Glucosamine-6-phosphate deaminase 1
IFBJBKOH_03866	gene	732	nagB_3			
IFBJBKOH_03867	CDS	663				hypothetical protein
IFBJBKOH_03867	gene	663				
IFBJBKOH_03868	CDS	516				hypothetical protein
IFBJBKOH_03868	gene	516				
IFBJBKOH_03869	CDS	132				hypothetical protein
IFBJBKOH_03869	gene	132				
IFBJBKOH_03870	CDS	753	araP_5		COG1175	L-arabinose transport system permease protein AraP
IFBJBKOH_03870	gene	753	araP_5			
IFBJBKOH_03871	CDS	309	araQ_12		COG0395	L-arabinose transport system permease protein AraQ
IFBJBKOH_03871	gene	309	araQ_12			
IFBJBKOH_03872	CDS	363	sugB_3		COG0395	Trehalose transport system permease protein SugB
IFBJBKOH_03872	gene	363	sugB_3			
IFBJBKOH_03873	CDS	195				hypothetical protein
IFBJBKOH_03873	gene	195				
IFBJBKOH_03874	CDS	396				hypothetical protein
IFBJBKOH_03874	gene	396				
IFBJBKOH_03875	CDS	345				hypothetical protein
IFBJBKOH_03875	gene	345				
IFBJBKOH_03876	CDS	2049	gdpP	3.1.4.-	COG3887	Cyclic-di-AMP phosphodiesterase GdpP
IFBJBKOH_03876	gene	2049	gdpP			
IFBJBKOH_03877	CDS	447	rplI			50S ribosomal protein L9
IFBJBKOH_03877	gene	447	rplI			
IFBJBKOH_03878	CDS	1359	dnaC_1	3.6.4.12	COG0305	Replicative DNA helicase
IFBJBKOH_03878	gene	1359	dnaC_1			
IFBJBKOH_03879	CDS	669	racA			Chromosome-anchoring protein RacA
IFBJBKOH_03879	gene	669	racA			
IFBJBKOH_03880	CDS	1602		3.4.-.-		putative endopeptidase
IFBJBKOH_03880	gene	1602				
IFBJBKOH_03881	CDS	696	phoP_3		COG0745	Alkaline phosphatase synthesis transcriptional regulatory protein PhoP
IFBJBKOH_03881	gene	696	phoP_3			
IFBJBKOH_03882	CDS	2379	kinB	2.7.13.3	COG5000	Alginate biosynthesis sensor protein KinB
IFBJBKOH_03882	gene	2379	kinB			
IFBJBKOH_03883	CDS	1239	xerD_15		COG4974	Tyrosine recombinase XerD
IFBJBKOH_03883	gene	1239	xerD_15			
IFBJBKOH_03884	CDS	969	xerD_16		COG4974	Tyrosine recombinase XerD
IFBJBKOH_03884	gene	969	xerD_16			
IFBJBKOH_03885	CDS	1032	xerC_13		COG4974	Tyrosine recombinase XerC
IFBJBKOH_03885	gene	1032	xerC_13			
IFBJBKOH_03886	CDS	228				hypothetical protein
IFBJBKOH_03886	gene	228				
IFBJBKOH_03887	CDS	324				hypothetical protein
IFBJBKOH_03887	gene	324				
IFBJBKOH_03888	CDS	201				hypothetical protein
IFBJBKOH_03888	gene	201				
IFBJBKOH_03889	CDS	1155				hypothetical protein
IFBJBKOH_03889	gene	1155				
IFBJBKOH_03890	CDS	9411	rhsB_3	3.1.-.-	COG3209	putative deoxyribonuclease RhsB
IFBJBKOH_03890	gene	9411	rhsB_3			
IFBJBKOH_03891	CDS	411				hypothetical protein
IFBJBKOH_03891	gene	411				
IFBJBKOH_03892	CDS	1092				hypothetical protein
IFBJBKOH_03892	gene	1092				
IFBJBKOH_03893	CDS	585				hypothetical protein
IFBJBKOH_03893	gene	585				
IFBJBKOH_03894	CDS	2313	wapA_3	3.1.-.-		tRNA3(Ser)-specific nuclease WapA
IFBJBKOH_03894	gene	2313	wapA_3			
IFBJBKOH_03895	CDS	459				hypothetical protein
IFBJBKOH_03895	gene	459				
IFBJBKOH_03896	CDS	663				hypothetical protein
IFBJBKOH_03896	gene	663				
IFBJBKOH_03897	CDS	219				hypothetical protein
IFBJBKOH_03897	gene	219				
IFBJBKOH_03898	CDS	207				hypothetical protein
IFBJBKOH_03898	gene	207				
IFBJBKOH_03899	CDS	357				hypothetical protein
IFBJBKOH_03899	gene	357				
IFBJBKOH_03900	CDS	600				hypothetical protein
IFBJBKOH_03900	gene	600				
IFBJBKOH_03901	CDS	699				hypothetical protein
IFBJBKOH_03901	gene	699				
IFBJBKOH_03902	CDS	315				hypothetical protein
IFBJBKOH_03902	gene	315				
IFBJBKOH_03903	CDS	1017				hypothetical protein
IFBJBKOH_03903	gene	1017				
IFBJBKOH_03904	CDS	267				hypothetical protein
IFBJBKOH_03904	gene	267				
IFBJBKOH_03905	CDS	318				hypothetical protein
IFBJBKOH_03905	gene	318				
IFBJBKOH_03906	CDS	1437	bglH_2	3.2.1.86	COG2723	Aryl-phospho-beta-D-glucosidase BglH
IFBJBKOH_03906	gene	1437	bglH_2			
IFBJBKOH_03907	CDS	1389	licH	3.2.1.86	COG1486	putative 6-phospho-beta-glucosidase
IFBJBKOH_03907	gene	1389	licH			
IFBJBKOH_03908	CDS	324	celD			PTS system cellobiose-specific EIIA component
IFBJBKOH_03908	gene	324	celD			
IFBJBKOH_03909	CDS	1332	licC		COG1455	Lichenan permease IIC component
IFBJBKOH_03909	gene	1332	licC			
IFBJBKOH_03910	CDS	312	celA	2.7.1.205		PTS system cellobiose-specific EIIB component
IFBJBKOH_03910	gene	312	celA			
IFBJBKOH_03911	CDS	1911	licR_2		COG1762	putative licABCH operon regulator
IFBJBKOH_03911	gene	1911	licR_2			
IFBJBKOH_03912	CDS	750				hypothetical protein
IFBJBKOH_03912	gene	750				
IFBJBKOH_03913	CDS	1929	glgB_2	2.4.1.18		1,4-alpha-glucan branching enzyme GlgB
IFBJBKOH_03913	gene	1929	glgB_2			
IFBJBKOH_03914	CDS	1341		3.2.1.54	COG0366	Cyclomaltodextrinase
IFBJBKOH_03914	gene	1341				
IFBJBKOH_03915	CDS	315				hypothetical protein
IFBJBKOH_03915	gene	315				
IFBJBKOH_03916	CDS	354	hlyU		COG0640	Transcriptional activator HlyU
IFBJBKOH_03916	gene	354	hlyU			
IFBJBKOH_03917	CDS	543				hypothetical protein
IFBJBKOH_03917	gene	543				
IFBJBKOH_03918	CDS	1005				hypothetical protein
IFBJBKOH_03918	gene	1005				
IFBJBKOH_03919	CDS	1200			COG4962	Putative conjugal transfer protein
IFBJBKOH_03919	gene	1200				
IFBJBKOH_03920	CDS	861				hypothetical protein
IFBJBKOH_03920	gene	861				
IFBJBKOH_03921	CDS	1281				hypothetical protein
IFBJBKOH_03921	gene	1281				
IFBJBKOH_03922	CDS	180				hypothetical protein
IFBJBKOH_03922	gene	180				
IFBJBKOH_03923	CDS	1362				hypothetical protein
IFBJBKOH_03923	gene	1362				
IFBJBKOH_03924	CDS	612				hypothetical protein
IFBJBKOH_03924	gene	612				
IFBJBKOH_03925	CDS	996				hypothetical protein
IFBJBKOH_03925	gene	996				
IFBJBKOH_03926	CDS	552				hypothetical protein
IFBJBKOH_03926	gene	552				
IFBJBKOH_03927	CDS	393				hypothetical protein
IFBJBKOH_03927	gene	393				
IFBJBKOH_03928	CDS	1452				hypothetical protein
IFBJBKOH_03928	gene	1452				
IFBJBKOH_03929	CDS	621	gluP	3.4.21.105	COG0705	Rhomboid protease GluP
IFBJBKOH_03929	gene	621	gluP			
IFBJBKOH_03930	CDS	417	hit_2		COG0537	Protein hit
IFBJBKOH_03930	gene	417	hit_2			
IFBJBKOH_03931	CDS	552	rpoE			ECF RNA polymerase sigma-E factor
IFBJBKOH_03931	gene	552	rpoE			
IFBJBKOH_03932	CDS	1065	murG	2.4.1.227		UDP-N-acetylglucosamine--N-acetylmuramyl-(pentapeptide) pyrophosphoryl-undecaprenol N-acetylglucosamine transferase
IFBJBKOH_03932	gene	1065	murG			
IFBJBKOH_03933	CDS	774				hypothetical protein
IFBJBKOH_03933	gene	774				
IFBJBKOH_03934	CDS	558				hypothetical protein
IFBJBKOH_03934	gene	558				
IFBJBKOH_03935	CDS	243				hypothetical protein
IFBJBKOH_03935	gene	243				
IFBJBKOH_03936	CDS	696	mtnN	3.2.2.9	COG0775	5'-methylthioadenosine/S-adenosylhomocysteine nucleosidase
IFBJBKOH_03936	gene	696	mtnN			
IFBJBKOH_03937	CDS	501				hypothetical protein
IFBJBKOH_03937	gene	501				
IFBJBKOH_03938	CDS	705				hypothetical protein
IFBJBKOH_03938	gene	705				
IFBJBKOH_03939	CDS	750				hypothetical protein
IFBJBKOH_03939	gene	750				
IFBJBKOH_03940	CDS	1350	pgi	5.3.1.9	COG0166	Glucose-6-phosphate isomerase
IFBJBKOH_03940	gene	1350	pgi			
IFBJBKOH_03941	CDS	1371	mepA_11		COG0534	Multidrug export protein MepA
IFBJBKOH_03941	gene	1371	mepA_11			
IFBJBKOH_03942	CDS	828	bmrR_3		COG0789	Multidrug-efflux transporter 1 regulator
IFBJBKOH_03942	gene	828	bmrR_3			
IFBJBKOH_03943	CDS	267				hypothetical protein
IFBJBKOH_03943	gene	267				
IFBJBKOH_03944	CDS	390	araC_4			Arabinose operon regulatory protein
IFBJBKOH_03944	gene	390	araC_4			
IFBJBKOH_03945	CDS	396		3.2.1.67	COG1486	Alpha-galacturonidase
IFBJBKOH_03945	gene	396				
IFBJBKOH_03946	CDS	1095				hypothetical protein
IFBJBKOH_03946	gene	1095				
IFBJBKOH_03947	CDS	783				hypothetical protein
IFBJBKOH_03947	gene	783				
IFBJBKOH_03948	CDS	1188	atoC		COG2204	Regulatory protein AtoC
IFBJBKOH_03948	gene	1188	atoC			
IFBJBKOH_03949	CDS	1278	dctM_10		COG1593	C4-dicarboxylate TRAP transporter large permease protein DctM
IFBJBKOH_03949	gene	1278	dctM_10			
IFBJBKOH_03950	CDS	1029			COG1638	Solute-binding protein
IFBJBKOH_03950	gene	1029				
IFBJBKOH_03951	CDS	684	kynB_2	3.5.1.9	COG1878	Kynurenine formamidase
IFBJBKOH_03951	gene	684	kynB_2			
IFBJBKOH_03952	CDS	501				hypothetical protein
IFBJBKOH_03952	gene	501				
IFBJBKOH_03953	CDS	1866	yhaN		COG4717	putative protein YhaN
IFBJBKOH_03953	gene	1866	yhaN			
IFBJBKOH_03954	CDS	1071	sbcD_1		COG0420	Nuclease SbcCD subunit D
IFBJBKOH_03954	gene	1071	sbcD_1			
IFBJBKOH_03955	CDS	1392	asnS	6.1.1.22	COG0017	Asparagine--tRNA ligase
IFBJBKOH_03955	gene	1392	asnS			
IFBJBKOH_03956	CDS	1275	glgC_1	2.7.7.27	COG0448	Glucose-1-phosphate adenylyltransferase
IFBJBKOH_03956	gene	1275	glgC_1			
IFBJBKOH_03957	CDS	1122	glgC_2	2.7.7.27	COG0448	Glucose-1-phosphate adenylyltransferase
IFBJBKOH_03957	gene	1122	glgC_2			
IFBJBKOH_03958	CDS	288	spoVG_4		COG2088	Putative septation protein SpoVG
IFBJBKOH_03958	gene	288	spoVG_4			
IFBJBKOH_03959	CDS	1410		1.18.1.2		Ferredoxin--NADP reductase
IFBJBKOH_03959	gene	1410				
IFBJBKOH_03960	CDS	708	pbpF		COG0744	Penicillin-binding protein 1F
IFBJBKOH_03960	gene	708	pbpF			
IFBJBKOH_03961	CDS	651	pth	3.1.1.29	COG0193	Peptidyl-tRNA hydrolase
IFBJBKOH_03961	gene	651	pth			
IFBJBKOH_03962	CDS	3603	mfd	3.6.4.-		Transcription-repair-coupling factor
IFBJBKOH_03962	gene	3603	mfd			
IFBJBKOH_03963	CDS	915	cynR_10			HTH-type transcriptional regulator CynR
IFBJBKOH_03963	gene	915	cynR_10			
IFBJBKOH_03964	CDS	993				hypothetical protein
IFBJBKOH_03964	gene	993				
IFBJBKOH_03965	CDS	465				hypothetical protein
IFBJBKOH_03965	gene	465				
IFBJBKOH_03966	CDS	1506				hypothetical protein
IFBJBKOH_03966	gene	1506				
IFBJBKOH_03967	CDS	852		3.5.2.6		Metallo-beta-lactamase L1 type 3
IFBJBKOH_03967	gene	852				
IFBJBKOH_03968	CDS	318				hypothetical protein
IFBJBKOH_03968	gene	318				
IFBJBKOH_03969	CDS	252				hypothetical protein
IFBJBKOH_03969	gene	252				
IFBJBKOH_03970	CDS	1068		1.8.-.-	COG0502	[FeFe] hydrogenase maturase subunit HydE
IFBJBKOH_03970	gene	1068				
IFBJBKOH_03971	CDS	549	spoVT_2		COG2002	Stage V sporulation protein T
IFBJBKOH_03971	gene	549	spoVT_2			
IFBJBKOH_03972	CDS	1881				hypothetical protein
IFBJBKOH_03972	gene	1881				
IFBJBKOH_03973	CDS	1998	metG_1	6.1.1.10		Methionine--tRNA ligase
IFBJBKOH_03973	gene	1998	metG_1			
IFBJBKOH_03974	CDS	1350		2.4.1.11	COG0438	Glycogen synthase
IFBJBKOH_03974	gene	1350				
IFBJBKOH_03975	CDS	774				hypothetical protein
IFBJBKOH_03975	gene	774				
IFBJBKOH_03976	CDS	765	ycfH	3.1.-.-	COG0084	putative metal-dependent hydrolase YcfH
IFBJBKOH_03976	gene	765	ycfH			
IFBJBKOH_03977	CDS	888	rsmA	2.1.1.182		Ribosomal RNA small subunit methyltransferase A
IFBJBKOH_03977	gene	888	rsmA			
IFBJBKOH_03978	CDS	1785	ohyA	4.2.1.53		Oleate hydratase
IFBJBKOH_03978	gene	1785	ohyA			
IFBJBKOH_03979	CDS	399				hypothetical protein
IFBJBKOH_03979	gene	399				
IFBJBKOH_03980	CDS	549	smc_3			Chromosome partition protein Smc
IFBJBKOH_03980	gene	549	smc_3			
IFBJBKOH_03981	CDS	1140	ugpC_2	3.6.3.20	COG3839	sn-glycerol-3-phosphate import ATP-binding protein UgpC
IFBJBKOH_03981	gene	1140	ugpC_2			
IFBJBKOH_03982	CDS	867	ugpA_6		COG1175	sn-glycerol-3-phosphate transport system permease protein UgpA
IFBJBKOH_03982	gene	867	ugpA_6			
IFBJBKOH_03983	CDS	912	araQ_13		COG0395	L-arabinose transport system permease protein AraQ
IFBJBKOH_03983	gene	912	araQ_13			
IFBJBKOH_03984	CDS	1446	ugpB_3		COG1653	sn-glycerol-3-phosphate-binding periplasmic protein UgpB
IFBJBKOH_03984	gene	1446	ugpB_3			
IFBJBKOH_03985	CDS	741	glpQ	3.1.4.46	COG0584	Glycerophosphodiester phosphodiesterase
IFBJBKOH_03985	gene	741	glpQ			
IFBJBKOH_03986	CDS	852	ywpJ_2	3.1.3.-	COG0561	Phosphatase YwpJ
IFBJBKOH_03986	gene	852	ywpJ_2			
IFBJBKOH_03987	CDS	885				hypothetical protein
IFBJBKOH_03987	gene	885				
IFBJBKOH_03988	CDS	543				hypothetical protein
IFBJBKOH_03988	gene	543				
IFBJBKOH_03989	CDS	126				hypothetical protein
IFBJBKOH_03989	gene	126				
IFBJBKOH_03990	CDS	297				hypothetical protein
IFBJBKOH_03990	gene	297				
IFBJBKOH_03991	CDS	699				hypothetical protein
IFBJBKOH_03991	gene	699				
IFBJBKOH_03992	CDS	537				hypothetical protein
IFBJBKOH_03992	gene	537				
IFBJBKOH_03993	CDS	843	thiM_2	2.7.1.50	COG2145	Hydroxyethylthiazole kinase
IFBJBKOH_03993	gene	843	thiM_2			
IFBJBKOH_03994	CDS	681	thiE_2	2.5.1.3	COG0352	Thiamine-phosphate synthase
IFBJBKOH_03994	gene	681	thiE_2			
IFBJBKOH_03995	CDS	1587	trpE	4.1.3.27	COG0147	Anthranilate synthase component 1
IFBJBKOH_03995	gene	1587	trpE			
IFBJBKOH_03996	CDS	633	pabA	2.6.1.85	COG0512	Aminodeoxychorismate/anthranilate synthase component 2
IFBJBKOH_03996	gene	633	pabA			
IFBJBKOH_03997	CDS	1035	trpD	2.4.2.18	COG0547	Anthranilate phosphoribosyltransferase
IFBJBKOH_03997	gene	1035	trpD			
IFBJBKOH_03998	CDS	846	trpC	4.1.1.48	COG0134	Indole-3-glycerol phosphate synthase
IFBJBKOH_03998	gene	846	trpC			
IFBJBKOH_03999	CDS	621	trpF	5.3.1.24	COG0135	N-(5'-phosphoribosyl)anthranilate isomerase
IFBJBKOH_03999	gene	621	trpF			
IFBJBKOH_04000	CDS	1185	trpB_2	4.2.1.20	COG0133	Tryptophan synthase beta chain
IFBJBKOH_04000	gene	1185	trpB_2			
IFBJBKOH_04001	CDS	774	trpA	4.2.1.20	COG0159	Tryptophan synthase alpha chain
IFBJBKOH_04001	gene	774	trpA			
IFBJBKOH_04002	CDS	339	hipO	3.5.1.32	COG1473	Hippurate hydrolase
IFBJBKOH_04002	gene	339	hipO			
IFBJBKOH_04003	CDS	1815	fhlA		COG3604	Formate hydrogenlyase transcriptional activator
IFBJBKOH_04003	gene	1815	fhlA			
IFBJBKOH_04004	CDS	1410				hypothetical protein
IFBJBKOH_04004	gene	1410				
IFBJBKOH_04005	CDS	1173	yxeP_6	3.-.-.-	COG1473	putative hydrolase YxeP
IFBJBKOH_04005	gene	1173	yxeP_6			
IFBJBKOH_04006	CDS	1248				hypothetical protein
IFBJBKOH_04006	gene	1248				
IFBJBKOH_04007	CDS	1326	swrC_2		COG0841	Swarming motility protein SwrC
IFBJBKOH_04007	gene	1326	swrC_2			
IFBJBKOH_04008	CDS	2610		3.6.3.8	COG0474	Calcium-transporting ATPase
IFBJBKOH_04008	gene	2610				
IFBJBKOH_04009	CDS	597	cmk_5	2.7.4.25		Cytidylate kinase
IFBJBKOH_04009	gene	597	cmk_5			
IFBJBKOH_04010	CDS	1302	guaA_1	6.3.5.2		GMP synthase [glutamine-hydrolyzing]
IFBJBKOH_04010	gene	1302	guaA_1			
IFBJBKOH_04011	CDS	744				hypothetical protein
IFBJBKOH_04011	gene	744				
IFBJBKOH_04012	CDS	1095		3.6.1.-	COG1106	ATP/GTP phosphatase
IFBJBKOH_04012	gene	1095				
IFBJBKOH_04013	CDS	1266				hypothetical protein
IFBJBKOH_04013	gene	1266				
IFBJBKOH_04014	CDS	618				hypothetical protein
IFBJBKOH_04014	gene	618				
IFBJBKOH_04015	CDS	852				hypothetical protein
IFBJBKOH_04015	gene	852				
IFBJBKOH_04016	CDS	555				hypothetical protein
IFBJBKOH_04016	gene	555				
IFBJBKOH_04017	CDS	507				hypothetical protein
IFBJBKOH_04017	gene	507				
IFBJBKOH_04018	CDS	315				hypothetical protein
IFBJBKOH_04018	gene	315				
IFBJBKOH_04019	CDS	636				hypothetical protein
IFBJBKOH_04019	gene	636				
IFBJBKOH_04020	CDS	1512	hin_3		COG1961	DNA-invertase hin
IFBJBKOH_04020	gene	1512	hin_3			
IFBJBKOH_04021	CDS	213				hypothetical protein
IFBJBKOH_04021	gene	213				
IFBJBKOH_04022	CDS	945	pre_3			Plasmid recombination enzyme
IFBJBKOH_04022	gene	945	pre_3			
IFBJBKOH_04023	CDS	396				hypothetical protein
IFBJBKOH_04023	gene	396				
IFBJBKOH_04024	CDS	414				hypothetical protein
IFBJBKOH_04024	gene	414				
IFBJBKOH_04025	CDS	264				hypothetical protein
IFBJBKOH_04025	gene	264				
IFBJBKOH_04026	CDS	801	immR_7		COG1396	HTH-type transcriptional regulator ImmR
IFBJBKOH_04026	gene	801	immR_7			
IFBJBKOH_04027	CDS	1221			COG0477	putative MFS-type transporter
IFBJBKOH_04027	gene	1221				
IFBJBKOH_04028	CDS	303				hypothetical protein
IFBJBKOH_04028	gene	303				
IFBJBKOH_04029	CDS	360				hypothetical protein
IFBJBKOH_04029	gene	360				
IFBJBKOH_04030	CDS	1362	alsT_1		COG1115	Amino-acid carrier protein AlsT
IFBJBKOH_04030	gene	1362	alsT_1			
IFBJBKOH_04031	CDS	153				hypothetical protein
IFBJBKOH_04031	gene	153				
IFBJBKOH_04032	CDS	723	lldR		COG2186	Putative L-lactate dehydrogenase operon regulatory protein
IFBJBKOH_04032	gene	723	lldR			
IFBJBKOH_04033	CDS	1722	ilvD_2	4.2.1.9	COG0129	Dihydroxy-acid dehydratase
IFBJBKOH_04033	gene	1722	ilvD_2			
IFBJBKOH_04034	CDS	1362	gntU		COG2610	Low-affinity gluconate transporter
IFBJBKOH_04034	gene	1362	gntU			
IFBJBKOH_04035	CDS	630				hypothetical protein
IFBJBKOH_04035	gene	630				
IFBJBKOH_04036	CDS	225				hypothetical protein
IFBJBKOH_04036	gene	225				
IFBJBKOH_04037	CDS	816	grdB_2	1.21.4.2		Glycine reductase complex component B subunit gamma
IFBJBKOH_04037	gene	816	grdB_2			
IFBJBKOH_04038	CDS	603	dhaS			HTH-type dhaKLM operon transcriptional activator DhaS
IFBJBKOH_04038	gene	603	dhaS			
IFBJBKOH_04039	CDS	1197	yhjX_1			putative MFS-type transporter YhjX
IFBJBKOH_04039	gene	1197	yhjX_1			
IFBJBKOH_04040	CDS	1278	grdE_2	1.21.4.2		Glycine reductase complex component B subunits alpha and beta
IFBJBKOH_04040	gene	1278	grdE_2			
IFBJBKOH_04041	CDS	1053	grdB_3	1.21.4.2		Glycine reductase complex component B subunit gamma
IFBJBKOH_04041	gene	1053	grdB_3			
IFBJBKOH_04042	CDS	207				hypothetical protein
IFBJBKOH_04042	gene	207				
IFBJBKOH_04043	CDS	1023	ccpA_3		COG1609	Catabolite control protein A
IFBJBKOH_04043	gene	1023	ccpA_3			
IFBJBKOH_04044	CDS	636	deoC_3	4.1.2.4	COG0274	Deoxyribose-phosphate aldolase
IFBJBKOH_04044	gene	636	deoC_3			
IFBJBKOH_04045	CDS	936	rbsK_2	2.7.1.15	COG0524	Ribokinase
IFBJBKOH_04045	gene	936	rbsK_2			
IFBJBKOH_04046	CDS	399	rbsD_2	5.4.99.62	COG1869	D-ribose pyranase
IFBJBKOH_04046	gene	399	rbsD_2			
IFBJBKOH_04047	CDS	1503	rbsA_7	3.6.3.17	COG1129	Ribose import ATP-binding protein RbsA
IFBJBKOH_04047	gene	1503	rbsA_7			
IFBJBKOH_04048	CDS	963	rbsC_15		COG1172	Ribose import permease protein RbsC
IFBJBKOH_04048	gene	963	rbsC_15			
IFBJBKOH_04049	CDS	1050	rbsB_9		COG1879	Ribose import binding protein RbsB
IFBJBKOH_04049	gene	1050	rbsB_9			
IFBJBKOH_04050	CDS	1110				Sodium-lithium/proton antiporter
IFBJBKOH_04050	gene	1110				
IFBJBKOH_04051	CDS	1440	proS_2	6.1.1.15	COG0442	Proline--tRNA ligase
IFBJBKOH_04051	gene	1440	proS_2			
IFBJBKOH_04052	CDS	1299	cca	2.7.7.72		CCA-adding enzyme
IFBJBKOH_04052	gene	1299	cca			
IFBJBKOH_04053	CDS	510	mexR_2		COG1846	Multidrug resistance operon repressor
IFBJBKOH_04053	gene	510	mexR_2			
IFBJBKOH_04054	CDS	789	rbsK_3	2.7.1.15	COG0524	Ribokinase
IFBJBKOH_04054	gene	789	rbsK_3			
IFBJBKOH_04055	CDS	732	tcyC_3	3.6.3.-	COG1126	L-cystine import ATP-binding protein TcyC
IFBJBKOH_04055	gene	732	tcyC_3			
IFBJBKOH_04056	CDS	525	tcyB_2		COG0765	L-cystine transport system permease protein TcyB
IFBJBKOH_04056	gene	525	tcyB_2			
IFBJBKOH_04057	CDS	909				hypothetical protein
IFBJBKOH_04057	gene	909				
IFBJBKOH_04058	CDS	690				hypothetical protein
IFBJBKOH_04058	gene	690				
IFBJBKOH_04059	CDS	789				hypothetical protein
IFBJBKOH_04059	gene	789				
IFBJBKOH_04060	CDS	261				hypothetical protein
IFBJBKOH_04060	gene	261				
IFBJBKOH_04061	CDS	315	immR_8		COG1396	HTH-type transcriptional regulator ImmR
IFBJBKOH_04061	gene	315	immR_8			
IFBJBKOH_04062	CDS	762	lytR_3		COG3279	Sensory transduction protein LytR
IFBJBKOH_04062	gene	762	lytR_3			
IFBJBKOH_04063	CDS	1317				hypothetical protein
IFBJBKOH_04063	gene	1317				
IFBJBKOH_04064	CDS	177				hypothetical protein
IFBJBKOH_04064	gene	177				
IFBJBKOH_04065	CDS	591	agrB_7	3.4.-.-		Accessory gene regulator protein B
IFBJBKOH_04065	gene	591	agrB_7			
IFBJBKOH_04066	CDS	1839				hypothetical protein
IFBJBKOH_04066	gene	1839				
IFBJBKOH_04067	CDS	2181				hypothetical protein
IFBJBKOH_04067	gene	2181				
IFBJBKOH_04068	CDS	432				hypothetical protein
IFBJBKOH_04068	gene	432				
IFBJBKOH_04069	CDS	429				hypothetical protein
IFBJBKOH_04069	gene	429				
IFBJBKOH_04070	CDS	447	dnaJ_3		COG0484	Chaperone protein DnaJ
IFBJBKOH_04070	gene	447	dnaJ_3			
IFBJBKOH_04071	CDS	555				hypothetical protein
IFBJBKOH_04071	gene	555				
IFBJBKOH_04072	CDS	534				hypothetical protein
IFBJBKOH_04072	gene	534				
IFBJBKOH_04073	CDS	840	stp_3	3.1.3.16	COG0631	Serine/threonine phosphatase stp
IFBJBKOH_04073	gene	840	stp_3			
IFBJBKOH_04074	CDS	1914				hypothetical protein
IFBJBKOH_04074	gene	1914				
IFBJBKOH_04075	CDS	1314				hypothetical protein
IFBJBKOH_04075	gene	1314				
IFBJBKOH_04076	CDS	693				hypothetical protein
IFBJBKOH_04076	gene	693				
IFBJBKOH_04077	CDS	1209				hypothetical protein
IFBJBKOH_04077	gene	1209				
IFBJBKOH_04078	CDS	1104				hypothetical protein
IFBJBKOH_04078	gene	1104				
IFBJBKOH_04079	CDS	600				hypothetical protein
IFBJBKOH_04079	gene	600				
IFBJBKOH_04080	CDS	1578				hypothetical protein
IFBJBKOH_04080	gene	1578				
IFBJBKOH_04081	CDS	210				hypothetical protein
IFBJBKOH_04081	gene	210				
IFBJBKOH_04082	CDS	540				hypothetical protein
IFBJBKOH_04082	gene	540				
IFBJBKOH_04083	CDS	573				hypothetical protein
IFBJBKOH_04083	gene	573				
IFBJBKOH_04084	CDS	1401				hypothetical protein
IFBJBKOH_04084	gene	1401				
IFBJBKOH_04085	CDS	570				hypothetical protein
IFBJBKOH_04085	gene	570				
IFBJBKOH_04086	CDS	510				hypothetical protein
IFBJBKOH_04086	gene	510				
IFBJBKOH_04087	CDS	4959	wapA_4	3.1.-.-		tRNA3(Ser)-specific nuclease WapA
IFBJBKOH_04087	gene	4959	wapA_4			
IFBJBKOH_04088	CDS	789				hypothetical protein
IFBJBKOH_04088	gene	789				
IFBJBKOH_04089	CDS	216				hypothetical protein
IFBJBKOH_04089	gene	216				
IFBJBKOH_04090	CDS	168				hypothetical protein
IFBJBKOH_04090	gene	168				
IFBJBKOH_04091	CDS	777				hypothetical protein
IFBJBKOH_04091	gene	777				
IFBJBKOH_04092	CDS	540				hypothetical protein
IFBJBKOH_04092	gene	540				
IFBJBKOH_04093	CDS	1305				hypothetical protein
IFBJBKOH_04093	gene	1305				
IFBJBKOH_04094	CDS	234				hypothetical protein
IFBJBKOH_04094	gene	234				
IFBJBKOH_04095	CDS	990				hypothetical protein
IFBJBKOH_04095	gene	990				
IFBJBKOH_04096	CDS	657				hypothetical protein
IFBJBKOH_04096	gene	657				
IFBJBKOH_04097	CDS	654				hypothetical protein
IFBJBKOH_04097	gene	654				
IFBJBKOH_04098	CDS	2619				hypothetical protein
IFBJBKOH_04098	gene	2619				
IFBJBKOH_04099	CDS	207				hypothetical protein
IFBJBKOH_04099	gene	207				
IFBJBKOH_04100	CDS	777				hypothetical protein
IFBJBKOH_04100	gene	777				
IFBJBKOH_04101	CDS	540				hypothetical protein
IFBJBKOH_04101	gene	540				
IFBJBKOH_04102	CDS	1389				hypothetical protein
IFBJBKOH_04102	gene	1389				
IFBJBKOH_04103	CDS	1272				hypothetical protein
IFBJBKOH_04103	gene	1272				
IFBJBKOH_04104	CDS	1329				hypothetical protein
IFBJBKOH_04104	gene	1329				
IFBJBKOH_04105	CDS	456				hypothetical protein
IFBJBKOH_04105	gene	456				
IFBJBKOH_04106	CDS	186				hypothetical protein
IFBJBKOH_04106	gene	186				
IFBJBKOH_04107	CDS	414				hypothetical protein
IFBJBKOH_04107	gene	414				
IFBJBKOH_04108	CDS	573				hypothetical protein
IFBJBKOH_04108	gene	573				
IFBJBKOH_04109	CDS	498				hypothetical protein
IFBJBKOH_04109	gene	498				
IFBJBKOH_04110	CDS	414				hypothetical protein
IFBJBKOH_04110	gene	414				
IFBJBKOH_04111	CDS	261	lytB_5	3.2.1.96	COG4193	Putative endo-beta-N-acetylglucosaminidase
IFBJBKOH_04111	gene	261	lytB_5			
IFBJBKOH_04112	CDS	1620				hypothetical protein
IFBJBKOH_04112	gene	1620				
IFBJBKOH_04113	CDS	363				hypothetical protein
IFBJBKOH_04113	gene	363				
IFBJBKOH_04114	CDS	372				hypothetical protein
IFBJBKOH_04114	gene	372				
IFBJBKOH_04115	CDS	414				hypothetical protein
IFBJBKOH_04115	gene	414				
IFBJBKOH_04116	CDS	612				hypothetical protein
IFBJBKOH_04116	gene	612				
IFBJBKOH_04117	CDS	435				hypothetical protein
IFBJBKOH_04117	gene	435				
IFBJBKOH_04118	CDS	1224				hypothetical protein
IFBJBKOH_04118	gene	1224				
IFBJBKOH_04119	CDS	468				hypothetical protein
IFBJBKOH_04119	gene	468				
IFBJBKOH_04120	CDS	96				hypothetical protein
IFBJBKOH_04120	gene	96				
IFBJBKOH_04121	CDS	282				hypothetical protein
IFBJBKOH_04121	gene	282				
IFBJBKOH_04122	CDS	999				hypothetical protein
IFBJBKOH_04122	gene	999				
IFBJBKOH_04123	CDS	144				hypothetical protein
IFBJBKOH_04123	gene	144				
IFBJBKOH_04124	CDS	645				hypothetical protein
IFBJBKOH_04124	gene	645				
IFBJBKOH_04125	CDS	183				hypothetical protein
IFBJBKOH_04125	gene	183				
IFBJBKOH_04126	CDS	900	patB_1	4.4.1.8	COG1168	Cystathionine beta-lyase PatB
IFBJBKOH_04126	gene	900	patB_1			
IFBJBKOH_04127	CDS	369	ridA_1	3.5.99.10	COG0251	2-iminobutanoate/2-iminopropanoate deaminase
IFBJBKOH_04127	gene	369	ridA_1			
IFBJBKOH_04128	CDS	717				hypothetical protein
IFBJBKOH_04128	gene	717				
IFBJBKOH_04129	CDS	630	hrb		COG1773	High molecular weight rubredoxin
IFBJBKOH_04129	gene	630	hrb			
IFBJBKOH_04130	CDS	783				hypothetical protein
IFBJBKOH_04130	gene	783				
IFBJBKOH_04131	CDS	717		2.4.2.-	COG2071	Putative glutamine amidotransferase
IFBJBKOH_04131	gene	717				
IFBJBKOH_04132	CDS	1347	yeeO_5		COG0534	putative FMN/FAD exporter YeeO
IFBJBKOH_04132	gene	1347	yeeO_5			
IFBJBKOH_04133	CDS	540	ywqN	1.-.-.-	COG0655	Putative NAD(P)H-dependent FMN-containing oxidoreductase YwqN
IFBJBKOH_04133	gene	540	ywqN			
IFBJBKOH_04134	CDS	225	sinR_2		COG1396	HTH-type transcriptional regulator SinR
IFBJBKOH_04134	gene	225	sinR_2			
IFBJBKOH_04135	CDS	204				hypothetical protein
IFBJBKOH_04135	gene	204				
IFBJBKOH_04136	CDS	1992	prpR_2		COG1221	Propionate catabolism operon regulatory protein
IFBJBKOH_04136	gene	1992	prpR_2			
IFBJBKOH_04137	CDS	1038	ltaE_1	4.1.2.48	COG2008	Low specificity L-threonine aldolase
IFBJBKOH_04137	gene	1038	ltaE_1			
IFBJBKOH_04138	CDS	1233	dctA		COG1301	C4-dicarboxylate transport protein
IFBJBKOH_04138	gene	1233	dctA			
IFBJBKOH_04139	CDS	1557				hypothetical protein
IFBJBKOH_04139	gene	1557				
IFBJBKOH_04140	CDS	747				Insertion sequence IS5376 putative ATP-binding protein
IFBJBKOH_04140	gene	747				
IFBJBKOH_04141	CDS	1395	zwf	1.1.1.49	COG0364	Glucose-6-phosphate 1-dehydrogenase
IFBJBKOH_04141	gene	1395	zwf			
IFBJBKOH_04142	CDS	1425	gndA	1.1.1.44	COG0362	6-phosphogluconate dehydrogenase, NADP(+)-dependent, decarboxylating
IFBJBKOH_04142	gene	1425	gndA			
IFBJBKOH_04143	CDS	1095	pgl_3	3.1.1.31	COG2706	6-phosphogluconolactonase
IFBJBKOH_04143	gene	1095	pgl_3			
IFBJBKOH_04144	CDS	1491	aldA	1.2.1.3		Putative aldehyde dehydrogenase AldA
IFBJBKOH_04144	gene	1491	aldA			
IFBJBKOH_04145	CDS	2178				hypothetical protein
IFBJBKOH_04145	gene	2178				
IFBJBKOH_04146	CDS	660	cas5d_1	3.1.-.-		CRISPR pre-crRNA endoribonuclease Cas5d
IFBJBKOH_04146	gene	660	cas5d_1			
IFBJBKOH_04147	CDS	1776				hypothetical protein
IFBJBKOH_04147	gene	1776				
IFBJBKOH_04148	CDS	891				hypothetical protein
IFBJBKOH_04148	gene	891				
IFBJBKOH_04149	CDS	663				hypothetical protein
IFBJBKOH_04149	gene	663				
IFBJBKOH_04150	CDS	1032	cas1	3.1.-.-	COG1518	CRISPR-associated endonuclease Cas1
IFBJBKOH_04150	gene	1032	cas1			
IFBJBKOH_04151	CDS	291	cas2	3.1.-.-	COG1343	CRISPR-associated endonuclease Cas2
IFBJBKOH_04151	gene	291	cas2			
IFBJBKOH_04152	CDS	264				hypothetical protein
IFBJBKOH_04152	gene	264				
IFBJBKOH_04153	CDS	792	mftE	3.5.-.-	COG1402	Putative mycofactocin system creatinine amidohydrolase family protein MftE
IFBJBKOH_04153	gene	792	mftE			
IFBJBKOH_04154	CDS	609	ribU_2			Riboflavin transporter RibU
IFBJBKOH_04154	gene	609	ribU_2			
IFBJBKOH_04155	CDS	1407	dgt_1	3.1.5.1		Deoxyguanosinetriphosphate triphosphohydrolase
IFBJBKOH_04155	gene	1407	dgt_1			
IFBJBKOH_04156	CDS	387				hypothetical protein
IFBJBKOH_04156	gene	387				
IFBJBKOH_04157	CDS	1713				hypothetical protein
IFBJBKOH_04157	gene	1713				
IFBJBKOH_04158	CDS	174				hypothetical protein
IFBJBKOH_04158	gene	174				
IFBJBKOH_04159	CDS	933	sorC		COG2390	Sorbitol operon regulator
IFBJBKOH_04159	gene	933	sorC			
IFBJBKOH_04160	CDS	621	dhaL-2_2	2.7.1.121	COG2376	PEP-dependent dihydroxyacetone kinase 2, ADP-binding subunit DhaL
IFBJBKOH_04160	gene	621	dhaL-2_2			
IFBJBKOH_04161	CDS	999	dhaK-2_2	2.7.1.121	COG2376	PTS-dependent dihydroxyacetone kinase 2, dihydroxyacetone-binding subunit DhaK
IFBJBKOH_04161	gene	999	dhaK-2_2			
IFBJBKOH_04162	CDS	321				hypothetical protein
IFBJBKOH_04162	gene	321				
IFBJBKOH_04163	CDS	849	fbaA_5	4.1.2.13	COG0191	putative fructose-bisphosphate aldolase
IFBJBKOH_04163	gene	849	fbaA_5			
IFBJBKOH_04164	CDS	996	frlB_1	3.5.-.-	COG2222	Fructosamine deglycase FrlB
IFBJBKOH_04164	gene	996	frlB_1			
IFBJBKOH_04165	CDS	723	yvoA_1		COG2188	HTH-type transcriptional repressor YvoA
IFBJBKOH_04165	gene	723	yvoA_1			
IFBJBKOH_04166	CDS	291				hypothetical protein
IFBJBKOH_04166	gene	291				
IFBJBKOH_04167	CDS	900	frlD_1	2.7.1.-	COG0524	Fructosamine kinase FrlD
IFBJBKOH_04167	gene	900	frlD_1			
IFBJBKOH_04168	CDS	1380	msmE_5		COG1653	Multiple sugar-binding protein
IFBJBKOH_04168	gene	1380	msmE_5			
IFBJBKOH_04169	CDS	876	araP_6		COG1175	L-arabinose transport system permease protein AraP
IFBJBKOH_04169	gene	876	araP_6			
IFBJBKOH_04170	CDS	825	araQ_14		COG0395	L-arabinose transport system permease protein AraQ
IFBJBKOH_04170	gene	825	araQ_14			
IFBJBKOH_04171	CDS	282				hypothetical protein
IFBJBKOH_04171	gene	282				
IFBJBKOH_04172	CDS	351	ltrA_20		COG3344	Group II intron-encoded protein LtrA
IFBJBKOH_04172	gene	351	ltrA_20			
IFBJBKOH_04173	CDS	651	ltrA_21		COG3344	Group II intron-encoded protein LtrA
IFBJBKOH_04173	gene	651	ltrA_21			
IFBJBKOH_04174	CDS	2124				hypothetical protein
IFBJBKOH_04174	gene	2124				
IFBJBKOH_04175	CDS	396				hypothetical protein
IFBJBKOH_04175	gene	396				
IFBJBKOH_04176	CDS	639				hypothetical protein
IFBJBKOH_04176	gene	639				
IFBJBKOH_04177	CDS	336				hypothetical protein
IFBJBKOH_04177	gene	336				
IFBJBKOH_04178	CDS	255				hypothetical protein
IFBJBKOH_04178	gene	255				
IFBJBKOH_04179	CDS	795	rsrIM	2.1.1.72		Modification methylase RsrI
IFBJBKOH_04179	gene	795	rsrIM			
IFBJBKOH_04180	CDS	423	spoVG_5			Putative septation protein SpoVG
IFBJBKOH_04180	gene	423	spoVG_5			
IFBJBKOH_04181	CDS	303				hypothetical protein
IFBJBKOH_04181	gene	303				
IFBJBKOH_04182	CDS	1833	ltrA_22		COG3344	Group II intron-encoded protein LtrA
IFBJBKOH_04182	gene	1833	ltrA_22			
IFBJBKOH_04183	CDS	795				hypothetical protein
IFBJBKOH_04183	gene	795				
IFBJBKOH_04184	CDS	1638				hypothetical protein
IFBJBKOH_04184	gene	1638				
IFBJBKOH_04185	CDS	198				hypothetical protein
IFBJBKOH_04185	gene	198				
IFBJBKOH_04186	CDS	1344				hypothetical protein
IFBJBKOH_04186	gene	1344				
IFBJBKOH_04187	CDS	648	dnaG_3	2.7.7.-	COG0358	DNA primase
IFBJBKOH_04187	gene	648	dnaG_3			
IFBJBKOH_04188	CDS	1590	mobA_4			Mobilization protein A
IFBJBKOH_04188	gene	1590	mobA_4			
IFBJBKOH_04189	CDS	372	immR_9		COG1396	HTH-type transcriptional regulator ImmR
IFBJBKOH_04189	gene	372	immR_9			
IFBJBKOH_04190	CDS	516				hypothetical protein
IFBJBKOH_04190	gene	516				
IFBJBKOH_04191	CDS	294				hypothetical protein
IFBJBKOH_04191	gene	294				
IFBJBKOH_04192	CDS	339				hypothetical protein
IFBJBKOH_04192	gene	339				
IFBJBKOH_04193	CDS	192				hypothetical protein
IFBJBKOH_04193	gene	192				
IFBJBKOH_04194	CDS	810				hypothetical protein
IFBJBKOH_04194	gene	810				
IFBJBKOH_04195	CDS	495	linA_1			Lincosamide resistance protein
IFBJBKOH_04195	gene	495	linA_1			
IFBJBKOH_04196	CDS	378				hypothetical protein
IFBJBKOH_04196	gene	378				
IFBJBKOH_04197	CDS	273				hypothetical protein
IFBJBKOH_04197	gene	273				
IFBJBKOH_04198	CDS	1158				hypothetical protein
IFBJBKOH_04198	gene	1158				
IFBJBKOH_04199	CDS	1239	xerD_17		COG4974	Tyrosine recombinase XerD
IFBJBKOH_04199	gene	1239	xerD_17			
IFBJBKOH_04200	CDS	969	xerD_18		COG4974	Tyrosine recombinase XerD
IFBJBKOH_04200	gene	969	xerD_18			
IFBJBKOH_04201	CDS	1032	xerC_14		COG4974	Tyrosine recombinase XerC
IFBJBKOH_04201	gene	1032	xerC_14			
IFBJBKOH_04202	CDS	1140	xerC_15		COG4974	Tyrosine recombinase XerC
IFBJBKOH_04202	gene	1140	xerC_15			
IFBJBKOH_04203	CDS	675				hypothetical protein
IFBJBKOH_04203	gene	675				
IFBJBKOH_04204	CDS	969	frlB_2	3.5.-.-	COG2222	Fructosamine deglycase FrlB
IFBJBKOH_04204	gene	969	frlB_2			
IFBJBKOH_04205	CDS	678	rspR_6		COG1802	HTH-type transcriptional repressor RspR
IFBJBKOH_04205	gene	678	rspR_6			
IFBJBKOH_04206	CDS	1023	yjmD_4	1.-.-.-	COG1063	putative zinc-type alcohol dehydrogenase-like protein YjmD
IFBJBKOH_04206	gene	1023	yjmD_4			
IFBJBKOH_04207	CDS	1023			COG1638	putative protein
IFBJBKOH_04207	gene	1023				
IFBJBKOH_04208	CDS	591	yiaM_2		COG3090	2,3-diketo-L-gulonate TRAP transporter small permease protein YiaM
IFBJBKOH_04208	gene	591	yiaM_2			
IFBJBKOH_04209	CDS	1284	siaM_5		COG1593	Sialic acid TRAP transporter large permease protein SiaM
IFBJBKOH_04209	gene	1284	siaM_5			
IFBJBKOH_04210	CDS	672				hypothetical protein
IFBJBKOH_04210	gene	672				
IFBJBKOH_04211	CDS	1020	dctP_4		COG1638	C4-dicarboxylate-binding periplasmic protein DctP
IFBJBKOH_04211	gene	1020	dctP_4			
IFBJBKOH_04212	CDS	483	dctQ_3		COG3090	C4-dicarboxylate TRAP transporter small permease protein DctQ
IFBJBKOH_04212	gene	483	dctQ_3			
IFBJBKOH_04213	CDS	1272	dctM_11		COG1593	C4-dicarboxylate TRAP transporter large permease protein DctM
IFBJBKOH_04213	gene	1272	dctM_11			
IFBJBKOH_04214	CDS	735	lutR_6		COG2186	HTH-type transcriptional regulator LutR
IFBJBKOH_04214	gene	735	lutR_6			
IFBJBKOH_04215	CDS	354			COG0662	Oxalate-binding protein
IFBJBKOH_04215	gene	354				
IFBJBKOH_04216	CDS	813	kce	2.3.1.247	COG3246	3-keto-5-aminohexanoate cleavage enzyme
IFBJBKOH_04216	gene	813	kce			
IFBJBKOH_04217	CDS	1428				hypothetical protein
IFBJBKOH_04217	gene	1428				
IFBJBKOH_04218	CDS	855				hypothetical protein
IFBJBKOH_04218	gene	855				
IFBJBKOH_04219	CDS	276	spoIIID			Stage III sporulation protein D
IFBJBKOH_04219	gene	276	spoIIID			
IFBJBKOH_04220	CDS	1536	opuE_3		COG0591	Osmoregulated proline transporter OpuE
IFBJBKOH_04220	gene	1536	opuE_3			
IFBJBKOH_04221	CDS	594	ttgR_1			HTH-type transcriptional regulator TtgR
IFBJBKOH_04221	gene	594	ttgR_1			
IFBJBKOH_04222	CDS	1026	ilvE	2.6.1.42	COG0115	Branched-chain-amino-acid aminotransferase
IFBJBKOH_04222	gene	1026	ilvE			
IFBJBKOH_04223	CDS	426				hypothetical protein
IFBJBKOH_04223	gene	426				
IFBJBKOH_04224	CDS	645	cysE	2.3.1.30		Serine acetyltransferase
IFBJBKOH_04224	gene	645	cysE			
IFBJBKOH_04225	CDS	873	ttcA_1	2.8.1.-	COG0037	tRNA-cytidine(32) 2-sulfurtransferase
IFBJBKOH_04225	gene	873	ttcA_1			
IFBJBKOH_04226	CDS	1614				hypothetical protein
IFBJBKOH_04226	gene	1614				
IFBJBKOH_04227	CDS	912				hypothetical protein
IFBJBKOH_04227	gene	912				
IFBJBKOH_04228	CDS	1128				hypothetical protein
IFBJBKOH_04228	gene	1128				
IFBJBKOH_04229	CDS	732	cobB_2	3.5.1.-	COG0846	NAD-dependent protein deacetylase
IFBJBKOH_04229	gene	732	cobB_2			
IFBJBKOH_04230	CDS	909	gpr_1	1.1.1.-	COG0667	L-glyceraldehyde 3-phosphate reductase
IFBJBKOH_04230	gene	909	gpr_1			
IFBJBKOH_04231	CDS	204				hypothetical protein
IFBJBKOH_04231	gene	204				
IFBJBKOH_04232	CDS	288	rpsF		COG0360	30S ribosomal protein S6
IFBJBKOH_04232	gene	288	rpsF			
IFBJBKOH_04233	CDS	465	ssb_1		COG0629	Single-stranded DNA-binding protein
IFBJBKOH_04233	gene	465	ssb_1			
IFBJBKOH_04234	CDS	270	rpsR		COG0238	30S ribosomal protein S18
IFBJBKOH_04234	gene	270	rpsR			
IFBJBKOH_04235	CDS	318				hypothetical protein
IFBJBKOH_04235	gene	318				
IFBJBKOH_04236	CDS	2664	mgtA	3.6.3.2	COG0474	Magnesium-transporting ATPase, P-type 1
IFBJBKOH_04236	gene	2664	mgtA			
IFBJBKOH_04237	CDS	504	walR_1		COG0745	Transcriptional regulatory protein WalR
IFBJBKOH_04237	gene	504	walR_1			
IFBJBKOH_04238	CDS	177				hypothetical protein
IFBJBKOH_04238	gene	177				
IFBJBKOH_04239	CDS	2766	mgtB	3.6.3.2	COG0474	Magnesium-transporting ATPase, P-type 1
IFBJBKOH_04239	gene	2766	mgtB			
IFBJBKOH_04240	CDS	312				hypothetical protein
IFBJBKOH_04240	gene	312				
IFBJBKOH_04241	CDS	240				hypothetical protein
IFBJBKOH_04241	gene	240				
IFBJBKOH_04242	CDS	678	mgtC			Protein MgtC
IFBJBKOH_04242	gene	678	mgtC			
IFBJBKOH_04243	CDS	501				hypothetical protein
IFBJBKOH_04243	gene	501				
IFBJBKOH_04244	CDS	345				hypothetical protein
IFBJBKOH_04244	gene	345				
IFBJBKOH_04245	CDS	864				hypothetical protein
IFBJBKOH_04245	gene	864				
IFBJBKOH_04246	CDS	186				hypothetical protein
IFBJBKOH_04246	gene	186				
IFBJBKOH_04247	CDS	615				hypothetical protein
IFBJBKOH_04247	gene	615				
IFBJBKOH_04248	CDS	279				hypothetical protein
IFBJBKOH_04248	gene	279				
IFBJBKOH_04249	CDS	648				hypothetical protein
IFBJBKOH_04249	gene	648				
IFBJBKOH_04250	CDS	174				hypothetical protein
IFBJBKOH_04250	gene	174				
IFBJBKOH_04251	CDS	111				hypothetical protein
IFBJBKOH_04251	gene	111				
IFBJBKOH_04252	CDS	2187	dmdA_1	4.2.1.85		2,3-dimethylmalate dehydratase large subunit
IFBJBKOH_04252	gene	2187	dmdA_1			
IFBJBKOH_04253	CDS	189	citE_2	4.1.3.6	COG2301	Citrate lyase subunit beta
IFBJBKOH_04253	gene	189	citE_2			
IFBJBKOH_04254	CDS	576	citE_3	4.1.3.6	COG2301	Citrate lyase subunit beta
IFBJBKOH_04254	gene	576	citE_3			
IFBJBKOH_04255	CDS	1572	citF_3	4.1.3.6	COG3051	Citrate lyase alpha chain
IFBJBKOH_04255	gene	1572	citF_3			
IFBJBKOH_04256	CDS	1686	appA_2			Oligopeptide-binding protein AppA
IFBJBKOH_04256	gene	1686	appA_2			
IFBJBKOH_04257	CDS	981	dppD		COG0444	Dipeptide transport ATP-binding protein DppD
IFBJBKOH_04257	gene	981	dppD			
IFBJBKOH_04258	CDS	1020	oppF_4		COG4608	Oligopeptide transport ATP-binding protein OppF
IFBJBKOH_04258	gene	1020	oppF_4			
IFBJBKOH_04259	CDS	948	gsiC_3		COG0601	Glutathione transport system permease protein GsiC
IFBJBKOH_04259	gene	948	gsiC_3			
IFBJBKOH_04260	CDS	969	gsiD_3		COG1173	Glutathione transport system permease protein GsiD
IFBJBKOH_04260	gene	969	gsiD_3			
IFBJBKOH_04261	CDS	894	cynR_11			HTH-type transcriptional regulator CynR
IFBJBKOH_04261	gene	894	cynR_11			
IFBJBKOH_04262	CDS	1179	mdtA_2			Multidrug resistance protein MdtA
IFBJBKOH_04262	gene	1179	mdtA_2			
IFBJBKOH_04263	CDS	3054	swrC_3		COG0841	Swarming motility protein SwrC
IFBJBKOH_04263	gene	3054	swrC_3			
IFBJBKOH_04264	CDS	429				hypothetical protein
IFBJBKOH_04264	gene	429				
IFBJBKOH_04265	CDS	2016				hypothetical protein
IFBJBKOH_04265	gene	2016				
IFBJBKOH_04266	CDS	483	ntpK			V-type sodium ATPase subunit K
IFBJBKOH_04266	gene	483	ntpK			
IFBJBKOH_04267	CDS	594	atpE_3			V-type proton ATPase subunit E
IFBJBKOH_04267	gene	594	atpE_3			
IFBJBKOH_04268	CDS	969	ntpC			V-type sodium ATPase subunit C
IFBJBKOH_04268	gene	969	ntpC			
IFBJBKOH_04269	CDS	321	ntpG			V-type sodium ATPase subunit G
IFBJBKOH_04269	gene	321	ntpG			
IFBJBKOH_04270	CDS	1776	ntpA	3.6.3.15		V-type sodium ATPase catalytic subunit A
IFBJBKOH_04270	gene	1776	ntpA			
IFBJBKOH_04271	CDS	1374	ntpB_2			V-type sodium ATPase subunit B
IFBJBKOH_04271	gene	1374	ntpB_2			
IFBJBKOH_04272	CDS	684	ntpD_2			V-type sodium ATPase subunit D
IFBJBKOH_04272	gene	684	ntpD_2			
IFBJBKOH_04273	CDS	798	resA			Thiol-disulfide oxidoreductase ResA
IFBJBKOH_04273	gene	798	resA			
IFBJBKOH_04274	CDS	150				hypothetical protein
IFBJBKOH_04274	gene	150				
IFBJBKOH_04275	CDS	834	yccM		COG0348	Putative electron transport protein YccM
IFBJBKOH_04275	gene	834	yccM			
IFBJBKOH_04276	CDS	381	oppD_5		COG0444	Oligopeptide transport ATP-binding protein OppD
IFBJBKOH_04276	gene	381	oppD_5			
IFBJBKOH_04277	CDS	270	oppD_6		COG0444	Oligopeptide transport ATP-binding protein OppD
IFBJBKOH_04277	gene	270	oppD_6			
IFBJBKOH_04278	CDS	474	ddpA		COG0747	putative D,D-dipeptide-binding periplasmic protein DdpA
IFBJBKOH_04278	gene	474	ddpA			
IFBJBKOH_04279	CDS	726	hbpA		COG0747	Heme-binding protein A
IFBJBKOH_04279	gene	726	hbpA			
IFBJBKOH_04280	CDS	129				hypothetical protein
IFBJBKOH_04280	gene	129				
IFBJBKOH_04281	CDS	837	ddpB		COG0601	putative D,D-dipeptide transport system permease protein DdpB
IFBJBKOH_04281	gene	837	ddpB			
IFBJBKOH_04282	CDS	837	ddpC		COG1173	putative D,D-dipeptide transport system permease protein DdpC
IFBJBKOH_04282	gene	837	ddpC			
IFBJBKOH_04283	CDS	1077		3.4.-.-		putative peptidase
IFBJBKOH_04283	gene	1077				
IFBJBKOH_04284	CDS	525	ppiB_2	5.2.1.8	COG0652	Peptidyl-prolyl cis-trans isomerase B
IFBJBKOH_04284	gene	525	ppiB_2			
IFBJBKOH_04285	CDS	207	rpmE		COG0254	50S ribosomal protein L31
IFBJBKOH_04285	gene	207	rpmE			
IFBJBKOH_04286	CDS	1125				hypothetical protein
IFBJBKOH_04286	gene	1125				
IFBJBKOH_04287	CDS	864	prmC	2.1.1.297		Release factor glutamine methyltransferase
IFBJBKOH_04287	gene	864	prmC			
IFBJBKOH_04288	CDS	1074	prfA		COG0216	Peptide chain release factor 1
IFBJBKOH_04288	gene	1074	prfA			
IFBJBKOH_04289	CDS	147				hypothetical protein
IFBJBKOH_04289	gene	147				
IFBJBKOH_04290	CDS	333				hypothetical protein
IFBJBKOH_04290	gene	333				
IFBJBKOH_04291	CDS	321				hypothetical protein
IFBJBKOH_04291	gene	321				
IFBJBKOH_04292	CDS	498	sigM_1		COG1595	ECF RNA polymerase sigma factor SigM
IFBJBKOH_04292	gene	498	sigM_1			
IFBJBKOH_04293	CDS	984				hypothetical protein
IFBJBKOH_04293	gene	984				
IFBJBKOH_04294	CDS	879	rclR		COG2207	RCS-specific HTH-type transcriptional activator RclR
IFBJBKOH_04294	gene	879	rclR			
IFBJBKOH_04295	CDS	558				hypothetical protein
IFBJBKOH_04295	gene	558				
IFBJBKOH_04296	CDS	636				hypothetical protein
IFBJBKOH_04296	gene	636				
IFBJBKOH_04297	CDS	1401	yesO_4		COG1653	Putative ABC transporter substrate-binding protein YesO
IFBJBKOH_04297	gene	1401	yesO_4			
IFBJBKOH_04298	CDS	882	ycjO_2		COG1175	Inner membrane ABC transporter permease protein YcjO
IFBJBKOH_04298	gene	882	ycjO_2			
IFBJBKOH_04299	CDS	831	ycjP_5		COG0395	Inner membrane ABC transporter permease protein YcjP
IFBJBKOH_04299	gene	831	ycjP_5			
IFBJBKOH_04300	CDS	1122	yjhC_1	1.-.-.-	COG0673	putative oxidoreductase YjhC
IFBJBKOH_04300	gene	1122	yjhC_1			
IFBJBKOH_04301	CDS	1116	yjhC_2	1.-.-.-	COG0673	putative oxidoreductase YjhC
IFBJBKOH_04301	gene	1116	yjhC_2			
IFBJBKOH_04302	CDS	924	nanA_1	4.1.3.3	COG0329	N-acetylneuraminate lyase
IFBJBKOH_04302	gene	924	nanA_1			
IFBJBKOH_04303	CDS	465	tabA_4		COG2731	Toxin-antitoxin biofilm protein TabA
IFBJBKOH_04303	gene	465	tabA_4			
IFBJBKOH_04304	CDS	597	nanE_1	5.1.3.9	COG3010	Putative N-acetylmannosamine-6-phosphate 2-epimerase
IFBJBKOH_04304	gene	597	nanE_1			
IFBJBKOH_04305	CDS	468				hypothetical protein
IFBJBKOH_04305	gene	468				
IFBJBKOH_04306	CDS	237				hypothetical protein
IFBJBKOH_04306	gene	237				
IFBJBKOH_04307	CDS	900	rmlA	2.7.7.24	COG1209	Glucose-1-phosphate thymidylyltransferase
IFBJBKOH_04307	gene	900	rmlA			
IFBJBKOH_04308	CDS	1023	rffG	4.2.1.46	COG1088	dTDP-glucose 4,6-dehydratase 2
IFBJBKOH_04308	gene	1023	rffG			
IFBJBKOH_04309	CDS	948	rmlD_2	1.1.1.133	COG1091	dTDP-4-dehydrorhamnose reductase
IFBJBKOH_04309	gene	948	rmlD_2			
IFBJBKOH_04310	CDS	1353	glmM	5.4.2.10	COG1109	Phosphoglucosamine mutase
IFBJBKOH_04310	gene	1353	glmM			
IFBJBKOH_04311	CDS	1668	leuA	2.3.3.13	COG0119	2-isopropylmalate synthase
IFBJBKOH_04311	gene	1668	leuA			
IFBJBKOH_04312	CDS	1653				hypothetical protein
IFBJBKOH_04312	gene	1653				
IFBJBKOH_04313	CDS	789				hypothetical protein
IFBJBKOH_04313	gene	789				
IFBJBKOH_04314	CDS	726	treR		COG2188	HTH-type transcriptional regulator TreR
IFBJBKOH_04314	gene	726	treR			
IFBJBKOH_04315	CDS	1392	treB		COG1263	PTS system trehalose-specific EIIBC component
IFBJBKOH_04315	gene	1392	treB			
IFBJBKOH_04316	CDS	1647	treA	3.2.1.93	COG0366	Trehalose-6-phosphate hydrolase
IFBJBKOH_04316	gene	1647	treA			
IFBJBKOH_04317	CDS	192				hypothetical protein
IFBJBKOH_04317	gene	192				
IFBJBKOH_04318	CDS	1101	glf	5.4.99.9	COG0562	UDP-galactopyranose mutase
IFBJBKOH_04318	gene	1101	glf			
IFBJBKOH_04319	CDS	1098				hypothetical protein
IFBJBKOH_04319	gene	1098				
IFBJBKOH_04320	CDS	1056	tuaG	2.4.-.-	COG0463	Putative teichuronic acid biosynthesis glycosyltransferase TuaG
IFBJBKOH_04320	gene	1056	tuaG			
IFBJBKOH_04321	CDS	1452	tuaB		COG2244	Teichuronic acid biosynthesis protein TuaB
IFBJBKOH_04321	gene	1452	tuaB			
IFBJBKOH_04322	CDS	969				hypothetical protein
IFBJBKOH_04322	gene	969				
IFBJBKOH_04323	CDS	1008			COG0463	putative protein
IFBJBKOH_04323	gene	1008				
IFBJBKOH_04324	CDS	1557				hypothetical protein
IFBJBKOH_04324	gene	1557				
IFBJBKOH_04325	CDS	1020	gspA		COG1442	General stress protein A
IFBJBKOH_04325	gene	1020	gspA			
IFBJBKOH_04326	CDS	897				hypothetical protein
IFBJBKOH_04326	gene	897				
IFBJBKOH_04327	CDS	1116	vioA	2.6.1.33		dTDP-4-amino-4,6-dideoxy-D-glucose transaminase
IFBJBKOH_04327	gene	1116	vioA			
IFBJBKOH_04328	CDS	687	ppm1	2.4.1.-		Polyprenol monophosphomannose synthase
IFBJBKOH_04328	gene	687	ppm1			
IFBJBKOH_04329	CDS	1323				hypothetical protein
IFBJBKOH_04329	gene	1323				
IFBJBKOH_04330	CDS	984				hypothetical protein
IFBJBKOH_04330	gene	984				
IFBJBKOH_04331	CDS	450				hypothetical protein
IFBJBKOH_04331	gene	450				
IFBJBKOH_04332	CDS	1683				hypothetical protein
IFBJBKOH_04332	gene	1683				
IFBJBKOH_04333	CDS	555	rmlC	5.1.3.13	COG1898	dTDP-4-dehydrorhamnose 3,5-epimerase
IFBJBKOH_04333	gene	555	rmlC			
IFBJBKOH_04334	CDS	813	tagG_2		COG1682	Teichoic acid translocation permease protein TagG
IFBJBKOH_04334	gene	813	tagG_2			
IFBJBKOH_04335	CDS	600				hypothetical protein
IFBJBKOH_04335	gene	600				
IFBJBKOH_04336	CDS	450	yvbK	2.3.1.-		putative N-acetyltransferase YvbK
IFBJBKOH_04336	gene	450	yvbK			
IFBJBKOH_04337	CDS	573	srpC		COG2059	putative chromate transport protein
IFBJBKOH_04337	gene	573	srpC			
IFBJBKOH_04338	CDS	639	chrA1			Chromate transport protein
IFBJBKOH_04338	gene	639	chrA1			
IFBJBKOH_04339	CDS	894	cmpR_2		COG0583	HTH-type transcriptional activator CmpR
IFBJBKOH_04339	gene	894	cmpR_2			
IFBJBKOH_04340	CDS	309	manP_1		COG1299	PTS system mannose-specific EIIBCA component
IFBJBKOH_04340	gene	309	manP_1			
IFBJBKOH_04341	CDS	1104	fruA_4		COG1299	PTS system fructose-specific EIIB'BC component
IFBJBKOH_04341	gene	1104	fruA_4			
IFBJBKOH_04342	CDS	885	gatY	4.1.2.40	COG0191	D-tagatose-1,6-bisphosphate aldolase subunit GatY
IFBJBKOH_04342	gene	885	gatY			
IFBJBKOH_04343	CDS	1962	manR_2		COG1762	Transcriptional regulator ManR
IFBJBKOH_04343	gene	1962	manR_2			
IFBJBKOH_04344	CDS	450	fruA_5		COG1299	PTS system fructose-specific EIIABC component
IFBJBKOH_04344	gene	450	fruA_5			
IFBJBKOH_04345	CDS	270				hypothetical protein
IFBJBKOH_04345	gene	270				
IFBJBKOH_04346	CDS	519				hypothetical protein
IFBJBKOH_04346	gene	519				
IFBJBKOH_04347	CDS	195	iolC_2	2.7.1.92	COG0524	5-dehydro-2-deoxygluconokinase
IFBJBKOH_04347	gene	195	iolC_2			
IFBJBKOH_04348	CDS	201				hypothetical protein
IFBJBKOH_04348	gene	201				
IFBJBKOH_04349	CDS	342	araQ_15		COG0395	L-arabinose transport system permease protein AraQ
IFBJBKOH_04349	gene	342	araQ_15			
IFBJBKOH_04350	CDS	864	garR_2	1.1.1.60	COG2084	2-hydroxy-3-oxopropionate reductase
IFBJBKOH_04350	gene	864	garR_2			
IFBJBKOH_04351	CDS	909	cynR_12			HTH-type transcriptional regulator CynR
IFBJBKOH_04351	gene	909	cynR_12			
IFBJBKOH_04352	CDS	1275	sdcS		COG0471	Sodium-dependent dicarboxylate transporter SdcS
IFBJBKOH_04352	gene	1275	sdcS			
IFBJBKOH_04353	CDS	1143	dgoD_2	4.2.1.6	COG4948	D-galactonate dehydratase
IFBJBKOH_04353	gene	1143	dgoD_2			
IFBJBKOH_04354	CDS	588				hypothetical protein
IFBJBKOH_04354	gene	588				
IFBJBKOH_04355	CDS	612	nfo_2	3.1.21.2	COG0648	putative endonuclease 4
IFBJBKOH_04355	gene	612	nfo_2			
IFBJBKOH_04356	CDS	216				hypothetical protein
IFBJBKOH_04356	gene	216				
IFBJBKOH_04357	CDS	318	trxA_2		COG0526	Thioredoxin 1
IFBJBKOH_04357	gene	318	trxA_2			
IFBJBKOH_04358	CDS	1497	tagH_2	3.6.3.40	COG1134	Teichoic acids export ATP-binding protein TagH
IFBJBKOH_04358	gene	1497	tagH_2			
IFBJBKOH_04359	CDS	3948	kfoC			Chondroitin synthase
IFBJBKOH_04359	gene	3948	kfoC			
IFBJBKOH_04360	CDS	708	hddC	2.7.7.71		D-glycero-alpha-D-manno-heptose 1-phosphate guanylyltransferase
IFBJBKOH_04360	gene	708	hddC			
IFBJBKOH_04361	CDS	1071	hddA	2.7.1.168		D-glycero-alpha-D-manno-heptose 7-phosphate kinase
IFBJBKOH_04361	gene	1071	hddA			
IFBJBKOH_04362	CDS	582	gmhB	3.1.3.82	COG0241	D-glycero-beta-D-manno-heptose-1,7-bisphosphate 7-phosphatase
IFBJBKOH_04362	gene	582	gmhB			
IFBJBKOH_04363	CDS	633	gmhA1	5.3.1.28	COG0279	Phosphoheptose isomerase 1
IFBJBKOH_04363	gene	633	gmhA1			
IFBJBKOH_04364	CDS	786				hypothetical protein
IFBJBKOH_04364	gene	786				
IFBJBKOH_04365	CDS	2334				hypothetical protein
IFBJBKOH_04365	gene	2334				
IFBJBKOH_04366	CDS	1863				hypothetical protein
IFBJBKOH_04366	gene	1863				
IFBJBKOH_04367	CDS	1452				hypothetical protein
IFBJBKOH_04367	gene	1452				
IFBJBKOH_04368	CDS	771	rfbF	2.7.7.33	COG1208	Glucose-1-phosphate cytidylyltransferase
IFBJBKOH_04368	gene	771	rfbF			
IFBJBKOH_04369	CDS	189				hypothetical protein
IFBJBKOH_04369	gene	189				
IFBJBKOH_04370	CDS	1059	rfbG	4.2.1.45	COG0451	CDP-glucose 4,6-dehydratase
IFBJBKOH_04370	gene	1059	rfbG			
IFBJBKOH_04371	CDS	1359	colD_2	4.2.1.168		GDP-4-keto-6-deoxy-D-mannose 3-dehydratase
IFBJBKOH_04371	gene	1359	colD_2			
IFBJBKOH_04372	CDS	843				hypothetical protein
IFBJBKOH_04372	gene	843				
IFBJBKOH_04373	CDS	1002	yfdH_2	2.4.1.-	COG0463	Prophage bactoprenol glucosyl transferase 
IFBJBKOH_04373	gene	1002	yfdH_2			
IFBJBKOH_04374	CDS	282				hypothetical protein
IFBJBKOH_04374	gene	282				
IFBJBKOH_04375	CDS	591				hypothetical protein
IFBJBKOH_04375	gene	591				
IFBJBKOH_04376	CDS	351				hypothetical protein
IFBJBKOH_04376	gene	351				
IFBJBKOH_04377	CDS	3045				hypothetical protein
IFBJBKOH_04377	gene	3045				
IFBJBKOH_04378	CDS	327				hypothetical protein
IFBJBKOH_04378	gene	327				
IFBJBKOH_04379	CDS	384				hypothetical protein
IFBJBKOH_04379	gene	384				
IFBJBKOH_04380	CDS	459	fosB_2	2.5.1.-		Metallothiol transferase FosB
IFBJBKOH_04380	gene	459	fosB_2			
IFBJBKOH_04381	CDS	555				hypothetical protein
IFBJBKOH_04381	gene	555				
IFBJBKOH_04382	CDS	528				hypothetical protein
IFBJBKOH_04382	gene	528				
IFBJBKOH_04383	CDS	1293				hypothetical protein
IFBJBKOH_04383	gene	1293				
IFBJBKOH_04384	CDS	201				hypothetical protein
IFBJBKOH_04384	gene	201				
IFBJBKOH_04385	CDS	348				hypothetical protein
IFBJBKOH_04385	gene	348				
IFBJBKOH_04386	CDS	345				hypothetical protein
IFBJBKOH_04386	gene	345				
IFBJBKOH_04387	CDS	906	pafC		COG2378	Protein PafC
IFBJBKOH_04387	gene	906	pafC			
IFBJBKOH_04388	CDS	138				hypothetical protein
IFBJBKOH_04388	gene	138				
IFBJBKOH_04389	CDS	459				hypothetical protein
IFBJBKOH_04389	gene	459				
IFBJBKOH_04390	CDS	204				hypothetical protein
IFBJBKOH_04390	gene	204				
IFBJBKOH_04391	CDS	351				hypothetical protein
IFBJBKOH_04391	gene	351				
IFBJBKOH_04392	CDS	411				hypothetical protein
IFBJBKOH_04392	gene	411				
IFBJBKOH_04393	CDS	315				hypothetical protein
IFBJBKOH_04393	gene	315				
IFBJBKOH_04394	CDS	231				hypothetical protein
IFBJBKOH_04394	gene	231				
IFBJBKOH_04395	CDS	255				hypothetical protein
IFBJBKOH_04395	gene	255				
IFBJBKOH_04396	CDS	633	acrR		COG1309	HTH-type transcriptional regulator AcrR
IFBJBKOH_04396	gene	633	acrR			
IFBJBKOH_04397	CDS	1221				hypothetical protein
IFBJBKOH_04397	gene	1221				
IFBJBKOH_04398	CDS	1200				hypothetical protein
IFBJBKOH_04398	gene	1200				
IFBJBKOH_04399	CDS	255				hypothetical protein
IFBJBKOH_04399	gene	255				
IFBJBKOH_04400	CDS	1560	betL		COG1292	Glycine betaine transporter BetL
IFBJBKOH_04400	gene	1560	betL			
IFBJBKOH_04401	CDS	549				hypothetical protein
IFBJBKOH_04401	gene	549				
IFBJBKOH_04402	CDS	1101				hypothetical protein
IFBJBKOH_04402	gene	1101				
IFBJBKOH_04403	CDS	993				hypothetical protein
IFBJBKOH_04403	gene	993				
IFBJBKOH_04404	CDS	1398	alsT_2		COG1115	Amino-acid carrier protein AlsT
IFBJBKOH_04404	gene	1398	alsT_2			
IFBJBKOH_04405	CDS	159				hypothetical protein
IFBJBKOH_04405	gene	159				
IFBJBKOH_04406	CDS	1716	tnsB_4			Transposon Tn7 transposition protein TnsB
IFBJBKOH_04406	gene	1716	tnsB_4			
IFBJBKOH_04407	CDS	1503	tnsC_4			Transposon Tn7 transposition protein TnsC
IFBJBKOH_04407	gene	1503	tnsC_4			
IFBJBKOH_04408	CDS	393				hypothetical protein
IFBJBKOH_04408	gene	393				
IFBJBKOH_04409	CDS	561				hypothetical protein
IFBJBKOH_04409	gene	561				
IFBJBKOH_04410	CDS	333				hypothetical protein
IFBJBKOH_04410	gene	333				
IFBJBKOH_04411	CDS	588				hypothetical protein
IFBJBKOH_04411	gene	588				
IFBJBKOH_04412	CDS	447				hypothetical protein
IFBJBKOH_04412	gene	447				
IFBJBKOH_04413	CDS	306				hypothetical protein
IFBJBKOH_04413	gene	306				
IFBJBKOH_04414	CDS	150				hypothetical protein
IFBJBKOH_04414	gene	150				
IFBJBKOH_04415	CDS	1617	virD4_1			Protein VirD4
IFBJBKOH_04415	gene	1617	virD4_1			
IFBJBKOH_04416	CDS	957				hypothetical protein
IFBJBKOH_04416	gene	957				
IFBJBKOH_04417	CDS	963				hypothetical protein
IFBJBKOH_04417	gene	963				
IFBJBKOH_04418	CDS	615				hypothetical protein
IFBJBKOH_04418	gene	615				
IFBJBKOH_04419	CDS	741				hypothetical protein
IFBJBKOH_04419	gene	741				
IFBJBKOH_04420	CDS	1038	xerC_16		COG4973	Tyrosine recombinase XerC
IFBJBKOH_04420	gene	1038	xerC_16			
IFBJBKOH_04421	CDS	969	xerC_17		COG4973	Tyrosine recombinase XerC
IFBJBKOH_04421	gene	969	xerC_17			
IFBJBKOH_04422	CDS	1902	xerD_19		COG4974	Tyrosine recombinase XerD
IFBJBKOH_04422	gene	1902	xerD_19			
IFBJBKOH_04423	CDS	291				hypothetical protein
IFBJBKOH_04423	gene	291				
IFBJBKOH_04424	CDS	240				hypothetical protein
IFBJBKOH_04424	gene	240				
IFBJBKOH_04425	CDS	771	mobA_5			Mobilization protein A
IFBJBKOH_04425	gene	771	mobA_5			
IFBJBKOH_04426	CDS	891				hypothetical protein
IFBJBKOH_04426	gene	891				
IFBJBKOH_04427	CDS	117				hypothetical protein
IFBJBKOH_04427	gene	117				
IFBJBKOH_04428	CDS	549				hypothetical protein
IFBJBKOH_04428	gene	549				
IFBJBKOH_04429	CDS	201				hypothetical protein
IFBJBKOH_04429	gene	201				
IFBJBKOH_04430	CDS	978				hypothetical protein
IFBJBKOH_04430	gene	978				
IFBJBKOH_04431	CDS	192				hypothetical protein
IFBJBKOH_04431	gene	192				
IFBJBKOH_04432	CDS	867				hypothetical protein
IFBJBKOH_04432	gene	867				
IFBJBKOH_04433	CDS	138				hypothetical protein
IFBJBKOH_04433	gene	138				
IFBJBKOH_04434	CDS	165				hypothetical protein
IFBJBKOH_04434	gene	165				
IFBJBKOH_04435	CDS	627				hypothetical protein
IFBJBKOH_04435	gene	627				
IFBJBKOH_04436	CDS	1464				hypothetical protein
IFBJBKOH_04436	gene	1464				
IFBJBKOH_04437	CDS	372				hypothetical protein
IFBJBKOH_04437	gene	372				
IFBJBKOH_04438	CDS	711	dpnA_2	2.1.1.72		Modification methylase DpnIIB
IFBJBKOH_04438	gene	711	dpnA_2			
IFBJBKOH_04439	CDS	975	hhaIM_4	2.1.1.37		Modification methylase HhaI
IFBJBKOH_04439	gene	975	hhaIM_4			
IFBJBKOH_04440	CDS	546	secA_2		COG0653	Protein translocase subunit SecA
IFBJBKOH_04440	gene	546	secA_2			
IFBJBKOH_04441	CDS	690	tnsB_5			Transposon Tn7 transposition protein TnsB
IFBJBKOH_04441	gene	690	tnsB_5			
IFBJBKOH_04442	CDS	993	xerC_18			Tyrosine recombinase XerC
IFBJBKOH_04442	gene	993	xerC_18			
IFBJBKOH_04443	CDS	117				hypothetical protein
IFBJBKOH_04443	gene	117				
IFBJBKOH_04444	CDS	471	yhcG_5	3.1.-.-	COG4804	Putative nuclease YhcG
IFBJBKOH_04444	gene	471	yhcG_5			
IFBJBKOH_04445	CDS	237	yhcG_6	3.1.-.-	COG4804	Putative nuclease YhcG
IFBJBKOH_04445	gene	237	yhcG_6			
IFBJBKOH_04446	CDS	429				hypothetical protein
IFBJBKOH_04446	gene	429				
IFBJBKOH_04447	CDS	117				hypothetical protein
IFBJBKOH_04447	gene	117				
IFBJBKOH_04448	CDS	1344	mtaD_2	3.5.4.28	COG0402	5-methylthioadenosine/S-adenosylhomocysteine deaminase
IFBJBKOH_04448	gene	1344	mtaD_2			
IFBJBKOH_04449	CDS	1716	ade_3	3.5.4.2	COG1001	Adenine deaminase
IFBJBKOH_04449	gene	1716	ade_3			
IFBJBKOH_04450	CDS	1059	spuD			Putrescine-binding periplasmic protein SpuD
IFBJBKOH_04450	gene	1059	spuD			
IFBJBKOH_04451	CDS	1041	potA_6	3.6.3.31	COG3842	Spermidine/putrescine import ATP-binding protein PotA
IFBJBKOH_04451	gene	1041	potA_6			
IFBJBKOH_04452	CDS	783	ydcV_2			Inner membrane ABC transporter permease protein YdcV
IFBJBKOH_04452	gene	783	ydcV_2			
IFBJBKOH_04453	CDS	834	potH_2		COG1176	Putrescine transport system permease protein PotH
IFBJBKOH_04453	gene	834	potH_2			
IFBJBKOH_04454	CDS	927	cynR_13			HTH-type transcriptional regulator CynR
IFBJBKOH_04454	gene	927	cynR_13			
IFBJBKOH_04455	CDS	498				hypothetical protein
IFBJBKOH_04455	gene	498				
IFBJBKOH_04456	CDS	1191	patB_2	4.4.1.8	COG1168	Cystathionine beta-lyase PatB
IFBJBKOH_04456	gene	1191	patB_2			
IFBJBKOH_04457	CDS	1353	yhdG_1		COG0531	putative amino acid permease YhdG
IFBJBKOH_04457	gene	1353	yhdG_1			
IFBJBKOH_04458	CDS	945				hypothetical protein
IFBJBKOH_04458	gene	945				
IFBJBKOH_04459	CDS	519				Putative bifunctional phosphatase/peptidyl-prolyl cis-trans isomerase
IFBJBKOH_04459	gene	519				
IFBJBKOH_04460	CDS	750				hypothetical protein
IFBJBKOH_04460	gene	750				
IFBJBKOH_04461	CDS	672				hypothetical protein
IFBJBKOH_04461	gene	672				
IFBJBKOH_04462	CDS	729				hypothetical protein
IFBJBKOH_04462	gene	729				
IFBJBKOH_04463	CDS	909	ispE	2.7.1.148	COG1947	4-diphosphocytidyl-2-C-methyl-D-erythritol kinase
IFBJBKOH_04463	gene	909	ispE			
IFBJBKOH_04464	CDS	708	rspR_7		COG1802	HTH-type transcriptional repressor RspR
IFBJBKOH_04464	gene	708	rspR_7			
IFBJBKOH_04465	CDS	204				hypothetical protein
IFBJBKOH_04465	gene	204				
IFBJBKOH_04466	CDS	654				hypothetical protein
IFBJBKOH_04466	gene	654				
IFBJBKOH_04467	CDS	1062	ddl	6.3.2.4	COG1181	D-alanine--D-alanine ligase
IFBJBKOH_04467	gene	1062	ddl			
IFBJBKOH_04468	CDS	426				hypothetical protein
IFBJBKOH_04468	gene	426				
IFBJBKOH_04469	CDS	462				hypothetical protein
IFBJBKOH_04469	gene	462				
IFBJBKOH_04470	CDS	4107	rpoB	2.7.7.6	COG0085	DNA-directed RNA polymerase subunit beta
IFBJBKOH_04470	gene	4107	rpoB			
IFBJBKOH_04471	CDS	3717	rpoC	2.7.7.6	COG0086	DNA-directed RNA polymerase subunit beta'
IFBJBKOH_04471	gene	3717	rpoC			
IFBJBKOH_04472	CDS	939	liaR		COG2197	Transcriptional regulatory protein LiaR
IFBJBKOH_04472	gene	939	liaR			
IFBJBKOH_04473	CDS	1017	ptcA	2.1.3.6	COG0078	Putrescine carbamoyltransferase
IFBJBKOH_04473	gene	1017	ptcA			
IFBJBKOH_04474	CDS	1443	gadC		COG0531	putative glutamate/gamma-aminobutyrate antiporter
IFBJBKOH_04474	gene	1443	gadC			
IFBJBKOH_04475	CDS	1092	aguA	3.5.3.12	COG2957	Agmatine deiminase
IFBJBKOH_04475	gene	1092	aguA			
IFBJBKOH_04476	CDS	939	arcC1_2	2.7.2.2		Carbamate kinase 1
IFBJBKOH_04476	gene	939	arcC1_2			
IFBJBKOH_04477	CDS	330				hypothetical protein
IFBJBKOH_04477	gene	330				
IFBJBKOH_04478	CDS	249				hypothetical protein
IFBJBKOH_04478	gene	249				
IFBJBKOH_04479	CDS	1194	patB_3	4.4.1.8	COG1168	Cystathionine beta-lyase PatB
IFBJBKOH_04479	gene	1194	patB_3			
IFBJBKOH_04480	CDS	189				hypothetical protein
IFBJBKOH_04480	gene	189				
IFBJBKOH_04481	CDS	135				hypothetical protein
IFBJBKOH_04481	gene	135				
IFBJBKOH_04482	CDS	1371	steT		COG0531	Serine/threonine exchanger SteT
IFBJBKOH_04482	gene	1371	steT			
IFBJBKOH_04483	CDS	405				hypothetical protein
IFBJBKOH_04483	gene	405				
IFBJBKOH_04484	CDS	801				hypothetical protein
IFBJBKOH_04484	gene	801				
IFBJBKOH_04485	CDS	420	rpsL		COG0048	30S ribosomal protein S12
IFBJBKOH_04485	gene	420	rpsL			
IFBJBKOH_04486	CDS	102				hypothetical protein
IFBJBKOH_04486	gene	102				
IFBJBKOH_04487	CDS	471	rpsG		COG0049	30S ribosomal protein S7
IFBJBKOH_04487	gene	471	rpsG			
IFBJBKOH_04488	CDS	2118	fusA_1		COG0480	Elongation factor G
IFBJBKOH_04488	gene	2118	fusA_1			
IFBJBKOH_04489	CDS	1194	tuf		COG0050	Elongation factor Tu
IFBJBKOH_04489	gene	1194	tuf			
IFBJBKOH_04490	CDS	654				hypothetical protein
IFBJBKOH_04490	gene	654				
IFBJBKOH_04491	CDS	882				hypothetical protein
IFBJBKOH_04491	gene	882				
IFBJBKOH_04492	CDS	549	pgsA_1	2.7.8.5	COG0558	CDP-diacylglycerol--glycerol-3-phosphate 3-phosphatidyltransferase
IFBJBKOH_04492	gene	549	pgsA_1			
IFBJBKOH_04493	CDS	855	ybbH_1		COG1737	putative HTH-type transcriptional regulator YbbH
IFBJBKOH_04493	gene	855	ybbH_1			
IFBJBKOH_04494	CDS	2259	degA_4		COG1609	HTH-type transcriptional regulator DegA
IFBJBKOH_04494	gene	2259	degA_4			
IFBJBKOH_04495	CDS	1170	ugpB_4		COG1653	sn-glycerol-3-phosphate-binding periplasmic protein UgpB
IFBJBKOH_04495	gene	1170	ugpB_4			
IFBJBKOH_04496	CDS	948	lacF_6			Lactose transport system permease protein LacF
IFBJBKOH_04496	gene	948	lacF_6			
IFBJBKOH_04497	CDS	816	araQ_16		COG0395	L-arabinose transport system permease protein AraQ
IFBJBKOH_04497	gene	816	araQ_16			
IFBJBKOH_04498	CDS	699	rbn_2	3.1.26.11		Ribonuclease BN
IFBJBKOH_04498	gene	699	rbn_2			
IFBJBKOH_04499	CDS	1056				hypothetical protein
IFBJBKOH_04499	gene	1056				
IFBJBKOH_04500	CDS	1110	ytfQ_2			ABC transporter periplasmic-binding protein YtfQ
IFBJBKOH_04500	gene	1110	ytfQ_2			
IFBJBKOH_04501	CDS	822	aiiB	3.1.1.81		N-acyl homoserine lactonase AiiB
IFBJBKOH_04501	gene	822	aiiB			
IFBJBKOH_04502	CDS	1503	mglA_8	3.6.3.17	COG1129	Galactose/methyl galactoside import ATP-binding protein MglA
IFBJBKOH_04502	gene	1503	mglA_8			
IFBJBKOH_04503	CDS	963	rbsC_16		COG1172	Ribose import permease protein RbsC
IFBJBKOH_04503	gene	963	rbsC_16			
IFBJBKOH_04504	CDS	1599			COG4753	putative response regulatory protein
IFBJBKOH_04504	gene	1599				
IFBJBKOH_04505	CDS	255				hypothetical protein
IFBJBKOH_04505	gene	255				
IFBJBKOH_04506	CDS	723	btsS_9	2.7.13.3	COG3275	Sensor histidine kinase BtsS
IFBJBKOH_04506	gene	723	btsS_9			
IFBJBKOH_04507	CDS	918	fruK_2	3.6.3.17	COG1129	Fructose import ATP-binding protein FruK
IFBJBKOH_04507	gene	918	fruK_2			
IFBJBKOH_04508	CDS	516	rbsA_8	3.6.3.17	COG1129	Ribose import ATP-binding protein RbsA
IFBJBKOH_04508	gene	516	rbsA_8			
IFBJBKOH_04509	CDS	1497	ynjE_1	2.8.1.1	COG2897	Thiosulfate sulfurtransferase YnjE
IFBJBKOH_04509	gene	1497	ynjE_1			
IFBJBKOH_04510	CDS	585				hypothetical protein
IFBJBKOH_04510	gene	585				
IFBJBKOH_04511	CDS	1719				hypothetical protein
IFBJBKOH_04511	gene	1719				
IFBJBKOH_04512	CDS	1215	lysC	2.7.2.4		Aspartokinase
IFBJBKOH_04512	gene	1215	lysC			
IFBJBKOH_04513	CDS	1452	pccB_2	6.4.1.3	COG4799	Propionyl-CoA carboxylase beta chain
IFBJBKOH_04513	gene	1452	pccB_2			
IFBJBKOH_04514	CDS	810				hypothetical protein
IFBJBKOH_04514	gene	810				
IFBJBKOH_04515	CDS	384	gcdC	4.1.1.70	COG0511	Glutaconyl-CoA decarboxylase subunit gamma
IFBJBKOH_04515	gene	384	gcdC			
IFBJBKOH_04516	CDS	1146	gcdB_2	4.1.1.70	COG1883	Glutaconyl-CoA decarboxylase subunit beta
IFBJBKOH_04516	gene	1146	gcdB_2			
IFBJBKOH_04517	CDS	1413		2.1.3.1	COG5016	Methylmalonyl-CoA carboxyltransferase 5S subunit
IFBJBKOH_04517	gene	1413				
IFBJBKOH_04518	CDS	1254	isp	3.4.21.-	COG1404	Major intracellular serine protease
IFBJBKOH_04518	gene	1254	isp			
IFBJBKOH_04519	CDS	2289	malP	2.4.1.1	COG0058	Maltodextrin phosphorylase
IFBJBKOH_04519	gene	2289	malP			
IFBJBKOH_04520	CDS	891	rhaS_6			HTH-type transcriptional activator RhaS
IFBJBKOH_04520	gene	891	rhaS_6			
IFBJBKOH_04521	CDS	1500	malQ_3	2.4.1.25	COG1640	4-alpha-glucanotransferase
IFBJBKOH_04521	gene	1500	malQ_3			
IFBJBKOH_04522	CDS	549	bar	2.3.1.183		Phosphinothricin N-acetyltransferase
IFBJBKOH_04522	gene	549	bar			
IFBJBKOH_04523	CDS	699				hypothetical protein
IFBJBKOH_04523	gene	699				
IFBJBKOH_04524	CDS	1455	lytA_12	3.5.1.28		Autolysin
IFBJBKOH_04524	gene	1455	lytA_12			
IFBJBKOH_04525	CDS	1671		3.6.1.1		Cobalt-dependent inorganic pyrophosphatase
IFBJBKOH_04525	gene	1671				
IFBJBKOH_04526	CDS	612	flr_4			Flavoredoxin
IFBJBKOH_04526	gene	612	flr_4			
IFBJBKOH_04527	CDS	645	aroK	2.7.1.71	COG0703	Shikimate kinase
IFBJBKOH_04527	gene	645	aroK			
IFBJBKOH_04528	CDS	345				hypothetical protein
IFBJBKOH_04528	gene	345				
IFBJBKOH_04529	CDS	2820	pbpD		COG0744	Penicillin-binding protein 4
IFBJBKOH_04529	gene	2820	pbpD			
IFBJBKOH_04530	CDS	312				hypothetical protein
IFBJBKOH_04530	gene	312				
IFBJBKOH_04531	CDS	219				hypothetical protein
IFBJBKOH_04531	gene	219				
IFBJBKOH_04532	CDS	252				hypothetical protein
IFBJBKOH_04532	gene	252				
IFBJBKOH_04533	CDS	678	yhdG_2		COG0531	putative amino acid permease YhdG
IFBJBKOH_04533	gene	678	yhdG_2			
IFBJBKOH_04534	CDS	369				hypothetical protein
IFBJBKOH_04534	gene	369				
IFBJBKOH_04535	CDS	1218				hypothetical protein
IFBJBKOH_04535	gene	1218				
IFBJBKOH_04536	CDS	477	rspA_2	4.2.1.-	COG4948	D-galactonate dehydratase family member RspA
IFBJBKOH_04536	gene	477	rspA_2			
IFBJBKOH_04537	CDS	339	dgoD_3	4.2.1.6	COG4948	D-galactonate dehydratase
IFBJBKOH_04537	gene	339	dgoD_3			
IFBJBKOH_04538	CDS	618	yvdT			putative HTH-type transcriptional regulator YvdT
IFBJBKOH_04538	gene	618	yvdT			
IFBJBKOH_04539	CDS	552	sfp_2	2.7.8.7	COG2091	4'-phosphopantetheinyl transferase Sfp
IFBJBKOH_04539	gene	552	sfp_2			
IFBJBKOH_04540	CDS	318				hypothetical protein
IFBJBKOH_04540	gene	318				
IFBJBKOH_04541	CDS	960			COG1073	putative protein
IFBJBKOH_04541	gene	960				
IFBJBKOH_04542	CDS	1407	ppsA_1	2.3.1.-	COG1020	Plipastatin synthase subunit A
IFBJBKOH_04542	gene	1407	ppsA_1			
IFBJBKOH_04543	CDS	231	acpP_4		COG0236	Acyl carrier protein
IFBJBKOH_04543	gene	231	acpP_4			
IFBJBKOH_04544	CDS	1509	lcfB_3	6.2.1.3	COG0318	Long-chain-fatty-acid--CoA ligase
IFBJBKOH_04544	gene	1509	lcfB_3			
IFBJBKOH_04545	CDS	297	ysdC_3	3.4.11.-	COG1363	Putative aminopeptidase YsdC
IFBJBKOH_04545	gene	297	ysdC_3			
IFBJBKOH_04546	CDS	477				hypothetical protein
IFBJBKOH_04546	gene	477				
IFBJBKOH_04547	CDS	207				hypothetical protein
IFBJBKOH_04547	gene	207				
IFBJBKOH_04548	CDS	897				hypothetical protein
IFBJBKOH_04548	gene	897				
IFBJBKOH_04549	CDS	393				hypothetical protein
IFBJBKOH_04549	gene	393				
IFBJBKOH_04550	CDS	687	nanE_2	5.1.3.9		Putative N-acetylmannosamine-6-phosphate 2-epimerase
IFBJBKOH_04550	gene	687	nanE_2			
IFBJBKOH_04551	CDS	918	nanA_2	4.1.3.3		N-acetylneuraminate lyase
IFBJBKOH_04551	gene	918	nanA_2			
IFBJBKOH_04552	CDS	1503	sglT_2			Sodium/glucose cotransporter
IFBJBKOH_04552	gene	1503	sglT_2			
IFBJBKOH_04553	CDS	456	tabA_5		COG2731	Toxin-antitoxin biofilm protein TabA
IFBJBKOH_04553	gene	456	tabA_5			
IFBJBKOH_04554	CDS	897	bglK	2.7.1.85	COG1940	Beta-glucoside kinase
IFBJBKOH_04554	gene	897	bglK			
IFBJBKOH_04555	CDS	834	ybbH_2		COG1737	putative HTH-type transcriptional regulator YbbH
IFBJBKOH_04555	gene	834	ybbH_2			
IFBJBKOH_04556	CDS	186				hypothetical protein
IFBJBKOH_04556	gene	186				
IFBJBKOH_04557	CDS	1041				hypothetical protein
IFBJBKOH_04557	gene	1041				
IFBJBKOH_04558	CDS	876	cysL_4		COG0583	HTH-type transcriptional regulator CysL
IFBJBKOH_04558	gene	876	cysL_4			
IFBJBKOH_04559	CDS	1182				hypothetical protein
IFBJBKOH_04559	gene	1182				
IFBJBKOH_04560	CDS	711	ypdB_3		COG3279	Transcriptional regulatory protein YpdB
IFBJBKOH_04560	gene	711	ypdB_3			
IFBJBKOH_04561	CDS	489	yveA		COG0531	Aspartate-proton symporter
IFBJBKOH_04561	gene	489	yveA			
IFBJBKOH_04562	CDS	1014	yhdG_3		COG0531	putative amino acid permease YhdG
IFBJBKOH_04562	gene	1014	yhdG_3			
IFBJBKOH_04563	CDS	1242	hutI_2	3.5.2.7		Imidazolonepropionase
IFBJBKOH_04563	gene	1242	hutI_2			
IFBJBKOH_04564	CDS	807	mrpE		COG1863	Na(+)/H(+) antiporter subunit E
IFBJBKOH_04564	gene	807	mrpE			
IFBJBKOH_04565	CDS	321	mrpG		COG1320	Na(+)/H(+) antiporter subunit G
IFBJBKOH_04565	gene	321	mrpG			
IFBJBKOH_04566	CDS	252				hypothetical protein
IFBJBKOH_04566	gene	252				
IFBJBKOH_04567	CDS	792	mrpB		COG2111	Na(+)/H(+) antiporter subunit B
IFBJBKOH_04567	gene	792	mrpB			
IFBJBKOH_04568	CDS	381	mrpC		COG1006	Na(+)/H(+) antiporter subunit C
IFBJBKOH_04568	gene	381	mrpC			
IFBJBKOH_04569	CDS	1050	mrpD		COG0651	Na(+)/H(+) antiporter subunit D
IFBJBKOH_04569	gene	1050	mrpD			
IFBJBKOH_04570	CDS	441	ndhB	1.6.5.11		NAD(P)H-quinone oxidoreductase subunit 2, chloroplastic
IFBJBKOH_04570	gene	441	ndhB			
IFBJBKOH_04571	CDS	2616	nuoL	1.6.5.11	COG1009	NADH-quinone oxidoreductase subunit L
IFBJBKOH_04571	gene	2616	nuoL			
IFBJBKOH_04572	CDS	1785	hyfB	1.-.-.-	COG0651	Hydrogenase-4 component B
IFBJBKOH_04572	gene	1785	hyfB			
IFBJBKOH_04573	CDS	129				hypothetical protein
IFBJBKOH_04573	gene	129				
IFBJBKOH_04574	CDS	429	ndoA_2	3.1.27.-	COG2337	Endoribonuclease EndoA
IFBJBKOH_04574	gene	429	ndoA_2			
IFBJBKOH_04575	CDS	261				hypothetical protein
IFBJBKOH_04575	gene	261				
IFBJBKOH_04576	CDS	519				hypothetical protein
IFBJBKOH_04576	gene	519				
IFBJBKOH_04577	CDS	1074	rbsR_2		COG1609	Ribose operon repressor
IFBJBKOH_04577	gene	1074	rbsR_2			
IFBJBKOH_04578	CDS	858	ulaE_2	5.1.3.22	COG3623	L-ribulose-5-phosphate 3-epimerase UlaE
IFBJBKOH_04578	gene	858	ulaE_2			
IFBJBKOH_04579	CDS	393				hypothetical protein
IFBJBKOH_04579	gene	393				
IFBJBKOH_04580	CDS	396				hypothetical protein
IFBJBKOH_04580	gene	396				
IFBJBKOH_04581	CDS	267				hypothetical protein
IFBJBKOH_04581	gene	267				
IFBJBKOH_04582	CDS	1068				hypothetical protein
IFBJBKOH_04582	gene	1068				
IFBJBKOH_04583	CDS	234				hypothetical protein
IFBJBKOH_04583	gene	234				
IFBJBKOH_04584	CDS	1512	rbsA_9	3.6.3.17	COG1129	Ribose import ATP-binding protein RbsA
IFBJBKOH_04584	gene	1512	rbsA_9			
IFBJBKOH_04585	CDS	948	rbsC_17		COG1172	Ribose import permease protein RbsC
IFBJBKOH_04585	gene	948	rbsC_17			
IFBJBKOH_04586	CDS	1044	thpA		COG1879	D-threitol-binding protein
IFBJBKOH_04586	gene	1044	thpA			
IFBJBKOH_04587	CDS	432	fucU_3	5.1.3.29	COG4154	L-fucose mutarotase
IFBJBKOH_04587	gene	432	fucU_3			
IFBJBKOH_04588	CDS	972				hypothetical protein
IFBJBKOH_04588	gene	972				
IFBJBKOH_04589	CDS	1296				hypothetical protein
IFBJBKOH_04589	gene	1296				
IFBJBKOH_04590	CDS	1512	lyx_1	2.7.1.-	COG1070	L-xylulose/3-keto-L-gulonate kinase
IFBJBKOH_04590	gene	1512	lyx_1			
IFBJBKOH_04591	CDS	972	iolU_2	1.1.1.371	COG0673	scyllo-inositol 2-dehydrogenase (NADP(+)) IolU
IFBJBKOH_04591	gene	972	iolU_2			
IFBJBKOH_04592	CDS	498				hypothetical protein
IFBJBKOH_04592	gene	498				
IFBJBKOH_04593	CDS	702	ulaF_3	5.1.3.4	COG0235	L-ribulose-5-phosphate 4-epimerase UlaF
IFBJBKOH_04593	gene	702	ulaF_3			
IFBJBKOH_04594	CDS	429	tktA_2	2.2.1.1	COG0021	Transketolase 1
IFBJBKOH_04594	gene	429	tktA_2			
IFBJBKOH_04595	CDS	942	dxs_6	2.2.1.7	COG1154	1-deoxy-D-xylulose-5-phosphate synthase
IFBJBKOH_04595	gene	942	dxs_6			
IFBJBKOH_04596	CDS	183				hypothetical protein
IFBJBKOH_04596	gene	183				
IFBJBKOH_04597	CDS	1167	patB_4	4.4.1.8	COG1168	Cystathionine beta-lyase PatB
IFBJBKOH_04597	gene	1167	patB_4			
IFBJBKOH_04598	CDS	813	cmpD_2	3.6.3.-		Bicarbonate transport ATP-binding protein CmpD
IFBJBKOH_04598	gene	813	cmpD_2			
IFBJBKOH_04599	CDS	1209				hypothetical protein
IFBJBKOH_04599	gene	1209				
IFBJBKOH_04600	CDS	762	ssuC_3		COG0600	Putative aliphatic sulfonates transport permease protein SsuC
IFBJBKOH_04600	gene	762	ssuC_3			
IFBJBKOH_04601	CDS	558				hypothetical protein
IFBJBKOH_04601	gene	558				
IFBJBKOH_04602	CDS	216				hypothetical protein
IFBJBKOH_04602	gene	216				
IFBJBKOH_04603	CDS	1863				hypothetical protein
IFBJBKOH_04603	gene	1863				
IFBJBKOH_04604	CDS	276				hypothetical protein
IFBJBKOH_04604	gene	276				
IFBJBKOH_04605	CDS	498	queT		COG4708	Queuosine precursor transporter QueT
IFBJBKOH_04605	gene	498	queT			
IFBJBKOH_04606	CDS	1386	murC	6.3.2.8	COG0773	UDP-N-acetylmuramate--L-alanine ligase
IFBJBKOH_04606	gene	1386	murC			
IFBJBKOH_04607	CDS	1209				hypothetical protein
IFBJBKOH_04607	gene	1209				
IFBJBKOH_04608	CDS	981	dnaC_2		COG1484	DNA replication protein DnaC
IFBJBKOH_04608	gene	981	dnaC_2			
IFBJBKOH_04609	CDS	1170	prs_2	2.7.6.1	COG0462	Ribose-phosphate pyrophosphokinase
IFBJBKOH_04609	gene	1170	prs_2			
IFBJBKOH_04610	CDS	1107				hypothetical protein
IFBJBKOH_04610	gene	1107				
IFBJBKOH_04611	CDS	1137	recA_1			Protein RecA
IFBJBKOH_04611	gene	1137	recA_1			
IFBJBKOH_04612	CDS	618	recX		COG2137	Regulatory protein RecX
IFBJBKOH_04612	gene	618	recX			
IFBJBKOH_04613	CDS	1551	rny_1	3.1.-.-	COG1418	Ribonuclease Y
IFBJBKOH_04613	gene	1551	rny_1			
IFBJBKOH_04614	CDS	564				hypothetical protein
IFBJBKOH_04614	gene	564				
IFBJBKOH_04615	CDS	948				hypothetical protein
IFBJBKOH_04615	gene	948				
IFBJBKOH_04616	CDS	330				hypothetical protein
IFBJBKOH_04616	gene	330				
IFBJBKOH_04617	CDS	486	sipS_4	3.4.21.89	COG0681	Signal peptidase I S
IFBJBKOH_04617	gene	486	sipS_4			
IFBJBKOH_04618	CDS	396				hypothetical protein
IFBJBKOH_04618	gene	396				
IFBJBKOH_04619	CDS	315				hypothetical protein
IFBJBKOH_04619	gene	315				
IFBJBKOH_04620	CDS	438				hypothetical protein
IFBJBKOH_04620	gene	438				
IFBJBKOH_04621	CDS	186				hypothetical protein
IFBJBKOH_04621	gene	186				
IFBJBKOH_04622	CDS	243				hypothetical protein
IFBJBKOH_04622	gene	243				
IFBJBKOH_04623	CDS	408				hypothetical protein
IFBJBKOH_04623	gene	408				
IFBJBKOH_04624	CDS	2199				hypothetical protein
IFBJBKOH_04624	gene	2199				
IFBJBKOH_04625	CDS	1956	mltF	4.2.2.-	COG4623	Membrane-bound lytic murein transglycosylase F
IFBJBKOH_04625	gene	1956	mltF			
IFBJBKOH_04626	CDS	780				hypothetical protein
IFBJBKOH_04626	gene	780				
IFBJBKOH_04627	CDS	2670	traC_3			Protein TraC
IFBJBKOH_04627	gene	2670	traC_3			
IFBJBKOH_04628	CDS	522				hypothetical protein
IFBJBKOH_04628	gene	522				
IFBJBKOH_04629	CDS	1458				hypothetical protein
IFBJBKOH_04629	gene	1458				
IFBJBKOH_04630	CDS	768				hypothetical protein
IFBJBKOH_04630	gene	768				
IFBJBKOH_04631	CDS	1038	xerC_19		COG4973	Tyrosine recombinase XerC
IFBJBKOH_04631	gene	1038	xerC_19			
IFBJBKOH_04632	CDS	969	xerC_20		COG4973	Tyrosine recombinase XerC
IFBJBKOH_04632	gene	969	xerC_20			
IFBJBKOH_04633	CDS	1902	xerD_20		COG4974	Tyrosine recombinase XerD
IFBJBKOH_04633	gene	1902	xerD_20			
IFBJBKOH_04634	CDS	3831				hypothetical protein
IFBJBKOH_04634	gene	3831				
IFBJBKOH_04635	CDS	207				hypothetical protein
IFBJBKOH_04635	gene	207				
IFBJBKOH_04636	CDS	801				hypothetical protein
IFBJBKOH_04636	gene	801				
IFBJBKOH_04637	CDS	207				hypothetical protein
IFBJBKOH_04637	gene	207				
IFBJBKOH_04638	CDS	726	ycdX_2	3.1.3.-	COG1387	putative phosphatase YcdX
IFBJBKOH_04638	gene	726	ycdX_2			
IFBJBKOH_04639	CDS	900	melR_6			Melibiose operon regulatory protein
IFBJBKOH_04639	gene	900	melR_6			
IFBJBKOH_04640	CDS	648		2.3.1.-		Putative acetyltransferase
IFBJBKOH_04640	gene	648				
IFBJBKOH_04641	CDS	630	lacA_2	2.3.1.18	COG0110	Galactoside O-acetyltransferase
IFBJBKOH_04641	gene	630	lacA_2			
IFBJBKOH_04642	CDS	375				hypothetical protein
IFBJBKOH_04642	gene	375				
IFBJBKOH_04643	CDS	321				hypothetical protein
IFBJBKOH_04643	gene	321				
IFBJBKOH_04644	CDS	621	maa_2	2.3.1.79	COG0110	Maltose O-acetyltransferase
IFBJBKOH_04644	gene	621	maa_2			
IFBJBKOH_04645	CDS	1734	ypdA_5	2.7.13.3	COG3275	Sensor histidine kinase YpdA
IFBJBKOH_04645	gene	1734	ypdA_5			
IFBJBKOH_04646	CDS	1128				putative response regulatory protein
IFBJBKOH_04646	gene	1128				
IFBJBKOH_04647	CDS	1692				hypothetical protein
IFBJBKOH_04647	gene	1692				
IFBJBKOH_04648	CDS	918	yteP		COG4209	putative multiple-sugar transport system permease YteP
IFBJBKOH_04648	gene	918	yteP			
IFBJBKOH_04649	CDS	894	araQ_17		COG0395	L-arabinose transport system permease protein AraQ
IFBJBKOH_04649	gene	894	araQ_17			
IFBJBKOH_04650	CDS	1683	malL_3	3.2.1.10	COG0366	Oligo-1,6-glucosidase
IFBJBKOH_04650	gene	1683	malL_3			
IFBJBKOH_04651	CDS	2418		2.4.1.161	COG1501	Oligosaccharide 4-alpha-D-glucosyltransferase
IFBJBKOH_04651	gene	2418				
IFBJBKOH_04652	CDS	1425				hypothetical protein
IFBJBKOH_04652	gene	1425				
IFBJBKOH_04653	CDS	357				hypothetical protein
IFBJBKOH_04653	gene	357				
IFBJBKOH_04654	CDS	330				hypothetical protein
IFBJBKOH_04654	gene	330				
IFBJBKOH_04655	CDS	1128	nagC_3		COG1940	N-acetylglucosamine repressor
IFBJBKOH_04655	gene	1128	nagC_3			
IFBJBKOH_04656	CDS	1050	ydjJ_3	1.-.-.-	COG1063	putative zinc-type alcohol dehydrogenase-like protein YdjJ
IFBJBKOH_04656	gene	1050	ydjJ_3			
IFBJBKOH_04657	CDS	399				hypothetical protein
IFBJBKOH_04657	gene	399				
IFBJBKOH_04658	CDS	1377	xylP_5			Isoprimeverose transporter
IFBJBKOH_04658	gene	1377	xylP_5			
IFBJBKOH_04659	CDS	960	scrK	2.7.1.4	COG0524	Fructokinase
IFBJBKOH_04659	gene	960	scrK			
IFBJBKOH_04660	CDS	228				hypothetical protein
IFBJBKOH_04660	gene	228				
IFBJBKOH_04661	CDS	171				hypothetical protein
IFBJBKOH_04661	gene	171				
IFBJBKOH_04662	CDS	1242	xerD_21		COG4974	Tyrosine recombinase XerD
IFBJBKOH_04662	gene	1242	xerD_21			
IFBJBKOH_04663	CDS	963	xerC_21			Tyrosine recombinase XerC
IFBJBKOH_04663	gene	963	xerC_21			
IFBJBKOH_04664	CDS	228				hypothetical protein
IFBJBKOH_04664	gene	228				
IFBJBKOH_04665	CDS	807	xerC_22		COG4973	Tyrosine recombinase XerC
IFBJBKOH_04665	gene	807	xerC_22			
IFBJBKOH_04666	CDS	1074				hypothetical protein
IFBJBKOH_04666	gene	1074				
IFBJBKOH_04667	CDS	558				hypothetical protein
IFBJBKOH_04667	gene	558				
IFBJBKOH_04668	CDS	1908				hypothetical protein
IFBJBKOH_04668	gene	1908				
IFBJBKOH_04669	CDS	366				hypothetical protein
IFBJBKOH_04669	gene	366				
IFBJBKOH_04670	CDS	1620	lytG	3.2.1.-	COG1705	Exo-glucosaminidase LytG
IFBJBKOH_04670	gene	1620	lytG			
IFBJBKOH_04671	CDS	228				hypothetical protein
IFBJBKOH_04671	gene	228				
IFBJBKOH_04672	CDS	1563				hypothetical protein
IFBJBKOH_04672	gene	1563				
IFBJBKOH_04673	CDS	432				hypothetical protein
IFBJBKOH_04673	gene	432				
IFBJBKOH_04674	CDS	1572	tnpR_3		COG1961	Transposon gamma-delta resolvase
IFBJBKOH_04674	gene	1572	tnpR_3			
IFBJBKOH_04675	CDS	351				hypothetical protein
IFBJBKOH_04675	gene	351				
IFBJBKOH_04676	CDS	1230	ydiO_2	2.1.1.37	COG0270	putative BsuMI modification methylase subunit YdiO
IFBJBKOH_04676	gene	1230	ydiO_2			
IFBJBKOH_04677	CDS	1008	mutL_1			DNA mismatch repair protein MutL
IFBJBKOH_04677	gene	1008	mutL_1			
IFBJBKOH_04678	CDS	1485				hypothetical protein
IFBJBKOH_04678	gene	1485				
IFBJBKOH_04679	CDS	1164				hypothetical protein
IFBJBKOH_04679	gene	1164				
IFBJBKOH_04680	CDS	918				hypothetical protein
IFBJBKOH_04680	gene	918				
IFBJBKOH_04681	CDS	624				hypothetical protein
IFBJBKOH_04681	gene	624				
IFBJBKOH_04682	CDS	300				hypothetical protein
IFBJBKOH_04682	gene	300				
IFBJBKOH_04683	CDS	615				hypothetical protein
IFBJBKOH_04683	gene	615				
IFBJBKOH_04684	CDS	450				hypothetical protein
IFBJBKOH_04684	gene	450				
IFBJBKOH_04685	CDS	123				hypothetical protein
IFBJBKOH_04685	gene	123				
IFBJBKOH_04686	CDS	237				hypothetical protein
IFBJBKOH_04686	gene	237				
IFBJBKOH_04687	CDS	144				hypothetical protein
IFBJBKOH_04687	gene	144				
IFBJBKOH_04688	CDS	1224	rhaR_2			HTH-type transcriptional activator RhaR
IFBJBKOH_04688	gene	1224	rhaR_2			
IFBJBKOH_04689	CDS	1389	yjmB_2		COG2211	putative symporter YjmB
IFBJBKOH_04689	gene	1389	yjmB_2			
IFBJBKOH_04690	CDS	1812	uidA_2	3.2.1.31	COG3250	Beta-glucuronidase
IFBJBKOH_04690	gene	1812	uidA_2			
IFBJBKOH_04691	CDS	648				hypothetical protein
IFBJBKOH_04691	gene	648				
IFBJBKOH_04692	CDS	213				hypothetical protein
IFBJBKOH_04692	gene	213				
IFBJBKOH_04693	CDS	1308				hypothetical protein
IFBJBKOH_04693	gene	1308				
IFBJBKOH_04694	CDS	951	lacF_7			Lactose transport system permease protein LacF
IFBJBKOH_04694	gene	951	lacF_7			
IFBJBKOH_04695	CDS	885	araQ_18		COG0395	L-arabinose transport system permease protein AraQ
IFBJBKOH_04695	gene	885	araQ_18			
IFBJBKOH_04696	CDS	240				hypothetical protein
IFBJBKOH_04696	gene	240				
IFBJBKOH_04697	CDS	372				hypothetical protein
IFBJBKOH_04697	gene	372				
IFBJBKOH_04698	CDS	1539	lsrK_2	2.7.1.189	COG1070	Autoinducer-2 kinase
IFBJBKOH_04698	gene	1539	lsrK_2			
IFBJBKOH_04699	CDS	1554	mleN_1		COG1757	Malate-2H(+)/Na(+)-lactate antiporter
IFBJBKOH_04699	gene	1554	mleN_1			
IFBJBKOH_04700	CDS	1212				hypothetical protein
IFBJBKOH_04700	gene	1212				
IFBJBKOH_04701	CDS	1545	nfdA_2	3.5.1.91		N-substituted formamide deformylase
IFBJBKOH_04701	gene	1545	nfdA_2			
IFBJBKOH_04702	CDS	627	ycsE_2	3.1.3.104		5-amino-6-(5-phospho-D-ribitylamino)uracil phosphatase YcsE
IFBJBKOH_04702	gene	627	ycsE_2			
IFBJBKOH_04703	CDS	795	frlD_2	2.7.1.218	COG0524	Fructoselysine 6-kinase
IFBJBKOH_04703	gene	795	frlD_2			
IFBJBKOH_04704	CDS	621				hypothetical protein
IFBJBKOH_04704	gene	621				
IFBJBKOH_04705	CDS	282				hypothetical protein
IFBJBKOH_04705	gene	282				
IFBJBKOH_04706	CDS	831	frlC	5.1.3.-	COG1082	Fructoselysine 3-epimerase
IFBJBKOH_04706	gene	831	frlC			
IFBJBKOH_04707	CDS	354				hypothetical protein
IFBJBKOH_04707	gene	354				
IFBJBKOH_04708	CDS	615				hypothetical protein
IFBJBKOH_04708	gene	615				
IFBJBKOH_04709	CDS	279				hypothetical protein
IFBJBKOH_04709	gene	279				
IFBJBKOH_04710	CDS	576				hypothetical protein
IFBJBKOH_04710	gene	576				
IFBJBKOH_04711	CDS	429				hypothetical protein
IFBJBKOH_04711	gene	429				
IFBJBKOH_04712	CDS	1359	frlA		COG0531	putative fructoselysine/psicoselysine transporter FrlA
IFBJBKOH_04712	gene	1359	frlA			
IFBJBKOH_04713	CDS	723	yvoA_2		COG2188	HTH-type transcriptional repressor YvoA
IFBJBKOH_04713	gene	723	yvoA_2			
IFBJBKOH_04714	CDS	786	frlD_3	2.7.1.218	COG0524	Fructoselysine 6-kinase
IFBJBKOH_04714	gene	786	frlD_3			
IFBJBKOH_04715	CDS	729	yvoA_3		COG2188	HTH-type transcriptional repressor YvoA
IFBJBKOH_04715	gene	729	yvoA_3			
IFBJBKOH_04716	CDS	1014	frlB_3	3.5.-.-	COG2222	Fructosamine deglycase FrlB
IFBJBKOH_04716	gene	1014	frlB_3			
IFBJBKOH_04717	CDS	831				hypothetical protein
IFBJBKOH_04717	gene	831				
IFBJBKOH_04718	CDS	216	lyx_2	2.7.1.-	COG1070	L-xylulose/3-keto-L-gulonate kinase
IFBJBKOH_04718	gene	216	lyx_2			
IFBJBKOH_04719	CDS	702	lyx_3	2.7.1.-	COG1070	L-xylulose/3-keto-L-gulonate kinase
IFBJBKOH_04719	gene	702	lyx_3			
IFBJBKOH_04720	CDS	936				hypothetical protein
IFBJBKOH_04720	gene	936				
IFBJBKOH_04721	CDS	1419	patA_3	2.3.1.-	COG1696	Peptidoglycan O-acetyltransferase
IFBJBKOH_04721	gene	1419	patA_3			
IFBJBKOH_04722	CDS	870	araC_5			Arabinose operon regulatory protein
IFBJBKOH_04722	gene	870	araC_5			
IFBJBKOH_04723	CDS	1491		3.1.4.-		Multifunctional alkaline phosphatase superfamily protein
IFBJBKOH_04723	gene	1491				
IFBJBKOH_04724	CDS	945	lacF_8			Lactose transport system permease protein LacF
IFBJBKOH_04724	gene	945	lacF_8			
IFBJBKOH_04725	CDS	825	araQ_19		COG0395	L-arabinose transport system permease protein AraQ
IFBJBKOH_04725	gene	825	araQ_19			
IFBJBKOH_04726	CDS	1521	msmE_6		COG1653	Multiple sugar-binding protein
IFBJBKOH_04726	gene	1521	msmE_6			
IFBJBKOH_04727	CDS	315				hypothetical protein
IFBJBKOH_04727	gene	315				
IFBJBKOH_04728	CDS	321				hypothetical protein
IFBJBKOH_04728	gene	321				
IFBJBKOH_04729	CDS	408				hypothetical protein
IFBJBKOH_04729	gene	408				
IFBJBKOH_04730	CDS	114				hypothetical protein
IFBJBKOH_04730	gene	114				
IFBJBKOH_04731	CDS	240				hypothetical protein
IFBJBKOH_04731	gene	240				
IFBJBKOH_04732	CDS	228				hypothetical protein
IFBJBKOH_04732	gene	228				
IFBJBKOH_04733	CDS	5292				hypothetical protein
IFBJBKOH_04733	gene	5292				
IFBJBKOH_04734	CDS	183				hypothetical protein
IFBJBKOH_04734	gene	183				
IFBJBKOH_04735	CDS	1335				hypothetical protein
IFBJBKOH_04735	gene	1335				
IFBJBKOH_04736	CDS	366	spo0A_7		COG0784	Stage 0 sporulation protein A
IFBJBKOH_04736	gene	366	spo0A_7			
IFBJBKOH_04737	CDS	1698	msbA_3	3.6.3.-	COG1132	Lipid A export ATP-binding/permease protein MsbA
IFBJBKOH_04737	gene	1698	msbA_3			
IFBJBKOH_04738	CDS	765	lgrE_3	1.1.-.-		Linear gramicidin dehydrogenase LgrE
IFBJBKOH_04738	gene	765	lgrE_3			
IFBJBKOH_04739	CDS	3144	angR_1			Anguibactin system regulator
IFBJBKOH_04739	gene	3144	angR_1			
IFBJBKOH_04740	CDS	1488	mbtB_1	6.3.2.-	COG1020	Phenyloxazoline synthase MbtB
IFBJBKOH_04740	gene	1488	mbtB_1			
IFBJBKOH_04741	CDS	648	sfp_3	2.7.8.7	COG2091	4'-phosphopantetheinyl transferase Sfp
IFBJBKOH_04741	gene	648	sfp_3			
IFBJBKOH_04742	CDS	7053	ppsD	2.3.1.-	COG0318	Plipastatin synthase subunit D
IFBJBKOH_04742	gene	7053	ppsD			
IFBJBKOH_04743	CDS	762	tycB_2			Tyrocidine synthase 2
IFBJBKOH_04743	gene	762	tycB_2			
IFBJBKOH_04744	CDS	1077				hypothetical protein
IFBJBKOH_04744	gene	1077				
IFBJBKOH_04745	CDS	1086				hypothetical protein
IFBJBKOH_04745	gene	1086				
IFBJBKOH_04746	CDS	1551	mbtB_2	6.3.2.-	COG1020	Phenyloxazoline synthase MbtB
IFBJBKOH_04746	gene	1551	mbtB_2			
IFBJBKOH_04747	CDS	1035	angR_2			Anguibactin system regulator
IFBJBKOH_04747	gene	1035	angR_2			
IFBJBKOH_04748	CDS	495				hypothetical protein
IFBJBKOH_04748	gene	495				
IFBJBKOH_04749	CDS	600				hypothetical protein
IFBJBKOH_04749	gene	600				
IFBJBKOH_04750	CDS	1941				hypothetical protein
IFBJBKOH_04750	gene	1941				
IFBJBKOH_04751	CDS	546	linA_2			Lincosamide resistance protein
IFBJBKOH_04751	gene	546	linA_2			
IFBJBKOH_04752	CDS	222				hypothetical protein
IFBJBKOH_04752	gene	222				
IFBJBKOH_04753	CDS	168				hypothetical protein
IFBJBKOH_04753	gene	168				
IFBJBKOH_04754	CDS	1371				hypothetical protein
IFBJBKOH_04754	gene	1371				
IFBJBKOH_04755	CDS	1158	hutI_3	3.5.2.7		Imidazolonepropionase
IFBJBKOH_04755	gene	1158	hutI_3			
IFBJBKOH_04756	CDS	948	kdgT_4			2-keto-3-deoxygluconate permease
IFBJBKOH_04756	gene	948	kdgT_4			
IFBJBKOH_04757	CDS	1620		1.14.14.51		Limonene hydroxylase
IFBJBKOH_04757	gene	1620				
IFBJBKOH_04758	CDS	1272	otnK	2.7.1.217		3-oxo-tetronate kinase
IFBJBKOH_04758	gene	1272	otnK			
IFBJBKOH_04759	CDS	591	otnC_2	4.1.1.104	COG0235	3-oxo-tetronate 4-phosphate decarboxylase
IFBJBKOH_04759	gene	591	otnC_2			
IFBJBKOH_04760	CDS	393	arcB_1	2.7.13.3	COG0642	Aerobic respiration control sensor protein ArcB
IFBJBKOH_04760	gene	393	arcB_1			
IFBJBKOH_04761	CDS	1014	yxeI		COG3049	putative protein YxeI
IFBJBKOH_04761	gene	1014	yxeI			
IFBJBKOH_04762	CDS	1275				hypothetical protein
IFBJBKOH_04762	gene	1275				
IFBJBKOH_04763	CDS	1173	yxeP_7	3.-.-.-	COG1473	putative hydrolase YxeP
IFBJBKOH_04763	gene	1173	yxeP_7			
IFBJBKOH_04764	CDS	1371				hypothetical protein
IFBJBKOH_04764	gene	1371				
IFBJBKOH_04765	CDS	390	mntR_5		COG1321	Transcriptional regulator MntR
IFBJBKOH_04765	gene	390	mntR_5			
IFBJBKOH_04766	CDS	210				hypothetical protein
IFBJBKOH_04766	gene	210				
IFBJBKOH_04767	CDS	222	feoA		COG1918	Fe(2+) transport protein A
IFBJBKOH_04767	gene	222	feoA			
IFBJBKOH_04768	CDS	2175	feoB_4		COG0370	Fe(2+) transporter FeoB
IFBJBKOH_04768	gene	2175	feoB_4			
IFBJBKOH_04769	CDS	276	fur		COG0735	Ferric uptake regulation protein
IFBJBKOH_04769	gene	276	fur			
IFBJBKOH_04770	CDS	333				hypothetical protein
IFBJBKOH_04770	gene	333				
IFBJBKOH_04771	CDS	2076	ctpC	3.6.3.-	COG2217	putative manganese/zinc-exporting P-type ATPase
IFBJBKOH_04771	gene	2076	ctpC			
IFBJBKOH_04772	CDS	1029				hypothetical protein
IFBJBKOH_04772	gene	1029				
IFBJBKOH_04773	CDS	564	ahpC_1	1.11.1.15	COG0450	Alkyl hydroperoxide reductase C
IFBJBKOH_04773	gene	564	ahpC_1			
IFBJBKOH_04774	CDS	945	trxB_4	1.8.1.9		Thioredoxin reductase
IFBJBKOH_04774	gene	945	trxB_4			
IFBJBKOH_04775	CDS	207	ahpF_1	1.6.99.3	COG3634	NADH dehydrogenase
IFBJBKOH_04775	gene	207	ahpF_1			
IFBJBKOH_04776	CDS	753				hypothetical protein
IFBJBKOH_04776	gene	753				
IFBJBKOH_04777	CDS	1815	irtA_2	3.6.3.-	COG1132	Iron import ATP-binding/permease protein IrtA
IFBJBKOH_04777	gene	1815	irtA_2			
IFBJBKOH_04778	CDS	1743		3.6.3.-		Putative multidrug export ATP-binding/permease protein
IFBJBKOH_04778	gene	1743				
IFBJBKOH_04779	CDS	720				hypothetical protein
IFBJBKOH_04779	gene	720				
IFBJBKOH_04780	CDS	672				hypothetical protein
IFBJBKOH_04780	gene	672				
IFBJBKOH_04781	CDS	1749				Carbohydrate-binding domain-containing protein
IFBJBKOH_04781	gene	1749				
IFBJBKOH_04782	CDS	1362	mprB_2	2.7.13.3	COG0642	Signal transduction histidine-protein kinase/phosphatase MprB
IFBJBKOH_04782	gene	1362	mprB_2			
IFBJBKOH_04783	CDS	675	mprA_3			Response regulator MprA
IFBJBKOH_04783	gene	675	mprA_3			
IFBJBKOH_04784	CDS	201				hypothetical protein
IFBJBKOH_04784	gene	201				
IFBJBKOH_04785	CDS	582	kstR2_2			HTH-type transcriptional repressor KstR2
IFBJBKOH_04785	gene	582	kstR2_2			
IFBJBKOH_04786	CDS	789	sdh_1	1.1.1.276		Serine 3-dehydrogenase
IFBJBKOH_04786	gene	789	sdh_1			
IFBJBKOH_04787	CDS	525	dcd	3.5.4.13	COG0717	dCTP deaminase
IFBJBKOH_04787	gene	525	dcd			
IFBJBKOH_04788	CDS	1494	guaB_2	1.1.1.205	COG0516	Inosine-5'-monophosphate dehydrogenase
IFBJBKOH_04788	gene	1494	guaB_2			
IFBJBKOH_04789	CDS	654				hypothetical protein
IFBJBKOH_04789	gene	654				
IFBJBKOH_04790	CDS	213				hypothetical protein
IFBJBKOH_04790	gene	213				
IFBJBKOH_04791	CDS	675	eno_1	4.2.1.11		Enolase
IFBJBKOH_04791	gene	675	eno_1			
IFBJBKOH_04792	CDS	1464				hypothetical protein
IFBJBKOH_04792	gene	1464				
IFBJBKOH_04793	CDS	492				hypothetical protein
IFBJBKOH_04793	gene	492				
IFBJBKOH_04794	CDS	1119	nylB'_2	3.5.1.46		6-aminohexanoate-dimer hydrolase
IFBJBKOH_04794	gene	1119	nylB'_2			
IFBJBKOH_04795	CDS	222				hypothetical protein
IFBJBKOH_04795	gene	222				
IFBJBKOH_04796	CDS	330				hypothetical protein
IFBJBKOH_04796	gene	330				
IFBJBKOH_04797	CDS	252				hypothetical protein
IFBJBKOH_04797	gene	252				
IFBJBKOH_04798	CDS	372				hypothetical protein
IFBJBKOH_04798	gene	372				
IFBJBKOH_04799	CDS	495				hypothetical protein
IFBJBKOH_04799	gene	495				
IFBJBKOH_04800	CDS	600				hypothetical protein
IFBJBKOH_04800	gene	600				
IFBJBKOH_04801	CDS	273				hypothetical protein
IFBJBKOH_04801	gene	273				
IFBJBKOH_04802	CDS	366				hypothetical protein
IFBJBKOH_04802	gene	366				
IFBJBKOH_04803	CDS	411				hypothetical protein
IFBJBKOH_04803	gene	411				
IFBJBKOH_04804	CDS	1023				hypothetical protein
IFBJBKOH_04804	gene	1023				
IFBJBKOH_04805	CDS	1527	ypdA_6	2.7.13.3	COG3275	Sensor histidine kinase YpdA
IFBJBKOH_04805	gene	1527	ypdA_6			
IFBJBKOH_04806	CDS	1614	yesS_3		COG2207	HTH-type transcriptional regulator YesS
IFBJBKOH_04806	gene	1614	yesS_3			
IFBJBKOH_04807	CDS	1062	xylF		COG4213	D-xylose-binding periplasmic protein
IFBJBKOH_04807	gene	1062	xylF			
IFBJBKOH_04808	CDS	132				hypothetical protein
IFBJBKOH_04808	gene	132				
IFBJBKOH_04809	CDS	192				hypothetical protein
IFBJBKOH_04809	gene	192				
IFBJBKOH_04810	CDS	519				hypothetical protein
IFBJBKOH_04810	gene	519				
IFBJBKOH_04811	CDS	1176	chvE_2		COG4213	Multiple sugar-binding periplasmic receptor ChvE
IFBJBKOH_04811	gene	1176	chvE_2			
IFBJBKOH_04812	CDS	1539	xylG_4	3.6.3.17	COG1129	Xylose import ATP-binding protein XylG
IFBJBKOH_04812	gene	1539	xylG_4			
IFBJBKOH_04813	CDS	1173	xylH_2		COG4214	Xylose transport system permease protein XylH
IFBJBKOH_04813	gene	1173	xylH_2			
IFBJBKOH_04814	CDS	639	nth_2	4.2.99.18	COG0177	Endonuclease III
IFBJBKOH_04814	gene	639	nth_2			
IFBJBKOH_04815	CDS	564				hypothetical protein
IFBJBKOH_04815	gene	564				
IFBJBKOH_04816	CDS	1272				hypothetical protein
IFBJBKOH_04816	gene	1272				
IFBJBKOH_04817	CDS	867			COG1752	putative NTE family protein
IFBJBKOH_04817	gene	867				
IFBJBKOH_04818	CDS	192	yybR_2		COG1733	putative HTH-type transcriptional regulator YybR
IFBJBKOH_04818	gene	192	yybR_2			
IFBJBKOH_04819	CDS	504				hypothetical protein
IFBJBKOH_04819	gene	504				
IFBJBKOH_04820	CDS	483	def_1	3.5.1.88	COG0242	Peptide deformylase
IFBJBKOH_04820	gene	483	def_1			
IFBJBKOH_04821	CDS	807				hypothetical protein
IFBJBKOH_04821	gene	807				
IFBJBKOH_04822	CDS	1029				hypothetical protein
IFBJBKOH_04822	gene	1029				
IFBJBKOH_04823	CDS	1524		1.12.7.2		Iron hydrogenase 1
IFBJBKOH_04823	gene	1524				
IFBJBKOH_04824	CDS	315				hypothetical protein
IFBJBKOH_04824	gene	315				
IFBJBKOH_04825	CDS	1119	tmpC_2		COG1744	Membrane lipoprotein TmpC
IFBJBKOH_04825	gene	1119	tmpC_2			
IFBJBKOH_04826	CDS	1626	xylG_5	3.6.3.17	COG1129	Xylose import ATP-binding protein XylG
IFBJBKOH_04826	gene	1626	xylG_5			
IFBJBKOH_04827	CDS	1044				hypothetical protein
IFBJBKOH_04827	gene	1044				
IFBJBKOH_04828	CDS	936				hypothetical protein
IFBJBKOH_04828	gene	936				
IFBJBKOH_04829	CDS	936	rihB_2	3.2.2.8	COG1957	Pyrimidine-specific ribonucleoside hydrolase RihB
IFBJBKOH_04829	gene	936	rihB_2			
IFBJBKOH_04830	CDS	1281	ylmB	3.5.1.-	COG0624	N-formyl-4-amino-5-aminomethyl-2-methylpyrimidine deformylase
IFBJBKOH_04830	gene	1281	ylmB			
IFBJBKOH_04831	CDS	744				hypothetical protein
IFBJBKOH_04831	gene	744				
IFBJBKOH_04832	CDS	1176	argE_3	3.5.1.16	COG0624	Acetylornithine deacetylase
IFBJBKOH_04832	gene	1176	argE_3			
IFBJBKOH_04833	CDS	1038	degA_5		COG1609	HTH-type transcriptional regulator DegA
IFBJBKOH_04833	gene	1038	degA_5			
IFBJBKOH_04834	CDS	510	guaB_3	1.1.1.205		Inosine-5'-monophosphate dehydrogenase
IFBJBKOH_04834	gene	510	guaB_3			
IFBJBKOH_04835	CDS	1308		6.2.1.30	COG1541	Phenylacetate-coenzyme A ligase
IFBJBKOH_04835	gene	1308				
IFBJBKOH_04836	CDS	1749				hypothetical protein
IFBJBKOH_04836	gene	1749				
IFBJBKOH_04837	CDS	576				hypothetical protein
IFBJBKOH_04837	gene	576				
IFBJBKOH_04838	CDS	1299		6.2.1.30	COG1541	Phenylacetate-coenzyme A ligase
IFBJBKOH_04838	gene	1299				
IFBJBKOH_04839	CDS	423				hypothetical protein
IFBJBKOH_04839	gene	423				
IFBJBKOH_04840	CDS	399	paaI	3.1.2.-	COG2050	Acyl-coenzyme A thioesterase PaaI
IFBJBKOH_04840	gene	399	paaI			
IFBJBKOH_04841	CDS	585				hypothetical protein
IFBJBKOH_04841	gene	585				
IFBJBKOH_04842	CDS	372				hypothetical protein
IFBJBKOH_04842	gene	372				
IFBJBKOH_04843	CDS	285				hypothetical protein
IFBJBKOH_04843	gene	285				
IFBJBKOH_04844	CDS	633	ydbD	1.11.1.6	COG3546	putative manganese catalase
IFBJBKOH_04844	gene	633	ydbD			
IFBJBKOH_04845	CDS	645	glnQ_3		COG1126	Glutamine transport ATP-binding protein GlnQ
IFBJBKOH_04845	gene	645	glnQ_3			
IFBJBKOH_04846	CDS	750	ssuC_4		COG0600	Putative aliphatic sulfonates transport permease protein SsuC
IFBJBKOH_04846	gene	750	ssuC_4			
IFBJBKOH_04847	CDS	1188				hypothetical protein
IFBJBKOH_04847	gene	1188				
IFBJBKOH_04848	CDS	240				Protein
IFBJBKOH_04848	gene	240				
IFBJBKOH_04849	CDS	2001		1.12.7.2		Iron hydrogenase 1
IFBJBKOH_04849	gene	2001				
IFBJBKOH_04850	CDS	1179				hypothetical protein
IFBJBKOH_04850	gene	1179				
IFBJBKOH_04851	CDS	1533		1.12.7.2		Iron hydrogenase 1
IFBJBKOH_04851	gene	1533				
IFBJBKOH_04852	CDS	1794				hypothetical protein
IFBJBKOH_04852	gene	1794				
IFBJBKOH_04853	CDS	210				hypothetical protein
IFBJBKOH_04853	gene	210				
IFBJBKOH_04854	CDS	336				hypothetical protein
IFBJBKOH_04854	gene	336				
IFBJBKOH_04855	CDS	1386				hypothetical protein
IFBJBKOH_04855	gene	1386				
IFBJBKOH_04856	CDS	162				hypothetical protein
IFBJBKOH_04856	gene	162				
IFBJBKOH_04857	CDS	1395	mepA_12			Multidrug export protein MepA
IFBJBKOH_04857	gene	1395	mepA_12			
IFBJBKOH_04858	CDS	1419	mepA_13		COG0534	Multidrug export protein MepA
IFBJBKOH_04858	gene	1419	mepA_13			
IFBJBKOH_04859	CDS	540	ptsG_2	2.7.1.199		PTS system glucose-specific EIICBA component
IFBJBKOH_04859	gene	540	ptsG_2			
IFBJBKOH_04860	CDS	1443	bglF_4		COG1263	PTS system beta-glucoside-specific EIIBCA component
IFBJBKOH_04860	gene	1443	bglF_4			
IFBJBKOH_04861	CDS	1260				hypothetical protein
IFBJBKOH_04861	gene	1260				
IFBJBKOH_04862	CDS	1242				hypothetical protein
IFBJBKOH_04862	gene	1242				
IFBJBKOH_04863	CDS	1023				hypothetical protein
IFBJBKOH_04863	gene	1023				
IFBJBKOH_04864	CDS	888	cynR_14			HTH-type transcriptional regulator CynR
IFBJBKOH_04864	gene	888	cynR_14			
IFBJBKOH_04865	CDS	1449				hypothetical protein
IFBJBKOH_04865	gene	1449				
IFBJBKOH_04866	CDS	234				hypothetical protein
IFBJBKOH_04866	gene	234				
IFBJBKOH_04867	CDS	300				hypothetical protein
IFBJBKOH_04867	gene	300				
IFBJBKOH_04868	CDS	681	mro_1	5.1.3.3	COG2017	Aldose 1-epimerase
IFBJBKOH_04868	gene	681	mro_1			
IFBJBKOH_04869	CDS	471		5.1.3.21	COG2017	Maltose epimerase
IFBJBKOH_04869	gene	471				
IFBJBKOH_04870	CDS	258	araG_2	3.6.3.17	COG1129	Arabinose import ATP-binding protein AraG
IFBJBKOH_04870	gene	258	araG_2			
IFBJBKOH_04871	CDS	1224	rbsA_10	3.6.3.17	COG1129	Ribose import ATP-binding protein RbsA
IFBJBKOH_04871	gene	1224	rbsA_10			
IFBJBKOH_04872	CDS	558	rbsC_18		COG1172	Ribose import permease protein RbsC
IFBJBKOH_04872	gene	558	rbsC_18			
IFBJBKOH_04873	CDS	396	xylH_3		COG4214	Xylose transport system permease protein XylH
IFBJBKOH_04873	gene	396	xylH_3			
IFBJBKOH_04874	CDS	210				hypothetical protein
IFBJBKOH_04874	gene	210				
IFBJBKOH_04875	CDS	849	tetD_4			Transposon Tn10 TetD protein
IFBJBKOH_04875	gene	849	tetD_4			
IFBJBKOH_04876	CDS	3285	lapB_2			Lipopolysaccharide assembly protein B
IFBJBKOH_04876	gene	3285	lapB_2			
IFBJBKOH_04877	CDS	930	lip2	3.1.1.3		Lipase 2
IFBJBKOH_04877	gene	930	lip2			
IFBJBKOH_04878	CDS	1077				hypothetical protein
IFBJBKOH_04878	gene	1077				
IFBJBKOH_04879	CDS	318				hypothetical protein
IFBJBKOH_04879	gene	318				
IFBJBKOH_04880	CDS	1776	zraR_3		COG2204	Transcriptional regulatory protein ZraR
IFBJBKOH_04880	gene	1776	zraR_3			
IFBJBKOH_04881	CDS	1263	dtnK_3	2.7.1.219	COG3395	D-threonate kinase
IFBJBKOH_04881	gene	1263	dtnK_3			
IFBJBKOH_04882	CDS	1161	adh1_2	1.1.1.192	COG1454	Long-chain-alcohol dehydrogenase 1
IFBJBKOH_04882	gene	1161	adh1_2			
IFBJBKOH_04883	CDS	900	dapA_3	4.3.3.7	COG0329	4-hydroxy-tetrahydrodipicolinate synthase
IFBJBKOH_04883	gene	900	dapA_3			
IFBJBKOH_04884	CDS	1044	pdxA2_4	1.1.1.408	COG1995	D-threonate 4-phosphate dehydrogenase
IFBJBKOH_04884	gene	1044	pdxA2_4			
IFBJBKOH_04885	CDS	1161	nanB_2	3.2.1.18	COG4409	Sialidase B
IFBJBKOH_04885	gene	1161	nanB_2			
IFBJBKOH_04886	CDS	1284				hypothetical protein
IFBJBKOH_04886	gene	1284				
IFBJBKOH_04887	CDS	960	yrbG		COG0530	Inner membrane protein YrbG
IFBJBKOH_04887	gene	960	yrbG			
IFBJBKOH_04888	CDS	1086				hypothetical protein
IFBJBKOH_04888	gene	1086				
IFBJBKOH_04889	CDS	411				hypothetical protein
IFBJBKOH_04889	gene	411				
IFBJBKOH_04890	CDS	285				hypothetical protein
IFBJBKOH_04890	gene	285				
IFBJBKOH_04891	CDS	519	immR_10		COG1396	HTH-type transcriptional regulator ImmR
IFBJBKOH_04891	gene	519	immR_10			
IFBJBKOH_04892	CDS	465				hypothetical protein
IFBJBKOH_04892	gene	465				
IFBJBKOH_04893	CDS	237				hypothetical protein
IFBJBKOH_04893	gene	237				
IFBJBKOH_04894	CDS	258				hypothetical protein
IFBJBKOH_04894	gene	258				
IFBJBKOH_04895	CDS	252				hypothetical protein
IFBJBKOH_04895	gene	252				
IFBJBKOH_04896	CDS	252				hypothetical protein
IFBJBKOH_04896	gene	252				
IFBJBKOH_04897	CDS	606	xylP_6			Isoprimeverose transporter
IFBJBKOH_04897	gene	606	xylP_6			
IFBJBKOH_04898	CDS	402	xylP_7			Isoprimeverose transporter
IFBJBKOH_04898	gene	402	xylP_7			
IFBJBKOH_04899	CDS	1107	rhaS_7			HTH-type transcriptional activator RhaS
IFBJBKOH_04899	gene	1107	rhaS_7			
IFBJBKOH_04900	CDS	1380	mtlA_1		COG2213	PTS system mannitol-specific EIICBA component
IFBJBKOH_04900	gene	1380	mtlA_1			
IFBJBKOH_04901	CDS	1488	mtlA_2			PTS system mannitol-specific EIICB component
IFBJBKOH_04901	gene	1488	mtlA_2			
IFBJBKOH_04902	CDS	2106	mtlR_1			Transcriptional regulator MtlR
IFBJBKOH_04902	gene	2106	mtlR_1			
IFBJBKOH_04903	CDS	504	mtlF		COG2213	Mannitol-specific phosphotransferase enzyme IIA component
IFBJBKOH_04903	gene	504	mtlF			
IFBJBKOH_04904	CDS	930	lacC_2	2.7.1.144	COG1105	Tagatose-6-phosphate kinase
IFBJBKOH_04904	gene	930	lacC_2			
IFBJBKOH_04905	CDS	1275	yggP	1.1.1.17	COG1063	Mannitol-1-phosphate 5-dehydrogenase
IFBJBKOH_04905	gene	1275	yggP			
IFBJBKOH_04906	CDS	1653		2.7.13.3	COG2972	putative sensor-like histidine kinase
IFBJBKOH_04906	gene	1653				
IFBJBKOH_04907	CDS	705			COG4753	putative response regulatory protein
IFBJBKOH_04907	gene	705				
IFBJBKOH_04908	CDS	1518	pucI		COG1953	putative allantoin permease
IFBJBKOH_04908	gene	1518	pucI			
IFBJBKOH_04909	CDS	1380	hyuA	3.5.2.-	COG0044	D-phenylhydantoinase
IFBJBKOH_04909	gene	1380	hyuA			
IFBJBKOH_04910	CDS	1026	tmpC_3		COG1744	Membrane lipoprotein TmpC
IFBJBKOH_04910	gene	1026	tmpC_3			
IFBJBKOH_04911	CDS	210				hypothetical protein
IFBJBKOH_04911	gene	210				
IFBJBKOH_04912	CDS	966	ytrA_3		COG1725	HTH-type transcriptional repressor YtrA
IFBJBKOH_04912	gene	966	ytrA_3			
IFBJBKOH_04913	CDS	774	cmpR_3			HTH-type transcriptional activator CmpR
IFBJBKOH_04913	gene	774	cmpR_3			
IFBJBKOH_04914	CDS	999	msmE_7		COG1653	Multiple sugar-binding protein
IFBJBKOH_04914	gene	999	msmE_7			
IFBJBKOH_04915	CDS	264				hypothetical protein
IFBJBKOH_04915	gene	264				
IFBJBKOH_04916	CDS	981				hypothetical protein
IFBJBKOH_04916	gene	981				
IFBJBKOH_04917	CDS	699	comB	3.1.3.71	COG2045	putative 2-phosphosulfolactate phosphatase
IFBJBKOH_04917	gene	699	comB			
IFBJBKOH_04918	CDS	717				hypothetical protein
IFBJBKOH_04918	gene	717				
IFBJBKOH_04919	CDS	450				hypothetical protein
IFBJBKOH_04919	gene	450				
IFBJBKOH_04920	CDS	171				hypothetical protein
IFBJBKOH_04920	gene	171				
IFBJBKOH_04921	CDS	402				hypothetical protein
IFBJBKOH_04921	gene	402				
IFBJBKOH_04922	CDS	711	phoP_4		COG0745	Alkaline phosphatase synthesis transcriptional regulatory protein PhoP
IFBJBKOH_04922	gene	711	phoP_4			
IFBJBKOH_04923	CDS	2583	phoR_4	2.7.13.3	COG0642	Alkaline phosphatase synthesis sensor protein PhoR
IFBJBKOH_04923	gene	2583	phoR_4			
IFBJBKOH_04924	CDS	543				hypothetical protein
IFBJBKOH_04924	gene	543				
IFBJBKOH_04925	CDS	1746	hndD	1.12.1.3	COG3383	NADP-reducing hydrogenase subunit HndD
IFBJBKOH_04925	gene	1746	hndD			
IFBJBKOH_04926	CDS	1791	hndC	1.12.1.3	COG1145	NADP-reducing hydrogenase subunit HndC
IFBJBKOH_04926	gene	1791	hndC			
IFBJBKOH_04927	CDS	378	hndB	1.12.1.3	COG3411	NADP-reducing hydrogenase subunit HndB
IFBJBKOH_04927	gene	378	hndB			
IFBJBKOH_04928	CDS	558	srrB_1	2.7.13.3		Sensor protein SrrB
IFBJBKOH_04928	gene	558	srrB_1			
IFBJBKOH_04929	CDS	495	hndA	1.12.1.3	COG1905	NADP-reducing hydrogenase subunit HndA
IFBJBKOH_04929	gene	495	hndA			
IFBJBKOH_04930	CDS	348				hypothetical protein
IFBJBKOH_04930	gene	348				
IFBJBKOH_04931	CDS	423	rsbT	2.7.11.1	COG2172	Serine/threonine-protein kinase RsbT
IFBJBKOH_04931	gene	423	rsbT			
IFBJBKOH_04932	CDS	1395	hydA	1.12.7.2	COG4624	Periplasmic [Fe] hydrogenase large subunit
IFBJBKOH_04932	gene	1395	hydA			
IFBJBKOH_04933	CDS	333				hypothetical protein
IFBJBKOH_04933	gene	333				
IFBJBKOH_04934	CDS	711				hypothetical protein
IFBJBKOH_04934	gene	711				
IFBJBKOH_04935	CDS	465				hypothetical protein
IFBJBKOH_04935	gene	465				
IFBJBKOH_04936	CDS	366	pstS2		COG0226	Phosphate-binding protein PstS 2
IFBJBKOH_04936	gene	366	pstS2			
IFBJBKOH_04937	CDS	867	pstC_2		COG0573	Phosphate transport system permease protein PstC
IFBJBKOH_04937	gene	867	pstC_2			
IFBJBKOH_04938	CDS	723	pstC_3		COG0573	Phosphate transport system permease protein PstC
IFBJBKOH_04938	gene	723	pstC_3			
IFBJBKOH_04939	CDS	675	pstB3_2	3.6.3.27	COG1117	Phosphate import ATP-binding protein PstB 3
IFBJBKOH_04939	gene	675	pstB3_2			
IFBJBKOH_04940	CDS	468				hypothetical protein
IFBJBKOH_04940	gene	468				
IFBJBKOH_04941	CDS	345				hypothetical protein
IFBJBKOH_04941	gene	345				
IFBJBKOH_04942	CDS	234				hypothetical protein
IFBJBKOH_04942	gene	234				
IFBJBKOH_04943	CDS	1143	sbcD_2		COG0420	Nuclease SbcCD subunit D
IFBJBKOH_04943	gene	1143	sbcD_2			
IFBJBKOH_04944	CDS	2880	sbcC			Nuclease SbcCD subunit C
IFBJBKOH_04944	gene	2880	sbcC			
IFBJBKOH_04945	CDS	465				hypothetical protein
IFBJBKOH_04945	gene	465				
IFBJBKOH_04946	CDS	255				hypothetical protein
IFBJBKOH_04946	gene	255				
IFBJBKOH_04947	CDS	603	mfpA		COG1357	Pentapeptide repeat protein MfpA
IFBJBKOH_04947	gene	603	mfpA			
IFBJBKOH_04948	CDS	627	fchA	3.5.4.9	COG3404	Methenyltetrahydrofolate cyclohydrolase
IFBJBKOH_04948	gene	627	fchA			
IFBJBKOH_04949	CDS	555				hypothetical protein
IFBJBKOH_04949	gene	555				
IFBJBKOH_04950	CDS	174				hypothetical protein
IFBJBKOH_04950	gene	174				
IFBJBKOH_04951	CDS	489	metN2_2	3.6.3.-	COG1135	Methionine import ATP-binding protein MetN 2
IFBJBKOH_04951	gene	489	metN2_2			
IFBJBKOH_04952	CDS	1617	gsiB_2		COG0747	Glutathione-binding protein GsiB
IFBJBKOH_04952	gene	1617	gsiB_2			
IFBJBKOH_04953	CDS	951	gsiC_4		COG0601	Glutathione transport system permease protein GsiC
IFBJBKOH_04953	gene	951	gsiC_4			
IFBJBKOH_04954	CDS	900	gsiD_4		COG1173	Glutathione transport system permease protein GsiD
IFBJBKOH_04954	gene	900	gsiD_4			
IFBJBKOH_04955	CDS	1038	oppD_7		COG0444	Oligopeptide transport ATP-binding protein OppD
IFBJBKOH_04955	gene	1038	oppD_7			
IFBJBKOH_04956	CDS	969	oppF_5		COG4608	Oligopeptide transport ATP-binding protein OppF
IFBJBKOH_04956	gene	969	oppF_5			
IFBJBKOH_04957	CDS	309				hypothetical protein
IFBJBKOH_04957	gene	309				
IFBJBKOH_04958	CDS	324				hypothetical protein
IFBJBKOH_04958	gene	324				
IFBJBKOH_04959	CDS	852	folD			Bifunctional protein FolD protein
IFBJBKOH_04959	gene	852	folD			
IFBJBKOH_04960	CDS	873	artP		COG0834	Arginine-binding extracellular protein ArtP
IFBJBKOH_04960	gene	873	artP			
IFBJBKOH_04961	CDS	693	glnP_2		COG0765	Glutamine transport system permease protein GlnP
IFBJBKOH_04961	gene	693	glnP_2			
IFBJBKOH_04962	CDS	759	glnQ_4			Glutamine transport ATP-binding protein GlnQ
IFBJBKOH_04962	gene	759	glnQ_4			
IFBJBKOH_04963	CDS	495	slyA_5			Transcriptional regulator SlyA
IFBJBKOH_04963	gene	495	slyA_5			
IFBJBKOH_04964	CDS	1878	ftsH4	3.4.24.-		ATP-dependent zinc metalloprotease FtsH 4
IFBJBKOH_04964	gene	1878	ftsH4			
IFBJBKOH_04965	CDS	285				hypothetical protein
IFBJBKOH_04965	gene	285				
IFBJBKOH_04966	CDS	1284				Purine-binding protein
IFBJBKOH_04966	gene	1284				
IFBJBKOH_04967	CDS	1533	mglA_9	3.6.3.17	COG1129	Galactose/methyl galactoside import ATP-binding protein MglA
IFBJBKOH_04967	gene	1533	mglA_9			
IFBJBKOH_04968	CDS	1128				hypothetical protein
IFBJBKOH_04968	gene	1128				
IFBJBKOH_04969	CDS	981				hypothetical protein
IFBJBKOH_04969	gene	981				
IFBJBKOH_04970	CDS	2826	uvrA			UvrABC system protein A
IFBJBKOH_04970	gene	2826	uvrA			
IFBJBKOH_04971	CDS	762	deoD_2	2.4.2.1	COG0813	Purine nucleoside phosphorylase DeoD-type
IFBJBKOH_04971	gene	762	deoD_2			
IFBJBKOH_04972	CDS	738	gntR_2			putative D-xylose utilization operon transcriptional repressor
IFBJBKOH_04972	gene	738	gntR_2			
IFBJBKOH_04973	CDS	1074				hypothetical protein
IFBJBKOH_04973	gene	1074				
IFBJBKOH_04974	CDS	948	dppB		COG0601	Dipeptide transport system permease protein DppB
IFBJBKOH_04974	gene	948	dppB			
IFBJBKOH_04975	CDS	909	gsiD_5		COG1173	Glutathione transport system permease protein GsiD
IFBJBKOH_04975	gene	909	gsiD_5			
IFBJBKOH_04976	CDS	969	oppD_8		COG0444	Oligopeptide transport ATP-binding protein OppD
IFBJBKOH_04976	gene	969	oppD_8			
IFBJBKOH_04977	CDS	975	oppF_6		COG4608	Oligopeptide transport ATP-binding protein OppF
IFBJBKOH_04977	gene	975	oppF_6			
IFBJBKOH_04978	CDS	1605	dppA_3		COG0747	Periplasmic dipeptide transport protein
IFBJBKOH_04978	gene	1605	dppA_3			
IFBJBKOH_04979	CDS	762	crnA	3.5.2.10		Creatinine amidohydrolase
IFBJBKOH_04979	gene	762	crnA			
IFBJBKOH_04980	CDS	177				hypothetical protein
IFBJBKOH_04980	gene	177				
IFBJBKOH_04981	CDS	990	ysdC_4	3.4.11.-	COG1363	Putative aminopeptidase YsdC
IFBJBKOH_04981	gene	990	ysdC_4			
IFBJBKOH_04982	CDS	159				hypothetical protein
IFBJBKOH_04982	gene	159				
IFBJBKOH_04983	CDS	837				hypothetical protein
IFBJBKOH_04983	gene	837				
IFBJBKOH_04984	CDS	1242	xerD_22		COG4974	Tyrosine recombinase XerD
IFBJBKOH_04984	gene	1242	xerD_22			
IFBJBKOH_04985	CDS	963	xerC_23			Tyrosine recombinase XerC
IFBJBKOH_04985	gene	963	xerC_23			
IFBJBKOH_04986	CDS	228				hypothetical protein
IFBJBKOH_04986	gene	228				
IFBJBKOH_04987	CDS	807	xerC_24		COG4973	Tyrosine recombinase XerC
IFBJBKOH_04987	gene	807	xerC_24			
IFBJBKOH_04988	CDS	1167				hypothetical protein
IFBJBKOH_04988	gene	1167				
IFBJBKOH_04989	CDS	873	xerD_23			Tyrosine recombinase XerD
IFBJBKOH_04989	gene	873	xerD_23			
IFBJBKOH_04990	CDS	279				hypothetical protein
IFBJBKOH_04990	gene	279				
IFBJBKOH_04991	CDS	807				hypothetical protein
IFBJBKOH_04991	gene	807				
IFBJBKOH_04992	CDS	1860				hypothetical protein
IFBJBKOH_04992	gene	1860				
IFBJBKOH_04993	CDS	576				hypothetical protein
IFBJBKOH_04993	gene	576				
IFBJBKOH_04994	CDS	1266				hypothetical protein
IFBJBKOH_04994	gene	1266				
IFBJBKOH_04995	CDS	1542	guaA_2	6.3.5.2		GMP synthase [glutamine-hydrolyzing]
IFBJBKOH_04995	gene	1542	guaA_2			
IFBJBKOH_04996	CDS	1269			COG0582	Putative prophage phiRv2 integrase
IFBJBKOH_04996	gene	1269				
IFBJBKOH_04997	CDS	684				hypothetical protein
IFBJBKOH_04997	gene	684				
IFBJBKOH_04998	CDS	279	xis_2			ICEBs1 excisionase
IFBJBKOH_04998	gene	279	xis_2			
IFBJBKOH_04999	CDS	921				hypothetical protein
IFBJBKOH_04999	gene	921				
IFBJBKOH_05000	CDS	459				hypothetical protein
IFBJBKOH_05000	gene	459				
IFBJBKOH_05001	CDS	348				hypothetical protein
IFBJBKOH_05001	gene	348				
IFBJBKOH_05002	CDS	1890				hypothetical protein
IFBJBKOH_05002	gene	1890				
IFBJBKOH_05003	CDS	198				hypothetical protein
IFBJBKOH_05003	gene	198				
IFBJBKOH_05004	CDS	1716	cysH_2	1.8.4.8	COG0175	Phosphoadenosine phosphosulfate reductase
IFBJBKOH_05004	gene	1716	cysH_2			
IFBJBKOH_05005	CDS	897				hypothetical protein
IFBJBKOH_05005	gene	897				
IFBJBKOH_05006	CDS	3618				hypothetical protein
IFBJBKOH_05006	gene	3618				
IFBJBKOH_05007	CDS	1146	sufS	2.8.1.7	COG0520	Cysteine desulfurase SufS
IFBJBKOH_05007	gene	1146	sufS			
IFBJBKOH_05008	CDS	2166	rgy	5.99.1.3		Reverse gyrase
IFBJBKOH_05008	gene	2166	rgy			
IFBJBKOH_05009	CDS	165				hypothetical protein
IFBJBKOH_05009	gene	165				
IFBJBKOH_05010	CDS	2010	smc_4			Chromosome partition protein Smc
IFBJBKOH_05010	gene	2010	smc_4			
IFBJBKOH_05011	CDS	552				hypothetical protein
IFBJBKOH_05011	gene	552				
IFBJBKOH_05012	CDS	2733	rpoA_2	2.7.7.6		DNA-directed RNA polymerase subunit alpha
IFBJBKOH_05012	gene	2733	rpoA_2			
IFBJBKOH_05013	CDS	1140				hypothetical protein
IFBJBKOH_05013	gene	1140				
IFBJBKOH_05014	CDS	288				hypothetical protein
IFBJBKOH_05014	gene	288				
IFBJBKOH_05015	CDS	252				hypothetical protein
IFBJBKOH_05015	gene	252				
IFBJBKOH_05016	CDS	372				hypothetical protein
IFBJBKOH_05016	gene	372				
IFBJBKOH_05017	CDS	534				hypothetical protein
IFBJBKOH_05017	gene	534				
IFBJBKOH_05018	CDS	189	xis_3			ICEBs1 excisionase
IFBJBKOH_05018	gene	189	xis_3			
IFBJBKOH_05019	CDS	273				hypothetical protein
IFBJBKOH_05019	gene	273				
IFBJBKOH_05020	CDS	747				Insertion sequence IS5376 putative ATP-binding protein
IFBJBKOH_05020	gene	747				
IFBJBKOH_05021	CDS	1557				hypothetical protein
IFBJBKOH_05021	gene	1557				
IFBJBKOH_05022	CDS	915			COG0582	Putative prophage phiRv2 integrase
IFBJBKOH_05022	gene	915				
IFBJBKOH_05023	CDS	336				hypothetical protein
IFBJBKOH_05023	gene	336				
IFBJBKOH_05024	CDS	1143	radA_2	3.6.4.-	COG1066	DNA repair protein RadA
IFBJBKOH_05024	gene	1143	radA_2			
IFBJBKOH_05025	CDS	201				hypothetical protein
IFBJBKOH_05025	gene	201				
IFBJBKOH_05026	CDS	261				hypothetical protein
IFBJBKOH_05026	gene	261				
IFBJBKOH_05027	CDS	1431				hypothetical protein
IFBJBKOH_05027	gene	1431				
IFBJBKOH_05028	CDS	378				hypothetical protein
IFBJBKOH_05028	gene	378				
IFBJBKOH_05029	CDS	567				hypothetical protein
IFBJBKOH_05029	gene	567				
IFBJBKOH_05030	CDS	393				hypothetical protein
IFBJBKOH_05030	gene	393				
IFBJBKOH_05031	CDS	528				hypothetical protein
IFBJBKOH_05031	gene	528				
IFBJBKOH_05032	CDS	846	marA_2			Multiple antibiotic resistance protein MarA
IFBJBKOH_05032	gene	846	marA_2			
IFBJBKOH_05033	CDS	642	cmlA	2.3.1.28		Chloramphenicol acetyltransferase 2
IFBJBKOH_05033	gene	642	cmlA			
IFBJBKOH_05034	CDS	198				hypothetical protein
IFBJBKOH_05034	gene	198				
IFBJBKOH_05035	CDS	318	cadC		COG3710	Transcriptional activator CadC
IFBJBKOH_05035	gene	318	cadC			
IFBJBKOH_05036	CDS	540				hypothetical protein
IFBJBKOH_05036	gene	540				
IFBJBKOH_05037	CDS	207				hypothetical protein
IFBJBKOH_05037	gene	207				
IFBJBKOH_05038	CDS	177				hypothetical protein
IFBJBKOH_05038	gene	177				
IFBJBKOH_05039	CDS	870				hypothetical protein
IFBJBKOH_05039	gene	870				
IFBJBKOH_05040	CDS	1842				hypothetical protein
IFBJBKOH_05040	gene	1842				
IFBJBKOH_05041	CDS	105				hypothetical protein
IFBJBKOH_05041	gene	105				
IFBJBKOH_05042	CDS	522				hypothetical protein
IFBJBKOH_05042	gene	522				
IFBJBKOH_05043	CDS	873				hypothetical protein
IFBJBKOH_05043	gene	873				
IFBJBKOH_05044	CDS	558				hypothetical protein
IFBJBKOH_05044	gene	558				
IFBJBKOH_05045	CDS	225				hypothetical protein
IFBJBKOH_05045	gene	225				
IFBJBKOH_05046	CDS	285				hypothetical protein
IFBJBKOH_05046	gene	285				
IFBJBKOH_05047	CDS	645				hypothetical protein
IFBJBKOH_05047	gene	645				
IFBJBKOH_05048	CDS	897				hypothetical protein
IFBJBKOH_05048	gene	897				
IFBJBKOH_05049	CDS	2025				hypothetical protein
IFBJBKOH_05049	gene	2025				
IFBJBKOH_05050	CDS	546				hypothetical protein
IFBJBKOH_05050	gene	546				
IFBJBKOH_05051	CDS	1104				hypothetical protein
IFBJBKOH_05051	gene	1104				
IFBJBKOH_05052	CDS	801				hypothetical protein
IFBJBKOH_05052	gene	801				
IFBJBKOH_05053	CDS	471				hypothetical protein
IFBJBKOH_05053	gene	471				
IFBJBKOH_05054	CDS	303				hypothetical protein
IFBJBKOH_05054	gene	303				
IFBJBKOH_05055	CDS	552				hypothetical protein
IFBJBKOH_05055	gene	552				
IFBJBKOH_05056	CDS	270				hypothetical protein
IFBJBKOH_05056	gene	270				
IFBJBKOH_05057	CDS	396				hypothetical protein
IFBJBKOH_05057	gene	396				
IFBJBKOH_05058	CDS	654				hypothetical protein
IFBJBKOH_05058	gene	654				
IFBJBKOH_05059	CDS	1458				hypothetical protein
IFBJBKOH_05059	gene	1458				
IFBJBKOH_05060	CDS	204				hypothetical protein
IFBJBKOH_05060	gene	204				
IFBJBKOH_05061	CDS	1176				hypothetical protein
IFBJBKOH_05061	gene	1176				
IFBJBKOH_05062	CDS	279				hypothetical protein
IFBJBKOH_05062	gene	279				
IFBJBKOH_05063	CDS	615				hypothetical protein
IFBJBKOH_05063	gene	615				
IFBJBKOH_05064	CDS	1248	pre_4			Plasmid recombination enzyme
IFBJBKOH_05064	gene	1248	pre_4			
IFBJBKOH_05065	CDS	177				hypothetical protein
IFBJBKOH_05065	gene	177				
IFBJBKOH_05066	CDS	408				hypothetical protein
IFBJBKOH_05066	gene	408				
IFBJBKOH_05067	CDS	1800	ltrA_23		COG3344	Group II intron-encoded protein LtrA
IFBJBKOH_05067	gene	1800	ltrA_23			
IFBJBKOH_05068	CDS	1881				hypothetical protein
IFBJBKOH_05068	gene	1881				
IFBJBKOH_05069	CDS	870	gltC_1			HTH-type transcriptional regulator GltC
IFBJBKOH_05069	gene	870	gltC_1			
IFBJBKOH_05070	CDS	483	proS_3	6.1.1.15		Proline--tRNA ligase
IFBJBKOH_05070	gene	483	proS_3			
IFBJBKOH_05071	CDS	1425	ddc	4.1.1.86	COG0076	L-2,4-diaminobutyrate decarboxylase
IFBJBKOH_05071	gene	1425	ddc			
IFBJBKOH_05072	CDS	387	slyA_6			Transcriptional regulator SlyA
IFBJBKOH_05072	gene	387	slyA_6			
IFBJBKOH_05073	CDS	414				hypothetical protein
IFBJBKOH_05073	gene	414				
IFBJBKOH_05074	CDS	456				hypothetical protein
IFBJBKOH_05074	gene	456				
IFBJBKOH_05075	CDS	468				hypothetical protein
IFBJBKOH_05075	gene	468				
IFBJBKOH_05076	CDS	537				hypothetical protein
IFBJBKOH_05076	gene	537				
IFBJBKOH_05077	CDS	282				hypothetical protein
IFBJBKOH_05077	gene	282				
IFBJBKOH_05078	CDS	261				hypothetical protein
IFBJBKOH_05078	gene	261				
IFBJBKOH_05079	CDS	225				hypothetical protein
IFBJBKOH_05079	gene	225				
IFBJBKOH_05080	CDS	501				hypothetical protein
IFBJBKOH_05080	gene	501				
IFBJBKOH_05081	CDS	291	yafQ_2	3.1.-.-	COG3041	mRNA interferase toxin YafQ
IFBJBKOH_05081	gene	291	yafQ_2			
IFBJBKOH_05082	CDS	279				hypothetical protein
IFBJBKOH_05082	gene	279				
IFBJBKOH_05083	CDS	159				hypothetical protein
IFBJBKOH_05083	gene	159				
IFBJBKOH_05084	CDS	279				hypothetical protein
IFBJBKOH_05084	gene	279				
IFBJBKOH_05085	CDS	615				hypothetical protein
IFBJBKOH_05085	gene	615				
IFBJBKOH_05086	CDS	615				hypothetical protein
IFBJBKOH_05086	gene	615				
IFBJBKOH_05087	CDS	279				hypothetical protein
IFBJBKOH_05087	gene	279				
IFBJBKOH_05088	CDS	213				hypothetical protein
IFBJBKOH_05088	gene	213				
IFBJBKOH_05089	CDS	459				hypothetical protein
IFBJBKOH_05089	gene	459				
IFBJBKOH_05090	CDS	858	dnaC_3		COG1484	DNA replication protein DnaC
IFBJBKOH_05090	gene	858	dnaC_3			
IFBJBKOH_05091	CDS	195				hypothetical protein
IFBJBKOH_05091	gene	195				
IFBJBKOH_05092	CDS	366				hypothetical protein
IFBJBKOH_05092	gene	366				
IFBJBKOH_05093	CDS	210				hypothetical protein
IFBJBKOH_05093	gene	210				
IFBJBKOH_05094	CDS	369				hypothetical protein
IFBJBKOH_05094	gene	369				
IFBJBKOH_05095	CDS	225				hypothetical protein
IFBJBKOH_05095	gene	225				
IFBJBKOH_05096	CDS	210				hypothetical protein
IFBJBKOH_05096	gene	210				
IFBJBKOH_05097	CDS	1077	haeIIIM	2.1.1.37		Modification methylase HaeIII
IFBJBKOH_05097	gene	1077	haeIIIM			
IFBJBKOH_05098	CDS	1557	stsIR	3.1.21.4		Type-2 restriction enzyme StsI
IFBJBKOH_05098	gene	1557	stsIR			
IFBJBKOH_05099	CDS	441	vsr	3.1.-.-	COG3727	Very short patch repair protein
IFBJBKOH_05099	gene	441	vsr			
IFBJBKOH_05100	CDS	180				hypothetical protein
IFBJBKOH_05100	gene	180				
IFBJBKOH_05101	CDS	981				hypothetical protein
IFBJBKOH_05101	gene	981				
IFBJBKOH_05102	CDS	372				hypothetical protein
IFBJBKOH_05102	gene	372				
IFBJBKOH_05103	CDS	837				hypothetical protein
IFBJBKOH_05103	gene	837				
IFBJBKOH_05104	CDS	1053	xerD_24		COG4974	Tyrosine recombinase XerD
IFBJBKOH_05104	gene	1053	xerD_24			
IFBJBKOH_05105	CDS	195				hypothetical protein
IFBJBKOH_05105	gene	195				
IFBJBKOH_05106	CDS	768	xerC_25			Tyrosine recombinase XerC
IFBJBKOH_05106	gene	768	xerC_25			
IFBJBKOH_05107	CDS	1242	xerD_25		COG4974	Tyrosine recombinase XerD
IFBJBKOH_05107	gene	1242	xerD_25			
IFBJBKOH_05108	CDS	417				hypothetical protein
IFBJBKOH_05108	gene	417				
IFBJBKOH_05109	CDS	600				hypothetical protein
IFBJBKOH_05109	gene	600				
IFBJBKOH_05110	CDS	252				hypothetical protein
IFBJBKOH_05110	gene	252				
IFBJBKOH_05111	CDS	297	pepE	3.4.13.-	COG0006	putative dipeptidase PepE
IFBJBKOH_05111	gene	297	pepE			
IFBJBKOH_05112	CDS	918	corA_2		COG0598	Cobalt/magnesium transport protein CorA
IFBJBKOH_05112	gene	918	corA_2			
IFBJBKOH_05113	CDS	342				hypothetical protein
IFBJBKOH_05113	gene	342				
IFBJBKOH_05114	CDS	3012	dgaR			Transcriptional regulatory protein DagR
IFBJBKOH_05114	gene	3012	dgaR			
IFBJBKOH_05115	CDS	639	kdgA_1		COG0800	KHG/KDPG aldolase
IFBJBKOH_05115	gene	639	kdgA_1			
IFBJBKOH_05116	CDS	474	gatA_1		COG1762	PTS system galactitol-specific EIIA component
IFBJBKOH_05116	gene	474	gatA_1			
IFBJBKOH_05117	CDS	279	gatB_1	2.7.1.200	COG3414	PTS system galactitol-specific EIIB component
IFBJBKOH_05117	gene	279	gatB_1			
IFBJBKOH_05118	CDS	1368	gatC_1		COG3775	PTS system galactitol-specific EIIC component
IFBJBKOH_05118	gene	1368	gatC_1			
IFBJBKOH_05119	CDS	1641	ilvD_3	4.2.1.9	COG0129	Dihydroxy-acid dehydratase
IFBJBKOH_05119	gene	1641	ilvD_3			
IFBJBKOH_05120	CDS	705				hypothetical protein
IFBJBKOH_05120	gene	705				
IFBJBKOH_05121	CDS	4377	cshC	3.6.4.13	COG0513	DEAD-box ATP-dependent RNA helicase CshC
IFBJBKOH_05121	gene	4377	cshC			
IFBJBKOH_05122	CDS	267				hypothetical protein
IFBJBKOH_05122	gene	267				
IFBJBKOH_05123	CDS	1317	rarA_2		COG2256	Replication-associated recombination protein A
IFBJBKOH_05123	gene	1317	rarA_2			
IFBJBKOH_05124	CDS	402				hypothetical protein
IFBJBKOH_05124	gene	402				
IFBJBKOH_05125	CDS	261				hypothetical protein
IFBJBKOH_05125	gene	261				
IFBJBKOH_05126	CDS	789				hypothetical protein
IFBJBKOH_05126	gene	789				
IFBJBKOH_05127	CDS	420				hypothetical protein
IFBJBKOH_05127	gene	420				
IFBJBKOH_05128	CDS	1362	mepA_14			Multidrug export protein MepA
IFBJBKOH_05128	gene	1362	mepA_14			
IFBJBKOH_05129	CDS	1455	gltB_1	1.4.1.13		Glutamate synthase [NADPH] large chain
IFBJBKOH_05129	gene	1455	gltB_1			
IFBJBKOH_05130	CDS	516				hypothetical protein
IFBJBKOH_05130	gene	516				
IFBJBKOH_05131	CDS	1332	aspS2	6.1.1.23	COG0017	Aspartate--tRNA(Asp/Asn) ligase
IFBJBKOH_05131	gene	1332	aspS2			
IFBJBKOH_05132	CDS	294	gatC_2	6.3.5.-	COG0721	Aspartyl/glutamyl-tRNA(Asn/Gln) amidotransferase subunit C
IFBJBKOH_05132	gene	294	gatC_2			
IFBJBKOH_05133	CDS	1524	gatA_2	6.3.5.7	COG0154	Glutamyl-tRNA(Gln) amidotransferase subunit A
IFBJBKOH_05133	gene	1524	gatA_2			
IFBJBKOH_05134	CDS	1449	gatB_2	6.3.5.-	COG0064	Aspartyl/glutamyl-tRNA(Asn/Gln) amidotransferase subunit B
IFBJBKOH_05134	gene	1449	gatB_2			
IFBJBKOH_05135	CDS	1290			COG1167	Putative aminotransferase/MSMEI_6121
IFBJBKOH_05135	gene	1290				
IFBJBKOH_05136	CDS	573				hypothetical protein
IFBJBKOH_05136	gene	573				
IFBJBKOH_05137	CDS	1188	adhE_4		COG1012	Aldehyde-alcohol dehydrogenase
IFBJBKOH_05137	gene	1188	adhE_4			
IFBJBKOH_05138	CDS	684	hflK		COG0330	Modulator of FtsH protease HflK
IFBJBKOH_05138	gene	684	hflK			
IFBJBKOH_05139	CDS	927	cysB_2			HTH-type transcriptional regulator CysB
IFBJBKOH_05139	gene	927	cysB_2			
IFBJBKOH_05140	CDS	465	lrp		COG1522	Leucine-responsive regulatory protein
IFBJBKOH_05140	gene	465	lrp			
IFBJBKOH_05141	CDS	843	dat	2.6.1.21		D-alanine aminotransferase
IFBJBKOH_05141	gene	843	dat			
IFBJBKOH_05142	CDS	963	apbE	2.7.1.180	COG1477	FAD:protein FMN transferase
IFBJBKOH_05142	gene	963	apbE			
IFBJBKOH_05143	CDS	429				hypothetical protein
IFBJBKOH_05143	gene	429				
IFBJBKOH_05144	CDS	2934				hypothetical protein
IFBJBKOH_05144	gene	2934				
IFBJBKOH_05145	CDS	1392	argH	4.3.2.1	COG0165	Argininosuccinate lyase
IFBJBKOH_05145	gene	1392	argH			
IFBJBKOH_05146	CDS	693				hypothetical protein
IFBJBKOH_05146	gene	693				
IFBJBKOH_05147	CDS	1014				hypothetical protein
IFBJBKOH_05147	gene	1014				
IFBJBKOH_05148	CDS	1392				hypothetical protein
IFBJBKOH_05148	gene	1392				
IFBJBKOH_05149	CDS	867				hypothetical protein
IFBJBKOH_05149	gene	867				
IFBJBKOH_05150	CDS	1047	yxlF_4	3.6.3.-	COG1131	putative ABC transporter ATP-binding protein YxlF
IFBJBKOH_05150	gene	1047	yxlF_4			
IFBJBKOH_05151	CDS	1983	tkt_1	2.2.1.1		Transketolase
IFBJBKOH_05151	gene	1983	tkt_1			
IFBJBKOH_05152	CDS	399				hypothetical protein
IFBJBKOH_05152	gene	399				
IFBJBKOH_05153	CDS	210				hypothetical protein
IFBJBKOH_05153	gene	210				
IFBJBKOH_05154	CDS	1233	argG	6.3.4.5	COG0137	Argininosuccinate synthase
IFBJBKOH_05154	gene	1233	argG			
IFBJBKOH_05155	CDS	1041	argC	1.2.1.38	COG0002	N-acetyl-gamma-glutamyl-phosphate reductase
IFBJBKOH_05155	gene	1041	argC			
IFBJBKOH_05156	CDS	465	ypeA_1	2.3.1.-	COG0456	Acetyltransferase YpeA
IFBJBKOH_05156	gene	465	ypeA_1			
IFBJBKOH_05157	CDS	1245	argJ		COG1364	Arginine biosynthesis bifunctional protein ArgJ
IFBJBKOH_05157	gene	1245	argJ			
IFBJBKOH_05158	CDS	891	argB	2.7.2.8	COG0548	Acetylglutamate kinase
IFBJBKOH_05158	gene	891	argB			
IFBJBKOH_05159	CDS	1242	argD	2.6.1.11	COG4992	Acetylornithine aminotransferase
IFBJBKOH_05159	gene	1242	argD			
IFBJBKOH_05160	CDS	1428	macA		COG0845	Macrolide export protein MacA
IFBJBKOH_05160	gene	1428	macA			
IFBJBKOH_05161	CDS	792	yknY_1	3.6.3.-	COG1136	putative ABC transporter ATP-binding protein YknY
IFBJBKOH_05161	gene	792	yknY_1			
IFBJBKOH_05162	CDS	1212	macB_1	3.6.3.-	COG0577	Macrolide export ATP-binding/permease protein MacB
IFBJBKOH_05162	gene	1212	macB_1			
IFBJBKOH_05163	CDS	1200				hypothetical protein
IFBJBKOH_05163	gene	1200				
IFBJBKOH_05164	CDS	1101				hypothetical protein
IFBJBKOH_05164	gene	1101				
IFBJBKOH_05165	CDS	699	kdpE_2		COG0745	KDP operon transcriptional regulatory protein KdpE
IFBJBKOH_05165	gene	699	kdpE_2			
IFBJBKOH_05166	CDS	1533	kdpD_3	2.7.13.3	COG2205	Sensor protein KdpD
IFBJBKOH_05166	gene	1533	kdpD_3			
IFBJBKOH_05167	CDS	105				hypothetical protein
IFBJBKOH_05167	gene	105				
IFBJBKOH_05168	CDS	225	ktrB_1		COG0168	Ktr system potassium uptake protein B
IFBJBKOH_05168	gene	225	ktrB_1			
IFBJBKOH_05169	CDS	723	ktrB_2		COG0168	Ktr system potassium uptake protein B
IFBJBKOH_05169	gene	723	ktrB_2			
IFBJBKOH_05170	CDS	171				hypothetical protein
IFBJBKOH_05170	gene	171				
IFBJBKOH_05171	CDS	510	ktrA_1		COG0569	Ktr system potassium uptake protein A
IFBJBKOH_05171	gene	510	ktrA_1			
IFBJBKOH_05172	CDS	1272	guaD_2	3.5.4.3	COG0402	Guanine deaminase
IFBJBKOH_05172	gene	1272	guaD_2			
IFBJBKOH_05173	CDS	1395	pbuG		COG2252	Guanine/hypoxanthine permease PbuG
IFBJBKOH_05173	gene	1395	pbuG			
IFBJBKOH_05174	CDS	2289	xdhA_4	1.17.1.4	COG1529	Putative xanthine dehydrogenase molybdenum-binding subunit XdhA
IFBJBKOH_05174	gene	2289	xdhA_4			
IFBJBKOH_05175	CDS	888	ndhF_3	1.17.1.5		Nicotinate dehydrogenase FAD-subunit
IFBJBKOH_05175	gene	888	ndhF_3			
IFBJBKOH_05176	CDS	486	cdhC_1	1.17.5.2		Caffeine dehydrogenase subunit gamma
IFBJBKOH_05176	gene	486	cdhC_1			
IFBJBKOH_05177	CDS	186				hypothetical protein
IFBJBKOH_05177	gene	186				
IFBJBKOH_05178	CDS	873				hypothetical protein
IFBJBKOH_05178	gene	873				
IFBJBKOH_05179	CDS	729				hypothetical protein
IFBJBKOH_05179	gene	729				
IFBJBKOH_05180	CDS	873	xylR_3			Xylose operon regulatory protein
IFBJBKOH_05180	gene	873	xylR_3			
IFBJBKOH_05181	CDS	996			COG1638	Solute-binding protein
IFBJBKOH_05181	gene	996				
IFBJBKOH_05182	CDS	567	yiaM_3		COG3090	2,3-diketo-L-gulonate TRAP transporter small permease protein YiaM
IFBJBKOH_05182	gene	567	yiaM_3			
IFBJBKOH_05183	CDS	1308	dctM_12		COG1593	C4-dicarboxylate TRAP transporter large permease protein DctM
IFBJBKOH_05183	gene	1308	dctM_12			
IFBJBKOH_05184	CDS	1371	pehA	3.2.1.15		Endo-polygalacturonase
IFBJBKOH_05184	gene	1371	pehA			
IFBJBKOH_05185	CDS	651				hypothetical protein
IFBJBKOH_05185	gene	651				
IFBJBKOH_05186	CDS	150				hypothetical protein
IFBJBKOH_05186	gene	150				
IFBJBKOH_05187	CDS	969	rlmI_1	2.1.1.191	COG1092	Ribosomal RNA large subunit methyltransferase I
IFBJBKOH_05187	gene	969	rlmI_1			
IFBJBKOH_05188	CDS	264	rlmI_2	2.1.1.191		Ribosomal RNA large subunit methyltransferase I
IFBJBKOH_05188	gene	264	rlmI_2			
IFBJBKOH_05189	CDS	591				hypothetical protein
IFBJBKOH_05189	gene	591				
IFBJBKOH_05190	CDS	879	toxA_9	3.4.22.-		Toxin A
IFBJBKOH_05190	gene	879	toxA_9			
IFBJBKOH_05191	CDS	2277	mmpL9			putative transport protein MmpL9
IFBJBKOH_05191	gene	2277	mmpL9			
IFBJBKOH_05192	CDS	2649	smc_5			Chromosome partition protein Smc
IFBJBKOH_05192	gene	2649	smc_5			
IFBJBKOH_05193	CDS	567				hypothetical protein
IFBJBKOH_05193	gene	567				
IFBJBKOH_05194	CDS	1149	fucO	1.1.1.77	COG1454	Lactaldehyde reductase
IFBJBKOH_05194	gene	1149	fucO			
IFBJBKOH_05195	CDS	1092	kamA	5.4.3.2	COG1509	L-lysine 2,3-aminomutase
IFBJBKOH_05195	gene	1092	kamA			
IFBJBKOH_05196	CDS	141				hypothetical protein
IFBJBKOH_05196	gene	141				
IFBJBKOH_05197	CDS	1665				hypothetical protein
IFBJBKOH_05197	gene	1665				
IFBJBKOH_05198	CDS	1131	ydjH_2	2.7.1.-	COG0524	putative sugar kinase YdjH
IFBJBKOH_05198	gene	1131	ydjH_2			
IFBJBKOH_05199	CDS	708	fbaA_6	4.1.2.13	COG0191	putative fructose-bisphosphate aldolase
IFBJBKOH_05199	gene	708	fbaA_6			
IFBJBKOH_05200	CDS	1800	ltrA_24		COG3344	Group II intron-encoded protein LtrA
IFBJBKOH_05200	gene	1800	ltrA_24			
IFBJBKOH_05201	CDS	252				hypothetical protein
IFBJBKOH_05201	gene	252				
IFBJBKOH_05202	CDS	696				hypothetical protein
IFBJBKOH_05202	gene	696				
IFBJBKOH_05203	CDS	162				hypothetical protein
IFBJBKOH_05203	gene	162				
IFBJBKOH_05204	CDS	1119	rbsB_10		COG1879	Ribose import binding protein RbsB
IFBJBKOH_05204	gene	1119	rbsB_10			
IFBJBKOH_05205	CDS	1488	rbsA_11	3.6.3.17	COG1129	Ribose import ATP-binding protein RbsA
IFBJBKOH_05205	gene	1488	rbsA_11			
IFBJBKOH_05206	CDS	969	rbsC_19		COG1172	Ribose import permease protein RbsC
IFBJBKOH_05206	gene	969	rbsC_19			
IFBJBKOH_05207	CDS	948	rbsB_11		COG1879	Ribose import binding protein RbsB
IFBJBKOH_05207	gene	948	rbsB_11			
IFBJBKOH_05208	CDS	1314	liaS	2.7.13.3	COG4585	Sensor histidine kinase LiaS
IFBJBKOH_05208	gene	1314	liaS			
IFBJBKOH_05209	CDS	669	degU		COG2197	Transcriptional regulatory protein DegU
IFBJBKOH_05209	gene	669	degU			
IFBJBKOH_05210	CDS	1320				hypothetical protein
IFBJBKOH_05210	gene	1320				
IFBJBKOH_05211	CDS	660				hypothetical protein
IFBJBKOH_05211	gene	660				
IFBJBKOH_05212	CDS	1008	asnA	6.3.1.1	COG2502	Aspartate--ammonia ligase
IFBJBKOH_05212	gene	1008	asnA			
IFBJBKOH_05213	CDS	615				hypothetical protein
IFBJBKOH_05213	gene	615				
IFBJBKOH_05214	CDS	213				hypothetical protein
IFBJBKOH_05214	gene	213				
IFBJBKOH_05215	CDS	1089	comEC_2		COG0658	ComE operon protein 3
IFBJBKOH_05215	gene	1089	comEC_2			
IFBJBKOH_05216	CDS	318		3.1.-.-	COG0824	Putative esterase
IFBJBKOH_05216	gene	318				
IFBJBKOH_05217	CDS	243				hypothetical protein
IFBJBKOH_05217	gene	243				
IFBJBKOH_05218	CDS	1023	iolS_2	1.1.1.-	COG0667	Aldo-keto reductase IolS
IFBJBKOH_05218	gene	1023	iolS_2			
IFBJBKOH_05219	CDS	1764				hypothetical protein
IFBJBKOH_05219	gene	1764				
IFBJBKOH_05220	CDS	672		2.4.2.-		Protein ADP-ribosyltransferase
IFBJBKOH_05220	gene	672				
IFBJBKOH_05221	CDS	606	hisH	2.4.2.-	COG0118	Imidazole glycerol phosphate synthase subunit HisH
IFBJBKOH_05221	gene	606	hisH			
IFBJBKOH_05222	CDS	762	hisF	4.1.3.-	COG0107	Imidazole glycerol phosphate synthase subunit HisF
IFBJBKOH_05222	gene	762	hisF			
IFBJBKOH_05223	CDS	180				hypothetical protein
IFBJBKOH_05223	gene	180				
IFBJBKOH_05224	CDS	675	ung	3.2.2.27	COG0692	Uracil-DNA glycosylase
IFBJBKOH_05224	gene	675	ung			
IFBJBKOH_05225	CDS	843	uppP	3.6.1.27	COG1968	Undecaprenyl-diphosphatase
IFBJBKOH_05225	gene	843	uppP			
IFBJBKOH_05226	CDS	1032	aroH	2.5.1.54	COG0722	Phospho-2-dehydro-3-deoxyheptonate aldolase, Trp-sensitive
IFBJBKOH_05226	gene	1032	aroH			
IFBJBKOH_05227	CDS	906	yicL		COG0697	putative inner membrane transporter YicL
IFBJBKOH_05227	gene	906	yicL			
IFBJBKOH_05228	CDS	1224	tyrS	6.1.1.1	COG0162	Tyrosine--tRNA ligase
IFBJBKOH_05228	gene	1224	tyrS			
IFBJBKOH_05229	CDS	747	lytA_13	3.5.1.28		Autolysin
IFBJBKOH_05229	gene	747	lytA_13			
IFBJBKOH_05230	CDS	567	mntP_3		COG1971	putative manganese efflux pump MntP
IFBJBKOH_05230	gene	567	mntP_3			
IFBJBKOH_05231	CDS	1359	mepA_15			Multidrug export protein MepA
IFBJBKOH_05231	gene	1359	mepA_15			
IFBJBKOH_05232	CDS	1413	patA_4	2.3.1.-	COG1696	Peptidoglycan O-acetyltransferase
IFBJBKOH_05232	gene	1413	patA_4			
IFBJBKOH_05233	CDS	1095				hypothetical protein
IFBJBKOH_05233	gene	1095				
IFBJBKOH_05234	CDS	933				hypothetical protein
IFBJBKOH_05234	gene	933				
IFBJBKOH_05235	CDS	891	rob_2		COG2207	Right origin-binding protein
IFBJBKOH_05235	gene	891	rob_2			
IFBJBKOH_05236	CDS	1050	uxuA_2	4.2.1.8	COG1312	Mannonate dehydratase
IFBJBKOH_05236	gene	1050	uxuA_2			
IFBJBKOH_05237	CDS	756		1.-.-.-	COG1028	putative oxidoreductase
IFBJBKOH_05237	gene	756				
IFBJBKOH_05238	CDS	1218	pfp_6	2.7.1.90	COG0205	Pyrophosphate--fructose 6-phosphate 1-phosphotransferase
IFBJBKOH_05238	gene	1218	pfp_6			
IFBJBKOH_05239	CDS	843	kduI	5.3.1.17	COG3717	4-deoxy-L-threo-5-hexosulose-uronate ketol-isomerase
IFBJBKOH_05239	gene	843	kduI			
IFBJBKOH_05240	CDS	807	gno_2	1.1.1.-		Gluconate 5-dehydrogenase
IFBJBKOH_05240	gene	807	gno_2			
IFBJBKOH_05241	CDS	708	rspR_8		COG1802	HTH-type transcriptional repressor RspR
IFBJBKOH_05241	gene	708	rspR_8			
IFBJBKOH_05242	CDS	189				hypothetical protein
IFBJBKOH_05242	gene	189				
IFBJBKOH_05243	CDS	219				hypothetical protein
IFBJBKOH_05243	gene	219				
IFBJBKOH_05244	CDS	1446	ypdA_7	2.7.13.3	COG3275	Sensor histidine kinase YpdA
IFBJBKOH_05244	gene	1446	ypdA_7			
IFBJBKOH_05245	CDS	822			COG4753	putative response regulatory protein
IFBJBKOH_05245	gene	822				
IFBJBKOH_05246	CDS	1050			COG1638	Solute-binding protein
IFBJBKOH_05246	gene	1050				
IFBJBKOH_05247	CDS	504	siaQ_4		COG3090	Sialic acid TRAP transporter small permease protein SiaQ
IFBJBKOH_05247	gene	504	siaQ_4			
IFBJBKOH_05248	CDS	1308	dctM_13		COG1593	C4-dicarboxylate TRAP transporter large permease protein DctM
IFBJBKOH_05248	gene	1308	dctM_13			
IFBJBKOH_05249	CDS	912				hypothetical protein
IFBJBKOH_05249	gene	912				
IFBJBKOH_05250	CDS	672	dauR		COG2964	Transcriptional regulator DauR
IFBJBKOH_05250	gene	672	dauR			
IFBJBKOH_05251	CDS	402	yabJ	3.5.99.10	COG0251	2-iminobutanoate/2-iminopropanoate deaminase
IFBJBKOH_05251	gene	402	yabJ			
IFBJBKOH_05252	CDS	1485	mleN_2		COG1757	Malate-2H(+)/Na(+)-lactate antiporter
IFBJBKOH_05252	gene	1485	mleN_2			
IFBJBKOH_05253	CDS	1176	patB_5	4.4.1.8	COG1168	Cystathionine beta-lyase PatB
IFBJBKOH_05253	gene	1176	patB_5			
IFBJBKOH_05254	CDS	1305	dctM_14		COG1593	C4-dicarboxylate TRAP transporter large permease protein DctM
IFBJBKOH_05254	gene	1305	dctM_14			
IFBJBKOH_05255	CDS	480	yiaM_4		COG3090	2,3-diketo-L-gulonate TRAP transporter small permease protein YiaM
IFBJBKOH_05255	gene	480	yiaM_4			
IFBJBKOH_05256	CDS	1005			COG1638	Solute-binding protein
IFBJBKOH_05256	gene	1005				
IFBJBKOH_05257	CDS	465	yhcH		COG2731	putative protein YhcH
IFBJBKOH_05257	gene	465	yhcH			
IFBJBKOH_05258	CDS	912	panE_3	1.1.1.169	COG1893	2-dehydropantoate 2-reductase
IFBJBKOH_05258	gene	912	panE_3			
IFBJBKOH_05259	CDS	687	kynB_3	3.5.1.9		Kynurenine formamidase
IFBJBKOH_05259	gene	687	kynB_3			
IFBJBKOH_05260	CDS	669	gntR_3			putative D-xylose utilization operon transcriptional repressor
IFBJBKOH_05260	gene	669	gntR_3			
IFBJBKOH_05261	CDS	207				hypothetical protein
IFBJBKOH_05261	gene	207				
IFBJBKOH_05262	CDS	192				hypothetical protein
IFBJBKOH_05262	gene	192				
IFBJBKOH_05263	CDS	291				hypothetical protein
IFBJBKOH_05263	gene	291				
IFBJBKOH_05264	CDS	150				hypothetical protein
IFBJBKOH_05264	gene	150				
IFBJBKOH_05265	CDS	1464				hypothetical protein
IFBJBKOH_05265	gene	1464				
IFBJBKOH_05266	CDS	282				hypothetical protein
IFBJBKOH_05266	gene	282				
IFBJBKOH_05267	CDS	243				hypothetical protein
IFBJBKOH_05267	gene	243				
IFBJBKOH_05268	tRNA	74				tRNA-Val(gac)
IFBJBKOH_05268	gene	74				
IFBJBKOH_05269	CDS	306				hypothetical protein
IFBJBKOH_05269	gene	306				
IFBJBKOH_05270	tRNA	75				tRNA-Ala(cgc)
IFBJBKOH_05270	gene	75				
IFBJBKOH_05271	CDS	153				hypothetical protein
IFBJBKOH_05271	gene	153				
IFBJBKOH_05272	CDS	174				hypothetical protein
IFBJBKOH_05272	gene	174				
IFBJBKOH_05273	CDS	510	secA_3		COG0653	Protein translocase subunit SecA
IFBJBKOH_05273	gene	510	secA_3			
IFBJBKOH_05274	CDS	768	desVI	2.1.1.234		dTDP-3-amino-3,4,6-trideoxy-alpha-D-glucopyranose
IFBJBKOH_05274	gene	768	desVI			
IFBJBKOH_05275	CDS	879	hslO		COG1281	33 kDa chaperonin
IFBJBKOH_05275	gene	879	hslO			
IFBJBKOH_05276	CDS	198	cspA		COG1278	Cold shock protein CspA
IFBJBKOH_05276	gene	198	cspA			
IFBJBKOH_05277	CDS	546				hypothetical protein
IFBJBKOH_05277	gene	546				
IFBJBKOH_05278	CDS	774				hypothetical protein
IFBJBKOH_05278	gene	774				
IFBJBKOH_05279	CDS	426				hypothetical protein
IFBJBKOH_05279	gene	426				
IFBJBKOH_05280	CDS	828	comEA		COG1555	ComE operon protein 1
IFBJBKOH_05280	gene	828	comEA			
IFBJBKOH_05281	CDS	708	walR_2		COG0745	Transcriptional regulatory protein WalR
IFBJBKOH_05281	gene	708	walR_2			
IFBJBKOH_05282	CDS	492				hypothetical protein
IFBJBKOH_05282	gene	492				
IFBJBKOH_05283	CDS	480	rlmH	2.1.1.177	COG1576	Ribosomal RNA large subunit methyltransferase H
IFBJBKOH_05283	gene	480	rlmH			
IFBJBKOH_05284	CDS	1284	mntH			Divalent metal cation transporter MntH
IFBJBKOH_05284	gene	1284	mntH			
IFBJBKOH_05285	CDS	972	dapA_4	4.3.3.7	COG0329	4-hydroxy-tetrahydrodipicolinate synthase
IFBJBKOH_05285	gene	972	dapA_4			
IFBJBKOH_05286	CDS	993	ccpA_4		COG1609	Catabolite control protein A
IFBJBKOH_05286	gene	993	ccpA_4			
IFBJBKOH_05287	CDS	1848				hypothetical protein
IFBJBKOH_05287	gene	1848				
IFBJBKOH_05288	CDS	966	lipR	3.1.1.-	COG0657	Putative acetyl-hydrolase LipR
IFBJBKOH_05288	gene	966	lipR			
IFBJBKOH_05289	CDS	1074				hypothetical protein
IFBJBKOH_05289	gene	1074				
IFBJBKOH_05290	CDS	534	spoIIIAB			Stage III sporulation protein AB
IFBJBKOH_05290	gene	534	spoIIIAB			
IFBJBKOH_05291	CDS	195				hypothetical protein
IFBJBKOH_05291	gene	195				
IFBJBKOH_05292	CDS	387				hypothetical protein
IFBJBKOH_05292	gene	387				
IFBJBKOH_05293	CDS	1320	spoIIIAE			Stage III sporulation protein AE
IFBJBKOH_05293	gene	1320	spoIIIAE			
IFBJBKOH_05294	CDS	744				hypothetical protein
IFBJBKOH_05294	gene	744				
IFBJBKOH_05295	CDS	753				hypothetical protein
IFBJBKOH_05295	gene	753				
IFBJBKOH_05296	CDS	858				hypothetical protein
IFBJBKOH_05296	gene	858				
IFBJBKOH_05297	CDS	1938	cynR_15			HTH-type transcriptional regulator CynR
IFBJBKOH_05297	gene	1938	cynR_15			
IFBJBKOH_05298	CDS	1077				hypothetical protein
IFBJBKOH_05298	gene	1077				
IFBJBKOH_05299	CDS	471				hypothetical protein
IFBJBKOH_05299	gene	471				
IFBJBKOH_05300	CDS	1530				hypothetical protein
IFBJBKOH_05300	gene	1530				
IFBJBKOH_05301	CDS	834				hypothetical protein
IFBJBKOH_05301	gene	834				
IFBJBKOH_05302	CDS	2097	pehX	3.2.1.82		Exo-poly-alpha-D-galacturonosidase
IFBJBKOH_05302	gene	2097	pehX			
IFBJBKOH_05303	CDS	1122	yteR_2	3.2.1.172	COG4225	Unsaturated rhamnogalacturonyl hydrolase YteR
IFBJBKOH_05303	gene	1122	yteR_2			
IFBJBKOH_05304	CDS	384				Alkaline shock protein 23
IFBJBKOH_05304	gene	384				
IFBJBKOH_05305	CDS	555	nusB		COG0781	Transcription antitermination protein NusB
IFBJBKOH_05305	gene	555	nusB			
IFBJBKOH_05306	CDS	1287	xseA	3.1.11.6	COG1570	Exodeoxyribonuclease 7 large subunit
IFBJBKOH_05306	gene	1287	xseA			
IFBJBKOH_05307	CDS	234	xseB	3.1.11.6	COG1722	Exodeoxyribonuclease 7 small subunit
IFBJBKOH_05307	gene	234	xseB			
IFBJBKOH_05308	CDS	912		2.5.1.10		Farnesyl diphosphate synthase
IFBJBKOH_05308	gene	912				
IFBJBKOH_05309	CDS	1911	dxs_7	2.2.1.7	COG1154	1-deoxy-D-xylulose-5-phosphate synthase
IFBJBKOH_05309	gene	1911	dxs_7			
IFBJBKOH_05310	CDS	813	tlyA	2.1.1.226		16S/23S rRNA (cytidine-2'-O)-methyltransferase TlyA
IFBJBKOH_05310	gene	813	tlyA			
IFBJBKOH_05311	CDS	843	nadK	2.7.1.23	COG0061	NAD kinase
IFBJBKOH_05311	gene	843	nadK			
IFBJBKOH_05312	CDS	453	argR		COG1438	Arginine repressor
IFBJBKOH_05312	gene	453	argR			
IFBJBKOH_05313	CDS	1659	recN		COG0497	DNA repair protein RecN
IFBJBKOH_05313	gene	1659	recN			
IFBJBKOH_05314	CDS	1278	spoIVB	3.4.21.116	COG0750	SpoIVB peptidase
IFBJBKOH_05314	gene	1278	spoIVB			
IFBJBKOH_05315	CDS	222				hypothetical protein
IFBJBKOH_05315	gene	222				
IFBJBKOH_05316	CDS	663	cas5d_2	3.1.-.-		CRISPR pre-crRNA endoribonuclease Cas5d
IFBJBKOH_05316	gene	663	cas5d_2			
IFBJBKOH_05317	CDS	2139				hypothetical protein
IFBJBKOH_05317	gene	2139				
IFBJBKOH_05318	CDS	891				hypothetical protein
IFBJBKOH_05318	gene	891				
IFBJBKOH_05319	CDS	2193				hypothetical protein
IFBJBKOH_05319	gene	2193				
IFBJBKOH_05320	CDS	1446				hypothetical protein
IFBJBKOH_05320	gene	1446				
IFBJBKOH_05321	CDS	591				hypothetical protein
IFBJBKOH_05321	gene	591				
IFBJBKOH_05322	CDS	378				hypothetical protein
IFBJBKOH_05322	gene	378				
IFBJBKOH_05323	CDS	615				hypothetical protein
IFBJBKOH_05323	gene	615				
IFBJBKOH_05324	CDS	279				hypothetical protein
IFBJBKOH_05324	gene	279				
IFBJBKOH_05325	CDS	540				hypothetical protein
IFBJBKOH_05325	gene	540				
IFBJBKOH_05326	CDS	1329				hypothetical protein
IFBJBKOH_05326	gene	1329				
IFBJBKOH_05327	CDS	1167				hypothetical protein
IFBJBKOH_05327	gene	1167				
IFBJBKOH_05328	CDS	834	xerD_26			Tyrosine recombinase XerD
IFBJBKOH_05328	gene	834	xerD_26			
IFBJBKOH_05329	CDS	819	spo0A_8			Stage 0 sporulation protein A
IFBJBKOH_05329	gene	819	spo0A_8			
IFBJBKOH_05330	CDS	1446	glgA	2.4.1.21	COG0297	Glycogen synthase
IFBJBKOH_05330	gene	1446	glgA			
IFBJBKOH_05331	CDS	501				hypothetical protein
IFBJBKOH_05331	gene	501				
IFBJBKOH_05332	CDS	441				hypothetical protein
IFBJBKOH_05332	gene	441				
IFBJBKOH_05333	CDS	555				hypothetical protein
IFBJBKOH_05333	gene	555				
IFBJBKOH_05334	CDS	615	maf		COG0424	Septum formation protein Maf
IFBJBKOH_05334	gene	615	maf			
IFBJBKOH_05335	CDS	786	ybjI	3.1.3.104	COG0561	5-amino-6-(5-phospho-D-ribitylamino)uracil phosphatase YbjI
IFBJBKOH_05335	gene	786	ybjI			
IFBJBKOH_05336	CDS	1005				hypothetical protein
IFBJBKOH_05336	gene	1005				
IFBJBKOH_05337	CDS	387				hypothetical protein
IFBJBKOH_05337	gene	387				
IFBJBKOH_05338	CDS	681				hypothetical protein
IFBJBKOH_05338	gene	681				
IFBJBKOH_05339	CDS	1287	grdE_3	1.21.4.2		Glycine reductase complex component B subunits alpha and beta
IFBJBKOH_05339	gene	1287	grdE_3			
IFBJBKOH_05340	CDS	1050	grdB_4	1.21.4.2		Glycine reductase complex component B subunit gamma
IFBJBKOH_05340	gene	1050	grdB_4			
IFBJBKOH_05341	CDS	1137				hypothetical protein
IFBJBKOH_05341	gene	1137				
IFBJBKOH_05342	CDS	876	cheY_4		COG0784	Chemotaxis protein CheY
IFBJBKOH_05342	gene	876	cheY_4			
IFBJBKOH_05343	CDS	828	selD	2.7.9.3	COG0709	Selenide, water dikinase
IFBJBKOH_05343	gene	828	selD			
IFBJBKOH_05344	CDS	318	trxA_3		COG0526	Thioredoxin
IFBJBKOH_05344	gene	318	trxA_3			
IFBJBKOH_05345	CDS	132	grdA_2	1.21.4.2		Glycine/sarcosine/betaine reductase complex component A
IFBJBKOH_05345	gene	132	grdA_2			
IFBJBKOH_05346	CDS	324	grdA_3	1.21.4.2		Glycine/sarcosine/betaine reductase complex component A
IFBJBKOH_05346	gene	324	grdA_3			
IFBJBKOH_05347	CDS	597	proX		COG3760	Prolyl-tRNA editing protein ProX
IFBJBKOH_05347	gene	597	proX			
IFBJBKOH_05348	CDS	369	ridA_2	3.5.99.10	COG0251	2-iminobutanoate/2-iminopropanoate deaminase
IFBJBKOH_05348	gene	369	ridA_2			
IFBJBKOH_05349	CDS	750				hypothetical protein
IFBJBKOH_05349	gene	750				
IFBJBKOH_05350	CDS	1251	sunS_3	2.4.1.-	COG0463	SPBc2 prophage-derived glycosyltransferase SunS
IFBJBKOH_05350	gene	1251	sunS_3			
IFBJBKOH_05351	CDS	963	lytA_14	3.5.1.28		Autolysin
IFBJBKOH_05351	gene	963	lytA_14			
IFBJBKOH_05352	CDS	1272	eno_2	4.2.1.11	COG0148	Enolase
IFBJBKOH_05352	gene	1272	eno_2			
IFBJBKOH_05353	CDS	948	manA_2	5.3.1.8	COG1482	Mannose-6-phosphate isomerase ManA
IFBJBKOH_05353	gene	948	manA_2			
IFBJBKOH_05354	CDS	255	secG		COG1314	putative protein-export membrane protein SecG
IFBJBKOH_05354	gene	255	secG			
IFBJBKOH_05355	CDS	2241	rnr	3.1.13.1	COG0557	Ribonuclease R
IFBJBKOH_05355	gene	2241	rnr			
IFBJBKOH_05356	CDS	468	smpB		COG0691	SsrA-binding protein
IFBJBKOH_05356	gene	468	smpB			
IFBJBKOH_05357	CDS	579				hypothetical protein
IFBJBKOH_05357	gene	579				
IFBJBKOH_05358	tRNA	72				tRNA-Glu(ctc)
IFBJBKOH_05358	gene	72				
IFBJBKOH_05359	CDS	480				hypothetical protein
IFBJBKOH_05359	gene	480				
IFBJBKOH_05360	CDS	375	dfx_1	1.15.1.2	COG2033	Desulfoferrodoxin
IFBJBKOH_05360	gene	375	dfx_1			
IFBJBKOH_05361	CDS	267				hypothetical protein
IFBJBKOH_05361	gene	267				
IFBJBKOH_05362	CDS	399		3.1.2.-	COG2050	Putative esterase
IFBJBKOH_05362	gene	399				
IFBJBKOH_05363	CDS	1185	acdA	1.3.99.-	COG1960	Acyl-CoA dehydrogenase
IFBJBKOH_05363	gene	1185	acdA			
IFBJBKOH_05364	CDS	1227	fldA	2.8.3.17		Cinnamoyl-CoA:phenyllactate CoA-transferase
IFBJBKOH_05364	gene	1227	fldA			
IFBJBKOH_05365	CDS	1143	mmgC	1.3.99.-	COG1960	Acyl-CoA dehydrogenase
IFBJBKOH_05365	gene	1143	mmgC			
IFBJBKOH_05366	CDS	789	carD_3	1.3.1.108	COG2086	Caffeyl-CoA reductase-Etf complex subunit CarD
IFBJBKOH_05366	gene	789	carD_3			
IFBJBKOH_05367	CDS	1011	carE_4	1.3.1.108	COG2025	Caffeyl-CoA reductase-Etf complex subunit CarE
IFBJBKOH_05367	gene	1011	carE_4			
IFBJBKOH_05368	CDS	1731	fadK	6.2.1.-	COG0318	Medium-chain fatty-acid--CoA ligase
IFBJBKOH_05368	gene	1731	fadK			
IFBJBKOH_05369	CDS	558				hypothetical protein
IFBJBKOH_05369	gene	558				
IFBJBKOH_05370	CDS	567				hypothetical protein
IFBJBKOH_05370	gene	567				
IFBJBKOH_05371	CDS	1302				hypothetical protein
IFBJBKOH_05371	gene	1302				
IFBJBKOH_05372	CDS	888	gltC_2			HTH-type transcriptional regulator GltC
IFBJBKOH_05372	gene	888	gltC_2			
IFBJBKOH_05373	CDS	186				hypothetical protein
IFBJBKOH_05373	gene	186				
IFBJBKOH_05374	CDS	312				hypothetical protein
IFBJBKOH_05374	gene	312				
IFBJBKOH_05375	tmRNA	337	ssrA			transfer-messenger RNA, SsrA
IFBJBKOH_05375	gene	337	ssrA			
IFBJBKOH_05376	CDS	780			COG2968	26 kDa periplasmic immunogenic protein
IFBJBKOH_05376	gene	780				
IFBJBKOH_05377	CDS	2028			COG2200	putative signaling protein
IFBJBKOH_05377	gene	2028				
IFBJBKOH_05378	CDS	1347	pucK_3		COG2233	Uric acid permease PucK
IFBJBKOH_05378	gene	1347	pucK_3			
IFBJBKOH_05379	CDS	951	arcC1_3	2.7.2.2		Carbamate kinase 1
IFBJBKOH_05379	gene	951	arcC1_3			
IFBJBKOH_05380	CDS	1194	ygeW	2.1.3.-	COG0078	Putative carbamoyltransferase YgeW
IFBJBKOH_05380	gene	1194	ygeW			
IFBJBKOH_05381	CDS	1317	dapE_2	3.5.1.18		putative succinyl-diaminopimelate desuccinylase
IFBJBKOH_05381	gene	1317	dapE_2			
IFBJBKOH_05382	CDS	1209	dpaL_2	4.3.1.15	COG1171	Diaminopropionate ammonia-lyase
IFBJBKOH_05382	gene	1209	dpaL_2			
IFBJBKOH_05383	CDS	666				hypothetical protein
IFBJBKOH_05383	gene	666				
IFBJBKOH_05384	CDS	1332	ssnA	3.-.-.-	COG0402	Putative aminohydrolase SsnA
IFBJBKOH_05384	gene	1332	ssnA			
IFBJBKOH_05385	CDS	2985	ygfK		COG0493	Putative oxidoreductase YgfK
IFBJBKOH_05385	gene	2985	ygfK			
IFBJBKOH_05386	CDS	546	ndhI_2	1.6.5.11		NAD(P)H-quinone oxidoreductase subunit I, chloroplastic
IFBJBKOH_05386	gene	546	ndhI_2			
IFBJBKOH_05387	CDS	2583	mop	1.2.99.7		Aldehyde oxidoreductase
IFBJBKOH_05387	gene	2583	mop			
IFBJBKOH_05388	CDS	564				hypothetical protein
IFBJBKOH_05388	gene	564				
IFBJBKOH_05389	CDS	1383		3.5.2.-		D-hydantoinase
IFBJBKOH_05389	gene	1383				
IFBJBKOH_05390	CDS	150				hypothetical protein
IFBJBKOH_05390	gene	150				
IFBJBKOH_05391	CDS	432				hypothetical protein
IFBJBKOH_05391	gene	432				
IFBJBKOH_05392	CDS	1047	lacR		COG1609	HTH-type transcriptional regulator LacR
IFBJBKOH_05392	gene	1047	lacR			
IFBJBKOH_05393	CDS	1359	melB_3		COG2211	Melibiose carrier protein
IFBJBKOH_05393	gene	1359	melB_3			
IFBJBKOH_05394	CDS	1950	bgaA	3.2.1.23	COG1874	Beta-galactosidase BgaA
IFBJBKOH_05394	gene	1950	bgaA			
IFBJBKOH_05395	CDS	273				hypothetical protein
IFBJBKOH_05395	gene	273				
IFBJBKOH_05396	CDS	1158				hypothetical protein
IFBJBKOH_05396	gene	1158				
IFBJBKOH_05397	CDS	1566				hypothetical protein
IFBJBKOH_05397	gene	1566				
IFBJBKOH_05398	CDS	261				hypothetical protein
IFBJBKOH_05398	gene	261				
IFBJBKOH_05399	CDS	501				hypothetical protein
IFBJBKOH_05399	gene	501				
IFBJBKOH_05400	CDS	480				hypothetical protein
IFBJBKOH_05400	gene	480				
IFBJBKOH_05401	CDS	501				hypothetical protein
IFBJBKOH_05401	gene	501				
IFBJBKOH_05402	CDS	198				hypothetical protein
IFBJBKOH_05402	gene	198				
IFBJBKOH_05403	CDS	1677	ltrA_25		COG3344	Group II intron-encoded protein LtrA
IFBJBKOH_05403	gene	1677	ltrA_25			
IFBJBKOH_05404	CDS	1800	ltrA_26		COG3344	Group II intron-encoded protein LtrA
IFBJBKOH_05404	gene	1800	ltrA_26			
IFBJBKOH_05405	CDS	270				hypothetical protein
IFBJBKOH_05405	gene	270				
IFBJBKOH_05406	CDS	549				hypothetical protein
IFBJBKOH_05406	gene	549				
IFBJBKOH_05407	CDS	237				hypothetical protein
IFBJBKOH_05407	gene	237				
IFBJBKOH_05408	CDS	843	yofA		COG0583	HTH-type transcriptional regulator YofA
IFBJBKOH_05408	gene	843	yofA			
IFBJBKOH_05409	CDS	525				hypothetical protein
IFBJBKOH_05409	gene	525				
IFBJBKOH_05410	CDS	447				hypothetical protein
IFBJBKOH_05410	gene	447				
IFBJBKOH_05411	CDS	225				hypothetical protein
IFBJBKOH_05411	gene	225				
IFBJBKOH_05412	CDS	396				hypothetical protein
IFBJBKOH_05412	gene	396				
IFBJBKOH_05413	CDS	1632				hypothetical protein
IFBJBKOH_05413	gene	1632				
IFBJBKOH_05414	CDS	513				hypothetical protein
IFBJBKOH_05414	gene	513				
IFBJBKOH_05415	CDS	387				hypothetical protein
IFBJBKOH_05415	gene	387				
IFBJBKOH_05416	CDS	711				hypothetical protein
IFBJBKOH_05416	gene	711				
IFBJBKOH_05417	CDS	855	dnaI		COG1484	Primosomal protein DnaI
IFBJBKOH_05417	gene	855	dnaI			
IFBJBKOH_05418	CDS	189				hypothetical protein
IFBJBKOH_05418	gene	189				
IFBJBKOH_05419	CDS	1623				hypothetical protein
IFBJBKOH_05419	gene	1623				
IFBJBKOH_05420	CDS	213				hypothetical protein
IFBJBKOH_05420	gene	213				
IFBJBKOH_05421	CDS	306				hypothetical protein
IFBJBKOH_05421	gene	306				
IFBJBKOH_05422	CDS	168				hypothetical protein
IFBJBKOH_05422	gene	168				
IFBJBKOH_05423	CDS	807	xerC_26		COG4973	Tyrosine recombinase XerC
IFBJBKOH_05423	gene	807	xerC_26			
IFBJBKOH_05424	CDS	228				hypothetical protein
IFBJBKOH_05424	gene	228				
IFBJBKOH_05425	CDS	963	xerC_27			Tyrosine recombinase XerC
IFBJBKOH_05425	gene	963	xerC_27			
IFBJBKOH_05426	CDS	1242	xerD_27		COG4974	Tyrosine recombinase XerD
IFBJBKOH_05426	gene	1242	xerD_27			
IFBJBKOH_05427	CDS	1074				hypothetical protein
IFBJBKOH_05427	gene	1074				
IFBJBKOH_05428	CDS	285				hypothetical protein
IFBJBKOH_05428	gene	285				
IFBJBKOH_05429	CDS	402				hypothetical protein
IFBJBKOH_05429	gene	402				
IFBJBKOH_05430	CDS	786	kdgR_2		COG1414	Transcriptional regulator KdgR
IFBJBKOH_05430	gene	786	kdgR_2			
IFBJBKOH_05431	CDS	1680	ilvD_4	4.2.1.9	COG0129	Dihydroxy-acid dehydratase
IFBJBKOH_05431	gene	1680	ilvD_4			
IFBJBKOH_05432	CDS	1272	gntP		COG2610	High-affinity gluconate transporter
IFBJBKOH_05432	gene	1272	gntP			
IFBJBKOH_05433	CDS	882		1.2.1.10		Acetaldehyde dehydrogenase
IFBJBKOH_05433	gene	882				
IFBJBKOH_05434	CDS	1011		4.1.3.39		4-hydroxy-2-oxovalerate aldolase
IFBJBKOH_05434	gene	1011				
IFBJBKOH_05435	CDS	765			COG1145	Ferredoxin
IFBJBKOH_05435	gene	765				
IFBJBKOH_05436	CDS	651	rspR_9		COG1802	HTH-type transcriptional repressor RspR
IFBJBKOH_05436	gene	651	rspR_9			
IFBJBKOH_05437	CDS	966				hypothetical protein
IFBJBKOH_05437	gene	966				
IFBJBKOH_05438	CDS	1437				hypothetical protein
IFBJBKOH_05438	gene	1437				
IFBJBKOH_05439	CDS	879	lacF_9			Lactose transport system permease protein LacF
IFBJBKOH_05439	gene	879	lacF_9			
IFBJBKOH_05440	CDS	834	araQ_20		COG0395	L-arabinose transport system permease protein AraQ
IFBJBKOH_05440	gene	834	araQ_20			
IFBJBKOH_05441	CDS	585	dpaB	1.3.1.-	COG0452	Dipicolinate synthase subunit B
IFBJBKOH_05441	gene	585	dpaB			
IFBJBKOH_05442	CDS	849	dpaA	1.3.1.-		Dipicolinate synthase subunit A
IFBJBKOH_05442	gene	849	dpaA			
IFBJBKOH_05443	CDS	930	dapA_5	4.3.3.7	COG0329	4-hydroxy-tetrahydrodipicolinate synthase
IFBJBKOH_05443	gene	930	dapA_5			
IFBJBKOH_05444	CDS	390				hypothetical protein
IFBJBKOH_05444	gene	390				
IFBJBKOH_05445	CDS	828				hypothetical protein
IFBJBKOH_05445	gene	828				
IFBJBKOH_05446	CDS	291				hypothetical protein
IFBJBKOH_05446	gene	291				
IFBJBKOH_05447	CDS	498	carD_4		COG1329	RNA polymerase-binding transcription factor CarD
IFBJBKOH_05447	gene	498	carD_4			
IFBJBKOH_05448	CDS	690				hypothetical protein
IFBJBKOH_05448	gene	690				
IFBJBKOH_05449	CDS	570	carA_3	2.8.3.23	COG4670	Caffeate CoA-transferase
IFBJBKOH_05449	gene	570	carA_3			
IFBJBKOH_05450	CDS	477				hypothetical protein
IFBJBKOH_05450	gene	477				
IFBJBKOH_05451	CDS	1059	cinA_1		COG1058	CinA-like protein
IFBJBKOH_05451	gene	1059	cinA_1			
IFBJBKOH_05452	CDS	495	moaC2	4.6.1.17	COG0315	Cyclic pyranopterin monophosphate synthase 2
IFBJBKOH_05452	gene	495	moaC2			
IFBJBKOH_05453	CDS	1068	moaA	4.1.99.22	COG2896	GTP 3',8-cyclase
IFBJBKOH_05453	gene	1068	moaA			
IFBJBKOH_05454	CDS	969	mog	2.7.7.75	COG0521	Molybdopterin adenylyltransferase
IFBJBKOH_05454	gene	969	mog			
IFBJBKOH_05455	CDS	837	modA		COG0725	Molybdate-binding protein ModA
IFBJBKOH_05455	gene	837	modA			
IFBJBKOH_05456	CDS	672	modB_3		COG4149	Molybdenum transport system permease protein ModB
IFBJBKOH_05456	gene	672	modB_3			
IFBJBKOH_05457	CDS	1149	cysA_3	3.6.3.25	COG1118	Sulfate/thiosulfate import ATP-binding protein CysA
IFBJBKOH_05457	gene	1149	cysA_3			
IFBJBKOH_05458	CDS	942	mocA	2.7.7.76	COG2068	Molybdenum cofactor cytidylyltransferase
IFBJBKOH_05458	gene	942	mocA			
IFBJBKOH_05459	CDS	1032	pucA	1.17.1.4	COG1975	putative xanthine dehydrogenase subunit A
IFBJBKOH_05459	gene	1032	pucA			
IFBJBKOH_05460	CDS	870				hypothetical protein
IFBJBKOH_05460	gene	870				
IFBJBKOH_05461	CDS	597	mobA_6	2.7.7.77		Molybdenum cofactor guanylyltransferase
IFBJBKOH_05461	gene	597	mobA_6			
IFBJBKOH_05462	CDS	1410	mepA_16		COG0534	Multidrug export protein MepA
IFBJBKOH_05462	gene	1410	mepA_16			
IFBJBKOH_05463	CDS	1620				hypothetical protein
IFBJBKOH_05463	gene	1620				
IFBJBKOH_05464	CDS	315				hypothetical protein
IFBJBKOH_05464	gene	315				
IFBJBKOH_05465	CDS	495	infC			Translation initiation factor IF-3
IFBJBKOH_05465	gene	495	infC			
IFBJBKOH_05466	CDS	198	rpmI		COG0291	50S ribosomal protein L35
IFBJBKOH_05466	gene	198	rpmI			
IFBJBKOH_05467	CDS	357	rplT		COG0292	50S ribosomal protein L20
IFBJBKOH_05467	gene	357	rplT			
IFBJBKOH_05468	CDS	189				hypothetical protein
IFBJBKOH_05468	gene	189				
IFBJBKOH_05469	CDS	204				hypothetical protein
IFBJBKOH_05469	gene	204				
IFBJBKOH_05470	CDS	465	crtK-2		COG3476	Tryptophan-rich protein TspO
IFBJBKOH_05470	gene	465	crtK-2			
IFBJBKOH_05471	CDS	291				hypothetical protein
IFBJBKOH_05471	gene	291				
IFBJBKOH_05472	CDS	234				hypothetical protein
IFBJBKOH_05472	gene	234				
IFBJBKOH_05473	CDS	120				hypothetical protein
IFBJBKOH_05473	gene	120				
IFBJBKOH_05474	CDS	675	bceA_2		COG1136	Bacitracin export ATP-binding protein BceA
IFBJBKOH_05474	gene	675	bceA_2			
IFBJBKOH_05475	CDS	1842				hypothetical protein
IFBJBKOH_05475	gene	1842				
IFBJBKOH_05476	CDS	1188				hypothetical protein
IFBJBKOH_05476	gene	1188				
IFBJBKOH_05477	CDS	1101				hypothetical protein
IFBJBKOH_05477	gene	1101				
IFBJBKOH_05478	CDS	867	thlA_3	2.3.1.9	COG0183	Acetyl-CoA acetyltransferase
IFBJBKOH_05478	gene	867	thlA_3			
IFBJBKOH_05479	CDS	237	thlA_4	2.3.1.9	COG0183	Acetyl-CoA acetyltransferase
IFBJBKOH_05479	gene	237	thlA_4			
IFBJBKOH_05480	CDS	738	fabG_5	1.1.1.100		3-oxoacyl-[acyl-carrier-protein] reductase FabG
IFBJBKOH_05480	gene	738	fabG_5			
IFBJBKOH_05481	CDS	210	ydiF	2.8.3.8	COG4670	Acetate CoA-transferase YdiF
IFBJBKOH_05481	gene	210	ydiF			
IFBJBKOH_05482	CDS	1272	carA_4	2.8.3.23	COG4670	Caffeate CoA-transferase
IFBJBKOH_05482	gene	1272	carA_4			
IFBJBKOH_05483	CDS	312	fadD3	6.2.1.41	COG0318	3-[(3aS,4S,7aS)-7a-methyl-1,5-dioxo-octahydro-1H-inden-4-yl]propanoyl:CoA ligase
IFBJBKOH_05483	gene	312	fadD3			
IFBJBKOH_05484	CDS	1242		6.2.1.3	COG0318	Long-chain-fatty-acid--CoA ligase FadD13
IFBJBKOH_05484	gene	1242				
IFBJBKOH_05485	CDS	720	livF_4		COG0410	High-affinity branched-chain amino acid transport ATP-binding protein LivF
IFBJBKOH_05485	gene	720	livF_4			
IFBJBKOH_05486	CDS	1311			COG0683	Leu/Ile/Val-binding protein 
IFBJBKOH_05486	gene	1311				
IFBJBKOH_05487	CDS	957	degA_6		COG1609	HTH-type transcriptional regulator DegA
IFBJBKOH_05487	gene	957	degA_6			
IFBJBKOH_05488	tRNA	86				tRNA-Leu(cag)
IFBJBKOH_05488	gene	86				
IFBJBKOH_05489	tRNA	86				tRNA-Leu(aag)
IFBJBKOH_05489	gene	86				
IFBJBKOH_05490	CDS	273				hypothetical protein
IFBJBKOH_05490	gene	273				
IFBJBKOH_05491	CDS	1158				hypothetical protein
IFBJBKOH_05491	gene	1158				
IFBJBKOH_05492	CDS	852				hypothetical protein
IFBJBKOH_05492	gene	852				
IFBJBKOH_05493	CDS	183				hypothetical protein
IFBJBKOH_05493	gene	183				
IFBJBKOH_05494	CDS	351				hypothetical protein
IFBJBKOH_05494	gene	351				
IFBJBKOH_05495	CDS	330				hypothetical protein
IFBJBKOH_05495	gene	330				
IFBJBKOH_05496	CDS	1005	sigA_2		COG0568	RNA polymerase sigma factor SigA
IFBJBKOH_05496	gene	1005	sigA_2			
IFBJBKOH_05497	CDS	864				hypothetical protein
IFBJBKOH_05497	gene	864				
IFBJBKOH_05498	CDS	207				hypothetical protein
IFBJBKOH_05498	gene	207				
IFBJBKOH_05499	CDS	2061				hypothetical protein
IFBJBKOH_05499	gene	2061				
IFBJBKOH_05500	CDS	420				hypothetical protein
IFBJBKOH_05500	gene	420				
IFBJBKOH_05501	CDS	792				hypothetical protein
IFBJBKOH_05501	gene	792				
IFBJBKOH_05502	CDS	927				hypothetical protein
IFBJBKOH_05502	gene	927				
IFBJBKOH_05503	CDS	393				hypothetical protein
IFBJBKOH_05503	gene	393				
IFBJBKOH_05504	CDS	198				hypothetical protein
IFBJBKOH_05504	gene	198				
IFBJBKOH_05505	CDS	1602	mobA_7			Mobilization protein A
IFBJBKOH_05505	gene	1602	mobA_7			
IFBJBKOH_05506	CDS	2331	kojP	2.4.1.230		Kojibiose phosphorylase
IFBJBKOH_05506	gene	2331	kojP			
IFBJBKOH_05507	CDS	666	yvdM	5.4.2.6	COG0637	Beta-phosphoglucomutase
IFBJBKOH_05507	gene	666	yvdM			
IFBJBKOH_05508	CDS	405				hypothetical protein
IFBJBKOH_05508	gene	405				
IFBJBKOH_05509	CDS	570	ubiX_1	2.5.1.129	COG0163	Flavin prenyltransferase UbiX
IFBJBKOH_05509	gene	570	ubiX_1			
IFBJBKOH_05510	CDS	1479	bsdC_1	4.1.1.-	COG0043	Phenolic acid decarboxylase subunit C
IFBJBKOH_05510	gene	1479	bsdC_1			
IFBJBKOH_05511	CDS	1533	nag3	3.2.1.21	COG1472	Beta-N-acetylglucosaminidase/beta-glucosidase
IFBJBKOH_05511	gene	1533	nag3			
IFBJBKOH_05512	CDS	171				hypothetical protein
IFBJBKOH_05512	gene	171				
IFBJBKOH_05513	CDS	1458	nlhH_3	3.1.1.1	COG0657	Carboxylesterase NlhH
IFBJBKOH_05513	gene	1458	nlhH_3			
IFBJBKOH_05514	CDS	963	nlhH_4	3.1.1.1	COG0657	Carboxylesterase NlhH
IFBJBKOH_05514	gene	963	nlhH_4			
IFBJBKOH_05515	CDS	1368	xylP_8			Isoprimeverose transporter
IFBJBKOH_05515	gene	1368	xylP_8			
IFBJBKOH_05516	CDS	933	gltC_3			HTH-type transcriptional regulator GltC
IFBJBKOH_05516	gene	933	gltC_3			
IFBJBKOH_05517	CDS	1716				hypothetical protein
IFBJBKOH_05517	gene	1716				
IFBJBKOH_05518	CDS	1224				hypothetical protein
IFBJBKOH_05518	gene	1224				
IFBJBKOH_05519	CDS	1143	gltD_3	1.4.1.13	COG0493	Glutamate synthase [NADPH] small chain
IFBJBKOH_05519	gene	1143	gltD_3			
IFBJBKOH_05520	CDS	1371	mepA_17			Multidrug export protein MepA
IFBJBKOH_05520	gene	1371	mepA_17			
IFBJBKOH_05521	CDS	624				hypothetical protein
IFBJBKOH_05521	gene	624				
IFBJBKOH_05522	CDS	2025				hypothetical protein
IFBJBKOH_05522	gene	2025				
IFBJBKOH_05523	CDS	750				hypothetical protein
IFBJBKOH_05523	gene	750				
IFBJBKOH_05524	CDS	582				hypothetical protein
IFBJBKOH_05524	gene	582				
IFBJBKOH_05525	CDS	540				hypothetical protein
IFBJBKOH_05525	gene	540				
IFBJBKOH_05526	CDS	186				hypothetical protein
IFBJBKOH_05526	gene	186				
IFBJBKOH_05527	CDS	987				hypothetical protein
IFBJBKOH_05527	gene	987				
IFBJBKOH_05528	CDS	378				hypothetical protein
IFBJBKOH_05528	gene	378				
IFBJBKOH_05529	CDS	132				hypothetical protein
IFBJBKOH_05529	gene	132				
IFBJBKOH_05530	CDS	150				hypothetical protein
IFBJBKOH_05530	gene	150				
IFBJBKOH_05531	CDS	264	rpsT		COG0268	30S ribosomal protein S20
IFBJBKOH_05531	gene	264	rpsT			
IFBJBKOH_05532	CDS	1011	gpr_2	3.4.24.78		Germination protease
IFBJBKOH_05532	gene	1011	gpr_2			
IFBJBKOH_05533	CDS	1335				hypothetical protein
IFBJBKOH_05533	gene	1335				
IFBJBKOH_05534	CDS	1815	lepA	3.6.5.-	COG0481	Elongation factor 4
IFBJBKOH_05534	gene	1815	lepA			
IFBJBKOH_05535	CDS	1254	hemN_1	1.3.99.-	COG0635	Oxygen-independent coproporphyrinogen-III oxidase-like protein
IFBJBKOH_05535	gene	1254	hemN_1			
IFBJBKOH_05536	CDS	738				hypothetical protein
IFBJBKOH_05536	gene	738				
IFBJBKOH_05537	CDS	567	ahpC_2	1.11.1.15	COG0450	Alkyl hydroperoxide reductase C
IFBJBKOH_05537	gene	567	ahpC_2			
IFBJBKOH_05538	CDS	666	ahpF_2	1.8.1.-		Alkyl hydroperoxide reductase subunit F
IFBJBKOH_05538	gene	666	ahpF_2			
IFBJBKOH_05539	CDS	570	ygcP		COG1954	putative protein YgcP
IFBJBKOH_05539	gene	570	ygcP			
IFBJBKOH_05540	CDS	1497	glpK_1	2.7.1.30	COG0554	Glycerol kinase
IFBJBKOH_05540	gene	1497	glpK_1			
IFBJBKOH_05541	CDS	714	glpF		COG0580	Glycerol uptake facilitator protein
IFBJBKOH_05541	gene	714	glpF			
IFBJBKOH_05542	CDS	1440				putative protein MG039 
IFBJBKOH_05542	gene	1440				
IFBJBKOH_05543	CDS	1266	trxB_5	1.8.1.9	COG0492	Thioredoxin reductase
IFBJBKOH_05543	gene	1266	trxB_5			
IFBJBKOH_05544	CDS	360				hypothetical protein
IFBJBKOH_05544	gene	360				
IFBJBKOH_05545	CDS	192				hypothetical protein
IFBJBKOH_05545	gene	192				
IFBJBKOH_05546	CDS	987	dhaK	2.7.1.121	COG2376	PTS-dependent dihydroxyacetone kinase, dihydroxyacetone-binding subunit DhaK
IFBJBKOH_05546	gene	987	dhaK			
IFBJBKOH_05547	CDS	624	dhaL	2.7.1.121	COG2376	PEP-dependent dihydroxyacetone kinase, ADP-binding subunit DhaL
IFBJBKOH_05547	gene	624	dhaL			
IFBJBKOH_05548	CDS	381	dhaM	3.5.1.-	COG1080	Protein-lysine deacetylase
IFBJBKOH_05548	gene	381	dhaM			
IFBJBKOH_05549	CDS	351				hypothetical protein
IFBJBKOH_05549	gene	351				
IFBJBKOH_05550	CDS	507				hypothetical protein
IFBJBKOH_05550	gene	507				
IFBJBKOH_05551	CDS	591				hypothetical protein
IFBJBKOH_05551	gene	591				
IFBJBKOH_05552	CDS	1584	galT	2.7.7.12		Galactose-1-phosphate uridylyltransferase
IFBJBKOH_05552	gene	1584	galT			
IFBJBKOH_05553	CDS	333				hypothetical protein
IFBJBKOH_05553	gene	333				
IFBJBKOH_05554	CDS	378				hypothetical protein
IFBJBKOH_05554	gene	378				
IFBJBKOH_05555	CDS	987				hypothetical protein
IFBJBKOH_05555	gene	987				
IFBJBKOH_05556	CDS	747				hypothetical protein
IFBJBKOH_05556	gene	747				
IFBJBKOH_05557	CDS	315	yjdF_2			putative protein YjdF
IFBJBKOH_05557	gene	315	yjdF_2			
IFBJBKOH_05558	CDS	597				hypothetical protein
IFBJBKOH_05558	gene	597				
IFBJBKOH_05559	CDS	312				hypothetical protein
IFBJBKOH_05559	gene	312				
IFBJBKOH_05560	CDS	1359				hypothetical protein
IFBJBKOH_05560	gene	1359				
IFBJBKOH_05561	CDS	309				hypothetical protein
IFBJBKOH_05561	gene	309				
IFBJBKOH_05562	CDS	1038	secA_4		COG0653	Protein translocase subunit SecA
IFBJBKOH_05562	gene	1038	secA_4			
IFBJBKOH_05563	CDS	795				hypothetical protein
IFBJBKOH_05563	gene	795				
IFBJBKOH_05564	CDS	360				hypothetical protein
IFBJBKOH_05564	gene	360				
IFBJBKOH_05565	CDS	495				hypothetical protein
IFBJBKOH_05565	gene	495				
IFBJBKOH_05566	CDS	537				hypothetical protein
IFBJBKOH_05566	gene	537				
IFBJBKOH_05567	CDS	1398				hypothetical protein
IFBJBKOH_05567	gene	1398				
IFBJBKOH_05568	CDS	270	bglB_3	3.2.1.86	COG2723	6-phospho-beta-glucosidase BglB
IFBJBKOH_05568	gene	270	bglB_3			
IFBJBKOH_05569	CDS	288				hypothetical protein
IFBJBKOH_05569	gene	288				
IFBJBKOH_05570	CDS	2088	manR_3		COG1762	Transcriptional regulator ManR
IFBJBKOH_05570	gene	2088	manR_3			
IFBJBKOH_05571	CDS	1440	ulaA_3		COG3037	Ascorbate-specific PTS system EIIC component
IFBJBKOH_05571	gene	1440	ulaA_3			
IFBJBKOH_05572	CDS	318	manP_2		COG1299	PTS system mannose-specific EIIBCA component
IFBJBKOH_05572	gene	318	manP_2			
IFBJBKOH_05573	CDS	519	mngA_2		COG1299	PTS system 2-O-alpha-mannosyl-D-glycerate-specific EIIABC component
IFBJBKOH_05573	gene	519	mngA_2			
IFBJBKOH_05574	CDS	684	alsE_1	5.1.3.-	COG0036	D-allulose-6-phosphate 3-epimerase
IFBJBKOH_05574	gene	684	alsE_1			
IFBJBKOH_05575	CDS	1104	fruA_6		COG1299	PTS system fructose-specific EIIB'BC component
IFBJBKOH_05575	gene	1104	fruA_6			
IFBJBKOH_05576	CDS	765	gcvPB_2	1.4.4.2		putative glycine dehydrogenase (decarboxylating) subunit 2
IFBJBKOH_05576	gene	765	gcvPB_2			
IFBJBKOH_05577	CDS	1104	lpd	1.8.1.4		Dihydrolipoyl dehydrogenase
IFBJBKOH_05577	gene	1104	lpd			
IFBJBKOH_05578	CDS	162	lpd3	1.8.1.4	COG1249	Dihydrolipoyl dehydrogenase 3
IFBJBKOH_05578	gene	162	lpd3			
IFBJBKOH_05579	CDS	522	hmpT		COG4720	Thiamine precursor transporter HmpT
IFBJBKOH_05579	gene	522	hmpT			
IFBJBKOH_05580	CDS	633	ppaX	3.6.1.1	COG0546	Pyrophosphatase PpaX
IFBJBKOH_05580	gene	633	ppaX			
IFBJBKOH_05581	CDS	1002				hypothetical protein
IFBJBKOH_05581	gene	1002				
IFBJBKOH_05582	CDS	249				hypothetical protein
IFBJBKOH_05582	gene	249				
IFBJBKOH_05583	CDS	873				hypothetical protein
IFBJBKOH_05583	gene	873				
IFBJBKOH_05584	CDS	1014	ansA	3.5.1.1	COG0252	L-asparaginase 1
IFBJBKOH_05584	gene	1014	ansA			
IFBJBKOH_05585	CDS	453				hypothetical protein
IFBJBKOH_05585	gene	453				
IFBJBKOH_05586	CDS	951			COG0330	putative protein
IFBJBKOH_05586	gene	951				
IFBJBKOH_05587	CDS	1395	mepA_18		COG0534	Multidrug export protein MepA
IFBJBKOH_05587	gene	1395	mepA_18			
IFBJBKOH_05588	CDS	183				hypothetical protein
IFBJBKOH_05588	gene	183				
IFBJBKOH_05589	CDS	834	nudC	3.6.1.22	COG2816	NADH pyrophosphatase
IFBJBKOH_05589	gene	834	nudC			
IFBJBKOH_05590	CDS	669		3.1.3.5	COG0546	5'-nucleotidase
IFBJBKOH_05590	gene	669				
IFBJBKOH_05591	CDS	504	ilvH	2.2.1.6	COG0440	Putative acetolactate synthase small subunit
IFBJBKOH_05591	gene	504	ilvH			
IFBJBKOH_05592	CDS	1011	ilvC	1.1.1.382		Ketol-acid reductoisomerase (NAD(+))
IFBJBKOH_05592	gene	1011	ilvC			
IFBJBKOH_05593	CDS	882	cynR_16			HTH-type transcriptional regulator CynR
IFBJBKOH_05593	gene	882	cynR_16			
IFBJBKOH_05594	CDS	1263	dmdA_2	4.2.1.85		2,3-dimethylmalate dehydratase large subunit
IFBJBKOH_05594	gene	1263	dmdA_2			
IFBJBKOH_05595	CDS	486	DmdB	4.2.1.85		2,3-dimethylmalate dehydratase small subunit
IFBJBKOH_05595	gene	486	DmdB			
IFBJBKOH_05596	CDS	876	gltR		COG0583	HTH-type transcriptional regulator GltR
IFBJBKOH_05596	gene	876	gltR			
IFBJBKOH_05597	CDS	1275				hypothetical protein
IFBJBKOH_05597	gene	1275				
IFBJBKOH_05598	CDS	1194				hypothetical protein
IFBJBKOH_05598	gene	1194				
IFBJBKOH_05599	CDS	1431	atzB_2	3.5.4.43		Hydroxydechloroatrazine ethylaminohydrolase
IFBJBKOH_05599	gene	1431	atzB_2			
IFBJBKOH_05600	CDS	846	bmrR_4		COG0789	Multidrug-efflux transporter 1 regulator
IFBJBKOH_05600	gene	846	bmrR_4			
IFBJBKOH_05601	CDS	1119				Purine-binding protein
IFBJBKOH_05601	gene	1119				
IFBJBKOH_05602	CDS	1530	mglA_10	3.6.3.17	COG1129	Galactose/methyl galactoside import ATP-binding protein MglA
IFBJBKOH_05602	gene	1530	mglA_10			
IFBJBKOH_05603	CDS	1029				hypothetical protein
IFBJBKOH_05603	gene	1029				
IFBJBKOH_05604	CDS	942				hypothetical protein
IFBJBKOH_05604	gene	942				
IFBJBKOH_05605	CDS	252				hypothetical protein
IFBJBKOH_05605	gene	252				
IFBJBKOH_05606	CDS	1422	thiH	4.1.99.19	COG1060	2-iminoacetate synthase
IFBJBKOH_05606	gene	1422	thiH			
IFBJBKOH_05607	CDS	1236	mnmE_2	3.6.-.-	COG0486	tRNA modification GTPase MnmE
IFBJBKOH_05607	gene	1236	mnmE_2			
IFBJBKOH_05608	CDS	1140	nagA_2	3.5.1.25	COG1820	N-acetylglucosamine-6-phosphate deacetylase
IFBJBKOH_05608	gene	1140	nagA_2			
IFBJBKOH_05609	CDS	468	rimP		COG0779	Ribosome maturation factor RimP
IFBJBKOH_05609	gene	468	rimP			
IFBJBKOH_05610	CDS	1167	nusA		COG0195	Transcription termination/antitermination protein NusA
IFBJBKOH_05610	gene	1167	nusA			
IFBJBKOH_05611	CDS	273				hypothetical protein
IFBJBKOH_05611	gene	273				
IFBJBKOH_05612	CDS	336	rplGA		COG1358	putative ribosomal protein YlxQ
IFBJBKOH_05612	gene	336	rplGA			
IFBJBKOH_05613	CDS	3282	infB			Translation initiation factor IF-2
IFBJBKOH_05613	gene	3282	infB			
IFBJBKOH_05614	CDS	402	rbfA		COG0858	30S ribosome-binding factor
IFBJBKOH_05614	gene	402	rbfA			
IFBJBKOH_05615	CDS	969	nrnA	3.1.-.-	COG0618	Bifunctional oligoribonuclease and PAP phosphatase NrnA
IFBJBKOH_05615	gene	969	nrnA			
IFBJBKOH_05616	CDS	927	truB	5.4.99.25		tRNA pseudouridine synthase B
IFBJBKOH_05616	gene	927	truB			
IFBJBKOH_05617	CDS	951	ribF		COG0196	Riboflavin biosynthesis protein RibF
IFBJBKOH_05617	gene	951	ribF			
IFBJBKOH_05618	CDS	225				hypothetical protein
IFBJBKOH_05618	gene	225				
IFBJBKOH_05619	CDS	267	rpsO		COG0184	30S ribosomal protein S15
IFBJBKOH_05619	gene	267	rpsO			
IFBJBKOH_05620	CDS	2124	pnp	2.7.7.8	COG1185	Polyribonucleotide nucleotidyltransferase
IFBJBKOH_05620	gene	2124	pnp			
IFBJBKOH_05621	CDS	705				hypothetical protein
IFBJBKOH_05621	gene	705				
IFBJBKOH_05622	CDS	1452	gltX	6.1.1.17	COG0008	Glutamate--tRNA ligase
IFBJBKOH_05622	gene	1452	gltX			
IFBJBKOH_05623	CDS	1827	yjcD	3.6.4.12	COG0210	Putative ATP-dependent DNA helicase YjcD
IFBJBKOH_05623	gene	1827	yjcD			
IFBJBKOH_05624	CDS	543	cobO	2.5.1.17		Cob(I)yrinic acid a,c-diamide adenosyltransferase
IFBJBKOH_05624	gene	543	cobO			
IFBJBKOH_05625	CDS	324				hypothetical protein
IFBJBKOH_05625	gene	324				
IFBJBKOH_05626	CDS	681	srrA_6		COG0745	Transcriptional regulatory protein SrrA
IFBJBKOH_05626	gene	681	srrA_6			
IFBJBKOH_05627	CDS	1524	resE_2	2.7.13.3		Sensor histidine kinase ResE
IFBJBKOH_05627	gene	1524	resE_2			
IFBJBKOH_05628	CDS	1314				hypothetical protein
IFBJBKOH_05628	gene	1314				
IFBJBKOH_05629	CDS	1590	rbsA_12	3.6.3.17	COG1129	Ribose import ATP-binding protein RbsA
IFBJBKOH_05629	gene	1590	rbsA_12			
IFBJBKOH_05630	CDS	1080				hypothetical protein
IFBJBKOH_05630	gene	1080				
IFBJBKOH_05631	CDS	1128				hypothetical protein
IFBJBKOH_05631	gene	1128				
IFBJBKOH_05632	CDS	489				hypothetical protein
IFBJBKOH_05632	gene	489				
IFBJBKOH_05633	rRNA	1528				16S ribosomal RNA
IFBJBKOH_05633	gene	1528				
IFBJBKOH_05634	tRNA	75				tRNA-Ala(tgc)
IFBJBKOH_05634	gene	75				
IFBJBKOH_05635	rRNA	2885				23S ribosomal RNA
IFBJBKOH_05635	gene	2885				
IFBJBKOH_05636	tRNA	72				tRNA-Gly(gcc)
IFBJBKOH_05636	gene	72				
IFBJBKOH_05637	CDS	1191	moeA	2.10.1.1		Molybdopterin molybdenumtransferase
IFBJBKOH_05637	gene	1191	moeA			
IFBJBKOH_05638	CDS	117				hypothetical protein
IFBJBKOH_05638	gene	117				
IFBJBKOH_05639	CDS	762	dapL_2	2.6.1.83	COG0436	LL-diaminopimelate aminotransferase
IFBJBKOH_05639	gene	762	dapL_2			
IFBJBKOH_05640	CDS	480				hypothetical protein
IFBJBKOH_05640	gene	480				
IFBJBKOH_05641	CDS	747	truA_2	5.4.99.12	COG0101	tRNA pseudouridine synthase A
IFBJBKOH_05641	gene	747	truA_2			
IFBJBKOH_05642	CDS	1185	fieF_2		COG0053	Ferrous-iron efflux pump FieF
IFBJBKOH_05642	gene	1185	fieF_2			
IFBJBKOH_05643	CDS	567	ecfG			ECF RNA polymerase sigma factor EcfG
IFBJBKOH_05643	gene	567	ecfG			
IFBJBKOH_05644	tRNA	73				tRNA-Gln(ctg)
IFBJBKOH_05644	gene	73				
IFBJBKOH_05645	CDS	1032				hypothetical protein
IFBJBKOH_05645	gene	1032				
IFBJBKOH_05646	CDS	186				hypothetical protein
IFBJBKOH_05646	gene	186				
IFBJBKOH_05647	tRNA	73				tRNA-Gln(ctg)
IFBJBKOH_05647	gene	73				
IFBJBKOH_05648	CDS	819				hypothetical protein
IFBJBKOH_05648	gene	819				
IFBJBKOH_05649	CDS	834	cvfB			Conserved virulence factor B
IFBJBKOH_05649	gene	834	cvfB			
IFBJBKOH_05650	CDS	912				hypothetical protein
IFBJBKOH_05650	gene	912				
IFBJBKOH_05651	CDS	1113	sugC_2	3.6.3.-	COG3839	Trehalose import ATP-binding protein SugC
IFBJBKOH_05651	gene	1113	sugC_2			
IFBJBKOH_05652	CDS	1089	pucR_2		COG2508	Purine catabolism regulatory protein
IFBJBKOH_05652	gene	1089	pucR_2			
IFBJBKOH_05653	CDS	672	ftsE		COG2884	Cell division ATP-binding protein FtsE
IFBJBKOH_05653	gene	672	ftsE			
IFBJBKOH_05654	CDS	909	ftsX		COG2177	Cell division protein FtsX
IFBJBKOH_05654	gene	909	ftsX			
IFBJBKOH_05655	CDS	1209	mepM_2	3.4.24.-	COG0739	Murein DD-endopeptidase MepM
IFBJBKOH_05655	gene	1209	mepM_2			
IFBJBKOH_05656	CDS	1410		3.4.21.-		putative CtpA-like serine protease
IFBJBKOH_05656	gene	1410				
IFBJBKOH_05657	CDS	135	chbP	2.4.1.280	COG3459	N,N'-diacetylchitobiose phosphorylase
IFBJBKOH_05657	gene	135	chbP			
IFBJBKOH_05658	CDS	204				hypothetical protein
IFBJBKOH_05658	gene	204				
IFBJBKOH_05659	CDS	729	lutR_7		COG2186	HTH-type transcriptional regulator LutR
IFBJBKOH_05659	gene	729	lutR_7			
IFBJBKOH_05660	CDS	1089	siaP_3		COG1638	Sialic acid-binding periplasmic protein SiaP
IFBJBKOH_05660	gene	1089	siaP_3			
IFBJBKOH_05661	CDS	483				hypothetical protein
IFBJBKOH_05661	gene	483				
IFBJBKOH_05662	CDS	1284	siaT_2		COG1593	Sialic acid TRAP transporter permease protein SiaT
IFBJBKOH_05662	gene	1284	siaT_2			
IFBJBKOH_05663	CDS	954				hypothetical protein
IFBJBKOH_05663	gene	954				
IFBJBKOH_05664	CDS	801	hpcH	4.1.2.52	COG3836	4-hydroxy-2-oxo-heptane-1,7-dioate aldolase
IFBJBKOH_05664	gene	801	hpcH			
IFBJBKOH_05665	CDS	729	alsE_2	5.1.3.-	COG0036	D-allulose-6-phosphate 3-epimerase
IFBJBKOH_05665	gene	729	alsE_2			
IFBJBKOH_05666	CDS	903				hypothetical protein
IFBJBKOH_05666	gene	903				
IFBJBKOH_05667	CDS	963	hprA_6	1.1.1.29	COG1052	Glycerate dehydrogenase
IFBJBKOH_05667	gene	963	hprA_6			
IFBJBKOH_05668	CDS	243				hypothetical protein
IFBJBKOH_05668	gene	243				
IFBJBKOH_05669	CDS	231				hypothetical protein
IFBJBKOH_05669	gene	231				
IFBJBKOH_05670	CDS	258				hypothetical protein
IFBJBKOH_05670	gene	258				
IFBJBKOH_05671	CDS	348				hypothetical protein
IFBJBKOH_05671	gene	348				
IFBJBKOH_05672	CDS	234				hypothetical protein
IFBJBKOH_05672	gene	234				
IFBJBKOH_05673	CDS	840				hypothetical protein
IFBJBKOH_05673	gene	840				
IFBJBKOH_05674	CDS	873	xerH		COG0582	Tyrosine recombinase XerH
IFBJBKOH_05674	gene	873	xerH			
IFBJBKOH_05675	CDS	507				hypothetical protein
IFBJBKOH_05675	gene	507				
IFBJBKOH_05676	CDS	858				hypothetical protein
IFBJBKOH_05676	gene	858				
IFBJBKOH_05677	CDS	228				hypothetical protein
IFBJBKOH_05677	gene	228				
IFBJBKOH_05678	CDS	207				hypothetical protein
IFBJBKOH_05678	gene	207				
IFBJBKOH_05679	CDS	5049	cna			Collagen adhesin
IFBJBKOH_05679	gene	5049	cna			
IFBJBKOH_05680	CDS	660				hypothetical protein
IFBJBKOH_05680	gene	660				
IFBJBKOH_05681	CDS	744				hypothetical protein
IFBJBKOH_05681	gene	744				
IFBJBKOH_05682	CDS	966				hypothetical protein
IFBJBKOH_05682	gene	966				
IFBJBKOH_05683	CDS	936				hypothetical protein
IFBJBKOH_05683	gene	936				
IFBJBKOH_05684	CDS	498	sipW	3.4.21.89	COG0681	Signal peptidase I W
IFBJBKOH_05684	gene	498	sipW			
IFBJBKOH_05685	CDS	1650				hypothetical protein
IFBJBKOH_05685	gene	1650				
IFBJBKOH_05686	CDS	798				hypothetical protein
IFBJBKOH_05686	gene	798				
IFBJBKOH_05687	CDS	849				hypothetical protein
IFBJBKOH_05687	gene	849				
IFBJBKOH_05688	CDS	1656	recF_6			DNA replication and repair protein RecF
IFBJBKOH_05688	gene	1656	recF_6			
IFBJBKOH_05689	CDS	204				hypothetical protein
IFBJBKOH_05689	gene	204				
IFBJBKOH_05690	CDS	450				hypothetical protein
IFBJBKOH_05690	gene	450				
IFBJBKOH_05691	CDS	177				hypothetical protein
IFBJBKOH_05691	gene	177				
IFBJBKOH_05692	CDS	405				hypothetical protein
IFBJBKOH_05692	gene	405				
IFBJBKOH_05693	CDS	576			COG0655	Iron-sulfur flavoprotein
IFBJBKOH_05693	gene	576				
IFBJBKOH_05694	CDS	636	ttgR_2			HTH-type transcriptional regulator TtgR
IFBJBKOH_05694	gene	636	ttgR_2			
IFBJBKOH_05695	CDS	201				hypothetical protein
IFBJBKOH_05695	gene	201				
IFBJBKOH_05696	CDS	1638				hypothetical protein
IFBJBKOH_05696	gene	1638				
IFBJBKOH_05697	CDS	1116	nanR_2			Transcriptional regulator NanR
IFBJBKOH_05697	gene	1116	nanR_2			
IFBJBKOH_05698	CDS	1182		3.1.4.-	COG3437	putative cyclic di-GMP phosphodiesterase
IFBJBKOH_05698	gene	1182				
IFBJBKOH_05699	CDS	330	arcB_2	2.7.13.3	COG0642	Aerobic respiration control sensor protein ArcB
IFBJBKOH_05699	gene	330	arcB_2			
IFBJBKOH_05700	CDS	708	phoP_5		COG0745	Alkaline phosphatase synthesis transcriptional regulatory protein PhoP
IFBJBKOH_05700	gene	708	phoP_5			
IFBJBKOH_05701	CDS	1131	walK_3	2.7.13.3		Sensor protein kinase WalK
IFBJBKOH_05701	gene	1131	walK_3			
IFBJBKOH_05702	CDS	600				hypothetical protein
IFBJBKOH_05702	gene	600				
IFBJBKOH_05703	CDS	2115	yesO_5		COG1653	Putative ABC transporter substrate-binding protein YesO
IFBJBKOH_05703	gene	2115	yesO_5			
IFBJBKOH_05704	CDS	603				hypothetical protein
IFBJBKOH_05704	gene	603				
IFBJBKOH_05705	CDS	1992	smc_6			Chromosome partition protein Smc
IFBJBKOH_05705	gene	1992	smc_6			
IFBJBKOH_05706	CDS	1257				hypothetical protein
IFBJBKOH_05706	gene	1257				
IFBJBKOH_05707	CDS	888	ycjO_3		COG1175	Inner membrane ABC transporter permease protein YcjO
IFBJBKOH_05707	gene	888	ycjO_3			
IFBJBKOH_05708	CDS	840	araQ_21		COG0395	L-arabinose transport system permease protein AraQ
IFBJBKOH_05708	gene	840	araQ_21			
IFBJBKOH_05709	CDS	1104	sugC_3	3.6.3.-	COG3839	Trehalose import ATP-binding protein SugC
IFBJBKOH_05709	gene	1104	sugC_3			
IFBJBKOH_05710	CDS	426				hypothetical protein
IFBJBKOH_05710	gene	426				
IFBJBKOH_05711	CDS	540				hypothetical protein
IFBJBKOH_05711	gene	540				
IFBJBKOH_05712	CDS	1092				hypothetical protein
IFBJBKOH_05712	gene	1092				
IFBJBKOH_05713	CDS	483				hypothetical protein
IFBJBKOH_05713	gene	483				
IFBJBKOH_05714	CDS	768				hypothetical protein
IFBJBKOH_05714	gene	768				
IFBJBKOH_05715	CDS	486				hypothetical protein
IFBJBKOH_05715	gene	486				
IFBJBKOH_05716	CDS	1059				hypothetical protein
IFBJBKOH_05716	gene	1059				
IFBJBKOH_05717	CDS	1194				hypothetical protein
IFBJBKOH_05717	gene	1194				
IFBJBKOH_05718	CDS	657				hypothetical protein
IFBJBKOH_05718	gene	657				
IFBJBKOH_05719	CDS	171				hypothetical protein
IFBJBKOH_05719	gene	171				
IFBJBKOH_05720	CDS	369				hypothetical protein
IFBJBKOH_05720	gene	369				
IFBJBKOH_05721	CDS	267				hypothetical protein
IFBJBKOH_05721	gene	267				
IFBJBKOH_05722	CDS	696				hypothetical protein
IFBJBKOH_05722	gene	696				
IFBJBKOH_05723	CDS	513				hypothetical protein
IFBJBKOH_05723	gene	513				
IFBJBKOH_05724	CDS	435	pdhS	2.7.13.3		Cell-division control histidine kinase PdhS
IFBJBKOH_05724	gene	435	pdhS			
IFBJBKOH_05725	CDS	642	luxQ_1	2.7.13.3		Autoinducer 2 sensor kinase/phosphatase LuxQ
IFBJBKOH_05725	gene	642	luxQ_1			
IFBJBKOH_05726	CDS	681	msmE_8		COG1653	Multiple sugar-binding protein
IFBJBKOH_05726	gene	681	msmE_8			
IFBJBKOH_05727	CDS	354				hypothetical protein
IFBJBKOH_05727	gene	354				
IFBJBKOH_05728	CDS	1776				hypothetical protein
IFBJBKOH_05728	gene	1776				
IFBJBKOH_05729	CDS	1062				hypothetical protein
IFBJBKOH_05729	gene	1062				
IFBJBKOH_05730	CDS	1644	rcsC_3	2.7.13.3		Sensor histidine kinase RcsC
IFBJBKOH_05730	gene	1644	rcsC_3			
IFBJBKOH_05731	CDS	756				hypothetical protein
IFBJBKOH_05731	gene	756				
IFBJBKOH_05732	CDS	981				hypothetical protein
IFBJBKOH_05732	gene	981				
IFBJBKOH_05733	CDS	819	xerD_28			Tyrosine recombinase XerD
IFBJBKOH_05733	gene	819	xerD_28			
IFBJBKOH_05734	CDS	1254				hypothetical protein
IFBJBKOH_05734	gene	1254				
IFBJBKOH_05735	CDS	147				hypothetical protein
IFBJBKOH_05735	gene	147				
IFBJBKOH_05736	CDS	438				hypothetical protein
IFBJBKOH_05736	gene	438				
IFBJBKOH_05737	CDS	615	cmk_6	2.7.4.25		Cytidylate kinase
IFBJBKOH_05737	gene	615	cmk_6			
IFBJBKOH_05738	CDS	1329	mepA_19			Multidrug export protein MepA
IFBJBKOH_05738	gene	1329	mepA_19			
IFBJBKOH_05739	CDS	387				hypothetical protein
IFBJBKOH_05739	gene	387				
IFBJBKOH_05740	CDS	1347	mepA_20			Multidrug export protein MepA
IFBJBKOH_05740	gene	1347	mepA_20			
IFBJBKOH_05741	CDS	633	cmk_7	2.7.4.25		Cytidylate kinase
IFBJBKOH_05741	gene	633	cmk_7			
IFBJBKOH_05742	CDS	1323				hypothetical protein
IFBJBKOH_05742	gene	1323				
IFBJBKOH_05743	CDS	894	trxB_6	1.8.1.9		Thioredoxin reductase
IFBJBKOH_05743	gene	894	trxB_6			
IFBJBKOH_05744	CDS	393				hypothetical protein
IFBJBKOH_05744	gene	393				
IFBJBKOH_05745	CDS	342				hypothetical protein
IFBJBKOH_05745	gene	342				
IFBJBKOH_05746	CDS	690				hypothetical protein
IFBJBKOH_05746	gene	690				
IFBJBKOH_05747	CDS	603	ycdF_2	1.1.1.47	COG1028	Glucose 1-dehydrogenase 2
IFBJBKOH_05747	gene	603	ycdF_2			
IFBJBKOH_05748	CDS	411				hypothetical protein
IFBJBKOH_05748	gene	411				
IFBJBKOH_05749	CDS	693	rspR_10		COG1802	HTH-type transcriptional repressor RspR
IFBJBKOH_05749	gene	693	rspR_10			
IFBJBKOH_05750	CDS	351			COG0662	Oxalate-binding protein
IFBJBKOH_05750	gene	351				
IFBJBKOH_05751	CDS	1080	siaP_4		COG1638	Sialic acid-binding periplasmic protein SiaP
IFBJBKOH_05751	gene	1080	siaP_4			
IFBJBKOH_05752	CDS	492	teaB_2		COG3090	Ectoine TRAP transporter small permease protein TeaB
IFBJBKOH_05752	gene	492	teaB_2			
IFBJBKOH_05753	CDS	1266	siaT_3		COG1593	Sialic acid TRAP transporter permease protein SiaT
IFBJBKOH_05753	gene	1266	siaT_3			
IFBJBKOH_05754	CDS	597				hypothetical protein
IFBJBKOH_05754	gene	597				
IFBJBKOH_05755	CDS	516				hypothetical protein
IFBJBKOH_05755	gene	516				
IFBJBKOH_05756	CDS	405	yxdL		COG1136	ABC transporter ATP-binding protein YxdL
IFBJBKOH_05756	gene	405	yxdL			
IFBJBKOH_05757	CDS	708	srrB_2	2.7.13.3		Sensor protein SrrB
IFBJBKOH_05757	gene	708	srrB_2			
IFBJBKOH_05758	CDS	945	regX3_2		COG0745	Sensory transduction protein regX3
IFBJBKOH_05758	gene	945	regX3_2			
IFBJBKOH_05759	CDS	189				hypothetical protein
IFBJBKOH_05759	gene	189				
IFBJBKOH_05760	CDS	438				hypothetical protein
IFBJBKOH_05760	gene	438				
IFBJBKOH_05761	CDS	1035				hypothetical protein
IFBJBKOH_05761	gene	1035				
IFBJBKOH_05762	CDS	192				hypothetical protein
IFBJBKOH_05762	gene	192				
IFBJBKOH_05763	CDS	390	hxlR_1		COG1733	HTH-type transcriptional activator HxlR
IFBJBKOH_05763	gene	390	hxlR_1			
IFBJBKOH_05764	CDS	123				hypothetical protein
IFBJBKOH_05764	gene	123				
IFBJBKOH_05765	CDS	396				hypothetical protein
IFBJBKOH_05765	gene	396				
IFBJBKOH_05766	CDS	381	spo0A_9			Stage 0 sporulation protein A
IFBJBKOH_05766	gene	381	spo0A_9			
IFBJBKOH_05767	CDS	300				hypothetical protein
IFBJBKOH_05767	gene	300				
IFBJBKOH_05768	CDS	447				hypothetical protein
IFBJBKOH_05768	gene	447				
IFBJBKOH_05769	CDS	930	cynR_17			HTH-type transcriptional regulator CynR
IFBJBKOH_05769	gene	930	cynR_17			
IFBJBKOH_05770	CDS	495				hypothetical protein
IFBJBKOH_05770	gene	495				
IFBJBKOH_05771	CDS	537	dctM_15		COG1593	C4-dicarboxylate TRAP transporter large permease protein DctM
IFBJBKOH_05771	gene	537	dctM_15			
IFBJBKOH_05772	CDS	1113			COG1638	Solute-binding protein
IFBJBKOH_05772	gene	1113				
IFBJBKOH_05773	CDS	1134		3.1.1.-	COG3964	Deacetylase
IFBJBKOH_05773	gene	1134				
IFBJBKOH_05774	CDS	210				hypothetical protein
IFBJBKOH_05774	gene	210				
IFBJBKOH_05775	CDS	825		2.1.1.-		Putative TrmH family tRNA/rRNA methyltransferase
IFBJBKOH_05775	gene	825				
IFBJBKOH_05776	CDS	480				hypothetical protein
IFBJBKOH_05776	gene	480				
IFBJBKOH_05777	CDS	1116		1.-.-.-	COG0656	putative oxidoreductase/MSMEI_2347
IFBJBKOH_05777	gene	1116				
IFBJBKOH_05778	CDS	843			COG1307	Fatty acid-binding protein
IFBJBKOH_05778	gene	843				
IFBJBKOH_05779	CDS	1146			COG0614	putative protein
IFBJBKOH_05779	gene	1146				
IFBJBKOH_05780	CDS	1014			COG0609	putative ABC transporter permease protein
IFBJBKOH_05780	gene	1014				
IFBJBKOH_05781	CDS	783	fecE_2		COG1120	Fe(3+) dicitrate transport ATP-binding protein FecE
IFBJBKOH_05781	gene	783	fecE_2			
IFBJBKOH_05782	CDS	1611				hypothetical protein
IFBJBKOH_05782	gene	1611				
IFBJBKOH_05783	CDS	414	rhaS_8			HTH-type transcriptional activator RhaS
IFBJBKOH_05783	gene	414	rhaS_8			
IFBJBKOH_05784	CDS	249				hypothetical protein
IFBJBKOH_05784	gene	249				
IFBJBKOH_05785	CDS	1035	xylA_2	5.3.1.5		Xylose isomerase
IFBJBKOH_05785	gene	1035	xylA_2			
IFBJBKOH_05786	CDS	957	kdgK_1	2.7.1.45		2-dehydro-3-deoxygluconokinase
IFBJBKOH_05786	gene	957	kdgK_1			
IFBJBKOH_05787	CDS	411	iolE_2	4.2.1.44		Inosose dehydratase
IFBJBKOH_05787	gene	411	iolE_2			
IFBJBKOH_05788	CDS	840	fba_3	4.1.2.13		Fructose-bisphosphate aldolase
IFBJBKOH_05788	gene	840	fba_3			
IFBJBKOH_05789	CDS	213				hypothetical protein
IFBJBKOH_05789	gene	213				
IFBJBKOH_05790	CDS	1386	petC	1.10.9.1		Cytochrome b6-f complex iron-sulfur subunit
IFBJBKOH_05790	gene	1386	petC			
IFBJBKOH_05791	CDS	1155	ynjE_2	2.8.1.1	COG2897	Thiosulfate sulfurtransferase YnjE
IFBJBKOH_05791	gene	1155	ynjE_2			
IFBJBKOH_05792	CDS	438				hypothetical protein
IFBJBKOH_05792	gene	438				
IFBJBKOH_05793	CDS	750				hypothetical protein
IFBJBKOH_05793	gene	750				
IFBJBKOH_05794	CDS	984				hypothetical protein
IFBJBKOH_05794	gene	984				
IFBJBKOH_05795	CDS	1332	cofC	2.7.7.68		2-phospho-L-lactate guanylyltransferase
IFBJBKOH_05795	gene	1332	cofC			
IFBJBKOH_05796	CDS	1002				hypothetical protein
IFBJBKOH_05796	gene	1002				
IFBJBKOH_05797	CDS	711	ydjZ		COG0398	TVP38/TMEM64 family inner membrane protein YdjZ
IFBJBKOH_05797	gene	711	ydjZ			
IFBJBKOH_05798	CDS	930	glpE	2.8.1.1		Thiosulfate sulfurtransferase GlpE
IFBJBKOH_05798	gene	930	glpE			
IFBJBKOH_05799	CDS	1269	ynjB		COG4134	Protein YnjB
IFBJBKOH_05799	gene	1269	ynjB			
IFBJBKOH_05800	CDS	867	potH_3		COG1176	Putrescine transport system permease protein PotH
IFBJBKOH_05800	gene	867	potH_3			
IFBJBKOH_05801	CDS	831	sugB_4		COG0395	Trehalose transport system permease protein SugB
IFBJBKOH_05801	gene	831	sugB_4			
IFBJBKOH_05802	CDS	1041	cysA_4	3.6.3.25	COG1118	Sulfate/thiosulfate import ATP-binding protein CysA
IFBJBKOH_05802	gene	1041	cysA_4			
IFBJBKOH_05803	CDS	930	rihA_2	3.2.-.-	COG1957	Pyrimidine-specific ribonucleoside hydrolase RihA
IFBJBKOH_05803	gene	930	rihA_2			
IFBJBKOH_05804	CDS	627			COG0425	Putative sulfur carrier protein
IFBJBKOH_05804	gene	627				
IFBJBKOH_05805	CDS	1050	exuR_3		COG1609	putative HTH-type transcriptional repressor ExuR
IFBJBKOH_05805	gene	1050	exuR_3			
IFBJBKOH_05806	CDS	603				hypothetical protein
IFBJBKOH_05806	gene	603				
IFBJBKOH_05807	CDS	741				hypothetical protein
IFBJBKOH_05807	gene	741				
IFBJBKOH_05808	CDS	1278	yihN			Inner membrane protein YihN
IFBJBKOH_05808	gene	1278	yihN			
IFBJBKOH_05809	CDS	819	srlR_4		COG1349	Glucitol operon repressor
IFBJBKOH_05809	gene	819	srlR_4			
IFBJBKOH_05810	CDS	1311				hypothetical protein
IFBJBKOH_05810	gene	1311				
IFBJBKOH_05811	CDS	1347	alsT_3		COG1115	Amino-acid carrier protein AlsT
IFBJBKOH_05811	gene	1347	alsT_3			
IFBJBKOH_05812	CDS	1326	dsdA	4.3.1.18	COG3048	D-serine dehydratase
IFBJBKOH_05812	gene	1326	dsdA			
IFBJBKOH_05813	CDS	405				hypothetical protein
IFBJBKOH_05813	gene	405				
IFBJBKOH_05814	CDS	1044	melR_7			Melibiose operon regulatory protein
IFBJBKOH_05814	gene	1044	melR_7			
IFBJBKOH_05815	CDS	477				hypothetical protein
IFBJBKOH_05815	gene	477				
IFBJBKOH_05816	CDS	1152	lpxG	3.6.1.-	COG1408	UDP-2,3-diacylglucosamine pyrophosphatase LpxG
IFBJBKOH_05816	gene	1152	lpxG			
IFBJBKOH_05817	CDS	249				hypothetical protein
IFBJBKOH_05817	gene	249				
IFBJBKOH_05818	CDS	783	nfrA	1.6.-.-	COG0778	NADPH-dependent oxidoreductase
IFBJBKOH_05818	gene	783	nfrA			
IFBJBKOH_05819	CDS	1149	hadC	4.2.1.157	COG1775	(R)-2-hydroxyisocaproyl-CoA dehydratase beta subunit
IFBJBKOH_05819	gene	1149	hadC			
IFBJBKOH_05820	CDS	774	hadI	3.-.-.-	COG1924	2-hydroxyisocaproyl-CoA dehydratase activator
IFBJBKOH_05820	gene	774	hadI			
IFBJBKOH_05821	CDS	1146	glgD		COG0448	Glycogen biosynthesis protein GlgD
IFBJBKOH_05821	gene	1146	glgD			
IFBJBKOH_05822	CDS	1209	glgC_3	2.7.7.27	COG0448	Glucose-1-phosphate adenylyltransferase
IFBJBKOH_05822	gene	1209	glgC_3			
IFBJBKOH_05823	CDS	1341	xanQ		COG2233	Xanthine permease XanQ
IFBJBKOH_05823	gene	1341	xanQ			
IFBJBKOH_05824	CDS	501	cdhC_2	1.17.5.2		Caffeine dehydrogenase subunit gamma
IFBJBKOH_05824	gene	501	cdhC_2			
IFBJBKOH_05825	CDS	891	cutM	1.2.5.3		Carbon monoxide dehydrogenase medium chain
IFBJBKOH_05825	gene	891	cutM			
IFBJBKOH_05826	CDS	2427	xdhA_5	1.17.1.4	COG1529	Putative xanthine dehydrogenase molybdenum-binding subunit XdhA
IFBJBKOH_05826	gene	2427	xdhA_5			
IFBJBKOH_05827	CDS	294	sasA	2.7.-.-		Adaptive-response sensory-kinase SasA
IFBJBKOH_05827	gene	294	sasA			
IFBJBKOH_05828	CDS	192				hypothetical protein
IFBJBKOH_05828	gene	192				
IFBJBKOH_05829	CDS	1518				hypothetical protein
IFBJBKOH_05829	gene	1518				
IFBJBKOH_05830	CDS	483	nuoE	1.6.5.11	COG1905	NADH-quinone oxidoreductase subunit E
IFBJBKOH_05830	gene	483	nuoE			
IFBJBKOH_05831	CDS	594				hypothetical protein
IFBJBKOH_05831	gene	594				
IFBJBKOH_05832	CDS	276				hypothetical protein
IFBJBKOH_05832	gene	276				
IFBJBKOH_05833	CDS	129				hypothetical protein
IFBJBKOH_05833	gene	129				
IFBJBKOH_05834	CDS	1209	gltT			Proton/sodium-glutamate symport protein
IFBJBKOH_05834	gene	1209	gltT			
IFBJBKOH_05835	CDS	1308	dctM_16		COG1593	C4-dicarboxylate TRAP transporter large permease protein DctM
IFBJBKOH_05835	gene	1308	dctM_16			
IFBJBKOH_05836	CDS	504	siaQ_5		COG3090	Sialic acid TRAP transporter small permease protein SiaQ
IFBJBKOH_05836	gene	504	siaQ_5			
IFBJBKOH_05837	CDS	1026			COG1638	Solute-binding protein
IFBJBKOH_05837	gene	1026				
IFBJBKOH_05838	CDS	1491	bzaF	4.1.99.-	COG0422	5-hydroxybenzimidazole synthase
IFBJBKOH_05838	gene	1491	bzaF			
IFBJBKOH_05839	CDS	1983	hppA1	3.6.1.1	COG3808	Putative K(+)-stimulated pyrophosphate-energized sodium pump
IFBJBKOH_05839	gene	1983	hppA1			
IFBJBKOH_05840	CDS	2367				hypothetical protein
IFBJBKOH_05840	gene	2367				
IFBJBKOH_05841	CDS	1284			COG4753	putative response regulatory protein
IFBJBKOH_05841	gene	1284				
IFBJBKOH_05842	CDS	1854	ypdA_8	2.7.13.3	COG3275	Sensor histidine kinase YpdA
IFBJBKOH_05842	gene	1854	ypdA_8			
IFBJBKOH_05843	CDS	1362				hypothetical protein
IFBJBKOH_05843	gene	1362				
IFBJBKOH_05844	CDS	1074	lacF_10			Lactose transport system permease protein LacF
IFBJBKOH_05844	gene	1074	lacF_10			
IFBJBKOH_05845	CDS	837	araQ_22		COG0395	L-arabinose transport system permease protein AraQ
IFBJBKOH_05845	gene	837	araQ_22			
IFBJBKOH_05846	CDS	1188	ugl_3	3.2.1.180		Unsaturated chondroitin disaccharide hydrolase
IFBJBKOH_05846	gene	1188	ugl_3			
IFBJBKOH_05847	CDS	2133	hepC_2	4.2.2.8		Heparin-sulfate lyase
IFBJBKOH_05847	gene	2133	hepC_2			
IFBJBKOH_05848	CDS	1803	uidA_3	3.2.1.31	COG3250	Beta-glucuronidase
IFBJBKOH_05848	gene	1803	uidA_3			
IFBJBKOH_05849	CDS	732				hypothetical protein
IFBJBKOH_05849	gene	732				
IFBJBKOH_05850	CDS	357				hypothetical protein
IFBJBKOH_05850	gene	357				
IFBJBKOH_05851	CDS	336				hypothetical protein
IFBJBKOH_05851	gene	336				
IFBJBKOH_05852	CDS	969	chbR			HTH-type transcriptional regulator ChbR
IFBJBKOH_05852	gene	969	chbR			
IFBJBKOH_05853	CDS	1425	rhaB_4	2.7.1.5		Rhamnulokinase
IFBJBKOH_05853	gene	1425	rhaB_4			
IFBJBKOH_05854	CDS	369	rhaM	5.1.3.32		L-rhamnose mutarotase
IFBJBKOH_05854	gene	369	rhaM			
IFBJBKOH_05855	CDS	1251	rhaA	5.3.1.14	COG4806	L-rhamnose isomerase
IFBJBKOH_05855	gene	1251	rhaA			
IFBJBKOH_05856	CDS	828	rhaD	4.1.2.19	COG0235	Rhamnulose-1-phosphate aldolase
IFBJBKOH_05856	gene	828	rhaD			
IFBJBKOH_05857	CDS	951	btr_3		COG0614	HTH-type transcriptional activator Btr
IFBJBKOH_05857	gene	951	btr_3			
IFBJBKOH_05858	CDS	1023			COG1638	Solute-binding protein
IFBJBKOH_05858	gene	1023				
IFBJBKOH_05859	CDS	471	yiaM_5		COG3090	2,3-diketo-L-gulonate TRAP transporter small permease protein YiaM
IFBJBKOH_05859	gene	471	yiaM_5			
IFBJBKOH_05860	CDS	1308	dctM_17		COG1593	C4-dicarboxylate TRAP transporter large permease protein DctM
IFBJBKOH_05860	gene	1308	dctM_17			
IFBJBKOH_05861	CDS	1125	yesR_1	3.2.1.172	COG4225	Unsaturated rhamnogalacturonyl hydrolase YesR
IFBJBKOH_05861	gene	1125	yesR_1			
IFBJBKOH_05862	CDS	1158	iadA	3.4.19.-		Isoaspartyl dipeptidase
IFBJBKOH_05862	gene	1158	iadA			
IFBJBKOH_05863	CDS	825				hypothetical protein
IFBJBKOH_05863	gene	825				
IFBJBKOH_05864	CDS	579	yfiR			putative HTH-type transcriptional regulator YfiR
IFBJBKOH_05864	gene	579	yfiR			
IFBJBKOH_05865	CDS	360				hypothetical protein
IFBJBKOH_05865	gene	360				
IFBJBKOH_05866	CDS	447	slyA_7			Transcriptional regulator SlyA
IFBJBKOH_05866	gene	447	slyA_7			
IFBJBKOH_05867	CDS	1356	mepA_21		COG0534	Multidrug export protein MepA
IFBJBKOH_05867	gene	1356	mepA_21			
IFBJBKOH_05868	CDS	1170	yaaH_2		COG3858	Spore germination protein YaaH
IFBJBKOH_05868	gene	1170	yaaH_2			
IFBJBKOH_05869	CDS	183				hypothetical protein
IFBJBKOH_05869	gene	183				
IFBJBKOH_05870	CDS	1458				hypothetical protein
IFBJBKOH_05870	gene	1458				
IFBJBKOH_05871	CDS	1635				hypothetical protein
IFBJBKOH_05871	gene	1635				
IFBJBKOH_05872	CDS	369	ddh_1	1.4.1.16		Meso-diaminopimelate D-dehydrogenase
IFBJBKOH_05872	gene	369	ddh_1			
IFBJBKOH_05873	CDS	609	ddh_2	1.4.1.16		Meso-diaminopimelate D-dehydrogenase
IFBJBKOH_05873	gene	609	ddh_2			
IFBJBKOH_05874	CDS	945			COG0053	putative cation efflux system protein
IFBJBKOH_05874	gene	945				
IFBJBKOH_05875	CDS	2013	dmsA	1.8.5.3	COG0243	Dimethyl sulfoxide reductase DmsA
IFBJBKOH_05875	gene	2013	dmsA			
IFBJBKOH_05876	CDS	2817	tetO			Tetracycline resistance protein TetO
IFBJBKOH_05876	gene	2817	tetO			
IFBJBKOH_05877	CDS	207				hypothetical protein
IFBJBKOH_05877	gene	207				
IFBJBKOH_05878	CDS	462				hypothetical protein
IFBJBKOH_05878	gene	462				
IFBJBKOH_05879	CDS	984				hypothetical protein
IFBJBKOH_05879	gene	984				
IFBJBKOH_05880	CDS	453				hypothetical protein
IFBJBKOH_05880	gene	453				
IFBJBKOH_05881	CDS	369	dgcC	2.7.7.65		putative diguanylate cyclase DgcC
IFBJBKOH_05881	gene	369	dgcC			
IFBJBKOH_05882	CDS	258				hypothetical protein
IFBJBKOH_05882	gene	258				
IFBJBKOH_05883	CDS	1947				hypothetical protein
IFBJBKOH_05883	gene	1947				
IFBJBKOH_05884	CDS	420				hypothetical protein
IFBJBKOH_05884	gene	420				
IFBJBKOH_05885	CDS	1299				hypothetical protein
IFBJBKOH_05885	gene	1299				
IFBJBKOH_05886	CDS	306				hypothetical protein
IFBJBKOH_05886	gene	306				
IFBJBKOH_05887	CDS	720	ygaZ_2		COG1296	Inner membrane protein YgaZ
IFBJBKOH_05887	gene	720	ygaZ_2			
IFBJBKOH_05888	CDS	330			COG1132	putative ABC transporter ATP-binding protein
IFBJBKOH_05888	gene	330				
IFBJBKOH_05889	CDS	279			COG1132	putative ABC transporter ATP-binding protein
IFBJBKOH_05889	gene	279				
IFBJBKOH_05890	CDS	1668	dppE_2		COG4166	Dipeptide-binding protein DppE
IFBJBKOH_05890	gene	1668	dppE_2			
IFBJBKOH_05891	CDS	300				hypothetical protein
IFBJBKOH_05891	gene	300				
IFBJBKOH_05892	CDS	1410	gerBA			Spore germination protein B1
IFBJBKOH_05892	gene	1410	gerBA			
IFBJBKOH_05893	CDS	393	dfx_2	1.15.1.2	COG2033	Desulfoferrodoxin
IFBJBKOH_05893	gene	393	dfx_2			
IFBJBKOH_05894	CDS	435	cymR_2			HTH-type transcriptional regulator CymR
IFBJBKOH_05894	gene	435	cymR_2			
IFBJBKOH_05895	CDS	900				hypothetical protein
IFBJBKOH_05895	gene	900				
IFBJBKOH_05896	CDS	741	tcdA	6.1.-.-	COG1179	tRNA threonylcarbamoyladenosine dehydratase
IFBJBKOH_05896	gene	741	tcdA			
IFBJBKOH_05897	CDS	1980	nadE	6.3.5.1	COG0171	Glutamine-dependent NAD(+) synthetase
IFBJBKOH_05897	gene	1980	nadE			
IFBJBKOH_05898	CDS	798	trmH	2.1.1.34	COG0566	tRNA (guanosine(18)-2'-O)-methyltransferase
IFBJBKOH_05898	gene	798	trmH			
IFBJBKOH_05899	CDS	243				hypothetical protein
IFBJBKOH_05899	gene	243				
IFBJBKOH_05900	CDS	1233				hypothetical protein
IFBJBKOH_05900	gene	1233				
IFBJBKOH_05901	CDS	1863				hypothetical protein
IFBJBKOH_05901	gene	1863				
IFBJBKOH_05902	CDS	993	argF	2.1.3.3	COG0078	Ornithine carbamoyltransferase
IFBJBKOH_05902	gene	993	argF			
IFBJBKOH_05903	CDS	303				hypothetical protein
IFBJBKOH_05903	gene	303				
IFBJBKOH_05904	CDS	981	birA	6.3.4.15	COG0340	Bifunctional ligase/repressor BirA
IFBJBKOH_05904	gene	981	birA			
IFBJBKOH_05905	CDS	1119	mutY	3.2.2.-		Adenine DNA glycosylase
IFBJBKOH_05905	gene	1119	mutY			
IFBJBKOH_05906	CDS	927	dagK	2.7.1.107	COG1597	Diacylglycerol kinase
IFBJBKOH_05906	gene	927	dagK			
IFBJBKOH_05907	CDS	1146	sigA_3		COG0568	RNA polymerase sigma factor SigA
IFBJBKOH_05907	gene	1146	sigA_3			
IFBJBKOH_05908	CDS	627	queH	1.17.99.6	COG1636	Epoxyqueuosine reductase QueH
IFBJBKOH_05908	gene	627	queH			
IFBJBKOH_05909	CDS	267	ptsH_1		COG1925	Phosphocarrier protein HPr
IFBJBKOH_05909	gene	267	ptsH_1			
IFBJBKOH_05910	CDS	417				hypothetical protein
IFBJBKOH_05910	gene	417				
IFBJBKOH_05911	CDS	4542	gltB_2	1.4.7.1		Ferredoxin-dependent glutamate synthase 1
IFBJBKOH_05911	gene	4542	gltB_2			
IFBJBKOH_05912	CDS	1488	gltB_3	1.4.1.13	COG0493	Glutamate synthase [NADPH] small chain
IFBJBKOH_05912	gene	1488	gltB_3			
IFBJBKOH_05913	CDS	492				hypothetical protein
IFBJBKOH_05913	gene	492				
IFBJBKOH_05914	CDS	1224	sigA_4		COG0568	RNA polymerase sigma factor SigA
IFBJBKOH_05914	gene	1224	sigA_4			
IFBJBKOH_05915	CDS	1410	tcyP		COG1823	L-cystine uptake protein TcyP
IFBJBKOH_05915	gene	1410	tcyP			
IFBJBKOH_05916	CDS	477	noxE	1.6.99.3	COG0446	NADH oxidase
IFBJBKOH_05916	gene	477	noxE			
IFBJBKOH_05917	CDS	807	cdr_2	1.8.1.14	COG0446	Coenzyme A disulfide reductase
IFBJBKOH_05917	gene	807	cdr_2			
IFBJBKOH_05918	CDS	1458				hypothetical protein
IFBJBKOH_05918	gene	1458				
IFBJBKOH_05919	CDS	138	cdr_3	1.8.1.14		Coenzyme A disulfide reductase
IFBJBKOH_05919	gene	138	cdr_3			
IFBJBKOH_05920	CDS	1185	patB_6	4.4.1.8	COG1168	Cystathionine beta-lyase PatB
IFBJBKOH_05920	gene	1185	patB_6			
IFBJBKOH_05921	CDS	297				hypothetical protein
IFBJBKOH_05921	gene	297				
IFBJBKOH_05922	CDS	633				hypothetical protein
IFBJBKOH_05922	gene	633				
IFBJBKOH_05923	CDS	975				hypothetical protein
IFBJBKOH_05923	gene	975				
IFBJBKOH_05924	CDS	351				hypothetical protein
IFBJBKOH_05924	gene	351				
IFBJBKOH_05925	CDS	411				hypothetical protein
IFBJBKOH_05925	gene	411				
IFBJBKOH_05926	CDS	477				hypothetical protein
IFBJBKOH_05926	gene	477				
IFBJBKOH_05927	CDS	2025	htpG_2		COG0326	Chaperone protein HtpG
IFBJBKOH_05927	gene	2025	htpG_2			
IFBJBKOH_05928	CDS	1353				hypothetical protein
IFBJBKOH_05928	gene	1353				
IFBJBKOH_05929	CDS	861				DegV domain-containing protein
IFBJBKOH_05929	gene	861				
IFBJBKOH_05930	CDS	1284	capA			Capsule biosynthesis protein CapA
IFBJBKOH_05930	gene	1284	capA			
IFBJBKOH_05931	CDS	1002				hypothetical protein
IFBJBKOH_05931	gene	1002				
IFBJBKOH_05932	CDS	1293	galK	2.7.1.6	COG0153	Galactokinase
IFBJBKOH_05932	gene	1293	galK			
IFBJBKOH_05933	CDS	747	cobB_3	3.5.1.-	COG0846	NAD-dependent protein deacetylase
IFBJBKOH_05933	gene	747	cobB_3			
IFBJBKOH_05934	CDS	1458	pncB2	6.3.4.21		Nicotinate phosphoribosyltransferase pncB2
IFBJBKOH_05934	gene	1458	pncB2			
IFBJBKOH_05935	CDS	102				hypothetical protein
IFBJBKOH_05935	gene	102				
IFBJBKOH_05936	CDS	3135	ileS	6.1.1.5	COG0060	Isoleucine--tRNA ligase
IFBJBKOH_05936	gene	3135	ileS			
IFBJBKOH_05937	CDS	2454	glgP	2.4.1.1	COG0058	Glycogen phosphorylase
IFBJBKOH_05937	gene	2454	glgP			
IFBJBKOH_05938	CDS	888	metF_2	1.5.1.20	COG0685	5,10-methylenetetrahydrofolate reductase
IFBJBKOH_05938	gene	888	metF_2			
IFBJBKOH_05939	CDS	651				hypothetical protein
IFBJBKOH_05939	gene	651				
IFBJBKOH_05940	CDS	1035	ltaE_2	4.1.2.48		Low specificity L-threonine aldolase
IFBJBKOH_05940	gene	1035	ltaE_2			
IFBJBKOH_05941	CDS	2454	metH	2.1.1.13	COG0646	Methionine synthase
IFBJBKOH_05941	gene	2454	metH			
IFBJBKOH_05942	CDS	216				hypothetical protein
IFBJBKOH_05942	gene	216				
IFBJBKOH_05943	CDS	819				hypothetical protein
IFBJBKOH_05943	gene	819				
IFBJBKOH_05944	CDS	891			COG1307	Fatty acid-binding protein
IFBJBKOH_05944	gene	891				
IFBJBKOH_05945	CDS	678	gph_2	3.1.3.18	COG0546	Phosphoglycolate phosphatase
IFBJBKOH_05945	gene	678	gph_2			
IFBJBKOH_05946	CDS	1077	znuA		COG0803	High-affinity zinc uptake system binding-protein ZnuA
IFBJBKOH_05946	gene	1077	znuA			
IFBJBKOH_05947	CDS	777	znuC	3.6.3.-	COG1121	High-affinity zinc uptake system ATP-binding protein ZnuC
IFBJBKOH_05947	gene	777	znuC			
IFBJBKOH_05948	CDS	822	znuB		COG1108	High-affinity zinc uptake system membrane protein ZnuB
IFBJBKOH_05948	gene	822	znuB			
IFBJBKOH_05949	CDS	1374	ktrB_3		COG0168	Ktr system potassium uptake protein B
IFBJBKOH_05949	gene	1374	ktrB_3			
IFBJBKOH_05950	CDS	666	ktrA_2		COG0569	Ktr system potassium uptake protein A
IFBJBKOH_05950	gene	666	ktrA_2			
IFBJBKOH_05951	CDS	312				hypothetical protein
IFBJBKOH_05951	gene	312				
IFBJBKOH_05952	CDS	1041	ord	1.4.1.26		2,4-diaminopentanoate dehydrogenase
IFBJBKOH_05952	gene	1041	ord			
IFBJBKOH_05953	CDS	1149	yeiR	3.6.-.-	COG0523	Zinc-binding GTPase YeiR
IFBJBKOH_05953	gene	1149	yeiR			
IFBJBKOH_05954	CDS	957				hypothetical protein
IFBJBKOH_05954	gene	957				
IFBJBKOH_05955	CDS	999	purR_6		COG1609	HTH-type transcriptional repressor PurR
IFBJBKOH_05955	gene	999	purR_6			
IFBJBKOH_05956	CDS	1008	dlgD_3	1.1.1.130	COG2055	2,3-diketo-L-gulonate reductase
IFBJBKOH_05956	gene	1008	dlgD_3			
IFBJBKOH_05957	CDS	1344				hypothetical protein
IFBJBKOH_05957	gene	1344				
IFBJBKOH_05958	CDS	2130	apc3	6.4.1.8	COG0145	Acetophenone carboxylase gamma subunit
IFBJBKOH_05958	gene	2130	apc3			
IFBJBKOH_05959	CDS	339				hypothetical protein
IFBJBKOH_05959	gene	339				
IFBJBKOH_05960	CDS	417				hypothetical protein
IFBJBKOH_05960	gene	417				
IFBJBKOH_05961	CDS	456	tabA_6		COG2731	Toxin-antitoxin biofilm protein TabA
IFBJBKOH_05961	gene	456	tabA_6			
IFBJBKOH_05962	CDS	867			COG1752	putative NTE family protein
IFBJBKOH_05962	gene	867				
IFBJBKOH_05963	CDS	1710	cshA	3.6.4.13	COG0513	ATP-dependent RNA helicase CshA
IFBJBKOH_05963	gene	1710	cshA			
IFBJBKOH_05964	CDS	780	yvaM	3.-.-.-		AB hydrolase superfamily protein YvaM
IFBJBKOH_05964	gene	780	yvaM			
IFBJBKOH_05965	CDS	1095				hypothetical protein
IFBJBKOH_05965	gene	1095				
IFBJBKOH_05966	CDS	468	ybaK	4.2.-.-	COG2606	Cys-tRNA(Pro)/Cys-tRNA(Cys) deacylase YbaK
IFBJBKOH_05966	gene	468	ybaK			
IFBJBKOH_05967	CDS	417	cdd	3.5.4.5	COG0295	Cytidine deaminase
IFBJBKOH_05967	gene	417	cdd			
IFBJBKOH_05968	CDS	1344	pdp	2.4.2.2		Pyrimidine-nucleoside phosphorylase
IFBJBKOH_05968	gene	1344	pdp			
IFBJBKOH_05969	CDS	2274	lytB_6		COG2247	Amidase enhancer
IFBJBKOH_05969	gene	2274	lytB_6			
IFBJBKOH_05970	CDS	729	yocH		COG1388	Cell wall-binding protein YocH
IFBJBKOH_05970	gene	729	yocH			
IFBJBKOH_05971	CDS	579				hypothetical protein
IFBJBKOH_05971	gene	579				
IFBJBKOH_05972	CDS	1053	hrcA		COG1420	Heat-inducible transcription repressor HrcA
IFBJBKOH_05972	gene	1053	hrcA			
IFBJBKOH_05973	CDS	675	grpE		COG0576	Protein GrpE
IFBJBKOH_05973	gene	675	grpE			
IFBJBKOH_05974	CDS	1863	dnaK		COG0443	Chaperone protein DnaK
IFBJBKOH_05974	gene	1863	dnaK			
IFBJBKOH_05975	CDS	1152	dnaJ_4		COG0484	Chaperone protein DnaJ
IFBJBKOH_05975	gene	1152	dnaJ_4			
IFBJBKOH_05976	CDS	1458				hypothetical protein
IFBJBKOH_05976	gene	1458				
IFBJBKOH_05977	CDS	885	rmlD_3	1.1.1.133	COG1091	dTDP-4-dehydrorhamnose reductase
IFBJBKOH_05977	gene	885	rmlD_3			
IFBJBKOH_05978	CDS	591				hypothetical protein
IFBJBKOH_05978	gene	591				
IFBJBKOH_05979	CDS	612	bioY		COG1268	Biotin transporter BioY
IFBJBKOH_05979	gene	612	bioY			
IFBJBKOH_05980	CDS	948	nth_3	4.2.99.18		Endonuclease III
IFBJBKOH_05980	gene	948	nth_3			
IFBJBKOH_05981	CDS	1020	pheS	6.1.1.20	COG0016	Phenylalanine--tRNA ligase alpha subunit
IFBJBKOH_05981	gene	1020	pheS			
IFBJBKOH_05982	CDS	2433	pheT	6.1.1.20	COG0072	Phenylalanine--tRNA ligase beta subunit
IFBJBKOH_05982	gene	2433	pheT			
IFBJBKOH_05983	CDS	255				hypothetical protein
IFBJBKOH_05983	gene	255				
IFBJBKOH_05984	tRNA	85				tRNA-Leu(cag)
IFBJBKOH_05984	gene	85				
IFBJBKOH_05985	CDS	738	lptB_3	3.6.3.-	COG1137	Lipopolysaccharide export system ATP-binding protein LptB
IFBJBKOH_05985	gene	738	lptB_3			
IFBJBKOH_05986	CDS	921	sufB		COG0719	FeS cluster assembly protein SufB
IFBJBKOH_05986	gene	921	sufB			
IFBJBKOH_05987	CDS	894	mleN_3		COG1757	Malate-2H(+)/Na(+)-lactate antiporter
IFBJBKOH_05987	gene	894	mleN_3			
IFBJBKOH_05988	CDS	1329				hypothetical protein
IFBJBKOH_05988	gene	1329				
IFBJBKOH_05989	CDS	1758	aprX_2	3.4.21.-	COG1404	Serine protease AprX
IFBJBKOH_05989	gene	1758	aprX_2			
IFBJBKOH_05990	CDS	1011	dgt_2		COG0232	Deoxyguanosinetriphosphate triphosphohydrolase-like protein
IFBJBKOH_05990	gene	1011	dgt_2			
IFBJBKOH_05991	CDS	1827	dnaG_4	2.7.7.-	COG0358	DNA primase
IFBJBKOH_05991	gene	1827	dnaG_4			
IFBJBKOH_05992	CDS	1125	sigA_5		COG0568	RNA polymerase sigma factor SigA
IFBJBKOH_05992	gene	1125	sigA_5			
IFBJBKOH_05993	CDS	786	trmK	2.1.1.217	COG2384	tRNA (adenine(22)-N(1))-methyltransferase
IFBJBKOH_05993	gene	786	trmK			
IFBJBKOH_05994	CDS	810			COG0327	GTP cyclohydrolase 1 type 2 
IFBJBKOH_05994	gene	810				
IFBJBKOH_05995	CDS	1653	udk	2.7.1.48	COG0572	Uridine kinase
IFBJBKOH_05995	gene	1653	udk			
IFBJBKOH_05996	CDS	1029	siaP_5		COG1638	Sialic acid-binding periplasmic protein SiaP
IFBJBKOH_05996	gene	1029	siaP_5			
IFBJBKOH_05997	CDS	492	uehB_4		COG3090	Ectoine/5-hydroxyectoine TRAP transporter small permease protein UehB
IFBJBKOH_05997	gene	492	uehB_4			
IFBJBKOH_05998	CDS	1290	siaM_6		COG1593	Sialic acid TRAP transporter large permease protein SiaM
IFBJBKOH_05998	gene	1290	siaM_6			
IFBJBKOH_05999	CDS	993	ytfQ_3			ABC transporter periplasmic-binding protein YtfQ
IFBJBKOH_05999	gene	993	ytfQ_3			
IFBJBKOH_06000	CDS	1704	ypdA_9	2.7.13.3	COG3275	Sensor histidine kinase YpdA
IFBJBKOH_06000	gene	1704	ypdA_9			
IFBJBKOH_06001	CDS	1527			COG4753	putative response regulatory protein
IFBJBKOH_06001	gene	1527				
IFBJBKOH_06002	CDS	918				hypothetical protein
IFBJBKOH_06002	gene	918				
IFBJBKOH_06003	CDS	1416	uxaC_2	5.3.1.12	COG1904	Uronate isomerase
IFBJBKOH_06003	gene	1416	uxaC_2			
IFBJBKOH_06004	CDS	1002	degA_7		COG1609	HTH-type transcriptional regulator DegA
IFBJBKOH_06004	gene	1002	degA_7			
IFBJBKOH_06005	CDS	1488	uxaA	4.2.1.7	COG2721	Altronate dehydratase
IFBJBKOH_06005	gene	1488	uxaA			
IFBJBKOH_06006	CDS	762	kdgR_3		COG1414	Transcriptional regulator KdgR
IFBJBKOH_06006	gene	762	kdgR_3			
IFBJBKOH_06007	CDS	651	kdgA_2		COG0800	KHG/KDPG aldolase
IFBJBKOH_06007	gene	651	kdgA_2			
IFBJBKOH_06008	CDS	1032	kdgK_2	2.7.1.45		2-dehydro-3-deoxygluconokinase
IFBJBKOH_06008	gene	1032	kdgK_2			
IFBJBKOH_06009	CDS	1035	kdgK_3	2.7.1.45		2-dehydro-3-deoxygluconokinase
IFBJBKOH_06009	gene	1035	kdgK_3			
IFBJBKOH_06010	CDS	804				hypothetical protein
IFBJBKOH_06010	gene	804				
IFBJBKOH_06011	CDS	234				hypothetical protein
IFBJBKOH_06011	gene	234				
IFBJBKOH_06012	CDS	774	glnQ_5			Glutamine transport ATP-binding protein GlnQ
IFBJBKOH_06012	gene	774	glnQ_5			
IFBJBKOH_06013	CDS	933				hypothetical protein
IFBJBKOH_06013	gene	933				
IFBJBKOH_06014	CDS	1104				hypothetical protein
IFBJBKOH_06014	gene	1104				
IFBJBKOH_06015	CDS	513				hypothetical protein
IFBJBKOH_06015	gene	513				
IFBJBKOH_06016	CDS	636	cmk_8	2.7.4.25		Cytidylate kinase
IFBJBKOH_06016	gene	636	cmk_8			
IFBJBKOH_06017	CDS	777	zupT		COG0428	Zinc transporter ZupT
IFBJBKOH_06017	gene	777	zupT			
IFBJBKOH_06018	CDS	516				hypothetical protein
IFBJBKOH_06018	gene	516				
IFBJBKOH_06019	CDS	1281	aroA1	2.5.1.19	COG0128	3-phosphoshikimate 1-carboxyvinyltransferase 1
IFBJBKOH_06019	gene	1281	aroA1			
IFBJBKOH_06020	CDS	1134	tyrC	1.3.1.43		Cyclohexadienyl dehydrogenase
IFBJBKOH_06020	gene	1134	tyrC			
IFBJBKOH_06021	CDS	1023	aroF	2.5.1.54	COG2876	Phospho-2-dehydro-3-deoxyheptonate aldolase
IFBJBKOH_06021	gene	1023	aroF			
IFBJBKOH_06022	CDS	504				hypothetical protein
IFBJBKOH_06022	gene	504				
IFBJBKOH_06023	CDS	1362	dcuD		COG3069	Putative cryptic C4-dicarboxylate transporter DcuD
IFBJBKOH_06023	gene	1362	dcuD			
IFBJBKOH_06024	CDS	1182	patB_7	4.4.1.8	COG1168	Cystathionine beta-lyase PatB
IFBJBKOH_06024	gene	1182	patB_7			
IFBJBKOH_06025	CDS	426				hypothetical protein
IFBJBKOH_06025	gene	426				
IFBJBKOH_06026	CDS	2097	fusA_2		COG0480	Elongation factor G
IFBJBKOH_06026	gene	2097	fusA_2			
IFBJBKOH_06027	CDS	165	rd	1.-.-.-	COG1773	Rubredoxin
IFBJBKOH_06027	gene	165	rd			
IFBJBKOH_06028	CDS	2553			COG2200	putative signaling protein
IFBJBKOH_06028	gene	2553				
IFBJBKOH_06029	CDS	651				hypothetical protein
IFBJBKOH_06029	gene	651				
IFBJBKOH_06030	CDS	1056				hypothetical protein
IFBJBKOH_06030	gene	1056				
IFBJBKOH_06031	CDS	2304	dmdA_3	4.2.1.85		2,3-dimethylmalate dehydratase large subunit
IFBJBKOH_06031	gene	2304	dmdA_3			
IFBJBKOH_06032	CDS	1341	citZ	2.3.3.16	COG0372	Citrate synthase 2
IFBJBKOH_06032	gene	1341	citZ			
IFBJBKOH_06033	CDS	3222	pcrA_2	3.6.4.12	COG0210	ATP-dependent DNA helicase PcrA
IFBJBKOH_06033	gene	3222	pcrA_2			
IFBJBKOH_06034	CDS	699				hypothetical protein
IFBJBKOH_06034	gene	699				
IFBJBKOH_06035	CDS	1533				hypothetical protein
IFBJBKOH_06035	gene	1533				
IFBJBKOH_06036	CDS	2415	leuS	6.1.1.4		Leucine--tRNA ligase
IFBJBKOH_06036	gene	2415	leuS			
IFBJBKOH_06037	CDS	804				hypothetical protein
IFBJBKOH_06037	gene	804				
IFBJBKOH_06038	CDS	282				hypothetical protein
IFBJBKOH_06038	gene	282				
IFBJBKOH_06039	CDS	417				hypothetical protein
IFBJBKOH_06039	gene	417				
IFBJBKOH_06040	CDS	231				hypothetical protein
IFBJBKOH_06040	gene	231				
IFBJBKOH_06041	CDS	255				hypothetical protein
IFBJBKOH_06041	gene	255				
IFBJBKOH_06042	CDS	1170	alaS_1	6.1.1.7	COG0013	Alanine--tRNA ligase
IFBJBKOH_06042	gene	1170	alaS_1			
IFBJBKOH_06043	CDS	1194			COG0628	Putative transport protein
IFBJBKOH_06043	gene	1194				
IFBJBKOH_06044	CDS	237				hypothetical protein
IFBJBKOH_06044	gene	237				
IFBJBKOH_06045	CDS	840	yciV	3.1.13.-	COG0613	5'-3' exoribonuclease
IFBJBKOH_06045	gene	840	yciV			
IFBJBKOH_06046	CDS	1830	vanW_2		COG2720	Vancomycin B-type resistance protein VanW
IFBJBKOH_06046	gene	1830	vanW_2			
IFBJBKOH_06047	CDS	3537	por_1	1.2.7.1	COG0674	Pyruvate synthase
IFBJBKOH_06047	gene	3537	por_1			
IFBJBKOH_06048	CDS	1179	cfa	2.1.1.79	COG2230	Cyclopropane-fatty-acyl-phospholipid synthase
IFBJBKOH_06048	gene	1179	cfa			
IFBJBKOH_06049	CDS	345	yjbR_2		COG2315	putative protein YjbR
IFBJBKOH_06049	gene	345	yjbR_2			
IFBJBKOH_06050	CDS	273	yjdJ		COG2388	putative protein YjdJ
IFBJBKOH_06050	gene	273	yjdJ			
IFBJBKOH_06051	CDS	657				hypothetical protein
IFBJBKOH_06051	gene	657				
IFBJBKOH_06052	CDS	225				hypothetical protein
IFBJBKOH_06052	gene	225				
IFBJBKOH_06053	CDS	309				hypothetical protein
IFBJBKOH_06053	gene	309				
IFBJBKOH_06054	CDS	192				hypothetical protein
IFBJBKOH_06054	gene	192				
IFBJBKOH_06055	CDS	177				hypothetical protein
IFBJBKOH_06055	gene	177				
IFBJBKOH_06056	CDS	1893	bglF_5		COG1263	PTS system beta-glucoside-specific EIIBCA component
IFBJBKOH_06056	gene	1893	bglF_5			
IFBJBKOH_06057	CDS	1455	bglH_3	3.2.1.86	COG2723	Aryl-phospho-beta-D-glucosidase BglH
IFBJBKOH_06057	gene	1455	bglH_3			
IFBJBKOH_06058	CDS	867	licT_3		COG3711	Transcription antiterminator LicT
IFBJBKOH_06058	gene	867	licT_3			
IFBJBKOH_06059	CDS	297				hypothetical protein
IFBJBKOH_06059	gene	297				
IFBJBKOH_06060	CDS	696	sleB		COG3409	Spore cortex-lytic enzyme
IFBJBKOH_06060	gene	696	sleB			
IFBJBKOH_06061	CDS	291				hypothetical protein
IFBJBKOH_06061	gene	291				
IFBJBKOH_06062	tRNA	75				tRNA-Ala(ggc)
IFBJBKOH_06062	gene	75				
IFBJBKOH_06063	CDS	1839				hypothetical protein
IFBJBKOH_06063	gene	1839				
IFBJBKOH_06064	CDS	732	glvR_2		COG1737	HTH-type transcriptional regulator GlvR
IFBJBKOH_06064	gene	732	glvR_2			
IFBJBKOH_06065	CDS	1458	bglF_6		COG1263	PTS system beta-glucoside-specific EIIBCA component
IFBJBKOH_06065	gene	1458	bglF_6			
IFBJBKOH_06066	CDS	810	gloC_3	3.1.2.6	COG0491	Hydroxyacylglutathione hydrolase GloC
IFBJBKOH_06066	gene	810	gloC_3			
IFBJBKOH_06067	CDS	1068				hypothetical protein
IFBJBKOH_06067	gene	1068				
IFBJBKOH_06068	CDS	222				hypothetical protein
IFBJBKOH_06068	gene	222				
IFBJBKOH_06069	CDS	519	crr			PTS system glucose-specific EIIA component
IFBJBKOH_06069	gene	519	crr			
IFBJBKOH_06070	CDS	1479	bsdC_2	4.1.1.-	COG0043	Phenolic acid decarboxylase subunit C
IFBJBKOH_06070	gene	1479	bsdC_2			
IFBJBKOH_06071	CDS	570	ubiX_2	2.5.1.129	COG0163	Flavin prenyltransferase UbiX
IFBJBKOH_06071	gene	570	ubiX_2			
IFBJBKOH_06072	CDS	348				hypothetical protein
IFBJBKOH_06072	gene	348				
IFBJBKOH_06073	CDS	336				hypothetical protein
IFBJBKOH_06073	gene	336				
IFBJBKOH_06074	CDS	237				hypothetical protein
IFBJBKOH_06074	gene	237				
IFBJBKOH_06075	CDS	423				hypothetical protein
IFBJBKOH_06075	gene	423				
IFBJBKOH_06076	CDS	399	hicB		COG1598	Antitoxin HicB
IFBJBKOH_06076	gene	399	hicB			
IFBJBKOH_06077	CDS	189				hypothetical protein
IFBJBKOH_06077	gene	189				
IFBJBKOH_06078	CDS	843	lexA_2	3.4.21.88		LexA repressor
IFBJBKOH_06078	gene	843	lexA_2			
IFBJBKOH_06079	CDS	252				hypothetical protein
IFBJBKOH_06079	gene	252				
IFBJBKOH_06080	CDS	342				hypothetical protein
IFBJBKOH_06080	gene	342				
IFBJBKOH_06081	CDS	411				hypothetical protein
IFBJBKOH_06081	gene	411				
IFBJBKOH_06082	CDS	246				hypothetical protein
IFBJBKOH_06082	gene	246				
IFBJBKOH_06083	CDS	648	lexA_3	3.4.21.88	COG1974	LexA repressor
IFBJBKOH_06083	gene	648	lexA_3			
IFBJBKOH_06084	CDS	171				hypothetical protein
IFBJBKOH_06084	gene	171				
IFBJBKOH_06085	CDS	252				hypothetical protein
IFBJBKOH_06085	gene	252				
IFBJBKOH_06086	CDS	1281	dinB_4	2.7.7.7	COG0389	DNA polymerase IV
IFBJBKOH_06086	gene	1281	dinB_4			
IFBJBKOH_06087	CDS	315				hypothetical protein
IFBJBKOH_06087	gene	315				
IFBJBKOH_06088	CDS	222				hypothetical protein
IFBJBKOH_06088	gene	222				
IFBJBKOH_06089	CDS	186				hypothetical protein
IFBJBKOH_06089	gene	186				
IFBJBKOH_06090	CDS	201				hypothetical protein
IFBJBKOH_06090	gene	201				
IFBJBKOH_06091	CDS	1089				hypothetical protein
IFBJBKOH_06091	gene	1089				
IFBJBKOH_06092	CDS	624				hypothetical protein
IFBJBKOH_06092	gene	624				
IFBJBKOH_06093	CDS	540				hypothetical protein
IFBJBKOH_06093	gene	540				
IFBJBKOH_06094	CDS	510				hypothetical protein
IFBJBKOH_06094	gene	510				
IFBJBKOH_06095	CDS	1458				hypothetical protein
IFBJBKOH_06095	gene	1458				
IFBJBKOH_06096	CDS	315				hypothetical protein
IFBJBKOH_06096	gene	315				
IFBJBKOH_06097	CDS	342				hypothetical protein
IFBJBKOH_06097	gene	342				
IFBJBKOH_06098	CDS	597				hypothetical protein
IFBJBKOH_06098	gene	597				
IFBJBKOH_06099	CDS	456				hypothetical protein
IFBJBKOH_06099	gene	456				
IFBJBKOH_06100	CDS	264				hypothetical protein
IFBJBKOH_06100	gene	264				
IFBJBKOH_06101	CDS	333				hypothetical protein
IFBJBKOH_06101	gene	333				
IFBJBKOH_06102	CDS	2094	topB_3	5.99.1.2	COG0550	DNA topoisomerase 3
IFBJBKOH_06102	gene	2094	topB_3			
IFBJBKOH_06103	CDS	708				hypothetical protein
IFBJBKOH_06103	gene	708				
IFBJBKOH_06104	CDS	1863				hypothetical protein
IFBJBKOH_06104	gene	1863				
IFBJBKOH_06105	CDS	264				hypothetical protein
IFBJBKOH_06105	gene	264				
IFBJBKOH_06106	CDS	366	spo0A_10			Stage 0 sporulation protein A
IFBJBKOH_06106	gene	366	spo0A_10			
IFBJBKOH_06107	CDS	1350				hypothetical protein
IFBJBKOH_06107	gene	1350				
IFBJBKOH_06108	CDS	1464				hypothetical protein
IFBJBKOH_06108	gene	1464				
IFBJBKOH_06109	CDS	327				hypothetical protein
IFBJBKOH_06109	gene	327				
IFBJBKOH_06110	CDS	192				hypothetical protein
IFBJBKOH_06110	gene	192				
IFBJBKOH_06111	CDS	1860				hypothetical protein
IFBJBKOH_06111	gene	1860				
IFBJBKOH_06112	CDS	1122				hypothetical protein
IFBJBKOH_06112	gene	1122				
IFBJBKOH_06113	CDS	225				hypothetical protein
IFBJBKOH_06113	gene	225				
IFBJBKOH_06114	CDS	492				hypothetical protein
IFBJBKOH_06114	gene	492				
IFBJBKOH_06115	CDS	249				hypothetical protein
IFBJBKOH_06115	gene	249				
IFBJBKOH_06116	CDS	1575				hypothetical protein
IFBJBKOH_06116	gene	1575				
IFBJBKOH_06117	CDS	426				hypothetical protein
IFBJBKOH_06117	gene	426				
IFBJBKOH_06118	CDS	312				hypothetical protein
IFBJBKOH_06118	gene	312				
IFBJBKOH_06119	CDS	273				hypothetical protein
IFBJBKOH_06119	gene	273				
IFBJBKOH_06120	CDS	1158				hypothetical protein
IFBJBKOH_06120	gene	1158				
IFBJBKOH_06121	CDS	174				hypothetical protein
IFBJBKOH_06121	gene	174				
IFBJBKOH_06122	CDS	219				hypothetical protein
IFBJBKOH_06122	gene	219				
IFBJBKOH_06123	CDS	1401				hypothetical protein
IFBJBKOH_06123	gene	1401				
IFBJBKOH_06124	CDS	1485	glpK_2	2.7.1.30	COG0554	Glycerol kinase
IFBJBKOH_06124	gene	1485	glpK_2			
IFBJBKOH_06125	CDS	312	purR_7		COG1609	HTH-type transcriptional repressor PurR
IFBJBKOH_06125	gene	312	purR_7			
IFBJBKOH_06126	CDS	504	tkt_2	2.2.1.1	COG0021	Transketolase
IFBJBKOH_06126	gene	504	tkt_2			
IFBJBKOH_06127	CDS	936	dxs_8	2.2.1.7	COG1154	1-deoxy-D-xylulose-5-phosphate synthase
IFBJBKOH_06127	gene	936	dxs_8			
IFBJBKOH_06128	CDS	264	tktA_3	2.2.1.1	COG0021	Transketolase 1
IFBJBKOH_06128	gene	264	tktA_3			
IFBJBKOH_06129	CDS	372	tkt_3	2.2.1.1		Transketolase
IFBJBKOH_06129	gene	372	tkt_3			
IFBJBKOH_06130	CDS	705	dxs_9	2.2.1.7	COG1154	1-deoxy-D-xylulose-5-phosphate synthase
IFBJBKOH_06130	gene	705	dxs_9			
IFBJBKOH_06131	CDS	1266	gmuC		COG1455	PTS system oligo-beta-mannoside-specific EIIC component
IFBJBKOH_06131	gene	1266	gmuC			
IFBJBKOH_06132	CDS	810				hypothetical protein
IFBJBKOH_06132	gene	810				
IFBJBKOH_06133	CDS	897	rihB_3	3.2.2.8		Pyrimidine-specific ribonucleoside hydrolase RihB
IFBJBKOH_06133	gene	897	rihB_3			
IFBJBKOH_06134	CDS	1281				hypothetical protein
IFBJBKOH_06134	gene	1281				
IFBJBKOH_06135	CDS	1611				hypothetical protein
IFBJBKOH_06135	gene	1611				
IFBJBKOH_06136	CDS	1683				hypothetical protein
IFBJBKOH_06136	gene	1683				
IFBJBKOH_06137	CDS	279				hypothetical protein
IFBJBKOH_06137	gene	279				
IFBJBKOH_06138	CDS	435	ywlF	5.3.1.-	COG0698	Putative sugar phosphate isomerase YwlF
IFBJBKOH_06138	gene	435	ywlF			
IFBJBKOH_06139	CDS	438	chbG_2	3.5.1.-		Chitooligosaccharide deacetylase
IFBJBKOH_06139	gene	438	chbG_2			
IFBJBKOH_06140	CDS	120				hypothetical protein
IFBJBKOH_06140	gene	120				
IFBJBKOH_06141	CDS	132				hypothetical protein
IFBJBKOH_06141	gene	132				
IFBJBKOH_06142	CDS	1125	ccpA_5		COG1609	Catabolite control protein A
IFBJBKOH_06142	gene	1125	ccpA_5			
IFBJBKOH_06143	CDS	1944	treP		COG1263	PTS system trehalose-specific EIIBC component
IFBJBKOH_06143	gene	1944	treP			
IFBJBKOH_06144	CDS	1449	scrB	3.2.1.26	COG1621	Sucrose-6-phosphate hydrolase
IFBJBKOH_06144	gene	1449	scrB			
IFBJBKOH_06145	CDS	675	crp		COG0664	cAMP-activated global transcriptional regulator CRP
IFBJBKOH_06145	gene	675	crp			
IFBJBKOH_06146	CDS	765	udp_2	2.4.2.3	COG2820	Uridine phosphorylase
IFBJBKOH_06146	gene	765	udp_2			
IFBJBKOH_06147	CDS	615				hypothetical protein
IFBJBKOH_06147	gene	615				
IFBJBKOH_06148	CDS	777	ecfT_2		COG0619	Energy-coupling factor transporter transmembrane protein EcfT
IFBJBKOH_06148	gene	777	ecfT_2			
IFBJBKOH_06149	CDS	855	ecfA1_2	3.6.3.-		Energy-coupling factor transporter ATP-binding protein EcfA1
IFBJBKOH_06149	gene	855	ecfA1_2			
IFBJBKOH_06150	CDS	822	ecfA2_2	3.6.3.-	COG1122	Energy-coupling factor transporter ATP-binding protein EcfA2
IFBJBKOH_06150	gene	822	ecfA2_2			
IFBJBKOH_06151	CDS	219				hypothetical protein
IFBJBKOH_06151	gene	219				
IFBJBKOH_06152	CDS	150				hypothetical protein
IFBJBKOH_06152	gene	150				
IFBJBKOH_06153	CDS	1620	por_2	1.1.1.-	COG0246	Polyol:NADP oxidoreductase
IFBJBKOH_06153	gene	1620	por_2			
IFBJBKOH_06154	CDS	1242				hypothetical protein
IFBJBKOH_06154	gene	1242				
IFBJBKOH_06155	CDS	1944	uvrC		COG0322	UvrABC system protein C
IFBJBKOH_06155	gene	1944	uvrC			
IFBJBKOH_06156	CDS	933	hprK	2.7.11.-	COG1493	HPr kinase/phosphorylase
IFBJBKOH_06156	gene	933	hprK			
IFBJBKOH_06157	CDS	912	murB	1.3.1.98	COG0812	UDP-N-acetylenolpyruvoylglucosamine reductase
IFBJBKOH_06157	gene	912	murB			
IFBJBKOH_06158	CDS	870	yvcJ		COG1660	Nucleotide-binding protein YvcJ
IFBJBKOH_06158	gene	870	yvcJ			
IFBJBKOH_06159	CDS	978	whiA		COG1481	Putative sporulation transcription regulator WhiA
IFBJBKOH_06159	gene	978	whiA			
IFBJBKOH_06160	CDS	255	crh		COG1925	HPr-like protein Crh
IFBJBKOH_06160	gene	255	crh			
IFBJBKOH_06161	CDS	3486	dnaE	2.7.7.7	COG0587	DNA polymerase III subunit alpha
IFBJBKOH_06161	gene	3486	dnaE			
IFBJBKOH_06162	CDS	975	pfkA	2.7.1.11		ATP-dependent 6-phosphofructokinase
IFBJBKOH_06162	gene	975	pfkA			
IFBJBKOH_06163	CDS	351				hypothetical protein
IFBJBKOH_06163	gene	351				
IFBJBKOH_06164	CDS	966	dus_2	1.3.1.-	COG0042	putative tRNA-dihydrouridine synthase
IFBJBKOH_06164	gene	966	dus_2			
IFBJBKOH_06165	CDS	483	greA_2		COG0782	Transcription elongation factor GreA
IFBJBKOH_06165	gene	483	greA_2			
IFBJBKOH_06166	CDS	1497	lysS	6.1.1.6		Lysine--tRNA ligase
IFBJBKOH_06166	gene	1497	lysS			
IFBJBKOH_06167	CDS	444				hypothetical protein
IFBJBKOH_06167	gene	444				
IFBJBKOH_06168	CDS	168				hypothetical protein
IFBJBKOH_06168	gene	168				
IFBJBKOH_06169	CDS	786	soj_4	3.6.-.-	COG1192	Sporulation initiation inhibitor protein Soj
IFBJBKOH_06169	gene	786	soj_4			
IFBJBKOH_06170	CDS	897	spo0C_4		COG1475	Chromosome-partitioning protein Spo0J
IFBJBKOH_06170	gene	897	spo0C_4			
IFBJBKOH_06171	CDS	1203				hypothetical protein
IFBJBKOH_06171	gene	1203				
IFBJBKOH_06172	CDS	357				hypothetical protein
IFBJBKOH_06172	gene	357				
IFBJBKOH_06173	CDS	354				hypothetical protein
IFBJBKOH_06173	gene	354				
IFBJBKOH_06174	CDS	657				hypothetical protein
IFBJBKOH_06174	gene	657				
IFBJBKOH_06175	CDS	456				hypothetical protein
IFBJBKOH_06175	gene	456				
IFBJBKOH_06176	CDS	225				hypothetical protein
IFBJBKOH_06176	gene	225				
IFBJBKOH_06177	CDS	216				hypothetical protein
IFBJBKOH_06177	gene	216				
IFBJBKOH_06178	CDS	468				hypothetical protein
IFBJBKOH_06178	gene	468				
IFBJBKOH_06179	CDS	636				hypothetical protein
IFBJBKOH_06179	gene	636				
IFBJBKOH_06180	CDS	5937				hypothetical protein
IFBJBKOH_06180	gene	5937				
IFBJBKOH_06181	CDS	162				hypothetical protein
IFBJBKOH_06181	gene	162				
IFBJBKOH_06182	CDS	354				hypothetical protein
IFBJBKOH_06182	gene	354				
IFBJBKOH_06183	CDS	531				hypothetical protein
IFBJBKOH_06183	gene	531				
IFBJBKOH_06184	CDS	1044				hypothetical protein
IFBJBKOH_06184	gene	1044				
IFBJBKOH_06185	CDS	1800	ltrA_27		COG3344	Group II intron-encoded protein LtrA
IFBJBKOH_06185	gene	1800	ltrA_27			
IFBJBKOH_06186	CDS	1065	virD4_2			Protein VirD4
IFBJBKOH_06186	gene	1065	virD4_2			
IFBJBKOH_06187	CDS	216				hypothetical protein
IFBJBKOH_06187	gene	216				
IFBJBKOH_06188	CDS	873				hypothetical protein
IFBJBKOH_06188	gene	873				
IFBJBKOH_06189	CDS	900				hypothetical protein
IFBJBKOH_06189	gene	900				
IFBJBKOH_06190	CDS	381				hypothetical protein
IFBJBKOH_06190	gene	381				
IFBJBKOH_06191	CDS	2778				hypothetical protein
IFBJBKOH_06191	gene	2778				
IFBJBKOH_06192	CDS	795				hypothetical protein
IFBJBKOH_06192	gene	795				
IFBJBKOH_06193	CDS	2586	iap_5	3.4.-.-	COG0791	putative endopeptidase p60
IFBJBKOH_06193	gene	2586	iap_5			
IFBJBKOH_06194	CDS	399				hypothetical protein
IFBJBKOH_06194	gene	399				
IFBJBKOH_06195	CDS	747				hypothetical protein
IFBJBKOH_06195	gene	747				
IFBJBKOH_06196	CDS	2127	topB_4	5.99.1.2	COG0550	DNA topoisomerase 3
IFBJBKOH_06196	gene	2127	topB_4			
IFBJBKOH_06197	CDS	9201				hypothetical protein
IFBJBKOH_06197	gene	9201				
IFBJBKOH_06198	CDS	4776				hypothetical protein
IFBJBKOH_06198	gene	4776				
IFBJBKOH_06199	CDS	231				hypothetical protein
IFBJBKOH_06199	gene	231				
IFBJBKOH_06200	CDS	894				hypothetical protein
IFBJBKOH_06200	gene	894				
IFBJBKOH_06201	CDS	900				hypothetical protein
IFBJBKOH_06201	gene	900				
IFBJBKOH_06202	CDS	531				hypothetical protein
IFBJBKOH_06202	gene	531				
IFBJBKOH_06203	CDS	633				hypothetical protein
IFBJBKOH_06203	gene	633				
IFBJBKOH_06204	CDS	1653				hypothetical protein
IFBJBKOH_06204	gene	1653				
IFBJBKOH_06205	CDS	417				hypothetical protein
IFBJBKOH_06205	gene	417				
IFBJBKOH_06206	CDS	873	xerD_29			Tyrosine recombinase XerD
IFBJBKOH_06206	gene	873	xerD_29			
IFBJBKOH_06207	CDS	1167				hypothetical protein
IFBJBKOH_06207	gene	1167				
IFBJBKOH_06208	CDS	1026	xerC_28		COG4973	Tyrosine recombinase XerC
IFBJBKOH_06208	gene	1026	xerC_28			
IFBJBKOH_06209	CDS	984	xerD_30		COG4974	Tyrosine recombinase XerD
IFBJBKOH_06209	gene	984	xerD_30			
IFBJBKOH_06210	CDS	762	xerD_31		COG4974	Tyrosine recombinase XerD
IFBJBKOH_06210	gene	762	xerD_31			
IFBJBKOH_06211	CDS	525				hypothetical protein
IFBJBKOH_06211	gene	525				
IFBJBKOH_06212	CDS	288				hypothetical protein
IFBJBKOH_06212	gene	288				
IFBJBKOH_06213	CDS	159				hypothetical protein
IFBJBKOH_06213	gene	159				
IFBJBKOH_06214	CDS	333				hypothetical protein
IFBJBKOH_06214	gene	333				
IFBJBKOH_06215	CDS	210				hypothetical protein
IFBJBKOH_06215	gene	210				
IFBJBKOH_06216	CDS	1239				hypothetical protein
IFBJBKOH_06216	gene	1239				
IFBJBKOH_06217	CDS	411	ssb_2		COG0629	Single-stranded DNA-binding protein
IFBJBKOH_06217	gene	411	ssb_2			
IFBJBKOH_06218	CDS	309				hypothetical protein
IFBJBKOH_06218	gene	309				
IFBJBKOH_06219	CDS	324				hypothetical protein
IFBJBKOH_06219	gene	324				
IFBJBKOH_06220	CDS	864	araC_6			Arabinose operon regulatory protein
IFBJBKOH_06220	gene	864	araC_6			
IFBJBKOH_06221	CDS	3039	lacZ	3.2.1.23		Beta-galactosidase
IFBJBKOH_06221	gene	3039	lacZ			
IFBJBKOH_06222	CDS	1398	xylP_9			Isoprimeverose transporter
IFBJBKOH_06222	gene	1398	xylP_9			
IFBJBKOH_06223	CDS	801	soxS_3			Regulatory protein SoxS
IFBJBKOH_06223	gene	801	soxS_3			
IFBJBKOH_06224	CDS	813	hdpA	3.1.3.-		Dihydroxyacetone phosphatase
IFBJBKOH_06224	gene	813	hdpA			
IFBJBKOH_06225	CDS	996				hypothetical protein
IFBJBKOH_06225	gene	996				
IFBJBKOH_06226	CDS	1188				hypothetical protein
IFBJBKOH_06226	gene	1188				
IFBJBKOH_06227	CDS	1299				hypothetical protein
IFBJBKOH_06227	gene	1299				
IFBJBKOH_06228	CDS	546				hypothetical protein
IFBJBKOH_06228	gene	546				
IFBJBKOH_06229	CDS	561				hypothetical protein
IFBJBKOH_06229	gene	561				
IFBJBKOH_06230	CDS	789				hypothetical protein
IFBJBKOH_06230	gene	789				
IFBJBKOH_06231	CDS	738	yvoA_4		COG2188	HTH-type transcriptional repressor YvoA
IFBJBKOH_06231	gene	738	yvoA_4			
IFBJBKOH_06232	CDS	711	mngR		COG2188	Mannosyl-D-glycerate transport/metabolism system repressor MngR
IFBJBKOH_06232	gene	711	mngR			
IFBJBKOH_06233	CDS	996	frlB_4	3.5.-.-	COG2222	Fructosamine deglycase FrlB
IFBJBKOH_06233	gene	996	frlB_4			
IFBJBKOH_06234	CDS	852	frlD_4	2.7.1.218	COG0524	Fructoselysine 6-kinase
IFBJBKOH_06234	gene	852	frlD_4			
IFBJBKOH_06235	CDS	1281	lacE_1			Lactose-binding protein
IFBJBKOH_06235	gene	1281	lacE_1			
IFBJBKOH_06236	CDS	894	lacF_11			Lactose transport system permease protein LacF
IFBJBKOH_06236	gene	894	lacF_11			
IFBJBKOH_06237	CDS	810	lacG_2			Lactose transport system permease protein LacG
IFBJBKOH_06237	gene	810	lacG_2			
IFBJBKOH_06238	CDS	2034	bglY_1	3.2.1.23	COG1874	Beta-galactosidase BglY
IFBJBKOH_06238	gene	2034	bglY_1			
IFBJBKOH_06239	CDS	855				hypothetical protein
IFBJBKOH_06239	gene	855				
IFBJBKOH_06240	CDS	525				hypothetical protein
IFBJBKOH_06240	gene	525				
IFBJBKOH_06241	CDS	282				hypothetical protein
IFBJBKOH_06241	gene	282				
IFBJBKOH_06242	CDS	207				hypothetical protein
IFBJBKOH_06242	gene	207				
IFBJBKOH_06243	CDS	267				hypothetical protein
IFBJBKOH_06243	gene	267				
IFBJBKOH_06244	CDS	267				hypothetical protein
IFBJBKOH_06244	gene	267				
IFBJBKOH_06245	CDS	1485				hypothetical protein
IFBJBKOH_06245	gene	1485				
IFBJBKOH_06246	CDS	1017				hypothetical protein
IFBJBKOH_06246	gene	1017				
IFBJBKOH_06247	CDS	441				hypothetical protein
IFBJBKOH_06247	gene	441				
IFBJBKOH_06248	CDS	249				hypothetical protein
IFBJBKOH_06248	gene	249				
IFBJBKOH_06249	CDS	189				hypothetical protein
IFBJBKOH_06249	gene	189				
IFBJBKOH_06250	CDS	168				hypothetical protein
IFBJBKOH_06250	gene	168				
IFBJBKOH_06251	CDS	1242	Int-Tn_7			Transposase from transposon Tn916
IFBJBKOH_06251	gene	1242	Int-Tn_7			
IFBJBKOH_06252	CDS	468	metG_2	6.1.1.10	COG0073	Methionine--tRNA ligase
IFBJBKOH_06252	gene	468	metG_2			
IFBJBKOH_06253	CDS	420				hypothetical protein
IFBJBKOH_06253	gene	420				
IFBJBKOH_06254	CDS	210				hypothetical protein
IFBJBKOH_06254	gene	210				
IFBJBKOH_06255	CDS	1458				hypothetical protein
IFBJBKOH_06255	gene	1458				
IFBJBKOH_06256	CDS	1671	ltrA_28		COG3344	Group II intron-encoded protein LtrA
IFBJBKOH_06256	gene	1671	ltrA_28			
IFBJBKOH_06257	CDS	423				hypothetical protein
IFBJBKOH_06257	gene	423				
IFBJBKOH_06258	CDS	636				hypothetical protein
IFBJBKOH_06258	gene	636				
IFBJBKOH_06259	CDS	810				hypothetical protein
IFBJBKOH_06259	gene	810				
IFBJBKOH_06260	CDS	1902	xerD_32		COG4974	Tyrosine recombinase XerD
IFBJBKOH_06260	gene	1902	xerD_32			
IFBJBKOH_06261	CDS	969	xerC_29		COG4973	Tyrosine recombinase XerC
IFBJBKOH_06261	gene	969	xerC_29			
IFBJBKOH_06262	CDS	1038	xerC_30		COG4973	Tyrosine recombinase XerC
IFBJBKOH_06262	gene	1038	xerC_30			
IFBJBKOH_06263	CDS	3759				hypothetical protein
IFBJBKOH_06263	gene	3759				
IFBJBKOH_06264	CDS	228				hypothetical protein
IFBJBKOH_06264	gene	228				
IFBJBKOH_06265	CDS	855				hypothetical protein
IFBJBKOH_06265	gene	855				
IFBJBKOH_06266	CDS	945				hypothetical protein
IFBJBKOH_06266	gene	945				
IFBJBKOH_06267	CDS	201				hypothetical protein
IFBJBKOH_06267	gene	201				
IFBJBKOH_06268	CDS	447				hypothetical protein
IFBJBKOH_06268	gene	447				
IFBJBKOH_06269	CDS	177				hypothetical protein
IFBJBKOH_06269	gene	177				
IFBJBKOH_06270	CDS	1293				hypothetical protein
IFBJBKOH_06270	gene	1293				
IFBJBKOH_06271	CDS	1458				hypothetical protein
IFBJBKOH_06271	gene	1458				
IFBJBKOH_06272	CDS	183				hypothetical protein
IFBJBKOH_06272	gene	183				
IFBJBKOH_06273	CDS	438				hypothetical protein
IFBJBKOH_06273	gene	438				
IFBJBKOH_06274	CDS	240				hypothetical protein
IFBJBKOH_06274	gene	240				
IFBJBKOH_06275	CDS	876				hypothetical protein
IFBJBKOH_06275	gene	876				
IFBJBKOH_06276	CDS	1596	xerD_33			Tyrosine recombinase XerD
IFBJBKOH_06276	gene	1596	xerD_33			
IFBJBKOH_06277	CDS	699	walR_3		COG0745	Transcriptional regulatory protein WalR
IFBJBKOH_06277	gene	699	walR_3			
IFBJBKOH_06278	CDS	513				hypothetical protein
IFBJBKOH_06278	gene	513				
IFBJBKOH_06279	CDS	1065	walK_4	2.7.13.3		Sensor histidine kinase WalK
IFBJBKOH_06279	gene	1065	walK_4			
IFBJBKOH_06280	CDS	888	yxlF_5	3.6.3.-	COG1131	putative ABC transporter ATP-binding protein YxlF
IFBJBKOH_06280	gene	888	yxlF_5			
IFBJBKOH_06281	CDS	1242				hypothetical protein
IFBJBKOH_06281	gene	1242				
IFBJBKOH_06282	CDS	1551		1.8.98.-	COG0641	Anaerobic sulfatase-maturating enzyme
IFBJBKOH_06282	gene	1551				
IFBJBKOH_06283	CDS	1785		3.6.3.-		Putative multidrug export ATP-binding/permease protein
IFBJBKOH_06283	gene	1785				
IFBJBKOH_06284	CDS	183				hypothetical protein
IFBJBKOH_06284	gene	183				
IFBJBKOH_06285	CDS	1566				hypothetical protein
IFBJBKOH_06285	gene	1566				
IFBJBKOH_06286	CDS	261				hypothetical protein
IFBJBKOH_06286	gene	261				
IFBJBKOH_06287	CDS	375	xre_2		COG1396	HTH-type transcriptional regulator Xre
IFBJBKOH_06287	gene	375	xre_2			
IFBJBKOH_06288	CDS	729	natR_4		COG3279	Transcriptional regulatory protein NatR
IFBJBKOH_06288	gene	729	natR_4			
IFBJBKOH_06289	CDS	1317				hypothetical protein
IFBJBKOH_06289	gene	1317				
IFBJBKOH_06290	CDS	402				hypothetical protein
IFBJBKOH_06290	gene	402				
IFBJBKOH_06291	CDS	150				hypothetical protein
IFBJBKOH_06291	gene	150				
IFBJBKOH_06292	CDS	591	agrB_8	3.4.-.-		Accessory gene regulator protein B
IFBJBKOH_06292	gene	591	agrB_8			
IFBJBKOH_06293	CDS	459				hypothetical protein
IFBJBKOH_06293	gene	459				
IFBJBKOH_06294	CDS	252				hypothetical protein
IFBJBKOH_06294	gene	252				
IFBJBKOH_06295	CDS	189				hypothetical protein
IFBJBKOH_06295	gene	189				
IFBJBKOH_06296	CDS	168				hypothetical protein
IFBJBKOH_06296	gene	168				
IFBJBKOH_06297	CDS	1242	Int-Tn_8			Transposase from transposon Tn916
IFBJBKOH_06297	gene	1242	Int-Tn_8			
IFBJBKOH_06298	CDS	537	metG_3	6.1.1.10	COG0073	Methionine--tRNA ligase
IFBJBKOH_06298	gene	537	metG_3			
IFBJBKOH_06299	CDS	129				hypothetical protein
IFBJBKOH_06299	gene	129				
IFBJBKOH_06300	CDS	1296				hypothetical protein
IFBJBKOH_06300	gene	1296				
IFBJBKOH_06301	CDS	351	mutM	4.2.99.18		Formamidopyrimidine-DNA glycosylase
IFBJBKOH_06301	gene	351	mutM			
IFBJBKOH_06302	CDS	975	metK_3	2.5.1.6		S-adenosylmethionine synthase
IFBJBKOH_06302	gene	975	metK_3			
IFBJBKOH_06303	CDS	1026				hypothetical protein
IFBJBKOH_06303	gene	1026				
IFBJBKOH_06304	CDS	1551				hypothetical protein
IFBJBKOH_06304	gene	1551				
IFBJBKOH_06305	CDS	534				hypothetical protein
IFBJBKOH_06305	gene	534				
IFBJBKOH_06306	CDS	360				hypothetical protein
IFBJBKOH_06306	gene	360				
IFBJBKOH_06307	CDS	549	sigM_2		COG1595	ECF RNA polymerase sigma factor SigM
IFBJBKOH_06307	gene	549	sigM_2			
IFBJBKOH_06308	CDS	702				hypothetical protein
IFBJBKOH_06308	gene	702				
IFBJBKOH_06309	CDS	438				hypothetical protein
IFBJBKOH_06309	gene	438				
IFBJBKOH_06310	CDS	183				hypothetical protein
IFBJBKOH_06310	gene	183				
IFBJBKOH_06311	CDS	927				hypothetical protein
IFBJBKOH_06311	gene	927				
IFBJBKOH_06312	CDS	411				hypothetical protein
IFBJBKOH_06312	gene	411				
IFBJBKOH_06313	CDS	186				hypothetical protein
IFBJBKOH_06313	gene	186				
IFBJBKOH_06314	CDS	570	lytA_15	3.5.1.28		Autolysin
IFBJBKOH_06314	gene	570	lytA_15			
IFBJBKOH_06315	CDS	915				hypothetical protein
IFBJBKOH_06315	gene	915				
IFBJBKOH_06316	CDS	162				hypothetical protein
IFBJBKOH_06316	gene	162				
IFBJBKOH_06317	CDS	336				hypothetical protein
IFBJBKOH_06317	gene	336				
IFBJBKOH_06318	CDS	1467				hypothetical protein
IFBJBKOH_06318	gene	1467				
IFBJBKOH_06319	CDS	1440				hypothetical protein
IFBJBKOH_06319	gene	1440				
IFBJBKOH_06320	CDS	1299				hypothetical protein
IFBJBKOH_06320	gene	1299				
IFBJBKOH_06321	CDS	693				hypothetical protein
IFBJBKOH_06321	gene	693				
IFBJBKOH_06322	CDS	633				hypothetical protein
IFBJBKOH_06322	gene	633				
IFBJBKOH_06323	CDS	2625				hypothetical protein
IFBJBKOH_06323	gene	2625				
IFBJBKOH_06324	CDS	759				hypothetical protein
IFBJBKOH_06324	gene	759				
IFBJBKOH_06325	CDS	1500				hypothetical protein
IFBJBKOH_06325	gene	1500				
IFBJBKOH_06326	CDS	222				hypothetical protein
IFBJBKOH_06326	gene	222				
IFBJBKOH_06327	CDS	675				hypothetical protein
IFBJBKOH_06327	gene	675				
IFBJBKOH_06328	CDS	333				hypothetical protein
IFBJBKOH_06328	gene	333				
IFBJBKOH_06329	CDS	1104				hypothetical protein
IFBJBKOH_06329	gene	1104				
IFBJBKOH_06330	CDS	2187				hypothetical protein
IFBJBKOH_06330	gene	2187				
IFBJBKOH_06331	CDS	555				hypothetical protein
IFBJBKOH_06331	gene	555				
IFBJBKOH_06332	CDS	981				hypothetical protein
IFBJBKOH_06332	gene	981				
IFBJBKOH_06333	CDS	903				hypothetical protein
IFBJBKOH_06333	gene	903				
IFBJBKOH_06334	CDS	609				hypothetical protein
IFBJBKOH_06334	gene	609				
IFBJBKOH_06335	CDS	525				hypothetical protein
IFBJBKOH_06335	gene	525				
IFBJBKOH_06336	CDS	1863				hypothetical protein
IFBJBKOH_06336	gene	1863				
IFBJBKOH_06337	CDS	594				hypothetical protein
IFBJBKOH_06337	gene	594				
IFBJBKOH_06338	CDS	1437				hypothetical protein
IFBJBKOH_06338	gene	1437				
IFBJBKOH_06339	CDS	2514	ywqJ	3.1.-.-	COG5444	Putative ribonuclease YwqJ
IFBJBKOH_06339	gene	2514	ywqJ			
IFBJBKOH_06340	CDS	450	ywqK			Putative antitoxin YwqK
IFBJBKOH_06340	gene	450	ywqK			
IFBJBKOH_06341	CDS	705	nfi	3.1.21.7	COG1515	Endonuclease V
IFBJBKOH_06341	gene	705	nfi			
IFBJBKOH_06342	CDS	1116				hypothetical protein
IFBJBKOH_06342	gene	1116				
IFBJBKOH_06343	CDS	351				hypothetical protein
IFBJBKOH_06343	gene	351				
IFBJBKOH_06344	CDS	1620				hypothetical protein
IFBJBKOH_06344	gene	1620				
IFBJBKOH_06345	CDS	363				hypothetical protein
IFBJBKOH_06345	gene	363				
IFBJBKOH_06346	CDS	372				hypothetical protein
IFBJBKOH_06346	gene	372				
IFBJBKOH_06347	CDS	243				hypothetical protein
IFBJBKOH_06347	gene	243				
IFBJBKOH_06348	CDS	1233				hypothetical protein
IFBJBKOH_06348	gene	1233				
IFBJBKOH_06349	CDS	369				hypothetical protein
IFBJBKOH_06349	gene	369				
IFBJBKOH_06350	CDS	981				hypothetical protein
IFBJBKOH_06350	gene	981				
IFBJBKOH_06351	CDS	249				hypothetical protein
IFBJBKOH_06351	gene	249				
IFBJBKOH_06352	CDS	1536				hypothetical protein
IFBJBKOH_06352	gene	1536				
IFBJBKOH_06353	CDS	270				hypothetical protein
IFBJBKOH_06353	gene	270				
IFBJBKOH_06354	CDS	396				hypothetical protein
IFBJBKOH_06354	gene	396				
IFBJBKOH_06355	CDS	873	xerD_34			Tyrosine recombinase XerD
IFBJBKOH_06355	gene	873	xerD_34			
IFBJBKOH_06356	CDS	876				hypothetical protein
IFBJBKOH_06356	gene	876				
IFBJBKOH_06357	CDS	1017	exuR_4		COG1609	putative HTH-type transcriptional repressor ExuR
IFBJBKOH_06357	gene	1017	exuR_4			
IFBJBKOH_06358	CDS	672		3.1.3.-	COG0637	Phosphorylated carbohydrates phosphatase
IFBJBKOH_06358	gene	672				
IFBJBKOH_06359	CDS	975	rbsB_12		COG1879	Ribose import binding protein RbsB
IFBJBKOH_06359	gene	975	rbsB_12			
IFBJBKOH_06360	CDS	1749	ypdA_10	2.7.13.3	COG3275	Sensor histidine kinase YpdA
IFBJBKOH_06360	gene	1749	ypdA_10			
IFBJBKOH_06361	CDS	1581	cheY_5		COG0784	Chemotaxis protein CheY
IFBJBKOH_06361	gene	1581	cheY_5			
IFBJBKOH_06362	CDS	900	iolE_3	4.2.1.44	COG1082	Inosose dehydratase
IFBJBKOH_06362	gene	900	iolE_3			
IFBJBKOH_06363	CDS	1014	iolG_2	1.1.1.18	COG0673	Myo-inositol 2-dehydrogenase
IFBJBKOH_06363	gene	1014	iolG_2			
IFBJBKOH_06364	CDS	1368	xylP_10			Isoprimeverose transporter
IFBJBKOH_06364	gene	1368	xylP_10			
IFBJBKOH_06365	CDS	1035	iolC_3	2.7.1.92	COG0524	5-dehydro-2-deoxygluconokinase
IFBJBKOH_06365	gene	1035	iolC_3			
IFBJBKOH_06366	CDS	1932	iolD	3.7.1.22	COG3962	3D-(3,5/4)-trihydroxycyclohexane-1,2-dione hydrolase
IFBJBKOH_06366	gene	1932	iolD			
IFBJBKOH_06367	CDS	786	iolB	5.3.1.30	COG3718	5-deoxy-glucuronate isomerase
IFBJBKOH_06367	gene	786	iolB			
IFBJBKOH_06368	CDS	1152	mdh	1.1.1.244		NAD-dependent methanol dehydrogenase
IFBJBKOH_06368	gene	1152	mdh			
IFBJBKOH_06369	CDS	885	dapA_6	4.3.3.7	COG0329	4-hydroxy-tetrahydrodipicolinate synthase
IFBJBKOH_06369	gene	885	dapA_6			
IFBJBKOH_06370	CDS	384				hypothetical protein
IFBJBKOH_06370	gene	384				
IFBJBKOH_06371	CDS	726	yhjX_2			putative MFS-type transporter YhjX
IFBJBKOH_06371	gene	726	yhjX_2			
IFBJBKOH_06372	CDS	837	fbaA_7	4.1.2.13	COG0191	putative fructose-bisphosphate aldolase
IFBJBKOH_06372	gene	837	fbaA_7			
IFBJBKOH_06373	CDS	261				hypothetical protein
IFBJBKOH_06373	gene	261				
IFBJBKOH_06374	CDS	1239	rhsC_7	3.1.-.-	COG3209	Putative deoxyribonuclease RhsC
IFBJBKOH_06374	gene	1239	rhsC_7			
IFBJBKOH_06375	CDS	1458				hypothetical protein
IFBJBKOH_06375	gene	1458				
IFBJBKOH_06376	CDS	108				hypothetical protein
IFBJBKOH_06376	gene	108				
IFBJBKOH_06377	CDS	636				hypothetical protein
IFBJBKOH_06377	gene	636				
IFBJBKOH_06378	CDS	570				hypothetical protein
IFBJBKOH_06378	gene	570				
IFBJBKOH_06379	CDS	591	agrB_9	3.4.-.-		Accessory gene regulator protein B
IFBJBKOH_06379	gene	591	agrB_9			
IFBJBKOH_06380	CDS	105				hypothetical protein
IFBJBKOH_06380	gene	105				
IFBJBKOH_06381	CDS	540				hypothetical protein
IFBJBKOH_06381	gene	540				
IFBJBKOH_06382	CDS	720	natR_5		COG3279	Transcriptional regulatory protein NatR
IFBJBKOH_06382	gene	720	natR_5			
IFBJBKOH_06383	CDS	1293				hypothetical protein
IFBJBKOH_06383	gene	1293				
IFBJBKOH_06384	CDS	1674	msbA_4	3.6.3.-	COG1132	Lipid A export ATP-binding/permease protein MsbA
IFBJBKOH_06384	gene	1674	msbA_4			
IFBJBKOH_06385	CDS	1407	chuR_1	1.1.99.-	COG0641	Anaerobic sulfatase-maturating enzyme
IFBJBKOH_06385	gene	1407	chuR_1			
IFBJBKOH_06386	CDS	1086				hypothetical protein
IFBJBKOH_06386	gene	1086				
IFBJBKOH_06387	CDS	249				hypothetical protein
IFBJBKOH_06387	gene	249				
IFBJBKOH_06388	CDS	183				hypothetical protein
IFBJBKOH_06388	gene	183				
IFBJBKOH_06389	CDS	183				hypothetical protein
IFBJBKOH_06389	gene	183				
IFBJBKOH_06390	CDS	1092	epr	3.4.21.-	COG1404	Minor extracellular protease Epr
IFBJBKOH_06390	gene	1092	epr			
IFBJBKOH_06391	CDS	666	regX3_3		COG0745	Sensory transduction protein regX3
IFBJBKOH_06391	gene	666	regX3_3			
IFBJBKOH_06392	CDS	1434	phoR_5	2.7.13.3	COG0642	Alkaline phosphatase synthesis sensor protein PhoR
IFBJBKOH_06392	gene	1434	phoR_5			
IFBJBKOH_06393	CDS	534				hypothetical protein
IFBJBKOH_06393	gene	534				
IFBJBKOH_06394	CDS	561	sigK_1			ECF RNA polymerase sigma factor SigK
IFBJBKOH_06394	gene	561	sigK_1			
IFBJBKOH_06395	CDS	486				hypothetical protein
IFBJBKOH_06395	gene	486				
IFBJBKOH_06396	CDS	747				Insertion sequence IS5376 putative ATP-binding protein
IFBJBKOH_06396	gene	747				
IFBJBKOH_06397	CDS	1557				hypothetical protein
IFBJBKOH_06397	gene	1557				
IFBJBKOH_06398	CDS	360				hypothetical protein
IFBJBKOH_06398	gene	360				
IFBJBKOH_06399	CDS	270				hypothetical protein
IFBJBKOH_06399	gene	270				
IFBJBKOH_06400	CDS	591				hypothetical protein
IFBJBKOH_06400	gene	591				
IFBJBKOH_06401	CDS	375	metK_4	2.5.1.6		S-adenosylmethionine synthase
IFBJBKOH_06401	gene	375	metK_4			
IFBJBKOH_06402	CDS	768				hypothetical protein
IFBJBKOH_06402	gene	768				
IFBJBKOH_06403	CDS	342	immR_11		COG1396	HTH-type transcriptional regulator ImmR
IFBJBKOH_06403	gene	342	immR_11			
IFBJBKOH_06404	CDS	723	lytR_4		COG3279	Sensory transduction protein LytR
IFBJBKOH_06404	gene	723	lytR_4			
IFBJBKOH_06405	CDS	1254				hypothetical protein
IFBJBKOH_06405	gene	1254				
IFBJBKOH_06406	CDS	870				hypothetical protein
IFBJBKOH_06406	gene	870				
IFBJBKOH_06407	CDS	1410	allB_1	3.5.2.5	COG0044	Allantoinase
IFBJBKOH_06407	gene	1410	allB_1			
IFBJBKOH_06408	CDS	1362	hyuP_1			Hydantoin permease
IFBJBKOH_06408	gene	1362	hyuP_1			
IFBJBKOH_06409	CDS	450	lhyD	3.5.2.-		L-hydantoinase
IFBJBKOH_06409	gene	450	lhyD			
IFBJBKOH_06410	CDS	870	allB_2	3.5.2.5	COG0044	Allantoinase
IFBJBKOH_06410	gene	870	allB_2			
IFBJBKOH_06411	CDS	1374	hyuP_2			Hydantoin permease
IFBJBKOH_06411	gene	1374	hyuP_2			
IFBJBKOH_06412	CDS	891	aes	3.1.1.-		Acetyl esterase
IFBJBKOH_06412	gene	891	aes			
IFBJBKOH_06413	CDS	789	allE	3.5.3.26	COG3257	(S)-ureidoglycine aminohydrolase
IFBJBKOH_06413	gene	789	allE			
IFBJBKOH_06414	CDS	1053	allD	1.1.1.350	COG2055	Ureidoglycolate dehydrogenase (NAD(+))
IFBJBKOH_06414	gene	1053	allD			
IFBJBKOH_06415	CDS	3009	fdrA		COG0074	Protein FdrA
IFBJBKOH_06415	gene	3009	fdrA			
IFBJBKOH_06416	CDS	312	arcC2	2.7.2.2		Carbamate kinase 2
IFBJBKOH_06416	gene	312	arcC2			
IFBJBKOH_06417	CDS	1614	lctP		COG1620	L-lactate permease
IFBJBKOH_06417	gene	1614	lctP			
IFBJBKOH_06418	CDS	198				hypothetical protein
IFBJBKOH_06418	gene	198				
IFBJBKOH_06419	CDS	1242	amaB_3	3.5.1.87		N-carbamoyl-L-amino acid hydrolase
IFBJBKOH_06419	gene	1242	amaB_3			
IFBJBKOH_06420	CDS	1563	pucR_3		COG2508	Purine catabolism regulatory protein
IFBJBKOH_06420	gene	1563	pucR_3			
IFBJBKOH_06421	CDS	1236	amaB_4	3.5.1.87		N-carbamoyl-L-amino acid hydrolase
IFBJBKOH_06421	gene	1236	amaB_4			
IFBJBKOH_06422	CDS	1161	abo	1.5.3.19		4-methylaminobutanoate oxidase (formaldehyde-forming)
IFBJBKOH_06422	gene	1161	abo			
IFBJBKOH_06423	CDS	210	carD_5	1.3.1.108	COG2086	Caffeyl-CoA reductase-Etf complex subunit CarD
IFBJBKOH_06423	gene	210	carD_5			
IFBJBKOH_06424	CDS	498	etfB			Electron transfer flavoprotein subunit beta
IFBJBKOH_06424	gene	498	etfB			
IFBJBKOH_06425	CDS	984	carE_5	1.3.1.108	COG2025	Caffeyl-CoA reductase-Etf complex subunit CarE
IFBJBKOH_06425	gene	984	carE_5			
IFBJBKOH_06426	CDS	2169	glgX_2	3.2.1.-	COG1523	Glycogen operon protein GlgX 
IFBJBKOH_06426	gene	2169	glgX_2			
IFBJBKOH_06427	CDS	435				hypothetical protein
IFBJBKOH_06427	gene	435				
IFBJBKOH_06428	CDS	960				hypothetical protein
IFBJBKOH_06428	gene	960				
IFBJBKOH_06429	CDS	870	cdaA	2.7.7.85	COG1624	Cyclic di-AMP synthase CdaA
IFBJBKOH_06429	gene	870	cdaA			
IFBJBKOH_06430	CDS	1344	cdaR_3		COG4856	CdaA regulatory protein CdaR
IFBJBKOH_06430	gene	1344	cdaR_3			
IFBJBKOH_06431	CDS	264	ptsH_2			Phosphocarrier protein HPr
IFBJBKOH_06431	gene	264	ptsH_2			
IFBJBKOH_06432	CDS	1725	ptsI	2.7.3.9	COG1080	Phosphoenolpyruvate-protein phosphotransferase
IFBJBKOH_06432	gene	1725	ptsI			
IFBJBKOH_06433	CDS	1308				hypothetical protein
IFBJBKOH_06433	gene	1308				
IFBJBKOH_06434	CDS	831	licT_4		COG3711	Transcription antiterminator LicT
IFBJBKOH_06434	gene	831	licT_4			
IFBJBKOH_06435	CDS	495	bglF_7		COG1263	PTS system beta-glucoside-specific EIIBCA component
IFBJBKOH_06435	gene	495	bglF_7			
IFBJBKOH_06436	CDS	258	ptsH_3			Phosphocarrier protein HPr
IFBJBKOH_06436	gene	258	ptsH_3			
IFBJBKOH_06437	CDS	1455	nagE		COG1263	PTS system N-acetylglucosamine-specific EIICBA component
IFBJBKOH_06437	gene	1455	nagE			
IFBJBKOH_06438	CDS	993	sdpI		COG5658	Immunity protein SdpI
IFBJBKOH_06438	gene	993	sdpI			
IFBJBKOH_06439	CDS	1104			COG1145	Ferredoxin
IFBJBKOH_06439	gene	1104				
IFBJBKOH_06440	CDS	1278	mgl_3	4.4.1.11	COG0626	L-methionine gamma-lyase
IFBJBKOH_06440	gene	1278	mgl_3			
IFBJBKOH_06441	CDS	438	ywnA		COG1959	Putative HTH-type transcriptional regulator YwnA
IFBJBKOH_06441	gene	438	ywnA			
IFBJBKOH_06442	CDS	1551	clsA_2	2.7.8.-	COG1502	Major cardiolipin synthase ClsA
IFBJBKOH_06442	gene	1551	clsA_2			
IFBJBKOH_06443	CDS	1167				hypothetical protein
IFBJBKOH_06443	gene	1167				
IFBJBKOH_06444	CDS	1809	czcB			Cobalt-zinc-cadmium resistance protein CzcB
IFBJBKOH_06444	gene	1809	czcB			
IFBJBKOH_06445	CDS	723	yknY_2	3.6.3.-	COG1136	putative ABC transporter ATP-binding protein YknY
IFBJBKOH_06445	gene	723	yknY_2			
IFBJBKOH_06446	CDS	1179	macB_2	3.6.3.-	COG0577	Macrolide export ATP-binding/permease protein MacB
IFBJBKOH_06446	gene	1179	macB_2			
IFBJBKOH_06447	CDS	1665	dauA		COG0659	C4-dicarboxylic acid transporter DauA
IFBJBKOH_06447	gene	1665	dauA			
IFBJBKOH_06448	CDS	996				hypothetical protein
IFBJBKOH_06448	gene	996				
IFBJBKOH_06449	CDS	678	phoP_6		COG0745	Alkaline phosphatase synthesis transcriptional regulatory protein PhoP
IFBJBKOH_06449	gene	678	phoP_6			
IFBJBKOH_06450	CDS	1398	phoR_6	2.7.13.3	COG0642	Alkaline phosphatase synthesis sensor protein PhoR
IFBJBKOH_06450	gene	1398	phoR_6			
IFBJBKOH_06451	CDS	1068				hypothetical protein
IFBJBKOH_06451	gene	1068				
IFBJBKOH_06452	CDS	936				hypothetical protein
IFBJBKOH_06452	gene	936				
IFBJBKOH_06453	CDS	798	thiQ	3.6.3.-	COG3840	Thiamine import ATP-binding protein ThiQ
IFBJBKOH_06453	gene	798	thiQ			
IFBJBKOH_06454	CDS	1656	mepS	3.4.-.-	COG0791	Murein DD-endopeptidase MepS/Murein LD-carboxypeptidase
IFBJBKOH_06454	gene	1656	mepS			
IFBJBKOH_06455	CDS	777	tepA		COG0740	Translocation-enhancing protein TepA
IFBJBKOH_06455	gene	777	tepA			
IFBJBKOH_06456	CDS	2982	spoIIIE		COG1674	DNA translocase SpoIIIE
IFBJBKOH_06456	gene	2982	spoIIIE			
IFBJBKOH_06457	CDS	1671	fhs	6.3.4.3	COG2759	Formate--tetrahydrofolate ligase
IFBJBKOH_06457	gene	1671	fhs			
IFBJBKOH_06458	CDS	1536	murE	6.3.2.13	COG0769	UDP-N-acetylmuramoyl-L-alanyl-D-glutamate--2,6-diaminopimelate ligase
IFBJBKOH_06458	gene	1536	murE			
IFBJBKOH_06459	CDS	1437	murF	6.3.2.10	COG0770	UDP-N-acetylmuramoyl-tripeptide--D-alanyl-D-alanine ligase
IFBJBKOH_06459	gene	1437	murF			
IFBJBKOH_06460	CDS	1410	ycaM		COG0531	Inner membrane transporter YcaM
IFBJBKOH_06460	gene	1410	ycaM			
IFBJBKOH_06461	CDS	1326	apeB	3.4.11.-	COG1362	putative M18 family aminopeptidase 2
IFBJBKOH_06461	gene	1326	apeB			
IFBJBKOH_06462	CDS	1323	yeeO_6		COG0534	putative FMN/FAD exporter YeeO
IFBJBKOH_06462	gene	1323	yeeO_6			
IFBJBKOH_06463	CDS	2310	priA	3.6.4.-	COG1198	Primosomal protein N'
IFBJBKOH_06463	gene	2310	priA			
IFBJBKOH_06464	CDS	486	def_2	3.5.1.88		Peptide deformylase
IFBJBKOH_06464	gene	486	def_2			
IFBJBKOH_06465	CDS	987	fmt	2.1.2.9	COG0223	Methionyl-tRNA formyltransferase
IFBJBKOH_06465	gene	987	fmt			
IFBJBKOH_06466	CDS	705				hypothetical protein
IFBJBKOH_06466	gene	705				
IFBJBKOH_06467	CDS	1368	rsmB	2.1.1.176	COG0144	Ribosomal RNA small subunit methyltransferase B
IFBJBKOH_06467	gene	1368	rsmB			
IFBJBKOH_06468	CDS	1089	rlmN	2.1.1.192		putative dual-specificity RNA methyltransferase RlmN
IFBJBKOH_06468	gene	1089	rlmN			
IFBJBKOH_06469	CDS	747	prpC_1	3.1.3.16	COG0631	Protein phosphatase PrpC
IFBJBKOH_06469	gene	747	prpC_1			
IFBJBKOH_06470	CDS	2172	prkC_2	2.7.11.1	COG0515	Serine/threonine-protein kinase PrkC
IFBJBKOH_06470	gene	2172	prkC_2			
IFBJBKOH_06471	CDS	879	rsgA	3.6.1.-	COG1162	Small ribosomal subunit biogenesis GTPase RsgA
IFBJBKOH_06471	gene	879	rsgA			
IFBJBKOH_06472	CDS	666	rpe_2	5.1.3.1		Ribulose-phosphate 3-epimerase
IFBJBKOH_06472	gene	666	rpe_2			
IFBJBKOH_06473	CDS	651	thiN	2.7.6.2	COG1564	Thiamine pyrophosphokinase
IFBJBKOH_06473	gene	651	thiN			
IFBJBKOH_06474	CDS	621				hypothetical protein
IFBJBKOH_06474	gene	621				
IFBJBKOH_06475	CDS	921	pdxK	2.7.1.35	COG2240	Pyridoxine/pyridoxal/pyridoxamine kinase
IFBJBKOH_06475	gene	921	pdxK			
IFBJBKOH_06476	CDS	1467	alsT_4		COG1115	Amino-acid carrier protein AlsT
IFBJBKOH_06476	gene	1467	alsT_4			
IFBJBKOH_06477	CDS	1638	nfdA_3	3.5.1.91		N-substituted formamide deformylase
IFBJBKOH_06477	gene	1638	nfdA_3			
IFBJBKOH_06478	CDS	1290	serS	6.1.1.11	COG0172	Serine--tRNA ligase
IFBJBKOH_06478	gene	1290	serS			
IFBJBKOH_06479	CDS	1458				hypothetical protein
IFBJBKOH_06479	gene	1458				
IFBJBKOH_06480	CDS	1458				hypothetical protein
IFBJBKOH_06480	gene	1458				
IFBJBKOH_06481	CDS	369	gloA	4.4.1.5	COG0346	Lactoylglutathione lyase
IFBJBKOH_06481	gene	369	gloA			
IFBJBKOH_06482	CDS	114				hypothetical protein
IFBJBKOH_06482	gene	114				
IFBJBKOH_06483	CDS	942	rhaS_9			HTH-type transcriptional activator RhaS
IFBJBKOH_06483	gene	942	rhaS_9			
IFBJBKOH_06484	CDS	3057	ebgA_2	3.2.1.23	COG3250	Evolved beta-galactosidase subunit alpha
IFBJBKOH_06484	gene	3057	ebgA_2			
IFBJBKOH_06485	CDS	1047	tsgA			Protein TsgA
IFBJBKOH_06485	gene	1047	tsgA			
IFBJBKOH_06486	CDS	3222	mngB_2	3.2.1.170	COG0383	Mannosylglycerate hydrolase
IFBJBKOH_06486	gene	3222	mngB_2			
IFBJBKOH_06487	CDS	1317	ugpB_5		COG1653	sn-glycerol-3-phosphate-binding periplasmic protein UgpB
IFBJBKOH_06487	gene	1317	ugpB_5			
IFBJBKOH_06488	CDS	1101	yesR_2	3.2.1.172	COG4225	Unsaturated rhamnogalacturonyl hydrolase YesR
IFBJBKOH_06488	gene	1101	yesR_2			
IFBJBKOH_06489	CDS	888	araP_7		COG1175	L-arabinose transport system permease protein AraP
IFBJBKOH_06489	gene	888	araP_7			
IFBJBKOH_06490	CDS	837	araQ_23		COG0395	L-arabinose transport system permease protein AraQ
IFBJBKOH_06490	gene	837	araQ_23			
IFBJBKOH_06491	CDS	1644				hypothetical protein
IFBJBKOH_06491	gene	1644				
IFBJBKOH_06492	CDS	954	glkA	2.7.1.2		Glucokinase
IFBJBKOH_06492	gene	954	glkA			
IFBJBKOH_06493	CDS	570	nhaP			K(+)/H(+) antiporter NhaP
IFBJBKOH_06493	gene	570	nhaP			
IFBJBKOH_06494	CDS	444	nhaP2		COG3263	K(+)/H(+) antiporter NhaP2
IFBJBKOH_06494	gene	444	nhaP2			
IFBJBKOH_06495	CDS	432	pyrI		COG1781	Aspartate carbamoyltransferase regulatory chain
IFBJBKOH_06495	gene	432	pyrI			
IFBJBKOH_06496	CDS	924	pyrB	2.1.3.2	COG0540	Aspartate carbamoyltransferase catalytic subunit
IFBJBKOH_06496	gene	924	pyrB			
IFBJBKOH_06497	CDS	1518			COG4753	putative response regulatory protein
IFBJBKOH_06497	gene	1518				
IFBJBKOH_06498	CDS	1773	btsS_10	2.7.13.3	COG3275	Sensor histidine kinase BtsS
IFBJBKOH_06498	gene	1773	btsS_10			
IFBJBKOH_06499	CDS	1374	yesO_6		COG1653	Putative ABC transporter substrate-binding protein YesO
IFBJBKOH_06499	gene	1374	yesO_6			
IFBJBKOH_06500	CDS	894	lacF_12			Lactose transport system permease protein LacF
IFBJBKOH_06500	gene	894	lacF_12			
IFBJBKOH_06501	CDS	846	araQ_24		COG0395	L-arabinose transport system permease protein AraQ
IFBJBKOH_06501	gene	846	araQ_24			
IFBJBKOH_06502	CDS	930				hypothetical protein
IFBJBKOH_06502	gene	930				
IFBJBKOH_06503	CDS	1401		3.2.1.67	COG1486	Alpha-galacturonidase
IFBJBKOH_06503	gene	1401				
IFBJBKOH_06504	CDS	843			COG1136	putative ABC transporter ATP-binding protein
IFBJBKOH_06504	gene	843				
IFBJBKOH_06505	CDS	1839				hypothetical protein
IFBJBKOH_06505	gene	1839				
IFBJBKOH_06506	CDS	1389	ytrF		COG0577	ABC transporter permease YtrF
IFBJBKOH_06506	gene	1389	ytrF			
IFBJBKOH_06507	CDS	714				hypothetical protein
IFBJBKOH_06507	gene	714				
IFBJBKOH_06508	CDS	1179	purH		COG0138	Bifunctional purine biosynthesis protein PurH
IFBJBKOH_06508	gene	1179	purH			
IFBJBKOH_06509	CDS	1338	mepA_22			Multidrug export protein MepA
IFBJBKOH_06509	gene	1338	mepA_22			
IFBJBKOH_06510	CDS	1932				hypothetical protein
IFBJBKOH_06510	gene	1932				
IFBJBKOH_06511	CDS	630	sigK_2			RNA polymerase sigma-28 factor
IFBJBKOH_06511	gene	630	sigK_2			
IFBJBKOH_06512	CDS	1017	lnpD	5.1.3.2		UDP-glucose 4-epimerase
IFBJBKOH_06512	gene	1017	lnpD			
IFBJBKOH_06513	CDS	1548				hypothetical protein
IFBJBKOH_06513	gene	1548				
IFBJBKOH_06514	CDS	786				hypothetical protein
IFBJBKOH_06514	gene	786				
IFBJBKOH_06515	CDS	1536	comM		COG0606	Competence protein ComM
IFBJBKOH_06515	gene	1536	comM			
IFBJBKOH_06516	CDS	1173	dprA		COG0758	DNA processing protein DprA
IFBJBKOH_06516	gene	1173	dprA			
IFBJBKOH_06517	CDS	2088	topA	5.99.1.2		DNA topoisomerase 1
IFBJBKOH_06517	gene	2088	topA			
IFBJBKOH_06518	CDS	789	codY		COG4465	GTP-sensing transcriptional pleiotropic repressor CodY
IFBJBKOH_06518	gene	789	codY			
IFBJBKOH_06519	CDS	753	rpsB		COG0052	30S ribosomal protein S2
IFBJBKOH_06519	gene	753	rpsB			
IFBJBKOH_06520	CDS	936	tsf		COG0264	Elongation factor Ts
IFBJBKOH_06520	gene	936	tsf			
IFBJBKOH_06521	CDS	333				hypothetical protein
IFBJBKOH_06521	gene	333				
IFBJBKOH_06522	CDS	474	ypeA_2	2.3.1.-		Acetyltransferase YpeA
IFBJBKOH_06522	gene	474	ypeA_2			
IFBJBKOH_06523	CDS	309				hypothetical protein
IFBJBKOH_06523	gene	309				
IFBJBKOH_06524	CDS	216				hypothetical protein
IFBJBKOH_06524	gene	216				
IFBJBKOH_06525	CDS	684				hypothetical protein
IFBJBKOH_06525	gene	684				
IFBJBKOH_06526	CDS	336				hypothetical protein
IFBJBKOH_06526	gene	336				
IFBJBKOH_06527	CDS	1074				hypothetical protein
IFBJBKOH_06527	gene	1074				
IFBJBKOH_06528	CDS	1239	Int-Tn_9			Transposase from transposon Tn916
IFBJBKOH_06528	gene	1239	Int-Tn_9			
IFBJBKOH_06529	CDS	144				hypothetical protein
IFBJBKOH_06529	gene	144				
IFBJBKOH_06530	CDS	1317				hypothetical protein
IFBJBKOH_06530	gene	1317				
IFBJBKOH_06531	CDS	330				hypothetical protein
IFBJBKOH_06531	gene	330				
IFBJBKOH_06532	CDS	498				hypothetical protein
IFBJBKOH_06532	gene	498				
IFBJBKOH_06533	CDS	543				hypothetical protein
IFBJBKOH_06533	gene	543				
IFBJBKOH_06534	CDS	234				hypothetical protein
IFBJBKOH_06534	gene	234				
IFBJBKOH_06535	CDS	1161				hypothetical protein
IFBJBKOH_06535	gene	1161				
IFBJBKOH_06536	CDS	1044				hypothetical protein
IFBJBKOH_06536	gene	1044				
IFBJBKOH_06537	CDS	1047				hypothetical protein
IFBJBKOH_06537	gene	1047				
IFBJBKOH_06538	CDS	411				hypothetical protein
IFBJBKOH_06538	gene	411				
IFBJBKOH_06539	CDS	180				hypothetical protein
IFBJBKOH_06539	gene	180				
IFBJBKOH_06540	CDS	489				hypothetical protein
IFBJBKOH_06540	gene	489				
IFBJBKOH_06541	CDS	210				hypothetical protein
IFBJBKOH_06541	gene	210				
IFBJBKOH_06542	CDS	498				hypothetical protein
IFBJBKOH_06542	gene	498				
IFBJBKOH_06543	CDS	1104	xerD_35		COG4974	Tyrosine recombinase XerD
IFBJBKOH_06543	gene	1104	xerD_35			
IFBJBKOH_06544	CDS	435				hypothetical protein
IFBJBKOH_06544	gene	435				
IFBJBKOH_06545	CDS	483				hypothetical protein
IFBJBKOH_06545	gene	483				
IFBJBKOH_06546	CDS	363	recA_2			Protein RecA
IFBJBKOH_06546	gene	363	recA_2			
IFBJBKOH_06547	CDS	279				hypothetical protein
IFBJBKOH_06547	gene	279				
IFBJBKOH_06548	CDS	360				hypothetical protein
IFBJBKOH_06548	gene	360				
IFBJBKOH_06549	CDS	477			COG0071	putative Hsp20 family chaperone
IFBJBKOH_06549	gene	477				
IFBJBKOH_06550	CDS	495	flr_5			Flavoredoxin
IFBJBKOH_06550	gene	495	flr_5			
IFBJBKOH_06551	CDS	1947		1.-.-.-		NADH oxidase
IFBJBKOH_06551	gene	1947				
IFBJBKOH_06552	CDS	1335				hypothetical protein
IFBJBKOH_06552	gene	1335				
IFBJBKOH_06553	CDS	813				hypothetical protein
IFBJBKOH_06553	gene	813				
IFBJBKOH_06554	CDS	1215	ugl_4	3.2.1.179		Unsaturated glucuronyl hydrolase
IFBJBKOH_06554	gene	1215	ugl_4			
IFBJBKOH_06555	CDS	1455	melB_4		COG2211	Melibiose carrier protein
IFBJBKOH_06555	gene	1455	melB_4			
IFBJBKOH_06556	CDS	807	gno_3	1.1.1.-		Gluconate 5-dehydrogenase
IFBJBKOH_06556	gene	807	gno_3			
IFBJBKOH_06557	CDS	642				hypothetical protein
IFBJBKOH_06557	gene	642				
IFBJBKOH_06558	CDS	465	tabA_7		COG2731	Toxin-antitoxin biofilm protein TabA
IFBJBKOH_06558	gene	465	tabA_7			
IFBJBKOH_06559	CDS	2277		3.2.1.23	COG3250	Beta-galactosidase BoGH2A
IFBJBKOH_06559	gene	2277				
IFBJBKOH_06560	CDS	204				hypothetical protein
IFBJBKOH_06560	gene	204				
IFBJBKOH_06561	CDS	177				hypothetical protein
IFBJBKOH_06561	gene	177				
IFBJBKOH_06562	CDS	354				hypothetical protein
IFBJBKOH_06562	gene	354				
IFBJBKOH_06563	CDS	204				hypothetical protein
IFBJBKOH_06563	gene	204				
IFBJBKOH_06564	CDS	585				hypothetical protein
IFBJBKOH_06564	gene	585				
IFBJBKOH_06565	CDS	1458				hypothetical protein
IFBJBKOH_06565	gene	1458				
IFBJBKOH_06566	CDS	648				hypothetical protein
IFBJBKOH_06566	gene	648				
IFBJBKOH_06567	CDS	96				hypothetical protein
IFBJBKOH_06567	gene	96				
IFBJBKOH_06568	CDS	1359				hypothetical protein
IFBJBKOH_06568	gene	1359				
IFBJBKOH_06569	CDS	933				hypothetical protein
IFBJBKOH_06569	gene	933				
IFBJBKOH_06570	CDS	354				hypothetical protein
IFBJBKOH_06570	gene	354				
IFBJBKOH_06571	CDS	279				hypothetical protein
IFBJBKOH_06571	gene	279				
IFBJBKOH_06572	CDS	615				hypothetical protein
IFBJBKOH_06572	gene	615				
IFBJBKOH_06573	CDS	420				hypothetical protein
IFBJBKOH_06573	gene	420				
IFBJBKOH_06574	CDS	915				hypothetical protein
IFBJBKOH_06574	gene	915				
IFBJBKOH_06575	CDS	240				hypothetical protein
IFBJBKOH_06575	gene	240				
IFBJBKOH_06576	CDS	876				hypothetical protein
IFBJBKOH_06576	gene	876				
IFBJBKOH_06577	CDS	369				hypothetical protein
IFBJBKOH_06577	gene	369				
IFBJBKOH_06578	CDS	102				hypothetical protein
IFBJBKOH_06578	gene	102				
IFBJBKOH_06579	CDS	243				hypothetical protein
IFBJBKOH_06579	gene	243				
IFBJBKOH_06580	CDS	2661	luxQ_2	2.7.13.3		Autoinducer 2 sensor kinase/phosphatase LuxQ
IFBJBKOH_06580	gene	2661	luxQ_2			
IFBJBKOH_06581	CDS	1320				hypothetical protein
IFBJBKOH_06581	gene	1320				
IFBJBKOH_06582	CDS	240				hypothetical protein
IFBJBKOH_06582	gene	240				
IFBJBKOH_06583	CDS	1095				hypothetical protein
IFBJBKOH_06583	gene	1095				
IFBJBKOH_06584	CDS	357				hypothetical protein
IFBJBKOH_06584	gene	357				
IFBJBKOH_06585	CDS	288				hypothetical protein
IFBJBKOH_06585	gene	288				
IFBJBKOH_06586	CDS	1887	yheS		COG0488	putative ABC transporter ATP-binding protein YheS
IFBJBKOH_06586	gene	1887	yheS			
IFBJBKOH_06587	CDS	603				hypothetical protein
IFBJBKOH_06587	gene	603				
IFBJBKOH_06588	CDS	300				hypothetical protein
IFBJBKOH_06588	gene	300				
IFBJBKOH_06589	CDS	837	ykuT		COG0668	putative MscS family protein YkuT
IFBJBKOH_06589	gene	837	ykuT			
IFBJBKOH_06590	CDS	972	iolU_3	1.1.1.371	COG0673	scyllo-inositol 2-dehydrogenase (NADP(+)) IolU
IFBJBKOH_06590	gene	972	iolU_3			
IFBJBKOH_06591	CDS	1380			COG2200	putative signaling protein
IFBJBKOH_06591	gene	1380				
IFBJBKOH_06592	CDS	702	pyrH	2.7.4.22	COG0528	Uridylate kinase
IFBJBKOH_06592	gene	702	pyrH			
IFBJBKOH_06593	CDS	552	frr		COG0233	Ribosome-recycling factor
IFBJBKOH_06593	gene	552	frr			
IFBJBKOH_06594	CDS	720	uppS_2	2.5.1.-	COG0020	Isoprenyl transferase
IFBJBKOH_06594	gene	720	uppS_2			
IFBJBKOH_06595	CDS	801	cdsA	2.7.7.41	COG0575	Phosphatidate cytidylyltransferase
IFBJBKOH_06595	gene	801	cdsA			
IFBJBKOH_06596	CDS	1149	dxr	1.1.1.267	COG0743	1-deoxy-D-xylulose 5-phosphate reductoisomerase
IFBJBKOH_06596	gene	1149	dxr			
IFBJBKOH_06597	CDS	1050	rasP	3.4.24.-	COG0750	Regulator of sigma-W protease RasP
IFBJBKOH_06597	gene	1050	rasP			
IFBJBKOH_06598	CDS	1071	ispG	1.17.7.3	COG0821	4-hydroxy-3-methylbut-2-en-1-yl diphosphate synthase (flavodoxin)
IFBJBKOH_06598	gene	1071	ispG			
IFBJBKOH_06599	CDS	4764	polC_2	2.7.7.7	COG2176	DNA polymerase III PolC-type
IFBJBKOH_06599	gene	4764	polC_2			
IFBJBKOH_06600	CDS	1203	tmpC_4		COG1744	Membrane lipoprotein TmpC
IFBJBKOH_06600	gene	1203	tmpC_4			
IFBJBKOH_06601	CDS	1557	xylG_6	3.6.3.17	COG1129	Xylose import ATP-binding protein XylG
IFBJBKOH_06601	gene	1557	xylG_6			
IFBJBKOH_06602	CDS	1101				hypothetical protein
IFBJBKOH_06602	gene	1101				
IFBJBKOH_06603	CDS	954				hypothetical protein
IFBJBKOH_06603	gene	954				
IFBJBKOH_06604	CDS	1374				hypothetical protein
IFBJBKOH_06604	gene	1374				
IFBJBKOH_06605	CDS	201				hypothetical protein
IFBJBKOH_06605	gene	201				
IFBJBKOH_06606	CDS	489				hypothetical protein
IFBJBKOH_06606	gene	489				
IFBJBKOH_06607	CDS	474				hypothetical protein
IFBJBKOH_06607	gene	474				
IFBJBKOH_06608	CDS	912				hypothetical protein
IFBJBKOH_06608	gene	912				
IFBJBKOH_06609	CDS	2334	copA	3.6.3.54		Copper-exporting P-type ATPase
IFBJBKOH_06609	gene	2334	copA			
IFBJBKOH_06610	CDS	306	csoR		COG1937	Copper-sensing transcriptional repressor CsoR
IFBJBKOH_06610	gene	306	csoR			
IFBJBKOH_06611	CDS	1479	patA_5	2.3.1.-	COG1696	Peptidoglycan O-acetyltransferase
IFBJBKOH_06611	gene	1479	patA_5			
IFBJBKOH_06612	CDS	1098				hypothetical protein
IFBJBKOH_06612	gene	1098				
IFBJBKOH_06613	CDS	195				hypothetical protein
IFBJBKOH_06613	gene	195				
IFBJBKOH_06614	tRNA	76				tRNA-Pro(cgg)
IFBJBKOH_06614	gene	76				
IFBJBKOH_06615	tRNA	72				tRNA-Glu(ctc)
IFBJBKOH_06615	gene	72				
IFBJBKOH_06616	tRNA	73				tRNA-Thr(cgt)
IFBJBKOH_06616	gene	73				
IFBJBKOH_06617	CDS	207	Int-Tn_10			Transposase from transposon Tn916
IFBJBKOH_06617	gene	207	Int-Tn_10			
IFBJBKOH_06618	CDS	924				hypothetical protein
IFBJBKOH_06618	gene	924				
IFBJBKOH_06619	CDS	522				hypothetical protein
IFBJBKOH_06619	gene	522				
IFBJBKOH_06620	CDS	330				hypothetical protein
IFBJBKOH_06620	gene	330				
IFBJBKOH_06621	CDS	267				hypothetical protein
IFBJBKOH_06621	gene	267				
IFBJBKOH_06622	CDS	222				hypothetical protein
IFBJBKOH_06622	gene	222				
IFBJBKOH_06623	CDS	234				hypothetical protein
IFBJBKOH_06623	gene	234				
IFBJBKOH_06624	CDS	786				hypothetical protein
IFBJBKOH_06624	gene	786				
IFBJBKOH_06625	CDS	546				hypothetical protein
IFBJBKOH_06625	gene	546				
IFBJBKOH_06626	CDS	456				hypothetical protein
IFBJBKOH_06626	gene	456				
IFBJBKOH_06627	CDS	231				hypothetical protein
IFBJBKOH_06627	gene	231				
IFBJBKOH_06628	CDS	243				hypothetical protein
IFBJBKOH_06628	gene	243				
IFBJBKOH_06629	CDS	333				hypothetical protein
IFBJBKOH_06629	gene	333				
IFBJBKOH_06630	CDS	486				hypothetical protein
IFBJBKOH_06630	gene	486				
IFBJBKOH_06631	CDS	417				hypothetical protein
IFBJBKOH_06631	gene	417				
IFBJBKOH_06632	CDS	303				hypothetical protein
IFBJBKOH_06632	gene	303				
IFBJBKOH_06633	CDS	327				hypothetical protein
IFBJBKOH_06633	gene	327				
IFBJBKOH_06634	CDS	282				hypothetical protein
IFBJBKOH_06634	gene	282				
IFBJBKOH_06635	CDS	309				hypothetical protein
IFBJBKOH_06635	gene	309				
IFBJBKOH_06636	CDS	1248	yhhT		COG0628	Putative transport protein YhhT
IFBJBKOH_06636	gene	1248	yhhT			
IFBJBKOH_06637	CDS	1962	fbp_2	3.1.3.11		Fructose-1,6-bisphosphatase class 3
IFBJBKOH_06637	gene	1962	fbp_2			
IFBJBKOH_06638	CDS	852	glnH_3		COG0834	Glutamine-binding periplasmic protein
IFBJBKOH_06638	gene	852	glnH_3			
IFBJBKOH_06639	CDS	681	artQ		COG0765	Arginine transport system permease protein ArtQ
IFBJBKOH_06639	gene	681	artQ			
IFBJBKOH_06640	CDS	711	glnQ_6			Glutamine transport ATP-binding protein GlnQ
IFBJBKOH_06640	gene	711	glnQ_6			
IFBJBKOH_06641	CDS	1800	ltrA_29		COG3344	Group II intron-encoded protein LtrA
IFBJBKOH_06641	gene	1800	ltrA_29			
IFBJBKOH_06642	tRNA	71				tRNA-Gly(ccc)
IFBJBKOH_06642	gene	71				
IFBJBKOH_06643	CDS	1920	gyrB_3	5.99.1.3	COG0187	DNA gyrase subunit B
IFBJBKOH_06643	gene	1920	gyrB_3			
IFBJBKOH_06644	CDS	2235	gyrA_2	5.99.1.3	COG0188	DNA gyrase subunit A
IFBJBKOH_06644	gene	2235	gyrA_2			
IFBJBKOH_06645	CDS	726	deoD_3	2.4.2.1	COG0813	Purine nucleoside phosphorylase DeoD-type
IFBJBKOH_06645	gene	726	deoD_3			
IFBJBKOH_06646	CDS	1077	asd2	1.2.1.11	COG0136	Aspartate-semialdehyde dehydrogenase 2
IFBJBKOH_06646	gene	1077	asd2			
IFBJBKOH_06647	CDS	1065	mro_2	5.1.3.3	COG2017	Aldose 1-epimerase
IFBJBKOH_06647	gene	1065	mro_2			
IFBJBKOH_06648	CDS	255				hypothetical protein
IFBJBKOH_06648	gene	255				
IFBJBKOH_06649	CDS	2118	topB_5	5.99.1.2	COG0550	DNA topoisomerase 3
IFBJBKOH_06649	gene	2118	topB_5			
IFBJBKOH_06650	CDS	747	glmU			Bifunctional protein GlmU
IFBJBKOH_06650	gene	747	glmU			
IFBJBKOH_06651	CDS	630	upp	2.4.2.9		Uracil phosphoribosyltransferase
IFBJBKOH_06651	gene	630	upp			
IFBJBKOH_06652	CDS	825				hypothetical protein
IFBJBKOH_06652	gene	825				
IFBJBKOH_06653	CDS	225	xre_3		COG1396	HTH-type transcriptional regulator Xre
IFBJBKOH_06653	gene	225	xre_3			
IFBJBKOH_06654	CDS	495				hypothetical protein
IFBJBKOH_06654	gene	495				
IFBJBKOH_06655	CDS	207				hypothetical protein
IFBJBKOH_06655	gene	207				
IFBJBKOH_06656	CDS	531	ymdB	3.5.1.-	COG2110	O-acetyl-ADP-ribose deacetylase
IFBJBKOH_06656	gene	531	ymdB			
IFBJBKOH_06657	CDS	573	polA_3	2.7.7.7		DNA polymerase I
IFBJBKOH_06657	gene	573	polA_3			
IFBJBKOH_06658	CDS	750	yvoA_5		COG2188	HTH-type transcriptional repressor YvoA
IFBJBKOH_06658	gene	750	yvoA_5			
IFBJBKOH_06659	CDS	948	ydjH_3	2.7.1.-	COG0524	putative sugar kinase YdjH
IFBJBKOH_06659	gene	948	ydjH_3			
IFBJBKOH_06660	CDS	600	fbaA_8	4.1.2.13	COG0191	putative fructose-bisphosphate aldolase
IFBJBKOH_06660	gene	600	fbaA_8			
IFBJBKOH_06661	CDS	249	iolJ	4.1.2.29	COG0191	6-phospho-5-dehydro-2-deoxy-D-gluconate aldolase
IFBJBKOH_06661	gene	249	iolJ			
IFBJBKOH_06662	CDS	1149	mglB_3		COG1879	D-galactose-binding periplasmic protein
IFBJBKOH_06662	gene	1149	mglB_3			
IFBJBKOH_06663	CDS	1530	mglA_11	3.6.3.17	COG1129	Galactose/methyl galactoside import ATP-binding protein MglA
IFBJBKOH_06663	gene	1530	mglA_11			
IFBJBKOH_06664	CDS	1005	mglC_2		COG4211	Galactoside transport system permease protein MglC
IFBJBKOH_06664	gene	1005	mglC_2			
IFBJBKOH_06665	CDS	882	ydhF	1.-.-.-	COG4989	Oxidoreductase YdhF
IFBJBKOH_06665	gene	882	ydhF			
IFBJBKOH_06666	tRNA	83				tRNA-Leu(caa)
IFBJBKOH_06666	gene	83				
IFBJBKOH_06667	CDS	705				hypothetical protein
IFBJBKOH_06667	gene	705				
IFBJBKOH_06668	CDS	906	iolU_4	1.1.1.371	COG0673	scyllo-inositol 2-dehydrogenase (NADP(+)) IolU
IFBJBKOH_06668	gene	906	iolU_4			
IFBJBKOH_06669	CDS	834	rhaS_10			HTH-type transcriptional activator RhaS
IFBJBKOH_06669	gene	834	rhaS_10			
IFBJBKOH_06670	CDS	330				hypothetical protein
IFBJBKOH_06670	gene	330				
IFBJBKOH_06671	CDS	2808	polA_4	2.7.7.7	COG0258	DNA polymerase I
IFBJBKOH_06671	gene	2808	polA_4			
IFBJBKOH_06672	CDS	642	coaE	2.7.1.24		Dephospho-CoA kinase
IFBJBKOH_06672	gene	642	coaE			
IFBJBKOH_06673	CDS	798	yycJ	3.-.-.-	COG1235	Putative metallo-hydrolase YycJ
IFBJBKOH_06673	gene	798	yycJ			
IFBJBKOH_06674	CDS	273				hypothetical protein
IFBJBKOH_06674	gene	273				
IFBJBKOH_06675	CDS	1371				hypothetical protein
IFBJBKOH_06675	gene	1371				
IFBJBKOH_06676	CDS	642	pspB_2	3.1.3.3	COG0406	Putative phosphoserine phosphatase 2
IFBJBKOH_06676	gene	642	pspB_2			
IFBJBKOH_06677	CDS	690	gph_3	3.1.3.18		Phosphoglycolate phosphatase
IFBJBKOH_06677	gene	690	gph_3			
IFBJBKOH_06678	CDS	1221				hypothetical protein
IFBJBKOH_06678	gene	1221				
IFBJBKOH_06679	CDS	1338				hypothetical protein
IFBJBKOH_06679	gene	1338				
IFBJBKOH_06680	CDS	1548	htrA_2			Putative serine protease HtrA
IFBJBKOH_06680	gene	1548	htrA_2			
IFBJBKOH_06681	CDS	333	yaaQ		COG3870	putative protein YaaQ
IFBJBKOH_06681	gene	333	yaaQ			
IFBJBKOH_06682	CDS	1881	cooS2	1.2.7.4	COG1151	Carbon monoxide dehydrogenase 2
IFBJBKOH_06682	gene	1881	cooS2			
IFBJBKOH_06683	CDS	1356		1.12.7.2		Iron hydrogenase 1
IFBJBKOH_06683	gene	1356				
IFBJBKOH_06684	CDS	996	pta	2.3.1.8	COG0280	Phosphate acetyltransferase
IFBJBKOH_06684	gene	996	pta			
IFBJBKOH_06685	CDS	1194	ackA	2.7.2.1	COG0282	Acetate kinase
IFBJBKOH_06685	gene	1194	ackA			
IFBJBKOH_06686	CDS	702				hypothetical protein
IFBJBKOH_06686	gene	702				
IFBJBKOH_06687	CDS	786	ahpC_3	1.11.1.15	COG0450	Alkyl hydroperoxide reductase C
IFBJBKOH_06687	gene	786	ahpC_3			
IFBJBKOH_06688	CDS	171				hypothetical protein
IFBJBKOH_06688	gene	171				
IFBJBKOH_06689	CDS	459				hypothetical protein
IFBJBKOH_06689	gene	459				
IFBJBKOH_06690	CDS	546	csoS1C		COG4577	Major carboxysome shell protein 1C
IFBJBKOH_06690	gene	546	csoS1C			
IFBJBKOH_06691	CDS	1353	rnfC_2		COG4656	Electron transport complex subunit RnfC
IFBJBKOH_06691	gene	1353	rnfC_2			
IFBJBKOH_06692	CDS	381	pduU_2		COG4810	Propanediol utilization protein PduU
IFBJBKOH_06692	gene	381	pduU_2			
IFBJBKOH_06693	CDS	492	pduV_2		COG4917	Propanediol utilization protein PduV
IFBJBKOH_06693	gene	492	pduV_2			
IFBJBKOH_06694	CDS	573	yraA	3.2.-.-	COG0693	Putative cysteine protease YraA
IFBJBKOH_06694	gene	573	yraA			
IFBJBKOH_06695	CDS	2565	cutC_3	4.3.99.4	COG1882	Choline trimethylamine-lyase
IFBJBKOH_06695	gene	2565	cutC_3			
IFBJBKOH_06696	CDS	918	hpdA	1.97.1.-	COG1180	4-hydroxyphenylacetate decarboxylase activating enzyme
IFBJBKOH_06696	gene	918	hpdA			
IFBJBKOH_06697	CDS	795	pduB		COG4816	Propanediol utilization protein PduB
IFBJBKOH_06697	gene	795	pduB			
IFBJBKOH_06698	CDS	1464				hypothetical protein
IFBJBKOH_06698	gene	1464				
IFBJBKOH_06699	CDS	279	pduA_4		COG4577	Propanediol utilization protein PduA
IFBJBKOH_06699	gene	279	pduA_4			
IFBJBKOH_06700	CDS	777				hypothetical protein
IFBJBKOH_06700	gene	777				
IFBJBKOH_06701	CDS	564	ccmK_3		COG4577	Carbon dioxide-concentrating mechanism protein CcmK
IFBJBKOH_06701	gene	564	ccmK_3			
IFBJBKOH_06702	CDS	309	ccmL			Carbon dioxide concentrating mechanism protein CcmL
IFBJBKOH_06702	gene	309	ccmL			
IFBJBKOH_06703	CDS	1314	sucD_2	1.2.1.76	COG1012	Succinate-semialdehyde dehydrogenase (acetylating)
IFBJBKOH_06703	gene	1314	sucD_2			
IFBJBKOH_06704	CDS	1185	metK_5	2.5.1.6		S-adenosylmethionine synthase
IFBJBKOH_06704	gene	1185	metK_5			
IFBJBKOH_06705	CDS	279	pduA_5		COG4577	Propanediol utilization protein PduA
IFBJBKOH_06705	gene	279	pduA_5			
IFBJBKOH_06706	CDS	690	pduL_2	2.3.1.222	COG4869	Phosphate propanoyltransferase
IFBJBKOH_06706	gene	690	pduL_2			
IFBJBKOH_06707	CDS	825	ftsA_2		COG0849	Cell division protein FtsA
IFBJBKOH_06707	gene	825	ftsA_2			
IFBJBKOH_06708	CDS	1437	sucD_3	1.2.1.76	COG1012	Succinate-semialdehyde dehydrogenase (acetylating)
IFBJBKOH_06708	gene	1437	sucD_3			
IFBJBKOH_06709	CDS	1116	adhE_5		COG1012	Aldehyde-alcohol dehydrogenase
IFBJBKOH_06709	gene	1116	adhE_5			
IFBJBKOH_06710	CDS	1332	btsS_11	2.7.13.3	COG3275	Sensor histidine kinase BtsS
IFBJBKOH_06710	gene	1332	btsS_11			
IFBJBKOH_06711	CDS	1029	uvrY		COG2197	Response regulator UvrY
IFBJBKOH_06711	gene	1029	uvrY			
IFBJBKOH_06712	CDS	528			COG1399	putative protein
IFBJBKOH_06712	gene	528				
IFBJBKOH_06713	CDS	180	rpmF			50S ribosomal protein L32
IFBJBKOH_06713	gene	180	rpmF			
IFBJBKOH_06714	CDS	999	ruvB_2	3.6.4.12	COG2255	Holliday junction ATP-dependent DNA helicase RuvB
IFBJBKOH_06714	gene	999	ruvB_2			
IFBJBKOH_06715	CDS	231				hypothetical protein
IFBJBKOH_06715	gene	231				
IFBJBKOH_06716	CDS	471				hypothetical protein
IFBJBKOH_06716	gene	471				
IFBJBKOH_06717	CDS	297				hypothetical protein
IFBJBKOH_06717	gene	297				
IFBJBKOH_06718	tRNA	74				tRNA-Asn(gtt)
IFBJBKOH_06718	gene	74				
IFBJBKOH_06719	tRNA	73				tRNA-Phe(gaa)
IFBJBKOH_06719	gene	73				
IFBJBKOH_06720	tRNA	73				tRNA-Gly(tcc)
IFBJBKOH_06720	gene	73				
IFBJBKOH_06721	tRNA	84				tRNA-Leu(taa)
IFBJBKOH_06721	gene	84				
IFBJBKOH_06722	tRNA	74				tRNA-Pro(tgg)
IFBJBKOH_06722	gene	74				
IFBJBKOH_06723	tRNA	73				tRNA-Ala(tgc)
IFBJBKOH_06723	gene	73				
IFBJBKOH_06724	CDS	120				hypothetical protein
IFBJBKOH_06724	gene	120				
IFBJBKOH_06725	tRNA	74				tRNA-Asp(gtc)
IFBJBKOH_06725	gene	74				
IFBJBKOH_06726	tRNA	73				tRNA-Ile(gat)
IFBJBKOH_06726	gene	73				
IFBJBKOH_06727	CDS	258				hypothetical protein
IFBJBKOH_06727	gene	258				
IFBJBKOH_06728	CDS	495				hypothetical protein
IFBJBKOH_06728	gene	495				
IFBJBKOH_06729	CDS	540				hypothetical protein
IFBJBKOH_06729	gene	540				
IFBJBKOH_06730	CDS	807				hypothetical protein
IFBJBKOH_06730	gene	807				
IFBJBKOH_06731	CDS	480	ybeZ		COG1702	PhoH-like protein
IFBJBKOH_06731	gene	480	ybeZ			
IFBJBKOH_06732	CDS	285				hypothetical protein
IFBJBKOH_06732	gene	285				
IFBJBKOH_06733	CDS	519	xkdM_2			Phage-like element PBSX protein XkdM
IFBJBKOH_06733	gene	519	xkdM_2			
IFBJBKOH_06734	CDS	381	yqbN_2			putative protein YqbN
IFBJBKOH_06734	gene	381	yqbN_2			
IFBJBKOH_06735	CDS	144				hypothetical protein
IFBJBKOH_06735	gene	144				
IFBJBKOH_06736	CDS	840	accD_2	6.4.1.2	COG0777	Acetyl-coenzyme A carboxylase carboxyl transferase subunit beta
IFBJBKOH_06736	gene	840	accD_2			
IFBJBKOH_06737	CDS	828	accA	6.4.1.2		Acetyl-coenzyme A carboxylase carboxyl transferase subunit alpha
IFBJBKOH_06737	gene	828	accA			
IFBJBKOH_06738	CDS	501	accB_2		COG0511	Biotin carboxyl carrier protein of acetyl-CoA carboxylase
IFBJBKOH_06738	gene	501	accB_2			
IFBJBKOH_06739	CDS	1362	cfiB	6.4.1.7	COG0439	2-oxoglutarate carboxylase small subunit
IFBJBKOH_06739	gene	1362	cfiB			
IFBJBKOH_06740	CDS	693	sfp_4	2.7.8.7	COG2091	4'-phosphopantetheinyl transferase Sfp
IFBJBKOH_06740	gene	693	sfp_4			
IFBJBKOH_06741	CDS	525	nusG_3		COG0250	Transcription termination/antitermination protein NusG
IFBJBKOH_06741	gene	525	nusG_3			
IFBJBKOH_06742	CDS	945	baeD	2.3.1.-	COG3321	Polyketide biosynthesis acyltransferase BaeD
IFBJBKOH_06742	gene	945	baeD			
IFBJBKOH_06743	CDS	249	acpK		COG0236	Polyketide biosynthesis acyl-carrier-protein AcpK
IFBJBKOH_06743	gene	249	acpK			
IFBJBKOH_06744	CDS	2253	pksE		COG0331	Polyketide biosynthesis protein PksE
IFBJBKOH_06744	gene	2253	pksE			
IFBJBKOH_06745	CDS	1287	pksF	4.1.1.87	COG0304	Polyketide biosynthesis malonyl-ACP decarboxylase PksF
IFBJBKOH_06745	gene	1287	pksF			
IFBJBKOH_06746	CDS	762	pksI	4.-.-.-	COG1024	Putative polyketide biosynthesis enoyl-CoA isomerase PksI
IFBJBKOH_06746	gene	762	pksI			
IFBJBKOH_06747	CDS	270				hypothetical protein
IFBJBKOH_06747	gene	270				
IFBJBKOH_06748	CDS	1782	novN	2.1.3.12		Decarbamoylnovobiocin carbamoyltransferase
IFBJBKOH_06748	gene	1782	novN			
IFBJBKOH_06749	CDS	603				hypothetical protein
IFBJBKOH_06749	gene	603				
IFBJBKOH_06750	CDS	1233	pksG	2.3.3.-	COG3425	Polyketide biosynthesis 3-hydroxy-3-methylglutaryl-ACP synthase PksG
IFBJBKOH_06750	gene	1233	pksG			
IFBJBKOH_06751	CDS	762	pksH	4.2.1.-	COG1024	putative polyketide biosynthesis enoyl-CoA hydratase PksH
IFBJBKOH_06751	gene	762	pksH			
IFBJBKOH_06752	CDS	1725	pksJ_2		COG0318	Polyketide synthase PksJ
IFBJBKOH_06752	gene	1725	pksJ_2			
IFBJBKOH_06753	CDS	19530	pksN_2	2.3.1.-	COG1020	Polyketide synthase PksN
IFBJBKOH_06753	gene	19530	pksN_2			
IFBJBKOH_06754	CDS	9996	pksL		COG3321	Polyketide synthase PksL
IFBJBKOH_06754	gene	9996	pksL			
IFBJBKOH_06755	CDS	12159	pksN_3	2.3.1.-	COG1020	Polyketide synthase PksN
IFBJBKOH_06755	gene	12159	pksN_3			
IFBJBKOH_06756	CDS	9996	pksN_4	2.3.1.-	COG1020	Polyketide synthase PksN
IFBJBKOH_06756	gene	9996	pksN_4			
IFBJBKOH_06757	CDS	312				hypothetical protein
IFBJBKOH_06757	gene	312				
IFBJBKOH_06758	CDS	972				hypothetical protein
IFBJBKOH_06758	gene	972				
IFBJBKOH_06759	CDS	312				hypothetical protein
IFBJBKOH_06759	gene	312				
IFBJBKOH_06760	CDS	972				hypothetical protein
IFBJBKOH_06760	gene	972				
IFBJBKOH_06761	CDS	996	fabH_2	2.3.1.180	COG0332	3-oxoacyl-[acyl-carrier-protein] synthase 3
IFBJBKOH_06761	gene	996	fabH_2			
IFBJBKOH_06762	CDS	969	fabH_3	2.3.1.180	COG0332	3-oxoacyl-[acyl-carrier-protein] synthase 3
IFBJBKOH_06762	gene	969	fabH_3			
IFBJBKOH_06763	CDS	1167	lgrD			Linear gramicidin synthase subunit D
IFBJBKOH_06763	gene	1167	lgrD			
IFBJBKOH_06764	CDS	1179	tetA			Tetracycline resistance protein, class C
IFBJBKOH_06764	gene	1179	tetA			
IFBJBKOH_06765	CDS	2580	ppsA_2	2.7.9.2		Phosphoenolpyruvate synthase
IFBJBKOH_06765	gene	2580	ppsA_2			
IFBJBKOH_06766	CDS	594	kstR2_3			HTH-type transcriptional repressor KstR2
IFBJBKOH_06766	gene	594	kstR2_3			
IFBJBKOH_06767	CDS	270				Insertion sequence IS5376 putative ATP-binding protein
IFBJBKOH_06767	gene	270				
IFBJBKOH_06768	CDS	462				hypothetical protein
IFBJBKOH_06768	gene	462				
IFBJBKOH_06769	CDS	633				hypothetical protein
IFBJBKOH_06769	gene	633				
IFBJBKOH_06770	CDS	96				hypothetical protein
IFBJBKOH_06770	gene	96				
IFBJBKOH_06771	CDS	753				hypothetical protein
IFBJBKOH_06771	gene	753				
IFBJBKOH_06772	CDS	2037	fldZ	1.3.1.-		Cinnamate reductase
IFBJBKOH_06772	gene	2037	fldZ			
IFBJBKOH_06773	CDS	228				hypothetical protein
IFBJBKOH_06773	gene	228				
IFBJBKOH_06774	CDS	306				hypothetical protein
IFBJBKOH_06774	gene	306				
IFBJBKOH_06775	CDS	777				hypothetical protein
IFBJBKOH_06775	gene	777				
IFBJBKOH_06776	CDS	690				hypothetical protein
IFBJBKOH_06776	gene	690				
IFBJBKOH_06777	CDS	306				hypothetical protein
IFBJBKOH_06777	gene	306				
IFBJBKOH_06778	CDS	285				hypothetical protein
IFBJBKOH_06778	gene	285				
IFBJBKOH_06779	CDS	384				hypothetical protein
IFBJBKOH_06779	gene	384				
IFBJBKOH_06780	CDS	465				hypothetical protein
IFBJBKOH_06780	gene	465				
IFBJBKOH_06781	CDS	291				hypothetical protein
IFBJBKOH_06781	gene	291				
IFBJBKOH_06782	CDS	834	licT_5		COG3711	Transcription antiterminator LicT
IFBJBKOH_06782	gene	834	licT_5			
IFBJBKOH_06783	CDS	1887	bglF_8		COG1263	PTS system beta-glucoside-specific EIIBCA component
IFBJBKOH_06783	gene	1887	bglF_8			
IFBJBKOH_06784	CDS	1758	pnbA_2	3.1.1.-	COG2272	Para-nitrobenzyl esterase
IFBJBKOH_06784	gene	1758	pnbA_2			
IFBJBKOH_06785	CDS	1437	bglH_4	3.2.1.86	COG2723	Aryl-phospho-beta-D-glucosidase BglH
IFBJBKOH_06785	gene	1437	bglH_4			
IFBJBKOH_06786	CDS	867	hemN_2	1.3.99.-	COG0635	Oxygen-independent coproporphyrinogen-III oxidase-like protein YqeR
IFBJBKOH_06786	gene	867	hemN_2			
IFBJBKOH_06787	CDS	1008	plsX	2.3.1.-	COG0416	Phosphate acyltransferase
IFBJBKOH_06787	gene	1008	plsX			
IFBJBKOH_06788	CDS	231	acpP_5		COG0236	Acyl carrier protein
IFBJBKOH_06788	gene	231	acpP_5			
IFBJBKOH_06789	CDS	705	rnc	3.1.26.3	COG0571	Ribonuclease 3
IFBJBKOH_06789	gene	705	rnc			
IFBJBKOH_06790	CDS	3561	smc_7		COG1196	Chromosome partition protein Smc
IFBJBKOH_06790	gene	3561	smc_7			
IFBJBKOH_06791	CDS	933	ftsY		COG0552	Signal recognition particle receptor FtsY
IFBJBKOH_06791	gene	933	ftsY			
IFBJBKOH_06792	CDS	1233	tdcB	4.3.1.19	COG1171	L-threonine ammonia-lyase
IFBJBKOH_06792	gene	1233	tdcB			
IFBJBKOH_06793	CDS	135				hypothetical protein
IFBJBKOH_06793	gene	135				
IFBJBKOH_06794	CDS	1395	clcA		COG0038	H(+)/Cl(-) exchange transporter ClcA
IFBJBKOH_06794	gene	1395	clcA			
IFBJBKOH_06795	CDS	588				hypothetical protein
IFBJBKOH_06795	gene	588				
IFBJBKOH_06796	CDS	294				hypothetical protein
IFBJBKOH_06796	gene	294				
IFBJBKOH_06797	CDS	1698	nrgA			Ammonium transporter
IFBJBKOH_06797	gene	1698	nrgA			
IFBJBKOH_06798	CDS	846				hypothetical protein
IFBJBKOH_06798	gene	846				
IFBJBKOH_06799	CDS	1896	dhaR		COG3284	PTS-dependent dihydroxyacetone kinase operon regulatory protein
IFBJBKOH_06799	gene	1896	dhaR			
IFBJBKOH_06800	CDS	1464				hypothetical protein
IFBJBKOH_06800	gene	1464				
IFBJBKOH_06801	CDS	885	garR_3	1.1.1.60	COG2084	2-hydroxy-3-oxopropionate reductase
IFBJBKOH_06801	gene	885	garR_3			
IFBJBKOH_06802	CDS	900	dapA_7	4.3.3.7	COG0329	4-hydroxy-tetrahydrodipicolinate synthase
IFBJBKOH_06802	gene	900	dapA_7			
IFBJBKOH_06803	CDS	930	cynR_18			HTH-type transcriptional regulator CynR
IFBJBKOH_06803	gene	930	cynR_18			
IFBJBKOH_06804	CDS	1356	gudD_1	4.2.1.40	COG4948	Glucarate dehydratase
IFBJBKOH_06804	gene	1356	gudD_1			
IFBJBKOH_06805	CDS	498				hypothetical protein
IFBJBKOH_06805	gene	498				
IFBJBKOH_06806	CDS	1524				hypothetical protein
IFBJBKOH_06806	gene	1524				
IFBJBKOH_06807	CDS	1020				hypothetical protein
IFBJBKOH_06807	gene	1020				
IFBJBKOH_06808	CDS	903	cynR_19			HTH-type transcriptional regulator CynR
IFBJBKOH_06808	gene	903	cynR_19			
IFBJBKOH_06809	CDS	1518	garD	4.2.1.42	COG2721	Galactarate dehydratase (L-threo-forming)
IFBJBKOH_06809	gene	1518	garD			
IFBJBKOH_06810	CDS	1332	gudD_2	4.2.1.40	COG4948	Glucarate dehydratase
IFBJBKOH_06810	gene	1332	gudD_2			
IFBJBKOH_06811	CDS	909				hypothetical protein
IFBJBKOH_06811	gene	909				
IFBJBKOH_06812	CDS	1437	dacB_4	3.4.16.4	COG1686	D-alanyl-D-alanine carboxypeptidase DacB
IFBJBKOH_06812	gene	1437	dacB_4			
IFBJBKOH_06813	CDS	726	cysG		COG0007	Siroheme synthase
IFBJBKOH_06813	gene	726	cysG			
IFBJBKOH_06814	CDS	909	hemC	2.5.1.61	COG0181	Porphobilinogen deaminase
IFBJBKOH_06814	gene	909	hemC			
IFBJBKOH_06815	CDS	1566	nasF	2.1.1.107	COG0007	Uroporphyrinogen-III C-methyltransferase
IFBJBKOH_06815	gene	1566	nasF			
IFBJBKOH_06816	CDS	1719	cstA_2		COG1966	Peptide transporter CstA
IFBJBKOH_06816	gene	1719	cstA_2			
IFBJBKOH_06817	CDS	303				hypothetical protein
IFBJBKOH_06817	gene	303				
IFBJBKOH_06818	CDS	879				hypothetical protein
IFBJBKOH_06818	gene	879				
IFBJBKOH_06819	CDS	375	adhR_3		COG0789	HTH-type transcriptional regulator AdhR
IFBJBKOH_06819	gene	375	adhR_3			
IFBJBKOH_06820	CDS	474				hypothetical protein
IFBJBKOH_06820	gene	474				
IFBJBKOH_06821	CDS	123				hypothetical protein
IFBJBKOH_06821	gene	123				
IFBJBKOH_06822	CDS	1383				hypothetical protein
IFBJBKOH_06822	gene	1383				
IFBJBKOH_06823	CDS	750				hypothetical protein
IFBJBKOH_06823	gene	750				
IFBJBKOH_06824	CDS	3390	smc_8			Chromosome partition protein Smc
IFBJBKOH_06824	gene	3390	smc_8			
IFBJBKOH_06825	CDS	588				hypothetical protein
IFBJBKOH_06825	gene	588				
IFBJBKOH_06826	CDS	1359	prpC_2	2.3.3.5	COG0372	2-methylcitrate synthase
IFBJBKOH_06826	gene	1359	prpC_2			
IFBJBKOH_06827	CDS	657				hypothetical protein
IFBJBKOH_06827	gene	657				
IFBJBKOH_06828	CDS	345				hypothetical protein
IFBJBKOH_06828	gene	345				
IFBJBKOH_06829	CDS	1377	ffh		COG0541	Signal recognition particle protein
IFBJBKOH_06829	gene	1377	ffh			
IFBJBKOH_06830	CDS	243	rpsP		COG0228	30S ribosomal protein S16
IFBJBKOH_06830	gene	243	rpsP			
IFBJBKOH_06831	CDS	228				hypothetical protein
IFBJBKOH_06831	gene	228				
IFBJBKOH_06832	CDS	513	rimM			Ribosome maturation factor RimM
IFBJBKOH_06832	gene	513	rimM			
IFBJBKOH_06833	CDS	636				hypothetical protein
IFBJBKOH_06833	gene	636				
IFBJBKOH_06834	CDS	2064	mutL_2			DNA mismatch repair protein MutL
IFBJBKOH_06834	gene	2064	mutL_2			
IFBJBKOH_06835	CDS	960	miaA	2.5.1.75	COG0324	tRNA dimethylallyltransferase
IFBJBKOH_06835	gene	960	miaA			
IFBJBKOH_06836	CDS	1296	pat	2.6.1.-		Putative phenylalanine aminotransferase
IFBJBKOH_06836	gene	1296	pat			
IFBJBKOH_06837	CDS	252				hypothetical protein
IFBJBKOH_06837	gene	252				
IFBJBKOH_06838	CDS	696				hypothetical protein
IFBJBKOH_06838	gene	696				
IFBJBKOH_06839	CDS	846	mreC		COG1792	Cell shape-determining protein MreC
IFBJBKOH_06839	gene	846	mreC			
IFBJBKOH_06840	CDS	534				hypothetical protein
IFBJBKOH_06840	gene	534				
IFBJBKOH_06841	CDS	2922	mrdA	3.4.16.4	COG0768	Peptidoglycan D,D-transpeptidase MrdA
IFBJBKOH_06841	gene	2922	mrdA			
IFBJBKOH_06842	CDS	669	minC		COG0850	Septum site-determining protein MinC
IFBJBKOH_06842	gene	669	minC			
IFBJBKOH_06843	CDS	792	minD		COG2894	Septum site-determining protein MinD
IFBJBKOH_06843	gene	792	minD			
IFBJBKOH_06844	CDS	285	minE			Cell division topological specificity factor
IFBJBKOH_06844	gene	285	minE			
IFBJBKOH_06845	CDS	1122	mrdB	2.4.1.129	COG0772	Peptidoglycan glycosyltransferase MrdB
IFBJBKOH_06845	gene	1122	mrdB			
IFBJBKOH_06846	CDS	396	mgsA_2	4.2.3.3	COG1803	Methylglyoxal synthase
IFBJBKOH_06846	gene	396	mgsA_2			
IFBJBKOH_06847	CDS	978	dacB_5	3.4.16.4	COG1686	D-alanyl-D-alanine carboxypeptidase DacB
IFBJBKOH_06847	gene	978	dacB_5			
IFBJBKOH_06848	CDS	420				hypothetical protein
IFBJBKOH_06848	gene	420				
IFBJBKOH_06849	CDS	1401				hypothetical protein
IFBJBKOH_06849	gene	1401				
IFBJBKOH_06850	CDS	681			COG0325	Pyridoxal phosphate homeostasis protein
IFBJBKOH_06850	gene	681				
IFBJBKOH_06851	CDS	510	sepF		COG1799	Cell division protein SepF
IFBJBKOH_06851	gene	510	sepF			
IFBJBKOH_06852	CDS	1095	aroB	4.2.3.4	COG0337	3-dehydroquinate synthase
IFBJBKOH_06852	gene	1095	aroB			
IFBJBKOH_06853	CDS	510	lspA_2	3.4.23.36	COG0597	Lipoprotein signal peptidase
IFBJBKOH_06853	gene	510	lspA_2			
IFBJBKOH_06854	CDS	912	rluD_2	5.4.99.23	COG0564	Ribosomal large subunit pseudouridine synthase D
IFBJBKOH_06854	gene	912	rluD_2			
IFBJBKOH_06855	CDS	660	cmk_9	2.7.4.25		Cytidylate kinase
IFBJBKOH_06855	gene	660	cmk_9			
IFBJBKOH_06856	CDS	1827	glmS	2.6.1.16	COG0449	Glutamine--fructose-6-phosphate aminotransferase [isomerizing]
IFBJBKOH_06856	gene	1827	glmS			
IFBJBKOH_06857	CDS	1572				hypothetical protein
IFBJBKOH_06857	gene	1572				
IFBJBKOH_06858	CDS	1917	tagU_3	2.7.8.-	COG1316	Polyisoprenyl-teichoic acid--peptidoglycan teichoic acid transferase TagU
IFBJBKOH_06858	gene	1917	tagU_3			
IFBJBKOH_06859	CDS	726	ttcA_2	2.8.1.-	COG0037	tRNA-cytidine(32) 2-sulfurtransferase
IFBJBKOH_06859	gene	726	ttcA_2			
IFBJBKOH_06860	CDS	258	ptsH_4		COG1925	Phosphocarrier protein HPr
IFBJBKOH_06860	gene	258	ptsH_4			
IFBJBKOH_06861	CDS	1095				hypothetical protein
IFBJBKOH_06861	gene	1095				
IFBJBKOH_06862	CDS	2421		3.4.13.-	COG0624	Putative dipeptidase
IFBJBKOH_06862	gene	2421				
IFBJBKOH_06863	CDS	747	cutC_4		COG3142	Copper homeostasis protein CutC
IFBJBKOH_06863	gene	747	cutC_4			
IFBJBKOH_06864	CDS	618				hypothetical protein
IFBJBKOH_06864	gene	618				
IFBJBKOH_06865	CDS	270				hypothetical protein
IFBJBKOH_06865	gene	270				
IFBJBKOH_06866	CDS	234				hypothetical protein
IFBJBKOH_06866	gene	234				
IFBJBKOH_06867	CDS	96				hypothetical protein
IFBJBKOH_06867	gene	96				
IFBJBKOH_06868	CDS	420			COG0071	putative Hsp20 family chaperone
IFBJBKOH_06868	gene	420				
IFBJBKOH_06869	CDS	462			COG0071	putative Hsp20 family chaperone
IFBJBKOH_06869	gene	462				
IFBJBKOH_06870	CDS	537				hypothetical protein
IFBJBKOH_06870	gene	537				
IFBJBKOH_06871	CDS	2079	nrdD_3	1.1.98.6	COG1328	Anaerobic ribonucleoside-triphosphate reductase
IFBJBKOH_06871	gene	2079	nrdD_3			
IFBJBKOH_06872	CDS	846	yddE	5.1.-.-	COG0384	putative isomerase YddE
IFBJBKOH_06872	gene	846	yddE			
IFBJBKOH_06873	CDS	297				hypothetical protein
IFBJBKOH_06873	gene	297				
IFBJBKOH_06874	CDS	606				hypothetical protein
IFBJBKOH_06874	gene	606				
IFBJBKOH_06875	CDS	1035	dnaJ_5		COG0484	Chaperone protein DnaJ
IFBJBKOH_06875	gene	1035	dnaJ_5			
IFBJBKOH_06876	CDS	954	msrAB			Peptide methionine sulfoxide reductase MsrA/MsrB
IFBJBKOH_06876	gene	954	msrAB			
IFBJBKOH_06877	CDS	1053	xerS		COG0582	Tyrosine recombinase XerS
IFBJBKOH_06877	gene	1053	xerS			
IFBJBKOH_06878	CDS	681	sapB		COG1285	Protein SapB
IFBJBKOH_06878	gene	681	sapB			
IFBJBKOH_06879	CDS	438			COG0716	Flavodoxin
IFBJBKOH_06879	gene	438				
IFBJBKOH_06880	CDS	618				hypothetical protein
IFBJBKOH_06880	gene	618				
IFBJBKOH_06881	CDS	891	gltC_4			HTH-type transcriptional regulator GltC
IFBJBKOH_06881	gene	891	gltC_4			
IFBJBKOH_06882	CDS	417	atpC_2		COG0355	ATP synthase epsilon chain
IFBJBKOH_06882	gene	417	atpC_2			
IFBJBKOH_06883	CDS	1401	atpD	3.6.3.14	COG0055	ATP synthase subunit beta
IFBJBKOH_06883	gene	1401	atpD			
IFBJBKOH_06884	CDS	894	atpG		COG0224	ATP synthase gamma chain, sodium ion specific
IFBJBKOH_06884	gene	894	atpG			
IFBJBKOH_06885	CDS	1539	atpA_2	3.6.3.14	COG0056	ATP synthase subunit alpha
IFBJBKOH_06885	gene	1539	atpA_2			
IFBJBKOH_06886	CDS	516	atpH			ATP synthase subunit delta
IFBJBKOH_06886	gene	516	atpH			
IFBJBKOH_06887	CDS	492	atpF_2			ATP synthase subunit b, sodium ion specific
IFBJBKOH_06887	gene	492	atpF_2			
IFBJBKOH_06888	CDS	225	atpE_4			ATP synthase subunit c, sodium ion specific
IFBJBKOH_06888	gene	225	atpE_4			
IFBJBKOH_06889	CDS	690	atpB		COG0356	ATP synthase subunit a
IFBJBKOH_06889	gene	690	atpB			
IFBJBKOH_06890	CDS	294	yneA			Cell division suppressor protein YneA
IFBJBKOH_06890	gene	294	yneA			
IFBJBKOH_06891	CDS	627	lexA_4	3.4.21.88	COG1974	LexA repressor
IFBJBKOH_06891	gene	627	lexA_4			
IFBJBKOH_06892	CDS	351	rsfS		COG0799	Ribosomal silencing factor RsfS
IFBJBKOH_06892	gene	351	rsfS			
IFBJBKOH_06893	CDS	639	rny_2	3.1.-.-		Ribonuclease Y
IFBJBKOH_06893	gene	639	rny_2			
IFBJBKOH_06894	CDS	645	nadD	2.7.7.18	COG1057	Nicotinate-nucleotide adenylyltransferase
IFBJBKOH_06894	gene	645	nadD			
IFBJBKOH_06895	CDS	300	yhbY		COG1534	RNA-binding protein YhbY
IFBJBKOH_06895	gene	300	yhbY			
IFBJBKOH_06896	CDS	1290	obg	3.6.5.-	COG0536	GTPase Obg
IFBJBKOH_06896	gene	1290	obg			
IFBJBKOH_06897	CDS	291	rpmA		COG0211	50S ribosomal protein L27
IFBJBKOH_06897	gene	291	rpmA			
IFBJBKOH_06898	CDS	339				hypothetical protein
IFBJBKOH_06898	gene	339				
IFBJBKOH_06899	CDS	309	rplU		COG0261	50S ribosomal protein L21
IFBJBKOH_06899	gene	309	rplU			
IFBJBKOH_06900	CDS	645				hypothetical protein
IFBJBKOH_06900	gene	645				
IFBJBKOH_06901	CDS	1440	trkH		COG0168	Trk system potassium uptake protein TrkH
IFBJBKOH_06901	gene	1440	trkH			
IFBJBKOH_06902	CDS	1356	trkA		COG0569	Trk system potassium uptake protein TrkA
IFBJBKOH_06902	gene	1356	trkA			
IFBJBKOH_06903	CDS	1158	rng	3.1.26.-	COG1530	Ribonuclease G
IFBJBKOH_06903	gene	1158	rng			
IFBJBKOH_06904	CDS	756				hypothetical protein
IFBJBKOH_06904	gene	756				
IFBJBKOH_06905	CDS	1869				hypothetical protein
IFBJBKOH_06905	gene	1869				
IFBJBKOH_06906	CDS	2073	bglY_2	3.2.1.23	COG1874	Beta-galactosidase BglY
IFBJBKOH_06906	gene	2073	bglY_2			
IFBJBKOH_06907	CDS	810	lacG_3			Lactose transport system permease protein LacG
IFBJBKOH_06907	gene	810	lacG_3			
IFBJBKOH_06908	CDS	897	lacF_13			Lactose transport system permease protein LacF
IFBJBKOH_06908	gene	897	lacF_13			
IFBJBKOH_06909	CDS	1317	lacE_2			Lactose-binding protein
IFBJBKOH_06909	gene	1317	lacE_2			
IFBJBKOH_06910	CDS	942	rhaS_11			HTH-type transcriptional activator RhaS
IFBJBKOH_06910	gene	942	rhaS_11			
IFBJBKOH_06911	CDS	1530				hypothetical protein
IFBJBKOH_06911	gene	1530				
IFBJBKOH_06912	CDS	375				hypothetical protein
IFBJBKOH_06912	gene	375				
IFBJBKOH_06913	CDS	1191		1.1.1.38		NAD-dependent malic enzyme
IFBJBKOH_06913	gene	1191				
IFBJBKOH_06914	CDS	1374	fumC	4.2.1.2		Fumarate hydratase class II
IFBJBKOH_06914	gene	1374	fumC			
IFBJBKOH_06915	CDS	1437	aspA	4.3.1.1	COG1027	Aspartate ammonia-lyase
IFBJBKOH_06915	gene	1437	aspA			
IFBJBKOH_06916	CDS	906	pyrD_2	1.3.1.14	COG0167	Dihydroorotate dehydrogenase B (NAD(+)), catalytic subunit
IFBJBKOH_06916	gene	906	pyrD_2			
IFBJBKOH_06917	CDS	714	pyrK_2		COG0543	Dihydroorotate dehydrogenase B (NAD(+)), electron transfer subunit
IFBJBKOH_06917	gene	714	pyrK_2			
IFBJBKOH_06918	CDS	1449	panF		COG4145	Sodium/pantothenate symporter
IFBJBKOH_06918	gene	1449	panF			
IFBJBKOH_06919	CDS	219				hypothetical protein
IFBJBKOH_06919	gene	219				
IFBJBKOH_06920	CDS	1287	pyrC_2	3.5.2.3	COG0044	Dihydroorotase
IFBJBKOH_06920	gene	1287	pyrC_2			
IFBJBKOH_06921	CDS	1215		3.-.-.-	COG0624	putative hydrolase
IFBJBKOH_06921	gene	1215				
IFBJBKOH_06922	CDS	1185	pucR_4		COG2508	Purine catabolism regulatory protein
IFBJBKOH_06922	gene	1185	pucR_4			
IFBJBKOH_06923	CDS	816				hypothetical protein
IFBJBKOH_06923	gene	816				
IFBJBKOH_06924	CDS	585				hypothetical protein
IFBJBKOH_06924	gene	585				
IFBJBKOH_06925	CDS	252				hypothetical protein
IFBJBKOH_06925	gene	252				
IFBJBKOH_06926	CDS	780	ribX_3			Riboflavin transport system permease protein RibX
IFBJBKOH_06926	gene	780	ribX_3			
IFBJBKOH_06927	CDS	1101	ribY		COG0715	Riboflavin-binding protein RibY
IFBJBKOH_06927	gene	1101	ribY			
IFBJBKOH_06928	CDS	792	udp_3	2.4.2.3	COG2820	Uridine phosphorylase
IFBJBKOH_06928	gene	792	udp_3			
IFBJBKOH_06929	CDS	786	ribX_4			Riboflavin transport system permease protein RibX
IFBJBKOH_06929	gene	786	ribX_4			
IFBJBKOH_06930	CDS	747	ssuB_3	3.6.3.-	COG1116	Aliphatic sulfonates import ATP-binding protein SsuB
IFBJBKOH_06930	gene	747	ssuB_3			
IFBJBKOH_06931	CDS	738	kdgR_4		COG1414	Transcriptional regulator KdgR
IFBJBKOH_06931	gene	738	kdgR_4			
IFBJBKOH_06932	CDS	234				hypothetical protein
IFBJBKOH_06932	gene	234				
IFBJBKOH_06933	CDS	744				hypothetical protein
IFBJBKOH_06933	gene	744				
IFBJBKOH_06934	CDS	1275	ulaA_4		COG3037	Ascorbate-specific PTS system EIIC component
IFBJBKOH_06934	gene	1275	ulaA_4			
IFBJBKOH_06935	CDS	288				hypothetical protein
IFBJBKOH_06935	gene	288				
IFBJBKOH_06936	CDS	435	ulaC_2		COG1762	Ascorbate-specific PTS system EIIA component
IFBJBKOH_06936	gene	435	ulaC_2			
IFBJBKOH_06937	CDS	1914	mtlR_2			Transcriptional regulator MtlR
IFBJBKOH_06937	gene	1914	mtlR_2			
IFBJBKOH_06938	CDS	930	tetD_5			Transposon Tn10 TetD protein
IFBJBKOH_06938	gene	930	tetD_5			
IFBJBKOH_06939	CDS	582				hypothetical protein
IFBJBKOH_06939	gene	582				
IFBJBKOH_06940	CDS	846		3.6.3.-	COG1131	Fluoroquinolones export ATP-binding protein
IFBJBKOH_06940	gene	846				
IFBJBKOH_06941	CDS	684				hypothetical protein
IFBJBKOH_06941	gene	684				
IFBJBKOH_06942	CDS	699				Fluoroquinolones export permease protein
IFBJBKOH_06942	gene	699				
IFBJBKOH_06943	CDS	129				hypothetical protein
IFBJBKOH_06943	gene	129				
IFBJBKOH_06944	CDS	540	sttH	3.5.2.19		Streptothricin hydrolase
IFBJBKOH_06944	gene	540	sttH			
IFBJBKOH_06945	CDS	384	hxlR_2		COG1733	HTH-type transcriptional activator HxlR
IFBJBKOH_06945	gene	384	hxlR_2			
IFBJBKOH_06946	CDS	417				hypothetical protein
IFBJBKOH_06946	gene	417				
IFBJBKOH_06947	CDS	753	suhB	3.1.3.25	COG0483	Inositol-1-monophosphatase
IFBJBKOH_06947	gene	753	suhB			
IFBJBKOH_06948	CDS	465				hypothetical protein
IFBJBKOH_06948	gene	465				
IFBJBKOH_06949	CDS	576	ybdM		COG1475	putative protein YbdM
IFBJBKOH_06949	gene	576	ybdM			
IFBJBKOH_06950	CDS	1326	tilS_2	6.3.4.19		tRNA(Ile)-lysidine synthase
IFBJBKOH_06950	gene	1326	tilS_2			
IFBJBKOH_06951	CDS	618	dxs_10	2.2.1.7	COG1154	1-deoxy-D-xylulose-5-phosphate synthase
IFBJBKOH_06951	gene	618	dxs_10			
IFBJBKOH_06952	CDS	312	tkt_4	2.2.1.1		Transketolase
IFBJBKOH_06952	gene	312	tkt_4			
IFBJBKOH_06953	CDS	357	tktA_4	2.2.1.1	COG0021	Transketolase 1
IFBJBKOH_06953	gene	357	tktA_4			
IFBJBKOH_06954	CDS	696	glcC		COG2186	Glc operon transcriptional activator
IFBJBKOH_06954	gene	696	glcC			
IFBJBKOH_06955	CDS	147				hypothetical protein
IFBJBKOH_06955	gene	147				
IFBJBKOH_06956	CDS	207				hypothetical protein
IFBJBKOH_06956	gene	207				
IFBJBKOH_06957	CDS	453	spo0A_11		COG0784	Stage 0 sporulation protein A
IFBJBKOH_06957	gene	453	spo0A_11			
IFBJBKOH_06958	CDS	420				hypothetical protein
IFBJBKOH_06958	gene	420				
IFBJBKOH_06959	CDS	747				Insertion sequence IS5376 putative ATP-binding protein
IFBJBKOH_06959	gene	747				
IFBJBKOH_06960	CDS	1557				hypothetical protein
IFBJBKOH_06960	gene	1557				
IFBJBKOH_06961	CDS	675				hypothetical protein
IFBJBKOH_06961	gene	675				
IFBJBKOH_06962	CDS	540	agrB_10	3.4.-.-		Accessory gene regulator protein B
IFBJBKOH_06962	gene	540	agrB_10			
IFBJBKOH_06963	CDS	1281				hypothetical protein
IFBJBKOH_06963	gene	1281				
IFBJBKOH_06964	CDS	729	lytR_5		COG3279	Sensory transduction protein LytR
IFBJBKOH_06964	gene	729	lytR_5			
IFBJBKOH_06965	CDS	192				hypothetical protein
IFBJBKOH_06965	gene	192				
IFBJBKOH_06966	CDS	687	regX3_4		COG0745	Sensory transduction protein regX3
IFBJBKOH_06966	gene	687	regX3_4			
IFBJBKOH_06967	CDS	1044	phoR_7	2.7.13.3	COG0642	Alkaline phosphatase synthesis sensor protein PhoR
IFBJBKOH_06967	gene	1044	phoR_7			
IFBJBKOH_06968	CDS	684	macB_3	3.6.3.-		Macrolide export ATP-binding/permease protein MacB
IFBJBKOH_06968	gene	684	macB_3			
IFBJBKOH_06969	CDS	1800				hypothetical protein
IFBJBKOH_06969	gene	1800				
IFBJBKOH_06970	CDS	1659	apr	3.4.21.62		Subtilisin
IFBJBKOH_06970	gene	1659	apr			
IFBJBKOH_06971	CDS	1323	chuR_2	1.1.99.-	COG0641	Anaerobic sulfatase-maturating enzyme
IFBJBKOH_06971	gene	1323	chuR_2			
IFBJBKOH_06972	CDS	1806	hepA		COG1132	Heterocyst differentiation ATP-binding protein HepA
IFBJBKOH_06972	gene	1806	hepA			
IFBJBKOH_06973	CDS	654	soxS_4			Regulatory protein SoxS
IFBJBKOH_06973	gene	654	soxS_4			
IFBJBKOH_06974	CDS	159				hypothetical protein
IFBJBKOH_06974	gene	159				
IFBJBKOH_06975	CDS	501				hypothetical protein
IFBJBKOH_06975	gene	501				
IFBJBKOH_06976	CDS	786				hypothetical protein
IFBJBKOH_06976	gene	786				
IFBJBKOH_06977	CDS	945	yhdJ_2	2.1.1.72	COG0863	DNA adenine methyltransferase YhdJ
IFBJBKOH_06977	gene	945	yhdJ_2			
IFBJBKOH_06978	CDS	1320				hypothetical protein
IFBJBKOH_06978	gene	1320				
IFBJBKOH_06979	CDS	795				hypothetical protein
IFBJBKOH_06979	gene	795				
IFBJBKOH_06980	CDS	258				hypothetical protein
IFBJBKOH_06980	gene	258				
IFBJBKOH_06981	CDS	567				hypothetical protein
IFBJBKOH_06981	gene	567				
IFBJBKOH_06982	CDS	2820				hypothetical protein
IFBJBKOH_06982	gene	2820				
IFBJBKOH_06983	CDS	744				hypothetical protein
IFBJBKOH_06983	gene	744				
IFBJBKOH_06984	CDS	378				hypothetical protein
IFBJBKOH_06984	gene	378				
IFBJBKOH_06985	CDS	141				hypothetical protein
IFBJBKOH_06985	gene	141				
IFBJBKOH_06986	CDS	1032	phoR_8	2.7.13.3	COG0642	Alkaline phosphatase synthesis sensor protein PhoR
IFBJBKOH_06986	gene	1032	phoR_8			
IFBJBKOH_06987	CDS	693	sphR_2		COG0745	Alkaline phosphatase synthesis transcriptional regulatory protein SphR
IFBJBKOH_06987	gene	693	sphR_2			
IFBJBKOH_06988	CDS	216				hypothetical protein
IFBJBKOH_06988	gene	216				
IFBJBKOH_06989	CDS	939				hypothetical protein
IFBJBKOH_06989	gene	939				
IFBJBKOH_06990	CDS	192				hypothetical protein
IFBJBKOH_06990	gene	192				
IFBJBKOH_06991	CDS	765	mta		COG0789	HTH-type transcriptional activator mta
IFBJBKOH_06991	gene	765	mta			
IFBJBKOH_06992	CDS	924				hypothetical protein
IFBJBKOH_06992	gene	924				
IFBJBKOH_06993	CDS	639				hypothetical protein
IFBJBKOH_06993	gene	639				
IFBJBKOH_06994	CDS	2247	agaA_2	3.2.1.22		Alpha-galactosidase AgaA
IFBJBKOH_06994	gene	2247	agaA_2			
IFBJBKOH_06995	CDS	1359	melB_5		COG2211	Melibiose carrier protein
IFBJBKOH_06995	gene	1359	melB_5			
IFBJBKOH_06996	CDS	843	araC_7			Arabinose operon regulatory protein
IFBJBKOH_06996	gene	843	araC_7			
IFBJBKOH_06997	CDS	1200				hypothetical protein
IFBJBKOH_06997	gene	1200				
IFBJBKOH_06998	CDS	1266				hypothetical protein
IFBJBKOH_06998	gene	1266				
IFBJBKOH_06999	CDS	768				hypothetical protein
IFBJBKOH_06999	gene	768				
IFBJBKOH_07000	CDS	1545				hypothetical protein
IFBJBKOH_07000	gene	1545				
IFBJBKOH_07001	CDS	1059	pdaC_2	3.5.1.-	COG0726	Peptidoglycan-N-acetylmuramic acid deacetylase PdaC
IFBJBKOH_07001	gene	1059	pdaC_2			
IFBJBKOH_07002	CDS	453				hypothetical protein
IFBJBKOH_07002	gene	453				
IFBJBKOH_07003	CDS	771				hypothetical protein
IFBJBKOH_07003	gene	771				
IFBJBKOH_07004	CDS	1014	aziB2	2.1.1.302		3-hydroxy-5-methyl-1-naphthoate 3-O-methyltransferase
IFBJBKOH_07004	gene	1014	aziB2			
IFBJBKOH_07005	CDS	2223	pbp		COG0768	Beta-lactam-inducible penicillin-binding protein
IFBJBKOH_07005	gene	2223	pbp			
IFBJBKOH_07006	CDS	1743				hypothetical protein
IFBJBKOH_07006	gene	1743				
IFBJBKOH_07007	CDS	906	nadA	2.5.1.72	COG0379	Quinolinate synthase A
IFBJBKOH_07007	gene	906	nadA			
IFBJBKOH_07008	CDS	1218	nadB_2	1.4.3.16	COG0029	L-aspartate oxidase
IFBJBKOH_07008	gene	1218	nadB_2			
IFBJBKOH_07009	CDS	858	nadC	2.4.2.19	COG0157	Nicotinate-nucleotide pyrophosphorylase [carboxylating]
IFBJBKOH_07009	gene	858	nadC			
IFBJBKOH_07010	CDS	549	niaR		COG1827	putative transcription repressor NiaR
IFBJBKOH_07010	gene	549	niaR			
IFBJBKOH_07011	CDS	807	ypbG		COG1408	putative protein YpbG
IFBJBKOH_07011	gene	807	ypbG			
IFBJBKOH_07012	CDS	273				hypothetical protein
IFBJBKOH_07012	gene	273				
IFBJBKOH_07013	CDS	888				hypothetical protein
IFBJBKOH_07013	gene	888				
IFBJBKOH_07014	CDS	1290	pepT_2	3.4.11.4	COG2195	Peptidase T
IFBJBKOH_07014	gene	1290	pepT_2			
IFBJBKOH_07015	CDS	1314	hisI	3.5.4.19	COG0139	Phosphoribosyl-AMP cyclohydrolase
IFBJBKOH_07015	gene	1314	hisI			
IFBJBKOH_07016	CDS	720	hisA	5.3.1.16	COG0106	1-(5-phosphoribosyl)-5-[(5-phosphoribosylamino)methylideneamino] imidazole-4-carboxamide isomerase
IFBJBKOH_07016	gene	720	hisA			
IFBJBKOH_07017	CDS	1002				hypothetical protein
IFBJBKOH_07017	gene	1002				
IFBJBKOH_07018	CDS	588	hisB		COG0131	Histidine biosynthesis bifunctional protein HisB
IFBJBKOH_07018	gene	588	hisB			
IFBJBKOH_07019	CDS	1293	hisD	1.1.1.23	COG0141	Histidinol dehydrogenase
IFBJBKOH_07019	gene	1293	hisD			
IFBJBKOH_07020	CDS	654	hisG	2.4.2.17	COG0040	ATP phosphoribosyltransferase
IFBJBKOH_07020	gene	654	hisG			
IFBJBKOH_07021	CDS	1266	hisZ		COG3705	ATP phosphoribosyltransferase regulatory subunit
IFBJBKOH_07021	gene	1266	hisZ			
IFBJBKOH_07022	CDS	534	recU	3.1.22.-		Holliday junction resolvase RecU
IFBJBKOH_07022	gene	534	recU			
IFBJBKOH_07023	CDS	378				hypothetical protein
IFBJBKOH_07023	gene	378				
IFBJBKOH_07024	CDS	117				hypothetical protein
IFBJBKOH_07024	gene	117				
IFBJBKOH_07025	CDS	639	rsgI7			Anti-sigma-I factor RsgI7
IFBJBKOH_07025	gene	639	rsgI7			
IFBJBKOH_07026	CDS	552	fabR			HTH-type transcriptional repressor FabR
IFBJBKOH_07026	gene	552	fabR			
IFBJBKOH_07027	CDS	663				hypothetical protein
IFBJBKOH_07027	gene	663				
IFBJBKOH_07028	CDS	801	tipA			HTH-type transcriptional activator TipA
IFBJBKOH_07028	gene	801	tipA			
IFBJBKOH_07029	CDS	471				hypothetical protein
IFBJBKOH_07029	gene	471				
IFBJBKOH_07030	CDS	102				hypothetical protein
IFBJBKOH_07030	gene	102				
IFBJBKOH_07031	CDS	1095	trpS2	6.1.1.2	COG0180	Tryptophan--tRNA ligase 2
IFBJBKOH_07031	gene	1095	trpS2			
IFBJBKOH_07032	CDS	1122	rluC	5.4.99.24	COG0564	Ribosomal large subunit pseudouridine synthase C
IFBJBKOH_07032	gene	1122	rluC			
IFBJBKOH_07033	CDS	765	sdh_2	1.1.1.276		Serine 3-dehydrogenase
IFBJBKOH_07033	gene	765	sdh_2			
IFBJBKOH_07034	CDS	1932				hypothetical protein
IFBJBKOH_07034	gene	1932				
IFBJBKOH_07035	CDS	663		3.1.3.-	COG0637	Phosphorylated carbohydrates phosphatase
IFBJBKOH_07035	gene	663				
IFBJBKOH_07036	CDS	858	rsuA	5.4.99.19	COG1187	Ribosomal small subunit pseudouridine synthase A
IFBJBKOH_07036	gene	858	rsuA			
IFBJBKOH_07037	CDS	1470	rsmF_2	2.1.1.-	COG0144	Ribosomal RNA small subunit methyltransferase F
IFBJBKOH_07037	gene	1470	rsmF_2			
IFBJBKOH_07038	CDS	159				hypothetical protein
IFBJBKOH_07038	gene	159				
IFBJBKOH_07039	CDS	453				hypothetical protein
IFBJBKOH_07039	gene	453				
IFBJBKOH_07040	CDS	1284				hypothetical protein
IFBJBKOH_07040	gene	1284				
IFBJBKOH_07041	CDS	912	lytH_2	3.4.-.-	COG0739	L-Ala--D-Glu endopeptidase
IFBJBKOH_07041	gene	912	lytH_2			
IFBJBKOH_07042	CDS	975	ylbJ		COG3314	Sporulation integral membrane protein YlbJ
IFBJBKOH_07042	gene	975	ylbJ			
IFBJBKOH_07043	CDS	639				hypothetical protein
IFBJBKOH_07043	gene	639				
IFBJBKOH_07044	CDS	495	coaD_2	2.7.7.3	COG0669	Phosphopantetheine adenylyltransferase
IFBJBKOH_07044	gene	495	coaD_2			
IFBJBKOH_07045	CDS	558	rsmD	2.1.1.171	COG0742	Ribosomal RNA small subunit methyltransferase D
IFBJBKOH_07045	gene	558	rsmD			
IFBJBKOH_07046	CDS	678				putative protein
IFBJBKOH_07046	gene	678				
IFBJBKOH_07047	CDS	288				hypothetical protein
IFBJBKOH_07047	gene	288				
IFBJBKOH_07048	CDS	1458				hypothetical protein
IFBJBKOH_07048	gene	1458				
IFBJBKOH_07049	CDS	336				hypothetical protein
IFBJBKOH_07049	gene	336				
IFBJBKOH_07050	CDS	1320				hypothetical protein
IFBJBKOH_07050	gene	1320				
IFBJBKOH_07051	CDS	195				hypothetical protein
IFBJBKOH_07051	gene	195				
IFBJBKOH_07052	CDS	195				hypothetical protein
IFBJBKOH_07052	gene	195				
IFBJBKOH_07053	CDS	204				Small, acid-soluble spore protein beta
IFBJBKOH_07053	gene	204				
IFBJBKOH_07054	CDS	516	frp	1.5.1.38		NADPH-flavin oxidoreductase
IFBJBKOH_07054	gene	516	frp			
IFBJBKOH_07055	CDS	2058	recG	3.6.4.12		ATP-dependent DNA helicase RecG
IFBJBKOH_07055	gene	2058	recG			
IFBJBKOH_07056	CDS	873	gmuE	2.7.1.4	COG1940	Putative fructokinase
IFBJBKOH_07056	gene	873	gmuE			
IFBJBKOH_07057	CDS	969	glcK_2	2.7.1.2	COG1940	Glucokinase
IFBJBKOH_07057	gene	969	glcK_2			
IFBJBKOH_07058	CDS	705	ybhL		COG0670	Inner membrane protein YbhL
IFBJBKOH_07058	gene	705	ybhL			
IFBJBKOH_07059	CDS	1725				putative protein
IFBJBKOH_07059	gene	1725				
IFBJBKOH_07060	CDS	357				putative protein
IFBJBKOH_07060	gene	357				
IFBJBKOH_07061	CDS	186	rpmB		COG0227	50S ribosomal protein L28
IFBJBKOH_07061	gene	186	rpmB			
IFBJBKOH_07062	CDS	138				hypothetical protein
IFBJBKOH_07062	gene	138				
IFBJBKOH_07063	CDS	429				hypothetical protein
IFBJBKOH_07063	gene	429				
IFBJBKOH_07064	CDS	1050				hypothetical protein
IFBJBKOH_07064	gene	1050				
IFBJBKOH_07065	CDS	300				hypothetical protein
IFBJBKOH_07065	gene	300				
IFBJBKOH_07066	CDS	1341				hypothetical protein
IFBJBKOH_07066	gene	1341				
IFBJBKOH_07067	CDS	1245	cinA_2		COG1058	Putative competence-damage inducible protein
IFBJBKOH_07067	gene	1245	cinA_2			
IFBJBKOH_07068	CDS	543	pgsA_2	2.7.8.5		CDP-diacylglycerol--glycerol-3-phosphate 3-phosphatidyltransferase
IFBJBKOH_07068	gene	543	pgsA_2			
IFBJBKOH_07069	CDS	1356	rimO	2.8.4.4	COG0621	Ribosomal protein S12 methylthiotransferase RimO
IFBJBKOH_07069	gene	1356	rimO			
IFBJBKOH_07070	CDS	264	rpoZ	2.7.7.6		DNA-directed RNA polymerase subunit omega
IFBJBKOH_07070	gene	264	rpoZ			
IFBJBKOH_07071	CDS	684	gmk_2	2.7.4.8		Guanylate kinase
IFBJBKOH_07071	gene	684	gmk_2			
IFBJBKOH_07072	CDS	879				hypothetical protein
IFBJBKOH_07072	gene	879				
IFBJBKOH_07073	CDS	1746	yloA		COG1293	putative protein YloA
IFBJBKOH_07073	gene	1746	yloA			
IFBJBKOH_07074	CDS	369				hypothetical protein
IFBJBKOH_07074	gene	369				
IFBJBKOH_07075	CDS	177	rpsU		COG0828	30S ribosomal protein S21
IFBJBKOH_07075	gene	177	rpsU			
IFBJBKOH_07076	CDS	2649	alaS_2	6.1.1.7	COG0013	Alanine--tRNA ligase
IFBJBKOH_07076	gene	2649	alaS_2			
IFBJBKOH_07077	CDS	975				hypothetical protein
IFBJBKOH_07077	gene	975				
IFBJBKOH_07078	CDS	483	rnhA	3.1.26.4	COG0328	Ribonuclease HI
IFBJBKOH_07078	gene	483	rnhA			
IFBJBKOH_07079	CDS	1608		3.1.-.-	COG1236	Ribonuclease
IFBJBKOH_07079	gene	1608				
IFBJBKOH_07080	CDS	1272	spoIVA	3.6.1.3		Stage IV sporulation protein A
IFBJBKOH_07080	gene	1272	spoIVA			
