Protein_name,Localization,Cell_wall_surface,Extracellular,Cytoplasmic,Cytoplasmic_Membrane,Outer_Membrane,Periplasmic
IFBJBKOH_00001,Cytoplasmic,0.0014,0.0004,0.9967,0.0002,0.0013,0.0000
IFBJBKOH_00002,Cytoplasmic Membrane,0.0001,0.0012,0.2725,0.6456,0.0791,0.0016
IFBJBKOH_00003,Cytoplasmic Membrane,0.0001,0.0003,0.0316,0.9505,0.0168,0.0008
IFBJBKOH_00004,Cytoplasmic Membrane,0.0000,0.0000,0.0000,0.9998,0.0002,0.0000
IFBJBKOH_00005,Cytoplasmic Membrane,0.0000,0.0000,0.0000,0.9996,0.0003,0.0000
IFBJBKOH_00006,Outer Membrane,0.0027,0.0113,0.0006,0.4273,0.5123,0.0458
IFBJBKOH_00007,Cytoplasmic,0.0000,0.0004,0.9875,0.0013,0.0095,0.0012
IFBJBKOH_00008,Cytoplasmic Membrane,0.0000,0.0000,0.0000,0.9998,0.0001,0.0000
IFBJBKOH_00009,Cytoplasmic,0.0000,0.0000,0.9832,0.0037,0.0131,0.0000
IFBJBKOH_00010,Cytoplasmic,0.0004,0.2149,0.7430,0.0039,0.0122,0.0258
IFBJBKOH_00011,Cytoplasmic,0.0003,0.0116,0.8417,0.0581,0.0878,0.0004
IFBJBKOH_00012,Cytoplasmic,0.0000,0.2831,0.5935,0.0050,0.1159,0.0024
IFBJBKOH_00013,Cytoplasmic,0.0000,0.0005,0.9944,0.0003,0.0038,0.0010
IFBJBKOH_00014,Cytoplasmic,0.0001,0.0047,0.9788,0.0086,0.0012,0.0066
IFBJBKOH_00015,Cytoplasmic,0.0001,0.0015,0.9923,0.0004,0.0056,0.0000
IFBJBKOH_00016,Cytoplasmic,0.0000,0.0001,0.9957,0.0017,0.0025,0.0001
IFBJBKOH_00017,Cytoplasmic Membrane,0.0010,0.0091,0.0023,0.9755,0.0120,0.0002
IFBJBKOH_00018,Outer Membrane,0.0000,0.0000,0.1765,0.0001,0.8233,0.0001
IFBJBKOH_00019,Cytoplasmic Membrane,0.0000,0.0000,0.0007,0.9987,0.0005,0.0000
IFBJBKOH_00020,Cytoplasmic,0.0001,0.0015,0.9676,0.0003,0.0291,0.0015
IFBJBKOH_00021,Cytoplasmic,0.0003,0.0009,0.9676,0.0062,0.0245,0.0005
IFBJBKOH_00022,Cytoplasmic,0.0001,0.0013,0.9583,0.0254,0.0074,0.0075
IFBJBKOH_00023,Cytoplasmic Membrane,0.0058,0.0891,0.0174,0.3810,0.2633,0.2435
IFBJBKOH_00024,Cytoplasmic Membrane,0.0000,0.0000,0.0000,0.9997,0.0003,0.0000
IFBJBKOH_00025,Cytoplasmic Membrane,0.0000,0.0000,0.0000,0.9996,0.0004,0.0000
IFBJBKOH_00026,Cytoplasmic Membrane,0.0001,0.0003,0.0529,0.9210,0.0252,0.0005
IFBJBKOH_00027,Cytoplasmic,0.0019,0.0366,0.9434,0.0009,0.0147,0.0025
IFBJBKOH_00028,Cytoplasmic,0.0000,0.0127,0.9679,0.0185,0.0003,0.0006
IFBJBKOH_00029,Cytoplasmic,0.0000,0.0002,0.9983,0.0010,0.0005,0.0000
IFBJBKOH_00030,Cytoplasmic,0.0005,0.0206,0.8796,0.0747,0.0205,0.0042
IFBJBKOH_00031,Cytoplasmic,0.0000,0.0002,0.9926,0.0058,0.0002,0.0011
IFBJBKOH_00032,Cytoplasmic,0.0001,0.0254,0.9421,0.0006,0.0277,0.0041
IFBJBKOH_00033,Cytoplasmic,0.0002,0.0064,0.9848,0.0051,0.0008,0.0028
IFBJBKOH_00034,Cytoplasmic Membrane,0.0000,0.0028,0.0005,0.9953,0.0010,0.0003
IFBJBKOH_00035,Cytoplasmic,0.0000,0.0001,0.9979,0.0002,0.0013,0.0005
IFBJBKOH_00036,Cytoplasmic,0.0000,0.0002,0.9911,0.0031,0.0055,0.0002
IFBJBKOH_00037,Cytoplasmic,0.0001,0.0024,0.9893,0.0017,0.0064,0.0002
IFBJBKOH_00038,Cytoplasmic,0.0000,0.0003,0.9940,0.0025,0.0030,0.0001
IFBJBKOH_00039,Cytoplasmic,0.0001,0.0014,0.9762,0.0080,0.0133,0.0011
IFBJBKOH_00040,Cytoplasmic,0.0000,0.0005,0.7661,0.1065,0.0307,0.0960
IFBJBKOH_00041,Cytoplasmic,0.0001,0.0056,0.4807,0.2567,0.0065,0.2504
IFBJBKOH_00042,Cytoplasmic Membrane,0.0001,0.0744,0.2952,0.6126,0.0105,0.0072
IFBJBKOH_00043,Cytoplasmic Membrane,0.0004,0.0125,0.0007,0.9761,0.0102,0.0000
IFBJBKOH_00044,Cytoplasmic Membrane,0.0000,0.0000,0.0001,0.9997,0.0003,0.0000
IFBJBKOH_00045,Extracellular,0.0158,0.3964,0.0176,0.2566,0.1641,0.1496
IFBJBKOH_00046,Cytoplasmic,0.0000,0.0000,0.9996,0.0001,0.0001,0.0001
IFBJBKOH_00047,Cytoplasmic,0.0002,0.0010,0.9166,0.0495,0.0324,0.0002
IFBJBKOH_00048,Cytoplasmic Membrane,0.0001,0.0002,0.0399,0.9533,0.0064,0.0000
IFBJBKOH_00049,Cytoplasmic,0.0000,0.0018,0.6779,0.3183,0.0018,0.0002
IFBJBKOH_00050,Extracellular,0.3109,0.6673,0.0003,0.0022,0.0189,0.0004
IFBJBKOH_00051,Cytoplasmic,0.0024,0.1508,0.8183,0.0063,0.0211,0.0011
IFBJBKOH_00052,Cytoplasmic,0.0002,0.0144,0.9067,0.0287,0.0317,0.0183
IFBJBKOH_00053,Cytoplasmic,0.0001,0.0008,0.9606,0.0131,0.0168,0.0086
IFBJBKOH_00054,Cytoplasmic Membrane,0.0000,0.0000,0.0000,0.9998,0.0002,0.0000
IFBJBKOH_00055,Cytoplasmic Membrane,0.0000,0.0001,0.0000,0.9989,0.0010,0.0000
IFBJBKOH_00056,Extracellular,0.0093,0.7725,0.0006,0.0744,0.0318,0.1115
IFBJBKOH_00057,Cytoplasmic,0.0048,0.2111,0.7396,0.0017,0.0369,0.0059
IFBJBKOH_00058,Cytoplasmic,0.0000,0.0002,0.9784,0.0105,0.0047,0.0062
IFBJBKOH_00059,Cytoplasmic,0.0000,0.0014,0.9912,0.0012,0.0062,0.0000
IFBJBKOH_00060,Extracellular,0.0008,0.4795,0.4635,0.0431,0.0032,0.0099
IFBJBKOH_00061,Extracellular,0.0002,0.5112,0.2088,0.1246,0.1461,0.0091
IFBJBKOH_00062,Cytoplasmic,0.0000,0.0000,0.9927,0.0006,0.0066,0.0001
IFBJBKOH_00063,Cytoplasmic Membrane,0.0000,0.0000,0.0000,0.9998,0.0002,0.0000
IFBJBKOH_00064,Cytoplasmic Membrane,0.0000,0.0000,0.0000,0.9998,0.0001,0.0000
IFBJBKOH_00065,Cytoplasmic,0.0001,0.1476,0.4294,0.2919,0.1290,0.0021
IFBJBKOH_00066,Cytoplasmic,0.0001,0.0008,0.9941,0.0017,0.0032,0.0000
IFBJBKOH_00067,Cytoplasmic,0.0000,0.0001,0.9904,0.0003,0.0088,0.0004
IFBJBKOH_00068,Cytoplasmic,0.0002,0.0023,0.9961,0.0009,0.0004,0.0002
IFBJBKOH_00069,Cytoplasmic,0.0002,0.0003,0.9971,0.0009,0.0013,0.0003
IFBJBKOH_00070,Cytoplasmic,0.0000,0.0001,0.9985,0.0004,0.0009,0.0000
IFBJBKOH_00071,Cytoplasmic,0.0004,0.0010,0.9692,0.0200,0.0084,0.0010
IFBJBKOH_00072,Cytoplasmic Membrane,0.0000,0.0002,0.0000,0.9996,0.0003,0.0000
IFBJBKOH_00073,Cytoplasmic,0.0001,0.1411,0.8073,0.0027,0.0481,0.0007
IFBJBKOH_00074,Cytoplasmic,0.0002,0.0065,0.9803,0.0010,0.0119,0.0002
IFBJBKOH_00075,Cytoplasmic,0.0001,0.4133,0.5464,0.0150,0.0245,0.0007
IFBJBKOH_00076,Cytoplasmic,0.0000,0.0010,0.9883,0.0065,0.0020,0.0022
IFBJBKOH_00077,Cytoplasmic,0.0000,0.0020,0.8189,0.0005,0.1781,0.0004
IFBJBKOH_00078,Cytoplasmic,0.0005,0.0024,0.8533,0.0109,0.1311,0.0018
IFBJBKOH_00079,Cytoplasmic,0.0000,0.0000,0.9970,0.0000,0.0029,0.0000
IFBJBKOH_00080,Extracellular,0.0645,0.3332,0.1410,0.3092,0.0150,0.1370
IFBJBKOH_00081,Cytoplasmic Membrane,0.0032,0.0050,0.0006,0.8245,0.1665,0.0002
IFBJBKOH_00082,Cytoplasmic,0.0000,0.0005,0.9922,0.0005,0.0057,0.0011
IFBJBKOH_00083,Cytoplasmic,0.0001,0.0022,0.9029,0.0016,0.0909,0.0024
IFBJBKOH_00084,Cytoplasmic,0.0000,0.0040,0.9876,0.0059,0.0024,0.0000
IFBJBKOH_00085,Cytoplasmic,0.0003,0.0204,0.9284,0.0064,0.0443,0.0002
IFBJBKOH_00086,Cytoplasmic,0.0000,0.0001,0.9871,0.0006,0.0121,0.0001
IFBJBKOH_00087,Periplasmic,0.0005,0.0111,0.4247,0.0843,0.0089,0.4705
IFBJBKOH_00088,Cytoplasmic,0.0001,0.4253,0.4473,0.0141,0.1108,0.0024
IFBJBKOH_00089,Cytoplasmic,0.0000,0.0001,0.9988,0.0007,0.0004,0.0000
IFBJBKOH_00090,Cytoplasmic Membrane,0.0023,0.2633,0.0012,0.7053,0.0274,0.0006
IFBJBKOH_00091,Cytoplasmic Membrane,0.0000,0.0013,0.0010,0.9919,0.0058,0.0000
IFBJBKOH_00092,Cytoplasmic,0.0001,0.0020,0.9490,0.0177,0.0271,0.0041
IFBJBKOH_00093,Periplasmic,0.0077,0.3292,0.0441,0.1164,0.0203,0.4822
IFBJBKOH_00094,Cytoplasmic Membrane,0.0001,0.0009,0.0051,0.9809,0.0100,0.0030
IFBJBKOH_00095,Cytoplasmic,0.0012,0.0839,0.8466,0.0081,0.0227,0.0375
IFBJBKOH_00096,Cytoplasmic Membrane,0.0000,0.0002,0.0001,0.9983,0.0014,0.0000
IFBJBKOH_00097,Cytoplasmic Membrane,0.0000,0.0000,0.0020,0.9965,0.0015,0.0000
IFBJBKOH_00098,Cytoplasmic Membrane,0.0001,0.0051,0.0057,0.9745,0.0145,0.0001
IFBJBKOH_00099,Cytoplasmic Membrane,0.0099,0.0609,0.0003,0.9103,0.0174,0.0013
IFBJBKOH_00100,Cytoplasmic,0.0000,0.0000,0.9980,0.0009,0.0011,0.0000
IFBJBKOH_00101,Cytoplasmic,0.0000,0.0001,0.9935,0.0023,0.0036,0.0004
IFBJBKOH_00102,Cytoplasmic,0.0000,0.0036,0.9941,0.0019,0.0003,0.0001
IFBJBKOH_00103,Cytoplasmic Membrane,0.0046,0.0119,0.0030,0.9402,0.0392,0.0010
IFBJBKOH_00104,Cytoplasmic,0.0000,0.0771,0.8952,0.0254,0.0023,0.0000
IFBJBKOH_00105,Cytoplasmic,0.0000,0.0001,0.9994,0.0004,0.0000,0.0000
IFBJBKOH_00106,Cytoplasmic Membrane,0.0000,0.0000,0.0000,0.9998,0.0002,0.0000
IFBJBKOH_00107,Cytoplasmic,0.0002,0.0043,0.9579,0.0272,0.0094,0.0010
IFBJBKOH_00108,Cytoplasmic,0.0000,0.0000,0.9978,0.0000,0.0021,0.0001
IFBJBKOH_00109,Cytoplasmic,0.0000,0.0001,0.9957,0.0000,0.0037,0.0005
IFBJBKOH_00110,Cytoplasmic,0.0003,0.0043,0.9242,0.0696,0.0014,0.0002
IFBJBKOH_00111,Cytoplasmic,0.0001,0.0134,0.9388,0.0398,0.0079,0.0001
IFBJBKOH_00112,Cytoplasmic,0.0019,0.0525,0.7873,0.1469,0.0096,0.0018
IFBJBKOH_00113,Cytoplasmic,0.0003,0.0020,0.8199,0.0016,0.1722,0.0039
IFBJBKOH_00114,Cytoplasmic,0.0003,0.0095,0.9501,0.0245,0.0148,0.0007
IFBJBKOH_00115,Cytoplasmic,0.0003,0.0042,0.9825,0.0105,0.0022,0.0003
IFBJBKOH_00116,Cytoplasmic,0.0000,0.0000,0.9940,0.0010,0.0049,0.0000
IFBJBKOH_00117,Cytoplasmic,0.0006,0.0014,0.9633,0.0156,0.0182,0.0009
IFBJBKOH_00118,Cytoplasmic,0.0004,0.0019,0.9627,0.0096,0.0251,0.0003
IFBJBKOH_00119,Cytoplasmic,0.0010,0.0075,0.9010,0.0522,0.0325,0.0058
IFBJBKOH_00120,Cytoplasmic,0.0000,0.0000,0.9989,0.0001,0.0010,0.0000
IFBJBKOH_00121,Cytoplasmic,0.0000,0.0005,0.9957,0.0003,0.0013,0.0023
IFBJBKOH_00122,Cytoplasmic,0.0000,0.0013,0.9980,0.0003,0.0002,0.0001
IFBJBKOH_00123,Cytoplasmic,0.0001,0.3878,0.4177,0.0053,0.1884,0.0007
IFBJBKOH_00124,Cytoplasmic Membrane,0.0000,0.0000,0.0000,0.9995,0.0005,0.0000
IFBJBKOH_00125,Cytoplasmic Membrane,0.0000,0.0000,0.0557,0.9328,0.0111,0.0004
IFBJBKOH_00126,Cytoplasmic Membrane,0.0055,0.0747,0.0007,0.4488,0.4057,0.0647
IFBJBKOH_00127,Cytoplasmic Membrane,0.0260,0.1965,0.0022,0.6416,0.1112,0.0225
IFBJBKOH_00128,Cytoplasmic Membrane,0.0001,0.0002,0.0005,0.9955,0.0038,0.0000
IFBJBKOH_00129,Cytoplasmic Membrane,0.0000,0.0000,0.0000,0.9991,0.0009,0.0000
IFBJBKOH_00130,Cytoplasmic,0.0002,0.0003,0.9898,0.0073,0.0023,0.0001
IFBJBKOH_00131,Cytoplasmic,0.0001,0.2776,0.7206,0.0001,0.0006,0.0011
IFBJBKOH_00132,Cytoplasmic,0.0010,0.0072,0.8069,0.1306,0.0513,0.0031
IFBJBKOH_00133,Cytoplasmic,0.0012,0.0156,0.9463,0.0154,0.0192,0.0022
IFBJBKOH_00134,Cytoplasmic,0.0000,0.0034,0.9801,0.0109,0.0042,0.0014
IFBJBKOH_00135,Cytoplasmic,0.0001,0.0087,0.9890,0.0007,0.0004,0.0012
IFBJBKOH_00136,Cytoplasmic Membrane,0.0000,0.0007,0.0091,0.9866,0.0031,0.0004
IFBJBKOH_00137,Cytoplasmic,0.0000,0.0000,0.9992,0.0007,0.0000,0.0000
IFBJBKOH_00138,Cytoplasmic Membrane,0.0001,0.0001,0.0125,0.9863,0.0010,0.0000
IFBJBKOH_00139,Cytoplasmic,0.0000,0.0004,0.9990,0.0003,0.0002,0.0001
IFBJBKOH_00140,Cytoplasmic,0.0001,0.0030,0.9866,0.0078,0.0021,0.0005
IFBJBKOH_00141,Cytoplasmic,0.0000,0.0005,0.9981,0.0008,0.0002,0.0005
IFBJBKOH_00142,Cytoplasmic,0.0000,0.0004,0.9933,0.0059,0.0001,0.0003
IFBJBKOH_00143,Cytoplasmic,0.0000,0.0018,0.9976,0.0001,0.0004,0.0002
IFBJBKOH_00144,Cytoplasmic,0.0000,0.0003,0.9980,0.0011,0.0001,0.0004
IFBJBKOH_00145,Cytoplasmic,0.0000,0.0035,0.9958,0.0001,0.0006,0.0000
IFBJBKOH_00146,Cytoplasmic,0.0000,0.0041,0.9954,0.0001,0.0002,0.0001
IFBJBKOH_00147,Cytoplasmic,0.0008,0.0006,0.9822,0.0007,0.0152,0.0004
IFBJBKOH_00148,Cytoplasmic,0.0000,0.0020,0.9927,0.0020,0.0032,0.0000
IFBJBKOH_00149,Cytoplasmic Membrane,0.0000,0.0009,0.0027,0.9946,0.0018,0.0000
IFBJBKOH_00150,Cytoplasmic,0.0002,0.0001,0.9807,0.0014,0.0175,0.0002
IFBJBKOH_00151,Cytoplasmic,0.0000,0.0000,0.9997,0.0000,0.0002,0.0001
IFBJBKOH_00152,Cytoplasmic,0.0001,0.0004,0.9327,0.0285,0.0367,0.0016
IFBJBKOH_00153,Cytoplasmic,0.0002,0.0074,0.8931,0.0272,0.0703,0.0018
IFBJBKOH_00154,Cytoplasmic,0.0001,0.0010,0.9806,0.0134,0.0049,0.0000
IFBJBKOH_00155,Cytoplasmic,0.0000,0.0018,0.9866,0.0001,0.0024,0.0091
IFBJBKOH_00156,Cytoplasmic,0.0000,0.0009,0.9978,0.0001,0.0011,0.0001
IFBJBKOH_00157,Cytoplasmic,0.0000,0.3858,0.5684,0.0193,0.0237,0.0027
IFBJBKOH_00158,Cytoplasmic,0.0005,0.0100,0.5919,0.3916,0.0050,0.0009
IFBJBKOH_00159,Cytoplasmic Membrane,0.0000,0.0000,0.0000,0.9991,0.0009,0.0000
IFBJBKOH_00160,Cytoplasmic,0.0002,0.0231,0.9375,0.0210,0.0090,0.0092
IFBJBKOH_00161,Cytoplasmic,0.0021,0.0851,0.8863,0.0174,0.0076,0.0015
IFBJBKOH_00162,Cytoplasmic,0.0010,0.0029,0.9105,0.0060,0.0758,0.0038
IFBJBKOH_00163,Cytoplasmic,0.0042,0.0788,0.6685,0.0589,0.1753,0.0143
IFBJBKOH_00164,Cytoplasmic Membrane,0.0000,0.0000,0.0001,0.9988,0.0010,0.0000
IFBJBKOH_00165,Extracellular,0.0059,0.9929,0.0002,0.0001,0.0008,0.0002
IFBJBKOH_00166,Cytoplasmic,0.0001,0.0006,0.9121,0.0028,0.0843,0.0002
IFBJBKOH_00167,Cytoplasmic,0.0000,0.0017,0.9945,0.0027,0.0006,0.0005
IFBJBKOH_00168,Cytoplasmic,0.0001,0.0035,0.9892,0.0042,0.0027,0.0004
IFBJBKOH_00169,Cytoplasmic,0.0002,0.0010,0.9851,0.0127,0.0009,0.0001
IFBJBKOH_00170,Cytoplasmic,0.0005,0.0028,0.9628,0.0321,0.0012,0.0006
IFBJBKOH_00171,Cytoplasmic,0.0001,0.0278,0.9530,0.0052,0.0133,0.0006
IFBJBKOH_00172,Cytoplasmic,0.0001,0.0015,0.9364,0.0032,0.0583,0.0005
IFBJBKOH_00173,Extracellular,0.0001,0.5551,0.4319,0.0000,0.0126,0.0002
IFBJBKOH_00174,Cytoplasmic,0.0217,0.0489,0.7508,0.0046,0.1707,0.0032
IFBJBKOH_00175,Cytoplasmic,0.0002,0.0053,0.9702,0.0054,0.0142,0.0046
IFBJBKOH_00176,Cytoplasmic,0.0001,0.0069,0.9809,0.0069,0.0047,0.0005
IFBJBKOH_00177,Cytoplasmic Membrane,0.0087,0.1537,0.0003,0.4914,0.0464,0.2995
IFBJBKOH_00178,Extracellular,0.0994,0.8192,0.0079,0.0507,0.0224,0.0003
IFBJBKOH_00179,Cytoplasmic Membrane,0.0000,0.0002,0.0007,0.9976,0.0015,0.0000
IFBJBKOH_00180,Cytoplasmic Membrane,0.0000,0.0000,0.0000,0.9991,0.0008,0.0000
IFBJBKOH_00181,Cytoplasmic,0.0004,0.1162,0.8546,0.0019,0.0038,0.0232
IFBJBKOH_00182,Cytoplasmic,0.0001,0.2413,0.7480,0.0040,0.0037,0.0029
IFBJBKOH_00183,Cytoplasmic,0.0005,0.1579,0.6472,0.0184,0.1747,0.0013
IFBJBKOH_00184,Cytoplasmic,0.0086,0.0605,0.8476,0.0531,0.0264,0.0039
IFBJBKOH_00185,Extracellular,0.0013,0.3780,0.2527,0.3401,0.0272,0.0008
IFBJBKOH_00186,Cytoplasmic,0.0000,0.0058,0.9602,0.0310,0.0029,0.0001
IFBJBKOH_00187,Cytoplasmic,0.0001,0.0944,0.4939,0.3421,0.0087,0.0609
IFBJBKOH_00188,Cytoplasmic,0.0003,0.0012,0.9914,0.0017,0.0045,0.0010
IFBJBKOH_00189,Cytoplasmic,0.0004,0.1984,0.7788,0.0038,0.0148,0.0037
IFBJBKOH_00190,Cytoplasmic,0.0002,0.0755,0.8926,0.0102,0.0214,0.0001
IFBJBKOH_00191,Cytoplasmic Membrane,0.0020,0.2223,0.3256,0.4260,0.0234,0.0007
IFBJBKOH_00192,Cytoplasmic,0.0005,0.0120,0.9686,0.0032,0.0149,0.0008
IFBJBKOH_00193,Cytoplasmic,0.0006,0.0291,0.6918,0.0926,0.1767,0.0091
IFBJBKOH_00194,Cytoplasmic,0.0013,0.0319,0.6154,0.2236,0.1205,0.0073
IFBJBKOH_00195,Cytoplasmic,0.0004,0.0709,0.8478,0.0541,0.0268,0.0001
IFBJBKOH_00196,Cytoplasmic,0.0004,0.1046,0.7632,0.0263,0.1054,0.0001
IFBJBKOH_00197,Cytoplasmic,0.0000,0.0018,0.9927,0.0044,0.0010,0.0000
IFBJBKOH_00198,Cytoplasmic Membrane,0.0000,0.0000,0.0000,0.9996,0.0004,0.0000
IFBJBKOH_00199,Cytoplasmic Membrane,0.0000,0.0000,0.0000,0.9997,0.0002,0.0000
IFBJBKOH_00200,Cytoplasmic Membrane,0.0001,0.0004,0.0557,0.8729,0.0706,0.0002
IFBJBKOH_00201,Cytoplasmic,0.0063,0.0331,0.9416,0.0122,0.0055,0.0013
IFBJBKOH_00202,Cytoplasmic,0.0016,0.0206,0.9171,0.0011,0.0220,0.0376
IFBJBKOH_00203,Cytoplasmic,0.0001,0.0432,0.9439,0.0039,0.0059,0.0030
IFBJBKOH_00204,Cytoplasmic,0.0000,0.2619,0.6984,0.0016,0.0380,0.0001
IFBJBKOH_00205,Cytoplasmic,0.0004,0.0929,0.8699,0.0213,0.0149,0.0006
IFBJBKOH_00206,Cytoplasmic,0.0002,0.3657,0.4421,0.0962,0.0312,0.0645
IFBJBKOH_00207,Cytoplasmic,0.0004,0.0084,0.9660,0.0188,0.0058,0.0007
IFBJBKOH_00208,Cytoplasmic,0.0004,0.0683,0.7747,0.1488,0.0076,0.0002
IFBJBKOH_00209,Extracellular,0.0052,0.7483,0.2374,0.0024,0.0014,0.0053
IFBJBKOH_00210,Extracellular,0.0031,0.7821,0.1969,0.0012,0.0077,0.0091
IFBJBKOH_00211,Cytoplasmic,0.0015,0.0192,0.8987,0.0133,0.0666,0.0008
IFBJBKOH_00212,Cytoplasmic Membrane,0.0000,0.0000,0.0000,1.0000,0.0000,0.0000
IFBJBKOH_00213,Cytoplasmic Membrane,0.0018,0.0543,0.0001,0.8120,0.1281,0.0037
IFBJBKOH_00214,Cytoplasmic Membrane,0.0003,0.0004,0.1352,0.7925,0.0713,0.0002
IFBJBKOH_00215,Cytoplasmic,0.0011,0.2062,0.7412,0.0086,0.0421,0.0009
IFBJBKOH_00216,Cytoplasmic Membrane,0.0001,0.0032,0.0001,0.9845,0.0121,0.0000
IFBJBKOH_00217,Extracellular,0.0003,0.4716,0.3965,0.0817,0.0433,0.0067
IFBJBKOH_00218,Cytoplasmic,0.0002,0.0096,0.9499,0.0068,0.0200,0.0134
IFBJBKOH_00219,Cytoplasmic Membrane,0.0005,0.0184,0.2441,0.4949,0.0528,0.1892
IFBJBKOH_00220,Cytoplasmic,0.0009,0.2807,0.6912,0.0188,0.0084,0.0001
IFBJBKOH_00222,Cytoplasmic,0.0000,0.0002,0.9536,0.0072,0.0350,0.0040
IFBJBKOH_00223,Cytoplasmic,0.1053,0.2704,0.3685,0.2255,0.0235,0.0068
IFBJBKOH_00224,Cytoplasmic,0.0008,0.0012,0.9495,0.0091,0.0385,0.0010
IFBJBKOH_00225,Cytoplasmic,0.0000,0.0008,0.8503,0.0067,0.1415,0.0006
IFBJBKOH_00226,Cytoplasmic,0.0001,0.0006,0.9880,0.0066,0.0046,0.0001
IFBJBKOH_00227,Cytoplasmic,0.0000,0.0001,0.9980,0.0015,0.0003,0.0000
IFBJBKOH_00231,Cytoplasmic,0.0075,0.1710,0.8056,0.0035,0.0044,0.0079
IFBJBKOH_00232,Cytoplasmic,0.0000,0.0193,0.9735,0.0030,0.0031,0.0010
IFBJBKOH_00233,Cytoplasmic,0.0001,0.0016,0.9754,0.0012,0.0207,0.0010
IFBJBKOH_00234,Cytoplasmic Membrane,0.0000,0.0000,0.0000,0.9998,0.0002,0.0000
IFBJBKOH_00235,Cytoplasmic Membrane,0.0001,0.0003,0.0567,0.8996,0.0422,0.0012
IFBJBKOH_00236,Cytoplasmic Membrane,0.0009,0.0013,0.0001,0.6012,0.3762,0.0204
IFBJBKOH_00237,Cytoplasmic,0.0003,0.0284,0.9562,0.0046,0.0068,0.0036
IFBJBKOH_00238,Cytoplasmic,0.0000,0.0017,0.9909,0.0006,0.0064,0.0004
IFBJBKOH_00239,Cytoplasmic,0.0005,0.0007,0.8501,0.1089,0.0392,0.0006
IFBJBKOH_00240,Cytoplasmic,0.0001,0.0229,0.9719,0.0023,0.0026,0.0003
IFBJBKOH_00241,Cytoplasmic,0.0003,0.0026,0.8568,0.0674,0.0683,0.0047
IFBJBKOH_00242,Cytoplasmic,0.0000,0.0003,0.9925,0.0068,0.0001,0.0003
IFBJBKOH_00243,Cytoplasmic,0.0000,0.0003,0.9986,0.0008,0.0001,0.0000
IFBJBKOH_00244,Cytoplasmic Membrane,0.0001,0.0027,0.0006,0.9922,0.0043,0.0001
IFBJBKOH_00245,Cytoplasmic Membrane,0.0001,0.0065,0.0006,0.8963,0.0803,0.0161
IFBJBKOH_00246,Cytoplasmic,0.0000,0.0008,0.9961,0.0006,0.0022,0.0002
IFBJBKOH_00247,Cytoplasmic Membrane,0.0000,0.0000,0.0003,0.9943,0.0053,0.0000
IFBJBKOH_00248,Cytoplasmic Membrane,0.0000,0.0001,0.0002,0.9970,0.0027,0.0000
IFBJBKOH_00249,Cytoplasmic,0.0001,0.0018,0.9526,0.0226,0.0064,0.0165
IFBJBKOH_00250,Cytoplasmic,0.0000,0.0014,0.9793,0.0139,0.0053,0.0001
IFBJBKOH_00251,Cytoplasmic,0.0001,0.0046,0.9924,0.0011,0.0016,0.0001
IFBJBKOH_00252,Cytoplasmic,0.0000,0.0000,0.9970,0.0001,0.0022,0.0007
IFBJBKOH_00253,Cytoplasmic,0.0003,0.2412,0.7049,0.0161,0.0059,0.0316
IFBJBKOH_00254,Cytoplasmic,0.0001,0.0046,0.9676,0.0024,0.0175,0.0077
IFBJBKOH_00255,Extracellular,0.0001,0.5550,0.1631,0.1542,0.1265,0.0011
IFBJBKOH_00256,Cytoplasmic,0.0000,0.0001,0.9039,0.0191,0.0615,0.0153
IFBJBKOH_00257,Cytoplasmic,0.0000,0.0000,0.9828,0.0062,0.0108,0.0001
IFBJBKOH_00258,Cytoplasmic,0.0000,0.0000,0.9822,0.0039,0.0087,0.0051
IFBJBKOH_00259,Cytoplasmic Membrane,0.0017,0.0058,0.0012,0.9839,0.0073,0.0001
IFBJBKOH_00260,Extracellular,0.0898,0.9026,0.0001,0.0005,0.0047,0.0023
IFBJBKOH_00261,Extracellular,0.0359,0.5167,0.1176,0.2287,0.0467,0.0545
IFBJBKOH_00262,Cytoplasmic,0.0000,0.0010,0.9878,0.0064,0.0048,0.0001
IFBJBKOH_00263,Cytoplasmic,0.0000,0.0001,0.9831,0.0167,0.0000,0.0000
IFBJBKOH_00264,Cytoplasmic,0.0001,0.0021,0.9816,0.0070,0.0018,0.0074
IFBJBKOH_00265,Outer Membrane,0.0115,0.0016,0.2350,0.0393,0.7074,0.0052
IFBJBKOH_00266,Cytoplasmic Membrane,0.0035,0.0820,0.0059,0.8808,0.0238,0.0041
IFBJBKOH_00267,Cytoplasmic,0.0000,0.0036,0.9959,0.0002,0.0001,0.0002
IFBJBKOH_00268,Cytoplasmic Membrane,0.0000,0.0000,0.0000,0.9997,0.0002,0.0000
IFBJBKOH_00269,Cytoplasmic Membrane,0.0000,0.0000,0.0000,0.9997,0.0003,0.0000
IFBJBKOH_00270,Cytoplasmic,0.0000,0.0001,0.9971,0.0002,0.0015,0.0010
IFBJBKOH_00271,Cytoplasmic,0.0000,0.0005,0.9554,0.0016,0.0420,0.0005
IFBJBKOH_00272,Cytoplasmic Membrane,0.0001,0.1233,0.0306,0.8328,0.0110,0.0021
IFBJBKOH_00273,Cytoplasmic,0.0000,0.0007,0.9899,0.0007,0.0085,0.0002
IFBJBKOH_00274,Cytoplasmic,0.0007,0.0173,0.9011,0.0109,0.0508,0.0193
IFBJBKOH_00275,Cytoplasmic Membrane,0.0002,0.0055,0.0032,0.9880,0.0030,0.0001
IFBJBKOH_00276,Cytoplasmic,0.0000,0.0001,0.6156,0.3709,0.0131,0.0002
IFBJBKOH_00277,Cytoplasmic,0.0004,0.0008,0.9920,0.0018,0.0034,0.0017
IFBJBKOH_00278,Cytoplasmic Membrane,0.0000,0.0001,0.0037,0.9864,0.0097,0.0000
IFBJBKOH_00279,Cytoplasmic,0.0000,0.0008,0.9966,0.0017,0.0008,0.0001
IFBJBKOH_00280,Cytoplasmic Membrane,0.0000,0.0001,0.0000,0.9991,0.0009,0.0000
IFBJBKOH_00281,Cytoplasmic,0.0020,0.1391,0.7381,0.0767,0.0434,0.0006
IFBJBKOH_00282,Cytoplasmic Membrane,0.0001,0.0019,0.0002,0.9956,0.0022,0.0000
IFBJBKOH_00283,Cytoplasmic,0.0007,0.0036,0.5883,0.0683,0.2396,0.0996
IFBJBKOH_00284,Cytoplasmic,0.0000,0.0011,0.9970,0.0002,0.0010,0.0007
IFBJBKOH_00285,Cytoplasmic Membrane,0.0426,0.3373,0.0182,0.5860,0.0156,0.0004
IFBJBKOH_00286,Cytoplasmic Membrane,0.0000,0.0000,0.0000,0.9996,0.0004,0.0000
IFBJBKOH_00287,Cytoplasmic Membrane,0.0052,0.0049,0.3113,0.5373,0.0791,0.0622
IFBJBKOH_00288,Cytoplasmic Membrane,0.0000,0.0001,0.0001,0.9988,0.0010,0.0000
IFBJBKOH_00289,Cytoplasmic Membrane,0.0000,0.0001,0.0002,0.9969,0.0028,0.0000
IFBJBKOH_00290,Cytoplasmic Membrane,0.0004,0.0030,0.0005,0.9498,0.0462,0.0001
IFBJBKOH_00291,Cytoplasmic Membrane,0.0000,0.0003,0.0001,0.9920,0.0075,0.0001
IFBJBKOH_00292,Cytoplasmic,0.0001,0.0007,0.7085,0.2144,0.0234,0.0530
IFBJBKOH_00293,Cytoplasmic Membrane,0.0000,0.0000,0.0000,0.9997,0.0002,0.0000
IFBJBKOH_00294,Cytoplasmic Membrane,0.0000,0.0004,0.0001,0.9990,0.0005,0.0000
IFBJBKOH_00295,Cytoplasmic,0.0000,0.0022,0.9711,0.0044,0.0221,0.0002
IFBJBKOH_00296,Cytoplasmic,0.0056,0.0029,0.9892,0.0005,0.0018,0.0000
IFBJBKOH_00297,Cytoplasmic,0.0000,0.0006,0.7687,0.0473,0.0123,0.1711
IFBJBKOH_00298,Cytoplasmic,0.0006,0.0091,0.9329,0.0254,0.0271,0.0049
IFBJBKOH_00299,Cytoplasmic,0.0000,0.0000,0.9967,0.0000,0.0031,0.0001
IFBJBKOH_00300,Cytoplasmic,0.0000,0.0000,0.9972,0.0001,0.0026,0.0000
IFBJBKOH_00301,Cytoplasmic,0.0000,0.0002,0.9968,0.0002,0.0026,0.0003
IFBJBKOH_00302,Cytoplasmic Membrane,0.0000,0.0001,0.2822,0.7112,0.0060,0.0005
IFBJBKOH_00303,Cytoplasmic,0.0001,0.0001,0.9387,0.0028,0.0582,0.0001
IFBJBKOH_00304,Cytoplasmic,0.0000,0.0005,0.9993,0.0001,0.0001,0.0000
IFBJBKOH_00305,Cytoplasmic,0.0000,0.0009,0.6048,0.3424,0.0516,0.0002
IFBJBKOH_00306,Cytoplasmic Membrane,0.0001,0.0221,0.0002,0.9264,0.0512,0.0000
IFBJBKOH_00307,Outer Membrane,0.0009,0.0004,0.0000,0.4877,0.4941,0.0169
IFBJBKOH_00308,Cytoplasmic Membrane,0.0000,0.0000,0.0000,1.0000,0.0000,0.0000
IFBJBKOH_00309,Cytoplasmic Membrane,0.0001,0.0003,0.1156,0.8665,0.0171,0.0004
IFBJBKOH_00310,Extracellular,0.0000,0.6683,0.0495,0.0013,0.0010,0.2799
IFBJBKOH_00311,Cytoplasmic,0.0005,0.0077,0.9822,0.0007,0.0039,0.0051
IFBJBKOH_00312,Cytoplasmic,0.0000,0.0000,0.9968,0.0000,0.0029,0.0002
IFBJBKOH_00313,Cytoplasmic,0.0000,0.0000,0.9791,0.0004,0.0203,0.0002
IFBJBKOH_00314,Cytoplasmic Membrane,0.0353,0.0347,0.0000,0.5793,0.3411,0.0096
IFBJBKOH_00315,Cytoplasmic Membrane,0.0000,0.0000,0.0000,0.9998,0.0002,0.0000
IFBJBKOH_00316,Cytoplasmic Membrane,0.0000,0.0000,0.0000,0.9993,0.0006,0.0000
IFBJBKOH_00317,Cytoplasmic Membrane,0.0003,0.0006,0.3124,0.6473,0.0363,0.0030
IFBJBKOH_00318,Cytoplasmic,0.0049,0.2003,0.7540,0.0014,0.0327,0.0066
IFBJBKOH_00319,Cytoplasmic,0.0003,0.0008,0.9747,0.0126,0.0113,0.0003
IFBJBKOH_00320,Cytoplasmic,0.0002,0.2928,0.3955,0.2575,0.0477,0.0062
IFBJBKOH_00321,Extracellular,0.0144,0.8416,0.0180,0.0915,0.0099,0.0246
IFBJBKOH_00322,Cytoplasmic Membrane,0.0028,0.4536,0.0007,0.5143,0.0276,0.0010
IFBJBKOH_00323,Cytoplasmic,0.0141,0.0067,0.8213,0.1569,0.0009,0.0001
IFBJBKOH_00324,Cytoplasmic,0.0000,0.0027,0.9924,0.0033,0.0014,0.0002
IFBJBKOH_00325,Cytoplasmic,0.0003,0.0019,0.9953,0.0012,0.0010,0.0004
IFBJBKOH_00326,Cytoplasmic,0.0018,0.1398,0.8065,0.0129,0.0389,0.0002
IFBJBKOH_00327,Cytoplasmic,0.0015,0.0434,0.9182,0.0025,0.0334,0.0011
IFBJBKOH_00328,Cytoplasmic,0.0010,0.0151,0.9272,0.0381,0.0181,0.0005
IFBJBKOH_00329,Cytoplasmic,0.0027,0.1492,0.8079,0.0048,0.0323,0.0032
IFBJBKOH_00330,Cytoplasmic,0.0048,0.2180,0.7324,0.0017,0.0379,0.0054
IFBJBKOH_00331,Cytoplasmic Membrane,0.0002,0.0073,0.0028,0.9526,0.0371,0.0001
IFBJBKOH_00332,Cytoplasmic,0.0006,0.1085,0.8106,0.0427,0.0374,0.0001
IFBJBKOH_00333,Cytoplasmic Membrane,0.0000,0.0003,0.0000,0.9963,0.0034,0.0000
IFBJBKOH_00334,Cytoplasmic,0.0031,0.1072,0.7625,0.0932,0.0335,0.0004
IFBJBKOH_00335,Cytoplasmic,0.0022,0.0082,0.8703,0.1067,0.0125,0.0002
IFBJBKOH_00336,Cytoplasmic,0.0036,0.0066,0.8461,0.1396,0.0039,0.0001
IFBJBKOH_00337,Cytoplasmic,0.0007,0.0101,0.9788,0.0010,0.0063,0.0030
IFBJBKOH_00338,Cytoplasmic,0.0000,0.0135,0.9812,0.0013,0.0010,0.0029
IFBJBKOH_00339,Cytoplasmic,0.0000,0.0347,0.9583,0.0008,0.0027,0.0035
IFBJBKOH_00340,Cytoplasmic,0.0003,0.0074,0.9174,0.0650,0.0098,0.0001
IFBJBKOH_00341,Cytoplasmic,0.0012,0.0040,0.9810,0.0004,0.0133,0.0001
IFBJBKOH_00342,Cytoplasmic,0.0008,0.0091,0.9582,0.0021,0.0291,0.0006
IFBJBKOH_00343,Cytoplasmic,0.0001,0.0051,0.9320,0.0594,0.0033,0.0000
IFBJBKOH_00344,Cytoplasmic,0.0009,0.0096,0.9026,0.0419,0.0449,0.0001
IFBJBKOH_00345,Cytoplasmic,0.0001,0.1195,0.7415,0.1157,0.0205,0.0026
IFBJBKOH_00346,Cytoplasmic,0.0109,0.3603,0.3671,0.0201,0.0316,0.2101
IFBJBKOH_00347,Extracellular,0.0006,0.5553,0.1340,0.0711,0.0597,0.1793
IFBJBKOH_00348,Cytoplasmic Membrane,0.0000,0.0042,0.0005,0.9923,0.0030,0.0000
IFBJBKOH_00349,Cytoplasmic,0.0024,0.0538,0.8930,0.0083,0.0383,0.0041
IFBJBKOH_00350,Cytoplasmic,0.0001,0.0959,0.7975,0.0858,0.0200,0.0008
IFBJBKOH_00351,Cytoplasmic,0.0004,0.0109,0.9158,0.0662,0.0067,0.0000
IFBJBKOH_00352,Cytoplasmic,0.0031,0.0739,0.9090,0.0008,0.0130,0.0001
IFBJBKOH_00353,Cytoplasmic,0.0001,0.0019,0.5504,0.4177,0.0161,0.0137
IFBJBKOH_00354,Cytoplasmic,0.0000,0.0001,0.9963,0.0002,0.0033,0.0001
IFBJBKOH_00355,Cytoplasmic,0.0000,0.0010,0.9984,0.0001,0.0005,0.0001
IFBJBKOH_00356,Cytoplasmic,0.0000,0.0022,0.9951,0.0005,0.0021,0.0001
IFBJBKOH_00357,Cytoplasmic,0.0000,0.0001,0.9987,0.0002,0.0009,0.0002
IFBJBKOH_00358,Cytoplasmic,0.0001,0.0018,0.9751,0.0069,0.0160,0.0001
IFBJBKOH_00359,Cytoplasmic,0.0004,0.4434,0.5014,0.0093,0.0115,0.0340
IFBJBKOH_00360,Cytoplasmic Membrane,0.0000,0.0000,0.0000,0.9999,0.0001,0.0000
IFBJBKOH_00361,Cytoplasmic Membrane,0.0000,0.0000,0.0000,1.0000,0.0000,0.0000
IFBJBKOH_00362,Cytoplasmic Membrane,0.0020,0.0584,0.0017,0.5949,0.2060,0.1370
IFBJBKOH_00363,Cytoplasmic,0.0000,0.0002,0.9978,0.0006,0.0013,0.0001
IFBJBKOH_00364,Cytoplasmic Membrane,0.0000,0.0001,0.0000,0.9950,0.0049,0.0000
IFBJBKOH_00365,Cytoplasmic,0.0000,0.2738,0.5880,0.0922,0.0423,0.0036
IFBJBKOH_00366,Cytoplasmic,0.0002,0.0020,0.9717,0.0217,0.0043,0.0000
IFBJBKOH_00367,Cytoplasmic,0.0012,0.0048,0.9216,0.0164,0.0558,0.0003
IFBJBKOH_00368,Extracellular,0.1177,0.5133,0.3405,0.0056,0.0075,0.0154
IFBJBKOH_00369,Cytoplasmic,0.0004,0.0015,0.9361,0.0363,0.0255,0.0001
IFBJBKOH_00370,Cytoplasmic Membrane,0.0000,0.0002,0.0055,0.9937,0.0006,0.0000
IFBJBKOH_00371,Cytoplasmic,0.0001,0.0019,0.9776,0.0028,0.0107,0.0069
IFBJBKOH_00372,Cytoplasmic,0.0000,0.0079,0.9871,0.0025,0.0022,0.0002
IFBJBKOH_00373,Cytoplasmic,0.0003,0.0618,0.8028,0.0124,0.0222,0.1005
IFBJBKOH_00374,Cytoplasmic,0.0001,0.2560,0.6060,0.0630,0.0740,0.0009
IFBJBKOH_00375,Cytoplasmic,0.0001,0.0022,0.9949,0.0004,0.0021,0.0003
IFBJBKOH_00376,Cytoplasmic,0.0004,0.0057,0.9327,0.0475,0.0106,0.0030
IFBJBKOH_00377,Cytoplasmic,0.0000,0.0012,0.9982,0.0002,0.0002,0.0001
IFBJBKOH_00378,Cytoplasmic Membrane,0.0000,0.0000,0.0000,0.9999,0.0001,0.0000
IFBJBKOH_00379,Cytoplasmic Membrane,0.0000,0.0002,0.0000,0.9985,0.0013,0.0000
IFBJBKOH_00380,Cytoplasmic Membrane,0.0083,0.0761,0.0041,0.6622,0.1691,0.0802
IFBJBKOH_00381,Cytoplasmic,0.0000,0.0917,0.9075,0.0001,0.0008,0.0000
IFBJBKOH_00382,Cytoplasmic,0.0003,0.0029,0.9647,0.0014,0.0306,0.0001
IFBJBKOH_00383,Cytoplasmic,0.0004,0.0198,0.9680,0.0011,0.0101,0.0006
IFBJBKOH_00384,Cytoplasmic,0.0003,0.0006,0.9601,0.0101,0.0281,0.0008
IFBJBKOH_00385,Cytoplasmic Membrane,0.0000,0.0005,0.0000,0.9968,0.0026,0.0000
IFBJBKOH_00386,Cytoplasmic,0.0000,0.0048,0.9932,0.0012,0.0005,0.0004
IFBJBKOH_00387,Cytoplasmic Membrane,0.0000,0.0002,0.0000,0.9994,0.0004,0.0000
IFBJBKOH_00388,Cytoplasmic,0.0002,0.0008,0.9820,0.0004,0.0162,0.0004
IFBJBKOH_00389,Cytoplasmic Membrane,0.0000,0.0000,0.0000,0.9998,0.0002,0.0000
IFBJBKOH_00390,Cytoplasmic Membrane,0.0008,0.0025,0.0014,0.9903,0.0049,0.0001
IFBJBKOH_00391,Cytoplasmic Membrane,0.0003,0.0044,0.0006,0.9930,0.0016,0.0001
IFBJBKOH_00392,Cytoplasmic Membrane,0.0000,0.0002,0.0000,0.9978,0.0019,0.0000
IFBJBKOH_00393,Cytoplasmic,0.0000,0.0000,0.9985,0.0001,0.0013,0.0000
IFBJBKOH_00394,Cytoplasmic,0.0000,0.0009,0.9801,0.0026,0.0145,0.0019
IFBJBKOH_00395,Cytoplasmic Membrane,0.0000,0.0000,0.0000,0.9998,0.0002,0.0000
IFBJBKOH_00396,Cytoplasmic,0.0000,0.0002,0.9757,0.0130,0.0104,0.0006
IFBJBKOH_00397,Cytoplasmic,0.0000,0.0001,0.9935,0.0002,0.0058,0.0004
IFBJBKOH_00398,Cytoplasmic Membrane,0.0000,0.0000,0.0000,0.9997,0.0002,0.0000
IFBJBKOH_00399,Cytoplasmic Membrane,0.0005,0.0031,0.1792,0.7686,0.0480,0.0006
IFBJBKOH_00400,Cytoplasmic,0.0004,0.0388,0.9436,0.0163,0.0009,0.0001
IFBJBKOH_00401,Cytoplasmic Membrane,0.0000,0.0004,0.0000,0.9996,0.0000,0.0000
IFBJBKOH_00402,Cytoplasmic Membrane,0.0000,0.0001,0.0001,0.9985,0.0012,0.0000
IFBJBKOH_00403,Cytoplasmic Membrane,0.0000,0.0000,0.0001,0.9998,0.0001,0.0000
IFBJBKOH_00404,Cytoplasmic Membrane,0.0000,0.0000,0.0000,0.9994,0.0005,0.0000
IFBJBKOH_00405,Cytoplasmic Membrane,0.0000,0.0001,0.0000,0.9971,0.0028,0.0000
IFBJBKOH_00406,Cytoplasmic Membrane,0.0000,0.0001,0.0000,0.9991,0.0008,0.0000
IFBJBKOH_00407,Cytoplasmic Membrane,0.0000,0.0000,0.0001,0.9999,0.0000,0.0000
IFBJBKOH_00408,Cytoplasmic,0.0000,0.0003,0.9877,0.0112,0.0008,0.0000
IFBJBKOH_00409,Cytoplasmic,0.0001,0.0025,0.9376,0.0020,0.0455,0.0123
IFBJBKOH_00410,Cytoplasmic,0.0004,0.0017,0.9686,0.0031,0.0255,0.0007
IFBJBKOH_00411,Cytoplasmic,0.0000,0.0036,0.9939,0.0002,0.0015,0.0008
IFBJBKOH_00412,Cytoplasmic,0.0000,0.0003,0.9992,0.0001,0.0001,0.0002
IFBJBKOH_00413,Cytoplasmic,0.0000,0.0057,0.9833,0.0056,0.0029,0.0024
IFBJBKOH_00414,Cytoplasmic Membrane,0.0000,0.0000,0.0000,0.9997,0.0002,0.0000
IFBJBKOH_00415,Cytoplasmic Membrane,0.0000,0.0000,0.0000,0.9999,0.0001,0.0000
IFBJBKOH_00416,Periplasmic,0.0064,0.0849,0.0013,0.3377,0.1280,0.4416
IFBJBKOH_00417,Cytoplasmic,0.0003,0.0017,0.9808,0.0053,0.0110,0.0010
IFBJBKOH_00418,Cytoplasmic Membrane,0.0001,0.0010,0.0006,0.9530,0.0450,0.0002
IFBJBKOH_00419,Cytoplasmic,0.0004,0.0073,0.9798,0.0054,0.0026,0.0045
IFBJBKOH_00420,Cytoplasmic,0.0005,0.1550,0.5842,0.2481,0.0101,0.0021
IFBJBKOH_00421,Cytoplasmic,0.0000,0.0004,0.9972,0.0017,0.0007,0.0000
IFBJBKOH_00422,Cytoplasmic Membrane,0.0000,0.0002,0.0028,0.9942,0.0028,0.0000
IFBJBKOH_00423,Cytoplasmic,0.0000,0.0081,0.9891,0.0003,0.0020,0.0005
IFBJBKOH_00424,Cytoplasmic,0.0000,0.0001,0.9986,0.0003,0.0006,0.0005
IFBJBKOH_00425,Cytoplasmic,0.0000,0.0152,0.9816,0.0007,0.0005,0.0020
IFBJBKOH_00426,Cytoplasmic,0.0006,0.0111,0.8985,0.0808,0.0076,0.0014
IFBJBKOH_00427,Cytoplasmic,0.0049,0.0074,0.7498,0.2130,0.0176,0.0073
IFBJBKOH_00428,Cytoplasmic,0.0017,0.0099,0.9706,0.0144,0.0028,0.0007
IFBJBKOH_00429,Cytoplasmic Membrane,0.0000,0.0009,0.0000,0.9972,0.0017,0.0003
IFBJBKOH_00430,Cytoplasmic,0.0001,0.0010,0.9891,0.0006,0.0052,0.0040
IFBJBKOH_00431,Cytoplasmic Membrane,0.0000,0.0003,0.0000,0.9980,0.0017,0.0000
IFBJBKOH_00432,Cytoplasmic Membrane,0.0000,0.0001,0.0000,0.9993,0.0006,0.0000
IFBJBKOH_00433,Cytoplasmic,0.0002,0.0281,0.9513,0.0036,0.0161,0.0006
IFBJBKOH_00434,Cytoplasmic,0.0011,0.1049,0.8192,0.0453,0.0293,0.0002
IFBJBKOH_00435,Cytoplasmic,0.0002,0.1679,0.5994,0.0776,0.1542,0.0008
IFBJBKOH_00436,Cytoplasmic Membrane,0.0000,0.0000,0.0001,0.9993,0.0006,0.0000
IFBJBKOH_00437,Cytoplasmic,0.0015,0.0128,0.7645,0.2176,0.0034,0.0002
IFBJBKOH_00438,Cytoplasmic,0.0000,0.0032,0.9627,0.0201,0.0134,0.0004
IFBJBKOH_00439,Cytoplasmic,0.0000,0.0351,0.8692,0.0294,0.0025,0.0637
IFBJBKOH_00440,Cytoplasmic,0.0002,0.0061,0.9230,0.0034,0.0661,0.0012
IFBJBKOH_00441,Cytoplasmic,0.0000,0.0001,0.9986,0.0001,0.0011,0.0000
IFBJBKOH_00442,Cytoplasmic,0.0005,0.0006,0.9811,0.0132,0.0045,0.0001
IFBJBKOH_00443,Cytoplasmic,0.0000,0.0002,0.9937,0.0008,0.0052,0.0001
IFBJBKOH_00444,Cytoplasmic Membrane,0.0002,0.0077,0.0001,0.9677,0.0242,0.0001
IFBJBKOH_00445,Cytoplasmic Membrane,0.0000,0.0000,0.0000,0.9995,0.0005,0.0000
IFBJBKOH_00447,Cytoplasmic Membrane,0.0000,0.0000,0.0006,0.9970,0.0024,0.0000
IFBJBKOH_00448,Cytoplasmic Membrane,0.0002,0.0007,0.0210,0.9597,0.0182,0.0002
IFBJBKOH_00449,Cytoplasmic,0.0000,0.0126,0.9869,0.0002,0.0001,0.0002
IFBJBKOH_00450,Cytoplasmic Membrane,0.0000,0.0000,0.0000,0.9995,0.0004,0.0000
IFBJBKOH_00451,Cytoplasmic,0.0001,0.0009,0.9788,0.0038,0.0162,0.0002
IFBJBKOH_00452,Extracellular,0.0290,0.9704,0.0000,0.0001,0.0003,0.0001
IFBJBKOH_00453,Cytoplasmic,0.0002,0.0005,0.9660,0.0225,0.0108,0.0000
IFBJBKOH_00454,Cytoplasmic,0.0007,0.0015,0.9716,0.0018,0.0244,0.0000
IFBJBKOH_00455,Cytoplasmic,0.0546,0.1207,0.7372,0.0177,0.0622,0.0076
IFBJBKOH_00456,Cytoplasmic,0.0114,0.0144,0.9373,0.0039,0.0328,0.0002
IFBJBKOH_00457,Cytoplasmic,0.0005,0.0072,0.9662,0.0034,0.0225,0.0003
IFBJBKOH_00458,Cytoplasmic,0.0001,0.0663,0.8863,0.0016,0.0457,0.0000
IFBJBKOH_00459,Cytoplasmic,0.0012,0.1226,0.8551,0.0027,0.0089,0.0095
IFBJBKOH_00460,Cytoplasmic,0.0001,0.0007,0.9956,0.0007,0.0021,0.0008
IFBJBKOH_00461,Cytoplasmic,0.0001,0.0497,0.9418,0.0042,0.0037,0.0005
IFBJBKOH_00462,Cytoplasmic,0.0000,0.0003,0.9994,0.0001,0.0001,0.0001
IFBJBKOH_00463,Cytoplasmic,0.0004,0.0047,0.9872,0.0046,0.0018,0.0013
IFBJBKOH_00464,Cytoplasmic,0.0000,0.0026,0.9606,0.0294,0.0050,0.0024
IFBJBKOH_00465,Cytoplasmic Membrane,0.0000,0.0000,0.0027,0.9954,0.0017,0.0001
IFBJBKOH_00466,Cytoplasmic Membrane,0.0000,0.0000,0.0000,0.9997,0.0002,0.0000
IFBJBKOH_00467,Cytoplasmic Membrane,0.0000,0.0000,0.0000,0.9999,0.0001,0.0000
IFBJBKOH_00468,Cytoplasmic,0.0005,0.2949,0.6869,0.0112,0.0053,0.0012
IFBJBKOH_00469,Cytoplasmic,0.0003,0.0058,0.9617,0.0112,0.0208,0.0002
IFBJBKOH_00470,Cytoplasmic,0.0002,0.1007,0.8165,0.0271,0.0543,0.0013
IFBJBKOH_00471,Cytoplasmic,0.0000,0.0781,0.8554,0.0264,0.0394,0.0007
IFBJBKOH_00472,Cytoplasmic,0.0003,0.2885,0.6868,0.0162,0.0058,0.0023
IFBJBKOH_00473,Cytoplasmic,0.0003,0.0172,0.9186,0.0374,0.0257,0.0007
IFBJBKOH_00474,Cytoplasmic,0.0010,0.0981,0.6958,0.1959,0.0086,0.0006
IFBJBKOH_00475,Cytoplasmic,0.0001,0.0775,0.9133,0.0013,0.0074,0.0003
IFBJBKOH_00476,Cytoplasmic,0.0014,0.1451,0.8227,0.0193,0.0114,0.0002
IFBJBKOH_00477,Cytoplasmic,0.0037,0.0081,0.9679,0.0068,0.0132,0.0004
IFBJBKOH_00478,Cytoplasmic,0.0003,0.0085,0.9596,0.0039,0.0268,0.0008
IFBJBKOH_00479,Extracellular,0.0011,0.5865,0.3288,0.0347,0.0416,0.0074
IFBJBKOH_00480,Extracellular,0.0012,0.4934,0.3022,0.1584,0.0410,0.0038
IFBJBKOH_00481,Cytoplasmic,0.0006,0.4775,0.5047,0.0134,0.0037,0.0001
IFBJBKOH_00482,Cytoplasmic,0.0005,0.2720,0.6902,0.0008,0.0340,0.0025
IFBJBKOH_00483,Cytoplasmic,0.0005,0.0055,0.8538,0.0823,0.0578,0.0002
IFBJBKOH_00484,Cytoplasmic Membrane,0.0037,0.1093,0.0036,0.8517,0.0315,0.0002
IFBJBKOH_00485,Extracellular,0.0118,0.3641,0.0927,0.1558,0.1167,0.2589
IFBJBKOH_00486,Cytoplasmic Membrane,0.0217,0.3455,0.0003,0.6261,0.0041,0.0023
IFBJBKOH_00487,Cytoplasmic,0.0005,0.0008,0.6755,0.3229,0.0002,0.0000
IFBJBKOH_00488,Cytoplasmic Membrane,0.0096,0.0313,0.0000,0.8235,0.1265,0.0091
IFBJBKOH_00489,Cytoplasmic Membrane,0.0002,0.0004,0.3765,0.6023,0.0151,0.0055
IFBJBKOH_00490,Cytoplasmic,0.0002,0.0010,0.9955,0.0012,0.0015,0.0006
IFBJBKOH_00491,Cytoplasmic,0.0016,0.4528,0.5118,0.0126,0.0138,0.0074
IFBJBKOH_00492,Extracellular,0.0029,0.5284,0.2822,0.1779,0.0058,0.0027
IFBJBKOH_00493,Cytoplasmic,0.0015,0.1507,0.7847,0.0421,0.0150,0.0060
IFBJBKOH_00494,Cytoplasmic,0.0010,0.0022,0.9872,0.0035,0.0059,0.0002
IFBJBKOH_00495,Cytoplasmic,0.0019,0.0016,0.9746,0.0041,0.0173,0.0004
IFBJBKOH_00496,Cytoplasmic,0.0000,0.0030,0.9930,0.0006,0.0034,0.0000
IFBJBKOH_00497,Cytoplasmic,0.0014,0.0230,0.9622,0.0060,0.0069,0.0005
IFBJBKOH_00498,Cytoplasmic Membrane,0.0000,0.0000,0.0000,0.9999,0.0001,0.0000
IFBJBKOH_00499,Cytoplasmic Membrane,0.0000,0.0001,0.0004,0.9984,0.0011,0.0000
IFBJBKOH_00500,Cytoplasmic,0.0000,0.0004,0.9987,0.0007,0.0002,0.0000
IFBJBKOH_00501,Cytoplasmic Membrane,0.0000,0.0003,0.0000,0.9989,0.0008,0.0000
IFBJBKOH_00502,Cytoplasmic Membrane,0.0000,0.0000,0.0000,0.9998,0.0002,0.0000
IFBJBKOH_00503,Cytoplasmic,0.0008,0.0001,0.9974,0.0002,0.0011,0.0003
IFBJBKOH_00504,Cytoplasmic,0.0444,0.0497,0.8460,0.0035,0.0071,0.0494
IFBJBKOH_00505,Cytoplasmic,0.0002,0.0610,0.8847,0.0287,0.0251,0.0003
IFBJBKOH_00506,Cytoplasmic,0.0005,0.0266,0.9674,0.0033,0.0018,0.0005
IFBJBKOH_00507,Cytoplasmic Membrane,0.0000,0.0000,0.0000,0.9996,0.0004,0.0000
IFBJBKOH_00508,Cytoplasmic,0.0000,0.0008,0.9943,0.0002,0.0044,0.0002
IFBJBKOH_00509,Cytoplasmic,0.0040,0.0056,0.9781,0.0052,0.0052,0.0019
IFBJBKOH_00510,Cytoplasmic,0.0002,0.0052,0.9060,0.0702,0.0161,0.0024
IFBJBKOH_00511,Cytoplasmic,0.0000,0.0002,0.9990,0.0005,0.0002,0.0001
IFBJBKOH_00512,Cytoplasmic,0.0005,0.0010,0.9934,0.0039,0.0004,0.0007
IFBJBKOH_00513,Cytoplasmic Membrane,0.0000,0.0160,0.0010,0.9705,0.0123,0.0001
IFBJBKOH_00514,Cytoplasmic,0.0002,0.0403,0.9098,0.0453,0.0036,0.0008
IFBJBKOH_00515,Cytoplasmic,0.0004,0.0035,0.9899,0.0027,0.0034,0.0001
IFBJBKOH_00516,Cytoplasmic,0.0019,0.2660,0.3990,0.0138,0.0064,0.3128
IFBJBKOH_00517,Cytoplasmic,0.0005,0.4622,0.5328,0.0013,0.0028,0.0004
IFBJBKOH_00518,Extracellular,0.0002,0.6931,0.2607,0.0036,0.0339,0.0085
IFBJBKOH_00519,Cytoplasmic,0.0026,0.0028,0.8965,0.0330,0.0638,0.0012
IFBJBKOH_00520,Cytoplasmic,0.0159,0.0363,0.7603,0.0227,0.1641,0.0006
IFBJBKOH_00521,Cytoplasmic Membrane,0.0006,0.0195,0.0056,0.9431,0.0282,0.0031
IFBJBKOH_00522,Cytoplasmic,0.0270,0.2258,0.4449,0.1942,0.1052,0.0028
IFBJBKOH_00523,Cytoplasmic,0.0001,0.0305,0.8975,0.0349,0.0349,0.0021
IFBJBKOH_00524,Cytoplasmic,0.0000,0.0012,0.9961,0.0014,0.0012,0.0000
IFBJBKOH_00525,Cytoplasmic,0.0005,0.0173,0.9790,0.0005,0.0026,0.0001
IFBJBKOH_00526,Cytoplasmic,0.0008,0.3109,0.5968,0.0678,0.0211,0.0027
IFBJBKOH_00527,Cytoplasmic,0.0002,0.0072,0.8175,0.1642,0.0104,0.0005
IFBJBKOH_00528,Cytoplasmic,0.0004,0.0025,0.9881,0.0037,0.0050,0.0003
IFBJBKOH_00529,Extracellular,0.0214,0.7538,0.1579,0.0199,0.0284,0.0186
IFBJBKOH_00530,Cytoplasmic,0.0006,0.1493,0.4831,0.3123,0.0154,0.0392
IFBJBKOH_00531,Cytoplasmic,0.0444,0.0497,0.8460,0.0035,0.0071,0.0494
IFBJBKOH_00532,Extracellular,0.1101,0.8048,0.0003,0.0171,0.0037,0.0640
IFBJBKOH_00533,Cytoplasmic,0.0000,0.0037,0.9864,0.0026,0.0068,0.0006
IFBJBKOH_00534,Cytoplasmic Membrane,0.0000,0.0000,0.0000,0.9999,0.0001,0.0000
IFBJBKOH_00535,Cytoplasmic,0.0000,0.0152,0.9203,0.0007,0.0617,0.0022
IFBJBKOH_00536,Cytoplasmic,0.0000,0.0037,0.9590,0.0301,0.0059,0.0012
IFBJBKOH_00537,Cytoplasmic,0.0012,0.0138,0.9662,0.0155,0.0025,0.0007
IFBJBKOH_00538,Cytoplasmic Membrane,0.0010,0.0227,0.0008,0.9619,0.0134,0.0003
IFBJBKOH_00539,Cytoplasmic,0.0002,0.1324,0.5668,0.2420,0.0572,0.0014
IFBJBKOH_00540,Cytoplasmic,0.0009,0.4151,0.4529,0.0850,0.0035,0.0427
IFBJBKOH_00541,Extracellular,0.0022,0.7246,0.2190,0.0362,0.0024,0.0156
IFBJBKOH_00542,Cytoplasmic,0.0009,0.2815,0.3500,0.2582,0.0003,0.1091
IFBJBKOH_00543,Cytoplasmic Membrane,0.0000,0.0006,0.0005,0.9926,0.0062,0.0000
IFBJBKOH_00544,Cytoplasmic,0.0001,0.2688,0.5383,0.0186,0.1672,0.0070
IFBJBKOH_00545,Cytoplasmic,0.0010,0.1722,0.6514,0.0655,0.0166,0.0934
IFBJBKOH_00546,Extracellular,0.0013,0.6322,0.2356,0.0304,0.0051,0.0953
IFBJBKOH_00547,Cytoplasmic,0.0001,0.1369,0.6208,0.2200,0.0207,0.0015
IFBJBKOH_00548,Cytoplasmic,0.0003,0.3089,0.5601,0.1050,0.0238,0.0019
IFBJBKOH_00549,Cytoplasmic,0.0006,0.0041,0.9013,0.0860,0.0075,0.0005
IFBJBKOH_00550,Cytoplasmic,0.0000,0.0932,0.8866,0.0070,0.0131,0.0000
IFBJBKOH_00551,Cytoplasmic,0.0001,0.3723,0.4648,0.1248,0.0378,0.0003
IFBJBKOH_00552,Cytoplasmic Membrane,0.0003,0.0960,0.4030,0.4834,0.0151,0.0021
IFBJBKOH_00553,Cytoplasmic,0.0010,0.1359,0.7916,0.0465,0.0220,0.0031
IFBJBKOH_00554,Cytoplasmic,0.0004,0.1908,0.5073,0.0133,0.2870,0.0013
IFBJBKOH_00555,Cytoplasmic,0.0001,0.0087,0.9356,0.0077,0.0450,0.0029
IFBJBKOH_00556,Cytoplasmic,0.0005,0.3012,0.3838,0.2850,0.0293,0.0002
IFBJBKOH_00557,Cytoplasmic,0.0014,0.0169,0.9450,0.0204,0.0155,0.0009
IFBJBKOH_00558,Cytoplasmic Membrane,0.0000,0.0023,0.0003,0.9956,0.0018,0.0000
IFBJBKOH_00559,Cytoplasmic Membrane,0.0000,0.0003,0.0002,0.9982,0.0013,0.0000
IFBJBKOH_00560,Cytoplasmic Membrane,0.0004,0.0010,0.1049,0.7799,0.1096,0.0042
IFBJBKOH_00561,Cytoplasmic Membrane,0.0002,0.0004,0.0923,0.8756,0.0306,0.0010
IFBJBKOH_00562,Cytoplasmic Membrane,0.0016,0.0035,0.2515,0.5449,0.1941,0.0044
IFBJBKOH_00563,Cytoplasmic Membrane,0.0040,0.0135,0.2503,0.4885,0.2403,0.0035
IFBJBKOH_00564,Cytoplasmic Membrane,0.0000,0.0000,0.0002,0.9984,0.0014,0.0000
IFBJBKOH_00565,Cytoplasmic Membrane,0.0003,0.0131,0.0014,0.9815,0.0036,0.0000
IFBJBKOH_00566,Extracellular,0.4558,0.4781,0.0001,0.0032,0.0620,0.0007
IFBJBKOH_00567,Cytoplasmic,0.0014,0.0247,0.9441,0.0047,0.0246,0.0005
IFBJBKOH_00568,Cytoplasmic,0.0001,0.0007,0.9911,0.0035,0.0043,0.0003
IFBJBKOH_00569,Cytoplasmic,0.0000,0.0559,0.8552,0.0316,0.0060,0.0513
IFBJBKOH_00570,Extracellular,0.0005,0.5215,0.4071,0.0219,0.0483,0.0007
IFBJBKOH_00571,Cytoplasmic,0.0004,0.0035,0.9748,0.0049,0.0155,0.0008
IFBJBKOH_00572,Cytoplasmic,0.0001,0.0313,0.9668,0.0002,0.0005,0.0011
IFBJBKOH_00573,Cytoplasmic,0.0003,0.0016,0.9935,0.0017,0.0028,0.0002
IFBJBKOH_00574,Cytoplasmic,0.0014,0.2090,0.7078,0.0194,0.0099,0.0525
IFBJBKOH_00575,Extracellular,0.0002,0.9109,0.0851,0.0022,0.0016,0.0000
IFBJBKOH_00576,Cytoplasmic,0.0025,0.4074,0.4529,0.0387,0.0007,0.0978
IFBJBKOH_00577,Cytoplasmic,0.0177,0.0519,0.8513,0.0636,0.0155,0.0001
IFBJBKOH_00578,Cytoplasmic,0.0045,0.0403,0.7415,0.2006,0.0130,0.0001
IFBJBKOH_00579,Cytoplasmic,0.0003,0.0019,0.9953,0.0012,0.0010,0.0004
IFBJBKOH_00580,Cytoplasmic,0.0000,0.0027,0.9924,0.0033,0.0014,0.0002
IFBJBKOH_00581,Cytoplasmic,0.0012,0.1039,0.5578,0.2859,0.0483,0.0028
IFBJBKOH_00582,Cytoplasmic,0.0019,0.0032,0.9727,0.0055,0.0161,0.0007
IFBJBKOH_00583,Cytoplasmic,0.0000,0.4663,0.4952,0.0319,0.0066,0.0001
IFBJBKOH_00584,Extracellular,0.0017,0.4919,0.3474,0.1137,0.0448,0.0005
IFBJBKOH_00585,Cytoplasmic,0.0009,0.1563,0.4340,0.0397,0.0559,0.3131
IFBJBKOH_00586,Cytoplasmic Membrane,0.0000,0.0000,0.0000,1.0000,0.0000,0.0000
IFBJBKOH_00587,Cytoplasmic,0.0012,0.0165,0.9151,0.0542,0.0113,0.0018
IFBJBKOH_00588,Cytoplasmic Membrane,0.0001,0.0012,0.0000,0.9952,0.0034,0.0000
IFBJBKOH_00589,Cytoplasmic Membrane,0.0000,0.0001,0.0000,0.9996,0.0002,0.0000
IFBJBKOH_00590,Cytoplasmic,0.0001,0.0046,0.9501,0.0410,0.0042,0.0001
IFBJBKOH_00591,Cytoplasmic,0.0027,0.3729,0.4900,0.1051,0.0207,0.0087
IFBJBKOH_00592,Cytoplasmic,0.0001,0.0242,0.6036,0.1008,0.2707,0.0006
IFBJBKOH_00593,Cytoplasmic,0.0001,0.1502,0.4365,0.3365,0.0743,0.0025
IFBJBKOH_00594,Cytoplasmic,0.0009,0.0529,0.8392,0.0009,0.1055,0.0006
IFBJBKOH_00595,Cytoplasmic,0.0028,0.0226,0.8592,0.1103,0.0050,0.0001
IFBJBKOH_00596,Cytoplasmic,0.0026,0.0734,0.7125,0.1603,0.0512,0.0001
IFBJBKOH_00597,Cytoplasmic,0.0042,0.1422,0.6006,0.1867,0.0660,0.0004
IFBJBKOH_00598,Cytoplasmic,0.0020,0.1740,0.4054,0.3847,0.0337,0.0002
IFBJBKOH_00599,Extracellular,0.0031,0.4839,0.3541,0.0806,0.0779,0.0004
IFBJBKOH_00600,Cytoplasmic,0.0006,0.1115,0.6499,0.1990,0.0390,0.0000
IFBJBKOH_00601,Cytoplasmic,0.0006,0.0222,0.8032,0.0810,0.0929,0.0002
IFBJBKOH_00602,Cytoplasmic,0.0009,0.0212,0.7151,0.2504,0.0124,0.0000
IFBJBKOH_00603,Cytoplasmic,0.0015,0.0292,0.8300,0.0880,0.0510,0.0002
IFBJBKOH_00604,Cytoplasmic Membrane,0.0000,0.0029,0.0031,0.9911,0.0028,0.0000
IFBJBKOH_00605,Cytoplasmic Membrane,0.0003,0.0312,0.0007,0.9186,0.0304,0.0188
IFBJBKOH_00606,Cytoplasmic Membrane,0.0002,0.0053,0.0016,0.9570,0.0359,0.0000
IFBJBKOH_00607,Cytoplasmic,0.0001,0.0052,0.9480,0.0131,0.0335,0.0001
IFBJBKOH_00608,Cytoplasmic,0.0034,0.0183,0.9436,0.0043,0.0303,0.0002
IFBJBKOH_00609,Cytoplasmic,0.0017,0.2692,0.5757,0.1010,0.0436,0.0087
IFBJBKOH_00610,Cytoplasmic Membrane,0.0000,0.1501,0.0025,0.8338,0.0136,0.0000
IFBJBKOH_00611,Cytoplasmic,0.0002,0.0131,0.9777,0.0007,0.0078,0.0006
IFBJBKOH_00612,Cytoplasmic,0.0001,0.3083,0.5481,0.0790,0.0603,0.0042
IFBJBKOH_00613,Extracellular,0.0045,0.4610,0.2177,0.2217,0.0943,0.0008
IFBJBKOH_00614,Extracellular,0.0024,0.3790,0.2923,0.0343,0.2908,0.0012
IFBJBKOH_00615,Cytoplasmic,0.0005,0.0616,0.9077,0.0002,0.0291,0.0008
IFBJBKOH_00616,Cytoplasmic,0.0017,0.0064,0.7567,0.1737,0.0613,0.0002
IFBJBKOH_00617,Cytoplasmic,0.0036,0.0236,0.9506,0.0070,0.0141,0.0011
IFBJBKOH_00618,Cytoplasmic,0.0012,0.0269,0.8897,0.0659,0.0161,0.0002
IFBJBKOH_00619,Cytoplasmic,0.0003,0.0512,0.8506,0.0906,0.0069,0.0004
IFBJBKOH_00620,Cytoplasmic,0.0007,0.0289,0.9278,0.0205,0.0221,0.0000
IFBJBKOH_00621,Extracellular,0.0004,0.5112,0.0034,0.4835,0.0015,0.0000
IFBJBKOH_00622,Cytoplasmic,0.0145,0.0128,0.7641,0.0419,0.1627,0.0041
IFBJBKOH_00623,Cytoplasmic,0.0001,0.0135,0.9101,0.0629,0.0125,0.0008
IFBJBKOH_00624,Cytoplasmic,0.0005,0.2098,0.7798,0.0034,0.0032,0.0032
IFBJBKOH_00625,Cytoplasmic,0.0001,0.0036,0.9775,0.0076,0.0110,0.0001
IFBJBKOH_00626,Cytoplasmic,0.0014,0.0342,0.8592,0.0890,0.0154,0.0008
IFBJBKOH_00627,Cytoplasmic Membrane,0.0020,0.4519,0.0217,0.5032,0.0206,0.0006
IFBJBKOH_00628,Cytoplasmic,0.0001,0.2189,0.7592,0.0095,0.0066,0.0056
IFBJBKOH_00629,Cytoplasmic,0.0072,0.1725,0.7729,0.0009,0.0430,0.0036
IFBJBKOH_00630,Cytoplasmic,0.0000,0.0038,0.9697,0.0008,0.0169,0.0088
IFBJBKOH_00631,Cytoplasmic,0.0001,0.0032,0.9849,0.0034,0.0081,0.0004
IFBJBKOH_00632,Cytoplasmic,0.0005,0.1331,0.8103,0.0110,0.0033,0.0419
IFBJBKOH_00633,Cytoplasmic,0.0002,0.3323,0.5979,0.0609,0.0044,0.0042
IFBJBKOH_00634,Cytoplasmic,0.0003,0.2267,0.7059,0.0161,0.0495,0.0016
IFBJBKOH_00635,Cytoplasmic,0.0004,0.2791,0.6960,0.0151,0.0041,0.0054
IFBJBKOH_00636,Cytoplasmic,0.0004,0.0069,0.9617,0.0099,0.0207,0.0002
IFBJBKOH_00637,Cytoplasmic,0.0033,0.3510,0.6087,0.0224,0.0078,0.0068
IFBJBKOH_00638,Cytoplasmic,0.0098,0.2787,0.6891,0.0085,0.0124,0.0015
IFBJBKOH_00639,Cytoplasmic,0.0015,0.0096,0.9313,0.0345,0.0227,0.0004
IFBJBKOH_00640,Cytoplasmic,0.0001,0.0025,0.9625,0.0146,0.0198,0.0004
IFBJBKOH_00641,Cytoplasmic,0.0004,0.0057,0.8060,0.1626,0.0247,0.0007
IFBJBKOH_00642,Extracellular,0.0059,0.5918,0.1244,0.2567,0.0176,0.0037
IFBJBKOH_00643,Extracellular,0.0009,0.8597,0.0102,0.0636,0.0043,0.0613
IFBJBKOH_00644,Cytoplasmic,0.0000,0.0009,0.9676,0.0033,0.0281,0.0001
IFBJBKOH_00645,Cytoplasmic,0.0001,0.0291,0.9614,0.0020,0.0045,0.0030
IFBJBKOH_00646,Cytoplasmic Membrane,0.0000,0.0000,0.0000,0.9999,0.0001,0.0000
IFBJBKOH_00647,Cytoplasmic Membrane,0.0000,0.0000,0.0000,1.0000,0.0000,0.0000
IFBJBKOH_00648,Cytoplasmic Membrane,0.0140,0.0715,0.0005,0.6932,0.1543,0.0664
IFBJBKOH_00649,Cytoplasmic,0.0003,0.2544,0.6182,0.0691,0.0098,0.0482
IFBJBKOH_00650,Cytoplasmic,0.0001,0.1885,0.6262,0.1441,0.0410,0.0002
IFBJBKOH_00651,Cytoplasmic,0.0003,0.0006,0.9789,0.0060,0.0133,0.0009
IFBJBKOH_00652,Cytoplasmic,0.0000,0.0001,0.9952,0.0010,0.0034,0.0002
IFBJBKOH_00653,Cytoplasmic,0.0002,0.0006,0.9720,0.0134,0.0128,0.0010
IFBJBKOH_00654,Cytoplasmic,0.0001,0.0002,0.9909,0.0013,0.0051,0.0023
IFBJBKOH_00655,Cytoplasmic,0.0000,0.0005,0.9944,0.0013,0.0013,0.0025
IFBJBKOH_00656,Cytoplasmic,0.0001,0.0033,0.9463,0.0043,0.0216,0.0244
IFBJBKOH_00657,Cytoplasmic,0.0000,0.0003,0.9891,0.0008,0.0059,0.0039
IFBJBKOH_00658,Cytoplasmic,0.0000,0.0181,0.9617,0.0180,0.0019,0.0003
IFBJBKOH_00659,Cytoplasmic,0.0000,0.0126,0.9576,0.0255,0.0031,0.0013
IFBJBKOH_00660,Cytoplasmic,0.0001,0.0050,0.8560,0.1221,0.0164,0.0005
IFBJBKOH_00661,Cytoplasmic,0.0000,0.0032,0.9939,0.0019,0.0007,0.0003
IFBJBKOH_00662,Cytoplasmic,0.0000,0.0004,0.9790,0.0138,0.0066,0.0002
IFBJBKOH_00663,Cytoplasmic,0.0001,0.0009,0.9913,0.0047,0.0028,0.0001
IFBJBKOH_00664,Cytoplasmic,0.0001,0.0016,0.9818,0.0117,0.0046,0.0001
IFBJBKOH_00665,Cytoplasmic,0.0000,0.0002,0.9964,0.0014,0.0009,0.0010
IFBJBKOH_00666,Cytoplasmic Membrane,0.0000,0.0000,0.0000,0.9999,0.0001,0.0000
IFBJBKOH_00667,Cytoplasmic,0.0001,0.0004,0.9738,0.0041,0.0213,0.0004
IFBJBKOH_00668,Cytoplasmic,0.0001,0.0005,0.9750,0.0058,0.0184,0.0003
IFBJBKOH_00669,Cytoplasmic,0.0000,0.0002,0.9818,0.0009,0.0163,0.0008
IFBJBKOH_00670,Cytoplasmic,0.0003,0.0036,0.9883,0.0044,0.0032,0.0003
IFBJBKOH_00671,Cytoplasmic,0.0000,0.0004,0.8058,0.0081,0.1784,0.0073
IFBJBKOH_00672,Cytoplasmic,0.0001,0.0030,0.9872,0.0050,0.0042,0.0006
IFBJBKOH_00673,Cytoplasmic Membrane,0.0002,0.0111,0.0036,0.9454,0.0298,0.0100
IFBJBKOH_00674,Cytoplasmic,0.0001,0.0067,0.9852,0.0006,0.0006,0.0067
IFBJBKOH_00675,Cytoplasmic,0.0010,0.3038,0.6106,0.0821,0.0022,0.0004
IFBJBKOH_00676,Cytoplasmic,0.0015,0.0971,0.8632,0.0227,0.0141,0.0014
IFBJBKOH_00677,Cytoplasmic,0.0021,0.0020,0.9908,0.0023,0.0026,0.0001
IFBJBKOH_00678,Extracellular,0.0017,0.8373,0.0001,0.0005,0.0143,0.1461
IFBJBKOH_00679,Cytoplasmic,0.0002,0.0588,0.9135,0.0185,0.0075,0.0015
IFBJBKOH_00680,Cytoplasmic,0.0008,0.0033,0.9259,0.0502,0.0194,0.0005
IFBJBKOH_00681,Extracellular,0.0001,0.9944,0.0000,0.0000,0.0039,0.0016
IFBJBKOH_00682,Cytoplasmic Membrane,0.0002,0.0012,0.0005,0.7632,0.2332,0.0017
IFBJBKOH_00683,Periplasmic,0.0066,0.2818,0.0388,0.0044,0.0616,0.6068
IFBJBKOH_00684,Cytoplasmic,0.0003,0.0136,0.9777,0.0048,0.0032,0.0004
IFBJBKOH_00685,Cytoplasmic,0.0002,0.0008,0.9318,0.0197,0.0469,0.0005
IFBJBKOH_00686,Extracellular,0.0102,0.6121,0.1333,0.0039,0.1178,0.1227
IFBJBKOH_00687,Extracellular,0.0861,0.9037,0.0009,0.0024,0.0027,0.0041
IFBJBKOH_00688,Extracellular,0.1370,0.8463,0.0021,0.0031,0.0080,0.0035
IFBJBKOH_00689,Cytoplasmic,0.0003,0.0012,0.9868,0.0059,0.0051,0.0008
IFBJBKOH_00690,Cytoplasmic,0.1052,0.1924,0.3470,0.1820,0.0859,0.0875
IFBJBKOH_00691,Extracellular,0.0024,0.3940,0.3510,0.0060,0.0583,0.1884
IFBJBKOH_00692,Cytoplasmic,0.0002,0.0089,0.9682,0.0190,0.0033,0.0004
IFBJBKOH_00693,Extracellular,0.0006,0.9057,0.0007,0.0005,0.0868,0.0057
IFBJBKOH_00694,Extracellular,0.0002,0.6919,0.0001,0.0001,0.1105,0.1972
IFBJBKOH_00695,Extracellular,0.0149,0.4175,0.0642,0.3346,0.1052,0.0636
IFBJBKOH_00696,Cytoplasmic,0.0006,0.0324,0.9506,0.0072,0.0071,0.0021
IFBJBKOH_00697,Cytoplasmic,0.0001,0.0255,0.9659,0.0056,0.0026,0.0003
IFBJBKOH_00698,Cytoplasmic Membrane,0.0000,0.0001,0.0851,0.9129,0.0019,0.0000
IFBJBKOH_00699,Extracellular,0.1920,0.5937,0.0302,0.1414,0.0355,0.0072
IFBJBKOH_00700,Cytoplasmic,0.0005,0.0019,0.9644,0.0242,0.0088,0.0002
IFBJBKOH_00701,Cytoplasmic,0.0003,0.0029,0.9224,0.0702,0.0040,0.0002
IFBJBKOH_00702,Extracellular,0.0711,0.7322,0.0618,0.0610,0.0051,0.0689
IFBJBKOH_00703,Cytoplasmic,0.0000,0.0001,0.9566,0.0100,0.0328,0.0005
IFBJBKOH_00704,Cytoplasmic,0.0001,0.0001,0.9829,0.0013,0.0155,0.0001
IFBJBKOH_00705,Cytoplasmic,0.0004,0.0068,0.8473,0.0965,0.0480,0.0009
IFBJBKOH_00706,Periplasmic,0.0024,0.3250,0.0460,0.0061,0.1599,0.4605
IFBJBKOH_00707,Periplasmic,0.0007,0.2053,0.0191,0.0067,0.1030,0.6652
IFBJBKOH_00708,Cytoplasmic,0.0001,0.0005,0.9832,0.0087,0.0074,0.0001
IFBJBKOH_00709,Cytoplasmic Membrane,0.0000,0.0002,0.0003,0.9947,0.0047,0.0000
IFBJBKOH_00710,Cytoplasmic Membrane,0.0000,0.0000,0.0002,0.9990,0.0008,0.0000
IFBJBKOH_00711,Cytoplasmic Membrane,0.0000,0.0000,0.0002,0.9986,0.0012,0.0000
IFBJBKOH_00712,Cytoplasmic Membrane,0.0000,0.0001,0.0000,0.9995,0.0003,0.0001
IFBJBKOH_00713,Cytoplasmic Membrane,0.0000,0.0002,0.0012,0.9951,0.0024,0.0011
IFBJBKOH_00714,Cytoplasmic Membrane,0.0000,0.0000,0.0007,0.9944,0.0049,0.0000
IFBJBKOH_00715,Cytoplasmic,0.0003,0.0016,0.8418,0.1408,0.0146,0.0010
IFBJBKOH_00716,Periplasmic,0.0022,0.1568,0.0512,0.0016,0.0937,0.6946
IFBJBKOH_00717,Cytoplasmic,0.0001,0.0003,0.8925,0.0015,0.1046,0.0010
IFBJBKOH_00718,Cytoplasmic Membrane,0.0004,0.0006,0.1811,0.7688,0.0482,0.0010
IFBJBKOH_00719,Cytoplasmic Membrane,0.0007,0.0228,0.0832,0.8238,0.0622,0.0074
IFBJBKOH_00720,Cytoplasmic Membrane,0.0000,0.0000,0.0000,0.9992,0.0008,0.0000
IFBJBKOH_00721,Cytoplasmic,0.0001,0.0039,0.9943,0.0003,0.0013,0.0002
IFBJBKOH_00722,Extracellular,0.0022,0.4693,0.0008,0.0034,0.2599,0.2645
IFBJBKOH_00723,Cytoplasmic,0.0294,0.1292,0.7623,0.0236,0.0508,0.0047
IFBJBKOH_00724,Extracellular,0.0010,0.7105,0.0003,0.0106,0.2323,0.0454
IFBJBKOH_00725,Cytoplasmic,0.1346,0.0222,0.7071,0.0225,0.0037,0.1099
IFBJBKOH_00726,Cytoplasmic,0.0019,0.0133,0.9127,0.0665,0.0041,0.0014
IFBJBKOH_00727,Cytoplasmic,0.0002,0.0005,0.7387,0.1155,0.1442,0.0008
IFBJBKOH_00728,Cytoplasmic,0.0012,0.0022,0.9587,0.0206,0.0157,0.0017
IFBJBKOH_00729,Cytoplasmic,0.0001,0.0004,0.5937,0.3303,0.0736,0.0018
IFBJBKOH_00730,Cytoplasmic Membrane,0.0000,0.0041,0.0000,0.9863,0.0095,0.0000
IFBJBKOH_00731,Outer Membrane,0.0026,0.3203,0.0216,0.0020,0.3712,0.2823
IFBJBKOH_00732,Extracellular,0.0016,0.5438,0.0010,0.0007,0.1331,0.3197
IFBJBKOH_00733,Cytoplasmic,0.0004,0.0060,0.9856,0.0032,0.0046,0.0001
IFBJBKOH_00734,Cytoplasmic Membrane,0.0003,0.0009,0.0006,0.6069,0.3855,0.0057
IFBJBKOH_00735,Cytoplasmic,0.0010,0.1022,0.8626,0.0173,0.0148,0.0021
IFBJBKOH_00736,Cytoplasmic,0.0000,0.0006,0.9519,0.0201,0.0269,0.0005
IFBJBKOH_00737,Cytoplasmic,0.0000,0.0110,0.9357,0.0476,0.0053,0.0004
IFBJBKOH_00738,Cytoplasmic,0.0002,0.0143,0.9230,0.0226,0.0249,0.0149
IFBJBKOH_00739,Cytoplasmic,0.0000,0.0001,0.9866,0.0025,0.0107,0.0001
IFBJBKOH_00740,Extracellular,0.0025,0.5090,0.0386,0.4102,0.0387,0.0009
IFBJBKOH_00741,Cytoplasmic,0.0011,0.0152,0.9756,0.0046,0.0032,0.0004
IFBJBKOH_00742,Cytoplasmic,0.0002,0.0296,0.9046,0.0050,0.0600,0.0005
IFBJBKOH_00743,Cytoplasmic,0.0000,0.0000,0.9929,0.0002,0.0067,0.0001
IFBJBKOH_00744,Cytoplasmic,0.0001,0.0149,0.8658,0.0845,0.0336,0.0011
IFBJBKOH_00745,Cytoplasmic,0.0003,0.3565,0.4476,0.0624,0.1330,0.0003
IFBJBKOH_00746,Cytoplasmic,0.0002,0.2823,0.6289,0.0082,0.0792,0.0012
IFBJBKOH_00747,Cytoplasmic,0.0004,0.0792,0.7146,0.1903,0.0155,0.0001
IFBJBKOH_00748,Cytoplasmic,0.0006,0.2619,0.6526,0.0733,0.0114,0.0002
IFBJBKOH_00749,Cytoplasmic,0.0015,0.4192,0.4603,0.0970,0.0216,0.0003
IFBJBKOH_00750,Cytoplasmic,0.0001,0.0010,0.9632,0.0195,0.0153,0.0009
IFBJBKOH_00751,Extracellular,0.0021,0.5872,0.0002,0.0001,0.0698,0.3406
IFBJBKOH_00752,Cytoplasmic,0.0001,0.0132,0.9203,0.0629,0.0033,0.0002
IFBJBKOH_00753,Cytoplasmic Membrane,0.0000,0.0002,0.0001,0.9831,0.0163,0.0002
IFBJBKOH_00754,Cytoplasmic,0.0000,0.0127,0.9701,0.0005,0.0162,0.0006
IFBJBKOH_00755,Cytoplasmic,0.0000,0.0016,0.9889,0.0069,0.0025,0.0000
IFBJBKOH_00756,Extracellular,0.0007,0.5016,0.0025,0.0023,0.4199,0.0729
IFBJBKOH_00757,Cytoplasmic,0.0003,0.0289,0.9545,0.0036,0.0124,0.0002
IFBJBKOH_00758,Cytoplasmic Membrane,0.0000,0.0001,0.0003,0.9993,0.0003,0.0000
IFBJBKOH_00759,Extracellular,0.0014,0.3982,0.3333,0.1369,0.0482,0.0819
IFBJBKOH_00760,Cytoplasmic Membrane,0.0000,0.0000,0.0000,0.9980,0.0019,0.0000
IFBJBKOH_00761,Cytoplasmic,0.0012,0.1235,0.7925,0.0539,0.0282,0.0007
IFBJBKOH_00762,Cytoplasmic,0.0002,0.1791,0.7865,0.0220,0.0110,0.0011
IFBJBKOH_00763,Cytoplasmic,0.0000,0.0004,0.9905,0.0019,0.0068,0.0004
IFBJBKOH_00764,Cytoplasmic,0.0026,0.0411,0.9182,0.0091,0.0278,0.0012
IFBJBKOH_00765,Outer Membrane,0.0001,0.0036,0.0000,0.2360,0.7194,0.0409
IFBJBKOH_00766,Cytoplasmic Membrane,0.0000,0.0000,0.0000,0.9998,0.0002,0.0000
IFBJBKOH_00767,Cytoplasmic Membrane,0.0001,0.0001,0.1510,0.8182,0.0297,0.0008
IFBJBKOH_00768,Cytoplasmic,0.0000,0.0047,0.9856,0.0027,0.0059,0.0010
IFBJBKOH_00769,Cytoplasmic,0.0000,0.0014,0.9916,0.0032,0.0033,0.0005
IFBJBKOH_00770,Cytoplasmic,0.0002,0.0277,0.9528,0.0024,0.0122,0.0047
IFBJBKOH_00771,Cytoplasmic,0.0001,0.0044,0.5750,0.0751,0.2594,0.0860
IFBJBKOH_00772,Cytoplasmic,0.0001,0.0434,0.9408,0.0122,0.0034,0.0001
IFBJBKOH_00773,Cytoplasmic,0.0065,0.1282,0.8525,0.0099,0.0028,0.0001
IFBJBKOH_00774,Cytoplasmic,0.0001,0.2412,0.4114,0.3421,0.0022,0.0031
IFBJBKOH_00775,Cytoplasmic,0.0000,0.0001,0.9844,0.0002,0.0146,0.0007
IFBJBKOH_00776,Cytoplasmic,0.0000,0.0010,0.9969,0.0000,0.0017,0.0003
IFBJBKOH_00777,Cytoplasmic,0.0000,0.0001,0.9795,0.0007,0.0187,0.0010
IFBJBKOH_00778,Cytoplasmic,0.0001,0.0019,0.7447,0.0013,0.2180,0.0341
IFBJBKOH_00779,Cytoplasmic,0.0034,0.0770,0.8349,0.0604,0.0201,0.0042
IFBJBKOH_00780,Cytoplasmic Membrane,0.0000,0.0001,0.0001,0.9987,0.0011,0.0000
IFBJBKOH_00781,Cytoplasmic Membrane,0.0000,0.0000,0.0001,0.9997,0.0002,0.0000
IFBJBKOH_00782,Cytoplasmic Membrane,0.0003,0.1975,0.0188,0.5973,0.1856,0.0005
IFBJBKOH_00783,Cytoplasmic,0.0000,0.0002,0.9083,0.0005,0.0906,0.0002
IFBJBKOH_00784,Cytoplasmic,0.0001,0.0005,0.9697,0.0066,0.0207,0.0024
IFBJBKOH_00785,Cytoplasmic,0.0000,0.0001,0.9942,0.0007,0.0043,0.0007
IFBJBKOH_00786,Cytoplasmic,0.0001,0.0004,0.9853,0.0005,0.0131,0.0006
IFBJBKOH_00787,Cytoplasmic,0.0002,0.2247,0.5797,0.1348,0.0465,0.0140
IFBJBKOH_00788,Cytoplasmic,0.0004,0.0443,0.6003,0.1602,0.0359,0.1588
IFBJBKOH_00789,Cytoplasmic,0.0003,0.0023,0.6472,0.0900,0.2453,0.0148
IFBJBKOH_00790,Periplasmic,0.0082,0.0589,0.0009,0.2640,0.2712,0.3968
IFBJBKOH_00791,Cytoplasmic,0.0021,0.0122,0.9570,0.0039,0.0231,0.0017
IFBJBKOH_00792,Cytoplasmic Membrane,0.0000,0.0000,0.0000,0.9998,0.0002,0.0000
IFBJBKOH_00793,Cytoplasmic Membrane,0.0000,0.0000,0.0000,0.9996,0.0004,0.0000
IFBJBKOH_00794,Cytoplasmic Membrane,0.0001,0.0001,0.0690,0.8650,0.0646,0.0013
IFBJBKOH_00795,Cytoplasmic,0.0000,0.0007,0.9889,0.0072,0.0032,0.0001
IFBJBKOH_00796,Cytoplasmic,0.0001,0.0145,0.8938,0.0636,0.0219,0.0060
IFBJBKOH_00797,Cytoplasmic,0.0000,0.0000,0.9971,0.0002,0.0027,0.0000
IFBJBKOH_00798,Cytoplasmic,0.0003,0.0981,0.8804,0.0145,0.0063,0.0005
IFBJBKOH_00799,Cytoplasmic,0.0156,0.0004,0.6919,0.0005,0.2913,0.0003
IFBJBKOH_00800,Cytoplasmic,0.0000,0.0035,0.9885,0.0036,0.0020,0.0023
IFBJBKOH_00801,Cytoplasmic Membrane,0.0000,0.0005,0.0053,0.9909,0.0033,0.0000
IFBJBKOH_00802,Cytoplasmic Membrane,0.0000,0.0000,0.0000,0.9998,0.0002,0.0000
IFBJBKOH_00803,Cytoplasmic,0.0002,0.0185,0.9606,0.0029,0.0129,0.0049
IFBJBKOH_00804,Cytoplasmic Membrane,0.0000,0.0000,0.0004,0.9979,0.0017,0.0000
IFBJBKOH_00805,Cytoplasmic Membrane,0.0000,0.0000,0.0004,0.9992,0.0004,0.0000
IFBJBKOH_00806,Cytoplasmic,0.0001,0.1068,0.8877,0.0046,0.0003,0.0005
IFBJBKOH_00807,Cytoplasmic,0.0001,0.0019,0.9785,0.0034,0.0160,0.0000
IFBJBKOH_00808,Cytoplasmic,0.0001,0.0009,0.7283,0.0275,0.1860,0.0573
IFBJBKOH_00809,Cytoplasmic,0.0002,0.0716,0.8824,0.0435,0.0012,0.0012
IFBJBKOH_00810,Cytoplasmic,0.0006,0.0122,0.8590,0.0770,0.0318,0.0192
IFBJBKOH_00811,Periplasmic,0.0000,0.0116,0.3153,0.1633,0.0008,0.5090
IFBJBKOH_00812,Cytoplasmic,0.0011,0.0621,0.9007,0.0064,0.0126,0.0170
IFBJBKOH_00813,Cytoplasmic,0.0000,0.0008,0.9975,0.0005,0.0010,0.0002
IFBJBKOH_00814,Cytoplasmic,0.0000,0.0001,0.9894,0.0002,0.0056,0.0047
IFBJBKOH_00815,Cytoplasmic,0.0001,0.0017,0.9739,0.0017,0.0180,0.0046
IFBJBKOH_00816,Cytoplasmic,0.0001,0.0005,0.6536,0.1920,0.0603,0.0935
IFBJBKOH_00817,Cytoplasmic,0.0003,0.0068,0.8622,0.0072,0.1219,0.0017
IFBJBKOH_00818,Cytoplasmic,0.0001,0.0017,0.9872,0.0062,0.0041,0.0008
IFBJBKOH_00819,Cytoplasmic,0.0003,0.0006,0.9817,0.0081,0.0085,0.0009
IFBJBKOH_00820,Cytoplasmic,0.0002,0.0016,0.9106,0.0430,0.0350,0.0096
IFBJBKOH_00821,Cytoplasmic,0.0000,0.0022,0.9634,0.0067,0.0222,0.0054
IFBJBKOH_00822,Cytoplasmic,0.0000,0.0027,0.9329,0.0423,0.0156,0.0065
IFBJBKOH_00823,Cytoplasmic Membrane,0.0000,0.0001,0.0001,0.9973,0.0025,0.0000
IFBJBKOH_00824,Cytoplasmic,0.0000,0.0015,0.9930,0.0028,0.0012,0.0015
IFBJBKOH_00825,Cytoplasmic,0.0011,0.0136,0.9533,0.0087,0.0204,0.0030
IFBJBKOH_00826,Cytoplasmic Membrane,0.0000,0.0000,0.0000,0.9999,0.0001,0.0000
IFBJBKOH_00827,Cytoplasmic Membrane,0.0000,0.0000,0.0002,0.9987,0.0010,0.0001
IFBJBKOH_00828,Cytoplasmic Membrane,0.0000,0.0000,0.0002,0.9987,0.0011,0.0000
IFBJBKOH_00829,Cytoplasmic Membrane,0.0140,0.0680,0.0003,0.6286,0.1818,0.1072
IFBJBKOH_00830,Cytoplasmic Membrane,0.0000,0.1462,0.0006,0.8491,0.0041,0.0000
IFBJBKOH_00831,Cytoplasmic,0.0056,0.0513,0.8226,0.0313,0.0772,0.0121
IFBJBKOH_00832,Cytoplasmic Membrane,0.0000,0.0536,0.0001,0.9455,0.0008,0.0000
IFBJBKOH_00833,Cytoplasmic Membrane,0.0001,0.0231,0.0037,0.9590,0.0139,0.0000
IFBJBKOH_00834,Cytoplasmic,0.0004,0.0016,0.8986,0.0959,0.0033,0.0002
IFBJBKOH_00835,Cytoplasmic,0.0119,0.0752,0.8101,0.0271,0.0709,0.0047
IFBJBKOH_00836,Cytoplasmic,0.0002,0.0011,0.8773,0.0965,0.0248,0.0001
IFBJBKOH_00837,Cytoplasmic,0.0011,0.0114,0.9145,0.0294,0.0435,0.0002
IFBJBKOH_00838,Cytoplasmic Membrane,0.0003,0.2184,0.0006,0.7781,0.0025,0.0000
IFBJBKOH_00839,Cytoplasmic,0.0000,0.0438,0.9099,0.0318,0.0141,0.0004
IFBJBKOH_00840,Cytoplasmic Membrane,0.0025,0.1315,0.0075,0.8537,0.0047,0.0000
IFBJBKOH_00841,Extracellular,0.0176,0.8818,0.0695,0.0151,0.0139,0.0021
IFBJBKOH_00842,Cytoplasmic,0.0102,0.0967,0.7610,0.0594,0.0696,0.0030
IFBJBKOH_00843,Cytoplasmic,0.0004,0.0305,0.9283,0.0138,0.0264,0.0005
IFBJBKOH_00844,Cytoplasmic,0.0003,0.0048,0.9880,0.0027,0.0038,0.0004
IFBJBKOH_00845,Cytoplasmic,0.0000,0.0010,0.9415,0.0236,0.0338,0.0001
IFBJBKOH_00846,Cytoplasmic,0.0059,0.1545,0.7758,0.0264,0.0367,0.0008
IFBJBKOH_00847,Extracellular,0.0002,0.4744,0.2816,0.0857,0.1577,0.0004
IFBJBKOH_00848,Cytoplasmic,0.0025,0.0392,0.8838,0.0209,0.0529,0.0006
IFBJBKOH_00849,Cytoplasmic,0.0002,0.0064,0.9910,0.0016,0.0005,0.0003
IFBJBKOH_00850,Cytoplasmic,0.0004,0.2591,0.7344,0.0046,0.0015,0.0001
IFBJBKOH_00851,Cytoplasmic Membrane,0.0000,0.0966,0.0004,0.8907,0.0122,0.0001
IFBJBKOH_00852,Cytoplasmic,0.0002,0.0871,0.8008,0.0721,0.0335,0.0063
IFBJBKOH_00853,Cytoplasmic,0.0002,0.0036,0.8134,0.1182,0.0645,0.0001
IFBJBKOH_00854,Cytoplasmic,0.0109,0.1346,0.6879,0.0540,0.1112,0.0014
IFBJBKOH_00855,Cytoplasmic,0.0052,0.0561,0.5518,0.3768,0.0099,0.0003
IFBJBKOH_00856,Cytoplasmic Membrane,0.0006,0.0721,0.1274,0.7690,0.0248,0.0062
IFBJBKOH_00857,Cytoplasmic,0.0002,0.0024,0.9677,0.0208,0.0088,0.0002
IFBJBKOH_00858,Cytoplasmic,0.0002,0.0024,0.9907,0.0023,0.0042,0.0002
IFBJBKOH_00859,Cytoplasmic,0.0004,0.0379,0.9421,0.0086,0.0068,0.0042
IFBJBKOH_00860,Cytoplasmic,0.0000,0.0776,0.7471,0.1200,0.0521,0.0032
IFBJBKOH_00861,Extracellular,0.0003,0.3859,0.3252,0.0744,0.2066,0.0075
IFBJBKOH_00862,Cytoplasmic,0.0004,0.1252,0.8557,0.0083,0.0061,0.0042
IFBJBKOH_00863,Cytoplasmic Membrane,0.0030,0.0856,0.0029,0.8997,0.0087,0.0001
IFBJBKOH_00864,Cytoplasmic Membrane,0.0219,0.1184,0.3016,0.5248,0.0306,0.0027
IFBJBKOH_00865,Cytoplasmic Membrane,0.0000,0.0000,0.0000,0.9999,0.0001,0.0000
IFBJBKOH_00866,Cytoplasmic Membrane,0.0000,0.0000,0.0002,0.9998,0.0000,0.0000
IFBJBKOH_00867,Extracellular,0.0358,0.4526,0.0348,0.2535,0.1010,0.1222
IFBJBKOH_00868,Cytoplasmic,0.0000,0.0015,0.9921,0.0011,0.0045,0.0008
IFBJBKOH_00869,Cytoplasmic Membrane,0.0000,0.0006,0.0001,0.9978,0.0012,0.0003
IFBJBKOH_00870,Cytoplasmic,0.0000,0.0769,0.9037,0.0148,0.0033,0.0013
IFBJBKOH_00871,Cytoplasmic,0.0001,0.0337,0.9283,0.0218,0.0026,0.0135
IFBJBKOH_00872,Cytoplasmic Membrane,0.0000,0.0000,0.0000,0.9997,0.0003,0.0000
IFBJBKOH_00873,Cytoplasmic Membrane,0.0000,0.0000,0.0000,0.9999,0.0001,0.0000
IFBJBKOH_00874,Cytoplasmic Membrane,0.0109,0.1468,0.0013,0.4795,0.2310,0.1304
IFBJBKOH_00875,Cytoplasmic,0.0004,0.0049,0.9867,0.0068,0.0012,0.0001
IFBJBKOH_00876,Cytoplasmic,0.0002,0.0058,0.9381,0.0420,0.0137,0.0003
IFBJBKOH_00877,Cytoplasmic Membrane,0.0001,0.0001,0.0041,0.9950,0.0007,0.0000
IFBJBKOH_00878,Cytoplasmic,0.0001,0.0136,0.9576,0.0018,0.0055,0.0215
IFBJBKOH_00879,Cytoplasmic,0.0021,0.0215,0.8005,0.0832,0.0812,0.0115
IFBJBKOH_00880,Cytoplasmic,0.0000,0.0013,0.9832,0.0005,0.0114,0.0037
IFBJBKOH_00881,Cytoplasmic Membrane,0.0000,0.2215,0.1258,0.6458,0.0049,0.0019
IFBJBKOH_00882,Cytoplasmic,0.0000,0.1169,0.7623,0.0089,0.0253,0.0866
IFBJBKOH_00883,Extracellular,0.0002,0.5626,0.4134,0.0003,0.0199,0.0037
IFBJBKOH_00884,Cytoplasmic Membrane,0.0000,0.0000,0.0000,0.9986,0.0013,0.0000
IFBJBKOH_00885,Cytoplasmic,0.0000,0.2259,0.6200,0.0303,0.1172,0.0065
IFBJBKOH_00886,Cytoplasmic,0.0002,0.0069,0.9862,0.0042,0.0020,0.0005
IFBJBKOH_00887,Cytoplasmic,0.0002,0.0830,0.5059,0.3700,0.0253,0.0155
IFBJBKOH_00888,Cytoplasmic,0.0001,0.2967,0.4338,0.0016,0.2667,0.0011
IFBJBKOH_00889,Cytoplasmic,0.0001,0.0039,0.9852,0.0057,0.0043,0.0008
IFBJBKOH_00890,Cytoplasmic,0.0000,0.0105,0.8104,0.0046,0.1649,0.0096
IFBJBKOH_00891,Cytoplasmic,0.0000,0.0006,0.9838,0.0001,0.0039,0.0115
IFBJBKOH_00892,Cytoplasmic,0.0005,0.0030,0.9844,0.0075,0.0044,0.0003
IFBJBKOH_00893,Cytoplasmic,0.0008,0.0326,0.7752,0.1588,0.0102,0.0224
IFBJBKOH_00894,Cytoplasmic,0.0000,0.0001,0.9944,0.0002,0.0015,0.0038
IFBJBKOH_00895,Cytoplasmic,0.0000,0.0003,0.9987,0.0005,0.0003,0.0001
IFBJBKOH_00896,Cytoplasmic Membrane,0.0002,0.0287,0.0102,0.9464,0.0122,0.0022
IFBJBKOH_00897,Cytoplasmic,0.0002,0.0076,0.9222,0.0398,0.0289,0.0013
IFBJBKOH_00898,Cytoplasmic Membrane,0.0058,0.2648,0.1370,0.3179,0.2699,0.0046
IFBJBKOH_00899,Cytoplasmic,0.0006,0.0112,0.9694,0.0091,0.0091,0.0005
IFBJBKOH_00900,Cytoplasmic Membrane,0.0000,0.0001,0.0001,0.9933,0.0066,0.0000
IFBJBKOH_00901,Extracellular,0.0624,0.8004,0.0100,0.1224,0.0040,0.0009
IFBJBKOH_00902,Extracellular,0.0106,0.8477,0.0102,0.1092,0.0172,0.0051
IFBJBKOH_00903,Cytoplasmic Membrane,0.0000,0.0000,0.0000,0.9997,0.0003,0.0000
IFBJBKOH_00904,Cytoplasmic Membrane,0.0025,0.0611,0.0005,0.9197,0.0159,0.0003
IFBJBKOH_00905,Extracellular,0.0002,0.5660,0.2438,0.1044,0.0839,0.0016
IFBJBKOH_00906,Cytoplasmic,0.0000,0.0000,0.9992,0.0003,0.0005,0.0000
IFBJBKOH_00907,Cytoplasmic Membrane,0.0000,0.0000,0.0001,0.9994,0.0004,0.0000
IFBJBKOH_00908,Cytoplasmic Membrane,0.0000,0.0002,0.0004,0.9981,0.0012,0.0000
IFBJBKOH_00909,Cytoplasmic Membrane,0.0000,0.0001,0.0001,0.9976,0.0023,0.0000
IFBJBKOH_00910,Cytoplasmic,0.0001,0.0067,0.9866,0.0003,0.0059,0.0003
IFBJBKOH_00911,Cytoplasmic,0.0000,0.0019,0.9862,0.0004,0.0098,0.0017
IFBJBKOH_00912,Cytoplasmic,0.0001,0.0018,0.9476,0.0055,0.0387,0.0064
IFBJBKOH_00913,Cytoplasmic,0.0000,0.0001,0.9835,0.0013,0.0140,0.0011
IFBJBKOH_00914,Cytoplasmic Membrane,0.0000,0.0003,0.0000,0.9991,0.0006,0.0000
IFBJBKOH_00915,Cytoplasmic,0.0001,0.0030,0.9458,0.0117,0.0388,0.0006
IFBJBKOH_00916,Cytoplasmic Membrane,0.0000,0.0000,0.0000,0.9999,0.0001,0.0000
IFBJBKOH_00917,Cytoplasmic Membrane,0.0002,0.0005,0.1260,0.6978,0.1746,0.0008
IFBJBKOH_00918,Cytoplasmic Membrane,0.0021,0.0312,0.0002,0.5164,0.3513,0.0988
IFBJBKOH_00919,Cytoplasmic Membrane,0.0000,0.0000,0.0000,0.9999,0.0001,0.0000
IFBJBKOH_00920,Cytoplasmic Membrane,0.0000,0.0000,0.0000,0.9998,0.0001,0.0000
IFBJBKOH_00921,Cytoplasmic Membrane,0.0001,0.0001,0.0457,0.9453,0.0081,0.0007
IFBJBKOH_00922,Cytoplasmic Membrane,0.0101,0.0068,0.0008,0.6579,0.3112,0.0132
IFBJBKOH_00923,Cytoplasmic Membrane,0.0000,0.0001,0.0001,0.9960,0.0038,0.0000
IFBJBKOH_00924,Cytoplasmic,0.0001,0.0005,0.9926,0.0057,0.0012,0.0001
IFBJBKOH_00925,Cytoplasmic,0.0001,0.0143,0.9728,0.0020,0.0048,0.0060
IFBJBKOH_00926,Cytoplasmic,0.0002,0.0331,0.7499,0.1386,0.0517,0.0266
IFBJBKOH_00927,Extracellular,0.0001,0.3514,0.3391,0.2414,0.0579,0.0101
IFBJBKOH_00928,Cytoplasmic,0.0003,0.2909,0.7010,0.0013,0.0042,0.0023
IFBJBKOH_00929,Cytoplasmic,0.0002,0.0106,0.9805,0.0031,0.0054,0.0002
IFBJBKOH_00930,Cytoplasmic,0.0007,0.0942,0.8841,0.0016,0.0055,0.0139
IFBJBKOH_00931,Cytoplasmic,0.0001,0.0018,0.9770,0.0005,0.0198,0.0008
IFBJBKOH_00932,Cytoplasmic,0.0002,0.0022,0.9779,0.0165,0.0021,0.0011
IFBJBKOH_00933,Cytoplasmic Membrane,0.0000,0.0061,0.0002,0.9849,0.0088,0.0000
IFBJBKOH_00934,Cytoplasmic,0.0006,0.0266,0.8839,0.0329,0.0537,0.0022
IFBJBKOH_00935,Cytoplasmic,0.0004,0.1424,0.5393,0.2869,0.0284,0.0025
IFBJBKOH_00936,Cytoplasmic,0.0003,0.1572,0.6922,0.0666,0.0783,0.0054
IFBJBKOH_00937,Cytoplasmic,0.0000,0.0002,0.9961,0.0036,0.0001,0.0000
IFBJBKOH_00938,Cytoplasmic,0.0001,0.0273,0.9647,0.0076,0.0002,0.0001
IFBJBKOH_00939,Cytoplasmic Membrane,0.0000,0.0004,0.0026,0.9929,0.0034,0.0007
IFBJBKOH_00940,Cytoplasmic,0.0001,0.0103,0.9338,0.0118,0.0281,0.0158
IFBJBKOH_00941,Cytoplasmic,0.0013,0.3884,0.5470,0.0011,0.0178,0.0444
IFBJBKOH_00942,Cytoplasmic,0.0000,0.0016,0.8116,0.0030,0.0480,0.1358
IFBJBKOH_00943,Cytoplasmic,0.0029,0.2029,0.7539,0.0111,0.0277,0.0015
IFBJBKOH_00944,Cytoplasmic Membrane,0.0015,0.0028,0.0001,0.6272,0.3508,0.0176
IFBJBKOH_00945,Cytoplasmic,0.0000,0.0008,0.9837,0.0011,0.0038,0.0105
IFBJBKOH_00946,Cytoplasmic,0.0028,0.2309,0.7096,0.0083,0.0468,0.0017
IFBJBKOH_00947,Cytoplasmic,0.0000,0.1322,0.8458,0.0029,0.0164,0.0027
IFBJBKOH_00948,Cytoplasmic Membrane,0.0014,0.2836,0.3282,0.3805,0.0055,0.0008
IFBJBKOH_00949,Extracellular,0.0000,0.4741,0.4023,0.1187,0.0047,0.0001
IFBJBKOH_00950,Cytoplasmic,0.0003,0.0004,0.9876,0.0018,0.0099,0.0000
IFBJBKOH_00951,Cytoplasmic,0.0000,0.0011,0.9983,0.0002,0.0002,0.0002
IFBJBKOH_00952,Cytoplasmic,0.0002,0.0020,0.9911,0.0050,0.0016,0.0002
IFBJBKOH_00953,Cytoplasmic Membrane,0.0002,0.0036,0.0523,0.9420,0.0018,0.0000
IFBJBKOH_00954,Cytoplasmic Membrane,0.0010,0.0066,0.0011,0.8455,0.1431,0.0027
IFBJBKOH_00955,Cytoplasmic Membrane,0.0000,0.0000,0.0000,0.9958,0.0041,0.0000
IFBJBKOH_00956,Cytoplasmic,0.0000,0.0000,0.9999,0.0001,0.0000,0.0000
IFBJBKOH_00957,Cytoplasmic,0.0006,0.0758,0.5722,0.3385,0.0044,0.0085
IFBJBKOH_00958,Cytoplasmic,0.0005,0.0021,0.9933,0.0025,0.0017,0.0000
IFBJBKOH_00959,Cytoplasmic,0.0000,0.0440,0.8769,0.0280,0.0510,0.0000
IFBJBKOH_00960,Cytoplasmic,0.0001,0.0083,0.9147,0.0005,0.0699,0.0065
IFBJBKOH_00961,Cytoplasmic,0.0001,0.0032,0.9867,0.0005,0.0061,0.0034
IFBJBKOH_00962,Cytoplasmic,0.0000,0.0017,0.9946,0.0007,0.0022,0.0008
IFBJBKOH_00963,Cytoplasmic,0.0001,0.0003,0.9939,0.0011,0.0045,0.0001
IFBJBKOH_00964,Cytoplasmic,0.0000,0.0003,0.9749,0.0015,0.0217,0.0017
IFBJBKOH_00965,Cytoplasmic Membrane,0.0000,0.0010,0.0002,0.9901,0.0084,0.0002
IFBJBKOH_00966,Cytoplasmic,0.0000,0.0003,0.9968,0.0004,0.0020,0.0005
IFBJBKOH_00967,Cytoplasmic,0.0000,0.0054,0.9245,0.0322,0.0227,0.0151
IFBJBKOH_00968,Cytoplasmic Membrane,0.0014,0.0064,0.0059,0.6052,0.0753,0.3058
IFBJBKOH_00969,Cytoplasmic,0.0001,0.0265,0.9567,0.0033,0.0059,0.0075
IFBJBKOH_00970,Cytoplasmic Membrane,0.0029,0.0228,0.0003,0.5433,0.4289,0.0019
IFBJBKOH_00971,Cytoplasmic Membrane,0.0002,0.0006,0.0552,0.9416,0.0022,0.0003
IFBJBKOH_00972,Cytoplasmic Membrane,0.0000,0.0000,0.0000,0.9999,0.0001,0.0000
IFBJBKOH_00973,Cytoplasmic Membrane,0.0000,0.0000,0.0000,0.9997,0.0003,0.0000
IFBJBKOH_00974,Cytoplasmic,0.0003,0.0014,0.9637,0.0017,0.0144,0.0185
IFBJBKOH_00975,Cytoplasmic,0.0024,0.0130,0.9214,0.0096,0.0317,0.0219
IFBJBKOH_00976,Cytoplasmic Membrane,0.0001,0.1747,0.0429,0.4172,0.0029,0.3622
IFBJBKOH_00977,Cytoplasmic,0.0002,0.0386,0.8955,0.0642,0.0006,0.0009
IFBJBKOH_00978,Cytoplasmic,0.0002,0.0708,0.5173,0.4049,0.0064,0.0003
IFBJBKOH_00979,Cytoplasmic,0.0001,0.3213,0.3864,0.0409,0.0054,0.2458
IFBJBKOH_00980,Cytoplasmic,0.0006,0.2150,0.7322,0.0191,0.0327,0.0005
IFBJBKOH_00981,Cytoplasmic,0.0003,0.0542,0.9314,0.0084,0.0056,0.0000
IFBJBKOH_00982,Cytoplasmic,0.0027,0.2612,0.6858,0.0322,0.0130,0.0052
IFBJBKOH_00983,Cytoplasmic,0.0006,0.0017,0.9768,0.0160,0.0046,0.0002
IFBJBKOH_00984,Cytoplasmic,0.0001,0.0002,0.9863,0.0006,0.0127,0.0002
IFBJBKOH_00985,Cytoplasmic,0.0022,0.1595,0.8262,0.0109,0.0011,0.0001
IFBJBKOH_00986,Cytoplasmic,0.0004,0.0357,0.8876,0.0407,0.0349,0.0008
IFBJBKOH_00987,Cytoplasmic,0.0017,0.0279,0.9597,0.0076,0.0025,0.0004
IFBJBKOH_00988,Cytoplasmic Membrane,0.0004,0.3441,0.0399,0.5333,0.0808,0.0016
IFBJBKOH_00989,Cytoplasmic,0.0001,0.0004,0.9973,0.0011,0.0010,0.0000
IFBJBKOH_00990,Cytoplasmic,0.0000,0.0018,0.9905,0.0042,0.0033,0.0001
IFBJBKOH_00991,Cytoplasmic,0.0005,0.0004,0.9897,0.0062,0.0027,0.0005
IFBJBKOH_00992,Cytoplasmic,0.0000,0.0158,0.9767,0.0042,0.0030,0.0002
IFBJBKOH_00993,Cytoplasmic,0.0014,0.0047,0.9837,0.0095,0.0006,0.0000
IFBJBKOH_00994,Cytoplasmic Membrane,0.0002,0.0067,0.0006,0.9824,0.0100,0.0001
IFBJBKOH_00995,Cytoplasmic Membrane,0.0001,0.0004,0.1347,0.8621,0.0026,0.0001
IFBJBKOH_00996,Cytoplasmic Membrane,0.0000,0.0023,0.0007,0.9946,0.0023,0.0000
IFBJBKOH_00997,Outer Membrane,0.0002,0.0009,0.0001,0.2130,0.7849,0.0009
IFBJBKOH_00998,Cytoplasmic,0.0017,0.0210,0.9460,0.0168,0.0138,0.0006
IFBJBKOH_00999,Cytoplasmic,0.0000,0.0062,0.9707,0.0065,0.0131,0.0035
IFBJBKOH_01000,Cytoplasmic,0.0001,0.0048,0.9923,0.0016,0.0009,0.0003
IFBJBKOH_01001,Cytoplasmic,0.0000,0.0011,0.9852,0.0018,0.0048,0.0071
IFBJBKOH_01002,Cytoplasmic,0.0055,0.1040,0.7325,0.0608,0.0926,0.0046
IFBJBKOH_01003,Cytoplasmic,0.0052,0.0056,0.9740,0.0054,0.0071,0.0026
IFBJBKOH_01004,Cytoplasmic,0.0007,0.4128,0.5666,0.0013,0.0102,0.0085
IFBJBKOH_01005,Cytoplasmic Membrane,0.0000,0.0042,0.0004,0.9886,0.0067,0.0001
IFBJBKOH_01006,Cytoplasmic,0.0001,0.0092,0.9833,0.0013,0.0059,0.0002
IFBJBKOH_01007,Cytoplasmic,0.0025,0.2793,0.6583,0.0253,0.0146,0.0200
IFBJBKOH_01008,Cytoplasmic,0.0051,0.1649,0.7274,0.0047,0.0098,0.0881
IFBJBKOH_01009,Cytoplasmic,0.0012,0.2280,0.7480,0.0040,0.0095,0.0093
IFBJBKOH_01010,Cytoplasmic,0.0012,0.1906,0.7486,0.0296,0.0058,0.0242
IFBJBKOH_01011,Cytoplasmic,0.0005,0.0436,0.8824,0.0231,0.0046,0.0457
IFBJBKOH_01012,Cytoplasmic,0.0000,0.0043,0.9922,0.0008,0.0010,0.0016
IFBJBKOH_01013,Extracellular,0.0021,0.5054,0.3851,0.0176,0.0466,0.0433
IFBJBKOH_01014,Cytoplasmic Membrane,0.0000,0.0012,0.0004,0.9976,0.0008,0.0000
IFBJBKOH_01015,Cytoplasmic,0.0001,0.0014,0.9498,0.0023,0.0400,0.0064
IFBJBKOH_01016,Cytoplasmic,0.0000,0.0003,0.9840,0.0141,0.0014,0.0001
IFBJBKOH_01017,Cytoplasmic,0.0001,0.0046,0.9175,0.0040,0.0139,0.0599
IFBJBKOH_01018,Cytoplasmic Membrane,0.0000,0.0008,0.0001,0.9976,0.0014,0.0000
IFBJBKOH_01019,Cytoplasmic,0.0000,0.0022,0.9416,0.0006,0.0121,0.0435
IFBJBKOH_01020,Cytoplasmic,0.0003,0.0551,0.8737,0.0030,0.0530,0.0148
IFBJBKOH_01021,Cytoplasmic,0.0006,0.0307,0.9027,0.0046,0.0370,0.0243
IFBJBKOH_01022,Cytoplasmic,0.0010,0.0022,0.9872,0.0035,0.0059,0.0002
IFBJBKOH_01023,Cytoplasmic,0.0018,0.1378,0.7594,0.0636,0.0278,0.0096
IFBJBKOH_01024,Cytoplasmic,0.0016,0.0690,0.7883,0.0245,0.1053,0.0113
IFBJBKOH_01025,Cytoplasmic,0.0000,0.0024,0.9594,0.0041,0.0336,0.0004
IFBJBKOH_01026,Cytoplasmic,0.0002,0.0050,0.9896,0.0036,0.0015,0.0001
IFBJBKOH_01027,Cytoplasmic,0.0001,0.0021,0.9490,0.0020,0.0468,0.0001
IFBJBKOH_01028,Cytoplasmic,0.0000,0.0007,0.9913,0.0004,0.0074,0.0003
IFBJBKOH_01029,Cytoplasmic,0.0005,0.0147,0.9083,0.0018,0.0690,0.0057
IFBJBKOH_01030,Cytoplasmic,0.0002,0.1676,0.8154,0.0079,0.0064,0.0025
IFBJBKOH_01031,Cytoplasmic,0.0021,0.0122,0.9570,0.0039,0.0231,0.0017
IFBJBKOH_01032,Cytoplasmic,0.0000,0.0005,0.9967,0.0015,0.0012,0.0002
IFBJBKOH_01033,Cytoplasmic,0.0020,0.0154,0.9614,0.0105,0.0100,0.0007
IFBJBKOH_01034,Extracellular,0.0002,0.5018,0.3195,0.1684,0.0098,0.0002
IFBJBKOH_01035,Cytoplasmic Membrane,0.1236,0.0655,0.0013,0.6475,0.1612,0.0011
IFBJBKOH_01036,Extracellular,0.0272,0.9617,0.0051,0.0030,0.0016,0.0014
IFBJBKOH_01037,Cytoplasmic Membrane,0.0270,0.0772,0.0007,0.8710,0.0236,0.0005
IFBJBKOH_01038,Cytoplasmic,0.0002,0.0040,0.9944,0.0006,0.0008,0.0000
IFBJBKOH_01039,Cytoplasmic,0.0026,0.0406,0.8813,0.0211,0.0539,0.0006
IFBJBKOH_01040,Extracellular,0.0002,0.4744,0.2816,0.0857,0.1577,0.0004
IFBJBKOH_01041,Cytoplasmic,0.0059,0.1545,0.7758,0.0264,0.0367,0.0008
IFBJBKOH_01042,Cytoplasmic,0.0000,0.0010,0.9415,0.0236,0.0338,0.0001
IFBJBKOH_01043,Cytoplasmic,0.0003,0.0048,0.9880,0.0027,0.0038,0.0004
IFBJBKOH_01044,Cytoplasmic,0.0004,0.0305,0.9283,0.0138,0.0264,0.0005
IFBJBKOH_01045,Cytoplasmic,0.0102,0.0967,0.7610,0.0594,0.0696,0.0030
IFBJBKOH_01046,Extracellular,0.0078,0.6476,0.2674,0.0209,0.0225,0.0337
IFBJBKOH_01047,Cytoplasmic Membrane,0.0021,0.0440,0.0566,0.8716,0.0213,0.0044
IFBJBKOH_01048,Cytoplasmic,0.0001,0.0008,0.9339,0.0492,0.0150,0.0010
IFBJBKOH_01049,Cytoplasmic,0.0122,0.0818,0.8024,0.0266,0.0723,0.0047
IFBJBKOH_01050,Cytoplasmic,0.0004,0.0112,0.5124,0.4543,0.0197,0.0020
IFBJBKOH_01051,Cytoplasmic,0.0000,0.0812,0.9061,0.0041,0.0070,0.0016
IFBJBKOH_01052,Cytoplasmic,0.0009,0.1356,0.8134,0.0010,0.0202,0.0289
IFBJBKOH_01053,Cytoplasmic Membrane,0.0000,0.0689,0.0001,0.9302,0.0009,0.0000
IFBJBKOH_01054,Cytoplasmic,0.0054,0.0509,0.8259,0.0332,0.0731,0.0114
IFBJBKOH_01055,Cytoplasmic Membrane,0.0000,0.1771,0.0003,0.8193,0.0033,0.0000
IFBJBKOH_01056,Cytoplasmic,0.0000,0.0000,0.9983,0.0001,0.0015,0.0001
IFBJBKOH_01057,Cytoplasmic,0.0004,0.3804,0.5601,0.0192,0.0382,0.0016
IFBJBKOH_01058,Cytoplasmic,0.0000,0.0008,0.9973,0.0007,0.0010,0.0002
IFBJBKOH_01059,Cytoplasmic,0.0013,0.0303,0.9505,0.0106,0.0048,0.0025
IFBJBKOH_01060,Cytoplasmic,0.0040,0.0063,0.9065,0.0784,0.0031,0.0017
IFBJBKOH_01061,Cytoplasmic,0.0000,0.0010,0.9970,0.0002,0.0018,0.0000
IFBJBKOH_01062,Cytoplasmic,0.0036,0.2160,0.7260,0.0085,0.0395,0.0064
IFBJBKOH_01063,Cytoplasmic,0.0004,0.0137,0.9751,0.0069,0.0038,0.0001
IFBJBKOH_01064,Cytoplasmic,0.0001,0.0072,0.9878,0.0033,0.0015,0.0001
IFBJBKOH_01065,Cytoplasmic,0.0002,0.0145,0.8648,0.1083,0.0119,0.0004
IFBJBKOH_01066,Cytoplasmic,0.0000,0.1419,0.7883,0.0639,0.0049,0.0008
IFBJBKOH_01067,Cytoplasmic,0.0001,0.0243,0.9685,0.0019,0.0050,0.0002
IFBJBKOH_01068,Cytoplasmic,0.0001,0.0011,0.9857,0.0031,0.0100,0.0001
IFBJBKOH_01069,Cytoplasmic,0.0004,0.0284,0.9391,0.0265,0.0053,0.0003
IFBJBKOH_01070,Cytoplasmic,0.0001,0.0038,0.9879,0.0038,0.0042,0.0002
IFBJBKOH_01071,Cytoplasmic Membrane,0.0001,0.1359,0.0016,0.8348,0.0271,0.0006
IFBJBKOH_01072,Cytoplasmic,0.0004,0.0098,0.8833,0.0561,0.0498,0.0006
IFBJBKOH_01073,Cytoplasmic,0.0202,0.2778,0.5258,0.0789,0.0967,0.0006
IFBJBKOH_01074,Cytoplasmic Membrane,0.0003,0.1224,0.3437,0.3828,0.1456,0.0052
IFBJBKOH_01075,Cytoplasmic,0.0000,0.0016,0.9921,0.0012,0.0049,0.0002
IFBJBKOH_01076,Cytoplasmic,0.0018,0.0158,0.9365,0.0335,0.0109,0.0015
IFBJBKOH_01077,Cytoplasmic,0.0000,0.0041,0.9889,0.0051,0.0019,0.0000
IFBJBKOH_01078,Cytoplasmic,0.0000,0.0045,0.9634,0.0276,0.0040,0.0005
IFBJBKOH_01079,Cytoplasmic,0.0004,0.0121,0.9802,0.0031,0.0041,0.0002
IFBJBKOH_01080,Cytoplasmic,0.0002,0.0411,0.9346,0.0176,0.0051,0.0014
IFBJBKOH_01081,Cytoplasmic,0.0004,0.0456,0.8574,0.0730,0.0218,0.0017
IFBJBKOH_01082,Cytoplasmic,0.0001,0.0003,0.9870,0.0012,0.0113,0.0002
IFBJBKOH_01083,Cytoplasmic Membrane,0.0001,0.0019,0.0021,0.9756,0.0190,0.0013
IFBJBKOH_01084,Extracellular,0.0142,0.4577,0.4575,0.0461,0.0228,0.0017
IFBJBKOH_01085,Cytoplasmic,0.0003,0.4097,0.5392,0.0007,0.0126,0.0376
IFBJBKOH_01086,Cytoplasmic,0.0011,0.2531,0.7077,0.0097,0.0094,0.0189
IFBJBKOH_01087,Cytoplasmic,0.0097,0.1986,0.6328,0.0373,0.0163,0.1053
IFBJBKOH_01088,Cytoplasmic,0.0327,0.2836,0.4089,0.0098,0.1703,0.0947
IFBJBKOH_01089,Cytoplasmic,0.0007,0.2839,0.6389,0.0490,0.0033,0.0242
IFBJBKOH_01090,Cytoplasmic,0.0001,0.0056,0.9801,0.0064,0.0070,0.0008
IFBJBKOH_01091,Cytoplasmic,0.0004,0.0822,0.8716,0.0164,0.0271,0.0024
IFBJBKOH_01092,Cytoplasmic,0.0039,0.1738,0.8052,0.0033,0.0116,0.0022
IFBJBKOH_01093,Cytoplasmic,0.0008,0.0058,0.9904,0.0010,0.0019,0.0000
IFBJBKOH_01094,Cytoplasmic,0.0005,0.0386,0.9043,0.0222,0.0311,0.0033
IFBJBKOH_01095,Cytoplasmic,0.0008,0.0319,0.9489,0.0034,0.0137,0.0013
IFBJBKOH_01096,Cytoplasmic Membrane,0.0007,0.0055,0.0951,0.8794,0.0182,0.0011
IFBJBKOH_01097,Cytoplasmic Membrane,0.0000,0.0000,0.0001,0.9973,0.0025,0.0001
IFBJBKOH_01098,Cytoplasmic,0.0002,0.0080,0.9636,0.0063,0.0215,0.0004
IFBJBKOH_01099,Cytoplasmic Membrane,0.0000,0.0001,0.0001,0.9992,0.0006,0.0000
IFBJBKOH_01100,Cytoplasmic,0.0002,0.0042,0.9103,0.0040,0.0581,0.0232
IFBJBKOH_01101,Cytoplasmic,0.0002,0.0006,0.9417,0.0004,0.0559,0.0013
IFBJBKOH_01102,Cytoplasmic,0.0001,0.0001,0.9784,0.0001,0.0198,0.0015
IFBJBKOH_01103,Cytoplasmic,0.0000,0.0002,0.7944,0.0007,0.1728,0.0319
IFBJBKOH_01104,Cytoplasmic,0.0000,0.0200,0.9787,0.0006,0.0006,0.0001
IFBJBKOH_01105,Cytoplasmic Membrane,0.0041,0.1002,0.0018,0.8742,0.0192,0.0005
IFBJBKOH_01106,Cytoplasmic,0.0039,0.0010,0.7905,0.2041,0.0005,0.0001
IFBJBKOH_01107,Cytoplasmic Membrane,0.0223,0.1239,0.0024,0.7871,0.0567,0.0076
IFBJBKOH_01108,Cytoplasmic,0.0003,0.0106,0.9760,0.0066,0.0047,0.0019
IFBJBKOH_01109,Cytoplasmic,0.0027,0.4608,0.5199,0.0109,0.0055,0.0002
IFBJBKOH_01111,Extracellular,0.0068,0.7535,0.0202,0.0422,0.0646,0.1127
IFBJBKOH_01112,Cytoplasmic Membrane,0.0000,0.0000,0.0000,0.9999,0.0001,0.0000
IFBJBKOH_01113,Cytoplasmic Membrane,0.0019,0.0545,0.0055,0.4139,0.2633,0.2610
IFBJBKOH_01114,Cytoplasmic Membrane,0.0006,0.0004,0.1758,0.7755,0.0471,0.0005
IFBJBKOH_01115,Cytoplasmic,0.0003,0.0470,0.7512,0.0161,0.0094,0.1760
IFBJBKOH_01116,Cytoplasmic,0.0002,0.3002,0.6141,0.0042,0.0769,0.0044
IFBJBKOH_01117,Extracellular,0.0382,0.3412,0.0152,0.2637,0.2062,0.1354
IFBJBKOH_01118,Cytoplasmic,0.0000,0.0001,0.9925,0.0022,0.0039,0.0012
IFBJBKOH_01119,Cytoplasmic,0.0001,0.0007,0.9805,0.0018,0.0160,0.0010
IFBJBKOH_01120,Cytoplasmic,0.0002,0.0006,0.9436,0.0032,0.0521,0.0004
IFBJBKOH_01121,Cytoplasmic Membrane,0.0002,0.2859,0.1620,0.5243,0.0250,0.0026
IFBJBKOH_01122,Cytoplasmic,0.0001,0.1024,0.8895,0.0042,0.0033,0.0005
IFBJBKOH_01123,Cytoplasmic,0.0001,0.0983,0.8678,0.0034,0.0075,0.0230
IFBJBKOH_01124,Cytoplasmic Membrane,0.0000,0.0000,0.0000,0.9999,0.0001,0.0000
IFBJBKOH_01125,Cytoplasmic Membrane,0.0000,0.0000,0.0000,0.9999,0.0001,0.0000
IFBJBKOH_01126,Cytoplasmic Membrane,0.0169,0.1031,0.0065,0.4255,0.2444,0.2035
IFBJBKOH_01127,Cytoplasmic,0.0005,0.0047,0.9787,0.0110,0.0045,0.0006
IFBJBKOH_01128,Cytoplasmic Membrane,0.0000,0.0000,0.0000,0.9979,0.0021,0.0000
IFBJBKOH_01129,Cytoplasmic Membrane,0.0000,0.0000,0.0001,0.9997,0.0002,0.0000
IFBJBKOH_01130,Cytoplasmic,0.0001,0.0021,0.9801,0.0018,0.0156,0.0004
IFBJBKOH_01131,Cytoplasmic Membrane,0.0000,0.0000,0.0000,0.9994,0.0005,0.0000
IFBJBKOH_01132,Cytoplasmic,0.0000,0.0354,0.9541,0.0018,0.0085,0.0002
IFBJBKOH_01133,Cytoplasmic,0.0000,0.0003,0.9852,0.0076,0.0068,0.0001
IFBJBKOH_01134,Cytoplasmic Membrane,0.0000,0.0000,0.0000,1.0000,0.0000,0.0000
IFBJBKOH_01135,Cytoplasmic,0.0000,0.0003,0.9982,0.0006,0.0006,0.0002
IFBJBKOH_01136,Cytoplasmic,0.0021,0.0085,0.9228,0.0358,0.0272,0.0035
IFBJBKOH_01137,Cytoplasmic Membrane,0.0000,0.0000,0.0001,0.9985,0.0014,0.0000
IFBJBKOH_01138,Cytoplasmic,0.0001,0.0027,0.9876,0.0055,0.0041,0.0001
IFBJBKOH_01139,Cytoplasmic Membrane,0.0005,0.0005,0.0014,0.9925,0.0051,0.0000
IFBJBKOH_01140,Cytoplasmic Membrane,0.0000,0.0001,0.0039,0.9934,0.0024,0.0002
IFBJBKOH_01141,Cytoplasmic,0.0000,0.0001,0.5650,0.4133,0.0155,0.0061
IFBJBKOH_01142,Cytoplasmic Membrane,0.0001,0.0012,0.3008,0.6832,0.0132,0.0015
IFBJBKOH_01143,Cytoplasmic Membrane,0.0495,0.1714,0.0008,0.5607,0.0741,0.1435
IFBJBKOH_01144,Cytoplasmic Membrane,0.0000,0.0000,0.0000,0.9999,0.0001,0.0000
IFBJBKOH_01145,Cytoplasmic,0.0000,0.0005,0.9978,0.0002,0.0011,0.0004
IFBJBKOH_01146,Cytoplasmic,0.0001,0.2963,0.4927,0.0956,0.1034,0.0119
IFBJBKOH_01147,Cytoplasmic Membrane,0.0759,0.1459,0.2590,0.5116,0.0024,0.0053
IFBJBKOH_01148,Cytoplasmic,0.0000,0.0007,0.9915,0.0047,0.0013,0.0017
IFBJBKOH_01149,Cytoplasmic,0.0001,0.0003,0.9900,0.0002,0.0086,0.0009
IFBJBKOH_01150,Cytoplasmic,0.0002,0.0067,0.9628,0.0252,0.0039,0.0012
IFBJBKOH_01151,Cytoplasmic,0.0000,0.0004,0.9983,0.0001,0.0011,0.0002
IFBJBKOH_01152,Cytoplasmic Membrane,0.0000,0.0000,0.0001,0.9985,0.0013,0.0000
IFBJBKOH_01153,Cytoplasmic Membrane,0.0000,0.0000,0.0004,0.9978,0.0018,0.0000
IFBJBKOH_01154,Cytoplasmic,0.0044,0.1840,0.4039,0.2369,0.0113,0.1595
IFBJBKOH_01155,Cytoplasmic,0.0000,0.0011,0.9908,0.0066,0.0014,0.0000
IFBJBKOH_01156,Cytoplasmic,0.0003,0.0038,0.9690,0.0056,0.0205,0.0008
IFBJBKOH_01157,Cytoplasmic,0.0001,0.0011,0.9701,0.0246,0.0028,0.0013
IFBJBKOH_01158,Cytoplasmic Membrane,0.0000,0.0000,0.0002,0.9995,0.0002,0.0000
IFBJBKOH_01159,Cytoplasmic Membrane,0.0001,0.0002,0.2108,0.7790,0.0090,0.0009
IFBJBKOH_01160,Cytoplasmic,0.0001,0.0004,0.9974,0.0008,0.0013,0.0001
IFBJBKOH_01161,Cytoplasmic,0.0007,0.0992,0.6529,0.2325,0.0073,0.0074
IFBJBKOH_01162,Cytoplasmic,0.0010,0.2118,0.6649,0.1091,0.0107,0.0025
IFBJBKOH_01163,Cytoplasmic Membrane,0.0000,0.0000,0.0000,0.9997,0.0002,0.0000
IFBJBKOH_01164,Cytoplasmic,0.0001,0.1059,0.8818,0.0018,0.0074,0.0031
IFBJBKOH_01165,Periplasmic,0.0017,0.1758,0.1002,0.0446,0.2294,0.4483
IFBJBKOH_01166,Cytoplasmic,0.0012,0.3021,0.5076,0.1099,0.0187,0.0604
IFBJBKOH_01167,Cytoplasmic,0.0002,0.0506,0.8355,0.0120,0.0797,0.0220
IFBJBKOH_01168,Cytoplasmic Membrane,0.0058,0.0631,0.0002,0.5747,0.2766,0.0796
IFBJBKOH_01169,Cytoplasmic Membrane,0.0000,0.0000,0.0000,0.9999,0.0001,0.0000
IFBJBKOH_01170,Cytoplasmic Membrane,0.0000,0.0000,0.0000,0.9999,0.0001,0.0000
IFBJBKOH_01171,Cytoplasmic,0.0001,0.2848,0.3828,0.2976,0.0346,0.0002
IFBJBKOH_01172,Cytoplasmic,0.0000,0.0035,0.9238,0.0056,0.0653,0.0017
IFBJBKOH_01173,Cytoplasmic,0.0001,0.0016,0.8874,0.1091,0.0014,0.0005
IFBJBKOH_01174,Cytoplasmic Membrane,0.0000,0.0000,0.0000,0.9998,0.0001,0.0000
IFBJBKOH_01175,Cytoplasmic Membrane,0.0058,0.1909,0.0045,0.5202,0.1680,0.1106
IFBJBKOH_01176,Cytoplasmic Membrane,0.0638,0.0531,0.0049,0.6213,0.2373,0.0196
IFBJBKOH_01177,Outer Membrane,0.0028,0.0012,0.0018,0.4205,0.5029,0.0708
IFBJBKOH_01178,Extracellular,0.0002,0.4112,0.2185,0.1060,0.2632,0.0009
IFBJBKOH_01179,Cytoplasmic,0.0001,0.0107,0.9840,0.0031,0.0015,0.0006
IFBJBKOH_01180,Cytoplasmic,0.0000,0.2542,0.5180,0.1389,0.0574,0.0314
IFBJBKOH_01181,Cytoplasmic,0.0000,0.0009,0.9975,0.0010,0.0005,0.0001
IFBJBKOH_01182,Cytoplasmic,0.0003,0.1018,0.8609,0.0119,0.0222,0.0029
IFBJBKOH_01183,Extracellular,0.0003,0.4416,0.4415,0.0085,0.1080,0.0002
IFBJBKOH_01184,Extracellular,0.0008,0.8419,0.1157,0.0005,0.0407,0.0004
IFBJBKOH_01185,Extracellular,0.0009,0.4390,0.0567,0.3664,0.1362,0.0007
IFBJBKOH_01186,Cytoplasmic Membrane,0.0005,0.2694,0.2401,0.4746,0.0141,0.0013
IFBJBKOH_01187,Cytoplasmic,0.0003,0.0063,0.9555,0.0098,0.0273,0.0008
IFBJBKOH_01188,Cytoplasmic,0.0001,0.0954,0.8728,0.0265,0.0020,0.0033
IFBJBKOH_01189,Cytoplasmic Membrane,0.0000,0.0000,0.0000,0.9990,0.0010,0.0000
IFBJBKOH_01190,Cytoplasmic Membrane,0.0000,0.0001,0.0002,0.9946,0.0050,0.0001
IFBJBKOH_01191,Cytoplasmic,0.0000,0.0003,0.9752,0.0034,0.0206,0.0005
IFBJBKOH_01192,Cytoplasmic,0.0006,0.2836,0.7003,0.0006,0.0114,0.0036
IFBJBKOH_01193,Cytoplasmic,0.0000,0.0000,0.9981,0.0002,0.0011,0.0005
IFBJBKOH_01194,Cytoplasmic,0.0030,0.0020,0.5873,0.0187,0.3886,0.0003
IFBJBKOH_01195,Cytoplasmic,0.0001,0.0000,0.8780,0.0004,0.1215,0.0001
IFBJBKOH_01196,Cytoplasmic Membrane,0.0001,0.0049,0.0007,0.9872,0.0070,0.0001
IFBJBKOH_01197,Cytoplasmic,0.0000,0.0001,0.9972,0.0013,0.0014,0.0000
IFBJBKOH_01198,Cytoplasmic,0.0001,0.0014,0.5863,0.4090,0.0026,0.0006
IFBJBKOH_01199,Cytoplasmic Membrane,0.0000,0.0010,0.0005,0.9968,0.0016,0.0001
IFBJBKOH_01200,Cytoplasmic,0.0021,0.0122,0.9570,0.0039,0.0231,0.0017
IFBJBKOH_01201,Cytoplasmic Membrane,0.0000,0.0006,0.0006,0.9940,0.0047,0.0000
IFBJBKOH_01202,Cytoplasmic,0.0005,0.0057,0.9767,0.0074,0.0093,0.0003
IFBJBKOH_01203,Cytoplasmic Membrane,0.0000,0.0000,0.0000,0.9988,0.0012,0.0000
IFBJBKOH_01204,Cytoplasmic,0.0008,0.0873,0.8615,0.0017,0.0425,0.0061
IFBJBKOH_01205,Cytoplasmic,0.0003,0.0166,0.9078,0.0504,0.0247,0.0002
IFBJBKOH_01206,Cytoplasmic,0.0001,0.3565,0.5661,0.0130,0.0527,0.0116
IFBJBKOH_01207,Cytoplasmic Membrane,0.0002,0.3062,0.1367,0.5522,0.0045,0.0002
IFBJBKOH_01208,Cytoplasmic,0.0000,0.0024,0.9884,0.0004,0.0065,0.0022
IFBJBKOH_01209,Cytoplasmic,0.0000,0.0001,0.9932,0.0000,0.0062,0.0004
IFBJBKOH_01210,Cytoplasmic,0.0001,0.0022,0.8977,0.0091,0.0830,0.0080
IFBJBKOH_01211,Cytoplasmic,0.0000,0.0023,0.9469,0.0005,0.0431,0.0072
IFBJBKOH_01212,Cytoplasmic Membrane,0.0000,0.0000,0.0000,0.9998,0.0002,0.0000
IFBJBKOH_01213,Cytoplasmic Membrane,0.0000,0.0000,0.0000,1.0000,0.0000,0.0000
IFBJBKOH_01214,Cytoplasmic Membrane,0.0091,0.1018,0.0006,0.5545,0.1766,0.1574
IFBJBKOH_01215,Cytoplasmic,0.0142,0.3481,0.5699,0.0297,0.0377,0.0004
IFBJBKOH_01216,Cytoplasmic,0.0000,0.0003,0.9948,0.0021,0.0027,0.0002
IFBJBKOH_01217,Cytoplasmic,0.0003,0.0019,0.9953,0.0012,0.0010,0.0004
IFBJBKOH_01218,Cytoplasmic,0.0000,0.0027,0.9924,0.0033,0.0014,0.0002
IFBJBKOH_01219,Cytoplasmic,0.0008,0.3322,0.5699,0.0369,0.0548,0.0053
IFBJBKOH_01220,Cytoplasmic Membrane,0.0000,0.0000,0.0001,0.9997,0.0002,0.0000
IFBJBKOH_01221,Cytoplasmic,0.0003,0.2310,0.7512,0.0004,0.0075,0.0096
IFBJBKOH_01222,Cytoplasmic,0.0005,0.0100,0.9799,0.0027,0.0063,0.0007
IFBJBKOH_01223,Cytoplasmic,0.0006,0.0874,0.6126,0.2039,0.0951,0.0004
IFBJBKOH_01224,Cytoplasmic,0.0032,0.1993,0.6859,0.0508,0.0605,0.0004
IFBJBKOH_01225,Cytoplasmic,0.0006,0.0044,0.9057,0.0221,0.0666,0.0006
IFBJBKOH_01226,Cytoplasmic,0.0009,0.0132,0.9781,0.0011,0.0061,0.0005
IFBJBKOH_01227,Cytoplasmic,0.0005,0.1178,0.8748,0.0009,0.0059,0.0001
IFBJBKOH_01228,Cytoplasmic,0.0001,0.2695,0.6181,0.0657,0.0464,0.0003
IFBJBKOH_01229,Cytoplasmic,0.0004,0.0035,0.9685,0.0035,0.0231,0.0009
IFBJBKOH_01230,Cytoplasmic,0.0011,0.0308,0.6398,0.1420,0.1858,0.0005
IFBJBKOH_01231,Extracellular,0.0001,0.7061,0.2705,0.0211,0.0022,0.0000
IFBJBKOH_01232,Extracellular,0.0001,0.6845,0.3088,0.0025,0.0028,0.0013
IFBJBKOH_01233,Cytoplasmic,0.0011,0.0501,0.9344,0.0091,0.0051,0.0002
IFBJBKOH_01234,Cytoplasmic,0.0002,0.4534,0.5246,0.0056,0.0159,0.0003
IFBJBKOH_01235,Cytoplasmic,0.0007,0.0280,0.9595,0.0066,0.0046,0.0005
IFBJBKOH_01236,Cytoplasmic,0.0006,0.0066,0.9557,0.0025,0.0336,0.0009
IFBJBKOH_01237,Cytoplasmic,0.0002,0.0226,0.9685,0.0024,0.0055,0.0008
IFBJBKOH_01238,Extracellular,0.0003,0.9873,0.0093,0.0009,0.0017,0.0004
IFBJBKOH_01239,Cytoplasmic Membrane,0.0001,0.0043,0.0015,0.9838,0.0101,0.0002
IFBJBKOH_01240,Cytoplasmic,0.0006,0.1328,0.8580,0.0047,0.0037,0.0001
IFBJBKOH_01241,Cytoplasmic,0.0091,0.1202,0.8393,0.0073,0.0224,0.0017
IFBJBKOH_01242,Cytoplasmic,0.0003,0.2498,0.3539,0.1788,0.0271,0.1901
IFBJBKOH_01243,Cytoplasmic,0.0002,0.1293,0.6630,0.1269,0.0613,0.0193
IFBJBKOH_01244,Cytoplasmic,0.0001,0.1356,0.6666,0.0230,0.0264,0.1483
IFBJBKOH_01245,Extracellular,0.0001,0.6354,0.2799,0.0079,0.0767,0.0001
IFBJBKOH_01246,Cytoplasmic,0.0162,0.2417,0.3832,0.0041,0.3516,0.0032
IFBJBKOH_01247,Cytoplasmic Membrane,0.0128,0.2627,0.3143,0.3951,0.0120,0.0031
IFBJBKOH_01248,Cytoplasmic,0.0008,0.0945,0.8500,0.0429,0.0114,0.0005
IFBJBKOH_01249,Cytoplasmic Membrane,0.0015,0.1940,0.2771,0.3170,0.2098,0.0007
IFBJBKOH_01250,Cytoplasmic,0.0008,0.0172,0.9413,0.0218,0.0163,0.0026
IFBJBKOH_01251,Extracellular,0.0006,0.4521,0.2420,0.1466,0.1551,0.0035
IFBJBKOH_01252,Cytoplasmic,0.0143,0.2633,0.6749,0.0109,0.0310,0.0056
IFBJBKOH_01253,Extracellular,0.0002,0.6945,0.0000,0.2962,0.0090,0.0001
IFBJBKOH_01254,Cytoplasmic,0.0079,0.1476,0.6765,0.1534,0.0143,0.0003
IFBJBKOH_01255,Cytoplasmic,0.0004,0.1795,0.7891,0.0210,0.0088,0.0012
IFBJBKOH_01256,Cytoplasmic,0.0001,0.0019,0.9838,0.0023,0.0102,0.0017
IFBJBKOH_01257,Cytoplasmic,0.0004,0.3475,0.4964,0.0035,0.1498,0.0024
IFBJBKOH_01258,Cytoplasmic,0.0005,0.1166,0.5616,0.2859,0.0340,0.0013
IFBJBKOH_01259,Extracellular,0.0057,0.3924,0.2573,0.0119,0.3119,0.0208
IFBJBKOH_01260,Cytoplasmic,0.0003,0.0105,0.9850,0.0014,0.0026,0.0002
IFBJBKOH_01261,Cytoplasmic,0.0003,0.0365,0.8390,0.1090,0.0144,0.0009
IFBJBKOH_01262,Extracellular,0.0039,0.6071,0.1966,0.0762,0.1026,0.0137
IFBJBKOH_01263,Cytoplasmic,0.0001,0.0065,0.9320,0.0576,0.0035,0.0003
IFBJBKOH_01264,Cytoplasmic,0.0009,0.0927,0.8520,0.0206,0.0327,0.0010
IFBJBKOH_01265,Cytoplasmic,0.0005,0.1015,0.5378,0.0058,0.3521,0.0023
IFBJBKOH_01266,Extracellular,0.0066,0.6708,0.1181,0.0114,0.1898,0.0033
IFBJBKOH_01267,Cytoplasmic,0.0138,0.0005,0.8532,0.0056,0.1268,0.0001
IFBJBKOH_01268,Cytoplasmic,0.0005,0.0101,0.9839,0.0025,0.0028,0.0003
IFBJBKOH_01269,Cytoplasmic,0.0001,0.0019,0.9851,0.0030,0.0087,0.0013
IFBJBKOH_01270,Extracellular,0.0153,0.5045,0.3454,0.0689,0.0641,0.0018
IFBJBKOH_01271,Cytoplasmic,0.0001,0.0125,0.9722,0.0053,0.0095,0.0003
IFBJBKOH_01272,Cytoplasmic,0.0002,0.2378,0.7041,0.0123,0.0238,0.0217
IFBJBKOH_01273,Cytoplasmic,0.0003,0.1011,0.6299,0.0354,0.2307,0.0026
IFBJBKOH_01274,Cytoplasmic,0.0003,0.0164,0.9083,0.0395,0.0352,0.0003
IFBJBKOH_01275,Cytoplasmic,0.0000,0.0000,0.9913,0.0005,0.0081,0.0000
IFBJBKOH_01276,Cytoplasmic,0.0005,0.0037,0.7785,0.1984,0.0187,0.0000
IFBJBKOH_01277,Cytoplasmic,0.0001,0.3178,0.6081,0.0613,0.0100,0.0027
IFBJBKOH_01278,Cytoplasmic Membrane,0.0001,0.1496,0.0014,0.8130,0.0357,0.0002
IFBJBKOH_01279,Cytoplasmic,0.0013,0.0506,0.8803,0.0253,0.0420,0.0004
IFBJBKOH_01280,Cytoplasmic,0.0006,0.1822,0.7524,0.0183,0.0430,0.0034
IFBJBKOH_01281,Cytoplasmic,0.0003,0.1030,0.7253,0.1585,0.0066,0.0063
IFBJBKOH_01282,Cytoplasmic,0.0001,0.1709,0.8160,0.0054,0.0075,0.0002
IFBJBKOH_01283,Cytoplasmic,0.0004,0.0684,0.9060,0.0170,0.0080,0.0001
IFBJBKOH_01284,Cytoplasmic,0.0003,0.2169,0.7230,0.0479,0.0113,0.0006
IFBJBKOH_01285,Cytoplasmic,0.0002,0.0150,0.9331,0.0332,0.0175,0.0010
IFBJBKOH_01286,Cytoplasmic,0.0000,0.0039,0.9899,0.0010,0.0050,0.0001
IFBJBKOH_01287,Cytoplasmic,0.0001,0.0042,0.9820,0.0002,0.0125,0.0011
IFBJBKOH_01288,Cytoplasmic,0.0000,0.0490,0.9380,0.0045,0.0083,0.0002
IFBJBKOH_01289,Cytoplasmic,0.0006,0.0086,0.9634,0.0142,0.0131,0.0001
IFBJBKOH_01290,Cytoplasmic,0.0005,0.0018,0.9846,0.0030,0.0095,0.0006
IFBJBKOH_01291,Cytoplasmic,0.0001,0.0004,0.9971,0.0009,0.0014,0.0003
IFBJBKOH_01292,Cytoplasmic,0.0001,0.0006,0.9970,0.0011,0.0011,0.0001
IFBJBKOH_01293,Cytoplasmic,0.0003,0.0427,0.6700,0.2586,0.0265,0.0020
IFBJBKOH_01294,Cytoplasmic,0.0002,0.0091,0.9704,0.0179,0.0022,0.0003
IFBJBKOH_01295,Cytoplasmic,0.0021,0.0313,0.9567,0.0032,0.0065,0.0002
IFBJBKOH_01296,Cytoplasmic,0.0005,0.0263,0.9514,0.0012,0.0057,0.0150
IFBJBKOH_01297,Cytoplasmic,0.0001,0.0035,0.9890,0.0009,0.0015,0.0050
IFBJBKOH_01298,Cytoplasmic,0.0001,0.0671,0.9315,0.0006,0.0004,0.0004
IFBJBKOH_01299,Cytoplasmic Membrane,0.0000,0.0013,0.0003,0.9828,0.0003,0.0154
IFBJBKOH_01300,Cytoplasmic,0.0010,0.1864,0.6054,0.1917,0.0101,0.0054
IFBJBKOH_01301,Cytoplasmic Membrane,0.0002,0.0266,0.0006,0.9415,0.0310,0.0001
IFBJBKOH_01302,Cytoplasmic,0.0004,0.4052,0.5657,0.0155,0.0129,0.0004
IFBJBKOH_01303,Cytoplasmic,0.0000,0.0347,0.9583,0.0008,0.0027,0.0035
IFBJBKOH_01304,Cytoplasmic,0.0000,0.0135,0.9812,0.0013,0.0010,0.0029
IFBJBKOH_01305,Cytoplasmic,0.0007,0.0101,0.9788,0.0010,0.0063,0.0030
IFBJBKOH_01306,Cytoplasmic Membrane,0.0003,0.4000,0.0003,0.5642,0.0351,0.0000
IFBJBKOH_01307,Extracellular,0.0197,0.9764,0.0018,0.0003,0.0010,0.0008
IFBJBKOH_01308,Cytoplasmic Membrane,0.0002,0.1166,0.3673,0.5136,0.0022,0.0001
IFBJBKOH_01309,Cytoplasmic,0.0011,0.0691,0.7734,0.1519,0.0042,0.0002
IFBJBKOH_01310,Outer Membrane,0.0056,0.3335,0.0386,0.1587,0.4572,0.0064
IFBJBKOH_01311,Extracellular,0.0000,0.9939,0.0017,0.0001,0.0038,0.0004
IFBJBKOH_01312,Outer Membrane,0.0078,0.2998,0.0142,0.2351,0.4370,0.0061
IFBJBKOH_01313,Cytoplasmic Membrane,0.0005,0.1241,0.0008,0.7592,0.1152,0.0001
IFBJBKOH_01314,Cytoplasmic,0.0001,0.0013,0.9579,0.0231,0.0175,0.0001
IFBJBKOH_01315,Cytoplasmic,0.0005,0.2274,0.5630,0.1868,0.0156,0.0066
IFBJBKOH_01316,Cytoplasmic Membrane,0.0016,0.3299,0.0003,0.6355,0.0324,0.0002
IFBJBKOH_01317,Cytoplasmic,0.0000,0.0447,0.9540,0.0002,0.0011,0.0001
IFBJBKOH_01318,Cytoplasmic,0.0000,0.0053,0.9806,0.0013,0.0040,0.0087
IFBJBKOH_01319,Cytoplasmic,0.0020,0.0368,0.9438,0.0008,0.0129,0.0037
IFBJBKOH_01320,Cytoplasmic Membrane,0.0005,0.1361,0.3225,0.5168,0.0148,0.0093
IFBJBKOH_01321,Extracellular,0.0021,0.5639,0.2268,0.0759,0.0688,0.0623
IFBJBKOH_01322,Cytoplasmic Membrane,0.0005,0.3955,0.0009,0.5739,0.0292,0.0000
IFBJBKOH_01323,Extracellular,0.0099,0.9582,0.0251,0.0026,0.0036,0.0006
IFBJBKOH_01324,Cytoplasmic,0.0004,0.3558,0.3739,0.2632,0.0064,0.0004
IFBJBKOH_01325,Cytoplasmic,0.0008,0.0408,0.7836,0.1691,0.0053,0.0003
IFBJBKOH_01326,Extracellular,0.0089,0.7405,0.0280,0.1648,0.0456,0.0122
IFBJBKOH_01327,Cytoplasmic Membrane,0.0002,0.0993,0.0007,0.8826,0.0172,0.0000
IFBJBKOH_01328,Extracellular,0.0037,0.8115,0.0571,0.0015,0.0844,0.0418
IFBJBKOH_01329,Cytoplasmic,0.0011,0.4007,0.5500,0.0368,0.0092,0.0022
IFBJBKOH_01330,Cytoplasmic,0.0021,0.4116,0.4884,0.0777,0.0164,0.0038
IFBJBKOH_01331,Cytoplasmic,0.0000,0.0173,0.6774,0.3013,0.0037,0.0002
IFBJBKOH_01332,Cytoplasmic,0.0011,0.0879,0.8087,0.0724,0.0272,0.0028
IFBJBKOH_01333,Cytoplasmic,0.0007,0.1218,0.7626,0.0049,0.0867,0.0233
IFBJBKOH_01334,Cytoplasmic,0.0002,0.0255,0.8423,0.1268,0.0052,0.0001
IFBJBKOH_01335,Cytoplasmic Membrane,0.0004,0.0177,0.4377,0.5344,0.0095,0.0003
IFBJBKOH_01336,Cytoplasmic,0.0005,0.0999,0.4564,0.4424,0.0007,0.0001
IFBJBKOH_01337,Cytoplasmic Membrane,0.0001,0.0125,0.0002,0.9251,0.0618,0.0003
IFBJBKOH_01338,Cytoplasmic Membrane,0.0004,0.0135,0.0054,0.9748,0.0060,0.0000
IFBJBKOH_01339,Cytoplasmic,0.0001,0.0008,0.9240,0.0630,0.0111,0.0010
IFBJBKOH_01340,Cytoplasmic Membrane,0.0003,0.0362,0.0204,0.9322,0.0109,0.0000
IFBJBKOH_01341,Cytoplasmic,0.0001,0.0019,0.9754,0.0001,0.0222,0.0003
IFBJBKOH_01342,Extracellular,0.0023,0.7344,0.0922,0.0385,0.0990,0.0335
IFBJBKOH_01343,Extracellular,0.0011,0.4171,0.1857,0.0990,0.2579,0.0391
IFBJBKOH_01344,Outer Membrane,0.0013,0.1640,0.2677,0.0725,0.4926,0.0018
IFBJBKOH_01345,Cytoplasmic Membrane,0.0008,0.0059,0.0006,0.9886,0.0040,0.0000
IFBJBKOH_01346,Extracellular,0.0000,0.4812,0.3519,0.1641,0.0027,0.0000
IFBJBKOH_01347,Cytoplasmic,0.0001,0.0358,0.9437,0.0018,0.0185,0.0001
IFBJBKOH_01348,Cytoplasmic Membrane,0.0000,0.0006,0.0016,0.9962,0.0015,0.0000
IFBJBKOH_01349,Periplasmic,0.0000,0.1070,0.0001,0.0021,0.0109,0.8799
IFBJBKOH_01350,Cytoplasmic Membrane,0.0001,0.0014,0.0016,0.9753,0.0216,0.0000
IFBJBKOH_01351,Cytoplasmic,0.0000,0.0166,0.9655,0.0035,0.0142,0.0002
IFBJBKOH_01352,Cytoplasmic,0.0024,0.0677,0.9038,0.0118,0.0117,0.0026
IFBJBKOH_01353,Cytoplasmic,0.0002,0.1917,0.7460,0.0481,0.0128,0.0012
IFBJBKOH_01354,Cytoplasmic,0.0002,0.0079,0.9724,0.0143,0.0048,0.0003
IFBJBKOH_01355,Cytoplasmic,0.0265,0.0722,0.6027,0.0262,0.2661,0.0063
IFBJBKOH_01356,Cytoplasmic Membrane,0.0001,0.2808,0.0002,0.7130,0.0060,0.0000
IFBJBKOH_01357,Cytoplasmic,0.0001,0.0015,0.6295,0.3197,0.0489,0.0002
IFBJBKOH_01358,Cytoplasmic Membrane,0.0001,0.0027,0.0009,0.9891,0.0072,0.0000
IFBJBKOH_01359,Extracellular,0.0004,0.6060,0.3701,0.0131,0.0082,0.0022
IFBJBKOH_01360,Cytoplasmic,0.0177,0.0593,0.8147,0.0471,0.0567,0.0045
IFBJBKOH_01361,Extracellular,0.0009,0.9951,0.0001,0.0006,0.0019,0.0014
IFBJBKOH_01362,Cytoplasmic Membrane,0.0240,0.2818,0.0008,0.6203,0.0704,0.0028
IFBJBKOH_01363,Cytoplasmic Membrane,0.0001,0.2804,0.0511,0.5893,0.0787,0.0004
IFBJBKOH_01364,Extracellular,0.0003,0.4906,0.0089,0.4643,0.0350,0.0010
IFBJBKOH_01365,Cytoplasmic Membrane,0.0000,0.0025,0.0006,0.9779,0.0189,0.0000
IFBJBKOH_01366,Cytoplasmic Membrane,0.0000,0.0001,0.0000,0.9998,0.0002,0.0000
IFBJBKOH_01367,Cytoplasmic,0.0002,0.0941,0.8883,0.0113,0.0057,0.0004
IFBJBKOH_01368,Cytoplasmic,0.0003,0.1411,0.7846,0.0493,0.0212,0.0036
IFBJBKOH_01369,Cytoplasmic,0.0000,0.0003,0.8546,0.1337,0.0112,0.0001
IFBJBKOH_01370,Cytoplasmic,0.0117,0.0250,0.6309,0.2994,0.0325,0.0005
IFBJBKOH_01371,Extracellular,0.0003,0.8323,0.1588,0.0047,0.0038,0.0001
IFBJBKOH_01372,Cytoplasmic,0.0002,0.0995,0.8783,0.0010,0.0152,0.0056
IFBJBKOH_01373,Cytoplasmic,0.0003,0.0027,0.9460,0.0483,0.0025,0.0003
IFBJBKOH_01374,Cytoplasmic Membrane,0.0007,0.0091,0.0009,0.9797,0.0094,0.0001
IFBJBKOH_01375,Cytoplasmic Membrane,0.0000,0.0034,0.0092,0.9811,0.0063,0.0000
IFBJBKOH_01376,Cytoplasmic,0.0001,0.0420,0.9382,0.0037,0.0154,0.0008
IFBJBKOH_01377,Cytoplasmic,0.0029,0.4257,0.4326,0.0008,0.1236,0.0143
IFBJBKOH_01378,Cytoplasmic Membrane,0.0004,0.0199,0.0020,0.9537,0.0241,0.0001
IFBJBKOH_01379,Cytoplasmic Membrane,0.0000,0.0334,0.0001,0.9614,0.0051,0.0000
IFBJBKOH_01380,Cytoplasmic Membrane,0.0000,0.2353,0.0012,0.7497,0.0137,0.0001
IFBJBKOH_01381,Cytoplasmic,0.0001,0.0042,0.9801,0.0003,0.0151,0.0002
IFBJBKOH_01382,Cytoplasmic Membrane,0.0213,0.1047,0.2201,0.5368,0.0958,0.0213
IFBJBKOH_01383,Extracellular,0.0000,0.7326,0.0000,0.2644,0.0029,0.0000
IFBJBKOH_01384,Cytoplasmic Membrane,0.0003,0.0219,0.0039,0.9456,0.0282,0.0001
IFBJBKOH_01385,Cytoplasmic,0.0005,0.1171,0.8143,0.0492,0.0067,0.0121
IFBJBKOH_01386,Cytoplasmic,0.0001,0.0007,0.9964,0.0005,0.0022,0.0001
IFBJBKOH_01387,Cytoplasmic Membrane,0.0034,0.1879,0.1187,0.3914,0.2795,0.0191
IFBJBKOH_01388,Extracellular,0.0013,0.5850,0.3937,0.0018,0.0072,0.0110
IFBJBKOH_01389,Cytoplasmic,0.0007,0.0225,0.8877,0.0021,0.0862,0.0009
IFBJBKOH_01390,Cytoplasmic,0.0002,0.0012,0.9608,0.0019,0.0358,0.0002
IFBJBKOH_01391,Extracellular,0.0049,0.4714,0.4303,0.0111,0.0778,0.0045
IFBJBKOH_01392,Cytoplasmic,0.0006,0.3299,0.5880,0.0713,0.0061,0.0040
IFBJBKOH_01393,Cytoplasmic,0.0205,0.3295,0.5984,0.0250,0.0192,0.0074
IFBJBKOH_01394,Cytoplasmic,0.0004,0.4140,0.5695,0.0100,0.0036,0.0025
IFBJBKOH_01395,Cytoplasmic,0.0006,0.2257,0.7161,0.0368,0.0196,0.0011
IFBJBKOH_01396,Cytoplasmic,0.0008,0.2653,0.7280,0.0006,0.0011,0.0041
IFBJBKOH_01397,Cytoplasmic,0.0009,0.3048,0.6704,0.0116,0.0046,0.0077
IFBJBKOH_01398,Cytoplasmic,0.0002,0.0043,0.9611,0.0249,0.0096,0.0001
IFBJBKOH_01399,Cytoplasmic Membrane,0.0014,0.2409,0.0033,0.6702,0.0830,0.0012
IFBJBKOH_01400,Cytoplasmic,0.0034,0.2114,0.7542,0.0011,0.0255,0.0044
IFBJBKOH_01401,Cytoplasmic,0.0001,0.0065,0.9691,0.0174,0.0065,0.0004
IFBJBKOH_01402,Cytoplasmic,0.0000,0.0046,0.9762,0.0148,0.0043,0.0001
IFBJBKOH_01403,Cytoplasmic,0.0005,0.2453,0.7187,0.0234,0.0075,0.0046
IFBJBKOH_01404,Cytoplasmic,0.0028,0.3252,0.6217,0.0334,0.0137,0.0032
IFBJBKOH_01405,Extracellular,0.0017,0.4994,0.4727,0.0062,0.0147,0.0054
IFBJBKOH_01406,Cytoplasmic,0.0272,0.1367,0.8059,0.0209,0.0082,0.0011
IFBJBKOH_01407,Extracellular,0.0002,0.5491,0.4231,0.0246,0.0021,0.0009
IFBJBKOH_01408,Cytoplasmic,0.0002,0.0013,0.9935,0.0023,0.0026,0.0000
IFBJBKOH_01409,Cytoplasmic,0.0003,0.0065,0.8582,0.0994,0.0349,0.0006
IFBJBKOH_01410,Cytoplasmic,0.0002,0.1017,0.7342,0.0694,0.0464,0.0480
IFBJBKOH_01411,Cytoplasmic,0.0000,0.0016,0.9949,0.0006,0.0027,0.0002
IFBJBKOH_01412,Cytoplasmic,0.0001,0.0224,0.9725,0.0028,0.0019,0.0004
IFBJBKOH_01413,Cytoplasmic,0.0001,0.0870,0.9069,0.0010,0.0049,0.0002
IFBJBKOH_01414,Cytoplasmic,0.0012,0.0886,0.8256,0.0280,0.0549,0.0017
IFBJBKOH_01415,Cytoplasmic Membrane,0.0001,0.0170,0.0318,0.9415,0.0076,0.0021
IFBJBKOH_01416,Cytoplasmic,0.0000,0.0004,0.9985,0.0001,0.0009,0.0000
IFBJBKOH_01417,Cytoplasmic,0.0003,0.1191,0.7908,0.0454,0.0329,0.0114
IFBJBKOH_01418,Cytoplasmic,0.0000,0.0002,0.9988,0.0004,0.0006,0.0000
IFBJBKOH_01419,Cytoplasmic,0.0048,0.0635,0.9108,0.0014,0.0194,0.0001
IFBJBKOH_01420,Cytoplasmic,0.0048,0.2220,0.7274,0.0016,0.0384,0.0057
IFBJBKOH_01421,Cytoplasmic,0.0004,0.0365,0.7924,0.1295,0.0368,0.0045
IFBJBKOH_01422,Cytoplasmic,0.0002,0.0420,0.8745,0.0355,0.0472,0.0005
IFBJBKOH_01423,Cytoplasmic,0.0000,0.0002,0.9953,0.0005,0.0039,0.0000
IFBJBKOH_01424,Cytoplasmic,0.0002,0.0206,0.8819,0.0452,0.0505,0.0016
IFBJBKOH_01425,Cytoplasmic,0.0013,0.0113,0.9773,0.0008,0.0091,0.0002
IFBJBKOH_01426,Cytoplasmic,0.0006,0.0026,0.9858,0.0007,0.0100,0.0003
IFBJBKOH_01427,Cytoplasmic,0.0006,0.0172,0.9593,0.0131,0.0097,0.0001
IFBJBKOH_01428,Cytoplasmic,0.0021,0.4633,0.5201,0.0077,0.0067,0.0001
IFBJBKOH_01429,Cytoplasmic,0.0006,0.0030,0.9739,0.0040,0.0183,0.0003
IFBJBKOH_01430,Cytoplasmic,0.0003,0.0001,0.9976,0.0005,0.0014,0.0001
IFBJBKOH_01431,Cytoplasmic Membrane,0.0007,0.0007,0.0176,0.9508,0.0302,0.0000
IFBJBKOH_01432,Cytoplasmic,0.0007,0.0030,0.9680,0.0076,0.0162,0.0045
IFBJBKOH_01433,Extracellular,0.0022,0.6975,0.1129,0.0940,0.0123,0.0811
IFBJBKOH_01434,Cytoplasmic,0.0008,0.0223,0.9227,0.0443,0.0089,0.0012
IFBJBKOH_01435,Cytoplasmic,0.0001,0.0009,0.9396,0.0330,0.0261,0.0004
IFBJBKOH_01436,Cytoplasmic,0.0000,0.0001,0.9995,0.0001,0.0002,0.0000
IFBJBKOH_01437,Cytoplasmic,0.0002,0.0006,0.9815,0.0145,0.0032,0.0001
IFBJBKOH_01438,Cytoplasmic,0.0000,0.0282,0.9533,0.0012,0.0072,0.0100
IFBJBKOH_01439,Cytoplasmic,0.0001,0.0035,0.9918,0.0005,0.0019,0.0023
IFBJBKOH_01440,Cytoplasmic Membrane,0.0000,0.0001,0.0000,0.9992,0.0006,0.0000
IFBJBKOH_01441,Cytoplasmic Membrane,0.0000,0.0003,0.0000,0.9982,0.0015,0.0000
IFBJBKOH_01442,Cytoplasmic,0.0030,0.0779,0.8476,0.0056,0.0643,0.0016
IFBJBKOH_01443,Cytoplasmic,0.0006,0.0758,0.8449,0.0050,0.0730,0.0008
IFBJBKOH_01444,Cytoplasmic,0.0001,0.0261,0.7138,0.2567,0.0021,0.0012
IFBJBKOH_01445,Cytoplasmic,0.0005,0.1889,0.8064,0.0031,0.0010,0.0000
IFBJBKOH_01446,Cytoplasmic,0.0037,0.1235,0.6836,0.1755,0.0134,0.0002
IFBJBKOH_01447,Cytoplasmic,0.0001,0.0174,0.9811,0.0002,0.0012,0.0000
IFBJBKOH_01448,Cytoplasmic,0.0003,0.0062,0.8903,0.0854,0.0177,0.0002
IFBJBKOH_01449,Cytoplasmic,0.0000,0.0026,0.9957,0.0004,0.0013,0.0000
IFBJBKOH_01450,Extracellular,0.0000,0.6241,0.2244,0.0281,0.1205,0.0028
IFBJBKOH_01451,Cytoplasmic Membrane,0.0003,0.0103,0.0000,0.9192,0.0644,0.0057
IFBJBKOH_01452,Cytoplasmic,0.0000,0.0001,0.5368,0.4628,0.0003,0.0001
IFBJBKOH_01453,Cytoplasmic Membrane,0.0001,0.0010,0.0020,0.9944,0.0024,0.0001
IFBJBKOH_01454,Cytoplasmic,0.0001,0.0008,0.9939,0.0038,0.0013,0.0001
IFBJBKOH_01455,Outer Membrane,0.0002,0.0008,0.0000,0.3746,0.6217,0.0027
IFBJBKOH_01456,Cytoplasmic Membrane,0.0000,0.0000,0.0000,0.9998,0.0002,0.0000
IFBJBKOH_01457,Cytoplasmic Membrane,0.0001,0.0005,0.1558,0.7781,0.0635,0.0019
IFBJBKOH_01458,Cytoplasmic Membrane,0.0263,0.2504,0.0738,0.3040,0.1033,0.2422
IFBJBKOH_01459,Cytoplasmic,0.0000,0.0000,0.9992,0.0000,0.0005,0.0002
IFBJBKOH_01460,Cytoplasmic Membrane,0.0007,0.0465,0.0002,0.9127,0.0390,0.0008
IFBJBKOH_01461,Cytoplasmic Membrane,0.0000,0.0007,0.0711,0.9218,0.0062,0.0002
IFBJBKOH_01462,Cytoplasmic Membrane,0.0000,0.0000,0.0000,1.0000,0.0000,0.0000
IFBJBKOH_01463,Cytoplasmic Membrane,0.0000,0.0014,0.0000,0.9981,0.0005,0.0000
IFBJBKOH_01464,Cytoplasmic Membrane,0.0000,0.0001,0.0001,0.9991,0.0006,0.0000
IFBJBKOH_01465,Cytoplasmic,0.0006,0.0297,0.9205,0.0266,0.0061,0.0165
IFBJBKOH_01466,Cytoplasmic,0.0000,0.0019,0.9904,0.0022,0.0054,0.0001
IFBJBKOH_01467,Cytoplasmic Membrane,0.0000,0.0001,0.0001,0.9984,0.0014,0.0000
IFBJBKOH_01468,Cytoplasmic,0.0006,0.0144,0.9111,0.0403,0.0332,0.0004
IFBJBKOH_01469,Cytoplasmic,0.0000,0.0005,0.9984,0.0001,0.0005,0.0004
IFBJBKOH_01470,Cytoplasmic,0.0002,0.0007,0.9771,0.0147,0.0063,0.0009
IFBJBKOH_01471,Cytoplasmic Membrane,0.0001,0.0007,0.0008,0.9855,0.0091,0.0038
IFBJBKOH_01472,Cytoplasmic Membrane,0.0000,0.0010,0.0017,0.9897,0.0065,0.0010
IFBJBKOH_01473,Cytoplasmic Membrane,0.0004,0.1045,0.0000,0.8534,0.0414,0.0001
IFBJBKOH_01474,Cytoplasmic,0.0006,0.0368,0.8589,0.0345,0.0664,0.0028
IFBJBKOH_01475,Cytoplasmic,0.0001,0.0021,0.9293,0.0432,0.0241,0.0013
IFBJBKOH_01476,Cytoplasmic,0.0001,0.0003,0.9567,0.0270,0.0131,0.0028
IFBJBKOH_01477,Cytoplasmic,0.0002,0.0033,0.9191,0.0141,0.0229,0.0404
IFBJBKOH_01478,Extracellular,0.0845,0.6303,0.1512,0.0079,0.0232,0.1030
IFBJBKOH_01479,Cytoplasmic,0.0000,0.0499,0.9357,0.0040,0.0102,0.0003
IFBJBKOH_01480,Cytoplasmic,0.0001,0.1305,0.8574,0.0012,0.0011,0.0096
IFBJBKOH_01481,Cytoplasmic,0.0014,0.1440,0.6638,0.0252,0.1643,0.0014
IFBJBKOH_01482,Cytoplasmic,0.0013,0.0038,0.9129,0.0572,0.0242,0.0006
IFBJBKOH_01483,Cytoplasmic Membrane,0.0000,0.0004,0.0001,0.9960,0.0034,0.0000
IFBJBKOH_01484,Cytoplasmic,0.0000,0.0469,0.9001,0.0005,0.0056,0.0469
IFBJBKOH_01485,Cell wall & surface,0.9550,0.0209,0.0000,0.0095,0.0146,0.0000
IFBJBKOH_01486,Cell wall & surface,0.7762,0.2021,0.0007,0.0102,0.0105,0.0003
IFBJBKOH_01487,Cytoplasmic,0.0004,0.0924,0.8029,0.0711,0.0325,0.0007
IFBJBKOH_01488,Cytoplasmic,0.0001,0.0075,0.9737,0.0122,0.0057,0.0008
IFBJBKOH_01489,Cytoplasmic Membrane,0.0000,0.0000,0.0000,0.9997,0.0002,0.0000
IFBJBKOH_01490,Cytoplasmic,0.0001,0.0002,0.9904,0.0006,0.0086,0.0002
IFBJBKOH_01491,Extracellular,0.0044,0.6980,0.0097,0.0221,0.0637,0.2020
IFBJBKOH_01492,Cytoplasmic,0.0139,0.1021,0.6947,0.0205,0.1035,0.0652
IFBJBKOH_01493,Cytoplasmic,0.0000,0.0294,0.9673,0.0019,0.0003,0.0010
IFBJBKOH_01494,Extracellular,0.0002,0.6446,0.3138,0.0114,0.0284,0.0015
IFBJBKOH_01495,Cytoplasmic,0.0003,0.2512,0.5663,0.1507,0.0304,0.0011
IFBJBKOH_01496,Cytoplasmic,0.0001,0.0439,0.8783,0.0207,0.0569,0.0001
IFBJBKOH_01497,Cytoplasmic,0.0002,0.0011,0.9725,0.0043,0.0203,0.0015
IFBJBKOH_01498,Cytoplasmic,0.0007,0.0026,0.6945,0.2057,0.0391,0.0575
IFBJBKOH_01499,Cytoplasmic Membrane,0.0000,0.0000,0.0000,0.9999,0.0001,0.0000
IFBJBKOH_01500,Extracellular,0.3133,0.4033,0.0542,0.1905,0.0165,0.0222
IFBJBKOH_01501,Cytoplasmic,0.0005,0.0009,0.9315,0.0104,0.0468,0.0098
IFBJBKOH_01502,Cytoplasmic,0.0001,0.0003,0.9495,0.0045,0.0430,0.0026
IFBJBKOH_01503,Cytoplasmic,0.0001,0.0835,0.8804,0.0071,0.0047,0.0243
IFBJBKOH_01504,Cytoplasmic,0.0001,0.0088,0.9906,0.0001,0.0002,0.0001
IFBJBKOH_01505,Cytoplasmic,0.0000,0.0001,0.9994,0.0000,0.0004,0.0001
IFBJBKOH_01506,Cytoplasmic,0.0000,0.0039,0.9675,0.0023,0.0200,0.0064
IFBJBKOH_01507,Cytoplasmic,0.0001,0.0006,0.9821,0.0100,0.0047,0.0025
IFBJBKOH_01508,Cytoplasmic,0.0002,0.0036,0.9475,0.0455,0.0012,0.0019
IFBJBKOH_01509,Cytoplasmic,0.0008,0.0025,0.8746,0.1182,0.0014,0.0025
IFBJBKOH_01510,Cytoplasmic Membrane,0.0000,0.0066,0.0000,0.9919,0.0015,0.0000
IFBJBKOH_01511,Cytoplasmic,0.0004,0.0354,0.9411,0.0191,0.0028,0.0012
IFBJBKOH_01512,Cytoplasmic Membrane,0.0001,0.0081,0.0002,0.9892,0.0024,0.0000
IFBJBKOH_01513,Cytoplasmic,0.0019,0.0577,0.6178,0.0188,0.2988,0.0050
IFBJBKOH_01514,Cytoplasmic,0.0001,0.0002,0.9832,0.0133,0.0031,0.0001
IFBJBKOH_01515,Cytoplasmic Membrane,0.0002,0.0429,0.0001,0.9446,0.0121,0.0001
IFBJBKOH_01516,Cytoplasmic,0.0000,0.0023,0.9788,0.0011,0.0164,0.0013
IFBJBKOH_01517,Cytoplasmic,0.0003,0.0398,0.9416,0.0048,0.0132,0.0004
IFBJBKOH_01518,Cytoplasmic,0.0000,0.0024,0.9778,0.0058,0.0138,0.0002
IFBJBKOH_01519,Cytoplasmic Membrane,0.0000,0.0004,0.0027,0.9912,0.0058,0.0000
IFBJBKOH_01520,Cytoplasmic,0.0001,0.0001,0.9790,0.0067,0.0136,0.0004
IFBJBKOH_01521,Cytoplasmic,0.0002,0.0003,0.9718,0.0136,0.0132,0.0008
IFBJBKOH_01522,Cytoplasmic Membrane,0.0020,0.1192,0.3422,0.4718,0.0641,0.0007
IFBJBKOH_01523,Cytoplasmic,0.0000,0.0008,0.9852,0.0086,0.0034,0.0020
IFBJBKOH_01524,Cytoplasmic,0.0005,0.0115,0.8966,0.0020,0.0829,0.0064
IFBJBKOH_01525,Cytoplasmic,0.0068,0.0109,0.8621,0.0641,0.0443,0.0118
IFBJBKOH_01526,Cytoplasmic Membrane,0.0061,0.0513,0.0004,0.4637,0.1501,0.3285
IFBJBKOH_01527,Cytoplasmic Membrane,0.0000,0.0001,0.0712,0.9183,0.0101,0.0003
IFBJBKOH_01528,Cytoplasmic Membrane,0.0000,0.0000,0.0000,0.9999,0.0001,0.0000
IFBJBKOH_01529,Cytoplasmic Membrane,0.0000,0.0006,0.0005,0.9957,0.0032,0.0000
IFBJBKOH_01530,Cytoplasmic,0.0001,0.0009,0.9908,0.0009,0.0070,0.0004
IFBJBKOH_01531,Cytoplasmic,0.0000,0.0018,0.9899,0.0071,0.0008,0.0003
IFBJBKOH_01532,Cytoplasmic Membrane,0.0000,0.0000,0.0000,1.0000,0.0000,0.0000
IFBJBKOH_01533,Cytoplasmic,0.0000,0.0004,0.9955,0.0010,0.0030,0.0000
IFBJBKOH_01534,Cytoplasmic Membrane,0.0000,0.0004,0.0003,0.9878,0.0114,0.0000
IFBJBKOH_01535,Extracellular,0.0573,0.4281,0.0531,0.0966,0.2310,0.1339
IFBJBKOH_01536,Cytoplasmic Membrane,0.0001,0.0001,0.1055,0.8745,0.0193,0.0005
IFBJBKOH_01537,Cytoplasmic Membrane,0.0000,0.0000,0.0000,0.9998,0.0002,0.0000
IFBJBKOH_01538,Outer Membrane,0.0070,0.0474,0.0017,0.3903,0.4942,0.0595
IFBJBKOH_01539,Cytoplasmic,0.0007,0.0612,0.8279,0.0647,0.0182,0.0273
IFBJBKOH_01540,Cytoplasmic Membrane,0.0000,0.0001,0.0000,0.9947,0.0044,0.0008
IFBJBKOH_01541,Cytoplasmic,0.0000,0.0004,0.9852,0.0022,0.0120,0.0002
IFBJBKOH_01542,Cytoplasmic Membrane,0.0000,0.0001,0.0002,0.9943,0.0054,0.0000
IFBJBKOH_01543,Cytoplasmic Membrane,0.0001,0.0004,0.4542,0.5386,0.0060,0.0007
IFBJBKOH_01544,Cytoplasmic Membrane,0.0197,0.0062,0.0006,0.9479,0.0223,0.0032
IFBJBKOH_01545,Cytoplasmic,0.0005,0.1485,0.4130,0.3832,0.0460,0.0089
IFBJBKOH_01546,Cytoplasmic Membrane,0.0013,0.1039,0.1800,0.5948,0.0988,0.0212
IFBJBKOH_01547,Cytoplasmic,0.0004,0.0093,0.6411,0.3322,0.0151,0.0019
IFBJBKOH_01548,Cytoplasmic Membrane,0.0000,0.0000,0.0000,0.9999,0.0001,0.0000
IFBJBKOH_01549,Cytoplasmic Membrane,0.0000,0.0000,0.0000,0.9996,0.0003,0.0000
IFBJBKOH_01550,Cytoplasmic Membrane,0.0005,0.0073,0.0016,0.5227,0.3159,0.1520
IFBJBKOH_01551,Cytoplasmic,0.0000,0.0108,0.9716,0.0034,0.0139,0.0002
IFBJBKOH_01552,Cytoplasmic,0.0000,0.0032,0.9898,0.0006,0.0017,0.0048
IFBJBKOH_01553,Cytoplasmic Membrane,0.0330,0.3006,0.0031,0.5540,0.0085,0.1009
IFBJBKOH_01554,Cytoplasmic,0.0005,0.0149,0.9248,0.0403,0.0186,0.0009
IFBJBKOH_01555,Cytoplasmic Membrane,0.0000,0.0005,0.0001,0.9925,0.0068,0.0000
IFBJBKOH_01556,Cytoplasmic,0.0005,0.3155,0.4473,0.1162,0.0756,0.0449
IFBJBKOH_01557,Extracellular,0.0744,0.8977,0.0004,0.0099,0.0062,0.0114
IFBJBKOH_01558,Extracellular,0.0001,0.7246,0.2641,0.0017,0.0060,0.0035
IFBJBKOH_01559,Cytoplasmic,0.0000,0.0657,0.9089,0.0030,0.0220,0.0003
IFBJBKOH_01560,Cytoplasmic,0.0004,0.0012,0.6982,0.0127,0.2867,0.0008
IFBJBKOH_01561,Cytoplasmic Membrane,0.0003,0.2140,0.3186,0.3970,0.0314,0.0386
IFBJBKOH_01562,Cytoplasmic,0.0001,0.0024,0.9209,0.0277,0.0086,0.0402
IFBJBKOH_01563,Cytoplasmic,0.0004,0.0210,0.9642,0.0015,0.0085,0.0043
IFBJBKOH_01564,Cytoplasmic,0.0001,0.1478,0.8218,0.0190,0.0111,0.0002
IFBJBKOH_01565,Cytoplasmic Membrane,0.0001,0.0059,0.0008,0.9655,0.0271,0.0006
IFBJBKOH_01566,Cytoplasmic,0.0002,0.0045,0.9783,0.0010,0.0159,0.0002
IFBJBKOH_01567,Cytoplasmic,0.0002,0.0116,0.9521,0.0029,0.0284,0.0048
IFBJBKOH_01568,Cytoplasmic Membrane,0.0000,0.0000,0.0001,0.9990,0.0009,0.0000
IFBJBKOH_01569,Cytoplasmic,0.0005,0.0030,0.9619,0.0009,0.0330,0.0007
IFBJBKOH_01570,Cytoplasmic,0.0000,0.0000,0.9984,0.0001,0.0014,0.0000
IFBJBKOH_01571,Cytoplasmic Membrane,0.0396,0.0304,0.1589,0.7127,0.0580,0.0004
IFBJBKOH_01572,Cytoplasmic Membrane,0.0322,0.2452,0.0118,0.6686,0.0058,0.0364
IFBJBKOH_01573,Cytoplasmic,0.0000,0.0007,0.9971,0.0017,0.0004,0.0001
IFBJBKOH_01574,Cytoplasmic Membrane,0.0001,0.0014,0.0003,0.9952,0.0030,0.0000
IFBJBKOH_01575,Cytoplasmic,0.0000,0.0001,0.9895,0.0000,0.0093,0.0011
IFBJBKOH_01576,Cytoplasmic Membrane,0.0000,0.0000,0.0000,0.9997,0.0003,0.0000
IFBJBKOH_01577,Cytoplasmic Membrane,0.0002,0.0134,0.0014,0.9761,0.0056,0.0032
IFBJBKOH_01578,Cytoplasmic Membrane,0.0000,0.0000,0.0002,0.9986,0.0012,0.0000
IFBJBKOH_01579,Cytoplasmic,0.0000,0.0075,0.7392,0.2172,0.0354,0.0007
IFBJBKOH_01580,Cytoplasmic Membrane,0.0000,0.0010,0.0019,0.9959,0.0012,0.0000
IFBJBKOH_01581,Extracellular,0.0001,0.4986,0.4790,0.0051,0.0171,0.0002
IFBJBKOH_01582,Cytoplasmic,0.0007,0.0280,0.9595,0.0066,0.0046,0.0005
IFBJBKOH_01583,Cytoplasmic,0.0006,0.0066,0.9557,0.0025,0.0336,0.0009
IFBJBKOH_01584,Cytoplasmic,0.0002,0.0226,0.9685,0.0024,0.0055,0.0008
IFBJBKOH_01585,Extracellular,0.0003,0.9873,0.0093,0.0009,0.0017,0.0004
IFBJBKOH_01586,Cytoplasmic Membrane,0.0001,0.0043,0.0015,0.9838,0.0101,0.0002
IFBJBKOH_01587,Cytoplasmic,0.0006,0.1328,0.8580,0.0047,0.0037,0.0001
IFBJBKOH_01588,Cytoplasmic,0.0091,0.1202,0.8393,0.0073,0.0224,0.0017
IFBJBKOH_01589,Cytoplasmic,0.0003,0.2498,0.3539,0.1788,0.0271,0.1901
IFBJBKOH_01590,Cytoplasmic,0.0002,0.1293,0.6630,0.1269,0.0613,0.0193
IFBJBKOH_01591,Cytoplasmic,0.0001,0.1356,0.6666,0.0230,0.0264,0.1483
IFBJBKOH_01592,Extracellular,0.0013,0.7435,0.0973,0.0756,0.0677,0.0146
IFBJBKOH_01593,Extracellular,0.0000,0.6707,0.2872,0.0167,0.0253,0.0001
IFBJBKOH_01594,Extracellular,0.0018,0.6440,0.1090,0.0488,0.1909,0.0055
IFBJBKOH_01595,Cytoplasmic,0.0001,0.1065,0.5765,0.1023,0.2135,0.0011
IFBJBKOH_01596,Extracellular,0.0091,0.8070,0.0005,0.1439,0.0395,0.0001
IFBJBKOH_01597,Cytoplasmic,0.0004,0.0350,0.9269,0.0290,0.0071,0.0016
IFBJBKOH_01598,Cytoplasmic,0.0001,0.0033,0.9854,0.0041,0.0063,0.0009
IFBJBKOH_01599,Cytoplasmic,0.0013,0.1393,0.4815,0.0122,0.3644,0.0013
IFBJBKOH_01600,Cytoplasmic,0.0009,0.1985,0.5673,0.2024,0.0297,0.0012
IFBJBKOH_01601,Cytoplasmic,0.0002,0.4618,0.5039,0.0256,0.0076,0.0009
IFBJBKOH_01602,Cytoplasmic,0.0038,0.2957,0.5991,0.0598,0.0374,0.0043
IFBJBKOH_01603,Cytoplasmic,0.0000,0.0397,0.9538,0.0038,0.0025,0.0001
IFBJBKOH_01604,Cytoplasmic,0.0010,0.0081,0.9557,0.0004,0.0341,0.0007
IFBJBKOH_01605,Outer Membrane,0.0002,0.1759,0.2083,0.0007,0.6134,0.0014
IFBJBKOH_01606,Cytoplasmic,0.0561,0.0007,0.7780,0.0016,0.1635,0.0001
IFBJBKOH_01607,Cytoplasmic,0.0002,0.3622,0.6043,0.0206,0.0125,0.0003
IFBJBKOH_01608,Extracellular,0.0085,0.7018,0.1942,0.0305,0.0603,0.0047
IFBJBKOH_01609,Cytoplasmic,0.0007,0.0701,0.7108,0.0976,0.1203,0.0005
IFBJBKOH_01610,Cytoplasmic,0.0001,0.0479,0.8859,0.0450,0.0207,0.0003
IFBJBKOH_01612,Cytoplasmic,0.0004,0.0027,0.7864,0.1908,0.0197,0.0001
IFBJBKOH_01613,Cytoplasmic,0.0001,0.3178,0.6081,0.0613,0.0100,0.0027
IFBJBKOH_01614,Cytoplasmic Membrane,0.0001,0.0735,0.0009,0.9000,0.0254,0.0001
IFBJBKOH_01615,Cytoplasmic,0.0001,0.0092,0.9780,0.0027,0.0055,0.0045
IFBJBKOH_01616,Cytoplasmic,0.0005,0.0869,0.8868,0.0051,0.0183,0.0023
IFBJBKOH_01617,Cytoplasmic,0.0013,0.0506,0.8803,0.0253,0.0420,0.0004
IFBJBKOH_01618,Cytoplasmic,0.0003,0.0147,0.7617,0.2043,0.0170,0.0020
IFBJBKOH_01619,Cytoplasmic,0.0006,0.1459,0.5086,0.1420,0.1034,0.0996
IFBJBKOH_01620,Cytoplasmic,0.0006,0.1822,0.7524,0.0183,0.0430,0.0034
IFBJBKOH_01621,Cytoplasmic,0.0004,0.0684,0.9060,0.0170,0.0080,0.0001
IFBJBKOH_01622,Cytoplasmic,0.0003,0.2169,0.7230,0.0479,0.0113,0.0006
IFBJBKOH_01623,Cytoplasmic,0.0001,0.0138,0.9389,0.0303,0.0159,0.0010
IFBJBKOH_01624,Cytoplasmic,0.0000,0.0039,0.9899,0.0010,0.0050,0.0001
IFBJBKOH_01625,Cytoplasmic,0.0001,0.0042,0.9820,0.0002,0.0125,0.0011
IFBJBKOH_01626,Cytoplasmic,0.0000,0.0490,0.9380,0.0045,0.0083,0.0002
IFBJBKOH_01627,Cytoplasmic,0.0000,0.0062,0.9624,0.0064,0.0205,0.0046
IFBJBKOH_01628,Cytoplasmic,0.0000,0.0016,0.9949,0.0006,0.0027,0.0002
IFBJBKOH_01629,Cytoplasmic,0.0001,0.0224,0.9725,0.0028,0.0019,0.0004
IFBJBKOH_01630,Cytoplasmic,0.0004,0.0080,0.9894,0.0015,0.0006,0.0001
IFBJBKOH_01631,Cytoplasmic,0.0001,0.0870,0.9069,0.0010,0.0049,0.0002
IFBJBKOH_01632,Cytoplasmic,0.0012,0.0886,0.8256,0.0280,0.0549,0.0017
IFBJBKOH_01633,Cytoplasmic Membrane,0.0001,0.0170,0.0318,0.9415,0.0076,0.0021
IFBJBKOH_01634,Cytoplasmic,0.0001,0.0037,0.9833,0.0029,0.0100,0.0001
IFBJBKOH_01635,Cytoplasmic,0.0001,0.0710,0.9140,0.0057,0.0086,0.0005
IFBJBKOH_01636,Cytoplasmic,0.0002,0.0319,0.9421,0.0064,0.0192,0.0002
IFBJBKOH_01637,Cytoplasmic,0.0003,0.1707,0.8238,0.0038,0.0015,0.0000
IFBJBKOH_01638,Cytoplasmic Membrane,0.0000,0.0266,0.0000,0.9630,0.0103,0.0000
IFBJBKOH_01639,Cytoplasmic,0.0004,0.0086,0.9273,0.0117,0.0517,0.0003
IFBJBKOH_01640,Cytoplasmic,0.0004,0.2612,0.7055,0.0222,0.0105,0.0002
IFBJBKOH_01641,Cytoplasmic,0.0003,0.0005,0.9832,0.0004,0.0156,0.0001
IFBJBKOH_01643,Cytoplasmic,0.0002,0.0155,0.9101,0.0075,0.0464,0.0202
IFBJBKOH_01644,Cytoplasmic,0.0000,0.0003,0.8029,0.1544,0.0421,0.0003
IFBJBKOH_01645,Cytoplasmic Membrane,0.0018,0.0258,0.0218,0.9292,0.0204,0.0011
IFBJBKOH_01646,Cytoplasmic Membrane,0.0000,0.0038,0.0026,0.9932,0.0004,0.0000
IFBJBKOH_01647,Cytoplasmic Membrane,0.0000,0.0008,0.0002,0.9940,0.0049,0.0002
IFBJBKOH_01648,Cytoplasmic Membrane,0.0000,0.0007,0.0003,0.9942,0.0045,0.0003
IFBJBKOH_01649,Cytoplasmic Membrane,0.0000,0.0001,0.0000,0.9982,0.0016,0.0000
IFBJBKOH_01650,Extracellular,0.0025,0.8690,0.0000,0.0840,0.0110,0.0333
IFBJBKOH_01651,Cytoplasmic,0.0000,0.0000,0.9962,0.0012,0.0023,0.0002
IFBJBKOH_01652,Cytoplasmic,0.0000,0.0004,0.9992,0.0003,0.0001,0.0001
IFBJBKOH_01653,Cytoplasmic,0.0000,0.0001,0.9856,0.0000,0.0140,0.0002
IFBJBKOH_01654,Cytoplasmic,0.0005,0.0483,0.9303,0.0001,0.0200,0.0009
IFBJBKOH_01655,Cytoplasmic Membrane,0.0000,0.0004,0.3617,0.6281,0.0097,0.0000
IFBJBKOH_01658,Cytoplasmic Membrane,0.0000,0.0000,0.0001,0.9985,0.0014,0.0000
IFBJBKOH_01659,Extracellular,0.0001,0.5239,0.3474,0.0252,0.0033,0.1002
IFBJBKOH_01660,Cytoplasmic Membrane,0.0001,0.0044,0.0034,0.9637,0.0264,0.0019
IFBJBKOH_01661,Cytoplasmic,0.0000,0.0001,0.9924,0.0005,0.0028,0.0041
IFBJBKOH_01662,Cytoplasmic,0.0000,0.0001,0.9900,0.0061,0.0030,0.0008
IFBJBKOH_01663,Cytoplasmic,0.0000,0.0034,0.9907,0.0041,0.0017,0.0000
IFBJBKOH_01664,Cytoplasmic,0.0000,0.0084,0.9691,0.0001,0.0215,0.0008
IFBJBKOH_01665,Cytoplasmic,0.0000,0.0005,0.9834,0.0019,0.0103,0.0040
IFBJBKOH_01666,Cytoplasmic,0.0001,0.0211,0.9305,0.0448,0.0032,0.0002
IFBJBKOH_01667,Cytoplasmic,0.0003,0.0011,0.8419,0.0265,0.1297,0.0005
IFBJBKOH_01668,Cytoplasmic Membrane,0.0000,0.0001,0.0001,0.9978,0.0019,0.0000
IFBJBKOH_01669,Cytoplasmic,0.0000,0.0017,0.9319,0.0244,0.0396,0.0024
IFBJBKOH_01670,Cytoplasmic,0.0000,0.0223,0.9523,0.0121,0.0126,0.0006
IFBJBKOH_01671,Cytoplasmic,0.0002,0.0390,0.8746,0.0344,0.0337,0.0181
IFBJBKOH_01672,Cytoplasmic,0.0000,0.0005,0.9953,0.0001,0.0011,0.0030
IFBJBKOH_01673,Cytoplasmic,0.0006,0.1613,0.7516,0.0624,0.0110,0.0131
IFBJBKOH_01674,Cytoplasmic Membrane,0.0000,0.0001,0.0004,0.9971,0.0023,0.0001
IFBJBKOH_01675,Cytoplasmic,0.0000,0.0001,0.9993,0.0003,0.0002,0.0000
IFBJBKOH_01676,Cytoplasmic,0.0000,0.0001,0.9937,0.0018,0.0043,0.0002
IFBJBKOH_01677,Cytoplasmic Membrane,0.0000,0.0000,0.0000,0.9998,0.0002,0.0000
IFBJBKOH_01678,Cytoplasmic,0.0000,0.0106,0.9517,0.0017,0.0358,0.0002
IFBJBKOH_01679,Cytoplasmic Membrane,0.0003,0.0125,0.4146,0.5505,0.0220,0.0002
IFBJBKOH_01680,Cytoplasmic Membrane,0.0001,0.0015,0.0593,0.9337,0.0044,0.0010
IFBJBKOH_01681,Cytoplasmic,0.0001,0.0006,0.9650,0.0031,0.0306,0.0006
IFBJBKOH_01682,Cytoplasmic,0.0001,0.0128,0.9681,0.0074,0.0116,0.0000
IFBJBKOH_01683,Cytoplasmic Membrane,0.0354,0.0178,0.0003,0.7265,0.2091,0.0108
IFBJBKOH_01684,Periplasmic,0.0025,0.3680,0.0000,0.0736,0.0045,0.5515
IFBJBKOH_01685,Cytoplasmic,0.0026,0.0060,0.6537,0.1903,0.1442,0.0032
IFBJBKOH_01686,Cytoplasmic,0.0004,0.0046,0.9213,0.0024,0.0695,0.0018
IFBJBKOH_01687,Extracellular,0.0525,0.4935,0.2476,0.1651,0.0333,0.0079
IFBJBKOH_01688,Cytoplasmic,0.0000,0.0004,0.9625,0.0152,0.0199,0.0019
IFBJBKOH_01689,Cytoplasmic,0.0000,0.0001,0.9996,0.0001,0.0000,0.0001
IFBJBKOH_01690,Cytoplasmic,0.0000,0.0007,0.9908,0.0004,0.0067,0.0014
IFBJBKOH_01691,Cytoplasmic,0.0000,0.0014,0.9938,0.0005,0.0034,0.0010
IFBJBKOH_01692,Cytoplasmic,0.0002,0.1397,0.8436,0.0036,0.0103,0.0027
IFBJBKOH_01693,Cytoplasmic,0.0002,0.2548,0.4250,0.1025,0.1954,0.0221
IFBJBKOH_01694,Extracellular,0.0001,0.3889,0.2871,0.2930,0.0299,0.0010
IFBJBKOH_01695,Cytoplasmic,0.0013,0.0466,0.6500,0.1219,0.1735,0.0067
IFBJBKOH_01696,Cytoplasmic,0.0001,0.0010,0.9963,0.0016,0.0005,0.0005
IFBJBKOH_01697,Cytoplasmic,0.0001,0.0768,0.8961,0.0251,0.0015,0.0004
IFBJBKOH_01698,Cytoplasmic,0.0004,0.0266,0.7172,0.1750,0.0799,0.0009
IFBJBKOH_01699,Cytoplasmic,0.0011,0.0439,0.7548,0.1442,0.0558,0.0002
IFBJBKOH_01700,Cytoplasmic Membrane,0.0000,0.0005,0.0003,0.9968,0.0023,0.0000
IFBJBKOH_01701,Cytoplasmic Membrane,0.0000,0.0000,0.0000,0.9997,0.0003,0.0000
IFBJBKOH_01702,Cytoplasmic Membrane,0.0001,0.0011,0.0032,0.9861,0.0092,0.0004
IFBJBKOH_01703,Cytoplasmic,0.0016,0.0328,0.9401,0.0014,0.0227,0.0014
IFBJBKOH_01704,Cytoplasmic,0.0005,0.1529,0.8401,0.0005,0.0053,0.0007
IFBJBKOH_01705,Extracellular,0.0002,0.7566,0.2050,0.0057,0.0270,0.0055
IFBJBKOH_01706,Cytoplasmic,0.0021,0.1054,0.8376,0.0318,0.0151,0.0080
IFBJBKOH_01707,Cytoplasmic,0.0020,0.1006,0.8781,0.0083,0.0025,0.0085
IFBJBKOH_01708,Cytoplasmic,0.0000,0.0027,0.9924,0.0033,0.0014,0.0002
IFBJBKOH_01709,Cytoplasmic,0.0003,0.0019,0.9953,0.0012,0.0010,0.0004
IFBJBKOH_01710,Cytoplasmic,0.0024,0.0137,0.8161,0.1153,0.0510,0.0014
IFBJBKOH_01711,Cytoplasmic,0.0000,0.0058,0.9880,0.0019,0.0025,0.0018
IFBJBKOH_01712,Cytoplasmic,0.0002,0.1400,0.8421,0.0013,0.0140,0.0024
IFBJBKOH_01713,Cytoplasmic Membrane,0.0000,0.0043,0.0003,0.9926,0.0027,0.0000
IFBJBKOH_01714,Cytoplasmic Membrane,0.0000,0.0005,0.0010,0.9902,0.0082,0.0000
IFBJBKOH_01715,Cytoplasmic,0.0000,0.0090,0.9572,0.0080,0.0257,0.0000
IFBJBKOH_01716,Extracellular,0.0006,0.6091,0.3137,0.0415,0.0095,0.0255
IFBJBKOH_01717,Cytoplasmic,0.0005,0.0398,0.9344,0.0041,0.0110,0.0102
IFBJBKOH_01718,Outer Membrane,0.0005,0.0552,0.4266,0.0031,0.5122,0.0024
IFBJBKOH_01719,Cytoplasmic Membrane,0.0000,0.0009,0.0007,0.9955,0.0018,0.0011
IFBJBKOH_01720,Cytoplasmic Membrane,0.0000,0.0001,0.0000,0.9951,0.0046,0.0001
IFBJBKOH_01721,Cytoplasmic,0.0012,0.0040,0.9810,0.0004,0.0133,0.0001
IFBJBKOH_01722,Cytoplasmic,0.0009,0.0097,0.9548,0.0022,0.0318,0.0006
IFBJBKOH_01723,Cytoplasmic,0.0000,0.0027,0.9653,0.0003,0.0026,0.0291
IFBJBKOH_01724,Cytoplasmic,0.0000,0.0014,0.9929,0.0016,0.0038,0.0003
IFBJBKOH_01725,Cytoplasmic Membrane,0.0000,0.0002,0.0001,0.9977,0.0020,0.0000
IFBJBKOH_01726,Cytoplasmic,0.0002,0.1727,0.8144,0.0030,0.0058,0.0038
IFBJBKOH_01727,Cytoplasmic,0.0003,0.3000,0.6802,0.0092,0.0073,0.0030
IFBJBKOH_01728,Cytoplasmic,0.0043,0.0394,0.9548,0.0004,0.0009,0.0002
IFBJBKOH_01729,Cytoplasmic,0.0000,0.0007,0.9827,0.0013,0.0145,0.0008
IFBJBKOH_01730,Cytoplasmic,0.0000,0.0000,0.9991,0.0004,0.0004,0.0001
IFBJBKOH_01731,Cytoplasmic,0.0000,0.0017,0.9766,0.0203,0.0014,0.0001
IFBJBKOH_01732,Cytoplasmic,0.0000,0.0009,0.9864,0.0005,0.0079,0.0044
IFBJBKOH_01733,Cytoplasmic,0.0003,0.0003,0.9817,0.0067,0.0105,0.0004
IFBJBKOH_01734,Cytoplasmic,0.0002,0.0173,0.9645,0.0098,0.0064,0.0017
IFBJBKOH_01735,Cytoplasmic Membrane,0.0031,0.0040,0.0001,0.6725,0.3176,0.0028
IFBJBKOH_01736,Cytoplasmic Membrane,0.0000,0.0000,0.0000,0.9999,0.0001,0.0000
IFBJBKOH_01737,Cytoplasmic Membrane,0.0000,0.0000,0.0000,0.9998,0.0002,0.0000
IFBJBKOH_01738,Cytoplasmic Membrane,0.0001,0.0004,0.0206,0.9667,0.0116,0.0005
IFBJBKOH_01739,Cytoplasmic Membrane,0.0000,0.0018,0.3068,0.6595,0.0300,0.0018
IFBJBKOH_01740,Cytoplasmic,0.0013,0.0682,0.8048,0.0706,0.0546,0.0005
IFBJBKOH_01741,Cytoplasmic Membrane,0.0001,0.0042,0.0001,0.9909,0.0047,0.0001
IFBJBKOH_01742,Cytoplasmic,0.0001,0.0081,0.9522,0.0050,0.0319,0.0028
IFBJBKOH_01743,Extracellular,0.0002,0.5946,0.3827,0.0115,0.0035,0.0076
IFBJBKOH_01744,Cytoplasmic Membrane,0.0001,0.0003,0.0485,0.9208,0.0300,0.0003
IFBJBKOH_01745,Cytoplasmic Membrane,0.0000,0.0000,0.0000,1.0000,0.0000,0.0000
IFBJBKOH_01746,Cytoplasmic Membrane,0.0049,0.0575,0.0004,0.5100,0.3401,0.0871
IFBJBKOH_01747,Cytoplasmic Membrane,0.0001,0.1462,0.0881,0.7249,0.0398,0.0009
IFBJBKOH_01748,Cytoplasmic Membrane,0.0003,0.0331,0.0006,0.9593,0.0065,0.0001
IFBJBKOH_01749,Cytoplasmic,0.0003,0.0122,0.9526,0.0189,0.0130,0.0031
IFBJBKOH_01750,Cytoplasmic,0.0005,0.0083,0.9335,0.0439,0.0133,0.0005
IFBJBKOH_01751,Cytoplasmic,0.0001,0.3827,0.5150,0.0015,0.0983,0.0024
IFBJBKOH_01752,Cytoplasmic Membrane,0.0000,0.0000,0.0000,0.9999,0.0001,0.0000
IFBJBKOH_01753,Cytoplasmic Membrane,0.0154,0.3001,0.0010,0.3297,0.0342,0.3196
IFBJBKOH_01754,Cytoplasmic Membrane,0.0016,0.0391,0.0004,0.4999,0.4024,0.0567
IFBJBKOH_01755,Cytoplasmic Membrane,0.0002,0.0002,0.0006,0.9947,0.0044,0.0000
IFBJBKOH_01756,Cytoplasmic Membrane,0.0000,0.0006,0.0013,0.9901,0.0079,0.0000
IFBJBKOH_01757,Cytoplasmic,0.0000,0.0004,0.9973,0.0008,0.0013,0.0002
IFBJBKOH_01758,Cytoplasmic Membrane,0.0000,0.0000,0.0000,0.9997,0.0003,0.0000
IFBJBKOH_01759,Cytoplasmic,0.0000,0.0106,0.9777,0.0043,0.0007,0.0066
IFBJBKOH_01760,Cytoplasmic,0.0002,0.0088,0.9823,0.0035,0.0027,0.0025
IFBJBKOH_01761,Extracellular,0.0012,0.5414,0.0026,0.0004,0.0034,0.4510
IFBJBKOH_01762,Cytoplasmic,0.0000,0.0029,0.9754,0.0180,0.0027,0.0010
IFBJBKOH_01763,Cytoplasmic Membrane,0.0000,0.0000,0.0000,0.9984,0.0016,0.0000
IFBJBKOH_01764,Cytoplasmic,0.0000,0.0001,0.9963,0.0002,0.0034,0.0001
IFBJBKOH_01765,Cytoplasmic,0.0000,0.0025,0.9826,0.0007,0.0114,0.0026
IFBJBKOH_01766,Cytoplasmic Membrane,0.0003,0.0078,0.0030,0.9026,0.0852,0.0010
IFBJBKOH_01767,Cytoplasmic,0.0000,0.0002,0.9785,0.0017,0.0178,0.0017
IFBJBKOH_01768,Cytoplasmic,0.0001,0.0069,0.9613,0.0056,0.0258,0.0002
IFBJBKOH_01769,Cytoplasmic Membrane,0.0001,0.0621,0.3276,0.5456,0.0633,0.0012
IFBJBKOH_01770,Cytoplasmic,0.0004,0.1880,0.4475,0.3561,0.0077,0.0003
IFBJBKOH_01771,Extracellular,0.0269,0.9675,0.0005,0.0001,0.0033,0.0017
IFBJBKOH_01772,Cytoplasmic,0.0354,0.3234,0.5174,0.0826,0.0092,0.0321
IFBJBKOH_01773,Cytoplasmic,0.0012,0.1194,0.8066,0.0384,0.0246,0.0099
IFBJBKOH_01774,Cytoplasmic,0.0001,0.4156,0.4166,0.0237,0.0091,0.1349
IFBJBKOH_01775,Extracellular,0.0002,0.8701,0.1220,0.0019,0.0029,0.0030
IFBJBKOH_01776,Cytoplasmic,0.0009,0.0064,0.9058,0.0416,0.0381,0.0071
IFBJBKOH_01777,Cytoplasmic,0.0001,0.0261,0.9653,0.0017,0.0068,0.0001
IFBJBKOH_01778,Cytoplasmic,0.0002,0.4058,0.4953,0.0229,0.0359,0.0399
IFBJBKOH_01779,Cytoplasmic,0.0011,0.0178,0.8630,0.1057,0.0118,0.0006
IFBJBKOH_01780,Cytoplasmic,0.0002,0.0130,0.9811,0.0048,0.0007,0.0002
IFBJBKOH_01781,Cytoplasmic,0.0094,0.3911,0.4996,0.0474,0.0517,0.0008
IFBJBKOH_01782,Cytoplasmic,0.0005,0.0242,0.9536,0.0011,0.0057,0.0149
IFBJBKOH_01783,Cytoplasmic,0.0000,0.1936,0.6148,0.0800,0.1113,0.0003
IFBJBKOH_01784,Cytoplasmic,0.0001,0.0686,0.9300,0.0006,0.0004,0.0003
IFBJBKOH_01785,Cytoplasmic,0.0000,0.0034,0.9910,0.0010,0.0045,0.0001
IFBJBKOH_01786,Extracellular,0.0003,0.9969,0.0000,0.0001,0.0025,0.0001
IFBJBKOH_01787,Cytoplasmic,0.0040,0.1506,0.6927,0.1174,0.0342,0.0011
IFBJBKOH_01788,Cytoplasmic,0.0000,0.4428,0.4738,0.0778,0.0053,0.0002
IFBJBKOH_01789,Cytoplasmic,0.0005,0.2461,0.4615,0.2824,0.0087,0.0008
IFBJBKOH_01790,Extracellular,0.0938,0.8995,0.0019,0.0007,0.0025,0.0016
IFBJBKOH_01791,Extracellular,0.0422,0.8488,0.0922,0.0024,0.0109,0.0036
IFBJBKOH_01792,Cytoplasmic,0.0000,0.0054,0.9933,0.0003,0.0008,0.0002
IFBJBKOH_01793,Cytoplasmic Membrane,0.0000,0.0000,0.0000,0.9986,0.0013,0.0000
IFBJBKOH_01794,Cytoplasmic,0.0000,0.0288,0.9614,0.0021,0.0011,0.0065
IFBJBKOH_01795,Extracellular,0.0002,0.7464,0.1838,0.0565,0.0125,0.0006
IFBJBKOH_01796,Cytoplasmic,0.0005,0.1633,0.7860,0.0319,0.0149,0.0035
IFBJBKOH_01797,Cytoplasmic,0.0000,0.0396,0.9478,0.0022,0.0102,0.0002
IFBJBKOH_01798,Cytoplasmic,0.0001,0.0016,0.8704,0.0710,0.0466,0.0103
IFBJBKOH_01799,Cytoplasmic Membrane,0.0000,0.0000,0.0000,0.9999,0.0001,0.0000
IFBJBKOH_01800,Cytoplasmic Membrane,0.0000,0.0000,0.0000,0.9993,0.0006,0.0000
IFBJBKOH_01801,Outer Membrane,0.0005,0.0090,0.0008,0.3353,0.6293,0.0251
IFBJBKOH_01802,Cytoplasmic,0.0000,0.0008,0.9734,0.0052,0.0204,0.0000
IFBJBKOH_01803,Cytoplasmic,0.0000,0.0017,0.9613,0.0058,0.0066,0.0246
IFBJBKOH_01804,Cytoplasmic,0.0001,0.0004,0.9137,0.0030,0.0822,0.0007
IFBJBKOH_01805,Cytoplasmic,0.0000,0.0000,0.9948,0.0009,0.0042,0.0000
IFBJBKOH_01806,Cytoplasmic Membrane,0.0000,0.0002,0.0000,0.9971,0.0026,0.0000
IFBJBKOH_01807,Cytoplasmic Membrane,0.0000,0.0001,0.0001,0.9985,0.0013,0.0000
IFBJBKOH_01808,Cytoplasmic Membrane,0.0000,0.0015,0.3558,0.6383,0.0043,0.0001
IFBJBKOH_01809,Cytoplasmic,0.0000,0.0000,0.9969,0.0000,0.0029,0.0002
IFBJBKOH_01810,Cytoplasmic Membrane,0.0048,0.0833,0.0027,0.4658,0.3517,0.0918
IFBJBKOH_01811,Cytoplasmic,0.0000,0.0008,0.9540,0.0437,0.0013,0.0002
IFBJBKOH_01812,Cytoplasmic,0.0001,0.0003,0.9455,0.0421,0.0120,0.0001
IFBJBKOH_01813,Cytoplasmic,0.0002,0.1917,0.7618,0.0367,0.0055,0.0041
IFBJBKOH_01814,Cytoplasmic Membrane,0.0000,0.0000,0.0000,0.9984,0.0015,0.0000
IFBJBKOH_01815,Cytoplasmic,0.0002,0.0147,0.8463,0.0736,0.0132,0.0520
IFBJBKOH_01816,Cytoplasmic,0.0000,0.0003,0.9991,0.0001,0.0001,0.0003
IFBJBKOH_01817,Cytoplasmic Membrane,0.0001,0.0018,0.0004,0.9927,0.0050,0.0000
IFBJBKOH_01818,Cytoplasmic,0.0012,0.0012,0.9051,0.0146,0.0748,0.0031
IFBJBKOH_01819,Cytoplasmic,0.0000,0.0008,0.9921,0.0024,0.0037,0.0010
IFBJBKOH_01820,Cytoplasmic,0.0001,0.0001,0.9951,0.0002,0.0045,0.0000
IFBJBKOH_01821,Cytoplasmic,0.0002,0.1211,0.8498,0.0194,0.0092,0.0003
IFBJBKOH_01822,Cytoplasmic,0.0000,0.0006,0.9953,0.0021,0.0012,0.0007
IFBJBKOH_01823,Cytoplasmic,0.0002,0.0350,0.8937,0.0185,0.0514,0.0011
IFBJBKOH_01824,Cytoplasmic,0.0000,0.0002,0.9930,0.0025,0.0041,0.0001
IFBJBKOH_01825,Cytoplasmic,0.0002,0.0001,0.9977,0.0014,0.0004,0.0001
IFBJBKOH_01826,Cytoplasmic,0.0000,0.0001,0.9992,0.0002,0.0005,0.0001
IFBJBKOH_01827,Cytoplasmic,0.0000,0.0002,0.9989,0.0005,0.0003,0.0001
IFBJBKOH_01828,Cytoplasmic Membrane,0.0000,0.0001,0.0001,0.9987,0.0011,0.0000
IFBJBKOH_01829,Extracellular,0.0501,0.9165,0.0022,0.0077,0.0150,0.0083
IFBJBKOH_01830,Cytoplasmic Membrane,0.0000,0.0001,0.0000,0.9995,0.0004,0.0000
IFBJBKOH_01831,Cytoplasmic Membrane,0.0000,0.0000,0.0000,0.9996,0.0003,0.0000
IFBJBKOH_01832,Cytoplasmic,0.0000,0.0015,0.9901,0.0050,0.0031,0.0003
IFBJBKOH_01833,Cytoplasmic,0.0000,0.0009,0.9912,0.0017,0.0059,0.0002
IFBJBKOH_01834,Cytoplasmic,0.0001,0.0007,0.9561,0.0031,0.0386,0.0013
IFBJBKOH_01835,Cytoplasmic,0.0005,0.0125,0.8547,0.0011,0.1306,0.0005
IFBJBKOH_01836,Cytoplasmic,0.0001,0.0813,0.8924,0.0010,0.0015,0.0237
IFBJBKOH_01837,Cytoplasmic,0.0001,0.0053,0.9919,0.0008,0.0017,0.0002
IFBJBKOH_01838,Cytoplasmic,0.0001,0.0173,0.9418,0.0392,0.0009,0.0007
IFBJBKOH_01839,Cytoplasmic,0.0001,0.0003,0.9950,0.0031,0.0015,0.0000
IFBJBKOH_01840,Cytoplasmic,0.0005,0.0064,0.8638,0.0240,0.1047,0.0007
IFBJBKOH_01841,Cytoplasmic,0.0009,0.0098,0.9764,0.0031,0.0095,0.0003
IFBJBKOH_01842,Cytoplasmic,0.0007,0.0141,0.8633,0.0006,0.1209,0.0003
IFBJBKOH_01843,Cytoplasmic Membrane,0.0003,0.0751,0.0000,0.9224,0.0022,0.0000
IFBJBKOH_01844,Cytoplasmic,0.0003,0.0102,0.7719,0.1281,0.0494,0.0401
IFBJBKOH_01845,Cytoplasmic,0.0001,0.0012,0.9804,0.0031,0.0152,0.0001
IFBJBKOH_01846,Cytoplasmic,0.0001,0.0037,0.6659,0.0029,0.3238,0.0037
IFBJBKOH_01847,Cytoplasmic,0.0048,0.2220,0.7274,0.0016,0.0384,0.0057
IFBJBKOH_01848,Cytoplasmic Membrane,0.0000,0.0000,0.0000,0.9998,0.0002,0.0000
IFBJBKOH_01849,Cytoplasmic Membrane,0.0000,0.0000,0.0000,0.9996,0.0003,0.0000
IFBJBKOH_01850,Outer Membrane,0.0025,0.0666,0.0039,0.2347,0.4528,0.2396
IFBJBKOH_01851,Cytoplasmic Membrane,0.0000,0.0000,0.0000,0.9998,0.0002,0.0000
IFBJBKOH_01852,Cytoplasmic,0.0002,0.1084,0.7653,0.0730,0.0464,0.0066
IFBJBKOH_01853,Cytoplasmic,0.0000,0.0017,0.9898,0.0004,0.0051,0.0030
IFBJBKOH_01854,Cytoplasmic,0.0002,0.0030,0.7934,0.1109,0.0892,0.0033
IFBJBKOH_01855,Cytoplasmic,0.0000,0.0009,0.9256,0.0305,0.0423,0.0007
IFBJBKOH_01856,Cytoplasmic,0.0002,0.0048,0.9731,0.0043,0.0157,0.0018
IFBJBKOH_01857,Cytoplasmic Membrane,0.0071,0.1900,0.0154,0.7521,0.0318,0.0037
IFBJBKOH_01858,Cytoplasmic,0.0003,0.0005,0.9707,0.0008,0.0016,0.0262
IFBJBKOH_01859,Cytoplasmic,0.0142,0.3378,0.5808,0.0299,0.0370,0.0004
IFBJBKOH_01860,Cytoplasmic Membrane,0.0330,0.1833,0.0079,0.7384,0.0363,0.0011
IFBJBKOH_01861,Cytoplasmic,0.0000,0.0151,0.9670,0.0002,0.0037,0.0139
IFBJBKOH_01862,Cytoplasmic,0.0001,0.0016,0.9564,0.0010,0.0270,0.0140
IFBJBKOH_01863,Cytoplasmic,0.0000,0.0004,0.9885,0.0089,0.0013,0.0008
IFBJBKOH_01864,Cytoplasmic,0.0000,0.0008,0.9931,0.0017,0.0036,0.0007
IFBJBKOH_01865,Cytoplasmic,0.0003,0.0012,0.9653,0.0033,0.0279,0.0021
IFBJBKOH_01866,Extracellular,0.0183,0.8263,0.0119,0.0049,0.0232,0.1154
IFBJBKOH_01867,Cytoplasmic,0.0002,0.0073,0.9520,0.0381,0.0015,0.0009
IFBJBKOH_01868,Cytoplasmic,0.0000,0.0005,0.9952,0.0011,0.0031,0.0001
IFBJBKOH_01869,Cytoplasmic,0.0003,0.0830,0.9004,0.0138,0.0022,0.0002
IFBJBKOH_01870,Cytoplasmic Membrane,0.0238,0.2003,0.0048,0.6598,0.1020,0.0092
IFBJBKOH_01871,Cytoplasmic,0.0002,0.0004,0.9483,0.0003,0.0507,0.0000
IFBJBKOH_01872,Cytoplasmic,0.0009,0.0274,0.9566,0.0098,0.0024,0.0029
IFBJBKOH_01873,Cytoplasmic Membrane,0.0000,0.0000,0.0000,0.9998,0.0001,0.0000
IFBJBKOH_01874,Cytoplasmic Membrane,0.0000,0.0001,0.0001,0.9996,0.0002,0.0000
IFBJBKOH_01875,Cytoplasmic,0.0003,0.0177,0.9305,0.0288,0.0209,0.0019
IFBJBKOH_01876,Periplasmic,0.0000,0.0080,0.0117,0.0002,0.0131,0.9670
IFBJBKOH_01877,Cytoplasmic,0.0004,0.3332,0.5491,0.0379,0.0415,0.0380
IFBJBKOH_01878,Cytoplasmic Membrane,0.0000,0.0002,0.0004,0.9941,0.0044,0.0009
IFBJBKOH_01879,Cytoplasmic Membrane,0.0001,0.0488,0.4278,0.5038,0.0167,0.0027
IFBJBKOH_01880,Cytoplasmic,0.0001,0.0001,0.9512,0.0480,0.0006,0.0002
IFBJBKOH_01881,Cytoplasmic,0.0006,0.0529,0.8580,0.0794,0.0085,0.0005
IFBJBKOH_01882,Cytoplasmic,0.0001,0.0069,0.9143,0.0004,0.0524,0.0258
IFBJBKOH_01883,Cytoplasmic,0.0002,0.0011,0.9563,0.0001,0.0421,0.0002
IFBJBKOH_01884,Cytoplasmic,0.0000,0.0018,0.9937,0.0001,0.0038,0.0006
IFBJBKOH_01885,Cytoplasmic Membrane,0.0000,0.0000,0.0015,0.9920,0.0046,0.0019
IFBJBKOH_01886,Cytoplasmic Membrane,0.0000,0.0000,0.0001,0.9991,0.0007,0.0000
IFBJBKOH_01887,Cytoplasmic Membrane,0.0121,0.0296,0.0004,0.9440,0.0125,0.0014
IFBJBKOH_01888,Cytoplasmic Membrane,0.0018,0.0719,0.1776,0.7319,0.0154,0.0014
IFBJBKOH_01889,Cytoplasmic,0.0000,0.0057,0.9581,0.0020,0.0334,0.0008
IFBJBKOH_01890,Cytoplasmic,0.0001,0.0023,0.9894,0.0005,0.0045,0.0032
IFBJBKOH_01891,Cytoplasmic,0.0000,0.0002,0.9337,0.0434,0.0222,0.0005
IFBJBKOH_01892,Cytoplasmic,0.0000,0.0011,0.9142,0.0542,0.0141,0.0164
IFBJBKOH_01893,Cytoplasmic Membrane,0.0000,0.0000,0.0000,0.9999,0.0001,0.0000
IFBJBKOH_01894,Cytoplasmic Membrane,0.0000,0.0000,0.0000,0.9999,0.0001,0.0000
IFBJBKOH_01895,Cytoplasmic Membrane,0.0045,0.0254,0.0008,0.4869,0.2781,0.2043
IFBJBKOH_01896,Cytoplasmic,0.0005,0.0383,0.6365,0.0629,0.2609,0.0009
IFBJBKOH_01897,Extracellular,0.1161,0.8800,0.0000,0.0000,0.0038,0.0001
IFBJBKOH_01898,Cytoplasmic Membrane,0.0000,0.0000,0.0000,0.9998,0.0002,0.0000
IFBJBKOH_01899,Cytoplasmic,0.0021,0.0122,0.9570,0.0039,0.0231,0.0017
IFBJBKOH_01900,Cytoplasmic Membrane,0.0000,0.0000,0.0000,0.9999,0.0001,0.0000
IFBJBKOH_01901,Cytoplasmic Membrane,0.0020,0.0457,0.0002,0.6429,0.2685,0.0408
IFBJBKOH_01902,Cytoplasmic,0.0004,0.1203,0.8624,0.0022,0.0056,0.0091
IFBJBKOH_01903,Cytoplasmic,0.0000,0.0009,0.9974,0.0004,0.0011,0.0002
IFBJBKOH_01904,Cytoplasmic Membrane,0.0000,0.0001,0.0000,0.9988,0.0011,0.0000
IFBJBKOH_01905,Cytoplasmic,0.0001,0.0006,0.9790,0.0069,0.0115,0.0020
IFBJBKOH_01906,Cytoplasmic,0.0000,0.0006,0.9791,0.0035,0.0157,0.0010
IFBJBKOH_01907,Cytoplasmic,0.0000,0.0004,0.9830,0.0081,0.0078,0.0007
IFBJBKOH_01908,Cytoplasmic Membrane,0.0000,0.0000,0.0000,0.9996,0.0004,0.0000
IFBJBKOH_01909,Cytoplasmic Membrane,0.0002,0.0006,0.1146,0.8291,0.0538,0.0017
IFBJBKOH_01910,Cytoplasmic Membrane,0.0309,0.0978,0.0025,0.5170,0.1957,0.1561
IFBJBKOH_01911,Cytoplasmic,0.0000,0.0013,0.9881,0.0044,0.0057,0.0005
IFBJBKOH_01912,Cytoplasmic,0.0002,0.0052,0.9533,0.0295,0.0116,0.0003
IFBJBKOH_01913,Cytoplasmic,0.0001,0.0050,0.7965,0.1187,0.0796,0.0001
IFBJBKOH_01914,Cytoplasmic,0.0002,0.0608,0.8540,0.0031,0.0536,0.0283
IFBJBKOH_01915,Extracellular,0.0069,0.6502,0.2789,0.0020,0.0537,0.0083
IFBJBKOH_01916,Cytoplasmic,0.0001,0.0024,0.9853,0.0065,0.0048,0.0010
IFBJBKOH_01917,Cytoplasmic Membrane,0.0000,0.0001,0.0001,0.9994,0.0005,0.0000
IFBJBKOH_01918,Cytoplasmic,0.0005,0.0022,0.8391,0.1067,0.0512,0.0003
IFBJBKOH_01919,Cytoplasmic,0.0002,0.3509,0.5042,0.0330,0.1057,0.0060
IFBJBKOH_01920,Cytoplasmic,0.0012,0.1165,0.8481,0.0105,0.0227,0.0011
IFBJBKOH_01921,Cytoplasmic,0.0001,0.0005,0.9483,0.0249,0.0252,0.0010
IFBJBKOH_01922,Cytoplasmic,0.0014,0.0011,0.9557,0.0276,0.0119,0.0023
IFBJBKOH_01923,Cytoplasmic,0.0002,0.0111,0.9071,0.0442,0.0321,0.0053
IFBJBKOH_01924,Cytoplasmic Membrane,0.0000,0.0000,0.0001,0.9997,0.0002,0.0000
IFBJBKOH_01925,Cytoplasmic Membrane,0.0000,0.0000,0.0001,0.9991,0.0006,0.0002
IFBJBKOH_01926,Cytoplasmic,0.0001,0.0046,0.9376,0.0364,0.0112,0.0101
IFBJBKOH_01927,Extracellular,0.0002,0.4175,0.1727,0.3611,0.0447,0.0037
IFBJBKOH_01928,Cytoplasmic,0.0003,0.2677,0.5898,0.0613,0.0799,0.0010
IFBJBKOH_01929,Cytoplasmic Membrane,0.0005,0.0293,0.0005,0.9668,0.0024,0.0005
IFBJBKOH_01930,Cytoplasmic Membrane,0.0000,0.0002,0.0000,0.9995,0.0003,0.0000
IFBJBKOH_01931,Cytoplasmic,0.0003,0.0095,0.9794,0.0066,0.0012,0.0030
IFBJBKOH_01932,Cytoplasmic,0.0001,0.0002,0.9884,0.0098,0.0013,0.0002
IFBJBKOH_01933,Cytoplasmic,0.0000,0.0004,0.9905,0.0018,0.0071,0.0001
IFBJBKOH_01934,Cytoplasmic,0.0000,0.0001,0.9946,0.0034,0.0018,0.0001
IFBJBKOH_01935,Cytoplasmic,0.0001,0.0306,0.9628,0.0045,0.0015,0.0005
IFBJBKOH_01936,Cytoplasmic,0.0001,0.0001,0.9948,0.0033,0.0016,0.0000
IFBJBKOH_01937,Cytoplasmic Membrane,0.0000,0.0000,0.0000,0.9992,0.0007,0.0000
IFBJBKOH_01938,Cytoplasmic Membrane,0.0001,0.0020,0.0182,0.9777,0.0020,0.0000
IFBJBKOH_01939,Cytoplasmic,0.0001,0.0022,0.9857,0.0001,0.0117,0.0002
IFBJBKOH_01940,Cytoplasmic,0.0001,0.0015,0.9456,0.0375,0.0113,0.0039
IFBJBKOH_01941,Cytoplasmic,0.0000,0.0022,0.9933,0.0019,0.0017,0.0008
IFBJBKOH_01942,Cytoplasmic,0.0001,0.0002,0.9522,0.0317,0.0150,0.0007
IFBJBKOH_01943,Cytoplasmic Membrane,0.0000,0.0000,0.0000,0.9998,0.0002,0.0000
IFBJBKOH_01944,Cytoplasmic Membrane,0.0000,0.0000,0.0000,0.9999,0.0001,0.0000
IFBJBKOH_01945,Cytoplasmic,0.0014,0.1440,0.6638,0.0252,0.1643,0.0014
IFBJBKOH_01946,Cytoplasmic,0.0006,0.0030,0.7054,0.2686,0.0198,0.0026
IFBJBKOH_01947,Cytoplasmic,0.0000,0.0002,0.9946,0.0003,0.0042,0.0006
IFBJBKOH_01948,Cytoplasmic Membrane,0.0000,0.0000,0.0000,0.9993,0.0007,0.0000
IFBJBKOH_01949,Cytoplasmic,0.0000,0.0016,0.9972,0.0006,0.0002,0.0004
IFBJBKOH_01950,Cytoplasmic,0.0007,0.1170,0.7787,0.0061,0.0960,0.0016
IFBJBKOH_01951,Cytoplasmic,0.0001,0.2802,0.4689,0.1865,0.0642,0.0002
IFBJBKOH_01952,Outer Membrane,0.0024,0.0149,0.0008,0.4113,0.5586,0.0120
IFBJBKOH_01953,Cytoplasmic,0.0030,0.0146,0.9638,0.0020,0.0151,0.0014
IFBJBKOH_01954,Cytoplasmic Membrane,0.0000,0.0000,0.0001,0.9994,0.0006,0.0000
IFBJBKOH_01955,Cytoplasmic,0.0003,0.0008,0.9428,0.0434,0.0102,0.0025
IFBJBKOH_01956,Extracellular,0.0138,0.4850,0.2769,0.0063,0.0428,0.1752
IFBJBKOH_01957,Cytoplasmic,0.0004,0.0021,0.9665,0.0004,0.0283,0.0023
IFBJBKOH_01958,Cytoplasmic,0.0000,0.0004,0.9889,0.0013,0.0040,0.0053
IFBJBKOH_01959,Cytoplasmic Membrane,0.0001,0.0004,0.0005,0.9815,0.0176,0.0000
IFBJBKOH_01960,Cytoplasmic,0.0000,0.0001,0.9861,0.0036,0.0100,0.0002
IFBJBKOH_01961,Cytoplasmic,0.0002,0.1063,0.7648,0.0708,0.0493,0.0085
IFBJBKOH_01962,Cytoplasmic,0.0001,0.0005,0.9731,0.0131,0.0129,0.0002
IFBJBKOH_01963,Cytoplasmic,0.0001,0.0013,0.9729,0.0010,0.0160,0.0086
IFBJBKOH_01964,Cytoplasmic,0.0001,0.0034,0.9786,0.0061,0.0113,0.0006
IFBJBKOH_01965,Cytoplasmic,0.0003,0.0061,0.9699,0.0046,0.0177,0.0015
IFBJBKOH_01966,Cytoplasmic,0.0000,0.0030,0.9897,0.0002,0.0028,0.0043
IFBJBKOH_01967,Cytoplasmic,0.0001,0.0153,0.9398,0.0020,0.0416,0.0012
IFBJBKOH_01968,Cytoplasmic,0.0004,0.0253,0.9455,0.0036,0.0243,0.0008
IFBJBKOH_01969,Cytoplasmic,0.0000,0.0001,0.9858,0.0111,0.0029,0.0001
IFBJBKOH_01970,Cytoplasmic,0.0001,0.0028,0.9742,0.0016,0.0181,0.0033
IFBJBKOH_01971,Cytoplasmic Membrane,0.0000,0.0000,0.0000,0.9998,0.0002,0.0000
IFBJBKOH_01972,Cytoplasmic Membrane,0.0000,0.0000,0.0000,0.9992,0.0007,0.0000
IFBJBKOH_01973,Cytoplasmic Membrane,0.0015,0.0330,0.0062,0.5161,0.2285,0.2148
IFBJBKOH_01974,Cytoplasmic,0.0001,0.0370,0.9431,0.0056,0.0132,0.0010
IFBJBKOH_01975,Outer Membrane,0.0007,0.0690,0.0002,0.3871,0.4755,0.0676
IFBJBKOH_01976,Cytoplasmic Membrane,0.0000,0.0000,0.0000,0.9994,0.0005,0.0000
IFBJBKOH_01977,Cytoplasmic Membrane,0.0000,0.0000,0.0001,0.9985,0.0014,0.0000
IFBJBKOH_01978,Cytoplasmic,0.0000,0.0001,0.9867,0.0045,0.0081,0.0006
IFBJBKOH_01979,Cytoplasmic,0.0001,0.0016,0.9645,0.0140,0.0192,0.0005
IFBJBKOH_01980,Cytoplasmic Membrane,0.0000,0.0000,0.0000,0.9994,0.0005,0.0000
IFBJBKOH_01981,Cytoplasmic,0.0000,0.0035,0.9892,0.0048,0.0016,0.0009
IFBJBKOH_01982,Cytoplasmic,0.0000,0.0010,0.9980,0.0008,0.0001,0.0000
IFBJBKOH_01983,Cytoplasmic,0.0000,0.0001,0.9983,0.0014,0.0002,0.0001
IFBJBKOH_01984,Cytoplasmic,0.0000,0.0003,0.9980,0.0010,0.0005,0.0001
IFBJBKOH_01985,Cytoplasmic,0.0000,0.0004,0.9280,0.0008,0.0691,0.0016
IFBJBKOH_01986,Outer Membrane,0.0002,0.0002,0.0001,0.3543,0.6452,0.0001
IFBJBKOH_01987,Cytoplasmic,0.0000,0.0002,0.9965,0.0029,0.0003,0.0001
IFBJBKOH_01988,Cytoplasmic Membrane,0.0000,0.0000,0.0000,0.9994,0.0005,0.0000
IFBJBKOH_01990,Cytoplasmic,0.0001,0.0142,0.9259,0.0443,0.0148,0.0005
IFBJBKOH_01991,Cytoplasmic Membrane,0.0000,0.0000,0.0000,0.9993,0.0007,0.0000
IFBJBKOH_01992,Cytoplasmic,0.0000,0.0017,0.9916,0.0015,0.0039,0.0013
IFBJBKOH_01993,Cytoplasmic,0.0000,0.0051,0.9671,0.0001,0.0019,0.0257
IFBJBKOH_01994,Cytoplasmic,0.0000,0.0005,0.9767,0.0043,0.0161,0.0024
IFBJBKOH_01995,Cytoplasmic,0.0000,0.0188,0.9678,0.0012,0.0047,0.0075
IFBJBKOH_01996,Cytoplasmic Membrane,0.0002,0.0001,0.0667,0.9171,0.0155,0.0003
IFBJBKOH_01997,Cytoplasmic Membrane,0.0003,0.0006,0.1788,0.7581,0.0597,0.0026
IFBJBKOH_01998,Cytoplasmic Membrane,0.0000,0.0000,0.0000,0.9999,0.0001,0.0000
IFBJBKOH_01999,Cytoplasmic Membrane,0.0000,0.0000,0.0000,1.0000,0.0000,0.0000
IFBJBKOH_02000,Cytoplasmic Membrane,0.0051,0.0856,0.0002,0.5221,0.2480,0.1389
IFBJBKOH_02001,Cytoplasmic,0.0001,0.0050,0.9835,0.0089,0.0024,0.0000
IFBJBKOH_02002,Cytoplasmic,0.0002,0.0047,0.9780,0.0026,0.0142,0.0004
IFBJBKOH_02006,Cytoplasmic,0.0006,0.0053,0.9591,0.0004,0.0343,0.0004
IFBJBKOH_02007,Outer Membrane,0.0019,0.0205,0.0038,0.3767,0.5837,0.0134
IFBJBKOH_02008,Cytoplasmic,0.0003,0.0494,0.9087,0.0065,0.0346,0.0004
IFBJBKOH_02009,Cytoplasmic,0.0001,0.0001,0.9870,0.0002,0.0126,0.0001
IFBJBKOH_02010,Cytoplasmic,0.0104,0.3802,0.5740,0.0168,0.0179,0.0007
IFBJBKOH_02011,Cytoplasmic,0.0183,0.3881,0.5455,0.0029,0.0445,0.0007
IFBJBKOH_02012,Cytoplasmic Membrane,0.0260,0.0725,0.0035,0.8225,0.0755,0.0000
IFBJBKOH_02013,Extracellular,0.0003,0.9957,0.0011,0.0000,0.0016,0.0013
IFBJBKOH_02014,Cytoplasmic Membrane,0.0000,0.0009,0.0001,0.9915,0.0073,0.0001
IFBJBKOH_02015,Cytoplasmic Membrane,0.0007,0.3400,0.0718,0.5561,0.0313,0.0001
IFBJBKOH_02016,Cytoplasmic,0.0025,0.1007,0.8318,0.0203,0.0424,0.0024
IFBJBKOH_02017,Cytoplasmic,0.0022,0.0199,0.7428,0.1902,0.0433,0.0016
IFBJBKOH_02018,Extracellular,0.0001,0.9191,0.0495,0.0001,0.0309,0.0003
IFBJBKOH_02019,Cytoplasmic,0.0005,0.1452,0.6901,0.1111,0.0496,0.0035
IFBJBKOH_02020,Cytoplasmic,0.0001,0.0232,0.9562,0.0014,0.0190,0.0002
IFBJBKOH_02021,Extracellular,0.0076,0.8386,0.0752,0.0024,0.0754,0.0008
IFBJBKOH_02022,Cytoplasmic,0.0233,0.3163,0.3951,0.0735,0.1908,0.0009
IFBJBKOH_02023,Extracellular,0.0140,0.3171,0.2550,0.2010,0.2054,0.0075
IFBJBKOH_02024,Cytoplasmic,0.0034,0.1662,0.4320,0.1941,0.2024,0.0019
IFBJBKOH_02025,Cytoplasmic,0.0026,0.0946,0.7682,0.1061,0.0273,0.0012
IFBJBKOH_02026,Extracellular,0.0002,0.6058,0.1824,0.0191,0.1887,0.0038
IFBJBKOH_02027,Cytoplasmic,0.0007,0.0125,0.6274,0.0475,0.3074,0.0045
IFBJBKOH_02028,Extracellular,0.1033,0.6326,0.0621,0.1089,0.0887,0.0045
IFBJBKOH_02029,Cytoplasmic,0.0032,0.0396,0.6949,0.2189,0.0380,0.0054
IFBJBKOH_02030,Extracellular,0.0060,0.5921,0.0002,0.2532,0.1483,0.0002
IFBJBKOH_02031,Cytoplasmic,0.0000,0.0001,0.9763,0.0007,0.0221,0.0007
IFBJBKOH_02032,Extracellular,0.0002,0.5025,0.2487,0.0055,0.2329,0.0103
IFBJBKOH_02033,Extracellular,0.0053,0.6174,0.0936,0.0081,0.2714,0.0042
IFBJBKOH_02034,Cytoplasmic,0.0004,0.0015,0.9694,0.0031,0.0250,0.0006
IFBJBKOH_02035,Cytoplasmic,0.0005,0.0248,0.7364,0.2031,0.0348,0.0004
IFBJBKOH_02036,Extracellular,0.0046,0.4778,0.0957,0.2160,0.1516,0.0543
IFBJBKOH_02037,Cytoplasmic,0.0001,0.0091,0.9806,0.0028,0.0071,0.0003
IFBJBKOH_02038,Outer Membrane,0.0008,0.3923,0.1485,0.0149,0.4388,0.0047
IFBJBKOH_02039,Cytoplasmic,0.0009,0.0304,0.7084,0.0086,0.2472,0.0045
IFBJBKOH_02040,Cytoplasmic,0.0020,0.0668,0.8120,0.0489,0.0497,0.0205
IFBJBKOH_02041,Cytoplasmic,0.0002,0.0215,0.6673,0.0564,0.2518,0.0028
IFBJBKOH_02042,Cytoplasmic,0.0006,0.0114,0.7662,0.0067,0.2151,0.0000
IFBJBKOH_02043,Cytoplasmic,0.0004,0.0060,0.8492,0.0360,0.1080,0.0004
IFBJBKOH_02044,Cytoplasmic,0.0001,0.0007,0.9854,0.0021,0.0118,0.0000
IFBJBKOH_02045,Cytoplasmic,0.0000,0.0001,0.9981,0.0005,0.0013,0.0000
IFBJBKOH_02046,Cytoplasmic,0.0014,0.0367,0.8849,0.0620,0.0149,0.0002
IFBJBKOH_02047,Cytoplasmic,0.0006,0.0462,0.9384,0.0095,0.0039,0.0014
IFBJBKOH_02048,Cytoplasmic,0.0006,0.0094,0.9225,0.0355,0.0295,0.0025
IFBJBKOH_02049,Cytoplasmic,0.0004,0.2289,0.7543,0.0049,0.0112,0.0002
IFBJBKOH_02050,Cytoplasmic,0.0009,0.1059,0.7883,0.0774,0.0265,0.0011
IFBJBKOH_02051,Cytoplasmic Membrane,0.0000,0.0370,0.0000,0.9618,0.0011,0.0000
IFBJBKOH_02052,Cytoplasmic,0.0003,0.0274,0.9643,0.0009,0.0067,0.0004
IFBJBKOH_02053,Cytoplasmic,0.0004,0.1429,0.8198,0.0247,0.0095,0.0026
IFBJBKOH_02054,Cytoplasmic,0.0007,0.0809,0.9126,0.0014,0.0043,0.0001
IFBJBKOH_02055,Cytoplasmic,0.0002,0.3580,0.6020,0.0142,0.0237,0.0018
IFBJBKOH_02056,Cytoplasmic,0.0003,0.0571,0.9366,0.0024,0.0035,0.0001
IFBJBKOH_02057,Cytoplasmic,0.0001,0.0032,0.9447,0.0027,0.0480,0.0013
IFBJBKOH_02058,Cytoplasmic,0.0002,0.0094,0.9723,0.0103,0.0068,0.0009
IFBJBKOH_02059,Cytoplasmic,0.0002,0.0149,0.9790,0.0036,0.0022,0.0001
IFBJBKOH_02060,Cytoplasmic,0.0003,0.0249,0.9546,0.0005,0.0195,0.0002
IFBJBKOH_02061,Cytoplasmic,0.0002,0.0115,0.8794,0.0260,0.0116,0.0713
IFBJBKOH_02062,Cytoplasmic Membrane,0.0001,0.0169,0.0006,0.9758,0.0065,0.0000
IFBJBKOH_02063,Cytoplasmic,0.0004,0.1376,0.8471,0.0004,0.0119,0.0026
IFBJBKOH_02064,Cytoplasmic,0.0000,0.0324,0.8861,0.0620,0.0164,0.0031
IFBJBKOH_02065,Cytoplasmic,0.0006,0.3549,0.6068,0.0138,0.0157,0.0082
IFBJBKOH_02066,Cytoplasmic,0.0188,0.0095,0.9450,0.0051,0.0203,0.0014
IFBJBKOH_02067,Cytoplasmic,0.0002,0.0040,0.9377,0.0383,0.0190,0.0008
IFBJBKOH_02068,Cytoplasmic Membrane,0.0119,0.2735,0.0828,0.5982,0.0279,0.0057
IFBJBKOH_02069,Cytoplasmic,0.0019,0.3994,0.4645,0.0285,0.0921,0.0135
IFBJBKOH_02070,Extracellular,0.0003,0.8397,0.1378,0.0001,0.0215,0.0006
IFBJBKOH_02071,Cytoplasmic,0.0004,0.0326,0.7957,0.1206,0.0500,0.0005
IFBJBKOH_02072,Cytoplasmic,0.0003,0.0597,0.6540,0.1941,0.0661,0.0259
IFBJBKOH_02073,Cytoplasmic,0.0005,0.0082,0.9425,0.0006,0.0460,0.0022
IFBJBKOH_02074,Cytoplasmic,0.0000,0.0045,0.9828,0.0027,0.0066,0.0034
IFBJBKOH_02075,Cytoplasmic Membrane,0.0380,0.1149,0.0013,0.3998,0.1275,0.3186
IFBJBKOH_02076,Cytoplasmic Membrane,0.0000,0.0001,0.0801,0.9056,0.0127,0.0015
IFBJBKOH_02077,Cytoplasmic Membrane,0.0000,0.0003,0.2225,0.7616,0.0115,0.0041
IFBJBKOH_02078,Cytoplasmic Membrane,0.0000,0.0000,0.0000,1.0000,0.0000,0.0000
IFBJBKOH_02079,Cytoplasmic Membrane,0.0000,0.0000,0.0000,0.9999,0.0000,0.0000
IFBJBKOH_02080,Cytoplasmic,0.0001,0.0014,0.9954,0.0008,0.0018,0.0005
IFBJBKOH_02081,Cytoplasmic,0.0000,0.0025,0.9868,0.0001,0.0006,0.0100
IFBJBKOH_02082,Cytoplasmic,0.0000,0.0007,0.9957,0.0004,0.0024,0.0008
IFBJBKOH_02083,Cytoplasmic,0.0001,0.0486,0.8223,0.1136,0.0142,0.0011
IFBJBKOH_02084,Cytoplasmic,0.0002,0.0027,0.9293,0.0133,0.0477,0.0067
IFBJBKOH_02085,Cytoplasmic Membrane,0.0000,0.0001,0.0002,0.9980,0.0017,0.0000
IFBJBKOH_02086,Cytoplasmic,0.0001,0.0005,0.9968,0.0017,0.0009,0.0000
IFBJBKOH_02087,Cytoplasmic,0.0000,0.0002,0.9973,0.0011,0.0010,0.0003
IFBJBKOH_02088,Cytoplasmic,0.0030,0.0184,0.9677,0.0062,0.0029,0.0019
IFBJBKOH_02089,Cytoplasmic,0.0044,0.0325,0.9568,0.0007,0.0055,0.0001
IFBJBKOH_02090,Extracellular,0.0138,0.7268,0.0566,0.0470,0.0101,0.1457
IFBJBKOH_02091,Cytoplasmic Membrane,0.0067,0.0480,0.0007,0.8568,0.0771,0.0107
IFBJBKOH_02092,Cytoplasmic,0.0002,0.0409,0.8518,0.0157,0.0731,0.0182
IFBJBKOH_02093,Cytoplasmic,0.0002,0.1849,0.7953,0.0146,0.0049,0.0001
IFBJBKOH_02094,Cytoplasmic,0.0001,0.0290,0.9612,0.0014,0.0078,0.0004
IFBJBKOH_02095,Cytoplasmic,0.0005,0.1453,0.8200,0.0021,0.0259,0.0063
IFBJBKOH_02096,Cytoplasmic,0.0000,0.0196,0.9748,0.0023,0.0029,0.0004
IFBJBKOH_02097,Cytoplasmic,0.0001,0.0233,0.9620,0.0117,0.0027,0.0002
IFBJBKOH_02098,Cytoplasmic,0.0003,0.0086,0.9715,0.0064,0.0017,0.0115
IFBJBKOH_02099,Cytoplasmic,0.0000,0.0011,0.9692,0.0108,0.0184,0.0005
IFBJBKOH_02100,Cytoplasmic,0.0001,0.0085,0.9012,0.0390,0.0430,0.0082
IFBJBKOH_02101,Cytoplasmic,0.0000,0.0013,0.9964,0.0010,0.0012,0.0001
IFBJBKOH_02102,Cytoplasmic,0.0000,0.0020,0.9829,0.0002,0.0040,0.0110
IFBJBKOH_02103,Cytoplasmic,0.0001,0.0226,0.9408,0.0017,0.0318,0.0030
IFBJBKOH_02104,Cytoplasmic,0.0001,0.0091,0.9890,0.0008,0.0010,0.0001
IFBJBKOH_02105,Cytoplasmic,0.0000,0.0000,0.9748,0.0008,0.0242,0.0001
IFBJBKOH_02106,Cytoplasmic,0.0002,0.0118,0.9562,0.0153,0.0159,0.0006
IFBJBKOH_02107,Cytoplasmic,0.0000,0.0001,0.9968,0.0012,0.0018,0.0001
IFBJBKOH_02108,Cytoplasmic,0.0005,0.0018,0.9809,0.0041,0.0108,0.0019
IFBJBKOH_02109,Cytoplasmic,0.0002,0.0009,0.9644,0.0269,0.0075,0.0001
IFBJBKOH_02110,Cytoplasmic,0.0002,0.0088,0.9468,0.0297,0.0143,0.0001
IFBJBKOH_02111,Cytoplasmic,0.0008,0.0210,0.9463,0.0198,0.0110,0.0012
IFBJBKOH_02112,Cytoplasmic,0.0001,0.0026,0.8728,0.0014,0.1176,0.0055
IFBJBKOH_02113,Cytoplasmic,0.0003,0.0090,0.6188,0.0038,0.2860,0.0821
IFBJBKOH_02114,Cytoplasmic,0.0005,0.0017,0.9906,0.0070,0.0002,0.0000
IFBJBKOH_02115,Cytoplasmic,0.0002,0.0622,0.8396,0.0050,0.0504,0.0426
IFBJBKOH_02116,Cytoplasmic,0.0000,0.0005,0.9938,0.0025,0.0022,0.0010
IFBJBKOH_02117,Cytoplasmic,0.0005,0.0066,0.9842,0.0024,0.0059,0.0004
IFBJBKOH_02118,Cytoplasmic,0.0004,0.0010,0.9697,0.0206,0.0081,0.0002
IFBJBKOH_02119,Cytoplasmic,0.0023,0.0179,0.9590,0.0170,0.0035,0.0004
IFBJBKOH_02120,Cytoplasmic,0.0000,0.0004,0.9963,0.0017,0.0008,0.0008
IFBJBKOH_02121,Cytoplasmic,0.0000,0.0069,0.9761,0.0087,0.0074,0.0009
IFBJBKOH_02122,Cytoplasmic,0.0027,0.0459,0.8491,0.0593,0.0404,0.0027
IFBJBKOH_02123,Cytoplasmic,0.0003,0.0011,0.9825,0.0016,0.0041,0.0105
IFBJBKOH_02124,Cytoplasmic,0.0001,0.0037,0.8718,0.0027,0.0918,0.0299
IFBJBKOH_02125,Cytoplasmic,0.0004,0.0076,0.9459,0.0130,0.0268,0.0062
IFBJBKOH_02126,Cytoplasmic,0.0025,0.0588,0.9150,0.0120,0.0109,0.0007
IFBJBKOH_02127,Cytoplasmic,0.0010,0.0395,0.9420,0.0055,0.0109,0.0012
IFBJBKOH_02128,Cytoplasmic,0.0001,0.0010,0.9754,0.0105,0.0119,0.0011
IFBJBKOH_02129,Cytoplasmic Membrane,0.0000,0.0000,0.0000,0.9993,0.0006,0.0000
IFBJBKOH_02130,Cytoplasmic,0.0012,0.0252,0.9396,0.0244,0.0084,0.0013
IFBJBKOH_02131,Cytoplasmic,0.0000,0.0070,0.9885,0.0032,0.0005,0.0007
IFBJBKOH_02134,Cytoplasmic,0.0001,0.0023,0.9946,0.0003,0.0027,0.0000
IFBJBKOH_02135,Cytoplasmic,0.0000,0.0000,0.9999,0.0000,0.0001,0.0000
IFBJBKOH_02136,Extracellular,0.0514,0.6128,0.1158,0.1276,0.0641,0.0283
IFBJBKOH_02137,Cytoplasmic,0.0002,0.0006,0.9705,0.0183,0.0082,0.0022
IFBJBKOH_02138,Cytoplasmic,0.0001,0.0026,0.9916,0.0013,0.0037,0.0006
IFBJBKOH_02139,Cytoplasmic,0.0004,0.0040,0.9655,0.0275,0.0008,0.0019
IFBJBKOH_02140,Cytoplasmic,0.0000,0.1527,0.7050,0.0411,0.0052,0.0958
IFBJBKOH_02141,Cytoplasmic,0.0006,0.0350,0.4809,0.0195,0.0412,0.4229
IFBJBKOH_02142,Extracellular,0.0002,0.7572,0.0860,0.0989,0.0410,0.0167
IFBJBKOH_02143,Cytoplasmic,0.0002,0.2277,0.7367,0.0282,0.0060,0.0013
IFBJBKOH_02144,Extracellular,0.0007,0.4966,0.3297,0.0686,0.0083,0.0962
IFBJBKOH_02145,Cytoplasmic,0.0006,0.0479,0.8627,0.0369,0.0269,0.0251
IFBJBKOH_02146,Periplasmic,0.0002,0.3468,0.0106,0.0067,0.0401,0.5955
IFBJBKOH_02147,Cytoplasmic Membrane,0.0006,0.0009,0.0000,0.8830,0.0949,0.0206
IFBJBKOH_02148,Cytoplasmic Membrane,0.0000,0.0000,0.0000,0.9997,0.0003,0.0000
IFBJBKOH_02149,Cytoplasmic Membrane,0.0000,0.0000,0.0000,0.9999,0.0001,0.0000
IFBJBKOH_02150,Cytoplasmic Membrane,0.0000,0.0000,0.0000,1.0000,0.0000,0.0000
IFBJBKOH_02151,Cytoplasmic Membrane,0.0004,0.1407,0.0031,0.6870,0.1667,0.0021
IFBJBKOH_02152,Outer Membrane,0.1177,0.0858,0.1904,0.0001,0.6051,0.0009
IFBJBKOH_02153,Cytoplasmic,0.0002,0.0018,0.9870,0.0010,0.0080,0.0019
IFBJBKOH_02154,Cytoplasmic,0.0001,0.0035,0.9609,0.0023,0.0268,0.0064
IFBJBKOH_02155,Cytoplasmic Membrane,0.0000,0.0000,0.0000,0.9997,0.0003,0.0000
IFBJBKOH_02156,Cytoplasmic Membrane,0.0000,0.0000,0.0000,0.9995,0.0004,0.0000
IFBJBKOH_02157,Outer Membrane,0.0003,0.0094,0.0012,0.1762,0.5677,0.2452
IFBJBKOH_02158,Cytoplasmic,0.0001,0.0188,0.9681,0.0028,0.0100,0.0001
IFBJBKOH_02159,Cytoplasmic,0.0002,0.0164,0.9811,0.0012,0.0010,0.0001
IFBJBKOH_02160,Cytoplasmic Membrane,0.0000,0.0005,0.0001,0.9990,0.0004,0.0000
IFBJBKOH_02161,Cytoplasmic Membrane,0.0128,0.1150,0.0003,0.7088,0.1192,0.0439
IFBJBKOH_02162,Cytoplasmic Membrane,0.0000,0.0000,0.0000,1.0000,0.0000,0.0000
IFBJBKOH_02163,Cytoplasmic Membrane,0.0000,0.0000,0.0000,1.0000,0.0000,0.0000
IFBJBKOH_02164,Cytoplasmic,0.0005,0.0063,0.9224,0.0638,0.0050,0.0021
IFBJBKOH_02165,Cytoplasmic,0.0004,0.0150,0.9681,0.0078,0.0085,0.0002
IFBJBKOH_02166,Extracellular,0.0157,0.9793,0.0001,0.0021,0.0009,0.0020
IFBJBKOH_02167,Extracellular,0.0045,0.9947,0.0000,0.0005,0.0000,0.0002
IFBJBKOH_02168,Cytoplasmic Membrane,0.0000,0.0009,0.0000,0.9964,0.0026,0.0000
IFBJBKOH_02169,Cytoplasmic,0.0038,0.1327,0.6546,0.0308,0.1739,0.0041
IFBJBKOH_02170,Extracellular,0.0000,0.4928,0.4076,0.0932,0.0059,0.0004
IFBJBKOH_02171,Extracellular,0.0989,0.5444,0.1058,0.0064,0.2381,0.0064
IFBJBKOH_02172,Cytoplasmic,0.0002,0.0797,0.8233,0.0322,0.0633,0.0013
IFBJBKOH_02173,Cytoplasmic,0.0006,0.0251,0.9466,0.0010,0.0266,0.0001
IFBJBKOH_02174,Cytoplasmic,0.0002,0.0390,0.9351,0.0234,0.0022,0.0001
IFBJBKOH_02175,Cytoplasmic,0.0001,0.0269,0.9628,0.0026,0.0071,0.0005
IFBJBKOH_02176,Extracellular,0.0001,0.9939,0.0004,0.0013,0.0015,0.0028
IFBJBKOH_02177,Cytoplasmic,0.0001,0.2597,0.7166,0.0152,0.0083,0.0002
IFBJBKOH_02178,Cytoplasmic,0.0013,0.0093,0.9763,0.0124,0.0006,0.0001
IFBJBKOH_02179,Cytoplasmic,0.0001,0.2188,0.7338,0.0054,0.0409,0.0010
IFBJBKOH_02180,Cytoplasmic,0.0003,0.0021,0.9882,0.0048,0.0046,0.0000
IFBJBKOH_02181,Outer Membrane,0.0020,0.0907,0.0248,0.0681,0.4990,0.3154
IFBJBKOH_02182,Extracellular,0.0371,0.7830,0.0010,0.0805,0.0046,0.0938
IFBJBKOH_02183,Cytoplasmic,0.0000,0.0009,0.7914,0.0008,0.0169,0.1899
IFBJBKOH_02184,Cytoplasmic,0.0019,0.3755,0.4100,0.1069,0.0033,0.1024
IFBJBKOH_02185,Cytoplasmic,0.0018,0.0227,0.8817,0.0701,0.0236,0.0001
IFBJBKOH_02186,Cytoplasmic,0.0000,0.0003,0.9937,0.0011,0.0048,0.0000
IFBJBKOH_02187,Cytoplasmic,0.0036,0.2501,0.4056,0.3040,0.0365,0.0003
IFBJBKOH_02188,Cytoplasmic,0.0010,0.0701,0.8010,0.0138,0.1131,0.0009
IFBJBKOH_02189,Cytoplasmic Membrane,0.1338,0.0254,0.0007,0.7284,0.0928,0.0188
IFBJBKOH_02190,Cytoplasmic Membrane,0.1103,0.0126,0.0004,0.7826,0.0660,0.0282
IFBJBKOH_02191,Cytoplasmic,0.0001,0.1734,0.5757,0.0219,0.2262,0.0027
IFBJBKOH_02192,Extracellular,0.0083,0.9032,0.0115,0.0598,0.0107,0.0066
IFBJBKOH_02193,Cytoplasmic,0.0000,0.0021,0.9753,0.0112,0.0098,0.0016
IFBJBKOH_02194,Extracellular,0.0774,0.6042,0.0752,0.2250,0.0070,0.0112
IFBJBKOH_02195,Cytoplasmic,0.0001,0.0079,0.9831,0.0018,0.0029,0.0041
IFBJBKOH_02196,Cytoplasmic,0.0000,0.0231,0.9130,0.0040,0.0138,0.0459
IFBJBKOH_02197,Cytoplasmic,0.0003,0.0287,0.8242,0.0552,0.0889,0.0026
IFBJBKOH_02198,Extracellular,0.0294,0.3883,0.1206,0.2241,0.1057,0.1319
IFBJBKOH_02199,Cytoplasmic Membrane,0.0000,0.0000,0.0000,0.9990,0.0010,0.0000
IFBJBKOH_02200,Cytoplasmic Membrane,0.0026,0.1207,0.0812,0.3843,0.1290,0.2823
IFBJBKOH_02201,Cytoplasmic Membrane,0.0000,0.0000,0.0000,0.9998,0.0001,0.0000
IFBJBKOH_02202,Cytoplasmic,0.0001,0.0029,0.8696,0.0396,0.0323,0.0555
IFBJBKOH_02203,Cytoplasmic,0.0003,0.2051,0.7805,0.0037,0.0089,0.0013
IFBJBKOH_02204,Extracellular,0.0134,0.3280,0.0585,0.1439,0.2216,0.2346
IFBJBKOH_02205,Cytoplasmic,0.0000,0.0025,0.9878,0.0007,0.0074,0.0016
IFBJBKOH_02206,Cytoplasmic Membrane,0.0132,0.2173,0.0840,0.5853,0.0962,0.0041
IFBJBKOH_02207,Cytoplasmic,0.0002,0.0213,0.9626,0.0017,0.0093,0.0049
IFBJBKOH_02208,Cytoplasmic,0.0000,0.0037,0.9942,0.0010,0.0008,0.0002
IFBJBKOH_02209,Cytoplasmic Membrane,0.0002,0.0004,0.0004,0.9899,0.0089,0.0003
IFBJBKOH_02210,Cytoplasmic,0.0004,0.0010,0.7422,0.2462,0.0094,0.0009
IFBJBKOH_02211,Cytoplasmic Membrane,0.0063,0.1017,0.0006,0.8766,0.0087,0.0062
IFBJBKOH_02212,Cytoplasmic,0.0002,0.0097,0.9317,0.0238,0.0345,0.0001
IFBJBKOH_02213,Cytoplasmic,0.0001,0.0054,0.9540,0.0157,0.0246,0.0002
IFBJBKOH_02214,Cytoplasmic,0.0003,0.0034,0.9883,0.0033,0.0046,0.0001
IFBJBKOH_02215,Cytoplasmic,0.0000,0.0025,0.9740,0.0158,0.0076,0.0001
IFBJBKOH_02216,Cytoplasmic,0.0068,0.2594,0.7223,0.0009,0.0102,0.0004
IFBJBKOH_02217,Cytoplasmic,0.0001,0.3778,0.5803,0.0382,0.0036,0.0001
IFBJBKOH_02218,Cytoplasmic,0.0000,0.0009,0.9962,0.0017,0.0012,0.0000
IFBJBKOH_02219,Cytoplasmic,0.0008,0.1076,0.4388,0.4044,0.0032,0.0452
IFBJBKOH_02220,Cytoplasmic Membrane,0.0000,0.0001,0.0001,0.9994,0.0005,0.0000
IFBJBKOH_02221,Cytoplasmic,0.0028,0.0110,0.9513,0.0131,0.0153,0.0065
IFBJBKOH_02222,Cytoplasmic,0.0000,0.0014,0.9869,0.0062,0.0052,0.0003
IFBJBKOH_02223,Cytoplasmic,0.0000,0.0033,0.9875,0.0020,0.0031,0.0041
IFBJBKOH_02224,Cytoplasmic,0.0001,0.0124,0.8937,0.0492,0.0231,0.0215
IFBJBKOH_02225,Cytoplasmic Membrane,0.0135,0.0444,0.0000,0.6287,0.2389,0.0745
IFBJBKOH_02226,Cytoplasmic,0.0003,0.0004,0.4691,0.4171,0.1107,0.0023
IFBJBKOH_02227,Cytoplasmic,0.0001,0.0003,0.5191,0.4459,0.0331,0.0015
IFBJBKOH_02228,Cytoplasmic Membrane,0.0000,0.0000,0.0000,1.0000,0.0000,0.0000
IFBJBKOH_02229,Cytoplasmic,0.0002,0.0144,0.9399,0.0203,0.0236,0.0016
IFBJBKOH_02230,Cytoplasmic,0.0007,0.0075,0.8750,0.0421,0.0312,0.0436
IFBJBKOH_02231,Cytoplasmic Membrane,0.0008,0.0689,0.0051,0.8749,0.0497,0.0005
IFBJBKOH_02232,Cytoplasmic,0.0003,0.0005,0.9901,0.0027,0.0064,0.0000
IFBJBKOH_02233,Cytoplasmic Membrane,0.0000,0.0003,0.0002,0.9916,0.0078,0.0000
IFBJBKOH_02234,Cytoplasmic Membrane,0.0000,0.0000,0.0000,1.0000,0.0000,0.0000
IFBJBKOH_02235,Cytoplasmic Membrane,0.0001,0.0001,0.1124,0.8407,0.0465,0.0004
IFBJBKOH_02236,Cytoplasmic Membrane,0.0121,0.0741,0.0007,0.6109,0.1360,0.1662
IFBJBKOH_02237,Cytoplasmic,0.0001,0.0006,0.9977,0.0002,0.0014,0.0001
IFBJBKOH_02238,Cytoplasmic,0.0024,0.0557,0.9266,0.0070,0.0076,0.0008
IFBJBKOH_02239,Cytoplasmic,0.0001,0.0057,0.9894,0.0039,0.0008,0.0001
IFBJBKOH_02240,Cytoplasmic,0.0000,0.0080,0.9786,0.0001,0.0128,0.0005
IFBJBKOH_02241,Cytoplasmic,0.0001,0.0008,0.9780,0.0002,0.0207,0.0003
IFBJBKOH_02242,Cytoplasmic,0.0013,0.0107,0.8950,0.0060,0.0805,0.0065
IFBJBKOH_02243,Cytoplasmic Membrane,0.0000,0.0002,0.0002,0.9964,0.0031,0.0001
IFBJBKOH_02244,Cytoplasmic,0.0000,0.0001,0.9894,0.0009,0.0091,0.0005
IFBJBKOH_02245,Cytoplasmic,0.0000,0.0002,0.9987,0.0006,0.0005,0.0000
IFBJBKOH_02246,Cytoplasmic,0.0002,0.0039,0.9760,0.0149,0.0049,0.0000
IFBJBKOH_02247,Cytoplasmic,0.0006,0.0634,0.8535,0.0783,0.0038,0.0003
IFBJBKOH_02248,Cytoplasmic,0.0000,0.0036,0.9914,0.0001,0.0046,0.0002
IFBJBKOH_02249,Cytoplasmic,0.0000,0.0039,0.9578,0.0010,0.0362,0.0011
IFBJBKOH_02250,Cytoplasmic Membrane,0.0000,0.0000,0.0000,0.9997,0.0003,0.0000
IFBJBKOH_02251,Cytoplasmic Membrane,0.0000,0.0001,0.0000,0.9988,0.0011,0.0000
IFBJBKOH_02252,Outer Membrane,0.0020,0.0248,0.0086,0.2236,0.4911,0.2498
IFBJBKOH_02253,Cytoplasmic,0.0000,0.0002,0.8625,0.0028,0.1336,0.0008
IFBJBKOH_02254,Cytoplasmic,0.0000,0.0013,0.9769,0.0045,0.0172,0.0000
IFBJBKOH_02255,Cytoplasmic,0.0001,0.0011,0.9852,0.0004,0.0123,0.0009
IFBJBKOH_02256,Cytoplasmic,0.0000,0.0010,0.9334,0.0035,0.0611,0.0009
IFBJBKOH_02257,Cytoplasmic,0.0013,0.1176,0.7439,0.0013,0.1345,0.0014
IFBJBKOH_02258,Cytoplasmic,0.0002,0.0091,0.9225,0.0319,0.0326,0.0038
IFBJBKOH_02259,Cytoplasmic,0.0001,0.0011,0.9378,0.0021,0.0552,0.0038
IFBJBKOH_02260,Cytoplasmic,0.0000,0.0007,0.9866,0.0007,0.0109,0.0013
IFBJBKOH_02261,Cytoplasmic,0.0003,0.0532,0.8360,0.1007,0.0082,0.0016
IFBJBKOH_02262,Cytoplasmic,0.0004,0.0528,0.8876,0.0397,0.0083,0.0112
IFBJBKOH_02263,Extracellular,0.1126,0.8252,0.0023,0.0405,0.0082,0.0112
IFBJBKOH_02264,Cytoplasmic,0.0000,0.3307,0.3714,0.1543,0.1432,0.0004
IFBJBKOH_02265,Cytoplasmic,0.0000,0.0758,0.9078,0.0082,0.0036,0.0046
IFBJBKOH_02266,Cytoplasmic,0.0001,0.0044,0.9909,0.0025,0.0020,0.0001
IFBJBKOH_02267,Cytoplasmic Membrane,0.0000,0.0000,0.0001,0.9999,0.0000,0.0000
IFBJBKOH_02268,Extracellular,0.0004,0.6096,0.3408,0.0067,0.0418,0.0007
IFBJBKOH_02269,Cell wall & surface,0.7260,0.2125,0.0126,0.0109,0.0376,0.0003
IFBJBKOH_02270,Extracellular,0.1515,0.8417,0.0026,0.0014,0.0015,0.0014
IFBJBKOH_02271,Extracellular,0.0000,0.9987,0.0001,0.0000,0.0003,0.0010
IFBJBKOH_02272,Cytoplasmic,0.0000,0.0000,0.9992,0.0000,0.0007,0.0000
IFBJBKOH_02273,Cytoplasmic,0.0001,0.0003,0.9287,0.0563,0.0143,0.0003
IFBJBKOH_02274,Cytoplasmic Membrane,0.0000,0.1947,0.0010,0.8027,0.0015,0.0000
IFBJBKOH_02275,Cytoplasmic,0.0000,0.1082,0.8132,0.0490,0.0291,0.0004
IFBJBKOH_02276,Cytoplasmic,0.0004,0.0376,0.6126,0.3308,0.0133,0.0053
IFBJBKOH_02277,Cytoplasmic,0.0001,0.0389,0.9490,0.0053,0.0043,0.0023
IFBJBKOH_02278,Cytoplasmic,0.0016,0.0428,0.9321,0.0012,0.0071,0.0153
IFBJBKOH_02279,Cytoplasmic,0.0001,0.3565,0.5451,0.0702,0.0269,0.0012
IFBJBKOH_02280,Cytoplasmic,0.0001,0.0004,0.8038,0.1373,0.0230,0.0353
IFBJBKOH_02281,Cytoplasmic,0.0006,0.1137,0.7870,0.0286,0.0674,0.0027
IFBJBKOH_02282,Cytoplasmic Membrane,0.0003,0.0009,0.1439,0.8276,0.0269,0.0004
IFBJBKOH_02283,Cytoplasmic,0.0009,0.0831,0.7267,0.1001,0.0883,0.0009
IFBJBKOH_02284,Cytoplasmic,0.0008,0.0057,0.9601,0.0091,0.0242,0.0001
IFBJBKOH_02285,Cytoplasmic,0.0000,0.0008,0.9970,0.0005,0.0017,0.0000
IFBJBKOH_02286,Cytoplasmic Membrane,0.0014,0.0468,0.3370,0.5466,0.0670,0.0012
IFBJBKOH_02287,Cytoplasmic Membrane,0.0001,0.0007,0.1051,0.8868,0.0073,0.0000
IFBJBKOH_02288,Cytoplasmic,0.0006,0.1402,0.5991,0.2101,0.0498,0.0002
IFBJBKOH_02289,Cytoplasmic Membrane,0.0015,0.0191,0.3027,0.5457,0.1279,0.0031
IFBJBKOH_02290,Cytoplasmic,0.0029,0.1814,0.6478,0.1662,0.0014,0.0003
IFBJBKOH_02291,Cytoplasmic Membrane,0.0020,0.1258,0.0035,0.7502,0.1181,0.0005
IFBJBKOH_02292,Cytoplasmic Membrane,0.0001,0.0005,0.0002,0.9932,0.0059,0.0001
IFBJBKOH_02293,Cytoplasmic Membrane,0.0000,0.0003,0.0015,0.9851,0.0131,0.0000
IFBJBKOH_02294,Cytoplasmic,0.0003,0.0251,0.7551,0.1292,0.0902,0.0001
IFBJBKOH_02295,Cytoplasmic,0.0011,0.1172,0.8686,0.0007,0.0123,0.0001
IFBJBKOH_02296,Cytoplasmic,0.0029,0.2566,0.6818,0.0002,0.0107,0.0477
IFBJBKOH_02297,Cytoplasmic,0.0020,0.1585,0.7369,0.0767,0.0231,0.0028
IFBJBKOH_02298,Cytoplasmic,0.0033,0.1103,0.8817,0.0013,0.0028,0.0006
IFBJBKOH_02299,Cytoplasmic Membrane,0.0000,0.0000,0.0000,0.9998,0.0001,0.0000
IFBJBKOH_02300,Cytoplasmic Membrane,0.0003,0.0005,0.1543,0.8278,0.0167,0.0005
IFBJBKOH_02301,Cytoplasmic,0.0021,0.0188,0.9149,0.0606,0.0036,0.0000
IFBJBKOH_02302,Cytoplasmic,0.0002,0.0002,0.9357,0.0605,0.0033,0.0001
IFBJBKOH_02303,Cytoplasmic Membrane,0.0000,0.0062,0.0034,0.9848,0.0053,0.0002
IFBJBKOH_02304,Cytoplasmic Membrane,0.0079,0.1025,0.0235,0.8156,0.0494,0.0012
IFBJBKOH_02305,Cytoplasmic,0.0001,0.0053,0.9843,0.0086,0.0018,0.0000
IFBJBKOH_02306,Cytoplasmic,0.0001,0.2288,0.4562,0.2699,0.0445,0.0005
IFBJBKOH_02307,Cytoplasmic,0.0005,0.0779,0.6498,0.1990,0.0718,0.0009
IFBJBKOH_02308,Cytoplasmic,0.0015,0.2134,0.7075,0.0045,0.0299,0.0432
IFBJBKOH_02309,Cytoplasmic,0.0000,0.0347,0.9583,0.0008,0.0027,0.0035
IFBJBKOH_02310,Cytoplasmic,0.0000,0.0135,0.9812,0.0013,0.0010,0.0029
IFBJBKOH_02311,Cytoplasmic,0.0007,0.0101,0.9788,0.0010,0.0063,0.0030
IFBJBKOH_02312,Extracellular,0.0003,0.8198,0.1492,0.0076,0.0182,0.0048
IFBJBKOH_02313,Cytoplasmic,0.0000,0.0486,0.8519,0.0812,0.0174,0.0009
IFBJBKOH_02314,Cytoplasmic,0.0011,0.0691,0.7734,0.1519,0.0042,0.0002
IFBJBKOH_02315,Outer Membrane,0.0056,0.3335,0.0386,0.1587,0.4572,0.0064
IFBJBKOH_02316,Extracellular,0.0000,0.9939,0.0017,0.0001,0.0038,0.0004
IFBJBKOH_02317,Outer Membrane,0.0078,0.2998,0.0142,0.2351,0.4370,0.0061
IFBJBKOH_02318,Cytoplasmic Membrane,0.0005,0.1241,0.0008,0.7592,0.1152,0.0001
IFBJBKOH_02319,Extracellular,0.0001,0.9893,0.0093,0.0001,0.0008,0.0003
IFBJBKOH_02320,Extracellular,0.0000,0.5775,0.2397,0.1795,0.0033,0.0000
IFBJBKOH_02321,Extracellular,0.0105,0.6422,0.0010,0.0433,0.3019,0.0012
IFBJBKOH_02322,Extracellular,0.0001,0.7995,0.1071,0.0558,0.0322,0.0053
IFBJBKOH_02323,Extracellular,0.0000,0.9967,0.0022,0.0000,0.0009,0.0001
IFBJBKOH_02324,Cytoplasmic,0.0021,0.4019,0.4936,0.0787,0.0215,0.0020
IFBJBKOH_02325,Cytoplasmic,0.0020,0.3921,0.5043,0.0875,0.0107,0.0035
IFBJBKOH_02326,Cytoplasmic,0.0000,0.0133,0.6929,0.2900,0.0034,0.0002
IFBJBKOH_02327,Cytoplasmic,0.0013,0.1240,0.7574,0.0897,0.0254,0.0022
IFBJBKOH_02328,Cytoplasmic,0.0003,0.0873,0.8237,0.0032,0.0605,0.0250
IFBJBKOH_02329,Cytoplasmic,0.0002,0.0769,0.8028,0.1111,0.0090,0.0001
IFBJBKOH_02330,Extracellular,0.0119,0.7111,0.2188,0.0245,0.0243,0.0094
IFBJBKOH_02331,Extracellular,0.0329,0.8190,0.0206,0.0427,0.0257,0.0590
IFBJBKOH_02332,Cytoplasmic,0.0941,0.2244,0.6322,0.0208,0.0152,0.0134
IFBJBKOH_02333,Cytoplasmic,0.0004,0.0421,0.4875,0.4493,0.0203,0.0004
IFBJBKOH_02334,Extracellular,0.0053,0.9727,0.0134,0.0000,0.0015,0.0072
IFBJBKOH_02335,Cytoplasmic,0.0004,0.3635,0.5991,0.0249,0.0121,0.0000
IFBJBKOH_02336,Extracellular,0.0552,0.8792,0.0121,0.0124,0.0383,0.0028
IFBJBKOH_02337,Extracellular,0.0014,0.3456,0.3398,0.2091,0.1027,0.0015
IFBJBKOH_02338,Extracellular,0.2125,0.6540,0.0816,0.0064,0.0305,0.0150
IFBJBKOH_02339,Cytoplasmic,0.0004,0.0421,0.4875,0.4493,0.0203,0.0004
IFBJBKOH_02340,Extracellular,0.0719,0.8090,0.0498,0.0006,0.0351,0.0336
IFBJBKOH_02341,Cytoplasmic,0.0005,0.3882,0.5099,0.0769,0.0237,0.0007
IFBJBKOH_02342,Extracellular,0.0762,0.8542,0.0146,0.0168,0.0357,0.0025
IFBJBKOH_02343,Cytoplasmic,0.0009,0.3951,0.4947,0.0065,0.0292,0.0737
IFBJBKOH_02344,Cytoplasmic,0.0046,0.2130,0.7384,0.0017,0.0364,0.0059
IFBJBKOH_02345,Cytoplasmic,0.0000,0.0071,0.9447,0.0419,0.0012,0.0050
IFBJBKOH_02346,Cytoplasmic,0.0038,0.2174,0.6501,0.1250,0.0029,0.0008
IFBJBKOH_02347,Cytoplasmic,0.0011,0.3685,0.6117,0.0086,0.0047,0.0053
IFBJBKOH_02348,Cytoplasmic,0.0001,0.0036,0.9880,0.0070,0.0004,0.0008
IFBJBKOH_02349,Cytoplasmic,0.0004,0.2174,0.7583,0.0200,0.0015,0.0024
IFBJBKOH_02350,Cytoplasmic Membrane,0.0005,0.1063,0.4009,0.4861,0.0062,0.0001
IFBJBKOH_02351,Cytoplasmic,0.0002,0.1739,0.5309,0.2840,0.0104,0.0008
IFBJBKOH_02352,Cytoplasmic,0.0022,0.0045,0.9347,0.0071,0.0513,0.0002
IFBJBKOH_02353,Cytoplasmic,0.0001,0.0312,0.7495,0.1808,0.0373,0.0011
IFBJBKOH_02354,Extracellular,0.0195,0.8160,0.0609,0.0513,0.0501,0.0022
IFBJBKOH_02355,Extracellular,0.0001,0.9996,0.0001,0.0000,0.0002,0.0000
IFBJBKOH_02356,Extracellular,0.0000,0.7090,0.1988,0.0913,0.0009,0.0000
IFBJBKOH_02357,Cytoplasmic,0.0007,0.0698,0.7538,0.1683,0.0073,0.0002
IFBJBKOH_02358,Extracellular,0.0068,0.5066,0.3838,0.0806,0.0211,0.0011
IFBJBKOH_02359,Cytoplasmic Membrane,0.0000,0.1499,0.0003,0.8460,0.0038,0.0000
IFBJBKOH_02360,Extracellular,0.0002,0.9642,0.0317,0.0004,0.0032,0.0002
IFBJBKOH_02361,Cytoplasmic,0.0026,0.3192,0.5736,0.0902,0.0113,0.0030
IFBJBKOH_02362,Cytoplasmic,0.0000,0.0342,0.6649,0.2976,0.0031,0.0002
IFBJBKOH_02363,Cytoplasmic,0.0012,0.1110,0.8267,0.0453,0.0140,0.0018
IFBJBKOH_02364,Cytoplasmic,0.0002,0.2446,0.6186,0.0977,0.0267,0.0123
IFBJBKOH_02365,Cytoplasmic,0.0003,0.0288,0.8401,0.1253,0.0054,0.0001
IFBJBKOH_02366,Cytoplasmic Membrane,0.0004,0.0177,0.4377,0.5344,0.0095,0.0003
IFBJBKOH_02367,Cytoplasmic,0.0004,0.0862,0.4618,0.4512,0.0004,0.0000
IFBJBKOH_02368,Cytoplasmic Membrane,0.0001,0.0082,0.0001,0.9469,0.0444,0.0004
IFBJBKOH_02369,Cytoplasmic Membrane,0.0003,0.0122,0.0046,0.9794,0.0035,0.0000
IFBJBKOH_02370,Cytoplasmic,0.0001,0.0008,0.9240,0.0630,0.0111,0.0010
IFBJBKOH_02371,Cytoplasmic Membrane,0.0003,0.0362,0.0204,0.9322,0.0109,0.0000
IFBJBKOH_02372,Cytoplasmic,0.0001,0.0019,0.9754,0.0001,0.0222,0.0003
IFBJBKOH_02373,Extracellular,0.0023,0.7344,0.0922,0.0385,0.0990,0.0335
IFBJBKOH_02374,Extracellular,0.0010,0.4665,0.1633,0.0945,0.2368,0.0378
IFBJBKOH_02375,Outer Membrane,0.0013,0.1546,0.3105,0.0850,0.4471,0.0016
IFBJBKOH_02376,Cytoplasmic,0.0001,0.2999,0.6277,0.0025,0.0655,0.0044
IFBJBKOH_02377,Cytoplasmic Membrane,0.0050,0.0211,0.0058,0.9599,0.0082,0.0000
IFBJBKOH_02378,Cytoplasmic Membrane,0.0000,0.0007,0.0012,0.9961,0.0020,0.0000
IFBJBKOH_02379,Cytoplasmic Membrane,0.0007,0.1047,0.0088,0.6673,0.0418,0.1766
IFBJBKOH_02380,Cytoplasmic Membrane,0.0001,0.0031,0.0029,0.9866,0.0073,0.0000
IFBJBKOH_02381,Cytoplasmic,0.0001,0.0028,0.9728,0.0087,0.0154,0.0002
IFBJBKOH_02382,Cytoplasmic,0.0007,0.0825,0.8991,0.0054,0.0122,0.0000
IFBJBKOH_02383,Cytoplasmic,0.0003,0.2917,0.6376,0.0429,0.0269,0.0006
IFBJBKOH_02384,Cytoplasmic,0.0004,0.0044,0.8534,0.0900,0.0514,0.0004
IFBJBKOH_02385,Cytoplasmic,0.0037,0.1469,0.7601,0.0233,0.0571,0.0090
IFBJBKOH_02386,Cytoplasmic,0.0035,0.0403,0.6216,0.2722,0.0616,0.0008
IFBJBKOH_02387,Cytoplasmic,0.0005,0.3654,0.6239,0.0011,0.0085,0.0006
IFBJBKOH_02388,Cytoplasmic,0.0000,0.2306,0.3761,0.2829,0.1102,0.0002
IFBJBKOH_02389,Cytoplasmic Membrane,0.0003,0.0749,0.0008,0.9115,0.0124,0.0001
IFBJBKOH_02390,Outer Membrane,0.0013,0.0618,0.0003,0.3501,0.5840,0.0024
IFBJBKOH_02391,Cytoplasmic,0.0005,0.0100,0.9799,0.0027,0.0063,0.0007
IFBJBKOH_02392,Cytoplasmic,0.0003,0.2349,0.7471,0.0004,0.0077,0.0096
IFBJBKOH_02393,Cytoplasmic,0.0005,0.0022,0.9791,0.0028,0.0151,0.0003
IFBJBKOH_02394,Cytoplasmic,0.0008,0.0010,0.9427,0.0031,0.0482,0.0041
IFBJBKOH_02395,Cytoplasmic,0.0001,0.0043,0.9513,0.0012,0.0340,0.0092
IFBJBKOH_02396,Cytoplasmic,0.0001,0.0002,0.9586,0.0112,0.0295,0.0004
IFBJBKOH_02397,Cytoplasmic,0.0000,0.0001,0.9986,0.0003,0.0009,0.0001
IFBJBKOH_02399,Cytoplasmic,0.0003,0.1098,0.8024,0.0063,0.0711,0.0101
IFBJBKOH_02400,Cytoplasmic,0.0085,0.3018,0.4829,0.0061,0.0788,0.1219
IFBJBKOH_02401,Extracellular,0.0009,0.4317,0.0157,0.0203,0.1599,0.3715
IFBJBKOH_02402,Cytoplasmic,0.0000,0.0385,0.8287,0.0575,0.0171,0.0582
IFBJBKOH_02403,Cytoplasmic Membrane,0.0000,0.0000,0.0000,0.9998,0.0002,0.0000
IFBJBKOH_02404,Cytoplasmic Membrane,0.0000,0.0000,0.0001,0.9992,0.0007,0.0000
IFBJBKOH_02405,Outer Membrane,0.0013,0.0531,0.0006,0.3624,0.3760,0.2065
IFBJBKOH_02406,Cytoplasmic,0.0004,0.0894,0.8752,0.0239,0.0108,0.0003
IFBJBKOH_02407,Cytoplasmic,0.0021,0.0081,0.9321,0.0072,0.0499,0.0005
IFBJBKOH_02408,Cytoplasmic,0.0001,0.3708,0.5903,0.0240,0.0132,0.0017
IFBJBKOH_02409,Cytoplasmic,0.0011,0.0108,0.9286,0.0087,0.0506,0.0003
IFBJBKOH_02410,Extracellular,0.0103,0.9846,0.0000,0.0004,0.0015,0.0032
IFBJBKOH_02411,Cytoplasmic,0.0000,0.0165,0.9771,0.0030,0.0033,0.0001
IFBJBKOH_02412,Cytoplasmic Membrane,0.0000,0.0000,0.0000,0.9997,0.0003,0.0000
IFBJBKOH_02413,Cytoplasmic,0.0000,0.0001,0.9975,0.0001,0.0016,0.0007
IFBJBKOH_02414,Cytoplasmic,0.0000,0.0006,0.9985,0.0001,0.0005,0.0002
IFBJBKOH_02415,Cytoplasmic,0.0001,0.0003,0.9777,0.0004,0.0213,0.0003
IFBJBKOH_02416,Cytoplasmic Membrane,0.0001,0.0013,0.4578,0.5134,0.0262,0.0012
IFBJBKOH_02417,Cytoplasmic Membrane,0.0001,0.0007,0.4794,0.5000,0.0114,0.0084
IFBJBKOH_02418,Cytoplasmic Membrane,0.0000,0.0000,0.0002,0.9997,0.0001,0.0000
IFBJBKOH_02419,Cytoplasmic Membrane,0.0000,0.0000,0.0000,0.9995,0.0004,0.0000
IFBJBKOH_02420,Cytoplasmic Membrane,0.0032,0.1651,0.0006,0.4133,0.0612,0.3566
IFBJBKOH_02421,Cytoplasmic Membrane,0.0212,0.0263,0.0097,0.4333,0.1477,0.3618
IFBJBKOH_02422,Cytoplasmic Membrane,0.0000,0.0002,0.0804,0.9101,0.0090,0.0003
IFBJBKOH_02423,Cytoplasmic Membrane,0.0000,0.0000,0.0000,0.9999,0.0001,0.0000
IFBJBKOH_02424,Cytoplasmic,0.0000,0.0017,0.9170,0.0370,0.0280,0.0163
IFBJBKOH_02425,Cytoplasmic,0.0005,0.0075,0.9452,0.0004,0.0246,0.0219
IFBJBKOH_02426,Cytoplasmic,0.0001,0.0003,0.9866,0.0019,0.0109,0.0002
IFBJBKOH_02427,Cytoplasmic,0.0010,0.0724,0.8880,0.0217,0.0148,0.0020
IFBJBKOH_02428,Cytoplasmic,0.0000,0.0012,0.9284,0.0067,0.0262,0.0375
IFBJBKOH_02429,Cytoplasmic,0.0000,0.0003,0.9825,0.0005,0.0142,0.0024
IFBJBKOH_02430,Cytoplasmic,0.0000,0.0021,0.9272,0.0220,0.0085,0.0402
IFBJBKOH_02431,Cytoplasmic,0.0001,0.0056,0.9568,0.0111,0.0242,0.0022
IFBJBKOH_02432,Cytoplasmic Membrane,0.0000,0.0000,0.0320,0.9580,0.0097,0.0002
IFBJBKOH_02433,Cytoplasmic Membrane,0.0000,0.0001,0.0675,0.9182,0.0139,0.0002
IFBJBKOH_02434,Cytoplasmic Membrane,0.0000,0.0000,0.0000,0.9991,0.0009,0.0000
IFBJBKOH_02435,Extracellular,0.0006,0.4520,0.0285,0.0242,0.0849,0.4097
IFBJBKOH_02436,Cytoplasmic,0.0002,0.0065,0.9170,0.0287,0.0466,0.0009
IFBJBKOH_02437,Cytoplasmic,0.0000,0.0274,0.9593,0.0078,0.0012,0.0044
IFBJBKOH_02438,Cytoplasmic,0.0002,0.0557,0.9256,0.0024,0.0155,0.0006
IFBJBKOH_02450,Cytoplasmic,0.0001,0.0097,0.9813,0.0072,0.0017,0.0001
IFBJBKOH_02451,Cytoplasmic,0.0000,0.0368,0.9404,0.0066,0.0154,0.0008
IFBJBKOH_02452,Cytoplasmic,0.0000,0.0001,0.9939,0.0023,0.0037,0.0001
IFBJBKOH_02453,Extracellular,0.0233,0.8752,0.0102,0.0086,0.0391,0.0436
IFBJBKOH_02461,Cytoplasmic,0.0001,0.0052,0.9538,0.0244,0.0163,0.0003
IFBJBKOH_02462,Cytoplasmic,0.0002,0.0009,0.7528,0.1909,0.0527,0.0025
IFBJBKOH_02463,Cytoplasmic,0.0000,0.0002,0.9854,0.0084,0.0060,0.0000
IFBJBKOH_02464,Cytoplasmic,0.0002,0.0015,0.9834,0.0017,0.0101,0.0031
IFBJBKOH_02465,Cytoplasmic,0.0000,0.0003,0.9828,0.0002,0.0133,0.0035
IFBJBKOH_02466,Cytoplasmic,0.0000,0.0018,0.9223,0.0532,0.0125,0.0101
IFBJBKOH_02467,Cytoplasmic Membrane,0.0000,0.0000,0.0000,0.9997,0.0003,0.0000
IFBJBKOH_02468,Cytoplasmic Membrane,0.0000,0.0000,0.0009,0.9938,0.0050,0.0003
IFBJBKOH_02469,Cytoplasmic Membrane,0.0000,0.0000,0.0000,0.9998,0.0002,0.0000
IFBJBKOH_02470,Cytoplasmic Membrane,0.0000,0.0001,0.0179,0.9608,0.0203,0.0009
IFBJBKOH_02471,Cytoplasmic Membrane,0.0002,0.0016,0.1793,0.7988,0.0144,0.0057
IFBJBKOH_02472,Cytoplasmic Membrane,0.0039,0.0433,0.0003,0.5438,0.3964,0.0123
IFBJBKOH_02473,Cytoplasmic,0.0001,0.0175,0.9571,0.0134,0.0052,0.0066
IFBJBKOH_02474,Cytoplasmic,0.0034,0.0245,0.9149,0.0083,0.0458,0.0030
IFBJBKOH_02475,Cytoplasmic,0.0000,0.0001,0.9980,0.0010,0.0008,0.0001
IFBJBKOH_02476,Cytoplasmic Membrane,0.0000,0.0003,0.0003,0.9975,0.0018,0.0000
IFBJBKOH_02477,Cytoplasmic Membrane,0.0000,0.0000,0.0001,0.9988,0.0011,0.0000
IFBJBKOH_02478,Cytoplasmic,0.0003,0.0013,0.9963,0.0008,0.0012,0.0001
IFBJBKOH_02479,Cytoplasmic,0.0001,0.0008,0.9788,0.0028,0.0166,0.0009
IFBJBKOH_02480,Cytoplasmic,0.0001,0.0004,0.9827,0.0047,0.0120,0.0001
IFBJBKOH_02481,Cytoplasmic,0.0000,0.0001,0.9945,0.0046,0.0009,0.0000
IFBJBKOH_02482,Cytoplasmic,0.0000,0.0019,0.9637,0.0001,0.0341,0.0001
IFBJBKOH_02483,Cytoplasmic,0.0001,0.0011,0.9979,0.0005,0.0004,0.0001
IFBJBKOH_02484,Cytoplasmic,0.0001,0.0013,0.9943,0.0028,0.0015,0.0001
IFBJBKOH_02485,Cytoplasmic,0.0002,0.1096,0.8812,0.0010,0.0070,0.0010
IFBJBKOH_02486,Cytoplasmic,0.0000,0.0022,0.9963,0.0001,0.0014,0.0001
IFBJBKOH_02487,Cytoplasmic,0.0000,0.0002,0.9979,0.0006,0.0007,0.0005
IFBJBKOH_02488,Cytoplasmic,0.0000,0.0000,0.9999,0.0000,0.0000,0.0000
IFBJBKOH_02489,Cytoplasmic,0.0008,0.0006,0.9591,0.0014,0.0373,0.0007
IFBJBKOH_02490,Cytoplasmic Membrane,0.0003,0.0144,0.0004,0.9618,0.0231,0.0001
IFBJBKOH_02491,Cytoplasmic Membrane,0.0001,0.0006,0.0019,0.9850,0.0117,0.0008
IFBJBKOH_02492,Cytoplasmic,0.0007,0.0007,0.9904,0.0034,0.0046,0.0002
IFBJBKOH_02493,Cytoplasmic,0.0008,0.0017,0.9348,0.0413,0.0210,0.0004
IFBJBKOH_02494,Cytoplasmic,0.0000,0.0001,0.9895,0.0006,0.0095,0.0002
IFBJBKOH_02495,Cytoplasmic,0.0022,0.0064,0.7198,0.2444,0.0269,0.0004
IFBJBKOH_02496,Cytoplasmic,0.0005,0.0006,0.8674,0.0289,0.1023,0.0004
IFBJBKOH_02497,Extracellular,0.1554,0.7553,0.0002,0.0415,0.0351,0.0125
IFBJBKOH_02498,Cytoplasmic,0.0002,0.0002,0.9791,0.0028,0.0163,0.0014
IFBJBKOH_02499,Cytoplasmic,0.0012,0.0155,0.9279,0.0142,0.0359,0.0053
IFBJBKOH_02500,Extracellular,0.0787,0.9030,0.0001,0.0078,0.0038,0.0066
IFBJBKOH_02501,Outer Membrane,0.0002,0.0117,0.2710,0.0014,0.7153,0.0004
IFBJBKOH_02502,Outer Membrane,0.0000,0.0000,0.4044,0.0001,0.5955,0.0000
IFBJBKOH_02503,Cytoplasmic,0.0000,0.0008,0.9788,0.0197,0.0005,0.0001
IFBJBKOH_02504,Cytoplasmic Membrane,0.0000,0.0000,0.0001,0.9998,0.0001,0.0000
IFBJBKOH_02505,Cytoplasmic Membrane,0.0004,0.0006,0.3888,0.6080,0.0019,0.0003
IFBJBKOH_02506,Cytoplasmic Membrane,0.0002,0.0005,0.2389,0.7494,0.0105,0.0006
IFBJBKOH_02507,Extracellular,0.0056,0.9939,0.0000,0.0001,0.0004,0.0000
IFBJBKOH_02508,Extracellular,0.0180,0.9803,0.0000,0.0006,0.0005,0.0005
IFBJBKOH_02509,Extracellular,0.0056,0.9943,0.0000,0.0000,0.0001,0.0000
IFBJBKOH_02510,Outer Membrane,0.0003,0.0001,0.1962,0.0008,0.8024,0.0002
IFBJBKOH_02511,Cytoplasmic,0.0001,0.0005,0.8142,0.0037,0.1814,0.0001
IFBJBKOH_02512,Outer Membrane,0.0000,0.0000,0.2231,0.0004,0.7764,0.0002
IFBJBKOH_02513,Cytoplasmic,0.0009,0.0022,0.8588,0.0311,0.0960,0.0110
IFBJBKOH_02514,Outer Membrane,0.0001,0.0004,0.3431,0.0012,0.6552,0.0001
IFBJBKOH_02515,Cytoplasmic,0.0001,0.0013,0.9714,0.0097,0.0163,0.0013
IFBJBKOH_02516,Cytoplasmic,0.0000,0.0004,0.9968,0.0023,0.0006,0.0000
IFBJBKOH_02517,Cytoplasmic,0.0000,0.0001,0.9984,0.0005,0.0011,0.0000
IFBJBKOH_02518,Cytoplasmic,0.0000,0.0001,0.9832,0.0005,0.0129,0.0033
IFBJBKOH_02519,Cytoplasmic Membrane,0.0000,0.0000,0.0000,0.9996,0.0004,0.0000
IFBJBKOH_02520,Outer Membrane,0.0000,0.0000,0.0168,0.0000,0.9832,0.0000
IFBJBKOH_02521,Cytoplasmic,0.0014,0.0014,0.7042,0.0018,0.2878,0.0035
IFBJBKOH_02522,Cytoplasmic,0.0001,0.0000,0.9055,0.0003,0.0940,0.0001
IFBJBKOH_02523,Cytoplasmic,0.0000,0.0000,0.6989,0.0000,0.3007,0.0003
IFBJBKOH_02524,Outer Membrane,0.0001,0.0003,0.2464,0.0023,0.7461,0.0047
IFBJBKOH_02525,Cytoplasmic,0.0001,0.0002,0.5711,0.0006,0.4275,0.0004
IFBJBKOH_02526,Cytoplasmic,0.0001,0.0001,0.6206,0.0029,0.3691,0.0072
IFBJBKOH_02527,Outer Membrane,0.0000,0.0001,0.0884,0.0003,0.9105,0.0006
IFBJBKOH_02528,Cytoplasmic,0.0000,0.0000,0.7311,0.0001,0.2678,0.0009
IFBJBKOH_02529,Outer Membrane,0.0000,0.0002,0.0994,0.0003,0.9000,0.0001
IFBJBKOH_02530,Cytoplasmic,0.0000,0.0000,0.8303,0.0000,0.1696,0.0000
IFBJBKOH_02531,Cytoplasmic,0.0007,0.0006,0.7096,0.0007,0.2883,0.0002
IFBJBKOH_02532,Outer Membrane,0.0000,0.0000,0.0991,0.0000,0.9006,0.0002
IFBJBKOH_02533,Outer Membrane,0.0003,0.0003,0.1842,0.0074,0.8071,0.0009
IFBJBKOH_02534,Cytoplasmic,0.0032,0.0020,0.5641,0.0243,0.3968,0.0096
IFBJBKOH_02535,Cytoplasmic,0.0004,0.0225,0.8833,0.0128,0.0722,0.0088
IFBJBKOH_02536,Outer Membrane,0.0000,0.0000,0.0327,0.0000,0.9673,0.0000
IFBJBKOH_02537,Outer Membrane,0.0000,0.0000,0.4959,0.0004,0.5027,0.0010
IFBJBKOH_02538,Outer Membrane,0.0001,0.0000,0.1185,0.0004,0.8809,0.0001
IFBJBKOH_02539,Outer Membrane,0.0000,0.0000,0.1781,0.0000,0.8219,0.0001
IFBJBKOH_02540,Cytoplasmic,0.0012,0.0191,0.6078,0.0271,0.3200,0.0248
IFBJBKOH_02541,Extracellular,0.0168,0.9814,0.0000,0.0003,0.0007,0.0009
IFBJBKOH_02542,Cytoplasmic,0.0000,0.0013,0.9665,0.0158,0.0050,0.0113
IFBJBKOH_02543,Cytoplasmic,0.0008,0.2415,0.6585,0.0646,0.0267,0.0079
IFBJBKOH_02544,Extracellular,0.0032,0.4835,0.4631,0.0083,0.0370,0.0049
IFBJBKOH_02545,Cytoplasmic,0.0000,0.0007,0.9936,0.0006,0.0047,0.0003
IFBJBKOH_02547,Cytoplasmic,0.0000,0.0230,0.9703,0.0007,0.0056,0.0003
IFBJBKOH_02548,Cytoplasmic Membrane,0.0000,0.0003,0.0000,0.9997,0.0000,0.0000
IFBJBKOH_02549,Cytoplasmic,0.0000,0.0014,0.9873,0.0003,0.0106,0.0005
IFBJBKOH_02550,Cytoplasmic,0.0006,0.0089,0.9452,0.0116,0.0319,0.0018
IFBJBKOH_02551,Cytoplasmic,0.1823,0.0242,0.6356,0.0352,0.1162,0.0065
IFBJBKOH_02552,Cytoplasmic Membrane,0.0000,0.0000,0.0003,0.9991,0.0006,0.0000
IFBJBKOH_02553,Cytoplasmic Membrane,0.0012,0.0058,0.0227,0.9664,0.0040,0.0000
IFBJBKOH_02554,Cytoplasmic Membrane,0.0072,0.1192,0.2464,0.5537,0.0543,0.0193
IFBJBKOH_02555,Cytoplasmic,0.0001,0.0003,0.9910,0.0006,0.0076,0.0004
IFBJBKOH_02556,Cytoplasmic Membrane,0.0112,0.0789,0.0090,0.8665,0.0314,0.0029
IFBJBKOH_02557,Cytoplasmic Membrane,0.0043,0.0080,0.0013,0.9715,0.0148,0.0001
IFBJBKOH_02558,Cytoplasmic Membrane,0.0000,0.0000,0.0002,0.9986,0.0012,0.0000
IFBJBKOH_02559,Cytoplasmic Membrane,0.0000,0.0000,0.0134,0.9795,0.0069,0.0002
IFBJBKOH_02560,Cytoplasmic,0.0011,0.0020,0.5220,0.4224,0.0500,0.0024
IFBJBKOH_02561,Cytoplasmic Membrane,0.0000,0.0000,0.0001,0.9992,0.0007,0.0000
IFBJBKOH_02562,Cytoplasmic,0.0001,0.0010,0.8991,0.0453,0.0536,0.0009
IFBJBKOH_02563,Cytoplasmic,0.0000,0.0001,0.9934,0.0006,0.0040,0.0019
IFBJBKOH_02564,Cytoplasmic,0.0001,0.0096,0.7929,0.0671,0.1262,0.0041
IFBJBKOH_02565,Cytoplasmic,0.0001,0.0057,0.8724,0.0199,0.0798,0.0221
IFBJBKOH_02566,Extracellular,0.1970,0.7944,0.0002,0.0017,0.0057,0.0009
IFBJBKOH_02567,Cytoplasmic,0.0006,0.1962,0.7789,0.0056,0.0135,0.0052
IFBJBKOH_02568,Cytoplasmic,0.0001,0.0010,0.8678,0.0965,0.0322,0.0025
IFBJBKOH_02569,Cytoplasmic,0.0000,0.0011,0.9928,0.0029,0.0030,0.0001
IFBJBKOH_02570,Cytoplasmic,0.0000,0.0002,0.9635,0.0255,0.0100,0.0009
IFBJBKOH_02571,Cytoplasmic,0.0000,0.0010,0.9955,0.0020,0.0002,0.0013
IFBJBKOH_02572,Cytoplasmic,0.0002,0.0105,0.9620,0.0155,0.0080,0.0038
IFBJBKOH_02573,Cytoplasmic,0.0003,0.0029,0.9770,0.0106,0.0057,0.0035
IFBJBKOH_02574,Cytoplasmic,0.0009,0.1234,0.7900,0.0619,0.0106,0.0131
IFBJBKOH_02575,Cytoplasmic,0.0002,0.0051,0.9013,0.0382,0.0550,0.0002
IFBJBKOH_02576,Cytoplasmic,0.0014,0.0196,0.8900,0.0126,0.0756,0.0008
IFBJBKOH_02577,Cytoplasmic,0.0002,0.0279,0.9265,0.0359,0.0088,0.0007
IFBJBKOH_02578,Cytoplasmic,0.0003,0.0499,0.6600,0.1143,0.1728,0.0028
IFBJBKOH_02579,Cytoplasmic,0.0036,0.1797,0.6804,0.0424,0.0268,0.0672
IFBJBKOH_02580,Cytoplasmic Membrane,0.0000,0.0000,0.0000,0.9998,0.0002,0.0000
IFBJBKOH_02581,Cytoplasmic,0.0142,0.3481,0.5699,0.0297,0.0377,0.0004
IFBJBKOH_02582,Cytoplasmic Membrane,0.0000,0.0001,0.0001,0.9984,0.0013,0.0000
IFBJBKOH_02583,Periplasmic,0.0001,0.2840,0.0664,0.0029,0.0425,0.6041
IFBJBKOH_02584,Cytoplasmic Membrane,0.0331,0.0778,0.0001,0.8528,0.0263,0.0099
IFBJBKOH_02585,Cytoplasmic,0.0003,0.0071,0.7162,0.1433,0.1123,0.0207
IFBJBKOH_02586,Cytoplasmic,0.0002,0.0008,0.7615,0.1880,0.0297,0.0199
IFBJBKOH_02587,Cytoplasmic,0.0012,0.0162,0.9621,0.0073,0.0128,0.0004
IFBJBKOH_02588,Cytoplasmic,0.0003,0.0906,0.8408,0.0396,0.0280,0.0008
IFBJBKOH_02589,Extracellular,0.0126,0.9445,0.0343,0.0036,0.0045,0.0006
IFBJBKOH_02590,Extracellular,0.0060,0.7376,0.1261,0.0780,0.0162,0.0361
IFBJBKOH_02591,Extracellular,0.0063,0.5798,0.0494,0.0353,0.3264,0.0028
IFBJBKOH_02592,Cytoplasmic,0.0012,0.3015,0.4177,0.1791,0.0840,0.0164
IFBJBKOH_02593,Extracellular,0.0004,0.6695,0.2317,0.0199,0.0289,0.0495
IFBJBKOH_02594,Extracellular,0.0003,0.7269,0.0097,0.0001,0.0062,0.2567
IFBJBKOH_02595,Cytoplasmic,0.0035,0.4317,0.4706,0.0082,0.0585,0.0275
IFBJBKOH_02596,Extracellular,0.0289,0.9637,0.0000,0.0027,0.0037,0.0009
IFBJBKOH_02597,Extracellular,0.0006,0.6417,0.3100,0.0076,0.0395,0.0006
IFBJBKOH_02598,Extracellular,0.0000,0.5771,0.3122,0.1059,0.0047,0.0000
IFBJBKOH_02599,Cytoplasmic,0.0001,0.1293,0.7847,0.0304,0.0553,0.0002
IFBJBKOH_02600,Extracellular,0.0001,0.9672,0.0314,0.0002,0.0011,0.0000
IFBJBKOH_02601,Cytoplasmic,0.0001,0.0004,0.9879,0.0065,0.0051,0.0001
IFBJBKOH_02602,Cytoplasmic,0.0007,0.0308,0.7436,0.0803,0.0352,0.1093
IFBJBKOH_02603,Cytoplasmic Membrane,0.0000,0.0000,0.0000,0.9997,0.0002,0.0000
IFBJBKOH_02604,Cytoplasmic,0.0001,0.0032,0.9616,0.0257,0.0088,0.0007
IFBJBKOH_02605,Cytoplasmic,0.0004,0.0120,0.6724,0.1813,0.0228,0.1111
IFBJBKOH_02606,Cytoplasmic,0.0000,0.0002,0.9922,0.0023,0.0039,0.0014
IFBJBKOH_02607,Cytoplasmic Membrane,0.0000,0.0000,0.0000,0.9990,0.0009,0.0000
IFBJBKOH_02608,Cytoplasmic Membrane,0.0000,0.0008,0.0003,0.9978,0.0010,0.0000
IFBJBKOH_02609,Cytoplasmic,0.0002,0.0022,0.9815,0.0049,0.0109,0.0003
IFBJBKOH_02610,Cytoplasmic,0.0000,0.0012,0.8281,0.1300,0.0130,0.0276
IFBJBKOH_02611,Cytoplasmic Membrane,0.0000,0.0000,0.0000,0.9989,0.0011,0.0000
IFBJBKOH_02612,Cytoplasmic,0.0001,0.0010,0.8206,0.0580,0.0738,0.0464
IFBJBKOH_02613,Cytoplasmic,0.0000,0.0032,0.7957,0.1610,0.0115,0.0286
IFBJBKOH_02614,Cytoplasmic,0.0029,0.0893,0.8722,0.0061,0.0267,0.0029
IFBJBKOH_02615,Cytoplasmic,0.0094,0.1291,0.6349,0.1233,0.1026,0.0007
IFBJBKOH_02616,Cytoplasmic,0.0037,0.2816,0.7093,0.0006,0.0019,0.0030
IFBJBKOH_02617,Cytoplasmic,0.0002,0.1007,0.8836,0.0074,0.0078,0.0004
IFBJBKOH_02618,Cytoplasmic,0.0008,0.0762,0.9132,0.0007,0.0091,0.0001
IFBJBKOH_02619,Cytoplasmic,0.0014,0.1020,0.8364,0.0098,0.0473,0.0030
IFBJBKOH_02620,Cytoplasmic,0.0006,0.0144,0.8217,0.1154,0.0475,0.0004
IFBJBKOH_02621,Cytoplasmic Membrane,0.0000,0.0000,0.0000,0.9997,0.0003,0.0000
IFBJBKOH_02622,Cytoplasmic Membrane,0.0000,0.0000,0.0000,0.9999,0.0001,0.0000
IFBJBKOH_02623,Cytoplasmic Membrane,0.0001,0.0029,0.0803,0.8470,0.0193,0.0504
IFBJBKOH_02624,Cytoplasmic Membrane,0.0004,0.0033,0.3217,0.5624,0.0474,0.0649
IFBJBKOH_02625,Cytoplasmic Membrane,0.0002,0.0006,0.1345,0.8403,0.0213,0.0030
IFBJBKOH_02626,Cytoplasmic Membrane,0.0001,0.0375,0.0018,0.9494,0.0109,0.0003
IFBJBKOH_02627,Cytoplasmic,0.0000,0.0003,0.9987,0.0004,0.0005,0.0001
IFBJBKOH_02628,Extracellular,0.0167,0.4806,0.0637,0.0466,0.0309,0.3615
IFBJBKOH_02629,Cytoplasmic,0.0023,0.2105,0.6286,0.1438,0.0072,0.0076
IFBJBKOH_02630,Cytoplasmic,0.0023,0.0106,0.8372,0.0706,0.0785,0.0009
IFBJBKOH_02631,Cytoplasmic,0.0097,0.0235,0.9135,0.0469,0.0061,0.0002
IFBJBKOH_02632,Cytoplasmic,0.0001,0.0128,0.9853,0.0005,0.0014,0.0000
IFBJBKOH_02633,Cytoplasmic,0.0035,0.0310,0.9321,0.0147,0.0133,0.0053
IFBJBKOH_02634,Cytoplasmic,0.0001,0.0079,0.9884,0.0024,0.0012,0.0000
IFBJBKOH_02635,Cytoplasmic,0.0000,0.0049,0.9794,0.0096,0.0060,0.0001
IFBJBKOH_02636,Extracellular,0.0183,0.9790,0.0000,0.0010,0.0014,0.0002
IFBJBKOH_02637,Cytoplasmic,0.0000,0.0024,0.9907,0.0001,0.0053,0.0015
IFBJBKOH_02638,Cytoplasmic,0.0000,0.0011,0.9379,0.0351,0.0214,0.0045
IFBJBKOH_02639,Cytoplasmic,0.0021,0.0122,0.9570,0.0039,0.0231,0.0017
IFBJBKOH_02640,Cytoplasmic,0.0004,0.0036,0.9519,0.0015,0.0396,0.0030
IFBJBKOH_02641,Cytoplasmic,0.0002,0.0007,0.9624,0.0068,0.0296,0.0002
IFBJBKOH_02642,Cytoplasmic,0.0004,0.0018,0.8595,0.0142,0.1222,0.0020
IFBJBKOH_02643,Cytoplasmic,0.0000,0.0002,0.9965,0.0003,0.0020,0.0010
IFBJBKOH_02644,Outer Membrane,0.0038,0.0075,0.0003,0.3589,0.5567,0.0727
IFBJBKOH_02645,Cytoplasmic Membrane,0.0001,0.0003,0.1262,0.8287,0.0444,0.0003
IFBJBKOH_02646,Cytoplasmic Membrane,0.0000,0.0000,0.0000,0.9998,0.0001,0.0000
IFBJBKOH_02647,Cytoplasmic,0.0002,0.0117,0.9164,0.0189,0.0526,0.0003
IFBJBKOH_02648,Extracellular,0.0004,0.6988,0.2830,0.0075,0.0046,0.0057
IFBJBKOH_02649,Cytoplasmic,0.0002,0.0662,0.8411,0.0474,0.0416,0.0034
IFBJBKOH_02650,Cytoplasmic,0.0019,0.0280,0.9112,0.0008,0.0210,0.0372
IFBJBKOH_02651,Cytoplasmic,0.0003,0.0019,0.9953,0.0012,0.0010,0.0004
IFBJBKOH_02652,Cytoplasmic,0.0000,0.0027,0.9924,0.0033,0.0014,0.0002
IFBJBKOH_02653,Cytoplasmic,0.0001,0.2987,0.6813,0.0002,0.0009,0.0189
IFBJBKOH_02654,Cytoplasmic,0.0005,0.4650,0.5149,0.0011,0.0185,0.0000
IFBJBKOH_02655,Extracellular,0.0005,0.5069,0.1640,0.1943,0.1314,0.0030
IFBJBKOH_02656,Cytoplasmic,0.0003,0.0504,0.9200,0.0023,0.0262,0.0008
IFBJBKOH_02657,Cytoplasmic,0.0008,0.1834,0.7886,0.0175,0.0074,0.0023
IFBJBKOH_02658,Cytoplasmic Membrane,0.0002,0.0050,0.0308,0.8804,0.0835,0.0001
IFBJBKOH_02659,Cytoplasmic Membrane,0.0000,0.0020,0.0001,0.9900,0.0079,0.0000
IFBJBKOH_02660,Cytoplasmic Membrane,0.0026,0.1041,0.2515,0.4984,0.1351,0.0083
IFBJBKOH_02661,Cytoplasmic Membrane,0.0014,0.2005,0.3500,0.3681,0.0795,0.0004
IFBJBKOH_02662,Cytoplasmic,0.0003,0.0436,0.8768,0.0065,0.0727,0.0002
IFBJBKOH_02663,Cytoplasmic,0.0000,0.0023,0.9428,0.0022,0.0523,0.0004
IFBJBKOH_02664,Cytoplasmic,0.0002,0.0132,0.9687,0.0094,0.0083,0.0001
IFBJBKOH_02665,Cytoplasmic,0.0003,0.0097,0.9575,0.0015,0.0307,0.0003
IFBJBKOH_02666,Outer Membrane,0.0001,0.0321,0.2563,0.0105,0.6997,0.0013
IFBJBKOH_02667,Cytoplasmic Membrane,0.0009,0.1422,0.0965,0.7210,0.0392,0.0002
IFBJBKOH_02668,Cytoplasmic,0.0004,0.0151,0.5187,0.1282,0.3318,0.0058
IFBJBKOH_02669,Cytoplasmic,0.0005,0.3628,0.6170,0.0003,0.0148,0.0047
IFBJBKOH_02670,Cytoplasmic,0.0011,0.0288,0.6086,0.0344,0.3240,0.0031
IFBJBKOH_02671,Cytoplasmic,0.0000,0.0002,0.8359,0.0125,0.1511,0.0002
IFBJBKOH_02672,Cytoplasmic,0.0014,0.0046,0.7479,0.0110,0.2317,0.0033
IFBJBKOH_02673,Cytoplasmic Membrane,0.0008,0.1046,0.0696,0.7685,0.0559,0.0006
IFBJBKOH_02674,Cytoplasmic Membrane,0.0001,0.0003,0.1167,0.7640,0.1168,0.0021
IFBJBKOH_02675,Cytoplasmic Membrane,0.0000,0.0000,0.0000,0.9994,0.0005,0.0000
IFBJBKOH_02676,Cytoplasmic Membrane,0.0011,0.0867,0.1614,0.4926,0.2577,0.0005
IFBJBKOH_02677,Cytoplasmic Membrane,0.0000,0.0000,0.0001,0.9992,0.0007,0.0000
IFBJBKOH_02678,Cytoplasmic Membrane,0.0000,0.0005,0.0001,0.9974,0.0020,0.0000
IFBJBKOH_02679,Cytoplasmic,0.0003,0.0309,0.9393,0.0007,0.0208,0.0080
IFBJBKOH_02680,Cytoplasmic,0.0000,0.0014,0.9890,0.0063,0.0019,0.0015
IFBJBKOH_02681,Cytoplasmic,0.0001,0.0638,0.9321,0.0012,0.0025,0.0004
IFBJBKOH_02682,Extracellular,0.0102,0.9849,0.0004,0.0024,0.0011,0.0010
IFBJBKOH_02683,Extracellular,0.2802,0.7147,0.0000,0.0007,0.0044,0.0000
IFBJBKOH_02684,Cytoplasmic,0.0000,0.0009,0.9943,0.0002,0.0044,0.0001
IFBJBKOH_02685,Extracellular,0.0172,0.6774,0.0005,0.2429,0.0176,0.0444
IFBJBKOH_02686,Cytoplasmic,0.0006,0.0023,0.7662,0.0201,0.2073,0.0034
IFBJBKOH_02687,Cytoplasmic,0.0046,0.0161,0.7188,0.0245,0.1942,0.0419
IFBJBKOH_02688,Outer Membrane,0.0001,0.0010,0.3867,0.0071,0.6005,0.0045
IFBJBKOH_02689,Outer Membrane,0.0001,0.0015,0.4252,0.0017,0.5688,0.0027
IFBJBKOH_02690,Cytoplasmic,0.0000,0.0000,0.9955,0.0001,0.0043,0.0001
IFBJBKOH_02691,Cytoplasmic Membrane,0.0000,0.0001,0.0000,0.9988,0.0011,0.0000
IFBJBKOH_02692,Cytoplasmic,0.0001,0.0006,0.8532,0.1400,0.0058,0.0003
IFBJBKOH_02693,Cytoplasmic,0.0001,0.0003,0.9725,0.0201,0.0065,0.0004
IFBJBKOH_02694,Cytoplasmic,0.0001,0.0003,0.9289,0.0182,0.0523,0.0001
IFBJBKOH_02695,Extracellular,0.3759,0.6148,0.0001,0.0025,0.0067,0.0000
IFBJBKOH_02696,Extracellular,0.0273,0.9533,0.0005,0.0081,0.0081,0.0028
IFBJBKOH_02697,Cytoplasmic,0.0009,0.0143,0.9738,0.0072,0.0038,0.0000
IFBJBKOH_02698,Cytoplasmic,0.0001,0.0034,0.9937,0.0007,0.0020,0.0000
IFBJBKOH_02699,Cytoplasmic,0.0001,0.0011,0.9940,0.0009,0.0037,0.0001
IFBJBKOH_02700,Cytoplasmic Membrane,0.0001,0.0003,0.0006,0.9938,0.0052,0.0000
IFBJBKOH_02701,Cytoplasmic,0.0001,0.0005,0.9852,0.0009,0.0120,0.0013
IFBJBKOH_02702,Cytoplasmic,0.0002,0.0068,0.9469,0.0459,0.0001,0.0000
IFBJBKOH_02703,Cytoplasmic,0.0007,0.0259,0.8721,0.0720,0.0277,0.0016
IFBJBKOH_02704,Cytoplasmic,0.0004,0.0693,0.7588,0.0484,0.0269,0.0962
IFBJBKOH_02705,Cytoplasmic Membrane,0.0000,0.0001,0.0001,0.9962,0.0036,0.0000
IFBJBKOH_02706,Cytoplasmic,0.0000,0.0004,0.9909,0.0023,0.0061,0.0002
IFBJBKOH_02707,Cytoplasmic,0.0002,0.0003,0.9913,0.0014,0.0064,0.0004
IFBJBKOH_02708,Cytoplasmic,0.0000,0.0012,0.9826,0.0096,0.0063,0.0003
IFBJBKOH_02709,Cytoplasmic,0.0001,0.0011,0.9749,0.0217,0.0018,0.0005
IFBJBKOH_02710,Extracellular,0.0219,0.8136,0.0003,0.0511,0.0458,0.0672
IFBJBKOH_02711,Cytoplasmic Membrane,0.0000,0.0055,0.0000,0.9892,0.0053,0.0000
IFBJBKOH_02712,Cytoplasmic,0.0001,0.0456,0.9191,0.0225,0.0083,0.0044
IFBJBKOH_02713,Cytoplasmic,0.0005,0.0605,0.8555,0.0659,0.0109,0.0067
IFBJBKOH_02714,Cytoplasmic Membrane,0.0000,0.0000,0.0000,0.9996,0.0004,0.0000
IFBJBKOH_02715,Cytoplasmic Membrane,0.0000,0.0000,0.0000,0.9998,0.0002,0.0000
IFBJBKOH_02716,Cytoplasmic Membrane,0.0001,0.0002,0.1334,0.8627,0.0032,0.0005
IFBJBKOH_02717,Cytoplasmic,0.0005,0.0020,0.9736,0.0041,0.0181,0.0016
IFBJBKOH_02718,Cytoplasmic,0.0001,0.0131,0.9751,0.0054,0.0036,0.0027
IFBJBKOH_02719,Cytoplasmic,0.0002,0.0080,0.9171,0.0031,0.0709,0.0007
IFBJBKOH_02720,Cytoplasmic,0.0004,0.0480,0.5406,0.2105,0.1797,0.0207
IFBJBKOH_02721,Cytoplasmic,0.0002,0.0241,0.9516,0.0122,0.0116,0.0004
IFBJBKOH_02722,Cytoplasmic,0.0000,0.0005,0.9797,0.0027,0.0116,0.0055
IFBJBKOH_02723,Cytoplasmic,0.0001,0.0034,0.9705,0.0202,0.0055,0.0003
IFBJBKOH_02724,Cytoplasmic,0.0002,0.0013,0.9372,0.0479,0.0128,0.0006
IFBJBKOH_02725,Cytoplasmic,0.0000,0.0001,0.9967,0.0024,0.0008,0.0001
IFBJBKOH_02726,Cytoplasmic,0.0000,0.0001,0.9879,0.0003,0.0111,0.0007
IFBJBKOH_02727,Cytoplasmic Membrane,0.0001,0.0226,0.0019,0.9543,0.0174,0.0037
IFBJBKOH_02728,Cytoplasmic,0.0001,0.0001,0.9575,0.0005,0.0416,0.0003
IFBJBKOH_02729,Cytoplasmic,0.0001,0.2716,0.7038,0.0012,0.0225,0.0007
IFBJBKOH_02730,Cytoplasmic,0.0004,0.2530,0.6695,0.0705,0.0062,0.0004
IFBJBKOH_02731,Cytoplasmic Membrane,0.0001,0.0027,0.0018,0.9703,0.0251,0.0000
IFBJBKOH_02732,Cytoplasmic,0.0000,0.0169,0.9636,0.0039,0.0155,0.0001
IFBJBKOH_02733,Extracellular,0.0001,0.3311,0.2818,0.3209,0.0661,0.0001
IFBJBKOH_02734,Cytoplasmic Membrane,0.0000,0.2968,0.0001,0.6996,0.0034,0.0001
IFBJBKOH_02735,Cytoplasmic,0.0001,0.0019,0.6460,0.3064,0.0454,0.0002
IFBJBKOH_02736,Cytoplasmic Membrane,0.0001,0.0023,0.0011,0.9932,0.0033,0.0000
IFBJBKOH_02737,Cytoplasmic,0.0007,0.4298,0.5461,0.0074,0.0097,0.0062
IFBJBKOH_02738,Cytoplasmic,0.0004,0.3354,0.6401,0.0128,0.0089,0.0025
IFBJBKOH_02739,Extracellular,0.0006,0.9843,0.0004,0.0022,0.0086,0.0039
IFBJBKOH_02740,Extracellular,0.0002,0.4670,0.4483,0.0095,0.0738,0.0011
IFBJBKOH_02741,Cytoplasmic,0.0000,0.0006,0.9968,0.0019,0.0005,0.0001
IFBJBKOH_02742,Cytoplasmic,0.0000,0.0003,0.9954,0.0028,0.0015,0.0000
IFBJBKOH_02743,Cytoplasmic,0.0003,0.3158,0.6577,0.0135,0.0045,0.0082
IFBJBKOH_02744,Cytoplasmic,0.0070,0.2054,0.7608,0.0016,0.0216,0.0037
IFBJBKOH_02745,Cytoplasmic,0.0001,0.0057,0.9687,0.0190,0.0059,0.0005
IFBJBKOH_02746,Cytoplasmic,0.0000,0.0077,0.9711,0.0150,0.0060,0.0002
IFBJBKOH_02747,Cytoplasmic,0.0009,0.3569,0.5956,0.0089,0.0098,0.0279
IFBJBKOH_02748,Cytoplasmic,0.0020,0.3118,0.6126,0.0632,0.0062,0.0041
IFBJBKOH_02749,Cytoplasmic,0.0014,0.4750,0.5074,0.0021,0.0106,0.0036
IFBJBKOH_02750,Extracellular,0.0003,0.5050,0.4831,0.0030,0.0079,0.0007
IFBJBKOH_02751,Cytoplasmic,0.0012,0.0040,0.9810,0.0004,0.0133,0.0001
IFBJBKOH_02752,Cytoplasmic,0.0018,0.0856,0.7446,0.0051,0.1588,0.0041
IFBJBKOH_02753,Cytoplasmic,0.0005,0.0004,0.9929,0.0048,0.0010,0.0004
IFBJBKOH_02754,Extracellular,0.2552,0.7321,0.0001,0.0031,0.0080,0.0014
IFBJBKOH_02755,Cytoplasmic Membrane,0.0000,0.0003,0.0003,0.9978,0.0015,0.0000
IFBJBKOH_02756,Cytoplasmic,0.0006,0.0758,0.8177,0.0341,0.0717,0.0001
IFBJBKOH_02757,Cytoplasmic,0.0000,0.0018,0.9894,0.0042,0.0045,0.0000
IFBJBKOH_02758,Cytoplasmic Membrane,0.0002,0.0154,0.0053,0.9611,0.0181,0.0000
IFBJBKOH_02759,Cytoplasmic,0.0000,0.0002,0.9724,0.0013,0.0237,0.0023
IFBJBKOH_02760,Cytoplasmic Membrane,0.0392,0.1737,0.0297,0.6977,0.0583,0.0013
IFBJBKOH_02761,Extracellular,0.1407,0.8312,0.0003,0.0029,0.0107,0.0143
IFBJBKOH_02762,Extracellular,0.2846,0.7117,0.0000,0.0002,0.0025,0.0011
IFBJBKOH_02763,Cytoplasmic,0.0001,0.0369,0.9401,0.0131,0.0090,0.0006
IFBJBKOH_02764,Cytoplasmic,0.0006,0.0118,0.7532,0.0027,0.2111,0.0207
IFBJBKOH_02765,Cytoplasmic,0.0000,0.0004,0.9753,0.0003,0.0236,0.0004
IFBJBKOH_02766,Cytoplasmic,0.0003,0.0070,0.9223,0.0012,0.0685,0.0008
IFBJBKOH_02767,Cytoplasmic,0.0003,0.0066,0.9901,0.0006,0.0022,0.0001
IFBJBKOH_02768,Extracellular,0.0451,0.8723,0.0009,0.0004,0.0376,0.0437
IFBJBKOH_02769,Cytoplasmic,0.0000,0.0062,0.9725,0.0165,0.0005,0.0044
IFBJBKOH_02770,Cytoplasmic,0.0001,0.0011,0.9225,0.0614,0.0140,0.0009
IFBJBKOH_02771,Cytoplasmic,0.0000,0.0001,0.9980,0.0003,0.0014,0.0002
IFBJBKOH_02772,Cytoplasmic,0.0007,0.0019,0.9538,0.0039,0.0282,0.0115
IFBJBKOH_02773,Cytoplasmic Membrane,0.0000,0.0000,0.0001,0.9982,0.0017,0.0000
IFBJBKOH_02774,Cytoplasmic,0.0004,0.0268,0.9369,0.0246,0.0100,0.0012
IFBJBKOH_02775,Cytoplasmic,0.0001,0.0213,0.8872,0.0868,0.0045,0.0001
IFBJBKOH_02776,Cytoplasmic Membrane,0.0000,0.0206,0.0199,0.9567,0.0028,0.0000
IFBJBKOH_02777,Cytoplasmic Membrane,0.0000,0.0001,0.0000,0.9997,0.0002,0.0000
IFBJBKOH_02778,Cytoplasmic Membrane,0.0001,0.0121,0.0034,0.9781,0.0062,0.0000
IFBJBKOH_02779,Cytoplasmic,0.0000,0.0005,0.9936,0.0003,0.0057,0.0000
IFBJBKOH_02780,Cytoplasmic,0.0010,0.0340,0.9304,0.0098,0.0238,0.0011
IFBJBKOH_02781,Extracellular,0.0137,0.4837,0.0361,0.1802,0.0701,0.2164
IFBJBKOH_02782,Cytoplasmic Membrane,0.0021,0.1324,0.0006,0.8486,0.0087,0.0077
IFBJBKOH_02783,Cytoplasmic Membrane,0.0134,0.2341,0.0052,0.7379,0.0080,0.0014
IFBJBKOH_02784,Cytoplasmic,0.0000,0.0035,0.9714,0.0012,0.0238,0.0001
IFBJBKOH_02785,Cytoplasmic,0.0003,0.0016,0.9435,0.0092,0.0450,0.0004
IFBJBKOH_02786,Cytoplasmic Membrane,0.0005,0.0049,0.0000,0.7730,0.2194,0.0021
IFBJBKOH_02787,Cytoplasmic,0.0001,0.0030,0.7418,0.0043,0.2291,0.0218
IFBJBKOH_02788,Cytoplasmic,0.0001,0.0247,0.9536,0.0058,0.0087,0.0070
IFBJBKOH_02789,Cytoplasmic,0.0000,0.0000,0.9998,0.0001,0.0000,0.0000
IFBJBKOH_02790,Cytoplasmic Membrane,0.0001,0.0046,0.0012,0.9902,0.0039,0.0000
IFBJBKOH_02791,Cytoplasmic Membrane,0.0000,0.0002,0.0000,0.9997,0.0001,0.0000
IFBJBKOH_02792,Cytoplasmic Membrane,0.0000,0.0007,0.0038,0.9930,0.0025,0.0000
IFBJBKOH_02793,Cytoplasmic,0.0008,0.0601,0.6172,0.2121,0.0389,0.0708
IFBJBKOH_02794,Cytoplasmic,0.0011,0.0553,0.9087,0.0243,0.0095,0.0011
IFBJBKOH_02795,Cytoplasmic,0.0004,0.0318,0.7414,0.0215,0.2027,0.0023
IFBJBKOH_02796,Cytoplasmic,0.0007,0.1033,0.8350,0.0056,0.0304,0.0251
IFBJBKOH_02797,Cytoplasmic,0.0109,0.0986,0.7904,0.0251,0.0609,0.0140
IFBJBKOH_02798,Cytoplasmic Membrane,0.0000,0.0000,0.0000,0.9997,0.0003,0.0000
IFBJBKOH_02799,Cytoplasmic Membrane,0.0000,0.0000,0.0000,0.9996,0.0003,0.0000
IFBJBKOH_02800,Outer Membrane,0.0002,0.0029,0.0001,0.3512,0.5888,0.0569
IFBJBKOH_02801,Cytoplasmic Membrane,0.0001,0.0184,0.0024,0.9664,0.0095,0.0032
IFBJBKOH_02802,Cytoplasmic,0.0015,0.2542,0.6561,0.0014,0.0095,0.0772
IFBJBKOH_02803,Cytoplasmic,0.0001,0.1801,0.7174,0.0068,0.0951,0.0005
IFBJBKOH_02804,Cytoplasmic Membrane,0.0000,0.0509,0.0003,0.9482,0.0006,0.0000
IFBJBKOH_02805,Extracellular,0.0010,0.5282,0.4604,0.0005,0.0078,0.0021
IFBJBKOH_02806,Cytoplasmic,0.0045,0.1804,0.7636,0.0258,0.0225,0.0032
IFBJBKOH_02807,Cytoplasmic,0.0004,0.0097,0.9802,0.0028,0.0061,0.0008
IFBJBKOH_02808,Cytoplasmic,0.0003,0.2299,0.7524,0.0004,0.0083,0.0086
IFBJBKOH_02809,Cytoplasmic Membrane,0.0006,0.0629,0.1524,0.6156,0.1680,0.0005
IFBJBKOH_02810,Cytoplasmic,0.0002,0.0021,0.9606,0.0069,0.0297,0.0005
IFBJBKOH_02811,Cytoplasmic,0.0002,0.0004,0.9869,0.0018,0.0105,0.0001
IFBJBKOH_02812,Cytoplasmic,0.0001,0.0002,0.9975,0.0008,0.0014,0.0000
IFBJBKOH_02813,Cytoplasmic,0.0002,0.0458,0.7560,0.1508,0.0398,0.0074
IFBJBKOH_02814,Cytoplasmic,0.0001,0.0011,0.9934,0.0004,0.0046,0.0004
IFBJBKOH_02815,Cytoplasmic,0.0041,0.1685,0.6834,0.1108,0.0322,0.0010
IFBJBKOH_02816,Cytoplasmic,0.0000,0.4403,0.5583,0.0007,0.0006,0.0000
IFBJBKOH_02817,Cytoplasmic,0.0000,0.0001,0.9954,0.0010,0.0028,0.0007
IFBJBKOH_02818,Cytoplasmic Membrane,0.0018,0.0183,0.0147,0.9355,0.0264,0.0033
IFBJBKOH_02819,Cytoplasmic Membrane,0.0001,0.0003,0.0009,0.9775,0.0068,0.0143
IFBJBKOH_02820,Cytoplasmic Membrane,0.0000,0.0000,0.0000,0.9981,0.0018,0.0000
IFBJBKOH_02821,Cytoplasmic Membrane,0.0000,0.0000,0.0000,0.9997,0.0003,0.0000
IFBJBKOH_02822,Cytoplasmic Membrane,0.0000,0.0003,0.0000,0.9995,0.0002,0.0000
IFBJBKOH_02823,Cytoplasmic,0.0000,0.0267,0.9550,0.0007,0.0078,0.0097
IFBJBKOH_02824,Cytoplasmic,0.0000,0.0011,0.9932,0.0009,0.0021,0.0026
IFBJBKOH_02825,Cytoplasmic,0.0001,0.0035,0.9883,0.0025,0.0055,0.0001
IFBJBKOH_02826,Cytoplasmic Membrane,0.0000,0.0000,0.0000,0.9998,0.0002,0.0000
IFBJBKOH_02827,Cytoplasmic Membrane,0.0000,0.0000,0.0000,0.9998,0.0002,0.0000
IFBJBKOH_02828,Cytoplasmic Membrane,0.0001,0.0001,0.2177,0.7780,0.0034,0.0008
IFBJBKOH_02829,Cytoplasmic Membrane,0.0069,0.0255,0.0009,0.6207,0.2185,0.1275
IFBJBKOH_02830,Cytoplasmic,0.0010,0.0009,0.9925,0.0011,0.0042,0.0003
IFBJBKOH_02831,Cytoplasmic,0.0002,0.0003,0.9840,0.0054,0.0076,0.0026
IFBJBKOH_02832,Cytoplasmic,0.0001,0.0009,0.9633,0.0249,0.0056,0.0052
IFBJBKOH_02833,Cytoplasmic,0.0000,0.0002,0.9676,0.0177,0.0109,0.0035
IFBJBKOH_02834,Cytoplasmic Membrane,0.0000,0.0001,0.0001,0.9961,0.0036,0.0000
IFBJBKOH_02835,Cytoplasmic,0.0000,0.0024,0.9863,0.0065,0.0035,0.0013
IFBJBKOH_02836,Cytoplasmic Membrane,0.0000,0.0000,0.0001,0.9982,0.0017,0.0000
IFBJBKOH_02837,Cytoplasmic Membrane,0.0000,0.0000,0.0001,0.9967,0.0031,0.0001
IFBJBKOH_02838,Cytoplasmic,0.0000,0.0019,0.9780,0.0151,0.0049,0.0000
IFBJBKOH_02839,Cytoplasmic,0.0001,0.0192,0.9617,0.0081,0.0092,0.0017
IFBJBKOH_02840,Cytoplasmic,0.0000,0.0028,0.9944,0.0011,0.0016,0.0001
IFBJBKOH_02841,Cytoplasmic,0.0000,0.0021,0.9939,0.0010,0.0029,0.0002
IFBJBKOH_02842,Cytoplasmic,0.0001,0.0155,0.9681,0.0016,0.0140,0.0008
IFBJBKOH_02843,Cytoplasmic,0.0020,0.0221,0.9060,0.0174,0.0505,0.0020
IFBJBKOH_02844,Cytoplasmic Membrane,0.0000,0.0000,0.0000,0.9996,0.0003,0.0000
IFBJBKOH_02845,Cytoplasmic Membrane,0.0000,0.0000,0.0618,0.9266,0.0109,0.0007
IFBJBKOH_02846,Cytoplasmic Membrane,0.0037,0.0079,0.0010,0.4993,0.4225,0.0655
IFBJBKOH_02847,Cytoplasmic,0.0005,0.0105,0.8890,0.0586,0.0390,0.0023
IFBJBKOH_02848,Cytoplasmic,0.0194,0.2754,0.5291,0.0789,0.0967,0.0006
IFBJBKOH_02849,Cytoplasmic,0.0003,0.0008,0.9439,0.0411,0.0138,0.0001
IFBJBKOH_02850,Cytoplasmic,0.0000,0.0186,0.9769,0.0019,0.0012,0.0014
IFBJBKOH_02851,Cytoplasmic,0.0000,0.2906,0.5052,0.0420,0.1529,0.0093
IFBJBKOH_02852,Cytoplasmic,0.0000,0.0000,0.9997,0.0001,0.0001,0.0001
IFBJBKOH_02853,Cytoplasmic Membrane,0.0001,0.0049,0.0028,0.9892,0.0030,0.0000
IFBJBKOH_02854,Cytoplasmic Membrane,0.0000,0.0000,0.0000,0.9995,0.0005,0.0000
IFBJBKOH_02855,Cytoplasmic,0.0000,0.0008,0.9732,0.0007,0.0165,0.0088
IFBJBKOH_02856,Cytoplasmic,0.0002,0.0015,0.8558,0.0111,0.1226,0.0087
IFBJBKOH_02857,Cytoplasmic,0.0002,0.0982,0.7401,0.1447,0.0147,0.0022
IFBJBKOH_02858,Cytoplasmic,0.0000,0.1143,0.7398,0.1349,0.0033,0.0077
IFBJBKOH_02859,Cytoplasmic,0.0000,0.0163,0.9215,0.0151,0.0470,0.0001
IFBJBKOH_02860,Cytoplasmic,0.0002,0.0199,0.9214,0.0450,0.0067,0.0068
IFBJBKOH_02861,Cytoplasmic Membrane,0.0000,0.0009,0.0003,0.9978,0.0009,0.0001
IFBJBKOH_02862,Cytoplasmic,0.0001,0.2270,0.7680,0.0030,0.0014,0.0006
IFBJBKOH_02863,Cytoplasmic,0.0003,0.2902,0.6353,0.0533,0.0078,0.0131
IFBJBKOH_02864,Extracellular,0.0003,0.6307,0.2374,0.0015,0.1299,0.0002
IFBJBKOH_02865,Cytoplasmic,0.0014,0.0111,0.7443,0.0707,0.1716,0.0008
IFBJBKOH_02866,Cytoplasmic Membrane,0.0002,0.0258,0.3914,0.4401,0.1421,0.0004
IFBJBKOH_02867,Cytoplasmic,0.0009,0.0511,0.7865,0.0184,0.1426,0.0005
IFBJBKOH_02868,Cytoplasmic,0.0005,0.0021,0.9748,0.0043,0.0178,0.0004
IFBJBKOH_02869,Cytoplasmic,0.0008,0.0010,0.9740,0.0082,0.0157,0.0002
IFBJBKOH_02870,Cytoplasmic,0.0044,0.0525,0.8149,0.0045,0.1229,0.0008
IFBJBKOH_02871,Cytoplasmic,0.0028,0.0014,0.9684,0.0020,0.0251,0.0003
IFBJBKOH_02872,Cytoplasmic,0.0010,0.2023,0.7491,0.0246,0.0107,0.0124
IFBJBKOH_02873,Cytoplasmic,0.0001,0.0175,0.9788,0.0014,0.0022,0.0000
IFBJBKOH_02874,Cytoplasmic,0.0022,0.0189,0.9079,0.0403,0.0302,0.0004
IFBJBKOH_02875,Cytoplasmic,0.0004,0.0365,0.9131,0.0460,0.0040,0.0001
IFBJBKOH_02876,Cytoplasmic,0.0057,0.1692,0.6357,0.1347,0.0528,0.0019
IFBJBKOH_02877,Cytoplasmic,0.0000,0.0027,0.9924,0.0033,0.0014,0.0002
IFBJBKOH_02878,Cytoplasmic,0.0003,0.0019,0.9953,0.0012,0.0010,0.0004
IFBJBKOH_02879,Cytoplasmic,0.0004,0.1406,0.8003,0.0428,0.0146,0.0013
IFBJBKOH_02880,Cytoplasmic,0.0001,0.0030,0.9795,0.0030,0.0102,0.0041
IFBJBKOH_02881,Cytoplasmic,0.0009,0.2381,0.7409,0.0020,0.0126,0.0055
IFBJBKOH_02882,Cytoplasmic,0.0003,0.1831,0.4938,0.2619,0.0591,0.0017
IFBJBKOH_02883,Cytoplasmic,0.0020,0.3260,0.6576,0.0039,0.0094,0.0010
IFBJBKOH_02884,Cytoplasmic,0.0008,0.0365,0.9477,0.0040,0.0073,0.0037
IFBJBKOH_02885,Cytoplasmic Membrane,0.0000,0.0000,0.0000,0.9990,0.0009,0.0000
IFBJBKOH_02886,Cytoplasmic,0.0006,0.0619,0.9139,0.0219,0.0016,0.0001
IFBJBKOH_02887,Extracellular,0.0037,0.5983,0.3239,0.0051,0.0690,0.0000
IFBJBKOH_02888,Cytoplasmic,0.0001,0.0826,0.9157,0.0008,0.0002,0.0005
IFBJBKOH_02889,Cytoplasmic,0.0001,0.0021,0.9887,0.0076,0.0015,0.0001
IFBJBKOH_02890,Cytoplasmic,0.0000,0.0088,0.9843,0.0017,0.0049,0.0002
IFBJBKOH_02891,Cytoplasmic,0.0003,0.0410,0.7480,0.1709,0.0375,0.0023
IFBJBKOH_02892,Cytoplasmic,0.0001,0.0060,0.9748,0.0048,0.0142,0.0000
IFBJBKOH_02893,Cytoplasmic,0.0001,0.0774,0.9209,0.0008,0.0003,0.0004
IFBJBKOH_02894,Extracellular,0.0000,0.9999,0.0000,0.0000,0.0001,0.0000
IFBJBKOH_02895,Cytoplasmic,0.0047,0.2100,0.7387,0.0016,0.0393,0.0056
IFBJBKOH_02896,Cytoplasmic Membrane,0.0000,0.0026,0.0000,0.9963,0.0011,0.0000
IFBJBKOH_02897,Cytoplasmic,0.0001,0.0407,0.9576,0.0008,0.0008,0.0001
IFBJBKOH_02898,Cytoplasmic,0.0021,0.1196,0.7999,0.0622,0.0135,0.0027
IFBJBKOH_02899,Cytoplasmic,0.0004,0.0162,0.9615,0.0081,0.0133,0.0004
IFBJBKOH_02900,Cytoplasmic,0.0001,0.0054,0.9758,0.0146,0.0024,0.0017
IFBJBKOH_02901,Cytoplasmic,0.0005,0.0055,0.9054,0.0485,0.0399,0.0003
IFBJBKOH_02902,Cytoplasmic,0.0001,0.0060,0.9807,0.0069,0.0056,0.0007
IFBJBKOH_02903,Cytoplasmic,0.0001,0.0003,0.9934,0.0020,0.0040,0.0002
IFBJBKOH_02904,Cytoplasmic,0.0006,0.0671,0.8591,0.0169,0.0386,0.0177
IFBJBKOH_02905,Cytoplasmic,0.0006,0.0044,0.9733,0.0044,0.0169,0.0004
IFBJBKOH_02906,Extracellular,0.0003,0.6143,0.1586,0.0982,0.1253,0.0033
IFBJBKOH_02907,Extracellular,0.0021,0.6779,0.2325,0.0713,0.0153,0.0009
IFBJBKOH_02908,Cytoplasmic,0.0003,0.0096,0.9023,0.0748,0.0127,0.0003
IFBJBKOH_02909,Cytoplasmic,0.0003,0.0063,0.9448,0.0352,0.0068,0.0067
IFBJBKOH_02910,Cytoplasmic,0.0021,0.0070,0.9805,0.0012,0.0090,0.0003
IFBJBKOH_02911,Cytoplasmic,0.0004,0.0051,0.9881,0.0025,0.0038,0.0001
IFBJBKOH_02912,Cytoplasmic,0.0008,0.0025,0.9745,0.0030,0.0183,0.0009
IFBJBKOH_02913,Extracellular,0.0001,0.4730,0.2523,0.1460,0.1218,0.0067
IFBJBKOH_02914,Cytoplasmic Membrane,0.0003,0.1686,0.0001,0.7728,0.0581,0.0000
IFBJBKOH_02915,Cytoplasmic,0.0001,0.0021,0.8734,0.0068,0.1175,0.0001
IFBJBKOH_02916,Cytoplasmic Membrane,0.0038,0.3747,0.0007,0.6054,0.0154,0.0000
IFBJBKOH_02917,Cytoplasmic,0.0018,0.1378,0.7594,0.0636,0.0278,0.0096
IFBJBKOH_02918,Cytoplasmic,0.0010,0.0022,0.9872,0.0035,0.0059,0.0002
IFBJBKOH_02919,Cytoplasmic,0.0009,0.0168,0.9657,0.0006,0.0046,0.0114
IFBJBKOH_02920,Cytoplasmic,0.0001,0.0343,0.9492,0.0071,0.0059,0.0034
IFBJBKOH_02921,Cytoplasmic,0.0001,0.3324,0.4440,0.0927,0.0859,0.0450
IFBJBKOH_02922,Cytoplasmic,0.0005,0.0024,0.9907,0.0017,0.0044,0.0004
IFBJBKOH_02923,Cytoplasmic,0.0001,0.3108,0.6582,0.0104,0.0184,0.0020
IFBJBKOH_02924,Cytoplasmic,0.0000,0.0001,0.9931,0.0037,0.0031,0.0000
IFBJBKOH_02925,Cytoplasmic,0.0001,0.0616,0.8947,0.0234,0.0147,0.0056
IFBJBKOH_02926,Cytoplasmic,0.0002,0.1057,0.6720,0.0702,0.1487,0.0032
IFBJBKOH_02927,Cytoplasmic,0.0001,0.0368,0.8721,0.0651,0.0255,0.0004
IFBJBKOH_02928,Cytoplasmic,0.0004,0.0009,0.9792,0.0019,0.0167,0.0009
IFBJBKOH_02929,Cytoplasmic,0.0001,0.0075,0.9860,0.0049,0.0014,0.0001
IFBJBKOH_02930,Cytoplasmic,0.0022,0.0583,0.9232,0.0103,0.0051,0.0010
IFBJBKOH_02931,Cytoplasmic,0.0001,0.0085,0.9617,0.0250,0.0039,0.0007
IFBJBKOH_02932,Cytoplasmic,0.0022,0.0026,0.8335,0.1560,0.0056,0.0001
IFBJBKOH_02933,Cytoplasmic,0.0007,0.0056,0.9475,0.0020,0.0437,0.0006
IFBJBKOH_02934,Cytoplasmic,0.0002,0.4534,0.5246,0.0056,0.0159,0.0003
IFBJBKOH_02935,Cytoplasmic,0.0007,0.0280,0.9595,0.0066,0.0046,0.0005
IFBJBKOH_02936,Cytoplasmic,0.0006,0.0066,0.9557,0.0025,0.0336,0.0009
IFBJBKOH_02937,Cytoplasmic,0.0002,0.0226,0.9685,0.0024,0.0055,0.0008
IFBJBKOH_02938,Extracellular,0.0010,0.9712,0.0092,0.0019,0.0092,0.0075
IFBJBKOH_02939,Cytoplasmic Membrane,0.0006,0.2756,0.1359,0.4416,0.1311,0.0151
IFBJBKOH_02940,Cytoplasmic Membrane,0.0000,0.0003,0.0009,0.9932,0.0055,0.0001
IFBJBKOH_02941,Cytoplasmic,0.0006,0.1328,0.8580,0.0047,0.0037,0.0001
IFBJBKOH_02942,Cytoplasmic,0.0071,0.2195,0.7462,0.0053,0.0207,0.0011
IFBJBKOH_02943,Extracellular,0.0013,0.9339,0.0062,0.0005,0.0574,0.0007
IFBJBKOH_02944,Extracellular,0.0048,0.4752,0.2349,0.0102,0.2726,0.0023
IFBJBKOH_02945,Cytoplasmic,0.0008,0.2139,0.4229,0.3217,0.0382,0.0025
IFBJBKOH_02946,Extracellular,0.0048,0.5826,0.1383,0.1236,0.1461,0.0045
IFBJBKOH_02947,Cytoplasmic,0.0002,0.0799,0.6669,0.1043,0.1478,0.0009
IFBJBKOH_02948,Extracellular,0.0210,0.6283,0.0002,0.3127,0.0378,0.0000
IFBJBKOH_02949,Cytoplasmic,0.0000,0.0232,0.9151,0.0398,0.0213,0.0006
IFBJBKOH_02950,Cytoplasmic,0.0001,0.0023,0.9833,0.0023,0.0107,0.0014
IFBJBKOH_02951,Cytoplasmic,0.0000,0.0925,0.5370,0.0026,0.3630,0.0048
IFBJBKOH_02952,Cytoplasmic,0.0009,0.2381,0.5537,0.1373,0.0690,0.0010
IFBJBKOH_02953,Extracellular,0.0013,0.8618,0.0995,0.0198,0.0141,0.0035
IFBJBKOH_02954,Cytoplasmic,0.0000,0.0035,0.9710,0.0058,0.0194,0.0002
IFBJBKOH_02955,Cytoplasmic,0.0008,0.1634,0.7303,0.0377,0.0673,0.0005
IFBJBKOH_02956,Cytoplasmic,0.0002,0.0000,0.9799,0.0005,0.0193,0.0000
IFBJBKOH_02957,Extracellular,0.0003,0.4738,0.1453,0.0007,0.3783,0.0016
IFBJBKOH_02958,Cytoplasmic,0.0122,0.0402,0.8642,0.0031,0.0787,0.0016
IFBJBKOH_02959,Cytoplasmic,0.0014,0.1440,0.6638,0.0252,0.1643,0.0014
IFBJBKOH_02960,Cytoplasmic,0.0262,0.0686,0.5585,0.2740,0.0724,0.0002
IFBJBKOH_02961,Cytoplasmic,0.0009,0.3576,0.5945,0.0011,0.0188,0.0270
IFBJBKOH_02962,Cytoplasmic,0.0002,0.0463,0.6919,0.1932,0.0674,0.0010
IFBJBKOH_02963,Cytoplasmic,0.0001,0.0128,0.8773,0.0553,0.0540,0.0005
IFBJBKOH_02964,Cytoplasmic,0.0000,0.0000,0.9814,0.0004,0.0181,0.0000
IFBJBKOH_02965,Cytoplasmic,0.0004,0.0044,0.8189,0.1609,0.0153,0.0001
IFBJBKOH_02966,Extracellular,0.0001,0.5331,0.3021,0.1130,0.0372,0.0145
IFBJBKOH_02967,Extracellular,0.0009,0.7113,0.2769,0.0013,0.0057,0.0040
IFBJBKOH_02968,Cytoplasmic,0.0105,0.3994,0.5504,0.0018,0.0369,0.0010
IFBJBKOH_02969,Cytoplasmic,0.0001,0.2080,0.7829,0.0006,0.0081,0.0002
IFBJBKOH_02970,Cytoplasmic,0.0011,0.1028,0.8644,0.0068,0.0181,0.0067
IFBJBKOH_02971,Cytoplasmic,0.0002,0.0068,0.9743,0.0003,0.0176,0.0007
IFBJBKOH_02972,Cytoplasmic,0.0001,0.0064,0.9811,0.0002,0.0122,0.0001
IFBJBKOH_02973,Cytoplasmic,0.0003,0.0284,0.9024,0.0291,0.0369,0.0029
IFBJBKOH_02974,Cytoplasmic,0.0005,0.0223,0.9236,0.0048,0.0467,0.0021
IFBJBKOH_02975,Cytoplasmic Membrane,0.0002,0.0037,0.4561,0.4593,0.0802,0.0006
IFBJBKOH_02976,Cytoplasmic,0.0001,0.0007,0.8441,0.0749,0.0800,0.0001
IFBJBKOH_02977,Cytoplasmic,0.0003,0.0020,0.9593,0.0266,0.0112,0.0007
IFBJBKOH_02978,Cytoplasmic,0.0000,0.0004,0.9920,0.0002,0.0074,0.0001
IFBJBKOH_02979,Cytoplasmic,0.0001,0.1352,0.8406,0.0139,0.0072,0.0030
IFBJBKOH_02980,Cytoplasmic,0.0001,0.0328,0.9501,0.0009,0.0147,0.0014
IFBJBKOH_02981,Cytoplasmic Membrane,0.0000,0.0052,0.0009,0.9910,0.0016,0.0014
IFBJBKOH_02982,Cytoplasmic,0.0000,0.0006,0.9983,0.0001,0.0010,0.0000
IFBJBKOH_02983,Extracellular,0.0001,0.9343,0.0577,0.0007,0.0010,0.0061
IFBJBKOH_02984,Cytoplasmic,0.0003,0.1319,0.8215,0.0261,0.0160,0.0043
IFBJBKOH_02985,Cytoplasmic,0.0001,0.0338,0.9277,0.0004,0.0380,0.0000
IFBJBKOH_02986,Cytoplasmic,0.0000,0.0002,0.9926,0.0002,0.0069,0.0000
IFBJBKOH_02987,Cytoplasmic,0.0016,0.2501,0.7234,0.0183,0.0065,0.0001
IFBJBKOH_02988,Cytoplasmic Membrane,0.0015,0.0976,0.0012,0.6892,0.2105,0.0001
IFBJBKOH_02989,Cytoplasmic,0.0004,0.0021,0.9798,0.0032,0.0142,0.0002
IFBJBKOH_02990,Cytoplasmic,0.0007,0.0002,0.9977,0.0006,0.0007,0.0001
IFBJBKOH_02991,Cytoplasmic,0.0002,0.0011,0.9756,0.0013,0.0160,0.0057
IFBJBKOH_02992,Cytoplasmic Membrane,0.0001,0.0003,0.0005,0.9919,0.0070,0.0002
IFBJBKOH_02993,Cytoplasmic,0.0003,0.0004,0.9849,0.0082,0.0058,0.0004
IFBJBKOH_02994,Cytoplasmic,0.0001,0.0002,0.9958,0.0007,0.0028,0.0004
IFBJBKOH_02995,Cytoplasmic Membrane,0.0000,0.0003,0.0000,0.9966,0.0030,0.0000
IFBJBKOH_02996,Extracellular,0.0016,0.9981,0.0000,0.0001,0.0001,0.0001
IFBJBKOH_02997,Cytoplasmic,0.0000,0.0001,0.9938,0.0003,0.0056,0.0001
IFBJBKOH_02998,Cytoplasmic Membrane,0.0002,0.0204,0.0003,0.9584,0.0206,0.0002
IFBJBKOH_02999,Cytoplasmic Membrane,0.0069,0.0027,0.0113,0.9544,0.0214,0.0032
IFBJBKOH_03000,Cytoplasmic,0.0002,0.0047,0.9730,0.0192,0.0027,0.0001
IFBJBKOH_03001,Cytoplasmic,0.0000,0.0016,0.9935,0.0004,0.0015,0.0028
IFBJBKOH_03002,Cytoplasmic,0.0001,0.0147,0.9793,0.0002,0.0042,0.0015
IFBJBKOH_03003,Cytoplasmic,0.0002,0.0259,0.8338,0.0051,0.1313,0.0037
IFBJBKOH_03004,Cytoplasmic,0.0004,0.0657,0.6188,0.0041,0.3010,0.0100
IFBJBKOH_03005,Cytoplasmic Membrane,0.0000,0.0000,0.0000,0.9998,0.0002,0.0000
IFBJBKOH_03006,Cytoplasmic Membrane,0.0026,0.0610,0.0128,0.8707,0.0430,0.0098
IFBJBKOH_03007,Cytoplasmic Membrane,0.0000,0.0000,0.0002,0.9993,0.0004,0.0000
IFBJBKOH_03008,Cytoplasmic,0.0017,0.0464,0.9107,0.0286,0.0109,0.0016
IFBJBKOH_03011,Cytoplasmic,0.0000,0.0012,0.9853,0.0015,0.0110,0.0009
IFBJBKOH_03012,Cytoplasmic,0.0009,0.0325,0.7360,0.1606,0.0671,0.0030
IFBJBKOH_03013,Cytoplasmic,0.0002,0.0033,0.8021,0.0459,0.0148,0.1338
IFBJBKOH_03014,Cytoplasmic,0.0009,0.0024,0.9307,0.0078,0.0125,0.0458
IFBJBKOH_03015,Cytoplasmic,0.0001,0.0112,0.8734,0.0015,0.0521,0.0618
IFBJBKOH_03016,Cytoplasmic,0.0002,0.0313,0.9243,0.0083,0.0358,0.0001
IFBJBKOH_03018,Cytoplasmic Membrane,0.0112,0.1261,0.0027,0.8504,0.0094,0.0002
IFBJBKOH_03019,Extracellular,0.0262,0.5917,0.1604,0.1838,0.0234,0.0145
IFBJBKOH_03020,Cytoplasmic Membrane,0.0013,0.0371,0.0002,0.9391,0.0222,0.0001
IFBJBKOH_03021,Cytoplasmic,0.0001,0.0338,0.9204,0.0189,0.0254,0.0015
IFBJBKOH_03022,Cytoplasmic,0.0001,0.0105,0.9383,0.0495,0.0016,0.0001
IFBJBKOH_03023,Cytoplasmic,0.0001,0.0047,0.9516,0.0427,0.0008,0.0001
IFBJBKOH_03024,Cytoplasmic,0.0019,0.0131,0.7801,0.1074,0.0944,0.0032
IFBJBKOH_03025,Cytoplasmic,0.0000,0.0005,0.9677,0.0174,0.0136,0.0008
IFBJBKOH_03026,Cytoplasmic,0.0000,0.0030,0.9805,0.0034,0.0094,0.0037
IFBJBKOH_03027,Cytoplasmic,0.0000,0.0020,0.9796,0.0007,0.0096,0.0081
IFBJBKOH_03028,Cytoplasmic,0.0000,0.0005,0.9926,0.0014,0.0032,0.0023
IFBJBKOH_03029,Cytoplasmic,0.0003,0.0163,0.9513,0.0027,0.0270,0.0025
IFBJBKOH_03030,Extracellular,0.0000,0.6987,0.2928,0.0009,0.0075,0.0001
IFBJBKOH_03031,Cytoplasmic,0.0000,0.0003,0.9981,0.0005,0.0002,0.0009
IFBJBKOH_03032,Periplasmic,0.0000,0.0493,0.0635,0.2407,0.0352,0.6113
IFBJBKOH_03033,Cytoplasmic,0.0001,0.0050,0.9798,0.0006,0.0029,0.0115
IFBJBKOH_03034,Cytoplasmic,0.0006,0.3333,0.6629,0.0026,0.0002,0.0004
IFBJBKOH_03035,Cytoplasmic,0.0037,0.3347,0.6476,0.0002,0.0062,0.0076
IFBJBKOH_03036,Cytoplasmic,0.0002,0.1007,0.8836,0.0074,0.0078,0.0004
IFBJBKOH_03037,Cytoplasmic,0.0011,0.1172,0.8686,0.0007,0.0123,0.0001
IFBJBKOH_03038,Cytoplasmic,0.0004,0.0050,0.9822,0.0071,0.0050,0.0003
IFBJBKOH_03039,Cytoplasmic,0.0007,0.1192,0.8052,0.0175,0.0551,0.0022
IFBJBKOH_03040,Cytoplasmic,0.0000,0.0000,0.9922,0.0030,0.0046,0.0001
IFBJBKOH_03041,Cytoplasmic Membrane,0.0000,0.0000,0.0000,0.9999,0.0001,0.0000
IFBJBKOH_03042,Cytoplasmic Membrane,0.0000,0.0000,0.0001,0.9989,0.0010,0.0000
IFBJBKOH_03043,Extracellular,0.0199,0.5392,0.0011,0.3516,0.0649,0.0233
IFBJBKOH_03044,Cytoplasmic,0.0000,0.0034,0.9822,0.0010,0.0128,0.0005
IFBJBKOH_03045,Cytoplasmic,0.0003,0.0160,0.5515,0.0766,0.3298,0.0257
IFBJBKOH_03046,Cytoplasmic,0.0003,0.0025,0.8913,0.0452,0.0423,0.0182
IFBJBKOH_03047,Cytoplasmic,0.0002,0.0032,0.9542,0.0019,0.0358,0.0048
IFBJBKOH_03048,Cytoplasmic,0.0002,0.0182,0.9396,0.0010,0.0360,0.0050
IFBJBKOH_03049,Cytoplasmic,0.0001,0.0040,0.9626,0.0300,0.0032,0.0001
IFBJBKOH_03050,Cytoplasmic Membrane,0.0000,0.0001,0.0003,0.9965,0.0030,0.0001
IFBJBKOH_03051,Cytoplasmic Membrane,0.0000,0.0000,0.0002,0.9991,0.0007,0.0000
IFBJBKOH_03052,Cytoplasmic,0.0012,0.0357,0.6203,0.3335,0.0055,0.0039
IFBJBKOH_03053,Cytoplasmic,0.0013,0.1485,0.8296,0.0090,0.0097,0.0020
IFBJBKOH_03054,Cytoplasmic,0.0003,0.0003,0.9894,0.0057,0.0036,0.0006
IFBJBKOH_03055,Cytoplasmic,0.0002,0.0065,0.8649,0.0058,0.1213,0.0012
IFBJBKOH_03056,Cytoplasmic,0.0000,0.0001,0.9919,0.0001,0.0064,0.0015
IFBJBKOH_03057,Cytoplasmic,0.0001,0.0023,0.9750,0.0213,0.0008,0.0005
IFBJBKOH_03058,Cytoplasmic,0.0000,0.0001,0.9960,0.0033,0.0005,0.0001
IFBJBKOH_03059,Cytoplasmic,0.0001,0.0043,0.9352,0.0271,0.0290,0.0044
IFBJBKOH_03060,Cytoplasmic,0.0003,0.0163,0.9643,0.0130,0.0060,0.0001
IFBJBKOH_03061,Cytoplasmic,0.0001,0.0004,0.9869,0.0041,0.0077,0.0008
IFBJBKOH_03062,Cytoplasmic,0.0000,0.0000,0.9930,0.0059,0.0010,0.0000
IFBJBKOH_03063,Cytoplasmic,0.0000,0.0002,0.9974,0.0001,0.0021,0.0002
IFBJBKOH_03064,Cytoplasmic Membrane,0.0126,0.0406,0.0008,0.6244,0.1669,0.1546
IFBJBKOH_03065,Cytoplasmic,0.0000,0.0019,0.9930,0.0011,0.0035,0.0005
IFBJBKOH_03066,Cytoplasmic,0.0000,0.0001,0.9979,0.0006,0.0013,0.0001
IFBJBKOH_03067,Cytoplasmic,0.0005,0.0307,0.8745,0.0482,0.0412,0.0049
IFBJBKOH_03068,Cytoplasmic Membrane,0.0001,0.0007,0.4753,0.4784,0.0428,0.0028
IFBJBKOH_03069,Cytoplasmic Membrane,0.0002,0.0007,0.2298,0.6674,0.1016,0.0004
IFBJBKOH_03070,Cytoplasmic Membrane,0.0000,0.0000,0.0000,0.9996,0.0004,0.0000
IFBJBKOH_03071,Cytoplasmic Membrane,0.0000,0.0000,0.0000,0.9988,0.0012,0.0000
IFBJBKOH_03072,Cytoplasmic,0.0000,0.0000,0.9889,0.0107,0.0004,0.0000
IFBJBKOH_03073,Cytoplasmic,0.0000,0.0004,0.9938,0.0007,0.0046,0.0006
IFBJBKOH_03074,Cytoplasmic,0.0001,0.0087,0.9739,0.0056,0.0116,0.0001
IFBJBKOH_03075,Cytoplasmic,0.0000,0.0016,0.9899,0.0009,0.0072,0.0004
IFBJBKOH_03076,Cytoplasmic,0.0000,0.0009,0.9633,0.0081,0.0183,0.0093
IFBJBKOH_03077,Cytoplasmic,0.0001,0.0002,0.9017,0.0446,0.0508,0.0026
IFBJBKOH_03078,Cytoplasmic,0.0000,0.0030,0.9793,0.0004,0.0046,0.0127
IFBJBKOH_03079,Cytoplasmic Membrane,0.0003,0.1120,0.0022,0.8432,0.0423,0.0000
IFBJBKOH_03080,Cytoplasmic,0.0001,0.0014,0.9916,0.0028,0.0039,0.0002
IFBJBKOH_03081,Outer Membrane,0.0231,0.0037,0.3970,0.0474,0.5260,0.0028
IFBJBKOH_03082,Cytoplasmic,0.0001,0.0021,0.9831,0.0125,0.0017,0.0006
IFBJBKOH_03083,Cytoplasmic Membrane,0.0000,0.0000,0.0000,0.9994,0.0006,0.0000
IFBJBKOH_03084,Cytoplasmic,0.0002,0.0185,0.9741,0.0011,0.0041,0.0020
IFBJBKOH_03085,Cytoplasmic Membrane,0.0038,0.3610,0.0103,0.4999,0.1204,0.0046
IFBJBKOH_03086,Cytoplasmic Membrane,0.0002,0.0079,0.0265,0.9401,0.0251,0.0001
IFBJBKOH_03087,Cytoplasmic,0.0000,0.0030,0.9349,0.0089,0.0375,0.0156
IFBJBKOH_03088,Cytoplasmic Membrane,0.0000,0.0001,0.0000,0.9997,0.0002,0.0000
IFBJBKOH_03089,Cytoplasmic Membrane,0.0001,0.0003,0.3812,0.6119,0.0062,0.0002
IFBJBKOH_03090,Cytoplasmic Membrane,0.0018,0.0209,0.0015,0.9708,0.0050,0.0001
IFBJBKOH_03091,Cytoplasmic Membrane,0.0001,0.0003,0.0001,0.9959,0.0036,0.0000
IFBJBKOH_03092,Cytoplasmic,0.0001,0.0001,0.9808,0.0070,0.0121,0.0000
IFBJBKOH_03093,Cytoplasmic,0.0000,0.0043,0.9950,0.0002,0.0003,0.0002
IFBJBKOH_03094,Cytoplasmic,0.0003,0.0064,0.9595,0.0310,0.0027,0.0000
IFBJBKOH_03095,Cytoplasmic Membrane,0.0000,0.0000,0.0000,0.9997,0.0003,0.0000
IFBJBKOH_03096,Cytoplasmic,0.0025,0.0657,0.7418,0.1383,0.0386,0.0131
IFBJBKOH_03097,Cytoplasmic Membrane,0.0001,0.0002,0.0003,0.9849,0.0145,0.0000
IFBJBKOH_03098,Cytoplasmic,0.0008,0.0061,0.9586,0.0180,0.0163,0.0002
IFBJBKOH_03099,Cytoplasmic Membrane,0.0207,0.2079,0.0055,0.3887,0.2326,0.1446
IFBJBKOH_03100,Cytoplasmic Membrane,0.0000,0.0000,0.0000,0.9999,0.0001,0.0000
IFBJBKOH_03101,Cytoplasmic Membrane,0.0000,0.0000,0.0000,0.9999,0.0001,0.0000
IFBJBKOH_03102,Cytoplasmic,0.0005,0.0897,0.8510,0.0075,0.0233,0.0280
IFBJBKOH_03103,Cytoplasmic,0.0018,0.0567,0.8767,0.0459,0.0179,0.0011
IFBJBKOH_03104,Cytoplasmic,0.0002,0.0822,0.8789,0.0193,0.0131,0.0063
IFBJBKOH_03105,Cytoplasmic,0.0003,0.0023,0.8276,0.1112,0.0572,0.0014
IFBJBKOH_03106,Cytoplasmic,0.0001,0.0012,0.8684,0.1203,0.0100,0.0001
IFBJBKOH_03107,Cytoplasmic,0.0004,0.0262,0.8663,0.0113,0.0928,0.0031
IFBJBKOH_03108,Cytoplasmic,0.0000,0.0002,0.9963,0.0010,0.0024,0.0001
IFBJBKOH_03109,Cytoplasmic Membrane,0.0000,0.0000,0.0006,0.9991,0.0002,0.0000
IFBJBKOH_03110,Cytoplasmic Membrane,0.0000,0.0007,0.0101,0.9860,0.0031,0.0000
IFBJBKOH_03111,Cytoplasmic Membrane,0.0000,0.0000,0.0003,0.9990,0.0006,0.0000
IFBJBKOH_03112,Cytoplasmic Membrane,0.0038,0.3816,0.0129,0.5894,0.0097,0.0026
IFBJBKOH_03113,Cytoplasmic Membrane,0.0012,0.3783,0.0001,0.6187,0.0016,0.0000
IFBJBKOH_03114,Cytoplasmic,0.0000,0.0001,0.9488,0.0427,0.0081,0.0004
IFBJBKOH_03115,Cytoplasmic Membrane,0.0000,0.0003,0.0032,0.9944,0.0020,0.0000
IFBJBKOH_03116,Cytoplasmic Membrane,0.0002,0.0762,0.0017,0.8831,0.0386,0.0002
IFBJBKOH_03117,Cytoplasmic Membrane,0.0000,0.0038,0.0024,0.9841,0.0095,0.0003
IFBJBKOH_03118,Cytoplasmic Membrane,0.0002,0.0484,0.0001,0.9445,0.0048,0.0020
IFBJBKOH_03119,Cytoplasmic Membrane,0.0000,0.0011,0.0001,0.9982,0.0006,0.0000
IFBJBKOH_03120,Cytoplasmic Membrane,0.0112,0.0300,0.0244,0.8419,0.0747,0.0178
IFBJBKOH_03121,Cytoplasmic Membrane,0.0000,0.0000,0.0000,1.0000,0.0000,0.0000
IFBJBKOH_03122,Cytoplasmic,0.0001,0.0021,0.9839,0.0082,0.0056,0.0002
IFBJBKOH_03123,Cytoplasmic,0.0000,0.3887,0.5252,0.0177,0.0675,0.0009
IFBJBKOH_03124,Cytoplasmic,0.0007,0.0020,0.9486,0.0096,0.0382,0.0009
IFBJBKOH_03125,Cytoplasmic Membrane,0.1303,0.0297,0.0013,0.4366,0.4000,0.0022
IFBJBKOH_03126,Cytoplasmic,0.0000,0.0004,0.9856,0.0009,0.0129,0.0003
IFBJBKOH_03127,Cytoplasmic Membrane,0.0116,0.0530,0.0068,0.9135,0.0046,0.0106
IFBJBKOH_03128,Extracellular,0.0039,0.7810,0.0009,0.0004,0.0067,0.2071
IFBJBKOH_03129,Cytoplasmic,0.0002,0.0105,0.9544,0.0014,0.0331,0.0005
IFBJBKOH_03130,Cytoplasmic Membrane,0.0001,0.0044,0.0002,0.9794,0.0159,0.0000
IFBJBKOH_03131,Cytoplasmic Membrane,0.0007,0.0166,0.0025,0.5246,0.2102,0.2454
IFBJBKOH_03132,Cytoplasmic Membrane,0.0000,0.0001,0.0001,0.9989,0.0008,0.0000
IFBJBKOH_03133,Cytoplasmic Membrane,0.0000,0.0000,0.0000,0.9999,0.0001,0.0000
IFBJBKOH_03134,Cytoplasmic Membrane,0.0000,0.0000,0.0001,0.9986,0.0013,0.0000
IFBJBKOH_03135,Outer Membrane,0.0092,0.0064,0.0025,0.3998,0.5208,0.0613
IFBJBKOH_03136,Cytoplasmic,0.0001,0.0005,0.9974,0.0006,0.0014,0.0000
IFBJBKOH_03137,Cytoplasmic Membrane,0.0000,0.0001,0.0011,0.9902,0.0086,0.0000
IFBJBKOH_03138,Cytoplasmic,0.0007,0.0991,0.8206,0.0075,0.0535,0.0186
IFBJBKOH_03139,Cytoplasmic,0.0001,0.0019,0.9399,0.0312,0.0261,0.0008
IFBJBKOH_03140,Cytoplasmic,0.0000,0.0001,0.9946,0.0018,0.0021,0.0013
IFBJBKOH_03141,Cytoplasmic Membrane,0.0000,0.0000,0.0002,0.9993,0.0005,0.0000
IFBJBKOH_03142,Cytoplasmic,0.0001,0.0003,0.9827,0.0039,0.0108,0.0021
IFBJBKOH_03143,Cytoplasmic,0.0020,0.1563,0.6828,0.0401,0.1039,0.0150
IFBJBKOH_03144,Cytoplasmic,0.0001,0.0227,0.9628,0.0027,0.0050,0.0067
IFBJBKOH_03145,Cytoplasmic,0.0002,0.0004,0.9866,0.0092,0.0028,0.0008
IFBJBKOH_03146,Cytoplasmic,0.0000,0.0002,0.9984,0.0000,0.0010,0.0003
IFBJBKOH_03147,Cytoplasmic,0.0001,0.0060,0.9848,0.0013,0.0049,0.0029
IFBJBKOH_03148,Cytoplasmic,0.0021,0.0122,0.9570,0.0039,0.0231,0.0017
IFBJBKOH_03149,Cytoplasmic,0.0002,0.3852,0.4946,0.0649,0.0548,0.0003
IFBJBKOH_03150,Cytoplasmic,0.0002,0.0005,0.8452,0.1186,0.0349,0.0005
IFBJBKOH_03151,Cytoplasmic Membrane,0.0512,0.0405,0.0051,0.7507,0.1368,0.0157
IFBJBKOH_03152,Cytoplasmic Membrane,0.0001,0.0351,0.1687,0.7620,0.0332,0.0008
IFBJBKOH_03153,Cytoplasmic,0.0001,0.1393,0.5318,0.2882,0.0393,0.0013
IFBJBKOH_03154,Cytoplasmic Membrane,0.0001,0.0001,0.1241,0.8356,0.0395,0.0006
IFBJBKOH_03155,Cytoplasmic Membrane,0.0000,0.0000,0.0000,1.0000,0.0000,0.0000
IFBJBKOH_03156,Cytoplasmic Membrane,0.0286,0.0102,0.0012,0.6265,0.2998,0.0336
IFBJBKOH_03157,Cytoplasmic,0.0000,0.0022,0.9957,0.0003,0.0005,0.0014
IFBJBKOH_03158,Cytoplasmic,0.0000,0.0002,0.9990,0.0000,0.0006,0.0001
IFBJBKOH_03159,Cytoplasmic,0.0000,0.0022,0.9971,0.0001,0.0004,0.0001
IFBJBKOH_03160,Cytoplasmic Membrane,0.0000,0.0000,0.0000,0.9998,0.0002,0.0000
IFBJBKOH_03161,Cytoplasmic Membrane,0.0000,0.0000,0.0000,0.9997,0.0003,0.0000
IFBJBKOH_03162,Cytoplasmic,0.0001,0.0034,0.9829,0.0123,0.0012,0.0002
IFBJBKOH_03163,Cytoplasmic,0.0002,0.0916,0.8644,0.0329,0.0059,0.0049
IFBJBKOH_03164,Cytoplasmic,0.0000,0.0000,0.9912,0.0085,0.0002,0.0000
IFBJBKOH_03165,Cytoplasmic,0.0003,0.0224,0.8046,0.0787,0.0772,0.0168
IFBJBKOH_03166,Cytoplasmic Membrane,0.0000,0.0002,0.0005,0.9970,0.0022,0.0000
IFBJBKOH_03167,Cytoplasmic,0.0001,0.0046,0.9804,0.0046,0.0103,0.0001
IFBJBKOH_03168,Cytoplasmic,0.0000,0.0000,0.9910,0.0047,0.0041,0.0001
IFBJBKOH_03169,Cytoplasmic,0.0000,0.0188,0.9683,0.0017,0.0077,0.0035
IFBJBKOH_03170,Cytoplasmic,0.0000,0.0026,0.9950,0.0006,0.0017,0.0001
IFBJBKOH_03171,Cytoplasmic,0.0001,0.0057,0.8697,0.0001,0.1239,0.0004
IFBJBKOH_03172,Cytoplasmic,0.0001,0.0011,0.8703,0.0015,0.0577,0.0694
IFBJBKOH_03173,Cytoplasmic,0.0001,0.0017,0.9497,0.0003,0.0322,0.0161
IFBJBKOH_03174,Cytoplasmic,0.0000,0.0000,0.9977,0.0000,0.0023,0.0000
IFBJBKOH_03175,Cytoplasmic,0.0000,0.0009,0.9869,0.0001,0.0120,0.0002
IFBJBKOH_03176,Cytoplasmic,0.0012,0.0961,0.6530,0.0010,0.2454,0.0032
IFBJBKOH_03177,Cytoplasmic,0.0003,0.0037,0.9819,0.0030,0.0097,0.0014
IFBJBKOH_03178,Cytoplasmic Membrane,0.0000,0.0002,0.2695,0.7249,0.0051,0.0003
IFBJBKOH_03179,Cytoplasmic Membrane,0.0000,0.0000,0.0000,1.0000,0.0000,0.0000
IFBJBKOH_03180,Cytoplasmic Membrane,0.0000,0.0000,0.0000,1.0000,0.0000,0.0000
IFBJBKOH_03181,Cytoplasmic Membrane,0.0031,0.0430,0.0004,0.6911,0.1998,0.0625
IFBJBKOH_03182,Cytoplasmic,0.0001,0.1295,0.7869,0.0075,0.0753,0.0007
IFBJBKOH_03183,Extracellular,0.2122,0.7688,0.0005,0.0048,0.0101,0.0035
IFBJBKOH_03184,Extracellular,0.2329,0.7571,0.0036,0.0004,0.0032,0.0028
IFBJBKOH_03185,Extracellular,0.0003,0.6452,0.2424,0.0935,0.0184,0.0002
IFBJBKOH_03186,Cytoplasmic,0.0004,0.1800,0.8122,0.0062,0.0009,0.0003
IFBJBKOH_03187,Cytoplasmic,0.0001,0.0009,0.9976,0.0009,0.0004,0.0001
IFBJBKOH_03188,Cytoplasmic,0.0000,0.1723,0.7121,0.0547,0.0077,0.0532
IFBJBKOH_03189,Extracellular,0.0004,0.4759,0.3324,0.1805,0.0101,0.0007
IFBJBKOH_03190,Cytoplasmic,0.0003,0.1036,0.8389,0.0396,0.0159,0.0018
IFBJBKOH_03191,Extracellular,0.0006,0.9985,0.0000,0.0000,0.0008,0.0000
IFBJBKOH_03192,Cytoplasmic,0.0003,0.1518,0.7378,0.0883,0.0217,0.0002
IFBJBKOH_03193,Cytoplasmic,0.0002,0.0029,0.9939,0.0021,0.0008,0.0001
IFBJBKOH_03194,Extracellular,0.0677,0.9262,0.0004,0.0001,0.0040,0.0016
IFBJBKOH_03195,Cytoplasmic,0.0002,0.3301,0.5040,0.1357,0.0297,0.0003
IFBJBKOH_03196,Cytoplasmic,0.0006,0.1131,0.8314,0.0302,0.0247,0.0000
IFBJBKOH_03197,Extracellular,0.0007,0.5792,0.1997,0.1364,0.0775,0.0065
IFBJBKOH_03198,Cytoplasmic,0.0002,0.3486,0.4307,0.1878,0.0323,0.0004
IFBJBKOH_03199,Cytoplasmic,0.0002,0.0067,0.9787,0.0073,0.0068,0.0004
IFBJBKOH_03200,Cytoplasmic,0.0017,0.0028,0.9388,0.0217,0.0349,0.0002
IFBJBKOH_03201,Cytoplasmic,0.0003,0.0095,0.8696,0.0082,0.1112,0.0011
IFBJBKOH_03202,Cytoplasmic,0.0000,0.0015,0.9894,0.0006,0.0075,0.0008
IFBJBKOH_03203,Cytoplasmic Membrane,0.0000,0.0000,0.0000,0.9998,0.0002,0.0000
IFBJBKOH_03204,Cytoplasmic Membrane,0.0000,0.0000,0.0696,0.9220,0.0071,0.0012
IFBJBKOH_03205,Cytoplasmic Membrane,0.0256,0.0124,0.0012,0.6003,0.2984,0.0620
IFBJBKOH_03206,Cytoplasmic,0.0002,0.0044,0.9480,0.0101,0.0372,0.0001
IFBJBKOH_03207,Cytoplasmic Membrane,0.0000,0.0005,0.0000,0.9992,0.0003,0.0000
IFBJBKOH_03208,Cytoplasmic,0.0000,0.0027,0.9966,0.0004,0.0001,0.0001
IFBJBKOH_03209,Cytoplasmic,0.0000,0.0414,0.9369,0.0031,0.0034,0.0152
IFBJBKOH_03210,Cytoplasmic Membrane,0.0000,0.0000,0.0000,0.9998,0.0002,0.0000
IFBJBKOH_03211,Cytoplasmic,0.0000,0.0000,0.9930,0.0004,0.0057,0.0009
IFBJBKOH_03212,Cytoplasmic,0.0000,0.0004,0.9929,0.0024,0.0026,0.0016
IFBJBKOH_03213,Cytoplasmic,0.0021,0.0110,0.9524,0.0138,0.0130,0.0077
IFBJBKOH_03214,Cytoplasmic,0.0000,0.0000,0.9935,0.0000,0.0065,0.0001
IFBJBKOH_03215,Cytoplasmic,0.0000,0.0000,0.9742,0.0003,0.0254,0.0001
IFBJBKOH_03216,Cytoplasmic,0.0001,0.0052,0.9920,0.0009,0.0015,0.0003
IFBJBKOH_03217,Cytoplasmic,0.0000,0.0027,0.9897,0.0028,0.0035,0.0012
IFBJBKOH_03218,Cytoplasmic,0.0001,0.0002,0.8491,0.0282,0.1220,0.0003
IFBJBKOH_03219,Cytoplasmic,0.0000,0.1109,0.8184,0.0195,0.0163,0.0349
IFBJBKOH_03220,Cytoplasmic,0.0001,0.0013,0.9790,0.0014,0.0179,0.0003
IFBJBKOH_03221,Cytoplasmic,0.0001,0.0030,0.9592,0.0089,0.0281,0.0006
IFBJBKOH_03222,Cytoplasmic,0.0007,0.4350,0.5163,0.0194,0.0267,0.0019
IFBJBKOH_03223,Cytoplasmic Membrane,0.0000,0.0000,0.0000,0.9998,0.0002,0.0000
IFBJBKOH_03224,Cytoplasmic Membrane,0.0000,0.0000,0.0000,0.9999,0.0001,0.0000
IFBJBKOH_03225,Cytoplasmic,0.0001,0.1509,0.7936,0.0201,0.0159,0.0194
IFBJBKOH_03226,Cytoplasmic Membrane,0.0060,0.1135,0.0008,0.5629,0.1781,0.1387
IFBJBKOH_03227,Cytoplasmic,0.0010,0.2192,0.7703,0.0009,0.0055,0.0031
IFBJBKOH_03228,Cytoplasmic,0.0022,0.1509,0.8357,0.0029,0.0008,0.0076
IFBJBKOH_03229,Cytoplasmic,0.0000,0.0001,0.9951,0.0023,0.0024,0.0001
IFBJBKOH_03230,Cytoplasmic,0.0000,0.0001,0.9923,0.0011,0.0063,0.0002
IFBJBKOH_03231,Cytoplasmic,0.0001,0.0004,0.9645,0.0016,0.0333,0.0000
IFBJBKOH_03232,Cytoplasmic,0.0002,0.0272,0.9415,0.0021,0.0287,0.0003
IFBJBKOH_03233,Cytoplasmic Membrane,0.0000,0.0000,0.0000,0.9997,0.0003,0.0000
IFBJBKOH_03234,Cytoplasmic Membrane,0.0000,0.0001,0.0502,0.9147,0.0339,0.0010
IFBJBKOH_03235,Cytoplasmic Membrane,0.0365,0.0200,0.0007,0.5541,0.2325,0.1562
IFBJBKOH_03236,Cytoplasmic,0.0001,0.0108,0.8761,0.0145,0.0978,0.0007
IFBJBKOH_03237,Cytoplasmic,0.0000,0.0060,0.9931,0.0001,0.0007,0.0001
IFBJBKOH_03238,Cytoplasmic,0.0001,0.0969,0.8569,0.0168,0.0290,0.0003
IFBJBKOH_03239,Extracellular,0.0000,0.9993,0.0000,0.0001,0.0003,0.0003
IFBJBKOH_03240,Cytoplasmic Membrane,0.0021,0.0198,0.0002,0.8008,0.1768,0.0002
IFBJBKOH_03241,Cytoplasmic,0.0032,0.0040,0.7994,0.1210,0.0719,0.0005
IFBJBKOH_03242,Cytoplasmic Membrane,0.0001,0.0045,0.0002,0.9930,0.0022,0.0000
IFBJBKOH_03243,Cytoplasmic,0.0001,0.0005,0.9973,0.0017,0.0004,0.0002
IFBJBKOH_03244,Cytoplasmic Membrane,0.0001,0.0003,0.0800,0.8946,0.0244,0.0006
IFBJBKOH_03245,Cytoplasmic Membrane,0.0000,0.0000,0.0000,0.9999,0.0001,0.0000
IFBJBKOH_03246,Cytoplasmic Membrane,0.0000,0.0000,0.0000,0.9997,0.0003,0.0000
IFBJBKOH_03247,Cytoplasmic Membrane,0.0411,0.0060,0.0000,0.6062,0.3140,0.0327
IFBJBKOH_03248,Cytoplasmic,0.0000,0.0041,0.9932,0.0002,0.0018,0.0006
IFBJBKOH_03249,Cytoplasmic,0.0000,0.0016,0.9905,0.0003,0.0070,0.0005
IFBJBKOH_03250,Cytoplasmic Membrane,0.0000,0.0000,0.0000,0.9998,0.0001,0.0000
IFBJBKOH_03251,Cytoplasmic Membrane,0.0000,0.0000,0.0000,1.0000,0.0000,0.0000
IFBJBKOH_03252,Cytoplasmic Membrane,0.0026,0.0663,0.0015,0.4281,0.3879,0.1137
IFBJBKOH_03253,Cytoplasmic,0.0002,0.0171,0.7924,0.1586,0.0140,0.0178
IFBJBKOH_03254,Cytoplasmic,0.0001,0.0011,0.9901,0.0083,0.0003,0.0001
IFBJBKOH_03255,Cytoplasmic Membrane,0.0000,0.0001,0.0001,0.9986,0.0012,0.0000
IFBJBKOH_03256,Cytoplasmic,0.0021,0.0523,0.8403,0.0370,0.0654,0.0030
IFBJBKOH_03257,Cytoplasmic,0.0001,0.0006,0.9903,0.0071,0.0018,0.0001
IFBJBKOH_03258,Cytoplasmic Membrane,0.0015,0.1521,0.0002,0.6454,0.0835,0.1174
IFBJBKOH_03259,Cytoplasmic Membrane,0.0000,0.0000,0.0001,0.9997,0.0002,0.0000
IFBJBKOH_03260,Cytoplasmic Membrane,0.0000,0.0003,0.2590,0.7397,0.0009,0.0001
IFBJBKOH_03261,Cytoplasmic,0.0003,0.0660,0.7930,0.0318,0.1009,0.0080
IFBJBKOH_03262,Cytoplasmic,0.0005,0.0537,0.9250,0.0121,0.0052,0.0034
IFBJBKOH_03263,Cytoplasmic,0.0000,0.2934,0.6961,0.0074,0.0026,0.0004
IFBJBKOH_03264,Cytoplasmic,0.0001,0.0013,0.9485,0.0048,0.0313,0.0140
IFBJBKOH_03265,Cytoplasmic,0.0000,0.0003,0.8303,0.1098,0.0088,0.0508
IFBJBKOH_03266,Cytoplasmic,0.0001,0.0112,0.8859,0.0501,0.0127,0.0401
IFBJBKOH_03267,Cytoplasmic,0.0000,0.0011,0.9971,0.0009,0.0005,0.0004
IFBJBKOH_03268,Extracellular,0.0005,0.4313,0.1470,0.2568,0.0051,0.1593
IFBJBKOH_03269,Cytoplasmic Membrane,0.0000,0.0000,0.0000,0.9998,0.0002,0.0000
IFBJBKOH_03270,Cytoplasmic Membrane,0.0000,0.0001,0.0001,0.9991,0.0007,0.0000
IFBJBKOH_03271,Outer Membrane,0.0013,0.0773,0.0008,0.3386,0.3833,0.1988
IFBJBKOH_03272,Cytoplasmic,0.0001,0.0010,0.9642,0.0275,0.0072,0.0000
IFBJBKOH_03273,Cytoplasmic Membrane,0.0000,0.0001,0.0000,0.9981,0.0017,0.0000
IFBJBKOH_03274,Cytoplasmic,0.0001,0.0030,0.9882,0.0033,0.0053,0.0001
IFBJBKOH_03275,Cytoplasmic Membrane,0.0000,0.0001,0.0771,0.9195,0.0025,0.0008
IFBJBKOH_03276,Cytoplasmic Membrane,0.0000,0.0000,0.0000,0.9997,0.0003,0.0000
IFBJBKOH_03277,Cytoplasmic Membrane,0.0147,0.0100,0.0001,0.6617,0.2574,0.0562
IFBJBKOH_03278,Cytoplasmic Membrane,0.0000,0.0001,0.0001,0.9945,0.0053,0.0001
IFBJBKOH_03279,Cytoplasmic,0.0003,0.0218,0.9698,0.0017,0.0061,0.0003
IFBJBKOH_03280,Cytoplasmic Membrane,0.0000,0.0076,0.0001,0.9887,0.0036,0.0000
IFBJBKOH_03281,Cytoplasmic Membrane,0.0004,0.1095,0.0023,0.8804,0.0071,0.0003
IFBJBKOH_03282,Cytoplasmic Membrane,0.0000,0.0154,0.0004,0.9521,0.0321,0.0000
IFBJBKOH_03283,Cytoplasmic,0.0006,0.0841,0.8437,0.0510,0.0013,0.0194
IFBJBKOH_03284,Cytoplasmic Membrane,0.0002,0.3670,0.1508,0.4238,0.0494,0.0089
IFBJBKOH_03285,Cytoplasmic,0.0001,0.2690,0.4434,0.1415,0.1322,0.0138
IFBJBKOH_03286,Cytoplasmic,0.0003,0.0530,0.9218,0.0117,0.0125,0.0006
IFBJBKOH_03287,Cytoplasmic,0.0009,0.0736,0.8734,0.0202,0.0189,0.0130
IFBJBKOH_03288,Cytoplasmic Membrane,0.0047,0.1187,0.0003,0.5778,0.1937,0.1048
IFBJBKOH_03289,Cytoplasmic Membrane,0.0000,0.0000,0.0001,0.9990,0.0008,0.0000
IFBJBKOH_03290,Cytoplasmic Membrane,0.0000,0.0000,0.0000,0.9997,0.0003,0.0000
IFBJBKOH_03291,Cytoplasmic,0.0000,0.0000,0.9992,0.0003,0.0004,0.0001
IFBJBKOH_03292,Cytoplasmic,0.0000,0.0000,0.9752,0.0217,0.0028,0.0002
IFBJBKOH_03293,Cytoplasmic,0.0000,0.0024,0.9948,0.0016,0.0006,0.0006
IFBJBKOH_03294,Cytoplasmic,0.0000,0.0003,0.8779,0.0007,0.1195,0.0017
IFBJBKOH_03295,Cytoplasmic,0.0001,0.0041,0.7684,0.0032,0.2101,0.0142
IFBJBKOH_03296,Cytoplasmic,0.0000,0.0001,0.9859,0.0009,0.0081,0.0050
IFBJBKOH_03297,Cytoplasmic,0.0000,0.0000,0.9975,0.0003,0.0021,0.0001
IFBJBKOH_03298,Cytoplasmic,0.0001,0.0096,0.8735,0.1035,0.0107,0.0025
IFBJBKOH_03299,Cytoplasmic,0.0014,0.2128,0.7757,0.0055,0.0024,0.0022
IFBJBKOH_03300,Cytoplasmic,0.0090,0.3008,0.6746,0.0016,0.0137,0.0003
IFBJBKOH_03301,Cytoplasmic,0.0000,0.3993,0.5533,0.0436,0.0037,0.0001
IFBJBKOH_03303,Cytoplasmic,0.0013,0.0027,0.9876,0.0031,0.0054,0.0000
IFBJBKOH_03304,Cytoplasmic,0.0001,0.0022,0.9862,0.0005,0.0111,0.0000
IFBJBKOH_03305,Cytoplasmic,0.0000,0.0020,0.9680,0.0263,0.0034,0.0003
IFBJBKOH_03306,Cytoplasmic,0.0022,0.0079,0.9011,0.0854,0.0034,0.0000
IFBJBKOH_03307,Cytoplasmic Membrane,0.0001,0.0081,0.0001,0.9914,0.0004,0.0000
IFBJBKOH_03308,Extracellular,0.0000,0.9999,0.0000,0.0000,0.0001,0.0000
IFBJBKOH_03309,Cytoplasmic Membrane,0.0024,0.1486,0.0002,0.8437,0.0052,0.0000
IFBJBKOH_03310,Cytoplasmic,0.0010,0.0037,0.9287,0.0422,0.0236,0.0009
IFBJBKOH_03311,Cytoplasmic,0.0048,0.2230,0.7239,0.0016,0.0406,0.0060
IFBJBKOH_03312,Cytoplasmic,0.0000,0.0005,0.9962,0.0023,0.0009,0.0000
IFBJBKOH_03313,Cytoplasmic,0.0002,0.0023,0.9449,0.0460,0.0056,0.0010
IFBJBKOH_03314,Cytoplasmic,0.0001,0.0112,0.9415,0.0158,0.0312,0.0001
IFBJBKOH_03315,Cytoplasmic,0.0007,0.0412,0.9035,0.0382,0.0162,0.0002
IFBJBKOH_03316,Cytoplasmic,0.0021,0.0122,0.9570,0.0039,0.0231,0.0017
IFBJBKOH_03317,Cytoplasmic,0.0003,0.1079,0.7328,0.1419,0.0168,0.0002
IFBJBKOH_03318,Cytoplasmic Membrane,0.0000,0.0000,0.0000,0.9974,0.0025,0.0000
IFBJBKOH_03319,Cytoplasmic,0.0001,0.0224,0.9653,0.0014,0.0060,0.0047
IFBJBKOH_03320,Extracellular,0.0004,0.9994,0.0000,0.0000,0.0001,0.0000
IFBJBKOH_03321,Cytoplasmic,0.0003,0.1473,0.5072,0.3319,0.0132,0.0003
IFBJBKOH_03322,Extracellular,0.0006,0.4233,0.4221,0.1445,0.0094,0.0001
IFBJBKOH_03323,Cytoplasmic,0.0000,0.0030,0.9935,0.0022,0.0011,0.0001
IFBJBKOH_03324,Cytoplasmic,0.0235,0.1018,0.5581,0.2419,0.0729,0.0018
IFBJBKOH_03325,Cytoplasmic,0.0028,0.2159,0.7454,0.0330,0.0026,0.0002
IFBJBKOH_03326,Cytoplasmic,0.0027,0.0630,0.8107,0.0828,0.0405,0.0003
IFBJBKOH_03327,Cytoplasmic,0.0013,0.1516,0.7544,0.0860,0.0062,0.0005
IFBJBKOH_03328,Cytoplasmic Membrane,0.0000,0.0293,0.0066,0.9624,0.0015,0.0001
IFBJBKOH_03329,Cytoplasmic,0.0016,0.0498,0.7576,0.0038,0.1858,0.0014
IFBJBKOH_03330,Cytoplasmic Membrane,0.0001,0.0467,0.0004,0.9319,0.0208,0.0000
IFBJBKOH_03331,Cytoplasmic,0.0000,0.0004,0.9927,0.0038,0.0029,0.0002
IFBJBKOH_03332,Cytoplasmic,0.0009,0.0001,0.9963,0.0026,0.0001,0.0000
IFBJBKOH_03333,Cytoplasmic,0.0001,0.2571,0.6888,0.0464,0.0065,0.0011
IFBJBKOH_03334,Cytoplasmic,0.0001,0.0018,0.9621,0.0317,0.0034,0.0009
IFBJBKOH_03335,Cytoplasmic,0.0001,0.0004,0.9990,0.0001,0.0005,0.0001
IFBJBKOH_03336,Cytoplasmic Membrane,0.0002,0.0721,0.0012,0.9128,0.0137,0.0000
IFBJBKOH_03337,Cytoplasmic,0.0004,0.0440,0.7961,0.1551,0.0041,0.0003
IFBJBKOH_03338,Cytoplasmic,0.0004,0.0127,0.9845,0.0011,0.0011,0.0001
IFBJBKOH_03339,Cytoplasmic,0.0046,0.2829,0.6462,0.0014,0.0623,0.0026
IFBJBKOH_03340,Cytoplasmic Membrane,0.0000,0.0000,0.0000,0.9992,0.0007,0.0000
IFBJBKOH_03341,Cell wall & surface,0.6864,0.1469,0.0004,0.1597,0.0066,0.0000
IFBJBKOH_03342,Cytoplasmic,0.0012,0.0136,0.7241,0.2231,0.0378,0.0003
IFBJBKOH_03343,Cytoplasmic,0.0020,0.2033,0.6852,0.0049,0.1034,0.0011
IFBJBKOH_03344,Extracellular,0.0094,0.4620,0.3945,0.0929,0.0411,0.0001
IFBJBKOH_03345,Cytoplasmic,0.0027,0.0577,0.8743,0.0004,0.0476,0.0173
IFBJBKOH_03346,Extracellular,0.0065,0.8690,0.0341,0.0098,0.0799,0.0006
IFBJBKOH_03347,Extracellular,0.0665,0.7194,0.1507,0.0072,0.0557,0.0005
IFBJBKOH_03348,Extracellular,0.0071,0.4654,0.2979,0.0049,0.2234,0.0013
IFBJBKOH_03349,Cytoplasmic Membrane,0.0119,0.2408,0.3481,0.3868,0.0121,0.0003
IFBJBKOH_03350,Cytoplasmic,0.0018,0.2072,0.4137,0.1959,0.1801,0.0013
IFBJBKOH_03351,Cytoplasmic,0.0013,0.1693,0.7834,0.0153,0.0301,0.0006
IFBJBKOH_03352,Cytoplasmic,0.0006,0.1593,0.7599,0.0604,0.0132,0.0067
IFBJBKOH_03353,Cytoplasmic,0.0021,0.0122,0.9570,0.0039,0.0231,0.0017
IFBJBKOH_03354,Cytoplasmic Membrane,0.0005,0.1319,0.3487,0.4647,0.0444,0.0099
IFBJBKOH_03355,Extracellular,0.0013,0.7267,0.1269,0.0263,0.0928,0.0260
IFBJBKOH_03356,Extracellular,0.0023,0.7545,0.0001,0.2330,0.0100,0.0002
IFBJBKOH_03357,Cytoplasmic Membrane,0.0000,0.0006,0.0002,0.9984,0.0008,0.0001
IFBJBKOH_03358,Cytoplasmic,0.0007,0.0208,0.8907,0.0265,0.0541,0.0072
IFBJBKOH_03359,Cytoplasmic,0.0002,0.2378,0.4218,0.0114,0.3283,0.0005
IFBJBKOH_03360,Extracellular,0.0041,0.5233,0.3029,0.0038,0.1572,0.0087
IFBJBKOH_03361,Cytoplasmic,0.0003,0.0702,0.9117,0.0058,0.0069,0.0051
IFBJBKOH_03362,Cytoplasmic,0.0006,0.1485,0.7480,0.0616,0.0403,0.0010
IFBJBKOH_03363,Extracellular,0.0005,0.5297,0.2587,0.0122,0.1865,0.0123
IFBJBKOH_03364,Cytoplasmic,0.0001,0.0187,0.9358,0.0178,0.0257,0.0019
IFBJBKOH_03365,Outer Membrane,0.0001,0.1905,0.2744,0.0015,0.5293,0.0042
IFBJBKOH_03366,Extracellular,0.0016,0.8169,0.0916,0.0013,0.0381,0.0505
IFBJBKOH_03367,Cytoplasmic,0.0001,0.0016,0.9751,0.0001,0.0230,0.0002
IFBJBKOH_03368,Cytoplasmic,0.0009,0.0926,0.6416,0.0079,0.0218,0.2352
IFBJBKOH_03369,Cytoplasmic,0.0001,0.0024,0.9462,0.0216,0.0284,0.0014
IFBJBKOH_03370,Cytoplasmic,0.0003,0.0215,0.8560,0.0931,0.0287,0.0003
IFBJBKOH_03371,Cytoplasmic,0.0000,0.0006,0.9489,0.0080,0.0425,0.0001
IFBJBKOH_03372,Cytoplasmic,0.0002,0.0045,0.9422,0.0315,0.0212,0.0004
IFBJBKOH_03373,Cytoplasmic Membrane,0.0002,0.0081,0.0589,0.6335,0.2966,0.0026
IFBJBKOH_03374,Cytoplasmic Membrane,0.0002,0.0052,0.0012,0.9847,0.0072,0.0015
IFBJBKOH_03375,Cytoplasmic,0.0001,0.0024,0.9922,0.0013,0.0040,0.0001
IFBJBKOH_03376,Extracellular,0.0011,0.9874,0.0065,0.0003,0.0025,0.0021
IFBJBKOH_03377,Cytoplasmic,0.0007,0.0549,0.8848,0.0008,0.0579,0.0009
IFBJBKOH_03378,Cytoplasmic,0.0008,0.0023,0.9619,0.0148,0.0198,0.0004
IFBJBKOH_03379,Cytoplasmic,0.0000,0.0378,0.9440,0.0007,0.0116,0.0058
IFBJBKOH_03380,Cytoplasmic,0.0064,0.2783,0.6859,0.0165,0.0127,0.0002
IFBJBKOH_03381,Cytoplasmic,0.0001,0.0064,0.9641,0.0238,0.0050,0.0005
IFBJBKOH_03382,Cytoplasmic,0.0004,0.1087,0.6973,0.1004,0.0824,0.0109
IFBJBKOH_03383,Cytoplasmic,0.0001,0.3959,0.5959,0.0012,0.0068,0.0001
IFBJBKOH_03384,Cytoplasmic,0.0004,0.0997,0.8783,0.0079,0.0081,0.0055
IFBJBKOH_03385,Cytoplasmic,0.0010,0.3370,0.4702,0.0036,0.0076,0.1807
IFBJBKOH_03386,Cytoplasmic,0.0003,0.0147,0.7617,0.2043,0.0170,0.0020
IFBJBKOH_03387,Cytoplasmic,0.0004,0.0092,0.8815,0.0926,0.0149,0.0015
IFBJBKOH_03388,Cytoplasmic,0.0006,0.2005,0.7502,0.0431,0.0035,0.0021
IFBJBKOH_03389,Cytoplasmic,0.0002,0.0411,0.9462,0.0109,0.0004,0.0013
IFBJBKOH_03390,Cytoplasmic,0.0010,0.0187,0.8847,0.0220,0.0281,0.0455
IFBJBKOH_03391,Cytoplasmic,0.0001,0.1032,0.8868,0.0022,0.0072,0.0005
IFBJBKOH_03392,Cytoplasmic,0.0003,0.1634,0.8131,0.0091,0.0123,0.0018
IFBJBKOH_03393,Cytoplasmic,0.0001,0.0039,0.9920,0.0029,0.0010,0.0001
IFBJBKOH_03394,Cytoplasmic,0.0003,0.2275,0.7583,0.0035,0.0091,0.0013
IFBJBKOH_03395,Cytoplasmic,0.0001,0.0028,0.9817,0.0052,0.0102,0.0000
IFBJBKOH_03396,Cytoplasmic,0.0002,0.0029,0.9915,0.0025,0.0028,0.0001
IFBJBKOH_03397,Cytoplasmic,0.0003,0.0008,0.9735,0.0075,0.0179,0.0000
IFBJBKOH_03398,Cytoplasmic,0.0005,0.0073,0.9738,0.0142,0.0038,0.0003
IFBJBKOH_03399,Cytoplasmic Membrane,0.0003,0.0268,0.0017,0.9354,0.0358,0.0000
IFBJBKOH_03400,Cytoplasmic Membrane,0.0000,0.0001,0.0000,0.9997,0.0002,0.0000
IFBJBKOH_03401,Cytoplasmic,0.0001,0.0508,0.9127,0.0010,0.0354,0.0000
IFBJBKOH_03402,Cytoplasmic,0.0003,0.0046,0.9933,0.0013,0.0005,0.0000
IFBJBKOH_03403,Cytoplasmic,0.0008,0.0372,0.9376,0.0116,0.0100,0.0027
IFBJBKOH_03404,Cytoplasmic Membrane,0.0000,0.0000,0.0000,0.9999,0.0001,0.0000
IFBJBKOH_03405,Cytoplasmic Membrane,0.0000,0.0002,0.0000,0.9986,0.0012,0.0000
IFBJBKOH_03406,Cytoplasmic Membrane,0.0000,0.0002,0.0000,0.9994,0.0004,0.0000
IFBJBKOH_03407,Cytoplasmic Membrane,0.0000,0.0000,0.0000,1.0000,0.0000,0.0000
IFBJBKOH_03408,Cytoplasmic,0.0000,0.0007,0.9770,0.0187,0.0036,0.0000
IFBJBKOH_03409,Cytoplasmic,0.0000,0.0002,0.9972,0.0022,0.0003,0.0001
IFBJBKOH_03410,Cytoplasmic Membrane,0.0000,0.0001,0.0001,0.9993,0.0005,0.0000
IFBJBKOH_03411,Cytoplasmic,0.0003,0.0252,0.9010,0.0164,0.0570,0.0002
IFBJBKOH_03412,Cytoplasmic,0.0001,0.1611,0.7840,0.0457,0.0086,0.0005
IFBJBKOH_03413,Cytoplasmic,0.0001,0.0007,0.9959,0.0016,0.0015,0.0001
IFBJBKOH_03414,Cytoplasmic,0.0018,0.0589,0.9163,0.0031,0.0190,0.0010
IFBJBKOH_03415,Cytoplasmic,0.0066,0.0066,0.9712,0.0048,0.0089,0.0019
IFBJBKOH_03416,Cytoplasmic Membrane,0.0001,0.0564,0.0000,0.9403,0.0032,0.0000
IFBJBKOH_03417,Cytoplasmic Membrane,0.0000,0.0002,0.0000,0.9989,0.0008,0.0000
IFBJBKOH_03418,Cytoplasmic Membrane,0.0000,0.0001,0.0000,0.9991,0.0008,0.0000
IFBJBKOH_03419,Cytoplasmic Membrane,0.0000,0.0000,0.0000,0.9995,0.0005,0.0000
IFBJBKOH_03420,Cytoplasmic Membrane,0.0002,0.0008,0.0730,0.9166,0.0093,0.0001
IFBJBKOH_03421,Cytoplasmic Membrane,0.0000,0.0001,0.0002,0.9988,0.0009,0.0000
IFBJBKOH_03422,Cytoplasmic,0.0001,0.0002,0.9938,0.0027,0.0031,0.0001
IFBJBKOH_03423,Cytoplasmic,0.0001,0.0059,0.8811,0.0816,0.0265,0.0048
IFBJBKOH_03424,Cytoplasmic,0.0000,0.0001,0.9991,0.0005,0.0002,0.0001
IFBJBKOH_03425,Cytoplasmic,0.0005,0.0008,0.9936,0.0040,0.0003,0.0008
IFBJBKOH_03426,Cytoplasmic Membrane,0.0001,0.0256,0.0009,0.9574,0.0160,0.0001
IFBJBKOH_03427,Cytoplasmic,0.0001,0.0021,0.9819,0.0002,0.0154,0.0003
IFBJBKOH_03428,Cytoplasmic,0.0003,0.0065,0.9299,0.0067,0.0545,0.0021
IFBJBKOH_03429,Cytoplasmic,0.0010,0.0325,0.7180,0.0276,0.2127,0.0082
IFBJBKOH_03430,Cytoplasmic,0.0001,0.0264,0.6959,0.2638,0.0121,0.0018
IFBJBKOH_03431,Cytoplasmic,0.0008,0.3988,0.5872,0.0012,0.0112,0.0008
IFBJBKOH_03432,Cytoplasmic,0.0005,0.2110,0.7698,0.0113,0.0074,0.0001
IFBJBKOH_03433,Cytoplasmic,0.0001,0.0030,0.9551,0.0123,0.0295,0.0001
IFBJBKOH_03434,Cytoplasmic,0.0041,0.1768,0.5638,0.1915,0.0633,0.0005
IFBJBKOH_03435,Cytoplasmic,0.0007,0.0101,0.9788,0.0010,0.0063,0.0030
IFBJBKOH_03436,Cytoplasmic,0.0000,0.0135,0.9812,0.0013,0.0010,0.0029
IFBJBKOH_03437,Cytoplasmic,0.0000,0.0347,0.9583,0.0008,0.0027,0.0035
IFBJBKOH_03438,Cytoplasmic,0.0001,0.0571,0.9183,0.0014,0.0030,0.0200
IFBJBKOH_03439,Cytoplasmic,0.0444,0.0497,0.8460,0.0035,0.0071,0.0494
IFBJBKOH_03440,Cytoplasmic,0.0008,0.0001,0.9974,0.0002,0.0011,0.0003
IFBJBKOH_03441,Cytoplasmic,0.0008,0.0001,0.9974,0.0002,0.0011,0.0003
IFBJBKOH_03442,Cytoplasmic,0.0032,0.0030,0.9842,0.0003,0.0078,0.0015
IFBJBKOH_03443,Cytoplasmic,0.0000,0.1936,0.6148,0.0800,0.1113,0.0003
IFBJBKOH_03444,Cytoplasmic,0.0001,0.0657,0.9330,0.0006,0.0004,0.0004
IFBJBKOH_03445,Cytoplasmic,0.0000,0.0002,0.9952,0.0013,0.0032,0.0001
IFBJBKOH_03446,Cytoplasmic,0.0007,0.0040,0.9400,0.0026,0.0505,0.0022
IFBJBKOH_03447,Cytoplasmic,0.0020,0.0054,0.9837,0.0030,0.0058,0.0001
IFBJBKOH_03448,Cytoplasmic,0.0004,0.0031,0.9950,0.0005,0.0010,0.0000
IFBJBKOH_03449,Cytoplasmic,0.0000,0.0004,0.9793,0.0178,0.0023,0.0001
IFBJBKOH_03450,Cytoplasmic,0.0009,0.0804,0.8783,0.0072,0.0326,0.0006
IFBJBKOH_03451,Cytoplasmic,0.0000,0.0004,0.8614,0.0003,0.1373,0.0006
IFBJBKOH_03452,Cytoplasmic Membrane,0.0000,0.0013,0.0002,0.9963,0.0022,0.0000
IFBJBKOH_03453,Cytoplasmic,0.0006,0.0186,0.9258,0.0417,0.0129,0.0003
IFBJBKOH_03454,Outer Membrane,0.0001,0.0085,0.0000,0.0365,0.9545,0.0003
IFBJBKOH_03455,Cytoplasmic,0.0002,0.0614,0.9325,0.0008,0.0027,0.0025
IFBJBKOH_03456,Cytoplasmic,0.0034,0.0120,0.9681,0.0122,0.0040,0.0002
IFBJBKOH_03457,Cytoplasmic,0.0000,0.0009,0.9841,0.0117,0.0031,0.0001
IFBJBKOH_03458,Cytoplasmic,0.0030,0.0068,0.9244,0.0623,0.0035,0.0000
IFBJBKOH_03459,Cytoplasmic Membrane,0.0008,0.0068,0.2468,0.5973,0.0989,0.0495
IFBJBKOH_03460,Cytoplasmic,0.0010,0.0462,0.8577,0.0147,0.0782,0.0021
IFBJBKOH_03461,Cytoplasmic Membrane,0.0049,0.0102,0.0006,0.9812,0.0031,0.0000
IFBJBKOH_03462,Cytoplasmic,0.0025,0.0392,0.8838,0.0209,0.0529,0.0006
IFBJBKOH_03463,Extracellular,0.0002,0.4744,0.2816,0.0857,0.1577,0.0004
IFBJBKOH_03464,Cytoplasmic,0.0059,0.1545,0.7758,0.0264,0.0367,0.0008
IFBJBKOH_03465,Cytoplasmic,0.0000,0.0010,0.9415,0.0236,0.0338,0.0001
IFBJBKOH_03466,Cytoplasmic,0.0003,0.0048,0.9880,0.0027,0.0038,0.0004
IFBJBKOH_03467,Cytoplasmic,0.0004,0.0305,0.9283,0.0138,0.0264,0.0005
IFBJBKOH_03468,Cytoplasmic Membrane,0.0025,0.2599,0.0058,0.7216,0.0102,0.0000
IFBJBKOH_03469,Cytoplasmic Membrane,0.0001,0.0500,0.0004,0.9489,0.0006,0.0000
IFBJBKOH_03470,Cytoplasmic Membrane,0.0002,0.0083,0.3305,0.6353,0.0256,0.0001
IFBJBKOH_03471,Cytoplasmic,0.0058,0.0859,0.7296,0.0734,0.0993,0.0059
IFBJBKOH_03472,Cytoplasmic,0.0002,0.0040,0.9791,0.0163,0.0003,0.0002
IFBJBKOH_03473,Cytoplasmic,0.0048,0.2193,0.7274,0.0016,0.0410,0.0060
IFBJBKOH_03474,Cytoplasmic Membrane,0.0000,0.0024,0.0005,0.9903,0.0068,0.0000
IFBJBKOH_03475,Cytoplasmic,0.0002,0.2326,0.4259,0.2821,0.0559,0.0033
IFBJBKOH_03476,Cytoplasmic,0.0006,0.0294,0.9483,0.0010,0.0205,0.0003
IFBJBKOH_03477,Extracellular,0.0001,0.6220,0.3331,0.0302,0.0041,0.0105
IFBJBKOH_03478,Cytoplasmic Membrane,0.0000,0.4030,0.0001,0.5965,0.0004,0.0000
IFBJBKOH_03479,Cytoplasmic Membrane,0.0000,0.0004,0.0001,0.9964,0.0031,0.0000
IFBJBKOH_03480,Cytoplasmic Membrane,0.0000,0.0002,0.0001,0.9990,0.0007,0.0000
IFBJBKOH_03481,Cytoplasmic,0.0000,0.0001,0.7358,0.2383,0.0258,0.0000
IFBJBKOH_03482,Cytoplasmic,0.0017,0.0656,0.8962,0.0030,0.0318,0.0017
IFBJBKOH_03483,Cytoplasmic,0.0001,0.0209,0.8873,0.0539,0.0376,0.0003
IFBJBKOH_03484,Cytoplasmic,0.0004,0.0171,0.8060,0.1633,0.0120,0.0011
IFBJBKOH_03485,Cytoplasmic,0.0002,0.2632,0.6902,0.0024,0.0435,0.0006
IFBJBKOH_03486,Cytoplasmic Membrane,0.0741,0.1690,0.1571,0.5722,0.0198,0.0078
IFBJBKOH_03487,Cytoplasmic Membrane,0.0001,0.0019,0.0001,0.9895,0.0077,0.0007
IFBJBKOH_03488,Cytoplasmic Membrane,0.0000,0.0048,0.0107,0.9808,0.0037,0.0000
IFBJBKOH_03489,Extracellular,0.0016,0.9831,0.0003,0.0105,0.0031,0.0014
IFBJBKOH_03490,Extracellular,0.0001,0.9879,0.0012,0.0017,0.0039,0.0052
IFBJBKOH_03491,Cytoplasmic,0.0022,0.0264,0.9387,0.0100,0.0219,0.0009
IFBJBKOH_03492,Cytoplasmic Membrane,0.0151,0.2156,0.0014,0.5885,0.1787,0.0007
IFBJBKOH_03493,Cytoplasmic Membrane,0.0002,0.1393,0.0014,0.7884,0.0706,0.0002
IFBJBKOH_03494,Cytoplasmic Membrane,0.0002,0.1556,0.0021,0.8256,0.0165,0.0000
IFBJBKOH_03495,Cytoplasmic,0.0010,0.0218,0.9473,0.0194,0.0102,0.0004
IFBJBKOH_03496,Cytoplasmic,0.0006,0.0174,0.9067,0.0374,0.0374,0.0004
IFBJBKOH_03497,Cytoplasmic,0.0009,0.1938,0.6607,0.1000,0.0433,0.0013
IFBJBKOH_03498,Cytoplasmic,0.0323,0.1594,0.7300,0.0644,0.0135,0.0005
IFBJBKOH_03499,Cytoplasmic,0.0002,0.0084,0.9592,0.0131,0.0187,0.0004
IFBJBKOH_03500,Cytoplasmic,0.0006,0.1510,0.7440,0.0324,0.0698,0.0023
IFBJBKOH_03501,Cytoplasmic,0.0010,0.1226,0.5586,0.1879,0.1244,0.0056
IFBJBKOH_03502,Extracellular,0.0002,0.9699,0.0052,0.0001,0.0243,0.0004
IFBJBKOH_03503,Cytoplasmic,0.0053,0.1486,0.6530,0.1259,0.0654,0.0018
IFBJBKOH_03504,Cytoplasmic,0.0005,0.0090,0.8404,0.1310,0.0184,0.0007
IFBJBKOH_03505,Cytoplasmic Membrane,0.0003,0.0330,0.0028,0.9534,0.0103,0.0003
IFBJBKOH_03506,Cytoplasmic,0.0003,0.0019,0.9953,0.0012,0.0010,0.0004
IFBJBKOH_03507,Cytoplasmic,0.0000,0.0027,0.9924,0.0033,0.0014,0.0002
IFBJBKOH_03508,Cytoplasmic,0.0009,0.2126,0.6937,0.0800,0.0117,0.0010
IFBJBKOH_03509,Cytoplasmic,0.0002,0.1894,0.7928,0.0113,0.0057,0.0006
IFBJBKOH_03510,Cytoplasmic,0.0004,0.0256,0.9268,0.0411,0.0059,0.0002
IFBJBKOH_03511,Cytoplasmic Membrane,0.0003,0.0174,0.0933,0.8759,0.0112,0.0020
IFBJBKOH_03512,Cytoplasmic Membrane,0.0000,0.0017,0.0022,0.9923,0.0037,0.0000
IFBJBKOH_03513,Extracellular,0.0000,0.9909,0.0000,0.0000,0.0011,0.0079
IFBJBKOH_03514,Cytoplasmic,0.0046,0.0153,0.8752,0.0444,0.0511,0.0094
IFBJBKOH_03515,Cytoplasmic,0.0040,0.0301,0.9041,0.0555,0.0062,0.0002
IFBJBKOH_03516,Extracellular,0.0000,0.9937,0.0020,0.0000,0.0025,0.0018
IFBJBKOH_03517,Cytoplasmic Membrane,0.0001,0.2995,0.0002,0.5659,0.0136,0.1207
IFBJBKOH_03518,Cytoplasmic Membrane,0.0000,0.0170,0.0000,0.9814,0.0015,0.0000
IFBJBKOH_03519,Cytoplasmic,0.0145,0.1581,0.7880,0.0029,0.0224,0.0142
IFBJBKOH_03520,Extracellular,0.3812,0.5587,0.0005,0.0371,0.0223,0.0002
IFBJBKOH_03521,Cytoplasmic,0.0002,0.0335,0.9505,0.0037,0.0118,0.0003
IFBJBKOH_03522,Cytoplasmic,0.0000,0.0029,0.9933,0.0030,0.0005,0.0004
IFBJBKOH_03523,Cytoplasmic Membrane,0.0000,0.0000,0.0000,0.9999,0.0001,0.0000
IFBJBKOH_03524,Cytoplasmic Membrane,0.0000,0.0000,0.0001,0.9987,0.0012,0.0000
IFBJBKOH_03525,Cytoplasmic Membrane,0.0000,0.0020,0.0000,0.9926,0.0053,0.0000
IFBJBKOH_03526,Cytoplasmic Membrane,0.0005,0.3145,0.0565,0.3215,0.0017,0.3053
IFBJBKOH_03527,Cytoplasmic Membrane,0.0203,0.1402,0.0005,0.4232,0.0523,0.3635
IFBJBKOH_03528,Cytoplasmic,0.0026,0.0289,0.5441,0.4054,0.0059,0.0131
IFBJBKOH_03529,Cytoplasmic Membrane,0.0000,0.0000,0.0000,0.9999,0.0001,0.0000
IFBJBKOH_03530,Cytoplasmic Membrane,0.0000,0.0000,0.0000,1.0000,0.0000,0.0000
IFBJBKOH_03531,Cytoplasmic Membrane,0.0003,0.0039,0.4081,0.5463,0.0406,0.0009
IFBJBKOH_03532,Cytoplasmic,0.0000,0.0004,0.9515,0.0007,0.0468,0.0006
IFBJBKOH_03533,Cytoplasmic,0.0003,0.1115,0.4882,0.0318,0.1146,0.2536
IFBJBKOH_03534,Cytoplasmic,0.0025,0.0218,0.5380,0.2815,0.1170,0.0391
IFBJBKOH_03535,Cytoplasmic,0.0002,0.0035,0.9554,0.0048,0.0251,0.0109
IFBJBKOH_03536,Cytoplasmic,0.0003,0.0578,0.8975,0.0276,0.0141,0.0027
IFBJBKOH_03537,Cytoplasmic,0.0001,0.0014,0.9651,0.0021,0.0309,0.0003
IFBJBKOH_03538,Cytoplasmic,0.0001,0.0047,0.9777,0.0043,0.0118,0.0015
IFBJBKOH_03539,Cytoplasmic,0.0001,0.0046,0.9846,0.0053,0.0051,0.0003
IFBJBKOH_03540,Cytoplasmic,0.0003,0.0128,0.8435,0.0752,0.0563,0.0119
IFBJBKOH_03541,Extracellular,0.0001,0.5346,0.4006,0.0089,0.0187,0.0371
IFBJBKOH_03542,Cytoplasmic,0.0010,0.0694,0.4414,0.0418,0.0581,0.3882
IFBJBKOH_03543,Cytoplasmic,0.0002,0.0420,0.7066,0.0034,0.1491,0.0986
IFBJBKOH_03544,Cytoplasmic,0.0000,0.0001,0.9863,0.0062,0.0073,0.0001
IFBJBKOH_03545,Cytoplasmic Membrane,0.0000,0.0000,0.0000,0.9998,0.0002,0.0000
IFBJBKOH_03546,Cytoplasmic,0.0003,0.0019,0.8613,0.0095,0.1256,0.0014
IFBJBKOH_03547,Cytoplasmic,0.0012,0.1797,0.7902,0.0081,0.0202,0.0005
IFBJBKOH_03548,Cytoplasmic,0.0053,0.2251,0.7280,0.0018,0.0341,0.0057
IFBJBKOH_03551,Cytoplasmic,0.0002,0.2125,0.4843,0.2640,0.0375,0.0016
IFBJBKOH_03552,Cytoplasmic,0.0004,0.0425,0.9216,0.0028,0.0316,0.0011
IFBJBKOH_03553,Cytoplasmic,0.0001,0.0767,0.8468,0.0663,0.0099,0.0001
IFBJBKOH_03554,Cytoplasmic,0.0001,0.3809,0.5067,0.1033,0.0085,0.0005
IFBJBKOH_03555,Cytoplasmic,0.0015,0.0216,0.8823,0.0787,0.0155,0.0003
IFBJBKOH_03556,Cytoplasmic,0.0002,0.0017,0.8063,0.0174,0.1720,0.0025
IFBJBKOH_03557,Cytoplasmic,0.0003,0.0006,0.9196,0.0025,0.0756,0.0013
IFBJBKOH_03558,Extracellular,0.0218,0.8413,0.0013,0.0362,0.0376,0.0619
IFBJBKOH_03559,Cytoplasmic,0.0075,0.4418,0.5143,0.0078,0.0163,0.0123
IFBJBKOH_03560,Cytoplasmic,0.0005,0.0043,0.9004,0.0496,0.0449,0.0002
IFBJBKOH_03561,Cytoplasmic Membrane,0.0038,0.0328,0.0056,0.9309,0.0267,0.0003
IFBJBKOH_03562,Cytoplasmic,0.0125,0.1261,0.7230,0.1097,0.0251,0.0035
IFBJBKOH_03563,Cytoplasmic Membrane,0.0000,0.0001,0.0000,0.9992,0.0007,0.0000
IFBJBKOH_03564,Cytoplasmic,0.0010,0.0003,0.9707,0.0057,0.0218,0.0005
IFBJBKOH_03565,Cytoplasmic,0.0003,0.0047,0.9404,0.0488,0.0056,0.0002
IFBJBKOH_03566,Cytoplasmic Membrane,0.0034,0.1950,0.0936,0.6397,0.0657,0.0026
IFBJBKOH_03567,Cytoplasmic,0.0000,0.0005,0.9992,0.0000,0.0003,0.0001
IFBJBKOH_03568,Cytoplasmic,0.0001,0.0007,0.9611,0.0017,0.0353,0.0011
IFBJBKOH_03569,Cytoplasmic,0.0001,0.0003,0.9295,0.0154,0.0544,0.0004
IFBJBKOH_03570,Cytoplasmic,0.0001,0.0003,0.9776,0.0141,0.0072,0.0007
IFBJBKOH_03571,Cytoplasmic,0.0003,0.0000,0.9914,0.0014,0.0069,0.0000
IFBJBKOH_03572,Cytoplasmic Membrane,0.0001,0.0013,0.0002,0.9920,0.0063,0.0001
IFBJBKOH_03573,Cytoplasmic,0.0022,0.0028,0.9813,0.0056,0.0070,0.0011
IFBJBKOH_03574,Cytoplasmic Membrane,0.0001,0.0008,0.0008,0.9947,0.0033,0.0003
IFBJBKOH_03575,Cytoplasmic,0.0059,0.0033,0.9228,0.0267,0.0404,0.0009
IFBJBKOH_03576,Cytoplasmic,0.0012,0.0143,0.7926,0.0329,0.1590,0.0001
IFBJBKOH_03577,Cytoplasmic,0.0000,0.0001,0.9899,0.0002,0.0097,0.0000
IFBJBKOH_03578,Cytoplasmic,0.0001,0.0002,0.9517,0.0147,0.0333,0.0000
IFBJBKOH_03579,Cytoplasmic,0.0001,0.0021,0.9477,0.0031,0.0466,0.0003
IFBJBKOH_03580,Cytoplasmic,0.0001,0.0007,0.9485,0.0027,0.0479,0.0001
IFBJBKOH_03581,Cytoplasmic,0.0001,0.0017,0.7057,0.2831,0.0087,0.0007
IFBJBKOH_03582,Cytoplasmic,0.0000,0.0002,0.9948,0.0002,0.0045,0.0003
IFBJBKOH_03583,Cytoplasmic,0.0000,0.0002,0.9556,0.0000,0.0435,0.0006
IFBJBKOH_03584,Cytoplasmic Membrane,0.0000,0.0001,0.0025,0.9959,0.0014,0.0001
IFBJBKOH_03594,Cytoplasmic Membrane,0.0052,0.0341,0.0045,0.9305,0.0251,0.0006
IFBJBKOH_03595,Cytoplasmic,0.0017,0.4249,0.5406,0.0165,0.0147,0.0015
IFBJBKOH_03596,Cytoplasmic,0.0002,0.0027,0.9907,0.0006,0.0058,0.0001
IFBJBKOH_03597,Cytoplasmic,0.0000,0.0000,0.9995,0.0000,0.0004,0.0000
IFBJBKOH_03598,Cytoplasmic,0.0001,0.0022,0.9674,0.0139,0.0164,0.0001
IFBJBKOH_03599,Cytoplasmic,0.0000,0.0004,0.9768,0.0217,0.0009,0.0003
IFBJBKOH_03600,Cytoplasmic,0.0001,0.0001,0.9708,0.0249,0.0039,0.0001
IFBJBKOH_03601,Cytoplasmic,0.0001,0.0028,0.9312,0.0067,0.0542,0.0049
IFBJBKOH_03602,Cytoplasmic,0.0000,0.0001,0.9854,0.0006,0.0120,0.0018
IFBJBKOH_03603,Cytoplasmic,0.0002,0.0037,0.9425,0.0151,0.0281,0.0103
IFBJBKOH_03604,Cytoplasmic,0.0005,0.0023,0.9695,0.0189,0.0088,0.0000
IFBJBKOH_03605,Cytoplasmic,0.0004,0.0901,0.8822,0.0230,0.0039,0.0004
IFBJBKOH_03606,Cytoplasmic,0.0000,0.0009,0.9975,0.0004,0.0012,0.0001
IFBJBKOH_03607,Cytoplasmic,0.0015,0.0336,0.8952,0.0157,0.0154,0.0386
IFBJBKOH_03608,Cytoplasmic,0.0028,0.0128,0.9436,0.0174,0.0177,0.0057
IFBJBKOH_03609,Cytoplasmic,0.0000,0.0554,0.9420,0.0012,0.0009,0.0005
IFBJBKOH_03610,Cytoplasmic,0.0052,0.0376,0.9494,0.0017,0.0038,0.0024
IFBJBKOH_03611,Cytoplasmic,0.0026,0.0792,0.9064,0.0072,0.0041,0.0006
IFBJBKOH_03612,Cytoplasmic,0.0020,0.0728,0.8906,0.0122,0.0221,0.0003
IFBJBKOH_03613,Cytoplasmic Membrane,0.0001,0.0016,0.0001,0.9903,0.0079,0.0000
IFBJBKOH_03614,Cytoplasmic Membrane,0.0000,0.0000,0.0000,1.0000,0.0000,0.0000
IFBJBKOH_03615,Cytoplasmic Membrane,0.0000,0.0000,0.0000,0.9999,0.0001,0.0000
IFBJBKOH_03616,Cytoplasmic,0.0009,0.0541,0.9020,0.0163,0.0134,0.0133
IFBJBKOH_03617,Periplasmic,0.0047,0.2736,0.0199,0.2992,0.0896,0.3130
IFBJBKOH_03618,Cytoplasmic,0.0001,0.0030,0.9815,0.0105,0.0036,0.0014
IFBJBKOH_03619,Cytoplasmic,0.0021,0.0038,0.8164,0.0306,0.1091,0.0381
IFBJBKOH_03620,Cytoplasmic,0.0003,0.0061,0.8312,0.1325,0.0187,0.0111
IFBJBKOH_03621,Cytoplasmic,0.0010,0.0214,0.8586,0.0486,0.0204,0.0499
IFBJBKOH_03622,Cytoplasmic,0.0000,0.0772,0.6858,0.2097,0.0231,0.0042
IFBJBKOH_03623,Cytoplasmic,0.0001,0.0047,0.8760,0.0574,0.0036,0.0582
IFBJBKOH_03624,Cytoplasmic,0.0005,0.0396,0.8480,0.0775,0.0283,0.0059
IFBJBKOH_03625,Cytoplasmic,0.0001,0.0015,0.9482,0.0008,0.0422,0.0073
IFBJBKOH_03626,Cytoplasmic,0.0000,0.0029,0.9879,0.0012,0.0029,0.0051
IFBJBKOH_03627,Cytoplasmic,0.0000,0.0001,0.9876,0.0051,0.0071,0.0001
IFBJBKOH_03628,Cytoplasmic,0.0007,0.0023,0.9713,0.0005,0.0035,0.0216
IFBJBKOH_03629,Cytoplasmic Membrane,0.0000,0.0006,0.0003,0.9926,0.0063,0.0001
IFBJBKOH_03630,Cytoplasmic,0.0000,0.0046,0.9786,0.0007,0.0139,0.0022
IFBJBKOH_03631,Cytoplasmic,0.0002,0.0012,0.9488,0.0016,0.0135,0.0348
IFBJBKOH_03632,Cytoplasmic Membrane,0.0000,0.0000,0.0000,0.9994,0.0005,0.0000
IFBJBKOH_03633,Cytoplasmic,0.0000,0.0008,0.9948,0.0030,0.0012,0.0001
IFBJBKOH_03634,Cytoplasmic Membrane,0.0000,0.0005,0.0001,0.9985,0.0009,0.0000
IFBJBKOH_03635,Cytoplasmic,0.0001,0.0003,0.9954,0.0003,0.0039,0.0000
IFBJBKOH_03636,Cytoplasmic Membrane,0.0000,0.0006,0.0011,0.9969,0.0014,0.0000
IFBJBKOH_03637,Cytoplasmic Membrane,0.0001,0.0002,0.4807,0.5151,0.0036,0.0003
IFBJBKOH_03638,Cytoplasmic,0.0000,0.0059,0.9692,0.0231,0.0013,0.0005
IFBJBKOH_03639,Cytoplasmic,0.0002,0.0090,0.9892,0.0004,0.0011,0.0000
IFBJBKOH_03640,Cytoplasmic,0.0000,0.0001,0.9912,0.0005,0.0082,0.0000
IFBJBKOH_03641,Cytoplasmic,0.0001,0.1804,0.7511,0.0633,0.0050,0.0000
IFBJBKOH_03642,Cytoplasmic,0.0001,0.0013,0.8827,0.0014,0.1138,0.0009
IFBJBKOH_03643,Cytoplasmic,0.0001,0.0015,0.9625,0.0009,0.0285,0.0065
IFBJBKOH_03644,Extracellular,0.0015,0.7648,0.1065,0.0535,0.0712,0.0026
IFBJBKOH_03645,Cytoplasmic,0.0000,0.0000,0.9840,0.0026,0.0127,0.0006
IFBJBKOH_03646,Cytoplasmic,0.0004,0.0006,0.9289,0.0018,0.0268,0.0415
IFBJBKOH_03647,Cytoplasmic,0.0004,0.0063,0.9542,0.0035,0.0193,0.0164
IFBJBKOH_03648,Extracellular,0.0003,0.8677,0.1171,0.0026,0.0100,0.0023
IFBJBKOH_03649,Cytoplasmic,0.0001,0.0010,0.8368,0.0107,0.1425,0.0089
IFBJBKOH_03650,Cytoplasmic,0.0001,0.0004,0.8895,0.0042,0.1050,0.0008
IFBJBKOH_03652,Cytoplasmic,0.0001,0.0002,0.9934,0.0007,0.0057,0.0001
IFBJBKOH_03653,Cytoplasmic,0.0001,0.0001,0.9896,0.0050,0.0050,0.0001
IFBJBKOH_03654,Cytoplasmic,0.0001,0.0016,0.9870,0.0051,0.0060,0.0002
IFBJBKOH_03655,Cytoplasmic Membrane,0.0000,0.0000,0.0000,0.9994,0.0006,0.0000
IFBJBKOH_03656,Cytoplasmic,0.0000,0.0000,0.9934,0.0002,0.0054,0.0010
IFBJBKOH_03657,Cytoplasmic,0.0000,0.0000,0.9977,0.0014,0.0004,0.0004
IFBJBKOH_03658,Cytoplasmic,0.0000,0.0000,0.9993,0.0002,0.0004,0.0000
IFBJBKOH_03659,Cytoplasmic Membrane,0.0087,0.0199,0.0008,0.4867,0.4280,0.0560
IFBJBKOH_03660,Cytoplasmic Membrane,0.0001,0.0001,0.2400,0.6956,0.0635,0.0007
IFBJBKOH_03661,Cytoplasmic Membrane,0.0000,0.0000,0.0000,0.9999,0.0001,0.0000
IFBJBKOH_03662,Cytoplasmic,0.0001,0.0021,0.9905,0.0024,0.0049,0.0000
IFBJBKOH_03663,Extracellular,0.0000,0.8858,0.0599,0.0028,0.0078,0.0437
IFBJBKOH_03664,Cytoplasmic,0.0002,0.1434,0.8179,0.0295,0.0069,0.0021
IFBJBKOH_03665,Cytoplasmic,0.0567,0.1771,0.3711,0.2836,0.0909,0.0206
IFBJBKOH_03666,Cytoplasmic Membrane,0.0003,0.0023,0.0014,0.9841,0.0119,0.0001
IFBJBKOH_03667,Cytoplasmic,0.0000,0.0006,0.9972,0.0005,0.0015,0.0002
IFBJBKOH_03668,Cytoplasmic,0.0004,0.0015,0.9691,0.0272,0.0015,0.0003
IFBJBKOH_03669,Cytoplasmic,0.0001,0.0004,0.9850,0.0028,0.0115,0.0001
IFBJBKOH_03670,Cytoplasmic,0.0000,0.0010,0.9968,0.0010,0.0004,0.0008
IFBJBKOH_03671,Cytoplasmic,0.0001,0.0001,0.9987,0.0006,0.0006,0.0000
IFBJBKOH_03672,Cytoplasmic,0.0004,0.0025,0.9808,0.0046,0.0114,0.0003
IFBJBKOH_03673,Cytoplasmic,0.0001,0.0006,0.9779,0.0062,0.0142,0.0010
IFBJBKOH_03674,Cytoplasmic,0.0001,0.0009,0.9933,0.0020,0.0030,0.0008
IFBJBKOH_03675,Cytoplasmic,0.0000,0.0003,0.9776,0.0028,0.0189,0.0004
IFBJBKOH_03676,Cytoplasmic,0.0006,0.0034,0.9750,0.0012,0.0119,0.0079
IFBJBKOH_03677,Cytoplasmic,0.0009,0.0066,0.8568,0.0103,0.0265,0.0989
IFBJBKOH_03678,Cytoplasmic,0.0002,0.0013,0.9466,0.0316,0.0162,0.0042
IFBJBKOH_03679,Cytoplasmic,0.0000,0.0004,0.9514,0.0036,0.0368,0.0077
IFBJBKOH_03680,Cytoplasmic,0.0000,0.0001,0.9886,0.0051,0.0061,0.0000
IFBJBKOH_03681,Cytoplasmic,0.0000,0.0011,0.9774,0.0013,0.0198,0.0004
IFBJBKOH_03682,Cytoplasmic,0.0004,0.0015,0.6665,0.2370,0.0923,0.0024
IFBJBKOH_03683,Cytoplasmic,0.0005,0.0052,0.7007,0.0418,0.2451,0.0068
IFBJBKOH_03684,Cytoplasmic,0.0001,0.2989,0.6381,0.0035,0.0578,0.0017
IFBJBKOH_03685,Cytoplasmic,0.0000,0.0199,0.9730,0.0054,0.0012,0.0005
IFBJBKOH_03686,Cytoplasmic Membrane,0.0000,0.0001,0.0002,0.9993,0.0004,0.0000
IFBJBKOH_03687,Extracellular,0.1331,0.8641,0.0000,0.0014,0.0011,0.0004
IFBJBKOH_03688,Cytoplasmic Membrane,0.0000,0.0014,0.0011,0.9959,0.0011,0.0004
IFBJBKOH_03689,Cytoplasmic,0.0008,0.0096,0.9856,0.0022,0.0015,0.0003
IFBJBKOH_03690,Cytoplasmic,0.0008,0.0084,0.9874,0.0026,0.0006,0.0001
IFBJBKOH_03691,Cytoplasmic,0.0444,0.0497,0.8460,0.0035,0.0071,0.0494
IFBJBKOH_03692,Cytoplasmic,0.0008,0.0001,0.9974,0.0002,0.0011,0.0003
IFBJBKOH_03693,Cytoplasmic,0.0001,0.0076,0.7696,0.1672,0.0245,0.0309
IFBJBKOH_03694,Cytoplasmic,0.0003,0.0096,0.6807,0.2702,0.0380,0.0013
IFBJBKOH_03695,Cytoplasmic,0.0001,0.1968,0.6800,0.0491,0.0276,0.0463
IFBJBKOH_03696,Cytoplasmic,0.0001,0.0023,0.9928,0.0015,0.0032,0.0001
IFBJBKOH_03697,Cytoplasmic,0.0000,0.0001,0.9748,0.0174,0.0076,0.0002
IFBJBKOH_03698,Cytoplasmic,0.0000,0.0001,0.9285,0.0352,0.0361,0.0001
IFBJBKOH_03699,Cytoplasmic,0.0000,0.0001,0.9901,0.0015,0.0081,0.0003
IFBJBKOH_03700,Cytoplasmic Membrane,0.0001,0.0006,0.0003,0.9922,0.0067,0.0001
IFBJBKOH_03701,Cytoplasmic Membrane,0.0000,0.0000,0.0000,0.9997,0.0003,0.0000
IFBJBKOH_03702,Cytoplasmic,0.0002,0.1560,0.6610,0.0151,0.1672,0.0005
IFBJBKOH_03703,Cytoplasmic,0.0008,0.2587,0.5185,0.0209,0.2008,0.0003
IFBJBKOH_03704,Cytoplasmic,0.0024,0.2564,0.6997,0.0172,0.0221,0.0022
IFBJBKOH_03705,Cytoplasmic,0.0036,0.1988,0.7516,0.0151,0.0269,0.0041
IFBJBKOH_03706,Cytoplasmic,0.0186,0.0365,0.9113,0.0016,0.0276,0.0045
IFBJBKOH_03707,Cytoplasmic,0.0010,0.0056,0.9587,0.0227,0.0119,0.0001
IFBJBKOH_03708,Cytoplasmic,0.0001,0.0301,0.9611,0.0034,0.0023,0.0030
IFBJBKOH_03709,Cytoplasmic Membrane,0.0000,0.1786,0.0002,0.8135,0.0077,0.0000
IFBJBKOH_03710,Extracellular,0.0012,0.4015,0.0000,0.3070,0.0192,0.2711
IFBJBKOH_03711,Extracellular,0.0006,0.9824,0.0006,0.0004,0.0130,0.0030
IFBJBKOH_03712,Extracellular,0.0039,0.8671,0.0709,0.0354,0.0162,0.0066
IFBJBKOH_03713,Cytoplasmic,0.0002,0.0076,0.6215,0.3534,0.0169,0.0004
IFBJBKOH_03714,Cytoplasmic,0.0014,0.0047,0.9507,0.0151,0.0275,0.0007
IFBJBKOH_03715,Cytoplasmic,0.0001,0.0054,0.9221,0.0331,0.0364,0.0029
IFBJBKOH_03716,Cytoplasmic,0.0003,0.1154,0.8571,0.0049,0.0198,0.0025
IFBJBKOH_03717,Cytoplasmic Membrane,0.0000,0.0000,0.0001,0.9996,0.0002,0.0000
IFBJBKOH_03718,Cytoplasmic,0.0001,0.0767,0.9217,0.0008,0.0004,0.0003
IFBJBKOH_03719,Cytoplasmic,0.0000,0.1936,0.6148,0.0800,0.1113,0.0003
IFBJBKOH_03720,Cytoplasmic,0.0005,0.0257,0.9510,0.0012,0.0062,0.0154
IFBJBKOH_03721,Cytoplasmic,0.0020,0.2231,0.7334,0.0240,0.0076,0.0099
IFBJBKOH_03722,Cytoplasmic,0.0008,0.0207,0.8680,0.0962,0.0140,0.0003
IFBJBKOH_03723,Cytoplasmic Membrane,0.0001,0.0025,0.0005,0.9940,0.0028,0.0000
IFBJBKOH_03724,Cytoplasmic,0.0007,0.2861,0.6971,0.0015,0.0113,0.0032
IFBJBKOH_03725,Extracellular,0.0010,0.5540,0.3569,0.0851,0.0016,0.0014
IFBJBKOH_03726,Extracellular,0.0064,0.9915,0.0001,0.0002,0.0010,0.0009
IFBJBKOH_03727,Cytoplasmic,0.0006,0.0061,0.9736,0.0008,0.0180,0.0009
IFBJBKOH_03728,Cytoplasmic,0.0003,0.2826,0.7057,0.0047,0.0065,0.0002
IFBJBKOH_03729,Cytoplasmic,0.0032,0.3027,0.6724,0.0042,0.0117,0.0059
IFBJBKOH_03730,Extracellular,0.0001,0.5750,0.4148,0.0018,0.0080,0.0002
IFBJBKOH_03731,Cytoplasmic,0.0013,0.2112,0.7350,0.0102,0.0421,0.0003
IFBJBKOH_03732,Cytoplasmic,0.0046,0.2776,0.6017,0.0182,0.0968,0.0011
IFBJBKOH_03733,Cytoplasmic Membrane,0.0005,0.3019,0.3002,0.3353,0.0552,0.0070
IFBJBKOH_03734,Cytoplasmic,0.0001,0.2890,0.3881,0.2441,0.0783,0.0004
IFBJBKOH_03735,Cytoplasmic,0.0190,0.2082,0.6332,0.0212,0.1178,0.0005
IFBJBKOH_03736,Cytoplasmic,0.0001,0.0005,0.9940,0.0004,0.0050,0.0000
IFBJBKOH_03737,Cytoplasmic,0.0004,0.1419,0.7975,0.0121,0.0479,0.0002
IFBJBKOH_03738,Cytoplasmic,0.0024,0.0009,0.9681,0.0091,0.0192,0.0002
IFBJBKOH_03739,Cytoplasmic,0.0093,0.0054,0.9554,0.0116,0.0178,0.0004
IFBJBKOH_03740,Cytoplasmic,0.0001,0.0008,0.9939,0.0009,0.0041,0.0002
IFBJBKOH_03741,Cytoplasmic Membrane,0.0000,0.0000,0.0001,0.9953,0.0045,0.0001
IFBJBKOH_03742,Cytoplasmic,0.0006,0.0216,0.9324,0.0176,0.0247,0.0031
IFBJBKOH_03743,Cytoplasmic,0.0001,0.0013,0.9962,0.0015,0.0007,0.0001
IFBJBKOH_03744,Cytoplasmic,0.0024,0.0187,0.9287,0.0156,0.0342,0.0004
IFBJBKOH_03745,Cytoplasmic Membrane,0.0032,0.0059,0.0001,0.7345,0.2482,0.0081
IFBJBKOH_03746,Cytoplasmic Membrane,0.0000,0.0001,0.0000,0.9918,0.0074,0.0007
IFBJBKOH_03747,Cytoplasmic,0.0007,0.0102,0.9217,0.0012,0.0651,0.0012
IFBJBKOH_03748,Cytoplasmic,0.0031,0.0100,0.9240,0.0582,0.0025,0.0022
IFBJBKOH_03749,Cytoplasmic,0.0000,0.0009,0.9832,0.0007,0.0029,0.0123
IFBJBKOH_03750,Cytoplasmic,0.0021,0.0167,0.9268,0.0246,0.0265,0.0032
IFBJBKOH_03751,Cytoplasmic,0.0000,0.0007,0.9944,0.0035,0.0014,0.0000
IFBJBKOH_03752,Cytoplasmic,0.0000,0.0003,0.9864,0.0008,0.0091,0.0034
IFBJBKOH_03753,Periplasmic,0.0061,0.2205,0.0057,0.2572,0.0904,0.4202
IFBJBKOH_03754,Cytoplasmic Membrane,0.0000,0.0000,0.0000,1.0000,0.0000,0.0000
IFBJBKOH_03755,Cytoplasmic Membrane,0.0000,0.0000,0.0000,0.9997,0.0003,0.0000
IFBJBKOH_03756,Cytoplasmic,0.0004,0.1990,0.7954,0.0014,0.0029,0.0011
IFBJBKOH_03757,Cytoplasmic Membrane,0.0020,0.0956,0.2937,0.5485,0.0322,0.0280
IFBJBKOH_03758,Cytoplasmic,0.0009,0.2294,0.5281,0.1051,0.0378,0.0986
IFBJBKOH_03759,Cytoplasmic,0.0001,0.0030,0.9915,0.0002,0.0048,0.0004
IFBJBKOH_03760,Cytoplasmic,0.0001,0.0001,0.9772,0.0004,0.0211,0.0011
IFBJBKOH_03761,Cytoplasmic,0.0001,0.3257,0.6355,0.0146,0.0237,0.0004
IFBJBKOH_03762,Cytoplasmic,0.0007,0.3437,0.5101,0.0823,0.0518,0.0114
IFBJBKOH_03763,Cytoplasmic,0.0016,0.0425,0.9176,0.0024,0.0349,0.0009
IFBJBKOH_03764,Cytoplasmic,0.0000,0.2863,0.6564,0.0243,0.0329,0.0000
IFBJBKOH_03765,Cytoplasmic,0.0000,0.0011,0.9826,0.0079,0.0084,0.0001
IFBJBKOH_03766,Cytoplasmic Membrane,0.0000,0.0001,0.0001,0.9967,0.0029,0.0001
IFBJBKOH_03767,Cytoplasmic,0.0001,0.0995,0.8723,0.0009,0.0152,0.0120
IFBJBKOH_03768,Cytoplasmic,0.0004,0.0020,0.9387,0.0565,0.0022,0.0001
IFBJBKOH_03769,Cytoplasmic Membrane,0.0000,0.0001,0.0003,0.9975,0.0021,0.0000
IFBJBKOH_03770,Cytoplasmic,0.0001,0.0038,0.9884,0.0015,0.0057,0.0006
IFBJBKOH_03771,Cytoplasmic Membrane,0.0000,0.0083,0.0002,0.9896,0.0018,0.0001
IFBJBKOH_03772,Extracellular,0.0334,0.7713,0.0174,0.1060,0.0085,0.0634
IFBJBKOH_03773,Cytoplasmic,0.0001,0.0006,0.9527,0.0088,0.0376,0.0001
IFBJBKOH_03774,Cytoplasmic,0.0001,0.0007,0.9810,0.0102,0.0063,0.0017
IFBJBKOH_03775,Cytoplasmic,0.0000,0.0099,0.9888,0.0007,0.0006,0.0001
IFBJBKOH_03776,Cytoplasmic,0.0001,0.0001,0.9752,0.0030,0.0215,0.0002
IFBJBKOH_03777,Cytoplasmic,0.0001,0.0005,0.9050,0.0899,0.0042,0.0003
IFBJBKOH_03778,Cytoplasmic,0.0000,0.0007,0.9979,0.0004,0.0010,0.0001
IFBJBKOH_03779,Cytoplasmic Membrane,0.0000,0.0029,0.0025,0.9920,0.0025,0.0000
IFBJBKOH_03787,Extracellular,0.0033,0.5264,0.4407,0.0013,0.0216,0.0067
IFBJBKOH_03788,Cytoplasmic,0.0025,0.1817,0.7577,0.0524,0.0055,0.0002
IFBJBKOH_03789,Cytoplasmic,0.0012,0.0018,0.9782,0.0021,0.0167,0.0000
IFBJBKOH_03790,Cytoplasmic,0.0002,0.0699,0.9051,0.0165,0.0080,0.0004
IFBJBKOH_03791,Cytoplasmic,0.0008,0.2239,0.6940,0.0124,0.0493,0.0196
IFBJBKOH_03792,Cytoplasmic,0.0002,0.1131,0.8570,0.0128,0.0162,0.0006
IFBJBKOH_03793,Cytoplasmic,0.0001,0.0151,0.9805,0.0015,0.0022,0.0006
IFBJBKOH_03794,Cytoplasmic,0.0003,0.0054,0.9806,0.0120,0.0014,0.0003
IFBJBKOH_03795,Cytoplasmic,0.0003,0.0008,0.9630,0.0106,0.0230,0.0024
IFBJBKOH_03796,Cytoplasmic,0.0003,0.1156,0.8690,0.0014,0.0133,0.0004
IFBJBKOH_03797,Cytoplasmic,0.0028,0.2480,0.5402,0.1985,0.0099,0.0006
IFBJBKOH_03798,Cytoplasmic,0.0002,0.0019,0.9823,0.0017,0.0138,0.0001
IFBJBKOH_03799,Cytoplasmic,0.0031,0.0951,0.8764,0.0151,0.0093,0.0009
IFBJBKOH_03800,Cytoplasmic,0.0020,0.0367,0.9045,0.0244,0.0321,0.0003
IFBJBKOH_03801,Cytoplasmic,0.0001,0.1186,0.8118,0.0522,0.0111,0.0062
IFBJBKOH_03802,Cytoplasmic,0.0004,0.0147,0.9079,0.0491,0.0277,0.0001
IFBJBKOH_03803,Cytoplasmic,0.0002,0.0291,0.9632,0.0018,0.0056,0.0001
IFBJBKOH_03804,Cytoplasmic,0.0022,0.0201,0.7347,0.2427,0.0004,0.0000
IFBJBKOH_03805,Cytoplasmic,0.0015,0.0212,0.8778,0.0939,0.0051,0.0005
IFBJBKOH_03806,Cytoplasmic,0.0005,0.2981,0.6748,0.0066,0.0143,0.0057
IFBJBKOH_03807,Cytoplasmic,0.0002,0.1445,0.8133,0.0245,0.0155,0.0020
IFBJBKOH_03808,Cytoplasmic,0.0006,0.0230,0.9460,0.0166,0.0137,0.0001
IFBJBKOH_03809,Cytoplasmic,0.0005,0.0532,0.7992,0.1311,0.0149,0.0012
IFBJBKOH_03810,Cytoplasmic,0.0002,0.1485,0.5784,0.2545,0.0171,0.0012
IFBJBKOH_03811,Cytoplasmic,0.0001,0.1058,0.8699,0.0210,0.0031,0.0001
IFBJBKOH_03812,Cytoplasmic,0.0008,0.0688,0.6327,0.1724,0.1250,0.0003
IFBJBKOH_03813,Cytoplasmic,0.0003,0.3023,0.3891,0.2601,0.0385,0.0096
IFBJBKOH_03814,Extracellular,0.0001,0.5442,0.4354,0.0111,0.0072,0.0019
IFBJBKOH_03815,Cytoplasmic,0.0001,0.0950,0.8973,0.0037,0.0035,0.0004
IFBJBKOH_03816,Extracellular,0.0170,0.3869,0.1795,0.1476,0.0377,0.2313
IFBJBKOH_03817,Cytoplasmic,0.0001,0.0028,0.9700,0.0232,0.0034,0.0005
IFBJBKOH_03818,Cytoplasmic,0.0001,0.0165,0.9629,0.0136,0.0044,0.0026
IFBJBKOH_03819,Cytoplasmic Membrane,0.0000,0.0001,0.0005,0.9989,0.0004,0.0000
IFBJBKOH_03820,Cytoplasmic,0.0000,0.0382,0.9413,0.0183,0.0019,0.0002
IFBJBKOH_03821,Cytoplasmic,0.0007,0.0218,0.9474,0.0126,0.0126,0.0050
IFBJBKOH_03822,Cytoplasmic,0.0002,0.0024,0.9378,0.0364,0.0232,0.0001
IFBJBKOH_03823,Cytoplasmic Membrane,0.0064,0.0295,0.0063,0.3890,0.3802,0.1886
IFBJBKOH_03824,Cytoplasmic Membrane,0.0001,0.0004,0.0650,0.8870,0.0445,0.0029
IFBJBKOH_03825,Cytoplasmic Membrane,0.0000,0.0000,0.0000,0.9998,0.0002,0.0000
IFBJBKOH_03826,Cytoplasmic,0.0003,0.0218,0.7242,0.0132,0.2352,0.0053
IFBJBKOH_03827,Cytoplasmic,0.0003,0.0033,0.9414,0.0030,0.0471,0.0049
IFBJBKOH_03828,Cytoplasmic,0.0000,0.0007,0.9798,0.0006,0.0079,0.0109
IFBJBKOH_03829,Cytoplasmic,0.0001,0.0009,0.9818,0.0017,0.0147,0.0008
IFBJBKOH_03830,Cytoplasmic,0.0000,0.0002,0.9975,0.0003,0.0013,0.0007
IFBJBKOH_03831,Cytoplasmic,0.0001,0.0008,0.9963,0.0005,0.0021,0.0002
IFBJBKOH_03832,Cytoplasmic,0.0001,0.0002,0.9906,0.0027,0.0062,0.0003
IFBJBKOH_03833,Cytoplasmic Membrane,0.0000,0.0001,0.0007,0.9960,0.0031,0.0000
IFBJBKOH_03834,Cytoplasmic Membrane,0.0010,0.1400,0.0143,0.8191,0.0241,0.0015
IFBJBKOH_03835,Cytoplasmic Membrane,0.0001,0.0015,0.0002,0.9970,0.0012,0.0000
IFBJBKOH_03837,Cytoplasmic Membrane,0.0005,0.1717,0.3254,0.4626,0.0283,0.0115
IFBJBKOH_03838,Cytoplasmic Membrane,0.0006,0.0071,0.0041,0.9606,0.0185,0.0091
IFBJBKOH_03840,Extracellular,0.0013,0.4447,0.3729,0.0938,0.0740,0.0133
IFBJBKOH_03841,Cytoplasmic,0.0000,0.0001,0.9992,0.0001,0.0005,0.0001
IFBJBKOH_03842,Cytoplasmic Membrane,0.0002,0.0288,0.0002,0.9511,0.0197,0.0000
IFBJBKOH_03843,Cytoplasmic,0.0000,0.0004,0.9856,0.0132,0.0006,0.0001
IFBJBKOH_03844,Cytoplasmic,0.0001,0.0009,0.7883,0.2082,0.0016,0.0009
IFBJBKOH_03845,Cytoplasmic Membrane,0.0000,0.0000,0.0001,0.9980,0.0019,0.0000
IFBJBKOH_03846,Cytoplasmic Membrane,0.0004,0.0135,0.0004,0.9192,0.0608,0.0057
IFBJBKOH_03847,Cytoplasmic,0.0000,0.0001,0.9899,0.0050,0.0048,0.0001
IFBJBKOH_03848,Cytoplasmic,0.0000,0.0007,0.9890,0.0088,0.0013,0.0001
IFBJBKOH_03849,Cytoplasmic Membrane,0.0004,0.0035,0.3489,0.4634,0.1810,0.0029
IFBJBKOH_03850,Cytoplasmic Membrane,0.0007,0.0012,0.3789,0.4898,0.1283,0.0011
IFBJBKOH_03851,Cytoplasmic,0.0018,0.0061,0.8285,0.1262,0.0357,0.0017
IFBJBKOH_03852,Cytoplasmic,0.0000,0.0005,0.9982,0.0001,0.0010,0.0001
IFBJBKOH_03853,Cytoplasmic,0.0002,0.0001,0.8253,0.0001,0.1736,0.0007
IFBJBKOH_03854,Cytoplasmic,0.0000,0.0000,0.9978,0.0001,0.0021,0.0000
IFBJBKOH_03855,Cytoplasmic,0.0000,0.0004,0.9366,0.0553,0.0076,0.0000
IFBJBKOH_03856,Cytoplasmic Membrane,0.0000,0.0000,0.0008,0.9991,0.0001,0.0000
IFBJBKOH_03857,Cytoplasmic Membrane,0.0000,0.0215,0.0001,0.9740,0.0043,0.0001
IFBJBKOH_03858,Cytoplasmic,0.0001,0.0007,0.8919,0.1056,0.0014,0.0003
IFBJBKOH_03859,Cytoplasmic,0.0000,0.0002,0.9986,0.0008,0.0000,0.0003
IFBJBKOH_03860,Cytoplasmic,0.0000,0.0002,0.9713,0.0002,0.0281,0.0002
IFBJBKOH_03861,Cytoplasmic Membrane,0.0004,0.0042,0.0005,0.9900,0.0048,0.0001
IFBJBKOH_03862,Cytoplasmic,0.0001,0.1505,0.8293,0.0021,0.0113,0.0066
IFBJBKOH_03865,Cytoplasmic,0.0003,0.0070,0.9157,0.0586,0.0184,0.0000
IFBJBKOH_03866,Cytoplasmic,0.0000,0.0001,0.9987,0.0002,0.0010,0.0000
IFBJBKOH_03867,Cytoplasmic Membrane,0.0031,0.0432,0.0000,0.6148,0.1691,0.1699
IFBJBKOH_03868,Extracellular,0.0056,0.5409,0.0085,0.0386,0.0068,0.3996
IFBJBKOH_03869,Cytoplasmic Membrane,0.0000,0.0000,0.0000,0.9997,0.0003,0.0000
IFBJBKOH_03870,Cytoplasmic Membrane,0.0000,0.0000,0.0000,0.9999,0.0001,0.0000
IFBJBKOH_03871,Cytoplasmic Membrane,0.0000,0.0000,0.0000,0.9994,0.0006,0.0000
IFBJBKOH_03872,Cytoplasmic Membrane,0.0001,0.0001,0.0006,0.9951,0.0025,0.0016
IFBJBKOH_03873,Cytoplasmic Membrane,0.0000,0.0000,0.0000,0.9995,0.0004,0.0000
IFBJBKOH_03874,Cytoplasmic Membrane,0.0000,0.0010,0.0011,0.9940,0.0035,0.0005
IFBJBKOH_03875,Cytoplasmic Membrane,0.0002,0.0681,0.0463,0.8447,0.0401,0.0005
IFBJBKOH_03876,Cytoplasmic Membrane,0.0000,0.0001,0.0001,0.9948,0.0050,0.0000
IFBJBKOH_03877,Cytoplasmic,0.0001,0.0000,0.8577,0.0004,0.1418,0.0000
IFBJBKOH_03878,Cytoplasmic,0.0005,0.0031,0.8638,0.0499,0.0809,0.0017
IFBJBKOH_03879,Cytoplasmic,0.0002,0.0001,0.9906,0.0089,0.0002,0.0000
IFBJBKOH_03880,Extracellular,0.1876,0.7004,0.0041,0.0276,0.0771,0.0033
IFBJBKOH_03881,Cytoplasmic,0.0001,0.0001,0.9824,0.0081,0.0093,0.0000
IFBJBKOH_03882,Cytoplasmic Membrane,0.0003,0.0077,0.0007,0.9846,0.0066,0.0001
IFBJBKOH_03883,Cytoplasmic,0.0004,0.0022,0.9907,0.0029,0.0034,0.0005
IFBJBKOH_03884,Cytoplasmic,0.0000,0.0048,0.9807,0.0116,0.0024,0.0004
IFBJBKOH_03885,Cytoplasmic,0.0001,0.0061,0.9809,0.0103,0.0024,0.0002
IFBJBKOH_03886,Cytoplasmic,0.0001,0.0064,0.9825,0.0010,0.0099,0.0001
IFBJBKOH_03887,Cytoplasmic,0.0004,0.0513,0.8454,0.0421,0.0322,0.0285
IFBJBKOH_03888,Cytoplasmic,0.0003,0.1824,0.7175,0.0551,0.0401,0.0045
IFBJBKOH_03889,Extracellular,0.2122,0.7688,0.0005,0.0048,0.0101,0.0035
IFBJBKOH_03890,Extracellular,0.1042,0.8882,0.0019,0.0008,0.0032,0.0017
IFBJBKOH_03891,Cytoplasmic,0.0001,0.0241,0.9260,0.0472,0.0025,0.0001
IFBJBKOH_03892,Cytoplasmic,0.0002,0.0011,0.9936,0.0040,0.0009,0.0001
IFBJBKOH_03893,Cytoplasmic,0.0000,0.0709,0.7689,0.1594,0.0006,0.0000
IFBJBKOH_03894,Extracellular,0.0013,0.9952,0.0004,0.0001,0.0026,0.0004
IFBJBKOH_03895,Cytoplasmic,0.0002,0.3309,0.6401,0.0233,0.0055,0.0001
IFBJBKOH_03896,Cytoplasmic,0.0008,0.0107,0.9680,0.0149,0.0045,0.0012
IFBJBKOH_03897,Cytoplasmic,0.0001,0.0185,0.9710,0.0051,0.0051,0.0002
IFBJBKOH_03898,Cytoplasmic,0.0004,0.3076,0.5038,0.1552,0.0311,0.0019
IFBJBKOH_03899,Cytoplasmic,0.0055,0.1070,0.8320,0.0329,0.0129,0.0096
IFBJBKOH_03900,Extracellular,0.0003,0.9260,0.0030,0.0017,0.0506,0.0185
IFBJBKOH_03901,Cytoplasmic,0.0008,0.0050,0.9899,0.0007,0.0033,0.0003
IFBJBKOH_03902,Cytoplasmic,0.0012,0.0789,0.9117,0.0015,0.0033,0.0035
IFBJBKOH_03903,Cytoplasmic,0.0085,0.3217,0.5880,0.0594,0.0218,0.0006
IFBJBKOH_03904,Cytoplasmic,0.0000,0.0074,0.9900,0.0003,0.0013,0.0010
IFBJBKOH_03905,Cytoplasmic,0.0009,0.0124,0.9625,0.0193,0.0042,0.0007
IFBJBKOH_03906,Cytoplasmic,0.0000,0.0491,0.9201,0.0011,0.0137,0.0159
IFBJBKOH_03907,Cytoplasmic,0.0001,0.0021,0.9058,0.0288,0.0527,0.0104
IFBJBKOH_03908,Cytoplasmic,0.0001,0.0019,0.9955,0.0015,0.0006,0.0005
IFBJBKOH_03909,Cytoplasmic Membrane,0.0000,0.0001,0.0000,0.9987,0.0011,0.0000
IFBJBKOH_03910,Cytoplasmic,0.0000,0.0003,0.9913,0.0001,0.0031,0.0052
IFBJBKOH_03911,Cytoplasmic,0.0002,0.0078,0.9772,0.0111,0.0037,0.0000
IFBJBKOH_03912,Cytoplasmic,0.0003,0.0068,0.9755,0.0152,0.0021,0.0001
IFBJBKOH_03913,Cytoplasmic,0.0020,0.1897,0.7686,0.0035,0.0202,0.0160
IFBJBKOH_03914,Cytoplasmic,0.0001,0.0126,0.9847,0.0004,0.0016,0.0007
IFBJBKOH_03915,Cytoplasmic,0.0002,0.0148,0.9398,0.0413,0.0038,0.0001
IFBJBKOH_03916,Cytoplasmic,0.0000,0.0014,0.9977,0.0006,0.0002,0.0000
IFBJBKOH_03917,Cytoplasmic Membrane,0.0001,0.0030,0.0508,0.9420,0.0040,0.0000
IFBJBKOH_03918,Cytoplasmic,0.0000,0.0010,0.9870,0.0112,0.0007,0.0001
IFBJBKOH_03919,Cytoplasmic,0.0000,0.0001,0.9367,0.0618,0.0013,0.0001
IFBJBKOH_03920,Cytoplasmic Membrane,0.0000,0.0000,0.0000,0.9999,0.0001,0.0000
IFBJBKOH_03921,Cytoplasmic Membrane,0.0008,0.0117,0.0039,0.9827,0.0010,0.0000
IFBJBKOH_03922,Extracellular,0.0000,0.6107,0.0001,0.3872,0.0020,0.0000
IFBJBKOH_03923,Cytoplasmic Membrane,0.0154,0.2772,0.0390,0.6654,0.0029,0.0002
IFBJBKOH_03924,Extracellular,0.0002,0.4206,0.0957,0.3272,0.1322,0.0241
IFBJBKOH_03925,Cytoplasmic,0.0011,0.1917,0.4513,0.3397,0.0145,0.0018
IFBJBKOH_03926,Cytoplasmic Membrane,0.0000,0.0037,0.0606,0.9343,0.0013,0.0000
IFBJBKOH_03927,Cytoplasmic Membrane,0.0025,0.0794,0.0947,0.8206,0.0028,0.0001
IFBJBKOH_03928,Cytoplasmic Membrane,0.0005,0.0589,0.0610,0.8640,0.0156,0.0000
IFBJBKOH_03929,Cytoplasmic Membrane,0.0000,0.0000,0.0002,0.9994,0.0004,0.0000
IFBJBKOH_03930,Cytoplasmic,0.0000,0.0001,0.9846,0.0005,0.0042,0.0106
IFBJBKOH_03931,Cytoplasmic,0.0008,0.0200,0.7937,0.0564,0.1283,0.0008
IFBJBKOH_03932,Cytoplasmic Membrane,0.0006,0.0007,0.4352,0.5343,0.0287,0.0004
IFBJBKOH_03933,Cytoplasmic Membrane,0.0018,0.1288,0.0009,0.8347,0.0323,0.0015
IFBJBKOH_03934,Extracellular,0.0003,0.9993,0.0000,0.0000,0.0003,0.0000
IFBJBKOH_03935,Cytoplasmic,0.0000,0.0005,0.9942,0.0001,0.0047,0.0005
IFBJBKOH_03936,Cytoplasmic,0.0001,0.0009,0.9937,0.0002,0.0044,0.0007
IFBJBKOH_03937,Cytoplasmic,0.0003,0.2857,0.7080,0.0008,0.0043,0.0010
IFBJBKOH_03938,Cytoplasmic,0.0002,0.2653,0.7186,0.0041,0.0073,0.0045
IFBJBKOH_03939,Cytoplasmic Membrane,0.0000,0.0002,0.0042,0.9953,0.0003,0.0000
IFBJBKOH_03940,Cytoplasmic,0.0002,0.0007,0.8877,0.0057,0.1012,0.0045
IFBJBKOH_03941,Cytoplasmic Membrane,0.0000,0.0000,0.0000,0.9998,0.0001,0.0000
IFBJBKOH_03942,Cytoplasmic,0.0001,0.0029,0.9953,0.0014,0.0003,0.0000
IFBJBKOH_03943,Extracellular,0.0000,0.4736,0.4437,0.0252,0.0574,0.0000
IFBJBKOH_03944,Cytoplasmic,0.0014,0.0159,0.9503,0.0148,0.0167,0.0009
IFBJBKOH_03945,Cytoplasmic,0.0005,0.0815,0.8119,0.0018,0.0463,0.0581
IFBJBKOH_03946,Cytoplasmic Membrane,0.0000,0.0018,0.0066,0.9872,0.0042,0.0001
IFBJBKOH_03947,Cytoplasmic,0.0008,0.0199,0.9163,0.0305,0.0323,0.0002
IFBJBKOH_03948,Cytoplasmic,0.0000,0.0001,0.9875,0.0090,0.0033,0.0001
IFBJBKOH_03949,Cytoplasmic Membrane,0.0000,0.0000,0.0000,0.9997,0.0003,0.0000
IFBJBKOH_03950,Cytoplasmic Membrane,0.0314,0.0537,0.0009,0.5295,0.2685,0.1161
IFBJBKOH_03951,Cytoplasmic,0.0000,0.0000,0.9937,0.0022,0.0026,0.0014
IFBJBKOH_03952,Cytoplasmic Membrane,0.0000,0.0000,0.0000,0.9990,0.0009,0.0000
IFBJBKOH_03953,Cytoplasmic Membrane,0.0017,0.0380,0.0104,0.9204,0.0288,0.0007
IFBJBKOH_03954,Cytoplasmic,0.0000,0.0020,0.9964,0.0013,0.0003,0.0000
IFBJBKOH_03955,Cytoplasmic,0.0000,0.0001,0.9897,0.0000,0.0101,0.0001
IFBJBKOH_03956,Cytoplasmic,0.0008,0.0037,0.9020,0.0178,0.0734,0.0022
IFBJBKOH_03957,Cytoplasmic,0.0005,0.0067,0.7570,0.0715,0.1637,0.0007
IFBJBKOH_03958,Cytoplasmic,0.0000,0.0007,0.9982,0.0001,0.0009,0.0000
IFBJBKOH_03959,Cytoplasmic,0.0001,0.0007,0.8575,0.0688,0.0727,0.0002
IFBJBKOH_03960,Cytoplasmic Membrane,0.0020,0.1548,0.0021,0.8220,0.0186,0.0004
IFBJBKOH_03961,Cytoplasmic,0.0000,0.0001,0.9857,0.0073,0.0066,0.0003
IFBJBKOH_03962,Cytoplasmic,0.0001,0.0002,0.9733,0.0223,0.0039,0.0002
IFBJBKOH_03963,Cytoplasmic,0.0000,0.0007,0.9971,0.0012,0.0009,0.0001
IFBJBKOH_03964,Outer Membrane,0.0011,0.0594,0.0017,0.1513,0.4859,0.3006
IFBJBKOH_03965,Cytoplasmic Membrane,0.0000,0.0001,0.0000,0.9995,0.0004,0.0000
IFBJBKOH_03966,Cytoplasmic Membrane,0.0000,0.0000,0.0000,0.9994,0.0006,0.0000
IFBJBKOH_03967,Cytoplasmic,0.0001,0.0916,0.8751,0.0198,0.0065,0.0071
IFBJBKOH_03968,Cytoplasmic Membrane,0.0000,0.0001,0.0007,0.9982,0.0009,0.0000
IFBJBKOH_03969,Cytoplasmic,0.0011,0.0063,0.6338,0.1234,0.2268,0.0086
IFBJBKOH_03970,Cytoplasmic,0.0001,0.0127,0.9806,0.0013,0.0026,0.0026
IFBJBKOH_03971,Cytoplasmic,0.0002,0.0029,0.9793,0.0049,0.0124,0.0005
IFBJBKOH_03972,Extracellular,0.0024,0.4674,0.0078,0.4595,0.0542,0.0086
IFBJBKOH_03973,Cytoplasmic,0.0000,0.0001,0.9942,0.0001,0.0051,0.0004
IFBJBKOH_03974,Cytoplasmic,0.0004,0.0118,0.9809,0.0019,0.0040,0.0010
IFBJBKOH_03975,Cytoplasmic Membrane,0.0001,0.0020,0.0021,0.9896,0.0061,0.0001
IFBJBKOH_03976,Cytoplasmic,0.0000,0.0003,0.9975,0.0001,0.0003,0.0018
IFBJBKOH_03977,Cytoplasmic,0.0000,0.0003,0.9985,0.0002,0.0005,0.0005
IFBJBKOH_03978,Cytoplasmic Membrane,0.0039,0.2093,0.1154,0.5726,0.0972,0.0016
IFBJBKOH_03979,Cytoplasmic,0.0000,0.0012,0.8303,0.1145,0.0540,0.0000
IFBJBKOH_03980,Cytoplasmic,0.0148,0.0001,0.9837,0.0002,0.0012,0.0000
IFBJBKOH_03981,Cytoplasmic Membrane,0.0000,0.0003,0.2026,0.7816,0.0135,0.0020
IFBJBKOH_03982,Cytoplasmic Membrane,0.0000,0.0000,0.0000,0.9997,0.0003,0.0000
IFBJBKOH_03983,Cytoplasmic Membrane,0.0000,0.0000,0.0000,0.9999,0.0001,0.0000
IFBJBKOH_03984,Periplasmic,0.0020,0.1597,0.0009,0.2926,0.0812,0.4636
IFBJBKOH_03985,Cytoplasmic,0.0003,0.0053,0.9871,0.0037,0.0018,0.0019
IFBJBKOH_03986,Cytoplasmic,0.0001,0.0012,0.9967,0.0009,0.0011,0.0001
IFBJBKOH_03987,Cytoplasmic,0.0002,0.0557,0.6647,0.2152,0.0623,0.0018
IFBJBKOH_03988,Cytoplasmic,0.0005,0.0101,0.9417,0.0351,0.0083,0.0042
IFBJBKOH_03989,Cytoplasmic,0.0001,0.0014,0.9922,0.0001,0.0060,0.0002
IFBJBKOH_03990,Cytoplasmic,0.0009,0.2465,0.7035,0.0305,0.0169,0.0017
IFBJBKOH_03991,Cytoplasmic,0.0006,0.0088,0.9660,0.0129,0.0112,0.0005
IFBJBKOH_03992,Cytoplasmic Membrane,0.0000,0.0000,0.0005,0.9982,0.0013,0.0000
IFBJBKOH_03993,Cytoplasmic,0.0000,0.0013,0.9962,0.0017,0.0001,0.0007
IFBJBKOH_03994,Cytoplasmic,0.0000,0.0004,0.9965,0.0001,0.0028,0.0001
IFBJBKOH_03995,Cytoplasmic,0.0003,0.0034,0.9706,0.0080,0.0171,0.0005
IFBJBKOH_03996,Cytoplasmic,0.0001,0.0007,0.9921,0.0001,0.0057,0.0014
IFBJBKOH_03997,Cytoplasmic,0.0002,0.0003,0.9971,0.0021,0.0003,0.0001
IFBJBKOH_03998,Cytoplasmic,0.0000,0.0001,0.9994,0.0001,0.0003,0.0001
IFBJBKOH_03999,Cytoplasmic,0.0000,0.0004,0.9985,0.0007,0.0002,0.0002
IFBJBKOH_04000,Cytoplasmic,0.0001,0.0023,0.9469,0.0134,0.0370,0.0003
IFBJBKOH_04001,Cytoplasmic,0.0001,0.0047,0.9824,0.0021,0.0068,0.0038
IFBJBKOH_04002,Cytoplasmic,0.0007,0.2018,0.6598,0.0655,0.0413,0.0308
IFBJBKOH_04003,Cytoplasmic,0.0005,0.0027,0.9514,0.0220,0.0232,0.0001
IFBJBKOH_04004,Cytoplasmic Membrane,0.0000,0.0001,0.0000,0.9989,0.0011,0.0000
IFBJBKOH_04005,Cytoplasmic,0.0001,0.0019,0.9932,0.0007,0.0037,0.0004
IFBJBKOH_04006,Cytoplasmic,0.0014,0.0094,0.9439,0.0160,0.0287,0.0006
IFBJBKOH_04007,Cytoplasmic Membrane,0.0000,0.0000,0.0004,0.9990,0.0006,0.0000
IFBJBKOH_04008,Cytoplasmic Membrane,0.0000,0.0000,0.0000,0.9997,0.0003,0.0000
IFBJBKOH_04009,Cytoplasmic,0.0000,0.0009,0.9117,0.0727,0.0132,0.0014
IFBJBKOH_04010,Cytoplasmic,0.0011,0.0055,0.9069,0.0156,0.0620,0.0088
IFBJBKOH_04011,Extracellular,0.0006,0.5454,0.3461,0.0205,0.0868,0.0007
IFBJBKOH_04012,Cytoplasmic,0.0002,0.0327,0.7655,0.1853,0.0163,0.0001
IFBJBKOH_04013,Cytoplasmic,0.0004,0.2653,0.7224,0.0045,0.0040,0.0034
IFBJBKOH_04014,Cytoplasmic,0.0006,0.1496,0.7878,0.0450,0.0165,0.0004
IFBJBKOH_04015,Cytoplasmic,0.0031,0.0903,0.8634,0.0065,0.0336,0.0031
IFBJBKOH_04016,Cytoplasmic,0.0026,0.2128,0.4698,0.2824,0.0320,0.0003
IFBJBKOH_04017,Cytoplasmic,0.0003,0.0268,0.9482,0.0178,0.0046,0.0024
IFBJBKOH_04018,Cytoplasmic,0.0018,0.1099,0.8140,0.0145,0.0542,0.0056
IFBJBKOH_04019,Cytoplasmic,0.0016,0.1826,0.5304,0.0779,0.1957,0.0118
IFBJBKOH_04020,Cytoplasmic,0.0009,0.0021,0.9737,0.0035,0.0188,0.0010
IFBJBKOH_04021,Cytoplasmic,0.0001,0.0079,0.9729,0.0161,0.0030,0.0001
IFBJBKOH_04022,Cytoplasmic,0.0010,0.0040,0.9816,0.0013,0.0120,0.0001
IFBJBKOH_04023,Cytoplasmic,0.0003,0.0025,0.9959,0.0003,0.0011,0.0001
IFBJBKOH_04024,Cytoplasmic,0.0000,0.0008,0.9926,0.0053,0.0010,0.0002
IFBJBKOH_04025,Cytoplasmic,0.0012,0.2653,0.6517,0.0097,0.0671,0.0050
IFBJBKOH_04026,Cytoplasmic,0.0004,0.0177,0.9262,0.0432,0.0121,0.0004
IFBJBKOH_04027,Cytoplasmic Membrane,0.0000,0.0001,0.0000,0.9984,0.0015,0.0000
IFBJBKOH_04028,Cytoplasmic,0.0007,0.0071,0.9480,0.0258,0.0165,0.0019
IFBJBKOH_04029,Cytoplasmic,0.0004,0.0099,0.9843,0.0012,0.0037,0.0005
IFBJBKOH_04030,Cytoplasmic Membrane,0.0000,0.0000,0.0000,0.9991,0.0009,0.0000
IFBJBKOH_04031,Cytoplasmic,0.0000,0.0020,0.9975,0.0003,0.0002,0.0000
IFBJBKOH_04032,Cytoplasmic,0.0000,0.0002,0.9865,0.0053,0.0076,0.0004
IFBJBKOH_04033,Cytoplasmic,0.0000,0.0001,0.9717,0.0035,0.0230,0.0017
IFBJBKOH_04034,Cytoplasmic Membrane,0.0000,0.0000,0.0000,0.9996,0.0004,0.0000
IFBJBKOH_04035,Cytoplasmic,0.0001,0.0172,0.9081,0.0688,0.0032,0.0028
IFBJBKOH_04036,Cytoplasmic,0.0001,0.0981,0.6502,0.0462,0.1517,0.0537
IFBJBKOH_04037,Cytoplasmic,0.0002,0.0062,0.9343,0.0031,0.0538,0.0024
IFBJBKOH_04038,Cytoplasmic,0.0002,0.0112,0.9570,0.0204,0.0111,0.0001
IFBJBKOH_04039,Cytoplasmic Membrane,0.0000,0.0001,0.0000,0.9955,0.0044,0.0000
IFBJBKOH_04040,Cytoplasmic,0.0001,0.0020,0.8574,0.0415,0.0605,0.0385
IFBJBKOH_04041,Cytoplasmic,0.0002,0.0031,0.9336,0.0014,0.0341,0.0276
IFBJBKOH_04042,Cytoplasmic,0.0001,0.0017,0.9865,0.0047,0.0045,0.0025
IFBJBKOH_04043,Cytoplasmic,0.0001,0.0023,0.9651,0.0063,0.0260,0.0003
IFBJBKOH_04044,Cytoplasmic,0.0001,0.0005,0.9896,0.0003,0.0088,0.0007
IFBJBKOH_04045,Cytoplasmic,0.0000,0.0029,0.9963,0.0001,0.0005,0.0001
IFBJBKOH_04046,Cytoplasmic,0.0000,0.0001,0.9987,0.0001,0.0009,0.0002
IFBJBKOH_04047,Cytoplasmic Membrane,0.0000,0.0001,0.0853,0.8986,0.0157,0.0003
IFBJBKOH_04048,Cytoplasmic Membrane,0.0000,0.0000,0.0000,0.9997,0.0003,0.0000
IFBJBKOH_04049,Cytoplasmic Membrane,0.0233,0.0064,0.0001,0.7162,0.2385,0.0155
IFBJBKOH_04050,Cytoplasmic Membrane,0.0000,0.0000,0.0009,0.9989,0.0002,0.0000
IFBJBKOH_04051,Cytoplasmic,0.0000,0.0000,0.9956,0.0000,0.0042,0.0002
IFBJBKOH_04052,Cytoplasmic,0.0000,0.0049,0.9929,0.0016,0.0005,0.0001
IFBJBKOH_04053,Cytoplasmic,0.0009,0.1116,0.8615,0.0039,0.0218,0.0003
IFBJBKOH_04054,Cytoplasmic,0.0020,0.2580,0.7027,0.0121,0.0225,0.0027
IFBJBKOH_04055,Cytoplasmic Membrane,0.0010,0.0017,0.1890,0.7177,0.0900,0.0006
IFBJBKOH_04056,Cytoplasmic Membrane,0.0000,0.0000,0.0000,0.9998,0.0001,0.0000
IFBJBKOH_04057,Cytoplasmic,0.0019,0.0048,0.9829,0.0039,0.0061,0.0003
IFBJBKOH_04058,Cytoplasmic,0.0006,0.0665,0.9188,0.0038,0.0080,0.0024
IFBJBKOH_04059,Cytoplasmic,0.0001,0.1400,0.5633,0.2272,0.0668,0.0026
IFBJBKOH_04060,Cytoplasmic,0.0001,0.0263,0.7931,0.1715,0.0088,0.0002
IFBJBKOH_04061,Cytoplasmic,0.0009,0.0490,0.9401,0.0029,0.0068,0.0002
IFBJBKOH_04062,Cytoplasmic,0.0002,0.0216,0.9231,0.0149,0.0400,0.0001
IFBJBKOH_04063,Cytoplasmic Membrane,0.0003,0.0062,0.0042,0.9777,0.0117,0.0000
IFBJBKOH_04064,Cytoplasmic Membrane,0.0003,0.0610,0.0234,0.8776,0.0213,0.0164
IFBJBKOH_04065,Cytoplasmic Membrane,0.0001,0.0027,0.0016,0.9914,0.0042,0.0000
IFBJBKOH_04066,Cytoplasmic Membrane,0.0039,0.0229,0.0051,0.9520,0.0160,0.0001
IFBJBKOH_04067,Outer Membrane,0.0011,0.1311,0.3261,0.1031,0.4370,0.0016
IFBJBKOH_04068,Extracellular,0.0018,0.4641,0.1492,0.0646,0.2723,0.0481
IFBJBKOH_04069,Extracellular,0.0025,0.7259,0.0497,0.0353,0.1603,0.0264
IFBJBKOH_04070,Cytoplasmic,0.0000,0.0010,0.9922,0.0002,0.0065,0.0001
IFBJBKOH_04071,Cytoplasmic Membrane,0.0001,0.0105,0.0139,0.9607,0.0147,0.0000
IFBJBKOH_04072,Cytoplasmic,0.0001,0.0009,0.9333,0.0533,0.0112,0.0011
IFBJBKOH_04073,Cytoplasmic Membrane,0.0012,0.0673,0.0191,0.9027,0.0096,0.0000
IFBJBKOH_04074,Cytoplasmic Membrane,0.0001,0.0073,0.0001,0.9396,0.0524,0.0005
IFBJBKOH_04075,Cytoplasmic Membrane,0.0003,0.0565,0.4051,0.5379,0.0002,0.0000
IFBJBKOH_04076,Cytoplasmic Membrane,0.0003,0.0263,0.4693,0.4996,0.0045,0.0001
IFBJBKOH_04077,Extracellular,0.0001,0.9956,0.0002,0.0001,0.0033,0.0006
IFBJBKOH_04078,Extracellular,0.0052,0.5893,0.0050,0.2843,0.1158,0.0003
IFBJBKOH_04079,Extracellular,0.0000,0.5432,0.4167,0.0200,0.0200,0.0000
IFBJBKOH_04080,Cytoplasmic,0.0050,0.4580,0.4678,0.0489,0.0129,0.0074
IFBJBKOH_04081,Extracellular,0.0002,0.6788,0.2955,0.0067,0.0180,0.0009
IFBJBKOH_04082,Cytoplasmic,0.0002,0.0341,0.9327,0.0323,0.0002,0.0005
IFBJBKOH_04083,Cytoplasmic,0.0001,0.0040,0.9805,0.0149,0.0003,0.0002
IFBJBKOH_04084,Cytoplasmic,0.0032,0.3654,0.5280,0.0938,0.0059,0.0037
IFBJBKOH_04085,Cytoplasmic,0.0000,0.1524,0.8087,0.0325,0.0010,0.0054
IFBJBKOH_04086,Cytoplasmic,0.0000,0.0055,0.9212,0.0721,0.0005,0.0006
IFBJBKOH_04087,Extracellular,0.0206,0.9734,0.0014,0.0003,0.0043,0.0001
IFBJBKOH_04088,Cytoplasmic,0.0005,0.3136,0.5312,0.1371,0.0174,0.0002
IFBJBKOH_04089,Cytoplasmic,0.0001,0.1400,0.8303,0.0222,0.0068,0.0006
IFBJBKOH_04090,Cytoplasmic,0.0002,0.2110,0.6534,0.0988,0.0252,0.0114
IFBJBKOH_04091,Cytoplasmic,0.0007,0.0890,0.8474,0.0518,0.0094,0.0016
IFBJBKOH_04092,Cytoplasmic,0.0001,0.0409,0.6457,0.3086,0.0045,0.0002
IFBJBKOH_04093,Cytoplasmic,0.0021,0.3413,0.5868,0.0598,0.0058,0.0043
IFBJBKOH_04094,Cytoplasmic,0.0001,0.3112,0.5426,0.0478,0.0845,0.0138
IFBJBKOH_04095,Cytoplasmic,0.0017,0.3837,0.5696,0.0209,0.0117,0.0124
IFBJBKOH_04096,Extracellular,0.0000,0.9973,0.0005,0.0000,0.0021,0.0001
IFBJBKOH_04097,Cytoplasmic Membrane,0.0028,0.1460,0.0013,0.6574,0.1920,0.0005
IFBJBKOH_04098,Cytoplasmic,0.0003,0.0308,0.8408,0.1217,0.0063,0.0001
IFBJBKOH_04099,Cytoplasmic,0.0004,0.0878,0.8046,0.0042,0.0689,0.0341
IFBJBKOH_04100,Cytoplasmic,0.0009,0.0898,0.8125,0.0693,0.0244,0.0030
IFBJBKOH_04101,Cytoplasmic,0.0000,0.0173,0.6774,0.3013,0.0037,0.0002
IFBJBKOH_04102,Cytoplasmic,0.0021,0.4116,0.4884,0.0777,0.0164,0.0038
IFBJBKOH_04103,Cytoplasmic,0.0010,0.3982,0.5539,0.0357,0.0087,0.0024
IFBJBKOH_04104,Extracellular,0.0041,0.8773,0.0851,0.0012,0.0230,0.0093
IFBJBKOH_04105,Cytoplasmic Membrane,0.0007,0.1195,0.0005,0.8677,0.0117,0.0000
IFBJBKOH_04106,Extracellular,0.0007,0.9283,0.0579,0.0098,0.0017,0.0016
IFBJBKOH_04107,Extracellular,0.0001,0.6842,0.2877,0.0165,0.0115,0.0001
IFBJBKOH_04108,Cytoplasmic,0.0011,0.0363,0.8288,0.1295,0.0041,0.0003
IFBJBKOH_04109,Cytoplasmic,0.0003,0.3507,0.4175,0.2263,0.0047,0.0005
IFBJBKOH_04110,Cytoplasmic,0.0048,0.3572,0.3931,0.1718,0.0687,0.0043
IFBJBKOH_04111,Extracellular,0.1234,0.7976,0.0759,0.0002,0.0024,0.0006
IFBJBKOH_04112,Cytoplasmic,0.0007,0.0101,0.9788,0.0010,0.0063,0.0030
IFBJBKOH_04113,Cytoplasmic,0.0000,0.0135,0.9812,0.0013,0.0010,0.0029
IFBJBKOH_04114,Cytoplasmic,0.0000,0.0347,0.9583,0.0008,0.0027,0.0035
IFBJBKOH_04115,Extracellular,0.0000,0.9995,0.0002,0.0000,0.0003,0.0000
IFBJBKOH_04116,Cytoplasmic Membrane,0.0015,0.3667,0.0002,0.5977,0.0337,0.0001
IFBJBKOH_04117,Extracellular,0.0008,0.6505,0.3282,0.0072,0.0072,0.0060
IFBJBKOH_04118,Extracellular,0.0035,0.8983,0.0300,0.0007,0.0329,0.0346
IFBJBKOH_04119,Cytoplasmic Membrane,0.0003,0.1097,0.0008,0.8679,0.0212,0.0000
IFBJBKOH_04120,Cytoplasmic,0.0000,0.4331,0.5517,0.0130,0.0021,0.0000
IFBJBKOH_04121,Cytoplasmic,0.0086,0.0095,0.9277,0.0310,0.0220,0.0012
IFBJBKOH_04122,Cytoplasmic,0.0042,0.0434,0.8205,0.0283,0.1028,0.0008
IFBJBKOH_04123,Cytoplasmic,0.0001,0.1790,0.8091,0.0058,0.0045,0.0014
IFBJBKOH_04124,Cytoplasmic,0.0021,0.0886,0.8716,0.0177,0.0180,0.0020
IFBJBKOH_04125,Extracellular,0.0001,0.7269,0.0500,0.1790,0.0434,0.0006
IFBJBKOH_04126,Cytoplasmic,0.0000,0.1008,0.8670,0.0279,0.0020,0.0023
IFBJBKOH_04127,Cytoplasmic,0.0002,0.0010,0.9588,0.0005,0.0338,0.0056
IFBJBKOH_04128,Cytoplasmic Membrane,0.0001,0.0103,0.0013,0.9763,0.0120,0.0000
IFBJBKOH_04129,Cytoplasmic,0.0002,0.0081,0.9615,0.0073,0.0129,0.0101
IFBJBKOH_04130,Cytoplasmic,0.0000,0.1312,0.8672,0.0006,0.0010,0.0000
IFBJBKOH_04131,Cytoplasmic,0.0000,0.0047,0.9677,0.0001,0.0007,0.0268
IFBJBKOH_04132,Cytoplasmic Membrane,0.0000,0.0000,0.0000,0.9997,0.0002,0.0000
IFBJBKOH_04133,Cytoplasmic,0.0003,0.0125,0.9185,0.0245,0.0232,0.0210
IFBJBKOH_04134,Cytoplasmic,0.0000,0.0001,0.9928,0.0009,0.0061,0.0000
IFBJBKOH_04135,Cytoplasmic,0.0005,0.1183,0.8158,0.0578,0.0071,0.0006
IFBJBKOH_04136,Cytoplasmic,0.0004,0.0013,0.9765,0.0053,0.0164,0.0001
IFBJBKOH_04137,Cytoplasmic,0.0000,0.0002,0.9582,0.0004,0.0406,0.0005
IFBJBKOH_04138,Cytoplasmic Membrane,0.0000,0.0000,0.0000,0.9997,0.0002,0.0000
IFBJBKOH_04139,Cytoplasmic,0.0003,0.0019,0.9953,0.0012,0.0010,0.0004
IFBJBKOH_04140,Cytoplasmic,0.0000,0.0027,0.9924,0.0033,0.0014,0.0002
IFBJBKOH_04141,Cytoplasmic,0.0006,0.0229,0.9682,0.0031,0.0043,0.0009
IFBJBKOH_04142,Cytoplasmic,0.0005,0.0481,0.8684,0.0086,0.0458,0.0286
IFBJBKOH_04143,Cytoplasmic,0.0003,0.0197,0.9765,0.0004,0.0020,0.0010
IFBJBKOH_04144,Cytoplasmic,0.0003,0.0038,0.9311,0.0331,0.0225,0.0092
IFBJBKOH_04145,Cytoplasmic,0.0007,0.0597,0.9149,0.0093,0.0120,0.0034
IFBJBKOH_04146,Cytoplasmic,0.0000,0.0021,0.9557,0.0070,0.0139,0.0213
IFBJBKOH_04147,Cytoplasmic,0.0003,0.0083,0.9304,0.0451,0.0152,0.0008
IFBJBKOH_04148,Cytoplasmic,0.0001,0.0003,0.9607,0.0002,0.0385,0.0001
IFBJBKOH_04149,Cytoplasmic,0.0000,0.0001,0.9840,0.0088,0.0050,0.0021
IFBJBKOH_04150,Cytoplasmic,0.0001,0.0006,0.9854,0.0075,0.0063,0.0002
IFBJBKOH_04151,Cytoplasmic,0.0003,0.0065,0.9466,0.0266,0.0191,0.0009
IFBJBKOH_04152,Cytoplasmic,0.0013,0.2474,0.6122,0.0584,0.0656,0.0152
IFBJBKOH_04153,Cytoplasmic,0.0000,0.0006,0.9779,0.0154,0.0041,0.0021
IFBJBKOH_04154,Cytoplasmic Membrane,0.0000,0.0001,0.0001,0.9988,0.0010,0.0000
IFBJBKOH_04155,Cytoplasmic,0.0003,0.0205,0.9206,0.0139,0.0438,0.0009
IFBJBKOH_04156,Cytoplasmic Membrane,0.0000,0.0000,0.0005,0.9988,0.0006,0.0000
IFBJBKOH_04157,Cytoplasmic,0.0001,0.0573,0.9382,0.0022,0.0011,0.0012
IFBJBKOH_04158,Cytoplasmic,0.0003,0.0231,0.9452,0.0232,0.0076,0.0007
IFBJBKOH_04159,Cytoplasmic,0.0002,0.0018,0.9789,0.0049,0.0139,0.0002
IFBJBKOH_04160,Cytoplasmic,0.0003,0.0010,0.9886,0.0026,0.0050,0.0024
IFBJBKOH_04161,Cytoplasmic,0.0000,0.0003,0.9855,0.0004,0.0130,0.0007
IFBJBKOH_04162,Cytoplasmic,0.0000,0.0237,0.9617,0.0124,0.0012,0.0010
IFBJBKOH_04163,Cytoplasmic,0.0000,0.0006,0.9957,0.0002,0.0033,0.0003
IFBJBKOH_04164,Cytoplasmic,0.0000,0.0008,0.9038,0.0136,0.0803,0.0014
IFBJBKOH_04165,Cytoplasmic,0.0000,0.0001,0.9986,0.0002,0.0011,0.0000
IFBJBKOH_04166,Cytoplasmic,0.0001,0.0084,0.6998,0.2625,0.0153,0.0139
IFBJBKOH_04167,Cytoplasmic,0.0000,0.0342,0.9573,0.0025,0.0055,0.0004
IFBJBKOH_04168,Cytoplasmic Membrane,0.0075,0.0677,0.0020,0.5976,0.1481,0.1772
IFBJBKOH_04169,Cytoplasmic Membrane,0.0000,0.0000,0.0000,0.9999,0.0001,0.0000
IFBJBKOH_04170,Cytoplasmic Membrane,0.0000,0.0000,0.0000,1.0000,0.0000,0.0000
IFBJBKOH_04171,Cytoplasmic,0.0001,0.0115,0.9814,0.0050,0.0019,0.0001
IFBJBKOH_04172,Cytoplasmic,0.0024,0.0519,0.9196,0.0178,0.0052,0.0032
IFBJBKOH_04173,Cytoplasmic,0.0110,0.0156,0.7988,0.1479,0.0247,0.0020
IFBJBKOH_04174,Cytoplasmic,0.0001,0.0046,0.6398,0.3353,0.0153,0.0049
IFBJBKOH_04175,Cytoplasmic Membrane,0.0003,0.0222,0.0167,0.9433,0.0172,0.0002
IFBJBKOH_04176,Cytoplasmic,0.0000,0.0826,0.9092,0.0021,0.0052,0.0008
IFBJBKOH_04177,Cytoplasmic,0.0036,0.0091,0.9690,0.0131,0.0047,0.0005
IFBJBKOH_04178,Cytoplasmic,0.0000,0.0045,0.9903,0.0033,0.0017,0.0001
IFBJBKOH_04179,Cytoplasmic,0.0001,0.0095,0.9726,0.0007,0.0096,0.0074
IFBJBKOH_04180,Cytoplasmic,0.0009,0.0065,0.9776,0.0005,0.0070,0.0075
IFBJBKOH_04181,Cytoplasmic Membrane,0.0000,0.0525,0.0000,0.9472,0.0003,0.0000
IFBJBKOH_04182,Cytoplasmic,0.0054,0.0509,0.8259,0.0332,0.0731,0.0114
IFBJBKOH_04183,Cytoplasmic Membrane,0.0000,0.1696,0.0007,0.8246,0.0050,0.0000
IFBJBKOH_04184,Cytoplasmic,0.0000,0.0000,0.9985,0.0001,0.0013,0.0001
IFBJBKOH_04185,Cytoplasmic,0.0002,0.3132,0.5050,0.0311,0.1502,0.0004
IFBJBKOH_04186,Cytoplasmic,0.0000,0.0011,0.9969,0.0008,0.0010,0.0002
IFBJBKOH_04187,Cytoplasmic,0.0015,0.0308,0.9485,0.0133,0.0046,0.0013
IFBJBKOH_04188,Cytoplasmic,0.0035,0.0051,0.9113,0.0757,0.0028,0.0016
IFBJBKOH_04189,Cytoplasmic Membrane,0.0000,0.0432,0.0000,0.9473,0.0094,0.0000
IFBJBKOH_04190,Cytoplasmic,0.0051,0.1279,0.8060,0.0170,0.0381,0.0059
IFBJBKOH_04191,Cytoplasmic,0.0003,0.0139,0.9756,0.0080,0.0022,0.0000
IFBJBKOH_04192,Cytoplasmic,0.0001,0.0101,0.9842,0.0037,0.0018,0.0001
IFBJBKOH_04193,Cytoplasmic,0.0069,0.1108,0.8058,0.0398,0.0148,0.0220
IFBJBKOH_04194,Cytoplasmic,0.0002,0.0149,0.8772,0.0967,0.0106,0.0003
IFBJBKOH_04195,Cytoplasmic,0.0001,0.0212,0.9424,0.0134,0.0227,0.0003
IFBJBKOH_04196,Cytoplasmic,0.0002,0.0217,0.9473,0.0257,0.0049,0.0002
IFBJBKOH_04197,Cytoplasmic,0.0001,0.0041,0.9845,0.0052,0.0059,0.0002
IFBJBKOH_04198,Cytoplasmic,0.0047,0.0059,0.9615,0.0175,0.0095,0.0009
IFBJBKOH_04199,Cytoplasmic,0.0004,0.0022,0.9900,0.0031,0.0037,0.0005
IFBJBKOH_04200,Cytoplasmic,0.0000,0.0048,0.9807,0.0116,0.0024,0.0004
IFBJBKOH_04201,Cytoplasmic,0.0001,0.0054,0.9813,0.0108,0.0022,0.0002
IFBJBKOH_04202,Cytoplasmic,0.0001,0.0026,0.9877,0.0059,0.0026,0.0011
IFBJBKOH_04203,Cytoplasmic,0.0007,0.0007,0.9262,0.0535,0.0148,0.0041
IFBJBKOH_04204,Cytoplasmic,0.0003,0.0023,0.8982,0.0347,0.0587,0.0059
IFBJBKOH_04205,Cytoplasmic,0.0000,0.0005,0.9353,0.0225,0.0412,0.0004
IFBJBKOH_04206,Cytoplasmic,0.0001,0.0006,0.9762,0.0118,0.0105,0.0007
IFBJBKOH_04207,Outer Membrane,0.0038,0.0582,0.0044,0.3394,0.4585,0.1356
IFBJBKOH_04208,Cytoplasmic Membrane,0.0000,0.0000,0.0000,0.9999,0.0001,0.0000
IFBJBKOH_04209,Cytoplasmic Membrane,0.0000,0.0000,0.0000,0.9997,0.0003,0.0000
IFBJBKOH_04210,Cytoplasmic,0.0006,0.0043,0.9535,0.0035,0.0361,0.0019
IFBJBKOH_04211,Cytoplasmic Membrane,0.0007,0.0158,0.0010,0.6035,0.3010,0.0780
IFBJBKOH_04212,Cytoplasmic Membrane,0.0000,0.0000,0.0001,0.9995,0.0004,0.0000
IFBJBKOH_04213,Cytoplasmic Membrane,0.0000,0.0000,0.0000,0.9997,0.0003,0.0000
IFBJBKOH_04214,Cytoplasmic,0.0000,0.0001,0.9935,0.0035,0.0029,0.0000
IFBJBKOH_04215,Cytoplasmic,0.0000,0.0000,0.9982,0.0000,0.0010,0.0007
IFBJBKOH_04216,Cytoplasmic,0.0000,0.0006,0.9713,0.0151,0.0069,0.0060
IFBJBKOH_04217,Cytoplasmic,0.0003,0.0012,0.9925,0.0015,0.0041,0.0003
IFBJBKOH_04218,Extracellular,0.0003,0.4730,0.4309,0.0652,0.0259,0.0047
IFBJBKOH_04219,Cytoplasmic,0.0005,0.0601,0.9303,0.0008,0.0080,0.0005
IFBJBKOH_04220,Cytoplasmic Membrane,0.0000,0.0000,0.0000,0.9996,0.0003,0.0000
IFBJBKOH_04221,Cytoplasmic,0.0001,0.0003,0.9875,0.0099,0.0019,0.0003
IFBJBKOH_04222,Cytoplasmic,0.0000,0.0006,0.9322,0.0005,0.0641,0.0026
IFBJBKOH_04223,Cytoplasmic Membrane,0.0025,0.0020,0.0002,0.9416,0.0527,0.0009
IFBJBKOH_04224,Cytoplasmic,0.0001,0.0003,0.4951,0.4636,0.0408,0.0001
IFBJBKOH_04225,Cytoplasmic,0.0001,0.0009,0.9457,0.0286,0.0236,0.0010
IFBJBKOH_04226,Cytoplasmic,0.0002,0.0103,0.9803,0.0085,0.0005,0.0000
IFBJBKOH_04227,Cytoplasmic,0.0002,0.0443,0.9329,0.0064,0.0081,0.0080
IFBJBKOH_04228,Cytoplasmic,0.0001,0.0235,0.9455,0.0295,0.0003,0.0011
IFBJBKOH_04229,Cytoplasmic,0.0000,0.0005,0.9978,0.0012,0.0003,0.0002
IFBJBKOH_04230,Cytoplasmic,0.0001,0.0017,0.9839,0.0006,0.0032,0.0106
IFBJBKOH_04231,Cytoplasmic,0.0001,0.0003,0.9911,0.0003,0.0080,0.0003
IFBJBKOH_04232,Cytoplasmic,0.0000,0.0002,0.8917,0.0024,0.1037,0.0019
IFBJBKOH_04233,Cytoplasmic,0.0000,0.0001,0.9918,0.0003,0.0078,0.0000
IFBJBKOH_04234,Cytoplasmic,0.0000,0.0000,0.6380,0.0011,0.3595,0.0014
IFBJBKOH_04235,Cytoplasmic Membrane,0.0002,0.2107,0.2091,0.5260,0.0524,0.0015
IFBJBKOH_04236,Cytoplasmic Membrane,0.0000,0.0000,0.0000,0.9998,0.0002,0.0000
IFBJBKOH_04237,Cytoplasmic,0.0001,0.0001,0.9893,0.0082,0.0020,0.0004
IFBJBKOH_04238,Cytoplasmic Membrane,0.0000,0.0010,0.0000,0.9988,0.0002,0.0000
IFBJBKOH_04239,Cytoplasmic Membrane,0.0000,0.0000,0.0000,0.9996,0.0004,0.0000
IFBJBKOH_04240,Cytoplasmic Membrane,0.0000,0.0023,0.0001,0.9965,0.0010,0.0000
IFBJBKOH_04241,Cytoplasmic Membrane,0.0000,0.0007,0.0000,0.9990,0.0003,0.0000
IFBJBKOH_04242,Cytoplasmic Membrane,0.0000,0.0000,0.0004,0.9974,0.0022,0.0000
IFBJBKOH_04243,Cytoplasmic,0.0050,0.1659,0.7326,0.0609,0.0077,0.0279
IFBJBKOH_04244,Cytoplasmic Membrane,0.0000,0.0001,0.0000,0.9992,0.0006,0.0000
IFBJBKOH_04245,Cytoplasmic,0.0000,0.0010,0.9652,0.0071,0.0214,0.0053
IFBJBKOH_04246,Cytoplasmic,0.0015,0.0693,0.8715,0.0398,0.0165,0.0014
IFBJBKOH_04247,Cytoplasmic,0.0444,0.0497,0.8460,0.0035,0.0071,0.0494
IFBJBKOH_04248,Cytoplasmic,0.0008,0.0001,0.9974,0.0002,0.0011,0.0003
IFBJBKOH_04249,Cytoplasmic,0.0000,0.0030,0.9874,0.0026,0.0070,0.0000
IFBJBKOH_04250,Cytoplasmic,0.0001,0.2671,0.5666,0.1339,0.0307,0.0017
IFBJBKOH_04251,Extracellular,0.0008,0.5366,0.3609,0.0856,0.0127,0.0034
IFBJBKOH_04252,Outer Membrane,0.0007,0.0203,0.3775,0.0118,0.5816,0.0081
IFBJBKOH_04253,Cytoplasmic,0.0003,0.0030,0.6933,0.1262,0.0134,0.1637
IFBJBKOH_04254,Cytoplasmic,0.0000,0.0000,0.9970,0.0002,0.0027,0.0001
IFBJBKOH_04255,Cytoplasmic,0.0000,0.0002,0.9156,0.0377,0.0463,0.0001
IFBJBKOH_04256,Cytoplasmic Membrane,0.0040,0.0763,0.0004,0.4772,0.0741,0.3679
IFBJBKOH_04257,Cytoplasmic Membrane,0.0002,0.0010,0.3309,0.6343,0.0193,0.0142
IFBJBKOH_04258,Cytoplasmic Membrane,0.0001,0.0002,0.0767,0.9103,0.0104,0.0024
IFBJBKOH_04259,Cytoplasmic Membrane,0.0000,0.0000,0.0000,0.9997,0.0003,0.0000
IFBJBKOH_04260,Cytoplasmic Membrane,0.0000,0.0000,0.0000,0.9998,0.0002,0.0000
IFBJBKOH_04261,Cytoplasmic,0.0002,0.0686,0.8870,0.0125,0.0316,0.0002
IFBJBKOH_04262,Cytoplasmic Membrane,0.0001,0.0515,0.0000,0.9339,0.0144,0.0001
IFBJBKOH_04263,Cytoplasmic Membrane,0.0000,0.0000,0.0000,0.9999,0.0001,0.0000
IFBJBKOH_04264,Cytoplasmic Membrane,0.0004,0.1639,0.3123,0.4727,0.0502,0.0006
IFBJBKOH_04265,Cytoplasmic Membrane,0.0000,0.0001,0.0003,0.9983,0.0012,0.0000
IFBJBKOH_04266,Cytoplasmic Membrane,0.0000,0.0011,0.0001,0.9978,0.0010,0.0000
IFBJBKOH_04267,Cytoplasmic,0.0001,0.0029,0.9812,0.0055,0.0099,0.0003
IFBJBKOH_04268,Cytoplasmic,0.0002,0.0042,0.9210,0.0580,0.0157,0.0008
IFBJBKOH_04269,Cytoplasmic,0.0000,0.0003,0.9895,0.0065,0.0033,0.0003
IFBJBKOH_04270,Cytoplasmic,0.0003,0.0010,0.4860,0.3727,0.1341,0.0058
IFBJBKOH_04271,Cytoplasmic,0.0002,0.0005,0.4012,0.3409,0.2529,0.0043
IFBJBKOH_04272,Cytoplasmic,0.0002,0.0010,0.9016,0.0684,0.0273,0.0015
IFBJBKOH_04273,Cytoplasmic Membrane,0.0233,0.1597,0.0018,0.5958,0.0907,0.1287
IFBJBKOH_04274,Cytoplasmic Membrane,0.0001,0.0005,0.0019,0.9930,0.0043,0.0003
IFBJBKOH_04275,Cytoplasmic Membrane,0.0000,0.0000,0.0003,0.9973,0.0022,0.0002
IFBJBKOH_04276,Cytoplasmic Membrane,0.0000,0.0003,0.1004,0.8861,0.0074,0.0059
IFBJBKOH_04277,Cytoplasmic Membrane,0.0003,0.0112,0.3598,0.6038,0.0133,0.0116
IFBJBKOH_04278,Periplasmic,0.0023,0.3115,0.0038,0.2127,0.0420,0.4277
IFBJBKOH_04279,Periplasmic,0.0038,0.2473,0.0286,0.0523,0.0417,0.6262
IFBJBKOH_04280,Cytoplasmic,0.0001,0.4097,0.4226,0.0463,0.1099,0.0115
IFBJBKOH_04281,Cytoplasmic Membrane,0.0000,0.0000,0.0000,1.0000,0.0000,0.0000
IFBJBKOH_04282,Cytoplasmic Membrane,0.0000,0.0000,0.0000,0.9997,0.0003,0.0000
IFBJBKOH_04283,Cytoplasmic,0.0000,0.0000,0.9994,0.0001,0.0004,0.0001
IFBJBKOH_04284,Cytoplasmic,0.0001,0.0048,0.9670,0.0052,0.0152,0.0077
IFBJBKOH_04285,Cytoplasmic,0.0020,0.0314,0.9427,0.0012,0.0215,0.0012
IFBJBKOH_04286,Cytoplasmic Membrane,0.0000,0.0001,0.0004,0.9969,0.0025,0.0000
IFBJBKOH_04287,Cytoplasmic,0.0000,0.0009,0.9979,0.0001,0.0005,0.0007
IFBJBKOH_04288,Cytoplasmic,0.0000,0.0000,0.9972,0.0002,0.0026,0.0001
IFBJBKOH_04289,Extracellular,0.0001,0.5110,0.4051,0.0242,0.0367,0.0230
IFBJBKOH_04290,Extracellular,0.0017,0.6692,0.0020,0.0584,0.0102,0.2584
IFBJBKOH_04291,Extracellular,0.0002,0.6254,0.2578,0.0419,0.0656,0.0092
IFBJBKOH_04292,Cytoplasmic,0.0003,0.0005,0.9596,0.0391,0.0003,0.0001
IFBJBKOH_04293,Cytoplasmic Membrane,0.0013,0.0230,0.0033,0.9608,0.0107,0.0009
IFBJBKOH_04294,Cytoplasmic,0.0002,0.0040,0.9234,0.0607,0.0115,0.0003
IFBJBKOH_04295,Cytoplasmic,0.0001,0.0465,0.8870,0.0574,0.0037,0.0053
IFBJBKOH_04296,Cytoplasmic,0.0001,0.0383,0.8619,0.0695,0.0033,0.0269
IFBJBKOH_04297,Cytoplasmic Membrane,0.0035,0.0677,0.0004,0.5753,0.1233,0.2298
IFBJBKOH_04298,Cytoplasmic Membrane,0.0000,0.0000,0.0000,0.9999,0.0001,0.0000
IFBJBKOH_04299,Cytoplasmic Membrane,0.0000,0.0000,0.0000,0.9998,0.0002,0.0000
IFBJBKOH_04300,Cytoplasmic,0.0000,0.0026,0.9572,0.0290,0.0084,0.0028
IFBJBKOH_04301,Cytoplasmic,0.0000,0.0004,0.9797,0.0094,0.0062,0.0043
IFBJBKOH_04302,Cytoplasmic,0.0000,0.0181,0.9179,0.0045,0.0445,0.0149
IFBJBKOH_04303,Cytoplasmic,0.0000,0.0066,0.9744,0.0001,0.0008,0.0182
IFBJBKOH_04304,Cytoplasmic,0.0000,0.0002,0.9535,0.0285,0.0119,0.0058
IFBJBKOH_04305,Extracellular,0.0013,0.7041,0.0939,0.0427,0.0098,0.1481
IFBJBKOH_04306,Cytoplasmic,0.0172,0.1720,0.7331,0.0027,0.0440,0.0311
IFBJBKOH_04307,Cytoplasmic,0.0002,0.0009,0.8520,0.1160,0.0306,0.0002
IFBJBKOH_04308,Cytoplasmic,0.0007,0.0061,0.9223,0.0062,0.0541,0.0105
IFBJBKOH_04309,Cytoplasmic,0.0001,0.0038,0.9624,0.0008,0.0309,0.0019
IFBJBKOH_04310,Cytoplasmic,0.0003,0.0070,0.8532,0.0005,0.1387,0.0004
IFBJBKOH_04311,Cytoplasmic,0.0000,0.0005,0.7910,0.0231,0.1842,0.0011
IFBJBKOH_04312,Cytoplasmic Membrane,0.0001,0.0022,0.0002,0.9841,0.0134,0.0000
IFBJBKOH_04313,Cytoplasmic Membrane,0.0000,0.0045,0.0149,0.9764,0.0043,0.0000
IFBJBKOH_04314,Cytoplasmic,0.0000,0.0001,0.9981,0.0009,0.0009,0.0000
IFBJBKOH_04315,Cytoplasmic Membrane,0.0000,0.0001,0.0001,0.9989,0.0010,0.0000
IFBJBKOH_04316,Cytoplasmic,0.0000,0.0093,0.9864,0.0002,0.0032,0.0008
IFBJBKOH_04317,Cytoplasmic,0.0000,0.0281,0.8183,0.1447,0.0055,0.0034
IFBJBKOH_04318,Cytoplasmic,0.0000,0.0031,0.9694,0.0015,0.0237,0.0023
IFBJBKOH_04319,Cytoplasmic Membrane,0.0000,0.0012,0.0013,0.9933,0.0041,0.0000
IFBJBKOH_04320,Cytoplasmic,0.0006,0.0673,0.7961,0.0826,0.0490,0.0044
IFBJBKOH_04321,Cytoplasmic Membrane,0.0000,0.0000,0.0000,0.9997,0.0003,0.0000
IFBJBKOH_04322,Cytoplasmic,0.0000,0.0066,0.9901,0.0020,0.0011,0.0001
IFBJBKOH_04323,Cytoplasmic Membrane,0.0003,0.0020,0.4030,0.5449,0.0446,0.0052
IFBJBKOH_04324,Extracellular,0.0070,0.9596,0.0017,0.0014,0.0229,0.0074
IFBJBKOH_04325,Cytoplasmic Membrane,0.0005,0.0099,0.2456,0.6766,0.0663,0.0010
IFBJBKOH_04326,Cytoplasmic Membrane,0.0001,0.0026,0.1112,0.8166,0.0690,0.0006
IFBJBKOH_04327,Cytoplasmic,0.0000,0.0003,0.9782,0.0022,0.0168,0.0025
IFBJBKOH_04328,Cytoplasmic Membrane,0.0000,0.0000,0.1045,0.8760,0.0192,0.0002
IFBJBKOH_04329,Cytoplasmic Membrane,0.0000,0.0001,0.0002,0.9986,0.0012,0.0000
IFBJBKOH_04330,Cytoplasmic Membrane,0.0002,0.0014,0.3896,0.5643,0.0429,0.0016
IFBJBKOH_04331,Cytoplasmic Membrane,0.0000,0.0000,0.0001,0.9999,0.0000,0.0000
IFBJBKOH_04332,Cytoplasmic Membrane,0.0002,0.0016,0.0043,0.9899,0.0040,0.0001
IFBJBKOH_04333,Cytoplasmic,0.0000,0.0001,0.9990,0.0000,0.0008,0.0001
IFBJBKOH_04334,Cytoplasmic Membrane,0.0000,0.0000,0.0000,0.9996,0.0004,0.0000
IFBJBKOH_04335,Cytoplasmic,0.0007,0.0004,0.9959,0.0016,0.0011,0.0002
IFBJBKOH_04336,Cytoplasmic,0.0000,0.0014,0.9985,0.0000,0.0000,0.0000
IFBJBKOH_04337,Cytoplasmic Membrane,0.0000,0.0002,0.0002,0.9950,0.0044,0.0003
IFBJBKOH_04338,Cytoplasmic Membrane,0.0000,0.0001,0.0003,0.9978,0.0018,0.0000
IFBJBKOH_04339,Cytoplasmic,0.0000,0.0014,0.9921,0.0013,0.0039,0.0012
IFBJBKOH_04340,Cytoplasmic,0.0003,0.0011,0.9654,0.0011,0.0309,0.0012
IFBJBKOH_04341,Cytoplasmic Membrane,0.0000,0.0001,0.0001,0.9975,0.0023,0.0000
IFBJBKOH_04342,Cytoplasmic,0.0000,0.0012,0.9890,0.0002,0.0086,0.0009
IFBJBKOH_04343,Cytoplasmic,0.0005,0.0031,0.9419,0.0478,0.0066,0.0000
IFBJBKOH_04344,Cytoplasmic,0.0000,0.0000,0.9988,0.0006,0.0005,0.0000
IFBJBKOH_04345,Cytoplasmic,0.0001,0.0056,0.7871,0.0361,0.0118,0.1593
IFBJBKOH_04346,Extracellular,0.0024,0.6332,0.2557,0.0052,0.0333,0.0701
IFBJBKOH_04347,Cytoplasmic,0.0001,0.0004,0.7459,0.1744,0.0788,0.0004
IFBJBKOH_04348,Cytoplasmic,0.0005,0.0241,0.7155,0.0909,0.0262,0.1428
IFBJBKOH_04349,Cytoplasmic Membrane,0.0000,0.0000,0.0000,0.9999,0.0001,0.0000
IFBJBKOH_04350,Cytoplasmic,0.0002,0.0005,0.9389,0.0399,0.0183,0.0022
IFBJBKOH_04351,Cytoplasmic,0.0000,0.0085,0.9770,0.0037,0.0096,0.0012
IFBJBKOH_04352,Cytoplasmic Membrane,0.0000,0.0000,0.0000,0.9999,0.0001,0.0000
IFBJBKOH_04353,Cytoplasmic,0.0001,0.0007,0.9328,0.0466,0.0159,0.0038
IFBJBKOH_04354,Extracellular,0.0270,0.5016,0.4070,0.0248,0.0394,0.0002
IFBJBKOH_04355,Cytoplasmic,0.0001,0.0020,0.9859,0.0101,0.0012,0.0007
IFBJBKOH_04356,Extracellular,0.0001,0.4974,0.4384,0.0498,0.0141,0.0002
IFBJBKOH_04357,Cytoplasmic,0.0001,0.0005,0.9586,0.0003,0.0325,0.0080
IFBJBKOH_04358,Cytoplasmic Membrane,0.0006,0.0025,0.4177,0.5417,0.0359,0.0016
IFBJBKOH_04359,Cytoplasmic,0.0100,0.0304,0.5953,0.3009,0.0604,0.0029
IFBJBKOH_04360,Cytoplasmic,0.0000,0.0002,0.9914,0.0020,0.0062,0.0003
IFBJBKOH_04361,Cytoplasmic,0.0003,0.0021,0.5637,0.3722,0.0586,0.0030
IFBJBKOH_04362,Cytoplasmic,0.0000,0.0001,0.9988,0.0001,0.0007,0.0003
IFBJBKOH_04363,Cytoplasmic,0.0000,0.0012,0.9139,0.0013,0.0782,0.0053
IFBJBKOH_04364,Cytoplasmic Membrane,0.0003,0.0561,0.3742,0.5253,0.0423,0.0017
IFBJBKOH_04365,Cytoplasmic Membrane,0.0002,0.0365,0.0396,0.9181,0.0055,0.0001
IFBJBKOH_04366,Cytoplasmic Membrane,0.0002,0.0012,0.0005,0.9946,0.0034,0.0000
IFBJBKOH_04367,Cytoplasmic Membrane,0.0002,0.0114,0.0019,0.9789,0.0074,0.0001
IFBJBKOH_04368,Cytoplasmic,0.0000,0.0007,0.9701,0.0072,0.0217,0.0004
IFBJBKOH_04369,Extracellular,0.0001,0.5127,0.2710,0.0013,0.1966,0.0182
IFBJBKOH_04370,Cytoplasmic,0.0001,0.0249,0.8418,0.0028,0.1263,0.0041
IFBJBKOH_04371,Cytoplasmic,0.0000,0.0009,0.9382,0.0093,0.0359,0.0157
IFBJBKOH_04372,Cytoplasmic Membrane,0.0001,0.0018,0.1632,0.7405,0.0914,0.0030
IFBJBKOH_04373,Cytoplasmic Membrane,0.0000,0.0000,0.0000,0.9984,0.0015,0.0000
IFBJBKOH_04374,Cytoplasmic,0.0006,0.2800,0.5756,0.0939,0.0433,0.0067
IFBJBKOH_04375,Cytoplasmic,0.0007,0.1401,0.6851,0.0124,0.1579,0.0038
IFBJBKOH_04376,Cytoplasmic,0.0011,0.1704,0.5274,0.0098,0.2907,0.0006
IFBJBKOH_04377,Cell wall & surface,0.6655,0.2075,0.0007,0.1093,0.0169,0.0001
IFBJBKOH_04378,Cytoplasmic,0.0022,0.0086,0.9252,0.0302,0.0322,0.0015
IFBJBKOH_04379,Cytoplasmic,0.0029,0.0113,0.8980,0.0119,0.0748,0.0012
IFBJBKOH_04380,Cytoplasmic,0.0000,0.0009,0.9923,0.0005,0.0061,0.0001
IFBJBKOH_04381,Cytoplasmic,0.0013,0.0373,0.9016,0.0141,0.0371,0.0086
IFBJBKOH_04382,Cytoplasmic Membrane,0.0000,0.0015,0.0002,0.9915,0.0068,0.0000
IFBJBKOH_04383,Cytoplasmic,0.0003,0.0063,0.9448,0.0398,0.0083,0.0006
IFBJBKOH_04384,Cytoplasmic,0.0003,0.0337,0.9307,0.0114,0.0227,0.0012
IFBJBKOH_04385,Cytoplasmic,0.0002,0.0056,0.9070,0.0638,0.0222,0.0011
IFBJBKOH_04386,Cytoplasmic,0.0000,0.0131,0.8821,0.0004,0.0112,0.0931
IFBJBKOH_04387,Cytoplasmic,0.0013,0.0239,0.9494,0.0231,0.0023,0.0000
IFBJBKOH_04388,Cytoplasmic,0.0001,0.1136,0.7995,0.0162,0.0694,0.0013
IFBJBKOH_04389,Cytoplasmic,0.0014,0.0012,0.9180,0.0788,0.0007,0.0000
IFBJBKOH_04390,Cytoplasmic,0.0002,0.0020,0.8964,0.0943,0.0067,0.0004
IFBJBKOH_04391,Cytoplasmic,0.0001,0.0114,0.9662,0.0023,0.0097,0.0103
IFBJBKOH_04392,Cytoplasmic,0.0000,0.0345,0.9637,0.0006,0.0009,0.0003
IFBJBKOH_04393,Cytoplasmic,0.0113,0.1369,0.7941,0.0009,0.0329,0.0239
IFBJBKOH_04394,Cytoplasmic,0.0034,0.1886,0.7560,0.0148,0.0319,0.0053
IFBJBKOH_04395,Cytoplasmic,0.0023,0.2327,0.7134,0.0188,0.0302,0.0027
IFBJBKOH_04396,Cytoplasmic,0.0001,0.0065,0.9588,0.0326,0.0020,0.0001
IFBJBKOH_04397,Extracellular,0.0062,0.8806,0.0015,0.0649,0.0340,0.0128
IFBJBKOH_04398,Extracellular,0.0287,0.6788,0.0037,0.1632,0.0369,0.0888
IFBJBKOH_04399,Cytoplasmic,0.0005,0.0070,0.9419,0.0493,0.0012,0.0000
IFBJBKOH_04400,Cytoplasmic Membrane,0.0000,0.0000,0.0000,0.9998,0.0002,0.0000
IFBJBKOH_04401,Cytoplasmic Membrane,0.0094,0.0799,0.0012,0.6467,0.2591,0.0038
IFBJBKOH_04402,Extracellular,0.0069,0.9532,0.0007,0.0041,0.0026,0.0325
IFBJBKOH_04403,Cytoplasmic Membrane,0.0011,0.0602,0.4067,0.4894,0.0403,0.0023
IFBJBKOH_04404,Cytoplasmic Membrane,0.0000,0.0000,0.0001,0.9992,0.0006,0.0000
IFBJBKOH_04405,Cytoplasmic,0.0001,0.1567,0.7424,0.0084,0.0887,0.0038
IFBJBKOH_04406,Cytoplasmic,0.0024,0.0323,0.9497,0.0085,0.0065,0.0007
IFBJBKOH_04407,Cytoplasmic,0.0001,0.0336,0.8395,0.1039,0.0229,0.0000
IFBJBKOH_04408,Cytoplasmic Membrane,0.0001,0.0021,0.1871,0.7851,0.0160,0.0096
IFBJBKOH_04409,Cytoplasmic,0.0006,0.1001,0.8560,0.0288,0.0131,0.0014
IFBJBKOH_04410,Extracellular,0.0011,0.7271,0.2497,0.0114,0.0105,0.0003
IFBJBKOH_04411,Cytoplasmic,0.0007,0.1231,0.7935,0.0496,0.0050,0.0281
IFBJBKOH_04412,Cytoplasmic,0.0004,0.0026,0.9613,0.0169,0.0186,0.0002
IFBJBKOH_04413,Cytoplasmic,0.0008,0.0912,0.8145,0.0486,0.0426,0.0024
IFBJBKOH_04414,Cytoplasmic,0.0002,0.3166,0.6630,0.0071,0.0126,0.0005
IFBJBKOH_04415,Cytoplasmic Membrane,0.0002,0.0967,0.0024,0.8738,0.0267,0.0001
IFBJBKOH_04416,Extracellular,0.0036,0.4741,0.4686,0.0007,0.0501,0.0029
IFBJBKOH_04417,Cytoplasmic,0.0013,0.1696,0.8179,0.0001,0.0091,0.0020
IFBJBKOH_04418,Cytoplasmic,0.0013,0.3118,0.6118,0.0162,0.0571,0.0018
IFBJBKOH_04419,Cytoplasmic,0.0050,0.0041,0.9482,0.0047,0.0372,0.0008
IFBJBKOH_04420,Cytoplasmic,0.0003,0.0033,0.9733,0.0022,0.0206,0.0003
IFBJBKOH_04421,Cytoplasmic,0.0001,0.0163,0.9598,0.0124,0.0104,0.0010
IFBJBKOH_04422,Cytoplasmic,0.0003,0.0454,0.9168,0.0133,0.0234,0.0008
IFBJBKOH_04423,Extracellular,0.0051,0.6042,0.3741,0.0147,0.0018,0.0002
IFBJBKOH_04424,Cytoplasmic,0.0001,0.0640,0.9268,0.0012,0.0079,0.0000
IFBJBKOH_04425,Cytoplasmic,0.0086,0.0974,0.7378,0.0035,0.1510,0.0017
IFBJBKOH_04426,Cytoplasmic,0.0091,0.2243,0.7029,0.0271,0.0363,0.0003
IFBJBKOH_04427,Cytoplasmic Membrane,0.0000,0.0423,0.0000,0.9576,0.0001,0.0000
IFBJBKOH_04428,Cytoplasmic,0.0002,0.2271,0.7430,0.0064,0.0228,0.0005
IFBJBKOH_04429,Cytoplasmic,0.0004,0.0040,0.8890,0.0090,0.0970,0.0007
IFBJBKOH_04430,Extracellular,0.0075,0.9810,0.0019,0.0020,0.0072,0.0005
IFBJBKOH_04431,Cytoplasmic,0.0001,0.2793,0.7088,0.0079,0.0039,0.0000
IFBJBKOH_04432,Extracellular,0.0001,0.9204,0.0761,0.0018,0.0016,0.0000
IFBJBKOH_04433,Cytoplasmic,0.0003,0.3597,0.6022,0.0190,0.0174,0.0015
IFBJBKOH_04434,Extracellular,0.0001,0.6322,0.0001,0.2862,0.0813,0.0000
IFBJBKOH_04435,Extracellular,0.0005,0.8735,0.1011,0.0241,0.0008,0.0000
IFBJBKOH_04436,Extracellular,0.0016,0.9918,0.0003,0.0023,0.0022,0.0019
IFBJBKOH_04437,Cytoplasmic,0.0002,0.1604,0.6513,0.1863,0.0018,0.0001
IFBJBKOH_04438,Cytoplasmic,0.0002,0.0072,0.9607,0.0090,0.0228,0.0001
IFBJBKOH_04439,Cytoplasmic,0.0039,0.0376,0.9263,0.0016,0.0301,0.0006
IFBJBKOH_04440,Cytoplasmic,0.0008,0.2143,0.7381,0.0362,0.0084,0.0022
IFBJBKOH_04441,Cytoplasmic,0.0044,0.0131,0.9404,0.0181,0.0210,0.0031
IFBJBKOH_04442,Cytoplasmic,0.0004,0.0788,0.8366,0.0331,0.0505,0.0006
IFBJBKOH_04443,Cytoplasmic Membrane,0.0000,0.0440,0.0000,0.9559,0.0001,0.0000
IFBJBKOH_04444,Cytoplasmic,0.0013,0.0619,0.6509,0.1637,0.1188,0.0034
IFBJBKOH_04445,Cytoplasmic,0.0006,0.0410,0.8704,0.0716,0.0109,0.0056
IFBJBKOH_04446,Cytoplasmic,0.0001,0.0192,0.9251,0.0239,0.0308,0.0009
IFBJBKOH_04447,Cytoplasmic Membrane,0.0000,0.0379,0.0000,0.9621,0.0001,0.0000
IFBJBKOH_04448,Cytoplasmic,0.0000,0.0051,0.9906,0.0018,0.0011,0.0014
IFBJBKOH_04449,Cytoplasmic,0.0000,0.0007,0.9921,0.0008,0.0060,0.0003
IFBJBKOH_04450,Outer Membrane,0.0026,0.1524,0.0009,0.3265,0.4684,0.0493
IFBJBKOH_04451,Cytoplasmic Membrane,0.0001,0.0001,0.1897,0.7901,0.0191,0.0010
IFBJBKOH_04452,Cytoplasmic Membrane,0.0000,0.0000,0.0000,0.9996,0.0003,0.0000
IFBJBKOH_04453,Cytoplasmic Membrane,0.0000,0.0000,0.0000,0.9999,0.0001,0.0000
IFBJBKOH_04454,Cytoplasmic,0.0000,0.0049,0.9848,0.0020,0.0079,0.0003
IFBJBKOH_04455,Cytoplasmic,0.0002,0.0132,0.9702,0.0054,0.0106,0.0004
IFBJBKOH_04456,Cytoplasmic,0.0000,0.0018,0.9966,0.0006,0.0008,0.0002
IFBJBKOH_04457,Cytoplasmic Membrane,0.0000,0.0000,0.0000,0.9988,0.0011,0.0000
IFBJBKOH_04458,Cytoplasmic Membrane,0.0003,0.0030,0.0013,0.9900,0.0055,0.0000
IFBJBKOH_04459,Cytoplasmic,0.0000,0.0015,0.9478,0.0002,0.0247,0.0258
IFBJBKOH_04460,Cytoplasmic,0.0001,0.0122,0.9664,0.0190,0.0016,0.0005
IFBJBKOH_04461,Cytoplasmic Membrane,0.0001,0.0125,0.0004,0.9825,0.0042,0.0004
IFBJBKOH_04462,Cytoplasmic Membrane,0.0000,0.0000,0.0000,0.9997,0.0002,0.0000
IFBJBKOH_04463,Cytoplasmic,0.0003,0.0023,0.9853,0.0094,0.0024,0.0003
IFBJBKOH_04464,Cytoplasmic,0.0000,0.0001,0.9942,0.0010,0.0047,0.0001
IFBJBKOH_04465,Cytoplasmic,0.0001,0.1007,0.8741,0.0184,0.0057,0.0010
IFBJBKOH_04466,Cytoplasmic Membrane,0.0009,0.3360,0.0066,0.6431,0.0133,0.0002
IFBJBKOH_04467,Cytoplasmic,0.0000,0.0004,0.9943,0.0013,0.0026,0.0013
IFBJBKOH_04468,Cytoplasmic,0.0000,0.0025,0.9917,0.0047,0.0010,0.0001
IFBJBKOH_04469,Cytoplasmic Membrane,0.0000,0.0104,0.0000,0.9891,0.0005,0.0000
IFBJBKOH_04470,Cytoplasmic,0.0014,0.0080,0.6820,0.0273,0.2786,0.0027
IFBJBKOH_04471,Cytoplasmic,0.0040,0.0064,0.8274,0.0159,0.1443,0.0020
IFBJBKOH_04472,Cytoplasmic Membrane,0.0000,0.0118,0.0006,0.9788,0.0088,0.0001
IFBJBKOH_04473,Cytoplasmic,0.0002,0.0034,0.8850,0.0084,0.0989,0.0041
IFBJBKOH_04474,Cytoplasmic Membrane,0.0000,0.0001,0.0000,0.9991,0.0008,0.0000
IFBJBKOH_04475,Cytoplasmic,0.0003,0.0198,0.9378,0.0034,0.0370,0.0017
IFBJBKOH_04476,Cytoplasmic,0.0000,0.0004,0.9683,0.0005,0.0304,0.0003
IFBJBKOH_04477,Cytoplasmic,0.0008,0.0132,0.9512,0.0016,0.0331,0.0001
IFBJBKOH_04478,Cytoplasmic,0.0002,0.0315,0.9527,0.0075,0.0079,0.0002
IFBJBKOH_04479,Cytoplasmic,0.0000,0.0175,0.9805,0.0002,0.0006,0.0012
IFBJBKOH_04480,Extracellular,0.0001,0.2963,0.2752,0.1378,0.2880,0.0026
IFBJBKOH_04481,Cytoplasmic,0.0014,0.0380,0.9024,0.0455,0.0019,0.0109
IFBJBKOH_04482,Cytoplasmic Membrane,0.0001,0.0002,0.0002,0.9950,0.0045,0.0000
IFBJBKOH_04483,Cytoplasmic Membrane,0.0000,0.0000,0.0001,0.9983,0.0015,0.0001
IFBJBKOH_04484,Cytoplasmic Membrane,0.0000,0.0000,0.0000,0.9997,0.0002,0.0000
IFBJBKOH_04485,Cytoplasmic,0.0103,0.0056,0.6463,0.1476,0.1886,0.0016
IFBJBKOH_04486,Extracellular,0.0001,0.3742,0.2930,0.1726,0.1595,0.0005
IFBJBKOH_04487,Outer Membrane,0.0000,0.0000,0.0826,0.0002,0.9170,0.0001
IFBJBKOH_04488,Cytoplasmic,0.0000,0.0000,0.9866,0.0004,0.0128,0.0001
IFBJBKOH_04489,Cytoplasmic,0.0000,0.0000,0.9963,0.0009,0.0028,0.0000
IFBJBKOH_04490,Cytoplasmic Membrane,0.0002,0.0351,0.3641,0.5497,0.0285,0.0224
IFBJBKOH_04491,Cytoplasmic Membrane,0.0000,0.0000,0.0001,0.9993,0.0006,0.0000
IFBJBKOH_04492,Cytoplasmic Membrane,0.0000,0.0000,0.0000,1.0000,0.0000,0.0000
IFBJBKOH_04493,Cytoplasmic,0.0001,0.0009,0.9752,0.0100,0.0102,0.0036
IFBJBKOH_04494,Cytoplasmic,0.0006,0.2562,0.7131,0.0048,0.0196,0.0057
IFBJBKOH_04495,Cytoplasmic Membrane,0.0175,0.0998,0.0011,0.5674,0.1399,0.1743
IFBJBKOH_04496,Cytoplasmic Membrane,0.0000,0.0000,0.0000,0.9999,0.0001,0.0000
IFBJBKOH_04497,Cytoplasmic Membrane,0.0000,0.0000,0.0000,0.9997,0.0003,0.0000
IFBJBKOH_04498,Cytoplasmic,0.0000,0.0176,0.9697,0.0070,0.0054,0.0003
IFBJBKOH_04499,Cytoplasmic,0.0003,0.2909,0.6049,0.0580,0.0262,0.0196
IFBJBKOH_04500,Cytoplasmic Membrane,0.0448,0.0560,0.0011,0.6054,0.2384,0.0543
IFBJBKOH_04501,Cytoplasmic,0.0000,0.0006,0.9750,0.0105,0.0026,0.0113
IFBJBKOH_04502,Cytoplasmic Membrane,0.0001,0.0001,0.0939,0.8873,0.0176,0.0010
IFBJBKOH_04503,Cytoplasmic Membrane,0.0000,0.0000,0.0000,0.9996,0.0004,0.0000
IFBJBKOH_04504,Cytoplasmic,0.0001,0.0020,0.9804,0.0100,0.0073,0.0003
IFBJBKOH_04505,Cytoplasmic Membrane,0.0000,0.0000,0.0000,0.9996,0.0004,0.0000
IFBJBKOH_04506,Cytoplasmic,0.0003,0.0021,0.9415,0.0454,0.0097,0.0010
IFBJBKOH_04507,Cytoplasmic Membrane,0.0001,0.0026,0.3972,0.5940,0.0054,0.0007
IFBJBKOH_04508,Cytoplasmic Membrane,0.0002,0.0014,0.1987,0.7664,0.0318,0.0015
IFBJBKOH_04509,Periplasmic,0.0146,0.2290,0.0049,0.2073,0.2036,0.3405
IFBJBKOH_04510,Cytoplasmic Membrane,0.0003,0.0057,0.0012,0.9707,0.0216,0.0005
IFBJBKOH_04511,Extracellular,0.0007,0.8955,0.0001,0.0004,0.0018,0.1017
IFBJBKOH_04512,Cytoplasmic,0.0004,0.0016,0.9804,0.0058,0.0115,0.0002
IFBJBKOH_04513,Outer Membrane,0.0001,0.0051,0.3156,0.3211,0.3568,0.0014
IFBJBKOH_04514,Cytoplasmic Membrane,0.0003,0.0023,0.0001,0.9763,0.0193,0.0017
IFBJBKOH_04515,Cytoplasmic Membrane,0.0000,0.0125,0.3549,0.5594,0.0575,0.0157
IFBJBKOH_04516,Cytoplasmic Membrane,0.0000,0.0001,0.0001,0.9985,0.0014,0.0000
IFBJBKOH_04517,Cytoplasmic,0.0002,0.0025,0.8149,0.0251,0.1462,0.0111
IFBJBKOH_04518,Extracellular,0.0482,0.7886,0.0437,0.0026,0.0304,0.0865
IFBJBKOH_04519,Extracellular,0.0008,0.7606,0.1778,0.0012,0.0566,0.0030
IFBJBKOH_04520,Cytoplasmic,0.0000,0.0132,0.9758,0.0049,0.0021,0.0040
IFBJBKOH_04521,Cytoplasmic,0.0000,0.0367,0.9563,0.0006,0.0041,0.0023
IFBJBKOH_04522,Cytoplasmic,0.0000,0.0043,0.9944,0.0001,0.0011,0.0001
IFBJBKOH_04523,Extracellular,0.0328,0.8972,0.0000,0.0044,0.0013,0.0643
IFBJBKOH_04524,Extracellular,0.0877,0.9027,0.0001,0.0006,0.0073,0.0016
IFBJBKOH_04525,Cytoplasmic,0.0002,0.0015,0.9397,0.0327,0.0251,0.0007
IFBJBKOH_04526,Cytoplasmic,0.0003,0.0345,0.8559,0.0049,0.0885,0.0159
IFBJBKOH_04527,Cytoplasmic,0.0000,0.0002,0.9847,0.0018,0.0131,0.0001
IFBJBKOH_04528,Cytoplasmic Membrane,0.0001,0.0752,0.0020,0.9165,0.0063,0.0000
IFBJBKOH_04529,Cytoplasmic Membrane,0.0018,0.2422,0.0008,0.7490,0.0062,0.0001
IFBJBKOH_04530,Cytoplasmic,0.0007,0.0543,0.8890,0.0018,0.0537,0.0005
IFBJBKOH_04531,Cytoplasmic,0.0011,0.0768,0.8928,0.0071,0.0220,0.0002
IFBJBKOH_04532,Cytoplasmic Membrane,0.0000,0.0000,0.0001,0.9982,0.0017,0.0000
IFBJBKOH_04533,Cytoplasmic Membrane,0.0000,0.0005,0.0003,0.9834,0.0157,0.0000
IFBJBKOH_04534,Cytoplasmic Membrane,0.0000,0.0002,0.0003,0.9963,0.0030,0.0002
IFBJBKOH_04535,Cytoplasmic Membrane,0.0000,0.0000,0.0001,0.9985,0.0014,0.0000
IFBJBKOH_04536,Cytoplasmic,0.0003,0.0129,0.7311,0.2233,0.0212,0.0113
IFBJBKOH_04537,Cytoplasmic,0.0001,0.0026,0.9592,0.0011,0.0133,0.0238
IFBJBKOH_04538,Cytoplasmic,0.0001,0.0047,0.9469,0.0424,0.0057,0.0001
IFBJBKOH_04539,Cytoplasmic,0.0001,0.0104,0.9884,0.0005,0.0006,0.0001
IFBJBKOH_04540,Cytoplasmic,0.0001,0.0009,0.9888,0.0082,0.0017,0.0003
IFBJBKOH_04541,Cytoplasmic Membrane,0.0025,0.1918,0.1455,0.5003,0.1499,0.0100
IFBJBKOH_04542,Cytoplasmic,0.0001,0.0319,0.7902,0.1354,0.0416,0.0008
IFBJBKOH_04543,Cytoplasmic,0.0000,0.0001,0.9963,0.0006,0.0026,0.0004
IFBJBKOH_04544,Cytoplasmic,0.0002,0.0013,0.9000,0.0815,0.0161,0.0010
IFBJBKOH_04545,Cytoplasmic,0.0001,0.0029,0.9643,0.0237,0.0008,0.0082
IFBJBKOH_04546,Periplasmic,0.0017,0.1830,0.0381,0.1407,0.0999,0.5367
IFBJBKOH_04547,Cytoplasmic,0.0000,0.2634,0.6502,0.0576,0.0182,0.0105
IFBJBKOH_04548,Cytoplasmic,0.0007,0.0074,0.8820,0.0350,0.0742,0.0007
IFBJBKOH_04549,Cytoplasmic,0.0001,0.1489,0.7222,0.0762,0.0523,0.0004
IFBJBKOH_04550,Cytoplasmic,0.0001,0.0013,0.9905,0.0011,0.0067,0.0003
IFBJBKOH_04551,Cytoplasmic,0.0000,0.0009,0.9573,0.0020,0.0331,0.0067
IFBJBKOH_04552,Cytoplasmic Membrane,0.0000,0.0000,0.0000,0.9985,0.0014,0.0000
IFBJBKOH_04553,Cytoplasmic,0.0000,0.0002,0.9993,0.0000,0.0003,0.0002
IFBJBKOH_04554,Cytoplasmic,0.0000,0.0004,0.9971,0.0013,0.0012,0.0001
IFBJBKOH_04555,Cytoplasmic,0.0000,0.0001,0.9753,0.0228,0.0018,0.0000
IFBJBKOH_04556,Extracellular,0.0001,0.6075,0.1545,0.1656,0.0676,0.0047
IFBJBKOH_04557,Cytoplasmic Membrane,0.0000,0.0000,0.0000,0.9990,0.0010,0.0000
IFBJBKOH_04558,Cytoplasmic,0.0000,0.0015,0.9923,0.0049,0.0011,0.0002
IFBJBKOH_04559,Cytoplasmic Membrane,0.0001,0.0028,0.0094,0.9659,0.0218,0.0000
IFBJBKOH_04560,Cytoplasmic,0.0001,0.0009,0.9915,0.0042,0.0033,0.0001
IFBJBKOH_04561,Cytoplasmic Membrane,0.0000,0.0003,0.0020,0.9956,0.0021,0.0000
IFBJBKOH_04562,Cytoplasmic Membrane,0.0000,0.0003,0.0000,0.9958,0.0039,0.0000
IFBJBKOH_04563,Cytoplasmic,0.0000,0.0005,0.9423,0.0410,0.0060,0.0101
IFBJBKOH_04564,Cytoplasmic Membrane,0.0000,0.0000,0.0001,0.9986,0.0012,0.0000
IFBJBKOH_04565,Cytoplasmic Membrane,0.0000,0.0000,0.0000,0.9994,0.0005,0.0000
IFBJBKOH_04566,Cytoplasmic Membrane,0.0000,0.0000,0.0000,0.9998,0.0002,0.0000
IFBJBKOH_04567,Cytoplasmic Membrane,0.0002,0.0004,0.0020,0.9905,0.0069,0.0000
IFBJBKOH_04568,Cytoplasmic Membrane,0.0000,0.0000,0.0004,0.9981,0.0014,0.0000
IFBJBKOH_04569,Cytoplasmic Membrane,0.0000,0.0000,0.0011,0.9958,0.0030,0.0001
IFBJBKOH_04570,Cytoplasmic Membrane,0.0000,0.0000,0.0006,0.9940,0.0039,0.0015
IFBJBKOH_04571,Cytoplasmic Membrane,0.0001,0.0002,0.0036,0.9914,0.0047,0.0001
IFBJBKOH_04572,Cytoplasmic Membrane,0.0000,0.0000,0.0005,0.9992,0.0002,0.0000
IFBJBKOH_04573,Cytoplasmic,0.0001,0.3780,0.4825,0.0022,0.1368,0.0004
IFBJBKOH_04574,Cytoplasmic,0.0002,0.0023,0.9930,0.0024,0.0019,0.0002
IFBJBKOH_04575,Cytoplasmic,0.0001,0.4774,0.4852,0.0076,0.0006,0.0291
IFBJBKOH_04576,Extracellular,0.0024,0.6332,0.2557,0.0052,0.0333,0.0701
IFBJBKOH_04577,Cytoplasmic,0.0002,0.0029,0.9156,0.0164,0.0647,0.0002
IFBJBKOH_04578,Cytoplasmic,0.0000,0.0047,0.9637,0.0202,0.0111,0.0003
IFBJBKOH_04579,Cytoplasmic,0.0001,0.0004,0.9963,0.0006,0.0009,0.0017
IFBJBKOH_04580,Cytoplasmic,0.0007,0.0113,0.8175,0.0003,0.0625,0.1077
IFBJBKOH_04581,Cytoplasmic,0.0002,0.4093,0.5843,0.0023,0.0035,0.0004
IFBJBKOH_04582,Cytoplasmic,0.0158,0.1433,0.8024,0.0026,0.0277,0.0083
IFBJBKOH_04583,Cytoplasmic,0.0015,0.0819,0.8835,0.0311,0.0013,0.0006
IFBJBKOH_04584,Cytoplasmic Membrane,0.0000,0.0001,0.2513,0.6782,0.0664,0.0039
IFBJBKOH_04585,Cytoplasmic Membrane,0.0000,0.0000,0.0000,0.9998,0.0002,0.0000
IFBJBKOH_04586,Cytoplasmic Membrane,0.0059,0.0115,0.0007,0.5472,0.3987,0.0359
IFBJBKOH_04587,Cytoplasmic,0.0001,0.0006,0.9699,0.0123,0.0097,0.0074
IFBJBKOH_04588,Cytoplasmic,0.0001,0.0029,0.9802,0.0056,0.0091,0.0022
IFBJBKOH_04589,Cytoplasmic,0.0000,0.0004,0.9764,0.0055,0.0105,0.0072
IFBJBKOH_04590,Cytoplasmic,0.0002,0.0050,0.9710,0.0126,0.0103,0.0010
IFBJBKOH_04591,Cytoplasmic,0.0001,0.0229,0.9659,0.0017,0.0060,0.0035
IFBJBKOH_04592,Cytoplasmic,0.0005,0.0555,0.9178,0.0019,0.0216,0.0028
IFBJBKOH_04593,Cytoplasmic,0.0001,0.0037,0.9772,0.0004,0.0166,0.0020
IFBJBKOH_04594,Cytoplasmic,0.0017,0.0175,0.9171,0.0154,0.0411,0.0072
IFBJBKOH_04595,Cytoplasmic,0.0004,0.0315,0.9406,0.0015,0.0211,0.0049
IFBJBKOH_04596,Cytoplasmic,0.0001,0.2876,0.6560,0.0159,0.0390,0.0014
IFBJBKOH_04597,Cytoplasmic,0.0000,0.0007,0.9975,0.0007,0.0009,0.0002
IFBJBKOH_04598,Cytoplasmic Membrane,0.0001,0.0008,0.1362,0.8279,0.0344,0.0007
IFBJBKOH_04599,Cytoplasmic Membrane,0.0143,0.0394,0.0007,0.3887,0.2269,0.3301
IFBJBKOH_04600,Cytoplasmic Membrane,0.0000,0.0000,0.0000,0.9998,0.0002,0.0000
IFBJBKOH_04601,Cytoplasmic,0.0000,0.0002,0.9964,0.0017,0.0014,0.0002
IFBJBKOH_04602,Cytoplasmic,0.0002,0.0003,0.9625,0.0001,0.0369,0.0000
IFBJBKOH_04603,Cytoplasmic,0.0013,0.1343,0.6774,0.0260,0.1596,0.0013
IFBJBKOH_04604,Cytoplasmic,0.0003,0.0041,0.9754,0.0004,0.0196,0.0002
IFBJBKOH_04605,Cytoplasmic Membrane,0.0000,0.0002,0.0057,0.9892,0.0046,0.0002
IFBJBKOH_04606,Cytoplasmic,0.0001,0.0001,0.9949,0.0002,0.0045,0.0002
IFBJBKOH_04607,Cytoplasmic,0.0001,0.0016,0.9860,0.0079,0.0028,0.0015
IFBJBKOH_04608,Cytoplasmic,0.0001,0.0010,0.9719,0.0193,0.0069,0.0008
IFBJBKOH_04609,Cytoplasmic,0.0005,0.0161,0.7739,0.0948,0.1139,0.0009
IFBJBKOH_04610,Cytoplasmic Membrane,0.0000,0.0001,0.0013,0.9977,0.0009,0.0000
IFBJBKOH_04611,Cytoplasmic,0.0000,0.0002,0.9484,0.0092,0.0419,0.0003
IFBJBKOH_04612,Cytoplasmic,0.0000,0.0001,0.9964,0.0032,0.0001,0.0001
IFBJBKOH_04613,Cytoplasmic Membrane,0.0001,0.0045,0.0012,0.9707,0.0235,0.0001
IFBJBKOH_04614,Cytoplasmic,0.0003,0.0142,0.7811,0.1893,0.0148,0.0003
IFBJBKOH_04615,Cytoplasmic,0.0003,0.0324,0.8575,0.0459,0.0638,0.0002
IFBJBKOH_04616,Cytoplasmic,0.0001,0.0037,0.9777,0.0179,0.0006,0.0000
IFBJBKOH_04617,Cytoplasmic Membrane,0.0017,0.0185,0.0227,0.9377,0.0193,0.0002
IFBJBKOH_04618,Cytoplasmic Membrane,0.0001,0.0049,0.0119,0.9724,0.0101,0.0004
IFBJBKOH_04619,Cytoplasmic,0.0006,0.0236,0.9607,0.0117,0.0033,0.0001
IFBJBKOH_04620,Cytoplasmic,0.0015,0.0037,0.8474,0.1472,0.0002,0.0000
IFBJBKOH_04621,Cytoplasmic,0.0001,0.0158,0.7243,0.2482,0.0113,0.0004
IFBJBKOH_04622,Cytoplasmic,0.0002,0.1479,0.5020,0.3321,0.0162,0.0016
IFBJBKOH_04623,Cytoplasmic Membrane,0.0000,0.2187,0.0018,0.7725,0.0069,0.0002
IFBJBKOH_04624,Cytoplasmic Membrane,0.0001,0.3947,0.0177,0.5512,0.0348,0.0015
IFBJBKOH_04625,Cytoplasmic Membrane,0.0048,0.2490,0.0032,0.6841,0.0583,0.0006
IFBJBKOH_04626,Cytoplasmic Membrane,0.0155,0.0849,0.0253,0.8688,0.0054,0.0001
IFBJBKOH_04627,Cytoplasmic,0.0003,0.0032,0.7297,0.2167,0.0496,0.0004
IFBJBKOH_04628,Cytoplasmic,0.0010,0.1368,0.7707,0.0396,0.0510,0.0008
IFBJBKOH_04629,Cytoplasmic,0.0047,0.2100,0.7387,0.0016,0.0393,0.0056
IFBJBKOH_04630,Cytoplasmic,0.0151,0.0094,0.9196,0.0107,0.0448,0.0003
IFBJBKOH_04631,Cytoplasmic,0.0003,0.0033,0.9733,0.0022,0.0206,0.0003
IFBJBKOH_04632,Cytoplasmic,0.0001,0.0163,0.9598,0.0124,0.0104,0.0010
IFBJBKOH_04633,Cytoplasmic,0.0003,0.0452,0.9164,0.0133,0.0240,0.0008
IFBJBKOH_04634,Extracellular,0.0338,0.4858,0.4628,0.0037,0.0112,0.0027
IFBJBKOH_04635,Cytoplasmic,0.0001,0.1423,0.8532,0.0008,0.0035,0.0001
IFBJBKOH_04636,Cytoplasmic,0.0002,0.1088,0.8740,0.0149,0.0013,0.0009
IFBJBKOH_04637,Cytoplasmic Membrane,0.0001,0.2760,0.2584,0.4349,0.0304,0.0002
IFBJBKOH_04638,Cytoplasmic,0.0003,0.0667,0.8215,0.0269,0.0833,0.0013
IFBJBKOH_04639,Cytoplasmic,0.0001,0.0335,0.9541,0.0067,0.0055,0.0002
IFBJBKOH_04640,Cytoplasmic,0.0000,0.0009,0.9832,0.0002,0.0155,0.0002
IFBJBKOH_04641,Cytoplasmic,0.0000,0.0012,0.9766,0.0004,0.0215,0.0004
IFBJBKOH_04642,Cytoplasmic Membrane,0.0000,0.0003,0.0005,0.9971,0.0021,0.0000
IFBJBKOH_04643,Cytoplasmic Membrane,0.0000,0.0000,0.0000,0.9993,0.0007,0.0000
IFBJBKOH_04644,Cytoplasmic,0.0000,0.0005,0.9961,0.0001,0.0030,0.0003
IFBJBKOH_04645,Cytoplasmic Membrane,0.0000,0.0003,0.0000,0.9966,0.0031,0.0000
IFBJBKOH_04646,Cytoplasmic,0.0003,0.0024,0.9883,0.0073,0.0015,0.0001
IFBJBKOH_04647,Cytoplasmic Membrane,0.0081,0.2810,0.0014,0.4817,0.1695,0.0583
IFBJBKOH_04648,Cytoplasmic Membrane,0.0000,0.0000,0.0000,0.9999,0.0001,0.0000
IFBJBKOH_04649,Cytoplasmic Membrane,0.0000,0.0000,0.0000,0.9999,0.0001,0.0000
IFBJBKOH_04650,Cytoplasmic,0.0002,0.1415,0.7860,0.0013,0.0441,0.0270
IFBJBKOH_04651,Cytoplasmic,0.0004,0.1308,0.8267,0.0079,0.0197,0.0146
IFBJBKOH_04652,Cytoplasmic,0.0489,0.0259,0.7279,0.0044,0.1864,0.0065
IFBJBKOH_04653,Cytoplasmic,0.0038,0.0117,0.7798,0.0290,0.1748,0.0009
IFBJBKOH_04654,Cytoplasmic,0.0053,0.0884,0.8653,0.0222,0.0187,0.0002
IFBJBKOH_04655,Cytoplasmic,0.0000,0.0009,0.9887,0.0072,0.0031,0.0001
IFBJBKOH_04656,Cytoplasmic,0.0000,0.0002,0.9585,0.0063,0.0327,0.0024
IFBJBKOH_04657,Cytoplasmic,0.0000,0.0006,0.9970,0.0014,0.0009,0.0001
IFBJBKOH_04658,Cytoplasmic Membrane,0.0000,0.0000,0.0000,0.9994,0.0006,0.0000
IFBJBKOH_04659,Cytoplasmic,0.0008,0.0375,0.9080,0.0025,0.0509,0.0002
IFBJBKOH_04660,Cytoplasmic,0.0001,0.0579,0.8693,0.0220,0.0501,0.0007
IFBJBKOH_04661,Extracellular,0.0002,0.4126,0.3850,0.1395,0.0612,0.0015
IFBJBKOH_04662,Cytoplasmic,0.0004,0.0162,0.9615,0.0081,0.0133,0.0004
IFBJBKOH_04663,Cytoplasmic,0.0001,0.0054,0.9758,0.0146,0.0024,0.0017
IFBJBKOH_04664,Cytoplasmic,0.0005,0.0055,0.9054,0.0485,0.0399,0.0003
IFBJBKOH_04665,Cytoplasmic,0.0001,0.0060,0.9807,0.0069,0.0056,0.0007
IFBJBKOH_04666,Cytoplasmic,0.0028,0.0460,0.9096,0.0255,0.0123,0.0039
IFBJBKOH_04667,Extracellular,0.2477,0.5017,0.0123,0.0151,0.2227,0.0005
IFBJBKOH_04668,Extracellular,0.0000,0.9972,0.0000,0.0001,0.0027,0.0000
IFBJBKOH_04669,Cytoplasmic Membrane,0.0001,0.0010,0.0052,0.9909,0.0027,0.0001
IFBJBKOH_04670,Extracellular,0.0000,0.9990,0.0000,0.0000,0.0009,0.0000
IFBJBKOH_04671,Cytoplasmic,0.0005,0.0082,0.9321,0.0379,0.0198,0.0015
IFBJBKOH_04672,Cytoplasmic,0.0003,0.0020,0.9767,0.0046,0.0158,0.0005
IFBJBKOH_04673,Cytoplasmic,0.0000,0.0006,0.9953,0.0007,0.0033,0.0001
IFBJBKOH_04674,Cytoplasmic,0.0001,0.0015,0.9828,0.0024,0.0128,0.0003
IFBJBKOH_04675,Extracellular,0.0001,0.9578,0.0102,0.0269,0.0045,0.0005
IFBJBKOH_04676,Cytoplasmic,0.0010,0.0057,0.8977,0.0004,0.0950,0.0002
IFBJBKOH_04677,Cytoplasmic,0.0006,0.0078,0.6222,0.0812,0.2875,0.0007
IFBJBKOH_04678,Cytoplasmic,0.0003,0.1398,0.8359,0.0159,0.0073,0.0009
IFBJBKOH_04679,Cytoplasmic,0.0024,0.0416,0.6194,0.2341,0.1023,0.0002
IFBJBKOH_04680,Cytoplasmic,0.0010,0.1869,0.6607,0.0082,0.1422,0.0011
IFBJBKOH_04681,Cytoplasmic,0.0002,0.0322,0.8988,0.0002,0.0680,0.0005
IFBJBKOH_04682,Cytoplasmic,0.0068,0.2642,0.6355,0.0059,0.0027,0.0849
IFBJBKOH_04683,Cytoplasmic,0.0062,0.0463,0.9135,0.0052,0.0221,0.0067
IFBJBKOH_04684,Cytoplasmic,0.0003,0.3450,0.3572,0.1427,0.1493,0.0054
IFBJBKOH_04685,Extracellular,0.0002,0.6228,0.3300,0.0389,0.0071,0.0011
IFBJBKOH_04686,Extracellular,0.0005,0.6306,0.0644,0.2602,0.0363,0.0080
IFBJBKOH_04687,Extracellular,0.0000,0.8690,0.0175,0.0077,0.0080,0.0978
IFBJBKOH_04688,Cytoplasmic,0.0005,0.0319,0.9173,0.0470,0.0024,0.0010
IFBJBKOH_04689,Cytoplasmic Membrane,0.0000,0.0000,0.0000,0.9988,0.0011,0.0000
IFBJBKOH_04690,Cytoplasmic,0.0003,0.0253,0.9153,0.0029,0.0162,0.0401
IFBJBKOH_04691,Cytoplasmic,0.0002,0.1102,0.8529,0.0020,0.0309,0.0039
IFBJBKOH_04692,Cytoplasmic,0.0000,0.0033,0.9515,0.0224,0.0129,0.0098
IFBJBKOH_04693,Cytoplasmic Membrane,0.0093,0.1377,0.0011,0.4300,0.2487,0.1733
IFBJBKOH_04694,Cytoplasmic Membrane,0.0000,0.0000,0.0000,1.0000,0.0000,0.0000
IFBJBKOH_04695,Cytoplasmic Membrane,0.0000,0.0000,0.0000,0.9999,0.0001,0.0000
IFBJBKOH_04696,Cytoplasmic,0.0008,0.2450,0.7456,0.0038,0.0017,0.0032
IFBJBKOH_04697,Cytoplasmic,0.0004,0.0102,0.9821,0.0008,0.0063,0.0002
IFBJBKOH_04698,Cytoplasmic,0.0001,0.0007,0.9799,0.0067,0.0085,0.0041
IFBJBKOH_04699,Cytoplasmic Membrane,0.0000,0.0000,0.0000,0.9998,0.0002,0.0000
IFBJBKOH_04700,Cytoplasmic,0.0102,0.0659,0.7670,0.0315,0.1233,0.0023
IFBJBKOH_04701,Cytoplasmic,0.0000,0.0027,0.9745,0.0057,0.0032,0.0139
IFBJBKOH_04702,Cytoplasmic,0.0000,0.0009,0.9956,0.0000,0.0033,0.0002
IFBJBKOH_04703,Cytoplasmic,0.0001,0.0026,0.9674,0.0035,0.0255,0.0009
IFBJBKOH_04704,Cytoplasmic,0.0001,0.0520,0.9447,0.0004,0.0020,0.0008
IFBJBKOH_04705,Cytoplasmic,0.0017,0.1273,0.8066,0.0222,0.0405,0.0017
IFBJBKOH_04706,Cytoplasmic,0.0000,0.0003,0.9829,0.0098,0.0064,0.0005
IFBJBKOH_04707,Cytoplasmic,0.0003,0.0272,0.9464,0.0186,0.0068,0.0007
IFBJBKOH_04708,Cytoplasmic,0.0444,0.0497,0.8460,0.0035,0.0071,0.0494
IFBJBKOH_04709,Cytoplasmic,0.0008,0.0001,0.9974,0.0002,0.0011,0.0003
IFBJBKOH_04710,Cytoplasmic,0.0001,0.0034,0.9733,0.0142,0.0056,0.0034
IFBJBKOH_04711,Cytoplasmic,0.0001,0.0051,0.6499,0.0011,0.0283,0.3155
IFBJBKOH_04712,Cytoplasmic Membrane,0.0000,0.0000,0.0000,0.9993,0.0006,0.0000
IFBJBKOH_04713,Cytoplasmic,0.0000,0.0001,0.9975,0.0002,0.0021,0.0000
IFBJBKOH_04714,Cytoplasmic,0.0000,0.0003,0.9928,0.0006,0.0059,0.0004
IFBJBKOH_04715,Cytoplasmic,0.0000,0.0006,0.9822,0.0016,0.0154,0.0002
IFBJBKOH_04716,Cytoplasmic,0.0000,0.0007,0.9658,0.0063,0.0264,0.0008
IFBJBKOH_04717,Cytoplasmic,0.0002,0.0017,0.8201,0.0378,0.1378,0.0023
IFBJBKOH_04718,Cytoplasmic,0.0002,0.0005,0.9429,0.0449,0.0112,0.0003
IFBJBKOH_04719,Cytoplasmic,0.0003,0.1221,0.7594,0.0624,0.0276,0.0283
IFBJBKOH_04720,Extracellular,0.0422,0.6162,0.0023,0.3316,0.0066,0.0011
IFBJBKOH_04721,Cytoplasmic Membrane,0.0000,0.0000,0.0010,0.9988,0.0001,0.0000
IFBJBKOH_04722,Cytoplasmic,0.0009,0.0193,0.9521,0.0189,0.0080,0.0008
IFBJBKOH_04723,Cytoplasmic,0.0009,0.2107,0.6475,0.0353,0.1003,0.0052
IFBJBKOH_04724,Cytoplasmic Membrane,0.0000,0.0000,0.0000,0.9999,0.0001,0.0000
IFBJBKOH_04725,Cytoplasmic Membrane,0.0000,0.0000,0.0000,0.9999,0.0001,0.0000
IFBJBKOH_04726,Periplasmic,0.0040,0.2338,0.0026,0.3510,0.0488,0.3597
IFBJBKOH_04727,Cytoplasmic,0.0001,0.0197,0.9406,0.0262,0.0038,0.0097
IFBJBKOH_04728,Cytoplasmic,0.0001,0.0120,0.9375,0.0424,0.0077,0.0002
IFBJBKOH_04729,Cytoplasmic,0.0001,0.0006,0.9973,0.0001,0.0018,0.0001
IFBJBKOH_04730,Cytoplasmic,0.0003,0.2920,0.5963,0.0584,0.0509,0.0021
IFBJBKOH_04731,Cytoplasmic,0.0008,0.0116,0.9848,0.0022,0.0006,0.0000
IFBJBKOH_04732,Extracellular,0.0000,0.7281,0.2432,0.0006,0.0278,0.0003
IFBJBKOH_04733,Extracellular,0.0196,0.9719,0.0008,0.0005,0.0047,0.0025
IFBJBKOH_04734,Cytoplasmic Membrane,0.0003,0.0389,0.1802,0.7433,0.0350,0.0022
IFBJBKOH_04735,Cytoplasmic,0.0021,0.0122,0.9570,0.0039,0.0231,0.0017
IFBJBKOH_04736,Cytoplasmic,0.0003,0.0164,0.9793,0.0028,0.0009,0.0003
IFBJBKOH_04737,Cytoplasmic Membrane,0.0000,0.0008,0.0000,0.9979,0.0012,0.0000
IFBJBKOH_04738,Cytoplasmic,0.0001,0.0038,0.9773,0.0097,0.0086,0.0004
IFBJBKOH_04739,Cytoplasmic,0.0014,0.0724,0.8712,0.0106,0.0436,0.0008
IFBJBKOH_04740,Cytoplasmic,0.0001,0.0115,0.6097,0.1499,0.2269,0.0019
IFBJBKOH_04741,Cytoplasmic,0.0008,0.0796,0.8259,0.0135,0.0796,0.0006
IFBJBKOH_04742,Cytoplasmic,0.0002,0.0223,0.8890,0.0513,0.0369,0.0002
IFBJBKOH_04743,Cytoplasmic,0.0003,0.0014,0.9584,0.0383,0.0016,0.0000
IFBJBKOH_04744,Cytoplasmic,0.0003,0.0342,0.9481,0.0113,0.0061,0.0000
IFBJBKOH_04745,Cytoplasmic,0.0003,0.1614,0.7390,0.0673,0.0318,0.0002
IFBJBKOH_04746,Cytoplasmic,0.0001,0.0113,0.9044,0.0741,0.0097,0.0004
IFBJBKOH_04747,Cytoplasmic,0.0001,0.0069,0.9705,0.0086,0.0131,0.0009
IFBJBKOH_04748,Cytoplasmic,0.0008,0.0086,0.9781,0.0028,0.0089,0.0008
IFBJBKOH_04749,Cytoplasmic,0.0003,0.2176,0.7665,0.0004,0.0074,0.0079
IFBJBKOH_04750,Cytoplasmic,0.0005,0.0391,0.8997,0.0093,0.0055,0.0460
IFBJBKOH_04751,Cytoplasmic,0.0001,0.0158,0.9711,0.0035,0.0089,0.0006
IFBJBKOH_04752,Extracellular,0.0002,0.6558,0.2165,0.0016,0.1239,0.0019
IFBJBKOH_04753,Cytoplasmic,0.0001,0.0021,0.5853,0.3996,0.0082,0.0047
IFBJBKOH_04754,Cytoplasmic,0.0001,0.0075,0.8807,0.0013,0.1083,0.0021
IFBJBKOH_04755,Cytoplasmic,0.0001,0.0034,0.9737,0.0075,0.0140,0.0013
IFBJBKOH_04756,Cytoplasmic Membrane,0.0000,0.0000,0.0002,0.9994,0.0005,0.0000
IFBJBKOH_04757,Cytoplasmic,0.0009,0.0048,0.9033,0.0601,0.0308,0.0001
IFBJBKOH_04758,Cytoplasmic,0.0000,0.0000,0.9998,0.0001,0.0000,0.0000
IFBJBKOH_04759,Cytoplasmic,0.0000,0.0026,0.9865,0.0020,0.0067,0.0022
IFBJBKOH_04760,Cytoplasmic,0.0000,0.0004,0.9969,0.0001,0.0024,0.0002
IFBJBKOH_04761,Cytoplasmic,0.0000,0.0085,0.9858,0.0010,0.0003,0.0045
IFBJBKOH_04762,Cytoplasmic Membrane,0.0000,0.0000,0.0000,0.9984,0.0015,0.0000
IFBJBKOH_04763,Cytoplasmic,0.0000,0.0016,0.9644,0.0005,0.0030,0.0304
IFBJBKOH_04764,Cytoplasmic,0.0002,0.0021,0.9609,0.0293,0.0075,0.0000
IFBJBKOH_04765,Cytoplasmic,0.0000,0.0032,0.9963,0.0003,0.0002,0.0000
IFBJBKOH_04766,Cytoplasmic,0.0000,0.0002,0.9836,0.0042,0.0114,0.0005
IFBJBKOH_04767,Cytoplasmic,0.0001,0.0011,0.9924,0.0009,0.0048,0.0007
IFBJBKOH_04768,Cytoplasmic Membrane,0.0000,0.0001,0.0000,0.9988,0.0011,0.0000
IFBJBKOH_04769,Cytoplasmic,0.0000,0.0000,0.9946,0.0008,0.0045,0.0000
IFBJBKOH_04770,Cytoplasmic Membrane,0.0238,0.0041,0.1813,0.5583,0.2312,0.0012
IFBJBKOH_04771,Cytoplasmic Membrane,0.0000,0.0000,0.0007,0.9956,0.0035,0.0000
IFBJBKOH_04772,Cytoplasmic Membrane,0.0000,0.0003,0.0008,0.9927,0.0061,0.0001
IFBJBKOH_04773,Cytoplasmic,0.0002,0.0031,0.8215,0.0009,0.0924,0.0818
IFBJBKOH_04774,Cytoplasmic,0.0015,0.0064,0.9517,0.0279,0.0116,0.0009
IFBJBKOH_04775,Cytoplasmic,0.0000,0.0001,0.9800,0.0013,0.0028,0.0158
IFBJBKOH_04776,Cytoplasmic,0.0000,0.0020,0.9927,0.0036,0.0015,0.0001
IFBJBKOH_04777,Cytoplasmic Membrane,0.0000,0.0000,0.0000,0.9997,0.0003,0.0000
IFBJBKOH_04778,Cytoplasmic Membrane,0.0000,0.0002,0.0001,0.9984,0.0014,0.0000
IFBJBKOH_04779,Cytoplasmic,0.0001,0.1047,0.8618,0.0226,0.0100,0.0007
IFBJBKOH_04780,Cytoplasmic Membrane,0.0000,0.0000,0.0002,0.9991,0.0006,0.0000
IFBJBKOH_04781,Extracellular,0.2295,0.5023,0.0211,0.1488,0.0734,0.0250
IFBJBKOH_04782,Cytoplasmic Membrane,0.0000,0.0003,0.0000,0.9978,0.0016,0.0002
IFBJBKOH_04783,Cytoplasmic,0.0000,0.0008,0.9871,0.0007,0.0110,0.0003
IFBJBKOH_04784,Cytoplasmic Membrane,0.0000,0.0086,0.0002,0.9909,0.0003,0.0000
IFBJBKOH_04785,Cytoplasmic,0.0000,0.0001,0.9940,0.0051,0.0007,0.0000
IFBJBKOH_04786,Cytoplasmic,0.0005,0.0012,0.7091,0.2333,0.0480,0.0078
IFBJBKOH_04787,Cytoplasmic,0.0001,0.0069,0.9726,0.0082,0.0115,0.0008
IFBJBKOH_04788,Cytoplasmic,0.0003,0.0014,0.5591,0.0371,0.4001,0.0020
IFBJBKOH_04789,Cytoplasmic Membrane,0.0001,0.0009,0.0017,0.9814,0.0118,0.0042
IFBJBKOH_04790,Cytoplasmic,0.0000,0.0977,0.8347,0.0261,0.0405,0.0009
IFBJBKOH_04791,Cytoplasmic,0.0002,0.0015,0.9757,0.0021,0.0096,0.0109
IFBJBKOH_04792,Cytoplasmic,0.0142,0.3481,0.5699,0.0297,0.0377,0.0004
IFBJBKOH_04793,Cytoplasmic,0.0000,0.0181,0.9791,0.0009,0.0006,0.0013
IFBJBKOH_04794,Extracellular,0.0004,0.6852,0.2861,0.0057,0.0021,0.0206
IFBJBKOH_04795,Cytoplasmic,0.0000,0.2410,0.4692,0.2067,0.0100,0.0731
IFBJBKOH_04796,Cytoplasmic,0.0027,0.0694,0.8013,0.0030,0.0205,0.1032
IFBJBKOH_04797,Extracellular,0.0001,0.3772,0.3722,0.1847,0.0632,0.0027
IFBJBKOH_04798,Cytoplasmic,0.0072,0.2798,0.6629,0.0176,0.0281,0.0043
IFBJBKOH_04799,Cytoplasmic,0.0005,0.0102,0.9784,0.0031,0.0070,0.0008
IFBJBKOH_04800,Cytoplasmic,0.0004,0.3034,0.6671,0.0007,0.0083,0.0200
IFBJBKOH_04801,Cytoplasmic Membrane,0.0005,0.0126,0.0023,0.9692,0.0148,0.0007
IFBJBKOH_04802,Cytoplasmic,0.0001,0.1409,0.7978,0.0468,0.0119,0.0026
IFBJBKOH_04803,Cytoplasmic,0.0002,0.1669,0.8112,0.0080,0.0121,0.0016
IFBJBKOH_04804,Cytoplasmic Membrane,0.0001,0.0001,0.0002,0.9972,0.0024,0.0000
IFBJBKOH_04805,Cytoplasmic Membrane,0.0000,0.0001,0.0006,0.9966,0.0028,0.0000
IFBJBKOH_04806,Cytoplasmic,0.0000,0.0005,0.9936,0.0032,0.0026,0.0000
IFBJBKOH_04807,Cytoplasmic Membrane,0.0153,0.1857,0.0082,0.3718,0.2927,0.1262
IFBJBKOH_04808,Cytoplasmic,0.0001,0.1909,0.5961,0.1839,0.0285,0.0005
IFBJBKOH_04809,Cytoplasmic,0.0005,0.1783,0.4587,0.3216,0.0368,0.0041
IFBJBKOH_04810,Extracellular,0.0004,0.7313,0.2045,0.0275,0.0352,0.0011
IFBJBKOH_04811,Cytoplasmic Membrane,0.0244,0.0306,0.0000,0.5325,0.2794,0.1331
IFBJBKOH_04812,Cytoplasmic Membrane,0.0002,0.0004,0.1379,0.7866,0.0735,0.0013
IFBJBKOH_04813,Cytoplasmic Membrane,0.0000,0.0000,0.0000,0.9998,0.0002,0.0000
IFBJBKOH_04814,Cytoplasmic,0.0001,0.0024,0.9662,0.0021,0.0280,0.0013
IFBJBKOH_04815,Cytoplasmic,0.0001,0.0018,0.9944,0.0007,0.0025,0.0005
IFBJBKOH_04816,Cytoplasmic,0.0003,0.2572,0.7068,0.0157,0.0191,0.0009
IFBJBKOH_04817,Cytoplasmic,0.0000,0.0014,0.9664,0.0256,0.0039,0.0028
IFBJBKOH_04818,Cytoplasmic,0.0006,0.0010,0.9465,0.0248,0.0226,0.0044
IFBJBKOH_04819,Cytoplasmic,0.0000,0.0054,0.9925,0.0001,0.0015,0.0004
IFBJBKOH_04820,Cytoplasmic,0.0000,0.0001,0.9986,0.0005,0.0006,0.0001
IFBJBKOH_04821,Cytoplasmic,0.0001,0.0581,0.7995,0.0632,0.0788,0.0002
IFBJBKOH_04822,Cytoplasmic,0.0000,0.0357,0.9608,0.0013,0.0003,0.0019
IFBJBKOH_04823,Cytoplasmic,0.0004,0.0007,0.5565,0.1600,0.0514,0.2310
IFBJBKOH_04824,Cytoplasmic Membrane,0.0005,0.2037,0.1779,0.6001,0.0169,0.0009
IFBJBKOH_04825,Cytoplasmic Membrane,0.0141,0.0418,0.0011,0.5183,0.3455,0.0792
IFBJBKOH_04826,Cytoplasmic Membrane,0.0000,0.0000,0.1327,0.8552,0.0117,0.0003
IFBJBKOH_04827,Cytoplasmic Membrane,0.0000,0.0000,0.0000,0.9995,0.0004,0.0000
IFBJBKOH_04828,Cytoplasmic Membrane,0.0000,0.0000,0.0000,0.9999,0.0001,0.0000
IFBJBKOH_04829,Cytoplasmic,0.0000,0.0007,0.9916,0.0007,0.0053,0.0016
IFBJBKOH_04830,Cytoplasmic,0.0000,0.0014,0.9929,0.0008,0.0036,0.0014
IFBJBKOH_04831,Cytoplasmic,0.0001,0.0114,0.8554,0.0038,0.0505,0.0787
IFBJBKOH_04832,Cytoplasmic,0.0002,0.0100,0.9878,0.0009,0.0009,0.0001
IFBJBKOH_04833,Cytoplasmic,0.0001,0.0011,0.9925,0.0027,0.0035,0.0001
IFBJBKOH_04834,Cytoplasmic,0.0011,0.0543,0.8092,0.0888,0.0440,0.0027
IFBJBKOH_04835,Cytoplasmic,0.0001,0.0003,0.9628,0.0096,0.0235,0.0037
IFBJBKOH_04836,Cytoplasmic,0.0002,0.0006,0.7329,0.0138,0.2118,0.0408
IFBJBKOH_04837,Cytoplasmic,0.0001,0.0001,0.9920,0.0029,0.0047,0.0001
IFBJBKOH_04838,Cytoplasmic,0.0002,0.0022,0.9709,0.0064,0.0166,0.0037
IFBJBKOH_04839,Cytoplasmic,0.0001,0.0027,0.9590,0.0122,0.0247,0.0013
IFBJBKOH_04840,Cytoplasmic,0.0002,0.0004,0.9692,0.0247,0.0037,0.0019
IFBJBKOH_04841,Extracellular,0.0008,0.8044,0.0795,0.0232,0.0918,0.0003
IFBJBKOH_04842,Extracellular,0.0021,0.7736,0.0003,0.0451,0.0088,0.1702
IFBJBKOH_04843,Periplasmic,0.0001,0.0217,0.3735,0.0023,0.0915,0.5109
IFBJBKOH_04844,Cytoplasmic,0.0001,0.0841,0.5930,0.0018,0.1087,0.2122
IFBJBKOH_04845,Cytoplasmic,0.0000,0.0013,0.7919,0.2026,0.0036,0.0005
IFBJBKOH_04846,Cytoplasmic Membrane,0.0000,0.0000,0.0002,0.9993,0.0004,0.0000
IFBJBKOH_04847,Cytoplasmic Membrane,0.0003,0.0017,0.0000,0.9085,0.0819,0.0076
IFBJBKOH_04848,Cytoplasmic,0.0001,0.0026,0.9562,0.0004,0.0395,0.0012
IFBJBKOH_04849,Cytoplasmic,0.0002,0.0005,0.7710,0.1621,0.0637,0.0026
IFBJBKOH_04850,Cytoplasmic,0.0004,0.0079,0.9300,0.0350,0.0263,0.0005
IFBJBKOH_04851,Cytoplasmic,0.0003,0.0007,0.4959,0.1485,0.0692,0.2854
IFBJBKOH_04852,Cytoplasmic,0.0001,0.0004,0.9852,0.0021,0.0118,0.0004
IFBJBKOH_04853,Cytoplasmic,0.0003,0.0012,0.9838,0.0011,0.0134,0.0001
IFBJBKOH_04854,Cytoplasmic,0.0032,0.0363,0.8647,0.0158,0.0785,0.0014
IFBJBKOH_04855,Cytoplasmic,0.0040,0.0092,0.9645,0.0101,0.0099,0.0024
IFBJBKOH_04856,Extracellular,0.0001,0.3013,0.2872,0.2811,0.1277,0.0026
IFBJBKOH_04857,Cytoplasmic Membrane,0.0000,0.0000,0.0000,0.9993,0.0007,0.0000
IFBJBKOH_04858,Cytoplasmic Membrane,0.0000,0.0000,0.0000,0.9998,0.0002,0.0000
IFBJBKOH_04859,Cytoplasmic,0.0005,0.1028,0.7905,0.0478,0.0424,0.0160
IFBJBKOH_04860,Cytoplasmic Membrane,0.0000,0.0001,0.0001,0.9965,0.0033,0.0000
IFBJBKOH_04861,Cytoplasmic,0.0002,0.0266,0.9500,0.0070,0.0082,0.0080
IFBJBKOH_04862,Cytoplasmic,0.0001,0.0065,0.9867,0.0056,0.0006,0.0005
IFBJBKOH_04863,Cytoplasmic,0.0001,0.0024,0.9362,0.0407,0.0083,0.0124
IFBJBKOH_04864,Cytoplasmic,0.0000,0.0026,0.9894,0.0028,0.0049,0.0002
IFBJBKOH_04865,Cytoplasmic,0.0001,0.0007,0.9879,0.0037,0.0076,0.0000
IFBJBKOH_04866,Cytoplasmic,0.0001,0.2962,0.4120,0.2803,0.0112,0.0002
IFBJBKOH_04867,Extracellular,0.0002,0.8749,0.0863,0.0003,0.0039,0.0344
IFBJBKOH_04868,Extracellular,0.0017,0.5758,0.3814,0.0025,0.0168,0.0219
IFBJBKOH_04869,Cytoplasmic,0.0011,0.0355,0.9493,0.0048,0.0038,0.0056
IFBJBKOH_04870,Cytoplasmic Membrane,0.0003,0.0004,0.3356,0.6353,0.0253,0.0031
IFBJBKOH_04871,Cytoplasmic Membrane,0.0001,0.0001,0.0680,0.8399,0.0911,0.0007
IFBJBKOH_04872,Cytoplasmic Membrane,0.0000,0.0000,0.0000,0.9992,0.0008,0.0000
IFBJBKOH_04873,Cytoplasmic Membrane,0.0000,0.0000,0.0000,0.9999,0.0001,0.0000
IFBJBKOH_04874,Cytoplasmic,0.0005,0.1009,0.5781,0.0517,0.2557,0.0131
IFBJBKOH_04875,Cytoplasmic,0.0002,0.0307,0.9116,0.0385,0.0160,0.0031
IFBJBKOH_04876,Cytoplasmic,0.0038,0.0327,0.8771,0.0296,0.0154,0.0414
IFBJBKOH_04877,Cytoplasmic,0.0503,0.3887,0.4629,0.0173,0.0176,0.0633
IFBJBKOH_04878,Periplasmic,0.0022,0.2683,0.1890,0.0246,0.0271,0.4887
IFBJBKOH_04879,Periplasmic,0.0001,0.0560,0.0630,0.0623,0.0149,0.8038
IFBJBKOH_04880,Cytoplasmic,0.0000,0.0005,0.9829,0.0139,0.0026,0.0000
IFBJBKOH_04881,Cytoplasmic,0.0000,0.0002,0.9985,0.0012,0.0000,0.0000
IFBJBKOH_04882,Cytoplasmic,0.0001,0.0012,0.9861,0.0030,0.0088,0.0009
IFBJBKOH_04883,Cytoplasmic,0.0000,0.0041,0.9831,0.0029,0.0072,0.0027
IFBJBKOH_04884,Cytoplasmic,0.0003,0.0029,0.9462,0.0189,0.0280,0.0036
IFBJBKOH_04885,Cytoplasmic,0.0000,0.0080,0.6872,0.0062,0.0099,0.2886
IFBJBKOH_04886,Cytoplasmic Membrane,0.0000,0.0001,0.0001,0.9983,0.0015,0.0000
IFBJBKOH_04887,Cytoplasmic Membrane,0.0000,0.0001,0.0000,0.9983,0.0016,0.0000
IFBJBKOH_04888,Cytoplasmic,0.0000,0.0797,0.8972,0.0077,0.0152,0.0002
IFBJBKOH_04889,Cytoplasmic,0.0005,0.0069,0.9786,0.0011,0.0088,0.0041
IFBJBKOH_04890,Cytoplasmic,0.0009,0.1055,0.8629,0.0178,0.0114,0.0015
IFBJBKOH_04891,Cytoplasmic,0.0004,0.0132,0.9697,0.0113,0.0054,0.0001
IFBJBKOH_04892,Cytoplasmic,0.0000,0.0021,0.9879,0.0074,0.0025,0.0000
IFBJBKOH_04893,Cytoplasmic,0.0001,0.3608,0.3683,0.1908,0.0754,0.0045
IFBJBKOH_04894,Cytoplasmic,0.0000,0.1306,0.8127,0.0061,0.0505,0.0001
IFBJBKOH_04895,Cytoplasmic,0.0001,0.2565,0.6111,0.0420,0.0817,0.0086
IFBJBKOH_04896,Extracellular,0.0005,0.5567,0.4200,0.0188,0.0019,0.0020
IFBJBKOH_04897,Cytoplasmic Membrane,0.0000,0.0000,0.0000,0.9996,0.0003,0.0000
IFBJBKOH_04898,Cytoplasmic Membrane,0.0000,0.0000,0.0000,0.9998,0.0001,0.0000
IFBJBKOH_04899,Cytoplasmic,0.0005,0.0175,0.9459,0.0239,0.0112,0.0011
IFBJBKOH_04900,Cytoplasmic Membrane,0.0000,0.0002,0.0008,0.9964,0.0025,0.0001
IFBJBKOH_04901,Cytoplasmic Membrane,0.0002,0.0025,0.0258,0.9512,0.0197,0.0006
IFBJBKOH_04902,Cytoplasmic,0.0001,0.0009,0.9739,0.0177,0.0074,0.0000
IFBJBKOH_04903,Cytoplasmic,0.0000,0.0000,0.9978,0.0008,0.0013,0.0000
IFBJBKOH_04904,Cytoplasmic,0.0001,0.0003,0.9981,0.0011,0.0003,0.0001
IFBJBKOH_04905,Cytoplasmic,0.0000,0.0033,0.9444,0.0111,0.0354,0.0058
IFBJBKOH_04906,Cytoplasmic Membrane,0.0000,0.0000,0.0004,0.9977,0.0019,0.0000
IFBJBKOH_04907,Cytoplasmic,0.0000,0.0000,0.9991,0.0005,0.0003,0.0000
IFBJBKOH_04908,Cytoplasmic Membrane,0.0000,0.0001,0.0000,0.9960,0.0039,0.0000
IFBJBKOH_04909,Cytoplasmic,0.0000,0.0011,0.9889,0.0029,0.0056,0.0014
IFBJBKOH_04910,Periplasmic,0.0298,0.2236,0.1179,0.1055,0.1865,0.3367
IFBJBKOH_04911,Extracellular,0.0002,0.5323,0.3379,0.0055,0.1088,0.0154
IFBJBKOH_04912,Cytoplasmic,0.0006,0.1224,0.7701,0.0358,0.0088,0.0624
IFBJBKOH_04913,Cytoplasmic,0.0000,0.0001,0.9984,0.0011,0.0004,0.0000
IFBJBKOH_04914,Extracellular,0.0176,0.3929,0.0123,0.1831,0.0959,0.2982
IFBJBKOH_04915,Cytoplasmic Membrane,0.0010,0.2311,0.0887,0.5642,0.0319,0.0832
IFBJBKOH_04916,Cytoplasmic Membrane,0.0001,0.0025,0.0005,0.9667,0.0294,0.0007
IFBJBKOH_04917,Cytoplasmic,0.0000,0.0012,0.9973,0.0012,0.0002,0.0000
IFBJBKOH_04918,Cytoplasmic,0.0000,0.0110,0.9819,0.0032,0.0036,0.0003
IFBJBKOH_04919,Extracellular,0.1132,0.7087,0.0730,0.0729,0.0022,0.0300
IFBJBKOH_04920,Extracellular,0.0542,0.8935,0.0020,0.0320,0.0091,0.0092
IFBJBKOH_04921,Cytoplasmic,0.0001,0.0390,0.6448,0.2418,0.0212,0.0532
IFBJBKOH_04922,Cytoplasmic,0.0000,0.0000,0.9952,0.0026,0.0021,0.0000
IFBJBKOH_04923,Cytoplasmic Membrane,0.0000,0.0009,0.0002,0.9979,0.0010,0.0000
IFBJBKOH_04924,Cytoplasmic Membrane,0.0001,0.2108,0.2669,0.4940,0.0278,0.0003
IFBJBKOH_04925,Cytoplasmic,0.0010,0.0012,0.8189,0.0704,0.0518,0.0566
IFBJBKOH_04926,Cytoplasmic,0.0017,0.0037,0.8272,0.0482,0.0838,0.0353
IFBJBKOH_04927,Cytoplasmic,0.0000,0.0004,0.9589,0.0089,0.0203,0.0115
IFBJBKOH_04928,Cytoplasmic,0.0002,0.0076,0.9662,0.0235,0.0019,0.0005
IFBJBKOH_04929,Cytoplasmic,0.0001,0.0005,0.9537,0.0161,0.0161,0.0135
IFBJBKOH_04930,Cytoplasmic,0.0000,0.0004,0.9917,0.0006,0.0055,0.0018
IFBJBKOH_04931,Cytoplasmic,0.0001,0.0012,0.9492,0.0276,0.0217,0.0003
IFBJBKOH_04932,Cytoplasmic,0.0005,0.0023,0.6431,0.2901,0.0614,0.0026
IFBJBKOH_04933,Cytoplasmic,0.0000,0.0001,0.9984,0.0001,0.0008,0.0006
IFBJBKOH_04934,Cytoplasmic,0.0000,0.0017,0.9969,0.0003,0.0009,0.0002
IFBJBKOH_04935,Cytoplasmic Membrane,0.0011,0.0040,0.0000,0.9033,0.0718,0.0198
IFBJBKOH_04936,Periplasmic,0.0093,0.1081,0.0594,0.1185,0.1418,0.5628
IFBJBKOH_04937,Cytoplasmic Membrane,0.0000,0.0000,0.0000,0.9995,0.0005,0.0000
IFBJBKOH_04938,Cytoplasmic Membrane,0.0000,0.0000,0.0000,0.9996,0.0002,0.0001
IFBJBKOH_04939,Cytoplasmic Membrane,0.0001,0.0006,0.1623,0.8274,0.0087,0.0009
IFBJBKOH_04940,Cytoplasmic,0.0000,0.0013,0.9930,0.0018,0.0038,0.0001
IFBJBKOH_04941,Extracellular,0.0007,0.4249,0.4204,0.1181,0.0146,0.0213
IFBJBKOH_04942,Cytoplasmic,0.0002,0.0059,0.9684,0.0133,0.0107,0.0015
IFBJBKOH_04943,Cytoplasmic,0.0000,0.0003,0.9987,0.0009,0.0002,0.0000
IFBJBKOH_04944,Cytoplasmic,0.0001,0.0017,0.9965,0.0007,0.0006,0.0003
IFBJBKOH_04945,Cytoplasmic,0.0000,0.0012,0.9889,0.0002,0.0017,0.0080
IFBJBKOH_04946,Cytoplasmic,0.0000,0.0000,0.9059,0.0000,0.0008,0.0932
IFBJBKOH_04947,Cytoplasmic,0.0000,0.0730,0.7663,0.0744,0.0098,0.0764
IFBJBKOH_04948,Cytoplasmic,0.0001,0.0017,0.9974,0.0002,0.0006,0.0001
IFBJBKOH_04949,Cytoplasmic Membrane,0.0000,0.0002,0.0001,0.9986,0.0011,0.0001
IFBJBKOH_04950,Cytoplasmic Membrane,0.0001,0.0210,0.2983,0.6418,0.0018,0.0371
IFBJBKOH_04951,Cytoplasmic Membrane,0.0000,0.0001,0.0680,0.9296,0.0022,0.0001
IFBJBKOH_04952,Cytoplasmic Membrane,0.0020,0.0964,0.0001,0.5065,0.0944,0.3007
IFBJBKOH_04953,Cytoplasmic Membrane,0.0000,0.0000,0.0000,0.9999,0.0001,0.0000
IFBJBKOH_04954,Cytoplasmic Membrane,0.0000,0.0000,0.0000,0.9998,0.0001,0.0000
IFBJBKOH_04955,Cytoplasmic Membrane,0.0001,0.0007,0.0907,0.8729,0.0217,0.0139
IFBJBKOH_04956,Cytoplasmic Membrane,0.0001,0.0002,0.0476,0.9428,0.0062,0.0032
IFBJBKOH_04957,Cytoplasmic,0.0005,0.0085,0.9361,0.0306,0.0075,0.0168
IFBJBKOH_04958,Periplasmic,0.0006,0.1373,0.0107,0.0888,0.0081,0.7545
IFBJBKOH_04959,Cytoplasmic,0.0000,0.0001,0.9909,0.0006,0.0084,0.0001
IFBJBKOH_04960,Outer Membrane,0.0244,0.0036,0.0010,0.3224,0.6402,0.0084
IFBJBKOH_04961,Cytoplasmic Membrane,0.0000,0.0000,0.0000,1.0000,0.0000,0.0000
IFBJBKOH_04962,Cytoplasmic Membrane,0.0000,0.0001,0.1382,0.7945,0.0665,0.0006
IFBJBKOH_04963,Cytoplasmic,0.0000,0.0025,0.9914,0.0032,0.0015,0.0014
IFBJBKOH_04964,Cytoplasmic Membrane,0.0000,0.0009,0.0003,0.9972,0.0016,0.0000
IFBJBKOH_04965,Cytoplasmic,0.0001,0.0938,0.8976,0.0055,0.0021,0.0009
IFBJBKOH_04966,Cytoplasmic Membrane,0.0039,0.1733,0.0036,0.3731,0.2148,0.2312
IFBJBKOH_04967,Cytoplasmic Membrane,0.0001,0.0001,0.1102,0.8747,0.0134,0.0015
IFBJBKOH_04968,Cytoplasmic Membrane,0.0000,0.0000,0.0000,0.9999,0.0001,0.0000
IFBJBKOH_04969,Cytoplasmic Membrane,0.0000,0.0000,0.0000,0.9995,0.0005,0.0000
IFBJBKOH_04970,Cytoplasmic,0.0008,0.0019,0.8927,0.0485,0.0525,0.0036
IFBJBKOH_04971,Cytoplasmic,0.0000,0.0021,0.9696,0.0028,0.0223,0.0033
IFBJBKOH_04972,Cytoplasmic,0.0000,0.0011,0.9884,0.0046,0.0058,0.0001
IFBJBKOH_04973,Cytoplasmic,0.0000,0.0850,0.8293,0.0530,0.0320,0.0007
IFBJBKOH_04974,Cytoplasmic Membrane,0.0000,0.0000,0.0000,1.0000,0.0000,0.0000
IFBJBKOH_04975,Cytoplasmic Membrane,0.0000,0.0000,0.0000,1.0000,0.0000,0.0000
IFBJBKOH_04976,Cytoplasmic Membrane,0.0002,0.0005,0.1422,0.8261,0.0281,0.0029
IFBJBKOH_04977,Cytoplasmic Membrane,0.0001,0.0002,0.0902,0.8996,0.0086,0.0013
IFBJBKOH_04978,Cytoplasmic Membrane,0.0069,0.0310,0.0004,0.6803,0.1759,0.1055
IFBJBKOH_04979,Cytoplasmic,0.0000,0.0000,0.9976,0.0016,0.0007,0.0001
IFBJBKOH_04980,Cytoplasmic,0.0001,0.2286,0.6497,0.0347,0.0616,0.0254
IFBJBKOH_04981,Cytoplasmic,0.0000,0.0002,0.9770,0.0076,0.0141,0.0010
IFBJBKOH_04982,Cytoplasmic,0.0001,0.0407,0.9576,0.0008,0.0008,0.0001
IFBJBKOH_04983,Cytoplasmic,0.0021,0.1196,0.7999,0.0622,0.0135,0.0027
IFBJBKOH_04984,Cytoplasmic,0.0004,0.0162,0.9615,0.0081,0.0133,0.0004
IFBJBKOH_04985,Cytoplasmic,0.0001,0.0054,0.9758,0.0146,0.0024,0.0017
IFBJBKOH_04986,Cytoplasmic,0.0005,0.0055,0.9054,0.0485,0.0399,0.0003
IFBJBKOH_04987,Cytoplasmic,0.0001,0.0060,0.9807,0.0069,0.0056,0.0007
IFBJBKOH_04988,Cytoplasmic,0.0006,0.0671,0.8591,0.0169,0.0386,0.0177
IFBJBKOH_04989,Cytoplasmic,0.0001,0.0003,0.9934,0.0020,0.0040,0.0002
IFBJBKOH_04990,Cytoplasmic,0.0020,0.4818,0.4891,0.0239,0.0028,0.0004
IFBJBKOH_04991,Cytoplasmic,0.0010,0.1955,0.7840,0.0151,0.0042,0.0002
IFBJBKOH_04992,Cytoplasmic,0.0021,0.1589,0.4752,0.0301,0.3297,0.0040
IFBJBKOH_04993,Cytoplasmic,0.0041,0.1280,0.7389,0.0832,0.0448,0.0010
IFBJBKOH_04994,Cytoplasmic,0.0013,0.2002,0.5163,0.0212,0.2579,0.0031
IFBJBKOH_04995,Cytoplasmic,0.0003,0.0016,0.5862,0.0020,0.4044,0.0055
IFBJBKOH_04996,Cytoplasmic,0.0005,0.0109,0.9816,0.0019,0.0049,0.0002
IFBJBKOH_04997,Cytoplasmic,0.0006,0.0217,0.8346,0.1325,0.0104,0.0002
IFBJBKOH_04998,Cytoplasmic,0.0001,0.0126,0.9814,0.0005,0.0052,0.0000
IFBJBKOH_04999,Cytoplasmic,0.0001,0.0249,0.9485,0.0114,0.0149,0.0002
IFBJBKOH_05000,Cytoplasmic,0.0007,0.0698,0.9166,0.0036,0.0093,0.0001
IFBJBKOH_05001,Cytoplasmic,0.0020,0.0146,0.9505,0.0017,0.0304,0.0008
IFBJBKOH_05002,Cytoplasmic,0.0104,0.1069,0.8338,0.0182,0.0290,0.0016
IFBJBKOH_05003,Cytoplasmic,0.0023,0.0087,0.8675,0.0291,0.0900,0.0024
IFBJBKOH_05004,Cytoplasmic,0.0046,0.0264,0.7623,0.0959,0.1063,0.0045
IFBJBKOH_05005,Cytoplasmic,0.0024,0.0271,0.8790,0.0561,0.0348,0.0006
IFBJBKOH_05006,Cytoplasmic,0.0033,0.0073,0.6499,0.2987,0.0406,0.0002
IFBJBKOH_05007,Cytoplasmic,0.0002,0.0017,0.9755,0.0039,0.0187,0.0001
IFBJBKOH_05008,Cytoplasmic,0.0015,0.0267,0.8371,0.0992,0.0353,0.0001
IFBJBKOH_05009,Cytoplasmic,0.0002,0.1020,0.7898,0.0940,0.0138,0.0001
IFBJBKOH_05010,Cytoplasmic,0.0021,0.0170,0.8183,0.0564,0.1047,0.0015
IFBJBKOH_05011,Cytoplasmic,0.0002,0.2106,0.7578,0.0094,0.0216,0.0003
IFBJBKOH_05012,Cytoplasmic,0.0013,0.1926,0.5770,0.1833,0.0455,0.0003
IFBJBKOH_05013,Cytoplasmic,0.0003,0.0030,0.9102,0.0387,0.0477,0.0001
IFBJBKOH_05014,Cytoplasmic,0.0011,0.0199,0.9516,0.0023,0.0249,0.0002
IFBJBKOH_05015,Cytoplasmic,0.0004,0.3129,0.6658,0.0049,0.0157,0.0004
IFBJBKOH_05016,Cytoplasmic,0.0006,0.0501,0.8539,0.0877,0.0076,0.0001
IFBJBKOH_05017,Cytoplasmic,0.0001,0.0138,0.7898,0.1864,0.0086,0.0013
IFBJBKOH_05018,Cytoplasmic,0.0001,0.0007,0.9975,0.0003,0.0013,0.0000
IFBJBKOH_05019,Cytoplasmic,0.0060,0.0367,0.7111,0.2171,0.0279,0.0011
IFBJBKOH_05020,Cytoplasmic,0.0000,0.0027,0.9924,0.0033,0.0014,0.0002
IFBJBKOH_05021,Cytoplasmic,0.0003,0.0019,0.9953,0.0012,0.0010,0.0004
IFBJBKOH_05022,Cytoplasmic,0.0004,0.0009,0.9806,0.0055,0.0124,0.0002
IFBJBKOH_05023,Cytoplasmic,0.0001,0.0055,0.9431,0.0279,0.0233,0.0000
IFBJBKOH_05024,Cytoplasmic,0.0001,0.0040,0.9927,0.0021,0.0011,0.0001
IFBJBKOH_05025,Cytoplasmic,0.0003,0.0573,0.8807,0.0504,0.0104,0.0008
IFBJBKOH_05026,Cytoplasmic,0.0001,0.0491,0.9107,0.0205,0.0190,0.0006
IFBJBKOH_05027,Cytoplasmic,0.0777,0.0588,0.8097,0.0507,0.0030,0.0001
IFBJBKOH_05028,Cytoplasmic,0.0003,0.0308,0.9034,0.0637,0.0016,0.0002
IFBJBKOH_05029,Cytoplasmic,0.0004,0.0221,0.9410,0.0225,0.0137,0.0002
IFBJBKOH_05030,Cytoplasmic Membrane,0.0002,0.0919,0.0004,0.7253,0.1822,0.0000
IFBJBKOH_05031,Cytoplasmic,0.0000,0.0004,0.9663,0.0088,0.0209,0.0035
IFBJBKOH_05032,Cytoplasmic,0.0006,0.0284,0.9601,0.0090,0.0017,0.0001
IFBJBKOH_05033,Cytoplasmic,0.0001,0.0679,0.8465,0.0270,0.0451,0.0134
IFBJBKOH_05034,Extracellular,0.0002,0.5269,0.3318,0.0858,0.0524,0.0029
IFBJBKOH_05035,Cytoplasmic,0.0001,0.0001,0.9983,0.0007,0.0008,0.0000
IFBJBKOH_05036,Cytoplasmic,0.0001,0.0027,0.9124,0.0209,0.0621,0.0018
IFBJBKOH_05037,Cytoplasmic,0.0024,0.3986,0.5804,0.0085,0.0096,0.0005
IFBJBKOH_05038,Cytoplasmic,0.0005,0.3650,0.6280,0.0049,0.0016,0.0000
IFBJBKOH_05039,Cytoplasmic,0.0012,0.0094,0.9463,0.0023,0.0408,0.0001
IFBJBKOH_05040,Cytoplasmic,0.0021,0.0725,0.7941,0.0149,0.1160,0.0005
IFBJBKOH_05041,Cytoplasmic Membrane,0.0006,0.3283,0.0008,0.6385,0.0317,0.0001
IFBJBKOH_05042,Cytoplasmic,0.0010,0.1218,0.7968,0.0301,0.0394,0.0110
IFBJBKOH_05043,Cytoplasmic,0.0006,0.0075,0.9897,0.0007,0.0015,0.0000
IFBJBKOH_05044,Cytoplasmic,0.0004,0.3531,0.4178,0.0494,0.0025,0.1769
IFBJBKOH_05045,Cytoplasmic,0.0003,0.0929,0.8222,0.0248,0.0549,0.0049
IFBJBKOH_05046,Cytoplasmic,0.0001,0.0053,0.9713,0.0143,0.0079,0.0011
IFBJBKOH_05047,Extracellular,0.0212,0.7721,0.1148,0.0200,0.0526,0.0194
IFBJBKOH_05048,Cytoplasmic,0.0009,0.2659,0.6896,0.0242,0.0020,0.0173
IFBJBKOH_05049,Cytoplasmic,0.0168,0.3024,0.4921,0.0113,0.0990,0.0783
IFBJBKOH_05050,Extracellular,0.0018,0.4016,0.3233,0.0669,0.0228,0.1836
IFBJBKOH_05051,Cytoplasmic,0.0016,0.2841,0.6788,0.0085,0.0082,0.0188
IFBJBKOH_05052,Cytoplasmic,0.0004,0.3955,0.5480,0.0009,0.0163,0.0388
IFBJBKOH_05053,Cytoplasmic,0.0112,0.4262,0.5009,0.0369,0.0231,0.0017
IFBJBKOH_05054,Cytoplasmic Membrane,0.0001,0.0025,0.0018,0.9798,0.0148,0.0009
IFBJBKOH_05055,Cytoplasmic,0.0005,0.2080,0.6304,0.1487,0.0022,0.0102
IFBJBKOH_05056,Cytoplasmic,0.0000,0.1936,0.6148,0.0800,0.1113,0.0003
IFBJBKOH_05057,Cytoplasmic,0.0001,0.0657,0.9330,0.0006,0.0004,0.0004
IFBJBKOH_05058,Extracellular,0.0000,0.9994,0.0000,0.0000,0.0005,0.0000
IFBJBKOH_05059,Cytoplasmic,0.0061,0.2488,0.6957,0.0019,0.0405,0.0069
IFBJBKOH_05060,Cytoplasmic,0.0037,0.3213,0.6569,0.0167,0.0013,0.0002
IFBJBKOH_05061,Cytoplasmic,0.0001,0.0039,0.9920,0.0015,0.0023,0.0002
IFBJBKOH_05062,Cytoplasmic,0.0008,0.0001,0.9974,0.0002,0.0011,0.0003
IFBJBKOH_05063,Cytoplasmic,0.0444,0.0497,0.8460,0.0035,0.0071,0.0494
IFBJBKOH_05064,Cytoplasmic,0.0067,0.0090,0.9627,0.0050,0.0144,0.0021
IFBJBKOH_05065,Cytoplasmic,0.0046,0.0976,0.8614,0.0306,0.0054,0.0003
IFBJBKOH_05066,Cytoplasmic,0.0004,0.2312,0.7048,0.0124,0.0509,0.0004
IFBJBKOH_05067,Cytoplasmic,0.0202,0.2778,0.5258,0.0789,0.0967,0.0006
IFBJBKOH_05068,Cytoplasmic,0.0009,0.0008,0.9866,0.0017,0.0098,0.0002
IFBJBKOH_05069,Cytoplasmic,0.0002,0.0044,0.9915,0.0018,0.0019,0.0003
IFBJBKOH_05070,Cytoplasmic,0.0000,0.0011,0.9804,0.0004,0.0109,0.0072
IFBJBKOH_05071,Cytoplasmic,0.0001,0.0007,0.9937,0.0028,0.0020,0.0007
IFBJBKOH_05072,Cytoplasmic,0.0016,0.1013,0.8053,0.0300,0.0611,0.0006
IFBJBKOH_05073,Cytoplasmic,0.0009,0.0550,0.9329,0.0045,0.0061,0.0006
IFBJBKOH_05074,Cytoplasmic,0.0002,0.0127,0.9799,0.0065,0.0004,0.0003
IFBJBKOH_05075,Cytoplasmic,0.0031,0.0125,0.9657,0.0132,0.0054,0.0002
IFBJBKOH_05076,Cytoplasmic,0.0001,0.0195,0.9504,0.0196,0.0102,0.0002
IFBJBKOH_05077,Cytoplasmic,0.0001,0.0697,0.9215,0.0024,0.0062,0.0001
IFBJBKOH_05078,Cytoplasmic,0.0002,0.2198,0.5910,0.1238,0.0264,0.0389
IFBJBKOH_05079,Cytoplasmic,0.0005,0.4628,0.4822,0.0225,0.0244,0.0075
IFBJBKOH_05080,Cytoplasmic,0.0032,0.0363,0.9383,0.0049,0.0038,0.0136
IFBJBKOH_05081,Cytoplasmic,0.0001,0.0278,0.9603,0.0028,0.0087,0.0002
IFBJBKOH_05082,Cytoplasmic,0.0003,0.0049,0.9517,0.0155,0.0244,0.0032
IFBJBKOH_05083,Extracellular,0.0006,0.8327,0.1552,0.0035,0.0022,0.0059
IFBJBKOH_05084,Cytoplasmic,0.0008,0.0001,0.9974,0.0002,0.0011,0.0003
IFBJBKOH_05085,Cytoplasmic,0.0444,0.0497,0.8460,0.0035,0.0071,0.0494
IFBJBKOH_05086,Cytoplasmic,0.0444,0.0497,0.8460,0.0035,0.0071,0.0494
IFBJBKOH_05087,Cytoplasmic,0.0008,0.0001,0.9974,0.0002,0.0011,0.0003
IFBJBKOH_05088,Cytoplasmic,0.0005,0.0061,0.5945,0.3785,0.0195,0.0009
IFBJBKOH_05089,Cytoplasmic,0.0001,0.0148,0.9781,0.0000,0.0070,0.0000
IFBJBKOH_05090,Cytoplasmic,0.0000,0.0005,0.9980,0.0010,0.0005,0.0001
IFBJBKOH_05091,Cytoplasmic,0.0017,0.0854,0.8898,0.0125,0.0092,0.0013
IFBJBKOH_05092,Cytoplasmic,0.0001,0.1493,0.7956,0.0505,0.0041,0.0004
IFBJBKOH_05093,Cytoplasmic,0.0001,0.2650,0.7306,0.0029,0.0014,0.0001
IFBJBKOH_05094,Cytoplasmic,0.0001,0.2090,0.5580,0.0407,0.0034,0.1888
IFBJBKOH_05095,Cytoplasmic,0.0001,0.0264,0.9731,0.0002,0.0002,0.0001
IFBJBKOH_05096,Cytoplasmic,0.0023,0.0060,0.8359,0.0074,0.1455,0.0029
IFBJBKOH_05097,Cytoplasmic,0.0013,0.0042,0.9538,0.0018,0.0385,0.0003
IFBJBKOH_05098,Cytoplasmic,0.0020,0.0340,0.7972,0.1201,0.0462,0.0005
IFBJBKOH_05099,Cytoplasmic,0.0000,0.0006,0.9943,0.0001,0.0050,0.0000
IFBJBKOH_05100,Cytoplasmic,0.0002,0.3207,0.6752,0.0002,0.0022,0.0015
IFBJBKOH_05101,Cytoplasmic,0.0030,0.0086,0.9769,0.0050,0.0060,0.0005
IFBJBKOH_05102,Cytoplasmic,0.0023,0.0023,0.9725,0.0195,0.0034,0.0000
IFBJBKOH_05103,Cytoplasmic,0.0022,0.1057,0.8170,0.0580,0.0144,0.0027
IFBJBKOH_05104,Cytoplasmic,0.0001,0.0072,0.9793,0.0063,0.0067,0.0005
IFBJBKOH_05105,Cytoplasmic,0.0000,0.0346,0.9334,0.0166,0.0121,0.0033
IFBJBKOH_05106,Cytoplasmic,0.0006,0.0587,0.8724,0.0272,0.0026,0.0386
IFBJBKOH_05107,Cytoplasmic,0.0015,0.0236,0.9511,0.0101,0.0132,0.0005
IFBJBKOH_05108,Cytoplasmic,0.0025,0.3608,0.5656,0.0582,0.0115,0.0013
IFBJBKOH_05109,Cytoplasmic,0.0003,0.2301,0.7551,0.0004,0.0071,0.0071
IFBJBKOH_05110,Cytoplasmic,0.0020,0.1653,0.8154,0.0068,0.0085,0.0020
IFBJBKOH_05111,Cytoplasmic,0.0000,0.2196,0.6562,0.0383,0.0164,0.0694
IFBJBKOH_05112,Cytoplasmic Membrane,0.0000,0.0000,0.0000,0.9998,0.0002,0.0000
IFBJBKOH_05113,Extracellular,0.0009,0.4577,0.4263,0.0424,0.0543,0.0184
IFBJBKOH_05114,Cytoplasmic,0.0001,0.0005,0.9910,0.0057,0.0027,0.0000
IFBJBKOH_05115,Cytoplasmic,0.0000,0.0003,0.9917,0.0008,0.0066,0.0005
IFBJBKOH_05116,Cytoplasmic,0.0000,0.0002,0.9994,0.0002,0.0002,0.0000
IFBJBKOH_05117,Cytoplasmic,0.0009,0.0031,0.9251,0.0169,0.0509,0.0031
IFBJBKOH_05118,Cytoplasmic Membrane,0.0000,0.0005,0.0001,0.9969,0.0025,0.0000
IFBJBKOH_05119,Cytoplasmic,0.0001,0.0015,0.9816,0.0034,0.0115,0.0020
IFBJBKOH_05120,Cytoplasmic,0.0006,0.0046,0.9235,0.0037,0.0534,0.0142
IFBJBKOH_05121,Cytoplasmic,0.0003,0.0052,0.9312,0.0438,0.0136,0.0058
IFBJBKOH_05122,Cytoplasmic,0.0001,0.4573,0.5067,0.0019,0.0338,0.0001
IFBJBKOH_05123,Cytoplasmic,0.0003,0.0017,0.9591,0.0110,0.0232,0.0047
IFBJBKOH_05124,Cytoplasmic,0.0003,0.1842,0.5588,0.2094,0.0378,0.0097
IFBJBKOH_05125,Cytoplasmic,0.0014,0.0449,0.8985,0.0076,0.0110,0.0366
IFBJBKOH_05126,Cytoplasmic Membrane,0.0003,0.0061,0.0005,0.8093,0.1813,0.0025
IFBJBKOH_05127,Cytoplasmic,0.0003,0.0485,0.9348,0.0039,0.0123,0.0003
IFBJBKOH_05128,Cytoplasmic Membrane,0.0000,0.0000,0.0000,0.9999,0.0001,0.0000
IFBJBKOH_05129,Cytoplasmic,0.0000,0.0007,0.9073,0.0285,0.0589,0.0046
IFBJBKOH_05130,Cytoplasmic,0.0004,0.3499,0.5322,0.0045,0.0587,0.0544
IFBJBKOH_05131,Cytoplasmic,0.0000,0.0000,0.9994,0.0000,0.0005,0.0000
IFBJBKOH_05132,Cytoplasmic,0.0000,0.0001,0.9962,0.0008,0.0027,0.0001
IFBJBKOH_05133,Cytoplasmic,0.0004,0.0098,0.7994,0.0120,0.0089,0.1696
IFBJBKOH_05134,Cytoplasmic,0.0000,0.0004,0.9915,0.0008,0.0064,0.0009
IFBJBKOH_05135,Cytoplasmic,0.0000,0.0028,0.9556,0.0009,0.0394,0.0013
IFBJBKOH_05136,Cytoplasmic Membrane,0.0000,0.0056,0.0021,0.9906,0.0017,0.0000
IFBJBKOH_05137,Cytoplasmic,0.0000,0.0005,0.9692,0.0121,0.0157,0.0024
IFBJBKOH_05138,Cytoplasmic Membrane,0.0012,0.0110,0.0010,0.9238,0.0627,0.0004
IFBJBKOH_05139,Cytoplasmic,0.0001,0.0391,0.9330,0.0067,0.0177,0.0034
IFBJBKOH_05140,Cytoplasmic,0.0000,0.0009,0.9872,0.0041,0.0076,0.0002
IFBJBKOH_05141,Cytoplasmic,0.0001,0.0487,0.8666,0.0090,0.0604,0.0152
IFBJBKOH_05142,Cytoplasmic Membrane,0.0057,0.0547,0.0495,0.7071,0.1770,0.0060
IFBJBKOH_05143,Cytoplasmic Membrane,0.0000,0.0000,0.0000,1.0000,0.0000,0.0000
IFBJBKOH_05144,Cytoplasmic Membrane,0.0001,0.0011,0.0008,0.9951,0.0029,0.0000
IFBJBKOH_05145,Cytoplasmic,0.0002,0.0040,0.7741,0.0006,0.2206,0.0005
IFBJBKOH_05146,Cytoplasmic,0.0000,0.0022,0.9858,0.0091,0.0015,0.0014
IFBJBKOH_05147,Cytoplasmic Membrane,0.0015,0.1065,0.0008,0.8818,0.0084,0.0010
IFBJBKOH_05148,Cytoplasmic Membrane,0.0000,0.0014,0.0001,0.9979,0.0005,0.0000
IFBJBKOH_05149,Cytoplasmic Membrane,0.0000,0.0001,0.0007,0.9990,0.0001,0.0000
IFBJBKOH_05150,Cytoplasmic,0.0001,0.0002,0.6713,0.3266,0.0016,0.0002
IFBJBKOH_05151,Cytoplasmic,0.0002,0.0018,0.7105,0.0035,0.2734,0.0106
IFBJBKOH_05152,Periplasmic,0.0006,0.1794,0.0442,0.2683,0.2294,0.2780
IFBJBKOH_05153,Cytoplasmic,0.0015,0.3352,0.4254,0.1081,0.0291,0.1007
IFBJBKOH_05154,Cytoplasmic,0.0001,0.0031,0.9044,0.0020,0.0878,0.0025
IFBJBKOH_05155,Cytoplasmic,0.0002,0.0008,0.9024,0.0019,0.0938,0.0011
IFBJBKOH_05156,Cytoplasmic,0.0001,0.0426,0.9440,0.0057,0.0073,0.0003
IFBJBKOH_05157,Cytoplasmic,0.0002,0.0133,0.9448,0.0021,0.0375,0.0021
IFBJBKOH_05158,Cytoplasmic,0.0004,0.0009,0.9372,0.0054,0.0557,0.0005
IFBJBKOH_05159,Cytoplasmic,0.0002,0.0023,0.9849,0.0019,0.0087,0.0020
IFBJBKOH_05160,Cytoplasmic Membrane,0.0007,0.0031,0.0001,0.9905,0.0055,0.0001
IFBJBKOH_05161,Cytoplasmic Membrane,0.0001,0.0005,0.1596,0.8293,0.0103,0.0003
IFBJBKOH_05162,Cytoplasmic Membrane,0.0000,0.0000,0.0000,0.9989,0.0011,0.0000
IFBJBKOH_05163,Extracellular,0.0255,0.6841,0.0983,0.0882,0.0221,0.0817
IFBJBKOH_05164,Extracellular,0.0522,0.5737,0.1343,0.1599,0.0251,0.0549
IFBJBKOH_05165,Cytoplasmic,0.0000,0.0001,0.9953,0.0013,0.0031,0.0002
IFBJBKOH_05166,Cytoplasmic Membrane,0.0000,0.0001,0.0004,0.9967,0.0028,0.0000
IFBJBKOH_05167,Cytoplasmic Membrane,0.0000,0.0019,0.0004,0.9952,0.0016,0.0009
IFBJBKOH_05168,Cytoplasmic Membrane,0.0000,0.0000,0.0002,0.9974,0.0023,0.0000
IFBJBKOH_05169,Cytoplasmic Membrane,0.0000,0.0000,0.0000,0.9996,0.0003,0.0000
IFBJBKOH_05170,Cytoplasmic,0.0002,0.0020,0.8564,0.0702,0.0091,0.0622
IFBJBKOH_05171,Cytoplasmic,0.0001,0.0002,0.7515,0.2016,0.0464,0.0002
IFBJBKOH_05172,Cytoplasmic,0.0000,0.0069,0.9778,0.0030,0.0080,0.0043
IFBJBKOH_05173,Cytoplasmic Membrane,0.0000,0.0000,0.0000,0.9994,0.0005,0.0000
IFBJBKOH_05174,Cytoplasmic,0.0000,0.0001,0.9834,0.0049,0.0103,0.0012
IFBJBKOH_05175,Cytoplasmic,0.0000,0.0001,0.9922,0.0028,0.0016,0.0033
IFBJBKOH_05176,Cytoplasmic,0.0004,0.0006,0.9961,0.0010,0.0017,0.0002
IFBJBKOH_05177,Cytoplasmic,0.0000,0.4403,0.5583,0.0007,0.0006,0.0000
IFBJBKOH_05178,Cytoplasmic,0.0023,0.1059,0.7473,0.0584,0.0794,0.0068
IFBJBKOH_05179,Cytoplasmic,0.0035,0.0397,0.9025,0.0098,0.0440,0.0005
IFBJBKOH_05180,Cytoplasmic,0.0004,0.0209,0.9389,0.0325,0.0066,0.0007
IFBJBKOH_05181,Cytoplasmic Membrane,0.0026,0.1058,0.0002,0.5954,0.2662,0.0299
IFBJBKOH_05182,Cytoplasmic Membrane,0.0000,0.0002,0.0001,0.9988,0.0009,0.0000
IFBJBKOH_05183,Cytoplasmic Membrane,0.0000,0.0000,0.0000,0.9998,0.0002,0.0000
IFBJBKOH_05184,Cytoplasmic,0.0010,0.1229,0.8450,0.0042,0.0215,0.0054
IFBJBKOH_05185,Cytoplasmic Membrane,0.0000,0.0001,0.0002,0.9986,0.0010,0.0000
IFBJBKOH_05186,Cytoplasmic Membrane,0.0000,0.0186,0.0000,0.9795,0.0018,0.0000
IFBJBKOH_05187,Cytoplasmic,0.0001,0.0004,0.9849,0.0029,0.0100,0.0018
IFBJBKOH_05188,Cytoplasmic,0.0000,0.0000,0.9948,0.0002,0.0049,0.0001
IFBJBKOH_05189,Cytoplasmic,0.0000,0.0001,0.9959,0.0037,0.0003,0.0000
IFBJBKOH_05190,Extracellular,0.0056,0.9528,0.0201,0.0014,0.0060,0.0141
IFBJBKOH_05191,Cytoplasmic Membrane,0.0000,0.0000,0.0000,0.9999,0.0001,0.0000
IFBJBKOH_05192,Extracellular,0.1218,0.6636,0.0080,0.1450,0.0499,0.0117
IFBJBKOH_05193,Cytoplasmic,0.0001,0.0018,0.9604,0.0232,0.0143,0.0002
IFBJBKOH_05194,Cytoplasmic,0.0000,0.0001,0.9928,0.0007,0.0036,0.0029
IFBJBKOH_05195,Cytoplasmic,0.0000,0.0102,0.9383,0.0384,0.0082,0.0049
IFBJBKOH_05196,Extracellular,0.0000,0.4813,0.4756,0.0041,0.0318,0.0071
IFBJBKOH_05197,Cytoplasmic Membrane,0.0000,0.0000,0.0000,0.9997,0.0002,0.0000
IFBJBKOH_05198,Cytoplasmic,0.0000,0.0313,0.9318,0.0038,0.0302,0.0029
IFBJBKOH_05199,Cytoplasmic,0.0000,0.0009,0.9827,0.0085,0.0059,0.0019
IFBJBKOH_05200,Cytoplasmic,0.0202,0.2778,0.5258,0.0789,0.0967,0.0006
IFBJBKOH_05201,Cytoplasmic,0.0003,0.0506,0.8787,0.0045,0.0337,0.0322
IFBJBKOH_05202,Cytoplasmic,0.0000,0.0296,0.9577,0.0065,0.0026,0.0036
IFBJBKOH_05203,Extracellular,0.0000,0.6013,0.3840,0.0003,0.0144,0.0000
IFBJBKOH_05204,Cytoplasmic Membrane,0.0090,0.0082,0.0003,0.5016,0.4335,0.0475
IFBJBKOH_05205,Cytoplasmic Membrane,0.0000,0.0002,0.1281,0.8517,0.0182,0.0017
IFBJBKOH_05206,Cytoplasmic Membrane,0.0000,0.0000,0.0000,0.9994,0.0005,0.0000
IFBJBKOH_05207,Cytoplasmic Membrane,0.0492,0.2066,0.0360,0.6359,0.0700,0.0023
IFBJBKOH_05208,Cytoplasmic Membrane,0.0001,0.0012,0.0006,0.9902,0.0079,0.0000
IFBJBKOH_05209,Cytoplasmic,0.0004,0.0013,0.9737,0.0104,0.0139,0.0003
IFBJBKOH_05210,Cytoplasmic Membrane,0.0167,0.0686,0.0031,0.8941,0.0173,0.0002
IFBJBKOH_05211,Cytoplasmic Membrane,0.0000,0.0000,0.0003,0.9996,0.0001,0.0000
IFBJBKOH_05212,Cytoplasmic,0.0000,0.0002,0.9966,0.0000,0.0031,0.0000
IFBJBKOH_05213,Extracellular,0.1478,0.7489,0.0009,0.0353,0.0058,0.0612
IFBJBKOH_05214,Cytoplasmic,0.0000,0.0000,0.9998,0.0000,0.0001,0.0000
IFBJBKOH_05215,Outer Membrane,0.0101,0.0643,0.0050,0.3124,0.6024,0.0058
IFBJBKOH_05216,Cytoplasmic,0.0000,0.0240,0.7189,0.1955,0.0448,0.0168
IFBJBKOH_05217,Cytoplasmic,0.0000,0.0008,0.9942,0.0005,0.0044,0.0001
IFBJBKOH_05218,Cytoplasmic,0.0000,0.0006,0.9798,0.0060,0.0071,0.0064
IFBJBKOH_05219,Cytoplasmic,0.0004,0.0546,0.9093,0.0059,0.0182,0.0115
IFBJBKOH_05220,Cytoplasmic,0.0000,0.0003,0.9899,0.0086,0.0009,0.0003
IFBJBKOH_05221,Cytoplasmic,0.0001,0.0006,0.9941,0.0002,0.0047,0.0003
IFBJBKOH_05222,Cytoplasmic,0.0001,0.0013,0.9559,0.0037,0.0386,0.0005
IFBJBKOH_05223,Extracellular,0.0002,0.5977,0.3653,0.0173,0.0178,0.0018
IFBJBKOH_05224,Cytoplasmic,0.0001,0.0039,0.9868,0.0007,0.0073,0.0012
IFBJBKOH_05225,Cytoplasmic Membrane,0.0000,0.0000,0.0000,0.9998,0.0002,0.0000
IFBJBKOH_05226,Cytoplasmic,0.0000,0.0160,0.9521,0.0011,0.0279,0.0028
IFBJBKOH_05227,Cytoplasmic Membrane,0.0000,0.0000,0.0000,0.9999,0.0001,0.0000
IFBJBKOH_05228,Cytoplasmic,0.0000,0.0000,0.9852,0.0001,0.0135,0.0011
IFBJBKOH_05229,Extracellular,0.0130,0.9590,0.0006,0.0143,0.0030,0.0100
IFBJBKOH_05230,Cytoplasmic Membrane,0.0000,0.0001,0.0006,0.9896,0.0097,0.0000
IFBJBKOH_05231,Cytoplasmic Membrane,0.0000,0.0000,0.0000,0.9999,0.0001,0.0000
IFBJBKOH_05232,Cytoplasmic Membrane,0.0000,0.0001,0.0009,0.9967,0.0023,0.0000
IFBJBKOH_05233,Cytoplasmic Membrane,0.0014,0.0428,0.0228,0.9082,0.0178,0.0069
IFBJBKOH_05234,Cytoplasmic,0.0000,0.0045,0.9173,0.0053,0.0018,0.0710
IFBJBKOH_05235,Cytoplasmic,0.0008,0.0548,0.9124,0.0181,0.0122,0.0016
IFBJBKOH_05236,Cytoplasmic,0.0000,0.0182,0.8102,0.0007,0.1605,0.0103
IFBJBKOH_05237,Cytoplasmic,0.0016,0.0280,0.7007,0.0864,0.1361,0.0473
IFBJBKOH_05238,Cytoplasmic,0.0000,0.0003,0.9975,0.0014,0.0007,0.0001
IFBJBKOH_05239,Cytoplasmic,0.0000,0.0025,0.8978,0.0015,0.0180,0.0802
IFBJBKOH_05240,Cytoplasmic,0.0001,0.0005,0.9675,0.0024,0.0188,0.0107
IFBJBKOH_05241,Cytoplasmic,0.0000,0.0002,0.9874,0.0081,0.0040,0.0003
IFBJBKOH_05242,Cytoplasmic,0.0000,0.0384,0.9546,0.0019,0.0048,0.0002
IFBJBKOH_05243,Cytoplasmic,0.0034,0.0162,0.7081,0.1469,0.1234,0.0019
IFBJBKOH_05244,Cytoplasmic Membrane,0.0001,0.0006,0.0040,0.9844,0.0098,0.0011
IFBJBKOH_05245,Cytoplasmic,0.0000,0.0003,0.9961,0.0004,0.0030,0.0001
IFBJBKOH_05246,Cytoplasmic Membrane,0.0011,0.0137,0.0001,0.5840,0.3540,0.0472
IFBJBKOH_05247,Cytoplasmic Membrane,0.0000,0.0000,0.0001,0.9996,0.0003,0.0000
IFBJBKOH_05248,Cytoplasmic Membrane,0.0000,0.0000,0.0000,0.9997,0.0002,0.0000
IFBJBKOH_05249,Cytoplasmic Membrane,0.0000,0.0000,0.0000,0.9998,0.0002,0.0000
IFBJBKOH_05250,Cytoplasmic,0.0001,0.0003,0.9950,0.0018,0.0009,0.0019
IFBJBKOH_05251,Cytoplasmic,0.0007,0.0017,0.9800,0.0006,0.0160,0.0011
IFBJBKOH_05252,Cytoplasmic Membrane,0.0000,0.0000,0.0000,0.9998,0.0002,0.0000
IFBJBKOH_05253,Cytoplasmic,0.0000,0.0040,0.9924,0.0004,0.0019,0.0013
IFBJBKOH_05254,Cytoplasmic Membrane,0.0000,0.0000,0.0000,0.9996,0.0004,0.0000
IFBJBKOH_05255,Cytoplasmic Membrane,0.0000,0.0002,0.0000,0.9994,0.0004,0.0000
IFBJBKOH_05256,Cytoplasmic Membrane,0.0010,0.0545,0.0003,0.5549,0.3382,0.0510
IFBJBKOH_05257,Cytoplasmic,0.0000,0.0004,0.9964,0.0001,0.0015,0.0016
IFBJBKOH_05258,Cytoplasmic,0.0000,0.0001,0.9983,0.0002,0.0004,0.0009
IFBJBKOH_05259,Cytoplasmic,0.0000,0.0001,0.9889,0.0034,0.0066,0.0010
IFBJBKOH_05260,Cytoplasmic,0.0000,0.0008,0.9930,0.0037,0.0025,0.0000
IFBJBKOH_05261,Cytoplasmic,0.0000,0.0019,0.9943,0.0035,0.0002,0.0000
IFBJBKOH_05262,Cytoplasmic,0.0009,0.0184,0.9680,0.0103,0.0022,0.0003
IFBJBKOH_05263,Cytoplasmic Membrane,0.0001,0.0048,0.0024,0.9843,0.0082,0.0002
IFBJBKOH_05264,Cytoplasmic Membrane,0.0000,0.0547,0.0002,0.9343,0.0106,0.0001
IFBJBKOH_05265,Cytoplasmic,0.0142,0.3481,0.5699,0.0297,0.0377,0.0004
IFBJBKOH_05266,Cytoplasmic,0.0000,0.0007,0.9981,0.0007,0.0004,0.0001
IFBJBKOH_05267,Cytoplasmic,0.0001,0.2177,0.6633,0.0722,0.0449,0.0018
IFBJBKOH_05269,Cytoplasmic Membrane,0.0046,0.1188,0.0181,0.7102,0.0824,0.0658
IFBJBKOH_05271,Cytoplasmic,0.0009,0.0430,0.9518,0.0002,0.0037,0.0003
IFBJBKOH_05272,Cytoplasmic,0.0009,0.0459,0.5307,0.0003,0.2237,0.1985
IFBJBKOH_05273,Cytoplasmic,0.0004,0.0168,0.8891,0.0888,0.0045,0.0003
IFBJBKOH_05274,Cytoplasmic,0.0000,0.0049,0.9858,0.0079,0.0006,0.0009
IFBJBKOH_05275,Cytoplasmic,0.0001,0.0002,0.9844,0.0069,0.0080,0.0004
IFBJBKOH_05276,Cytoplasmic,0.0000,0.0000,0.9995,0.0000,0.0004,0.0000
IFBJBKOH_05277,Cytoplasmic Membrane,0.0002,0.0068,0.4901,0.4923,0.0104,0.0001
IFBJBKOH_05278,Cytoplasmic Membrane,0.0000,0.0023,0.0003,0.9971,0.0003,0.0000
IFBJBKOH_05279,Cytoplasmic Membrane,0.0000,0.0000,0.0000,0.9996,0.0003,0.0000
IFBJBKOH_05280,Cytoplasmic Membrane,0.0316,0.0923,0.0131,0.8011,0.0567,0.0052
IFBJBKOH_05281,Cytoplasmic,0.0000,0.0000,0.9928,0.0026,0.0046,0.0000
IFBJBKOH_05282,Cytoplasmic,0.0000,0.0004,0.9993,0.0001,0.0002,0.0001
IFBJBKOH_05283,Cytoplasmic,0.0001,0.0010,0.9671,0.0034,0.0192,0.0092
IFBJBKOH_05284,Cytoplasmic Membrane,0.0000,0.0001,0.0000,0.9975,0.0024,0.0000
IFBJBKOH_05285,Cytoplasmic,0.0000,0.0003,0.8935,0.0727,0.0311,0.0024
IFBJBKOH_05286,Cytoplasmic,0.0000,0.0022,0.9481,0.0425,0.0046,0.0026
IFBJBKOH_05287,Cytoplasmic Membrane,0.0000,0.0002,0.0008,0.9967,0.0023,0.0000
IFBJBKOH_05288,Cytoplasmic,0.0010,0.0123,0.9468,0.0252,0.0121,0.0027
IFBJBKOH_05289,Cytoplasmic,0.0000,0.0004,0.8486,0.1505,0.0005,0.0000
IFBJBKOH_05290,Cytoplasmic Membrane,0.0000,0.0003,0.0101,0.9891,0.0003,0.0001
IFBJBKOH_05291,Cytoplasmic Membrane,0.0000,0.0019,0.0056,0.9907,0.0018,0.0000
IFBJBKOH_05292,Cytoplasmic Membrane,0.0000,0.0018,0.0018,0.9836,0.0128,0.0000
IFBJBKOH_05293,Cytoplasmic Membrane,0.0002,0.0008,0.0616,0.9366,0.0009,0.0000
IFBJBKOH_05294,Cytoplasmic Membrane,0.0001,0.0004,0.0630,0.9353,0.0012,0.0000
IFBJBKOH_05295,Cytoplasmic Membrane,0.0008,0.0365,0.0006,0.9324,0.0297,0.0000
IFBJBKOH_05296,Cytoplasmic Membrane,0.0494,0.0353,0.0579,0.7492,0.1000,0.0082
IFBJBKOH_05297,Cytoplasmic,0.0001,0.0365,0.9598,0.0009,0.0026,0.0001
IFBJBKOH_05298,Cytoplasmic Membrane,0.0014,0.0169,0.0010,0.3714,0.3334,0.2758
IFBJBKOH_05299,Cytoplasmic Membrane,0.0000,0.0001,0.0001,0.9987,0.0012,0.0000
IFBJBKOH_05300,Cytoplasmic Membrane,0.0000,0.0000,0.0000,0.9996,0.0004,0.0000
IFBJBKOH_05301,Extracellular,0.0003,0.4809,0.2525,0.0013,0.0043,0.2607
IFBJBKOH_05302,Extracellular,0.0042,0.5311,0.4484,0.0034,0.0040,0.0089
IFBJBKOH_05303,Cytoplasmic,0.0003,0.1573,0.8265,0.0034,0.0027,0.0097
IFBJBKOH_05304,Cytoplasmic,0.0007,0.0004,0.9556,0.0379,0.0053,0.0001
IFBJBKOH_05305,Cytoplasmic,0.0005,0.0010,0.9766,0.0146,0.0052,0.0020
IFBJBKOH_05306,Cytoplasmic,0.0005,0.0012,0.9872,0.0070,0.0022,0.0019
IFBJBKOH_05307,Cytoplasmic,0.0002,0.0001,0.9923,0.0046,0.0028,0.0000
IFBJBKOH_05308,Cytoplasmic,0.0001,0.0002,0.9938,0.0030,0.0029,0.0001
IFBJBKOH_05309,Cytoplasmic,0.0005,0.0505,0.7700,0.0948,0.0808,0.0034
IFBJBKOH_05310,Cytoplasmic,0.0000,0.0001,0.9947,0.0001,0.0050,0.0000
IFBJBKOH_05311,Cytoplasmic,0.0000,0.0004,0.9957,0.0025,0.0013,0.0000
IFBJBKOH_05312,Cytoplasmic,0.0000,0.0005,0.9798,0.0095,0.0101,0.0002
IFBJBKOH_05313,Cytoplasmic,0.0000,0.0001,0.9946,0.0051,0.0002,0.0001
IFBJBKOH_05314,Cytoplasmic Membrane,0.0079,0.1192,0.0300,0.8016,0.0394,0.0019
IFBJBKOH_05315,Cytoplasmic,0.0000,0.3272,0.6390,0.0307,0.0030,0.0001
IFBJBKOH_05316,Cytoplasmic,0.0000,0.0066,0.9373,0.0486,0.0035,0.0039
IFBJBKOH_05317,Cytoplasmic,0.0040,0.0529,0.8735,0.0659,0.0035,0.0002
IFBJBKOH_05318,Cytoplasmic,0.0001,0.0001,0.9745,0.0002,0.0247,0.0005
IFBJBKOH_05319,Cytoplasmic,0.0002,0.0401,0.9360,0.0085,0.0144,0.0007
IFBJBKOH_05320,Cytoplasmic,0.0000,0.0008,0.9898,0.0027,0.0067,0.0000
IFBJBKOH_05321,Cytoplasmic,0.0011,0.0143,0.9664,0.0031,0.0084,0.0067
IFBJBKOH_05322,Cytoplasmic,0.0024,0.1986,0.6716,0.1028,0.0237,0.0008
IFBJBKOH_05323,Cytoplasmic,0.0444,0.0497,0.8460,0.0035,0.0071,0.0494
IFBJBKOH_05324,Cytoplasmic,0.0008,0.0001,0.9974,0.0002,0.0011,0.0003
IFBJBKOH_05325,Cytoplasmic,0.0035,0.0163,0.9011,0.0692,0.0093,0.0006
IFBJBKOH_05326,Extracellular,0.0061,0.6484,0.2866,0.0015,0.0492,0.0083
IFBJBKOH_05327,Cytoplasmic,0.0008,0.0817,0.8452,0.0195,0.0346,0.0181
IFBJBKOH_05328,Cytoplasmic,0.0001,0.0006,0.9871,0.0062,0.0057,0.0002
IFBJBKOH_05329,Cytoplasmic,0.0000,0.0001,0.9934,0.0036,0.0028,0.0000
IFBJBKOH_05330,Cytoplasmic,0.0005,0.0527,0.8661,0.0076,0.0640,0.0091
IFBJBKOH_05331,Cytoplasmic Membrane,0.0004,0.0858,0.2582,0.6210,0.0210,0.0137
IFBJBKOH_05332,Cytoplasmic Membrane,0.0003,0.0006,0.0030,0.9795,0.0164,0.0002
IFBJBKOH_05333,Cytoplasmic Membrane,0.0000,0.0001,0.0024,0.9953,0.0021,0.0000
IFBJBKOH_05334,Cytoplasmic,0.0000,0.0005,0.9988,0.0006,0.0000,0.0000
IFBJBKOH_05335,Cytoplasmic,0.0000,0.0079,0.9878,0.0013,0.0026,0.0004
IFBJBKOH_05336,Cytoplasmic Membrane,0.0020,0.0362,0.0001,0.8055,0.1475,0.0088
IFBJBKOH_05337,Cytoplasmic,0.0004,0.1474,0.7914,0.0457,0.0148,0.0003
IFBJBKOH_05338,Cytoplasmic,0.0001,0.0129,0.9303,0.0259,0.0307,0.0001
IFBJBKOH_05339,Cytoplasmic,0.0000,0.0009,0.8767,0.0016,0.1168,0.0039
IFBJBKOH_05340,Cytoplasmic,0.0001,0.0007,0.9772,0.0008,0.0167,0.0046
IFBJBKOH_05341,Cytoplasmic Membrane,0.0000,0.0000,0.0000,0.9981,0.0019,0.0000
IFBJBKOH_05342,Cytoplasmic,0.0000,0.0042,0.9624,0.0190,0.0143,0.0001
IFBJBKOH_05343,Cytoplasmic,0.0001,0.0021,0.9912,0.0008,0.0037,0.0022
IFBJBKOH_05344,Cytoplasmic,0.0011,0.0022,0.9377,0.0041,0.0270,0.0280
IFBJBKOH_05345,Cytoplasmic,0.0003,0.0165,0.8450,0.0570,0.0234,0.0578
IFBJBKOH_05346,Cytoplasmic,0.0001,0.3759,0.5797,0.0145,0.0267,0.0031
IFBJBKOH_05347,Cytoplasmic,0.0000,0.0005,0.9971,0.0001,0.0018,0.0005
IFBJBKOH_05348,Cytoplasmic,0.0002,0.0016,0.9560,0.0009,0.0312,0.0101
IFBJBKOH_05349,Extracellular,0.1976,0.7294,0.0125,0.0448,0.0156,0.0001
IFBJBKOH_05350,Cytoplasmic,0.0010,0.0213,0.9732,0.0035,0.0001,0.0009
IFBJBKOH_05351,Extracellular,0.0350,0.9489,0.0001,0.0005,0.0129,0.0027
IFBJBKOH_05352,Cytoplasmic,0.0000,0.0002,0.9983,0.0000,0.0013,0.0002
IFBJBKOH_05353,Cytoplasmic,0.0000,0.0041,0.9911,0.0024,0.0012,0.0011
IFBJBKOH_05354,Cytoplasmic Membrane,0.0000,0.0002,0.0000,0.9973,0.0025,0.0000
IFBJBKOH_05355,Cytoplasmic,0.0000,0.0000,0.9980,0.0004,0.0014,0.0002
IFBJBKOH_05356,Outer Membrane,0.0000,0.0000,0.2834,0.0000,0.7164,0.0001
IFBJBKOH_05357,Cytoplasmic,0.0000,0.0018,0.9923,0.0002,0.0049,0.0007
IFBJBKOH_05359,Extracellular,0.0037,0.5738,0.4040,0.0086,0.0074,0.0025
IFBJBKOH_05360,Cytoplasmic,0.0012,0.0098,0.7868,0.0087,0.0392,0.1544
IFBJBKOH_05361,Cytoplasmic,0.0000,0.0542,0.7414,0.1854,0.0152,0.0037
IFBJBKOH_05362,Cytoplasmic,0.0004,0.0167,0.8417,0.0918,0.0452,0.0042
IFBJBKOH_05363,Cytoplasmic,0.0000,0.0004,0.9927,0.0008,0.0037,0.0023
IFBJBKOH_05364,Cytoplasmic,0.0000,0.0002,0.9619,0.0088,0.0269,0.0021
IFBJBKOH_05365,Cytoplasmic,0.0001,0.0003,0.9770,0.0066,0.0108,0.0052
IFBJBKOH_05366,Cytoplasmic,0.0002,0.0005,0.9846,0.0014,0.0123,0.0010
IFBJBKOH_05367,Cytoplasmic,0.0000,0.0002,0.9718,0.0014,0.0257,0.0009
IFBJBKOH_05368,Cytoplasmic,0.0000,0.0002,0.9837,0.0139,0.0018,0.0004
IFBJBKOH_05369,Cytoplasmic,0.0003,0.1547,0.7355,0.0899,0.0098,0.0097
IFBJBKOH_05370,Cytoplasmic Membrane,0.0000,0.0000,0.0000,0.9988,0.0011,0.0001
IFBJBKOH_05371,Cytoplasmic Membrane,0.0000,0.0001,0.0001,0.9968,0.0030,0.0000
IFBJBKOH_05372,Cytoplasmic,0.0005,0.0216,0.8846,0.0200,0.0728,0.0005
IFBJBKOH_05373,Cytoplasmic,0.0003,0.1279,0.5435,0.2718,0.0411,0.0154
IFBJBKOH_05374,Cytoplasmic,0.0004,0.0064,0.9340,0.0353,0.0210,0.0029
IFBJBKOH_05376,Outer Membrane,0.0281,0.0635,0.0009,0.3482,0.4879,0.0715
IFBJBKOH_05377,Cytoplasmic Membrane,0.0000,0.0002,0.0001,0.9917,0.0079,0.0001
IFBJBKOH_05378,Cytoplasmic Membrane,0.0000,0.0000,0.0000,0.9996,0.0004,0.0000
IFBJBKOH_05379,Cytoplasmic,0.0001,0.0015,0.9704,0.0009,0.0266,0.0005
IFBJBKOH_05380,Cytoplasmic,0.0000,0.0012,0.8260,0.0077,0.1604,0.0047
IFBJBKOH_05381,Cytoplasmic,0.0000,0.0027,0.9250,0.0064,0.0631,0.0028
IFBJBKOH_05382,Cytoplasmic,0.0001,0.0070,0.9627,0.0048,0.0231,0.0024
IFBJBKOH_05383,Cytoplasmic,0.0001,0.0003,0.9860,0.0065,0.0063,0.0008
IFBJBKOH_05384,Cytoplasmic,0.0000,0.0137,0.9373,0.0115,0.0311,0.0063
IFBJBKOH_05385,Cytoplasmic,0.0003,0.0021,0.6512,0.0107,0.2642,0.0715
IFBJBKOH_05386,Periplasmic,0.0013,0.0008,0.3029,0.0674,0.0140,0.6136
IFBJBKOH_05387,Cytoplasmic,0.0004,0.0024,0.9193,0.0108,0.0661,0.0010
IFBJBKOH_05388,Cytoplasmic,0.0000,0.0017,0.9973,0.0001,0.0005,0.0004
IFBJBKOH_05389,Cytoplasmic,0.0000,0.0014,0.9775,0.0034,0.0145,0.0032
IFBJBKOH_05390,Cytoplasmic,0.0001,0.2255,0.6819,0.0083,0.0799,0.0043
IFBJBKOH_05391,Cytoplasmic Membrane,0.0001,0.1381,0.1320,0.6324,0.0969,0.0005
IFBJBKOH_05392,Cytoplasmic,0.0001,0.0024,0.9847,0.0090,0.0036,0.0003
IFBJBKOH_05393,Cytoplasmic Membrane,0.0000,0.0001,0.0000,0.9979,0.0020,0.0000
IFBJBKOH_05394,Cytoplasmic,0.0001,0.0043,0.9535,0.0026,0.0051,0.0345
IFBJBKOH_05395,Cytoplasmic,0.0001,0.4137,0.4842,0.0938,0.0079,0.0003
IFBJBKOH_05396,Cytoplasmic,0.0043,0.1732,0.6657,0.1131,0.0422,0.0015
IFBJBKOH_05397,Cytoplasmic,0.0071,0.1799,0.7929,0.0120,0.0077,0.0002
IFBJBKOH_05398,Cytoplasmic,0.0017,0.2922,0.6772,0.0221,0.0030,0.0037
IFBJBKOH_05399,Cytoplasmic,0.0003,0.3572,0.6084,0.0044,0.0247,0.0051
IFBJBKOH_05400,Cytoplasmic,0.0099,0.3091,0.4584,0.0864,0.1258,0.0103
IFBJBKOH_05401,Cytoplasmic Membrane,0.0004,0.0102,0.0030,0.9708,0.0151,0.0006
IFBJBKOH_05402,Cytoplasmic,0.0040,0.0301,0.9041,0.0555,0.0062,0.0002
IFBJBKOH_05403,Cytoplasmic,0.0045,0.0500,0.7830,0.0644,0.0927,0.0054
IFBJBKOH_05404,Cytoplasmic,0.0202,0.2778,0.5258,0.0789,0.0967,0.0006
IFBJBKOH_05405,Cytoplasmic,0.0003,0.2484,0.3831,0.2088,0.0055,0.1538
IFBJBKOH_05406,Cytoplasmic,0.0001,0.0035,0.8125,0.1101,0.0737,0.0002
IFBJBKOH_05407,Cytoplasmic Membrane,0.0039,0.1286,0.0051,0.8099,0.0252,0.0273
IFBJBKOH_05408,Cytoplasmic,0.0009,0.0093,0.9859,0.0028,0.0011,0.0000
IFBJBKOH_05409,Cytoplasmic,0.0004,0.0392,0.7143,0.1319,0.1135,0.0007
IFBJBKOH_05410,Cytoplasmic,0.0004,0.0022,0.9803,0.0169,0.0002,0.0000
IFBJBKOH_05411,Cytoplasmic,0.0004,0.0597,0.8004,0.1324,0.0056,0.0014
IFBJBKOH_05412,Cytoplasmic,0.0002,0.0037,0.9721,0.0054,0.0176,0.0009
IFBJBKOH_05413,Cytoplasmic,0.0017,0.0061,0.9802,0.0043,0.0068,0.0009
IFBJBKOH_05414,Cytoplasmic,0.0040,0.1644,0.7876,0.0030,0.0308,0.0101
IFBJBKOH_05415,Cytoplasmic,0.0002,0.0463,0.9343,0.0046,0.0023,0.0121
IFBJBKOH_05416,Cytoplasmic,0.0001,0.0003,0.9994,0.0000,0.0001,0.0000
IFBJBKOH_05417,Cytoplasmic,0.0000,0.0008,0.9975,0.0007,0.0010,0.0000
IFBJBKOH_05418,Cytoplasmic,0.0005,0.1624,0.7920,0.0198,0.0217,0.0036
IFBJBKOH_05419,Cytoplasmic,0.0001,0.0004,0.9937,0.0023,0.0032,0.0003
IFBJBKOH_05420,Cytoplasmic,0.0005,0.0053,0.8781,0.0431,0.0729,0.0002
IFBJBKOH_05421,Cytoplasmic,0.0003,0.0006,0.9210,0.0634,0.0146,0.0001
IFBJBKOH_05422,Cytoplasmic Membrane,0.0000,0.1224,0.0001,0.8175,0.0600,0.0000
IFBJBKOH_05423,Cytoplasmic,0.0001,0.0064,0.9803,0.0071,0.0054,0.0006
IFBJBKOH_05424,Cytoplasmic,0.0005,0.0055,0.9054,0.0485,0.0399,0.0003
IFBJBKOH_05425,Cytoplasmic,0.0001,0.0054,0.9758,0.0146,0.0024,0.0017
IFBJBKOH_05426,Cytoplasmic,0.0004,0.0162,0.9615,0.0081,0.0133,0.0004
IFBJBKOH_05427,Cytoplasmic,0.0039,0.0927,0.8526,0.0316,0.0156,0.0037
IFBJBKOH_05428,Cytoplasmic,0.0007,0.0899,0.8853,0.0020,0.0211,0.0010
IFBJBKOH_05429,Extracellular,0.0004,0.7251,0.0690,0.1321,0.0391,0.0343
IFBJBKOH_05430,Cytoplasmic,0.0001,0.0006,0.9911,0.0036,0.0047,0.0000
IFBJBKOH_05431,Cytoplasmic,0.0001,0.0012,0.9473,0.0035,0.0462,0.0017
IFBJBKOH_05432,Cytoplasmic Membrane,0.0000,0.0001,0.0001,0.9989,0.0009,0.0000
IFBJBKOH_05433,Cytoplasmic,0.0000,0.0002,0.9778,0.0005,0.0211,0.0004
IFBJBKOH_05434,Cytoplasmic,0.0000,0.0002,0.9871,0.0011,0.0116,0.0001
IFBJBKOH_05435,Cytoplasmic,0.0001,0.0054,0.9054,0.0036,0.0011,0.0845
IFBJBKOH_05436,Cytoplasmic,0.0000,0.0008,0.9826,0.0137,0.0028,0.0000
IFBJBKOH_05437,Cytoplasmic,0.0000,0.0012,0.9714,0.0035,0.0177,0.0063
IFBJBKOH_05438,Periplasmic,0.0066,0.0388,0.0007,0.3008,0.1161,0.5370
IFBJBKOH_05439,Cytoplasmic Membrane,0.0000,0.0000,0.0000,1.0000,0.0000,0.0000
IFBJBKOH_05440,Cytoplasmic Membrane,0.0000,0.0000,0.0000,1.0000,0.0000,0.0000
IFBJBKOH_05441,Cytoplasmic,0.0000,0.0004,0.9926,0.0012,0.0057,0.0002
IFBJBKOH_05442,Cytoplasmic,0.0001,0.0063,0.9803,0.0112,0.0015,0.0005
IFBJBKOH_05443,Cytoplasmic,0.0000,0.0038,0.9926,0.0002,0.0005,0.0030
IFBJBKOH_05444,Cytoplasmic,0.0001,0.0068,0.9912,0.0015,0.0003,0.0000
IFBJBKOH_05445,Cytoplasmic,0.0000,0.0015,0.9917,0.0005,0.0058,0.0005
IFBJBKOH_05446,Cytoplasmic,0.0001,0.0033,0.9866,0.0004,0.0085,0.0010
IFBJBKOH_05447,Cytoplasmic,0.0001,0.0041,0.9843,0.0088,0.0026,0.0001
IFBJBKOH_05448,Cytoplasmic Membrane,0.0000,0.0000,0.0014,0.9971,0.0014,0.0000
IFBJBKOH_05449,Cytoplasmic,0.0000,0.0058,0.9391,0.0030,0.0311,0.0210
IFBJBKOH_05450,Cytoplasmic,0.0000,0.0122,0.9857,0.0007,0.0010,0.0003
IFBJBKOH_05451,Cytoplasmic,0.0000,0.0004,0.9813,0.0012,0.0164,0.0007
IFBJBKOH_05452,Cytoplasmic,0.0001,0.0030,0.9550,0.0001,0.0416,0.0002
IFBJBKOH_05453,Cytoplasmic,0.0001,0.0269,0.9494,0.0037,0.0149,0.0051
IFBJBKOH_05454,Cytoplasmic,0.0000,0.0002,0.9980,0.0001,0.0014,0.0002
IFBJBKOH_05455,Cytoplasmic Membrane,0.0096,0.0036,0.0000,0.8834,0.0583,0.0450
IFBJBKOH_05456,Cytoplasmic Membrane,0.0000,0.0000,0.0000,1.0000,0.0000,0.0000
IFBJBKOH_05457,Cytoplasmic Membrane,0.0001,0.0003,0.2637,0.7221,0.0128,0.0010
IFBJBKOH_05458,Cytoplasmic,0.0000,0.0016,0.9964,0.0019,0.0001,0.0000
IFBJBKOH_05459,Cytoplasmic,0.0000,0.0004,0.9968,0.0007,0.0010,0.0011
IFBJBKOH_05460,Cytoplasmic,0.0000,0.0007,0.9972,0.0019,0.0001,0.0000
IFBJBKOH_05461,Cytoplasmic,0.0000,0.0005,0.9987,0.0006,0.0001,0.0001
IFBJBKOH_05462,Cytoplasmic Membrane,0.0000,0.0000,0.0000,0.9999,0.0001,0.0000
IFBJBKOH_05463,Extracellular,0.0018,0.8692,0.0072,0.0061,0.0107,0.1049
IFBJBKOH_05464,Cytoplasmic,0.0014,0.2070,0.4720,0.0018,0.2072,0.1106
IFBJBKOH_05465,Cytoplasmic,0.0000,0.0000,0.9987,0.0000,0.0013,0.0000
IFBJBKOH_05466,Outer Membrane,0.0000,0.0000,0.0577,0.0000,0.9422,0.0000
IFBJBKOH_05467,Outer Membrane,0.0000,0.0000,0.0046,0.0000,0.9949,0.0005
IFBJBKOH_05468,Cytoplasmic,0.0000,0.0617,0.9133,0.0110,0.0127,0.0013
IFBJBKOH_05469,Cytoplasmic,0.0002,0.0661,0.8596,0.0002,0.0422,0.0317
IFBJBKOH_05470,Cytoplasmic Membrane,0.0000,0.0028,0.0000,0.9952,0.0019,0.0000
IFBJBKOH_05471,Extracellular,0.0042,0.8891,0.0184,0.0001,0.0873,0.0008
IFBJBKOH_05472,Extracellular,0.0096,0.6803,0.1070,0.0083,0.0070,0.1878
IFBJBKOH_05473,Cytoplasmic Membrane,0.0011,0.2507,0.0001,0.5204,0.2211,0.0066
IFBJBKOH_05474,Cytoplasmic,0.0009,0.0149,0.6514,0.2824,0.0466,0.0038
IFBJBKOH_05475,Cytoplasmic Membrane,0.0115,0.1003,0.0025,0.7887,0.0966,0.0004
IFBJBKOH_05476,Cytoplasmic Membrane,0.0031,0.0300,0.0288,0.9054,0.0316,0.0011
IFBJBKOH_05477,Cytoplasmic Membrane,0.0001,0.0028,0.0400,0.9465,0.0103,0.0004
IFBJBKOH_05478,Cytoplasmic,0.0004,0.0041,0.8083,0.0493,0.0908,0.0471
IFBJBKOH_05479,Cytoplasmic,0.0014,0.0549,0.7571,0.0279,0.0401,0.1186
IFBJBKOH_05480,Cytoplasmic,0.0001,0.0013,0.9469,0.0156,0.0260,0.0101
IFBJBKOH_05481,Cytoplasmic Membrane,0.0008,0.1157,0.3084,0.5228,0.0384,0.0139
IFBJBKOH_05482,Cytoplasmic,0.0001,0.0007,0.9438,0.0065,0.0467,0.0021
IFBJBKOH_05483,Cytoplasmic,0.0000,0.0000,0.9933,0.0047,0.0019,0.0000
IFBJBKOH_05484,Cytoplasmic,0.0002,0.0077,0.9559,0.0236,0.0124,0.0002
IFBJBKOH_05485,Cytoplasmic Membrane,0.0001,0.0013,0.3230,0.6053,0.0655,0.0049
IFBJBKOH_05486,Cytoplasmic Membrane,0.0066,0.0417,0.0014,0.4867,0.2120,0.2516
IFBJBKOH_05487,Cytoplasmic,0.0001,0.0004,0.9827,0.0142,0.0025,0.0000
IFBJBKOH_05490,Cytoplasmic,0.0000,0.4428,0.4738,0.0778,0.0053,0.0002
IFBJBKOH_05491,Cytoplasmic,0.0046,0.1698,0.6566,0.1281,0.0396,0.0013
IFBJBKOH_05492,Cytoplasmic,0.0003,0.0253,0.9208,0.0343,0.0186,0.0006
IFBJBKOH_05493,Cytoplasmic,0.0044,0.1968,0.7794,0.0173,0.0020,0.0001
IFBJBKOH_05494,Cytoplasmic,0.0005,0.2195,0.7611,0.0131,0.0054,0.0004
IFBJBKOH_05495,Cytoplasmic,0.0003,0.3243,0.5177,0.1344,0.0059,0.0175
IFBJBKOH_05496,Cytoplasmic,0.0016,0.0487,0.9299,0.0133,0.0061,0.0004
IFBJBKOH_05497,Cytoplasmic,0.0002,0.0103,0.9555,0.0264,0.0075,0.0001
IFBJBKOH_05498,Cytoplasmic,0.0010,0.1554,0.8304,0.0072,0.0048,0.0012
IFBJBKOH_05499,Cytoplasmic,0.0006,0.0008,0.9888,0.0011,0.0081,0.0006
IFBJBKOH_05500,Cytoplasmic,0.0002,0.0462,0.9369,0.0038,0.0126,0.0003
IFBJBKOH_05501,Cytoplasmic,0.0017,0.0294,0.9530,0.0007,0.0147,0.0006
IFBJBKOH_05502,Cytoplasmic,0.0000,0.0041,0.9799,0.0087,0.0072,0.0001
IFBJBKOH_05503,Cytoplasmic,0.0001,0.0059,0.9926,0.0006,0.0008,0.0000
IFBJBKOH_05504,Cytoplasmic,0.0000,0.0111,0.9867,0.0004,0.0018,0.0000
IFBJBKOH_05505,Cytoplasmic,0.0035,0.0064,0.9463,0.0418,0.0020,0.0001
IFBJBKOH_05506,Cytoplasmic,0.0014,0.0357,0.8994,0.0084,0.0098,0.0453
IFBJBKOH_05507,Cytoplasmic,0.0001,0.0003,0.9989,0.0006,0.0001,0.0000
IFBJBKOH_05508,Cytoplasmic,0.0000,0.0025,0.9959,0.0001,0.0009,0.0006
IFBJBKOH_05509,Cytoplasmic,0.0000,0.0013,0.9831,0.0009,0.0016,0.0131
IFBJBKOH_05510,Cytoplasmic,0.0000,0.0010,0.9749,0.0030,0.0096,0.0115
IFBJBKOH_05511,Cytoplasmic,0.0004,0.0747,0.7115,0.0184,0.0272,0.1678
IFBJBKOH_05512,Cytoplasmic,0.0001,0.0640,0.5626,0.3026,0.0413,0.0294
IFBJBKOH_05513,Extracellular,0.0182,0.9542,0.0046,0.0031,0.0055,0.0144
IFBJBKOH_05514,Cytoplasmic,0.0016,0.0372,0.7838,0.0030,0.0265,0.1480
IFBJBKOH_05515,Cytoplasmic Membrane,0.0000,0.0000,0.0000,0.9987,0.0012,0.0000
IFBJBKOH_05516,Cytoplasmic,0.0002,0.0084,0.9855,0.0011,0.0047,0.0001
IFBJBKOH_05517,Cytoplasmic,0.0012,0.2430,0.6202,0.0052,0.0385,0.0920
IFBJBKOH_05518,Cytoplasmic,0.0001,0.0012,0.9843,0.0004,0.0135,0.0005
IFBJBKOH_05519,Cytoplasmic,0.0021,0.0237,0.8606,0.0256,0.0752,0.0129
IFBJBKOH_05520,Cytoplasmic Membrane,0.0000,0.0000,0.0000,0.9999,0.0001,0.0000
IFBJBKOH_05521,Cytoplasmic,0.0003,0.3650,0.5742,0.0420,0.0170,0.0015
IFBJBKOH_05522,Extracellular,0.3026,0.3389,0.0459,0.0845,0.2266,0.0015
IFBJBKOH_05523,Cytoplasmic Membrane,0.0001,0.0109,0.0071,0.9499,0.0315,0.0006
IFBJBKOH_05524,Extracellular,0.1193,0.6578,0.0544,0.0012,0.1596,0.0077
IFBJBKOH_05525,Outer Membrane,0.3881,0.0619,0.0086,0.0029,0.5381,0.0004
IFBJBKOH_05526,Cytoplasmic,0.0000,0.4403,0.5583,0.0007,0.0006,0.0000
IFBJBKOH_05527,Cytoplasmic,0.0002,0.2385,0.7569,0.0008,0.0021,0.0016
IFBJBKOH_05528,Cytoplasmic Membrane,0.0000,0.0120,0.0016,0.9715,0.0136,0.0013
IFBJBKOH_05529,Cytoplasmic,0.0007,0.2222,0.7326,0.0077,0.0236,0.0132
IFBJBKOH_05530,Cytoplasmic,0.0005,0.0611,0.9075,0.0200,0.0108,0.0002
IFBJBKOH_05531,Cytoplasmic,0.0007,0.0001,0.5615,0.0000,0.4376,0.0001
IFBJBKOH_05532,Cytoplasmic,0.0000,0.0001,0.9974,0.0025,0.0000,0.0000
IFBJBKOH_05533,Cytoplasmic Membrane,0.0095,0.0970,0.0174,0.8530,0.0218,0.0013
IFBJBKOH_05534,Cytoplasmic,0.0001,0.0006,0.7578,0.2054,0.0356,0.0005
IFBJBKOH_05535,Cytoplasmic,0.0000,0.0015,0.9974,0.0004,0.0005,0.0001
IFBJBKOH_05536,Cytoplasmic,0.0000,0.0183,0.9797,0.0015,0.0002,0.0002
IFBJBKOH_05537,Cytoplasmic,0.0001,0.0020,0.8832,0.0007,0.0282,0.0857
IFBJBKOH_05538,Cytoplasmic,0.0001,0.0008,0.9667,0.0038,0.0035,0.0252
IFBJBKOH_05539,Cytoplasmic,0.0001,0.0020,0.9397,0.0264,0.0313,0.0005
IFBJBKOH_05540,Cytoplasmic,0.0009,0.0217,0.9151,0.0042,0.0533,0.0047
IFBJBKOH_05541,Cytoplasmic Membrane,0.0009,0.0098,0.0023,0.9743,0.0110,0.0017
IFBJBKOH_05542,Cytoplasmic,0.0002,0.0005,0.9754,0.0088,0.0147,0.0004
IFBJBKOH_05543,Cytoplasmic,0.0000,0.0004,0.9727,0.0226,0.0040,0.0003
IFBJBKOH_05544,Cytoplasmic,0.0000,0.0002,0.9558,0.0016,0.0400,0.0023
IFBJBKOH_05545,Cytoplasmic,0.0425,0.4025,0.4603,0.0006,0.0909,0.0032
IFBJBKOH_05546,Cytoplasmic,0.0000,0.0002,0.9973,0.0001,0.0017,0.0006
IFBJBKOH_05547,Cytoplasmic,0.0002,0.0002,0.9927,0.0006,0.0057,0.0005
IFBJBKOH_05548,Cytoplasmic,0.0000,0.0001,0.9592,0.0003,0.0388,0.0016
IFBJBKOH_05549,Cytoplasmic Membrane,0.0001,0.0015,0.0002,0.9968,0.0013,0.0001
IFBJBKOH_05550,Cytoplasmic Membrane,0.0007,0.1744,0.0032,0.7933,0.0255,0.0028
IFBJBKOH_05551,Cytoplasmic Membrane,0.0000,0.0000,0.0008,0.9973,0.0018,0.0000
IFBJBKOH_05552,Cytoplasmic,0.0002,0.0177,0.9270,0.0060,0.0384,0.0107
IFBJBKOH_05553,Cytoplasmic,0.0000,0.0000,0.9936,0.0000,0.0037,0.0026
IFBJBKOH_05554,Cytoplasmic Membrane,0.0001,0.0423,0.0015,0.9352,0.0192,0.0018
IFBJBKOH_05555,Cytoplasmic,0.0002,0.2385,0.7569,0.0008,0.0021,0.0016
IFBJBKOH_05556,Cytoplasmic,0.0015,0.3941,0.5748,0.0271,0.0022,0.0002
IFBJBKOH_05557,Cytoplasmic,0.0004,0.1136,0.8080,0.0192,0.0587,0.0002
IFBJBKOH_05558,Cytoplasmic,0.0003,0.0830,0.8770,0.0072,0.0322,0.0003
IFBJBKOH_05559,Cytoplasmic,0.0004,0.2326,0.4072,0.3245,0.0337,0.0016
IFBJBKOH_05560,Cytoplasmic,0.0006,0.3791,0.6082,0.0012,0.0102,0.0007
IFBJBKOH_05561,Cytoplasmic,0.0002,0.0388,0.8893,0.0466,0.0027,0.0225
IFBJBKOH_05562,Cytoplasmic,0.0004,0.1489,0.8285,0.0114,0.0102,0.0007
IFBJBKOH_05563,Extracellular,0.0004,0.7861,0.1993,0.0015,0.0101,0.0025
IFBJBKOH_05564,Cytoplasmic,0.0014,0.1057,0.8203,0.0663,0.0059,0.0004
IFBJBKOH_05565,Cytoplasmic,0.0008,0.0092,0.9769,0.0032,0.0089,0.0011
IFBJBKOH_05566,Cytoplasmic,0.0003,0.3816,0.6036,0.0032,0.0082,0.0031
IFBJBKOH_05567,Cytoplasmic,0.0001,0.0006,0.9915,0.0028,0.0051,0.0000
IFBJBKOH_05568,Extracellular,0.0009,0.6774,0.3014,0.0053,0.0061,0.0090
IFBJBKOH_05569,Cytoplasmic,0.0001,0.0004,0.9979,0.0002,0.0012,0.0002
IFBJBKOH_05570,Cytoplasmic,0.0001,0.0011,0.9773,0.0162,0.0053,0.0000
IFBJBKOH_05571,Cytoplasmic Membrane,0.0000,0.0002,0.0002,0.9977,0.0019,0.0000
IFBJBKOH_05572,Cytoplasmic,0.0001,0.0015,0.9525,0.0009,0.0238,0.0212
IFBJBKOH_05573,Cytoplasmic,0.0001,0.0005,0.9931,0.0032,0.0031,0.0001
IFBJBKOH_05574,Cytoplasmic,0.0000,0.0021,0.8809,0.0213,0.0935,0.0022
IFBJBKOH_05575,Cytoplasmic Membrane,0.0000,0.0004,0.0002,0.9954,0.0039,0.0000
IFBJBKOH_05576,Cytoplasmic,0.0000,0.0006,0.8608,0.0085,0.1126,0.0175
IFBJBKOH_05577,Cytoplasmic,0.0002,0.0001,0.9499,0.0415,0.0081,0.0002
IFBJBKOH_05578,Cytoplasmic,0.0001,0.0015,0.5584,0.1159,0.0086,0.3155
IFBJBKOH_05579,Cytoplasmic Membrane,0.0000,0.0001,0.0003,0.9970,0.0026,0.0000
IFBJBKOH_05580,Cytoplasmic,0.0000,0.0147,0.9350,0.0499,0.0001,0.0003
IFBJBKOH_05581,Cytoplasmic,0.0001,0.0021,0.9953,0.0018,0.0007,0.0000
IFBJBKOH_05582,Cytoplasmic Membrane,0.0000,0.0002,0.0001,0.9934,0.0031,0.0032
IFBJBKOH_05583,Cytoplasmic Membrane,0.0000,0.0000,0.0000,0.9996,0.0003,0.0000
IFBJBKOH_05584,Cytoplasmic,0.0000,0.0056,0.9839,0.0070,0.0033,0.0001
IFBJBKOH_05585,Cytoplasmic Membrane,0.0000,0.0002,0.0000,0.9974,0.0023,0.0000
IFBJBKOH_05586,Cytoplasmic Membrane,0.0001,0.0051,0.0002,0.9769,0.0176,0.0001
IFBJBKOH_05587,Cytoplasmic Membrane,0.0000,0.0000,0.0000,0.9999,0.0001,0.0000
IFBJBKOH_05588,Cytoplasmic,0.0000,0.0041,0.9850,0.0055,0.0051,0.0002
IFBJBKOH_05589,Cytoplasmic,0.0000,0.0010,0.9748,0.0132,0.0062,0.0048
IFBJBKOH_05590,Cytoplasmic,0.0001,0.0213,0.9414,0.0039,0.0073,0.0259
IFBJBKOH_05591,Cytoplasmic,0.0001,0.0035,0.7357,0.1361,0.1235,0.0010
IFBJBKOH_05592,Cytoplasmic,0.0001,0.0088,0.6172,0.0013,0.3582,0.0143
IFBJBKOH_05593,Cytoplasmic,0.0010,0.0015,0.9780,0.0194,0.0002,0.0000
IFBJBKOH_05594,Cytoplasmic,0.0001,0.0007,0.9737,0.0054,0.0193,0.0009
IFBJBKOH_05595,Cytoplasmic,0.0000,0.0003,0.9930,0.0002,0.0064,0.0001
IFBJBKOH_05596,Cytoplasmic,0.0000,0.0003,0.9991,0.0003,0.0003,0.0000
IFBJBKOH_05597,Cytoplasmic,0.0001,0.0095,0.9471,0.0021,0.0406,0.0006
IFBJBKOH_05598,Cytoplasmic Membrane,0.0000,0.0000,0.0000,0.9997,0.0003,0.0000
IFBJBKOH_05599,Cytoplasmic,0.0001,0.0078,0.7693,0.1154,0.0618,0.0456
IFBJBKOH_05600,Cytoplasmic,0.0001,0.0159,0.9722,0.0088,0.0019,0.0010
IFBJBKOH_05601,Cytoplasmic Membrane,0.0046,0.0240,0.0006,0.5670,0.1806,0.2231
IFBJBKOH_05602,Cytoplasmic Membrane,0.0000,0.0002,0.2680,0.7215,0.0073,0.0030
IFBJBKOH_05603,Cytoplasmic Membrane,0.0000,0.0000,0.0000,0.9999,0.0001,0.0000
IFBJBKOH_05604,Cytoplasmic Membrane,0.0000,0.0000,0.0000,0.9999,0.0001,0.0000
IFBJBKOH_05605,Cytoplasmic,0.0007,0.0038,0.6837,0.1943,0.1160,0.0015
IFBJBKOH_05606,Cytoplasmic,0.0002,0.0045,0.8022,0.0197,0.1705,0.0029
IFBJBKOH_05607,Cytoplasmic,0.0000,0.0005,0.9929,0.0035,0.0028,0.0003
IFBJBKOH_05608,Cytoplasmic,0.0000,0.0008,0.9962,0.0002,0.0018,0.0010
IFBJBKOH_05609,Cytoplasmic,0.0000,0.0000,0.9998,0.0001,0.0001,0.0000
IFBJBKOH_05610,Cytoplasmic,0.0006,0.0002,0.9136,0.0023,0.0830,0.0003
IFBJBKOH_05611,Cytoplasmic,0.0001,0.0000,0.9998,0.0001,0.0000,0.0000
IFBJBKOH_05612,Cytoplasmic,0.0001,0.0002,0.9761,0.0068,0.0168,0.0001
IFBJBKOH_05613,Cytoplasmic,0.0003,0.0001,0.9155,0.0017,0.0809,0.0015
IFBJBKOH_05614,Cytoplasmic,0.0000,0.0000,0.9981,0.0001,0.0017,0.0000
IFBJBKOH_05615,Cytoplasmic,0.0000,0.0001,0.9972,0.0003,0.0021,0.0002
IFBJBKOH_05616,Cytoplasmic,0.0000,0.0009,0.9952,0.0037,0.0001,0.0001
IFBJBKOH_05617,Cytoplasmic,0.0000,0.0000,0.9999,0.0000,0.0001,0.0000
IFBJBKOH_05618,Cytoplasmic,0.0001,0.4267,0.5384,0.0094,0.0234,0.0020
IFBJBKOH_05619,Cytoplasmic,0.0005,0.0076,0.8801,0.0009,0.1093,0.0015
IFBJBKOH_05620,Cytoplasmic,0.0001,0.0002,0.9754,0.0028,0.0213,0.0003
IFBJBKOH_05621,Cytoplasmic Membrane,0.0005,0.0014,0.0001,0.5138,0.4821,0.0020
IFBJBKOH_05622,Cytoplasmic,0.0000,0.0000,0.9982,0.0000,0.0016,0.0001
IFBJBKOH_05623,Cytoplasmic,0.0001,0.0020,0.9402,0.0508,0.0052,0.0016
IFBJBKOH_05624,Cytoplasmic,0.0000,0.0022,0.9876,0.0032,0.0030,0.0039
IFBJBKOH_05625,Cytoplasmic,0.0000,0.0012,0.9879,0.0035,0.0047,0.0028
IFBJBKOH_05626,Cytoplasmic,0.0000,0.0000,0.9889,0.0006,0.0104,0.0001
IFBJBKOH_05627,Cytoplasmic Membrane,0.0000,0.0000,0.0001,0.9972,0.0026,0.0000
IFBJBKOH_05628,Cytoplasmic Membrane,0.0600,0.1022,0.0322,0.4621,0.1835,0.1601
IFBJBKOH_05629,Cytoplasmic Membrane,0.0000,0.0000,0.0443,0.8865,0.0684,0.0008
IFBJBKOH_05630,Cytoplasmic Membrane,0.0000,0.0000,0.0000,0.9998,0.0002,0.0000
IFBJBKOH_05631,Cytoplasmic Membrane,0.0000,0.0000,0.0000,1.0000,0.0000,0.0000
IFBJBKOH_05632,Cytoplasmic Membrane,0.0004,0.0366,0.0002,0.9297,0.0330,0.0000
IFBJBKOH_05637,Cytoplasmic,0.0000,0.0000,0.9990,0.0006,0.0004,0.0000
IFBJBKOH_05638,Cytoplasmic Membrane,0.0001,0.0054,0.0014,0.9828,0.0083,0.0020
IFBJBKOH_05639,Cytoplasmic,0.0002,0.0567,0.7749,0.0310,0.0089,0.1284
IFBJBKOH_05640,Cytoplasmic Membrane,0.0000,0.0000,0.0007,0.9991,0.0001,0.0000
IFBJBKOH_05641,Cytoplasmic,0.0001,0.0002,0.9698,0.0296,0.0002,0.0000
IFBJBKOH_05642,Cytoplasmic Membrane,0.0000,0.0000,0.0000,0.9999,0.0001,0.0000
IFBJBKOH_05643,Cytoplasmic,0.0001,0.0004,0.9951,0.0031,0.0011,0.0001
IFBJBKOH_05645,Cytoplasmic Membrane,0.0000,0.0000,0.0000,1.0000,0.0000,0.0000
IFBJBKOH_05646,Cytoplasmic Membrane,0.0000,0.0003,0.0000,0.9992,0.0004,0.0000
IFBJBKOH_05648,Cytoplasmic,0.0000,0.0003,0.9350,0.0623,0.0022,0.0002
IFBJBKOH_05649,Cytoplasmic,0.0002,0.0001,0.9899,0.0026,0.0070,0.0002
IFBJBKOH_05650,Cytoplasmic Membrane,0.0000,0.0001,0.0004,0.9961,0.0034,0.0000
IFBJBKOH_05651,Cytoplasmic Membrane,0.0002,0.0002,0.2166,0.5700,0.2110,0.0018
IFBJBKOH_05652,Cytoplasmic,0.0002,0.0009,0.9622,0.0266,0.0100,0.0000
IFBJBKOH_05653,Cytoplasmic Membrane,0.0001,0.0003,0.2277,0.7650,0.0069,0.0000
IFBJBKOH_05654,Cytoplasmic Membrane,0.0000,0.0000,0.0000,0.9977,0.0021,0.0000
IFBJBKOH_05655,Extracellular,0.0372,0.8880,0.0175,0.0230,0.0303,0.0040
IFBJBKOH_05656,Cytoplasmic Membrane,0.0099,0.0073,0.0012,0.9668,0.0140,0.0008
IFBJBKOH_05657,Cytoplasmic,0.0001,0.0203,0.6493,0.1481,0.0339,0.1482
IFBJBKOH_05658,Cytoplasmic,0.0001,0.2109,0.7776,0.0013,0.0070,0.0030
IFBJBKOH_05659,Cytoplasmic,0.0002,0.0075,0.9252,0.0214,0.0455,0.0001
IFBJBKOH_05660,Cytoplasmic Membrane,0.0036,0.0337,0.0039,0.6243,0.2985,0.0360
IFBJBKOH_05661,Cytoplasmic Membrane,0.0000,0.0001,0.0000,0.9998,0.0002,0.0000
IFBJBKOH_05662,Cytoplasmic Membrane,0.0000,0.0000,0.0000,0.9999,0.0001,0.0000
IFBJBKOH_05663,Cytoplasmic,0.0002,0.0065,0.9464,0.0136,0.0328,0.0005
IFBJBKOH_05664,Cytoplasmic,0.0000,0.0016,0.9615,0.0102,0.0263,0.0004
IFBJBKOH_05665,Cytoplasmic,0.0001,0.0039,0.9836,0.0078,0.0018,0.0028
IFBJBKOH_05666,Cytoplasmic,0.0001,0.0048,0.9859,0.0041,0.0049,0.0002
IFBJBKOH_05667,Cytoplasmic,0.0002,0.0042,0.9331,0.0027,0.0546,0.0053
IFBJBKOH_05668,Cytoplasmic,0.0002,0.0257,0.9443,0.0211,0.0086,0.0002
IFBJBKOH_05669,Cytoplasmic,0.0000,0.0022,0.9926,0.0022,0.0024,0.0005
IFBJBKOH_05670,Cytoplasmic,0.0013,0.0941,0.4782,0.0857,0.0307,0.3100
IFBJBKOH_05671,Cytoplasmic,0.0006,0.0777,0.7824,0.0428,0.0440,0.0524
IFBJBKOH_05672,Cytoplasmic,0.0001,0.0064,0.8540,0.0545,0.0086,0.0764
IFBJBKOH_05673,Cytoplasmic Membrane,0.0055,0.1096,0.3297,0.4712,0.0790,0.0049
IFBJBKOH_05674,Cytoplasmic,0.0002,0.0026,0.9957,0.0011,0.0003,0.0000
IFBJBKOH_05675,Cytoplasmic,0.0003,0.0929,0.7830,0.1113,0.0106,0.0019
IFBJBKOH_05676,Cytoplasmic,0.0001,0.0010,0.9975,0.0013,0.0002,0.0000
IFBJBKOH_05677,Cytoplasmic Membrane,0.0008,0.0593,0.4434,0.4591,0.0353,0.0020
IFBJBKOH_05678,Cytoplasmic,0.0001,0.3259,0.5640,0.0031,0.1050,0.0019
IFBJBKOH_05679,Extracellular,0.3169,0.6668,0.0007,0.0030,0.0098,0.0028
IFBJBKOH_05680,Extracellular,0.0254,0.7788,0.0003,0.1149,0.0601,0.0204
IFBJBKOH_05681,Cytoplasmic Membrane,0.0311,0.2317,0.0002,0.7324,0.0041,0.0004
IFBJBKOH_05682,Extracellular,0.1884,0.7574,0.0004,0.0301,0.0213,0.0024
IFBJBKOH_05683,Extracellular,0.1050,0.8764,0.0001,0.0065,0.0120,0.0000
IFBJBKOH_05684,Cytoplasmic Membrane,0.0005,0.0905,0.0012,0.9013,0.0065,0.0000
IFBJBKOH_05685,Cytoplasmic Membrane,0.2079,0.1633,0.0031,0.6123,0.0132,0.0002
IFBJBKOH_05686,Cytoplasmic Membrane,0.0024,0.2199,0.0026,0.7657,0.0092,0.0002
IFBJBKOH_05687,Cytoplasmic,0.0008,0.3422,0.5673,0.0150,0.0737,0.0010
IFBJBKOH_05688,Cytoplasmic,0.0007,0.3023,0.3651,0.2119,0.1195,0.0005
IFBJBKOH_05689,Cytoplasmic,0.0002,0.0015,0.9140,0.0765,0.0075,0.0003
IFBJBKOH_05690,Cytoplasmic,0.0029,0.0017,0.8930,0.1015,0.0009,0.0000
IFBJBKOH_05691,Cytoplasmic,0.0010,0.0302,0.9277,0.0332,0.0075,0.0004
IFBJBKOH_05692,Cytoplasmic Membrane,0.0001,0.0256,0.0001,0.8639,0.1103,0.0000
IFBJBKOH_05693,Cytoplasmic,0.0010,0.0144,0.6383,0.2495,0.0605,0.0363
IFBJBKOH_05694,Cytoplasmic,0.0001,0.0017,0.9546,0.0200,0.0235,0.0001
IFBJBKOH_05695,Cytoplasmic,0.0005,0.0285,0.9526,0.0054,0.0123,0.0007
IFBJBKOH_05696,Cytoplasmic,0.0001,0.0003,0.9906,0.0032,0.0058,0.0001
IFBJBKOH_05697,Cytoplasmic,0.0002,0.1064,0.7893,0.0969,0.0070,0.0001
IFBJBKOH_05698,Cytoplasmic,0.0000,0.0011,0.9947,0.0040,0.0003,0.0000
IFBJBKOH_05699,Cytoplasmic,0.0008,0.0307,0.8114,0.0676,0.0633,0.0262
IFBJBKOH_05700,Cytoplasmic,0.0002,0.0001,0.9664,0.0260,0.0072,0.0000
IFBJBKOH_05701,Cytoplasmic Membrane,0.0000,0.0005,0.0001,0.9977,0.0018,0.0000
IFBJBKOH_05702,Cytoplasmic Membrane,0.0000,0.0002,0.0001,0.9992,0.0005,0.0000
IFBJBKOH_05703,Extracellular,0.0232,0.3402,0.0154,0.2612,0.3115,0.0486
IFBJBKOH_05704,Cytoplasmic Membrane,0.0111,0.0264,0.0015,0.5401,0.2687,0.1523
IFBJBKOH_05705,Cytoplasmic Membrane,0.0073,0.1181,0.0957,0.7606,0.0175,0.0009
IFBJBKOH_05706,Cytoplasmic Membrane,0.0001,0.0042,0.0017,0.9893,0.0047,0.0000
IFBJBKOH_05707,Cytoplasmic Membrane,0.0000,0.0000,0.0000,1.0000,0.0000,0.0000
IFBJBKOH_05708,Cytoplasmic Membrane,0.0000,0.0000,0.0000,0.9998,0.0002,0.0000
IFBJBKOH_05709,Cytoplasmic Membrane,0.0000,0.0000,0.1267,0.8692,0.0032,0.0009
IFBJBKOH_05710,Cytoplasmic,0.0001,0.0547,0.8990,0.0302,0.0150,0.0010
IFBJBKOH_05711,Cytoplasmic,0.0001,0.0044,0.9417,0.0310,0.0218,0.0010
IFBJBKOH_05712,Cytoplasmic,0.0043,0.1038,0.8197,0.0096,0.0544,0.0081
IFBJBKOH_05713,Cytoplasmic Membrane,0.0000,0.0010,0.0011,0.9964,0.0014,0.0000
IFBJBKOH_05714,Cytoplasmic Membrane,0.0008,0.0558,0.1683,0.7389,0.0355,0.0006
IFBJBKOH_05715,Extracellular,0.0024,0.8475,0.0043,0.0006,0.0847,0.0605
IFBJBKOH_05716,Cytoplasmic,0.0018,0.0065,0.9722,0.0071,0.0119,0.0007
IFBJBKOH_05717,Cytoplasmic,0.0010,0.0257,0.8633,0.0167,0.0911,0.0023
IFBJBKOH_05718,Cytoplasmic,0.0001,0.0218,0.9505,0.0237,0.0038,0.0000
IFBJBKOH_05719,Cytoplasmic,0.0001,0.0061,0.9650,0.0237,0.0020,0.0031
IFBJBKOH_05720,Cytoplasmic,0.0000,0.0020,0.9690,0.0005,0.0283,0.0002
IFBJBKOH_05721,Cytoplasmic Membrane,0.0001,0.0087,0.4428,0.5298,0.0065,0.0122
IFBJBKOH_05722,Cytoplasmic Membrane,0.0004,0.0115,0.0006,0.8965,0.0905,0.0005
IFBJBKOH_05723,Cytoplasmic Membrane,0.0000,0.0020,0.0023,0.9766,0.0177,0.0015
IFBJBKOH_05724,Cytoplasmic,0.0006,0.0347,0.5205,0.0451,0.3856,0.0136
IFBJBKOH_05725,Cytoplasmic,0.0005,0.0124,0.8581,0.0911,0.0366,0.0013
IFBJBKOH_05726,Cytoplasmic Membrane,0.0019,0.0395,0.0010,0.8322,0.1033,0.0221
IFBJBKOH_05727,Cytoplasmic,0.0004,0.0991,0.5632,0.3103,0.0075,0.0194
IFBJBKOH_05728,Cytoplasmic Membrane,0.0041,0.2051,0.0039,0.6556,0.0919,0.0396
IFBJBKOH_05729,Cytoplasmic Membrane,0.0000,0.0008,0.0002,0.9907,0.0082,0.0000
IFBJBKOH_05730,Cytoplasmic,0.0002,0.0005,0.9825,0.0087,0.0078,0.0002
IFBJBKOH_05731,Cytoplasmic,0.0001,0.0030,0.9719,0.0213,0.0029,0.0009
IFBJBKOH_05732,Cytoplasmic,0.0011,0.0401,0.8938,0.0321,0.0306,0.0022
IFBJBKOH_05733,Cytoplasmic,0.0045,0.0179,0.9587,0.0018,0.0170,0.0001
IFBJBKOH_05734,Cytoplasmic,0.0003,0.0040,0.8913,0.0037,0.1005,0.0003
IFBJBKOH_05735,Cytoplasmic,0.0026,0.0194,0.9307,0.0180,0.0137,0.0156
IFBJBKOH_05736,Cytoplasmic,0.0001,0.0277,0.9454,0.0066,0.0196,0.0006
IFBJBKOH_05737,Cytoplasmic,0.0001,0.0040,0.9332,0.0292,0.0180,0.0155
IFBJBKOH_05738,Cytoplasmic Membrane,0.0000,0.0000,0.0000,0.9999,0.0000,0.0000
IFBJBKOH_05739,Cytoplasmic Membrane,0.0000,0.0033,0.0007,0.9833,0.0118,0.0008
IFBJBKOH_05740,Cytoplasmic Membrane,0.0000,0.0000,0.0000,0.9998,0.0001,0.0000
IFBJBKOH_05741,Cytoplasmic,0.0000,0.0081,0.9294,0.0588,0.0032,0.0005
IFBJBKOH_05742,Cytoplasmic,0.0040,0.4244,0.5461,0.0041,0.0128,0.0086
IFBJBKOH_05743,Cytoplasmic,0.0003,0.0011,0.9218,0.0353,0.0403,0.0012
IFBJBKOH_05744,Cytoplasmic Membrane,0.0003,0.2460,0.2202,0.5233,0.0089,0.0013
IFBJBKOH_05745,Extracellular,0.0007,0.5007,0.4922,0.0020,0.0016,0.0027
IFBJBKOH_05746,Cytoplasmic,0.0009,0.0143,0.9359,0.0255,0.0222,0.0013
IFBJBKOH_05747,Cytoplasmic,0.0024,0.1364,0.6191,0.0546,0.0864,0.1011
IFBJBKOH_05748,Cytoplasmic,0.0000,0.2805,0.5434,0.1492,0.0263,0.0005
IFBJBKOH_05749,Cytoplasmic,0.0000,0.0057,0.9838,0.0022,0.0083,0.0000
IFBJBKOH_05750,Cytoplasmic,0.0000,0.0000,0.9990,0.0000,0.0008,0.0002
IFBJBKOH_05751,Cytoplasmic Membrane,0.0054,0.0751,0.0029,0.4478,0.3487,0.1202
IFBJBKOH_05752,Cytoplasmic Membrane,0.0000,0.0000,0.0000,0.9996,0.0003,0.0000
IFBJBKOH_05753,Cytoplasmic Membrane,0.0000,0.0000,0.0000,0.9999,0.0001,0.0000
IFBJBKOH_05754,Cytoplasmic,0.0001,0.0009,0.8611,0.1040,0.0335,0.0004
IFBJBKOH_05755,Cytoplasmic Membrane,0.0000,0.0000,0.0000,1.0000,0.0000,0.0000
IFBJBKOH_05756,Cytoplasmic Membrane,0.0001,0.0002,0.0447,0.9455,0.0056,0.0040
IFBJBKOH_05757,Cytoplasmic,0.0009,0.0341,0.9077,0.0523,0.0043,0.0006
IFBJBKOH_05758,Cytoplasmic,0.0020,0.1095,0.5010,0.3155,0.0694,0.0026
IFBJBKOH_05759,Cytoplasmic,0.0003,0.0049,0.9854,0.0009,0.0085,0.0000
IFBJBKOH_05760,Cytoplasmic,0.0007,0.0196,0.9780,0.0005,0.0010,0.0002
IFBJBKOH_05761,Cytoplasmic,0.0005,0.4560,0.4744,0.0274,0.0415,0.0002
IFBJBKOH_05762,Cytoplasmic,0.0000,0.0014,0.9801,0.0088,0.0083,0.0014
IFBJBKOH_05763,Cytoplasmic,0.0004,0.0104,0.9712,0.0009,0.0162,0.0009
IFBJBKOH_05764,Extracellular,0.0000,0.5364,0.2631,0.0805,0.1194,0.0006
IFBJBKOH_05765,Cytoplasmic,0.0008,0.0407,0.7624,0.0252,0.0078,0.1631
IFBJBKOH_05766,Cytoplasmic,0.0002,0.0254,0.9655,0.0024,0.0062,0.0003
IFBJBKOH_05767,Cytoplasmic,0.0003,0.2533,0.6817,0.0586,0.0051,0.0010
IFBJBKOH_05768,Cytoplasmic,0.0001,0.0310,0.9124,0.0492,0.0069,0.0004
IFBJBKOH_05769,Cytoplasmic,0.0001,0.0045,0.9879,0.0015,0.0060,0.0000
IFBJBKOH_05770,Cytoplasmic Membrane,0.0000,0.0001,0.0001,0.9988,0.0010,0.0000
IFBJBKOH_05771,Cytoplasmic Membrane,0.0000,0.0000,0.0000,0.9998,0.0002,0.0000
IFBJBKOH_05772,Outer Membrane,0.0004,0.0262,0.0047,0.3586,0.4671,0.1430
IFBJBKOH_05773,Cytoplasmic,0.0000,0.0131,0.9674,0.0016,0.0085,0.0094
IFBJBKOH_05774,Cytoplasmic Membrane,0.0005,0.2701,0.3071,0.3588,0.0580,0.0056
IFBJBKOH_05775,Cytoplasmic,0.0000,0.0003,0.9891,0.0068,0.0035,0.0003
IFBJBKOH_05776,Periplasmic,0.0002,0.2065,0.3194,0.0032,0.0187,0.4521
IFBJBKOH_05777,Cytoplasmic,0.0001,0.0142,0.7339,0.0151,0.0083,0.2284
IFBJBKOH_05778,Cytoplasmic,0.0001,0.0010,0.9717,0.0170,0.0100,0.0002
IFBJBKOH_05779,Cytoplasmic Membrane,0.0019,0.0084,0.0001,0.6652,0.2753,0.0491
IFBJBKOH_05780,Cytoplasmic Membrane,0.0000,0.0000,0.0001,0.9997,0.0002,0.0000
IFBJBKOH_05781,Cytoplasmic Membrane,0.0002,0.0030,0.2571,0.6107,0.1247,0.0042
IFBJBKOH_05782,Cytoplasmic,0.0003,0.0229,0.8297,0.0810,0.0631,0.0028
IFBJBKOH_05783,Cytoplasmic,0.0037,0.0475,0.9145,0.0225,0.0106,0.0011
IFBJBKOH_05784,Cytoplasmic,0.0001,0.1593,0.7495,0.0707,0.0064,0.0140
IFBJBKOH_05785,Cytoplasmic,0.0001,0.0015,0.9222,0.0007,0.0753,0.0002
IFBJBKOH_05786,Cytoplasmic,0.0001,0.0010,0.9878,0.0016,0.0091,0.0004
IFBJBKOH_05787,Cytoplasmic,0.0001,0.0021,0.8847,0.0164,0.0953,0.0015
IFBJBKOH_05788,Cytoplasmic,0.0000,0.0001,0.9992,0.0001,0.0005,0.0001
IFBJBKOH_05789,Extracellular,0.1321,0.4097,0.3146,0.0067,0.1319,0.0049
IFBJBKOH_05790,Cytoplasmic,0.0002,0.0056,0.7844,0.2025,0.0050,0.0024
IFBJBKOH_05791,Cytoplasmic Membrane,0.0024,0.2362,0.0004,0.3082,0.1575,0.2953
IFBJBKOH_05792,Cytoplasmic Membrane,0.0001,0.0030,0.0027,0.9934,0.0008,0.0000
IFBJBKOH_05793,Cytoplasmic Membrane,0.0000,0.0001,0.0001,0.9987,0.0011,0.0000
IFBJBKOH_05794,Cytoplasmic,0.0002,0.0024,0.7252,0.2554,0.0089,0.0079
IFBJBKOH_05795,Cytoplasmic,0.0000,0.0008,0.8128,0.1792,0.0066,0.0005
IFBJBKOH_05796,Cytoplasmic,0.0000,0.0011,0.9929,0.0054,0.0005,0.0000
IFBJBKOH_05797,Cytoplasmic Membrane,0.0000,0.0003,0.0001,0.9987,0.0009,0.0000
IFBJBKOH_05798,Outer Membrane,0.0044,0.0035,0.0004,0.3283,0.5829,0.0805
IFBJBKOH_05799,Cytoplasmic Membrane,0.0027,0.0941,0.0009,0.4637,0.1247,0.3139
IFBJBKOH_05800,Cytoplasmic Membrane,0.0000,0.0000,0.0000,1.0000,0.0000,0.0000
IFBJBKOH_05801,Cytoplasmic Membrane,0.0000,0.0000,0.0004,0.9995,0.0001,0.0000
IFBJBKOH_05802,Cytoplasmic Membrane,0.0001,0.0001,0.4245,0.5716,0.0031,0.0006
IFBJBKOH_05803,Cytoplasmic,0.0000,0.0435,0.9528,0.0002,0.0015,0.0019
IFBJBKOH_05804,Cytoplasmic,0.0001,0.0003,0.9832,0.0009,0.0090,0.0065
IFBJBKOH_05805,Cytoplasmic,0.0001,0.0212,0.9550,0.0056,0.0166,0.0015
IFBJBKOH_05806,Cytoplasmic,0.0004,0.0200,0.9462,0.0158,0.0158,0.0018
IFBJBKOH_05807,Cytoplasmic Membrane,0.0000,0.0000,0.0002,0.9994,0.0004,0.0000
IFBJBKOH_05808,Cytoplasmic Membrane,0.0000,0.0000,0.0000,0.9993,0.0006,0.0000
IFBJBKOH_05809,Cytoplasmic,0.0000,0.0001,0.9972,0.0004,0.0023,0.0000
IFBJBKOH_05810,Cytoplasmic,0.0005,0.0202,0.9527,0.0078,0.0135,0.0053
IFBJBKOH_05811,Cytoplasmic Membrane,0.0000,0.0000,0.0001,0.9981,0.0018,0.0000
IFBJBKOH_05812,Cytoplasmic,0.0005,0.0769,0.8899,0.0057,0.0257,0.0013
IFBJBKOH_05813,Cytoplasmic,0.0002,0.0435,0.9528,0.0016,0.0017,0.0002
IFBJBKOH_05814,Cytoplasmic,0.0000,0.0374,0.9525,0.0047,0.0024,0.0030
IFBJBKOH_05815,Cytoplasmic,0.0001,0.0007,0.9959,0.0010,0.0007,0.0015
IFBJBKOH_05816,Cytoplasmic Membrane,0.0000,0.0004,0.0006,0.9976,0.0014,0.0000
IFBJBKOH_05817,Cytoplasmic,0.0000,0.0451,0.8518,0.0231,0.0034,0.0766
IFBJBKOH_05818,Cytoplasmic,0.0003,0.0041,0.9255,0.0355,0.0113,0.0233
IFBJBKOH_05819,Cytoplasmic,0.0003,0.0054,0.9204,0.0207,0.0440,0.0091
IFBJBKOH_05820,Cytoplasmic,0.0000,0.0013,0.9950,0.0022,0.0014,0.0001
IFBJBKOH_05821,Cytoplasmic,0.0003,0.0040,0.8605,0.0370,0.0928,0.0053
IFBJBKOH_05822,Cytoplasmic,0.0003,0.0030,0.9399,0.0217,0.0301,0.0051
IFBJBKOH_05823,Cytoplasmic Membrane,0.0000,0.0000,0.0000,0.9991,0.0009,0.0000
IFBJBKOH_05824,Cytoplasmic,0.0004,0.0005,0.9969,0.0007,0.0014,0.0002
IFBJBKOH_05825,Cytoplasmic,0.0001,0.0002,0.9837,0.0019,0.0122,0.0019
IFBJBKOH_05826,Cytoplasmic,0.0001,0.0019,0.9095,0.0362,0.0513,0.0010
IFBJBKOH_05827,Cytoplasmic Membrane,0.0004,0.0383,0.2574,0.6607,0.0052,0.0380
IFBJBKOH_05828,Cytoplasmic,0.0000,0.1138,0.7306,0.0710,0.0817,0.0028
IFBJBKOH_05829,Cytoplasmic Membrane,0.0124,0.3141,0.0312,0.4979,0.0651,0.0794
IFBJBKOH_05830,Cytoplasmic,0.0000,0.0003,0.9960,0.0011,0.0019,0.0007
IFBJBKOH_05831,Cytoplasmic,0.0001,0.0164,0.9726,0.0043,0.0035,0.0031
IFBJBKOH_05832,Cytoplasmic,0.0007,0.0055,0.9817,0.0035,0.0066,0.0020
IFBJBKOH_05833,Cytoplasmic,0.0000,0.0026,0.9316,0.0003,0.0008,0.0647
IFBJBKOH_05834,Cytoplasmic Membrane,0.0000,0.0000,0.0000,0.9997,0.0003,0.0000
IFBJBKOH_05835,Cytoplasmic Membrane,0.0000,0.0000,0.0000,0.9998,0.0001,0.0000
IFBJBKOH_05836,Cytoplasmic Membrane,0.0000,0.0000,0.0001,0.9997,0.0002,0.0000
IFBJBKOH_05837,Cytoplasmic Membrane,0.0009,0.0142,0.0001,0.5148,0.4210,0.0490
IFBJBKOH_05838,Cytoplasmic,0.0002,0.0064,0.8839,0.0463,0.0614,0.0018
IFBJBKOH_05839,Cytoplasmic Membrane,0.0002,0.0005,0.0004,0.9916,0.0072,0.0001
IFBJBKOH_05840,Cytoplasmic,0.0000,0.1975,0.7653,0.0099,0.0144,0.0128
IFBJBKOH_05841,Cytoplasmic,0.0002,0.0011,0.9925,0.0048,0.0014,0.0001
IFBJBKOH_05842,Cytoplasmic Membrane,0.0000,0.0003,0.0001,0.9942,0.0053,0.0000
IFBJBKOH_05843,Cytoplasmic Membrane,0.0123,0.1259,0.0039,0.5641,0.1904,0.1034
IFBJBKOH_05844,Cytoplasmic Membrane,0.0000,0.0000,0.0000,0.9998,0.0002,0.0000
IFBJBKOH_05845,Cytoplasmic Membrane,0.0000,0.0000,0.0000,0.9999,0.0001,0.0000
IFBJBKOH_05846,Cytoplasmic,0.0003,0.4050,0.5742,0.0002,0.0081,0.0123
IFBJBKOH_05847,Cytoplasmic,0.0001,0.0688,0.9056,0.0085,0.0031,0.0140
IFBJBKOH_05848,Cytoplasmic,0.0001,0.0592,0.7752,0.0009,0.0027,0.1619
IFBJBKOH_05849,Cytoplasmic,0.0008,0.2501,0.4486,0.2933,0.0070,0.0001
IFBJBKOH_05850,Cytoplasmic,0.0010,0.0166,0.7125,0.2428,0.0248,0.0022
IFBJBKOH_05851,Cytoplasmic,0.0001,0.1040,0.6223,0.2506,0.0218,0.0011
IFBJBKOH_05852,Cytoplasmic,0.0002,0.0053,0.9653,0.0252,0.0025,0.0014
IFBJBKOH_05853,Cytoplasmic,0.0001,0.0499,0.9264,0.0046,0.0156,0.0034
IFBJBKOH_05854,Cytoplasmic,0.0000,0.0010,0.9977,0.0003,0.0004,0.0006
IFBJBKOH_05855,Cytoplasmic,0.0000,0.0012,0.9089,0.0009,0.0816,0.0075
IFBJBKOH_05856,Cytoplasmic,0.0000,0.0019,0.9630,0.0088,0.0253,0.0010
IFBJBKOH_05857,Cytoplasmic,0.0018,0.1322,0.7683,0.0754,0.0218,0.0005
IFBJBKOH_05858,Extracellular,0.0054,0.5205,0.0001,0.3289,0.0372,0.1079
IFBJBKOH_05859,Cytoplasmic Membrane,0.0000,0.0000,0.0001,0.9994,0.0005,0.0000
IFBJBKOH_05860,Cytoplasmic Membrane,0.0000,0.0000,0.0000,0.9998,0.0002,0.0000
IFBJBKOH_05861,Cytoplasmic,0.0012,0.0744,0.9024,0.0072,0.0128,0.0019
IFBJBKOH_05862,Cytoplasmic,0.0001,0.0025,0.9891,0.0025,0.0051,0.0008
IFBJBKOH_05863,Cytoplasmic,0.0001,0.0414,0.8838,0.0161,0.0585,0.0001
IFBJBKOH_05864,Cytoplasmic,0.0001,0.0009,0.9653,0.0278,0.0058,0.0002
IFBJBKOH_05865,Cytoplasmic,0.0016,0.0755,0.7302,0.0009,0.1673,0.0244
IFBJBKOH_05866,Cytoplasmic,0.0003,0.0158,0.9701,0.0059,0.0065,0.0014
IFBJBKOH_05867,Cytoplasmic Membrane,0.0000,0.0000,0.0000,0.9998,0.0002,0.0000
IFBJBKOH_05868,Cytoplasmic,0.0082,0.0500,0.9172,0.0197,0.0036,0.0012
IFBJBKOH_05869,Cytoplasmic,0.0006,0.0377,0.6004,0.3064,0.0472,0.0077
IFBJBKOH_05870,Cytoplasmic,0.0047,0.2100,0.7387,0.0016,0.0393,0.0056
IFBJBKOH_05871,Cell wall & surface,0.4094,0.3108,0.0026,0.2231,0.0479,0.0062
IFBJBKOH_05872,Cytoplasmic,0.0001,0.0030,0.8626,0.0071,0.0656,0.0617
IFBJBKOH_05873,Cytoplasmic,0.0001,0.0168,0.7857,0.0766,0.1184,0.0024
IFBJBKOH_05874,Cytoplasmic Membrane,0.0000,0.0000,0.0000,0.9999,0.0001,0.0000
IFBJBKOH_05875,Cytoplasmic,0.0000,0.0030,0.8661,0.0789,0.0116,0.0404
IFBJBKOH_05876,Cytoplasmic,0.0000,0.0005,0.9944,0.0045,0.0006,0.0000
IFBJBKOH_05877,Cytoplasmic Membrane,0.0000,0.0023,0.0001,0.9898,0.0077,0.0001
IFBJBKOH_05878,Cytoplasmic Membrane,0.0444,0.0975,0.0013,0.8299,0.0239,0.0029
IFBJBKOH_05879,Extracellular,0.0023,0.6370,0.2639,0.0800,0.0034,0.0134
IFBJBKOH_05880,Cytoplasmic Membrane,0.0000,0.0001,0.0001,0.9892,0.0097,0.0008
IFBJBKOH_05881,Cytoplasmic,0.0000,0.0054,0.9877,0.0004,0.0064,0.0000
IFBJBKOH_05882,Cytoplasmic,0.0002,0.0303,0.4155,0.2125,0.1701,0.1714
IFBJBKOH_05883,Cytoplasmic Membrane,0.0000,0.0001,0.0000,0.9973,0.0026,0.0000
IFBJBKOH_05884,Cytoplasmic,0.0000,0.0002,0.8402,0.1518,0.0076,0.0002
IFBJBKOH_05885,Cytoplasmic Membrane,0.0001,0.0003,0.0008,0.9949,0.0039,0.0000
IFBJBKOH_05886,Cytoplasmic Membrane,0.0000,0.0000,0.0008,0.9991,0.0001,0.0000
IFBJBKOH_05887,Cytoplasmic Membrane,0.0000,0.0000,0.0005,0.9982,0.0012,0.0000
IFBJBKOH_05888,Cytoplasmic Membrane,0.0000,0.0124,0.0005,0.9704,0.0049,0.0118
IFBJBKOH_05889,Cytoplasmic,0.0003,0.3479,0.4941,0.1196,0.0172,0.0210
IFBJBKOH_05890,Cytoplasmic Membrane,0.0083,0.0897,0.0010,0.4237,0.2480,0.2292
IFBJBKOH_05891,Cytoplasmic,0.0006,0.0462,0.8507,0.0992,0.0019,0.0014
IFBJBKOH_05892,Cytoplasmic Membrane,0.0000,0.0000,0.0000,1.0000,0.0000,0.0000
IFBJBKOH_05893,Cytoplasmic,0.0005,0.0196,0.8583,0.0110,0.0132,0.0974
IFBJBKOH_05894,Cytoplasmic,0.0004,0.0183,0.9372,0.0018,0.0230,0.0194
IFBJBKOH_05895,Cytoplasmic Membrane,0.0000,0.0000,0.0000,0.9999,0.0001,0.0000
IFBJBKOH_05896,Cytoplasmic,0.0000,0.0016,0.9897,0.0017,0.0067,0.0003
IFBJBKOH_05897,Cytoplasmic,0.0001,0.0347,0.9189,0.0022,0.0397,0.0045
IFBJBKOH_05898,Cytoplasmic,0.0000,0.0000,0.9972,0.0012,0.0013,0.0002
IFBJBKOH_05899,Cytoplasmic Membrane,0.0000,0.0001,0.0001,0.9989,0.0008,0.0001
IFBJBKOH_05900,Cytoplasmic,0.0019,0.0695,0.6549,0.2304,0.0409,0.0024
IFBJBKOH_05901,Cytoplasmic,0.0014,0.1440,0.6638,0.0252,0.1643,0.0014
IFBJBKOH_05902,Cytoplasmic,0.0000,0.0004,0.9613,0.0003,0.0341,0.0038
IFBJBKOH_05903,Cytoplasmic Membrane,0.0000,0.0002,0.0001,0.9994,0.0003,0.0000
IFBJBKOH_05904,Cytoplasmic,0.0000,0.0015,0.9864,0.0026,0.0050,0.0044
IFBJBKOH_05905,Cytoplasmic,0.0001,0.0003,0.9975,0.0012,0.0007,0.0003
IFBJBKOH_05906,Cytoplasmic,0.0000,0.0004,0.9895,0.0085,0.0015,0.0001
IFBJBKOH_05907,Cytoplasmic,0.0000,0.0002,0.9836,0.0092,0.0068,0.0001
IFBJBKOH_05908,Cytoplasmic,0.0000,0.0004,0.9982,0.0002,0.0003,0.0008
IFBJBKOH_05909,Cytoplasmic,0.0000,0.0001,0.9759,0.0027,0.0144,0.0068
IFBJBKOH_05910,Cytoplasmic,0.0005,0.0100,0.9845,0.0041,0.0008,0.0001
IFBJBKOH_05911,Cytoplasmic,0.0005,0.0023,0.7119,0.0356,0.2437,0.0061
IFBJBKOH_05912,Cytoplasmic,0.0001,0.0009,0.7350,0.1060,0.0591,0.0990
IFBJBKOH_05913,Cytoplasmic,0.0002,0.3854,0.4484,0.1411,0.0245,0.0004
IFBJBKOH_05914,Cytoplasmic,0.0000,0.0001,0.9932,0.0036,0.0030,0.0001
IFBJBKOH_05915,Cytoplasmic Membrane,0.0000,0.0000,0.0000,0.9999,0.0001,0.0000
IFBJBKOH_05916,Cytoplasmic,0.0005,0.0261,0.6510,0.2582,0.0260,0.0382
IFBJBKOH_05917,Cytoplasmic,0.0011,0.0127,0.9041,0.0312,0.0501,0.0008
IFBJBKOH_05918,Cytoplasmic,0.0047,0.2100,0.7387,0.0016,0.0393,0.0056
IFBJBKOH_05919,Cytoplasmic,0.0021,0.0304,0.7982,0.1015,0.0461,0.0218
IFBJBKOH_05920,Cytoplasmic,0.0000,0.0201,0.9473,0.0002,0.0310,0.0015
IFBJBKOH_05921,Extracellular,0.0005,0.5045,0.4782,0.0129,0.0038,0.0001
IFBJBKOH_05922,Cytoplasmic,0.0013,0.1301,0.8305,0.0106,0.0077,0.0197
IFBJBKOH_05923,Cytoplasmic,0.0015,0.0356,0.8639,0.0005,0.0521,0.0463
IFBJBKOH_05924,Cytoplasmic,0.0001,0.0366,0.9316,0.0031,0.0123,0.0163
IFBJBKOH_05925,Cytoplasmic,0.0000,0.0152,0.9834,0.0006,0.0005,0.0003
IFBJBKOH_05926,Cytoplasmic,0.0000,0.0256,0.9672,0.0051,0.0019,0.0001
IFBJBKOH_05927,Cytoplasmic,0.0002,0.0015,0.8459,0.0056,0.1447,0.0021
IFBJBKOH_05928,Extracellular,0.0010,0.9656,0.0309,0.0004,0.0007,0.0015
IFBJBKOH_05929,Cytoplasmic,0.0001,0.0011,0.9707,0.0109,0.0166,0.0006
IFBJBKOH_05930,Cytoplasmic Membrane,0.0504,0.1689,0.0016,0.7633,0.0150,0.0008
IFBJBKOH_05931,Cytoplasmic,0.0000,0.0007,0.9979,0.0005,0.0002,0.0007
IFBJBKOH_05932,Cytoplasmic,0.0006,0.0155,0.9581,0.0067,0.0134,0.0057
IFBJBKOH_05933,Cytoplasmic,0.0000,0.0013,0.9632,0.0342,0.0011,0.0002
IFBJBKOH_05934,Cytoplasmic,0.0002,0.0019,0.9736,0.0129,0.0111,0.0003
IFBJBKOH_05935,Extracellular,0.0002,0.3989,0.1828,0.3600,0.0568,0.0013
IFBJBKOH_05936,Cytoplasmic,0.0000,0.0000,0.9952,0.0001,0.0045,0.0003
IFBJBKOH_05937,Cytoplasmic,0.0012,0.3450,0.4558,0.0112,0.1854,0.0014
IFBJBKOH_05938,Cytoplasmic,0.0007,0.0069,0.8644,0.0090,0.1169,0.0022
IFBJBKOH_05939,Cytoplasmic,0.0000,0.0000,0.9988,0.0008,0.0002,0.0002
IFBJBKOH_05940,Cytoplasmic,0.0000,0.0093,0.9863,0.0004,0.0038,0.0002
IFBJBKOH_05941,Cytoplasmic,0.0000,0.0002,0.9953,0.0014,0.0027,0.0004
IFBJBKOH_05942,Periplasmic,0.0002,0.1860,0.0020,0.0456,0.1018,0.6645
IFBJBKOH_05943,Cytoplasmic Membrane,0.0000,0.0001,0.0001,0.9996,0.0003,0.0000
IFBJBKOH_05944,Cytoplasmic,0.0000,0.0017,0.9836,0.0119,0.0020,0.0008
IFBJBKOH_05945,Cytoplasmic,0.0010,0.0115,0.9346,0.0167,0.0341,0.0020
IFBJBKOH_05946,Cytoplasmic Membrane,0.0094,0.0507,0.0172,0.7195,0.0556,0.1476
IFBJBKOH_05947,Cytoplasmic Membrane,0.0001,0.0016,0.3014,0.6940,0.0015,0.0014
IFBJBKOH_05948,Cytoplasmic Membrane,0.0001,0.0000,0.0002,0.9977,0.0020,0.0000
IFBJBKOH_05949,Cytoplasmic Membrane,0.0000,0.0000,0.0000,1.0000,0.0000,0.0000
IFBJBKOH_05950,Cytoplasmic,0.0001,0.0002,0.7882,0.1338,0.0763,0.0014
IFBJBKOH_05951,Cytoplasmic,0.0000,0.0011,0.9926,0.0046,0.0006,0.0011
IFBJBKOH_05952,Cytoplasmic,0.0000,0.0000,0.9896,0.0022,0.0070,0.0011
IFBJBKOH_05953,Cytoplasmic,0.0000,0.0001,0.9977,0.0004,0.0017,0.0001
IFBJBKOH_05954,Cytoplasmic,0.0000,0.0034,0.9602,0.0314,0.0044,0.0006
IFBJBKOH_05955,Cytoplasmic,0.0000,0.0017,0.9689,0.0019,0.0274,0.0001
IFBJBKOH_05956,Cytoplasmic,0.0000,0.0001,0.9906,0.0012,0.0078,0.0002
IFBJBKOH_05957,Cytoplasmic Membrane,0.0000,0.0001,0.0001,0.9985,0.0013,0.0000
IFBJBKOH_05958,Cytoplasmic,0.0002,0.0004,0.8908,0.0385,0.0696,0.0005
IFBJBKOH_05959,Cytoplasmic,0.0001,0.0280,0.8351,0.1033,0.0245,0.0090
IFBJBKOH_05960,Cytoplasmic,0.0000,0.0108,0.9703,0.0183,0.0005,0.0001
IFBJBKOH_05961,Cytoplasmic,0.0001,0.0035,0.9722,0.0011,0.0162,0.0069
IFBJBKOH_05962,Cytoplasmic,0.0003,0.0223,0.9221,0.0319,0.0154,0.0081
IFBJBKOH_05963,Cytoplasmic,0.0001,0.0000,0.9932,0.0017,0.0049,0.0000
IFBJBKOH_05964,Cytoplasmic,0.0011,0.0066,0.8168,0.1571,0.0160,0.0025
IFBJBKOH_05965,Cytoplasmic,0.0002,0.0290,0.9240,0.0136,0.0139,0.0192
IFBJBKOH_05966,Cytoplasmic,0.0000,0.0000,0.9999,0.0000,0.0001,0.0000
IFBJBKOH_05967,Cytoplasmic,0.0001,0.0038,0.9772,0.0070,0.0029,0.0090
IFBJBKOH_05968,Cytoplasmic,0.0000,0.0004,0.9899,0.0003,0.0092,0.0002
IFBJBKOH_05969,Cytoplasmic Membrane,0.0636,0.0829,0.0562,0.7659,0.0295,0.0020
IFBJBKOH_05970,Extracellular,0.0050,0.8909,0.0000,0.0271,0.0015,0.0755
IFBJBKOH_05971,Extracellular,0.0555,0.8959,0.0044,0.0113,0.0055,0.0273
IFBJBKOH_05972,Cytoplasmic,0.0008,0.0017,0.9199,0.0565,0.0210,0.0001
IFBJBKOH_05973,Cytoplasmic,0.0002,0.0001,0.9876,0.0118,0.0002,0.0000
IFBJBKOH_05974,Cytoplasmic,0.0005,0.0012,0.9340,0.0017,0.0619,0.0007
IFBJBKOH_05975,Cytoplasmic,0.0000,0.0000,0.9907,0.0002,0.0090,0.0000
IFBJBKOH_05976,Cytoplasmic,0.0002,0.0990,0.8575,0.0200,0.0134,0.0098
IFBJBKOH_05977,Cytoplasmic,0.0000,0.0008,0.7832,0.0046,0.2109,0.0005
IFBJBKOH_05978,Cytoplasmic Membrane,0.0029,0.0536,0.0045,0.8141,0.0898,0.0351
IFBJBKOH_05979,Cytoplasmic Membrane,0.0000,0.0001,0.0003,0.9989,0.0007,0.0000
IFBJBKOH_05980,Cytoplasmic,0.0002,0.0723,0.9180,0.0083,0.0009,0.0002
IFBJBKOH_05981,Cytoplasmic,0.0000,0.0000,0.9988,0.0000,0.0012,0.0000
IFBJBKOH_05982,Cytoplasmic,0.0000,0.0000,0.9985,0.0003,0.0010,0.0001
IFBJBKOH_05983,Cytoplasmic,0.0001,0.0429,0.5718,0.3047,0.0242,0.0563
IFBJBKOH_05985,Cytoplasmic Membrane,0.0001,0.0020,0.3548,0.6146,0.0279,0.0005
IFBJBKOH_05986,Cytoplasmic,0.0021,0.0056,0.7216,0.0017,0.2680,0.0010
IFBJBKOH_05987,Cytoplasmic Membrane,0.0000,0.0000,0.0000,0.9997,0.0002,0.0000
IFBJBKOH_05988,Cytoplasmic Membrane,0.0000,0.0000,0.0000,0.9990,0.0010,0.0000
IFBJBKOH_05989,Cytoplasmic,0.0026,0.0989,0.5024,0.3217,0.0569,0.0176
IFBJBKOH_05990,Cytoplasmic,0.0001,0.0009,0.9176,0.0021,0.0785,0.0007
IFBJBKOH_05991,Cytoplasmic,0.0003,0.0003,0.9809,0.0076,0.0095,0.0013
IFBJBKOH_05992,Cytoplasmic,0.0000,0.0000,0.9948,0.0032,0.0019,0.0000
IFBJBKOH_05993,Cytoplasmic,0.0000,0.0003,0.9958,0.0038,0.0001,0.0000
IFBJBKOH_05994,Cytoplasmic,0.0000,0.0020,0.9935,0.0007,0.0020,0.0018
IFBJBKOH_05995,Cytoplasmic,0.0003,0.0028,0.8639,0.0367,0.0949,0.0014
IFBJBKOH_05996,Cytoplasmic Membrane,0.0045,0.1685,0.0171,0.4553,0.2164,0.1383
IFBJBKOH_05997,Cytoplasmic Membrane,0.0000,0.0001,0.0003,0.9981,0.0015,0.0000
IFBJBKOH_05998,Cytoplasmic Membrane,0.0000,0.0000,0.0000,0.9999,0.0001,0.0000
IFBJBKOH_05999,Cytoplasmic Membrane,0.0042,0.0330,0.0030,0.9293,0.0296,0.0009
IFBJBKOH_06000,Cytoplasmic Membrane,0.0001,0.0002,0.0004,0.9869,0.0124,0.0000
IFBJBKOH_06001,Cytoplasmic,0.0002,0.0030,0.9903,0.0026,0.0036,0.0004
IFBJBKOH_06002,Cytoplasmic Membrane,0.0000,0.0000,0.0000,0.9998,0.0002,0.0000
IFBJBKOH_06003,Cytoplasmic,0.0002,0.0453,0.8818,0.0018,0.0633,0.0077
IFBJBKOH_06004,Cytoplasmic,0.0004,0.0759,0.8312,0.0066,0.0843,0.0016
IFBJBKOH_06005,Cytoplasmic,0.0000,0.0002,0.9704,0.0014,0.0251,0.0029
IFBJBKOH_06006,Cytoplasmic,0.0001,0.0014,0.9698,0.0096,0.0190,0.0001
IFBJBKOH_06007,Cytoplasmic,0.0000,0.0002,0.9776,0.0027,0.0148,0.0046
IFBJBKOH_06008,Cytoplasmic,0.0001,0.0021,0.9841,0.0010,0.0108,0.0017
IFBJBKOH_06009,Cytoplasmic,0.0001,0.0035,0.9874,0.0051,0.0037,0.0001
IFBJBKOH_06010,Cytoplasmic Membrane,0.0135,0.0357,0.0161,0.5144,0.2324,0.1879
IFBJBKOH_06011,Extracellular,0.0001,0.4604,0.3385,0.0557,0.0772,0.0681
IFBJBKOH_06012,Cytoplasmic Membrane,0.0000,0.0001,0.1222,0.8716,0.0060,0.0001
IFBJBKOH_06013,Cytoplasmic Membrane,0.0000,0.0001,0.0000,0.9995,0.0004,0.0000
IFBJBKOH_06014,Cytoplasmic Membrane,0.0005,0.0071,0.0000,0.7488,0.2057,0.0379
IFBJBKOH_06015,Cytoplasmic,0.0000,0.0006,0.9968,0.0001,0.0022,0.0003
IFBJBKOH_06016,Cytoplasmic,0.0000,0.0004,0.9745,0.0190,0.0048,0.0012
IFBJBKOH_06017,Cytoplasmic Membrane,0.0000,0.0000,0.0000,0.9996,0.0004,0.0000
IFBJBKOH_06018,Cytoplasmic,0.0004,0.0002,0.9992,0.0001,0.0001,0.0000
IFBJBKOH_06019,Cytoplasmic,0.0000,0.0008,0.9970,0.0004,0.0017,0.0001
IFBJBKOH_06020,Cytoplasmic,0.0001,0.0015,0.9722,0.0151,0.0098,0.0012
IFBJBKOH_06021,Cytoplasmic,0.0002,0.0009,0.8284,0.0153,0.1539,0.0013
IFBJBKOH_06022,Cytoplasmic,0.0002,0.0017,0.9641,0.0040,0.0298,0.0002
IFBJBKOH_06023,Cytoplasmic Membrane,0.0000,0.0000,0.0000,0.9991,0.0009,0.0000
IFBJBKOH_06024,Cytoplasmic,0.0000,0.0044,0.9658,0.0007,0.0276,0.0014
IFBJBKOH_06025,Cytoplasmic,0.0001,0.0004,0.9820,0.0028,0.0144,0.0003
IFBJBKOH_06026,Cytoplasmic,0.0000,0.0001,0.9803,0.0011,0.0184,0.0001
IFBJBKOH_06027,Cytoplasmic,0.0000,0.0048,0.9729,0.0006,0.0022,0.0195
IFBJBKOH_06028,Cytoplasmic,0.0000,0.0001,0.9945,0.0027,0.0026,0.0001
IFBJBKOH_06029,Cytoplasmic,0.0000,0.0013,0.9849,0.0080,0.0045,0.0012
IFBJBKOH_06030,Cytoplasmic Membrane,0.0000,0.0010,0.0008,0.9979,0.0002,0.0000
IFBJBKOH_06031,Cytoplasmic,0.0001,0.0041,0.5336,0.0089,0.4424,0.0108
IFBJBKOH_06032,Outer Membrane,0.0006,0.0125,0.4575,0.0233,0.5017,0.0045
IFBJBKOH_06033,Cytoplasmic,0.0004,0.0422,0.9484,0.0035,0.0042,0.0013
IFBJBKOH_06034,Cytoplasmic,0.0000,0.0002,0.9937,0.0050,0.0010,0.0001
IFBJBKOH_06035,Cytoplasmic Membrane,0.0000,0.0000,0.0000,0.9999,0.0001,0.0000
IFBJBKOH_06036,Cytoplasmic,0.0000,0.0000,0.9921,0.0000,0.0077,0.0001
IFBJBKOH_06037,Periplasmic,0.0039,0.4246,0.0001,0.0003,0.0009,0.5702
IFBJBKOH_06038,Cytoplasmic,0.0023,0.0171,0.9394,0.0377,0.0027,0.0008
IFBJBKOH_06039,Cytoplasmic,0.0001,0.0534,0.8825,0.0623,0.0006,0.0012
IFBJBKOH_06040,Cytoplasmic,0.0005,0.4129,0.5693,0.0014,0.0142,0.0017
IFBJBKOH_06041,Extracellular,0.0001,0.6742,0.0103,0.0167,0.2941,0.0045
IFBJBKOH_06042,Cytoplasmic,0.0000,0.0004,0.9981,0.0013,0.0001,0.0000
IFBJBKOH_06043,Cytoplasmic Membrane,0.0000,0.0000,0.0000,0.9996,0.0004,0.0000
IFBJBKOH_06044,Cytoplasmic,0.0002,0.0024,0.9889,0.0066,0.0018,0.0001
IFBJBKOH_06045,Cytoplasmic,0.0002,0.0009,0.9964,0.0010,0.0009,0.0006
IFBJBKOH_06046,Cytoplasmic Membrane,0.0098,0.0828,0.0002,0.8596,0.0474,0.0002
IFBJBKOH_06047,Cytoplasmic,0.0001,0.0005,0.6105,0.0030,0.2659,0.1199
IFBJBKOH_06048,Cytoplasmic,0.0002,0.0161,0.8105,0.0928,0.0777,0.0028
IFBJBKOH_06049,Cytoplasmic,0.0000,0.0003,0.9832,0.0143,0.0019,0.0002
IFBJBKOH_06050,Cytoplasmic,0.0006,0.0005,0.8776,0.1195,0.0010,0.0008
IFBJBKOH_06051,Extracellular,0.0045,0.5027,0.4876,0.0008,0.0015,0.0030
IFBJBKOH_06052,Cytoplasmic,0.0019,0.1905,0.7612,0.0111,0.0284,0.0068
IFBJBKOH_06053,Cytoplasmic,0.0001,0.0099,0.8819,0.0966,0.0114,0.0000
IFBJBKOH_06054,Extracellular,0.0008,0.4545,0.1337,0.3948,0.0152,0.0011
IFBJBKOH_06055,Cytoplasmic,0.0001,0.2056,0.6964,0.0054,0.0911,0.0015
IFBJBKOH_06056,Cytoplasmic Membrane,0.0000,0.0002,0.0002,0.9940,0.0054,0.0002
IFBJBKOH_06057,Cytoplasmic,0.0001,0.0804,0.8856,0.0008,0.0099,0.0231
IFBJBKOH_06058,Cytoplasmic,0.0006,0.0029,0.9718,0.0226,0.0015,0.0005
IFBJBKOH_06059,Cytoplasmic,0.0000,0.0002,0.9992,0.0002,0.0003,0.0001
IFBJBKOH_06060,Extracellular,0.0046,0.9905,0.0025,0.0007,0.0009,0.0008
IFBJBKOH_06061,Extracellular,0.0003,0.9287,0.0005,0.0149,0.0124,0.0434
IFBJBKOH_06063,Extracellular,0.0370,0.7184,0.0608,0.1161,0.0635,0.0042
IFBJBKOH_06064,Cytoplasmic,0.0001,0.0014,0.9845,0.0085,0.0051,0.0003
IFBJBKOH_06065,Cytoplasmic Membrane,0.0000,0.0003,0.0001,0.9942,0.0053,0.0000
IFBJBKOH_06066,Cytoplasmic,0.0000,0.0114,0.9523,0.0154,0.0026,0.0183
IFBJBKOH_06067,Cytoplasmic,0.0016,0.1597,0.7259,0.0120,0.0250,0.0757
IFBJBKOH_06068,Extracellular,0.0001,0.6726,0.2419,0.0017,0.0035,0.0802
IFBJBKOH_06069,Cytoplasmic,0.0000,0.0001,0.9788,0.0084,0.0081,0.0045
IFBJBKOH_06070,Cytoplasmic,0.0000,0.0011,0.9655,0.0029,0.0146,0.0159
IFBJBKOH_06071,Cytoplasmic,0.0000,0.0011,0.9785,0.0009,0.0011,0.0184
IFBJBKOH_06072,Cytoplasmic,0.0000,0.0074,0.9908,0.0001,0.0014,0.0003
IFBJBKOH_06073,Extracellular,0.0003,0.5399,0.3685,0.0039,0.0866,0.0009
IFBJBKOH_06074,Cytoplasmic,0.0000,0.0017,0.9968,0.0012,0.0003,0.0000
IFBJBKOH_06075,Cytoplasmic,0.0025,0.0182,0.9406,0.0117,0.0253,0.0017
IFBJBKOH_06076,Cytoplasmic,0.0005,0.0047,0.9502,0.0222,0.0178,0.0047
IFBJBKOH_06077,Cytoplasmic,0.0000,0.0001,0.9975,0.0002,0.0021,0.0000
IFBJBKOH_06078,Cytoplasmic,0.0001,0.0088,0.9861,0.0011,0.0039,0.0001
IFBJBKOH_06079,Cytoplasmic,0.0006,0.0066,0.9557,0.0025,0.0336,0.0009
IFBJBKOH_06080,Cytoplasmic,0.0007,0.0280,0.9595,0.0066,0.0046,0.0005
IFBJBKOH_06081,Extracellular,0.0001,0.5050,0.4739,0.0058,0.0148,0.0003
IFBJBKOH_06082,Cytoplasmic,0.0002,0.0015,0.9961,0.0009,0.0013,0.0000
IFBJBKOH_06083,Cytoplasmic,0.0001,0.0012,0.9916,0.0003,0.0069,0.0000
IFBJBKOH_06084,Extracellular,0.0000,0.8316,0.1608,0.0012,0.0049,0.0015
IFBJBKOH_06085,Cytoplasmic,0.0001,0.3864,0.6056,0.0012,0.0066,0.0000
IFBJBKOH_06086,Cytoplasmic,0.0001,0.0012,0.9626,0.0279,0.0082,0.0000
IFBJBKOH_06087,Cytoplasmic,0.0004,0.0084,0.8838,0.0657,0.0396,0.0021
IFBJBKOH_06088,Cytoplasmic,0.0017,0.1599,0.7920,0.0167,0.0272,0.0024
IFBJBKOH_06089,Cytoplasmic,0.0000,0.3229,0.6750,0.0004,0.0017,0.0000
IFBJBKOH_06090,Cytoplasmic,0.0002,0.1994,0.7752,0.0068,0.0144,0.0041
IFBJBKOH_06091,Cytoplasmic,0.0182,0.0459,0.8977,0.0065,0.0211,0.0106
IFBJBKOH_06092,Cytoplasmic,0.0002,0.0322,0.8988,0.0002,0.0680,0.0005
IFBJBKOH_06093,Extracellular,0.0201,0.9211,0.0038,0.0031,0.0515,0.0005
IFBJBKOH_06094,Extracellular,0.0490,0.7398,0.0039,0.0028,0.2043,0.0001
IFBJBKOH_06095,Cytoplasmic,0.0047,0.2284,0.7222,0.0017,0.0382,0.0048
IFBJBKOH_06096,Cytoplasmic,0.0002,0.2169,0.5346,0.2455,0.0028,0.0001
IFBJBKOH_06097,Cytoplasmic,0.0055,0.2200,0.6194,0.1339,0.0185,0.0027
IFBJBKOH_06098,Cytoplasmic,0.0074,0.2928,0.6234,0.0584,0.0159,0.0021
IFBJBKOH_06099,Cytoplasmic,0.0000,0.0402,0.8897,0.0558,0.0134,0.0008
IFBJBKOH_06100,Cytoplasmic,0.0000,0.0236,0.9580,0.0142,0.0039,0.0004
IFBJBKOH_06101,Cytoplasmic,0.0006,0.0225,0.9703,0.0037,0.0027,0.0002
IFBJBKOH_06102,Cytoplasmic,0.0003,0.0064,0.9884,0.0013,0.0033,0.0004
IFBJBKOH_06103,Cytoplasmic Membrane,0.0012,0.0068,0.0002,0.9887,0.0031,0.0000
IFBJBKOH_06104,Cytoplasmic,0.0014,0.1440,0.6638,0.0252,0.1643,0.0014
IFBJBKOH_06105,Cytoplasmic,0.0028,0.0439,0.8269,0.0974,0.0284,0.0005
IFBJBKOH_06106,Cytoplasmic,0.0003,0.0156,0.9794,0.0038,0.0008,0.0002
IFBJBKOH_06107,Extracellular,0.0012,0.7416,0.0000,0.1976,0.0593,0.0002
IFBJBKOH_06108,Extracellular,0.0311,0.8695,0.0001,0.0082,0.0906,0.0005
IFBJBKOH_06109,Cytoplasmic Membrane,0.0001,0.1546,0.0137,0.6604,0.1706,0.0005
IFBJBKOH_06110,Cytoplasmic,0.0002,0.0852,0.8897,0.0047,0.0190,0.0012
IFBJBKOH_06111,Cytoplasmic,0.0021,0.1606,0.4725,0.0321,0.3287,0.0039
IFBJBKOH_06112,Cytoplasmic,0.0009,0.1984,0.6895,0.0306,0.0802,0.0004
IFBJBKOH_06113,Cytoplasmic,0.0008,0.2329,0.5373,0.2165,0.0124,0.0001
IFBJBKOH_06114,Cytoplasmic,0.0010,0.2160,0.6255,0.0756,0.0813,0.0006
IFBJBKOH_06115,Cytoplasmic,0.0006,0.0672,0.9152,0.0085,0.0084,0.0000
IFBJBKOH_06116,Cytoplasmic,0.0001,0.1011,0.8912,0.0031,0.0040,0.0004
IFBJBKOH_06117,Cytoplasmic,0.0021,0.1026,0.7038,0.1299,0.0613,0.0002
IFBJBKOH_06118,Extracellular,0.0010,0.4385,0.3387,0.0006,0.1188,0.1024
IFBJBKOH_06119,Cytoplasmic,0.0000,0.4428,0.4738,0.0778,0.0053,0.0002
IFBJBKOH_06120,Cytoplasmic,0.0040,0.1506,0.6927,0.1174,0.0342,0.0011
IFBJBKOH_06121,Cytoplasmic,0.0001,0.2374,0.5077,0.1643,0.0882,0.0021
IFBJBKOH_06122,Cytoplasmic Membrane,0.0000,0.2617,0.3451,0.3558,0.0373,0.0002
IFBJBKOH_06123,Cytoplasmic,0.0000,0.0007,0.9564,0.0029,0.0381,0.0019
IFBJBKOH_06124,Cytoplasmic,0.0005,0.0070,0.9791,0.0043,0.0076,0.0015
IFBJBKOH_06125,Cytoplasmic,0.0001,0.0052,0.9522,0.0223,0.0202,0.0000
IFBJBKOH_06126,Cytoplasmic,0.0000,0.0097,0.9652,0.0018,0.0016,0.0217
IFBJBKOH_06127,Cytoplasmic,0.0003,0.0093,0.8309,0.0052,0.1508,0.0034
IFBJBKOH_06128,Cytoplasmic,0.0010,0.0710,0.7827,0.1136,0.0290,0.0027
IFBJBKOH_06129,Cytoplasmic,0.0002,0.0290,0.8446,0.0168,0.0684,0.0410
IFBJBKOH_06130,Cytoplasmic,0.0004,0.0031,0.8876,0.0033,0.0980,0.0076
IFBJBKOH_06131,Cytoplasmic Membrane,0.0000,0.0002,0.0001,0.9985,0.0012,0.0000
IFBJBKOH_06132,Cytoplasmic,0.0008,0.3326,0.5976,0.0424,0.0027,0.0240
IFBJBKOH_06133,Outer Membrane,0.0001,0.1441,0.3789,0.0127,0.4610,0.0032
IFBJBKOH_06134,Cytoplasmic,0.0001,0.2615,0.7137,0.0054,0.0158,0.0035
IFBJBKOH_06135,Cytoplasmic,0.0004,0.0864,0.8813,0.0141,0.0064,0.0114
IFBJBKOH_06136,Periplasmic,0.0113,0.0790,0.1519,0.2227,0.0943,0.4409
IFBJBKOH_06137,Cytoplasmic,0.0001,0.2018,0.7202,0.0043,0.0726,0.0011
IFBJBKOH_06138,Cytoplasmic,0.0000,0.0001,0.9967,0.0000,0.0032,0.0000
IFBJBKOH_06139,Cytoplasmic,0.0002,0.0065,0.9530,0.0312,0.0067,0.0023
IFBJBKOH_06140,Cytoplasmic,0.0001,0.2651,0.6729,0.0076,0.0538,0.0005
IFBJBKOH_06141,Cytoplasmic,0.0003,0.1121,0.5319,0.1785,0.0812,0.0960
IFBJBKOH_06142,Cytoplasmic,0.0001,0.0013,0.9929,0.0019,0.0037,0.0002
IFBJBKOH_06143,Cytoplasmic Membrane,0.0000,0.0001,0.0003,0.9988,0.0008,0.0000
IFBJBKOH_06144,Cytoplasmic,0.0002,0.0774,0.9160,0.0016,0.0023,0.0026
IFBJBKOH_06145,Cytoplasmic,0.0001,0.0174,0.8823,0.0449,0.0552,0.0001
IFBJBKOH_06146,Cytoplasmic,0.0000,0.0001,0.9975,0.0007,0.0016,0.0002
IFBJBKOH_06147,Cytoplasmic Membrane,0.0002,0.0011,0.0014,0.9902,0.0069,0.0001
IFBJBKOH_06148,Cytoplasmic Membrane,0.0000,0.0000,0.0001,0.9995,0.0004,0.0000
IFBJBKOH_06149,Cytoplasmic Membrane,0.0003,0.0007,0.1211,0.8728,0.0048,0.0003
IFBJBKOH_06150,Cytoplasmic Membrane,0.0000,0.0001,0.1557,0.8413,0.0028,0.0001
IFBJBKOH_06151,Cytoplasmic,0.0080,0.1304,0.7481,0.0484,0.0644,0.0006
IFBJBKOH_06152,Cytoplasmic Membrane,0.0033,0.2368,0.0013,0.5669,0.0098,0.1819
IFBJBKOH_06153,Cytoplasmic,0.0002,0.0069,0.9689,0.0014,0.0219,0.0009
IFBJBKOH_06154,Extracellular,0.0713,0.3692,0.0452,0.3674,0.1098,0.0371
IFBJBKOH_06155,Cytoplasmic,0.0000,0.0001,0.9923,0.0018,0.0055,0.0002
IFBJBKOH_06156,Cytoplasmic,0.0000,0.0003,0.9369,0.0134,0.0492,0.0001
IFBJBKOH_06157,Cytoplasmic,0.0000,0.0002,0.9963,0.0008,0.0017,0.0010
IFBJBKOH_06158,Cytoplasmic,0.0001,0.0004,0.9771,0.0020,0.0199,0.0005
IFBJBKOH_06159,Cytoplasmic,0.0010,0.0021,0.8863,0.0908,0.0190,0.0008
IFBJBKOH_06160,Cytoplasmic,0.0000,0.0002,0.9992,0.0005,0.0001,0.0000
IFBJBKOH_06161,Cytoplasmic,0.0000,0.0001,0.9899,0.0015,0.0080,0.0005
IFBJBKOH_06162,Cytoplasmic,0.0000,0.0002,0.9845,0.0004,0.0145,0.0003
IFBJBKOH_06163,Cytoplasmic,0.0003,0.2194,0.7310,0.0411,0.0080,0.0003
IFBJBKOH_06164,Cytoplasmic,0.0000,0.0004,0.9971,0.0003,0.0018,0.0005
IFBJBKOH_06165,Cytoplasmic,0.0000,0.0001,0.9956,0.0001,0.0041,0.0000
IFBJBKOH_06166,Cytoplasmic,0.0000,0.0000,0.9731,0.0001,0.0266,0.0002
IFBJBKOH_06167,Extracellular,0.0001,0.5119,0.4495,0.0296,0.0084,0.0003
IFBJBKOH_06168,Cytoplasmic,0.0007,0.0062,0.9089,0.0809,0.0032,0.0000
IFBJBKOH_06169,Cytoplasmic,0.0002,0.0011,0.9797,0.0149,0.0038,0.0003
IFBJBKOH_06170,Cytoplasmic,0.0000,0.0003,0.9974,0.0011,0.0012,0.0000
IFBJBKOH_06171,Cytoplasmic,0.0018,0.0222,0.9705,0.0006,0.0049,0.0001
IFBJBKOH_06172,Cytoplasmic Membrane,0.0003,0.0263,0.0021,0.9534,0.0165,0.0014
IFBJBKOH_06173,Cytoplasmic,0.0002,0.0047,0.9771,0.0018,0.0159,0.0003
IFBJBKOH_06174,Cytoplasmic,0.0013,0.0903,0.9008,0.0043,0.0030,0.0003
IFBJBKOH_06175,Cytoplasmic,0.0001,0.0028,0.9930,0.0019,0.0020,0.0002
IFBJBKOH_06176,Cytoplasmic,0.0050,0.0493,0.8457,0.0346,0.0635,0.0019
IFBJBKOH_06177,Cytoplasmic,0.0057,0.0523,0.7756,0.1138,0.0477,0.0049
IFBJBKOH_06178,Cytoplasmic,0.0003,0.2008,0.7679,0.0113,0.0179,0.0019
IFBJBKOH_06179,Cytoplasmic,0.0003,0.0196,0.9610,0.0171,0.0012,0.0008
IFBJBKOH_06180,Cell wall & surface,0.7806,0.1714,0.0032,0.0228,0.0216,0.0004
IFBJBKOH_06181,Cytoplasmic Membrane,0.0004,0.0631,0.0012,0.9283,0.0063,0.0007
IFBJBKOH_06182,Cytoplasmic,0.0070,0.1486,0.6215,0.0069,0.0041,0.2119
IFBJBKOH_06183,Cytoplasmic,0.0089,0.1034,0.7919,0.0401,0.0542,0.0015
IFBJBKOH_06184,Cytoplasmic Membrane,0.0006,0.0040,0.0138,0.9610,0.0188,0.0019
IFBJBKOH_06185,Cytoplasmic,0.0202,0.2778,0.5258,0.0789,0.0967,0.0006
IFBJBKOH_06186,Cytoplasmic,0.0002,0.0083,0.8877,0.0705,0.0331,0.0002
IFBJBKOH_06187,Cytoplasmic Membrane,0.0000,0.3381,0.0002,0.6299,0.0316,0.0001
IFBJBKOH_06188,Cytoplasmic Membrane,0.0000,0.3219,0.0015,0.6718,0.0048,0.0000
IFBJBKOH_06189,Cytoplasmic,0.0001,0.0190,0.9040,0.0495,0.0173,0.0101
IFBJBKOH_06190,Cytoplasmic Membrane,0.0002,0.0151,0.0115,0.9570,0.0161,0.0001
IFBJBKOH_06191,Cytoplasmic,0.0002,0.0013,0.8526,0.1403,0.0054,0.0003
IFBJBKOH_06192,Cytoplasmic Membrane,0.0023,0.3114,0.0072,0.6688,0.0101,0.0003
IFBJBKOH_06193,Cytoplasmic Membrane,0.0132,0.1882,0.2013,0.5695,0.0272,0.0006
IFBJBKOH_06194,Cytoplasmic,0.0005,0.0627,0.9282,0.0057,0.0006,0.0023
IFBJBKOH_06195,Cytoplasmic Membrane,0.0113,0.0162,0.0005,0.9653,0.0066,0.0000
IFBJBKOH_06196,Cytoplasmic,0.0002,0.0038,0.9930,0.0010,0.0018,0.0002
IFBJBKOH_06197,Cytoplasmic,0.0286,0.1643,0.7709,0.0260,0.0082,0.0019
IFBJBKOH_06198,Cytoplasmic,0.0487,0.2897,0.6247,0.0253,0.0072,0.0044
IFBJBKOH_06199,Cytoplasmic,0.0002,0.0973,0.8442,0.0564,0.0019,0.0000
IFBJBKOH_06200,Cytoplasmic,0.0058,0.3611,0.5728,0.0330,0.0151,0.0122
IFBJBKOH_06201,Cytoplasmic,0.0000,0.0023,0.9841,0.0085,0.0049,0.0003
IFBJBKOH_06202,Cytoplasmic,0.0011,0.0742,0.8524,0.0306,0.0361,0.0056
IFBJBKOH_06203,Cytoplasmic,0.0003,0.0626,0.6034,0.3274,0.0052,0.0010
IFBJBKOH_06204,Cytoplasmic,0.0048,0.0333,0.9462,0.0031,0.0105,0.0022
IFBJBKOH_06205,Cytoplasmic,0.0007,0.0010,0.9617,0.0028,0.0334,0.0003
IFBJBKOH_06206,Cytoplasmic,0.0001,0.0003,0.9934,0.0020,0.0040,0.0002
IFBJBKOH_06207,Cytoplasmic,0.0006,0.0691,0.8595,0.0179,0.0364,0.0165
IFBJBKOH_06208,Cytoplasmic,0.0004,0.0141,0.9629,0.0109,0.0116,0.0001
IFBJBKOH_06209,Cytoplasmic,0.0000,0.0125,0.9517,0.0057,0.0299,0.0002
IFBJBKOH_06210,Cytoplasmic,0.0002,0.0076,0.9531,0.0227,0.0157,0.0007
IFBJBKOH_06211,Cytoplasmic Membrane,0.0004,0.2507,0.3435,0.4026,0.0026,0.0003
IFBJBKOH_06212,Cytoplasmic,0.0009,0.1174,0.7735,0.0034,0.0430,0.0618
IFBJBKOH_06213,Cytoplasmic,0.0002,0.3900,0.5123,0.0084,0.0878,0.0013
IFBJBKOH_06214,Cytoplasmic Membrane,0.0000,0.0043,0.0001,0.9938,0.0017,0.0000
IFBJBKOH_06215,Cytoplasmic Membrane,0.0003,0.0644,0.0013,0.8695,0.0619,0.0026
IFBJBKOH_06216,Cytoplasmic,0.0007,0.0066,0.9831,0.0012,0.0077,0.0007
IFBJBKOH_06217,Cytoplasmic,0.0053,0.0084,0.7801,0.0376,0.1677,0.0008
IFBJBKOH_06218,Cytoplasmic,0.0001,0.1136,0.5190,0.3596,0.0073,0.0005
IFBJBKOH_06219,Extracellular,0.0017,0.6166,0.0837,0.2733,0.0203,0.0044
IFBJBKOH_06220,Cytoplasmic,0.0002,0.0085,0.9229,0.0529,0.0154,0.0001
IFBJBKOH_06221,Cytoplasmic,0.0010,0.0907,0.8176,0.0009,0.0847,0.0051
IFBJBKOH_06222,Cytoplasmic Membrane,0.0000,0.0000,0.0000,0.9988,0.0012,0.0000
IFBJBKOH_06223,Cytoplasmic,0.0005,0.0179,0.9661,0.0048,0.0104,0.0003
IFBJBKOH_06224,Cytoplasmic,0.0000,0.0003,0.9942,0.0010,0.0040,0.0004
IFBJBKOH_06225,Cytoplasmic,0.0043,0.2418,0.5283,0.0011,0.2176,0.0068
IFBJBKOH_06226,Cytoplasmic,0.0591,0.0632,0.8556,0.0027,0.0179,0.0016
IFBJBKOH_06227,Extracellular,0.0100,0.5957,0.3529,0.0047,0.0349,0.0018
IFBJBKOH_06228,Cytoplasmic,0.0002,0.0281,0.6071,0.3540,0.0104,0.0001
IFBJBKOH_06229,Cytoplasmic,0.0007,0.0143,0.9570,0.0064,0.0208,0.0008
IFBJBKOH_06230,Cytoplasmic,0.0002,0.0095,0.9785,0.0068,0.0023,0.0028
IFBJBKOH_06231,Cytoplasmic,0.0001,0.0029,0.9824,0.0019,0.0125,0.0001
IFBJBKOH_06232,Cytoplasmic,0.0005,0.0143,0.9554,0.0141,0.0155,0.0002
IFBJBKOH_06233,Cytoplasmic,0.0000,0.0008,0.9333,0.0032,0.0621,0.0006
IFBJBKOH_06234,Cytoplasmic,0.0002,0.0045,0.9729,0.0036,0.0186,0.0002
IFBJBKOH_06235,Cytoplasmic Membrane,0.0013,0.0147,0.0000,0.5460,0.4202,0.0177
IFBJBKOH_06236,Cytoplasmic Membrane,0.0000,0.0000,0.0000,1.0000,0.0000,0.0000
IFBJBKOH_06237,Cytoplasmic Membrane,0.0000,0.0000,0.0000,0.9999,0.0001,0.0000
IFBJBKOH_06238,Cytoplasmic,0.0002,0.0072,0.9764,0.0057,0.0063,0.0042
IFBJBKOH_06239,Cytoplasmic Membrane,0.0000,0.0000,0.0000,0.9995,0.0005,0.0000
IFBJBKOH_06240,Cytoplasmic Membrane,0.0004,0.2071,0.3467,0.4436,0.0020,0.0002
IFBJBKOH_06241,Extracellular,0.0019,0.5348,0.1983,0.2390,0.0245,0.0015
IFBJBKOH_06242,Extracellular,0.0007,0.5456,0.4484,0.0001,0.0049,0.0003
IFBJBKOH_06243,Cytoplasmic,0.0003,0.0013,0.9629,0.0025,0.0330,0.0001
IFBJBKOH_06244,Cytoplasmic,0.0002,0.2578,0.5804,0.0834,0.0767,0.0015
IFBJBKOH_06245,Cytoplasmic,0.0010,0.0867,0.9039,0.0025,0.0042,0.0017
IFBJBKOH_06246,Cytoplasmic,0.0016,0.1013,0.7866,0.0673,0.0394,0.0039
IFBJBKOH_06247,Cytoplasmic,0.0010,0.0034,0.9311,0.0619,0.0025,0.0002
IFBJBKOH_06248,Cytoplasmic,0.0001,0.0029,0.9623,0.0295,0.0051,0.0000
IFBJBKOH_06249,Cytoplasmic,0.0000,0.0007,0.9970,0.0000,0.0023,0.0000
IFBJBKOH_06250,Cytoplasmic,0.0008,0.0028,0.8828,0.0010,0.1123,0.0001
IFBJBKOH_06251,Cytoplasmic,0.0001,0.0007,0.9952,0.0010,0.0030,0.0000
IFBJBKOH_06252,Cytoplasmic,0.0000,0.0002,0.9604,0.0006,0.0361,0.0025
IFBJBKOH_06253,Cytoplasmic,0.0003,0.0614,0.8476,0.0832,0.0063,0.0013
IFBJBKOH_06254,Cytoplasmic,0.0009,0.0019,0.9199,0.0690,0.0078,0.0006
IFBJBKOH_06255,Cytoplasmic,0.0050,0.2094,0.7413,0.0016,0.0373,0.0055
IFBJBKOH_06256,Cytoplasmic,0.0120,0.0122,0.6831,0.0352,0.2563,0.0011
IFBJBKOH_06257,Extracellular,0.0005,0.6119,0.2372,0.0165,0.0724,0.0615
IFBJBKOH_06258,Cytoplasmic,0.0223,0.1808,0.7525,0.0102,0.0219,0.0123
IFBJBKOH_06259,Cytoplasmic,0.0027,0.0235,0.8763,0.0948,0.0026,0.0001
IFBJBKOH_06260,Cytoplasmic,0.0003,0.0452,0.9164,0.0133,0.0240,0.0008
IFBJBKOH_06261,Cytoplasmic,0.0001,0.0163,0.9598,0.0124,0.0104,0.0010
IFBJBKOH_06262,Cytoplasmic,0.0003,0.0033,0.9733,0.0022,0.0206,0.0003
IFBJBKOH_06263,Cytoplasmic,0.0102,0.4741,0.4887,0.0148,0.0071,0.0051
IFBJBKOH_06264,Cytoplasmic,0.0000,0.0159,0.9740,0.0073,0.0025,0.0001
IFBJBKOH_06265,Cytoplasmic,0.0021,0.4424,0.4990,0.0252,0.0103,0.0210
IFBJBKOH_06266,Cytoplasmic,0.0062,0.0759,0.9021,0.0125,0.0030,0.0002
IFBJBKOH_06267,Cytoplasmic,0.0030,0.0757,0.6778,0.0387,0.2004,0.0045
IFBJBKOH_06268,Cytoplasmic Membrane,0.0014,0.2004,0.0028,0.6178,0.1748,0.0029
IFBJBKOH_06269,Cytoplasmic,0.0039,0.3846,0.5847,0.0036,0.0149,0.0082
IFBJBKOH_06270,Cytoplasmic,0.0163,0.0949,0.8805,0.0030,0.0029,0.0024
IFBJBKOH_06271,Cytoplasmic,0.0046,0.2282,0.7220,0.0015,0.0382,0.0055
IFBJBKOH_06272,Cytoplasmic,0.0008,0.2542,0.6077,0.0931,0.0386,0.0056
IFBJBKOH_06273,Cytoplasmic,0.0024,0.0062,0.9548,0.0023,0.0340,0.0003
IFBJBKOH_06274,Cytoplasmic,0.0011,0.0041,0.9782,0.0004,0.0161,0.0001
IFBJBKOH_06275,Cytoplasmic,0.0009,0.0097,0.9548,0.0022,0.0318,0.0006
IFBJBKOH_06276,Cytoplasmic,0.0001,0.0024,0.9872,0.0037,0.0041,0.0025
IFBJBKOH_06277,Cytoplasmic,0.0004,0.0005,0.9806,0.0105,0.0080,0.0000
IFBJBKOH_06278,Cytoplasmic Membrane,0.0000,0.0001,0.0000,0.9997,0.0002,0.0000
IFBJBKOH_06279,Cytoplasmic Membrane,0.0000,0.0001,0.0001,0.9984,0.0014,0.0000
IFBJBKOH_06280,Cytoplasmic Membrane,0.0001,0.0002,0.2356,0.7603,0.0036,0.0001
IFBJBKOH_06281,Cytoplasmic Membrane,0.0003,0.0235,0.0018,0.9687,0.0057,0.0000
IFBJBKOH_06282,Cytoplasmic,0.0015,0.1182,0.7070,0.0761,0.0947,0.0025
IFBJBKOH_06283,Cytoplasmic Membrane,0.0000,0.0009,0.0000,0.9946,0.0045,0.0000
IFBJBKOH_06284,Cytoplasmic,0.0000,0.3132,0.6589,0.0008,0.0269,0.0001
IFBJBKOH_06285,Cytoplasmic,0.0069,0.1776,0.7955,0.0131,0.0067,0.0002
IFBJBKOH_06286,Cytoplasmic,0.0016,0.3406,0.6300,0.0210,0.0031,0.0037
IFBJBKOH_06287,Cytoplasmic,0.0016,0.0108,0.9719,0.0071,0.0085,0.0000
IFBJBKOH_06288,Cytoplasmic,0.0000,0.0019,0.9654,0.0077,0.0249,0.0001
IFBJBKOH_06289,Cytoplasmic Membrane,0.0001,0.0009,0.0021,0.9819,0.0150,0.0000
IFBJBKOH_06290,Cytoplasmic,0.0014,0.0556,0.7199,0.1946,0.0282,0.0002
IFBJBKOH_06291,Extracellular,0.0007,0.4893,0.3336,0.0085,0.0363,0.1316
IFBJBKOH_06292,Cytoplasmic Membrane,0.0000,0.0007,0.0003,0.9972,0.0018,0.0000
IFBJBKOH_06293,Cytoplasmic,0.0014,0.0073,0.9149,0.0730,0.0033,0.0002
IFBJBKOH_06294,Cytoplasmic,0.0005,0.0051,0.8970,0.0590,0.0383,0.0001
IFBJBKOH_06295,Cytoplasmic,0.0000,0.0007,0.9956,0.0000,0.0036,0.0000
IFBJBKOH_06296,Cytoplasmic,0.0004,0.0014,0.8896,0.0005,0.1080,0.0001
IFBJBKOH_06297,Cytoplasmic,0.0001,0.0005,0.9944,0.0010,0.0040,0.0000
IFBJBKOH_06298,Cytoplasmic,0.0004,0.0477,0.7220,0.0262,0.1244,0.0792
IFBJBKOH_06299,Extracellular,0.0003,0.4516,0.2417,0.2553,0.0450,0.0059
IFBJBKOH_06300,Cytoplasmic Membrane,0.0000,0.0003,0.0000,0.9993,0.0004,0.0000
IFBJBKOH_06301,Cytoplasmic,0.0001,0.0751,0.8719,0.0088,0.0423,0.0017
IFBJBKOH_06302,Cytoplasmic,0.0009,0.0015,0.9265,0.0134,0.0558,0.0019
IFBJBKOH_06303,Cytoplasmic,0.0033,0.1341,0.7999,0.0025,0.0155,0.0447
IFBJBKOH_06304,Cytoplasmic,0.0007,0.1288,0.8538,0.0013,0.0135,0.0020
IFBJBKOH_06305,Extracellular,0.0000,1.0000,0.0000,0.0000,0.0000,0.0000
IFBJBKOH_06306,Cytoplasmic Membrane,0.0095,0.1622,0.0010,0.7063,0.1207,0.0003
IFBJBKOH_06307,Cytoplasmic,0.0005,0.0291,0.6175,0.1197,0.2329,0.0004
IFBJBKOH_06308,Cytoplasmic Membrane,0.0033,0.0270,0.0015,0.9502,0.0180,0.0001
IFBJBKOH_06309,Extracellular,0.0001,0.9997,0.0000,0.0000,0.0001,0.0000
IFBJBKOH_06310,Cytoplasmic Membrane,0.0000,0.0108,0.0001,0.9844,0.0046,0.0000
IFBJBKOH_06311,Extracellular,0.0000,0.9998,0.0000,0.0000,0.0002,0.0000
IFBJBKOH_06312,Cytoplasmic,0.0019,0.0408,0.8435,0.1099,0.0038,0.0001
IFBJBKOH_06313,Cytoplasmic,0.0017,0.0281,0.7920,0.1551,0.0214,0.0017
IFBJBKOH_06314,Extracellular,0.0465,0.9461,0.0000,0.0012,0.0022,0.0040
IFBJBKOH_06315,Extracellular,0.0109,0.5858,0.0004,0.3802,0.0226,0.0001
IFBJBKOH_06316,Cytoplasmic,0.0000,0.0024,0.9967,0.0004,0.0004,0.0001
IFBJBKOH_06317,Cytoplasmic,0.0045,0.0214,0.9417,0.0255,0.0067,0.0003
IFBJBKOH_06318,Cytoplasmic,0.0002,0.0836,0.9087,0.0037,0.0036,0.0003
IFBJBKOH_06319,Extracellular,0.0398,0.9428,0.0012,0.0013,0.0083,0.0065
IFBJBKOH_06320,Cytoplasmic,0.0005,0.1399,0.4943,0.3634,0.0019,0.0000
IFBJBKOH_06321,Cytoplasmic Membrane,0.0003,0.0323,0.2881,0.6718,0.0074,0.0001
IFBJBKOH_06322,Cytoplasmic Membrane,0.0000,0.0809,0.0001,0.8840,0.0349,0.0000
IFBJBKOH_06323,Cytoplasmic,0.0002,0.0394,0.7669,0.1842,0.0093,0.0000
IFBJBKOH_06324,Cytoplasmic,0.0014,0.0681,0.8681,0.0555,0.0056,0.0013
IFBJBKOH_06325,Extracellular,0.0037,0.8533,0.0927,0.0230,0.0255,0.0018
IFBJBKOH_06326,Cytoplasmic,0.0001,0.2617,0.6826,0.0109,0.0365,0.0082
IFBJBKOH_06327,Extracellular,0.0011,0.5648,0.3133,0.1077,0.0105,0.0026
IFBJBKOH_06328,Cytoplasmic,0.0006,0.0183,0.6724,0.3011,0.0075,0.0002
IFBJBKOH_06329,Extracellular,0.0001,0.9808,0.0117,0.0002,0.0070,0.0002
IFBJBKOH_06330,Extracellular,0.0006,0.9915,0.0055,0.0006,0.0017,0.0001
IFBJBKOH_06331,Cytoplasmic Membrane,0.0001,0.0272,0.0004,0.9600,0.0122,0.0000
IFBJBKOH_06332,Cytoplasmic,0.0009,0.2250,0.4709,0.2895,0.0095,0.0042
IFBJBKOH_06333,Cytoplasmic,0.0046,0.0181,0.9699,0.0054,0.0018,0.0002
IFBJBKOH_06334,Cytoplasmic,0.0000,0.2450,0.5849,0.1529,0.0170,0.0001
IFBJBKOH_06335,Cytoplasmic,0.0000,0.0223,0.8512,0.1246,0.0015,0.0003
IFBJBKOH_06336,Extracellular,0.0008,0.9721,0.0198,0.0011,0.0046,0.0015
IFBJBKOH_06337,Cytoplasmic,0.0004,0.0440,0.8089,0.1408,0.0050,0.0009
IFBJBKOH_06338,Extracellular,0.0038,0.6298,0.3266,0.0196,0.0163,0.0040
IFBJBKOH_06339,Extracellular,0.0016,0.9547,0.0018,0.0118,0.0294,0.0007
IFBJBKOH_06340,Extracellular,0.0029,0.5911,0.3720,0.0032,0.0262,0.0045
IFBJBKOH_06341,Cytoplasmic,0.0002,0.0093,0.9784,0.0010,0.0109,0.0001
IFBJBKOH_06342,Extracellular,0.0038,0.8805,0.0049,0.0227,0.0877,0.0004
IFBJBKOH_06343,Cytoplasmic,0.0002,0.2058,0.5821,0.1960,0.0153,0.0005
IFBJBKOH_06344,Cytoplasmic,0.0007,0.0101,0.9788,0.0010,0.0063,0.0030
IFBJBKOH_06345,Cytoplasmic,0.0000,0.0135,0.9812,0.0013,0.0010,0.0029
IFBJBKOH_06346,Cytoplasmic,0.0000,0.0347,0.9583,0.0008,0.0027,0.0035
IFBJBKOH_06347,Cytoplasmic,0.0001,0.0881,0.9074,0.0040,0.0003,0.0001
IFBJBKOH_06348,Cytoplasmic,0.0001,0.0010,0.9978,0.0007,0.0002,0.0001
IFBJBKOH_06349,Cytoplasmic Membrane,0.0000,0.0007,0.0003,0.9914,0.0074,0.0001
IFBJBKOH_06350,Cytoplasmic,0.0008,0.2527,0.4649,0.2687,0.0093,0.0036
IFBJBKOH_06351,Cytoplasmic Membrane,0.0000,0.0009,0.0001,0.9906,0.0002,0.0081
IFBJBKOH_06352,Cytoplasmic,0.0004,0.0265,0.9507,0.0012,0.0056,0.0156
IFBJBKOH_06353,Cytoplasmic,0.0000,0.1936,0.6148,0.0800,0.1113,0.0003
IFBJBKOH_06354,Cytoplasmic,0.0001,0.0657,0.9330,0.0006,0.0004,0.0004
IFBJBKOH_06355,Cytoplasmic,0.0000,0.0001,0.9964,0.0012,0.0021,0.0001
IFBJBKOH_06356,Cytoplasmic,0.0001,0.0295,0.8292,0.0091,0.0084,0.1237
IFBJBKOH_06357,Cytoplasmic,0.0003,0.0120,0.9586,0.0047,0.0209,0.0033
IFBJBKOH_06358,Cytoplasmic,0.0015,0.0235,0.9207,0.0494,0.0045,0.0004
IFBJBKOH_06359,Cytoplasmic Membrane,0.0373,0.1617,0.0015,0.6967,0.1011,0.0018
IFBJBKOH_06360,Cytoplasmic Membrane,0.0001,0.0003,0.0003,0.9937,0.0057,0.0000
IFBJBKOH_06361,Cytoplasmic,0.0007,0.0174,0.9511,0.0105,0.0198,0.0005
IFBJBKOH_06362,Cytoplasmic,0.0000,0.0005,0.9904,0.0003,0.0079,0.0009
IFBJBKOH_06363,Cytoplasmic,0.0001,0.0013,0.9434,0.0036,0.0225,0.0292
IFBJBKOH_06364,Cytoplasmic Membrane,0.0000,0.0000,0.0000,0.9991,0.0009,0.0000
IFBJBKOH_06365,Cytoplasmic,0.0001,0.0056,0.9765,0.0081,0.0096,0.0000
IFBJBKOH_06366,Cytoplasmic,0.0001,0.0059,0.6417,0.0192,0.3263,0.0068
IFBJBKOH_06367,Cytoplasmic,0.0000,0.0010,0.9460,0.0011,0.0315,0.0204
IFBJBKOH_06368,Cytoplasmic,0.0000,0.0001,0.9966,0.0008,0.0010,0.0015
IFBJBKOH_06369,Cytoplasmic,0.0001,0.0026,0.9037,0.0008,0.0917,0.0010
IFBJBKOH_06370,Cytoplasmic Membrane,0.0000,0.0000,0.0000,0.9986,0.0014,0.0000
IFBJBKOH_06371,Cytoplasmic Membrane,0.0000,0.0000,0.0000,0.9984,0.0015,0.0000
IFBJBKOH_06372,Cytoplasmic,0.0000,0.0009,0.9920,0.0002,0.0067,0.0002
IFBJBKOH_06373,Extracellular,0.0002,0.5646,0.4034,0.0200,0.0113,0.0006
IFBJBKOH_06374,Extracellular,0.2741,0.5639,0.1215,0.0015,0.0232,0.0158
IFBJBKOH_06375,Cytoplasmic,0.0044,0.2095,0.7399,0.0017,0.0386,0.0058
IFBJBKOH_06376,Cytoplasmic,0.0004,0.0085,0.8708,0.0118,0.1081,0.0004
IFBJBKOH_06377,Cytoplasmic Membrane,0.0001,0.0331,0.0001,0.9649,0.0018,0.0000
IFBJBKOH_06378,Cytoplasmic,0.0060,0.4113,0.4968,0.0650,0.0159,0.0049
IFBJBKOH_06379,Cytoplasmic Membrane,0.0000,0.0016,0.0006,0.9950,0.0028,0.0000
IFBJBKOH_06380,Extracellular,0.0001,0.5269,0.3936,0.0482,0.0300,0.0012
IFBJBKOH_06381,Cytoplasmic,0.0001,0.1578,0.6657,0.1136,0.0625,0.0004
IFBJBKOH_06382,Cytoplasmic,0.0001,0.0043,0.9834,0.0072,0.0049,0.0000
IFBJBKOH_06383,Cytoplasmic Membrane,0.0001,0.0025,0.0011,0.9773,0.0190,0.0000
IFBJBKOH_06384,Cytoplasmic Membrane,0.0000,0.0049,0.0001,0.9859,0.0091,0.0000
IFBJBKOH_06385,Cytoplasmic,0.0026,0.1694,0.3476,0.1570,0.3200,0.0033
IFBJBKOH_06386,Cytoplasmic,0.0001,0.0622,0.5594,0.0672,0.3109,0.0002
IFBJBKOH_06387,Cytoplasmic,0.0007,0.1015,0.8466,0.0198,0.0308,0.0006
IFBJBKOH_06388,Extracellular,0.0119,0.9716,0.0000,0.0114,0.0008,0.0042
IFBJBKOH_06389,Extracellular,0.0094,0.9716,0.0000,0.0118,0.0010,0.0061
IFBJBKOH_06390,Extracellular,0.0006,0.4853,0.4068,0.0631,0.0441,0.0000
IFBJBKOH_06391,Cytoplasmic,0.0001,0.0002,0.9843,0.0040,0.0114,0.0000
IFBJBKOH_06392,Cytoplasmic Membrane,0.0000,0.0000,0.0000,0.9986,0.0014,0.0000
IFBJBKOH_06393,Extracellular,0.0751,0.9026,0.0000,0.0150,0.0072,0.0001
IFBJBKOH_06394,Cytoplasmic,0.0007,0.0063,0.8131,0.1753,0.0046,0.0000
IFBJBKOH_06395,Cytoplasmic Membrane,0.0030,0.2538,0.0003,0.7121,0.0295,0.0013
IFBJBKOH_06396,Cytoplasmic,0.0000,0.0027,0.9924,0.0033,0.0014,0.0002
IFBJBKOH_06397,Cytoplasmic,0.0003,0.0019,0.9953,0.0012,0.0010,0.0004
IFBJBKOH_06398,Extracellular,0.0002,0.6561,0.1082,0.0660,0.1691,0.0005
IFBJBKOH_06399,Extracellular,0.0144,0.8416,0.0180,0.0915,0.0099,0.0246
IFBJBKOH_06400,Cytoplasmic,0.0002,0.0083,0.7230,0.2027,0.0638,0.0020
IFBJBKOH_06401,Cytoplasmic,0.0003,0.0008,0.9747,0.0126,0.0113,0.0003
IFBJBKOH_06402,Cytoplasmic,0.0053,0.2320,0.6824,0.0113,0.0609,0.0081
IFBJBKOH_06403,Cytoplasmic,0.0008,0.0107,0.9606,0.0204,0.0075,0.0000
IFBJBKOH_06404,Cytoplasmic,0.0000,0.0020,0.9880,0.0019,0.0079,0.0001
IFBJBKOH_06405,Cytoplasmic Membrane,0.0001,0.0048,0.0200,0.9655,0.0096,0.0000
IFBJBKOH_06406,Cytoplasmic,0.0009,0.1074,0.8709,0.0176,0.0020,0.0012
IFBJBKOH_06407,Cytoplasmic,0.0000,0.0009,0.9277,0.0048,0.0570,0.0096
IFBJBKOH_06408,Cytoplasmic Membrane,0.0000,0.0001,0.0001,0.9919,0.0078,0.0000
IFBJBKOH_06409,Cytoplasmic,0.0001,0.0083,0.6599,0.2709,0.0014,0.0594
IFBJBKOH_06410,Cytoplasmic,0.0002,0.0021,0.9081,0.0315,0.0474,0.0107
IFBJBKOH_06411,Cytoplasmic Membrane,0.0000,0.0001,0.0000,0.9964,0.0035,0.0000
IFBJBKOH_06412,Cytoplasmic,0.0012,0.4636,0.5221,0.0049,0.0064,0.0018
IFBJBKOH_06413,Cytoplasmic,0.0001,0.0036,0.8527,0.0023,0.1347,0.0067
IFBJBKOH_06414,Cytoplasmic,0.0000,0.0003,0.9709,0.0032,0.0237,0.0019
IFBJBKOH_06415,Cytoplasmic,0.0002,0.0013,0.8554,0.0008,0.1407,0.0015
IFBJBKOH_06416,Cytoplasmic,0.0000,0.0001,0.9882,0.0033,0.0082,0.0001
IFBJBKOH_06417,Cytoplasmic Membrane,0.0000,0.0000,0.0000,0.9999,0.0001,0.0000
IFBJBKOH_06418,Cytoplasmic Membrane,0.0000,0.0037,0.0001,0.9904,0.0054,0.0002
IFBJBKOH_06419,Cytoplasmic,0.0002,0.0210,0.9727,0.0024,0.0028,0.0008
IFBJBKOH_06420,Cytoplasmic,0.0002,0.0017,0.9415,0.0258,0.0306,0.0002
IFBJBKOH_06421,Cytoplasmic,0.0000,0.0043,0.9892,0.0020,0.0029,0.0015
IFBJBKOH_06422,Cytoplasmic,0.0002,0.0017,0.9012,0.0683,0.0277,0.0010
IFBJBKOH_06423,Cytoplasmic,0.0001,0.0100,0.9687,0.0065,0.0114,0.0033
IFBJBKOH_06424,Cytoplasmic,0.0001,0.0001,0.9906,0.0027,0.0049,0.0017
IFBJBKOH_06425,Cytoplasmic,0.0001,0.0004,0.9719,0.0013,0.0249,0.0014
IFBJBKOH_06426,Cytoplasmic,0.0002,0.1926,0.7762,0.0019,0.0180,0.0111
IFBJBKOH_06427,Cytoplasmic Membrane,0.0000,0.0000,0.0001,0.9987,0.0013,0.0000
IFBJBKOH_06428,Cytoplasmic Membrane,0.0000,0.0001,0.0002,0.9978,0.0019,0.0000
IFBJBKOH_06429,Cytoplasmic Membrane,0.0000,0.0000,0.0000,0.9999,0.0001,0.0000
IFBJBKOH_06430,Cytoplasmic Membrane,0.0020,0.0511,0.0027,0.9254,0.0184,0.0005
IFBJBKOH_06431,Cytoplasmic,0.0000,0.0002,0.9717,0.0021,0.0247,0.0013
IFBJBKOH_06432,Cytoplasmic,0.0000,0.0001,0.9872,0.0024,0.0093,0.0009
IFBJBKOH_06433,Cytoplasmic Membrane,0.0000,0.0002,0.0001,0.9984,0.0012,0.0000
IFBJBKOH_06434,Cytoplasmic,0.0013,0.0019,0.9664,0.0264,0.0036,0.0005
IFBJBKOH_06435,Cytoplasmic,0.0000,0.0002,0.9790,0.0130,0.0069,0.0009
IFBJBKOH_06436,Cytoplasmic,0.0000,0.0002,0.9973,0.0007,0.0012,0.0006
IFBJBKOH_06437,Cytoplasmic Membrane,0.0000,0.0004,0.0003,0.9971,0.0021,0.0000
IFBJBKOH_06438,Cytoplasmic Membrane,0.0001,0.0017,0.0002,0.9965,0.0014,0.0002
IFBJBKOH_06439,Cytoplasmic,0.0004,0.0037,0.8151,0.0260,0.0984,0.0564
IFBJBKOH_06440,Cytoplasmic,0.0000,0.0003,0.9747,0.0010,0.0174,0.0065
IFBJBKOH_06441,Cytoplasmic,0.0001,0.0181,0.9573,0.0020,0.0071,0.0154
IFBJBKOH_06442,Cytoplasmic Membrane,0.0000,0.0000,0.0003,0.9950,0.0047,0.0000
IFBJBKOH_06443,Extracellular,0.1108,0.8208,0.0002,0.0560,0.0112,0.0010
IFBJBKOH_06444,Cytoplasmic Membrane,0.0008,0.0440,0.0002,0.9492,0.0046,0.0012
IFBJBKOH_06445,Cytoplasmic Membrane,0.0002,0.0005,0.1950,0.7626,0.0410,0.0008
IFBJBKOH_06446,Cytoplasmic Membrane,0.0000,0.0004,0.0001,0.9920,0.0075,0.0000
IFBJBKOH_06447,Cytoplasmic Membrane,0.0000,0.0000,0.0000,0.9995,0.0005,0.0000
IFBJBKOH_06448,Cytoplasmic,0.0000,0.0006,0.9982,0.0009,0.0001,0.0001
IFBJBKOH_06449,Cytoplasmic,0.0001,0.0001,0.9916,0.0010,0.0070,0.0003
IFBJBKOH_06450,Cytoplasmic Membrane,0.0001,0.0005,0.0002,0.9870,0.0121,0.0001
IFBJBKOH_06451,Cytoplasmic Membrane,0.0054,0.0117,0.0001,0.7158,0.2036,0.0634
IFBJBKOH_06452,Cytoplasmic Membrane,0.0000,0.0000,0.0000,0.9997,0.0003,0.0000
IFBJBKOH_06453,Cytoplasmic Membrane,0.0000,0.0001,0.0616,0.9355,0.0026,0.0002
IFBJBKOH_06454,Cytoplasmic Membrane,0.0226,0.3354,0.0073,0.5834,0.0483,0.0031
IFBJBKOH_06455,Cytoplasmic,0.0010,0.0149,0.7693,0.1852,0.0291,0.0005
IFBJBKOH_06456,Cytoplasmic Membrane,0.0000,0.0001,0.0006,0.9968,0.0025,0.0000
IFBJBKOH_06457,Cytoplasmic,0.0001,0.0001,0.8601,0.0055,0.1295,0.0047
IFBJBKOH_06458,Cytoplasmic,0.0000,0.0004,0.9982,0.0003,0.0008,0.0003
IFBJBKOH_06459,Cytoplasmic,0.0000,0.0000,0.9995,0.0001,0.0002,0.0001
IFBJBKOH_06460,Cytoplasmic Membrane,0.0000,0.0002,0.0000,0.9985,0.0013,0.0000
IFBJBKOH_06461,Cytoplasmic,0.0001,0.0340,0.7435,0.0029,0.2010,0.0186
IFBJBKOH_06462,Cytoplasmic Membrane,0.0000,0.0000,0.0000,1.0000,0.0000,0.0000
IFBJBKOH_06463,Cytoplasmic,0.0000,0.0000,0.9990,0.0008,0.0001,0.0000
IFBJBKOH_06464,Cytoplasmic,0.0000,0.0015,0.9961,0.0011,0.0008,0.0005
IFBJBKOH_06465,Cytoplasmic,0.0000,0.0002,0.9980,0.0007,0.0006,0.0005
IFBJBKOH_06466,Cytoplasmic Membrane,0.0000,0.0043,0.0007,0.9929,0.0021,0.0000
IFBJBKOH_06467,Cytoplasmic,0.0002,0.0003,0.9925,0.0064,0.0001,0.0006
IFBJBKOH_06468,Cytoplasmic,0.0001,0.0007,0.9592,0.0064,0.0247,0.0089
IFBJBKOH_06469,Cytoplasmic,0.0000,0.0003,0.9979,0.0003,0.0014,0.0001
IFBJBKOH_06470,Cytoplasmic Membrane,0.0001,0.0019,0.0003,0.9821,0.0156,0.0000
IFBJBKOH_06471,Cytoplasmic,0.0000,0.0000,0.9890,0.0074,0.0031,0.0004
IFBJBKOH_06472,Cytoplasmic,0.0001,0.0092,0.8185,0.0009,0.1576,0.0137
IFBJBKOH_06473,Cytoplasmic,0.0001,0.0009,0.9989,0.0001,0.0001,0.0000
IFBJBKOH_06474,Cytoplasmic Membrane,0.0001,0.0003,0.0006,0.9918,0.0069,0.0003
IFBJBKOH_06475,Cytoplasmic,0.0001,0.0319,0.9649,0.0014,0.0009,0.0009
IFBJBKOH_06476,Cytoplasmic Membrane,0.0000,0.0000,0.0000,0.9997,0.0003,0.0000
IFBJBKOH_06477,Cytoplasmic,0.0000,0.0062,0.9881,0.0015,0.0019,0.0022
IFBJBKOH_06478,Cytoplasmic,0.0000,0.0000,0.9986,0.0000,0.0012,0.0001
IFBJBKOH_06479,Cytoplasmic,0.0049,0.2143,0.7350,0.0017,0.0385,0.0055
IFBJBKOH_06480,Cytoplasmic,0.0047,0.2100,0.7387,0.0016,0.0393,0.0056
IFBJBKOH_06481,Cytoplasmic,0.0000,0.0005,0.9937,0.0019,0.0028,0.0011
IFBJBKOH_06482,Cytoplasmic,0.0000,0.1137,0.7346,0.0051,0.1450,0.0016
IFBJBKOH_06483,Cytoplasmic,0.0007,0.0627,0.8981,0.0293,0.0088,0.0003
IFBJBKOH_06484,Cytoplasmic,0.0001,0.0592,0.9191,0.0043,0.0032,0.0140
IFBJBKOH_06485,Cytoplasmic Membrane,0.0000,0.0001,0.0002,0.9980,0.0017,0.0000
IFBJBKOH_06486,Cytoplasmic,0.0005,0.1041,0.8571,0.0188,0.0032,0.0163
IFBJBKOH_06487,Cytoplasmic Membrane,0.0128,0.0976,0.0009,0.5994,0.1542,0.1351
IFBJBKOH_06488,Cytoplasmic,0.0006,0.0541,0.9248,0.0159,0.0032,0.0013
IFBJBKOH_06489,Cytoplasmic Membrane,0.0000,0.0000,0.0000,0.9999,0.0001,0.0000
IFBJBKOH_06490,Cytoplasmic Membrane,0.0000,0.0000,0.0000,0.9996,0.0004,0.0000
IFBJBKOH_06491,Cytoplasmic,0.0010,0.0818,0.8864,0.0061,0.0164,0.0084
IFBJBKOH_06492,Cytoplasmic,0.0000,0.0006,0.9982,0.0007,0.0004,0.0001
IFBJBKOH_06493,Cytoplasmic Membrane,0.0000,0.0004,0.0001,0.9990,0.0005,0.0000
IFBJBKOH_06494,Cytoplasmic Membrane,0.0000,0.0000,0.0002,0.9997,0.0001,0.0000
IFBJBKOH_06495,Cytoplasmic,0.0000,0.0004,0.9790,0.0005,0.0198,0.0002
IFBJBKOH_06496,Cytoplasmic,0.0001,0.0060,0.8651,0.0011,0.1249,0.0028
IFBJBKOH_06497,Cytoplasmic,0.0009,0.1735,0.7404,0.0220,0.0631,0.0001
IFBJBKOH_06498,Cytoplasmic Membrane,0.0000,0.0000,0.0000,0.9976,0.0023,0.0000
IFBJBKOH_06499,Cytoplasmic Membrane,0.0008,0.0104,0.0003,0.5583,0.2814,0.1488
IFBJBKOH_06500,Cytoplasmic Membrane,0.0000,0.0000,0.0000,1.0000,0.0000,0.0000
IFBJBKOH_06501,Cytoplasmic Membrane,0.0000,0.0000,0.0000,0.9999,0.0001,0.0000
IFBJBKOH_06502,Cytoplasmic,0.0001,0.1252,0.7272,0.0932,0.0367,0.0176
IFBJBKOH_06503,Cytoplasmic,0.0001,0.0159,0.8459,0.0363,0.0871,0.0146
IFBJBKOH_06504,Cytoplasmic Membrane,0.0001,0.0002,0.1711,0.7973,0.0309,0.0003
IFBJBKOH_06505,Cytoplasmic Membrane,0.0094,0.0269,0.0012,0.9296,0.0320,0.0008
IFBJBKOH_06506,Cytoplasmic Membrane,0.0000,0.0001,0.0000,0.9991,0.0008,0.0000
IFBJBKOH_06507,Cytoplasmic,0.0013,0.2601,0.3466,0.3305,0.0578,0.0038
IFBJBKOH_06508,Cytoplasmic,0.0000,0.0007,0.9268,0.0086,0.0581,0.0057
IFBJBKOH_06509,Cytoplasmic Membrane,0.0000,0.0000,0.0000,0.9998,0.0001,0.0000
IFBJBKOH_06510,Cytoplasmic Membrane,0.0004,0.0068,0.0037,0.9828,0.0062,0.0001
IFBJBKOH_06511,Cytoplasmic,0.0002,0.0015,0.9588,0.0284,0.0110,0.0001
IFBJBKOH_06512,Cytoplasmic,0.0007,0.0041,0.8857,0.0173,0.0842,0.0081
IFBJBKOH_06513,Cytoplasmic,0.0006,0.0496,0.8778,0.0228,0.0337,0.0154
IFBJBKOH_06514,Cytoplasmic,0.0002,0.0223,0.9454,0.0073,0.0053,0.0195
IFBJBKOH_06515,Cytoplasmic,0.0000,0.0000,0.9984,0.0007,0.0004,0.0004
IFBJBKOH_06516,Cytoplasmic,0.0001,0.0029,0.9345,0.0615,0.0010,0.0001
IFBJBKOH_06517,Cytoplasmic,0.0019,0.0021,0.8607,0.0036,0.1285,0.0032
IFBJBKOH_06518,Cytoplasmic,0.0005,0.0028,0.9200,0.0527,0.0239,0.0001
IFBJBKOH_06519,Cytoplasmic,0.0005,0.0006,0.7514,0.0268,0.2185,0.0022
IFBJBKOH_06520,Cytoplasmic,0.0000,0.0000,0.9309,0.0000,0.0690,0.0001
IFBJBKOH_06521,Cytoplasmic Membrane,0.0006,0.0270,0.0009,0.9536,0.0179,0.0000
IFBJBKOH_06522,Cytoplasmic,0.0003,0.0178,0.9632,0.0103,0.0084,0.0000
IFBJBKOH_06523,Cytoplasmic Membrane,0.0009,0.1735,0.0004,0.8205,0.0047,0.0000
IFBJBKOH_06524,Cytoplasmic,0.0002,0.0013,0.9858,0.0013,0.0114,0.0001
IFBJBKOH_06525,Extracellular,0.0004,0.7463,0.2213,0.0167,0.0153,0.0000
IFBJBKOH_06526,Cytoplasmic,0.0006,0.0028,0.9447,0.0100,0.0364,0.0055
IFBJBKOH_06527,Cytoplasmic,0.0042,0.0249,0.8845,0.0728,0.0131,0.0004
IFBJBKOH_06528,Cytoplasmic,0.0022,0.0007,0.9710,0.0008,0.0253,0.0000
IFBJBKOH_06529,Cytoplasmic,0.0001,0.4105,0.5432,0.0231,0.0215,0.0016
IFBJBKOH_06530,Cytoplasmic,0.0007,0.3146,0.5976,0.0393,0.0466,0.0011
IFBJBKOH_06531,Cytoplasmic,0.0003,0.2309,0.5446,0.2119,0.0118,0.0005
IFBJBKOH_06532,Cytoplasmic,0.0003,0.3034,0.5777,0.1154,0.0031,0.0001
IFBJBKOH_06533,Cytoplasmic,0.0003,0.0365,0.9230,0.0215,0.0177,0.0010
IFBJBKOH_06534,Extracellular,0.0004,0.4875,0.1688,0.3221,0.0187,0.0025
IFBJBKOH_06535,Cytoplasmic,0.0021,0.0091,0.9781,0.0017,0.0050,0.0040
IFBJBKOH_06536,Cytoplasmic,0.0004,0.0871,0.8157,0.0635,0.0330,0.0001
IFBJBKOH_06537,Cytoplasmic,0.0000,0.0116,0.9298,0.0481,0.0103,0.0001
IFBJBKOH_06538,Cytoplasmic,0.0004,0.2358,0.5751,0.0862,0.0982,0.0043
IFBJBKOH_06539,Cytoplasmic,0.0001,0.2239,0.6453,0.0489,0.0808,0.0010
IFBJBKOH_06540,Cytoplasmic,0.0016,0.2512,0.7027,0.0106,0.0224,0.0114
IFBJBKOH_06541,Cytoplasmic,0.0001,0.3983,0.5069,0.0018,0.0921,0.0007
IFBJBKOH_06542,Cytoplasmic,0.0001,0.0043,0.9681,0.0180,0.0082,0.0012
IFBJBKOH_06543,Cytoplasmic,0.0009,0.0484,0.8636,0.0439,0.0421,0.0011
IFBJBKOH_06544,Cytoplasmic,0.0002,0.2797,0.4298,0.0509,0.0692,0.1703
IFBJBKOH_06545,Cytoplasmic,0.0018,0.1136,0.7368,0.0138,0.1316,0.0025
IFBJBKOH_06546,Cytoplasmic,0.0003,0.0160,0.8054,0.0456,0.1172,0.0155
IFBJBKOH_06547,Cytoplasmic,0.0003,0.2751,0.5746,0.0657,0.0825,0.0017
IFBJBKOH_06548,Extracellular,0.0008,0.4498,0.2103,0.2335,0.1044,0.0010
IFBJBKOH_06549,Cytoplasmic,0.0078,0.0003,0.5943,0.0002,0.3974,0.0001
IFBJBKOH_06550,Cytoplasmic,0.0002,0.0124,0.9523,0.0006,0.0301,0.0045
IFBJBKOH_06551,Cytoplasmic,0.0002,0.0025,0.9574,0.0259,0.0107,0.0032
IFBJBKOH_06552,Cytoplasmic,0.0021,0.0122,0.9570,0.0039,0.0231,0.0017
IFBJBKOH_06553,Cytoplasmic,0.0001,0.0418,0.9382,0.0169,0.0029,0.0001
IFBJBKOH_06554,Cytoplasmic,0.0004,0.2765,0.7127,0.0009,0.0051,0.0044
IFBJBKOH_06555,Cytoplasmic Membrane,0.0000,0.0000,0.0000,0.9984,0.0015,0.0000
IFBJBKOH_06556,Cytoplasmic,0.0001,0.0004,0.9845,0.0019,0.0057,0.0074
IFBJBKOH_06557,Cytoplasmic,0.0001,0.0011,0.9521,0.0007,0.0385,0.0075
IFBJBKOH_06558,Cytoplasmic,0.0000,0.0095,0.9877,0.0007,0.0009,0.0011
IFBJBKOH_06559,Cytoplasmic,0.0002,0.0135,0.9474,0.0033,0.0213,0.0144
IFBJBKOH_06560,Cytoplasmic,0.0000,0.0002,0.9678,0.0056,0.0260,0.0004
IFBJBKOH_06561,Cytoplasmic,0.0001,0.0489,0.9435,0.0031,0.0044,0.0001
IFBJBKOH_06562,Extracellular,0.0006,0.9462,0.0363,0.0001,0.0158,0.0011
IFBJBKOH_06563,Cytoplasmic,0.0004,0.0988,0.8003,0.0557,0.0411,0.0038
IFBJBKOH_06564,Cytoplasmic,0.0003,0.0042,0.9816,0.0041,0.0096,0.0002
IFBJBKOH_06565,Cytoplasmic,0.0048,0.2220,0.7274,0.0016,0.0384,0.0057
IFBJBKOH_06566,Cytoplasmic,0.0079,0.3854,0.5116,0.0174,0.0712,0.0065
IFBJBKOH_06567,Cytoplasmic Membrane,0.0002,0.1979,0.1563,0.6103,0.0286,0.0066
IFBJBKOH_06568,Cytoplasmic,0.0006,0.3697,0.6169,0.0011,0.0109,0.0007
IFBJBKOH_06569,Cytoplasmic,0.0000,0.0002,0.9975,0.0003,0.0017,0.0001
IFBJBKOH_06570,Cytoplasmic,0.0003,0.0902,0.7567,0.1510,0.0016,0.0002
IFBJBKOH_06571,Cytoplasmic,0.0008,0.0001,0.9974,0.0002,0.0011,0.0003
IFBJBKOH_06572,Cytoplasmic,0.0444,0.0497,0.8460,0.0035,0.0071,0.0494
IFBJBKOH_06573,Cytoplasmic,0.0011,0.2355,0.6663,0.0582,0.0347,0.0042
IFBJBKOH_06574,Cytoplasmic,0.0004,0.0252,0.8705,0.0956,0.0074,0.0009
IFBJBKOH_06575,Cytoplasmic,0.0011,0.0041,0.9782,0.0004,0.0161,0.0001
IFBJBKOH_06576,Cytoplasmic,0.0009,0.0097,0.9548,0.0022,0.0318,0.0006
IFBJBKOH_06577,Cytoplasmic,0.0005,0.0038,0.8895,0.0963,0.0097,0.0002
IFBJBKOH_06578,Cytoplasmic,0.0000,0.1840,0.4908,0.2149,0.1012,0.0090
IFBJBKOH_06579,Cytoplasmic,0.0001,0.1486,0.8367,0.0047,0.0076,0.0023
IFBJBKOH_06580,Cytoplasmic Membrane,0.0002,0.0012,0.0004,0.9780,0.0202,0.0001
IFBJBKOH_06581,Cytoplasmic Membrane,0.0079,0.1104,0.0025,0.4592,0.2093,0.2107
IFBJBKOH_06582,Cytoplasmic Membrane,0.0004,0.0232,0.3343,0.6008,0.0263,0.0149
IFBJBKOH_06583,Cytoplasmic,0.0002,0.2165,0.7005,0.0034,0.0713,0.0081
IFBJBKOH_06584,Extracellular,0.0001,0.5316,0.4179,0.0353,0.0137,0.0014
IFBJBKOH_06585,Cytoplasmic,0.0003,0.1990,0.4581,0.2909,0.0270,0.0247
IFBJBKOH_06586,Cytoplasmic,0.0005,0.0020,0.9790,0.0173,0.0007,0.0004
IFBJBKOH_06587,Cytoplasmic,0.0000,0.0080,0.8546,0.1259,0.0091,0.0024
IFBJBKOH_06588,Cytoplasmic,0.0000,0.0005,0.9972,0.0001,0.0022,0.0000
IFBJBKOH_06589,Cytoplasmic Membrane,0.0000,0.0004,0.0001,0.9961,0.0035,0.0000
IFBJBKOH_06590,Cytoplasmic,0.0000,0.0356,0.9470,0.0007,0.0031,0.0136
IFBJBKOH_06591,Cytoplasmic,0.0001,0.0021,0.9560,0.0232,0.0184,0.0002
IFBJBKOH_06592,Cytoplasmic,0.0001,0.0006,0.8974,0.0144,0.0865,0.0011
IFBJBKOH_06593,Cytoplasmic,0.0000,0.0000,0.9965,0.0002,0.0032,0.0000
IFBJBKOH_06594,Cytoplasmic,0.0000,0.0005,0.9796,0.0113,0.0083,0.0002
IFBJBKOH_06595,Cytoplasmic Membrane,0.0000,0.0001,0.0004,0.9953,0.0043,0.0000
IFBJBKOH_06596,Cytoplasmic,0.0000,0.0009,0.9918,0.0001,0.0044,0.0028
IFBJBKOH_06597,Cytoplasmic Membrane,0.0000,0.0000,0.0000,0.9996,0.0003,0.0000
IFBJBKOH_06598,Cytoplasmic,0.0000,0.0002,0.9924,0.0008,0.0064,0.0001
IFBJBKOH_06599,Cytoplasmic,0.0003,0.0011,0.9259,0.0131,0.0585,0.0011
IFBJBKOH_06600,Cytoplasmic Membrane,0.0085,0.0401,0.0004,0.6724,0.2439,0.0346
IFBJBKOH_06601,Cytoplasmic Membrane,0.0000,0.0000,0.0767,0.9191,0.0039,0.0003
IFBJBKOH_06602,Cytoplasmic Membrane,0.0000,0.0000,0.0000,0.9999,0.0001,0.0000
IFBJBKOH_06603,Cytoplasmic Membrane,0.0000,0.0000,0.0000,0.9999,0.0001,0.0000
IFBJBKOH_06604,Cytoplasmic Membrane,0.0000,0.0001,0.0001,0.9975,0.0023,0.0000
IFBJBKOH_06605,Cytoplasmic,0.0006,0.0007,0.9906,0.0015,0.0065,0.0000
IFBJBKOH_06606,Cytoplasmic Membrane,0.0000,0.0001,0.0000,0.9996,0.0003,0.0000
IFBJBKOH_06607,Cytoplasmic,0.0002,0.0009,0.9494,0.0038,0.0367,0.0091
IFBJBKOH_06608,Cytoplasmic Membrane,0.0000,0.0000,0.0000,0.9998,0.0002,0.0000
IFBJBKOH_06609,Cytoplasmic Membrane,0.0000,0.0000,0.0001,0.9988,0.0011,0.0000
IFBJBKOH_06610,Cytoplasmic,0.0006,0.0003,0.9903,0.0003,0.0076,0.0010
IFBJBKOH_06611,Cytoplasmic Membrane,0.0000,0.0000,0.0015,0.9982,0.0003,0.0000
IFBJBKOH_06612,Cytoplasmic Membrane,0.0004,0.0411,0.0258,0.9203,0.0110,0.0015
IFBJBKOH_06613,Cytoplasmic,0.0000,0.0000,0.9768,0.0000,0.0201,0.0030
IFBJBKOH_06617,Cytoplasmic,0.0026,0.0328,0.8343,0.0781,0.0507,0.0015
IFBJBKOH_06618,Cytoplasmic,0.0001,0.0008,0.9852,0.0083,0.0055,0.0001
IFBJBKOH_06619,Extracellular,0.0057,0.8808,0.0005,0.0605,0.0525,0.0000
IFBJBKOH_06620,Cytoplasmic,0.0002,0.0633,0.8670,0.0307,0.0368,0.0021
IFBJBKOH_06621,Cytoplasmic,0.0007,0.0622,0.8127,0.1205,0.0037,0.0002
IFBJBKOH_06622,Cytoplasmic,0.0006,0.0961,0.8721,0.0133,0.0177,0.0002
IFBJBKOH_06623,Cytoplasmic,0.0016,0.0220,0.9172,0.0046,0.0545,0.0001
IFBJBKOH_06624,Cytoplasmic,0.0004,0.3200,0.6695,0.0025,0.0074,0.0001
IFBJBKOH_06625,Cytoplasmic,0.0000,0.0004,0.9978,0.0012,0.0005,0.0001
IFBJBKOH_06626,Cytoplasmic,0.0002,0.0110,0.9607,0.0246,0.0028,0.0007
IFBJBKOH_06627,Cytoplasmic,0.0041,0.0153,0.7652,0.0530,0.1580,0.0045
IFBJBKOH_06628,Cytoplasmic,0.0001,0.0331,0.7861,0.1691,0.0098,0.0017
IFBJBKOH_06629,Cytoplasmic,0.0065,0.1909,0.5432,0.2072,0.0503,0.0019
IFBJBKOH_06630,Cytoplasmic,0.0003,0.2468,0.7168,0.0242,0.0112,0.0007
IFBJBKOH_06631,Cytoplasmic,0.0004,0.1522,0.7144,0.1062,0.0228,0.0040
IFBJBKOH_06632,Cytoplasmic,0.0004,0.0017,0.9590,0.0362,0.0025,0.0003
IFBJBKOH_06633,Cytoplasmic,0.0002,0.2656,0.6873,0.0391,0.0065,0.0013
IFBJBKOH_06634,Cytoplasmic,0.0002,0.0356,0.6228,0.0165,0.0082,0.3167
IFBJBKOH_06635,Cytoplasmic,0.0001,0.0985,0.8850,0.0067,0.0093,0.0005
IFBJBKOH_06636,Cytoplasmic Membrane,0.0000,0.0000,0.0000,0.9997,0.0003,0.0000
IFBJBKOH_06637,Cytoplasmic,0.0028,0.2372,0.5723,0.0294,0.1523,0.0060
IFBJBKOH_06638,Outer Membrane,0.0033,0.0027,0.0010,0.4620,0.4984,0.0325
IFBJBKOH_06639,Cytoplasmic Membrane,0.0000,0.0000,0.0000,0.9999,0.0001,0.0000
IFBJBKOH_06640,Cytoplasmic Membrane,0.0001,0.0003,0.1564,0.8074,0.0351,0.0007
IFBJBKOH_06641,Cytoplasmic,0.0202,0.2778,0.5258,0.0789,0.0967,0.0006
IFBJBKOH_06643,Cytoplasmic,0.0003,0.0047,0.9167,0.0022,0.0749,0.0012
IFBJBKOH_06644,Cytoplasmic,0.0021,0.0027,0.8703,0.0060,0.1181,0.0009
IFBJBKOH_06645,Cytoplasmic,0.0000,0.0007,0.9733,0.0030,0.0062,0.0169
IFBJBKOH_06646,Cytoplasmic,0.0001,0.0007,0.9777,0.0014,0.0178,0.0023
IFBJBKOH_06647,Cytoplasmic,0.0000,0.0060,0.9689,0.0001,0.0037,0.0213
IFBJBKOH_06648,Cytoplasmic,0.0023,0.3822,0.6045,0.0038,0.0065,0.0007
IFBJBKOH_06649,Cytoplasmic,0.0059,0.0899,0.7039,0.0186,0.1614,0.0202
IFBJBKOH_06650,Cytoplasmic,0.0000,0.0000,0.9901,0.0002,0.0096,0.0002
IFBJBKOH_06651,Cytoplasmic,0.0000,0.0008,0.9861,0.0027,0.0101,0.0003
IFBJBKOH_06652,Cytoplasmic Membrane,0.0041,0.3236,0.0001,0.6064,0.0651,0.0007
IFBJBKOH_06653,Cytoplasmic,0.0003,0.0025,0.9536,0.0024,0.0410,0.0001
IFBJBKOH_06654,Cytoplasmic,0.0021,0.1600,0.7422,0.0013,0.0896,0.0048
IFBJBKOH_06655,Cytoplasmic,0.0008,0.1164,0.8177,0.0211,0.0388,0.0052
IFBJBKOH_06656,Cytoplasmic,0.0001,0.0070,0.9879,0.0001,0.0048,0.0002
IFBJBKOH_06657,Cytoplasmic,0.0012,0.0361,0.6695,0.2651,0.0149,0.0132
IFBJBKOH_06658,Cytoplasmic,0.0000,0.0001,0.9975,0.0006,0.0017,0.0002
IFBJBKOH_06659,Cytoplasmic,0.0000,0.0191,0.9730,0.0022,0.0053,0.0003
IFBJBKOH_06660,Cytoplasmic,0.0000,0.0009,0.9805,0.0026,0.0057,0.0103
IFBJBKOH_06661,Cytoplasmic,0.0001,0.0192,0.9264,0.0013,0.0506,0.0024
IFBJBKOH_06662,Cytoplasmic Membrane,0.0031,0.0631,0.0009,0.4067,0.2407,0.2856
IFBJBKOH_06663,Cytoplasmic Membrane,0.0000,0.0000,0.0412,0.9383,0.0197,0.0007
IFBJBKOH_06664,Cytoplasmic Membrane,0.0000,0.0000,0.0000,0.9995,0.0005,0.0000
IFBJBKOH_06665,Cytoplasmic,0.0000,0.0096,0.9757,0.0011,0.0115,0.0021
IFBJBKOH_06667,Extracellular,0.0036,0.9813,0.0006,0.0048,0.0093,0.0004
IFBJBKOH_06668,Cytoplasmic,0.0000,0.0580,0.9191,0.0185,0.0043,0.0001
IFBJBKOH_06669,Cytoplasmic,0.0004,0.0102,0.9785,0.0073,0.0024,0.0013
IFBJBKOH_06670,Cytoplasmic Membrane,0.0000,0.0002,0.0000,0.9989,0.0008,0.0000
IFBJBKOH_06671,Cytoplasmic,0.0008,0.0018,0.9855,0.0071,0.0043,0.0005
IFBJBKOH_06672,Cytoplasmic,0.0000,0.0004,0.9985,0.0002,0.0008,0.0001
IFBJBKOH_06673,Cytoplasmic,0.0000,0.0019,0.9920,0.0003,0.0055,0.0002
IFBJBKOH_06674,Cytoplasmic,0.0001,0.0008,0.9783,0.0009,0.0198,0.0001
IFBJBKOH_06675,Cytoplasmic,0.0016,0.0045,0.9148,0.0131,0.0656,0.0004
IFBJBKOH_06676,Cytoplasmic,0.0000,0.0012,0.9948,0.0015,0.0022,0.0003
IFBJBKOH_06677,Cytoplasmic,0.0000,0.0072,0.9898,0.0007,0.0011,0.0011
IFBJBKOH_06678,Cytoplasmic,0.0001,0.0013,0.9944,0.0026,0.0010,0.0005
IFBJBKOH_06679,Cytoplasmic,0.0001,0.0315,0.9672,0.0007,0.0002,0.0003
IFBJBKOH_06680,Cytoplasmic Membrane,0.0085,0.0277,0.0053,0.9090,0.0434,0.0061
IFBJBKOH_06681,Cytoplasmic,0.0003,0.0039,0.9385,0.0310,0.0234,0.0030
IFBJBKOH_06682,Cytoplasmic,0.0001,0.0007,0.9351,0.0030,0.0483,0.0128
IFBJBKOH_06683,Cytoplasmic,0.0003,0.0024,0.8536,0.0141,0.0128,0.1169
IFBJBKOH_06684,Cytoplasmic,0.0005,0.0041,0.8705,0.0577,0.0620,0.0052
IFBJBKOH_06685,Cytoplasmic,0.0004,0.0058,0.9478,0.0016,0.0394,0.0052
IFBJBKOH_06686,Cytoplasmic Membrane,0.0000,0.0002,0.0003,0.9948,0.0043,0.0005
IFBJBKOH_06687,Cytoplasmic,0.0017,0.0238,0.8941,0.0024,0.0196,0.0583
IFBJBKOH_06688,Cytoplasmic,0.0028,0.4495,0.4899,0.0002,0.0187,0.0390
IFBJBKOH_06689,Cytoplasmic,0.0001,0.0457,0.9380,0.0002,0.0018,0.0142
IFBJBKOH_06690,Cytoplasmic,0.0019,0.0548,0.8837,0.0367,0.0221,0.0008
IFBJBKOH_06691,Cytoplasmic,0.0001,0.0027,0.6708,0.2518,0.0060,0.0686
IFBJBKOH_06692,Cytoplasmic,0.0037,0.0115,0.8629,0.0917,0.0298,0.0004
IFBJBKOH_06693,Cytoplasmic,0.0001,0.0021,0.9768,0.0118,0.0090,0.0001
IFBJBKOH_06694,Cytoplasmic,0.0000,0.0004,0.9846,0.0003,0.0039,0.0109
IFBJBKOH_06695,Cytoplasmic,0.0001,0.0113,0.7367,0.0021,0.2228,0.0269
IFBJBKOH_06696,Cytoplasmic,0.0001,0.0010,0.9625,0.0020,0.0031,0.0313
IFBJBKOH_06697,Cytoplasmic,0.0054,0.0068,0.8347,0.0369,0.1105,0.0057
IFBJBKOH_06698,Cytoplasmic,0.0142,0.3481,0.5699,0.0297,0.0377,0.0004
IFBJBKOH_06699,Cytoplasmic,0.0007,0.0238,0.9645,0.0048,0.0051,0.0011
IFBJBKOH_06700,Cytoplasmic,0.0002,0.0080,0.9635,0.0099,0.0176,0.0008
IFBJBKOH_06701,Cytoplasmic,0.0006,0.0060,0.9803,0.0093,0.0010,0.0028
IFBJBKOH_06702,Cytoplasmic,0.0001,0.0114,0.9753,0.0018,0.0114,0.0001
IFBJBKOH_06703,Cytoplasmic,0.0001,0.0006,0.9524,0.0046,0.0414,0.0009
IFBJBKOH_06704,Cytoplasmic,0.0002,0.0005,0.9718,0.0035,0.0233,0.0007
IFBJBKOH_06705,Cytoplasmic,0.0024,0.0417,0.9207,0.0202,0.0127,0.0022
IFBJBKOH_06706,Cytoplasmic,0.0000,0.0004,0.9105,0.0005,0.0884,0.0002
IFBJBKOH_06707,Cytoplasmic,0.0001,0.0005,0.9790,0.0040,0.0164,0.0001
IFBJBKOH_06708,Cytoplasmic,0.0001,0.0003,0.9023,0.0040,0.0926,0.0007
IFBJBKOH_06709,Cytoplasmic,0.0003,0.0056,0.9776,0.0057,0.0101,0.0005
IFBJBKOH_06710,Cytoplasmic,0.0002,0.0087,0.8569,0.1214,0.0127,0.0001
IFBJBKOH_06711,Cytoplasmic,0.0001,0.0026,0.9432,0.0291,0.0249,0.0000
IFBJBKOH_06712,Cytoplasmic,0.0000,0.0000,0.9993,0.0004,0.0001,0.0001
IFBJBKOH_06713,Outer Membrane,0.0000,0.0001,0.1524,0.0000,0.8381,0.0094
IFBJBKOH_06714,Cytoplasmic,0.0001,0.0005,0.9653,0.0030,0.0310,0.0002
IFBJBKOH_06715,Cytoplasmic,0.0001,0.2541,0.5599,0.1613,0.0240,0.0005
IFBJBKOH_06716,Cytoplasmic,0.0002,0.3943,0.5166,0.0450,0.0363,0.0076
IFBJBKOH_06717,Extracellular,0.0009,0.5371,0.4528,0.0051,0.0040,0.0001
IFBJBKOH_06724,Extracellular,0.0000,0.4520,0.4075,0.0043,0.1359,0.0002
IFBJBKOH_06727,Cytoplasmic,0.0003,0.1136,0.7973,0.0479,0.0318,0.0090
IFBJBKOH_06728,Extracellular,0.0007,0.5486,0.1998,0.0288,0.0713,0.1508
IFBJBKOH_06729,Cytoplasmic,0.0002,0.1449,0.7012,0.1348,0.0183,0.0006
IFBJBKOH_06730,Cytoplasmic,0.0007,0.0043,0.9018,0.0341,0.0555,0.0035
IFBJBKOH_06731,Cytoplasmic,0.0001,0.0093,0.9650,0.0047,0.0206,0.0003
IFBJBKOH_06732,Cytoplasmic,0.0010,0.0013,0.9928,0.0006,0.0041,0.0002
IFBJBKOH_06733,Extracellular,0.0004,0.4931,0.3504,0.0031,0.1527,0.0002
IFBJBKOH_06734,Cytoplasmic,0.0002,0.0315,0.8732,0.0118,0.0658,0.0175
IFBJBKOH_06735,Cytoplasmic Membrane,0.0000,0.0101,0.0001,0.9831,0.0067,0.0001
IFBJBKOH_06736,Cytoplasmic,0.0001,0.0005,0.8832,0.0771,0.0386,0.0005
IFBJBKOH_06737,Cytoplasmic,0.0002,0.0628,0.6310,0.0846,0.2202,0.0012
IFBJBKOH_06738,Cytoplasmic,0.0002,0.0036,0.9297,0.0012,0.0651,0.0002
IFBJBKOH_06739,Cytoplasmic,0.0003,0.1000,0.5891,0.0133,0.2969,0.0004
IFBJBKOH_06740,Cytoplasmic,0.0010,0.3327,0.6168,0.0067,0.0427,0.0001
IFBJBKOH_06741,Cytoplasmic,0.0002,0.0049,0.8863,0.0722,0.0362,0.0002
IFBJBKOH_06742,Cytoplasmic,0.0013,0.0463,0.8595,0.0635,0.0264,0.0029
IFBJBKOH_06743,Cytoplasmic,0.0000,0.0017,0.9626,0.0119,0.0236,0.0001
IFBJBKOH_06744,Cytoplasmic,0.0014,0.0365,0.9054,0.0108,0.0417,0.0044
IFBJBKOH_06745,Cytoplasmic,0.0001,0.0047,0.9675,0.0249,0.0027,0.0002
IFBJBKOH_06746,Cytoplasmic,0.0000,0.0001,0.9543,0.0295,0.0156,0.0005
IFBJBKOH_06747,Cytoplasmic,0.0002,0.2997,0.4838,0.2081,0.0080,0.0004
IFBJBKOH_06748,Cytoplasmic,0.0030,0.1658,0.5648,0.2201,0.0419,0.0044
IFBJBKOH_06749,Extracellular,0.0185,0.6595,0.0222,0.2130,0.0525,0.0342
IFBJBKOH_06750,Cytoplasmic,0.0001,0.0050,0.9094,0.0232,0.0604,0.0018
IFBJBKOH_06751,Cytoplasmic,0.0000,0.0007,0.9917,0.0069,0.0006,0.0001
IFBJBKOH_06752,Cytoplasmic,0.0000,0.0005,0.9720,0.0243,0.0029,0.0001
IFBJBKOH_06753,Cytoplasmic,0.0114,0.1992,0.6400,0.0931,0.0407,0.0156
IFBJBKOH_06754,Cytoplasmic,0.0021,0.0241,0.9200,0.0455,0.0069,0.0014
IFBJBKOH_06755,Cytoplasmic,0.0034,0.0713,0.8498,0.0572,0.0156,0.0027
IFBJBKOH_06756,Cytoplasmic,0.0018,0.0257,0.8868,0.0795,0.0055,0.0007
IFBJBKOH_06757,Cytoplasmic,0.0000,0.0048,0.9805,0.0106,0.0039,0.0002
IFBJBKOH_06758,Cytoplasmic,0.0013,0.0461,0.8303,0.0584,0.0446,0.0193
IFBJBKOH_06759,Cytoplasmic,0.0000,0.0052,0.9806,0.0100,0.0040,0.0002
IFBJBKOH_06760,Cytoplasmic,0.0013,0.0461,0.8303,0.0584,0.0446,0.0193
IFBJBKOH_06761,Cytoplasmic,0.0001,0.0027,0.9191,0.0607,0.0167,0.0007
IFBJBKOH_06762,Cytoplasmic,0.0003,0.0092,0.9674,0.0113,0.0114,0.0004
IFBJBKOH_06763,Cytoplasmic,0.0006,0.1338,0.6200,0.1249,0.1186,0.0020
IFBJBKOH_06764,Cytoplasmic Membrane,0.0000,0.0000,0.0000,0.9967,0.0032,0.0000
IFBJBKOH_06765,Cytoplasmic,0.0003,0.0012,0.5750,0.4208,0.0024,0.0003
IFBJBKOH_06766,Cytoplasmic,0.0002,0.0083,0.9117,0.0633,0.0164,0.0001
IFBJBKOH_06767,Cytoplasmic,0.0000,0.0008,0.9143,0.0721,0.0127,0.0000
IFBJBKOH_06768,Cytoplasmic,0.0010,0.0753,0.8133,0.0965,0.0075,0.0064
IFBJBKOH_06769,Cytoplasmic,0.0000,0.0001,0.9961,0.0006,0.0029,0.0002
IFBJBKOH_06770,Cytoplasmic,0.0011,0.2650,0.6187,0.0509,0.0621,0.0022
IFBJBKOH_06771,Cytoplasmic,0.0001,0.0634,0.8989,0.0342,0.0032,0.0002
IFBJBKOH_06772,Cytoplasmic,0.0000,0.0008,0.9255,0.0429,0.0226,0.0082
IFBJBKOH_06773,Cytoplasmic Membrane,0.0000,0.0033,0.0005,0.9912,0.0049,0.0001
IFBJBKOH_06774,Outer Membrane,0.0045,0.3036,0.0499,0.0354,0.4253,0.1813
IFBJBKOH_06775,Cytoplasmic Membrane,0.0007,0.1251,0.3826,0.4894,0.0021,0.0000
IFBJBKOH_06776,Extracellular,0.0012,0.4844,0.1646,0.3140,0.0173,0.0185
IFBJBKOH_06777,Cytoplasmic,0.0008,0.2440,0.5980,0.0056,0.1508,0.0009
IFBJBKOH_06778,Cytoplasmic,0.0013,0.0018,0.9914,0.0006,0.0048,0.0002
IFBJBKOH_06779,Cytoplasmic,0.0008,0.4680,0.4926,0.0324,0.0035,0.0027
IFBJBKOH_06780,Extracellular,0.0002,0.6175,0.3245,0.0132,0.0411,0.0036
IFBJBKOH_06781,Cytoplasmic,0.0008,0.0288,0.6301,0.3188,0.0208,0.0006
IFBJBKOH_06782,Cytoplasmic,0.0016,0.0020,0.9429,0.0529,0.0005,0.0001
IFBJBKOH_06783,Cytoplasmic Membrane,0.0000,0.0003,0.0007,0.9933,0.0055,0.0001
IFBJBKOH_06784,Extracellular,0.0098,0.5226,0.1216,0.1267,0.0856,0.1337
IFBJBKOH_06785,Cytoplasmic,0.0001,0.0751,0.8991,0.0018,0.0147,0.0093
IFBJBKOH_06786,Cytoplasmic,0.0001,0.0088,0.9374,0.0501,0.0020,0.0016
IFBJBKOH_06787,Cytoplasmic,0.0047,0.0271,0.5402,0.3011,0.1117,0.0152
IFBJBKOH_06788,Cytoplasmic,0.0002,0.0037,0.9894,0.0014,0.0044,0.0009
IFBJBKOH_06789,Cytoplasmic,0.0002,0.0010,0.9917,0.0002,0.0067,0.0002
IFBJBKOH_06790,Cytoplasmic,0.0002,0.0005,0.9928,0.0037,0.0022,0.0006
IFBJBKOH_06791,Cytoplasmic,0.0002,0.0002,0.5702,0.3499,0.0776,0.0019
IFBJBKOH_06792,Cytoplasmic,0.0005,0.0012,0.9337,0.0260,0.0381,0.0005
IFBJBKOH_06793,Cytoplasmic Membrane,0.0001,0.1224,0.0187,0.8505,0.0079,0.0004
IFBJBKOH_06794,Cytoplasmic Membrane,0.0000,0.0000,0.0000,0.9997,0.0002,0.0000
IFBJBKOH_06795,Cytoplasmic Membrane,0.0069,0.0112,0.0018,0.8772,0.0831,0.0198
IFBJBKOH_06796,Cytoplasmic,0.0001,0.0043,0.9435,0.0423,0.0080,0.0018
IFBJBKOH_06797,Cytoplasmic Membrane,0.0000,0.0000,0.0001,0.9988,0.0011,0.0000
IFBJBKOH_06798,Cytoplasmic Membrane,0.0000,0.0000,0.0000,0.9999,0.0001,0.0000
IFBJBKOH_06799,Cytoplasmic,0.0000,0.0003,0.9913,0.0062,0.0020,0.0001
IFBJBKOH_06800,Cytoplasmic,0.0142,0.3481,0.5699,0.0297,0.0377,0.0004
IFBJBKOH_06801,Cytoplasmic,0.0003,0.0018,0.9031,0.0189,0.0664,0.0095
IFBJBKOH_06802,Cytoplasmic,0.0000,0.0004,0.9668,0.0033,0.0277,0.0018
IFBJBKOH_06803,Cytoplasmic,0.0000,0.0008,0.9978,0.0009,0.0005,0.0000
IFBJBKOH_06804,Cytoplasmic,0.0000,0.0001,0.9152,0.0648,0.0088,0.0111
IFBJBKOH_06805,Cytoplasmic Membrane,0.0000,0.0000,0.0000,0.9994,0.0006,0.0000
IFBJBKOH_06806,Cytoplasmic Membrane,0.0000,0.0000,0.0000,0.9998,0.0002,0.0000
IFBJBKOH_06807,Outer Membrane,0.0003,0.0081,0.0077,0.2838,0.4541,0.2460
IFBJBKOH_06808,Cytoplasmic,0.0000,0.0114,0.9834,0.0022,0.0030,0.0001
IFBJBKOH_06809,Cytoplasmic,0.0000,0.0004,0.9498,0.0129,0.0333,0.0036
IFBJBKOH_06810,Cytoplasmic,0.0000,0.0002,0.8909,0.0796,0.0222,0.0072
IFBJBKOH_06811,Cytoplasmic Membrane,0.0000,0.0000,0.0000,0.9998,0.0002,0.0000
IFBJBKOH_06812,Cytoplasmic Membrane,0.0018,0.1526,0.0014,0.7999,0.0433,0.0010
IFBJBKOH_06813,Cytoplasmic,0.0000,0.0011,0.9964,0.0009,0.0014,0.0001
IFBJBKOH_06814,Cytoplasmic,0.0000,0.0004,0.9993,0.0000,0.0001,0.0001
IFBJBKOH_06815,Cytoplasmic,0.0000,0.0001,0.9993,0.0004,0.0001,0.0001
IFBJBKOH_06816,Cytoplasmic Membrane,0.0000,0.0004,0.0000,0.9962,0.0034,0.0000
IFBJBKOH_06817,Extracellular,0.0020,0.5422,0.3670,0.0266,0.0377,0.0245
IFBJBKOH_06818,Cytoplasmic,0.0000,0.0132,0.9397,0.0187,0.0105,0.0179
IFBJBKOH_06819,Cytoplasmic,0.0000,0.1167,0.8811,0.0002,0.0008,0.0011
IFBJBKOH_06820,Cytoplasmic,0.0002,0.2771,0.6437,0.0641,0.0107,0.0043
IFBJBKOH_06821,Cytoplasmic,0.0001,0.1961,0.5329,0.0805,0.1894,0.0010
IFBJBKOH_06822,Cytoplasmic,0.0013,0.0166,0.7519,0.1794,0.0497,0.0011
IFBJBKOH_06823,Cytoplasmic,0.0000,0.0001,0.9900,0.0090,0.0008,0.0000
IFBJBKOH_06824,Cytoplasmic,0.0003,0.0617,0.9069,0.0119,0.0189,0.0003
IFBJBKOH_06825,Cytoplasmic,0.0011,0.1474,0.5855,0.2587,0.0066,0.0007
IFBJBKOH_06826,Cytoplasmic,0.0005,0.0632,0.4823,0.0144,0.4349,0.0047
IFBJBKOH_06827,Cytoplasmic Membrane,0.0000,0.0315,0.0008,0.9643,0.0032,0.0001
IFBJBKOH_06828,Cytoplasmic,0.0001,0.0027,0.9522,0.0027,0.0381,0.0043
IFBJBKOH_06829,Cytoplasmic,0.0002,0.0003,0.8023,0.1454,0.0448,0.0070
IFBJBKOH_06830,Cytoplasmic,0.0000,0.0000,0.9305,0.0001,0.0685,0.0008
IFBJBKOH_06831,Cytoplasmic,0.0011,0.0010,0.9565,0.0021,0.0392,0.0002
IFBJBKOH_06832,Cytoplasmic,0.0000,0.0000,0.9996,0.0001,0.0002,0.0000
IFBJBKOH_06833,Cytoplasmic Membrane,0.0000,0.0014,0.0003,0.9978,0.0005,0.0000
IFBJBKOH_06834,Cytoplasmic,0.0001,0.0001,0.9903,0.0066,0.0029,0.0001
IFBJBKOH_06835,Cytoplasmic,0.0000,0.0001,0.9997,0.0001,0.0001,0.0000
IFBJBKOH_06836,Cytoplasmic,0.0002,0.0030,0.9312,0.0014,0.0634,0.0008
IFBJBKOH_06837,Cytoplasmic Membrane,0.0000,0.0000,0.0001,0.9988,0.0012,0.0000
IFBJBKOH_06838,Cytoplasmic,0.0000,0.0002,0.9949,0.0037,0.0010,0.0002
IFBJBKOH_06839,Cytoplasmic Membrane,0.0002,0.0007,0.0032,0.9893,0.0065,0.0002
IFBJBKOH_06840,Cytoplasmic Membrane,0.0000,0.0000,0.0000,0.9997,0.0002,0.0000
IFBJBKOH_06841,Cytoplasmic Membrane,0.0008,0.0607,0.0011,0.9307,0.0064,0.0003
IFBJBKOH_06842,Cytoplasmic,0.0001,0.0010,0.9539,0.0320,0.0126,0.0003
IFBJBKOH_06843,Cytoplasmic Membrane,0.0001,0.0002,0.4841,0.5120,0.0034,0.0001
IFBJBKOH_06844,Cytoplasmic,0.0001,0.0580,0.8835,0.0495,0.0087,0.0002
IFBJBKOH_06845,Cytoplasmic Membrane,0.0000,0.0003,0.0000,0.9989,0.0007,0.0000
IFBJBKOH_06846,Cytoplasmic,0.0004,0.0069,0.9489,0.0086,0.0336,0.0014
IFBJBKOH_06847,Cytoplasmic Membrane,0.0083,0.3207,0.0020,0.5123,0.1334,0.0233
IFBJBKOH_06848,Cytoplasmic,0.0001,0.0263,0.9052,0.0277,0.0350,0.0057
IFBJBKOH_06849,Cytoplasmic Membrane,0.0000,0.0019,0.0002,0.9883,0.0095,0.0001
IFBJBKOH_06850,Cytoplasmic,0.0000,0.0001,0.9977,0.0001,0.0020,0.0000
IFBJBKOH_06851,Cytoplasmic,0.0001,0.0000,0.9703,0.0073,0.0222,0.0001
IFBJBKOH_06852,Cytoplasmic,0.0000,0.0016,0.9958,0.0005,0.0012,0.0009
IFBJBKOH_06853,Cytoplasmic Membrane,0.0000,0.0001,0.0000,0.9998,0.0001,0.0000
IFBJBKOH_06854,Cytoplasmic,0.0000,0.0001,0.9981,0.0016,0.0001,0.0001
IFBJBKOH_06855,Cytoplasmic,0.0001,0.0012,0.8604,0.0516,0.0851,0.0017
IFBJBKOH_06856,Cytoplasmic,0.0005,0.0026,0.9350,0.0130,0.0470,0.0019
IFBJBKOH_06857,Extracellular,0.0053,0.4746,0.0086,0.4375,0.0529,0.0212
IFBJBKOH_06858,Cytoplasmic Membrane,0.0075,0.0264,0.0012,0.9479,0.0166,0.0003
IFBJBKOH_06859,Cytoplasmic,0.0002,0.0016,0.9304,0.0530,0.0040,0.0108
IFBJBKOH_06860,Cytoplasmic,0.0001,0.0016,0.9967,0.0006,0.0007,0.0004
IFBJBKOH_06861,Cytoplasmic,0.0000,0.0031,0.9892,0.0006,0.0034,0.0038
IFBJBKOH_06862,Cytoplasmic,0.0001,0.0013,0.9763,0.0161,0.0060,0.0002
IFBJBKOH_06863,Cytoplasmic,0.0001,0.0034,0.9865,0.0004,0.0052,0.0043
IFBJBKOH_06864,Cytoplasmic Membrane,0.0000,0.0000,0.0000,1.0000,0.0000,0.0000
IFBJBKOH_06865,Cytoplasmic Membrane,0.0001,0.1119,0.0045,0.8680,0.0146,0.0010
IFBJBKOH_06866,Cytoplasmic,0.0002,0.0319,0.8886,0.0327,0.0408,0.0058
IFBJBKOH_06867,Cytoplasmic Membrane,0.0000,0.0049,0.0001,0.9932,0.0015,0.0003
IFBJBKOH_06868,Cytoplasmic,0.0093,0.0008,0.5316,0.0005,0.4578,0.0001
IFBJBKOH_06869,Cytoplasmic,0.0047,0.0003,0.9361,0.0004,0.0585,0.0000
IFBJBKOH_06870,Extracellular,0.0078,0.4542,0.0217,0.3571,0.0596,0.0997
IFBJBKOH_06871,Cytoplasmic,0.0003,0.0757,0.6768,0.0075,0.2202,0.0194
IFBJBKOH_06872,Cytoplasmic,0.0006,0.0102,0.9635,0.0127,0.0119,0.0011
IFBJBKOH_06873,Extracellular,0.0001,0.5024,0.2172,0.2704,0.0090,0.0010
IFBJBKOH_06874,Cytoplasmic,0.0001,0.1446,0.6335,0.1808,0.0352,0.0057
IFBJBKOH_06875,Cytoplasmic,0.0003,0.0001,0.9973,0.0000,0.0023,0.0001
IFBJBKOH_06876,Cytoplasmic,0.0002,0.0159,0.9797,0.0010,0.0026,0.0006
IFBJBKOH_06877,Cytoplasmic,0.0001,0.0001,0.9980,0.0018,0.0001,0.0000
IFBJBKOH_06878,Cytoplasmic Membrane,0.0000,0.0000,0.0008,0.9968,0.0023,0.0000
IFBJBKOH_06879,Cytoplasmic,0.0000,0.0003,0.9522,0.0003,0.0015,0.0457
IFBJBKOH_06880,Cytoplasmic,0.0002,0.0228,0.9720,0.0019,0.0030,0.0001
IFBJBKOH_06881,Cytoplasmic,0.0001,0.0067,0.9886,0.0012,0.0032,0.0003
IFBJBKOH_06882,Cytoplasmic,0.0001,0.0007,0.5779,0.4006,0.0187,0.0021
IFBJBKOH_06883,Cytoplasmic,0.0007,0.0010,0.6114,0.2046,0.1809,0.0015
IFBJBKOH_06884,Cytoplasmic,0.0015,0.0043,0.6565,0.3234,0.0126,0.0017
IFBJBKOH_06885,Cytoplasmic,0.0011,0.0046,0.5380,0.2482,0.2064,0.0016
IFBJBKOH_06886,Cytoplasmic,0.0005,0.0163,0.5600,0.4123,0.0039,0.0071
IFBJBKOH_06887,Cytoplasmic Membrane,0.0000,0.0000,0.0000,0.9995,0.0005,0.0000
IFBJBKOH_06888,Cytoplasmic Membrane,0.0000,0.0026,0.0007,0.9857,0.0108,0.0002
IFBJBKOH_06889,Cytoplasmic Membrane,0.0000,0.0000,0.0000,0.9995,0.0005,0.0000
IFBJBKOH_06890,Cytoplasmic Membrane,0.0029,0.1298,0.0005,0.8633,0.0035,0.0000
IFBJBKOH_06891,Cytoplasmic,0.0000,0.0002,0.9967,0.0010,0.0020,0.0001
IFBJBKOH_06892,Cytoplasmic,0.0001,0.0002,0.9677,0.0096,0.0222,0.0003
IFBJBKOH_06893,Cytoplasmic,0.0002,0.0031,0.9797,0.0152,0.0015,0.0002
IFBJBKOH_06894,Cytoplasmic,0.0000,0.0012,0.9954,0.0003,0.0017,0.0014
IFBJBKOH_06895,Cytoplasmic,0.0000,0.0002,0.9844,0.0017,0.0136,0.0001
IFBJBKOH_06896,Cytoplasmic,0.0001,0.0001,0.9596,0.0059,0.0331,0.0012
IFBJBKOH_06897,Cytoplasmic,0.0003,0.0080,0.8035,0.0662,0.1206,0.0014
IFBJBKOH_06898,Cytoplasmic,0.0009,0.0039,0.8834,0.0271,0.0827,0.0020
IFBJBKOH_06899,Cytoplasmic,0.0000,0.0001,0.5015,0.0001,0.4977,0.0006
IFBJBKOH_06900,Extracellular,0.0070,0.8434,0.0485,0.0398,0.0077,0.0535
IFBJBKOH_06901,Cytoplasmic Membrane,0.0000,0.0000,0.0000,0.9999,0.0001,0.0000
IFBJBKOH_06902,Cytoplasmic Membrane,0.0002,0.0007,0.4582,0.4716,0.0676,0.0018
IFBJBKOH_06903,Cytoplasmic,0.0000,0.0004,0.9894,0.0087,0.0012,0.0003
IFBJBKOH_06904,Cytoplasmic,0.0000,0.0013,0.9507,0.0422,0.0053,0.0004
IFBJBKOH_06905,Cytoplasmic,0.0001,0.0012,0.8681,0.0179,0.0998,0.0128
IFBJBKOH_06906,Cytoplasmic,0.0002,0.0787,0.8733,0.0050,0.0249,0.0180
IFBJBKOH_06907,Cytoplasmic Membrane,0.0000,0.0000,0.0000,0.9999,0.0001,0.0000
IFBJBKOH_06908,Cytoplasmic Membrane,0.0000,0.0000,0.0000,1.0000,0.0000,0.0000
IFBJBKOH_06909,Cytoplasmic Membrane,0.0068,0.1250,0.0003,0.6390,0.1799,0.0490
IFBJBKOH_06910,Cytoplasmic,0.0000,0.0381,0.9426,0.0182,0.0010,0.0000
IFBJBKOH_06911,Cytoplasmic,0.0025,0.0640,0.8790,0.0107,0.0394,0.0044
IFBJBKOH_06912,Cytoplasmic,0.0008,0.3158,0.6804,0.0018,0.0003,0.0008
IFBJBKOH_06913,Cytoplasmic,0.0004,0.0076,0.7811,0.0032,0.2038,0.0039
IFBJBKOH_06914,Cytoplasmic,0.0000,0.0062,0.8033,0.0004,0.1889,0.0012
IFBJBKOH_06915,Cytoplasmic,0.0000,0.0043,0.6421,0.0010,0.3522,0.0004
IFBJBKOH_06916,Cytoplasmic,0.0002,0.0007,0.8529,0.0135,0.1306,0.0021
IFBJBKOH_06917,Cytoplasmic,0.0000,0.0001,0.9423,0.0019,0.0553,0.0004
IFBJBKOH_06918,Cytoplasmic Membrane,0.0000,0.0000,0.0000,0.9994,0.0006,0.0000
IFBJBKOH_06919,Cytoplasmic Membrane,0.0000,0.0001,0.0000,0.9984,0.0014,0.0001
IFBJBKOH_06920,Cytoplasmic,0.0002,0.0009,0.9973,0.0003,0.0012,0.0001
IFBJBKOH_06921,Cytoplasmic,0.0001,0.0400,0.9454,0.0019,0.0122,0.0004
IFBJBKOH_06922,Cytoplasmic,0.0005,0.0093,0.9552,0.0228,0.0118,0.0005
IFBJBKOH_06923,Cytoplasmic,0.0027,0.1088,0.6926,0.0822,0.1130,0.0007
IFBJBKOH_06924,Extracellular,0.0039,0.6166,0.3557,0.0042,0.0164,0.0032
IFBJBKOH_06925,Cytoplasmic,0.0000,0.3311,0.6657,0.0024,0.0008,0.0000
IFBJBKOH_06926,Cytoplasmic Membrane,0.0000,0.0000,0.0000,0.9997,0.0003,0.0000
IFBJBKOH_06927,Cytoplasmic Membrane,0.0250,0.0111,0.0004,0.5170,0.3414,0.1051
IFBJBKOH_06928,Cytoplasmic,0.0000,0.0009,0.9781,0.0030,0.0141,0.0038
IFBJBKOH_06929,Cytoplasmic Membrane,0.0000,0.0000,0.0000,0.9998,0.0002,0.0000
IFBJBKOH_06930,Cytoplasmic Membrane,0.0001,0.0003,0.0643,0.9225,0.0125,0.0004
IFBJBKOH_06931,Cytoplasmic,0.0002,0.0042,0.9492,0.0108,0.0351,0.0005
IFBJBKOH_06932,Cytoplasmic,0.0000,0.0358,0.8884,0.0691,0.0066,0.0000
IFBJBKOH_06933,Cytoplasmic,0.0000,0.0004,0.8737,0.0031,0.1216,0.0011
IFBJBKOH_06934,Cytoplasmic Membrane,0.0000,0.0001,0.0000,0.9985,0.0014,0.0000
IFBJBKOH_06935,Cytoplasmic,0.0000,0.0005,0.9051,0.0026,0.0913,0.0005
IFBJBKOH_06936,Cytoplasmic,0.0000,0.0054,0.9929,0.0007,0.0009,0.0001
IFBJBKOH_06937,Cytoplasmic,0.0017,0.0492,0.8857,0.0371,0.0263,0.0000
IFBJBKOH_06938,Cytoplasmic,0.0004,0.0018,0.9949,0.0023,0.0005,0.0001
IFBJBKOH_06939,Cytoplasmic,0.0001,0.0075,0.9417,0.0500,0.0006,0.0000
IFBJBKOH_06940,Cytoplasmic Membrane,0.0002,0.0004,0.1520,0.8013,0.0457,0.0004
IFBJBKOH_06941,Cytoplasmic Membrane,0.0001,0.0004,0.0009,0.9978,0.0009,0.0000
IFBJBKOH_06942,Cytoplasmic Membrane,0.0000,0.0000,0.0003,0.9994,0.0002,0.0000
IFBJBKOH_06943,Cytoplasmic Membrane,0.0000,0.0009,0.0000,0.9982,0.0009,0.0000
IFBJBKOH_06944,Cytoplasmic,0.0001,0.0002,0.9972,0.0004,0.0017,0.0004
IFBJBKOH_06945,Cytoplasmic,0.0022,0.0294,0.9544,0.0015,0.0118,0.0007
IFBJBKOH_06946,Cytoplasmic,0.0004,0.1134,0.8241,0.0036,0.0547,0.0038
IFBJBKOH_06947,Cytoplasmic,0.0000,0.0002,0.9780,0.0184,0.0033,0.0000
IFBJBKOH_06948,Cytoplasmic,0.0001,0.0070,0.9597,0.0042,0.0283,0.0007
IFBJBKOH_06949,Cytoplasmic,0.0001,0.0145,0.9429,0.0241,0.0158,0.0025
IFBJBKOH_06950,Extracellular,0.0006,0.6169,0.2304,0.1068,0.0418,0.0035
IFBJBKOH_06951,Cytoplasmic,0.0009,0.0212,0.8306,0.0740,0.0551,0.0182
IFBJBKOH_06952,Cytoplasmic,0.0006,0.0222,0.8729,0.0031,0.0394,0.0618
IFBJBKOH_06953,Cytoplasmic,0.0004,0.0042,0.8786,0.0064,0.1076,0.0028
IFBJBKOH_06954,Cytoplasmic,0.0000,0.0000,0.9982,0.0009,0.0009,0.0000
IFBJBKOH_06955,Cytoplasmic,0.0002,0.1201,0.8044,0.0231,0.0516,0.0006
IFBJBKOH_06956,Cytoplasmic,0.0042,0.1582,0.6027,0.2167,0.0172,0.0011
IFBJBKOH_06957,Cytoplasmic,0.0002,0.0574,0.8965,0.0329,0.0129,0.0001
IFBJBKOH_06958,Cytoplasmic,0.0005,0.0257,0.9402,0.0167,0.0167,0.0001
IFBJBKOH_06959,Cytoplasmic,0.0000,0.0027,0.9924,0.0033,0.0014,0.0002
IFBJBKOH_06960,Cytoplasmic,0.0003,0.0021,0.9948,0.0012,0.0011,0.0004
IFBJBKOH_06961,Extracellular,0.0002,0.9998,0.0000,0.0000,0.0000,0.0000
IFBJBKOH_06962,Cytoplasmic Membrane,0.0000,0.0012,0.0003,0.9964,0.0020,0.0000
IFBJBKOH_06963,Cytoplasmic Membrane,0.0002,0.0043,0.0023,0.9773,0.0160,0.0000
IFBJBKOH_06964,Cytoplasmic,0.0000,0.0040,0.9515,0.0120,0.0324,0.0000
IFBJBKOH_06965,Cytoplasmic,0.0002,0.0015,0.7962,0.0016,0.2005,0.0001
IFBJBKOH_06966,Cytoplasmic,0.0001,0.0003,0.9897,0.0018,0.0080,0.0001
IFBJBKOH_06967,Cytoplasmic Membrane,0.0001,0.0033,0.0026,0.9644,0.0296,0.0000
IFBJBKOH_06968,Cytoplasmic Membrane,0.0002,0.0013,0.1265,0.8672,0.0047,0.0002
IFBJBKOH_06969,Cytoplasmic Membrane,0.0000,0.0001,0.0000,0.9997,0.0002,0.0000
IFBJBKOH_06970,Cytoplasmic,0.0028,0.2341,0.5418,0.1237,0.0973,0.0003
IFBJBKOH_06971,Extracellular,0.0012,0.3507,0.2682,0.1345,0.2435,0.0019
IFBJBKOH_06972,Cytoplasmic Membrane,0.0000,0.0011,0.0000,0.9861,0.0127,0.0000
IFBJBKOH_06973,Cytoplasmic,0.0021,0.0613,0.8764,0.0384,0.0197,0.0021
IFBJBKOH_06974,Cytoplasmic,0.0001,0.0042,0.9408,0.0507,0.0040,0.0002
IFBJBKOH_06975,Cytoplasmic Membrane,0.0000,0.0009,0.0001,0.9976,0.0013,0.0000
IFBJBKOH_06976,Cytoplasmic,0.0008,0.4740,0.5011,0.0139,0.0037,0.0066
IFBJBKOH_06977,Cytoplasmic,0.0008,0.0025,0.8942,0.0012,0.1011,0.0003
IFBJBKOH_06978,Extracellular,0.0030,0.5100,0.4590,0.0013,0.0199,0.0068
IFBJBKOH_06979,Cytoplasmic Membrane,0.0000,0.1445,0.0002,0.8502,0.0051,0.0000
IFBJBKOH_06980,Extracellular,0.0449,0.7186,0.0053,0.1077,0.0004,0.1231
IFBJBKOH_06981,Cytoplasmic,0.0004,0.1775,0.5884,0.2165,0.0101,0.0070
IFBJBKOH_06982,Cytoplasmic,0.2511,0.2916,0.3122,0.0978,0.0450,0.0023
IFBJBKOH_06983,Cytoplasmic,0.0053,0.3574,0.6244,0.0019,0.0103,0.0008
IFBJBKOH_06984,Cytoplasmic,0.0001,0.0520,0.8066,0.0044,0.1363,0.0007
IFBJBKOH_06985,Cytoplasmic Membrane,0.0000,0.0025,0.0001,0.9949,0.0025,0.0000
IFBJBKOH_06986,Cytoplasmic Membrane,0.0001,0.0002,0.0004,0.9974,0.0020,0.0000
IFBJBKOH_06987,Cytoplasmic,0.0000,0.0001,0.9992,0.0002,0.0004,0.0001
IFBJBKOH_06988,Cytoplasmic,0.0077,0.1567,0.7673,0.0381,0.0183,0.0118
IFBJBKOH_06989,Cytoplasmic,0.0005,0.1412,0.4493,0.3834,0.0223,0.0034
IFBJBKOH_06990,Cytoplasmic,0.0001,0.2564,0.5238,0.2130,0.0064,0.0003
IFBJBKOH_06991,Cytoplasmic,0.0016,0.0254,0.9187,0.0451,0.0049,0.0044
IFBJBKOH_06992,Cytoplasmic,0.0000,0.0049,0.9712,0.0219,0.0017,0.0002
IFBJBKOH_06993,Cytoplasmic Membrane,0.0000,0.0000,0.0001,0.9997,0.0002,0.0000
IFBJBKOH_06994,Cytoplasmic,0.0007,0.0044,0.9503,0.0378,0.0047,0.0021
IFBJBKOH_06995,Cytoplasmic Membrane,0.0000,0.0001,0.0000,0.9973,0.0026,0.0000
IFBJBKOH_06996,Cytoplasmic,0.0008,0.0051,0.9817,0.0093,0.0029,0.0001
IFBJBKOH_06997,Cytoplasmic,0.0003,0.0222,0.9021,0.0700,0.0054,0.0001
IFBJBKOH_06998,Cytoplasmic,0.0002,0.0211,0.8889,0.0783,0.0113,0.0002
IFBJBKOH_06999,Cytoplasmic,0.0012,0.0203,0.9376,0.0125,0.0269,0.0016
IFBJBKOH_07000,Cytoplasmic,0.0005,0.0821,0.9034,0.0047,0.0088,0.0004
IFBJBKOH_07001,Cytoplasmic Membrane,0.0090,0.0750,0.0024,0.6723,0.2386,0.0029
IFBJBKOH_07002,Cytoplasmic,0.0037,0.0340,0.9403,0.0062,0.0156,0.0002
IFBJBKOH_07003,Cytoplasmic,0.0008,0.0011,0.9238,0.0712,0.0024,0.0007
IFBJBKOH_07004,Cytoplasmic,0.0000,0.0052,0.9820,0.0021,0.0030,0.0075
IFBJBKOH_07005,Cytoplasmic Membrane,0.0032,0.0408,0.0003,0.9479,0.0068,0.0010
IFBJBKOH_07006,Cytoplasmic Membrane,0.0726,0.2227,0.0406,0.4615,0.0247,0.1780
IFBJBKOH_07007,Cytoplasmic,0.0002,0.0045,0.9808,0.0011,0.0111,0.0024
IFBJBKOH_07008,Cytoplasmic,0.0002,0.0060,0.9651,0.0188,0.0082,0.0018
IFBJBKOH_07009,Cytoplasmic,0.0000,0.0001,0.9977,0.0008,0.0013,0.0000
IFBJBKOH_07010,Cytoplasmic,0.0000,0.0008,0.9953,0.0017,0.0016,0.0005
IFBJBKOH_07011,Cytoplasmic,0.0008,0.1407,0.7767,0.0802,0.0012,0.0003
IFBJBKOH_07012,Cytoplasmic Membrane,0.0000,0.2938,0.2013,0.4243,0.0801,0.0005
IFBJBKOH_07013,Cytoplasmic Membrane,0.0003,0.0671,0.0040,0.9204,0.0069,0.0014
IFBJBKOH_07014,Cytoplasmic,0.0001,0.0282,0.9498,0.0007,0.0142,0.0070
IFBJBKOH_07015,Cytoplasmic,0.0015,0.0433,0.8401,0.0078,0.1014,0.0060
IFBJBKOH_07016,Cytoplasmic,0.0000,0.0001,0.9987,0.0001,0.0009,0.0002
IFBJBKOH_07017,Cytoplasmic Membrane,0.0005,0.0126,0.0045,0.9776,0.0027,0.0021
IFBJBKOH_07018,Cytoplasmic,0.0000,0.0002,0.9976,0.0000,0.0018,0.0003
IFBJBKOH_07019,Cytoplasmic,0.0002,0.0005,0.9686,0.0055,0.0241,0.0011
IFBJBKOH_07020,Cytoplasmic,0.0002,0.0012,0.9817,0.0056,0.0112,0.0001
IFBJBKOH_07021,Cytoplasmic,0.0001,0.0002,0.9964,0.0027,0.0005,0.0001
IFBJBKOH_07022,Cytoplasmic,0.0005,0.0048,0.9331,0.0553,0.0061,0.0002
IFBJBKOH_07023,Periplasmic,0.0030,0.3350,0.0042,0.0001,0.0019,0.6558
IFBJBKOH_07024,Cytoplasmic,0.0145,0.0279,0.6760,0.2196,0.0427,0.0193
IFBJBKOH_07025,Cytoplasmic Membrane,0.0071,0.1676,0.0001,0.8074,0.0174,0.0004
IFBJBKOH_07026,Cytoplasmic,0.0002,0.0028,0.9759,0.0090,0.0119,0.0001
IFBJBKOH_07027,Cytoplasmic,0.0005,0.0661,0.6907,0.1180,0.0473,0.0774
IFBJBKOH_07028,Cytoplasmic,0.0000,0.0073,0.9918,0.0003,0.0003,0.0003
IFBJBKOH_07029,Cytoplasmic Membrane,0.0001,0.0122,0.0011,0.9748,0.0116,0.0001
IFBJBKOH_07030,Cytoplasmic,0.0001,0.1929,0.5401,0.2437,0.0211,0.0022
IFBJBKOH_07031,Cytoplasmic,0.0000,0.0000,0.9944,0.0001,0.0055,0.0000
IFBJBKOH_07032,Cytoplasmic,0.0001,0.0003,0.9911,0.0083,0.0002,0.0001
IFBJBKOH_07033,Cytoplasmic Membrane,0.0005,0.0034,0.1971,0.7583,0.0402,0.0005
IFBJBKOH_07034,Cytoplasmic,0.0010,0.0119,0.6839,0.0733,0.1870,0.0430
IFBJBKOH_07035,Cytoplasmic,0.0001,0.0048,0.9849,0.0069,0.0023,0.0010
IFBJBKOH_07036,Cytoplasmic,0.0001,0.0000,0.9987,0.0010,0.0001,0.0000
IFBJBKOH_07037,Cytoplasmic,0.0001,0.0011,0.9881,0.0031,0.0055,0.0020
IFBJBKOH_07038,Cytoplasmic Membrane,0.0003,0.0146,0.0046,0.9523,0.0164,0.0118
IFBJBKOH_07039,Cytoplasmic Membrane,0.0000,0.0000,0.0000,0.9997,0.0003,0.0000
IFBJBKOH_07040,Cytoplasmic Membrane,0.0001,0.0018,0.0003,0.9916,0.0063,0.0000
IFBJBKOH_07041,Cytoplasmic Membrane,0.0024,0.2139,0.0059,0.6888,0.0840,0.0050
IFBJBKOH_07042,Cytoplasmic Membrane,0.0000,0.0000,0.0012,0.9986,0.0002,0.0000
IFBJBKOH_07043,Cytoplasmic,0.0000,0.0009,0.9824,0.0088,0.0077,0.0001
IFBJBKOH_07044,Cytoplasmic,0.0001,0.0006,0.9804,0.0015,0.0166,0.0009
IFBJBKOH_07045,Cytoplasmic,0.0000,0.0002,0.9988,0.0001,0.0005,0.0004
IFBJBKOH_07046,Cytoplasmic,0.0001,0.0053,0.5647,0.2571,0.1703,0.0025
IFBJBKOH_07047,Extracellular,0.0086,0.9557,0.0059,0.0012,0.0011,0.0275
IFBJBKOH_07048,Cytoplasmic,0.0047,0.2100,0.7387,0.0016,0.0393,0.0056
IFBJBKOH_07049,Cytoplasmic,0.0044,0.1326,0.6167,0.1028,0.1224,0.0212
IFBJBKOH_07050,Extracellular,0.0033,0.5157,0.4524,0.0013,0.0204,0.0070
IFBJBKOH_07051,Cytoplasmic,0.0012,0.0177,0.5378,0.3587,0.0184,0.0661
IFBJBKOH_07052,Extracellular,0.0005,0.5579,0.3696,0.0014,0.0537,0.0170
IFBJBKOH_07053,Cytoplasmic,0.0001,0.0017,0.9791,0.0001,0.0176,0.0014
IFBJBKOH_07054,Cytoplasmic,0.0001,0.0050,0.9901,0.0004,0.0027,0.0017
IFBJBKOH_07055,Cytoplasmic,0.0003,0.0007,0.9569,0.0096,0.0319,0.0006
IFBJBKOH_07056,Cytoplasmic,0.0000,0.0009,0.9925,0.0019,0.0039,0.0007
IFBJBKOH_07057,Cytoplasmic,0.0000,0.0001,0.9972,0.0016,0.0011,0.0001
IFBJBKOH_07058,Cytoplasmic Membrane,0.0000,0.0015,0.0000,0.9974,0.0011,0.0000
IFBJBKOH_07059,Cytoplasmic,0.0001,0.0005,0.9869,0.0032,0.0088,0.0004
IFBJBKOH_07060,Cytoplasmic,0.0004,0.0017,0.8243,0.1007,0.0727,0.0002
IFBJBKOH_07061,Outer Membrane,0.0000,0.0001,0.1852,0.0000,0.7588,0.0558
IFBJBKOH_07062,Cytoplasmic Membrane,0.0001,0.0316,0.0001,0.9602,0.0080,0.0000
IFBJBKOH_07063,Cytoplasmic,0.0000,0.0003,0.8772,0.0303,0.0883,0.0038
IFBJBKOH_07064,Cytoplasmic Membrane,0.0000,0.0008,0.0123,0.9865,0.0003,0.0000
IFBJBKOH_07065,Cytoplasmic,0.0000,0.0339,0.9448,0.0090,0.0101,0.0022
IFBJBKOH_07066,Cytoplasmic,0.0008,0.0190,0.6248,0.3516,0.0033,0.0005
IFBJBKOH_07067,Cytoplasmic,0.0000,0.0002,0.9976,0.0004,0.0015,0.0003
IFBJBKOH_07068,Cytoplasmic Membrane,0.0000,0.0000,0.0000,0.9995,0.0004,0.0000
IFBJBKOH_07069,Cytoplasmic,0.0000,0.0015,0.9910,0.0029,0.0032,0.0015
IFBJBKOH_07070,Cytoplasmic,0.0001,0.0077,0.9711,0.0172,0.0037,0.0002
IFBJBKOH_07071,Cytoplasmic,0.0000,0.0001,0.9995,0.0001,0.0002,0.0000
IFBJBKOH_07072,Cytoplasmic,0.0001,0.0003,0.9905,0.0059,0.0029,0.0002
IFBJBKOH_07073,Cytoplasmic,0.0100,0.0223,0.9549,0.0092,0.0034,0.0002
IFBJBKOH_07074,Cytoplasmic,0.0000,0.0111,0.9624,0.0251,0.0010,0.0003
IFBJBKOH_07075,Cytoplasmic,0.0000,0.0000,0.8292,0.0002,0.1704,0.0001
IFBJBKOH_07076,Cytoplasmic,0.0000,0.0000,0.9989,0.0000,0.0009,0.0001
IFBJBKOH_07077,Cytoplasmic Membrane,0.0392,0.2450,0.0008,0.6530,0.0541,0.0080
IFBJBKOH_07078,Cytoplasmic,0.0001,0.0009,0.9935,0.0016,0.0012,0.0027
IFBJBKOH_07079,Cytoplasmic,0.0003,0.0020,0.9615,0.0087,0.0273,0.0003
IFBJBKOH_07080,Cytoplasmic,0.0006,0.0015,0.7773,0.2108,0.0098,0.0001
