Protein_name,Localization,Cell_wall_surface,Extracellular,Cytoplasmic,Cytoplasmic_Membrane,Outer_Membrane,Periplasmic
PBFPHCLI_00001,Cytoplasmic Membrane,0.0001,0.0179,0.0292,0.4896,0.1223,0.3409
PBFPHCLI_00002,Cytoplasmic Membrane,0.0003,0.0011,0.1134,0.4504,0.1026,0.3322
PBFPHCLI_00003,Cytoplasmic,0.0000,0.0017,0.9870,0.0110,0.0003,0.0001
PBFPHCLI_00004,Cytoplasmic Membrane,0.0000,0.0000,0.0000,0.9999,0.0001,0.0000
PBFPHCLI_00005,Cytoplasmic Membrane,0.0000,0.0000,0.0000,0.9996,0.0004,0.0000
PBFPHCLI_00006,Cytoplasmic,0.0005,0.0096,0.9462,0.0149,0.0288,0.0000
PBFPHCLI_00007,Cytoplasmic,0.0006,0.0070,0.7241,0.2379,0.0276,0.0029
PBFPHCLI_00008,Extracellular,0.3135,0.6562,0.0000,0.0291,0.0010,0.0002
PBFPHCLI_00009,Extracellular,0.0106,0.9697,0.0013,0.0177,0.0006,0.0000
PBFPHCLI_00010,Cytoplasmic,0.0004,0.0188,0.9794,0.0004,0.0004,0.0006
PBFPHCLI_00011,Cytoplasmic,0.0027,0.0097,0.9696,0.0118,0.0062,0.0001
PBFPHCLI_00013,Cytoplasmic,0.0001,0.0087,0.9347,0.0527,0.0034,0.0005
PBFPHCLI_00014,Cytoplasmic,0.0001,0.0009,0.9456,0.0508,0.0021,0.0004
PBFPHCLI_00015,Cytoplasmic,0.0010,0.0139,0.8991,0.0777,0.0077,0.0006
PBFPHCLI_00016,Cytoplasmic,0.0006,0.0085,0.4988,0.4311,0.0585,0.0025
PBFPHCLI_00025,Cytoplasmic Membrane,0.0000,0.0017,0.0001,0.9975,0.0007,0.0000
PBFPHCLI_00026,Cytoplasmic,0.0020,0.0022,0.9926,0.0017,0.0006,0.0009
PBFPHCLI_00027,Cytoplasmic,0.0004,0.0183,0.9797,0.0006,0.0005,0.0005
PBFPHCLI_00028,Cytoplasmic,0.0925,0.3090,0.5239,0.0450,0.0168,0.0128
PBFPHCLI_00029,Cytoplasmic,0.0002,0.2466,0.7489,0.0026,0.0017,0.0000
PBFPHCLI_00030,Cytoplasmic,0.0035,0.0647,0.9266,0.0042,0.0010,0.0001
PBFPHCLI_00031,Cytoplasmic,0.0005,0.0219,0.9394,0.0022,0.0330,0.0030
PBFPHCLI_00032,Cytoplasmic,0.0010,0.0826,0.5342,0.2990,0.0828,0.0004
PBFPHCLI_00033,Cytoplasmic,0.0011,0.0438,0.9017,0.0388,0.0136,0.0010
PBFPHCLI_00034,Cytoplasmic,0.0027,0.2836,0.5827,0.0771,0.0514,0.0025
PBFPHCLI_00035,Cytoplasmic Membrane,0.0000,0.0374,0.0007,0.9444,0.0175,0.0000
PBFPHCLI_00036,Cytoplasmic,0.0000,0.1181,0.7719,0.1048,0.0051,0.0001
PBFPHCLI_00037,Cytoplasmic,0.0002,0.0260,0.9532,0.0115,0.0091,0.0000
PBFPHCLI_00038,Cytoplasmic,0.0003,0.1453,0.7490,0.0838,0.0214,0.0002
PBFPHCLI_00039,Cytoplasmic,0.0006,0.0007,0.9870,0.0025,0.0092,0.0000
PBFPHCLI_00040,Cytoplasmic,0.0057,0.0380,0.9478,0.0006,0.0078,0.0000
PBFPHCLI_00041,Cytoplasmic,0.0005,0.2876,0.6765,0.0023,0.0331,0.0001
PBFPHCLI_00042,Cytoplasmic Membrane,0.0001,0.0068,0.0002,0.9877,0.0052,0.0001
PBFPHCLI_00043,Cytoplasmic,0.0001,0.0054,0.6955,0.2936,0.0053,0.0001
PBFPHCLI_00044,Cytoplasmic,0.0002,0.0064,0.9739,0.0068,0.0127,0.0001
PBFPHCLI_00045,Cytoplasmic,0.0009,0.0539,0.9063,0.0371,0.0014,0.0004
PBFPHCLI_00046,Cytoplasmic,0.0051,0.3080,0.6101,0.0380,0.0387,0.0001
PBFPHCLI_00047,Cytoplasmic,0.0011,0.0213,0.9103,0.0201,0.0463,0.0009
PBFPHCLI_00048,Cytoplasmic,0.0001,0.0002,0.9960,0.0004,0.0034,0.0000
PBFPHCLI_00049,Extracellular,0.0093,0.5354,0.0005,0.4518,0.0029,0.0001
PBFPHCLI_00050,Cytoplasmic Membrane,0.0024,0.2518,0.0002,0.5928,0.1528,0.0000
PBFPHCLI_00051,Extracellular,0.0068,0.9919,0.0001,0.0005,0.0007,0.0000
PBFPHCLI_00052,Cytoplasmic Membrane,0.0003,0.2561,0.2924,0.3087,0.1422,0.0004
PBFPHCLI_00053,Cytoplasmic Membrane,0.0006,0.0695,0.0024,0.8242,0.1032,0.0001
PBFPHCLI_00054,Cytoplasmic,0.0079,0.0061,0.9344,0.0264,0.0250,0.0002
PBFPHCLI_00056,Cytoplasmic Membrane,0.0000,0.0001,0.0000,0.9998,0.0001,0.0000
PBFPHCLI_00057,Cytoplasmic,0.0002,0.0012,0.9967,0.0014,0.0004,0.0000
PBFPHCLI_00058,Cytoplasmic,0.0000,0.0005,0.9839,0.0025,0.0121,0.0010
PBFPHCLI_00059,Cytoplasmic,0.0021,0.0155,0.9197,0.0060,0.0563,0.0005
PBFPHCLI_00060,Cytoplasmic Membrane,0.0001,0.0477,0.0007,0.9492,0.0023,0.0000
PBFPHCLI_00061,Cytoplasmic Membrane,0.0000,0.0001,0.0000,0.9999,0.0000,0.0000
PBFPHCLI_00062,Cytoplasmic Membrane,0.0000,0.0004,0.0001,0.9978,0.0018,0.0000
PBFPHCLI_00063,Cytoplasmic,0.0040,0.0684,0.8442,0.0658,0.0173,0.0003
PBFPHCLI_00064,Extracellular,0.0009,0.6900,0.0007,0.3062,0.0021,0.0001
PBFPHCLI_00065,Cytoplasmic Membrane,0.0000,0.0000,0.0000,0.9996,0.0004,0.0000
PBFPHCLI_00066,Cell wall & surface,0.5443,0.2766,0.0049,0.1734,0.0007,0.0000
PBFPHCLI_00067,Cytoplasmic,0.0011,0.0202,0.9309,0.0069,0.0381,0.0027
PBFPHCLI_00068,Cytoplasmic,0.0026,0.0318,0.9455,0.0178,0.0022,0.0001
PBFPHCLI_00069,Cytoplasmic Membrane,0.0000,0.0002,0.0000,0.9996,0.0002,0.0000
PBFPHCLI_00070,Cytoplasmic,0.0025,0.0097,0.7179,0.2010,0.0552,0.0137
PBFPHCLI_00071,Cytoplasmic Membrane,0.0000,0.0000,0.0000,0.9999,0.0000,0.0000
PBFPHCLI_00072,Cytoplasmic Membrane,0.0000,0.0001,0.0001,0.9994,0.0004,0.0000
PBFPHCLI_00073,Cytoplasmic,0.0000,0.0055,0.9924,0.0020,0.0001,0.0000
PBFPHCLI_00074,Cytoplasmic Membrane,0.0000,0.0048,0.0145,0.9733,0.0074,0.0000
PBFPHCLI_00075,Cytoplasmic Membrane,0.0000,0.0000,0.0000,0.9999,0.0001,0.0000
PBFPHCLI_00076,Cytoplasmic Membrane,0.0000,0.0000,0.0000,0.9999,0.0001,0.0000
PBFPHCLI_00077,Cytoplasmic,0.0000,0.0031,0.9896,0.0017,0.0039,0.0017
PBFPHCLI_00078,Cytoplasmic Membrane,0.0000,0.0000,0.0000,0.9998,0.0001,0.0000
PBFPHCLI_00079,Cytoplasmic Membrane,0.0000,0.0003,0.0009,0.9945,0.0043,0.0001
PBFPHCLI_00080,Cytoplasmic,0.0001,0.0042,0.9146,0.0080,0.0496,0.0234
PBFPHCLI_00081,Cytoplasmic,0.0004,0.0018,0.9923,0.0035,0.0020,0.0000
PBFPHCLI_00082,Cytoplasmic Membrane,0.0075,0.2344,0.0075,0.7475,0.0024,0.0007
PBFPHCLI_00083,Cytoplasmic,0.0018,0.1046,0.8296,0.0585,0.0054,0.0001
PBFPHCLI_00084,Cytoplasmic,0.0000,0.0002,0.9991,0.0001,0.0006,0.0000
PBFPHCLI_00085,Cytoplasmic Membrane,0.0001,0.0001,0.0008,0.9977,0.0014,0.0000
PBFPHCLI_00086,Cytoplasmic,0.0000,0.0002,0.9966,0.0013,0.0017,0.0002
PBFPHCLI_00087,Cytoplasmic,0.0348,0.1286,0.8223,0.0115,0.0019,0.0009
PBFPHCLI_00088,Cytoplasmic,0.0034,0.0074,0.7238,0.2576,0.0072,0.0005
PBFPHCLI_00089,Cytoplasmic,0.0007,0.0080,0.9574,0.0172,0.0160,0.0008
PBFPHCLI_00090,Cytoplasmic,0.0000,0.0001,0.9933,0.0064,0.0001,0.0000
PBFPHCLI_00091,Cytoplasmic Membrane,0.0000,0.0014,0.0000,0.9986,0.0000,0.0000
PBFPHCLI_00092,Cytoplasmic Membrane,0.0000,0.0000,0.0002,0.9994,0.0004,0.0000
PBFPHCLI_00093,Cytoplasmic,0.0921,0.0040,0.9030,0.0005,0.0003,0.0001
PBFPHCLI_00094,Cytoplasmic,0.0002,0.0005,0.9946,0.0030,0.0015,0.0002
PBFPHCLI_00095,Cytoplasmic,0.0005,0.0872,0.9040,0.0067,0.0011,0.0005
PBFPHCLI_00096,Cytoplasmic,0.0005,0.0002,0.9890,0.0062,0.0041,0.0000
PBFPHCLI_00097,Cytoplasmic,0.0019,0.0036,0.9807,0.0133,0.0004,0.0001
PBFPHCLI_00098,Cytoplasmic,0.0018,0.0305,0.9464,0.0192,0.0016,0.0005
PBFPHCLI_00099,Cytoplasmic Membrane,0.0000,0.0220,0.0000,0.9777,0.0004,0.0000
PBFPHCLI_00100,Cytoplasmic Membrane,0.0000,0.0000,0.0000,1.0000,0.0000,0.0000
PBFPHCLI_00101,Cytoplasmic,0.0004,0.0010,0.9907,0.0065,0.0012,0.0002
PBFPHCLI_00102,Cytoplasmic Membrane,0.0000,0.0007,0.0000,0.9991,0.0002,0.0000
PBFPHCLI_00103,Cytoplasmic,0.0016,0.0065,0.9459,0.0444,0.0013,0.0003
PBFPHCLI_00104,Cytoplasmic,0.0004,0.0015,0.9898,0.0073,0.0009,0.0001
PBFPHCLI_00105,Cytoplasmic,0.0003,0.0031,0.9706,0.0171,0.0076,0.0012
PBFPHCLI_00106,Cytoplasmic,0.0010,0.0066,0.9759,0.0139,0.0024,0.0002
PBFPHCLI_00107,Cytoplasmic,0.0000,0.0004,0.9911,0.0069,0.0014,0.0001
PBFPHCLI_00108,Cytoplasmic Membrane,0.0006,0.0024,0.0228,0.9509,0.0190,0.0045
PBFPHCLI_00109,Cytoplasmic,0.0002,0.0017,0.9904,0.0035,0.0034,0.0007
PBFPHCLI_00110,Cytoplasmic,0.0003,0.0056,0.9843,0.0068,0.0029,0.0001
PBFPHCLI_00111,Cytoplasmic,0.0001,0.0018,0.9725,0.0056,0.0182,0.0018
PBFPHCLI_00112,Cytoplasmic,0.0050,0.0120,0.9057,0.0181,0.0523,0.0070
PBFPHCLI_00113,Cytoplasmic Membrane,0.0000,0.0000,0.0000,0.9993,0.0006,0.0000
PBFPHCLI_00114,Cytoplasmic Membrane,0.0000,0.0000,0.0000,0.9997,0.0002,0.0000
PBFPHCLI_00115,Cytoplasmic,0.0001,0.0009,0.9947,0.0022,0.0019,0.0001
PBFPHCLI_00116,Cytoplasmic Membrane,0.0000,0.0001,0.0020,0.9964,0.0014,0.0000
PBFPHCLI_00117,Cytoplasmic Membrane,0.0000,0.0006,0.0000,0.9879,0.0115,0.0000
PBFPHCLI_00118,Cytoplasmic,0.0003,0.0003,0.9948,0.0021,0.0012,0.0013
PBFPHCLI_00119,Cytoplasmic,0.0000,0.0000,0.9997,0.0001,0.0002,0.0000
PBFPHCLI_00120,Cytoplasmic,0.0000,0.0128,0.9776,0.0003,0.0039,0.0053
PBFPHCLI_00121,Cytoplasmic,0.0003,0.0060,0.9687,0.0048,0.0202,0.0001
PBFPHCLI_00122,Cytoplasmic,0.0043,0.0460,0.8784,0.0637,0.0075,0.0002
PBFPHCLI_00123,Cytoplasmic,0.0000,0.0002,0.9860,0.0032,0.0070,0.0036
PBFPHCLI_00124,Cytoplasmic,0.0007,0.0018,0.5860,0.0826,0.3034,0.0255
PBFPHCLI_00125,Cytoplasmic,0.0003,0.0023,0.9747,0.0078,0.0113,0.0036
PBFPHCLI_00126,Cytoplasmic,0.0001,0.0002,0.9987,0.0003,0.0006,0.0001
PBFPHCLI_00127,Cytoplasmic,0.0013,0.0028,0.7705,0.1853,0.0252,0.0149
PBFPHCLI_00128,Cytoplasmic,0.0000,0.0011,0.7074,0.2597,0.0309,0.0010
PBFPHCLI_00129,Cytoplasmic,0.0001,0.0038,0.9850,0.0083,0.0027,0.0002
PBFPHCLI_00130,Cytoplasmic Membrane,0.0000,0.0001,0.0001,0.9993,0.0005,0.0000
PBFPHCLI_00131,Cytoplasmic,0.0001,0.0013,0.9878,0.0096,0.0010,0.0001
PBFPHCLI_00132,Cytoplasmic,0.0000,0.0003,0.9724,0.0154,0.0074,0.0045
PBFPHCLI_00133,Cytoplasmic,0.0000,0.0016,0.9968,0.0007,0.0007,0.0001
PBFPHCLI_00134,Cytoplasmic,0.0004,0.0237,0.9578,0.0118,0.0060,0.0003
PBFPHCLI_00135,Cytoplasmic Membrane,0.0000,0.0000,0.0000,0.9995,0.0005,0.0000
PBFPHCLI_00136,Cytoplasmic Membrane,0.0000,0.0043,0.0001,0.9949,0.0006,0.0000
PBFPHCLI_00137,Cytoplasmic Membrane,0.0000,0.0000,0.0000,0.9999,0.0000,0.0000
PBFPHCLI_00138,Cytoplasmic,0.0003,0.0073,0.9870,0.0008,0.0035,0.0011
PBFPHCLI_00139,Cytoplasmic,0.0000,0.0003,0.9967,0.0002,0.0025,0.0003
PBFPHCLI_00140,Cytoplasmic,0.0001,0.0021,0.9968,0.0002,0.0007,0.0001
PBFPHCLI_00141,Cytoplasmic,0.0005,0.0005,0.9980,0.0008,0.0001,0.0001
PBFPHCLI_00142,Cytoplasmic,0.0000,0.0005,0.9949,0.0004,0.0019,0.0023
PBFPHCLI_00143,Extracellular,0.0003,0.5107,0.0035,0.4126,0.0729,0.0001
PBFPHCLI_00144,Cytoplasmic,0.0013,0.0671,0.7066,0.1998,0.0243,0.0009
PBFPHCLI_00145,Cytoplasmic,0.0003,0.0149,0.9789,0.0036,0.0023,0.0000
PBFPHCLI_00146,Cytoplasmic Membrane,0.0003,0.4239,0.0000,0.5528,0.0229,0.0000
PBFPHCLI_00147,Cytoplasmic Membrane,0.0000,0.0945,0.0000,0.9037,0.0018,0.0000
PBFPHCLI_00148,Cytoplasmic,0.0002,0.0064,0.9834,0.0081,0.0001,0.0018
PBFPHCLI_00149,Cytoplasmic,0.0111,0.1097,0.8726,0.0009,0.0055,0.0002
PBFPHCLI_00150,Cytoplasmic,0.0004,0.0347,0.9365,0.0110,0.0169,0.0005
PBFPHCLI_00151,Cytoplasmic Membrane,0.2830,0.2907,0.1171,0.3029,0.0043,0.0019
PBFPHCLI_00152,Cytoplasmic,0.0011,0.0225,0.8787,0.0042,0.0933,0.0002
PBFPHCLI_00153,Cytoplasmic Membrane,0.0000,0.0033,0.0000,0.9963,0.0003,0.0000
PBFPHCLI_00154,Cytoplasmic,0.0004,0.0020,0.9925,0.0036,0.0016,0.0001
PBFPHCLI_00155,Cytoplasmic,0.0009,0.0021,0.9879,0.0051,0.0035,0.0006
PBFPHCLI_00156,Cytoplasmic Membrane,0.0000,0.0000,0.0000,0.9996,0.0003,0.0000
PBFPHCLI_00157,Cytoplasmic,0.0000,0.0026,0.9860,0.0084,0.0028,0.0002
PBFPHCLI_00158,Cytoplasmic,0.0010,0.0021,0.9848,0.0081,0.0035,0.0006
PBFPHCLI_00159,Cytoplasmic Membrane,0.0000,0.0016,0.0000,0.9980,0.0003,0.0000
PBFPHCLI_00160,Cytoplasmic Membrane,0.0000,0.0016,0.0000,0.9954,0.0029,0.0000
PBFPHCLI_00161,Cytoplasmic,0.0014,0.0085,0.8164,0.1420,0.0309,0.0008
PBFPHCLI_00162,Cytoplasmic,0.0003,0.0067,0.9918,0.0004,0.0008,0.0000
PBFPHCLI_00163,Cytoplasmic Membrane,0.0000,0.0241,0.0023,0.9692,0.0043,0.0001
PBFPHCLI_00164,Cytoplasmic Membrane,0.0000,0.0004,0.0000,0.9992,0.0003,0.0000
PBFPHCLI_00165,Cytoplasmic,0.0004,0.0020,0.9660,0.0222,0.0038,0.0056
PBFPHCLI_00166,Cytoplasmic,0.0000,0.0002,0.9955,0.0001,0.0027,0.0014
PBFPHCLI_00167,Cytoplasmic,0.0002,0.0050,0.9866,0.0036,0.0045,0.0002
PBFPHCLI_00168,Cytoplasmic,0.0027,0.0046,0.9436,0.0121,0.0365,0.0005
PBFPHCLI_00169,Cytoplasmic,0.0031,0.0348,0.7757,0.0419,0.1358,0.0087
PBFPHCLI_00170,Cytoplasmic Membrane,0.0000,0.0000,0.0000,0.9999,0.0001,0.0000
PBFPHCLI_00171,Cytoplasmic,0.0003,0.0066,0.9869,0.0015,0.0025,0.0022
PBFPHCLI_00172,Cytoplasmic,0.0022,0.0027,0.8278,0.0066,0.1586,0.0021
PBFPHCLI_00173,Cytoplasmic,0.0005,0.0075,0.9682,0.0159,0.0076,0.0002
PBFPHCLI_00174,Cytoplasmic,0.0001,0.0004,0.9992,0.0001,0.0002,0.0000
PBFPHCLI_00175,Cytoplasmic,0.0001,0.0004,0.9791,0.0161,0.0041,0.0002
PBFPHCLI_00176,Cytoplasmic,0.0001,0.1303,0.8606,0.0047,0.0042,0.0000
PBFPHCLI_00177,Cytoplasmic Membrane,0.0000,0.0015,0.0000,0.9973,0.0012,0.0000
PBFPHCLI_00178,Cytoplasmic Membrane,0.0001,0.0139,0.0000,0.9852,0.0008,0.0000
PBFPHCLI_00179,Cytoplasmic,0.0000,0.0001,0.9896,0.0041,0.0060,0.0002
PBFPHCLI_00180,Cytoplasmic Membrane,0.0000,0.0000,0.0000,0.9999,0.0001,0.0000
PBFPHCLI_00181,Cytoplasmic,0.0001,0.0003,0.9992,0.0000,0.0003,0.0000
PBFPHCLI_00182,Cytoplasmic,0.0001,0.0023,0.9475,0.0061,0.0346,0.0094
PBFPHCLI_00183,Cytoplasmic,0.0007,0.0013,0.9601,0.0342,0.0030,0.0007
PBFPHCLI_00184,Cytoplasmic,0.0011,0.0007,0.9959,0.0022,0.0001,0.0000
PBFPHCLI_00185,Cytoplasmic,0.0205,0.0180,0.9121,0.0487,0.0007,0.0001
PBFPHCLI_00186,Cytoplasmic,0.0004,0.0055,0.8957,0.0012,0.0875,0.0097
PBFPHCLI_00187,Cytoplasmic,0.0000,0.0000,0.9841,0.0116,0.0042,0.0000
PBFPHCLI_00188,Cytoplasmic,0.0001,0.0000,0.9949,0.0004,0.0046,0.0000
PBFPHCLI_00189,Cytoplasmic,0.0000,0.0000,0.9980,0.0000,0.0019,0.0000
PBFPHCLI_00190,Cytoplasmic Membrane,0.0010,0.0423,0.0000,0.9559,0.0009,0.0000
PBFPHCLI_00191,Cytoplasmic,0.0016,0.0131,0.9679,0.0131,0.0040,0.0002
PBFPHCLI_00192,Cytoplasmic,0.0010,0.0051,0.6334,0.3600,0.0003,0.0001
PBFPHCLI_00193,Cytoplasmic Membrane,0.0000,0.0000,0.0002,0.9997,0.0001,0.0000
PBFPHCLI_00194,Cytoplasmic,0.0024,0.0008,0.9885,0.0074,0.0009,0.0000
PBFPHCLI_00195,Cytoplasmic,0.0002,0.0006,0.9810,0.0134,0.0046,0.0003
PBFPHCLI_00196,Cytoplasmic,0.0002,0.0063,0.9692,0.0236,0.0004,0.0003
PBFPHCLI_00197,Cytoplasmic,0.0003,0.0226,0.9176,0.0539,0.0054,0.0001
PBFPHCLI_00198,Cytoplasmic,0.0001,0.0009,0.9943,0.0046,0.0001,0.0000
PBFPHCLI_00199,Cytoplasmic,0.0001,0.0006,0.9856,0.0130,0.0005,0.0001
PBFPHCLI_00200,Cytoplasmic,0.0000,0.0001,0.9787,0.0022,0.0188,0.0002
PBFPHCLI_00201,Cytoplasmic,0.0011,0.0024,0.9787,0.0148,0.0023,0.0007
PBFPHCLI_00202,Cytoplasmic Membrane,0.0000,0.0017,0.0004,0.9911,0.0068,0.0001
PBFPHCLI_00203,Cytoplasmic,0.0003,0.0079,0.9749,0.0027,0.0122,0.0021
PBFPHCLI_00204,Cytoplasmic,0.0000,0.0000,0.9996,0.0002,0.0001,0.0001
PBFPHCLI_00205,Cytoplasmic,0.0002,0.0008,0.9985,0.0002,0.0003,0.0000
PBFPHCLI_00206,Cytoplasmic,0.0002,0.0005,0.9885,0.0009,0.0064,0.0036
PBFPHCLI_00207,Cytoplasmic,0.0001,0.0001,0.9796,0.0100,0.0101,0.0001
PBFPHCLI_00208,Cytoplasmic,0.0012,0.0013,0.9858,0.0068,0.0040,0.0009
PBFPHCLI_00209,Cytoplasmic,0.0000,0.0000,0.9981,0.0001,0.0018,0.0001
PBFPHCLI_00210,Cytoplasmic,0.0000,0.0001,0.9972,0.0001,0.0023,0.0004
PBFPHCLI_00211,Cytoplasmic,0.0001,0.0002,0.9848,0.0139,0.0009,0.0000
PBFPHCLI_00212,Cytoplasmic,0.0001,0.0003,0.9640,0.0231,0.0126,0.0000
PBFPHCLI_00213,Cytoplasmic Membrane,0.0000,0.0000,0.0001,0.9998,0.0001,0.0000
PBFPHCLI_00214,Cytoplasmic,0.0000,0.0000,0.9998,0.0000,0.0000,0.0001
PBFPHCLI_00215,Cytoplasmic,0.0002,0.0005,0.9124,0.0605,0.0262,0.0002
PBFPHCLI_00216,Cytoplasmic,0.0003,0.0019,0.9959,0.0007,0.0009,0.0003
PBFPHCLI_00217,Cytoplasmic Membrane,0.0000,0.0000,0.0001,0.9998,0.0001,0.0000
PBFPHCLI_00218,Cytoplasmic,0.0005,0.0042,0.9472,0.0023,0.0453,0.0005
PBFPHCLI_00219,Cytoplasmic,0.0005,0.0041,0.9074,0.0050,0.0798,0.0032
PBFPHCLI_00220,Cytoplasmic,0.0008,0.0113,0.9652,0.0026,0.0103,0.0098
PBFPHCLI_00221,Cytoplasmic,0.0000,0.0000,0.9976,0.0000,0.0023,0.0001
PBFPHCLI_00222,Cytoplasmic,0.0000,0.0001,0.7986,0.0008,0.2003,0.0001
PBFPHCLI_00223,Cytoplasmic Membrane,0.0000,0.0000,0.0000,1.0000,0.0000,0.0000
PBFPHCLI_00224,Cytoplasmic Membrane,0.0001,0.0001,0.0702,0.9155,0.0138,0.0003
PBFPHCLI_00225,Cytoplasmic,0.0000,0.0000,0.9987,0.0000,0.0013,0.0000
PBFPHCLI_00226,Cytoplasmic,0.0000,0.0003,0.9994,0.0001,0.0002,0.0001
PBFPHCLI_00227,Cytoplasmic,0.0000,0.0066,0.9679,0.0058,0.0194,0.0002
PBFPHCLI_00228,Cytoplasmic,0.0005,0.0007,0.8423,0.0574,0.0986,0.0004
PBFPHCLI_00229,Cytoplasmic Membrane,0.0000,0.0002,0.0001,0.9992,0.0005,0.0000
PBFPHCLI_00230,Cytoplasmic,0.0002,0.0002,0.9932,0.0023,0.0034,0.0007
PBFPHCLI_00231,Cytoplasmic,0.0002,0.0013,0.9966,0.0005,0.0005,0.0010
PBFPHCLI_00232,Cytoplasmic,0.0011,0.0985,0.7260,0.1738,0.0006,0.0000
PBFPHCLI_00233,Cytoplasmic,0.0009,0.0021,0.8579,0.0052,0.1127,0.0212
PBFPHCLI_00234,Cytoplasmic,0.0002,0.0012,0.9887,0.0044,0.0040,0.0016
PBFPHCLI_00235,Cytoplasmic,0.0006,0.0044,0.9681,0.0011,0.0145,0.0113
PBFPHCLI_00236,Cytoplasmic,0.0005,0.0019,0.7423,0.1609,0.0928,0.0017
PBFPHCLI_00237,Cytoplasmic,0.0001,0.0001,0.9886,0.0006,0.0104,0.0001
PBFPHCLI_00238,Cytoplasmic,0.0026,0.0056,0.9557,0.0053,0.0292,0.0015
PBFPHCLI_00239,Cytoplasmic,0.0000,0.0000,0.9979,0.0001,0.0019,0.0000
PBFPHCLI_00240,Cytoplasmic,0.0001,0.0033,0.9619,0.0238,0.0104,0.0005
PBFPHCLI_00241,Cytoplasmic,0.0004,0.1610,0.7960,0.0269,0.0156,0.0002
PBFPHCLI_00242,Cytoplasmic,0.0000,0.0000,0.9995,0.0003,0.0000,0.0000
PBFPHCLI_00243,Cytoplasmic,0.0003,0.0007,0.9956,0.0029,0.0004,0.0000
PBFPHCLI_00244,Cytoplasmic,0.0001,0.0001,0.9902,0.0009,0.0087,0.0001
PBFPHCLI_00245,Cytoplasmic,0.0001,0.0002,0.9921,0.0015,0.0061,0.0000
PBFPHCLI_00246,Cytoplasmic,0.0001,0.0002,0.9623,0.0129,0.0242,0.0002
PBFPHCLI_00247,Cytoplasmic,0.0000,0.0000,0.9963,0.0005,0.0032,0.0000
PBFPHCLI_00248,Cytoplasmic,0.0001,0.0001,0.9714,0.0003,0.0281,0.0001
PBFPHCLI_00249,Cytoplasmic,0.0000,0.0001,0.9998,0.0000,0.0000,0.0000
PBFPHCLI_00250,Cytoplasmic,0.0003,0.0005,0.9836,0.0039,0.0108,0.0008
PBFPHCLI_00251,Cytoplasmic,0.0000,0.0000,0.9994,0.0000,0.0005,0.0001
PBFPHCLI_00252,Cytoplasmic Membrane,0.0000,0.0000,0.0000,1.0000,0.0000,0.0000
PBFPHCLI_00253,Cytoplasmic Membrane,0.0000,0.0000,0.0002,0.9985,0.0013,0.0000
PBFPHCLI_00254,Cytoplasmic,0.0000,0.0015,0.9083,0.0821,0.0078,0.0003
PBFPHCLI_00255,Cytoplasmic,0.0000,0.0001,0.9947,0.0004,0.0047,0.0000
PBFPHCLI_00256,Cytoplasmic,0.0002,0.0011,0.9367,0.0209,0.0400,0.0013
PBFPHCLI_00257,Cytoplasmic,0.0000,0.0000,0.9859,0.0000,0.0141,0.0000
PBFPHCLI_00258,Cytoplasmic,0.0031,0.0035,0.6012,0.1278,0.2588,0.0056
PBFPHCLI_00259,Cytoplasmic,0.0000,0.0003,0.9927,0.0006,0.0055,0.0009
PBFPHCLI_00260,Cytoplasmic,0.0016,0.0026,0.9659,0.0025,0.0263,0.0011
PBFPHCLI_00261,Cytoplasmic,0.0006,0.0026,0.9799,0.0153,0.0010,0.0005
PBFPHCLI_00262,Cytoplasmic Membrane,0.0000,0.0000,0.0033,0.9962,0.0004,0.0000
PBFPHCLI_00263,Cytoplasmic Membrane,0.0000,0.0007,0.0000,0.9987,0.0006,0.0000
PBFPHCLI_00264,Cytoplasmic,0.0000,0.0000,0.9951,0.0014,0.0035,0.0000
PBFPHCLI_00265,Cytoplasmic,0.0001,0.0002,0.9920,0.0003,0.0073,0.0002
PBFPHCLI_00266,Cytoplasmic,0.0003,0.0062,0.9828,0.0039,0.0055,0.0013
PBFPHCLI_00267,Cytoplasmic,0.0852,0.0395,0.8659,0.0021,0.0063,0.0010
PBFPHCLI_00269,Cytoplasmic Membrane,0.0000,0.0324,0.0000,0.9657,0.0018,0.0000
PBFPHCLI_00270,Cytoplasmic,0.0001,0.0032,0.9699,0.0013,0.0245,0.0011
PBFPHCLI_00271,Cytoplasmic,0.0042,0.0030,0.9813,0.0103,0.0009,0.0003
PBFPHCLI_00272,Cytoplasmic Membrane,0.0008,0.0017,0.1817,0.8004,0.0148,0.0006
PBFPHCLI_00273,Cytoplasmic,0.0004,0.0005,0.9945,0.0021,0.0024,0.0001
PBFPHCLI_00274,Cytoplasmic,0.0001,0.0002,0.9770,0.0104,0.0099,0.0023
PBFPHCLI_00275,Cytoplasmic,0.0003,0.0001,0.9897,0.0069,0.0030,0.0000
PBFPHCLI_00276,Cytoplasmic,0.0008,0.0211,0.8626,0.0397,0.0681,0.0077
PBFPHCLI_00277,Cytoplasmic,0.0006,0.0223,0.9697,0.0005,0.0060,0.0010
PBFPHCLI_00278,Cytoplasmic,0.0000,0.0001,0.9891,0.0059,0.0049,0.0001
PBFPHCLI_00279,Cytoplasmic,0.0004,0.0009,0.9547,0.0149,0.0289,0.0001
PBFPHCLI_00280,Cytoplasmic,0.0001,0.0004,0.9936,0.0014,0.0044,0.0001
PBFPHCLI_00281,Cytoplasmic,0.0000,0.0000,0.9938,0.0003,0.0058,0.0001
PBFPHCLI_00282,Cytoplasmic,0.0014,0.0130,0.9462,0.0385,0.0009,0.0001
PBFPHCLI_00283,Cytoplasmic,0.0053,0.0040,0.9515,0.0346,0.0041,0.0004
PBFPHCLI_00284,Cytoplasmic,0.0008,0.0006,0.8529,0.1222,0.0232,0.0002
PBFPHCLI_00285,Cytoplasmic,0.0002,0.0051,0.9544,0.0005,0.0370,0.0028
PBFPHCLI_00286,Outer Membrane,0.0070,0.0007,0.4434,0.0001,0.5475,0.0013
PBFPHCLI_00287,Cytoplasmic,0.0018,0.0246,0.9701,0.0020,0.0015,0.0000
PBFPHCLI_00288,Cytoplasmic,0.0021,0.0034,0.9652,0.0284,0.0005,0.0005
PBFPHCLI_00289,Cytoplasmic Membrane,0.0000,0.0012,0.0067,0.9917,0.0003,0.0000
PBFPHCLI_00290,Cytoplasmic,0.0004,0.0020,0.9611,0.0077,0.0283,0.0007
PBFPHCLI_00291,Cytoplasmic Membrane,0.0053,0.0809,0.0015,0.8960,0.0163,0.0001
PBFPHCLI_00292,Cytoplasmic Membrane,0.0000,0.0006,0.0002,0.9979,0.0013,0.0000
PBFPHCLI_00293,Cytoplasmic,0.0000,0.0003,0.9894,0.0010,0.0072,0.0021
PBFPHCLI_00294,Cytoplasmic,0.0001,0.0000,0.9983,0.0002,0.0014,0.0000
PBFPHCLI_00295,Cytoplasmic,0.0005,0.0040,0.6859,0.2883,0.0208,0.0006
PBFPHCLI_00296,Cytoplasmic Membrane,0.0000,0.0001,0.0000,0.9996,0.0003,0.0000
PBFPHCLI_00297,Cytoplasmic,0.0000,0.0000,0.9960,0.0002,0.0037,0.0001
PBFPHCLI_00298,Cytoplasmic,0.0000,0.0016,0.9930,0.0044,0.0010,0.0000
PBFPHCLI_00299,Cytoplasmic,0.0001,0.0417,0.9360,0.0056,0.0164,0.0001
PBFPHCLI_00300,Cytoplasmic,0.0001,0.0001,0.9720,0.0064,0.0207,0.0007
PBFPHCLI_00301,Cytoplasmic,0.0004,0.0005,0.9770,0.0158,0.0047,0.0016
PBFPHCLI_00302,Cytoplasmic,0.0004,0.0067,0.9434,0.0139,0.0317,0.0039
PBFPHCLI_00303,Cytoplasmic,0.0009,0.0022,0.8533,0.0347,0.0983,0.0106
PBFPHCLI_00304,Cytoplasmic,0.0000,0.0016,0.9801,0.0146,0.0027,0.0010
PBFPHCLI_00305,Cytoplasmic Membrane,0.0001,0.0178,0.0062,0.9617,0.0143,0.0000
PBFPHCLI_00306,Cytoplasmic,0.0031,0.0835,0.8578,0.0401,0.0151,0.0005
PBFPHCLI_00307,Cytoplasmic Membrane,0.0001,0.0033,0.3480,0.6474,0.0012,0.0000
PBFPHCLI_00308,Cytoplasmic,0.0001,0.0459,0.9449,0.0007,0.0083,0.0001
PBFPHCLI_00309,Cytoplasmic,0.0004,0.0193,0.9498,0.0169,0.0128,0.0007
PBFPHCLI_00310,Extracellular,0.1076,0.8832,0.0002,0.0065,0.0008,0.0016
PBFPHCLI_00311,Cytoplasmic,0.0388,0.3434,0.5646,0.0249,0.0273,0.0010
PBFPHCLI_00312,Extracellular,0.0023,0.5876,0.3984,0.0033,0.0078,0.0006
PBFPHCLI_00313,Cytoplasmic Membrane,0.0000,0.0028,0.0000,0.9968,0.0003,0.0000
PBFPHCLI_00314,Cytoplasmic,0.0003,0.0689,0.9013,0.0210,0.0085,0.0000
PBFPHCLI_00315,Cytoplasmic,0.0062,0.0147,0.9598,0.0087,0.0101,0.0004
PBFPHCLI_00316,Cytoplasmic,0.0001,0.0001,0.9941,0.0007,0.0050,0.0001
PBFPHCLI_00317,Cytoplasmic,0.0003,0.0017,0.9560,0.0017,0.0309,0.0095
PBFPHCLI_00318,Cytoplasmic,0.0001,0.0003,0.9940,0.0004,0.0030,0.0022
PBFPHCLI_00319,Cytoplasmic,0.0001,0.0001,0.9949,0.0004,0.0037,0.0008
PBFPHCLI_00320,Cytoplasmic,0.0000,0.0033,0.9946,0.0002,0.0011,0.0007
PBFPHCLI_00321,Cytoplasmic,0.0001,0.0003,0.9989,0.0003,0.0003,0.0002
PBFPHCLI_00322,Cytoplasmic,0.0000,0.0007,0.9858,0.0008,0.0124,0.0002
PBFPHCLI_00323,Cytoplasmic,0.0000,0.0002,0.9980,0.0002,0.0005,0.0010
PBFPHCLI_00324,Cytoplasmic,0.0001,0.0007,0.9918,0.0062,0.0013,0.0000
PBFPHCLI_00325,Cytoplasmic,0.0002,0.0026,0.9929,0.0021,0.0020,0.0002
PBFPHCLI_00326,Cytoplasmic,0.0016,0.0047,0.5834,0.0698,0.3388,0.0018
PBFPHCLI_00327,Cytoplasmic,0.0005,0.0018,0.9781,0.0180,0.0014,0.0001
PBFPHCLI_00328,Cytoplasmic,0.0365,0.0587,0.4826,0.1701,0.2110,0.0410
PBFPHCLI_00329,Cytoplasmic,0.0000,0.0001,0.9996,0.0001,0.0001,0.0000
PBFPHCLI_00330,Cytoplasmic,0.0000,0.0003,0.9817,0.0026,0.0148,0.0006
PBFPHCLI_00331,Cytoplasmic,0.0005,0.0550,0.5592,0.3745,0.0102,0.0006
PBFPHCLI_00332,Cytoplasmic,0.0001,0.0001,0.9978,0.0003,0.0016,0.0001
PBFPHCLI_00333,Cytoplasmic,0.0001,0.0003,0.9978,0.0001,0.0012,0.0005
PBFPHCLI_00334,Cytoplasmic Membrane,0.0000,0.0063,0.0000,0.9936,0.0000,0.0000
PBFPHCLI_00335,Cytoplasmic,0.0001,0.0133,0.9838,0.0012,0.0014,0.0002
PBFPHCLI_00336,Cytoplasmic,0.0000,0.0001,0.9996,0.0001,0.0003,0.0000
PBFPHCLI_00337,Cytoplasmic,0.0000,0.0001,0.9984,0.0001,0.0012,0.0002
PBFPHCLI_00338,Cytoplasmic,0.0039,0.0010,0.9239,0.0459,0.0251,0.0001
PBFPHCLI_00339,Cytoplasmic,0.0001,0.0001,0.9414,0.0583,0.0001,0.0000
PBFPHCLI_00340,Cytoplasmic Membrane,0.0000,0.0006,0.0001,0.9989,0.0005,0.0000
PBFPHCLI_00341,Cytoplasmic,0.0009,0.0004,0.9674,0.0222,0.0091,0.0000
PBFPHCLI_00342,Cytoplasmic,0.0003,0.0006,0.9741,0.0123,0.0126,0.0001
PBFPHCLI_00343,Cytoplasmic,0.0008,0.0010,0.7961,0.1960,0.0060,0.0001
PBFPHCLI_00344,Cytoplasmic Membrane,0.0000,0.0000,0.0001,0.9996,0.0003,0.0000
PBFPHCLI_00345,Cytoplasmic Membrane,0.0006,0.0002,0.0789,0.9024,0.0177,0.0003
PBFPHCLI_00346,Cytoplasmic,0.0002,0.0002,0.9936,0.0014,0.0044,0.0003
PBFPHCLI_00347,Cytoplasmic Membrane,0.0000,0.0000,0.0000,0.9998,0.0001,0.0000
PBFPHCLI_00348,Cytoplasmic Membrane,0.0001,0.0007,0.0000,0.9992,0.0000,0.0000
PBFPHCLI_00349,Cytoplasmic Membrane,0.0001,0.0081,0.0000,0.9911,0.0008,0.0000
PBFPHCLI_00350,Cytoplasmic,0.0001,0.0000,0.9995,0.0001,0.0003,0.0001
PBFPHCLI_00351,Cytoplasmic,0.0000,0.0011,0.9847,0.0029,0.0107,0.0005
PBFPHCLI_00352,Cytoplasmic Membrane,0.0000,0.0003,0.0011,0.9985,0.0001,0.0000
PBFPHCLI_00353,Cytoplasmic Membrane,0.0000,0.0030,0.0000,0.9962,0.0008,0.0000
PBFPHCLI_00354,Cytoplasmic Membrane,0.0001,0.0005,0.0008,0.9968,0.0019,0.0000
PBFPHCLI_00355,Cytoplasmic,0.0001,0.0005,0.9757,0.0037,0.0192,0.0008
PBFPHCLI_00356,Cytoplasmic,0.0009,0.0020,0.9870,0.0097,0.0002,0.0002
PBFPHCLI_00357,Cytoplasmic,0.0003,0.0003,0.9978,0.0002,0.0010,0.0004
PBFPHCLI_00358,Cytoplasmic,0.0071,0.1476,0.8300,0.0054,0.0012,0.0088
PBFPHCLI_00359,Extracellular,0.0001,0.4238,0.4111,0.1224,0.0419,0.0007
PBFPHCLI_00365,Cytoplasmic,0.0011,0.0010,0.8899,0.0999,0.0077,0.0004
PBFPHCLI_00366,Cytoplasmic,0.0000,0.0001,0.9845,0.0095,0.0058,0.0001
PBFPHCLI_00367,Cytoplasmic,0.0002,0.0018,0.9813,0.0108,0.0058,0.0000
PBFPHCLI_00368,Cytoplasmic,0.0003,0.0159,0.9789,0.0041,0.0007,0.0000
PBFPHCLI_00369,Cytoplasmic,0.0011,0.0634,0.8862,0.0012,0.0419,0.0063
PBFPHCLI_00370,Cytoplasmic,0.0004,0.0057,0.9543,0.0394,0.0002,0.0000
PBFPHCLI_00371,Cytoplasmic,0.0068,0.0172,0.9439,0.0272,0.0048,0.0001
PBFPHCLI_00372,Cytoplasmic,0.0019,0.0076,0.9330,0.0247,0.0310,0.0019
PBFPHCLI_00373,Cytoplasmic,0.0011,0.0180,0.7570,0.2182,0.0052,0.0005
PBFPHCLI_00374,Cytoplasmic,0.0059,0.1708,0.7109,0.0878,0.0240,0.0005
PBFPHCLI_00375,Cytoplasmic,0.0001,0.0094,0.9800,0.0023,0.0042,0.0040
PBFPHCLI_00376,Cytoplasmic,0.0045,0.0524,0.9383,0.0007,0.0031,0.0010
PBFPHCLI_00401,Cytoplasmic Membrane,0.0000,0.0000,0.0001,0.9992,0.0007,0.0000
PBFPHCLI_00402,Cytoplasmic Membrane,0.0000,0.0039,0.0009,0.9947,0.0005,0.0000
PBFPHCLI_00403,Cytoplasmic,0.0002,0.0001,0.9967,0.0012,0.0018,0.0001
PBFPHCLI_00404,Cytoplasmic,0.0008,0.0005,0.9937,0.0042,0.0008,0.0001
PBFPHCLI_00405,Cytoplasmic,0.0004,0.0105,0.9653,0.0058,0.0176,0.0003
PBFPHCLI_00406,Cytoplasmic,0.0001,0.0008,0.8521,0.0021,0.1429,0.0020
PBFPHCLI_00407,Cytoplasmic,0.0329,0.0189,0.8412,0.0788,0.0233,0.0050
PBFPHCLI_00408,Cytoplasmic Membrane,0.0002,0.1027,0.0000,0.8736,0.0234,0.0001
PBFPHCLI_00409,Cytoplasmic Membrane,0.0000,0.0576,0.0001,0.9418,0.0004,0.0000
PBFPHCLI_00410,Cytoplasmic Membrane,0.0003,0.0841,0.0031,0.8941,0.0182,0.0002
PBFPHCLI_00411,Cytoplasmic Membrane,0.0001,0.0556,0.0237,0.9204,0.0002,0.0000
PBFPHCLI_00412,Cytoplasmic Membrane,0.0005,0.0621,0.0001,0.9373,0.0000,0.0000
PBFPHCLI_00413,Cytoplasmic Membrane,0.0000,0.0000,0.0000,0.9996,0.0003,0.0000
PBFPHCLI_00414,Cytoplasmic,0.0000,0.0001,0.9513,0.0481,0.0005,0.0000
PBFPHCLI_00415,Cytoplasmic,0.0054,0.0039,0.9530,0.0334,0.0039,0.0003
PBFPHCLI_00416,Cytoplasmic,0.0000,0.0002,0.9955,0.0011,0.0029,0.0002
PBFPHCLI_00417,Cytoplasmic Membrane,0.0001,0.0037,0.0000,0.9954,0.0008,0.0000
PBFPHCLI_00418,Cytoplasmic,0.0002,0.0014,0.9846,0.0055,0.0081,0.0002
PBFPHCLI_00419,Cytoplasmic,0.0000,0.0001,0.9984,0.0005,0.0008,0.0001
PBFPHCLI_00420,Cytoplasmic Membrane,0.0743,0.0677,0.0636,0.6221,0.1722,0.0001
PBFPHCLI_00421,Cytoplasmic Membrane,0.0004,0.0003,0.0109,0.9882,0.0003,0.0000
PBFPHCLI_00422,Cytoplasmic Membrane,0.0000,0.0001,0.0000,0.9999,0.0000,0.0000
PBFPHCLI_00423,Cytoplasmic,0.0003,0.0032,0.9896,0.0062,0.0008,0.0000
PBFPHCLI_00424,Cytoplasmic,0.0007,0.0458,0.7235,0.1290,0.1002,0.0008
PBFPHCLI_00425,Cytoplasmic,0.0000,0.0002,0.9995,0.0002,0.0000,0.0000
PBFPHCLI_00426,Cytoplasmic,0.0000,0.0003,0.9990,0.0001,0.0006,0.0001
PBFPHCLI_00427,Cytoplasmic,0.0007,0.0046,0.9929,0.0006,0.0009,0.0003
PBFPHCLI_00428,Cytoplasmic,0.0002,0.0003,0.8349,0.1642,0.0004,0.0000
PBFPHCLI_00429,Cytoplasmic,0.0000,0.0005,0.9699,0.0002,0.0171,0.0122
PBFPHCLI_00430,Cytoplasmic,0.0018,0.0016,0.9322,0.0620,0.0021,0.0003
PBFPHCLI_00431,Cytoplasmic Membrane,0.0000,0.0001,0.0002,0.9994,0.0003,0.0000
PBFPHCLI_00432,Cytoplasmic,0.0001,0.0006,0.9860,0.0023,0.0101,0.0010
PBFPHCLI_00433,Cytoplasmic,0.0000,0.0000,0.9980,0.0004,0.0016,0.0000
PBFPHCLI_00434,Cytoplasmic,0.0002,0.0339,0.9528,0.0075,0.0056,0.0000
PBFPHCLI_00435,Cytoplasmic,0.0001,0.0001,0.9970,0.0001,0.0026,0.0002
PBFPHCLI_00436,Cytoplasmic,0.0004,0.0000,0.9949,0.0040,0.0006,0.0000
PBFPHCLI_00437,Cytoplasmic,0.0001,0.0001,0.9986,0.0006,0.0004,0.0001
PBFPHCLI_00438,Cytoplasmic Membrane,0.0000,0.0017,0.0000,0.9979,0.0004,0.0000
PBFPHCLI_00439,Cytoplasmic,0.0004,0.0054,0.9734,0.0160,0.0041,0.0007
PBFPHCLI_00440,Cytoplasmic,0.0001,0.0006,0.9883,0.0064,0.0045,0.0001
PBFPHCLI_00441,Cytoplasmic,0.0007,0.0005,0.9875,0.0103,0.0009,0.0001
PBFPHCLI_00442,Cytoplasmic,0.0001,0.0002,0.9951,0.0035,0.0011,0.0001
PBFPHCLI_00443,Cytoplasmic,0.0027,0.0045,0.9668,0.0230,0.0017,0.0012
PBFPHCLI_00444,Cytoplasmic Membrane,0.0019,0.0049,0.0105,0.9567,0.0255,0.0004
PBFPHCLI_00445,Cytoplasmic,0.0001,0.0003,0.9465,0.0125,0.0401,0.0005
PBFPHCLI_00446,Cytoplasmic,0.0001,0.0007,0.9982,0.0006,0.0002,0.0002
PBFPHCLI_00447,Cytoplasmic Membrane,0.0000,0.0000,0.0000,0.9999,0.0001,0.0000
PBFPHCLI_00448,Cytoplasmic Membrane,0.0000,0.0023,0.0000,0.9972,0.0005,0.0000
PBFPHCLI_00449,Cytoplasmic,0.0000,0.0505,0.9440,0.0053,0.0002,0.0000
PBFPHCLI_00450,Cytoplasmic,0.0006,0.0121,0.9566,0.0285,0.0019,0.0003
PBFPHCLI_00451,Cytoplasmic Membrane,0.0050,0.1384,0.0001,0.8490,0.0069,0.0006
PBFPHCLI_00452,Cytoplasmic Membrane,0.0001,0.0003,0.1351,0.8065,0.0576,0.0003
PBFPHCLI_00453,Cytoplasmic Membrane,0.0000,0.0000,0.0000,0.9999,0.0001,0.0000
PBFPHCLI_00454,Cytoplasmic Membrane,0.0000,0.0000,0.0000,0.9999,0.0001,0.0000
PBFPHCLI_00455,Cytoplasmic Membrane,0.0002,0.0070,0.0007,0.9900,0.0021,0.0000
PBFPHCLI_00456,Cytoplasmic,0.0005,0.0021,0.9329,0.0088,0.0553,0.0004
PBFPHCLI_00457,Cytoplasmic,0.0001,0.0019,0.9796,0.0087,0.0096,0.0001
PBFPHCLI_00458,Cytoplasmic,0.0002,0.0001,0.9994,0.0002,0.0001,0.0000
PBFPHCLI_00459,Cytoplasmic Membrane,0.0017,0.0033,0.2379,0.7170,0.0352,0.0048
PBFPHCLI_00460,Cytoplasmic Membrane,0.0000,0.0000,0.0000,1.0000,0.0000,0.0000
PBFPHCLI_00461,Cytoplasmic Membrane,0.0000,0.0001,0.0001,0.9997,0.0001,0.0000
PBFPHCLI_00462,Cytoplasmic Membrane,0.0000,0.0000,0.0000,0.9999,0.0001,0.0000
PBFPHCLI_00463,Cytoplasmic Membrane,0.0000,0.0000,0.0000,0.9998,0.0002,0.0000
PBFPHCLI_00464,Cytoplasmic,0.0000,0.0000,0.9977,0.0000,0.0020,0.0002
PBFPHCLI_00465,Cytoplasmic,0.0000,0.0002,0.9955,0.0024,0.0015,0.0003
PBFPHCLI_00466,Cytoplasmic,0.0004,0.0001,0.9952,0.0007,0.0034,0.0001
PBFPHCLI_00467,Cytoplasmic Membrane,0.0000,0.0002,0.0001,0.9995,0.0002,0.0000
PBFPHCLI_00468,Outer Membrane,0.0000,0.0000,0.1693,0.0007,0.8297,0.0002
PBFPHCLI_00469,Cytoplasmic Membrane,0.0000,0.0000,0.0000,0.9999,0.0001,0.0000
PBFPHCLI_00470,Cytoplasmic,0.0004,0.0185,0.9795,0.0005,0.0005,0.0005
PBFPHCLI_00471,Cytoplasmic Membrane,0.0000,0.0123,0.0003,0.9725,0.0149,0.0000
PBFPHCLI_00472,Cytoplasmic,0.0014,0.0551,0.9349,0.0033,0.0051,0.0003
PBFPHCLI_00473,Cytoplasmic Membrane,0.0000,0.0000,0.0000,0.9999,0.0001,0.0000
PBFPHCLI_00474,Cytoplasmic,0.0000,0.0014,0.8389,0.0021,0.1549,0.0027
PBFPHCLI_00475,Cytoplasmic Membrane,0.0000,0.0000,0.0000,0.9999,0.0001,0.0000
PBFPHCLI_00476,Cytoplasmic,0.0003,0.0024,0.8507,0.1138,0.0256,0.0072
PBFPHCLI_00477,Cytoplasmic,0.0004,0.0054,0.7437,0.1055,0.1230,0.0221
PBFPHCLI_00478,Cytoplasmic,0.0006,0.0138,0.9723,0.0093,0.0023,0.0018
PBFPHCLI_00479,Cytoplasmic Membrane,0.0000,0.0000,0.0000,1.0000,0.0000,0.0000
PBFPHCLI_00480,Cytoplasmic,0.0000,0.0001,0.9943,0.0004,0.0020,0.0032
PBFPHCLI_00481,Cytoplasmic Membrane,0.0000,0.0000,0.0000,0.9996,0.0004,0.0000
PBFPHCLI_00482,Cytoplasmic,0.0010,0.0065,0.9419,0.0470,0.0024,0.0012
PBFPHCLI_00483,Cytoplasmic,0.0002,0.0027,0.9761,0.0073,0.0073,0.0063
PBFPHCLI_00484,Cytoplasmic Membrane,0.0000,0.0015,0.0001,0.9982,0.0003,0.0000
PBFPHCLI_00485,Cytoplasmic,0.0001,0.0004,0.9404,0.0457,0.0130,0.0005
PBFPHCLI_00486,Cytoplasmic,0.0002,0.0041,0.9775,0.0151,0.0031,0.0000
PBFPHCLI_00487,Cytoplasmic,0.0035,0.0285,0.9640,0.0006,0.0021,0.0013
PBFPHCLI_00488,Cytoplasmic,0.0000,0.0004,0.9966,0.0001,0.0027,0.0003
PBFPHCLI_00489,Cytoplasmic,0.0000,0.0001,0.9816,0.0007,0.0144,0.0032
PBFPHCLI_00490,Cytoplasmic,0.0001,0.0054,0.9788,0.0005,0.0095,0.0056
PBFPHCLI_00491,Cytoplasmic,0.0010,0.0053,0.9518,0.0132,0.0259,0.0028
PBFPHCLI_00492,Cytoplasmic Membrane,0.0000,0.0000,0.0000,0.9998,0.0002,0.0000
PBFPHCLI_00493,Cytoplasmic,0.0098,0.0908,0.8215,0.0670,0.0106,0.0003
PBFPHCLI_00494,Cytoplasmic,0.0002,0.0007,0.9482,0.0065,0.0431,0.0013
PBFPHCLI_00495,Cytoplasmic,0.0000,0.0001,0.9690,0.0027,0.0239,0.0043
PBFPHCLI_00496,Cytoplasmic Membrane,0.0000,0.0000,0.0000,1.0000,0.0000,0.0000
PBFPHCLI_00497,Cytoplasmic,0.0007,0.0097,0.9802,0.0072,0.0020,0.0002
PBFPHCLI_00498,Cytoplasmic,0.0004,0.0011,0.8984,0.0502,0.0496,0.0003
PBFPHCLI_00499,Cytoplasmic,0.0008,0.0033,0.9815,0.0104,0.0040,0.0000
PBFPHCLI_00500,Cytoplasmic Membrane,0.0000,0.0001,0.0002,0.9987,0.0010,0.0000
PBFPHCLI_00501,Cytoplasmic,0.0001,0.0003,0.7147,0.2316,0.0530,0.0003
PBFPHCLI_00502,Cytoplasmic Membrane,0.0007,0.0007,0.4015,0.4893,0.1054,0.0024
PBFPHCLI_00503,Cytoplasmic Membrane,0.0028,0.0041,0.2753,0.5579,0.1568,0.0032
PBFPHCLI_00504,Cytoplasmic,0.0014,0.0033,0.3771,0.3322,0.2804,0.0055
PBFPHCLI_00505,Cytoplasmic Membrane,0.0128,0.0020,0.4579,0.5156,0.0087,0.0030
PBFPHCLI_00506,Cytoplasmic Membrane,0.0000,0.0001,0.0000,0.9987,0.0012,0.0000
PBFPHCLI_00507,Cytoplasmic Membrane,0.0000,0.0272,0.0005,0.9572,0.0149,0.0001
PBFPHCLI_00508,Cytoplasmic Membrane,0.0000,0.0000,0.0000,0.9992,0.0007,0.0000
PBFPHCLI_00509,Cytoplasmic Membrane,0.0000,0.0000,0.0000,0.9998,0.0002,0.0000
PBFPHCLI_00510,Cytoplasmic Membrane,0.0000,0.0000,0.0001,0.9998,0.0000,0.0000
PBFPHCLI_00511,Cytoplasmic Membrane,0.0000,0.0000,0.0002,0.9997,0.0000,0.0000
PBFPHCLI_00512,Cytoplasmic,0.0003,0.0009,0.9762,0.0165,0.0051,0.0010
PBFPHCLI_00513,Cytoplasmic,0.0000,0.0002,0.9592,0.0086,0.0316,0.0003
PBFPHCLI_00514,Cytoplasmic,0.0002,0.0009,0.9829,0.0017,0.0117,0.0026
PBFPHCLI_00515,Cytoplasmic,0.0001,0.0001,0.9949,0.0005,0.0042,0.0002
PBFPHCLI_00516,Cytoplasmic,0.0000,0.0001,0.9996,0.0002,0.0001,0.0001
PBFPHCLI_00517,Cytoplasmic,0.0000,0.0001,0.9978,0.0003,0.0017,0.0001
PBFPHCLI_00518,Cytoplasmic,0.0000,0.0006,0.9807,0.0011,0.0176,0.0000
PBFPHCLI_00519,Cytoplasmic Membrane,0.0009,0.0005,0.2801,0.6918,0.0252,0.0016
PBFPHCLI_00520,Cytoplasmic,0.0001,0.0027,0.8871,0.0002,0.1098,0.0002
PBFPHCLI_00521,Cytoplasmic Membrane,0.0001,0.0733,0.0297,0.8660,0.0287,0.0022
PBFPHCLI_00522,Cytoplasmic Membrane,0.0000,0.0001,0.0000,0.9996,0.0003,0.0000
PBFPHCLI_00523,Cytoplasmic Membrane,0.0000,0.0001,0.0000,0.9999,0.0000,0.0000
PBFPHCLI_00524,Cytoplasmic,0.0002,0.0028,0.9857,0.0071,0.0040,0.0002
PBFPHCLI_00525,Cytoplasmic,0.0004,0.0109,0.9334,0.0126,0.0415,0.0012
PBFPHCLI_00526,Cytoplasmic,0.0011,0.0021,0.9543,0.0424,0.0001,0.0000
PBFPHCLI_00527,Cytoplasmic Membrane,0.0228,0.0287,0.0003,0.9428,0.0051,0.0003
PBFPHCLI_00528,Cell wall & surface,0.5277,0.1816,0.2147,0.0653,0.0097,0.0009
PBFPHCLI_00529,Cytoplasmic Membrane,0.0008,0.0994,0.0001,0.8955,0.0043,0.0000
PBFPHCLI_00530,Cytoplasmic,0.0057,0.0042,0.8875,0.0053,0.0971,0.0002
PBFPHCLI_00531,Cytoplasmic,0.0029,0.1833,0.5984,0.1908,0.0245,0.0002
PBFPHCLI_00532,Cytoplasmic,0.0001,0.0003,0.9920,0.0003,0.0072,0.0000
PBFPHCLI_00533,Cytoplasmic,0.0021,0.0227,0.9282,0.0005,0.0463,0.0002
PBFPHCLI_00534,Cytoplasmic,0.0002,0.0003,0.9896,0.0003,0.0096,0.0000
PBFPHCLI_00535,Cytoplasmic Membrane,0.0001,0.0308,0.0027,0.9583,0.0075,0.0007
PBFPHCLI_00536,Cytoplasmic,0.0007,0.1100,0.8742,0.0039,0.0110,0.0001
PBFPHCLI_00537,Cytoplasmic,0.0005,0.2437,0.7390,0.0014,0.0153,0.0001
PBFPHCLI_00538,Extracellular,0.0008,0.4874,0.4595,0.0013,0.0509,0.0000
PBFPHCLI_00539,Cytoplasmic,0.0007,0.3113,0.6403,0.0367,0.0109,0.0001
PBFPHCLI_00540,Cytoplasmic,0.0046,0.4178,0.5581,0.0032,0.0163,0.0000
PBFPHCLI_00541,Cytoplasmic,0.0019,0.2588,0.6756,0.0525,0.0112,0.0001
PBFPHCLI_00542,Cytoplasmic,0.0022,0.0544,0.9056,0.0037,0.0335,0.0005
PBFPHCLI_00543,Cytoplasmic,0.0014,0.1001,0.8863,0.0013,0.0042,0.0066
PBFPHCLI_00544,Cytoplasmic,0.0003,0.1790,0.8045,0.0076,0.0084,0.0002
PBFPHCLI_00545,Cytoplasmic,0.0013,0.0682,0.8899,0.0010,0.0335,0.0061
PBFPHCLI_00547,Cytoplasmic Membrane,0.0000,0.0000,0.0003,0.9994,0.0003,0.0000
PBFPHCLI_00548,Cytoplasmic Membrane,0.0000,0.0017,0.0007,0.9845,0.0130,0.0000
PBFPHCLI_00549,Extracellular,0.0007,0.3660,0.2567,0.3207,0.0487,0.0072
PBFPHCLI_00551,Cytoplasmic,0.0001,0.0603,0.5773,0.3517,0.0089,0.0017
PBFPHCLI_00552,Cytoplasmic Membrane,0.0000,0.0000,0.0000,0.9997,0.0003,0.0000
PBFPHCLI_00553,Periplasmic,0.0065,0.1873,0.0829,0.0676,0.1999,0.4559
PBFPHCLI_00554,Cytoplasmic Membrane,0.0000,0.0025,0.0000,0.9829,0.0146,0.0000
PBFPHCLI_00555,Extracellular,0.0246,0.6831,0.0076,0.2797,0.0034,0.0016
PBFPHCLI_00556,Cytoplasmic Membrane,0.0000,0.0000,0.0000,1.0000,0.0000,0.0000
PBFPHCLI_00557,Cytoplasmic,0.0004,0.0020,0.9152,0.0039,0.0760,0.0026
PBFPHCLI_00558,Cytoplasmic,0.0001,0.0014,0.8821,0.0005,0.1148,0.0011
PBFPHCLI_00559,Cytoplasmic,0.0003,0.0025,0.9651,0.0070,0.0249,0.0001
PBFPHCLI_00560,Extracellular,0.0004,0.6083,0.3768,0.0031,0.0112,0.0003
PBFPHCLI_00561,Cytoplasmic Membrane,0.0000,0.0010,0.0000,0.9971,0.0019,0.0000
PBFPHCLI_00562,Cytoplasmic,0.0001,0.0008,0.9854,0.0013,0.0088,0.0035
PBFPHCLI_00563,Cytoplasmic,0.0000,0.0002,0.9963,0.0003,0.0029,0.0002
PBFPHCLI_00564,Cytoplasmic Membrane,0.0000,0.0000,0.0000,1.0000,0.0000,0.0000
PBFPHCLI_00565,Cytoplasmic Membrane,0.0001,0.0001,0.0000,0.9957,0.0041,0.0000
PBFPHCLI_00566,Cytoplasmic,0.0000,0.0000,0.9924,0.0028,0.0047,0.0001
PBFPHCLI_00568,Extracellular,0.2760,0.6502,0.0001,0.0373,0.0359,0.0004
PBFPHCLI_00569,Cytoplasmic,0.0000,0.0003,0.9929,0.0021,0.0043,0.0003
PBFPHCLI_00570,Cytoplasmic,0.0003,0.0014,0.9792,0.0180,0.0011,0.0001
PBFPHCLI_00571,Cytoplasmic Membrane,0.0000,0.0002,0.0000,0.9997,0.0001,0.0000
PBFPHCLI_00572,Cytoplasmic,0.0002,0.0932,0.8277,0.0762,0.0026,0.0001
PBFPHCLI_00573,Cytoplasmic,0.0011,0.0021,0.9633,0.0062,0.0239,0.0034
PBFPHCLI_00574,Cytoplasmic,0.0003,0.0016,0.9802,0.0007,0.0164,0.0008
PBFPHCLI_00575,Cytoplasmic Membrane,0.0001,0.0001,0.0000,0.9998,0.0001,0.0000
PBFPHCLI_00576,Cytoplasmic Membrane,0.0000,0.0000,0.0000,1.0000,0.0000,0.0000
PBFPHCLI_00577,Cytoplasmic Membrane,0.0000,0.0000,0.0000,0.9993,0.0007,0.0000
PBFPHCLI_00578,Cytoplasmic,0.0000,0.0001,0.9815,0.0004,0.0178,0.0002
PBFPHCLI_00579,Cytoplasmic,0.0001,0.0028,0.9951,0.0002,0.0005,0.0013
PBFPHCLI_00580,Cytoplasmic,0.0000,0.0003,0.9933,0.0028,0.0028,0.0008
PBFPHCLI_00581,Cytoplasmic,0.0010,0.0092,0.9852,0.0035,0.0011,0.0001
PBFPHCLI_00582,Cytoplasmic Membrane,0.0001,0.0021,0.4324,0.5426,0.0204,0.0024
PBFPHCLI_00583,Cytoplasmic,0.0002,0.0090,0.9887,0.0019,0.0002,0.0000
PBFPHCLI_00584,Cytoplasmic,0.0000,0.0000,0.9999,0.0000,0.0000,0.0000
PBFPHCLI_00585,Cytoplasmic,0.0003,0.0008,0.9339,0.0365,0.0235,0.0051
PBFPHCLI_00586,Cytoplasmic,0.0002,0.0022,0.9942,0.0010,0.0015,0.0008
PBFPHCLI_00587,Cytoplasmic,0.0000,0.0049,0.6982,0.2954,0.0014,0.0000
PBFPHCLI_00588,Cytoplasmic,0.0000,0.0004,0.6638,0.0006,0.3297,0.0056
PBFPHCLI_00589,Cytoplasmic,0.0001,0.0000,0.9988,0.0003,0.0008,0.0000
PBFPHCLI_00590,Cytoplasmic,0.0001,0.0011,0.9685,0.0287,0.0003,0.0013
PBFPHCLI_00591,Cytoplasmic Membrane,0.0000,0.0002,0.0000,0.9979,0.0020,0.0000
PBFPHCLI_00592,Cytoplasmic Membrane,0.0000,0.0000,0.0000,1.0000,0.0000,0.0000
PBFPHCLI_00593,Cytoplasmic Membrane,0.0000,0.0000,0.0000,0.9999,0.0001,0.0000
PBFPHCLI_00594,Cytoplasmic,0.0002,0.0015,0.9909,0.0003,0.0061,0.0010
PBFPHCLI_00595,Cytoplasmic,0.0004,0.0069,0.9827,0.0005,0.0081,0.0015
PBFPHCLI_00596,Cytoplasmic,0.0003,0.0007,0.9635,0.0005,0.0334,0.0017
PBFPHCLI_00597,Cytoplasmic,0.0001,0.0012,0.8683,0.0017,0.1195,0.0093
PBFPHCLI_00599,Cytoplasmic,0.0011,0.0178,0.8311,0.0923,0.0310,0.0267
PBFPHCLI_00600,Cytoplasmic Membrane,0.0000,0.0000,0.0000,0.9994,0.0006,0.0000
PBFPHCLI_00601,Cytoplasmic,0.0012,0.0022,0.9609,0.0194,0.0155,0.0009
PBFPHCLI_00602,Extracellular,0.0001,0.6464,0.3207,0.0136,0.0180,0.0012
PBFPHCLI_00603,Cytoplasmic,0.0006,0.0011,0.9579,0.0355,0.0046,0.0003
PBFPHCLI_00604,Cytoplasmic,0.0000,0.0030,0.9885,0.0022,0.0062,0.0000
PBFPHCLI_00605,Cytoplasmic,0.0001,0.0001,0.8527,0.0061,0.1402,0.0008
PBFPHCLI_00606,Cytoplasmic Membrane,0.0000,0.0000,0.0000,0.9998,0.0002,0.0000
PBFPHCLI_00607,Cytoplasmic,0.0024,0.0070,0.6881,0.2143,0.0804,0.0077
PBFPHCLI_00608,Cytoplasmic,0.0003,0.0007,0.9305,0.0536,0.0147,0.0001
PBFPHCLI_00609,Cytoplasmic Membrane,0.0000,0.0000,0.0000,0.9993,0.0006,0.0000
PBFPHCLI_00610,Cytoplasmic,0.0001,0.0016,0.9846,0.0025,0.0107,0.0004
PBFPHCLI_00611,Cytoplasmic,0.0001,0.0004,0.9955,0.0012,0.0020,0.0009
PBFPHCLI_00612,Cytoplasmic,0.0000,0.0012,0.8470,0.1432,0.0085,0.0001
PBFPHCLI_00613,Cytoplasmic Membrane,0.0257,0.2482,0.0006,0.6272,0.0845,0.0138
PBFPHCLI_00614,Cytoplasmic,0.0004,0.0017,0.9966,0.0007,0.0005,0.0001
PBFPHCLI_00615,Cytoplasmic,0.0001,0.0002,0.9749,0.0075,0.0106,0.0067
PBFPHCLI_00616,Cytoplasmic,0.0046,0.0838,0.5404,0.2580,0.1048,0.0084
PBFPHCLI_00617,Cytoplasmic Membrane,0.0002,0.0003,0.1101,0.8171,0.0596,0.0127
PBFPHCLI_00618,Cytoplasmic,0.0000,0.0001,0.9773,0.0098,0.0083,0.0045
PBFPHCLI_00619,Cytoplasmic,0.0007,0.0013,0.8795,0.0594,0.0583,0.0009
PBFPHCLI_00620,Cytoplasmic,0.0003,0.0010,0.9791,0.0062,0.0130,0.0005
PBFPHCLI_00621,Cytoplasmic Membrane,0.0000,0.0000,0.0000,1.0000,0.0000,0.0000
PBFPHCLI_00622,Cytoplasmic,0.0002,0.0029,0.9084,0.0370,0.0509,0.0006
PBFPHCLI_00623,Cytoplasmic Membrane,0.0000,0.0001,0.0000,0.9993,0.0006,0.0000
PBFPHCLI_00624,Cytoplasmic Membrane,0.0000,0.0049,0.0003,0.9908,0.0039,0.0000
PBFPHCLI_00625,Cytoplasmic,0.0000,0.0001,0.9838,0.0012,0.0145,0.0003
PBFPHCLI_00626,Cytoplasmic,0.0028,0.0228,0.5015,0.4600,0.0126,0.0003
PBFPHCLI_00627,Cytoplasmic,0.0004,0.0007,0.7617,0.0214,0.2156,0.0002
PBFPHCLI_00628,Cytoplasmic,0.0025,0.0009,0.6255,0.3707,0.0003,0.0000
PBFPHCLI_00629,Cytoplasmic,0.0008,0.0005,0.9390,0.0592,0.0004,0.0001
PBFPHCLI_00630,Cytoplasmic,0.0001,0.0001,0.9995,0.0001,0.0002,0.0000
PBFPHCLI_00631,Cytoplasmic Membrane,0.0000,0.0000,0.0000,1.0000,0.0000,0.0000
PBFPHCLI_00632,Cytoplasmic Membrane,0.0000,0.0000,0.0000,0.9998,0.0002,0.0000
PBFPHCLI_00633,Cytoplasmic,0.0004,0.0185,0.9795,0.0005,0.0005,0.0005
PBFPHCLI_00634,Cytoplasmic Membrane,0.0000,0.0000,0.0000,0.9995,0.0005,0.0000
PBFPHCLI_00635,Cytoplasmic,0.0000,0.0021,0.9954,0.0006,0.0018,0.0001
PBFPHCLI_00636,Cytoplasmic Membrane,0.0001,0.0208,0.0001,0.9783,0.0007,0.0000
PBFPHCLI_00637,Cytoplasmic Membrane,0.0000,0.0000,0.0000,0.9997,0.0003,0.0000
PBFPHCLI_00638,Cytoplasmic Membrane,0.0000,0.0000,0.0000,0.9997,0.0003,0.0000
PBFPHCLI_00639,Cytoplasmic,0.0001,0.0028,0.9943,0.0002,0.0024,0.0002
PBFPHCLI_00640,Cytoplasmic,0.0028,0.0173,0.9135,0.0067,0.0571,0.0026
PBFPHCLI_00641,Cytoplasmic,0.0000,0.0000,0.9987,0.0000,0.0013,0.0000
PBFPHCLI_00642,Cytoplasmic,0.0002,0.0006,0.9949,0.0015,0.0027,0.0001
PBFPHCLI_00643,Cytoplasmic,0.0004,0.0010,0.9596,0.0375,0.0009,0.0006
PBFPHCLI_00644,Cytoplasmic,0.0000,0.0001,0.9954,0.0018,0.0014,0.0012
PBFPHCLI_00645,Cytoplasmic,0.0001,0.0010,0.9879,0.0022,0.0064,0.0024
PBFPHCLI_00646,Cytoplasmic,0.0000,0.0006,0.9991,0.0000,0.0003,0.0001
PBFPHCLI_00647,Cytoplasmic,0.0003,0.0055,0.9925,0.0011,0.0006,0.0000
PBFPHCLI_00648,Cytoplasmic,0.0000,0.0003,0.9993,0.0002,0.0001,0.0000
PBFPHCLI_00649,Cytoplasmic,0.0043,0.0034,0.8812,0.0586,0.0480,0.0043
PBFPHCLI_00650,Cytoplasmic,0.0009,0.0173,0.9745,0.0046,0.0022,0.0005
PBFPHCLI_00651,Cytoplasmic,0.0010,0.0146,0.9117,0.0668,0.0059,0.0001
PBFPHCLI_00652,Cytoplasmic,0.0001,0.0002,0.9986,0.0007,0.0001,0.0002
PBFPHCLI_00653,Cytoplasmic,0.0006,0.0046,0.8422,0.0189,0.1228,0.0109
PBFPHCLI_00654,Cytoplasmic,0.0003,0.0034,0.9862,0.0081,0.0020,0.0000
PBFPHCLI_00655,Cytoplasmic,0.0004,0.0055,0.7592,0.2060,0.0273,0.0016
PBFPHCLI_00656,Cytoplasmic,0.0007,0.0119,0.8472,0.1281,0.0119,0.0002
PBFPHCLI_00657,Cytoplasmic,0.0000,0.0003,0.8840,0.1139,0.0017,0.0001
PBFPHCLI_00658,Cytoplasmic,0.0000,0.0000,0.9996,0.0002,0.0001,0.0000
PBFPHCLI_00659,Cytoplasmic,0.0001,0.0001,0.9985,0.0012,0.0001,0.0000
PBFPHCLI_00660,Cytoplasmic,0.0002,0.0004,0.8617,0.1368,0.0004,0.0005
PBFPHCLI_00661,Cytoplasmic,0.0003,0.0009,0.9250,0.0611,0.0121,0.0006
PBFPHCLI_00662,Cytoplasmic,0.0001,0.0004,0.9986,0.0001,0.0007,0.0001
PBFPHCLI_00663,Cytoplasmic Membrane,0.0039,0.0332,0.4675,0.4900,0.0046,0.0008
PBFPHCLI_00664,Cytoplasmic,0.0001,0.0001,0.9720,0.0078,0.0196,0.0004
PBFPHCLI_00665,Cytoplasmic,0.0000,0.0006,0.9942,0.0027,0.0025,0.0001
PBFPHCLI_00666,Cytoplasmic,0.0055,0.0058,0.9379,0.0354,0.0142,0.0013
PBFPHCLI_00667,Extracellular,0.0109,0.4953,0.4723,0.0069,0.0138,0.0009
PBFPHCLI_00668,Cytoplasmic,0.0001,0.0005,0.9962,0.0005,0.0026,0.0002
PBFPHCLI_00669,Cytoplasmic,0.0000,0.0001,0.9966,0.0001,0.0031,0.0002
PBFPHCLI_00670,Outer Membrane,0.0007,0.2440,0.3351,0.0134,0.4060,0.0008
PBFPHCLI_00671,Cytoplasmic,0.0001,0.0358,0.8173,0.0117,0.1345,0.0006
PBFPHCLI_00672,Cytoplasmic,0.0007,0.0049,0.7950,0.0797,0.1129,0.0069
PBFPHCLI_00673,Cytoplasmic Membrane,0.0009,0.1038,0.0059,0.8880,0.0013,0.0000
PBFPHCLI_00674,Cytoplasmic Membrane,0.0000,0.0024,0.0000,0.9968,0.0008,0.0000
PBFPHCLI_00675,Cytoplasmic,0.0003,0.0027,0.9947,0.0018,0.0004,0.0000
PBFPHCLI_00676,Cytoplasmic Membrane,0.0001,0.0204,0.0039,0.9468,0.0287,0.0001
PBFPHCLI_00677,Cytoplasmic,0.0004,0.0193,0.9498,0.0169,0.0128,0.0007
PBFPHCLI_00678,Cytoplasmic,0.0012,0.2937,0.6935,0.0029,0.0083,0.0003
PBFPHCLI_00679,Cytoplasmic Membrane,0.0000,0.0002,0.0000,0.9987,0.0011,0.0000
PBFPHCLI_00680,Cytoplasmic,0.0005,0.0017,0.8745,0.0407,0.0802,0.0025
PBFPHCLI_00681,Cytoplasmic,0.0006,0.0013,0.6077,0.0051,0.3840,0.0013
PBFPHCLI_00682,Cytoplasmic,0.0001,0.0002,0.9981,0.0013,0.0004,0.0001
PBFPHCLI_00683,Cytoplasmic Membrane,0.0000,0.0000,0.0000,0.9998,0.0001,0.0000
PBFPHCLI_00684,Cytoplasmic Membrane,0.0000,0.0002,0.0000,0.9996,0.0002,0.0000
PBFPHCLI_00685,Cytoplasmic,0.0003,0.0009,0.9871,0.0013,0.0058,0.0045
PBFPHCLI_00686,Outer Membrane,0.0010,0.0019,0.3079,0.0065,0.6779,0.0048
PBFPHCLI_00687,Cytoplasmic,0.0001,0.0016,0.5408,0.0003,0.4558,0.0014
PBFPHCLI_00688,Cytoplasmic,0.0000,0.0000,0.9970,0.0003,0.0027,0.0000
PBFPHCLI_00689,Cytoplasmic Membrane,0.0000,0.0000,0.0000,0.9997,0.0003,0.0000
PBFPHCLI_00690,Cytoplasmic,0.0001,0.0014,0.8344,0.0002,0.1482,0.0157
PBFPHCLI_00691,Cytoplasmic,0.0003,0.0003,0.9889,0.0078,0.0021,0.0006
PBFPHCLI_00692,Cytoplasmic,0.0001,0.0002,0.9996,0.0001,0.0000,0.0000
PBFPHCLI_00693,Cytoplasmic,0.0000,0.0001,0.9983,0.0000,0.0015,0.0000
PBFPHCLI_00694,Cytoplasmic Membrane,0.0000,0.0004,0.0001,0.9981,0.0013,0.0000
PBFPHCLI_00695,Cytoplasmic,0.0004,0.0011,0.9197,0.0221,0.0545,0.0022
PBFPHCLI_00696,Cytoplasmic,0.0012,0.0129,0.7240,0.2429,0.0142,0.0048
PBFPHCLI_00697,Cytoplasmic,0.0026,0.0018,0.9914,0.0027,0.0011,0.0003
PBFPHCLI_00698,Cytoplasmic,0.0000,0.0000,0.9997,0.0000,0.0003,0.0000
PBFPHCLI_00699,Cytoplasmic,0.0006,0.0182,0.9100,0.0070,0.0559,0.0083
PBFPHCLI_00700,Extracellular,0.0136,0.7448,0.0000,0.1809,0.0049,0.0558
PBFPHCLI_00701,Cytoplasmic Membrane,0.0004,0.0011,0.3383,0.5081,0.1504,0.0016
PBFPHCLI_00702,Cytoplasmic Membrane,0.0000,0.0000,0.0000,1.0000,0.0000,0.0000
PBFPHCLI_00703,Cytoplasmic,0.0000,0.0001,0.9956,0.0003,0.0036,0.0003
PBFPHCLI_00704,Cytoplasmic,0.0156,0.0738,0.8737,0.0242,0.0054,0.0073
PBFPHCLI_00705,Cytoplasmic,0.0004,0.0234,0.9686,0.0016,0.0059,0.0001
PBFPHCLI_00706,Cytoplasmic Membrane,0.0000,0.0024,0.0000,0.9974,0.0001,0.0000
PBFPHCLI_00707,Cytoplasmic,0.0101,0.4665,0.4725,0.0125,0.0210,0.0173
PBFPHCLI_00708,Cytoplasmic,0.0004,0.1356,0.7746,0.0032,0.0320,0.0544
PBFPHCLI_00710,Cytoplasmic,0.0003,0.0009,0.9927,0.0003,0.0052,0.0007
PBFPHCLI_00711,Cytoplasmic,0.0064,0.0064,0.9637,0.0156,0.0057,0.0023
PBFPHCLI_00712,Cytoplasmic,0.0007,0.0018,0.9904,0.0005,0.0062,0.0003
PBFPHCLI_00713,Cytoplasmic,0.0002,0.0019,0.8764,0.0550,0.0663,0.0002
PBFPHCLI_00714,Cytoplasmic,0.0000,0.0002,0.9975,0.0004,0.0019,0.0001
PBFPHCLI_00715,Cytoplasmic,0.0001,0.0026,0.9931,0.0004,0.0028,0.0010
PBFPHCLI_00716,Cytoplasmic Membrane,0.0000,0.0000,0.0000,0.9991,0.0008,0.0000
PBFPHCLI_00717,Cytoplasmic Membrane,0.0000,0.0000,0.0000,1.0000,0.0000,0.0000
PBFPHCLI_00718,Cytoplasmic,0.0002,0.0195,0.7408,0.2294,0.0098,0.0004
PBFPHCLI_00721,Cytoplasmic,0.0002,0.0048,0.9748,0.0174,0.0026,0.0002
PBFPHCLI_00722,Cytoplasmic,0.0000,0.0133,0.7730,0.2086,0.0048,0.0003
PBFPHCLI_00723,Cytoplasmic Membrane,0.0000,0.0000,0.0000,0.9999,0.0001,0.0000
PBFPHCLI_00724,Cytoplasmic Membrane,0.0162,0.1614,0.0017,0.8049,0.0154,0.0003
PBFPHCLI_00725,Cytoplasmic,0.0004,0.0185,0.9795,0.0005,0.0005,0.0005
PBFPHCLI_00727,Cytoplasmic,0.0011,0.0176,0.9740,0.0004,0.0069,0.0000
PBFPHCLI_00728,Cytoplasmic,0.0045,0.0486,0.9420,0.0007,0.0033,0.0010
PBFPHCLI_00729,Cytoplasmic,0.0001,0.0094,0.9800,0.0023,0.0042,0.0040
PBFPHCLI_00730,Cytoplasmic,0.0059,0.1708,0.7109,0.0878,0.0240,0.0005
PBFPHCLI_00736,Extracellular,0.0081,0.2742,0.1509,0.2467,0.1635,0.1566
PBFPHCLI_00737,Cytoplasmic,0.0000,0.0000,0.9816,0.0001,0.0181,0.0001
PBFPHCLI_00738,Cytoplasmic,0.0001,0.0002,0.9869,0.0011,0.0111,0.0006
PBFPHCLI_00739,Cytoplasmic,0.0003,0.0004,0.9551,0.0058,0.0380,0.0005
PBFPHCLI_00740,Cytoplasmic Membrane,0.0000,0.0019,0.0000,0.9976,0.0005,0.0000
PBFPHCLI_00741,Cytoplasmic,0.0000,0.0001,0.9643,0.0003,0.0352,0.0001
PBFPHCLI_00742,Cytoplasmic,0.0003,0.0005,0.9979,0.0011,0.0002,0.0001
PBFPHCLI_00743,Cytoplasmic,0.0000,0.0000,0.9992,0.0000,0.0008,0.0000
PBFPHCLI_00744,Cytoplasmic Membrane,0.0000,0.0021,0.0000,0.9976,0.0003,0.0000
PBFPHCLI_00745,Cytoplasmic,0.0000,0.0000,0.9983,0.0002,0.0015,0.0000
PBFPHCLI_00746,Cytoplasmic,0.0029,0.0044,0.9036,0.0784,0.0073,0.0033
PBFPHCLI_00747,Cytoplasmic,0.0000,0.0005,0.9980,0.0001,0.0005,0.0008
PBFPHCLI_00748,Cytoplasmic,0.0003,0.0018,0.6890,0.2833,0.0247,0.0009
PBFPHCLI_00749,Cytoplasmic,0.0000,0.0001,0.9887,0.0007,0.0069,0.0036
PBFPHCLI_00750,Cytoplasmic,0.0006,0.0033,0.9164,0.0740,0.0051,0.0006
PBFPHCLI_00751,Cytoplasmic Membrane,0.0000,0.0001,0.0000,0.9979,0.0019,0.0000
PBFPHCLI_00752,Cytoplasmic,0.0025,0.0028,0.9760,0.0154,0.0027,0.0006
PBFPHCLI_00753,Cytoplasmic,0.0000,0.0002,0.9984,0.0003,0.0008,0.0003
PBFPHCLI_00754,Cytoplasmic,0.0010,0.0029,0.9917,0.0009,0.0031,0.0004
PBFPHCLI_00755,Cytoplasmic Membrane,0.0000,0.0003,0.0003,0.9972,0.0022,0.0000
PBFPHCLI_00756,Cytoplasmic,0.0000,0.0002,0.9960,0.0023,0.0011,0.0004
PBFPHCLI_00757,Cytoplasmic Membrane,0.0000,0.0000,0.0001,0.9996,0.0003,0.0000
PBFPHCLI_00758,Cytoplasmic,0.0000,0.0017,0.9905,0.0047,0.0027,0.0004
PBFPHCLI_00759,Cytoplasmic Membrane,0.0010,0.1383,0.0003,0.8587,0.0017,0.0000
PBFPHCLI_00760,Cytoplasmic,0.0005,0.0732,0.9178,0.0036,0.0048,0.0002
PBFPHCLI_00761,Cell wall & surface,0.9935,0.0062,0.0000,0.0001,0.0002,0.0000
PBFPHCLI_00762,Cytoplasmic,0.0002,0.0001,0.9975,0.0013,0.0009,0.0000
PBFPHCLI_00763,Cytoplasmic,0.0001,0.0000,0.9998,0.0001,0.0000,0.0000
PBFPHCLI_00764,Cytoplasmic Membrane,0.0000,0.0003,0.0001,0.9984,0.0013,0.0000
PBFPHCLI_00765,Cytoplasmic Membrane,0.0000,0.0020,0.0000,0.9926,0.0054,0.0000
PBFPHCLI_00766,Cytoplasmic,0.0000,0.0031,0.9962,0.0000,0.0005,0.0001
PBFPHCLI_00767,Cytoplasmic,0.0001,0.0031,0.9950,0.0013,0.0004,0.0001
PBFPHCLI_00768,Cytoplasmic,0.0000,0.0001,0.9962,0.0001,0.0033,0.0003
PBFPHCLI_00769,Cytoplasmic,0.0020,0.0069,0.9771,0.0022,0.0102,0.0015
PBFPHCLI_00770,Extracellular,0.0031,0.8000,0.1855,0.0022,0.0079,0.0014
PBFPHCLI_00771,Cytoplasmic,0.0009,0.0039,0.9426,0.0245,0.0267,0.0013
PBFPHCLI_00772,Cytoplasmic Membrane,0.0000,0.0159,0.0000,0.9836,0.0004,0.0000
PBFPHCLI_00773,Cytoplasmic Membrane,0.0012,0.2163,0.0028,0.7763,0.0031,0.0004
PBFPHCLI_00774,Cytoplasmic Membrane,0.0000,0.0002,0.0004,0.9991,0.0003,0.0000
PBFPHCLI_00775,Extracellular,0.0020,0.7105,0.1651,0.0265,0.0615,0.0343
PBFPHCLI_00776,Cytoplasmic,0.0004,0.0014,0.9856,0.0113,0.0014,0.0000
PBFPHCLI_00777,Cytoplasmic,0.0002,0.0027,0.9482,0.0052,0.0398,0.0039
PBFPHCLI_00778,Cytoplasmic,0.0202,0.0035,0.9675,0.0030,0.0058,0.0000
PBFPHCLI_00779,Cytoplasmic,0.0002,0.0003,0.9975,0.0019,0.0001,0.0000
PBFPHCLI_00780,Cytoplasmic,0.0000,0.0003,0.9977,0.0017,0.0002,0.0000
PBFPHCLI_00781,Cytoplasmic,0.0006,0.0188,0.9125,0.0584,0.0094,0.0002
PBFPHCLI_00782,Cytoplasmic,0.0000,0.0003,0.9938,0.0031,0.0027,0.0001
PBFPHCLI_00783,Cytoplasmic Membrane,0.0215,0.0212,0.0001,0.9416,0.0154,0.0002
PBFPHCLI_00784,Cytoplasmic,0.0007,0.0027,0.6949,0.0102,0.2904,0.0013
PBFPHCLI_00785,Cytoplasmic,0.0000,0.0000,0.9946,0.0002,0.0050,0.0001
PBFPHCLI_00786,Cytoplasmic,0.0003,0.0023,0.7950,0.1885,0.0135,0.0004
PBFPHCLI_00787,Cytoplasmic Membrane,0.0000,0.0000,0.0000,1.0000,0.0000,0.0000
PBFPHCLI_00788,Cytoplasmic Membrane,0.0002,0.0044,0.1457,0.8463,0.0033,0.0001
PBFPHCLI_00789,Cytoplasmic Membrane,0.0000,0.0111,0.0000,0.9886,0.0003,0.0000
PBFPHCLI_00790,Cytoplasmic,0.0018,0.0048,0.9516,0.0386,0.0031,0.0001
PBFPHCLI_00791,Cytoplasmic,0.0005,0.0042,0.9917,0.0027,0.0008,0.0000
PBFPHCLI_00792,Cytoplasmic,0.0002,0.0009,0.9976,0.0001,0.0005,0.0007
PBFPHCLI_00793,Cytoplasmic,0.0004,0.0003,0.9988,0.0004,0.0001,0.0001
PBFPHCLI_00794,Cytoplasmic,0.0000,0.0000,0.9999,0.0000,0.0000,0.0000
PBFPHCLI_00795,Cytoplasmic,0.0000,0.0000,0.9980,0.0000,0.0019,0.0001
PBFPHCLI_00796,Cytoplasmic,0.0001,0.0020,0.9905,0.0048,0.0013,0.0012
PBFPHCLI_00797,Cytoplasmic,0.0003,0.2761,0.5753,0.0614,0.0861,0.0007
PBFPHCLI_00798,Cytoplasmic,0.0000,0.0001,0.9990,0.0003,0.0005,0.0000
PBFPHCLI_00799,Cytoplasmic,0.0014,0.0324,0.8641,0.0976,0.0033,0.0013
PBFPHCLI_00800,Cytoplasmic,0.0000,0.0007,0.9959,0.0008,0.0023,0.0002
PBFPHCLI_00801,Cytoplasmic,0.0012,0.0053,0.9824,0.0093,0.0017,0.0001
PBFPHCLI_00802,Cytoplasmic,0.0000,0.0000,0.9988,0.0000,0.0011,0.0001
PBFPHCLI_00803,Cytoplasmic,0.0004,0.0104,0.9765,0.0031,0.0087,0.0009
PBFPHCLI_00804,Cytoplasmic,0.0039,0.0483,0.9191,0.0142,0.0142,0.0003
PBFPHCLI_00805,Cytoplasmic,0.0020,0.0051,0.9081,0.0838,0.0009,0.0001
PBFPHCLI_00806,Cytoplasmic Membrane,0.0000,0.0000,0.0000,0.9999,0.0001,0.0000
PBFPHCLI_00808,Cytoplasmic,0.0001,0.0004,0.9810,0.0073,0.0056,0.0056
PBFPHCLI_00809,Cytoplasmic Membrane,0.0000,0.0000,0.0000,0.9995,0.0005,0.0000
PBFPHCLI_00810,Cytoplasmic,0.0018,0.0135,0.9619,0.0149,0.0060,0.0020
PBFPHCLI_00811,Cytoplasmic,0.1127,0.0968,0.7684,0.0111,0.0060,0.0051
PBFPHCLI_00812,Cytoplasmic Membrane,0.0000,0.0000,0.0000,0.9997,0.0003,0.0000
PBFPHCLI_00813,Cytoplasmic,0.0003,0.0011,0.9765,0.0026,0.0111,0.0084
PBFPHCLI_00814,Cytoplasmic Membrane,0.0007,0.0410,0.0000,0.9564,0.0018,0.0001
PBFPHCLI_00815,Cytoplasmic Membrane,0.0017,0.0014,0.1757,0.8032,0.0174,0.0005
PBFPHCLI_00816,Cytoplasmic Membrane,0.0000,0.0000,0.0000,1.0000,0.0000,0.0000
PBFPHCLI_00817,Cytoplasmic,0.0008,0.0019,0.9961,0.0008,0.0004,0.0000
PBFPHCLI_00818,Cytoplasmic Membrane,0.0000,0.0000,0.0000,1.0000,0.0000,0.0000
PBFPHCLI_00819,Cytoplasmic,0.0001,0.0028,0.9837,0.0003,0.0126,0.0004
PBFPHCLI_00820,Cytoplasmic Membrane,0.0000,0.0000,0.0000,0.9999,0.0000,0.0000
PBFPHCLI_00821,Cytoplasmic Membrane,0.0001,0.0002,0.0884,0.9058,0.0050,0.0005
PBFPHCLI_00822,Cytoplasmic Membrane,0.0000,0.0000,0.0000,0.9999,0.0001,0.0000
PBFPHCLI_00823,Cytoplasmic Membrane,0.0012,0.2873,0.0000,0.4808,0.0012,0.2294
PBFPHCLI_00824,Cytoplasmic,0.0004,0.0417,0.9490,0.0060,0.0024,0.0006
PBFPHCLI_00825,Cytoplasmic,0.0001,0.0009,0.9954,0.0002,0.0021,0.0014
PBFPHCLI_00826,Cytoplasmic Membrane,0.0000,0.0269,0.0010,0.9673,0.0045,0.0003
PBFPHCLI_00827,Cytoplasmic,0.0007,0.0085,0.9745,0.0120,0.0041,0.0001
PBFPHCLI_00828,Cytoplasmic Membrane,0.0000,0.0000,0.0000,0.9999,0.0001,0.0000
PBFPHCLI_00829,Cytoplasmic Membrane,0.0004,0.0645,0.0004,0.9327,0.0021,0.0000
PBFPHCLI_00830,Cytoplasmic,0.0004,0.0339,0.9418,0.0078,0.0156,0.0006
PBFPHCLI_00831,Cytoplasmic Membrane,0.0000,0.0004,0.0000,0.9987,0.0008,0.0000
PBFPHCLI_00832,Cytoplasmic,0.0003,0.0005,0.9690,0.0285,0.0014,0.0003
PBFPHCLI_00833,Cytoplasmic,0.0052,0.1360,0.8477,0.0031,0.0080,0.0000
PBFPHCLI_00834,Cytoplasmic,0.0015,0.0066,0.9462,0.0405,0.0046,0.0007
PBFPHCLI_00835,Cytoplasmic Membrane,0.0000,0.0001,0.0001,0.9994,0.0004,0.0000
PBFPHCLI_00836,Cytoplasmic,0.0001,0.0024,0.9858,0.0030,0.0070,0.0018
PBFPHCLI_00838,Cytoplasmic,0.0009,0.0041,0.9472,0.0017,0.0421,0.0040
PBFPHCLI_00839,Cytoplasmic Membrane,0.0000,0.0000,0.0001,0.9996,0.0003,0.0000
PBFPHCLI_00840,Cytoplasmic,0.0018,0.0223,0.9398,0.0050,0.0202,0.0110
PBFPHCLI_00841,Cytoplasmic Membrane,0.0001,0.0757,0.0010,0.9133,0.0065,0.0035
PBFPHCLI_00842,Cytoplasmic Membrane,0.0000,0.0000,0.0000,1.0000,0.0000,0.0000
PBFPHCLI_00843,Cytoplasmic Membrane,0.0000,0.0000,0.0000,0.9982,0.0016,0.0001
PBFPHCLI_00844,Cytoplasmic Membrane,0.0000,0.0000,0.0000,0.9999,0.0001,0.0000
PBFPHCLI_00845,Cytoplasmic,0.0002,0.0050,0.9820,0.0068,0.0044,0.0016
PBFPHCLI_00846,Cytoplasmic,0.0006,0.0069,0.9858,0.0019,0.0046,0.0001
PBFPHCLI_00847,Cytoplasmic,0.0002,0.0678,0.8925,0.0342,0.0052,0.0002
PBFPHCLI_00848,Cytoplasmic,0.0001,0.0073,0.9758,0.0032,0.0098,0.0038
PBFPHCLI_00849,Cytoplasmic Membrane,0.0000,0.0001,0.0000,0.9990,0.0009,0.0000
PBFPHCLI_00850,Cytoplasmic,0.0011,0.0078,0.9605,0.0029,0.0274,0.0003
PBFPHCLI_00851,Cytoplasmic,0.0036,0.1074,0.8271,0.0507,0.0093,0.0019
PBFPHCLI_00852,Extracellular,0.0004,0.8438,0.1261,0.0160,0.0136,0.0001
PBFPHCLI_00857,Cytoplasmic,0.0000,0.0000,0.9958,0.0002,0.0037,0.0002
PBFPHCLI_00858,Cytoplasmic Membrane,0.0000,0.0043,0.0001,0.9932,0.0024,0.0000
PBFPHCLI_00859,Cytoplasmic,0.0003,0.0013,0.9665,0.0006,0.0308,0.0006
PBFPHCLI_00860,Cytoplasmic,0.0002,0.0009,0.9956,0.0009,0.0019,0.0005
PBFPHCLI_00861,Cytoplasmic,0.0013,0.0011,0.9732,0.0103,0.0122,0.0019
PBFPHCLI_00862,Cytoplasmic,0.0000,0.0000,0.9999,0.0000,0.0001,0.0000
PBFPHCLI_00863,Cytoplasmic,0.0001,0.0009,0.9939,0.0023,0.0015,0.0013
PBFPHCLI_00864,Cytoplasmic,0.0033,0.0142,0.7772,0.0483,0.1530,0.0041
PBFPHCLI_00865,Cytoplasmic,0.0004,0.0037,0.9741,0.0123,0.0070,0.0026
PBFPHCLI_00866,Cytoplasmic,0.0001,0.0027,0.9761,0.0005,0.0180,0.0026
PBFPHCLI_00867,Cytoplasmic,0.0001,0.0001,0.9990,0.0002,0.0003,0.0002
PBFPHCLI_00868,Cytoplasmic,0.0000,0.0002,0.9949,0.0001,0.0043,0.0005
PBFPHCLI_00869,Cytoplasmic,0.0001,0.0010,0.9240,0.0019,0.0724,0.0005
PBFPHCLI_00870,Cytoplasmic,0.0002,0.0048,0.9750,0.0142,0.0050,0.0008
PBFPHCLI_00871,Cytoplasmic,0.0001,0.0035,0.7432,0.0013,0.0177,0.2343
PBFPHCLI_00872,Cytoplasmic,0.0000,0.0001,0.9986,0.0000,0.0004,0.0009
PBFPHCLI_00873,Cytoplasmic,0.0003,0.0058,0.9143,0.0694,0.0077,0.0025
PBFPHCLI_00874,Cytoplasmic,0.0001,0.0003,0.9383,0.0102,0.0505,0.0005
PBFPHCLI_00875,Cytoplasmic Membrane,0.0000,0.0000,0.0000,0.9999,0.0001,0.0000
PBFPHCLI_00876,Cytoplasmic,0.0004,0.0043,0.8457,0.0939,0.0535,0.0023
PBFPHCLI_00877,Cytoplasmic,0.0001,0.0029,0.9859,0.0012,0.0093,0.0006
PBFPHCLI_00878,Cytoplasmic,0.0010,0.0081,0.9235,0.0587,0.0084,0.0003
PBFPHCLI_00879,Cytoplasmic,0.0001,0.0036,0.9840,0.0046,0.0070,0.0007
PBFPHCLI_00880,Cytoplasmic,0.0002,0.0001,0.9985,0.0006,0.0004,0.0001
PBFPHCLI_00881,Cytoplasmic,0.0011,0.0087,0.9594,0.0080,0.0188,0.0040
PBFPHCLI_00882,Cytoplasmic,0.0002,0.0014,0.9968,0.0004,0.0008,0.0005
PBFPHCLI_00883,Cytoplasmic,0.0000,0.0007,0.9883,0.0003,0.0056,0.0050
PBFPHCLI_00884,Cytoplasmic,0.0008,0.0090,0.9682,0.0158,0.0061,0.0002
PBFPHCLI_00885,Cytoplasmic Membrane,0.0000,0.0000,0.0000,0.9993,0.0007,0.0000
PBFPHCLI_00886,Cytoplasmic Membrane,0.0000,0.0000,0.0001,0.9977,0.0022,0.0000
PBFPHCLI_00887,Cytoplasmic Membrane,0.0000,0.0014,0.0001,0.9983,0.0002,0.0000
PBFPHCLI_00888,Cytoplasmic,0.0002,0.0001,0.9783,0.0198,0.0016,0.0000
PBFPHCLI_00889,Cytoplasmic,0.0035,0.0267,0.7440,0.0170,0.1915,0.0173
PBFPHCLI_00890,Cytoplasmic,0.0001,0.0008,0.9883,0.0081,0.0026,0.0002
PBFPHCLI_00891,Cytoplasmic,0.0000,0.0004,0.9749,0.0016,0.0224,0.0006
PBFPHCLI_00892,Cytoplasmic,0.0001,0.0004,0.9979,0.0007,0.0009,0.0000
PBFPHCLI_00893,Cytoplasmic,0.0001,0.0019,0.9732,0.0011,0.0214,0.0024
PBFPHCLI_00894,Cytoplasmic,0.0000,0.0001,0.9957,0.0001,0.0036,0.0005
PBFPHCLI_00895,Cytoplasmic Membrane,0.0000,0.0003,0.0000,0.9994,0.0003,0.0000
PBFPHCLI_00896,Cytoplasmic,0.0000,0.0000,0.9972,0.0002,0.0022,0.0004
PBFPHCLI_00897,Cytoplasmic,0.0000,0.0000,0.9964,0.0001,0.0034,0.0001
PBFPHCLI_00898,Cytoplasmic,0.0016,0.0019,0.9745,0.0129,0.0082,0.0010
PBFPHCLI_00899,Cytoplasmic,0.0012,0.0073,0.9227,0.0607,0.0079,0.0003
PBFPHCLI_00900,Cytoplasmic,0.0012,0.0012,0.9901,0.0035,0.0040,0.0001
PBFPHCLI_00901,Cytoplasmic,0.0002,0.0006,0.9987,0.0002,0.0001,0.0001
PBFPHCLI_00902,Cytoplasmic,0.0005,0.0029,0.9652,0.0094,0.0068,0.0151
PBFPHCLI_00903,Cytoplasmic,0.0000,0.0013,0.9903,0.0001,0.0035,0.0047
PBFPHCLI_00904,Cytoplasmic Membrane,0.0000,0.0001,0.0000,0.9995,0.0004,0.0000
PBFPHCLI_00905,Cytoplasmic Membrane,0.0000,0.0000,0.0000,0.9996,0.0003,0.0000
PBFPHCLI_00906,Cytoplasmic Membrane,0.0001,0.0003,0.0887,0.8412,0.0694,0.0003
PBFPHCLI_00907,Cytoplasmic Membrane,0.0000,0.0000,0.0000,1.0000,0.0000,0.0000
PBFPHCLI_00908,Cytoplasmic,0.0000,0.0000,0.9991,0.0000,0.0007,0.0002
PBFPHCLI_00909,Cell wall & surface,0.9635,0.0354,0.0001,0.0003,0.0006,0.0000
PBFPHCLI_00910,Cell wall & surface,0.9926,0.0005,0.0000,0.0069,0.0001,0.0000
PBFPHCLI_00911,Cytoplasmic,0.0005,0.0015,0.9910,0.0050,0.0014,0.0006
PBFPHCLI_00912,Cytoplasmic,0.0025,0.0189,0.9305,0.0060,0.0331,0.0091
PBFPHCLI_00913,Cytoplasmic,0.0062,0.0472,0.8874,0.0186,0.0187,0.0219
PBFPHCLI_00914,Cytoplasmic,0.0007,0.0003,0.9901,0.0034,0.0052,0.0003
PBFPHCLI_00915,Cytoplasmic,0.0001,0.0051,0.9901,0.0015,0.0030,0.0001
PBFPHCLI_00916,Cytoplasmic Membrane,0.0000,0.0000,0.0000,0.9998,0.0001,0.0000
PBFPHCLI_00917,Cytoplasmic,0.0005,0.0010,0.9750,0.0072,0.0137,0.0026
PBFPHCLI_00918,Cytoplasmic,0.0035,0.0069,0.9038,0.0825,0.0029,0.0003
PBFPHCLI_00919,Cytoplasmic Membrane,0.0000,0.0000,0.0000,0.9998,0.0002,0.0000
PBFPHCLI_00920,Cytoplasmic,0.0004,0.0550,0.9364,0.0010,0.0032,0.0040
PBFPHCLI_00921,Extracellular,0.0014,0.9901,0.0045,0.0013,0.0024,0.0003
PBFPHCLI_00922,Extracellular,0.0746,0.7413,0.1630,0.0174,0.0034,0.0003
PBFPHCLI_00923,Cytoplasmic,0.0021,0.0175,0.9384,0.0235,0.0093,0.0093
PBFPHCLI_00924,Cytoplasmic,0.0015,0.0196,0.9007,0.0444,0.0187,0.0150
PBFPHCLI_00925,Cytoplasmic Membrane,0.0000,0.0063,0.0017,0.9856,0.0063,0.0001
PBFPHCLI_00926,Cytoplasmic,0.0037,0.0918,0.7964,0.0829,0.0251,0.0002
PBFPHCLI_00927,Cytoplasmic,0.0003,0.0655,0.6575,0.2706,0.0059,0.0002
PBFPHCLI_00928,Cytoplasmic,0.0002,0.0063,0.9468,0.0129,0.0295,0.0043
PBFPHCLI_00929,Cytoplasmic Membrane,0.0001,0.0096,0.0000,0.9869,0.0034,0.0000
PBFPHCLI_00930,Cytoplasmic,0.0002,0.0025,0.9502,0.0013,0.0456,0.0003
PBFPHCLI_00931,Cytoplasmic,0.0002,0.0007,0.7291,0.0745,0.1942,0.0012
PBFPHCLI_00932,Cytoplasmic,0.0001,0.0003,0.9617,0.0332,0.0033,0.0014
PBFPHCLI_00933,Cytoplasmic Membrane,0.0000,0.0000,0.0002,0.9993,0.0005,0.0000
PBFPHCLI_00934,Cytoplasmic Membrane,0.0000,0.0001,0.0000,0.9999,0.0001,0.0000
PBFPHCLI_00935,Extracellular,0.0023,0.5876,0.3984,0.0033,0.0078,0.0006
PBFPHCLI_00936,Cytoplasmic,0.0388,0.3434,0.5646,0.0249,0.0273,0.0010
PBFPHCLI_00937,Cytoplasmic,0.0005,0.0113,0.9456,0.0004,0.0111,0.0311
PBFPHCLI_00938,Cytoplasmic,0.0001,0.0015,0.9955,0.0002,0.0016,0.0010
PBFPHCLI_00939,Cytoplasmic,0.0013,0.1042,0.8359,0.0252,0.0323,0.0012
PBFPHCLI_00940,Cytoplasmic Membrane,0.0000,0.0000,0.0001,0.9995,0.0003,0.0000
PBFPHCLI_00941,Cytoplasmic Membrane,0.0000,0.0000,0.0000,0.9999,0.0001,0.0000
PBFPHCLI_00942,Cytoplasmic Membrane,0.0000,0.0001,0.0000,0.9983,0.0014,0.0001
PBFPHCLI_00943,Cytoplasmic,0.0001,0.0006,0.9883,0.0049,0.0057,0.0005
PBFPHCLI_00944,Cytoplasmic,0.0002,0.0259,0.9570,0.0093,0.0076,0.0001
PBFPHCLI_00945,Cytoplasmic Membrane,0.0004,0.0474,0.0036,0.9333,0.0149,0.0003
PBFPHCLI_00946,Cytoplasmic,0.0000,0.0000,0.9994,0.0001,0.0003,0.0002
PBFPHCLI_00947,Cytoplasmic,0.0022,0.1239,0.7810,0.0505,0.0125,0.0299
PBFPHCLI_00948,Cytoplasmic Membrane,0.0000,0.0000,0.0000,0.9999,0.0001,0.0000
PBFPHCLI_00949,Cytoplasmic,0.0002,0.0068,0.9634,0.0073,0.0058,0.0166
PBFPHCLI_00950,Cytoplasmic,0.0001,0.0025,0.9956,0.0011,0.0007,0.0001
PBFPHCLI_00951,Cytoplasmic,0.0014,0.0056,0.8696,0.1206,0.0019,0.0008
PBFPHCLI_00952,Cytoplasmic,0.0009,0.0017,0.7299,0.2625,0.0034,0.0015
PBFPHCLI_00953,Cytoplasmic,0.0007,0.0209,0.8493,0.1162,0.0110,0.0018
PBFPHCLI_00954,Cytoplasmic,0.0044,0.0047,0.9670,0.0209,0.0027,0.0002
PBFPHCLI_00955,Cytoplasmic Membrane,0.0000,0.0000,0.0004,0.9993,0.0003,0.0000
PBFPHCLI_00956,Cytoplasmic,0.0003,0.0139,0.9830,0.0006,0.0021,0.0001
PBFPHCLI_00957,Cell wall & surface,0.4593,0.4294,0.0019,0.0971,0.0122,0.0001
PBFPHCLI_00958,Cytoplasmic,0.0001,0.0023,0.9956,0.0016,0.0004,0.0001
PBFPHCLI_00959,Cytoplasmic,0.0016,0.0028,0.9398,0.0157,0.0385,0.0015
PBFPHCLI_00960,Cytoplasmic,0.0016,0.0161,0.9100,0.0473,0.0249,0.0001
PBFPHCLI_00961,Cytoplasmic,0.0005,0.0020,0.9904,0.0009,0.0044,0.0018
PBFPHCLI_00962,Cytoplasmic,0.0001,0.0002,0.9957,0.0010,0.0019,0.0010
PBFPHCLI_00963,Cytoplasmic,0.0003,0.0011,0.9575,0.0060,0.0336,0.0016
PBFPHCLI_00964,Cytoplasmic Membrane,0.0000,0.0121,0.0000,0.9873,0.0005,0.0000
PBFPHCLI_00965,Cytoplasmic Membrane,0.0000,0.0003,0.0000,0.9989,0.0008,0.0000
PBFPHCLI_00966,Extracellular,0.0000,0.9995,0.0000,0.0000,0.0004,0.0000
PBFPHCLI_00967,Extracellular,0.0000,0.9999,0.0000,0.0000,0.0001,0.0000
PBFPHCLI_00968,Extracellular,0.0001,0.9995,0.0001,0.0001,0.0001,0.0000
PBFPHCLI_00969,Cytoplasmic,0.0056,0.0040,0.9511,0.0346,0.0043,0.0004
PBFPHCLI_00970,Cytoplasmic,0.0004,0.0052,0.9548,0.0268,0.0128,0.0001
PBFPHCLI_00971,Cytoplasmic Membrane,0.0001,0.0076,0.0045,0.9855,0.0023,0.0000
PBFPHCLI_00972,Extracellular,0.0000,0.9999,0.0000,0.0000,0.0000,0.0000
PBFPHCLI_00973,Cytoplasmic Membrane,0.0000,0.0102,0.0003,0.9838,0.0057,0.0001
PBFPHCLI_00974,Extracellular,0.0101,0.9786,0.0013,0.0015,0.0050,0.0035
PBFPHCLI_00975,Cytoplasmic,0.0004,0.0185,0.9795,0.0005,0.0005,0.0005
PBFPHCLI_00976,Cytoplasmic Membrane,0.0005,0.0195,0.0030,0.9620,0.0148,0.0001
PBFPHCLI_00977,Cytoplasmic Membrane,0.0011,0.1254,0.0001,0.8677,0.0058,0.0000
PBFPHCLI_00978,Cytoplasmic Membrane,0.0000,0.0001,0.0000,0.9991,0.0007,0.0000
PBFPHCLI_00979,Cytoplasmic Membrane,0.0003,0.0007,0.1609,0.8313,0.0067,0.0001
PBFPHCLI_00980,Cytoplasmic Membrane,0.0000,0.0233,0.0000,0.9755,0.0011,0.0000
PBFPHCLI_00981,Cytoplasmic,0.0002,0.0005,0.9747,0.0096,0.0110,0.0039
PBFPHCLI_00982,Cytoplasmic,0.0002,0.0006,0.9638,0.0273,0.0070,0.0011
PBFPHCLI_00983,Cytoplasmic,0.0000,0.0013,0.9971,0.0010,0.0005,0.0001
PBFPHCLI_00984,Cytoplasmic Membrane,0.0000,0.0000,0.0000,0.9999,0.0001,0.0000
PBFPHCLI_00985,Cytoplasmic,0.0000,0.0002,0.9913,0.0014,0.0046,0.0024
PBFPHCLI_00986,Cytoplasmic,0.0006,0.0177,0.9420,0.0105,0.0224,0.0069
PBFPHCLI_00987,Cytoplasmic,0.0001,0.1220,0.4880,0.3761,0.0112,0.0026
PBFPHCLI_00988,Cytoplasmic,0.0001,0.0003,0.9607,0.0009,0.0374,0.0006
PBFPHCLI_00989,Cytoplasmic Membrane,0.0021,0.0345,0.0005,0.9582,0.0044,0.0003
PBFPHCLI_00990,Cytoplasmic,0.0001,0.0058,0.9593,0.0049,0.0299,0.0001
PBFPHCLI_00991,Cytoplasmic Membrane,0.0042,0.0689,0.0001,0.9249,0.0018,0.0001
PBFPHCLI_00992,Cytoplasmic,0.0000,0.0001,0.9990,0.0002,0.0007,0.0001
PBFPHCLI_00993,Cytoplasmic Membrane,0.0000,0.0018,0.0000,0.9982,0.0000,0.0000
PBFPHCLI_00994,Cytoplasmic Membrane,0.0000,0.0001,0.0000,0.9998,0.0001,0.0000
PBFPHCLI_00995,Cytoplasmic Membrane,0.0000,0.0000,0.0000,0.9989,0.0011,0.0000
PBFPHCLI_00996,Cytoplasmic,0.0001,0.0002,0.9950,0.0005,0.0041,0.0001
PBFPHCLI_00998,Cytoplasmic Membrane,0.0000,0.0001,0.0000,0.9987,0.0012,0.0000
PBFPHCLI_00999,Cytoplasmic,0.0004,0.0007,0.9511,0.0360,0.0117,0.0001
PBFPHCLI_01001,Cytoplasmic Membrane,0.0000,0.0005,0.0000,0.9992,0.0002,0.0000
PBFPHCLI_01002,Cytoplasmic,0.0008,0.0139,0.8478,0.0442,0.0889,0.0044
PBFPHCLI_01003,Cytoplasmic,0.0002,0.0832,0.8854,0.0186,0.0123,0.0003
PBFPHCLI_01004,Cytoplasmic Membrane,0.0000,0.0000,0.0000,1.0000,0.0000,0.0000
PBFPHCLI_01005,Cytoplasmic,0.0008,0.0208,0.9049,0.0569,0.0161,0.0005
PBFPHCLI_01006,Cytoplasmic,0.0003,0.0005,0.9881,0.0013,0.0098,0.0000
PBFPHCLI_01007,Cytoplasmic Membrane,0.0000,0.0000,0.0001,0.9983,0.0015,0.0000
PBFPHCLI_01008,Cytoplasmic,0.0001,0.0003,0.5064,0.0074,0.4855,0.0004
PBFPHCLI_01009,Cytoplasmic,0.0004,0.0318,0.8880,0.0060,0.0735,0.0002
PBFPHCLI_01010,Cytoplasmic,0.0000,0.0000,0.9660,0.0002,0.0336,0.0002
PBFPHCLI_01011,Cytoplasmic,0.0004,0.0016,0.9479,0.0049,0.0450,0.0001
PBFPHCLI_01012,Cytoplasmic,0.0003,0.0037,0.9531,0.0043,0.0373,0.0013
PBFPHCLI_01013,Cytoplasmic,0.0006,0.0018,0.9858,0.0111,0.0006,0.0001
PBFPHCLI_01014,Cytoplasmic,0.0000,0.0000,0.9988,0.0002,0.0009,0.0000
PBFPHCLI_01015,Cytoplasmic,0.0020,0.0041,0.9485,0.0384,0.0069,0.0001
PBFPHCLI_01016,Cytoplasmic,0.0007,0.0014,0.9880,0.0045,0.0049,0.0005
PBFPHCLI_01017,Outer Membrane,0.0000,0.0001,0.3416,0.0000,0.6580,0.0003
PBFPHCLI_01018,Cytoplasmic,0.0011,0.0010,0.9847,0.0049,0.0081,0.0003
PBFPHCLI_01019,Cytoplasmic Membrane,0.0000,0.0000,0.0000,0.9999,0.0001,0.0000
PBFPHCLI_01020,Cytoplasmic,0.0012,0.0326,0.9228,0.0109,0.0321,0.0005
PBFPHCLI_01021,Cytoplasmic,0.0167,0.0478,0.8098,0.1112,0.0142,0.0004
PBFPHCLI_01022,Cytoplasmic,0.0102,0.1979,0.7620,0.0076,0.0223,0.0000
PBFPHCLI_01023,Cytoplasmic,0.0048,0.0038,0.9704,0.0094,0.0116,0.0000
PBFPHCLI_01024,Cytoplasmic,0.0093,0.2138,0.6028,0.1550,0.0187,0.0004
PBFPHCLI_01025,Extracellular,0.0003,0.7963,0.1675,0.0329,0.0030,0.0000
PBFPHCLI_01026,Cytoplasmic,0.0058,0.2025,0.6834,0.0972,0.0111,0.0000
PBFPHCLI_01027,Cytoplasmic Membrane,0.0001,0.0768,0.0002,0.9204,0.0024,0.0000
PBFPHCLI_01028,Cytoplasmic,0.0000,0.2136,0.6417,0.1285,0.0161,0.0001
PBFPHCLI_01029,Cytoplasmic,0.0004,0.0004,0.9959,0.0022,0.0011,0.0000
PBFPHCLI_01030,Cytoplasmic,0.0000,0.0001,0.9963,0.0023,0.0010,0.0002
PBFPHCLI_01031,Cytoplasmic,0.0001,0.0002,0.9368,0.0190,0.0432,0.0008
PBFPHCLI_01032,Cytoplasmic Membrane,0.0017,0.0018,0.3670,0.6007,0.0275,0.0013
PBFPHCLI_01033,Cytoplasmic,0.0011,0.0009,0.9943,0.0015,0.0022,0.0000
PBFPHCLI_01034,Cytoplasmic,0.0002,0.0009,0.7226,0.2090,0.0663,0.0010
PBFPHCLI_01035,Cytoplasmic Membrane,0.0000,0.0010,0.0000,0.9984,0.0006,0.0000
PBFPHCLI_01036,Cytoplasmic,0.0000,0.0020,0.9968,0.0009,0.0002,0.0000
PBFPHCLI_01037,Cytoplasmic Membrane,0.0000,0.1608,0.1696,0.6628,0.0066,0.0002
PBFPHCLI_01038,Cytoplasmic,0.0018,0.0308,0.9560,0.0008,0.0071,0.0034
PBFPHCLI_01039,Cytoplasmic,0.0002,0.0006,0.9886,0.0080,0.0021,0.0005
PBFPHCLI_01040,Cytoplasmic,0.0055,0.0314,0.8593,0.0953,0.0083,0.0001
PBFPHCLI_01041,Cytoplasmic Membrane,0.0006,0.0016,0.4206,0.5610,0.0161,0.0001
PBFPHCLI_01042,Cytoplasmic Membrane,0.0000,0.0032,0.0016,0.9824,0.0126,0.0002
PBFPHCLI_01043,Cytoplasmic Membrane,0.0000,0.0017,0.0007,0.9965,0.0010,0.0000
PBFPHCLI_01044,Extracellular,0.0000,0.7104,0.2407,0.0408,0.0075,0.0005
PBFPHCLI_01045,Cytoplasmic Membrane,0.0000,0.0000,0.0006,0.9977,0.0016,0.0000
PBFPHCLI_01046,Cytoplasmic,0.0001,0.0008,0.9942,0.0027,0.0019,0.0004
PBFPHCLI_01047,Cytoplasmic,0.0001,0.0235,0.9689,0.0050,0.0024,0.0000
PBFPHCLI_01048,Cytoplasmic Membrane,0.0000,0.0000,0.0002,0.9991,0.0007,0.0000
PBFPHCLI_01049,Cytoplasmic,0.0000,0.0000,0.9839,0.0001,0.0160,0.0001
PBFPHCLI_01050,Extracellular,0.0065,0.6302,0.0026,0.3601,0.0003,0.0001
PBFPHCLI_01051,Cytoplasmic,0.0001,0.0016,0.9975,0.0001,0.0003,0.0004
PBFPHCLI_01052,Cytoplasmic,0.0000,0.0001,0.9929,0.0001,0.0066,0.0004
PBFPHCLI_01053,Cytoplasmic,0.0002,0.0010,0.9270,0.0225,0.0492,0.0000
PBFPHCLI_01054,Cytoplasmic,0.0002,0.0209,0.9019,0.0521,0.0248,0.0001
PBFPHCLI_01055,Cytoplasmic,0.0002,0.0046,0.9760,0.0151,0.0040,0.0000
PBFPHCLI_01056,Cytoplasmic Membrane,0.0004,0.0837,0.0129,0.8993,0.0037,0.0000
PBFPHCLI_01057,Cytoplasmic Membrane,0.0000,0.0035,0.0001,0.9942,0.0021,0.0000
PBFPHCLI_01058,Cytoplasmic Membrane,0.0000,0.0012,0.0000,0.9964,0.0023,0.0000
PBFPHCLI_01059,Cytoplasmic Membrane,0.0000,0.0094,0.0003,0.9179,0.0723,0.0000
PBFPHCLI_01060,Cytoplasmic,0.0001,0.0101,0.9208,0.0583,0.0061,0.0046
PBFPHCLI_01061,Cytoplasmic Membrane,0.0000,0.0000,0.0000,1.0000,0.0000,0.0000
PBFPHCLI_01062,Cytoplasmic,0.0002,0.0006,0.9874,0.0046,0.0069,0.0004
PBFPHCLI_01063,Cytoplasmic Membrane,0.0002,0.0008,0.0003,0.9955,0.0032,0.0000
PBFPHCLI_01064,Extracellular,0.2820,0.5783,0.0001,0.1387,0.0002,0.0006
PBFPHCLI_01065,Cytoplasmic Membrane,0.0000,0.0000,0.0000,0.9999,0.0000,0.0000
PBFPHCLI_01066,Cytoplasmic,0.0019,0.1151,0.7421,0.0345,0.0441,0.0624
PBFPHCLI_01067,Cytoplasmic,0.0000,0.0006,0.9826,0.0129,0.0024,0.0015
PBFPHCLI_01068,Cytoplasmic,0.0001,0.0682,0.7826,0.0112,0.1336,0.0043
PBFPHCLI_01069,Cytoplasmic,0.0013,0.4178,0.5428,0.0009,0.0212,0.0160
PBFPHCLI_01070,Cytoplasmic,0.0005,0.0051,0.9791,0.0139,0.0013,0.0000
PBFPHCLI_01071,Cytoplasmic,0.0000,0.0023,0.9879,0.0003,0.0089,0.0005
PBFPHCLI_01072,Extracellular,0.0074,0.6986,0.0076,0.2841,0.0008,0.0015
PBFPHCLI_01073,Cytoplasmic,0.0000,0.0001,0.9891,0.0010,0.0042,0.0055
PBFPHCLI_01074,Cytoplasmic,0.0005,0.0013,0.9425,0.0046,0.0304,0.0206
PBFPHCLI_01075,Cytoplasmic,0.0003,0.0007,0.9948,0.0007,0.0015,0.0019
PBFPHCLI_01076,Extracellular,0.0235,0.9267,0.0001,0.0398,0.0097,0.0002
PBFPHCLI_01077,Cytoplasmic,0.0001,0.0031,0.9893,0.0021,0.0049,0.0004
PBFPHCLI_01078,Cytoplasmic,0.0005,0.0162,0.9784,0.0036,0.0012,0.0001
PBFPHCLI_01079,Cytoplasmic,0.0004,0.0030,0.9934,0.0006,0.0019,0.0008
PBFPHCLI_01080,Cytoplasmic,0.0014,0.0174,0.9468,0.0325,0.0018,0.0000
PBFPHCLI_01081,Cytoplasmic Membrane,0.0007,0.0044,0.0002,0.9936,0.0011,0.0000
PBFPHCLI_01082,Cytoplasmic,0.0006,0.0021,0.7529,0.2264,0.0146,0.0035
PBFPHCLI_01083,Cytoplasmic,0.0005,0.0128,0.7105,0.2722,0.0032,0.0008
PBFPHCLI_01084,Cytoplasmic,0.0000,0.0024,0.9934,0.0002,0.0033,0.0006
PBFPHCLI_01085,Cytoplasmic Membrane,0.0000,0.0195,0.0054,0.9643,0.0107,0.0000
PBFPHCLI_01086,Cytoplasmic Membrane,0.0000,0.0000,0.0000,0.9999,0.0001,0.0000
PBFPHCLI_01087,Cytoplasmic Membrane,0.0000,0.0001,0.0000,0.9998,0.0002,0.0000
PBFPHCLI_01088,Cytoplasmic Membrane,0.0000,0.0024,0.0006,0.9951,0.0019,0.0000
PBFPHCLI_01089,Cytoplasmic,0.0003,0.0360,0.8875,0.0363,0.0398,0.0001
PBFPHCLI_01090,Cytoplasmic,0.0000,0.0000,0.9991,0.0000,0.0009,0.0000
PBFPHCLI_01091,Cytoplasmic,0.0000,0.0001,0.9976,0.0000,0.0022,0.0000
PBFPHCLI_01092,Cytoplasmic Membrane,0.0000,0.0002,0.0001,0.9990,0.0007,0.0000
PBFPHCLI_01093,Cytoplasmic,0.0010,0.0107,0.9749,0.0105,0.0028,0.0003
PBFPHCLI_01094,Cytoplasmic,0.0019,0.0560,0.9004,0.0056,0.0136,0.0225
PBFPHCLI_01095,Cytoplasmic,0.0009,0.0058,0.9689,0.0096,0.0016,0.0132
PBFPHCLI_01096,Cytoplasmic,0.0010,0.0058,0.9450,0.0118,0.0205,0.0159
PBFPHCLI_01097,Cytoplasmic Membrane,0.0001,0.0508,0.0080,0.8974,0.0415,0.0022
PBFPHCLI_01098,Cytoplasmic,0.0388,0.3434,0.5646,0.0249,0.0273,0.0010
PBFPHCLI_01099,Extracellular,0.0023,0.5876,0.3984,0.0033,0.0078,0.0006
PBFPHCLI_01100,Cytoplasmic Membrane,0.0000,0.0000,0.0000,0.9995,0.0005,0.0000
PBFPHCLI_01101,Cytoplasmic Membrane,0.0000,0.0009,0.0005,0.9984,0.0001,0.0000
PBFPHCLI_01102,Cytoplasmic,0.0004,0.0035,0.9703,0.0095,0.0145,0.0017
PBFPHCLI_01103,Cytoplasmic,0.0002,0.0012,0.9854,0.0007,0.0058,0.0067
PBFPHCLI_01104,Cytoplasmic,0.0015,0.0086,0.9599,0.0080,0.0213,0.0007
PBFPHCLI_01105,Cytoplasmic,0.0010,0.0159,0.9705,0.0063,0.0051,0.0012
PBFPHCLI_01106,Cytoplasmic,0.0000,0.0004,0.9967,0.0009,0.0018,0.0001
PBFPHCLI_01107,Cytoplasmic,0.0000,0.0273,0.9710,0.0000,0.0011,0.0006
PBFPHCLI_01108,Cytoplasmic,0.0002,0.0011,0.9789,0.0023,0.0158,0.0015
PBFPHCLI_01109,Cytoplasmic,0.0000,0.0169,0.9818,0.0002,0.0008,0.0002
PBFPHCLI_01110,Cytoplasmic,0.0011,0.0084,0.9421,0.0096,0.0244,0.0144
PBFPHCLI_01111,Cytoplasmic,0.0001,0.1249,0.7022,0.1076,0.0515,0.0137
PBFPHCLI_01112,Cytoplasmic,0.0000,0.0001,0.9948,0.0018,0.0022,0.0011
PBFPHCLI_01113,Cytoplasmic Membrane,0.0000,0.0000,0.0000,0.9976,0.0023,0.0000
PBFPHCLI_01114,Cytoplasmic,0.0031,0.0326,0.4928,0.3380,0.1135,0.0200
PBFPHCLI_01115,Cytoplasmic Membrane,0.0000,0.0000,0.0000,0.9999,0.0001,0.0000
PBFPHCLI_01116,Cytoplasmic,0.0003,0.1306,0.7569,0.0482,0.0523,0.0117
PBFPHCLI_01117,Cytoplasmic,0.0000,0.0001,0.9806,0.0004,0.0178,0.0011
PBFPHCLI_01118,Cytoplasmic Membrane,0.0001,0.0245,0.0000,0.9737,0.0017,0.0000
PBFPHCLI_01119,Cytoplasmic Membrane,0.0000,0.0001,0.0000,0.9983,0.0015,0.0000
PBFPHCLI_01120,Cytoplasmic,0.0002,0.0005,0.9804,0.0035,0.0092,0.0062
PBFPHCLI_01121,Cytoplasmic,0.0002,0.0012,0.9959,0.0021,0.0006,0.0001
PBFPHCLI_01122,Cytoplasmic Membrane,0.0000,0.0001,0.0000,0.9998,0.0001,0.0000
PBFPHCLI_01123,Cytoplasmic Membrane,0.0011,0.0026,0.2273,0.6717,0.0963,0.0010
PBFPHCLI_01124,Cytoplasmic Membrane,0.0000,0.0001,0.0000,0.9996,0.0003,0.0000
PBFPHCLI_01125,Cytoplasmic,0.0002,0.2870,0.6371,0.0090,0.0664,0.0003
PBFPHCLI_01126,Cytoplasmic,0.0001,0.0123,0.9861,0.0002,0.0013,0.0001
PBFPHCLI_01127,Extracellular,0.1947,0.8023,0.0000,0.0005,0.0016,0.0009
PBFPHCLI_01128,Cytoplasmic,0.0001,0.0008,0.9987,0.0002,0.0003,0.0000
PBFPHCLI_01129,Cytoplasmic,0.0002,0.0215,0.9686,0.0004,0.0093,0.0000
PBFPHCLI_01130,Cytoplasmic Membrane,0.0000,0.0001,0.0000,0.9997,0.0002,0.0000
PBFPHCLI_01131,Cytoplasmic Membrane,0.0000,0.0000,0.0000,0.9999,0.0000,0.0000
PBFPHCLI_01132,Cytoplasmic,0.0000,0.0000,0.9961,0.0001,0.0037,0.0001
PBFPHCLI_01133,Cytoplasmic,0.0004,0.0193,0.9498,0.0169,0.0128,0.0007
PBFPHCLI_01134,Cytoplasmic,0.0088,0.1096,0.8632,0.0029,0.0154,0.0001
PBFPHCLI_01135,Cytoplasmic,0.0003,0.0012,0.9961,0.0002,0.0020,0.0001
PBFPHCLI_01136,Cytoplasmic Membrane,0.0052,0.1699,0.0010,0.8186,0.0051,0.0002
PBFPHCLI_01137,Cytoplasmic Membrane,0.0018,0.0894,0.0004,0.9058,0.0025,0.0001
PBFPHCLI_01138,Cytoplasmic Membrane,0.0000,0.0705,0.1157,0.8124,0.0013,0.0000
PBFPHCLI_01139,Cytoplasmic Membrane,0.0003,0.0343,0.0509,0.8784,0.0355,0.0005
PBFPHCLI_01140,Extracellular,0.0484,0.4998,0.0028,0.4479,0.0005,0.0005
PBFPHCLI_01141,Cytoplasmic Membrane,0.0002,0.0237,0.0000,0.9752,0.0009,0.0000
PBFPHCLI_01142,Cytoplasmic,0.0061,0.0045,0.9485,0.0361,0.0045,0.0003
PBFPHCLI_01143,Cytoplasmic,0.0001,0.0006,0.9973,0.0012,0.0007,0.0001
PBFPHCLI_01144,Cytoplasmic Membrane,0.0000,0.0002,0.0000,0.9997,0.0001,0.0000
PBFPHCLI_01145,Cytoplasmic,0.0023,0.0272,0.7149,0.2347,0.0197,0.0012
PBFPHCLI_01146,Cytoplasmic,0.0001,0.0015,0.9967,0.0004,0.0012,0.0002
PBFPHCLI_01147,Cytoplasmic Membrane,0.0000,0.0000,0.0000,0.9999,0.0001,0.0000
PBFPHCLI_01148,Cytoplasmic Membrane,0.0000,0.0000,0.0000,0.9999,0.0001,0.0000
PBFPHCLI_01149,Cytoplasmic Membrane,0.0000,0.0000,0.0000,0.9997,0.0003,0.0000
PBFPHCLI_01150,Cytoplasmic,0.0009,0.0324,0.9367,0.0006,0.0258,0.0036
PBFPHCLI_01151,Cytoplasmic Membrane,0.0000,0.0000,0.0000,1.0000,0.0000,0.0000
PBFPHCLI_01152,Cytoplasmic,0.0003,0.0023,0.9661,0.0306,0.0006,0.0001
PBFPHCLI_01153,Cytoplasmic Membrane,0.0000,0.0000,0.0000,1.0000,0.0000,0.0000
PBFPHCLI_01154,Cytoplasmic,0.0000,0.0003,0.9611,0.0002,0.0139,0.0245
PBFPHCLI_01155,Cytoplasmic Membrane,0.0000,0.0000,0.0000,1.0000,0.0000,0.0000
PBFPHCLI_01156,Extracellular,0.1598,0.8391,0.0000,0.0008,0.0002,0.0001
PBFPHCLI_01157,Cell wall & surface,0.9470,0.0324,0.0014,0.0167,0.0024,0.0000
PBFPHCLI_01158,Cytoplasmic,0.0009,0.0095,0.9807,0.0010,0.0078,0.0001
PBFPHCLI_01159,Cytoplasmic Membrane,0.0000,0.0035,0.0009,0.9943,0.0012,0.0000
PBFPHCLI_01160,Cytoplasmic Membrane,0.0000,0.0001,0.0589,0.9347,0.0059,0.0004
PBFPHCLI_01161,Cytoplasmic Membrane,0.0000,0.0000,0.0000,0.9999,0.0001,0.0000
PBFPHCLI_01162,Cytoplasmic Membrane,0.0001,0.0052,0.0001,0.9902,0.0043,0.0000
PBFPHCLI_01163,Extracellular,0.2217,0.7388,0.0002,0.0372,0.0009,0.0013
PBFPHCLI_01164,Cytoplasmic Membrane,0.0000,0.0147,0.0001,0.9786,0.0066,0.0000
PBFPHCLI_01165,Extracellular,0.0109,0.4953,0.4723,0.0069,0.0138,0.0009
PBFPHCLI_01166,Cytoplasmic Membrane,0.0000,0.0021,0.0001,0.9975,0.0003,0.0000
PBFPHCLI_01167,Cytoplasmic,0.0005,0.0067,0.9897,0.0002,0.0029,0.0000
PBFPHCLI_01168,Cytoplasmic,0.0002,0.0018,0.9824,0.0035,0.0120,0.0002
PBFPHCLI_01169,Cytoplasmic Membrane,0.0000,0.0000,0.0000,0.9995,0.0005,0.0000
PBFPHCLI_01170,Cytoplasmic,0.0016,0.0026,0.8486,0.0333,0.1120,0.0018
PBFPHCLI_01171,Cytoplasmic,0.0003,0.0006,0.9949,0.0003,0.0034,0.0004
PBFPHCLI_01172,Cytoplasmic Membrane,0.0000,0.0000,0.0000,1.0000,0.0000,0.0000
PBFPHCLI_01173,Cytoplasmic,0.0004,0.0025,0.7978,0.0016,0.1951,0.0026
PBFPHCLI_01174,Cytoplasmic,0.0326,0.0056,0.9299,0.0300,0.0019,0.0001
PBFPHCLI_01175,Cytoplasmic,0.0004,0.0005,0.9786,0.0159,0.0042,0.0005
PBFPHCLI_01176,Cytoplasmic Membrane,0.0000,0.0002,0.0002,0.9990,0.0006,0.0000
PBFPHCLI_01177,Cytoplasmic Membrane,0.0037,0.3250,0.0034,0.6633,0.0046,0.0000
PBFPHCLI_01178,Cytoplasmic Membrane,0.0000,0.0003,0.0001,0.9973,0.0022,0.0000
PBFPHCLI_01179,Cytoplasmic,0.0022,0.0059,0.9710,0.0161,0.0046,0.0002
PBFPHCLI_01180,Cytoplasmic,0.0003,0.0056,0.9807,0.0028,0.0095,0.0011
PBFPHCLI_01181,Cytoplasmic,0.0002,0.1441,0.7350,0.0318,0.0870,0.0018
PBFPHCLI_01182,Cytoplasmic Membrane,0.0000,0.0012,0.0000,0.9971,0.0017,0.0000
PBFPHCLI_01183,Cytoplasmic,0.0002,0.0045,0.9904,0.0019,0.0029,0.0000
PBFPHCLI_01184,Cytoplasmic Membrane,0.0067,0.1166,0.0005,0.8288,0.0457,0.0018
PBFPHCLI_01185,Cytoplasmic,0.0001,0.0049,0.8118,0.1629,0.0184,0.0019
PBFPHCLI_01186,Cytoplasmic,0.0004,0.0061,0.9905,0.0027,0.0001,0.0001
PBFPHCLI_01187,Cytoplasmic,0.0001,0.0868,0.9044,0.0033,0.0053,0.0001
PBFPHCLI_01188,Cytoplasmic,0.0002,0.0030,0.9926,0.0007,0.0032,0.0004
PBFPHCLI_01189,Cytoplasmic,0.0001,0.0076,0.9810,0.0002,0.0108,0.0002
PBFPHCLI_01190,Cytoplasmic,0.0009,0.0155,0.9570,0.0127,0.0129,0.0010
PBFPHCLI_01191,Cytoplasmic,0.0013,0.0432,0.9228,0.0254,0.0053,0.0020
PBFPHCLI_01192,Cytoplasmic,0.0002,0.0996,0.6854,0.1849,0.0283,0.0016
PBFPHCLI_01193,Cytoplasmic,0.0005,0.0096,0.9641,0.0043,0.0039,0.0176
PBFPHCLI_01194,Cytoplasmic Membrane,0.0000,0.0072,0.0002,0.9890,0.0037,0.0000
PBFPHCLI_01195,Cytoplasmic,0.0000,0.0034,0.9943,0.0001,0.0014,0.0008
PBFPHCLI_01196,Cytoplasmic Membrane,0.0000,0.0000,0.0000,0.9999,0.0001,0.0000
PBFPHCLI_01197,Cytoplasmic Membrane,0.0000,0.0000,0.0002,0.9984,0.0013,0.0000
PBFPHCLI_01198,Cytoplasmic Membrane,0.0006,0.0133,0.0192,0.9641,0.0028,0.0000
PBFPHCLI_01199,Cytoplasmic,0.0001,0.0006,0.9927,0.0009,0.0049,0.0008
PBFPHCLI_01200,Cytoplasmic,0.0001,0.0020,0.9898,0.0009,0.0064,0.0009
PBFPHCLI_01201,Cytoplasmic Membrane,0.0000,0.0000,0.0000,0.9999,0.0000,0.0000
PBFPHCLI_01202,Cytoplasmic Membrane,0.0004,0.0100,0.1841,0.8013,0.0037,0.0005
PBFPHCLI_01203,Cytoplasmic Membrane,0.0000,0.0004,0.0012,0.9971,0.0012,0.0000
PBFPHCLI_01204,Cytoplasmic,0.0000,0.0005,0.9922,0.0049,0.0022,0.0001
PBFPHCLI_01205,Cytoplasmic,0.0014,0.0085,0.9876,0.0004,0.0012,0.0009
PBFPHCLI_01206,Cytoplasmic Membrane,0.0000,0.0001,0.0000,0.9986,0.0013,0.0000
PBFPHCLI_01207,Cytoplasmic,0.0003,0.0002,0.9946,0.0040,0.0007,0.0002
PBFPHCLI_01208,Cytoplasmic,0.0004,0.0027,0.9870,0.0086,0.0012,0.0002
PBFPHCLI_01209,Cytoplasmic,0.0002,0.0172,0.9802,0.0012,0.0012,0.0000
PBFPHCLI_01210,Cytoplasmic,0.0001,0.0107,0.9612,0.0120,0.0157,0.0003
PBFPHCLI_01211,Cytoplasmic,0.0014,0.0419,0.7128,0.0263,0.0263,0.1913
PBFPHCLI_01212,Cytoplasmic,0.0008,0.0140,0.9832,0.0005,0.0005,0.0011
PBFPHCLI_01213,Cytoplasmic,0.0011,0.1339,0.8492,0.0063,0.0074,0.0021
PBFPHCLI_01214,Cytoplasmic,0.0010,0.0021,0.9508,0.0118,0.0337,0.0005
PBFPHCLI_01215,Cytoplasmic,0.0002,0.0055,0.9750,0.0022,0.0123,0.0047
PBFPHCLI_01216,Cytoplasmic,0.0001,0.0008,0.9941,0.0032,0.0019,0.0000
PBFPHCLI_01217,Cytoplasmic Membrane,0.0000,0.0001,0.0001,0.9998,0.0000,0.0000
PBFPHCLI_01218,Cytoplasmic Membrane,0.0000,0.0000,0.0000,1.0000,0.0000,0.0000
PBFPHCLI_01219,Cytoplasmic,0.0057,0.0045,0.9482,0.0369,0.0044,0.0004
PBFPHCLI_01220,Cytoplasmic,0.0001,0.0008,0.9876,0.0068,0.0048,0.0001
PBFPHCLI_01221,Cytoplasmic,0.0004,0.0185,0.9795,0.0005,0.0005,0.0005
PBFPHCLI_01222,Cytoplasmic,0.0001,0.0007,0.9549,0.0157,0.0258,0.0027
PBFPHCLI_01223,Cytoplasmic Membrane,0.0000,0.0000,0.0000,0.9994,0.0006,0.0000
PBFPHCLI_01224,Cytoplasmic,0.0004,0.1976,0.7950,0.0016,0.0053,0.0000
PBFPHCLI_01225,Cytoplasmic,0.0013,0.0181,0.5000,0.0092,0.4126,0.0588
PBFPHCLI_01226,Cytoplasmic,0.0057,0.0319,0.8383,0.0182,0.0743,0.0317
PBFPHCLI_01227,Cytoplasmic Membrane,0.0000,0.0000,0.0000,0.9999,0.0001,0.0000
PBFPHCLI_01228,Cytoplasmic,0.0000,0.0017,0.9973,0.0001,0.0004,0.0005
PBFPHCLI_01229,Cytoplasmic,0.0000,0.0013,0.9936,0.0015,0.0015,0.0020
PBFPHCLI_01230,Cytoplasmic Membrane,0.0000,0.0000,0.0000,0.9999,0.0001,0.0000
PBFPHCLI_01231,Cytoplasmic,0.0039,0.0053,0.5927,0.3693,0.0284,0.0004
PBFPHCLI_01232,Cytoplasmic,0.0004,0.0263,0.9642,0.0084,0.0006,0.0000
PBFPHCLI_01233,Cytoplasmic,0.0005,0.0308,0.9617,0.0053,0.0013,0.0004
PBFPHCLI_01234,Cytoplasmic,0.0003,0.0023,0.9855,0.0093,0.0025,0.0001
PBFPHCLI_01235,Cytoplasmic,0.0000,0.0001,0.9990,0.0001,0.0006,0.0001
PBFPHCLI_01236,Cytoplasmic Membrane,0.0000,0.0000,0.0000,0.9998,0.0002,0.0000
PBFPHCLI_01237,Cytoplasmic,0.0002,0.0136,0.9836,0.0011,0.0013,0.0001
PBFPHCLI_01238,Cytoplasmic Membrane,0.0000,0.0003,0.0005,0.9979,0.0011,0.0002
PBFPHCLI_01239,Cytoplasmic Membrane,0.0002,0.0005,0.0013,0.9914,0.0064,0.0002
PBFPHCLI_01240,Cytoplasmic,0.0004,0.0008,0.7961,0.0139,0.1885,0.0003
PBFPHCLI_01241,Cytoplasmic,0.0025,0.1001,0.6926,0.0578,0.1466,0.0003
PBFPHCLI_01242,Cytoplasmic,0.0044,0.0428,0.9279,0.0181,0.0057,0.0012
PBFPHCLI_01243,Cytoplasmic,0.0005,0.0026,0.8936,0.0470,0.0507,0.0056
PBFPHCLI_01244,Cytoplasmic,0.0000,0.0005,0.9851,0.0049,0.0087,0.0008
PBFPHCLI_01245,Cytoplasmic,0.0023,0.0045,0.9434,0.0236,0.0203,0.0060
PBFPHCLI_01246,Cytoplasmic,0.0004,0.0075,0.7873,0.1632,0.0404,0.0013
PBFPHCLI_01247,Cytoplasmic,0.0016,0.0018,0.9076,0.0474,0.0414,0.0002
PBFPHCLI_01248,Cytoplasmic,0.0004,0.0082,0.9828,0.0057,0.0029,0.0001
PBFPHCLI_01249,Cytoplasmic,0.0043,0.0111,0.8957,0.0345,0.0501,0.0043
PBFPHCLI_01250,Cytoplasmic,0.0010,0.0188,0.9698,0.0056,0.0042,0.0007
PBFPHCLI_01251,Cytoplasmic,0.0000,0.0001,0.9088,0.0001,0.0908,0.0002
PBFPHCLI_01252,Cytoplasmic,0.0005,0.0205,0.8639,0.1116,0.0034,0.0000
PBFPHCLI_01253,Cytoplasmic,0.0002,0.0115,0.9086,0.0422,0.0345,0.0030
PBFPHCLI_01254,Cytoplasmic,0.0003,0.0019,0.9608,0.0018,0.0350,0.0002
PBFPHCLI_01255,Cytoplasmic,0.0001,0.0051,0.9652,0.0001,0.0285,0.0010
PBFPHCLI_01256,Cytoplasmic,0.0000,0.0006,0.9238,0.0136,0.0348,0.0272
PBFPHCLI_01257,Cytoplasmic,0.0002,0.0015,0.9803,0.0053,0.0120,0.0006
PBFPHCLI_01258,Cytoplasmic,0.0011,0.0063,0.8441,0.0042,0.1429,0.0014
PBFPHCLI_01259,Cytoplasmic,0.0019,0.0087,0.8489,0.0617,0.0777,0.0011
PBFPHCLI_01260,Cytoplasmic,0.0016,0.0331,0.9596,0.0038,0.0019,0.0000
PBFPHCLI_01261,Cytoplasmic,0.0005,0.0178,0.9743,0.0027,0.0046,0.0000
PBFPHCLI_01262,Cytoplasmic Membrane,0.0000,0.0001,0.0001,0.9990,0.0008,0.0000
PBFPHCLI_01263,Cytoplasmic,0.0000,0.0022,0.9538,0.0038,0.0401,0.0000
PBFPHCLI_01264,Cytoplasmic,0.0000,0.0005,0.9674,0.0003,0.0141,0.0177
PBFPHCLI_01265,Cytoplasmic,0.0026,0.0091,0.9774,0.0029,0.0076,0.0003
PBFPHCLI_01266,Cytoplasmic,0.0004,0.0022,0.9938,0.0011,0.0023,0.0003
PBFPHCLI_01267,Extracellular,0.0109,0.4953,0.4723,0.0069,0.0138,0.0009
PBFPHCLI_01268,Cytoplasmic,0.0003,0.0095,0.9355,0.0006,0.0332,0.0209
PBFPHCLI_01269,Cytoplasmic,0.0000,0.0009,0.9875,0.0004,0.0099,0.0013
PBFPHCLI_01270,Cytoplasmic,0.0000,0.0007,0.9674,0.0201,0.0118,0.0001
PBFPHCLI_01271,Cytoplasmic,0.0010,0.0160,0.6870,0.0200,0.2690,0.0070
PBFPHCLI_01272,Cytoplasmic Membrane,0.0000,0.0000,0.0000,0.9993,0.0006,0.0000
PBFPHCLI_01273,Cytoplasmic,0.0083,0.0968,0.8703,0.0102,0.0128,0.0017
PBFPHCLI_01274,Cytoplasmic,0.0093,0.0699,0.9162,0.0016,0.0028,0.0002
PBFPHCLI_01275,Cytoplasmic,0.0003,0.0011,0.9782,0.0106,0.0089,0.0009
PBFPHCLI_01276,Cytoplasmic Membrane,0.0000,0.0000,0.0001,0.9997,0.0002,0.0000
PBFPHCLI_01277,Cytoplasmic,0.0001,0.0020,0.9863,0.0052,0.0063,0.0001
PBFPHCLI_01278,Cytoplasmic,0.0001,0.0008,0.9962,0.0024,0.0005,0.0000
PBFPHCLI_01279,Cytoplasmic,0.0013,0.0066,0.9167,0.0510,0.0237,0.0007
PBFPHCLI_01280,Cytoplasmic,0.0001,0.0020,0.9880,0.0024,0.0047,0.0029
PBFPHCLI_01281,Cytoplasmic Membrane,0.0000,0.0004,0.0002,0.9849,0.0143,0.0002
PBFPHCLI_01282,Cytoplasmic,0.0001,0.0444,0.9029,0.0361,0.0164,0.0002
PBFPHCLI_01283,Cytoplasmic Membrane,0.0000,0.0000,0.0002,0.9997,0.0001,0.0000
PBFPHCLI_01284,Cytoplasmic,0.0005,0.0135,0.7897,0.1917,0.0045,0.0001
PBFPHCLI_01285,Cytoplasmic Membrane,0.0000,0.0000,0.0000,1.0000,0.0000,0.0000
PBFPHCLI_01286,Cytoplasmic Membrane,0.0000,0.0001,0.0000,0.9988,0.0011,0.0000
PBFPHCLI_01287,Cytoplasmic,0.0003,0.0063,0.5785,0.2684,0.0290,0.1174
PBFPHCLI_01288,Cytoplasmic,0.0166,0.0422,0.6765,0.1118,0.0661,0.0868
PBFPHCLI_01289,Cytoplasmic,0.0025,0.0331,0.9457,0.0155,0.0025,0.0008
PBFPHCLI_01290,Cytoplasmic,0.0007,0.0201,0.9599,0.0043,0.0150,0.0000
PBFPHCLI_01291,Cytoplasmic Membrane,0.0001,0.0030,0.0007,0.9938,0.0024,0.0000
PBFPHCLI_01292,Cytoplasmic Membrane,0.0000,0.0030,0.0002,0.9962,0.0005,0.0000
PBFPHCLI_01293,Cytoplasmic Membrane,0.0000,0.0000,0.0000,1.0000,0.0000,0.0000
PBFPHCLI_01294,Cytoplasmic Membrane,0.0000,0.0156,0.0000,0.9770,0.0073,0.0000
PBFPHCLI_01295,Cytoplasmic Membrane,0.0000,0.0001,0.0002,0.9996,0.0002,0.0000
PBFPHCLI_01296,Cytoplasmic,0.0002,0.0010,0.8067,0.1911,0.0009,0.0002
PBFPHCLI_01297,Cytoplasmic Membrane,0.0000,0.0001,0.0001,0.9992,0.0007,0.0000
PBFPHCLI_01298,Cytoplasmic Membrane,0.0000,0.0000,0.0000,1.0000,0.0000,0.0000
PBFPHCLI_01299,Cytoplasmic,0.0014,0.0054,0.8615,0.0286,0.0900,0.0131
PBFPHCLI_01300,Cytoplasmic,0.0000,0.0006,0.9926,0.0004,0.0051,0.0012
PBFPHCLI_01301,Cytoplasmic,0.0000,0.0002,0.9587,0.0326,0.0056,0.0029
PBFPHCLI_01302,Cytoplasmic,0.0004,0.0185,0.9795,0.0005,0.0005,0.0005
PBFPHCLI_01303,Cytoplasmic,0.0002,0.0136,0.9243,0.0500,0.0119,0.0000
PBFPHCLI_01304,Extracellular,0.1531,0.7676,0.0126,0.0617,0.0049,0.0002
PBFPHCLI_01305,Cytoplasmic Membrane,0.0007,0.0890,0.0000,0.9042,0.0061,0.0000
PBFPHCLI_01306,Extracellular,0.0023,0.5876,0.3984,0.0033,0.0078,0.0006
PBFPHCLI_01307,Cytoplasmic,0.0388,0.3434,0.5646,0.0249,0.0273,0.0010
PBFPHCLI_01308,Cytoplasmic Membrane,0.0000,0.0443,0.0000,0.9539,0.0018,0.0000
PBFPHCLI_01309,Extracellular,0.4076,0.5745,0.0008,0.0135,0.0035,0.0000
PBFPHCLI_01310,Cytoplasmic Membrane,0.0001,0.0114,0.0001,0.9661,0.0224,0.0000
PBFPHCLI_01311,Cytoplasmic Membrane,0.0099,0.2223,0.0025,0.7532,0.0108,0.0013
PBFPHCLI_01312,Cytoplasmic,0.0002,0.0665,0.8856,0.0406,0.0069,0.0003
PBFPHCLI_01313,Cytoplasmic,0.0003,0.0073,0.9822,0.0047,0.0051,0.0003
PBFPHCLI_01314,Cytoplasmic,0.0000,0.0001,0.9736,0.0087,0.0134,0.0041
PBFPHCLI_01315,Cytoplasmic Membrane,0.0000,0.0000,0.0000,0.9989,0.0011,0.0000
PBFPHCLI_01316,Cytoplasmic,0.0003,0.0213,0.9450,0.0011,0.0211,0.0113
PBFPHCLI_01317,Cytoplasmic Membrane,0.0000,0.0000,0.0000,0.9999,0.0001,0.0000
PBFPHCLI_01318,Cytoplasmic,0.0002,0.0146,0.9705,0.0019,0.0060,0.0068
PBFPHCLI_01319,Cytoplasmic,0.0093,0.2274,0.7428,0.0133,0.0033,0.0039
PBFPHCLI_01320,Cytoplasmic Membrane,0.0001,0.0002,0.1413,0.8482,0.0100,0.0002
PBFPHCLI_01321,Cytoplasmic Membrane,0.0000,0.0000,0.0000,1.0000,0.0000,0.0000
PBFPHCLI_01322,Cytoplasmic Membrane,0.0000,0.0000,0.0000,1.0000,0.0000,0.0000
PBFPHCLI_01323,Cytoplasmic Membrane,0.0001,0.0639,0.0003,0.9339,0.0016,0.0002
PBFPHCLI_01324,Cytoplasmic Membrane,0.0000,0.0006,0.0002,0.9972,0.0020,0.0000
PBFPHCLI_01325,Cytoplasmic Membrane,0.0000,0.0000,0.0000,0.9997,0.0003,0.0000
PBFPHCLI_01326,Cytoplasmic Membrane,0.0000,0.0000,0.0000,0.9994,0.0005,0.0000
PBFPHCLI_01327,Cytoplasmic,0.0003,0.0030,0.9926,0.0031,0.0009,0.0001
PBFPHCLI_01328,Cytoplasmic,0.0001,0.0005,0.9980,0.0009,0.0004,0.0000
PBFPHCLI_01329,Cytoplasmic,0.0005,0.0002,0.9565,0.0044,0.0383,0.0001
PBFPHCLI_01330,Cytoplasmic Membrane,0.3296,0.2898,0.0003,0.3769,0.0032,0.0002
PBFPHCLI_01331,Cytoplasmic Membrane,0.0000,0.0023,0.0002,0.9915,0.0060,0.0000
PBFPHCLI_01332,Cytoplasmic Membrane,0.0000,0.0098,0.0001,0.9520,0.0381,0.0000
PBFPHCLI_01333,Cytoplasmic,0.0052,0.0341,0.9054,0.0430,0.0120,0.0003
PBFPHCLI_01334,Cytoplasmic Membrane,0.0017,0.0024,0.0001,0.9953,0.0005,0.0000
PBFPHCLI_01335,Cytoplasmic,0.0001,0.0006,0.9746,0.0049,0.0100,0.0099
PBFPHCLI_01336,Cytoplasmic,0.0343,0.0802,0.8005,0.0108,0.0741,0.0002
PBFPHCLI_01337,Cytoplasmic Membrane,0.0001,0.0114,0.0005,0.9853,0.0027,0.0000
PBFPHCLI_01338,Cytoplasmic Membrane,0.0000,0.0019,0.0002,0.9970,0.0007,0.0000
PBFPHCLI_01339,Cytoplasmic,0.0015,0.0004,0.9556,0.0416,0.0009,0.0001
PBFPHCLI_01340,Cytoplasmic,0.0000,0.0007,0.9956,0.0012,0.0015,0.0010
PBFPHCLI_01341,Cytoplasmic Membrane,0.0000,0.0001,0.0005,0.9986,0.0008,0.0000
PBFPHCLI_01342,Cytoplasmic,0.0043,0.0070,0.6298,0.3570,0.0017,0.0001
PBFPHCLI_01343,Cytoplasmic,0.0003,0.0021,0.9447,0.0484,0.0041,0.0004
PBFPHCLI_01344,Cytoplasmic,0.0003,0.0015,0.8828,0.0970,0.0168,0.0015
PBFPHCLI_01345,Cytoplasmic Membrane,0.0000,0.0000,0.0000,1.0000,0.0000,0.0000
PBFPHCLI_01346,Cytoplasmic Membrane,0.0000,0.0002,0.0000,0.9996,0.0002,0.0000
PBFPHCLI_01347,Cytoplasmic,0.0002,0.0051,0.8714,0.1212,0.0020,0.0001
PBFPHCLI_01348,Cytoplasmic,0.0005,0.0138,0.9411,0.0416,0.0030,0.0000
PBFPHCLI_01349,Cytoplasmic,0.0001,0.2334,0.7074,0.0131,0.0458,0.0002
PBFPHCLI_01350,Cytoplasmic,0.0011,0.0017,0.8292,0.0186,0.1463,0.0030
PBFPHCLI_01351,Cytoplasmic,0.0001,0.0347,0.8515,0.0284,0.0853,0.0001
PBFPHCLI_01352,Extracellular,0.0005,0.6417,0.3294,0.0059,0.0224,0.0001
PBFPHCLI_01353,Cytoplasmic Membrane,0.0000,0.1123,0.0002,0.8791,0.0084,0.0000
PBFPHCLI_01354,Cytoplasmic,0.0059,0.1474,0.7761,0.0528,0.0152,0.0025
PBFPHCLI_01355,Cytoplasmic,0.0012,0.0150,0.9518,0.0030,0.0286,0.0005
PBFPHCLI_01356,Cytoplasmic Membrane,0.0003,0.3167,0.2819,0.3712,0.0293,0.0007
PBFPHCLI_01357,Cytoplasmic,0.0001,0.0002,0.9289,0.0004,0.0704,0.0000
PBFPHCLI_01358,Cytoplasmic,0.0000,0.0004,0.9804,0.0156,0.0033,0.0002
PBFPHCLI_01359,Cytoplasmic,0.0057,0.0045,0.9482,0.0369,0.0044,0.0004
PBFPHCLI_01360,Cytoplasmic,0.0001,0.0008,0.9905,0.0003,0.0080,0.0002
PBFPHCLI_01361,Cytoplasmic Membrane,0.0000,0.0000,0.0000,0.9995,0.0005,0.0000
PBFPHCLI_01362,Extracellular,0.1642,0.8211,0.0001,0.0138,0.0006,0.0002
PBFPHCLI_01363,Cytoplasmic Membrane,0.0000,0.0067,0.0000,0.9903,0.0029,0.0001
PBFPHCLI_01364,Cytoplasmic Membrane,0.0000,0.0000,0.0000,0.9998,0.0002,0.0000
PBFPHCLI_01365,Cytoplasmic,0.0010,0.0052,0.9750,0.0144,0.0044,0.0000
PBFPHCLI_01366,Cytoplasmic Membrane,0.0000,0.0000,0.0000,0.9998,0.0001,0.0000
PBFPHCLI_01367,Cytoplasmic,0.0001,0.1652,0.8228,0.0006,0.0112,0.0001
PBFPHCLI_01368,Cytoplasmic Membrane,0.0345,0.2863,0.0017,0.6662,0.0107,0.0005
PBFPHCLI_01369,Cytoplasmic,0.0000,0.0001,0.9175,0.0379,0.0341,0.0103
PBFPHCLI_01370,Cytoplasmic Membrane,0.0000,0.0000,0.0001,0.9997,0.0002,0.0000
PBFPHCLI_01371,Extracellular,0.0129,0.6254,0.0045,0.3568,0.0003,0.0000
PBFPHCLI_01372,Cytoplasmic,0.0003,0.0028,0.9815,0.0014,0.0133,0.0007
PBFPHCLI_01373,Cytoplasmic Membrane,0.0001,0.0516,0.0000,0.9480,0.0003,0.0000
PBFPHCLI_01374,Cell wall & surface,0.4949,0.4676,0.0006,0.0304,0.0061,0.0004
PBFPHCLI_01375,Extracellular,0.0265,0.8055,0.0339,0.1105,0.0174,0.0062
PBFPHCLI_01376,Cell wall & surface,0.9948,0.0039,0.0005,0.0003,0.0005,0.0000
PBFPHCLI_01377,Cell wall & surface,0.9936,0.0054,0.0003,0.0002,0.0005,0.0000
PBFPHCLI_01378,Cytoplasmic Membrane,0.0000,0.0003,0.0002,0.9951,0.0043,0.0000
PBFPHCLI_01379,Cytoplasmic,0.0000,0.0000,0.9979,0.0000,0.0020,0.0000
PBFPHCLI_01380,Extracellular,0.0263,0.4944,0.0277,0.4353,0.0048,0.0115
PBFPHCLI_01381,Cytoplasmic,0.0000,0.0321,0.6274,0.3286,0.0097,0.0022
PBFPHCLI_01382,Cytoplasmic,0.0009,0.1050,0.5095,0.3767,0.0073,0.0005
PBFPHCLI_01383,Cytoplasmic,0.0025,0.0674,0.8373,0.0897,0.0030,0.0001
PBFPHCLI_01384,Cytoplasmic,0.0005,0.0261,0.9042,0.0643,0.0048,0.0001
PBFPHCLI_01385,Cytoplasmic Membrane,0.0000,0.0000,0.0000,0.9995,0.0005,0.0000
PBFPHCLI_01386,Cytoplasmic Membrane,0.0000,0.0002,0.0000,0.9992,0.0005,0.0000
PBFPHCLI_01387,Cytoplasmic,0.0000,0.0007,0.9869,0.0040,0.0078,0.0007
PBFPHCLI_01388,Cytoplasmic Membrane,0.0024,0.0569,0.3490,0.4173,0.0573,0.1172
PBFPHCLI_01389,Cytoplasmic,0.0033,0.1808,0.6414,0.0153,0.0374,0.1218
PBFPHCLI_01390,Cytoplasmic,0.0002,0.0007,0.9769,0.0013,0.0209,0.0000
PBFPHCLI_01391,Cytoplasmic,0.0008,0.0185,0.8913,0.0236,0.0645,0.0013
PBFPHCLI_01392,Cytoplasmic,0.0000,0.0001,0.9408,0.0369,0.0221,0.0000
PBFPHCLI_01393,Cytoplasmic,0.0003,0.0009,0.9903,0.0080,0.0004,0.0000
PBFPHCLI_01394,Cytoplasmic Membrane,0.0000,0.0000,0.0001,0.9991,0.0007,0.0000
PBFPHCLI_01395,Cytoplasmic Membrane,0.0000,0.0003,0.0008,0.9884,0.0101,0.0003
PBFPHCLI_01396,Cytoplasmic Membrane,0.0000,0.0006,0.0001,0.9972,0.0020,0.0000
PBFPHCLI_01397,Cytoplasmic Membrane,0.0000,0.0001,0.0019,0.9968,0.0012,0.0000
PBFPHCLI_01398,Cytoplasmic Membrane,0.0001,0.0012,0.3740,0.6198,0.0049,0.0000
PBFPHCLI_01399,Cytoplasmic,0.0001,0.0019,0.9901,0.0076,0.0003,0.0000
PBFPHCLI_01400,Cytoplasmic Membrane,0.0148,0.1406,0.0016,0.8283,0.0096,0.0050
PBFPHCLI_01401,Cytoplasmic Membrane,0.0000,0.0000,0.0000,0.9999,0.0001,0.0000
PBFPHCLI_01402,Cytoplasmic Membrane,0.0000,0.0000,0.0000,1.0000,0.0000,0.0000
PBFPHCLI_01403,Cytoplasmic Membrane,0.0001,0.0008,0.1229,0.8728,0.0027,0.0007
PBFPHCLI_01404,Cytoplasmic,0.0004,0.0009,0.9326,0.0408,0.0249,0.0004
PBFPHCLI_01405,Cytoplasmic Membrane,0.0000,0.0002,0.0004,0.9991,0.0003,0.0000
PBFPHCLI_01406,Cytoplasmic Membrane,0.0000,0.0000,0.0000,0.9998,0.0001,0.0000
PBFPHCLI_01407,Cytoplasmic Membrane,0.0000,0.0000,0.0001,0.9991,0.0007,0.0000
PBFPHCLI_01408,Cytoplasmic Membrane,0.0012,0.1625,0.0021,0.8290,0.0052,0.0000
PBFPHCLI_01409,Cytoplasmic,0.0005,0.0032,0.9270,0.0473,0.0159,0.0061
PBFPHCLI_01410,Cytoplasmic Membrane,0.0010,0.0199,0.3246,0.4794,0.1617,0.0134
PBFPHCLI_01411,Cytoplasmic Membrane,0.0000,0.0000,0.0000,1.0000,0.0000,0.0000
PBFPHCLI_01412,Cytoplasmic,0.0001,0.0002,0.7593,0.1726,0.0657,0.0020
PBFPHCLI_01413,Cytoplasmic Membrane,0.0006,0.0348,0.1829,0.7708,0.0108,0.0001
PBFPHCLI_01414,Extracellular,0.0023,0.5876,0.3984,0.0033,0.0078,0.0006
PBFPHCLI_01415,Cytoplasmic,0.0388,0.3434,0.5646,0.0249,0.0273,0.0010
PBFPHCLI_01416,Cytoplasmic,0.0020,0.0181,0.9748,0.0044,0.0006,0.0000
PBFPHCLI_01417,Cell wall & surface,0.5885,0.3779,0.0016,0.0250,0.0067,0.0003
PBFPHCLI_01418,Cytoplasmic Membrane,0.0003,0.0543,0.0028,0.9218,0.0207,0.0000
PBFPHCLI_01419,Cytoplasmic Membrane,0.0000,0.0000,0.0001,0.9989,0.0009,0.0000
PBFPHCLI_01420,Cytoplasmic,0.0002,0.0006,0.8530,0.1377,0.0056,0.0028
PBFPHCLI_01421,Cytoplasmic,0.0002,0.0009,0.9945,0.0005,0.0035,0.0004
PBFPHCLI_01422,Cytoplasmic,0.0005,0.0126,0.6053,0.0210,0.0206,0.3400
PBFPHCLI_01423,Cytoplasmic Membrane,0.0000,0.0000,0.0000,0.9991,0.0008,0.0000
PBFPHCLI_01424,Cytoplasmic,0.0002,0.0074,0.9911,0.0004,0.0003,0.0006
PBFPHCLI_01425,Cytoplasmic,0.0026,0.0060,0.7711,0.2162,0.0041,0.0001
PBFPHCLI_01426,Cytoplasmic,0.0001,0.0274,0.8288,0.1403,0.0020,0.0014
PBFPHCLI_01427,Cytoplasmic,0.0010,0.0054,0.9230,0.0345,0.0311,0.0049
PBFPHCLI_01428,Cytoplasmic Membrane,0.0000,0.0001,0.0000,0.9997,0.0001,0.0000
PBFPHCLI_01429,Cytoplasmic Membrane,0.0000,0.0000,0.0000,1.0000,0.0000,0.0000
PBFPHCLI_01430,Cytoplasmic,0.0002,0.0017,0.9893,0.0017,0.0058,0.0013
PBFPHCLI_01431,Cytoplasmic Membrane,0.0000,0.0000,0.0000,0.9996,0.0004,0.0000
PBFPHCLI_01432,Cytoplasmic,0.0000,0.0047,0.8107,0.0039,0.1804,0.0002
PBFPHCLI_01433,Cytoplasmic Membrane,0.0002,0.0911,0.0004,0.9066,0.0017,0.0000
PBFPHCLI_01434,Cytoplasmic Membrane,0.0145,0.4508,0.0008,0.4629,0.0036,0.0674
PBFPHCLI_01435,Cytoplasmic,0.0059,0.1410,0.7735,0.0017,0.0761,0.0019
PBFPHCLI_01436,Cytoplasmic,0.0033,0.0091,0.9294,0.0537,0.0041,0.0003
PBFPHCLI_01437,Cytoplasmic,0.0007,0.0190,0.8707,0.0991,0.0086,0.0017
PBFPHCLI_01438,Cytoplasmic,0.0001,0.0064,0.9840,0.0002,0.0021,0.0073
PBFPHCLI_01439,Cytoplasmic,0.0002,0.2833,0.6650,0.0329,0.0167,0.0018
PBFPHCLI_01440,Cytoplasmic,0.0021,0.0391,0.8929,0.0547,0.0100,0.0011
PBFPHCLI_01441,Cytoplasmic,0.0097,0.0990,0.8905,0.0002,0.0005,0.0001
PBFPHCLI_01442,Cytoplasmic,0.0003,0.0235,0.9559,0.0176,0.0026,0.0002
PBFPHCLI_01443,Cytoplasmic,0.0000,0.0008,0.9776,0.0068,0.0122,0.0026
PBFPHCLI_01444,Cytoplasmic,0.0002,0.0010,0.9632,0.0010,0.0138,0.0207
PBFPHCLI_01445,Cytoplasmic,0.0009,0.0042,0.9872,0.0071,0.0005,0.0000
PBFPHCLI_01446,Cytoplasmic,0.0008,0.0036,0.9530,0.0020,0.0388,0.0018
PBFPHCLI_01447,Cytoplasmic,0.0000,0.0008,0.9419,0.0002,0.0551,0.0019
PBFPHCLI_01448,Cytoplasmic,0.0009,0.0037,0.8438,0.1035,0.0412,0.0069
PBFPHCLI_01449,Cytoplasmic Membrane,0.0000,0.0000,0.0000,0.9999,0.0001,0.0000
PBFPHCLI_01450,Cytoplasmic,0.0004,0.0046,0.9727,0.0191,0.0031,0.0000
PBFPHCLI_01451,Cytoplasmic Membrane,0.0000,0.0000,0.0000,0.9997,0.0003,0.0000
PBFPHCLI_01452,Cytoplasmic,0.0003,0.0010,0.9943,0.0014,0.0026,0.0004
PBFPHCLI_01453,Cytoplasmic Membrane,0.0000,0.0000,0.0000,0.9999,0.0001,0.0000
PBFPHCLI_01454,Cytoplasmic,0.0021,0.0438,0.7450,0.1998,0.0086,0.0007
PBFPHCLI_01455,Cytoplasmic,0.0000,0.0009,0.9903,0.0008,0.0051,0.0029
PBFPHCLI_01456,Cytoplasmic Membrane,0.0000,0.0000,0.0000,1.0000,0.0000,0.0000
PBFPHCLI_01458,Cytoplasmic,0.0002,0.0002,0.9964,0.0027,0.0004,0.0000
PBFPHCLI_01459,Cytoplasmic Membrane,0.0001,0.0042,0.0001,0.9944,0.0012,0.0000
PBFPHCLI_01460,Cytoplasmic Membrane,0.0000,0.0000,0.0000,1.0000,0.0000,0.0000
PBFPHCLI_01461,Cytoplasmic,0.0013,0.0048,0.9039,0.0521,0.0368,0.0011
PBFPHCLI_01462,Cytoplasmic,0.0008,0.0588,0.7043,0.2085,0.0261,0.0015
PBFPHCLI_01463,Cytoplasmic,0.0004,0.0005,0.9498,0.0111,0.0378,0.0004
PBFPHCLI_01464,Cytoplasmic Membrane,0.0000,0.0000,0.0001,0.9997,0.0002,0.0000
PBFPHCLI_01465,Cytoplasmic Membrane,0.0000,0.0000,0.0000,0.9999,0.0000,0.0000
PBFPHCLI_01466,Cytoplasmic Membrane,0.0000,0.0000,0.0000,1.0000,0.0000,0.0000
PBFPHCLI_01467,Cytoplasmic Membrane,0.0021,0.0050,0.0001,0.9846,0.0077,0.0005
PBFPHCLI_01468,Cytoplasmic Membrane,0.0001,0.0004,0.0665,0.8620,0.0705,0.0005
PBFPHCLI_01469,Cytoplasmic,0.0001,0.0001,0.9803,0.0069,0.0123,0.0003
PBFPHCLI_01470,Cytoplasmic Membrane,0.0000,0.0001,0.0000,0.9981,0.0017,0.0000
PBFPHCLI_01471,Cytoplasmic Membrane,0.0000,0.0003,0.0001,0.9855,0.0141,0.0000
PBFPHCLI_01472,Cytoplasmic Membrane,0.0000,0.0000,0.0000,1.0000,0.0000,0.0000
PBFPHCLI_01473,Cytoplasmic,0.0001,0.0002,0.9983,0.0008,0.0007,0.0000
PBFPHCLI_01474,Cytoplasmic,0.0000,0.0000,0.9997,0.0000,0.0002,0.0001
PBFPHCLI_01475,Cytoplasmic Membrane,0.0001,0.0002,0.0018,0.9928,0.0051,0.0000
PBFPHCLI_01476,Cytoplasmic Membrane,0.0000,0.0000,0.0003,0.9987,0.0009,0.0000
PBFPHCLI_01477,Cytoplasmic Membrane,0.0000,0.0001,0.0000,0.9997,0.0002,0.0000
PBFPHCLI_01478,Cytoplasmic,0.0001,0.0025,0.9901,0.0040,0.0031,0.0002
PBFPHCLI_01479,Cytoplasmic Membrane,0.0000,0.0000,0.0000,0.9995,0.0004,0.0000
PBFPHCLI_01480,Cytoplasmic,0.0002,0.0044,0.9361,0.0083,0.0502,0.0008
PBFPHCLI_01486,Cytoplasmic,0.0007,0.0099,0.9682,0.0089,0.0086,0.0037
PBFPHCLI_01487,Cytoplasmic,0.0002,0.0016,0.9105,0.0110,0.0563,0.0204
PBFPHCLI_01488,Cytoplasmic,0.0014,0.0205,0.8366,0.1148,0.0264,0.0003
PBFPHCLI_01489,Cytoplasmic,0.0035,0.0224,0.9121,0.0453,0.0155,0.0013
PBFPHCLI_01490,Cytoplasmic,0.0000,0.0008,0.9962,0.0023,0.0006,0.0000
PBFPHCLI_01491,Cytoplasmic,0.0009,0.0076,0.7032,0.0275,0.2554,0.0055
PBFPHCLI_01492,Cytoplasmic,0.0026,0.0044,0.7717,0.0306,0.1776,0.0132
PBFPHCLI_01493,Cytoplasmic Membrane,0.0000,0.0002,0.0001,0.9993,0.0005,0.0000
PBFPHCLI_01494,Cytoplasmic Membrane,0.0000,0.0361,0.0313,0.9316,0.0010,0.0000
PBFPHCLI_01495,Cytoplasmic,0.0012,0.0006,0.6373,0.0461,0.3141,0.0006
PBFPHCLI_01496,Outer Membrane,0.0002,0.0002,0.4652,0.0016,0.5328,0.0001
PBFPHCLI_01497,Cytoplasmic,0.0000,0.0001,0.9964,0.0002,0.0031,0.0002
PBFPHCLI_01498,Cytoplasmic,0.0003,0.0023,0.8687,0.0280,0.1000,0.0005
PBFPHCLI_01499,Outer Membrane,0.0000,0.0000,0.2310,0.0000,0.7690,0.0001
PBFPHCLI_01500,Outer Membrane,0.0001,0.0001,0.1208,0.0009,0.8779,0.0002
PBFPHCLI_01501,Outer Membrane,0.0001,0.0001,0.4439,0.0004,0.5553,0.0002
PBFPHCLI_01502,Outer Membrane,0.0000,0.0000,0.0242,0.0000,0.9757,0.0001
PBFPHCLI_01503,Cytoplasmic,0.0031,0.1681,0.5310,0.2156,0.0701,0.0121
PBFPHCLI_01504,Outer Membrane,0.0059,0.0022,0.3667,0.0052,0.6185,0.0016
PBFPHCLI_01505,Outer Membrane,0.0004,0.0006,0.2500,0.0051,0.7413,0.0027
PBFPHCLI_01506,Outer Membrane,0.0000,0.0002,0.1562,0.0002,0.8432,0.0002
PBFPHCLI_01507,Cytoplasmic,0.0007,0.0026,0.8982,0.0039,0.0943,0.0004
PBFPHCLI_01508,Cytoplasmic,0.0000,0.0000,0.5801,0.0001,0.4198,0.0000
PBFPHCLI_01509,Outer Membrane,0.0000,0.0001,0.0303,0.0002,0.9694,0.0001
PBFPHCLI_01510,Cytoplasmic,0.0000,0.0000,0.8302,0.0001,0.1693,0.0004
PBFPHCLI_01511,Outer Membrane,0.0001,0.0002,0.1664,0.0003,0.8325,0.0006
PBFPHCLI_01512,Outer Membrane,0.0000,0.0002,0.4377,0.0007,0.5501,0.0112
PBFPHCLI_01513,Outer Membrane,0.0000,0.0001,0.3970,0.0004,0.6021,0.0004
PBFPHCLI_01514,Outer Membrane,0.0000,0.0001,0.1419,0.0003,0.8574,0.0002
PBFPHCLI_01515,Cytoplasmic,0.0000,0.0000,0.5088,0.0000,0.4910,0.0001
PBFPHCLI_01516,Cytoplasmic,0.0002,0.0001,0.9199,0.0006,0.0786,0.0005
PBFPHCLI_01517,Cytoplasmic,0.0034,0.0078,0.7697,0.0047,0.1994,0.0150
PBFPHCLI_01518,Outer Membrane,0.0000,0.0000,0.0088,0.0000,0.9911,0.0000
PBFPHCLI_01519,Cytoplasmic Membrane,0.0000,0.0000,0.0000,0.9999,0.0001,0.0000
PBFPHCLI_01520,Cytoplasmic,0.0000,0.0000,0.9974,0.0000,0.0023,0.0003
PBFPHCLI_01521,Cytoplasmic,0.0001,0.0005,0.9814,0.0006,0.0148,0.0026
PBFPHCLI_01522,Outer Membrane,0.0000,0.0000,0.1737,0.0002,0.8257,0.0004
PBFPHCLI_01523,Cytoplasmic,0.0001,0.0006,0.6247,0.0017,0.3726,0.0002
PBFPHCLI_01524,Cytoplasmic,0.0012,0.0054,0.9017,0.0383,0.0449,0.0085
PBFPHCLI_01525,Cytoplasmic,0.0001,0.0006,0.9607,0.0023,0.0361,0.0001
PBFPHCLI_01526,Cytoplasmic,0.0060,0.0019,0.6412,0.0303,0.3203,0.0004
PBFPHCLI_01527,Cytoplasmic Membrane,0.0005,0.0037,0.1720,0.8180,0.0055,0.0003
PBFPHCLI_01528,Cytoplasmic Membrane,0.0005,0.0034,0.2022,0.7908,0.0023,0.0007
PBFPHCLI_01529,Cytoplasmic Membrane,0.0000,0.0000,0.0001,0.9998,0.0001,0.0000
PBFPHCLI_01530,Cytoplasmic,0.0005,0.0003,0.9893,0.0077,0.0021,0.0000
PBFPHCLI_01531,Outer Membrane,0.0000,0.0000,0.2193,0.0002,0.7802,0.0003
PBFPHCLI_01532,Outer Membrane,0.0007,0.0013,0.3776,0.0029,0.6139,0.0037
PBFPHCLI_01533,Cytoplasmic,0.0021,0.0143,0.8531,0.0456,0.0257,0.0593
PBFPHCLI_01534,Cytoplasmic Membrane,0.0002,0.0587,0.0001,0.9363,0.0047,0.0000
PBFPHCLI_01535,Cytoplasmic,0.0002,0.0029,0.9714,0.0036,0.0214,0.0005
PBFPHCLI_01536,Cytoplasmic,0.0001,0.0030,0.8774,0.1173,0.0021,0.0000
PBFPHCLI_01537,Cytoplasmic,0.0011,0.0039,0.9687,0.0097,0.0142,0.0023
PBFPHCLI_01538,Cytoplasmic,0.0000,0.0002,0.9986,0.0002,0.0008,0.0001
PBFPHCLI_01539,Cytoplasmic Membrane,0.0035,0.1448,0.0000,0.8255,0.0247,0.0014
PBFPHCLI_01540,Cytoplasmic,0.0001,0.0003,0.9959,0.0019,0.0017,0.0001
PBFPHCLI_01541,Cytoplasmic,0.0022,0.0087,0.7652,0.0087,0.0226,0.1925
PBFPHCLI_01542,Cytoplasmic,0.0000,0.0003,0.9907,0.0002,0.0085,0.0003
PBFPHCLI_01543,Cytoplasmic,0.0001,0.0008,0.9600,0.0309,0.0079,0.0003
PBFPHCLI_01544,Cytoplasmic,0.0006,0.0003,0.9953,0.0031,0.0005,0.0003
PBFPHCLI_01545,Cytoplasmic Membrane,0.0000,0.0000,0.0000,0.9995,0.0004,0.0000
PBFPHCLI_01546,Cytoplasmic Membrane,0.0000,0.0001,0.0001,0.9982,0.0016,0.0000
PBFPHCLI_01547,Cytoplasmic,0.0002,0.0015,0.9927,0.0011,0.0045,0.0000
PBFPHCLI_01548,Cytoplasmic,0.0016,0.1604,0.7288,0.0862,0.0222,0.0007
PBFPHCLI_01549,Cytoplasmic,0.0011,0.3727,0.6145,0.0059,0.0058,0.0001
PBFPHCLI_01550,Cytoplasmic,0.0001,0.0055,0.9893,0.0017,0.0034,0.0000
PBFPHCLI_01551,Cytoplasmic,0.0001,0.0016,0.9943,0.0021,0.0019,0.0000
PBFPHCLI_01552,Cytoplasmic,0.0024,0.2348,0.6691,0.0207,0.0430,0.0300
PBFPHCLI_01553,Cytoplasmic,0.0004,0.0185,0.9795,0.0005,0.0005,0.0005
PBFPHCLI_01554,Cytoplasmic,0.0005,0.0260,0.6141,0.3151,0.0442,0.0001
PBFPHCLI_01555,Cytoplasmic,0.0004,0.0225,0.9753,0.0008,0.0006,0.0004
PBFPHCLI_01556,Cytoplasmic,0.0014,0.0977,0.8551,0.0404,0.0049,0.0005
PBFPHCLI_01557,Cytoplasmic,0.0003,0.0249,0.9544,0.0067,0.0135,0.0001
PBFPHCLI_01558,Cytoplasmic Membrane,0.0000,0.0000,0.0000,0.9997,0.0002,0.0000
PBFPHCLI_01559,Cytoplasmic,0.0001,0.0003,0.9773,0.0207,0.0014,0.0002
PBFPHCLI_01560,Cytoplasmic,0.0001,0.0012,0.9973,0.0009,0.0004,0.0001
PBFPHCLI_01561,Cytoplasmic Membrane,0.0000,0.0007,0.0000,0.9992,0.0001,0.0000
PBFPHCLI_01562,Cytoplasmic,0.0000,0.0007,0.9791,0.0158,0.0026,0.0018
PBFPHCLI_01563,Cytoplasmic,0.0059,0.0047,0.9480,0.0368,0.0042,0.0003
PBFPHCLI_01564,Cytoplasmic Membrane,0.0026,0.3367,0.0001,0.6576,0.0029,0.0000
PBFPHCLI_01565,Cytoplasmic Membrane,0.0000,0.0014,0.0002,0.9967,0.0016,0.0000
PBFPHCLI_01566,Cytoplasmic,0.0004,0.0012,0.9920,0.0055,0.0008,0.0001
PBFPHCLI_01567,Cytoplasmic Membrane,0.0000,0.0002,0.0000,0.9998,0.0000,0.0000
PBFPHCLI_01568,Cytoplasmic Membrane,0.0000,0.0000,0.0000,0.9999,0.0000,0.0000
PBFPHCLI_01569,Cytoplasmic Membrane,0.0000,0.0022,0.0000,0.9939,0.0039,0.0000
PBFPHCLI_01570,Cytoplasmic,0.0000,0.0000,0.9990,0.0000,0.0009,0.0001
PBFPHCLI_01571,Cytoplasmic,0.0005,0.1533,0.6288,0.2122,0.0043,0.0009
PBFPHCLI_01572,Cytoplasmic,0.0004,0.0258,0.9495,0.0159,0.0080,0.0003
PBFPHCLI_01573,Cytoplasmic,0.0002,0.0034,0.9172,0.0732,0.0016,0.0043
PBFPHCLI_01574,Cytoplasmic,0.0000,0.0002,0.9980,0.0002,0.0012,0.0005
PBFPHCLI_01575,Cytoplasmic Membrane,0.0127,0.3859,0.1270,0.4559,0.0183,0.0003
PBFPHCLI_01576,Cytoplasmic,0.0001,0.0036,0.9873,0.0022,0.0056,0.0011
PBFPHCLI_01577,Cytoplasmic,0.0002,0.0001,0.9947,0.0044,0.0006,0.0000
PBFPHCLI_01579,Cytoplasmic,0.0000,0.0010,0.9976,0.0010,0.0003,0.0001
PBFPHCLI_01580,Cytoplasmic,0.0107,0.0788,0.8403,0.0551,0.0137,0.0013
PBFPHCLI_01581,Cytoplasmic Membrane,0.0000,0.0000,0.0000,1.0000,0.0000,0.0000
PBFPHCLI_01582,Cytoplasmic,0.0000,0.0006,0.9620,0.0005,0.0127,0.0242
PBFPHCLI_01583,Cytoplasmic,0.0002,0.0019,0.9762,0.0028,0.0173,0.0015
PBFPHCLI_01584,Cytoplasmic,0.0000,0.0001,0.9980,0.0005,0.0010,0.0003
PBFPHCLI_01585,Cytoplasmic Membrane,0.0000,0.0000,0.0000,0.9999,0.0000,0.0000
PBFPHCLI_01586,Cytoplasmic Membrane,0.0000,0.0001,0.0000,0.9998,0.0001,0.0000
PBFPHCLI_01587,Cytoplasmic Membrane,0.0000,0.0000,0.0000,1.0000,0.0000,0.0000
PBFPHCLI_01588,Cytoplasmic,0.0308,0.2194,0.6345,0.0295,0.0774,0.0084
PBFPHCLI_01589,Cytoplasmic,0.0061,0.3268,0.5388,0.0047,0.1212,0.0024
PBFPHCLI_01590,Extracellular,0.0109,0.4953,0.4723,0.0069,0.0138,0.0009
PBFPHCLI_01591,Cytoplasmic,0.0002,0.0000,0.9970,0.0024,0.0001,0.0002
PBFPHCLI_01592,Cytoplasmic Membrane,0.0041,0.0333,0.2130,0.7272,0.0221,0.0004
PBFPHCLI_01593,Cytoplasmic Membrane,0.0000,0.0001,0.0001,0.9983,0.0015,0.0000
PBFPHCLI_01594,Cytoplasmic Membrane,0.0000,0.0003,0.0071,0.9813,0.0112,0.0000
PBFPHCLI_01595,Extracellular,0.0143,0.9840,0.0003,0.0002,0.0011,0.0002
PBFPHCLI_01596,Extracellular,0.0165,0.9748,0.0007,0.0018,0.0032,0.0030
PBFPHCLI_01597,Cytoplasmic Membrane,0.0319,0.2446,0.0004,0.7117,0.0113,0.0001
PBFPHCLI_01598,Cytoplasmic,0.0001,0.0013,0.9735,0.0023,0.0194,0.0035
PBFPHCLI_01599,Cytoplasmic Membrane,0.0000,0.0000,0.0000,0.9999,0.0001,0.0000
PBFPHCLI_01600,Cytoplasmic Membrane,0.0001,0.0002,0.0028,0.9915,0.0054,0.0000
PBFPHCLI_01601,Cytoplasmic Membrane,0.0000,0.0011,0.0000,0.9986,0.0003,0.0000
PBFPHCLI_01602,Cytoplasmic Membrane,0.0000,0.0002,0.0000,0.9993,0.0005,0.0000
PBFPHCLI_01603,Cytoplasmic Membrane,0.0004,0.0354,0.1017,0.8398,0.0226,0.0001
PBFPHCLI_01604,Cytoplasmic Membrane,0.0016,0.0169,0.1096,0.8510,0.0203,0.0006
PBFPHCLI_01605,Cytoplasmic Membrane,0.0001,0.0006,0.0023,0.9937,0.0033,0.0000
PBFPHCLI_01606,Cytoplasmic Membrane,0.0000,0.0017,0.0000,0.9981,0.0001,0.0000
PBFPHCLI_01607,Extracellular,0.0351,0.9575,0.0003,0.0006,0.0050,0.0015
PBFPHCLI_01608,Cytoplasmic Membrane,0.0000,0.0092,0.0001,0.9896,0.0010,0.0000
PBFPHCLI_01609,Cytoplasmic,0.0002,0.0017,0.8431,0.1032,0.0509,0.0009
PBFPHCLI_01610,Cytoplasmic,0.0000,0.0001,0.9986,0.0000,0.0013,0.0001
PBFPHCLI_01611,Cytoplasmic,0.0009,0.0081,0.8701,0.0196,0.0790,0.0223
PBFPHCLI_01612,Cytoplasmic,0.0002,0.0003,0.9956,0.0035,0.0003,0.0001
PBFPHCLI_01613,Extracellular,0.0917,0.8985,0.0006,0.0050,0.0027,0.0015
PBFPHCLI_01614,Extracellular,0.0000,0.9999,0.0000,0.0000,0.0000,0.0000
PBFPHCLI_01615,Cytoplasmic Membrane,0.0000,0.0000,0.0000,0.9999,0.0000,0.0000
PBFPHCLI_01616,Cytoplasmic Membrane,0.0030,0.0541,0.0002,0.9369,0.0058,0.0000
PBFPHCLI_01617,Cytoplasmic,0.0000,0.0001,0.9859,0.0009,0.0117,0.0014
PBFPHCLI_01618,Extracellular,0.0016,0.9967,0.0001,0.0003,0.0004,0.0010
PBFPHCLI_01619,Extracellular,0.0018,0.9968,0.0003,0.0003,0.0007,0.0001
PBFPHCLI_01620,Extracellular,0.0223,0.9727,0.0029,0.0010,0.0008,0.0003
PBFPHCLI_01621,Cytoplasmic,0.0001,0.0006,0.9868,0.0103,0.0017,0.0005
PBFPHCLI_01622,Cytoplasmic,0.0002,0.0011,0.6337,0.3629,0.0019,0.0002
PBFPHCLI_01623,Cytoplasmic Membrane,0.0000,0.0003,0.0003,0.9991,0.0002,0.0000
PBFPHCLI_01624,Extracellular,0.0023,0.5876,0.3984,0.0033,0.0078,0.0006
PBFPHCLI_01625,Cytoplasmic,0.0388,0.3434,0.5646,0.0249,0.0273,0.0010
PBFPHCLI_01626,Cytoplasmic,0.1407,0.1622,0.4975,0.1962,0.0033,0.0001
PBFPHCLI_01627,Cytoplasmic Membrane,0.0000,0.0000,0.0000,0.9994,0.0005,0.0000
PBFPHCLI_01628,Cytoplasmic,0.0013,0.0033,0.9836,0.0032,0.0084,0.0003
PBFPHCLI_01629,Cytoplasmic,0.0005,0.0005,0.9853,0.0045,0.0088,0.0004
PBFPHCLI_01630,Cytoplasmic,0.0000,0.0000,0.9980,0.0009,0.0010,0.0001
PBFPHCLI_01631,Cytoplasmic,0.0009,0.0021,0.9275,0.0491,0.0191,0.0014
PBFPHCLI_01632,Cytoplasmic,0.0021,0.0056,0.5627,0.4223,0.0069,0.0004
PBFPHCLI_01633,Cytoplasmic Membrane,0.0002,0.0005,0.0875,0.8858,0.0243,0.0017
PBFPHCLI_01634,Cytoplasmic Membrane,0.0000,0.0000,0.0000,1.0000,0.0000,0.0000
PBFPHCLI_01635,Cytoplasmic,0.0007,0.2353,0.7007,0.0518,0.0111,0.0003
PBFPHCLI_01650,Cytoplasmic,0.0059,0.1708,0.7109,0.0878,0.0240,0.0005
PBFPHCLI_01651,Cytoplasmic,0.0001,0.0094,0.9800,0.0023,0.0042,0.0040
PBFPHCLI_01652,Cytoplasmic,0.0045,0.0486,0.9420,0.0007,0.0033,0.0010
PBFPHCLI_01653,Cytoplasmic,0.0004,0.0188,0.9794,0.0004,0.0004,0.0006
PBFPHCLI_01654,Cytoplasmic,0.0068,0.0777,0.9126,0.0011,0.0016,0.0003
PBFPHCLI_01655,Cytoplasmic,0.0001,0.0063,0.8153,0.1435,0.0060,0.0288
PBFPHCLI_01656,Cytoplasmic,0.0001,0.0005,0.9952,0.0025,0.0011,0.0007
PBFPHCLI_01657,Cytoplasmic,0.0013,0.2565,0.5951,0.0511,0.0614,0.0346
PBFPHCLI_01658,Cytoplasmic,0.0000,0.0010,0.9971,0.0003,0.0009,0.0007
PBFPHCLI_01659,Cytoplasmic,0.0004,0.0702,0.7175,0.1696,0.0421,0.0001
PBFPHCLI_01660,Cytoplasmic,0.0009,0.2439,0.7265,0.0004,0.0049,0.0235
PBFPHCLI_01661,Cytoplasmic,0.0030,0.0058,0.9579,0.0292,0.0035,0.0006
PBFPHCLI_01662,Cytoplasmic Membrane,0.0000,0.0000,0.0000,1.0000,0.0000,0.0000
PBFPHCLI_01663,Cytoplasmic,0.0007,0.0203,0.8307,0.0020,0.1453,0.0010
PBFPHCLI_01664,Cytoplasmic,0.0008,0.0144,0.9584,0.0139,0.0081,0.0045
PBFPHCLI_01665,Cytoplasmic,0.0004,0.0063,0.9553,0.0337,0.0027,0.0016
PBFPHCLI_01666,Extracellular,0.2755,0.6092,0.0000,0.0990,0.0113,0.0050
PBFPHCLI_01667,Cytoplasmic,0.0082,0.0581,0.6824,0.1408,0.1096,0.0009
PBFPHCLI_01668,Extracellular,0.3629,0.5325,0.0002,0.0613,0.0421,0.0009
PBFPHCLI_01669,Cytoplasmic,0.0001,0.3676,0.4613,0.1269,0.0433,0.0009
PBFPHCLI_01670,Cytoplasmic,0.0050,0.0053,0.9555,0.0278,0.0055,0.0008
PBFPHCLI_01671,Cytoplasmic,0.0004,0.0179,0.9801,0.0005,0.0004,0.0006
PBFPHCLI_01672,Cytoplasmic,0.0004,0.0051,0.9908,0.0004,0.0031,0.0001
PBFPHCLI_01673,Cytoplasmic,0.0005,0.0013,0.9566,0.0170,0.0236,0.0009
PBFPHCLI_01674,Cytoplasmic,0.0003,0.0015,0.7457,0.1443,0.0668,0.0415
PBFPHCLI_01675,Cytoplasmic,0.0013,0.0198,0.9724,0.0007,0.0025,0.0033
PBFPHCLI_01676,Cytoplasmic,0.0040,0.0020,0.9549,0.0009,0.0381,0.0001
PBFPHCLI_01677,Cytoplasmic,0.0009,0.0155,0.9674,0.0116,0.0045,0.0001
PBFPHCLI_01678,Cytoplasmic,0.0001,0.0045,0.8000,0.1949,0.0004,0.0001
PBFPHCLI_01679,Cytoplasmic Membrane,0.0000,0.0001,0.0000,0.9992,0.0007,0.0000
PBFPHCLI_01680,Cytoplasmic,0.0015,0.0437,0.9431,0.0029,0.0088,0.0001
PBFPHCLI_01681,Cytoplasmic Membrane,0.0000,0.0005,0.0002,0.9988,0.0004,0.0000
PBFPHCLI_01682,Cytoplasmic Membrane,0.0000,0.0001,0.0001,0.9993,0.0005,0.0000
PBFPHCLI_01683,Cytoplasmic,0.0000,0.0002,0.8892,0.0006,0.1096,0.0004
PBFPHCLI_01684,Cytoplasmic Membrane,0.0000,0.0000,0.0000,1.0000,0.0000,0.0000
PBFPHCLI_01685,Cytoplasmic,0.0002,0.0190,0.9758,0.0029,0.0018,0.0002
PBFPHCLI_01686,Cytoplasmic,0.0005,0.0006,0.9395,0.0045,0.0528,0.0022
PBFPHCLI_01687,Cytoplasmic,0.0000,0.0000,0.9983,0.0000,0.0016,0.0001
PBFPHCLI_01688,Cytoplasmic,0.0001,0.0054,0.9875,0.0043,0.0022,0.0005
PBFPHCLI_01689,Cytoplasmic Membrane,0.0000,0.0000,0.0000,1.0000,0.0000,0.0000
PBFPHCLI_01690,Cytoplasmic,0.0002,0.0001,0.9992,0.0004,0.0000,0.0000
PBFPHCLI_01691,Cytoplasmic,0.0001,0.0002,0.9951,0.0007,0.0016,0.0023
PBFPHCLI_01692,Cytoplasmic,0.0011,0.0016,0.9525,0.0338,0.0092,0.0018
PBFPHCLI_01693,Cytoplasmic Membrane,0.0722,0.2259,0.0476,0.6497,0.0046,0.0000
PBFPHCLI_01694,Cytoplasmic,0.0001,0.0025,0.9548,0.0059,0.0357,0.0011
PBFPHCLI_01695,Cytoplasmic,0.0012,0.1008,0.8213,0.0654,0.0112,0.0002
PBFPHCLI_01696,Cytoplasmic,0.0002,0.0017,0.9797,0.0116,0.0066,0.0001
PBFPHCLI_01697,Cytoplasmic,0.0001,0.0011,0.9967,0.0002,0.0012,0.0006
PBFPHCLI_01698,Cytoplasmic Membrane,0.0001,0.0021,0.0000,0.9961,0.0016,0.0000
PBFPHCLI_01699,Cytoplasmic Membrane,0.0000,0.0002,0.0002,0.9994,0.0002,0.0000
PBFPHCLI_01700,Cytoplasmic,0.0009,0.0085,0.7451,0.1439,0.0966,0.0050
PBFPHCLI_01702,Cytoplasmic,0.0002,0.0070,0.9371,0.0424,0.0123,0.0009
PBFPHCLI_01703,Cytoplasmic,0.0001,0.0004,0.9964,0.0011,0.0019,0.0002
PBFPHCLI_01704,Cytoplasmic,0.0001,0.0032,0.9962,0.0002,0.0003,0.0000
PBFPHCLI_01705,Cytoplasmic,0.0002,0.0017,0.9551,0.0063,0.0359,0.0007
PBFPHCLI_01706,Cytoplasmic,0.0001,0.0004,0.9988,0.0004,0.0002,0.0000
PBFPHCLI_01707,Cytoplasmic,0.0000,0.0005,0.9994,0.0000,0.0000,0.0000
PBFPHCLI_01708,Cytoplasmic,0.0000,0.0001,0.9982,0.0013,0.0004,0.0000
PBFPHCLI_01709,Cytoplasmic Membrane,0.0000,0.0006,0.0001,0.9991,0.0001,0.0000
PBFPHCLI_01710,Cytoplasmic,0.0003,0.0007,0.9519,0.0142,0.0315,0.0014
PBFPHCLI_01712,Cytoplasmic,0.0025,0.0142,0.9139,0.0309,0.0320,0.0065
PBFPHCLI_01713,Cytoplasmic,0.0002,0.0011,0.9890,0.0026,0.0063,0.0008
PBFPHCLI_01714,Cytoplasmic,0.0000,0.0000,0.9988,0.0000,0.0011,0.0000
PBFPHCLI_01715,Cytoplasmic Membrane,0.0001,0.0087,0.0000,0.9908,0.0003,0.0000
PBFPHCLI_01716,Cytoplasmic,0.0002,0.0011,0.9824,0.0034,0.0089,0.0039
PBFPHCLI_01717,Cytoplasmic,0.0002,0.0023,0.9911,0.0056,0.0007,0.0001
PBFPHCLI_01718,Cytoplasmic Membrane,0.0001,0.0241,0.1170,0.8571,0.0015,0.0001
PBFPHCLI_01719,Cytoplasmic Membrane,0.0012,0.0137,0.0000,0.9836,0.0015,0.0000
PBFPHCLI_01720,Cytoplasmic,0.0010,0.0454,0.7947,0.1487,0.0101,0.0001
PBFPHCLI_01721,Cytoplasmic,0.0002,0.0006,0.9416,0.0194,0.0322,0.0060
PBFPHCLI_01722,Cytoplasmic Membrane,0.0002,0.0010,0.3061,0.6815,0.0107,0.0005
PBFPHCLI_01723,Cytoplasmic Membrane,0.0000,0.0002,0.0002,0.9991,0.0006,0.0000
PBFPHCLI_01724,Cytoplasmic,0.0000,0.0001,0.9995,0.0001,0.0001,0.0002
PBFPHCLI_01725,Cytoplasmic,0.0001,0.0014,0.9960,0.0005,0.0014,0.0006
PBFPHCLI_01726,Cytoplasmic,0.0003,0.0326,0.9610,0.0045,0.0016,0.0001
PBFPHCLI_01727,Cytoplasmic Membrane,0.0095,0.2087,0.0263,0.7277,0.0278,0.0001
PBFPHCLI_01728,Cytoplasmic,0.0004,0.0004,0.9911,0.0004,0.0059,0.0017
PBFPHCLI_01729,Cytoplasmic,0.0000,0.0000,0.9980,0.0001,0.0018,0.0001
PBFPHCLI_01730,Cytoplasmic,0.0001,0.0001,0.9990,0.0001,0.0006,0.0002
PBFPHCLI_01731,Cytoplasmic Membrane,0.0000,0.0025,0.0000,0.9927,0.0048,0.0000
PBFPHCLI_01732,Cytoplasmic Membrane,0.0000,0.0000,0.0001,0.9996,0.0003,0.0000
PBFPHCLI_01733,Cytoplasmic,0.0010,0.0007,0.9938,0.0023,0.0020,0.0001
PBFPHCLI_01734,Cytoplasmic,0.0002,0.0003,0.9981,0.0002,0.0012,0.0001
PBFPHCLI_01735,Cytoplasmic,0.0003,0.0016,0.9964,0.0007,0.0008,0.0002
PBFPHCLI_01736,Cytoplasmic,0.0001,0.0001,0.9713,0.0023,0.0261,0.0000
PBFPHCLI_01737,Cytoplasmic,0.0075,0.0070,0.9079,0.0730,0.0035,0.0011
PBFPHCLI_01738,Cytoplasmic,0.0027,0.0023,0.9134,0.0776,0.0032,0.0008
PBFPHCLI_01739,Cytoplasmic,0.0000,0.0000,0.9972,0.0000,0.0027,0.0000
PBFPHCLI_01740,Outer Membrane,0.0000,0.0000,0.1178,0.0001,0.8814,0.0007
PBFPHCLI_01741,Outer Membrane,0.0000,0.0000,0.0017,0.0000,0.9981,0.0002
PBFPHCLI_01742,Cytoplasmic Membrane,0.0006,0.0032,0.2924,0.6863,0.0174,0.0001
PBFPHCLI_01743,Cytoplasmic,0.0000,0.0001,0.9863,0.0135,0.0001,0.0000
PBFPHCLI_01744,Cytoplasmic,0.0001,0.0005,0.9798,0.0015,0.0175,0.0007
PBFPHCLI_01745,Cytoplasmic,0.0000,0.0002,0.9989,0.0002,0.0004,0.0004
PBFPHCLI_01746,Cytoplasmic,0.0000,0.0001,0.9991,0.0003,0.0005,0.0000
PBFPHCLI_01747,Cytoplasmic,0.0000,0.0001,0.9909,0.0027,0.0061,0.0001
PBFPHCLI_01748,Cytoplasmic,0.0000,0.0027,0.9953,0.0011,0.0005,0.0004
PBFPHCLI_01749,Cytoplasmic,0.0002,0.0003,0.9991,0.0003,0.0000,0.0000
PBFPHCLI_01750,Cytoplasmic,0.0001,0.0004,0.9707,0.0245,0.0039,0.0004
PBFPHCLI_01751,Cytoplasmic,0.0000,0.0000,0.7280,0.0000,0.2698,0.0021
PBFPHCLI_01752,Cytoplasmic,0.0002,0.0003,0.9693,0.0109,0.0191,0.0001
PBFPHCLI_01753,Cytoplasmic Membrane,0.0000,0.0000,0.0000,0.9999,0.0001,0.0000
PBFPHCLI_01754,Cytoplasmic Membrane,0.0000,0.0002,0.0000,0.9995,0.0003,0.0000
PBFPHCLI_01755,Cytoplasmic Membrane,0.0000,0.0000,0.0000,0.9999,0.0001,0.0000
PBFPHCLI_01756,Cytoplasmic,0.0018,0.0452,0.9335,0.0103,0.0021,0.0072
PBFPHCLI_01757,Cytoplasmic Membrane,0.0000,0.0012,0.0000,0.9986,0.0002,0.0000
PBFPHCLI_01758,Cytoplasmic,0.0000,0.0002,0.9961,0.0027,0.0010,0.0000
PBFPHCLI_01759,Cytoplasmic,0.0000,0.0000,0.9996,0.0003,0.0001,0.0000
PBFPHCLI_01760,Cytoplasmic Membrane,0.0006,0.0160,0.1430,0.8168,0.0216,0.0021
PBFPHCLI_01761,Cytoplasmic,0.0003,0.0015,0.9694,0.0025,0.0259,0.0004
PBFPHCLI_01762,Cytoplasmic,0.0000,0.0000,0.9984,0.0000,0.0016,0.0000
PBFPHCLI_01763,Cytoplasmic,0.0000,0.0000,0.9985,0.0004,0.0008,0.0003
PBFPHCLI_01764,Extracellular,0.0022,0.9978,0.0000,0.0000,0.0000,0.0000
PBFPHCLI_01765,Cytoplasmic,0.0000,0.0004,0.9941,0.0009,0.0044,0.0002
PBFPHCLI_01766,Cytoplasmic,0.0000,0.0001,0.9978,0.0004,0.0014,0.0002
PBFPHCLI_01767,Cytoplasmic,0.0003,0.0033,0.9768,0.0155,0.0028,0.0013
PBFPHCLI_01768,Cytoplasmic Membrane,0.0000,0.0029,0.0001,0.9969,0.0001,0.0000
PBFPHCLI_01769,Cytoplasmic Membrane,0.0000,0.0006,0.0000,0.9994,0.0001,0.0000
PBFPHCLI_01770,Cytoplasmic,0.0012,0.0308,0.8332,0.0001,0.1314,0.0033
PBFPHCLI_01771,Cytoplasmic,0.0000,0.0000,0.9997,0.0003,0.0000,0.0000
PBFPHCLI_01772,Cytoplasmic Membrane,0.0000,0.0002,0.0000,0.9992,0.0006,0.0000
PBFPHCLI_01773,Cytoplasmic,0.0012,0.0604,0.7892,0.1360,0.0131,0.0001
PBFPHCLI_01774,Cytoplasmic,0.0001,0.0001,0.9982,0.0011,0.0005,0.0000
PBFPHCLI_01775,Cytoplasmic Membrane,0.0000,0.0000,0.0001,0.9998,0.0001,0.0000
PBFPHCLI_01776,Cytoplasmic Membrane,0.0074,0.1024,0.0157,0.8143,0.0601,0.0000
PBFPHCLI_01777,Cytoplasmic,0.0000,0.0001,0.9996,0.0001,0.0002,0.0000
PBFPHCLI_01778,Cytoplasmic,0.0000,0.0007,0.9653,0.0004,0.0321,0.0015
PBFPHCLI_01779,Cytoplasmic,0.0000,0.0000,0.9968,0.0001,0.0030,0.0001
PBFPHCLI_01780,Cytoplasmic,0.0001,0.0008,0.9911,0.0018,0.0055,0.0007
PBFPHCLI_01781,Cytoplasmic,0.0001,0.0216,0.9520,0.0028,0.0204,0.0031
PBFPHCLI_01782,Cytoplasmic,0.0029,0.0308,0.7387,0.0022,0.2250,0.0005
PBFPHCLI_01783,Cytoplasmic,0.0018,0.0185,0.7268,0.0021,0.2500,0.0008
PBFPHCLI_01784,Cytoplasmic,0.0004,0.0185,0.9795,0.0005,0.0005,0.0005
PBFPHCLI_01785,Cytoplasmic,0.0007,0.0685,0.8677,0.0017,0.0607,0.0006
PBFPHCLI_01786,Cytoplasmic,0.0102,0.0709,0.7494,0.0134,0.1547,0.0014
PBFPHCLI_01787,Cytoplasmic,0.0002,0.0056,0.8235,0.0009,0.0081,0.1616
PBFPHCLI_01788,Cytoplasmic,0.0000,0.0005,0.9898,0.0055,0.0036,0.0005
PBFPHCLI_01789,Cytoplasmic,0.0033,0.2258,0.6127,0.1494,0.0086,0.0002
PBFPHCLI_01790,Cytoplasmic,0.0009,0.0097,0.8207,0.1511,0.0172,0.0005
PBFPHCLI_01791,Cytoplasmic,0.0004,0.0059,0.9812,0.0102,0.0022,0.0000
PBFPHCLI_01792,Cytoplasmic,0.0050,0.0053,0.9555,0.0278,0.0055,0.0008
PBFPHCLI_01793,Cytoplasmic Membrane,0.0005,0.2661,0.1396,0.4476,0.1422,0.0040
PBFPHCLI_01794,Cytoplasmic Membrane,0.0000,0.0231,0.0001,0.9751,0.0017,0.0000
PBFPHCLI_01796,Cytoplasmic,0.0010,0.0026,0.8424,0.1513,0.0028,0.0000
PBFPHCLI_01797,Cytoplasmic,0.0000,0.0000,0.5205,0.0000,0.4794,0.0001
PBFPHCLI_01798,Cytoplasmic,0.0005,0.0209,0.9712,0.0054,0.0017,0.0003
PBFPHCLI_01799,Cytoplasmic,0.0001,0.0415,0.8026,0.0093,0.1414,0.0051
PBFPHCLI_01800,Cytoplasmic,0.0000,0.0002,0.9967,0.0007,0.0019,0.0005
PBFPHCLI_01801,Cytoplasmic,0.0001,0.0019,0.9960,0.0003,0.0017,0.0000
PBFPHCLI_01802,Cytoplasmic,0.0005,0.0428,0.9485,0.0049,0.0028,0.0005
PBFPHCLI_01803,Cytoplasmic,0.0036,0.0041,0.6787,0.2653,0.0474,0.0009
PBFPHCLI_01804,Cytoplasmic,0.0003,0.0003,0.9956,0.0025,0.0009,0.0003
PBFPHCLI_01805,Cytoplasmic,0.0003,0.0015,0.9951,0.0008,0.0018,0.0005
PBFPHCLI_01806,Cytoplasmic,0.0025,0.0012,0.9178,0.0729,0.0049,0.0007
PBFPHCLI_01807,Cytoplasmic,0.0005,0.0003,0.9684,0.0287,0.0019,0.0001
PBFPHCLI_01808,Cytoplasmic,0.0000,0.0002,0.9991,0.0005,0.0002,0.0000
PBFPHCLI_01809,Cytoplasmic,0.0000,0.0001,0.9991,0.0001,0.0007,0.0000
PBFPHCLI_01810,Cytoplasmic,0.0000,0.0023,0.9908,0.0059,0.0004,0.0005
PBFPHCLI_01811,Cytoplasmic,0.0002,0.0004,0.9982,0.0010,0.0001,0.0001
PBFPHCLI_01812,Cytoplasmic,0.0001,0.0101,0.6371,0.3517,0.0009,0.0001
PBFPHCLI_01813,Cytoplasmic,0.0000,0.0001,0.9949,0.0001,0.0047,0.0002
PBFPHCLI_01814,Cytoplasmic,0.0001,0.0078,0.9632,0.0206,0.0081,0.0001
PBFPHCLI_01815,Cytoplasmic,0.0000,0.0007,0.9981,0.0003,0.0006,0.0002
PBFPHCLI_01816,Cytoplasmic,0.0009,0.0008,0.9915,0.0032,0.0031,0.0005
PBFPHCLI_01817,Cytoplasmic,0.0000,0.0002,0.9992,0.0001,0.0003,0.0001
PBFPHCLI_01818,Cytoplasmic,0.0022,0.0007,0.9947,0.0015,0.0007,0.0002
PBFPHCLI_01819,Cytoplasmic,0.0006,0.0030,0.9931,0.0022,0.0011,0.0001
PBFPHCLI_01820,Cytoplasmic Membrane,0.0001,0.0023,0.0000,0.9970,0.0005,0.0000
PBFPHCLI_01821,Cytoplasmic,0.0001,0.0001,0.9958,0.0035,0.0003,0.0001
PBFPHCLI_01822,Cytoplasmic,0.0001,0.0002,0.9840,0.0036,0.0113,0.0008
PBFPHCLI_01823,Cytoplasmic,0.0000,0.0002,0.9985,0.0010,0.0003,0.0000
PBFPHCLI_01824,Outer Membrane,0.0000,0.0000,0.1989,0.0000,0.8008,0.0002
PBFPHCLI_01825,Cytoplasmic,0.0027,0.0052,0.6465,0.1759,0.1677,0.0020
PBFPHCLI_01826,Cytoplasmic,0.0005,0.0006,0.9701,0.0046,0.0223,0.0019
PBFPHCLI_01827,Cytoplasmic,0.0015,0.0015,0.9695,0.0236,0.0031,0.0008
PBFPHCLI_01828,Cytoplasmic,0.0010,0.0025,0.5149,0.1986,0.2655,0.0176
PBFPHCLI_01829,Cytoplasmic,0.0000,0.0011,0.9853,0.0003,0.0128,0.0004
PBFPHCLI_01830,Cytoplasmic,0.0000,0.0002,0.9978,0.0000,0.0019,0.0001
PBFPHCLI_01831,Cytoplasmic,0.0012,0.0050,0.9788,0.0110,0.0032,0.0008
PBFPHCLI_01832,Cytoplasmic Membrane,0.0054,0.0016,0.3996,0.5696,0.0234,0.0005
PBFPHCLI_01833,Cytoplasmic,0.0001,0.0018,0.9798,0.0146,0.0031,0.0007
PBFPHCLI_01834,Cytoplasmic,0.0001,0.0001,0.9415,0.0414,0.0161,0.0009
PBFPHCLI_01835,Cytoplasmic,0.0000,0.0000,0.7913,0.0008,0.2062,0.0017
PBFPHCLI_01836,Cytoplasmic,0.0001,0.0074,0.9806,0.0099,0.0020,0.0001
PBFPHCLI_01837,Cytoplasmic,0.0000,0.0001,0.9989,0.0006,0.0002,0.0002
PBFPHCLI_01838,Cytoplasmic,0.0000,0.0001,0.9976,0.0001,0.0020,0.0001
PBFPHCLI_01839,Cytoplasmic Membrane,0.0000,0.0000,0.0000,0.9994,0.0005,0.0000
PBFPHCLI_01840,Cytoplasmic,0.0000,0.0001,0.5513,0.0004,0.4477,0.0004
PBFPHCLI_01841,Cytoplasmic,0.0317,0.0144,0.8859,0.0175,0.0505,0.0001
PBFPHCLI_01842,Cytoplasmic,0.0001,0.2765,0.7078,0.0107,0.0048,0.0000
PBFPHCLI_01843,Cytoplasmic Membrane,0.0002,0.3060,0.0002,0.6891,0.0044,0.0000
PBFPHCLI_01844,Cytoplasmic Membrane,0.0003,0.1829,0.0006,0.7915,0.0247,0.0000
PBFPHCLI_01845,Cytoplasmic Membrane,0.0171,0.2991,0.0024,0.6716,0.0098,0.0001
PBFPHCLI_01846,Cytoplasmic,0.0001,0.1032,0.7871,0.0227,0.0860,0.0009
PBFPHCLI_01847,Cytoplasmic,0.0006,0.1141,0.8415,0.0184,0.0252,0.0002
PBFPHCLI_01848,Cytoplasmic,0.0008,0.0142,0.9799,0.0008,0.0039,0.0005
PBFPHCLI_01849,Cytoplasmic,0.0002,0.0101,0.9855,0.0005,0.0026,0.0012
PBFPHCLI_01850,Extracellular,0.0049,0.9933,0.0000,0.0011,0.0006,0.0001
PBFPHCLI_01851,Cytoplasmic,0.0284,0.0367,0.8536,0.0414,0.0396,0.0002
PBFPHCLI_01852,Cytoplasmic,0.0008,0.0165,0.9692,0.0086,0.0050,0.0001
PBFPHCLI_01853,Cytoplasmic,0.0002,0.0145,0.8074,0.0792,0.0982,0.0004
PBFPHCLI_01854,Cytoplasmic,0.0001,0.0070,0.9376,0.0438,0.0101,0.0014
PBFPHCLI_01855,Cytoplasmic,0.0374,0.0973,0.8614,0.0007,0.0031,0.0001
PBFPHCLI_01856,Cytoplasmic,0.0001,0.0031,0.9930,0.0022,0.0015,0.0000
PBFPHCLI_01857,Cytoplasmic Membrane,0.0000,0.0000,0.0000,0.9995,0.0005,0.0000
PBFPHCLI_01858,Cytoplasmic,0.0003,0.0087,0.9614,0.0096,0.0040,0.0161
PBFPHCLI_01859,Extracellular,0.3328,0.6625,0.0001,0.0035,0.0011,0.0000
PBFPHCLI_01860,Cytoplasmic,0.0014,0.0026,0.9487,0.0448,0.0024,0.0001
PBFPHCLI_01861,Cytoplasmic Membrane,0.0000,0.0000,0.0001,0.9995,0.0004,0.0000
PBFPHCLI_01862,Cytoplasmic Membrane,0.0003,0.0009,0.4766,0.5039,0.0177,0.0006
PBFPHCLI_01863,Cytoplasmic Membrane,0.0000,0.0000,0.0000,0.9998,0.0002,0.0000
PBFPHCLI_01864,Cytoplasmic,0.0001,0.0095,0.9852,0.0041,0.0009,0.0002
PBFPHCLI_01865,Cytoplasmic,0.0001,0.0004,0.5924,0.0001,0.4069,0.0002
PBFPHCLI_01866,Cytoplasmic,0.0547,0.2154,0.5964,0.0763,0.0548,0.0024
PBFPHCLI_01867,Cytoplasmic,0.0001,0.0020,0.9913,0.0026,0.0037,0.0002
PBFPHCLI_01868,Cytoplasmic,0.0009,0.0130,0.9312,0.0144,0.0336,0.0070
PBFPHCLI_01869,Cytoplasmic,0.0004,0.0035,0.8499,0.0014,0.0803,0.0644
PBFPHCLI_01870,Cytoplasmic,0.0002,0.0008,0.9820,0.0099,0.0044,0.0027
PBFPHCLI_01871,Cell wall & surface,0.7388,0.0883,0.0849,0.0840,0.0038,0.0003
PBFPHCLI_01872,Cytoplasmic,0.0016,0.3266,0.6183,0.0472,0.0063,0.0000
PBFPHCLI_01873,Cytoplasmic Membrane,0.0000,0.0000,0.0000,0.9999,0.0000,0.0000
PBFPHCLI_01874,Cytoplasmic,0.0012,0.0312,0.9011,0.0638,0.0025,0.0002
PBFPHCLI_01875,Cytoplasmic,0.0017,0.0321,0.8392,0.1082,0.0150,0.0038
PBFPHCLI_01876,Cytoplasmic,0.0036,0.0740,0.8093,0.1101,0.0028,0.0002
PBFPHCLI_01877,Cytoplasmic,0.0033,0.0322,0.6867,0.2661,0.0112,0.0005
PBFPHCLI_01878,Cytoplasmic,0.0015,0.0326,0.9180,0.0394,0.0076,0.0010
PBFPHCLI_01879,Cytoplasmic,0.0012,0.0190,0.9647,0.0099,0.0040,0.0011
PBFPHCLI_01880,Cytoplasmic Membrane,0.0000,0.0003,0.0000,0.9997,0.0000,0.0000
PBFPHCLI_01881,Cell wall & surface,0.6812,0.3158,0.0001,0.0020,0.0009,0.0000
PBFPHCLI_01882,Cytoplasmic,0.0002,0.0028,0.9844,0.0018,0.0106,0.0000
PBFPHCLI_01883,Cytoplasmic,0.0052,0.0994,0.7917,0.0842,0.0170,0.0026
PBFPHCLI_01884,Cytoplasmic,0.0009,0.0115,0.9596,0.0032,0.0240,0.0007
PBFPHCLI_01885,Cytoplasmic,0.0012,0.0015,0.6157,0.3731,0.0083,0.0003
PBFPHCLI_01886,Cytoplasmic Membrane,0.0000,0.0014,0.0000,0.9973,0.0013,0.0000
PBFPHCLI_01887,Cytoplasmic,0.0297,0.0458,0.8921,0.0308,0.0015,0.0000
PBFPHCLI_01888,Cytoplasmic,0.0111,0.2984,0.4254,0.0161,0.2301,0.0188
PBFPHCLI_01889,Cytoplasmic,0.0296,0.2262,0.4147,0.0807,0.2369,0.0119
PBFPHCLI_01890,Cytoplasmic,0.0011,0.0775,0.8783,0.0098,0.0329,0.0004
PBFPHCLI_01891,Cytoplasmic,0.0008,0.0061,0.9724,0.0009,0.0197,0.0000
PBFPHCLI_01892,Cytoplasmic,0.0001,0.0016,0.9472,0.0133,0.0371,0.0007
PBFPHCLI_01893,Cytoplasmic,0.0021,0.0329,0.8953,0.0516,0.0178,0.0004
PBFPHCLI_01894,Cytoplasmic,0.0054,0.1535,0.8159,0.0215,0.0035,0.0002
PBFPHCLI_01895,Cytoplasmic,0.0002,0.0005,0.9376,0.0090,0.0527,0.0000
PBFPHCLI_01896,Cytoplasmic,0.0004,0.0055,0.9615,0.0257,0.0069,0.0001
PBFPHCLI_01897,Cytoplasmic,0.0012,0.0839,0.7940,0.0756,0.0446,0.0007
PBFPHCLI_01898,Cytoplasmic,0.0092,0.0784,0.8628,0.0100,0.0393,0.0002
PBFPHCLI_01899,Cytoplasmic,0.0007,0.0397,0.8873,0.0462,0.0259,0.0001
PBFPHCLI_01900,Cytoplasmic,0.0006,0.0090,0.9573,0.0146,0.0183,0.0003
PBFPHCLI_01901,Cytoplasmic,0.0004,0.0884,0.8849,0.0092,0.0170,0.0001
PBFPHCLI_01902,Extracellular,0.0001,0.8733,0.1202,0.0007,0.0056,0.0002
PBFPHCLI_01903,Cell wall & surface,0.9788,0.0206,0.0000,0.0006,0.0000,0.0000
PBFPHCLI_01904,Cytoplasmic,0.0006,0.0127,0.9651,0.0016,0.0117,0.0083
PBFPHCLI_01905,Cytoplasmic Membrane,0.0000,0.0000,0.0000,0.9996,0.0003,0.0000
PBFPHCLI_01906,Cytoplasmic,0.0001,0.0015,0.9850,0.0013,0.0083,0.0039
PBFPHCLI_01907,Cytoplasmic,0.0012,0.0133,0.9663,0.0073,0.0091,0.0028
PBFPHCLI_01908,Cytoplasmic,0.0002,0.1368,0.5219,0.3301,0.0109,0.0002
PBFPHCLI_01909,Cytoplasmic,0.0013,0.2569,0.7204,0.0058,0.0153,0.0003
PBFPHCLI_01910,Cytoplasmic,0.0004,0.0120,0.9781,0.0081,0.0014,0.0001
PBFPHCLI_01911,Cytoplasmic,0.0004,0.0910,0.8520,0.0428,0.0124,0.0014
PBFPHCLI_01912,Cytoplasmic,0.0005,0.0357,0.9127,0.0462,0.0048,0.0001
PBFPHCLI_01913,Cytoplasmic Membrane,0.0000,0.0128,0.0000,0.9864,0.0007,0.0000
PBFPHCLI_01914,Cytoplasmic Membrane,0.0000,0.0001,0.0000,0.9996,0.0002,0.0000
PBFPHCLI_01915,Cytoplasmic,0.0003,0.0026,0.8327,0.1386,0.0183,0.0075
PBFPHCLI_01916,Cytoplasmic Membrane,0.0000,0.0002,0.0036,0.9902,0.0060,0.0000
PBFPHCLI_01917,Cytoplasmic,0.0002,0.0019,0.8508,0.1078,0.0388,0.0005
PBFPHCLI_01918,Cytoplasmic,0.0000,0.0001,0.9982,0.0000,0.0016,0.0001
PBFPHCLI_01919,Cytoplasmic,0.0007,0.0064,0.8801,0.0172,0.0740,0.0217
PBFPHCLI_01920,Cytoplasmic,0.0026,0.0037,0.5584,0.3356,0.0975,0.0022
PBFPHCLI_01921,Cytoplasmic Membrane,0.0003,0.0009,0.0331,0.9403,0.0252,0.0001
PBFPHCLI_01922,Cytoplasmic Membrane,0.0001,0.0004,0.0108,0.9788,0.0099,0.0001
PBFPHCLI_01923,Cytoplasmic Membrane,0.0007,0.0893,0.0752,0.8238,0.0109,0.0001
PBFPHCLI_01924,Cytoplasmic Membrane,0.0000,0.0000,0.1528,0.8152,0.0320,0.0000
PBFPHCLI_01925,Cytoplasmic Membrane,0.0000,0.0084,0.0000,0.9896,0.0020,0.0000
PBFPHCLI_01926,Cytoplasmic,0.0001,0.0014,0.9656,0.0032,0.0256,0.0042
PBFPHCLI_01927,Cytoplasmic Membrane,0.0000,0.0001,0.0000,0.9996,0.0003,0.0000
PBFPHCLI_01928,Cytoplasmic Membrane,0.0005,0.0137,0.1148,0.7290,0.1417,0.0003
PBFPHCLI_01929,Cytoplasmic,0.0003,0.0002,0.9985,0.0008,0.0002,0.0001
PBFPHCLI_01930,Cytoplasmic,0.0019,0.1988,0.4624,0.3015,0.0348,0.0005
PBFPHCLI_01931,Extracellular,0.0008,0.4906,0.4188,0.0478,0.0418,0.0002
PBFPHCLI_01932,Cytoplasmic,0.0006,0.0557,0.8829,0.0086,0.0521,0.0001
PBFPHCLI_01933,Cytoplasmic,0.0001,0.0008,0.9686,0.0020,0.0281,0.0002
PBFPHCLI_01934,Cytoplasmic,0.0000,0.0003,0.9682,0.0244,0.0069,0.0002
PBFPHCLI_01935,Cytoplasmic Membrane,0.0000,0.0000,0.0000,0.9970,0.0029,0.0000
PBFPHCLI_01936,Cytoplasmic,0.0002,0.0158,0.9456,0.0022,0.0358,0.0005
PBFPHCLI_01937,Extracellular,0.0052,0.5495,0.3012,0.1110,0.0329,0.0002
PBFPHCLI_01938,Cytoplasmic Membrane,0.0020,0.1024,0.0004,0.8915,0.0037,0.0000
PBFPHCLI_01939,Cytoplasmic,0.0000,0.0000,0.9961,0.0003,0.0034,0.0002
PBFPHCLI_01940,Cytoplasmic,0.0003,0.0012,0.9774,0.0133,0.0075,0.0002
PBFPHCLI_01941,Cytoplasmic,0.0005,0.0284,0.9374,0.0052,0.0166,0.0118
PBFPHCLI_01942,Extracellular,0.0146,0.7638,0.0017,0.2043,0.0155,0.0001
PBFPHCLI_01943,Cytoplasmic,0.0002,0.2363,0.7041,0.0536,0.0057,0.0000
PBFPHCLI_01944,Cytoplasmic,0.0038,0.3585,0.4812,0.1472,0.0090,0.0003
PBFPHCLI_01945,Cytoplasmic,0.0003,0.2658,0.6861,0.0177,0.0293,0.0007
PBFPHCLI_01946,Cell wall & surface,0.6882,0.3000,0.0002,0.0070,0.0045,0.0000
PBFPHCLI_01947,Cytoplasmic Membrane,0.0003,0.0961,0.0000,0.8974,0.0062,0.0000
PBFPHCLI_01948,Cytoplasmic,0.0002,0.0033,0.9960,0.0002,0.0002,0.0001
PBFPHCLI_01949,Cytoplasmic Membrane,0.0000,0.0000,0.0000,0.9997,0.0003,0.0000
PBFPHCLI_01950,Cytoplasmic Membrane,0.0000,0.0006,0.0003,0.9983,0.0008,0.0000
PBFPHCLI_01951,Cytoplasmic,0.0000,0.0002,0.9958,0.0009,0.0030,0.0001
PBFPHCLI_01952,Cytoplasmic,0.0000,0.0002,0.9601,0.0034,0.0361,0.0001
PBFPHCLI_01953,Cell wall & surface,0.5694,0.4209,0.0020,0.0055,0.0023,0.0000
PBFPHCLI_01954,Cytoplasmic,0.0031,0.0230,0.8625,0.0974,0.0128,0.0013
PBFPHCLI_01955,Cytoplasmic,0.0000,0.0001,0.9945,0.0047,0.0005,0.0001
PBFPHCLI_01956,Extracellular,0.0000,0.9999,0.0000,0.0000,0.0000,0.0001
PBFPHCLI_01957,Extracellular,0.0005,0.4916,0.3779,0.1105,0.0185,0.0010
PBFPHCLI_01958,Cytoplasmic,0.0001,0.0004,0.9986,0.0006,0.0003,0.0001
PBFPHCLI_01959,Cytoplasmic,0.0021,0.0020,0.9935,0.0019,0.0004,0.0000
PBFPHCLI_01960,Cytoplasmic,0.0011,0.1577,0.5510,0.1413,0.1077,0.0412
PBFPHCLI_01961,Cytoplasmic,0.0017,0.0734,0.8774,0.0393,0.0069,0.0014
PBFPHCLI_01962,Cytoplasmic,0.0004,0.0185,0.9795,0.0005,0.0005,0.0005
PBFPHCLI_01963,Extracellular,0.0899,0.7756,0.0033,0.1242,0.0069,0.0002
PBFPHCLI_01964,Cell wall & surface,0.5562,0.2923,0.0015,0.1482,0.0014,0.0004
PBFPHCLI_01965,Cytoplasmic,0.0002,0.0118,0.9713,0.0157,0.0011,0.0000
PBFPHCLI_01966,Cytoplasmic,0.0003,0.0492,0.9432,0.0016,0.0052,0.0004
PBFPHCLI_01967,Cytoplasmic,0.0018,0.0074,0.9892,0.0002,0.0009,0.0004
PBFPHCLI_01968,Cytoplasmic,0.0016,0.3731,0.4831,0.0773,0.0635,0.0014
PBFPHCLI_01969,Cytoplasmic,0.0025,0.4224,0.4732,0.0569,0.0427,0.0022
PBFPHCLI_01970,Cytoplasmic,0.0007,0.0347,0.6570,0.2817,0.0252,0.0006
PBFPHCLI_01971,Cytoplasmic Membrane,0.0003,0.0453,0.0002,0.9478,0.0065,0.0000
PBFPHCLI_01975,Cytoplasmic,0.0014,0.2103,0.7587,0.0153,0.0143,0.0001
PBFPHCLI_01976,Cytoplasmic Membrane,0.0000,0.0004,0.0001,0.9992,0.0002,0.0000
PBFPHCLI_01977,Cytoplasmic,0.0014,0.0024,0.9840,0.0053,0.0057,0.0011
PBFPHCLI_01978,Cytoplasmic Membrane,0.0000,0.0000,0.0000,1.0000,0.0000,0.0000
PBFPHCLI_01979,Cytoplasmic,0.0004,0.0193,0.9498,0.0169,0.0128,0.0007
PBFPHCLI_01980,Cytoplasmic,0.0001,0.0006,0.9946,0.0009,0.0036,0.0001
PBFPHCLI_01981,Cytoplasmic,0.0003,0.0015,0.9745,0.0047,0.0186,0.0003
PBFPHCLI_01982,Cytoplasmic,0.0018,0.0094,0.9827,0.0048,0.0010,0.0003
PBFPHCLI_01983,Cytoplasmic,0.0040,0.0708,0.6112,0.2861,0.0271,0.0008
PBFPHCLI_01984,Cytoplasmic,0.0010,0.0105,0.8289,0.1547,0.0047,0.0002
PBFPHCLI_01985,Cytoplasmic,0.0005,0.0048,0.9337,0.0543,0.0067,0.0000
PBFPHCLI_01986,Cytoplasmic,0.0003,0.0718,0.8293,0.0775,0.0205,0.0006
PBFPHCLI_01987,Cytoplasmic,0.0006,0.1303,0.7051,0.1580,0.0059,0.0001
PBFPHCLI_01988,Cytoplasmic Membrane,0.0025,0.1536,0.0002,0.7383,0.0042,0.1012
PBFPHCLI_01989,Cytoplasmic Membrane,0.0005,0.0108,0.2687,0.7183,0.0013,0.0003
PBFPHCLI_01990,Cytoplasmic Membrane,0.0000,0.0000,0.0000,0.9998,0.0001,0.0000
PBFPHCLI_01991,Cytoplasmic,0.0009,0.0459,0.9261,0.0215,0.0043,0.0013
PBFPHCLI_01992,Cytoplasmic,0.0000,0.0000,0.9999,0.0000,0.0000,0.0000
PBFPHCLI_01993,Cytoplasmic,0.0000,0.0001,0.9951,0.0045,0.0004,0.0000
PBFPHCLI_01994,Cytoplasmic Membrane,0.0000,0.0000,0.0000,0.9997,0.0003,0.0000
PBFPHCLI_01995,Cytoplasmic,0.0001,0.0060,0.8678,0.1247,0.0014,0.0000
PBFPHCLI_01996,Cytoplasmic,0.0005,0.0213,0.8305,0.1094,0.0376,0.0006
PBFPHCLI_01997,Cytoplasmic,0.0007,0.0568,0.8984,0.0283,0.0156,0.0003
PBFPHCLI_01998,Cytoplasmic,0.0002,0.0018,0.9743,0.0022,0.0213,0.0002
PBFPHCLI_01999,Cytoplasmic,0.0018,0.0047,0.8789,0.1132,0.0013,0.0000
PBFPHCLI_02000,Cytoplasmic,0.0001,0.1141,0.8732,0.0051,0.0074,0.0002
PBFPHCLI_02001,Cytoplasmic,0.0004,0.0196,0.9557,0.0141,0.0099,0.0002
PBFPHCLI_02002,Cytoplasmic,0.0002,0.0007,0.9978,0.0012,0.0001,0.0000
PBFPHCLI_02003,Cytoplasmic,0.0000,0.0000,0.9993,0.0004,0.0002,0.0000
PBFPHCLI_02004,Cytoplasmic,0.0001,0.0025,0.9927,0.0009,0.0030,0.0008
PBFPHCLI_02005,Cytoplasmic,0.0004,0.0009,0.9941,0.0043,0.0002,0.0000
