orthogroup_id	n_bacteria	n_genes	classification
OG_00001	12	75	core
OG_00002	9	37	soft-core
OG_00003	10	22	soft-core
OG_00004	12	20	core
OG_00005	12	19	core
OG_00006	7	17	shell
OG_00007	8	16	shell
OG_00008	10	16	soft-core
OG_00009	11	15	soft-core
OG_00010	9	15	soft-core
OG_00011	12	15	core
OG_00012	11	15	soft-core
OG_00013	9	14	soft-core
OG_00014	8	14	shell
OG_00015	10	13	soft-core
OG_00016	12	13	core
OG_00017	12	13	core
OG_00018	11	13	soft-core
OG_00019	8	13	shell
OG_00020	11	13	soft-core
OG_00021	12	13	core
OG_00022	11	13	soft-core
OG_00023	10	13	soft-core
OG_00024	10	13	soft-core
OG_00025	12	13	core
OG_00026	12	12	core
OG_00027	12	12	core
OG_00028	12	12	core
OG_00029	10	12	soft-core
OG_00030	12	12	core
OG_00031	12	12	core
OG_00032	10	12	soft-core
OG_00033	12	12	core
OG_00034	9	12	soft-core
OG_00035	12	12	core
OG_00036	12	12	core
OG_00037	12	12	core
OG_00038	12	12	core
OG_00039	12	12	core
OG_00040	12	12	core
OG_00041	12	12	core
OG_00042	12	12	core
OG_00043	12	12	core
OG_00044	12	12	core
OG_00045	12	12	core
OG_00046	12	12	core
OG_00047	12	12	core
OG_00048	12	12	core
OG_00049	12	12	core
OG_00050	12	12	core
OG_00051	9	12	soft-core
OG_00052	12	12	core
OG_00053	12	12	core
OG_00054	12	12	core
OG_00055	12	12	core
OG_00056	12	12	core
OG_00057	12	12	core
OG_00058	12	12	core
OG_00059	12	12	core
OG_00060	12	12	core
OG_00061	12	12	core
OG_00062	12	12	core
OG_00063	12	12	core
OG_00064	12	12	core
OG_00065	12	12	core
OG_00066	12	12	core
OG_00067	10	12	soft-core
OG_00068	12	12	core
OG_00069	12	12	core
OG_00070	12	12	core
OG_00071	12	12	core
OG_00072	12	12	core
OG_00073	12	12	core
OG_00074	12	12	core
OG_00075	12	12	core
OG_00076	12	12	core
OG_00077	7	11	shell
OG_00078	11	11	soft-core
OG_00079	11	11	soft-core
OG_00080	11	11	soft-core
OG_00081	10	11	soft-core
OG_00082	11	11	soft-core
OG_00083	8	11	shell
OG_00084	10	11	soft-core
OG_00085	11	11	soft-core
OG_00086	9	11	soft-core
OG_00087	11	11	soft-core
OG_00088	11	11	soft-core
OG_00089	11	11	soft-core
OG_00090	11	11	soft-core
OG_00091	11	11	soft-core
OG_00092	11	11	soft-core
OG_00093	10	11	soft-core
OG_00094	9	11	soft-core
OG_00095	11	11	soft-core
OG_00096	11	11	soft-core
OG_00097	11	11	soft-core
OG_00098	11	11	soft-core
OG_00099	8	11	shell
OG_00100	11	11	soft-core
OG_00101	11	11	soft-core
OG_00102	11	11	soft-core
OG_00103	11	11	soft-core
OG_00104	11	11	soft-core
OG_00105	11	11	soft-core
OG_00106	11	11	soft-core
OG_00107	11	11	soft-core
OG_00108	11	11	soft-core
OG_00109	11	11	soft-core
OG_00110	11	11	soft-core
OG_00111	11	11	soft-core
OG_00112	11	11	soft-core
OG_00113	9	11	soft-core
OG_00114	11	11	soft-core
OG_00115	11	11	soft-core
OG_00116	11	11	soft-core
OG_00117	9	11	soft-core
OG_00118	11	11	soft-core
OG_00119	11	11	soft-core
OG_00120	11	11	soft-core
OG_00121	11	11	soft-core
OG_00122	11	11	soft-core
OG_00123	9	10	soft-core
OG_00124	10	10	soft-core
OG_00125	10	10	soft-core
OG_00126	6	10	shell
OG_00127	10	10	soft-core
OG_00128	5	10	shell
OG_00129	7	10	shell
OG_00130	10	10	soft-core
OG_00131	10	10	soft-core
OG_00132	5	10	shell
OG_00133	10	10	soft-core
OG_00134	10	10	soft-core
OG_00135	10	10	soft-core
OG_00136	10	10	soft-core
OG_00137	7	10	shell
OG_00138	6	10	shell
OG_00139	10	10	soft-core
OG_00140	10	10	soft-core
OG_00141	10	10	soft-core
OG_00142	10	10	soft-core
OG_00143	10	10	soft-core
OG_00144	10	10	soft-core
OG_00145	10	10	soft-core
OG_00146	9	10	soft-core
OG_00147	10	10	soft-core
OG_00148	8	10	shell
OG_00149	10	10	soft-core
OG_00150	7	10	shell
OG_00151	10	10	soft-core
OG_00152	10	10	soft-core
OG_00153	6	10	shell
OG_00154	6	9	shell
OG_00155	9	9	soft-core
OG_00156	9	9	soft-core
OG_00157	9	9	soft-core
OG_00158	9	9	soft-core
OG_00159	9	9	soft-core
OG_00160	9	9	soft-core
OG_00161	9	9	soft-core
OG_00162	9	9	soft-core
OG_00163	9	9	soft-core
OG_00164	8	9	shell
OG_00165	9	9	soft-core
OG_00166	9	9	soft-core
OG_00167	9	9	soft-core
OG_00168	8	9	shell
OG_00169	6	9	shell
OG_00170	9	9	soft-core
OG_00171	9	9	soft-core
OG_00172	9	9	soft-core
OG_00173	9	9	soft-core
OG_00174	8	9	shell
OG_00175	8	9	shell
OG_00176	7	9	shell
OG_00177	9	9	soft-core
OG_00178	9	9	soft-core
OG_00179	8	9	shell
OG_00180	9	9	soft-core
OG_00181	9	9	soft-core
OG_00182	9	9	soft-core
OG_00183	7	9	shell
OG_00184	9	9	soft-core
OG_00185	9	9	soft-core
OG_00186	9	9	soft-core
OG_00187	8	9	shell
OG_00188	9	9	soft-core
OG_00189	9	9	soft-core
OG_00190	4	8	shell
OG_00191	8	8	shell
OG_00192	8	8	shell
OG_00193	7	8	shell
OG_00194	8	8	shell
OG_00195	8	8	shell
OG_00196	6	8	shell
OG_00197	8	8	shell
OG_00198	8	8	shell
OG_00199	8	8	shell
OG_00200	8	8	shell
OG_00201	7	8	shell
OG_00202	8	8	shell
OG_00203	8	8	shell
OG_00204	8	8	shell
OG_00205	5	8	shell
OG_00206	7	8	shell
OG_00207	5	8	shell
OG_00208	8	8	shell
OG_00209	8	8	shell
OG_00210	8	8	shell
OG_00211	8	8	shell
OG_00212	5	8	shell
OG_00213	8	8	shell
OG_00214	8	8	shell
OG_00215	8	8	shell
OG_00216	8	8	shell
OG_00217	8	8	shell
OG_00218	8	8	shell
OG_00219	8	8	shell
OG_00220	8	8	shell
OG_00221	8	8	shell
OG_00222	8	8	shell
OG_00223	7	8	shell
OG_00224	8	8	shell
OG_00225	8	8	shell
OG_00226	7	8	shell
OG_00227	8	8	shell
OG_00228	8	8	shell
OG_00229	8	8	shell
OG_00230	8	8	shell
OG_00231	8	8	shell
OG_00232	8	8	shell
OG_00233	7	8	shell
OG_00234	6	8	shell
OG_00235	8	8	shell
OG_00236	8	8	shell
OG_00237	6	8	shell
OG_00238	6	8	shell
OG_00239	8	8	shell
OG_00240	8	8	shell
OG_00241	8	8	shell
OG_00242	8	8	shell
OG_00243	7	7	shell
OG_00244	7	7	shell
OG_00245	5	7	shell
OG_00246	7	7	shell
OG_00247	7	7	shell
OG_00248	7	7	shell
OG_00249	7	7	shell
OG_00250	7	7	shell
OG_00251	7	7	shell
OG_00252	5	7	shell
OG_00253	7	7	shell
OG_00254	3	7	shell
OG_00255	7	7	shell
OG_00256	6	7	shell
OG_00257	6	7	shell
OG_00258	7	7	shell
OG_00259	6	7	shell
OG_00260	7	7	shell
OG_00261	7	7	shell
OG_00262	7	7	shell
OG_00263	7	7	shell
OG_00264	7	7	shell
OG_00265	7	7	shell
OG_00266	7	7	shell
OG_00267	7	7	shell
OG_00268	7	7	shell
OG_00269	7	7	shell
OG_00270	7	7	shell
OG_00271	7	7	shell
OG_00272	7	7	shell
OG_00273	4	7	shell
OG_00274	7	7	shell
OG_00275	7	7	shell
OG_00276	5	7	shell
OG_00277	7	7	shell
OG_00278	7	7	shell
OG_00279	7	7	shell
OG_00280	7	7	shell
OG_00281	7	7	shell
OG_00282	7	7	shell
OG_00283	7	7	shell
OG_00284	7	7	shell
OG_00285	7	7	shell
OG_00286	7	7	shell
OG_00287	7	7	shell
OG_00288	5	7	shell
OG_00289	7	7	shell
OG_00290	7	7	shell
OG_00291	5	7	shell
OG_00292	7	7	shell
OG_00293	5	7	shell
OG_00294	7	7	shell
OG_00295	7	7	shell
OG_00296	7	7	shell
OG_00297	7	7	shell
OG_00298	7	7	shell
OG_00299	5	7	shell
OG_00300	7	7	shell
OG_00301	7	7	shell
OG_00302	7	7	shell
OG_00303	7	7	shell
OG_00304	5	7	shell
OG_00305	7	7	shell
OG_00306	4	7	shell
OG_00307	4	7	shell
OG_00308	7	7	shell
OG_00309	5	7	shell
OG_00310	7	7	shell
OG_00311	7	7	shell
OG_00312	7	7	shell
OG_00313	7	7	shell
OG_00314	7	7	shell
OG_00315	7	7	shell
OG_00316	7	7	shell
OG_00317	7	7	shell
OG_00318	7	7	shell
OG_00319	6	7	shell
OG_00320	7	7	shell
OG_00321	6	7	shell
OG_00322	6	7	shell
OG_00323	6	6	shell
OG_00324	6	6	shell
OG_00325	6	6	shell
OG_00326	6	6	shell
OG_00327	6	6	shell
OG_00328	6	6	shell
OG_00329	6	6	shell
OG_00330	6	6	shell
OG_00331	6	6	shell
OG_00332	5	6	shell
OG_00333	6	6	shell
OG_00334	6	6	shell
OG_00335	5	6	shell
OG_00336	6	6	shell
OG_00337	6	6	shell
OG_00338	6	6	shell
OG_00339	6	6	shell
OG_00340	6	6	shell
OG_00341	6	6	shell
OG_00342	6	6	shell
OG_00343	6	6	shell
OG_00344	6	6	shell
OG_00345	6	6	shell
OG_00346	6	6	shell
OG_00347	6	6	shell
OG_00348	6	6	shell
OG_00349	6	6	shell
OG_00350	6	6	shell
OG_00351	4	6	shell
OG_00352	4	6	shell
OG_00353	6	6	shell
OG_00354	6	6	shell
OG_00355	6	6	shell
OG_00356	6	6	shell
OG_00357	6	6	shell
OG_00358	5	6	shell
OG_00359	5	6	shell
OG_00360	6	6	shell
OG_00361	5	6	shell
OG_00362	5	6	shell
OG_00363	4	6	shell
OG_00364	6	6	shell
OG_00365	6	6	shell
OG_00366	6	6	shell
OG_00367	6	6	shell
OG_00368	4	6	shell
OG_00369	6	6	shell
OG_00370	5	6	shell
OG_00371	6	6	shell
OG_00372	6	6	shell
OG_00373	5	6	shell
OG_00374	6	6	shell
OG_00375	6	6	shell
OG_00376	6	6	shell
OG_00377	6	6	shell
OG_00378	6	6	shell
OG_00379	6	6	shell
OG_00380	6	6	shell
OG_00381	5	6	shell
OG_00382	4	6	shell
OG_00383	4	6	shell
OG_00384	5	6	shell
OG_00385	4	6	shell
OG_00386	5	6	shell
OG_00387	5	6	shell
OG_00388	6	6	shell
OG_00389	6	6	shell
OG_00390	6	6	shell
OG_00391	6	6	shell
OG_00392	6	6	shell
OG_00393	6	6	shell
OG_00394	6	6	shell
OG_00395	6	6	shell
OG_00396	5	6	shell
OG_00397	6	6	shell
OG_00398	5	6	shell
OG_00399	5	6	shell
OG_00400	6	6	shell
OG_00401	5	6	shell
OG_00402	5	6	shell
OG_00403	6	6	shell
OG_00404	6	6	shell
OG_00405	6	6	shell
OG_00406	6	6	shell
OG_00407	6	6	shell
OG_00408	4	5	shell
OG_00409	4	5	shell
OG_00410	4	5	shell
OG_00411	5	5	shell
OG_00412	5	5	shell
OG_00413	5	5	shell
OG_00414	4	5	shell
OG_00415	5	5	shell
OG_00416	5	5	shell
OG_00417	5	5	shell
OG_00418	5	5	shell
OG_00419	5	5	shell
OG_00420	5	5	shell
OG_00421	5	5	shell
OG_00422	5	5	shell
OG_00423	5	5	shell
OG_00424	5	5	shell
OG_00425	5	5	shell
OG_00426	5	5	shell
OG_00427	5	5	shell
OG_00428	5	5	shell
OG_00429	4	5	shell
OG_00430	4	5	shell
OG_00431	4	5	shell
OG_00432	5	5	shell
OG_00433	4	5	shell
OG_00434	5	5	shell
OG_00435	5	5	shell
OG_00436	5	5	shell
OG_00437	5	5	shell
OG_00438	5	5	shell
OG_00439	5	5	shell
OG_00440	5	5	shell
OG_00441	4	5	shell
OG_00442	4	5	shell
OG_00443	5	5	shell
OG_00444	5	5	shell
OG_00445	5	5	shell
OG_00446	5	5	shell
OG_00447	5	5	shell
OG_00448	5	5	shell
OG_00449	5	5	shell
OG_00450	5	5	shell
OG_00451	5	5	shell
OG_00452	5	5	shell
OG_00453	5	5	shell
OG_00454	5	5	shell
OG_00455	5	5	shell
OG_00456	5	5	shell
OG_00457	4	5	shell
OG_00458	5	5	shell
OG_00459	5	5	shell
OG_00460	5	5	shell
OG_00461	5	5	shell
OG_00462	5	5	shell
OG_00463	5	5	shell
OG_00464	5	5	shell
OG_00465	4	5	shell
OG_00466	5	5	shell
OG_00467	5	5	shell
OG_00468	5	5	shell
OG_00469	4	5	shell
OG_00470	5	5	shell
OG_00471	5	5	shell
OG_00472	5	5	shell
OG_00473	5	5	shell
OG_00474	5	5	shell
OG_00475	5	5	shell
OG_00476	5	5	shell
OG_00477	5	5	shell
OG_00478	5	5	shell
OG_00479	5	5	shell
OG_00480	4	5	shell
OG_00481	5	5	shell
OG_00482	5	5	shell
OG_00483	4	5	shell
OG_00484	5	5	shell
OG_00485	5	5	shell
OG_00486	4	5	shell
OG_00487	4	5	shell
OG_00488	5	5	shell
OG_00489	5	5	shell
OG_00490	3	5	shell
OG_00491	5	5	shell
OG_00492	5	5	shell
OG_00493	5	5	shell
OG_00494	5	5	shell
OG_00495	5	5	shell
OG_00496	5	5	shell
OG_00497	5	5	shell
OG_00498	5	5	shell
OG_00499	5	5	shell
OG_00500	5	5	shell
OG_00501	5	5	shell
OG_00502	4	5	shell
OG_00503	5	5	shell
OG_00504	5	5	shell
OG_00505	4	5	shell
OG_00506	5	5	shell
OG_00507	5	5	shell
OG_00508	5	5	shell
OG_00509	5	5	shell
OG_00510	5	5	shell
OG_00511	5	5	shell
OG_00512	5	5	shell
OG_00513	5	5	shell
OG_00514	5	5	shell
OG_00515	5	5	shell
OG_00516	5	5	shell
OG_00517	5	5	shell
OG_00518	5	5	shell
OG_00519	5	5	shell
OG_00520	5	5	shell
OG_00521	4	5	shell
OG_00522	5	5	shell
OG_00523	5	5	shell
OG_00524	5	5	shell
OG_00525	5	5	shell
OG_00526	5	5	shell
OG_00527	5	5	shell
OG_00528	5	5	shell
OG_00529	5	5	shell
OG_00530	5	5	shell
OG_00531	5	5	shell
OG_00532	5	5	shell
OG_00533	4	5	shell
OG_00534	5	5	shell
OG_00535	4	5	shell
OG_00536	5	5	shell
OG_00537	5	5	shell
OG_00538	5	5	shell
OG_00539	5	5	shell
OG_00540	4	5	shell
OG_00541	5	5	shell
OG_00542	4	5	shell
OG_00543	4	5	shell
OG_00544	5	5	shell
OG_00545	4	5	shell
OG_00546	4	5	shell
OG_00547	5	5	shell
OG_00548	5	5	shell
OG_00549	5	5	shell
OG_00550	4	4	shell
OG_00551	4	4	shell
OG_00552	3	4	shell
OG_00553	4	4	shell
OG_00554	4	4	shell
OG_00555	4	4	shell
OG_00556	3	4	shell
OG_00557	3	4	shell
OG_00558	4	4	shell
OG_00559	4	4	shell
OG_00560	4	4	shell
OG_00561	4	4	shell
OG_00562	4	4	shell
OG_00563	4	4	shell
OG_00564	4	4	shell
OG_00565	4	4	shell
OG_00566	4	4	shell
OG_00567	4	4	shell
OG_00568	4	4	shell
OG_00569	4	4	shell
OG_00570	3	4	shell
OG_00571	4	4	shell
OG_00572	4	4	shell
OG_00573	4	4	shell
OG_00574	4	4	shell
OG_00575	4	4	shell
OG_00576	4	4	shell
OG_00577	4	4	shell
OG_00578	4	4	shell
OG_00579	4	4	shell
OG_00580	4	4	shell
OG_00581	4	4	shell
OG_00582	4	4	shell
OG_00583	4	4	shell
OG_00584	4	4	shell
OG_00585	4	4	shell
OG_00586	4	4	shell
OG_00587	4	4	shell
OG_00588	4	4	shell
OG_00589	4	4	shell
OG_00590	3	4	shell
OG_00591	3	4	shell
OG_00592	4	4	shell
OG_00593	4	4	shell
OG_00594	4	4	shell
OG_00595	4	4	shell
OG_00596	4	4	shell
OG_00597	4	4	shell
OG_00598	4	4	shell
OG_00599	3	4	shell
OG_00600	3	4	shell
OG_00601	4	4	shell
OG_00602	4	4	shell
OG_00603	4	4	shell
OG_00604	4	4	shell
OG_00605	4	4	shell
OG_00606	4	4	shell
OG_00607	4	4	shell
OG_00608	4	4	shell
OG_00609	4	4	shell
OG_00610	4	4	shell
OG_00611	4	4	shell
OG_00612	4	4	shell
OG_00613	4	4	shell
OG_00614	4	4	shell
OG_00615	4	4	shell
OG_00616	4	4	shell
OG_00617	4	4	shell
OG_00618	4	4	shell
OG_00619	3	4	shell
OG_00620	4	4	shell
OG_00621	4	4	shell
OG_00622	4	4	shell
OG_00623	4	4	shell
OG_00624	4	4	shell
OG_00625	4	4	shell
OG_00626	4	4	shell
OG_00627	3	4	shell
OG_00628	4	4	shell
OG_00629	4	4	shell
OG_00630	4	4	shell
OG_00631	4	4	shell
OG_00632	4	4	shell
OG_00633	3	4	shell
OG_00634	4	4	shell
OG_00635	4	4	shell
OG_00636	3	4	shell
OG_00637	3	4	shell
OG_00638	4	4	shell
OG_00639	3	4	shell
OG_00640	4	4	shell
OG_00641	4	4	shell
OG_00642	4	4	shell
OG_00643	4	4	shell
OG_00644	4	4	shell
OG_00645	4	4	shell
OG_00646	4	4	shell
OG_00647	4	4	shell
OG_00648	3	4	shell
OG_00649	4	4	shell
OG_00650	4	4	shell
OG_00651	4	4	shell
OG_00652	4	4	shell
OG_00653	4	4	shell
OG_00654	4	4	shell
OG_00655	4	4	shell
OG_00656	4	4	shell
OG_00657	4	4	shell
OG_00658	4	4	shell
OG_00659	4	4	shell
OG_00660	4	4	shell
OG_00661	4	4	shell
OG_00662	4	4	shell
OG_00663	4	4	shell
OG_00664	4	4	shell
OG_00665	4	4	shell
OG_00666	4	4	shell
OG_00667	3	4	shell
OG_00668	4	4	shell
OG_00669	4	4	shell
OG_00670	4	4	shell
OG_00671	3	4	shell
OG_00672	4	4	shell
OG_00673	4	4	shell
OG_00674	4	4	shell
OG_00675	3	4	shell
OG_00676	4	4	shell
OG_00677	3	4	shell
OG_00678	4	4	shell
OG_00679	4	4	shell
OG_00680	4	4	shell
OG_00681	4	4	shell
OG_00682	4	4	shell
OG_00683	4	4	shell
OG_00684	4	4	shell
OG_00685	3	4	shell
OG_00686	4	4	shell
OG_00687	3	4	shell
OG_00688	4	4	shell
OG_00689	4	4	shell
OG_00690	4	4	shell
OG_00691	4	4	shell
OG_00692	4	4	shell
OG_00693	4	4	shell
OG_00694	4	4	shell
OG_00695	4	4	shell
OG_00696	4	4	shell
OG_00697	3	4	shell
OG_00698	4	4	shell
OG_00699	4	4	shell
OG_00700	4	4	shell
OG_00701	4	4	shell
OG_00702	4	4	shell
OG_00703	3	4	shell
OG_00704	4	4	shell
OG_00705	4	4	shell
OG_00706	4	4	shell
OG_00707	4	4	shell
OG_00708	4	4	shell
OG_00709	4	4	shell
OG_00710	4	4	shell
OG_00711	4	4	shell
OG_00712	4	4	shell
OG_00713	4	4	shell
OG_00714	4	4	shell
OG_00715	4	4	shell
OG_00716	4	4	shell
OG_00717	4	4	shell
OG_00718	4	4	shell
OG_00719	3	4	shell
OG_00720	4	4	shell
OG_00721	4	4	shell
OG_00722	4	4	shell
OG_00723	4	4	shell
OG_00724	4	4	shell
OG_00725	4	4	shell
OG_00726	4	4	shell
OG_00727	4	4	shell
OG_00728	4	4	shell
OG_00729	4	4	shell
OG_00730	4	4	shell
OG_00731	4	4	shell
OG_00732	4	4	shell
OG_00733	4	4	shell
OG_00734	3	4	shell
OG_00735	4	4	shell
OG_00736	4	4	shell
OG_00737	4	4	shell
OG_00738	4	4	shell
OG_00739	4	4	shell
OG_00740	4	4	shell
OG_00741	4	4	shell
OG_00742	4	4	shell
OG_00743	4	4	shell
OG_00744	4	4	shell
OG_00745	4	4	shell
OG_00746	4	4	shell
OG_00747	4	4	shell
OG_00748	4	4	shell
OG_00749	4	4	shell
OG_00750	4	4	shell
OG_00751	4	4	shell
OG_00752	4	4	shell
OG_00753	4	4	shell
OG_00754	4	4	shell
OG_00755	4	4	shell
OG_00756	4	4	shell
OG_00757	4	4	shell
OG_00758	4	4	shell
OG_00759	4	4	shell
OG_00760	4	4	shell
OG_00761	4	4	shell
OG_00762	4	4	shell
OG_00763	4	4	shell
OG_00764	4	4	shell
OG_00765	3	4	shell
OG_00766	4	4	shell
OG_00767	4	4	shell
OG_00768	4	4	shell
OG_00769	4	4	shell
OG_00770	4	4	shell
OG_00771	4	4	shell
OG_00772	4	4	shell
OG_00773	4	4	shell
OG_00774	4	4	shell
OG_00775	4	4	shell
OG_00776	3	4	shell
OG_00777	4	4	shell
OG_00778	3	4	shell
OG_00779	4	4	shell
OG_00780	4	4	shell
OG_00781	4	4	shell
OG_00782	4	4	shell
OG_00783	3	4	shell
OG_00784	4	4	shell
OG_00785	4	4	shell
OG_00786	4	4	shell
OG_00787	4	4	shell
OG_00788	4	4	shell
OG_00789	4	4	shell
OG_00790	4	4	shell
OG_00791	3	3	shell
OG_00792	3	3	shell
OG_00793	3	3	shell
OG_00794	3	3	shell
OG_00795	3	3	shell
OG_00796	3	3	shell
OG_00797	3	3	shell
OG_00798	3	3	shell
OG_00799	3	3	shell
OG_00800	3	3	shell
OG_00801	3	3	shell
OG_00802	3	3	shell
OG_00803	3	3	shell
OG_00804	3	3	shell
OG_00805	3	3	shell
OG_00806	3	3	shell
OG_00807	3	3	shell
OG_00808	3	3	shell
OG_00809	3	3	shell
OG_00810	3	3	shell
OG_00811	3	3	shell
OG_00812	3	3	shell
OG_00813	3	3	shell
OG_00814	3	3	shell
OG_00815	3	3	shell
OG_00816	3	3	shell
OG_00817	3	3	shell
OG_00818	3	3	shell
OG_00819	3	3	shell
OG_00820	3	3	shell
OG_00821	3	3	shell
OG_00822	3	3	shell
OG_00823	3	3	shell
OG_00824	3	3	shell
OG_00825	3	3	shell
OG_00826	3	3	shell
OG_00827	3	3	shell
OG_00828	3	3	shell
OG_00829	3	3	shell
OG_00830	3	3	shell
OG_00831	3	3	shell
OG_00832	3	3	shell
OG_00833	3	3	shell
OG_00834	3	3	shell
OG_00835	3	3	shell
OG_00836	3	3	shell
OG_00837	3	3	shell
OG_00838	3	3	shell
OG_00839	3	3	shell
OG_00840	3	3	shell
OG_00841	3	3	shell
OG_00842	3	3	shell
OG_00843	3	3	shell
OG_00844	3	3	shell
OG_00845	3	3	shell
OG_00846	3	3	shell
OG_00847	3	3	shell
OG_00848	3	3	shell
OG_00849	3	3	shell
OG_00850	3	3	shell
OG_00851	3	3	shell
OG_00852	3	3	shell
OG_00853	3	3	shell
OG_00854	3	3	shell
OG_00855	3	3	shell
OG_00856	3	3	shell
OG_00857	3	3	shell
OG_00858	3	3	shell
OG_00859	3	3	shell
OG_00860	3	3	shell
OG_00861	3	3	shell
OG_00862	3	3	shell
OG_00863	3	3	shell
OG_00864	3	3	shell
OG_00865	3	3	shell
OG_00866	3	3	shell
OG_00867	3	3	shell
OG_00868	3	3	shell
OG_00869	3	3	shell
OG_00870	3	3	shell
OG_00871	3	3	shell
OG_00872	3	3	shell
OG_00873	3	3	shell
OG_00874	3	3	shell
OG_00875	3	3	shell
OG_00876	3	3	shell
OG_00877	3	3	shell
OG_00878	3	3	shell
OG_00879	3	3	shell
OG_00880	3	3	shell
OG_00881	3	3	shell
OG_00882	3	3	shell
OG_00883	3	3	shell
OG_00884	3	3	shell
OG_00885	3	3	shell
OG_00886	3	3	shell
OG_00887	3	3	shell
OG_00888	3	3	shell
OG_00889	3	3	shell
OG_00890	3	3	shell
OG_00891	3	3	shell
OG_00892	3	3	shell
OG_00893	3	3	shell
OG_00894	3	3	shell
OG_00895	3	3	shell
OG_00896	3	3	shell
OG_00897	3	3	shell
OG_00898	3	3	shell
OG_00899	3	3	shell
OG_00900	3	3	shell
OG_00901	3	3	shell
OG_00902	3	3	shell
OG_00903	3	3	shell
OG_00904	3	3	shell
OG_00905	3	3	shell
OG_00906	3	3	shell
OG_00907	3	3	shell
OG_00908	3	3	shell
OG_00909	3	3	shell
OG_00910	3	3	shell
OG_00911	3	3	shell
OG_00912	3	3	shell
OG_00913	3	3	shell
OG_00914	3	3	shell
OG_00915	3	3	shell
OG_00916	3	3	shell
OG_00917	3	3	shell
OG_00918	3	3	shell
OG_00919	3	3	shell
OG_00920	3	3	shell
OG_00921	3	3	shell
OG_00922	3	3	shell
OG_00923	3	3	shell
OG_00924	3	3	shell
OG_00925	3	3	shell
OG_00926	3	3	shell
OG_00927	3	3	shell
OG_00928	3	3	shell
OG_00929	3	3	shell
OG_00930	3	3	shell
OG_00931	3	3	shell
OG_00932	3	3	shell
OG_00933	3	3	shell
OG_00934	3	3	shell
OG_00935	3	3	shell
OG_00936	3	3	shell
OG_00937	3	3	shell
OG_00938	3	3	shell
OG_00939	3	3	shell
OG_00940	3	3	shell
OG_00941	3	3	shell
OG_00942	3	3	shell
OG_00943	3	3	shell
OG_00944	3	3	shell
OG_00945	3	3	shell
OG_00946	3	3	shell
OG_00947	3	3	shell
OG_00948	3	3	shell
OG_00949	3	3	shell
OG_00950	3	3	shell
OG_00951	3	3	shell
OG_00952	3	3	shell
OG_00953	3	3	shell
OG_00954	3	3	shell
OG_00955	3	3	shell
OG_00956	3	3	shell
OG_00957	3	3	shell
OG_00958	3	3	shell
OG_00959	3	3	shell
OG_00960	3	3	shell
OG_00961	3	3	shell
OG_00962	3	3	shell
OG_00963	3	3	shell
OG_00964	3	3	shell
OG_00965	3	3	shell
OG_00966	3	3	shell
OG_00967	3	3	shell
OG_00968	3	3	shell
OG_00969	3	3	shell
OG_00970	3	3	shell
OG_00971	3	3	shell
OG_00972	3	3	shell
OG_00973	3	3	shell
OG_00974	3	3	shell
OG_00975	3	3	shell
OG_00976	3	3	shell
OG_00977	3	3	shell
OG_00978	3	3	shell
OG_00979	3	3	shell
OG_00980	3	3	shell
OG_00981	3	3	shell
OG_00982	3	3	shell
OG_00983	3	3	shell
OG_00984	3	3	shell
OG_00985	3	3	shell
OG_00986	3	3	shell
OG_00987	3	3	shell
OG_00988	3	3	shell
OG_00989	3	3	shell
OG_00990	3	3	shell
OG_00991	3	3	shell
OG_00992	3	3	shell
OG_00993	3	3	shell
OG_00994	3	3	shell
OG_00995	3	3	shell
OG_00996	3	3	shell
OG_00997	3	3	shell
OG_00998	3	3	shell
OG_00999	3	3	shell
OG_01000	3	3	shell
OG_01001	3	3	shell
OG_01002	3	3	shell
OG_01003	3	3	shell
OG_01004	3	3	shell
OG_01005	3	3	shell
OG_01006	3	3	shell
OG_01007	3	3	shell
OG_01008	3	3	shell
OG_01009	3	3	shell
OG_01010	3	3	shell
OG_01011	3	3	shell
OG_01012	3	3	shell
OG_01013	3	3	shell
OG_01014	3	3	shell
OG_01015	3	3	shell
OG_01016	3	3	shell
OG_01017	3	3	shell
OG_01018	3	3	shell
OG_01019	3	3	shell
OG_01020	3	3	shell
OG_01021	3	3	shell
OG_01022	3	3	shell
OG_01023	3	3	shell
OG_01024	3	3	shell
OG_01025	3	3	shell
OG_01026	3	3	shell
OG_01027	3	3	shell
OG_01028	3	3	shell
OG_01029	3	3	shell
OG_01030	3	3	shell
OG_01031	3	3	shell
OG_01032	3	3	shell
OG_01033	3	3	shell
OG_01034	3	3	shell
OG_01035	3	3	shell
OG_01036	3	3	shell
OG_01037	3	3	shell
OG_01038	3	3	shell
OG_01039	3	3	shell
OG_01040	3	3	shell
OG_01041	3	3	shell
OG_01042	3	3	shell
OG_01043	3	3	shell
OG_01044	3	3	shell
OG_01045	3	3	shell
OG_01046	3	3	shell
OG_01047	3	3	shell
OG_01048	3	3	shell
OG_01049	3	3	shell
OG_01050	3	3	shell
OG_01051	3	3	shell
OG_01052	3	3	shell
OG_01053	3	3	shell
OG_01054	3	3	shell
OG_01055	3	3	shell
OG_01056	3	3	shell
OG_01057	3	3	shell
OG_01058	3	3	shell
OG_01059	3	3	shell
OG_01060	3	3	shell
OG_01061	3	3	shell
OG_01062	3	3	shell
OG_01063	3	3	shell
OG_01064	3	3	shell
OG_01065	3	3	shell
OG_01066	3	3	shell
OG_01067	3	3	shell
OG_01068	3	3	shell
OG_01069	3	3	shell
OG_01070	3	3	shell
OG_01071	3	3	shell
OG_01072	3	3	shell
OG_01073	3	3	shell
OG_01074	3	3	shell
OG_01075	3	3	shell
OG_01076	3	3	shell
OG_01077	3	3	shell
OG_01078	3	3	shell
OG_01079	3	3	shell
OG_01080	3	3	shell
OG_01081	3	3	shell
OG_01082	3	3	shell
OG_01083	3	3	shell
OG_01084	3	3	shell
OG_01085	3	3	shell
OG_01086	3	3	shell
OG_01087	3	3	shell
OG_01088	3	3	shell
OG_01089	3	3	shell
OG_01090	3	3	shell
OG_01091	3	3	shell
OG_01092	3	3	shell
OG_01093	3	3	shell
OG_01094	3	3	shell
OG_01095	3	3	shell
OG_01096	3	3	shell
OG_01097	3	3	shell
OG_01098	3	3	shell
OG_01099	3	3	shell
OG_01100	3	3	shell
OG_01101	3	3	shell
OG_01102	3	3	shell
OG_01103	3	3	shell
OG_01104	3	3	shell
OG_01105	3	3	shell
OG_01106	3	3	shell
OG_01107	3	3	shell
OG_01108	3	3	shell
OG_01109	3	3	shell
OG_01110	3	3	shell
OG_01111	3	3	shell
OG_01112	3	3	shell
OG_01113	3	3	shell
OG_01114	3	3	shell
OG_01115	3	3	shell
OG_01116	3	3	shell
OG_01117	3	3	shell
OG_01118	3	3	shell
OG_01119	3	3	shell
OG_01120	3	3	shell
OG_01121	3	3	shell
OG_01122	3	3	shell
OG_01123	3	3	shell
OG_01124	3	3	shell
OG_01125	3	3	shell
OG_01126	3	3	shell
OG_01127	3	3	shell
OG_01128	3	3	shell
OG_01129	3	3	shell
OG_01130	3	3	shell
OG_01131	3	3	shell
OG_01132	3	3	shell
OG_01133	3	3	shell
OG_01134	3	3	shell
OG_01135	3	3	shell
OG_01136	3	3	shell
OG_01137	3	3	shell
OG_01138	3	3	shell
OG_01139	3	3	shell
OG_01140	3	3	shell
OG_01141	3	3	shell
OG_01142	3	3	shell
OG_01143	3	3	shell
OG_01144	3	3	shell
OG_01145	3	3	shell
OG_01146	3	3	shell
OG_01147	3	3	shell
OG_01148	3	3	shell
OG_01149	3	3	shell
OG_01150	3	3	shell
OG_01151	3	3	shell
OG_01152	3	3	shell
OG_01153	3	3	shell
OG_01154	3	3	shell
OG_01155	3	3	shell
OG_01156	3	3	shell
OG_01157	3	3	shell
OG_01158	3	3	shell
OG_01159	3	3	shell
OG_01160	3	3	shell
OG_01161	3	3	shell
OG_01162	3	3	shell
OG_01163	3	3	shell
OG_01164	3	3	shell
OG_01165	3	3	shell
OG_01166	3	3	shell
OG_01167	3	3	shell
OG_01168	3	3	shell
OG_01169	3	3	shell
OG_01170	3	3	shell
OG_01171	3	3	shell
OG_01172	3	3	shell
OG_01173	3	3	shell
OG_01174	3	3	shell
OG_01175	3	3	shell
OG_01176	3	3	shell
OG_01177	3	3	shell
OG_01178	3	3	shell
OG_01179	3	3	shell
OG_01180	3	3	shell
OG_01181	3	3	shell
OG_01182	3	3	shell
OG_01183	3	3	shell
OG_01184	3	3	shell
OG_01185	3	3	shell
OG_01186	3	3	shell
OG_01187	3	3	shell
OG_01188	3	3	shell
OG_01189	3	3	shell
OG_01190	3	3	shell
OG_01191	3	3	shell
OG_01192	3	3	shell
OG_01193	3	3	shell
OG_01194	3	3	shell
OG_01195	3	3	shell
OG_01196	3	3	shell
OG_01197	3	3	shell
OG_01198	3	3	shell
OG_01199	3	3	shell
OG_01200	3	3	shell
OG_01201	3	3	shell
OG_01202	3	3	shell
OG_01203	3	3	shell
OG_01204	3	3	shell
OG_01205	3	3	shell
OG_01206	3	3	shell
OG_01207	3	3	shell
OG_01208	3	3	shell
OG_01209	3	3	shell
OG_01210	3	3	shell
OG_01211	3	3	shell
OG_01212	3	3	shell
OG_01213	3	3	shell
OG_01214	3	3	shell
OG_01215	3	3	shell
OG_01216	3	3	shell
OG_01217	3	3	shell
OG_01218	3	3	shell
OG_01219	3	3	shell
OG_01220	3	3	shell
OG_01221	3	3	shell
OG_01222	3	3	shell
OG_01223	3	3	shell
OG_01224	3	3	shell
OG_01225	3	3	shell
OG_01226	3	3	shell
OG_01227	3	3	shell
OG_01228	3	3	shell
OG_01229	3	3	shell
OG_01230	3	3	shell
OG_01231	3	3	shell
OG_01232	3	3	shell
OG_01233	3	3	shell
OG_01234	3	3	shell
OG_01235	3	3	shell
OG_01236	3	3	shell
OG_01237	3	3	shell
OG_01238	3	3	shell
OG_01239	3	3	shell
OG_01240	3	3	shell
OG_01241	3	3	shell
OG_01242	3	3	shell
OG_01243	3	3	shell
OG_01244	3	3	shell
OG_01245	3	3	shell
OG_01246	3	3	shell
OG_01247	3	3	shell
OG_01248	3	3	shell
OG_01249	3	3	shell
OG_01250	3	3	shell
OG_01251	3	3	shell
OG_01252	3	3	shell
OG_01253	3	3	shell
OG_01254	3	3	shell
OG_01255	3	3	shell
OG_01256	3	3	shell
OG_01257	3	3	shell
OG_01258	3	3	shell
OG_01259	3	3	shell
OG_01260	3	3	shell
OG_01261	3	3	shell
OG_01262	3	3	shell
OG_01263	3	3	shell
OG_01264	3	3	shell
OG_01265	3	3	shell
OG_01266	3	3	shell
OG_01267	3	3	shell
OG_01268	3	3	shell
OG_01269	3	3	shell
OG_01270	3	3	shell
OG_01271	3	3	shell
OG_01272	3	3	shell
OG_01273	3	3	shell
OG_01274	3	3	shell
OG_01275	3	3	shell
OG_01276	3	3	shell
OG_01277	3	3	shell
OG_01278	3	3	shell
OG_01279	3	3	shell
OG_01280	3	3	shell
OG_01281	3	3	shell
OG_01282	3	3	shell
OG_01283	3	3	shell
OG_01284	3	3	shell
OG_01285	3	3	shell
OG_01286	3	3	shell
OG_01287	3	3	shell
OG_01288	3	3	shell
OG_01289	3	3	shell
OG_01290	3	3	shell
OG_01291	3	3	shell
OG_01292	3	3	shell
OG_01293	3	3	shell
OG_01294	3	3	shell
OG_01295	3	3	shell
OG_01296	3	3	shell
OG_01297	3	3	shell
OG_01298	3	3	shell
OG_01299	3	3	shell
OG_01300	3	3	shell
OG_01301	3	3	shell
OG_01302	3	3	shell
OG_01303	3	3	shell
OG_01304	3	3	shell
OG_01305	3	3	shell
OG_01306	3	3	shell
OG_01307	3	3	shell
OG_01308	3	3	shell
OG_01309	3	3	shell
OG_01310	2	2	shell
OG_01311	2	2	shell
OG_01312	2	2	shell
OG_01313	2	2	shell
OG_01314	2	2	shell
OG_01315	2	2	shell
OG_01316	2	2	shell
OG_01317	2	2	shell
OG_01318	2	2	shell
OG_01319	2	2	shell
OG_01320	2	2	shell
OG_01321	2	2	shell
OG_01322	2	2	shell
OG_01323	2	2	shell
OG_01324	2	2	shell
OG_01325	2	2	shell
OG_01326	2	2	shell
OG_01327	2	2	shell
OG_01328	2	2	shell
OG_01329	2	2	shell
OG_01330	2	2	shell
OG_01331	2	2	shell
OG_01332	2	2	shell
OG_01333	2	2	shell
OG_01334	2	2	shell
OG_01335	2	2	shell
OG_01336	2	2	shell
OG_01337	2	2	shell
OG_01338	2	2	shell
OG_01339	2	2	shell
OG_01340	2	2	shell
OG_01341	2	2	shell
OG_01342	2	2	shell
OG_01343	2	2	shell
OG_01344	2	2	shell
OG_01345	2	2	shell
OG_01346	2	2	shell
OG_01347	2	2	shell
OG_01348	2	2	shell
OG_01349	2	2	shell
OG_01350	2	2	shell
OG_01351	2	2	shell
OG_01352	2	2	shell
OG_01353	2	2	shell
OG_01354	2	2	shell
OG_01355	2	2	shell
OG_01356	2	2	shell
OG_01357	2	2	shell
OG_01358	2	2	shell
OG_01359	2	2	shell
OG_01360	2	2	shell
OG_01361	2	2	shell
OG_01362	2	2	shell
OG_01363	2	2	shell
OG_01364	2	2	shell
OG_01365	2	2	shell
OG_01366	2	2	shell
OG_01367	2	2	shell
OG_01368	2	2	shell
OG_01369	2	2	shell
OG_01370	2	2	shell
OG_01371	2	2	shell
OG_01372	2	2	shell
OG_01373	2	2	shell
OG_01374	2	2	shell
OG_01375	2	2	shell
OG_01376	2	2	shell
OG_01377	2	2	shell
OG_01378	2	2	shell
OG_01379	2	2	shell
OG_01380	2	2	shell
OG_01381	2	2	shell
OG_01382	2	2	shell
OG_01383	2	2	shell
OG_01384	2	2	shell
OG_01385	2	2	shell
OG_01386	2	2	shell
OG_01387	2	2	shell
OG_01388	2	2	shell
OG_01389	2	2	shell
OG_01390	2	2	shell
OG_01391	2	2	shell
OG_01392	2	2	shell
OG_01393	2	2	shell
OG_01394	2	2	shell
OG_01395	2	2	shell
OG_01396	2	2	shell
OG_01397	2	2	shell
OG_01398	2	2	shell
OG_01399	2	2	shell
OG_01400	2	2	shell
OG_01401	2	2	shell
OG_01402	2	2	shell
OG_01403	2	2	shell
OG_01404	2	2	shell
OG_01405	2	2	shell
OG_01406	2	2	shell
OG_01407	2	2	shell
OG_01408	2	2	shell
OG_01409	2	2	shell
OG_01410	2	2	shell
OG_01411	2	2	shell
OG_01412	2	2	shell
OG_01413	2	2	shell
OG_01414	2	2	shell
OG_01415	2	2	shell
OG_01416	2	2	shell
OG_01417	2	2	shell
OG_01418	2	2	shell
OG_01419	2	2	shell
OG_01420	2	2	shell
OG_01421	2	2	shell
OG_01422	2	2	shell
OG_01423	2	2	shell
OG_01424	2	2	shell
OG_01425	2	2	shell
OG_01426	2	2	shell
OG_01427	2	2	shell
OG_01428	2	2	shell
OG_01429	2	2	shell
OG_01430	2	2	shell
OG_01431	2	2	shell
OG_01432	2	2	shell
OG_01433	2	2	shell
OG_01434	2	2	shell
OG_01435	2	2	shell
OG_01436	2	2	shell
OG_01437	2	2	shell
OG_01438	2	2	shell
OG_01439	2	2	shell
OG_01440	2	2	shell
OG_01441	2	2	shell
OG_01442	2	2	shell
OG_01443	2	2	shell
OG_01444	2	2	shell
OG_01445	2	2	shell
OG_01446	2	2	shell
OG_01447	2	2	shell
OG_01448	2	2	shell
OG_01449	2	2	shell
OG_01450	2	2	shell
OG_01451	2	2	shell
OG_01452	2	2	shell
OG_01453	2	2	shell
OG_01454	2	2	shell
OG_01455	2	2	shell
OG_01456	2	2	shell
OG_01457	2	2	shell
OG_01458	2	2	shell
OG_01459	2	2	shell
OG_01460	2	2	shell
OG_01461	2	2	shell
OG_01462	2	2	shell
OG_01463	2	2	shell
OG_01464	2	2	shell
OG_01465	2	2	shell
OG_01466	2	2	shell
OG_01467	2	2	shell
OG_01468	2	2	shell
OG_01469	2	2	shell
OG_01470	2	2	shell
OG_01471	2	2	shell
OG_01472	2	2	shell
OG_01473	2	2	shell
OG_01474	2	2	shell
OG_01475	2	2	shell
OG_01476	2	2	shell
OG_01477	2	2	shell
OG_01478	2	2	shell
OG_01479	2	2	shell
OG_01480	2	2	shell
OG_01481	2	2	shell
OG_01482	2	2	shell
OG_01483	2	2	shell
OG_01484	2	2	shell
OG_01485	2	2	shell
OG_01486	2	2	shell
OG_01487	2	2	shell
OG_01488	2	2	shell
OG_01489	2	2	shell
OG_01490	2	2	shell
OG_01491	2	2	shell
OG_01492	2	2	shell
OG_01493	2	2	shell
OG_01494	2	2	shell
OG_01495	2	2	shell
OG_01496	2	2	shell
OG_01497	2	2	shell
OG_01498	2	2	shell
OG_01499	2	2	shell
OG_01500	2	2	shell
OG_01501	2	2	shell
OG_01502	2	2	shell
OG_01503	2	2	shell
OG_01504	2	2	shell
OG_01505	2	2	shell
OG_01506	2	2	shell
OG_01507	2	2	shell
OG_01508	2	2	shell
OG_01509	2	2	shell
OG_01510	2	2	shell
OG_01511	2	2	shell
OG_01512	2	2	shell
OG_01513	2	2	shell
OG_01514	2	2	shell
OG_01515	2	2	shell
OG_01516	2	2	shell
OG_01517	2	2	shell
OG_01518	2	2	shell
OG_01519	2	2	shell
OG_01520	2	2	shell
OG_01521	2	2	shell
OG_01522	2	2	shell
OG_01523	2	2	shell
OG_01524	2	2	shell
OG_01525	2	2	shell
OG_01526	2	2	shell
OG_01527	2	2	shell
OG_01528	2	2	shell
OG_01529	2	2	shell
OG_01530	2	2	shell
OG_01531	2	2	shell
OG_01532	2	2	shell
OG_01533	2	2	shell
OG_01534	2	2	shell
OG_01535	2	2	shell
OG_01536	2	2	shell
OG_01537	2	2	shell
OG_01538	2	2	shell
OG_01539	2	2	shell
OG_01540	2	2	shell
OG_01541	2	2	shell
OG_01542	2	2	shell
OG_01543	2	2	shell
OG_01544	2	2	shell
OG_01545	2	2	shell
OG_01546	2	2	shell
OG_01547	2	2	shell
OG_01548	2	2	shell
OG_01549	2	2	shell
OG_01550	2	2	shell
OG_01551	2	2	shell
OG_01552	2	2	shell
OG_01553	2	2	shell
OG_01554	2	2	shell
OG_01555	2	2	shell
OG_01556	2	2	shell
OG_01557	2	2	shell
OG_01558	2	2	shell
OG_01559	2	2	shell
OG_01560	2	2	shell
OG_01561	2	2	shell
OG_01562	2	2	shell
OG_01563	2	2	shell
OG_01564	2	2	shell
OG_01565	2	2	shell
OG_01566	2	2	shell
OG_01567	2	2	shell
OG_01568	2	2	shell
OG_01569	2	2	shell
OG_01570	2	2	shell
OG_01571	2	2	shell
OG_01572	2	2	shell
OG_01573	2	2	shell
OG_01574	2	2	shell
OG_01575	2	2	shell
OG_01576	2	2	shell
OG_01577	2	2	shell
OG_01578	2	2	shell
OG_01579	2	2	shell
OG_01580	2	2	shell
OG_01581	2	2	shell
OG_01582	2	2	shell
OG_01583	2	2	shell
OG_01584	2	2	shell
OG_01585	2	2	shell
OG_01586	2	2	shell
OG_01587	2	2	shell
OG_01588	2	2	shell
OG_01589	2	2	shell
OG_01590	2	2	shell
OG_01591	2	2	shell
OG_01592	2	2	shell
OG_01593	2	2	shell
OG_01594	2	2	shell
OG_01595	2	2	shell
OG_01596	2	2	shell
OG_01597	2	2	shell
OG_01598	2	2	shell
OG_01599	2	2	shell
OG_01600	2	2	shell
OG_01601	2	2	shell
OG_01602	2	2	shell
OG_01603	2	2	shell
OG_01604	2	2	shell
OG_01605	2	2	shell
OG_01606	2	2	shell
OG_01607	2	2	shell
OG_01608	2	2	shell
OG_01609	2	2	shell
OG_01610	2	2	shell
OG_01611	2	2	shell
OG_01612	2	2	shell
OG_01613	2	2	shell
OG_01614	2	2	shell
OG_01615	2	2	shell
OG_01616	2	2	shell
OG_01617	2	2	shell
OG_01618	2	2	shell
OG_01619	2	2	shell
OG_01620	2	2	shell
OG_01621	2	2	shell
OG_01622	2	2	shell
OG_01623	2	2	shell
OG_01624	2	2	shell
OG_01625	2	2	shell
OG_01626	2	2	shell
OG_01627	2	2	shell
OG_01628	2	2	shell
OG_01629	2	2	shell
OG_01630	2	2	shell
OG_01631	2	2	shell
OG_01632	2	2	shell
OG_01633	2	2	shell
OG_01634	2	2	shell
OG_01635	2	2	shell
OG_01636	2	2	shell
OG_01637	2	2	shell
OG_01638	2	2	shell
OG_01639	2	2	shell
OG_01640	2	2	shell
OG_01641	2	2	shell
OG_01642	2	2	shell
OG_01643	2	2	shell
OG_01644	2	2	shell
OG_01645	2	2	shell
OG_01646	2	2	shell
OG_01647	2	2	shell
OG_01648	2	2	shell
OG_01649	2	2	shell
OG_01650	2	2	shell
OG_01651	2	2	shell
OG_01652	2	2	shell
OG_01653	2	2	shell
OG_01654	2	2	shell
OG_01655	2	2	shell
OG_01656	2	2	shell
OG_01657	2	2	shell
OG_01658	2	2	shell
OG_01659	2	2	shell
OG_01660	2	2	shell
OG_01661	2	2	shell
OG_01662	2	2	shell
OG_01663	2	2	shell
OG_01664	2	2	shell
OG_01665	2	2	shell
OG_01666	2	2	shell
OG_01667	2	2	shell
OG_01668	2	2	shell
OG_01669	2	2	shell
OG_01670	2	2	shell
OG_01671	2	2	shell
OG_01672	2	2	shell
OG_01673	2	2	shell
OG_01674	2	2	shell
OG_01675	2	2	shell
OG_01676	2	2	shell
OG_01677	2	2	shell
OG_01678	2	2	shell
OG_01679	2	2	shell
OG_01680	2	2	shell
OG_01681	2	2	shell
OG_01682	2	2	shell
OG_01683	2	2	shell
OG_01684	2	2	shell
OG_01685	2	2	shell
OG_01686	2	2	shell
OG_01687	2	2	shell
OG_01688	2	2	shell
OG_01689	2	2	shell
OG_01690	2	2	shell
OG_01691	2	2	shell
OG_01692	2	2	shell
OG_01693	2	2	shell
OG_01694	2	2	shell
OG_01695	2	2	shell
OG_01696	2	2	shell
OG_01697	2	2	shell
OG_01698	2	2	shell
OG_01699	2	2	shell
OG_01700	2	2	shell
OG_01701	2	2	shell
OG_01702	2	2	shell
OG_01703	2	2	shell
OG_01704	2	2	shell
OG_01705	2	2	shell
OG_01706	2	2	shell
OG_01707	2	2	shell
OG_01708	2	2	shell
OG_01709	2	2	shell
OG_01710	2	2	shell
OG_01711	2	2	shell
OG_01712	2	2	shell
OG_01713	2	2	shell
OG_01714	2	2	shell
OG_01715	2	2	shell
OG_01716	2	2	shell
OG_01717	2	2	shell
OG_01718	2	2	shell
OG_01719	2	2	shell
OG_01720	2	2	shell
OG_01721	2	2	shell
OG_01722	2	2	shell
OG_01723	2	2	shell
OG_01724	2	2	shell
OG_01725	2	2	shell
OG_01726	2	2	shell
OG_01727	2	2	shell
OG_01728	2	2	shell
OG_01729	2	2	shell
OG_01730	2	2	shell
OG_01731	2	2	shell
OG_01732	2	2	shell
OG_01733	2	2	shell
OG_01734	2	2	shell
OG_01735	2	2	shell
OG_01736	2	2	shell
OG_01737	2	2	shell
OG_01738	2	2	shell
OG_01739	2	2	shell
OG_01740	2	2	shell
OG_01741	2	2	shell
OG_01742	2	2	shell
OG_01743	2	2	shell
OG_01744	2	2	shell
OG_01745	2	2	shell
OG_01746	2	2	shell
OG_01747	2	2	shell
OG_01748	2	2	shell
OG_01749	2	2	shell
OG_01750	2	2	shell
OG_01751	2	2	shell
OG_01752	2	2	shell
OG_01753	2	2	shell
OG_01754	2	2	shell
OG_01755	2	2	shell
OG_01756	2	2	shell
OG_01757	2	2	shell
OG_01758	2	2	shell
OG_01759	2	2	shell
OG_01760	2	2	shell
OG_01761	2	2	shell
OG_01762	2	2	shell
OG_01763	2	2	shell
OG_01764	2	2	shell
OG_01765	2	2	shell
OG_01766	2	2	shell
OG_01767	2	2	shell
OG_01768	2	2	shell
OG_01769	2	2	shell
OG_01770	2	2	shell
OG_01771	2	2	shell
OG_01772	2	2	shell
OG_01773	2	2	shell
OG_01774	2	2	shell
OG_01775	2	2	shell
OG_01776	2	2	shell
OG_01777	2	2	shell
OG_01778	2	2	shell
OG_01779	2	2	shell
OG_01780	2	2	shell
OG_01781	2	2	shell
OG_01782	2	2	shell
OG_01783	2	2	shell
OG_01784	2	2	shell
OG_01785	2	2	shell
OG_01786	2	2	shell
OG_01787	2	2	shell
OG_01788	2	2	shell
OG_01789	2	2	shell
OG_01790	2	2	shell
OG_01791	2	2	shell
OG_01792	2	2	shell
OG_01793	2	2	shell
OG_01794	2	2	shell
OG_01795	2	2	shell
OG_01796	2	2	shell
OG_01797	2	2	shell
OG_01798	2	2	shell
OG_01799	2	2	shell
OG_01800	2	2	shell
OG_01801	2	2	shell
OG_01802	2	2	shell
OG_01803	2	2	shell
OG_01804	2	2	shell
OG_01805	2	2	shell
OG_01806	2	2	shell
OG_01807	2	2	shell
OG_01808	2	2	shell
OG_01809	2	2	shell
OG_01810	2	2	shell
OG_01811	2	2	shell
OG_01812	2	2	shell
OG_01813	2	2	shell
OG_01814	2	2	shell
OG_01815	2	2	shell
OG_01816	2	2	shell
OG_01817	2	2	shell
OG_01818	2	2	shell
OG_01819	2	2	shell
OG_01820	2	2	shell
OG_01821	2	2	shell
OG_01822	2	2	shell
OG_01823	2	2	shell
OG_01824	2	2	shell
OG_01825	2	2	shell
OG_01826	2	2	shell
OG_01827	2	2	shell
OG_01828	2	2	shell
OG_01829	2	2	shell
OG_01830	2	2	shell
OG_01831	2	2	shell
OG_01832	2	2	shell
OG_01833	2	2	shell
OG_01834	2	2	shell
OG_01835	2	2	shell
OG_01836	2	2	shell
OG_01837	2	2	shell
OG_01838	2	2	shell
OG_01839	2	2	shell
OG_01840	2	2	shell
OG_01841	2	2	shell
OG_01842	2	2	shell
OG_01843	2	2	shell
OG_01844	2	2	shell
OG_01845	2	2	shell
OG_01846	2	2	shell
OG_01847	2	2	shell
OG_01848	2	2	shell
OG_01849	2	2	shell
OG_01850	2	2	shell
OG_01851	2	2	shell
OG_01852	2	2	shell
OG_01853	2	2	shell
OG_01854	2	2	shell
OG_01855	2	2	shell
OG_01856	2	2	shell
OG_01857	2	2	shell
OG_01858	2	2	shell
OG_01859	2	2	shell
OG_01860	2	2	shell
OG_01861	2	2	shell
OG_01862	2	2	shell
OG_01863	2	2	shell
OG_01864	2	2	shell
OG_01865	2	2	shell
OG_01866	2	2	shell
OG_01867	2	2	shell
OG_01868	2	2	shell
OG_01869	2	2	shell
OG_01870	2	2	shell
OG_01871	2	2	shell
OG_01872	2	2	shell
OG_01873	2	2	shell
OG_01874	2	2	shell
OG_01875	2	2	shell
OG_01876	2	2	shell
OG_01877	2	2	shell
OG_01878	2	2	shell
OG_01879	2	2	shell
OG_01880	2	2	shell
OG_01881	2	2	shell
OG_01882	2	2	shell
OG_01883	2	2	shell
OG_01884	2	2	shell
OG_01885	2	2	shell
OG_01886	2	2	shell
OG_01887	2	2	shell
OG_01888	2	2	shell
OG_01889	2	2	shell
OG_01890	2	2	shell
OG_01891	2	2	shell
OG_01892	2	2	shell
OG_01893	2	2	shell
OG_01894	2	2	shell
OG_01895	2	2	shell
OG_01896	2	2	shell
OG_01897	2	2	shell
OG_01898	2	2	shell
OG_01899	2	2	shell
OG_01900	2	2	shell
OG_01901	2	2	shell
OG_01902	2	2	shell
OG_01903	2	2	shell
OG_01904	2	2	shell
OG_01905	2	2	shell
OG_01906	2	2	shell
OG_01907	2	2	shell
OG_01908	2	2	shell
OG_01909	2	2	shell
OG_01910	2	2	shell
OG_01911	2	2	shell
OG_01912	2	2	shell
OG_01913	2	2	shell
OG_01914	2	2	shell
OG_01915	2	2	shell
OG_01916	2	2	shell
OG_01917	2	2	shell
OG_01918	2	2	shell
OG_01919	2	2	shell
OG_01920	2	2	shell
OG_01921	2	2	shell
OG_01922	2	2	shell
OG_01923	2	2	shell
OG_01924	2	2	shell
OG_01925	2	2	shell
OG_01926	2	2	shell
OG_01927	2	2	shell
OG_01928	2	2	shell
OG_01929	2	2	shell
OG_01930	2	2	shell
OG_01931	2	2	shell
OG_01932	2	2	shell
OG_01933	2	2	shell
OG_01934	2	2	shell
OG_01935	2	2	shell
OG_01936	2	2	shell
OG_01937	2	2	shell
OG_01938	2	2	shell
OG_01939	2	2	shell
OG_01940	2	2	shell
OG_01941	2	2	shell
OG_01942	2	2	shell
OG_01943	2	2	shell
OG_01944	2	2	shell
OG_01945	2	2	shell
OG_01946	2	2	shell
OG_01947	2	2	shell
OG_01948	2	2	shell
OG_01949	2	2	shell
OG_01950	2	2	shell
OG_01951	2	2	shell
OG_01952	2	2	shell
OG_01953	2	2	shell
OG_01954	2	2	shell
OG_01955	2	2	shell
OG_01956	2	2	shell
OG_01957	2	2	shell
OG_01958	2	2	shell
OG_01959	2	2	shell
OG_01960	2	2	shell
OG_01961	2	2	shell
OG_01962	2	2	shell
OG_01963	2	2	shell
OG_01964	2	2	shell
OG_01965	2	2	shell
OG_01966	2	2	shell
OG_01967	2	2	shell
OG_01968	2	2	shell
OG_01969	2	2	shell
OG_01970	2	2	shell
OG_01971	2	2	shell
OG_01972	2	2	shell
OG_01973	2	2	shell
OG_01974	2	2	shell
OG_01975	2	2	shell
OG_01976	2	2	shell
OG_01977	2	2	shell
OG_01978	2	2	shell
OG_01979	2	2	shell
OG_01980	2	2	shell
OG_01981	2	2	shell
OG_01982	2	2	shell
OG_01983	2	2	shell
OG_01984	2	2	shell
OG_01985	2	2	shell
OG_01986	2	2	shell
OG_01987	2	2	shell
OG_01988	2	2	shell
OG_01989	2	2	shell
OG_01990	2	2	shell
OG_01991	2	2	shell
OG_01992	2	2	shell
OG_01993	2	2	shell
OG_01994	2	2	shell
OG_01995	2	2	shell
OG_01996	2	2	shell
OG_01997	2	2	shell
OG_01998	2	2	shell
OG_01999	2	2	shell
OG_02000	2	2	shell
OG_02001	2	2	shell
OG_02002	2	2	shell
OG_02003	2	2	shell
OG_02004	2	2	shell
OG_02005	2	2	shell
OG_02006	2	2	shell
OG_02007	2	2	shell
OG_02008	2	2	shell
OG_02009	2	2	shell
OG_02010	2	2	shell
OG_02011	2	2	shell
OG_02012	2	2	shell
OG_02013	2	2	shell
OG_02014	2	2	shell
OG_02015	2	2	shell
OG_02016	2	2	shell
OG_02017	2	2	shell
OG_02018	2	2	shell
OG_02019	2	2	shell
OG_02020	2	2	shell
OG_02021	2	2	shell
OG_02022	2	2	shell
OG_02023	2	2	shell
OG_02024	2	2	shell
OG_02025	2	2	shell
OG_02026	2	2	shell
OG_02027	2	2	shell
OG_02028	2	2	shell
OG_02029	2	2	shell
OG_02030	2	2	shell
OG_02031	2	2	shell
OG_02032	2	2	shell
OG_02033	2	2	shell
OG_02034	2	2	shell
OG_02035	2	2	shell
OG_02036	2	2	shell
OG_02037	2	2	shell
OG_02038	2	2	shell
OG_02039	2	2	shell
OG_02040	2	2	shell
OG_02041	2	2	shell
OG_02042	2	2	shell
OG_02043	2	2	shell
OG_02044	2	2	shell
OG_02045	2	2	shell
OG_02046	2	2	shell
OG_02047	2	2	shell
OG_02048	2	2	shell
OG_02049	2	2	shell
OG_02050	2	2	shell
OG_02051	2	2	shell
OG_02052	2	2	shell
OG_02053	2	2	shell
OG_02054	2	2	shell
OG_02055	2	2	shell
OG_02056	2	2	shell
OG_02057	2	2	shell
OG_02058	2	2	shell
OG_02059	2	2	shell
OG_02060	2	2	shell
OG_02061	2	2	shell
OG_02062	2	2	shell
OG_02063	2	2	shell
OG_02064	2	2	shell
OG_02065	2	2	shell
OG_02066	2	2	shell
OG_02067	2	2	shell
OG_02068	2	2	shell
OG_02069	2	2	shell
OG_02070	2	2	shell
OG_02071	2	2	shell
OG_02072	2	2	shell
OG_02073	2	2	shell
OG_02074	2	2	shell
OG_02075	2	2	shell
OG_02076	2	2	shell
OG_02077	2	2	shell
OG_02078	2	2	shell
OG_02079	2	2	shell
OG_02080	2	2	shell
OG_02081	2	2	shell
OG_02082	2	2	shell
OG_02083	2	2	shell
OG_02084	2	2	shell
OG_02085	2	2	shell
OG_02086	2	2	shell
OG_02087	2	2	shell
OG_02088	2	2	shell
OG_02089	2	2	shell
OG_02090	2	2	shell
OG_02091	2	2	shell
OG_02092	2	2	shell
OG_02093	2	2	shell
OG_02094	2	2	shell
OG_02095	2	2	shell
OG_02096	2	2	shell
OG_02097	2	2	shell
OG_02098	2	2	shell
OG_02099	2	2	shell
OG_02100	2	2	shell
OG_02101	2	2	shell
OG_02102	2	2	shell
OG_02103	2	2	shell
OG_02104	2	2	shell
OG_02105	2	2	shell
OG_02106	2	2	shell
OG_02107	2	2	shell
OG_02108	2	2	shell
OG_02109	2	2	shell
OG_02110	2	2	shell
OG_02111	2	2	shell
OG_02112	2	2	shell
OG_02113	2	2	shell
OG_02114	2	2	shell
OG_02115	2	2	shell
OG_02116	2	2	shell
OG_02117	2	2	shell
OG_02118	2	2	shell
OG_02119	2	2	shell
OG_02120	2	2	shell
OG_02121	2	2	shell
OG_02122	2	2	shell
OG_02123	2	2	shell
OG_02124	2	2	shell
OG_02125	2	2	shell
OG_02126	2	2	shell
OG_02127	2	2	shell
OG_02128	2	2	shell
OG_02129	2	2	shell
OG_02130	2	2	shell
OG_02131	2	2	shell
OG_02132	2	2	shell
OG_02133	2	2	shell
OG_02134	2	2	shell
OG_02135	2	2	shell
OG_02136	2	2	shell
OG_02137	2	2	shell
OG_02138	2	2	shell
OG_02139	2	2	shell
OG_02140	2	2	shell
OG_02141	2	2	shell
OG_02142	2	2	shell
OG_02143	2	2	shell
OG_02144	2	2	shell
OG_02145	2	2	shell
OG_02146	2	2	shell
OG_02147	2	2	shell
OG_02148	2	2	shell
OG_02149	2	2	shell
OG_02150	2	2	shell
OG_02151	2	2	shell
OG_02152	2	2	shell
OG_02153	2	2	shell
OG_02154	2	2	shell
OG_02155	2	2	shell
OG_02156	2	2	shell
OG_02157	2	2	shell
OG_02158	2	2	shell
OG_02159	2	2	shell
OG_02160	2	2	shell
OG_02161	2	2	shell
OG_02162	2	2	shell
OG_02163	2	2	shell
OG_02164	2	2	shell
OG_02165	2	2	shell
OG_02166	2	2	shell
OG_02167	2	2	shell
OG_02168	2	2	shell
OG_02169	2	2	shell
OG_02170	2	2	shell
OG_02171	2	2	shell
OG_02172	2	2	shell
OG_02173	2	2	shell
OG_02174	2	2	shell
OG_02175	2	2	shell
OG_02176	2	2	shell
OG_02177	2	2	shell
OG_02178	2	2	shell
OG_02179	2	2	shell
OG_02180	2	2	shell
OG_02181	2	2	shell
OG_02182	2	2	shell
OG_02183	2	2	shell
OG_02184	2	2	shell
OG_02185	2	2	shell
OG_02186	2	2	shell
OG_02187	2	2	shell
OG_02188	2	2	shell
OG_02189	2	2	shell
OG_02190	2	2	shell
OG_02191	2	2	shell
OG_02192	2	2	shell
OG_02193	2	2	shell
OG_02194	2	2	shell
OG_02195	2	2	shell
OG_02196	2	2	shell
OG_02197	2	2	shell
OG_02198	2	2	shell
OG_02199	2	2	shell
OG_02200	2	2	shell
OG_02201	2	2	shell
OG_02202	2	2	shell
OG_02203	2	2	shell
OG_02204	2	2	shell
OG_02205	2	2	shell
OG_02206	2	2	shell
OG_02207	2	2	shell
OG_02208	2	2	shell
OG_02209	2	2	shell
OG_02210	2	2	shell
OG_02211	2	2	shell
OG_02212	2	2	shell
OG_02213	2	2	shell
OG_02214	2	2	shell
OG_02215	2	2	shell
OG_02216	2	2	shell
OG_02217	2	2	shell
OG_02218	2	2	shell
OG_02219	2	2	shell
OG_02220	2	2	shell
OG_02221	2	2	shell
OG_02222	2	2	shell
OG_02223	2	2	shell
OG_02224	2	2	shell
OG_02225	2	2	shell
OG_02226	2	2	shell
OG_02227	2	2	shell
OG_02228	2	2	shell
OG_02229	2	2	shell
OG_02230	2	2	shell
OG_02231	2	2	shell
OG_02232	2	2	shell
OG_02233	2	2	shell
OG_02234	2	2	shell
OG_02235	2	2	shell
OG_02236	2	2	shell
OG_02237	2	2	shell
OG_02238	2	2	shell
OG_02239	2	2	shell
OG_02240	2	2	shell
OG_02241	2	2	shell
OG_02242	2	2	shell
OG_02243	2	2	shell
OG_02244	2	2	shell
OG_02245	2	2	shell
OG_02246	2	2	shell
OG_02247	2	2	shell
OG_02248	2	2	shell
OG_02249	2	2	shell
OG_02250	2	2	shell
OG_02251	2	2	shell
OG_02252	2	2	shell
OG_02253	2	2	shell
OG_02254	2	2	shell
OG_02255	2	2	shell
OG_02256	2	2	shell
OG_02257	2	2	shell
OG_02258	2	2	shell
OG_02259	2	2	shell
OG_02260	2	2	shell
OG_02261	2	2	shell
OG_02262	2	2	shell
OG_02263	2	2	shell
OG_02264	2	2	shell
OG_02265	2	2	shell
OG_02266	2	2	shell
OG_02267	2	2	shell
OG_02268	2	2	shell
OG_02269	2	2	shell
OG_02270	2	2	shell
OG_02271	2	2	shell
OG_02272	2	2	shell
OG_02273	2	2	shell
OG_02274	2	2	shell
OG_02275	2	2	shell
OG_02276	2	2	shell
OG_02277	2	2	shell
OG_02278	2	2	shell
OG_02279	2	2	shell
OG_02280	2	2	shell
OG_02281	2	2	shell
OG_02282	2	2	shell
OG_02283	2	2	shell
OG_02284	2	2	shell
OG_02285	2	2	shell
OG_02286	2	2	shell
OG_02287	2	2	shell
OG_02288	2	2	shell
OG_02289	2	2	shell
OG_02290	2	2	shell
OG_02291	2	2	shell
OG_02292	2	2	shell
OG_02293	2	2	shell
OG_02294	2	2	shell
OG_02295	2	2	shell
OG_02296	2	2	shell
OG_02297	2	2	shell
OG_02298	2	2	shell
OG_02299	2	2	shell
OG_02300	2	2	shell
OG_02301	2	2	shell
OG_02302	2	2	shell
OG_02303	2	2	shell
OG_02304	2	2	shell
OG_02305	2	2	shell
OG_02306	2	2	shell
OG_02307	2	2	shell
OG_02308	2	2	shell
OG_02309	2	2	shell
OG_02310	2	2	shell
OG_02311	2	2	shell
OG_02312	2	2	shell
OG_02313	2	2	shell
OG_02314	2	2	shell
OG_02315	2	2	shell
OG_02316	2	2	shell
OG_02317	2	2	shell
OG_02318	2	2	shell
OG_02319	2	2	shell
OG_02320	2	2	shell
OG_02321	2	2	shell
OG_02322	2	2	shell
OG_02323	2	2	shell
OG_02324	2	2	shell
OG_02325	2	2	shell
OG_02326	2	2	shell
OG_02327	2	2	shell
OG_02328	2	2	shell
OG_02329	2	2	shell
OG_02330	2	2	shell
OG_02331	2	2	shell
OG_02332	2	2	shell
OG_02333	2	2	shell
OG_02334	2	2	shell
OG_02335	2	2	shell
OG_02336	2	2	shell
OG_02337	2	2	shell
OG_02338	2	2	shell
OG_02339	2	2	shell
OG_02340	2	2	shell
OG_02341	2	2	shell
OG_02342	2	2	shell
OG_02343	2	2	shell
OG_02344	2	2	shell
OG_02345	2	2	shell
OG_02346	2	2	shell
OG_02347	2	2	shell
OG_02348	2	2	shell
OG_02349	2	2	shell
OG_02350	2	2	shell
OG_02351	2	2	shell
OG_02352	2	2	shell
OG_02353	2	2	shell
OG_02354	2	2	shell
OG_02355	2	2	shell
OG_02356	2	2	shell
OG_02357	2	2	shell
OG_02358	2	2	shell
OG_02359	2	2	shell
OG_02360	2	2	shell
OG_02361	2	2	shell
OG_02362	2	2	shell
OG_02363	2	2	shell
OG_02364	2	2	shell
OG_02365	2	2	shell
OG_02366	2	2	shell
OG_02367	2	2	shell
OG_02368	2	2	shell
OG_02369	2	2	shell
OG_02370	2	2	shell
OG_02371	2	2	shell
OG_02372	2	2	shell
OG_02373	2	2	shell
OG_02374	2	2	shell
OG_02375	2	2	shell
OG_02376	2	2	shell
OG_02377	2	2	shell
OG_02378	2	2	shell
OG_02379	2	2	shell
OG_02380	2	2	shell
OG_02381	2	2	shell
OG_02382	2	2	shell
OG_02383	2	2	shell
OG_02384	2	2	shell
OG_02385	2	2	shell
OG_02386	2	2	shell
OG_02387	2	2	shell
OG_02388	2	2	shell
OG_02389	2	2	shell
OG_02390	2	2	shell
OG_02391	2	2	shell
OG_02392	2	2	shell
OG_02393	2	2	shell
OG_02394	2	2	shell
OG_02395	2	2	shell
OG_02396	2	2	shell
OG_02397	2	2	shell
OG_02398	2	2	shell
OG_02399	2	2	shell
OG_02400	2	2	shell
OG_02401	2	2	shell
OG_02402	2	2	shell
OG_02403	2	2	shell
OG_02404	2	2	shell
OG_02405	2	2	shell
OG_02406	2	2	shell
OG_02407	2	2	shell
OG_02408	2	2	shell
OG_02409	2	2	shell
OG_02410	2	2	shell
OG_02411	2	2	shell
OG_02412	2	2	shell
OG_02413	2	2	shell
OG_02414	2	2	shell
OG_02415	2	2	shell
OG_02416	2	2	shell
OG_02417	2	2	shell
OG_02418	2	2	shell
OG_02419	2	2	shell
OG_02420	2	2	shell
OG_02421	2	2	shell
OG_02422	2	2	shell
OG_02423	2	2	shell
OG_02424	2	2	shell
OG_02425	2	2	shell
OG_02426	2	2	shell
OG_02427	2	2	shell
OG_02428	2	2	shell
OG_02429	2	2	shell
OG_02430	2	2	shell
OG_02431	2	2	shell
OG_02432	2	2	shell
OG_02433	2	2	shell
OG_02434	2	2	shell
OG_02435	2	2	shell
OG_02436	2	2	shell
OG_02437	2	2	shell
OG_02438	2	2	shell
OG_02439	2	2	shell
OG_02440	2	2	shell
OG_02441	2	2	shell
OG_02442	2	2	shell
OG_02443	2	2	shell
OG_02444	2	2	shell
OG_02445	2	2	shell
OG_02446	2	2	shell
OG_02447	2	2	shell
OG_02448	2	2	shell
OG_02449	2	2	shell
OG_02450	2	2	shell
OG_02451	2	2	shell
OG_02452	2	2	shell
OG_02453	2	2	shell
OG_02454	2	2	shell
OG_02455	2	2	shell
OG_02456	2	2	shell
OG_02457	2	2	shell
OG_02458	2	2	shell
OG_02459	2	2	shell
OG_02460	2	2	shell
OG_02461	2	2	shell
OG_02462	2	2	shell
OG_02463	2	2	shell
OG_02464	2	2	shell
OG_02465	2	2	shell
OG_02466	2	2	shell
OG_02467	2	2	shell
OG_02468	2	2	shell
OG_02469	2	2	shell
OG_02470	2	2	shell
OG_02471	2	2	shell
OG_02472	2	2	shell
OG_02473	2	2	shell
OG_02474	2	2	shell
OG_02475	2	2	shell
OG_02476	2	2	shell
OG_02477	2	2	shell
OG_02478	2	2	shell
OG_02479	2	2	shell
OG_02480	2	2	shell
OG_02481	2	2	shell
OG_02482	2	2	shell
OG_02483	2	2	shell
OG_02484	2	2	shell
OG_02485	2	2	shell
OG_02486	2	2	shell
OG_02487	2	2	shell
OG_02488	2	2	shell
OG_02489	2	2	shell
OG_02490	2	2	shell
OG_02491	2	2	shell
OG_02492	2	2	shell
OG_02493	2	2	shell
OG_02494	2	2	shell
OG_02495	2	2	shell
OG_02496	2	2	shell
OG_02497	2	2	shell
OG_02498	2	2	shell
OG_02499	2	2	shell
OG_02500	2	2	shell
OG_02501	2	2	shell
OG_02502	2	2	shell
OG_02503	2	2	shell
OG_02504	2	2	shell
OG_02505	2	2	shell
OG_02506	2	2	shell
OG_02507	2	2	shell
OG_02508	2	2	shell
OG_02509	2	2	shell
OG_02510	2	2	shell
OG_02511	2	2	shell
OG_02512	2	2	shell
OG_02513	2	2	shell
OG_02514	2	2	shell
OG_02515	2	2	shell
OG_02516	2	2	shell
OG_02517	2	2	shell
OG_02518	2	2	shell
OG_02519	2	2	shell
OG_02520	2	2	shell
OG_02521	2	2	shell
OG_02522	2	2	shell
OG_02523	2	2	shell
OG_02524	2	2	shell
OG_02525	2	2	shell
OG_02526	2	2	shell
OG_02527	2	2	shell
OG_02528	2	2	shell
OG_02529	2	2	shell
OG_02530	2	2	shell
OG_02531	2	2	shell
OG_02532	2	2	shell
OG_02533	2	2	shell
OG_02534	2	2	shell
OG_02535	2	2	shell
OG_02536	2	2	shell
OG_02537	2	2	shell
OG_02538	2	2	shell
OG_02539	2	2	shell
OG_02540	2	2	shell
OG_02541	2	2	shell
OG_02542	2	2	shell
OG_02543	2	2	shell
OG_02544	2	2	shell
OG_02545	2	2	shell
OG_02546	2	2	shell
OG_02547	2	2	shell
OG_02548	2	2	shell
OG_02549	2	2	shell
OG_02550	2	2	shell
OG_02551	2	2	shell
OG_02552	2	2	shell
OG_02553	2	2	shell
OG_02554	2	2	shell
OG_02555	2	2	shell
OG_02556	2	2	shell
OG_02557	2	2	shell
OG_02558	2	2	shell
OG_02559	2	2	shell
OG_02560	2	2	shell
OG_02561	2	2	shell
OG_02562	2	2	shell
OG_02563	2	2	shell
OG_02564	2	2	shell
OG_02565	2	2	shell
OG_02566	2	2	shell
OG_02567	2	2	shell
OG_02568	2	2	shell
OG_02569	2	2	shell
OG_02570	2	2	shell
OG_02571	2	2	shell
OG_02572	2	2	shell
OG_02573	2	2	shell
OG_02574	2	2	shell
OG_02575	2	2	shell
OG_02576	2	2	shell
OG_02577	2	2	shell
OG_02578	2	2	shell
OG_02579	2	2	shell
OG_02580	2	2	shell
OG_02581	2	2	shell
OG_02582	2	2	shell
OG_02583	2	2	shell
OG_02584	2	2	shell
OG_02585	2	2	shell
OG_02586	2	2	shell
OG_02587	2	2	shell
OG_02588	2	2	shell
OG_02589	2	2	shell
OG_02590	2	2	shell
OG_02591	2	2	shell
OG_02592	2	2	shell
OG_02593	2	2	shell
OG_02594	2	2	shell
OG_02595	2	2	shell
OG_02596	2	2	shell
OG_02597	2	2	shell
OG_02598	2	2	shell
OG_02599	2	2	shell
OG_02600	2	2	shell
OG_02601	2	2	shell
OG_02602	2	2	shell
OG_02603	2	2	shell
OG_02604	2	2	shell
OG_02605	2	2	shell
OG_02606	2	2	shell
OG_02607	2	2	shell
OG_02608	2	2	shell
OG_02609	2	2	shell
OG_02610	2	2	shell
OG_02611	2	2	shell
OG_02612	2	2	shell
OG_02613	2	2	shell
OG_02614	2	2	shell
OG_02615	2	2	shell
OG_02616	2	2	shell
OG_02617	2	2	shell
OG_02618	2	2	shell
OG_02619	2	2	shell
OG_02620	2	2	shell
OG_02621	2	2	shell
OG_02622	2	2	shell
OG_02623	2	2	shell
OG_02624	2	2	shell
OG_02625	2	2	shell
OG_02626	2	2	shell
OG_02627	2	2	shell
OG_02628	2	2	shell
OG_02629	2	2	shell
OG_02630	2	2	shell
OG_02631	2	2	shell
OG_02632	2	2	shell
OG_02633	2	2	shell
OG_02634	2	2	shell
OG_02635	2	2	shell
OG_02636	2	2	shell
OG_02637	2	2	shell
OG_02638	2	2	shell
OG_02639	2	2	shell
OG_02640	2	2	shell
OG_02641	2	2	shell
OG_02642	2	2	shell
OG_02643	2	2	shell
OG_02644	2	2	shell
OG_02645	2	2	shell
OG_02646	2	2	shell
OG_02647	2	2	shell
OG_02648	2	2	shell
OG_02649	2	2	shell
OG_02650	2	2	shell
OG_02651	2	2	shell
OG_02652	2	2	shell
OG_02653	2	2	shell
OG_02654	2	2	shell
OG_02655	2	2	shell
OG_02656	2	2	shell
OG_02657	2	2	shell
OG_02658	2	2	shell
OG_02659	2	2	shell
OG_02660	2	2	shell
OG_02661	2	2	shell
OG_02662	2	2	shell
OG_02663	2	2	shell
OG_02664	2	2	shell
OG_02665	2	2	shell
OG_02666	2	2	shell
OG_02667	2	2	shell
OG_02668	2	2	shell
OG_02669	2	2	shell
OG_02670	2	2	shell
OG_02671	2	2	shell
OG_02672	2	2	shell
OG_02673	2	2	shell
OG_02674	2	2	shell
OG_02675	2	2	shell
OG_02676	2	2	shell
OG_02677	2	2	shell
OG_02678	2	2	shell
OG_02679	2	2	shell
OG_02680	2	2	shell
OG_02681	2	2	shell
OG_02682	2	2	shell
OG_02683	2	2	shell
OG_02684	2	2	shell
OG_02685	2	2	shell
OG_02686	2	2	shell
OG_02687	2	2	shell
OG_02688	2	2	shell
OG_02689	2	2	shell
OG_02690	2	2	shell
OG_02691	2	2	shell
OG_02692	2	2	shell
OG_02693	2	2	shell
OG_02694	2	2	shell
OG_02695	2	2	shell
OG_02696	2	2	shell
OG_02697	2	2	shell
OG_02698	2	2	shell
OG_02699	2	2	shell
OG_02700	2	2	shell
OG_02701	2	2	shell
OG_02702	2	2	shell
OG_02703	2	2	shell
OG_02704	2	2	shell
OG_02705	2	2	shell
OG_02706	2	2	shell
OG_02707	2	2	shell
OG_02708	2	2	shell
OG_02709	2	2	shell
OG_02710	2	2	shell
OG_02711	2	2	shell
OG_02712	2	2	shell
OG_02713	2	2	shell
OG_02714	2	2	shell
OG_02715	2	2	shell
OG_02716	2	2	shell
OG_02717	2	2	shell
OG_02718	2	2	shell
OG_02719	2	2	shell
OG_02720	2	2	shell
OG_02721	2	2	shell
OG_02722	2	2	shell
OG_02723	2	2	shell
OG_02724	2	2	shell
OG_02725	2	2	shell
OG_02726	2	2	shell
OG_02727	2	2	shell
OG_02728	2	2	shell
OG_02729	2	2	shell
OG_02730	2	2	shell
OG_02731	2	2	shell
OG_02732	2	2	shell
OG_02733	2	2	shell
OG_02734	2	2	shell
OG_02735	2	2	shell
OG_02736	2	2	shell
OG_02737	2	2	shell
OG_02738	2	2	shell
OG_02739	2	2	shell
OG_02740	2	2	shell
OG_02741	2	2	shell
OG_02742	2	2	shell
OG_02743	2	2	shell
OG_02744	2	2	shell
OG_02745	2	2	shell
OG_02746	2	2	shell
OG_02747	2	2	shell
OG_02748	2	2	shell
OG_02749	2	2	shell
OG_02750	2	2	shell
OG_02751	2	2	shell
OG_02752	2	2	shell
OG_02753	2	2	shell
OG_02754	2	2	shell
OG_02755	2	2	shell
OG_02756	2	2	shell
OG_02757	2	2	shell
OG_02758	2	2	shell
OG_02759	2	2	shell
OG_02760	2	2	shell
OG_02761	2	2	shell
OG_02762	2	2	shell
OG_02763	2	2	shell
OG_02764	2	2	shell
OG_02765	2	2	shell
OG_02766	2	2	shell
OG_02767	2	2	shell
OG_02768	2	2	shell
OG_02769	2	2	shell
OG_02770	2	2	shell
OG_02771	2	2	shell
OG_02772	2	2	shell
OG_02773	2	2	shell
OG_02774	2	2	shell
OG_02775	2	2	shell
OG_02776	2	2	shell
OG_02777	2	2	shell
OG_02778	2	2	shell
OG_02779	2	2	shell
OG_02780	2	2	shell
OG_02781	2	2	shell
OG_02782	2	2	shell
OG_02783	2	2	shell
OG_02784	2	2	shell
OG_02785	2	2	shell
OG_02786	2	2	shell
OG_02787	2	2	shell
OG_02788	2	2	shell
OG_02789	2	2	shell
OG_02790	2	2	shell
OG_02791	2	2	shell
OG_02792	2	2	shell
OG_02793	2	2	shell
OG_02794	2	2	shell
OG_02795	2	2	shell
OG_02796	2	2	shell
OG_02797	2	2	shell
OG_02798	2	2	shell
OG_02799	2	2	shell
OG_02800	2	2	shell
OG_02801	2	2	shell
OG_02802	2	2	shell
OG_02803	2	2	shell
OG_02804	2	2	shell
OG_02805	2	2	shell
OG_02806	2	2	shell
OG_02807	2	2	shell
OG_02808	2	2	shell
OG_02809	2	2	shell
OG_02810	2	2	shell
OG_02811	2	2	shell
OG_02812	2	2	shell
OG_02813	2	2	shell
OG_02814	2	2	shell
OG_02815	2	2	shell
OG_02816	2	2	shell
OG_02817	2	2	shell
OG_02818	2	2	shell
OG_02819	2	2	shell
OG_02820	2	2	shell
OG_02821	2	2	shell
OG_02822	2	2	shell
OG_02823	2	2	shell
OG_02824	2	2	shell
OG_02825	2	2	shell
OG_02826	2	2	shell
OG_02827	2	2	shell
OG_02828	2	2	shell
OG_02829	2	2	shell
OG_02830	2	2	shell
OG_02831	2	2	shell
OG_02832	2	2	shell
OG_02833	2	2	shell
OG_02834	2	2	shell
OG_02835	2	2	shell
OG_02836	2	2	shell
OG_02837	2	2	shell
OG_02838	2	2	shell
OG_02839	2	2	shell
OG_02840	2	2	shell
OG_02841	2	2	shell
OG_02842	2	2	shell
OG_02843	2	2	shell
OG_02844	2	2	shell
OG_02845	2	2	shell
OG_02846	2	2	shell
OG_02847	2	2	shell
OG_02848	2	2	shell
OG_02849	2	2	shell
OG_02850	2	2	shell
OG_02851	2	2	shell
OG_02852	2	2	shell
OG_02853	2	2	shell
OG_02854	2	2	shell
OG_02855	2	2	shell
OG_02856	2	2	shell
OG_02857	2	2	shell
OG_02858	2	2	shell
OG_02859	2	2	shell
OG_02860	2	2	shell
OG_02861	2	2	shell
OG_02862	2	2	shell
OG_02863	2	2	shell
OG_02864	2	2	shell
OG_02865	2	2	shell
OG_02866	2	2	shell
OG_02867	2	2	shell
OG_02868	2	2	shell
OG_02869	2	2	shell
OG_02870	2	2	shell
OG_02871	2	2	shell
OG_02872	2	2	shell
OG_02873	2	2	shell
OG_02874	2	2	shell
OG_02875	2	2	shell
OG_02876	2	2	shell
OG_02877	2	2	shell
OG_02878	2	2	shell
OG_02879	2	2	shell
OG_02880	2	2	shell
OG_02881	2	2	shell
OG_02882	2	2	shell
OG_02883	2	2	shell
OG_02884	2	2	shell
OG_02885	2	2	shell
OG_02886	2	2	shell
OG_02887	2	2	shell
OG_02888	2	2	shell
OG_02889	2	2	shell
OG_02890	2	2	shell
OG_02891	2	2	shell
OG_02892	2	2	shell
OG_02893	2	2	shell
OG_02894	2	2	shell
OG_02895	2	2	shell
OG_02896	2	2	shell
OG_02897	2	2	shell
OG_02898	2	2	shell
OG_02899	2	2	shell
OG_02900	2	2	shell
OG_02901	2	2	shell
OG_02902	2	2	shell
OG_02903	2	2	shell
OG_02904	2	2	shell
OG_02905	2	2	shell
OG_02906	2	2	shell
OG_02907	2	2	shell
OG_02908	2	2	shell
OG_02909	2	2	shell
OG_02910	2	2	shell
OG_02911	2	2	shell
OG_02912	2	2	shell
OG_02913	2	2	shell
OG_02914	2	2	shell
OG_02915	2	2	shell
OG_02916	2	2	shell
OG_02917	2	2	shell
OG_02918	2	2	shell
OG_02919	2	2	shell
OG_02920	2	2	shell
OG_02921	2	2	shell
OG_02922	2	2	shell
OG_02923	2	2	shell
OG_02924	2	2	shell
OG_02925	2	2	shell
OG_02926	2	2	shell
OG_02927	2	2	shell
OG_02928	2	2	shell
OG_02929	2	2	shell
OG_02930	2	2	shell
OG_02931	2	2	shell
OG_02932	2	2	shell
OG_02933	2	2	shell
OG_02934	2	2	shell
OG_02935	2	2	shell
OG_02936	2	2	shell
OG_02937	2	2	shell
OG_02938	2	2	shell
OG_02939	2	2	shell
OG_02940	2	2	shell
OG_02941	2	2	shell
OG_02942	2	2	shell
OG_02943	2	2	shell
OG_02944	2	2	shell
OG_02945	2	2	shell
OG_02946	2	2	shell
OG_02947	2	2	shell
OG_02948	2	2	shell
OG_02949	2	2	shell
OG_02950	2	2	shell
OG_02951	2	2	shell
OG_02952	2	2	shell
OG_02953	2	2	shell
OG_02954	2	2	shell
OG_02955	2	2	shell
OG_02956	2	2	shell
OG_02957	2	2	shell
OG_02958	2	2	shell
OG_02959	2	2	shell
OG_02960	2	2	shell
OG_02961	2	2	shell
OG_02962	2	2	shell
OG_02963	2	2	shell
OG_02964	2	2	shell
OG_02965	2	2	shell
OG_02966	2	2	shell
OG_02967	2	2	shell
OG_02968	2	2	shell
OG_02969	2	2	shell
OG_02970	2	2	shell
OG_02971	2	2	shell
OG_02972	2	2	shell
OG_02973	2	2	shell
OG_02974	2	2	shell
OG_02975	2	2	shell
OG_02976	2	2	shell
OG_02977	2	2	shell
OG_02978	2	2	shell
OG_02979	2	2	shell
OG_02980	2	2	shell
OG_02981	2	2	shell
OG_02982	2	2	shell
OG_02983	2	2	shell
OG_02984	2	2	shell
OG_02985	2	2	shell
OG_02986	2	2	shell
OG_02987	2	2	shell
OG_02988	2	2	shell
OG_02989	2	2	shell
OG_02990	2	2	shell
OG_02991	2	2	shell
OG_02992	2	2	shell
OG_02993	2	2	shell
OG_02994	2	2	shell
OG_02995	2	2	shell
OG_02996	2	2	shell
OG_02997	2	2	shell
OG_02998	2	2	shell
OG_02999	2	2	shell
OG_03000	2	2	shell
OG_03001	2	2	shell
OG_03002	2	2	shell
OG_03003	2	2	shell
OG_03004	2	2	shell
OG_03005	2	2	shell
OG_03006	2	2	shell
OG_03007	2	2	shell
OG_03008	2	2	shell
OG_03009	2	2	shell
OG_03010	2	2	shell
OG_03011	2	2	shell
OG_03012	2	2	shell
OG_03013	2	2	shell
OG_03014	2	2	shell
OG_03015	2	2	shell
OG_03016	2	2	shell
OG_03017	2	2	shell
OG_03018	2	2	shell
OG_03019	2	2	shell
OG_03020	2	2	shell
OG_03021	2	2	shell
OG_03022	2	2	shell
OG_03023	2	2	shell
OG_03024	2	2	shell
OG_03025	2	2	shell
OG_03026	2	2	shell
OG_03027	2	2	shell
OG_03028	2	2	shell
OG_03029	2	2	shell
OG_03030	2	2	shell
OG_03031	2	2	shell
OG_03032	2	2	shell
OG_03033	2	2	shell
OG_03034	2	2	shell
OG_03035	2	2	shell
OG_03036	2	2	shell
OG_03037	2	2	shell
OG_03038	2	2	shell
OG_03039	2	2	shell
OG_03040	2	2	shell
OG_03041	2	2	shell
OG_03042	2	2	shell
OG_03043	2	2	shell
OG_03044	2	2	shell
OG_03045	2	2	shell
OG_03046	2	2	shell
OG_03047	2	2	shell
OG_03048	2	2	shell
OG_03049	2	2	shell
OG_03050	2	2	shell
OG_03051	2	2	shell
OG_03052	2	2	shell
OG_03053	2	2	shell
OG_03054	2	2	shell
OG_03055	2	2	shell
OG_03056	2	2	shell
OG_03057	2	2	shell
OG_03058	2	2	shell
OG_03059	2	2	shell
OG_03060	2	2	shell
OG_03061	2	2	shell
OG_03062	2	2	shell
OG_03063	2	2	shell
OG_03064	2	2	shell
OG_03065	2	2	shell
OG_03066	2	2	shell
OG_03067	2	2	shell
OG_03068	2	2	shell
OG_03069	2	2	shell
OG_03070	2	2	shell
OG_03071	2	2	shell
OG_03072	2	2	shell
OG_03073	2	2	shell
OG_03074	2	2	shell
OG_03075	2	2	shell
OG_03076	2	2	shell
OG_03077	2	2	shell
OG_03078	2	2	shell
OG_03079	2	2	shell
OG_03080	2	2	shell
OG_03081	2	2	shell
OG_03082	2	2	shell
OG_03083	2	2	shell
OG_03084	2	2	shell
OG_03085	2	2	shell
OG_03086	2	2	shell
OG_03087	2	2	shell
OG_03088	2	2	shell
OG_03089	2	2	shell
OG_03090	2	2	shell
OG_03091	2	2	shell
OG_03092	2	2	shell
OG_03093	2	2	shell
OG_03094	2	2	shell
OG_03095	2	2	shell
OG_03096	2	2	shell
OG_03097	2	2	shell
OG_03098	2	2	shell
OG_03099	2	2	shell
OG_03100	2	2	shell
OG_03101	2	2	shell
OG_03102	2	2	shell
OG_03103	2	2	shell
OG_03104	2	2	shell
OG_03105	2	2	shell
OG_03106	2	2	shell
OG_03107	2	2	shell
OG_03108	2	2	shell
OG_03109	2	2	shell
OG_03110	2	2	shell
OG_03111	2	2	shell
OG_03112	2	2	shell
OG_03113	2	2	shell
OG_03114	2	2	shell
OG_03115	2	2	shell
OG_03116	2	2	shell
OG_03117	2	2	shell
OG_03118	2	2	shell
OG_03119	2	2	shell
OG_03120	2	2	shell
OG_03121	2	2	shell
OG_03122	2	2	shell
OG_03123	2	2	shell
OG_03124	2	2	shell
OG_03125	2	2	shell
OG_03126	2	2	shell
OG_03127	2	2	shell
OG_03128	2	2	shell
OG_03129	2	2	shell
OG_03130	2	2	shell
OG_03131	2	2	shell
OG_03132	2	2	shell
OG_03133	2	2	shell
OG_03134	2	2	shell
OG_03135	2	2	shell
OG_03136	2	2	shell
OG_03137	2	2	shell
OG_03138	2	2	shell
OG_03139	2	2	shell
OG_03140	2	2	shell
OG_03141	2	2	shell
OG_03142	2	2	shell
OG_03143	2	2	shell
OG_03144	2	2	shell
OG_03145	2	2	shell
OG_03146	2	2	shell
OG_03147	2	2	shell
OG_03148	2	2	shell
OG_03149	2	2	shell
OG_03150	2	2	shell
OG_03151	2	2	shell
OG_03152	2	2	shell
OG_03153	2	2	shell
OG_03154	2	2	shell
OG_03155	2	2	shell
OG_03156	2	2	shell
OG_03157	2	2	shell
OG_03158	2	2	shell
OG_03159	2	2	shell
OG_03160	2	2	shell
OG_03161	2	2	shell
OG_03162	2	2	shell
OG_03163	2	2	shell
OG_03164	2	2	shell
OG_03165	2	2	shell
OG_03166	2	2	shell
OG_03167	2	2	shell
OG_03168	2	2	shell
OG_03169	2	2	shell
OG_03170	2	2	shell
OG_03171	2	2	shell
OG_03172	2	2	shell
OG_03173	2	2	shell
OG_03174	2	2	shell
OG_03175	2	2	shell
OG_03176	2	2	shell
OG_03177	2	2	shell
OG_03178	2	2	shell
OG_03179	2	2	shell
OG_03180	2	2	shell
OG_03181	2	2	shell
OG_03182	2	2	shell
OG_03183	2	2	shell
OG_03184	2	2	shell
OG_03185	2	2	shell
OG_03186	2	2	shell
OG_03187	2	2	shell
OG_03188	2	2	shell
OG_03189	2	2	shell
OG_03190	2	2	shell
OG_03191	2	2	shell
OG_03192	2	2	shell
OG_03193	2	2	shell
OG_03194	2	2	shell
OG_03195	2	2	shell
OG_03196	2	2	shell
OG_03197	2	2	shell
OG_03198	2	2	shell
OG_03199	2	2	shell
OG_03200	2	2	shell
OG_03201	2	2	shell
OG_03202	2	2	shell
OG_03203	2	2	shell
OG_03204	2	2	shell
OG_03205	2	2	shell
OG_03206	2	2	shell
OG_03207	2	2	shell
OG_03208	2	2	shell
OG_03209	2	2	shell
OG_03210	2	2	shell
OG_03211	2	2	shell
OG_03212	2	2	shell
OG_03213	2	2	shell
OG_03214	2	2	shell
OG_03215	2	2	shell
OG_03216	2	2	shell
OG_03217	2	2	shell
OG_03218	2	2	shell
OG_03219	2	2	shell
OG_03220	2	2	shell
OG_03221	2	2	shell
OG_03222	2	2	shell
OG_03223	2	2	shell
OG_03224	2	2	shell
OG_03225	2	2	shell
OG_03226	2	2	shell
OG_03227	2	2	shell
OG_03228	2	2	shell
OG_03229	2	2	shell
OG_03230	2	2	shell
OG_03231	2	2	shell
OG_03232	2	2	shell
OG_03233	2	2	shell
OG_03234	2	2	shell
OG_03235	2	2	shell
OG_03236	2	2	shell
OG_03237	2	2	shell
OG_03238	2	2	shell
OG_03239	2	2	shell
OG_03240	2	2	shell
OG_03241	2	2	shell
OG_03242	2	2	shell
OG_03243	2	2	shell
OG_03244	2	2	shell
OG_03245	2	2	shell
OG_03246	2	2	shell
OG_03247	2	2	shell
OG_03248	2	2	shell
OG_03249	2	2	shell
OG_03250	2	2	shell
OG_03251	2	2	shell
OG_03252	2	2	shell
OG_03253	2	2	shell
OG_03254	2	2	shell
OG_03255	2	2	shell
OG_03256	2	2	shell
OG_03257	2	2	shell
OG_03258	2	2	shell
OG_03259	2	2	shell
OG_03260	2	2	shell
OG_03261	2	2	shell
OG_03262	2	2	shell
OG_03263	2	2	shell
OG_03264	2	2	shell
OG_03265	2	2	shell
OG_03266	2	2	shell
OG_03267	2	2	shell
OG_03268	2	2	shell
OG_03269	2	2	shell
OG_03270	2	2	shell
OG_03271	2	2	shell
OG_03272	2	2	shell
OG_03273	2	2	shell
OG_03274	2	2	shell
OG_03275	2	2	shell
OG_03276	2	2	shell
OG_03277	2	2	shell
OG_03278	2	2	shell
OG_03279	2	2	shell
OG_03280	2	2	shell
OG_03281	2	2	shell
OG_03282	2	2	shell
OG_03283	2	2	shell
OG_03284	2	2	shell
OG_03285	2	2	shell
OG_03286	2	2	shell
OG_03287	2	2	shell
OG_03288	2	2	shell
OG_03289	2	2	shell
OG_03290	2	2	shell
OG_03291	2	2	shell
OG_03292	2	2	shell
OG_03293	2	2	shell
OG_03294	2	2	shell
OG_03295	2	2	shell
OG_03296	2	2	shell
OG_03297	2	2	shell
OG_03298	2	2	shell
OG_03299	2	2	shell
OG_03300	2	2	shell
OG_03301	2	2	shell
OG_03302	2	2	shell
OG_03303	2	2	shell
OG_03304	2	2	shell
OG_03305	2	2	shell
OG_03306	2	2	shell
OG_03307	2	2	shell
OG_03308	2	2	shell
OG_03309	2	2	shell
OG_03310	2	2	shell
OG_03311	2	2	shell
OG_03312	2	2	shell
OG_03313	2	2	shell
OG_03314	2	2	shell
OG_03315	2	2	shell
OG_03316	2	2	shell
OG_03317	2	2	shell
OG_03318	2	2	shell
OG_03319	2	2	shell
OG_03320	2	2	shell
OG_03321	2	2	shell
OG_03322	2	2	shell
OG_03323	2	2	shell
OG_03324	2	2	shell
OG_03325	2	2	shell
OG_03326	2	2	shell
OG_03327	2	2	shell
OG_03328	2	2	shell
OG_03329	2	2	shell
OG_03330	2	2	shell
OG_03331	2	2	shell
OG_03332	2	2	shell
OG_03333	2	2	shell
OG_03334	2	2	shell
OG_03335	2	2	shell
OG_03336	2	2	shell
OG_03337	2	2	shell
OG_03338	2	2	shell
OG_03339	2	2	shell
OG_03340	2	2	shell
OG_03341	2	2	shell
OG_03342	2	2	shell
OG_03343	2	2	shell
OG_03344	2	2	shell
OG_03345	2	2	shell
OG_03346	2	2	shell
OG_03347	2	2	shell
OG_03348	2	2	shell
OG_03349	2	2	shell
OG_03350	2	2	shell
OG_03351	2	2	shell
OG_03352	2	2	shell
OG_03353	2	2	shell
OG_03354	2	2	shell
OG_03355	2	2	shell
OG_03356	2	2	shell
OG_03357	2	2	shell
OG_03358	2	2	shell
OG_03359	2	2	shell
OG_03360	2	2	shell
OG_03361	2	2	shell
OG_03362	2	2	shell
OG_03363	2	2	shell
OG_03364	2	2	shell
OG_03365	2	2	shell
OG_03366	2	2	shell
OG_03367	2	2	shell
OG_03368	2	2	shell
OG_03369	2	2	shell
OG_03370	2	2	shell
OG_03371	2	2	shell
OG_03372	2	2	shell
OG_03373	2	2	shell
OG_03374	2	2	shell
OG_03375	2	2	shell
OG_03376	2	2	shell
OG_03377	2	2	shell
OG_03378	2	2	shell
OG_03379	2	2	shell
OG_03380	2	2	shell
OG_03381	2	2	shell
OG_03382	2	2	shell
OG_03383	2	2	shell
OG_03384	2	2	shell
OG_03385	2	2	shell
OG_03386	2	2	shell
OG_03387	2	2	shell
OG_03388	2	2	shell
OG_03389	2	2	shell
OG_03390	2	2	shell
OG_03391	2	2	shell
OG_03392	2	2	shell
OG_03393	2	2	shell
OG_03394	2	2	shell
OG_03395	2	2	shell
OG_03396	2	2	shell
OG_03397	2	2	shell
OG_03398	2	2	shell
OG_03399	2	2	shell
OG_03400	2	2	shell
OG_03401	2	2	shell
OG_03402	2	2	shell
OG_03403	2	2	shell
OG_03404	2	2	shell
OG_03405	2	2	shell
OG_03406	2	2	shell
OG_03407	2	2	shell
OG_03408	2	2	shell
OG_03409	2	2	shell
OG_03410	2	2	shell
OG_03411	2	2	shell
OG_03412	2	2	shell
OG_03413	2	2	shell
OG_03414	2	2	shell
OG_03415	2	2	shell
OG_03416	2	2	shell
OG_03417	2	2	shell
OG_03418	2	2	shell
OG_03419	2	2	shell
OG_03420	2	2	shell
OG_03421	2	2	shell
OG_03422	2	2	shell
OG_03423	2	2	shell
OG_03424	2	2	shell
OG_03425	2	2	shell
OG_03426	2	2	shell
OG_03427	2	2	shell
OG_03428	2	2	shell
OG_03429	2	2	shell
OG_03430	2	2	shell
OG_03431	2	2	shell
OG_03432	2	2	shell
OG_03433	2	2	shell
OG_03434	2	2	shell
OG_03435	2	2	shell
OG_03436	2	2	shell
OG_03437	2	2	shell
OG_03438	2	2	shell
OG_03439	2	2	shell
OG_03440	2	2	shell
OG_03441	2	2	shell
OG_03442	2	2	shell
OG_03443	2	2	shell
OG_03444	2	2	shell
OG_03445	2	2	shell
OG_03446	2	2	shell
OG_03447	2	2	shell
OG_03448	2	2	shell
OG_03449	2	2	shell
OG_03450	2	2	shell
OG_03451	2	2	shell
OG_03452	2	2	shell
OG_03453	2	2	shell
OG_03454	2	2	shell
OG_03455	2	2	shell
OG_03456	2	2	shell
OG_03457	2	2	shell
OG_03458	2	2	shell
OG_03459	2	2	shell
OG_03460	2	2	shell
OG_03461	2	2	shell
OG_03462	2	2	shell
OG_03463	2	2	shell
OG_03464	2	2	shell
OG_03465	2	2	shell
OG_03466	2	2	shell
OG_03467	2	2	shell
OG_03468	2	2	shell
OG_03469	2	2	shell
OG_03470	2	2	shell
OG_03471	2	2	shell
OG_03472	2	2	shell
OG_03473	2	2	shell
OG_03474	2	2	shell
OG_03475	2	2	shell
OG_03476	2	2	shell
OG_03477	2	2	shell
OG_03478	2	2	shell
OG_03479	2	2	shell
OG_03480	2	2	shell
OG_03481	2	2	shell
OG_03482	2	2	shell
OG_03483	2	2	shell
OG_03484	2	2	shell
OG_03485	2	2	shell
OG_03486	2	2	shell
OG_03487	2	2	shell
OG_03488	2	2	shell
OG_03489	2	2	shell
OG_03490	2	2	shell
OG_03491	2	2	shell
OG_03492	2	2	shell
OG_03493	2	2	shell
OG_03494	2	2	shell
OG_03495	2	2	shell
OG_03496	2	2	shell
OG_03497	2	2	shell
OG_03498	2	2	shell
OG_03499	2	2	shell
OG_03500	2	2	shell
OG_03501	2	2	shell
OG_03502	2	2	shell
OG_03503	2	2	shell
OG_03504	2	2	shell
OG_03505	2	2	shell
OG_03506	2	2	shell
OG_03507	2	2	shell
OG_03508	2	2	shell
OG_03509	2	2	shell
OG_03510	2	2	shell
OG_03511	2	2	shell
OG_03512	2	2	shell
OG_03513	2	2	shell
OG_03514	2	2	shell
OG_03515	2	2	shell
OG_03516	2	2	shell
OG_03517	2	2	shell
OG_03518	2	2	shell
OG_03519	2	2	shell
OG_03520	2	2	shell
OG_03521	2	2	shell
OG_03522	2	2	shell
OG_03523	2	2	shell
OG_03524	2	2	shell
OG_03525	2	2	shell
OG_03526	2	2	shell
OG_03527	2	2	shell
OG_03528	2	2	shell
OG_03529	2	2	shell
OG_03530	2	2	shell
OG_03531	2	2	shell
OG_03532	2	2	shell
OG_03533	2	2	shell
OG_03534	2	2	shell
OG_03535	2	2	shell
OG_03536	2	2	shell
OG_03537	2	2	shell
OG_03538	2	2	shell
OG_03539	2	2	shell
OG_03540	2	2	shell
OG_03541	2	2	shell
OG_03542	2	2	shell
OG_03543	2	2	shell
OG_03544	2	2	shell
OG_03545	2	2	shell
OG_03546	2	2	shell
OG_03547	2	2	shell
OG_03548	2	2	shell
OG_03549	2	2	shell
OG_03550	2	2	shell
OG_03551	2	2	shell
OG_03552	2	2	shell
OG_03553	2	2	shell
OG_03554	2	2	shell
OG_03555	2	2	shell
OG_03556	2	2	shell
OG_03557	2	2	shell
OG_03558	2	2	shell
OG_03559	2	2	shell
OG_03560	2	2	shell
OG_03561	2	2	shell
OG_03562	2	2	shell
OG_03563	2	2	shell
OG_03564	2	2	shell
OG_03565	2	2	shell
OG_03566	2	2	shell
OG_03567	2	2	shell
OG_03568	2	2	shell
OG_03569	2	2	shell
OG_03570	2	2	shell
OG_03571	2	2	shell
OG_03572	2	2	shell
OG_03573	2	2	shell
OG_03574	1	1	unique
OG_03575	1	1	unique
OG_03576	1	1	unique
OG_03577	1	1	unique
OG_03578	1	1	unique
OG_03579	1	1	unique
OG_03580	1	1	unique
OG_03581	1	1	unique
OG_03582	1	1	unique
OG_03583	1	1	unique
OG_03584	1	1	unique
OG_03585	1	1	unique
OG_03586	1	1	unique
OG_03587	1	1	unique
OG_03588	1	1	unique
OG_03589	1	1	unique
OG_03590	1	1	unique
OG_03591	1	1	unique
OG_03592	1	1	unique
OG_03593	1	1	unique
OG_03594	1	1	unique
OG_03595	1	1	unique
OG_03596	1	1	unique
OG_03597	1	1	unique
OG_03598	1	1	unique
OG_03599	1	1	unique
OG_03600	1	1	unique
OG_03601	1	1	unique
OG_03602	1	1	unique
OG_03603	1	1	unique
OG_03604	1	1	unique
OG_03605	1	1	unique
OG_03606	1	1	unique
OG_03607	1	1	unique
OG_03608	1	1	unique
OG_03609	1	1	unique
OG_03610	1	1	unique
OG_03611	1	1	unique
OG_03612	1	1	unique
OG_03613	1	1	unique
OG_03614	1	1	unique
OG_03615	1	1	unique
OG_03616	1	1	unique
OG_03617	1	1	unique
OG_03618	1	1	unique
OG_03619	1	1	unique
OG_03620	1	1	unique
OG_03621	1	1	unique
OG_03622	1	1	unique
OG_03623	1	1	unique
OG_03624	1	1	unique
OG_03625	1	1	unique
OG_03626	1	1	unique
OG_03627	1	1	unique
OG_03628	1	1	unique
OG_03629	1	1	unique
OG_03630	1	1	unique
OG_03631	1	1	unique
OG_03632	1	1	unique
OG_03633	1	1	unique
OG_03634	1	1	unique
OG_03635	1	1	unique
OG_03636	1	1	unique
OG_03637	1	1	unique
OG_03638	1	1	unique
OG_03639	1	1	unique
OG_03640	1	1	unique
OG_03641	1	1	unique
OG_03642	1	1	unique
OG_03643	1	1	unique
OG_03644	1	1	unique
OG_03645	1	1	unique
OG_03646	1	1	unique
OG_03647	1	1	unique
OG_03648	1	1	unique
OG_03649	1	1	unique
OG_03650	1	1	unique
OG_03651	1	1	unique
OG_03652	1	1	unique
OG_03653	1	1	unique
OG_03654	1	1	unique
OG_03655	1	1	unique
OG_03656	1	1	unique
OG_03657	1	1	unique
OG_03658	1	1	unique
OG_03659	1	1	unique
OG_03660	1	1	unique
OG_03661	1	1	unique
OG_03662	1	1	unique
OG_03663	1	1	unique
OG_03664	1	1	unique
OG_03665	1	1	unique
OG_03666	1	1	unique
OG_03667	1	1	unique
OG_03668	1	1	unique
OG_03669	1	1	unique
OG_03670	1	1	unique
OG_03671	1	1	unique
OG_03672	1	1	unique
OG_03673	1	1	unique
OG_03674	1	1	unique
OG_03675	1	1	unique
OG_03676	1	1	unique
OG_03677	1	1	unique
OG_03678	1	1	unique
OG_03679	1	1	unique
OG_03680	1	1	unique
OG_03681	1	1	unique
OG_03682	1	1	unique
OG_03683	1	1	unique
OG_03684	1	1	unique
OG_03685	1	1	unique
OG_03686	1	1	unique
OG_03687	1	1	unique
OG_03688	1	1	unique
OG_03689	1	1	unique
OG_03690	1	1	unique
OG_03691	1	1	unique
OG_03692	1	1	unique
OG_03693	1	1	unique
OG_03694	1	1	unique
OG_03695	1	1	unique
OG_03696	1	1	unique
OG_03697	1	1	unique
OG_03698	1	1	unique
OG_03699	1	1	unique
OG_03700	1	1	unique
OG_03701	1	1	unique
OG_03702	1	1	unique
OG_03703	1	1	unique
OG_03704	1	1	unique
OG_03705	1	1	unique
OG_03706	1	1	unique
OG_03707	1	1	unique
OG_03708	1	1	unique
OG_03709	1	1	unique
OG_03710	1	1	unique
OG_03711	1	1	unique
OG_03712	1	1	unique
OG_03713	1	1	unique
OG_03714	1	1	unique
OG_03715	1	1	unique
OG_03716	1	1	unique
OG_03717	1	1	unique
OG_03718	1	1	unique
OG_03719	1	1	unique
OG_03720	1	1	unique
OG_03721	1	1	unique
OG_03722	1	1	unique
OG_03723	1	1	unique
OG_03724	1	1	unique
OG_03725	1	1	unique
OG_03726	1	1	unique
OG_03727	1	1	unique
OG_03728	1	1	unique
OG_03729	1	1	unique
OG_03730	1	1	unique
OG_03731	1	1	unique
OG_03732	1	1	unique
OG_03733	1	1	unique
OG_03734	1	1	unique
OG_03735	1	1	unique
OG_03736	1	1	unique
OG_03737	1	1	unique
OG_03738	1	1	unique
OG_03739	1	1	unique
OG_03740	1	1	unique
OG_03741	1	1	unique
OG_03742	1	1	unique
OG_03743	1	1	unique
OG_03744	1	1	unique
OG_03745	1	1	unique
OG_03746	1	1	unique
OG_03747	1	1	unique
OG_03748	1	1	unique
OG_03749	1	1	unique
OG_03750	1	1	unique
OG_03751	1	1	unique
OG_03752	1	1	unique
OG_03753	1	1	unique
OG_03754	1	1	unique
OG_03755	1	1	unique
OG_03756	1	1	unique
OG_03757	1	1	unique
OG_03758	1	1	unique
OG_03759	1	1	unique
OG_03760	1	1	unique
OG_03761	1	1	unique
OG_03762	1	1	unique
OG_03763	1	1	unique
OG_03764	1	1	unique
OG_03765	1	1	unique
OG_03766	1	1	unique
OG_03767	1	1	unique
OG_03768	1	1	unique
OG_03769	1	1	unique
OG_03770	1	1	unique
OG_03771	1	1	unique
OG_03772	1	1	unique
OG_03773	1	1	unique
OG_03774	1	1	unique
OG_03775	1	1	unique
OG_03776	1	1	unique
OG_03777	1	1	unique
OG_03778	1	1	unique
OG_03779	1	1	unique
OG_03780	1	1	unique
OG_03781	1	1	unique
OG_03782	1	1	unique
OG_03783	1	1	unique
OG_03784	1	1	unique
OG_03785	1	1	unique
OG_03786	1	1	unique
OG_03787	1	1	unique
OG_03788	1	1	unique
OG_03789	1	1	unique
OG_03790	1	1	unique
OG_03791	1	1	unique
OG_03792	1	1	unique
OG_03793	1	1	unique
OG_03794	1	1	unique
OG_03795	1	1	unique
OG_03796	1	1	unique
OG_03797	1	1	unique
OG_03798	1	1	unique
OG_03799	1	1	unique
OG_03800	1	1	unique
OG_03801	1	1	unique
OG_03802	1	1	unique
OG_03803	1	1	unique
OG_03804	1	1	unique
OG_03805	1	1	unique
OG_03806	1	1	unique
OG_03807	1	1	unique
OG_03808	1	1	unique
OG_03809	1	1	unique
OG_03810	1	1	unique
OG_03811	1	1	unique
OG_03812	1	1	unique
OG_03813	1	1	unique
OG_03814	1	1	unique
OG_03815	1	1	unique
OG_03816	1	1	unique
OG_03817	1	1	unique
OG_03818	1	1	unique
OG_03819	1	1	unique
OG_03820	1	1	unique
OG_03821	1	1	unique
OG_03822	1	1	unique
OG_03823	1	1	unique
OG_03824	1	1	unique
OG_03825	1	1	unique
OG_03826	1	1	unique
OG_03827	1	1	unique
OG_03828	1	1	unique
OG_03829	1	1	unique
OG_03830	1	1	unique
OG_03831	1	1	unique
OG_03832	1	1	unique
OG_03833	1	1	unique
OG_03834	1	1	unique
OG_03835	1	1	unique
OG_03836	1	1	unique
OG_03837	1	1	unique
OG_03838	1	1	unique
OG_03839	1	1	unique
OG_03840	1	1	unique
OG_03841	1	1	unique
OG_03842	1	1	unique
OG_03843	1	1	unique
OG_03844	1	1	unique
OG_03845	1	1	unique
OG_03846	1	1	unique
OG_03847	1	1	unique
OG_03848	1	1	unique
OG_03849	1	1	unique
OG_03850	1	1	unique
OG_03851	1	1	unique
OG_03852	1	1	unique
OG_03853	1	1	unique
OG_03854	1	1	unique
OG_03855	1	1	unique
OG_03856	1	1	unique
OG_03857	1	1	unique
OG_03858	1	1	unique
OG_03859	1	1	unique
OG_03860	1	1	unique
OG_03861	1	1	unique
OG_03862	1	1	unique
OG_03863	1	1	unique
OG_03864	1	1	unique
OG_03865	1	1	unique
OG_03866	1	1	unique
OG_03867	1	1	unique
OG_03868	1	1	unique
OG_03869	1	1	unique
OG_03870	1	1	unique
OG_03871	1	1	unique
OG_03872	1	1	unique
OG_03873	1	1	unique
OG_03874	1	1	unique
OG_03875	1	1	unique
OG_03876	1	1	unique
OG_03877	1	1	unique
OG_03878	1	1	unique
OG_03879	1	1	unique
OG_03880	1	1	unique
OG_03881	1	1	unique
OG_03882	1	1	unique
OG_03883	1	1	unique
OG_03884	1	1	unique
OG_03885	1	1	unique
OG_03886	1	1	unique
OG_03887	1	1	unique
OG_03888	1	1	unique
OG_03889	1	1	unique
OG_03890	1	1	unique
OG_03891	1	1	unique
OG_03892	1	1	unique
OG_03893	1	1	unique
OG_03894	1	1	unique
OG_03895	1	1	unique
OG_03896	1	1	unique
OG_03897	1	1	unique
OG_03898	1	1	unique
OG_03899	1	1	unique
OG_03900	1	1	unique
OG_03901	1	1	unique
OG_03902	1	1	unique
OG_03903	1	1	unique
OG_03904	1	1	unique
OG_03905	1	1	unique
OG_03906	1	1	unique
OG_03907	1	1	unique
OG_03908	1	1	unique
OG_03909	1	1	unique
OG_03910	1	1	unique
OG_03911	1	1	unique
OG_03912	1	1	unique
OG_03913	1	1	unique
OG_03914	1	1	unique
OG_03915	1	1	unique
OG_03916	1	1	unique
OG_03917	1	1	unique
OG_03918	1	1	unique
OG_03919	1	1	unique
OG_03920	1	1	unique
OG_03921	1	1	unique
OG_03922	1	1	unique
OG_03923	1	1	unique
OG_03924	1	1	unique
OG_03925	1	1	unique
OG_03926	1	1	unique
OG_03927	1	1	unique
OG_03928	1	1	unique
OG_03929	1	1	unique
OG_03930	1	1	unique
OG_03931	1	1	unique
OG_03932	1	1	unique
OG_03933	1	1	unique
OG_03934	1	1	unique
OG_03935	1	1	unique
OG_03936	1	1	unique
OG_03937	1	1	unique
OG_03938	1	1	unique
OG_03939	1	1	unique
OG_03940	1	1	unique
OG_03941	1	1	unique
OG_03942	1	1	unique
OG_03943	1	1	unique
OG_03944	1	1	unique
OG_03945	1	1	unique
OG_03946	1	1	unique
OG_03947	1	1	unique
OG_03948	1	1	unique
OG_03949	1	1	unique
OG_03950	1	1	unique
OG_03951	1	1	unique
OG_03952	1	1	unique
OG_03953	1	1	unique
OG_03954	1	1	unique
OG_03955	1	1	unique
OG_03956	1	1	unique
OG_03957	1	1	unique
OG_03958	1	1	unique
OG_03959	1	1	unique
OG_03960	1	1	unique
OG_03961	1	1	unique
OG_03962	1	1	unique
OG_03963	1	1	unique
OG_03964	1	1	unique
OG_03965	1	1	unique
OG_03966	1	1	unique
OG_03967	1	1	unique
OG_03968	1	1	unique
OG_03969	1	1	unique
OG_03970	1	1	unique
OG_03971	1	1	unique
OG_03972	1	1	unique
OG_03973	1	1	unique
OG_03974	1	1	unique
OG_03975	1	1	unique
OG_03976	1	1	unique
OG_03977	1	1	unique
OG_03978	1	1	unique
OG_03979	1	1	unique
OG_03980	1	1	unique
OG_03981	1	1	unique
OG_03982	1	1	unique
OG_03983	1	1	unique
OG_03984	1	1	unique
OG_03985	1	1	unique
OG_03986	1	1	unique
OG_03987	1	1	unique
OG_03988	1	1	unique
OG_03989	1	1	unique
OG_03990	1	1	unique
OG_03991	1	1	unique
OG_03992	1	1	unique
OG_03993	1	1	unique
OG_03994	1	1	unique
OG_03995	1	1	unique
OG_03996	1	1	unique
OG_03997	1	1	unique
OG_03998	1	1	unique
OG_03999	1	1	unique
OG_04000	1	1	unique
OG_04001	1	1	unique
OG_04002	1	1	unique
OG_04003	1	1	unique
OG_04004	1	1	unique
OG_04005	1	1	unique
OG_04006	1	1	unique
OG_04007	1	1	unique
OG_04008	1	1	unique
OG_04009	1	1	unique
OG_04010	1	1	unique
OG_04011	1	1	unique
OG_04012	1	1	unique
OG_04013	1	1	unique
OG_04014	1	1	unique
OG_04015	1	1	unique
OG_04016	1	1	unique
OG_04017	1	1	unique
OG_04018	1	1	unique
OG_04019	1	1	unique
OG_04020	1	1	unique
OG_04021	1	1	unique
OG_04022	1	1	unique
OG_04023	1	1	unique
OG_04024	1	1	unique
OG_04025	1	1	unique
OG_04026	1	1	unique
OG_04027	1	1	unique
OG_04028	1	1	unique
OG_04029	1	1	unique
OG_04030	1	1	unique
OG_04031	1	1	unique
OG_04032	1	1	unique
OG_04033	1	1	unique
OG_04034	1	1	unique
OG_04035	1	1	unique
OG_04036	1	1	unique
OG_04037	1	1	unique
OG_04038	1	1	unique
OG_04039	1	1	unique
OG_04040	1	1	unique
OG_04041	1	1	unique
OG_04042	1	1	unique
OG_04043	1	1	unique
OG_04044	1	1	unique
OG_04045	1	1	unique
OG_04046	1	1	unique
OG_04047	1	1	unique
OG_04048	1	1	unique
OG_04049	1	1	unique
OG_04050	1	1	unique
OG_04051	1	1	unique
OG_04052	1	1	unique
OG_04053	1	1	unique
OG_04054	1	1	unique
OG_04055	1	1	unique
OG_04056	1	1	unique
OG_04057	1	1	unique
OG_04058	1	1	unique
OG_04059	1	1	unique
OG_04060	1	1	unique
OG_04061	1	1	unique
OG_04062	1	1	unique
OG_04063	1	1	unique
OG_04064	1	1	unique
OG_04065	1	1	unique
OG_04066	1	1	unique
OG_04067	1	1	unique
OG_04068	1	1	unique
OG_04069	1	1	unique
OG_04070	1	1	unique
OG_04071	1	1	unique
OG_04072	1	1	unique
OG_04073	1	1	unique
OG_04074	1	1	unique
OG_04075	1	1	unique
OG_04076	1	1	unique
OG_04077	1	1	unique
OG_04078	1	1	unique
OG_04079	1	1	unique
OG_04080	1	1	unique
OG_04081	1	1	unique
OG_04082	1	1	unique
OG_04083	1	1	unique
OG_04084	1	1	unique
OG_04085	1	1	unique
OG_04086	1	1	unique
OG_04087	1	1	unique
OG_04088	1	1	unique
OG_04089	1	1	unique
OG_04090	1	1	unique
OG_04091	1	1	unique
OG_04092	1	1	unique
OG_04093	1	1	unique
OG_04094	1	1	unique
OG_04095	1	1	unique
OG_04096	1	1	unique
OG_04097	1	1	unique
OG_04098	1	1	unique
OG_04099	1	1	unique
OG_04100	1	1	unique
OG_04101	1	1	unique
OG_04102	1	1	unique
OG_04103	1	1	unique
OG_04104	1	1	unique
OG_04105	1	1	unique
OG_04106	1	1	unique
OG_04107	1	1	unique
OG_04108	1	1	unique
OG_04109	1	1	unique
OG_04110	1	1	unique
OG_04111	1	1	unique
OG_04112	1	1	unique
OG_04113	1	1	unique
OG_04114	1	1	unique
OG_04115	1	1	unique
OG_04116	1	1	unique
OG_04117	1	1	unique
OG_04118	1	1	unique
OG_04119	1	1	unique
OG_04120	1	1	unique
OG_04121	1	1	unique
OG_04122	1	1	unique
OG_04123	1	1	unique
OG_04124	1	1	unique
OG_04125	1	1	unique
OG_04126	1	1	unique
OG_04127	1	1	unique
OG_04128	1	1	unique
OG_04129	1	1	unique
OG_04130	1	1	unique
OG_04131	1	1	unique
OG_04132	1	1	unique
OG_04133	1	1	unique
OG_04134	1	1	unique
OG_04135	1	1	unique
OG_04136	1	1	unique
OG_04137	1	1	unique
OG_04138	1	1	unique
OG_04139	1	1	unique
OG_04140	1	1	unique
OG_04141	1	1	unique
OG_04142	1	1	unique
OG_04143	1	1	unique
OG_04144	1	1	unique
OG_04145	1	1	unique
OG_04146	1	1	unique
OG_04147	1	1	unique
OG_04148	1	1	unique
OG_04149	1	1	unique
OG_04150	1	1	unique
OG_04151	1	1	unique
OG_04152	1	1	unique
OG_04153	1	1	unique
OG_04154	1	1	unique
OG_04155	1	1	unique
OG_04156	1	1	unique
OG_04157	1	1	unique
OG_04158	1	1	unique
OG_04159	1	1	unique
OG_04160	1	1	unique
OG_04161	1	1	unique
OG_04162	1	1	unique
OG_04163	1	1	unique
OG_04164	1	1	unique
OG_04165	1	1	unique
OG_04166	1	1	unique
OG_04167	1	1	unique
OG_04168	1	1	unique
OG_04169	1	1	unique
OG_04170	1	1	unique
OG_04171	1	1	unique
OG_04172	1	1	unique
OG_04173	1	1	unique
OG_04174	1	1	unique
OG_04175	1	1	unique
OG_04176	1	1	unique
OG_04177	1	1	unique
OG_04178	1	1	unique
OG_04179	1	1	unique
OG_04180	1	1	unique
OG_04181	1	1	unique
OG_04182	1	1	unique
OG_04183	1	1	unique
OG_04184	1	1	unique
OG_04185	1	1	unique
OG_04186	1	1	unique
OG_04187	1	1	unique
OG_04188	1	1	unique
OG_04189	1	1	unique
OG_04190	1	1	unique
OG_04191	1	1	unique
OG_04192	1	1	unique
OG_04193	1	1	unique
OG_04194	1	1	unique
OG_04195	1	1	unique
OG_04196	1	1	unique
OG_04197	1	1	unique
OG_04198	1	1	unique
OG_04199	1	1	unique
OG_04200	1	1	unique
OG_04201	1	1	unique
OG_04202	1	1	unique
OG_04203	1	1	unique
OG_04204	1	1	unique
OG_04205	1	1	unique
OG_04206	1	1	unique
OG_04207	1	1	unique
OG_04208	1	1	unique
OG_04209	1	1	unique
OG_04210	1	1	unique
OG_04211	1	1	unique
OG_04212	1	1	unique
OG_04213	1	1	unique
OG_04214	1	1	unique
OG_04215	1	1	unique
OG_04216	1	1	unique
OG_04217	1	1	unique
OG_04218	1	1	unique
OG_04219	1	1	unique
OG_04220	1	1	unique
OG_04221	1	1	unique
OG_04222	1	1	unique
OG_04223	1	1	unique
OG_04224	1	1	unique
OG_04225	1	1	unique
OG_04226	1	1	unique
OG_04227	1	1	unique
OG_04228	1	1	unique
OG_04229	1	1	unique
OG_04230	1	1	unique
OG_04231	1	1	unique
OG_04232	1	1	unique
OG_04233	1	1	unique
OG_04234	1	1	unique
OG_04235	1	1	unique
OG_04236	1	1	unique
OG_04237	1	1	unique
OG_04238	1	1	unique
OG_04239	1	1	unique
OG_04240	1	1	unique
OG_04241	1	1	unique
OG_04242	1	1	unique
OG_04243	1	1	unique
OG_04244	1	1	unique
OG_04245	1	1	unique
OG_04246	1	1	unique
OG_04247	1	1	unique
OG_04248	1	1	unique
OG_04249	1	1	unique
OG_04250	1	1	unique
OG_04251	1	1	unique
OG_04252	1	1	unique
OG_04253	1	1	unique
OG_04254	1	1	unique
OG_04255	1	1	unique
OG_04256	1	1	unique
OG_04257	1	1	unique
OG_04258	1	1	unique
OG_04259	1	1	unique
OG_04260	1	1	unique
OG_04261	1	1	unique
OG_04262	1	1	unique
OG_04263	1	1	unique
OG_04264	1	1	unique
OG_04265	1	1	unique
OG_04266	1	1	unique
OG_04267	1	1	unique
OG_04268	1	1	unique
OG_04269	1	1	unique
OG_04270	1	1	unique
OG_04271	1	1	unique
OG_04272	1	1	unique
OG_04273	1	1	unique
OG_04274	1	1	unique
OG_04275	1	1	unique
OG_04276	1	1	unique
OG_04277	1	1	unique
OG_04278	1	1	unique
OG_04279	1	1	unique
OG_04280	1	1	unique
OG_04281	1	1	unique
OG_04282	1	1	unique
OG_04283	1	1	unique
OG_04284	1	1	unique
OG_04285	1	1	unique
OG_04286	1	1	unique
OG_04287	1	1	unique
OG_04288	1	1	unique
OG_04289	1	1	unique
OG_04290	1	1	unique
OG_04291	1	1	unique
OG_04292	1	1	unique
OG_04293	1	1	unique
OG_04294	1	1	unique
OG_04295	1	1	unique
OG_04296	1	1	unique
OG_04297	1	1	unique
OG_04298	1	1	unique
OG_04299	1	1	unique
OG_04300	1	1	unique
OG_04301	1	1	unique
OG_04302	1	1	unique
OG_04303	1	1	unique
OG_04304	1	1	unique
OG_04305	1	1	unique
OG_04306	1	1	unique
OG_04307	1	1	unique
OG_04308	1	1	unique
OG_04309	1	1	unique
OG_04310	1	1	unique
OG_04311	1	1	unique
OG_04312	1	1	unique
OG_04313	1	1	unique
OG_04314	1	1	unique
OG_04315	1	1	unique
OG_04316	1	1	unique
OG_04317	1	1	unique
OG_04318	1	1	unique
OG_04319	1	1	unique
OG_04320	1	1	unique
OG_04321	1	1	unique
OG_04322	1	1	unique
OG_04323	1	1	unique
OG_04324	1	1	unique
OG_04325	1	1	unique
OG_04326	1	1	unique
OG_04327	1	1	unique
OG_04328	1	1	unique
OG_04329	1	1	unique
OG_04330	1	1	unique
OG_04331	1	1	unique
OG_04332	1	1	unique
OG_04333	1	1	unique
OG_04334	1	1	unique
OG_04335	1	1	unique
OG_04336	1	1	unique
OG_04337	1	1	unique
OG_04338	1	1	unique
OG_04339	1	1	unique
OG_04340	1	1	unique
OG_04341	1	1	unique
OG_04342	1	1	unique
OG_04343	1	1	unique
OG_04344	1	1	unique
OG_04345	1	1	unique
OG_04346	1	1	unique
OG_04347	1	1	unique
OG_04348	1	1	unique
OG_04349	1	1	unique
OG_04350	1	1	unique
OG_04351	1	1	unique
OG_04352	1	1	unique
OG_04353	1	1	unique
OG_04354	1	1	unique
OG_04355	1	1	unique
OG_04356	1	1	unique
OG_04357	1	1	unique
OG_04358	1	1	unique
OG_04359	1	1	unique
OG_04360	1	1	unique
OG_04361	1	1	unique
OG_04362	1	1	unique
OG_04363	1	1	unique
OG_04364	1	1	unique
OG_04365	1	1	unique
OG_04366	1	1	unique
OG_04367	1	1	unique
OG_04368	1	1	unique
OG_04369	1	1	unique
OG_04370	1	1	unique
OG_04371	1	1	unique
OG_04372	1	1	unique
OG_04373	1	1	unique
OG_04374	1	1	unique
OG_04375	1	1	unique
OG_04376	1	1	unique
OG_04377	1	1	unique
OG_04378	1	1	unique
OG_04379	1	1	unique
OG_04380	1	1	unique
OG_04381	1	1	unique
OG_04382	1	1	unique
OG_04383	1	1	unique
OG_04384	1	1	unique
OG_04385	1	1	unique
OG_04386	1	1	unique
OG_04387	1	1	unique
OG_04388	1	1	unique
OG_04389	1	1	unique
OG_04390	1	1	unique
OG_04391	1	1	unique
OG_04392	1	1	unique
OG_04393	1	1	unique
OG_04394	1	1	unique
OG_04395	1	1	unique
OG_04396	1	1	unique
OG_04397	1	1	unique
OG_04398	1	1	unique
OG_04399	1	1	unique
OG_04400	1	1	unique
OG_04401	1	1	unique
OG_04402	1	1	unique
OG_04403	1	1	unique
OG_04404	1	1	unique
OG_04405	1	1	unique
OG_04406	1	1	unique
OG_04407	1	1	unique
OG_04408	1	1	unique
OG_04409	1	1	unique
OG_04410	1	1	unique
OG_04411	1	1	unique
OG_04412	1	1	unique
OG_04413	1	1	unique
OG_04414	1	1	unique
OG_04415	1	1	unique
OG_04416	1	1	unique
OG_04417	1	1	unique
OG_04418	1	1	unique
OG_04419	1	1	unique
OG_04420	1	1	unique
OG_04421	1	1	unique
OG_04422	1	1	unique
OG_04423	1	1	unique
OG_04424	1	1	unique
OG_04425	1	1	unique
OG_04426	1	1	unique
OG_04427	1	1	unique
OG_04428	1	1	unique
OG_04429	1	1	unique
OG_04430	1	1	unique
OG_04431	1	1	unique
OG_04432	1	1	unique
OG_04433	1	1	unique
OG_04434	1	1	unique
OG_04435	1	1	unique
OG_04436	1	1	unique
OG_04437	1	1	unique
OG_04438	1	1	unique
OG_04439	1	1	unique
OG_04440	1	1	unique
OG_04441	1	1	unique
OG_04442	1	1	unique
OG_04443	1	1	unique
OG_04444	1	1	unique
OG_04445	1	1	unique
OG_04446	1	1	unique
OG_04447	1	1	unique
OG_04448	1	1	unique
OG_04449	1	1	unique
OG_04450	1	1	unique
OG_04451	1	1	unique
OG_04452	1	1	unique
OG_04453	1	1	unique
OG_04454	1	1	unique
OG_04455	1	1	unique
OG_04456	1	1	unique
OG_04457	1	1	unique
OG_04458	1	1	unique
OG_04459	1	1	unique
OG_04460	1	1	unique
OG_04461	1	1	unique
OG_04462	1	1	unique
OG_04463	1	1	unique
OG_04464	1	1	unique
OG_04465	1	1	unique
OG_04466	1	1	unique
OG_04467	1	1	unique
OG_04468	1	1	unique
OG_04469	1	1	unique
OG_04470	1	1	unique
OG_04471	1	1	unique
OG_04472	1	1	unique
OG_04473	1	1	unique
OG_04474	1	1	unique
OG_04475	1	1	unique
OG_04476	1	1	unique
OG_04477	1	1	unique
OG_04478	1	1	unique
OG_04479	1	1	unique
OG_04480	1	1	unique
OG_04481	1	1	unique
OG_04482	1	1	unique
OG_04483	1	1	unique
OG_04484	1	1	unique
OG_04485	1	1	unique
OG_04486	1	1	unique
OG_04487	1	1	unique
OG_04488	1	1	unique
OG_04489	1	1	unique
OG_04490	1	1	unique
OG_04491	1	1	unique
OG_04492	1	1	unique
OG_04493	1	1	unique
OG_04494	1	1	unique
OG_04495	1	1	unique
OG_04496	1	1	unique
OG_04497	1	1	unique
OG_04498	1	1	unique
OG_04499	1	1	unique
OG_04500	1	1	unique
OG_04501	1	1	unique
OG_04502	1	1	unique
OG_04503	1	1	unique
OG_04504	1	1	unique
OG_04505	1	1	unique
OG_04506	1	1	unique
OG_04507	1	1	unique
OG_04508	1	1	unique
OG_04509	1	1	unique
OG_04510	1	1	unique
OG_04511	1	1	unique
OG_04512	1	1	unique
OG_04513	1	1	unique
OG_04514	1	1	unique
OG_04515	1	1	unique
OG_04516	1	1	unique
OG_04517	1	1	unique
OG_04518	1	1	unique
OG_04519	1	1	unique
OG_04520	1	1	unique
OG_04521	1	1	unique
OG_04522	1	1	unique
OG_04523	1	1	unique
OG_04524	1	1	unique
OG_04525	1	1	unique
OG_04526	1	1	unique
OG_04527	1	1	unique
OG_04528	1	1	unique
OG_04529	1	1	unique
OG_04530	1	1	unique
OG_04531	1	1	unique
OG_04532	1	1	unique
OG_04533	1	1	unique
OG_04534	1	1	unique
OG_04535	1	1	unique
OG_04536	1	1	unique
OG_04537	1	1	unique
OG_04538	1	1	unique
OG_04539	1	1	unique
OG_04540	1	1	unique
OG_04541	1	1	unique
OG_04542	1	1	unique
OG_04543	1	1	unique
OG_04544	1	1	unique
OG_04545	1	1	unique
OG_04546	1	1	unique
OG_04547	1	1	unique
OG_04548	1	1	unique
OG_04549	1	1	unique
OG_04550	1	1	unique
OG_04551	1	1	unique
OG_04552	1	1	unique
OG_04553	1	1	unique
OG_04554	1	1	unique
OG_04555	1	1	unique
OG_04556	1	1	unique
OG_04557	1	1	unique
OG_04558	1	1	unique
OG_04559	1	1	unique
OG_04560	1	1	unique
OG_04561	1	1	unique
OG_04562	1	1	unique
OG_04563	1	1	unique
OG_04564	1	1	unique
OG_04565	1	1	unique
OG_04566	1	1	unique
OG_04567	1	1	unique
OG_04568	1	1	unique
OG_04569	1	1	unique
OG_04570	1	1	unique
OG_04571	1	1	unique
OG_04572	1	1	unique
OG_04573	1	1	unique
OG_04574	1	1	unique
OG_04575	1	1	unique
OG_04576	1	1	unique
OG_04577	1	1	unique
OG_04578	1	1	unique
OG_04579	1	1	unique
OG_04580	1	1	unique
OG_04581	1	1	unique
OG_04582	1	1	unique
OG_04583	1	1	unique
OG_04584	1	1	unique
OG_04585	1	1	unique
OG_04586	1	1	unique
OG_04587	1	1	unique
OG_04588	1	1	unique
OG_04589	1	1	unique
OG_04590	1	1	unique
OG_04591	1	1	unique
OG_04592	1	1	unique
OG_04593	1	1	unique
OG_04594	1	1	unique
OG_04595	1	1	unique
OG_04596	1	1	unique
OG_04597	1	1	unique
OG_04598	1	1	unique
OG_04599	1	1	unique
OG_04600	1	1	unique
OG_04601	1	1	unique
OG_04602	1	1	unique
OG_04603	1	1	unique
OG_04604	1	1	unique
OG_04605	1	1	unique
OG_04606	1	1	unique
OG_04607	1	1	unique
OG_04608	1	1	unique
OG_04609	1	1	unique
OG_04610	1	1	unique
OG_04611	1	1	unique
OG_04612	1	1	unique
OG_04613	1	1	unique
OG_04614	1	1	unique
OG_04615	1	1	unique
OG_04616	1	1	unique
OG_04617	1	1	unique
OG_04618	1	1	unique
OG_04619	1	1	unique
OG_04620	1	1	unique
OG_04621	1	1	unique
OG_04622	1	1	unique
OG_04623	1	1	unique
OG_04624	1	1	unique
OG_04625	1	1	unique
OG_04626	1	1	unique
OG_04627	1	1	unique
OG_04628	1	1	unique
OG_04629	1	1	unique
OG_04630	1	1	unique
OG_04631	1	1	unique
OG_04632	1	1	unique
OG_04633	1	1	unique
OG_04634	1	1	unique
OG_04635	1	1	unique
OG_04636	1	1	unique
OG_04637	1	1	unique
OG_04638	1	1	unique
OG_04639	1	1	unique
OG_04640	1	1	unique
OG_04641	1	1	unique
OG_04642	1	1	unique
OG_04643	1	1	unique
OG_04644	1	1	unique
OG_04645	1	1	unique
OG_04646	1	1	unique
OG_04647	1	1	unique
OG_04648	1	1	unique
OG_04649	1	1	unique
OG_04650	1	1	unique
OG_04651	1	1	unique
OG_04652	1	1	unique
OG_04653	1	1	unique
OG_04654	1	1	unique
OG_04655	1	1	unique
OG_04656	1	1	unique
OG_04657	1	1	unique
OG_04658	1	1	unique
OG_04659	1	1	unique
OG_04660	1	1	unique
OG_04661	1	1	unique
OG_04662	1	1	unique
OG_04663	1	1	unique
OG_04664	1	1	unique
OG_04665	1	1	unique
OG_04666	1	1	unique
OG_04667	1	1	unique
OG_04668	1	1	unique
OG_04669	1	1	unique
OG_04670	1	1	unique
OG_04671	1	1	unique
OG_04672	1	1	unique
OG_04673	1	1	unique
OG_04674	1	1	unique
OG_04675	1	1	unique
OG_04676	1	1	unique
OG_04677	1	1	unique
OG_04678	1	1	unique
OG_04679	1	1	unique
OG_04680	1	1	unique
OG_04681	1	1	unique
OG_04682	1	1	unique
OG_04683	1	1	unique
OG_04684	1	1	unique
OG_04685	1	1	unique
OG_04686	1	1	unique
OG_04687	1	1	unique
OG_04688	1	1	unique
OG_04689	1	1	unique
OG_04690	1	1	unique
OG_04691	1	1	unique
OG_04692	1	1	unique
OG_04693	1	1	unique
OG_04694	1	1	unique
OG_04695	1	1	unique
OG_04696	1	1	unique
OG_04697	1	1	unique
OG_04698	1	1	unique
OG_04699	1	1	unique
OG_04700	1	1	unique
OG_04701	1	1	unique
OG_04702	1	1	unique
OG_04703	1	1	unique
OG_04704	1	1	unique
OG_04705	1	1	unique
OG_04706	1	1	unique
OG_04707	1	1	unique
OG_04708	1	1	unique
OG_04709	1	1	unique
OG_04710	1	1	unique
OG_04711	1	1	unique
OG_04712	1	1	unique
OG_04713	1	1	unique
OG_04714	1	1	unique
OG_04715	1	1	unique
OG_04716	1	1	unique
OG_04717	1	1	unique
OG_04718	1	1	unique
OG_04719	1	1	unique
OG_04720	1	1	unique
OG_04721	1	1	unique
OG_04722	1	1	unique
OG_04723	1	1	unique
OG_04724	1	1	unique
OG_04725	1	1	unique
OG_04726	1	1	unique
OG_04727	1	1	unique
OG_04728	1	1	unique
OG_04729	1	1	unique
OG_04730	1	1	unique
OG_04731	1	1	unique
OG_04732	1	1	unique
OG_04733	1	1	unique
OG_04734	1	1	unique
OG_04735	1	1	unique
OG_04736	1	1	unique
OG_04737	1	1	unique
OG_04738	1	1	unique
OG_04739	1	1	unique
OG_04740	1	1	unique
OG_04741	1	1	unique
OG_04742	1	1	unique
OG_04743	1	1	unique
OG_04744	1	1	unique
OG_04745	1	1	unique
OG_04746	1	1	unique
OG_04747	1	1	unique
OG_04748	1	1	unique
OG_04749	1	1	unique
OG_04750	1	1	unique
OG_04751	1	1	unique
OG_04752	1	1	unique
OG_04753	1	1	unique
OG_04754	1	1	unique
OG_04755	1	1	unique
OG_04756	1	1	unique
OG_04757	1	1	unique
OG_04758	1	1	unique
OG_04759	1	1	unique
OG_04760	1	1	unique
OG_04761	1	1	unique
OG_04762	1	1	unique
OG_04763	1	1	unique
OG_04764	1	1	unique
OG_04765	1	1	unique
OG_04766	1	1	unique
OG_04767	1	1	unique
OG_04768	1	1	unique
OG_04769	1	1	unique
OG_04770	1	1	unique
OG_04771	1	1	unique
OG_04772	1	1	unique
OG_04773	1	1	unique
OG_04774	1	1	unique
OG_04775	1	1	unique
OG_04776	1	1	unique
OG_04777	1	1	unique
OG_04778	1	1	unique
OG_04779	1	1	unique
OG_04780	1	1	unique
OG_04781	1	1	unique
OG_04782	1	1	unique
OG_04783	1	1	unique
OG_04784	1	1	unique
OG_04785	1	1	unique
OG_04786	1	1	unique
OG_04787	1	1	unique
OG_04788	1	1	unique
OG_04789	1	1	unique
OG_04790	1	1	unique
OG_04791	1	1	unique
OG_04792	1	1	unique
OG_04793	1	1	unique
OG_04794	1	1	unique
OG_04795	1	1	unique
OG_04796	1	1	unique
OG_04797	1	1	unique
OG_04798	1	1	unique
OG_04799	1	1	unique
OG_04800	1	1	unique
OG_04801	1	1	unique
OG_04802	1	1	unique
OG_04803	1	1	unique
OG_04804	1	1	unique
OG_04805	1	1	unique
OG_04806	1	1	unique
OG_04807	1	1	unique
OG_04808	1	1	unique
OG_04809	1	1	unique
OG_04810	1	1	unique
OG_04811	1	1	unique
OG_04812	1	1	unique
OG_04813	1	1	unique
OG_04814	1	1	unique
OG_04815	1	1	unique
OG_04816	1	1	unique
OG_04817	1	1	unique
OG_04818	1	1	unique
OG_04819	1	1	unique
OG_04820	1	1	unique
OG_04821	1	1	unique
OG_04822	1	1	unique
OG_04823	1	1	unique
OG_04824	1	1	unique
OG_04825	1	1	unique
OG_04826	1	1	unique
OG_04827	1	1	unique
OG_04828	1	1	unique
OG_04829	1	1	unique
OG_04830	1	1	unique
OG_04831	1	1	unique
OG_04832	1	1	unique
OG_04833	1	1	unique
OG_04834	1	1	unique
OG_04835	1	1	unique
OG_04836	1	1	unique
OG_04837	1	1	unique
OG_04838	1	1	unique
OG_04839	1	1	unique
OG_04840	1	1	unique
OG_04841	1	1	unique
OG_04842	1	1	unique
OG_04843	1	1	unique
OG_04844	1	1	unique
OG_04845	1	1	unique
OG_04846	1	1	unique
OG_04847	1	1	unique
OG_04848	1	1	unique
OG_04849	1	1	unique
OG_04850	1	1	unique
OG_04851	1	1	unique
OG_04852	1	1	unique
OG_04853	1	1	unique
OG_04854	1	1	unique
OG_04855	1	1	unique
OG_04856	1	1	unique
OG_04857	1	1	unique
OG_04858	1	1	unique
OG_04859	1	1	unique
OG_04860	1	1	unique
OG_04861	1	1	unique
OG_04862	1	1	unique
OG_04863	1	1	unique
OG_04864	1	1	unique
OG_04865	1	1	unique
OG_04866	1	1	unique
OG_04867	1	1	unique
OG_04868	1	1	unique
OG_04869	1	1	unique
OG_04870	1	1	unique
OG_04871	1	1	unique
OG_04872	1	1	unique
OG_04873	1	1	unique
OG_04874	1	1	unique
OG_04875	1	1	unique
OG_04876	1	1	unique
OG_04877	1	1	unique
OG_04878	1	1	unique
OG_04879	1	1	unique
OG_04880	1	1	unique
OG_04881	1	1	unique
OG_04882	1	1	unique
OG_04883	1	1	unique
OG_04884	1	1	unique
OG_04885	1	1	unique
OG_04886	1	1	unique
OG_04887	1	1	unique
OG_04888	1	1	unique
OG_04889	1	1	unique
OG_04890	1	1	unique
OG_04891	1	1	unique
OG_04892	1	1	unique
OG_04893	1	1	unique
OG_04894	1	1	unique
OG_04895	1	1	unique
OG_04896	1	1	unique
OG_04897	1	1	unique
OG_04898	1	1	unique
OG_04899	1	1	unique
OG_04900	1	1	unique
OG_04901	1	1	unique
OG_04902	1	1	unique
OG_04903	1	1	unique
OG_04904	1	1	unique
OG_04905	1	1	unique
OG_04906	1	1	unique
OG_04907	1	1	unique
OG_04908	1	1	unique
OG_04909	1	1	unique
OG_04910	1	1	unique
OG_04911	1	1	unique
OG_04912	1	1	unique
OG_04913	1	1	unique
OG_04914	1	1	unique
OG_04915	1	1	unique
OG_04916	1	1	unique
OG_04917	1	1	unique
OG_04918	1	1	unique
OG_04919	1	1	unique
OG_04920	1	1	unique
OG_04921	1	1	unique
OG_04922	1	1	unique
OG_04923	1	1	unique
OG_04924	1	1	unique
OG_04925	1	1	unique
OG_04926	1	1	unique
OG_04927	1	1	unique
OG_04928	1	1	unique
OG_04929	1	1	unique
OG_04930	1	1	unique
OG_04931	1	1	unique
OG_04932	1	1	unique
OG_04933	1	1	unique
OG_04934	1	1	unique
OG_04935	1	1	unique
OG_04936	1	1	unique
OG_04937	1	1	unique
OG_04938	1	1	unique
OG_04939	1	1	unique
OG_04940	1	1	unique
OG_04941	1	1	unique
OG_04942	1	1	unique
OG_04943	1	1	unique
OG_04944	1	1	unique
OG_04945	1	1	unique
OG_04946	1	1	unique
OG_04947	1	1	unique
OG_04948	1	1	unique
OG_04949	1	1	unique
OG_04950	1	1	unique
OG_04951	1	1	unique
OG_04952	1	1	unique
OG_04953	1	1	unique
OG_04954	1	1	unique
OG_04955	1	1	unique
OG_04956	1	1	unique
OG_04957	1	1	unique
OG_04958	1	1	unique
OG_04959	1	1	unique
OG_04960	1	1	unique
OG_04961	1	1	unique
OG_04962	1	1	unique
OG_04963	1	1	unique
OG_04964	1	1	unique
OG_04965	1	1	unique
OG_04966	1	1	unique
OG_04967	1	1	unique
OG_04968	1	1	unique
OG_04969	1	1	unique
OG_04970	1	1	unique
OG_04971	1	1	unique
OG_04972	1	1	unique
OG_04973	1	1	unique
OG_04974	1	1	unique
OG_04975	1	1	unique
OG_04976	1	1	unique
OG_04977	1	1	unique
OG_04978	1	1	unique
OG_04979	1	1	unique
OG_04980	1	1	unique
OG_04981	1	1	unique
OG_04982	1	1	unique
OG_04983	1	1	unique
OG_04984	1	1	unique
OG_04985	1	1	unique
OG_04986	1	1	unique
OG_04987	1	1	unique
OG_04988	1	1	unique
OG_04989	1	1	unique
OG_04990	1	1	unique
OG_04991	1	1	unique
OG_04992	1	1	unique
OG_04993	1	1	unique
OG_04994	1	1	unique
OG_04995	1	1	unique
OG_04996	1	1	unique
OG_04997	1	1	unique
OG_04998	1	1	unique
OG_04999	1	1	unique
OG_05000	1	1	unique
OG_05001	1	1	unique
OG_05002	1	1	unique
OG_05003	1	1	unique
OG_05004	1	1	unique
OG_05005	1	1	unique
OG_05006	1	1	unique
OG_05007	1	1	unique
OG_05008	1	1	unique
OG_05009	1	1	unique
OG_05010	1	1	unique
OG_05011	1	1	unique
OG_05012	1	1	unique
OG_05013	1	1	unique
OG_05014	1	1	unique
OG_05015	1	1	unique
OG_05016	1	1	unique
OG_05017	1	1	unique
OG_05018	1	1	unique
OG_05019	1	1	unique
OG_05020	1	1	unique
OG_05021	1	1	unique
OG_05022	1	1	unique
OG_05023	1	1	unique
OG_05024	1	1	unique
OG_05025	1	1	unique
OG_05026	1	1	unique
OG_05027	1	1	unique
OG_05028	1	1	unique
OG_05029	1	1	unique
OG_05030	1	1	unique
OG_05031	1	1	unique
OG_05032	1	1	unique
OG_05033	1	1	unique
OG_05034	1	1	unique
OG_05035	1	1	unique
OG_05036	1	1	unique
OG_05037	1	1	unique
OG_05038	1	1	unique
OG_05039	1	1	unique
OG_05040	1	1	unique
OG_05041	1	1	unique
OG_05042	1	1	unique
OG_05043	1	1	unique
OG_05044	1	1	unique
OG_05045	1	1	unique
OG_05046	1	1	unique
OG_05047	1	1	unique
OG_05048	1	1	unique
OG_05049	1	1	unique
OG_05050	1	1	unique
OG_05051	1	1	unique
OG_05052	1	1	unique
OG_05053	1	1	unique
OG_05054	1	1	unique
OG_05055	1	1	unique
OG_05056	1	1	unique
OG_05057	1	1	unique
OG_05058	1	1	unique
OG_05059	1	1	unique
OG_05060	1	1	unique
OG_05061	1	1	unique
OG_05062	1	1	unique
OG_05063	1	1	unique
OG_05064	1	1	unique
OG_05065	1	1	unique
OG_05066	1	1	unique
OG_05067	1	1	unique
OG_05068	1	1	unique
OG_05069	1	1	unique
OG_05070	1	1	unique
OG_05071	1	1	unique
OG_05072	1	1	unique
OG_05073	1	1	unique
OG_05074	1	1	unique
OG_05075	1	1	unique
OG_05076	1	1	unique
OG_05077	1	1	unique
OG_05078	1	1	unique
OG_05079	1	1	unique
OG_05080	1	1	unique
OG_05081	1	1	unique
OG_05082	1	1	unique
OG_05083	1	1	unique
OG_05084	1	1	unique
OG_05085	1	1	unique
OG_05086	1	1	unique
OG_05087	1	1	unique
OG_05088	1	1	unique
OG_05089	1	1	unique
OG_05090	1	1	unique
OG_05091	1	1	unique
OG_05092	1	1	unique
OG_05093	1	1	unique
OG_05094	1	1	unique
OG_05095	1	1	unique
OG_05096	1	1	unique
OG_05097	1	1	unique
OG_05098	1	1	unique
OG_05099	1	1	unique
OG_05100	1	1	unique
OG_05101	1	1	unique
OG_05102	1	1	unique
OG_05103	1	1	unique
OG_05104	1	1	unique
OG_05105	1	1	unique
OG_05106	1	1	unique
OG_05107	1	1	unique
OG_05108	1	1	unique
OG_05109	1	1	unique
OG_05110	1	1	unique
OG_05111	1	1	unique
OG_05112	1	1	unique
OG_05113	1	1	unique
OG_05114	1	1	unique
OG_05115	1	1	unique
OG_05116	1	1	unique
OG_05117	1	1	unique
OG_05118	1	1	unique
OG_05119	1	1	unique
OG_05120	1	1	unique
OG_05121	1	1	unique
OG_05122	1	1	unique
OG_05123	1	1	unique
OG_05124	1	1	unique
OG_05125	1	1	unique
OG_05126	1	1	unique
OG_05127	1	1	unique
OG_05128	1	1	unique
OG_05129	1	1	unique
OG_05130	1	1	unique
OG_05131	1	1	unique
OG_05132	1	1	unique
OG_05133	1	1	unique
OG_05134	1	1	unique
OG_05135	1	1	unique
OG_05136	1	1	unique
OG_05137	1	1	unique
OG_05138	1	1	unique
OG_05139	1	1	unique
OG_05140	1	1	unique
OG_05141	1	1	unique
OG_05142	1	1	unique
OG_05143	1	1	unique
OG_05144	1	1	unique
OG_05145	1	1	unique
OG_05146	1	1	unique
OG_05147	1	1	unique
OG_05148	1	1	unique
OG_05149	1	1	unique
OG_05150	1	1	unique
OG_05151	1	1	unique
OG_05152	1	1	unique
OG_05153	1	1	unique
OG_05154	1	1	unique
OG_05155	1	1	unique
OG_05156	1	1	unique
OG_05157	1	1	unique
OG_05158	1	1	unique
OG_05159	1	1	unique
OG_05160	1	1	unique
OG_05161	1	1	unique
OG_05162	1	1	unique
OG_05163	1	1	unique
OG_05164	1	1	unique
OG_05165	1	1	unique
OG_05166	1	1	unique
OG_05167	1	1	unique
OG_05168	1	1	unique
OG_05169	1	1	unique
OG_05170	1	1	unique
OG_05171	1	1	unique
OG_05172	1	1	unique
OG_05173	1	1	unique
OG_05174	1	1	unique
OG_05175	1	1	unique
OG_05176	1	1	unique
OG_05177	1	1	unique
OG_05178	1	1	unique
OG_05179	1	1	unique
OG_05180	1	1	unique
OG_05181	1	1	unique
OG_05182	1	1	unique
OG_05183	1	1	unique
OG_05184	1	1	unique
OG_05185	1	1	unique
OG_05186	1	1	unique
OG_05187	1	1	unique
OG_05188	1	1	unique
OG_05189	1	1	unique
OG_05190	1	1	unique
OG_05191	1	1	unique
OG_05192	1	1	unique
OG_05193	1	1	unique
OG_05194	1	1	unique
OG_05195	1	1	unique
OG_05196	1	1	unique
OG_05197	1	1	unique
OG_05198	1	1	unique
OG_05199	1	1	unique
OG_05200	1	1	unique
OG_05201	1	1	unique
OG_05202	1	1	unique
OG_05203	1	1	unique
OG_05204	1	1	unique
OG_05205	1	1	unique
OG_05206	1	1	unique
OG_05207	1	1	unique
OG_05208	1	1	unique
OG_05209	1	1	unique
OG_05210	1	1	unique
OG_05211	1	1	unique
OG_05212	1	1	unique
OG_05213	1	1	unique
OG_05214	1	1	unique
OG_05215	1	1	unique
OG_05216	1	1	unique
OG_05217	1	1	unique
OG_05218	1	1	unique
OG_05219	1	1	unique
OG_05220	1	1	unique
OG_05221	1	1	unique
OG_05222	1	1	unique
OG_05223	1	1	unique
OG_05224	1	1	unique
OG_05225	1	1	unique
OG_05226	1	1	unique
OG_05227	1	1	unique
OG_05228	1	1	unique
OG_05229	1	1	unique
OG_05230	1	1	unique
OG_05231	1	1	unique
OG_05232	1	1	unique
OG_05233	1	1	unique
OG_05234	1	1	unique
OG_05235	1	1	unique
OG_05236	1	1	unique
OG_05237	1	1	unique
OG_05238	1	1	unique
OG_05239	1	1	unique
OG_05240	1	1	unique
OG_05241	1	1	unique
OG_05242	1	1	unique
OG_05243	1	1	unique
OG_05244	1	1	unique
OG_05245	1	1	unique
OG_05246	1	1	unique
OG_05247	1	1	unique
OG_05248	1	1	unique
OG_05249	1	1	unique
OG_05250	1	1	unique
OG_05251	1	1	unique
OG_05252	1	1	unique
OG_05253	1	1	unique
OG_05254	1	1	unique
OG_05255	1	1	unique
OG_05256	1	1	unique
OG_05257	1	1	unique
OG_05258	1	1	unique
OG_05259	1	1	unique
OG_05260	1	1	unique
OG_05261	1	1	unique
OG_05262	1	1	unique
OG_05263	1	1	unique
OG_05264	1	1	unique
OG_05265	1	1	unique
OG_05266	1	1	unique
OG_05267	1	1	unique
OG_05268	1	1	unique
OG_05269	1	1	unique
OG_05270	1	1	unique
OG_05271	1	1	unique
OG_05272	1	1	unique
OG_05273	1	1	unique
OG_05274	1	1	unique
OG_05275	1	1	unique
OG_05276	1	1	unique
OG_05277	1	1	unique
OG_05278	1	1	unique
OG_05279	1	1	unique
OG_05280	1	1	unique
OG_05281	1	1	unique
OG_05282	1	1	unique
OG_05283	1	1	unique
OG_05284	1	1	unique
OG_05285	1	1	unique
OG_05286	1	1	unique
OG_05287	1	1	unique
OG_05288	1	1	unique
OG_05289	1	1	unique
OG_05290	1	1	unique
OG_05291	1	1	unique
OG_05292	1	1	unique
OG_05293	1	1	unique
OG_05294	1	1	unique
OG_05295	1	1	unique
OG_05296	1	1	unique
OG_05297	1	1	unique
OG_05298	1	1	unique
OG_05299	1	1	unique
OG_05300	1	1	unique
OG_05301	1	1	unique
OG_05302	1	1	unique
OG_05303	1	1	unique
OG_05304	1	1	unique
OG_05305	1	1	unique
OG_05306	1	1	unique
OG_05307	1	1	unique
OG_05308	1	1	unique
OG_05309	1	1	unique
OG_05310	1	1	unique
OG_05311	1	1	unique
OG_05312	1	1	unique
OG_05313	1	1	unique
OG_05314	1	1	unique
OG_05315	1	1	unique
OG_05316	1	1	unique
OG_05317	1	1	unique
OG_05318	1	1	unique
OG_05319	1	1	unique
OG_05320	1	1	unique
OG_05321	1	1	unique
OG_05322	1	1	unique
OG_05323	1	1	unique
OG_05324	1	1	unique
OG_05325	1	1	unique
OG_05326	1	1	unique
OG_05327	1	1	unique
OG_05328	1	1	unique
OG_05329	1	1	unique
OG_05330	1	1	unique
OG_05331	1	1	unique
OG_05332	1	1	unique
OG_05333	1	1	unique
OG_05334	1	1	unique
OG_05335	1	1	unique
OG_05336	1	1	unique
OG_05337	1	1	unique
OG_05338	1	1	unique
OG_05339	1	1	unique
OG_05340	1	1	unique
OG_05341	1	1	unique
OG_05342	1	1	unique
OG_05343	1	1	unique
OG_05344	1	1	unique
OG_05345	1	1	unique
OG_05346	1	1	unique
OG_05347	1	1	unique
OG_05348	1	1	unique
OG_05349	1	1	unique
OG_05350	1	1	unique
OG_05351	1	1	unique
OG_05352	1	1	unique
OG_05353	1	1	unique
OG_05354	1	1	unique
OG_05355	1	1	unique
OG_05356	1	1	unique
OG_05357	1	1	unique
OG_05358	1	1	unique
OG_05359	1	1	unique
OG_05360	1	1	unique
OG_05361	1	1	unique
OG_05362	1	1	unique
OG_05363	1	1	unique
OG_05364	1	1	unique
OG_05365	1	1	unique
OG_05366	1	1	unique
OG_05367	1	1	unique
OG_05368	1	1	unique
OG_05369	1	1	unique
OG_05370	1	1	unique
OG_05371	1	1	unique
OG_05372	1	1	unique
OG_05373	1	1	unique
OG_05374	1	1	unique
OG_05375	1	1	unique
OG_05376	1	1	unique
OG_05377	1	1	unique
OG_05378	1	1	unique
OG_05379	1	1	unique
OG_05380	1	1	unique
OG_05381	1	1	unique
OG_05382	1	1	unique
OG_05383	1	1	unique
OG_05384	1	1	unique
OG_05385	1	1	unique
OG_05386	1	1	unique
OG_05387	1	1	unique
OG_05388	1	1	unique
OG_05389	1	1	unique
OG_05390	1	1	unique
OG_05391	1	1	unique
OG_05392	1	1	unique
OG_05393	1	1	unique
OG_05394	1	1	unique
OG_05395	1	1	unique
OG_05396	1	1	unique
OG_05397	1	1	unique
OG_05398	1	1	unique
OG_05399	1	1	unique
OG_05400	1	1	unique
OG_05401	1	1	unique
OG_05402	1	1	unique
OG_05403	1	1	unique
OG_05404	1	1	unique
OG_05405	1	1	unique
OG_05406	1	1	unique
OG_05407	1	1	unique
OG_05408	1	1	unique
OG_05409	1	1	unique
OG_05410	1	1	unique
OG_05411	1	1	unique
OG_05412	1	1	unique
OG_05413	1	1	unique
OG_05414	1	1	unique
OG_05415	1	1	unique
OG_05416	1	1	unique
OG_05417	1	1	unique
OG_05418	1	1	unique
OG_05419	1	1	unique
OG_05420	1	1	unique
OG_05421	1	1	unique
OG_05422	1	1	unique
OG_05423	1	1	unique
OG_05424	1	1	unique
OG_05425	1	1	unique
OG_05426	1	1	unique
OG_05427	1	1	unique
OG_05428	1	1	unique
OG_05429	1	1	unique
OG_05430	1	1	unique
OG_05431	1	1	unique
OG_05432	1	1	unique
OG_05433	1	1	unique
OG_05434	1	1	unique
OG_05435	1	1	unique
OG_05436	1	1	unique
OG_05437	1	1	unique
OG_05438	1	1	unique
OG_05439	1	1	unique
OG_05440	1	1	unique
OG_05441	1	1	unique
OG_05442	1	1	unique
OG_05443	1	1	unique
OG_05444	1	1	unique
OG_05445	1	1	unique
OG_05446	1	1	unique
OG_05447	1	1	unique
OG_05448	1	1	unique
OG_05449	1	1	unique
OG_05450	1	1	unique
OG_05451	1	1	unique
OG_05452	1	1	unique
OG_05453	1	1	unique
OG_05454	1	1	unique
OG_05455	1	1	unique
OG_05456	1	1	unique
OG_05457	1	1	unique
OG_05458	1	1	unique
OG_05459	1	1	unique
OG_05460	1	1	unique
OG_05461	1	1	unique
OG_05462	1	1	unique
OG_05463	1	1	unique
OG_05464	1	1	unique
OG_05465	1	1	unique
OG_05466	1	1	unique
OG_05467	1	1	unique
OG_05468	1	1	unique
OG_05469	1	1	unique
OG_05470	1	1	unique
OG_05471	1	1	unique
OG_05472	1	1	unique
OG_05473	1	1	unique
OG_05474	1	1	unique
OG_05475	1	1	unique
OG_05476	1	1	unique
OG_05477	1	1	unique
OG_05478	1	1	unique
OG_05479	1	1	unique
OG_05480	1	1	unique
OG_05481	1	1	unique
OG_05482	1	1	unique
OG_05483	1	1	unique
OG_05484	1	1	unique
OG_05485	1	1	unique
OG_05486	1	1	unique
OG_05487	1	1	unique
OG_05488	1	1	unique
OG_05489	1	1	unique
OG_05490	1	1	unique
OG_05491	1	1	unique
OG_05492	1	1	unique
OG_05493	1	1	unique
OG_05494	1	1	unique
OG_05495	1	1	unique
OG_05496	1	1	unique
OG_05497	1	1	unique
OG_05498	1	1	unique
OG_05499	1	1	unique
OG_05500	1	1	unique
OG_05501	1	1	unique
OG_05502	1	1	unique
OG_05503	1	1	unique
OG_05504	1	1	unique
OG_05505	1	1	unique
OG_05506	1	1	unique
OG_05507	1	1	unique
OG_05508	1	1	unique
OG_05509	1	1	unique
OG_05510	1	1	unique
OG_05511	1	1	unique
OG_05512	1	1	unique
OG_05513	1	1	unique
OG_05514	1	1	unique
OG_05515	1	1	unique
OG_05516	1	1	unique
OG_05517	1	1	unique
OG_05518	1	1	unique
OG_05519	1	1	unique
OG_05520	1	1	unique
OG_05521	1	1	unique
OG_05522	1	1	unique
OG_05523	1	1	unique
OG_05524	1	1	unique
OG_05525	1	1	unique
OG_05526	1	1	unique
OG_05527	1	1	unique
OG_05528	1	1	unique
OG_05529	1	1	unique
OG_05530	1	1	unique
OG_05531	1	1	unique
OG_05532	1	1	unique
OG_05533	1	1	unique
OG_05534	1	1	unique
OG_05535	1	1	unique
OG_05536	1	1	unique
OG_05537	1	1	unique
OG_05538	1	1	unique
OG_05539	1	1	unique
OG_05540	1	1	unique
OG_05541	1	1	unique
OG_05542	1	1	unique
OG_05543	1	1	unique
OG_05544	1	1	unique
OG_05545	1	1	unique
OG_05546	1	1	unique
OG_05547	1	1	unique
OG_05548	1	1	unique
OG_05549	1	1	unique
OG_05550	1	1	unique
OG_05551	1	1	unique
OG_05552	1	1	unique
OG_05553	1	1	unique
OG_05554	1	1	unique
OG_05555	1	1	unique
OG_05556	1	1	unique
OG_05557	1	1	unique
OG_05558	1	1	unique
OG_05559	1	1	unique
OG_05560	1	1	unique
OG_05561	1	1	unique
OG_05562	1	1	unique
OG_05563	1	1	unique
OG_05564	1	1	unique
OG_05565	1	1	unique
OG_05566	1	1	unique
OG_05567	1	1	unique
OG_05568	1	1	unique
OG_05569	1	1	unique
OG_05570	1	1	unique
OG_05571	1	1	unique
OG_05572	1	1	unique
OG_05573	1	1	unique
OG_05574	1	1	unique
OG_05575	1	1	unique
OG_05576	1	1	unique
OG_05577	1	1	unique
OG_05578	1	1	unique
OG_05579	1	1	unique
OG_05580	1	1	unique
OG_05581	1	1	unique
OG_05582	1	1	unique
OG_05583	1	1	unique
OG_05584	1	1	unique
OG_05585	1	1	unique
OG_05586	1	1	unique
OG_05587	1	1	unique
OG_05588	1	1	unique
OG_05589	1	1	unique
OG_05590	1	1	unique
OG_05591	1	1	unique
OG_05592	1	1	unique
OG_05593	1	1	unique
OG_05594	1	1	unique
OG_05595	1	1	unique
OG_05596	1	1	unique
OG_05597	1	1	unique
OG_05598	1	1	unique
OG_05599	1	1	unique
OG_05600	1	1	unique
OG_05601	1	1	unique
OG_05602	1	1	unique
OG_05603	1	1	unique
OG_05604	1	1	unique
OG_05605	1	1	unique
OG_05606	1	1	unique
OG_05607	1	1	unique
OG_05608	1	1	unique
OG_05609	1	1	unique
OG_05610	1	1	unique
OG_05611	1	1	unique
OG_05612	1	1	unique
OG_05613	1	1	unique
OG_05614	1	1	unique
OG_05615	1	1	unique
OG_05616	1	1	unique
OG_05617	1	1	unique
OG_05618	1	1	unique
OG_05619	1	1	unique
OG_05620	1	1	unique
OG_05621	1	1	unique
OG_05622	1	1	unique
OG_05623	1	1	unique
OG_05624	1	1	unique
OG_05625	1	1	unique
OG_05626	1	1	unique
OG_05627	1	1	unique
OG_05628	1	1	unique
OG_05629	1	1	unique
OG_05630	1	1	unique
OG_05631	1	1	unique
OG_05632	1	1	unique
OG_05633	1	1	unique
OG_05634	1	1	unique
OG_05635	1	1	unique
OG_05636	1	1	unique
OG_05637	1	1	unique
OG_05638	1	1	unique
OG_05639	1	1	unique
OG_05640	1	1	unique
OG_05641	1	1	unique
OG_05642	1	1	unique
OG_05643	1	1	unique
OG_05644	1	1	unique
OG_05645	1	1	unique
OG_05646	1	1	unique
OG_05647	1	1	unique
OG_05648	1	1	unique
OG_05649	1	1	unique
OG_05650	1	1	unique
OG_05651	1	1	unique
OG_05652	1	1	unique
OG_05653	1	1	unique
OG_05654	1	1	unique
OG_05655	1	1	unique
OG_05656	1	1	unique
OG_05657	1	1	unique
OG_05658	1	1	unique
OG_05659	1	1	unique
OG_05660	1	1	unique
OG_05661	1	1	unique
OG_05662	1	1	unique
OG_05663	1	1	unique
OG_05664	1	1	unique
OG_05665	1	1	unique
OG_05666	1	1	unique
OG_05667	1	1	unique
OG_05668	1	1	unique
OG_05669	1	1	unique
OG_05670	1	1	unique
OG_05671	1	1	unique
OG_05672	1	1	unique
OG_05673	1	1	unique
OG_05674	1	1	unique
OG_05675	1	1	unique
OG_05676	1	1	unique
OG_05677	1	1	unique
OG_05678	1	1	unique
OG_05679	1	1	unique
OG_05680	1	1	unique
OG_05681	1	1	unique
OG_05682	1	1	unique
OG_05683	1	1	unique
OG_05684	1	1	unique
OG_05685	1	1	unique
OG_05686	1	1	unique
OG_05687	1	1	unique
OG_05688	1	1	unique
OG_05689	1	1	unique
OG_05690	1	1	unique
OG_05691	1	1	unique
OG_05692	1	1	unique
OG_05693	1	1	unique
OG_05694	1	1	unique
OG_05695	1	1	unique
OG_05696	1	1	unique
OG_05697	1	1	unique
OG_05698	1	1	unique
OG_05699	1	1	unique
OG_05700	1	1	unique
OG_05701	1	1	unique
OG_05702	1	1	unique
OG_05703	1	1	unique
OG_05704	1	1	unique
OG_05705	1	1	unique
OG_05706	1	1	unique
OG_05707	1	1	unique
OG_05708	1	1	unique
OG_05709	1	1	unique
OG_05710	1	1	unique
OG_05711	1	1	unique
OG_05712	1	1	unique
OG_05713	1	1	unique
OG_05714	1	1	unique
OG_05715	1	1	unique
OG_05716	1	1	unique
OG_05717	1	1	unique
OG_05718	1	1	unique
OG_05719	1	1	unique
OG_05720	1	1	unique
OG_05721	1	1	unique
OG_05722	1	1	unique
OG_05723	1	1	unique
OG_05724	1	1	unique
OG_05725	1	1	unique
OG_05726	1	1	unique
OG_05727	1	1	unique
OG_05728	1	1	unique
OG_05729	1	1	unique
OG_05730	1	1	unique
OG_05731	1	1	unique
OG_05732	1	1	unique
OG_05733	1	1	unique
OG_05734	1	1	unique
OG_05735	1	1	unique
OG_05736	1	1	unique
OG_05737	1	1	unique
OG_05738	1	1	unique
OG_05739	1	1	unique
OG_05740	1	1	unique
OG_05741	1	1	unique
OG_05742	1	1	unique
OG_05743	1	1	unique
OG_05744	1	1	unique
OG_05745	1	1	unique
OG_05746	1	1	unique
OG_05747	1	1	unique
OG_05748	1	1	unique
OG_05749	1	1	unique
OG_05750	1	1	unique
OG_05751	1	1	unique
OG_05752	1	1	unique
OG_05753	1	1	unique
OG_05754	1	1	unique
OG_05755	1	1	unique
OG_05756	1	1	unique
OG_05757	1	1	unique
OG_05758	1	1	unique
OG_05759	1	1	unique
OG_05760	1	1	unique
OG_05761	1	1	unique
OG_05762	1	1	unique
OG_05763	1	1	unique
OG_05764	1	1	unique
OG_05765	1	1	unique
OG_05766	1	1	unique
OG_05767	1	1	unique
OG_05768	1	1	unique
OG_05769	1	1	unique
OG_05770	1	1	unique
OG_05771	1	1	unique
OG_05772	1	1	unique
OG_05773	1	1	unique
OG_05774	1	1	unique
OG_05775	1	1	unique
OG_05776	1	1	unique
OG_05777	1	1	unique
OG_05778	1	1	unique
OG_05779	1	1	unique
OG_05780	1	1	unique
OG_05781	1	1	unique
OG_05782	1	1	unique
OG_05783	1	1	unique
OG_05784	1	1	unique
OG_05785	1	1	unique
OG_05786	1	1	unique
OG_05787	1	1	unique
OG_05788	1	1	unique
OG_05789	1	1	unique
OG_05790	1	1	unique
OG_05791	1	1	unique
OG_05792	1	1	unique
OG_05793	1	1	unique
OG_05794	1	1	unique
OG_05795	1	1	unique
OG_05796	1	1	unique
OG_05797	1	1	unique
OG_05798	1	1	unique
OG_05799	1	1	unique
OG_05800	1	1	unique
OG_05801	1	1	unique
OG_05802	1	1	unique
OG_05803	1	1	unique
OG_05804	1	1	unique
OG_05805	1	1	unique
OG_05806	1	1	unique
OG_05807	1	1	unique
OG_05808	1	1	unique
OG_05809	1	1	unique
OG_05810	1	1	unique
OG_05811	1	1	unique
OG_05812	1	1	unique
OG_05813	1	1	unique
OG_05814	1	1	unique
OG_05815	1	1	unique
OG_05816	1	1	unique
OG_05817	1	1	unique
OG_05818	1	1	unique
OG_05819	1	1	unique
OG_05820	1	1	unique
OG_05821	1	1	unique
OG_05822	1	1	unique
OG_05823	1	1	unique
OG_05824	1	1	unique
OG_05825	1	1	unique
OG_05826	1	1	unique
OG_05827	1	1	unique
OG_05828	1	1	unique
OG_05829	1	1	unique
OG_05830	1	1	unique
OG_05831	1	1	unique
OG_05832	1	1	unique
OG_05833	1	1	unique
OG_05834	1	1	unique
OG_05835	1	1	unique
OG_05836	1	1	unique
OG_05837	1	1	unique
OG_05838	1	1	unique
OG_05839	1	1	unique
OG_05840	1	1	unique
OG_05841	1	1	unique
OG_05842	1	1	unique
OG_05843	1	1	unique
OG_05844	1	1	unique
OG_05845	1	1	unique
OG_05846	1	1	unique
OG_05847	1	1	unique
OG_05848	1	1	unique
OG_05849	1	1	unique
OG_05850	1	1	unique
OG_05851	1	1	unique
OG_05852	1	1	unique
OG_05853	1	1	unique
OG_05854	1	1	unique
OG_05855	1	1	unique
OG_05856	1	1	unique
OG_05857	1	1	unique
OG_05858	1	1	unique
OG_05859	1	1	unique
OG_05860	1	1	unique
OG_05861	1	1	unique
OG_05862	1	1	unique
OG_05863	1	1	unique
OG_05864	1	1	unique
OG_05865	1	1	unique
OG_05866	1	1	unique
OG_05867	1	1	unique
OG_05868	1	1	unique
OG_05869	1	1	unique
OG_05870	1	1	unique
OG_05871	1	1	unique
OG_05872	1	1	unique
OG_05873	1	1	unique
OG_05874	1	1	unique
OG_05875	1	1	unique
OG_05876	1	1	unique
OG_05877	1	1	unique
OG_05878	1	1	unique
OG_05879	1	1	unique
OG_05880	1	1	unique
OG_05881	1	1	unique
OG_05882	1	1	unique
OG_05883	1	1	unique
OG_05884	1	1	unique
OG_05885	1	1	unique
OG_05886	1	1	unique
OG_05887	1	1	unique
OG_05888	1	1	unique
OG_05889	1	1	unique
OG_05890	1	1	unique
OG_05891	1	1	unique
OG_05892	1	1	unique
OG_05893	1	1	unique
OG_05894	1	1	unique
OG_05895	1	1	unique
OG_05896	1	1	unique
OG_05897	1	1	unique
OG_05898	1	1	unique
OG_05899	1	1	unique
OG_05900	1	1	unique
OG_05901	1	1	unique
OG_05902	1	1	unique
OG_05903	1	1	unique
OG_05904	1	1	unique
OG_05905	1	1	unique
OG_05906	1	1	unique
OG_05907	1	1	unique
OG_05908	1	1	unique
OG_05909	1	1	unique
OG_05910	1	1	unique
OG_05911	1	1	unique
OG_05912	1	1	unique
OG_05913	1	1	unique
OG_05914	1	1	unique
OG_05915	1	1	unique
OG_05916	1	1	unique
OG_05917	1	1	unique
OG_05918	1	1	unique
OG_05919	1	1	unique
OG_05920	1	1	unique
OG_05921	1	1	unique
OG_05922	1	1	unique
OG_05923	1	1	unique
OG_05924	1	1	unique
OG_05925	1	1	unique
OG_05926	1	1	unique
OG_05927	1	1	unique
OG_05928	1	1	unique
OG_05929	1	1	unique
OG_05930	1	1	unique
OG_05931	1	1	unique
OG_05932	1	1	unique
OG_05933	1	1	unique
OG_05934	1	1	unique
OG_05935	1	1	unique
OG_05936	1	1	unique
OG_05937	1	1	unique
OG_05938	1	1	unique
OG_05939	1	1	unique
OG_05940	1	1	unique
OG_05941	1	1	unique
OG_05942	1	1	unique
OG_05943	1	1	unique
OG_05944	1	1	unique
OG_05945	1	1	unique
OG_05946	1	1	unique
OG_05947	1	1	unique
OG_05948	1	1	unique
OG_05949	1	1	unique
OG_05950	1	1	unique
OG_05951	1	1	unique
OG_05952	1	1	unique
OG_05953	1	1	unique
OG_05954	1	1	unique
OG_05955	1	1	unique
OG_05956	1	1	unique
OG_05957	1	1	unique
OG_05958	1	1	unique
OG_05959	1	1	unique
OG_05960	1	1	unique
OG_05961	1	1	unique
OG_05962	1	1	unique
OG_05963	1	1	unique
OG_05964	1	1	unique
OG_05965	1	1	unique
OG_05966	1	1	unique
OG_05967	1	1	unique
OG_05968	1	1	unique
OG_05969	1	1	unique
OG_05970	1	1	unique
OG_05971	1	1	unique
OG_05972	1	1	unique
OG_05973	1	1	unique
OG_05974	1	1	unique
OG_05975	1	1	unique
OG_05976	1	1	unique
OG_05977	1	1	unique
OG_05978	1	1	unique
OG_05979	1	1	unique
OG_05980	1	1	unique
OG_05981	1	1	unique
OG_05982	1	1	unique
OG_05983	1	1	unique
OG_05984	1	1	unique
OG_05985	1	1	unique
OG_05986	1	1	unique
OG_05987	1	1	unique
OG_05988	1	1	unique
OG_05989	1	1	unique
OG_05990	1	1	unique
OG_05991	1	1	unique
OG_05992	1	1	unique
OG_05993	1	1	unique
OG_05994	1	1	unique
OG_05995	1	1	unique
OG_05996	1	1	unique
OG_05997	1	1	unique
OG_05998	1	1	unique
OG_05999	1	1	unique
OG_06000	1	1	unique
OG_06001	1	1	unique
OG_06002	1	1	unique
OG_06003	1	1	unique
OG_06004	1	1	unique
OG_06005	1	1	unique
OG_06006	1	1	unique
OG_06007	1	1	unique
OG_06008	1	1	unique
OG_06009	1	1	unique
OG_06010	1	1	unique
OG_06011	1	1	unique
OG_06012	1	1	unique
OG_06013	1	1	unique
OG_06014	1	1	unique
OG_06015	1	1	unique
OG_06016	1	1	unique
OG_06017	1	1	unique
OG_06018	1	1	unique
OG_06019	1	1	unique
OG_06020	1	1	unique
OG_06021	1	1	unique
OG_06022	1	1	unique
OG_06023	1	1	unique
OG_06024	1	1	unique
OG_06025	1	1	unique
OG_06026	1	1	unique
OG_06027	1	1	unique
OG_06028	1	1	unique
OG_06029	1	1	unique
OG_06030	1	1	unique
OG_06031	1	1	unique
OG_06032	1	1	unique
OG_06033	1	1	unique
OG_06034	1	1	unique
OG_06035	1	1	unique
OG_06036	1	1	unique
OG_06037	1	1	unique
OG_06038	1	1	unique
OG_06039	1	1	unique
OG_06040	1	1	unique
OG_06041	1	1	unique
OG_06042	1	1	unique
OG_06043	1	1	unique
OG_06044	1	1	unique
OG_06045	1	1	unique
OG_06046	1	1	unique
OG_06047	1	1	unique
OG_06048	1	1	unique
OG_06049	1	1	unique
OG_06050	1	1	unique
OG_06051	1	1	unique
OG_06052	1	1	unique
OG_06053	1	1	unique
OG_06054	1	1	unique
OG_06055	1	1	unique
OG_06056	1	1	unique
OG_06057	1	1	unique
OG_06058	1	1	unique
OG_06059	1	1	unique
OG_06060	1	1	unique
OG_06061	1	1	unique
OG_06062	1	1	unique
OG_06063	1	1	unique
OG_06064	1	1	unique
OG_06065	1	1	unique
OG_06066	1	1	unique
OG_06067	1	1	unique
OG_06068	1	1	unique
OG_06069	1	1	unique
OG_06070	1	1	unique
OG_06071	1	1	unique
OG_06072	1	1	unique
OG_06073	1	1	unique
OG_06074	1	1	unique
OG_06075	1	1	unique
OG_06076	1	1	unique
OG_06077	1	1	unique
OG_06078	1	1	unique
OG_06079	1	1	unique
OG_06080	1	1	unique
OG_06081	1	1	unique
OG_06082	1	1	unique
OG_06083	1	1	unique
OG_06084	1	1	unique
OG_06085	1	1	unique
OG_06086	1	1	unique
OG_06087	1	1	unique
OG_06088	1	1	unique
OG_06089	1	1	unique
OG_06090	1	1	unique
OG_06091	1	1	unique
OG_06092	1	1	unique
OG_06093	1	1	unique
OG_06094	1	1	unique
OG_06095	1	1	unique
OG_06096	1	1	unique
OG_06097	1	1	unique
OG_06098	1	1	unique
OG_06099	1	1	unique
OG_06100	1	1	unique
OG_06101	1	1	unique
OG_06102	1	1	unique
OG_06103	1	1	unique
OG_06104	1	1	unique
OG_06105	1	1	unique
OG_06106	1	1	unique
OG_06107	1	1	unique
OG_06108	1	1	unique
OG_06109	1	1	unique
OG_06110	1	1	unique
OG_06111	1	1	unique
OG_06112	1	1	unique
OG_06113	1	1	unique
OG_06114	1	1	unique
OG_06115	1	1	unique
OG_06116	1	1	unique
OG_06117	1	1	unique
OG_06118	1	1	unique
OG_06119	1	1	unique
OG_06120	1	1	unique
OG_06121	1	1	unique
OG_06122	1	1	unique
OG_06123	1	1	unique
OG_06124	1	1	unique
OG_06125	1	1	unique
OG_06126	1	1	unique
OG_06127	1	1	unique
OG_06128	1	1	unique
OG_06129	1	1	unique
OG_06130	1	1	unique
OG_06131	1	1	unique
OG_06132	1	1	unique
OG_06133	1	1	unique
OG_06134	1	1	unique
OG_06135	1	1	unique
OG_06136	1	1	unique
OG_06137	1	1	unique
OG_06138	1	1	unique
OG_06139	1	1	unique
OG_06140	1	1	unique
OG_06141	1	1	unique
OG_06142	1	1	unique
OG_06143	1	1	unique
OG_06144	1	1	unique
OG_06145	1	1	unique
OG_06146	1	1	unique
OG_06147	1	1	unique
OG_06148	1	1	unique
OG_06149	1	1	unique
OG_06150	1	1	unique
OG_06151	1	1	unique
OG_06152	1	1	unique
OG_06153	1	1	unique
OG_06154	1	1	unique
OG_06155	1	1	unique
OG_06156	1	1	unique
OG_06157	1	1	unique
OG_06158	1	1	unique
OG_06159	1	1	unique
OG_06160	1	1	unique
OG_06161	1	1	unique
OG_06162	1	1	unique
OG_06163	1	1	unique
OG_06164	1	1	unique
OG_06165	1	1	unique
OG_06166	1	1	unique
OG_06167	1	1	unique
OG_06168	1	1	unique
OG_06169	1	1	unique
OG_06170	1	1	unique
OG_06171	1	1	unique
OG_06172	1	1	unique
OG_06173	1	1	unique
OG_06174	1	1	unique
OG_06175	1	1	unique
OG_06176	1	1	unique
OG_06177	1	1	unique
OG_06178	1	1	unique
OG_06179	1	1	unique
OG_06180	1	1	unique
OG_06181	1	1	unique
OG_06182	1	1	unique
OG_06183	1	1	unique
OG_06184	1	1	unique
OG_06185	1	1	unique
OG_06186	1	1	unique
OG_06187	1	1	unique
OG_06188	1	1	unique
OG_06189	1	1	unique
OG_06190	1	1	unique
OG_06191	1	1	unique
OG_06192	1	1	unique
OG_06193	1	1	unique
OG_06194	1	1	unique
OG_06195	1	1	unique
OG_06196	1	1	unique
OG_06197	1	1	unique
OG_06198	1	1	unique
OG_06199	1	1	unique
OG_06200	1	1	unique
OG_06201	1	1	unique
OG_06202	1	1	unique
OG_06203	1	1	unique
OG_06204	1	1	unique
OG_06205	1	1	unique
OG_06206	1	1	unique
OG_06207	1	1	unique
OG_06208	1	1	unique
OG_06209	1	1	unique
OG_06210	1	1	unique
OG_06211	1	1	unique
OG_06212	1	1	unique
OG_06213	1	1	unique
OG_06214	1	1	unique
OG_06215	1	1	unique
OG_06216	1	1	unique
OG_06217	1	1	unique
OG_06218	1	1	unique
OG_06219	1	1	unique
OG_06220	1	1	unique
OG_06221	1	1	unique
OG_06222	1	1	unique
OG_06223	1	1	unique
OG_06224	1	1	unique
OG_06225	1	1	unique
OG_06226	1	1	unique
OG_06227	1	1	unique
OG_06228	1	1	unique
OG_06229	1	1	unique
OG_06230	1	1	unique
OG_06231	1	1	unique
OG_06232	1	1	unique
OG_06233	1	1	unique
OG_06234	1	1	unique
OG_06235	1	1	unique
OG_06236	1	1	unique
OG_06237	1	1	unique
OG_06238	1	1	unique
OG_06239	1	1	unique
OG_06240	1	1	unique
OG_06241	1	1	unique
OG_06242	1	1	unique
OG_06243	1	1	unique
OG_06244	1	1	unique
OG_06245	1	1	unique
OG_06246	1	1	unique
OG_06247	1	1	unique
OG_06248	1	1	unique
OG_06249	1	1	unique
OG_06250	1	1	unique
OG_06251	1	1	unique
OG_06252	1	1	unique
OG_06253	1	1	unique
OG_06254	1	1	unique
OG_06255	1	1	unique
OG_06256	1	1	unique
OG_06257	1	1	unique
OG_06258	1	1	unique
OG_06259	1	1	unique
OG_06260	1	1	unique
OG_06261	1	1	unique
OG_06262	1	1	unique
OG_06263	1	1	unique
OG_06264	1	1	unique
OG_06265	1	1	unique
OG_06266	1	1	unique
OG_06267	1	1	unique
OG_06268	1	1	unique
OG_06269	1	1	unique
OG_06270	1	1	unique
OG_06271	1	1	unique
OG_06272	1	1	unique
OG_06273	1	1	unique
OG_06274	1	1	unique
OG_06275	1	1	unique
OG_06276	1	1	unique
OG_06277	1	1	unique
OG_06278	1	1	unique
OG_06279	1	1	unique
OG_06280	1	1	unique
OG_06281	1	1	unique
OG_06282	1	1	unique
OG_06283	1	1	unique
OG_06284	1	1	unique
OG_06285	1	1	unique
OG_06286	1	1	unique
OG_06287	1	1	unique
OG_06288	1	1	unique
OG_06289	1	1	unique
OG_06290	1	1	unique
OG_06291	1	1	unique
OG_06292	1	1	unique
OG_06293	1	1	unique
OG_06294	1	1	unique
OG_06295	1	1	unique
OG_06296	1	1	unique
OG_06297	1	1	unique
OG_06298	1	1	unique
OG_06299	1	1	unique
OG_06300	1	1	unique
OG_06301	1	1	unique
OG_06302	1	1	unique
OG_06303	1	1	unique
OG_06304	1	1	unique
OG_06305	1	1	unique
OG_06306	1	1	unique
OG_06307	1	1	unique
OG_06308	1	1	unique
OG_06309	1	1	unique
OG_06310	1	1	unique
OG_06311	1	1	unique
OG_06312	1	1	unique
OG_06313	1	1	unique
OG_06314	1	1	unique
OG_06315	1	1	unique
OG_06316	1	1	unique
OG_06317	1	1	unique
OG_06318	1	1	unique
OG_06319	1	1	unique
OG_06320	1	1	unique
OG_06321	1	1	unique
OG_06322	1	1	unique
OG_06323	1	1	unique
OG_06324	1	1	unique
OG_06325	1	1	unique
OG_06326	1	1	unique
OG_06327	1	1	unique
OG_06328	1	1	unique
OG_06329	1	1	unique
OG_06330	1	1	unique
OG_06331	1	1	unique
OG_06332	1	1	unique
OG_06333	1	1	unique
OG_06334	1	1	unique
OG_06335	1	1	unique
OG_06336	1	1	unique
OG_06337	1	1	unique
OG_06338	1	1	unique
OG_06339	1	1	unique
OG_06340	1	1	unique
OG_06341	1	1	unique
OG_06342	1	1	unique
OG_06343	1	1	unique
OG_06344	1	1	unique
OG_06345	1	1	unique
OG_06346	1	1	unique
OG_06347	1	1	unique
OG_06348	1	1	unique
OG_06349	1	1	unique
OG_06350	1	1	unique
OG_06351	1	1	unique
OG_06352	1	1	unique
OG_06353	1	1	unique
OG_06354	1	1	unique
OG_06355	1	1	unique
OG_06356	1	1	unique
OG_06357	1	1	unique
OG_06358	1	1	unique
OG_06359	1	1	unique
OG_06360	1	1	unique
OG_06361	1	1	unique
OG_06362	1	1	unique
OG_06363	1	1	unique
OG_06364	1	1	unique
OG_06365	1	1	unique
OG_06366	1	1	unique
OG_06367	1	1	unique
OG_06368	1	1	unique
OG_06369	1	1	unique
OG_06370	1	1	unique
OG_06371	1	1	unique
OG_06372	1	1	unique
OG_06373	1	1	unique
OG_06374	1	1	unique
OG_06375	1	1	unique
OG_06376	1	1	unique
OG_06377	1	1	unique
OG_06378	1	1	unique
OG_06379	1	1	unique
OG_06380	1	1	unique
OG_06381	1	1	unique
OG_06382	1	1	unique
OG_06383	1	1	unique
OG_06384	1	1	unique
OG_06385	1	1	unique
OG_06386	1	1	unique
OG_06387	1	1	unique
OG_06388	1	1	unique
OG_06389	1	1	unique
OG_06390	1	1	unique
OG_06391	1	1	unique
OG_06392	1	1	unique
OG_06393	1	1	unique
OG_06394	1	1	unique
OG_06395	1	1	unique
OG_06396	1	1	unique
OG_06397	1	1	unique
OG_06398	1	1	unique
OG_06399	1	1	unique
OG_06400	1	1	unique
OG_06401	1	1	unique
OG_06402	1	1	unique
OG_06403	1	1	unique
OG_06404	1	1	unique
OG_06405	1	1	unique
OG_06406	1	1	unique
OG_06407	1	1	unique
OG_06408	1	1	unique
OG_06409	1	1	unique
OG_06410	1	1	unique
OG_06411	1	1	unique
OG_06412	1	1	unique
OG_06413	1	1	unique
OG_06414	1	1	unique
OG_06415	1	1	unique
OG_06416	1	1	unique
OG_06417	1	1	unique
OG_06418	1	1	unique
OG_06419	1	1	unique
OG_06420	1	1	unique
OG_06421	1	1	unique
OG_06422	1	1	unique
OG_06423	1	1	unique
OG_06424	1	1	unique
OG_06425	1	1	unique
OG_06426	1	1	unique
OG_06427	1	1	unique
OG_06428	1	1	unique
OG_06429	1	1	unique
OG_06430	1	1	unique
OG_06431	1	1	unique
OG_06432	1	1	unique
OG_06433	1	1	unique
OG_06434	1	1	unique
OG_06435	1	1	unique
OG_06436	1	1	unique
OG_06437	1	1	unique
OG_06438	1	1	unique
OG_06439	1	1	unique
OG_06440	1	1	unique
OG_06441	1	1	unique
OG_06442	1	1	unique
OG_06443	1	1	unique
OG_06444	1	1	unique
OG_06445	1	1	unique
OG_06446	1	1	unique
OG_06447	1	1	unique
OG_06448	1	1	unique
OG_06449	1	1	unique
OG_06450	1	1	unique
OG_06451	1	1	unique
OG_06452	1	1	unique
OG_06453	1	1	unique
OG_06454	1	1	unique
OG_06455	1	1	unique
OG_06456	1	1	unique
OG_06457	1	1	unique
OG_06458	1	1	unique
OG_06459	1	1	unique
OG_06460	1	1	unique
OG_06461	1	1	unique
OG_06462	1	1	unique
OG_06463	1	1	unique
OG_06464	1	1	unique
OG_06465	1	1	unique
OG_06466	1	1	unique
OG_06467	1	1	unique
OG_06468	1	1	unique
OG_06469	1	1	unique
OG_06470	1	1	unique
OG_06471	1	1	unique
OG_06472	1	1	unique
OG_06473	1	1	unique
OG_06474	1	1	unique
OG_06475	1	1	unique
OG_06476	1	1	unique
OG_06477	1	1	unique
OG_06478	1	1	unique
OG_06479	1	1	unique
OG_06480	1	1	unique
OG_06481	1	1	unique
OG_06482	1	1	unique
OG_06483	1	1	unique
OG_06484	1	1	unique
OG_06485	1	1	unique
OG_06486	1	1	unique
OG_06487	1	1	unique
OG_06488	1	1	unique
OG_06489	1	1	unique
OG_06490	1	1	unique
OG_06491	1	1	unique
OG_06492	1	1	unique
OG_06493	1	1	unique
OG_06494	1	1	unique
OG_06495	1	1	unique
OG_06496	1	1	unique
OG_06497	1	1	unique
OG_06498	1	1	unique
OG_06499	1	1	unique
OG_06500	1	1	unique
OG_06501	1	1	unique
OG_06502	1	1	unique
OG_06503	1	1	unique
OG_06504	1	1	unique
OG_06505	1	1	unique
OG_06506	1	1	unique
OG_06507	1	1	unique
OG_06508	1	1	unique
OG_06509	1	1	unique
OG_06510	1	1	unique
OG_06511	1	1	unique
OG_06512	1	1	unique
OG_06513	1	1	unique
OG_06514	1	1	unique
OG_06515	1	1	unique
OG_06516	1	1	unique
OG_06517	1	1	unique
OG_06518	1	1	unique
OG_06519	1	1	unique
OG_06520	1	1	unique
OG_06521	1	1	unique
OG_06522	1	1	unique
OG_06523	1	1	unique
OG_06524	1	1	unique
OG_06525	1	1	unique
OG_06526	1	1	unique
OG_06527	1	1	unique
OG_06528	1	1	unique
OG_06529	1	1	unique
OG_06530	1	1	unique
OG_06531	1	1	unique
OG_06532	1	1	unique
OG_06533	1	1	unique
OG_06534	1	1	unique
OG_06535	1	1	unique
OG_06536	1	1	unique
OG_06537	1	1	unique
OG_06538	1	1	unique
OG_06539	1	1	unique
OG_06540	1	1	unique
OG_06541	1	1	unique
OG_06542	1	1	unique
OG_06543	1	1	unique
OG_06544	1	1	unique
OG_06545	1	1	unique
OG_06546	1	1	unique
OG_06547	1	1	unique
OG_06548	1	1	unique
OG_06549	1	1	unique
OG_06550	1	1	unique
OG_06551	1	1	unique
OG_06552	1	1	unique
OG_06553	1	1	unique
OG_06554	1	1	unique
OG_06555	1	1	unique
OG_06556	1	1	unique
OG_06557	1	1	unique
OG_06558	1	1	unique
OG_06559	1	1	unique
OG_06560	1	1	unique
OG_06561	1	1	unique
OG_06562	1	1	unique
OG_06563	1	1	unique
OG_06564	1	1	unique
OG_06565	1	1	unique
OG_06566	1	1	unique
OG_06567	1	1	unique
OG_06568	1	1	unique
OG_06569	1	1	unique
OG_06570	1	1	unique
OG_06571	1	1	unique
OG_06572	1	1	unique
OG_06573	1	1	unique
OG_06574	1	1	unique
OG_06575	1	1	unique
OG_06576	1	1	unique
OG_06577	1	1	unique
OG_06578	1	1	unique
OG_06579	1	1	unique
OG_06580	1	1	unique
OG_06581	1	1	unique
OG_06582	1	1	unique
OG_06583	1	1	unique
OG_06584	1	1	unique
OG_06585	1	1	unique
OG_06586	1	1	unique
OG_06587	1	1	unique
OG_06588	1	1	unique
OG_06589	1	1	unique
OG_06590	1	1	unique
OG_06591	1	1	unique
OG_06592	1	1	unique
OG_06593	1	1	unique
OG_06594	1	1	unique
OG_06595	1	1	unique
OG_06596	1	1	unique
OG_06597	1	1	unique
OG_06598	1	1	unique
OG_06599	1	1	unique
OG_06600	1	1	unique
OG_06601	1	1	unique
OG_06602	1	1	unique
OG_06603	1	1	unique
OG_06604	1	1	unique
OG_06605	1	1	unique
OG_06606	1	1	unique
OG_06607	1	1	unique
OG_06608	1	1	unique
OG_06609	1	1	unique
OG_06610	1	1	unique
OG_06611	1	1	unique
OG_06612	1	1	unique
OG_06613	1	1	unique
OG_06614	1	1	unique
OG_06615	1	1	unique
OG_06616	1	1	unique
OG_06617	1	1	unique
OG_06618	1	1	unique
OG_06619	1	1	unique
OG_06620	1	1	unique
OG_06621	1	1	unique
OG_06622	1	1	unique
OG_06623	1	1	unique
OG_06624	1	1	unique
OG_06625	1	1	unique
OG_06626	1	1	unique
OG_06627	1	1	unique
OG_06628	1	1	unique
OG_06629	1	1	unique
OG_06630	1	1	unique
OG_06631	1	1	unique
OG_06632	1	1	unique
OG_06633	1	1	unique
OG_06634	1	1	unique
OG_06635	1	1	unique
OG_06636	1	1	unique
OG_06637	1	1	unique
OG_06638	1	1	unique
OG_06639	1	1	unique
OG_06640	1	1	unique
OG_06641	1	1	unique
OG_06642	1	1	unique
OG_06643	1	1	unique
OG_06644	1	1	unique
OG_06645	1	1	unique
OG_06646	1	1	unique
OG_06647	1	1	unique
OG_06648	1	1	unique
OG_06649	1	1	unique
OG_06650	1	1	unique
OG_06651	1	1	unique
OG_06652	1	1	unique
OG_06653	1	1	unique
OG_06654	1	1	unique
OG_06655	1	1	unique
OG_06656	1	1	unique
OG_06657	1	1	unique
OG_06658	1	1	unique
OG_06659	1	1	unique
OG_06660	1	1	unique
OG_06661	1	1	unique
OG_06662	1	1	unique
OG_06663	1	1	unique
OG_06664	1	1	unique
OG_06665	1	1	unique
OG_06666	1	1	unique
OG_06667	1	1	unique
OG_06668	1	1	unique
OG_06669	1	1	unique
OG_06670	1	1	unique
OG_06671	1	1	unique
OG_06672	1	1	unique
OG_06673	1	1	unique
OG_06674	1	1	unique
OG_06675	1	1	unique
OG_06676	1	1	unique
OG_06677	1	1	unique
OG_06678	1	1	unique
OG_06679	1	1	unique
OG_06680	1	1	unique
OG_06681	1	1	unique
OG_06682	1	1	unique
OG_06683	1	1	unique
OG_06684	1	1	unique
OG_06685	1	1	unique
OG_06686	1	1	unique
OG_06687	1	1	unique
OG_06688	1	1	unique
OG_06689	1	1	unique
OG_06690	1	1	unique
OG_06691	1	1	unique
OG_06692	1	1	unique
OG_06693	1	1	unique
OG_06694	1	1	unique
OG_06695	1	1	unique
OG_06696	1	1	unique
OG_06697	1	1	unique
OG_06698	1	1	unique
OG_06699	1	1	unique
OG_06700	1	1	unique
OG_06701	1	1	unique
OG_06702	1	1	unique
OG_06703	1	1	unique
OG_06704	1	1	unique
OG_06705	1	1	unique
OG_06706	1	1	unique
OG_06707	1	1	unique
OG_06708	1	1	unique
OG_06709	1	1	unique
OG_06710	1	1	unique
OG_06711	1	1	unique
OG_06712	1	1	unique
OG_06713	1	1	unique
OG_06714	1	1	unique
OG_06715	1	1	unique
OG_06716	1	1	unique
OG_06717	1	1	unique
OG_06718	1	1	unique
OG_06719	1	1	unique
OG_06720	1	1	unique
OG_06721	1	1	unique
OG_06722	1	1	unique
OG_06723	1	1	unique
OG_06724	1	1	unique
OG_06725	1	1	unique
OG_06726	1	1	unique
OG_06727	1	1	unique
OG_06728	1	1	unique
OG_06729	1	1	unique
OG_06730	1	1	unique
OG_06731	1	1	unique
OG_06732	1	1	unique
OG_06733	1	1	unique
OG_06734	1	1	unique
OG_06735	1	1	unique
OG_06736	1	1	unique
OG_06737	1	1	unique
OG_06738	1	1	unique
OG_06739	1	1	unique
OG_06740	1	1	unique
OG_06741	1	1	unique
OG_06742	1	1	unique
OG_06743	1	1	unique
OG_06744	1	1	unique
OG_06745	1	1	unique
OG_06746	1	1	unique
OG_06747	1	1	unique
OG_06748	1	1	unique
OG_06749	1	1	unique
OG_06750	1	1	unique
OG_06751	1	1	unique
OG_06752	1	1	unique
OG_06753	1	1	unique
OG_06754	1	1	unique
OG_06755	1	1	unique
OG_06756	1	1	unique
OG_06757	1	1	unique
OG_06758	1	1	unique
OG_06759	1	1	unique
OG_06760	1	1	unique
OG_06761	1	1	unique
OG_06762	1	1	unique
OG_06763	1	1	unique
OG_06764	1	1	unique
OG_06765	1	1	unique
OG_06766	1	1	unique
OG_06767	1	1	unique
OG_06768	1	1	unique
OG_06769	1	1	unique
OG_06770	1	1	unique
OG_06771	1	1	unique
OG_06772	1	1	unique
OG_06773	1	1	unique
OG_06774	1	1	unique
OG_06775	1	1	unique
OG_06776	1	1	unique
OG_06777	1	1	unique
OG_06778	1	1	unique
OG_06779	1	1	unique
OG_06780	1	1	unique
OG_06781	1	1	unique
OG_06782	1	1	unique
OG_06783	1	1	unique
OG_06784	1	1	unique
OG_06785	1	1	unique
OG_06786	1	1	unique
OG_06787	1	1	unique
OG_06788	1	1	unique
OG_06789	1	1	unique
OG_06790	1	1	unique
OG_06791	1	1	unique
OG_06792	1	1	unique
OG_06793	1	1	unique
OG_06794	1	1	unique
OG_06795	1	1	unique
OG_06796	1	1	unique
OG_06797	1	1	unique
OG_06798	1	1	unique
OG_06799	1	1	unique
OG_06800	1	1	unique
OG_06801	1	1	unique
OG_06802	1	1	unique
OG_06803	1	1	unique
OG_06804	1	1	unique
OG_06805	1	1	unique
OG_06806	1	1	unique
OG_06807	1	1	unique
OG_06808	1	1	unique
OG_06809	1	1	unique
OG_06810	1	1	unique
OG_06811	1	1	unique
OG_06812	1	1	unique
OG_06813	1	1	unique
OG_06814	1	1	unique
OG_06815	1	1	unique
OG_06816	1	1	unique
OG_06817	1	1	unique
OG_06818	1	1	unique
OG_06819	1	1	unique
OG_06820	1	1	unique
OG_06821	1	1	unique
OG_06822	1	1	unique
OG_06823	1	1	unique
OG_06824	1	1	unique
OG_06825	1	1	unique
OG_06826	1	1	unique
OG_06827	1	1	unique
OG_06828	1	1	unique
OG_06829	1	1	unique
OG_06830	1	1	unique
OG_06831	1	1	unique
OG_06832	1	1	unique
OG_06833	1	1	unique
OG_06834	1	1	unique
OG_06835	1	1	unique
OG_06836	1	1	unique
OG_06837	1	1	unique
OG_06838	1	1	unique
OG_06839	1	1	unique
OG_06840	1	1	unique
OG_06841	1	1	unique
OG_06842	1	1	unique
OG_06843	1	1	unique
OG_06844	1	1	unique
OG_06845	1	1	unique
OG_06846	1	1	unique
OG_06847	1	1	unique
OG_06848	1	1	unique
OG_06849	1	1	unique
OG_06850	1	1	unique
OG_06851	1	1	unique
OG_06852	1	1	unique
OG_06853	1	1	unique
OG_06854	1	1	unique
OG_06855	1	1	unique
OG_06856	1	1	unique
OG_06857	1	1	unique
OG_06858	1	1	unique
OG_06859	1	1	unique
OG_06860	1	1	unique
OG_06861	1	1	unique
OG_06862	1	1	unique
OG_06863	1	1	unique
OG_06864	1	1	unique
OG_06865	1	1	unique
OG_06866	1	1	unique
OG_06867	1	1	unique
OG_06868	1	1	unique
OG_06869	1	1	unique
OG_06870	1	1	unique
OG_06871	1	1	unique
OG_06872	1	1	unique
OG_06873	1	1	unique
OG_06874	1	1	unique
OG_06875	1	1	unique
OG_06876	1	1	unique
OG_06877	1	1	unique
OG_06878	1	1	unique
OG_06879	1	1	unique
OG_06880	1	1	unique
OG_06881	1	1	unique
OG_06882	1	1	unique
OG_06883	1	1	unique
OG_06884	1	1	unique
OG_06885	1	1	unique
OG_06886	1	1	unique
OG_06887	1	1	unique
OG_06888	1	1	unique
OG_06889	1	1	unique
OG_06890	1	1	unique
OG_06891	1	1	unique
OG_06892	1	1	unique
OG_06893	1	1	unique
OG_06894	1	1	unique
OG_06895	1	1	unique
OG_06896	1	1	unique
OG_06897	1	1	unique
OG_06898	1	1	unique
OG_06899	1	1	unique
OG_06900	1	1	unique
OG_06901	1	1	unique
OG_06902	1	1	unique
OG_06903	1	1	unique
OG_06904	1	1	unique
OG_06905	1	1	unique
OG_06906	1	1	unique
OG_06907	1	1	unique
OG_06908	1	1	unique
OG_06909	1	1	unique
OG_06910	1	1	unique
OG_06911	1	1	unique
OG_06912	1	1	unique
OG_06913	1	1	unique
OG_06914	1	1	unique
OG_06915	1	1	unique
OG_06916	1	1	unique
OG_06917	1	1	unique
OG_06918	1	1	unique
OG_06919	1	1	unique
OG_06920	1	1	unique
OG_06921	1	1	unique
OG_06922	1	1	unique
OG_06923	1	1	unique
OG_06924	1	1	unique
OG_06925	1	1	unique
OG_06926	1	1	unique
OG_06927	1	1	unique
OG_06928	1	1	unique
OG_06929	1	1	unique
OG_06930	1	1	unique
OG_06931	1	1	unique
OG_06932	1	1	unique
OG_06933	1	1	unique
OG_06934	1	1	unique
OG_06935	1	1	unique
OG_06936	1	1	unique
OG_06937	1	1	unique
OG_06938	1	1	unique
OG_06939	1	1	unique
OG_06940	1	1	unique
OG_06941	1	1	unique
OG_06942	1	1	unique
OG_06943	1	1	unique
OG_06944	1	1	unique
OG_06945	1	1	unique
OG_06946	1	1	unique
OG_06947	1	1	unique
OG_06948	1	1	unique
OG_06949	1	1	unique
OG_06950	1	1	unique
OG_06951	1	1	unique
OG_06952	1	1	unique
OG_06953	1	1	unique
OG_06954	1	1	unique
OG_06955	1	1	unique
OG_06956	1	1	unique
OG_06957	1	1	unique
OG_06958	1	1	unique
OG_06959	1	1	unique
OG_06960	1	1	unique
OG_06961	1	1	unique
OG_06962	1	1	unique
OG_06963	1	1	unique
OG_06964	1	1	unique
OG_06965	1	1	unique
OG_06966	1	1	unique
OG_06967	1	1	unique
OG_06968	1	1	unique
OG_06969	1	1	unique
OG_06970	1	1	unique
OG_06971	1	1	unique
OG_06972	1	1	unique
OG_06973	1	1	unique
OG_06974	1	1	unique
OG_06975	1	1	unique
OG_06976	1	1	unique
OG_06977	1	1	unique
OG_06978	1	1	unique
OG_06979	1	1	unique
OG_06980	1	1	unique
OG_06981	1	1	unique
OG_06982	1	1	unique
OG_06983	1	1	unique
OG_06984	1	1	unique
OG_06985	1	1	unique
OG_06986	1	1	unique
OG_06987	1	1	unique
OG_06988	1	1	unique
OG_06989	1	1	unique
OG_06990	1	1	unique
OG_06991	1	1	unique
OG_06992	1	1	unique
OG_06993	1	1	unique
OG_06994	1	1	unique
OG_06995	1	1	unique
OG_06996	1	1	unique
OG_06997	1	1	unique
OG_06998	1	1	unique
OG_06999	1	1	unique
OG_07000	1	1	unique
OG_07001	1	1	unique
OG_07002	1	1	unique
OG_07003	1	1	unique
OG_07004	1	1	unique
OG_07005	1	1	unique
OG_07006	1	1	unique
OG_07007	1	1	unique
OG_07008	1	1	unique
OG_07009	1	1	unique
OG_07010	1	1	unique
OG_07011	1	1	unique
OG_07012	1	1	unique
OG_07013	1	1	unique
OG_07014	1	1	unique
OG_07015	1	1	unique
OG_07016	1	1	unique
OG_07017	1	1	unique
OG_07018	1	1	unique
OG_07019	1	1	unique
OG_07020	1	1	unique
OG_07021	1	1	unique
OG_07022	1	1	unique
OG_07023	1	1	unique
OG_07024	1	1	unique
OG_07025	1	1	unique
OG_07026	1	1	unique
OG_07027	1	1	unique
OG_07028	1	1	unique
OG_07029	1	1	unique
OG_07030	1	1	unique
OG_07031	1	1	unique
OG_07032	1	1	unique
OG_07033	1	1	unique
OG_07034	1	1	unique
OG_07035	1	1	unique
OG_07036	1	1	unique
OG_07037	1	1	unique
OG_07038	1	1	unique
OG_07039	1	1	unique
OG_07040	1	1	unique
OG_07041	1	1	unique
OG_07042	1	1	unique
OG_07043	1	1	unique
OG_07044	1	1	unique
OG_07045	1	1	unique
OG_07046	1	1	unique
OG_07047	1	1	unique
OG_07048	1	1	unique
OG_07049	1	1	unique
OG_07050	1	1	unique
OG_07051	1	1	unique
OG_07052	1	1	unique
OG_07053	1	1	unique
OG_07054	1	1	unique
OG_07055	1	1	unique
OG_07056	1	1	unique
OG_07057	1	1	unique
OG_07058	1	1	unique
OG_07059	1	1	unique
OG_07060	1	1	unique
OG_07061	1	1	unique
OG_07062	1	1	unique
OG_07063	1	1	unique
OG_07064	1	1	unique
OG_07065	1	1	unique
OG_07066	1	1	unique
OG_07067	1	1	unique
OG_07068	1	1	unique
OG_07069	1	1	unique
OG_07070	1	1	unique
OG_07071	1	1	unique
OG_07072	1	1	unique
OG_07073	1	1	unique
OG_07074	1	1	unique
OG_07075	1	1	unique
OG_07076	1	1	unique
OG_07077	1	1	unique
OG_07078	1	1	unique
OG_07079	1	1	unique
OG_07080	1	1	unique
OG_07081	1	1	unique
OG_07082	1	1	unique
OG_07083	1	1	unique
OG_07084	1	1	unique
OG_07085	1	1	unique
OG_07086	1	1	unique
OG_07087	1	1	unique
OG_07088	1	1	unique
OG_07089	1	1	unique
OG_07090	1	1	unique
OG_07091	1	1	unique
OG_07092	1	1	unique
OG_07093	1	1	unique
OG_07094	1	1	unique
OG_07095	1	1	unique
OG_07096	1	1	unique
OG_07097	1	1	unique
OG_07098	1	1	unique
OG_07099	1	1	unique
OG_07100	1	1	unique
OG_07101	1	1	unique
OG_07102	1	1	unique
OG_07103	1	1	unique
OG_07104	1	1	unique
OG_07105	1	1	unique
OG_07106	1	1	unique
OG_07107	1	1	unique
OG_07108	1	1	unique
OG_07109	1	1	unique
OG_07110	1	1	unique
OG_07111	1	1	unique
OG_07112	1	1	unique
OG_07113	1	1	unique
OG_07114	1	1	unique
OG_07115	1	1	unique
OG_07116	1	1	unique
OG_07117	1	1	unique
OG_07118	1	1	unique
OG_07119	1	1	unique
OG_07120	1	1	unique
OG_07121	1	1	unique
OG_07122	1	1	unique
OG_07123	1	1	unique
OG_07124	1	1	unique
OG_07125	1	1	unique
OG_07126	1	1	unique
OG_07127	1	1	unique
OG_07128	1	1	unique
OG_07129	1	1	unique
OG_07130	1	1	unique
OG_07131	1	1	unique
OG_07132	1	1	unique
OG_07133	1	1	unique
OG_07134	1	1	unique
OG_07135	1	1	unique
OG_07136	1	1	unique
OG_07137	1	1	unique
OG_07138	1	1	unique
OG_07139	1	1	unique
OG_07140	1	1	unique
OG_07141	1	1	unique
OG_07142	1	1	unique
OG_07143	1	1	unique
OG_07144	1	1	unique
OG_07145	1	1	unique
OG_07146	1	1	unique
OG_07147	1	1	unique
OG_07148	1	1	unique
OG_07149	1	1	unique
OG_07150	1	1	unique
OG_07151	1	1	unique
OG_07152	1	1	unique
OG_07153	1	1	unique
OG_07154	1	1	unique
OG_07155	1	1	unique
OG_07156	1	1	unique
OG_07157	1	1	unique
OG_07158	1	1	unique
OG_07159	1	1	unique
OG_07160	1	1	unique
OG_07161	1	1	unique
OG_07162	1	1	unique
OG_07163	1	1	unique
OG_07164	1	1	unique
OG_07165	1	1	unique
OG_07166	1	1	unique
OG_07167	1	1	unique
OG_07168	1	1	unique
OG_07169	1	1	unique
OG_07170	1	1	unique
OG_07171	1	1	unique
OG_07172	1	1	unique
OG_07173	1	1	unique
OG_07174	1	1	unique
OG_07175	1	1	unique
OG_07176	1	1	unique
OG_07177	1	1	unique
OG_07178	1	1	unique
OG_07179	1	1	unique
OG_07180	1	1	unique
OG_07181	1	1	unique
OG_07182	1	1	unique
OG_07183	1	1	unique
OG_07184	1	1	unique
OG_07185	1	1	unique
OG_07186	1	1	unique
OG_07187	1	1	unique
OG_07188	1	1	unique
OG_07189	1	1	unique
OG_07190	1	1	unique
OG_07191	1	1	unique
OG_07192	1	1	unique
OG_07193	1	1	unique
OG_07194	1	1	unique
OG_07195	1	1	unique
OG_07196	1	1	unique
OG_07197	1	1	unique
OG_07198	1	1	unique
OG_07199	1	1	unique
OG_07200	1	1	unique
OG_07201	1	1	unique
OG_07202	1	1	unique
OG_07203	1	1	unique
OG_07204	1	1	unique
OG_07205	1	1	unique
OG_07206	1	1	unique
OG_07207	1	1	unique
OG_07208	1	1	unique
OG_07209	1	1	unique
OG_07210	1	1	unique
OG_07211	1	1	unique
OG_07212	1	1	unique
OG_07213	1	1	unique
OG_07214	1	1	unique
OG_07215	1	1	unique
OG_07216	1	1	unique
OG_07217	1	1	unique
OG_07218	1	1	unique
OG_07219	1	1	unique
OG_07220	1	1	unique
OG_07221	1	1	unique
OG_07222	1	1	unique
OG_07223	1	1	unique
OG_07224	1	1	unique
OG_07225	1	1	unique
OG_07226	1	1	unique
OG_07227	1	1	unique
OG_07228	1	1	unique
OG_07229	1	1	unique
OG_07230	1	1	unique
OG_07231	1	1	unique
OG_07232	1	1	unique
OG_07233	1	1	unique
OG_07234	1	1	unique
OG_07235	1	1	unique
OG_07236	1	1	unique
OG_07237	1	1	unique
OG_07238	1	1	unique
OG_07239	1	1	unique
OG_07240	1	1	unique
OG_07241	1	1	unique
OG_07242	1	1	unique
OG_07243	1	1	unique
OG_07244	1	1	unique
OG_07245	1	1	unique
OG_07246	1	1	unique
OG_07247	1	1	unique
OG_07248	1	1	unique
OG_07249	1	1	unique
OG_07250	1	1	unique
OG_07251	1	1	unique
OG_07252	1	1	unique
OG_07253	1	1	unique
OG_07254	1	1	unique
OG_07255	1	1	unique
OG_07256	1	1	unique
OG_07257	1	1	unique
OG_07258	1	1	unique
OG_07259	1	1	unique
OG_07260	1	1	unique
OG_07261	1	1	unique
OG_07262	1	1	unique
OG_07263	1	1	unique
OG_07264	1	1	unique
OG_07265	1	1	unique
OG_07266	1	1	unique
OG_07267	1	1	unique
OG_07268	1	1	unique
OG_07269	1	1	unique
OG_07270	1	1	unique
OG_07271	1	1	unique
OG_07272	1	1	unique
OG_07273	1	1	unique
OG_07274	1	1	unique
OG_07275	1	1	unique
OG_07276	1	1	unique
OG_07277	1	1	unique
OG_07278	1	1	unique
OG_07279	1	1	unique
OG_07280	1	1	unique
OG_07281	1	1	unique
OG_07282	1	1	unique
OG_07283	1	1	unique
OG_07284	1	1	unique
OG_07285	1	1	unique
OG_07286	1	1	unique
OG_07287	1	1	unique
OG_07288	1	1	unique
OG_07289	1	1	unique
OG_07290	1	1	unique
OG_07291	1	1	unique
OG_07292	1	1	unique
OG_07293	1	1	unique
OG_07294	1	1	unique
OG_07295	1	1	unique
OG_07296	1	1	unique
OG_07297	1	1	unique
OG_07298	1	1	unique
OG_07299	1	1	unique
OG_07300	1	1	unique
OG_07301	1	1	unique
OG_07302	1	1	unique
OG_07303	1	1	unique
OG_07304	1	1	unique
OG_07305	1	1	unique
OG_07306	1	1	unique
OG_07307	1	1	unique
OG_07308	1	1	unique
OG_07309	1	1	unique
OG_07310	1	1	unique
OG_07311	1	1	unique
OG_07312	1	1	unique
OG_07313	1	1	unique
OG_07314	1	1	unique
OG_07315	1	1	unique
OG_07316	1	1	unique
OG_07317	1	1	unique
OG_07318	1	1	unique
OG_07319	1	1	unique
OG_07320	1	1	unique
OG_07321	1	1	unique
OG_07322	1	1	unique
OG_07323	1	1	unique
OG_07324	1	1	unique
OG_07325	1	1	unique
OG_07326	1	1	unique
OG_07327	1	1	unique
OG_07328	1	1	unique
OG_07329	1	1	unique
OG_07330	1	1	unique
OG_07331	1	1	unique
OG_07332	1	1	unique
OG_07333	1	1	unique
OG_07334	1	1	unique
OG_07335	1	1	unique
OG_07336	1	1	unique
OG_07337	1	1	unique
OG_07338	1	1	unique
OG_07339	1	1	unique
OG_07340	1	1	unique
OG_07341	1	1	unique
OG_07342	1	1	unique
OG_07343	1	1	unique
OG_07344	1	1	unique
OG_07345	1	1	unique
OG_07346	1	1	unique
OG_07347	1	1	unique
OG_07348	1	1	unique
OG_07349	1	1	unique
OG_07350	1	1	unique
OG_07351	1	1	unique
OG_07352	1	1	unique
OG_07353	1	1	unique
OG_07354	1	1	unique
OG_07355	1	1	unique
OG_07356	1	1	unique
OG_07357	1	1	unique
OG_07358	1	1	unique
OG_07359	1	1	unique
OG_07360	1	1	unique
OG_07361	1	1	unique
OG_07362	1	1	unique
OG_07363	1	1	unique
OG_07364	1	1	unique
OG_07365	1	1	unique
OG_07366	1	1	unique
OG_07367	1	1	unique
OG_07368	1	1	unique
OG_07369	1	1	unique
OG_07370	1	1	unique
OG_07371	1	1	unique
OG_07372	1	1	unique
OG_07373	1	1	unique
OG_07374	1	1	unique
OG_07375	1	1	unique
OG_07376	1	1	unique
OG_07377	1	1	unique
OG_07378	1	1	unique
OG_07379	1	1	unique
OG_07380	1	1	unique
OG_07381	1	1	unique
OG_07382	1	1	unique
OG_07383	1	1	unique
OG_07384	1	1	unique
OG_07385	1	1	unique
OG_07386	1	1	unique
OG_07387	1	1	unique
OG_07388	1	1	unique
OG_07389	1	1	unique
OG_07390	1	1	unique
OG_07391	1	1	unique
OG_07392	1	1	unique
OG_07393	1	1	unique
OG_07394	1	1	unique
OG_07395	1	1	unique
OG_07396	1	1	unique
OG_07397	1	1	unique
OG_07398	1	1	unique
OG_07399	1	1	unique
OG_07400	1	1	unique
OG_07401	1	1	unique
OG_07402	1	1	unique
OG_07403	1	1	unique
OG_07404	1	1	unique
OG_07405	1	1	unique
OG_07406	1	1	unique
OG_07407	1	1	unique
OG_07408	1	1	unique
OG_07409	1	1	unique
OG_07410	1	1	unique
OG_07411	1	1	unique
OG_07412	1	1	unique
OG_07413	1	1	unique
OG_07414	1	1	unique
OG_07415	1	1	unique
OG_07416	1	1	unique
OG_07417	1	1	unique
OG_07418	1	1	unique
OG_07419	1	1	unique
OG_07420	1	1	unique
OG_07421	1	1	unique
OG_07422	1	1	unique
OG_07423	1	1	unique
OG_07424	1	1	unique
OG_07425	1	1	unique
OG_07426	1	1	unique
OG_07427	1	1	unique
OG_07428	1	1	unique
OG_07429	1	1	unique
OG_07430	1	1	unique
OG_07431	1	1	unique
OG_07432	1	1	unique
OG_07433	1	1	unique
OG_07434	1	1	unique
OG_07435	1	1	unique
OG_07436	1	1	unique
OG_07437	1	1	unique
OG_07438	1	1	unique
OG_07439	1	1	unique
OG_07440	1	1	unique
OG_07441	1	1	unique
OG_07442	1	1	unique
OG_07443	1	1	unique
OG_07444	1	1	unique
OG_07445	1	1	unique
OG_07446	1	1	unique
OG_07447	1	1	unique
OG_07448	1	1	unique
OG_07449	1	1	unique
OG_07450	1	1	unique
OG_07451	1	1	unique
OG_07452	1	1	unique
OG_07453	1	1	unique
OG_07454	1	1	unique
OG_07455	1	1	unique
OG_07456	1	1	unique
OG_07457	1	1	unique
OG_07458	1	1	unique
OG_07459	1	1	unique
OG_07460	1	1	unique
OG_07461	1	1	unique
OG_07462	1	1	unique
OG_07463	1	1	unique
OG_07464	1	1	unique
OG_07465	1	1	unique
OG_07466	1	1	unique
OG_07467	1	1	unique
OG_07468	1	1	unique
OG_07469	1	1	unique
OG_07470	1	1	unique
OG_07471	1	1	unique
OG_07472	1	1	unique
OG_07473	1	1	unique
OG_07474	1	1	unique
OG_07475	1	1	unique
OG_07476	1	1	unique
OG_07477	1	1	unique
OG_07478	1	1	unique
OG_07479	1	1	unique
OG_07480	1	1	unique
OG_07481	1	1	unique
OG_07482	1	1	unique
OG_07483	1	1	unique
OG_07484	1	1	unique
OG_07485	1	1	unique
OG_07486	1	1	unique
OG_07487	1	1	unique
OG_07488	1	1	unique
OG_07489	1	1	unique
OG_07490	1	1	unique
OG_07491	1	1	unique
OG_07492	1	1	unique
OG_07493	1	1	unique
OG_07494	1	1	unique
OG_07495	1	1	unique
OG_07496	1	1	unique
OG_07497	1	1	unique
OG_07498	1	1	unique
OG_07499	1	1	unique
OG_07500	1	1	unique
OG_07501	1	1	unique
OG_07502	1	1	unique
OG_07503	1	1	unique
OG_07504	1	1	unique
OG_07505	1	1	unique
OG_07506	1	1	unique
OG_07507	1	1	unique
OG_07508	1	1	unique
OG_07509	1	1	unique
OG_07510	1	1	unique
OG_07511	1	1	unique
OG_07512	1	1	unique
OG_07513	1	1	unique
OG_07514	1	1	unique
OG_07515	1	1	unique
OG_07516	1	1	unique
OG_07517	1	1	unique
OG_07518	1	1	unique
OG_07519	1	1	unique
OG_07520	1	1	unique
OG_07521	1	1	unique
OG_07522	1	1	unique
OG_07523	1	1	unique
OG_07524	1	1	unique
OG_07525	1	1	unique
OG_07526	1	1	unique
OG_07527	1	1	unique
OG_07528	1	1	unique
OG_07529	1	1	unique
OG_07530	1	1	unique
OG_07531	1	1	unique
OG_07532	1	1	unique
OG_07533	1	1	unique
OG_07534	1	1	unique
OG_07535	1	1	unique
OG_07536	1	1	unique
OG_07537	1	1	unique
OG_07538	1	1	unique
OG_07539	1	1	unique
OG_07540	1	1	unique
OG_07541	1	1	unique
OG_07542	1	1	unique
OG_07543	1	1	unique
OG_07544	1	1	unique
OG_07545	1	1	unique
OG_07546	1	1	unique
OG_07547	1	1	unique
OG_07548	1	1	unique
OG_07549	1	1	unique
OG_07550	1	1	unique
OG_07551	1	1	unique
OG_07552	1	1	unique
OG_07553	1	1	unique
OG_07554	1	1	unique
OG_07555	1	1	unique
OG_07556	1	1	unique
OG_07557	1	1	unique
OG_07558	1	1	unique
OG_07559	1	1	unique
OG_07560	1	1	unique
OG_07561	1	1	unique
OG_07562	1	1	unique
OG_07563	1	1	unique
OG_07564	1	1	unique
OG_07565	1	1	unique
OG_07566	1	1	unique
OG_07567	1	1	unique
OG_07568	1	1	unique
OG_07569	1	1	unique
OG_07570	1	1	unique
OG_07571	1	1	unique
OG_07572	1	1	unique
OG_07573	1	1	unique
OG_07574	1	1	unique
OG_07575	1	1	unique
OG_07576	1	1	unique
OG_07577	1	1	unique
OG_07578	1	1	unique
OG_07579	1	1	unique
OG_07580	1	1	unique
OG_07581	1	1	unique
OG_07582	1	1	unique
OG_07583	1	1	unique
OG_07584	1	1	unique
OG_07585	1	1	unique
OG_07586	1	1	unique
OG_07587	1	1	unique
OG_07588	1	1	unique
OG_07589	1	1	unique
OG_07590	1	1	unique
OG_07591	1	1	unique
OG_07592	1	1	unique
OG_07593	1	1	unique
OG_07594	1	1	unique
OG_07595	1	1	unique
OG_07596	1	1	unique
OG_07597	1	1	unique
OG_07598	1	1	unique
OG_07599	1	1	unique
OG_07600	1	1	unique
OG_07601	1	1	unique
OG_07602	1	1	unique
OG_07603	1	1	unique
OG_07604	1	1	unique
OG_07605	1	1	unique
OG_07606	1	1	unique
OG_07607	1	1	unique
OG_07608	1	1	unique
OG_07609	1	1	unique
OG_07610	1	1	unique
OG_07611	1	1	unique
OG_07612	1	1	unique
OG_07613	1	1	unique
OG_07614	1	1	unique
OG_07615	1	1	unique
OG_07616	1	1	unique
OG_07617	1	1	unique
OG_07618	1	1	unique
OG_07619	1	1	unique
OG_07620	1	1	unique
OG_07621	1	1	unique
OG_07622	1	1	unique
OG_07623	1	1	unique
OG_07624	1	1	unique
OG_07625	1	1	unique
OG_07626	1	1	unique
OG_07627	1	1	unique
OG_07628	1	1	unique
OG_07629	1	1	unique
OG_07630	1	1	unique
OG_07631	1	1	unique
OG_07632	1	1	unique
OG_07633	1	1	unique
OG_07634	1	1	unique
OG_07635	1	1	unique
OG_07636	1	1	unique
OG_07637	1	1	unique
OG_07638	1	1	unique
OG_07639	1	1	unique
OG_07640	1	1	unique
OG_07641	1	1	unique
OG_07642	1	1	unique
OG_07643	1	1	unique
OG_07644	1	1	unique
OG_07645	1	1	unique
OG_07646	1	1	unique
OG_07647	1	1	unique
OG_07648	1	1	unique
OG_07649	1	1	unique
OG_07650	1	1	unique
OG_07651	1	1	unique
OG_07652	1	1	unique
OG_07653	1	1	unique
OG_07654	1	1	unique
OG_07655	1	1	unique
OG_07656	1	1	unique
OG_07657	1	1	unique
OG_07658	1	1	unique
OG_07659	1	1	unique
OG_07660	1	1	unique
OG_07661	1	1	unique
OG_07662	1	1	unique
OG_07663	1	1	unique
OG_07664	1	1	unique
OG_07665	1	1	unique
OG_07666	1	1	unique
OG_07667	1	1	unique
OG_07668	1	1	unique
OG_07669	1	1	unique
OG_07670	1	1	unique
OG_07671	1	1	unique
OG_07672	1	1	unique
OG_07673	1	1	unique
OG_07674	1	1	unique
OG_07675	1	1	unique
OG_07676	1	1	unique
OG_07677	1	1	unique
OG_07678	1	1	unique
OG_07679	1	1	unique
OG_07680	1	1	unique
OG_07681	1	1	unique
OG_07682	1	1	unique
OG_07683	1	1	unique
OG_07684	1	1	unique
OG_07685	1	1	unique
OG_07686	1	1	unique
OG_07687	1	1	unique
OG_07688	1	1	unique
OG_07689	1	1	unique
OG_07690	1	1	unique
OG_07691	1	1	unique
OG_07692	1	1	unique
OG_07693	1	1	unique
OG_07694	1	1	unique
OG_07695	1	1	unique
OG_07696	1	1	unique
OG_07697	1	1	unique
OG_07698	1	1	unique
OG_07699	1	1	unique
OG_07700	1	1	unique
OG_07701	1	1	unique
OG_07702	1	1	unique
OG_07703	1	1	unique
OG_07704	1	1	unique
OG_07705	1	1	unique
OG_07706	1	1	unique
OG_07707	1	1	unique
OG_07708	1	1	unique
OG_07709	1	1	unique
OG_07710	1	1	unique
OG_07711	1	1	unique
OG_07712	1	1	unique
OG_07713	1	1	unique
OG_07714	1	1	unique
OG_07715	1	1	unique
OG_07716	1	1	unique
OG_07717	1	1	unique
OG_07718	1	1	unique
OG_07719	1	1	unique
OG_07720	1	1	unique
OG_07721	1	1	unique
OG_07722	1	1	unique
OG_07723	1	1	unique
OG_07724	1	1	unique
OG_07725	1	1	unique
OG_07726	1	1	unique
OG_07727	1	1	unique
OG_07728	1	1	unique
OG_07729	1	1	unique
OG_07730	1	1	unique
OG_07731	1	1	unique
OG_07732	1	1	unique
OG_07733	1	1	unique
OG_07734	1	1	unique
OG_07735	1	1	unique
OG_07736	1	1	unique
OG_07737	1	1	unique
OG_07738	1	1	unique
OG_07739	1	1	unique
OG_07740	1	1	unique
OG_07741	1	1	unique
OG_07742	1	1	unique
OG_07743	1	1	unique
OG_07744	1	1	unique
OG_07745	1	1	unique
OG_07746	1	1	unique
OG_07747	1	1	unique
OG_07748	1	1	unique
OG_07749	1	1	unique
OG_07750	1	1	unique
OG_07751	1	1	unique
OG_07752	1	1	unique
OG_07753	1	1	unique
OG_07754	1	1	unique
OG_07755	1	1	unique
OG_07756	1	1	unique
OG_07757	1	1	unique
OG_07758	1	1	unique
OG_07759	1	1	unique
OG_07760	1	1	unique
OG_07761	1	1	unique
OG_07762	1	1	unique
OG_07763	1	1	unique
OG_07764	1	1	unique
OG_07765	1	1	unique
OG_07766	1	1	unique
OG_07767	1	1	unique
OG_07768	1	1	unique
OG_07769	1	1	unique
OG_07770	1	1	unique
OG_07771	1	1	unique
OG_07772	1	1	unique
OG_07773	1	1	unique
OG_07774	1	1	unique
OG_07775	1	1	unique
OG_07776	1	1	unique
OG_07777	1	1	unique
OG_07778	1	1	unique
OG_07779	1	1	unique
OG_07780	1	1	unique
OG_07781	1	1	unique
OG_07782	1	1	unique
OG_07783	1	1	unique
OG_07784	1	1	unique
OG_07785	1	1	unique
OG_07786	1	1	unique
OG_07787	1	1	unique
OG_07788	1	1	unique
OG_07789	1	1	unique
OG_07790	1	1	unique
OG_07791	1	1	unique
OG_07792	1	1	unique
OG_07793	1	1	unique
OG_07794	1	1	unique
OG_07795	1	1	unique
OG_07796	1	1	unique
OG_07797	1	1	unique
OG_07798	1	1	unique
OG_07799	1	1	unique
OG_07800	1	1	unique
OG_07801	1	1	unique
OG_07802	1	1	unique
OG_07803	1	1	unique
OG_07804	1	1	unique
OG_07805	1	1	unique
OG_07806	1	1	unique
OG_07807	1	1	unique
OG_07808	1	1	unique
OG_07809	1	1	unique
OG_07810	1	1	unique
OG_07811	1	1	unique
OG_07812	1	1	unique
OG_07813	1	1	unique
OG_07814	1	1	unique
OG_07815	1	1	unique
OG_07816	1	1	unique
OG_07817	1	1	unique
OG_07818	1	1	unique
OG_07819	1	1	unique
OG_07820	1	1	unique
OG_07821	1	1	unique
OG_07822	1	1	unique
OG_07823	1	1	unique
OG_07824	1	1	unique
OG_07825	1	1	unique
OG_07826	1	1	unique
OG_07827	1	1	unique
OG_07828	1	1	unique
OG_07829	1	1	unique
OG_07830	1	1	unique
OG_07831	1	1	unique
OG_07832	1	1	unique
OG_07833	1	1	unique
OG_07834	1	1	unique
OG_07835	1	1	unique
OG_07836	1	1	unique
OG_07837	1	1	unique
OG_07838	1	1	unique
OG_07839	1	1	unique
OG_07840	1	1	unique
OG_07841	1	1	unique
OG_07842	1	1	unique
OG_07843	1	1	unique
OG_07844	1	1	unique
OG_07845	1	1	unique
OG_07846	1	1	unique
OG_07847	1	1	unique
OG_07848	1	1	unique
OG_07849	1	1	unique
OG_07850	1	1	unique
OG_07851	1	1	unique
OG_07852	1	1	unique
OG_07853	1	1	unique
OG_07854	1	1	unique
OG_07855	1	1	unique
OG_07856	1	1	unique
OG_07857	1	1	unique
OG_07858	1	1	unique
OG_07859	1	1	unique
OG_07860	1	1	unique
OG_07861	1	1	unique
OG_07862	1	1	unique
OG_07863	1	1	unique
OG_07864	1	1	unique
OG_07865	1	1	unique
OG_07866	1	1	unique
OG_07867	1	1	unique
OG_07868	1	1	unique
OG_07869	1	1	unique
OG_07870	1	1	unique
OG_07871	1	1	unique
OG_07872	1	1	unique
OG_07873	1	1	unique
OG_07874	1	1	unique
OG_07875	1	1	unique
OG_07876	1	1	unique
OG_07877	1	1	unique
OG_07878	1	1	unique
OG_07879	1	1	unique
OG_07880	1	1	unique
OG_07881	1	1	unique
OG_07882	1	1	unique
OG_07883	1	1	unique
OG_07884	1	1	unique
OG_07885	1	1	unique
OG_07886	1	1	unique
OG_07887	1	1	unique
OG_07888	1	1	unique
OG_07889	1	1	unique
OG_07890	1	1	unique
OG_07891	1	1	unique
OG_07892	1	1	unique
OG_07893	1	1	unique
OG_07894	1	1	unique
OG_07895	1	1	unique
OG_07896	1	1	unique
OG_07897	1	1	unique
OG_07898	1	1	unique
OG_07899	1	1	unique
OG_07900	1	1	unique
OG_07901	1	1	unique
OG_07902	1	1	unique
OG_07903	1	1	unique
OG_07904	1	1	unique
OG_07905	1	1	unique
OG_07906	1	1	unique
OG_07907	1	1	unique
OG_07908	1	1	unique
OG_07909	1	1	unique
OG_07910	1	1	unique
OG_07911	1	1	unique
OG_07912	1	1	unique
OG_07913	1	1	unique
OG_07914	1	1	unique
OG_07915	1	1	unique
OG_07916	1	1	unique
OG_07917	1	1	unique
OG_07918	1	1	unique
OG_07919	1	1	unique
OG_07920	1	1	unique
OG_07921	1	1	unique
OG_07922	1	1	unique
OG_07923	1	1	unique
OG_07924	1	1	unique
OG_07925	1	1	unique
OG_07926	1	1	unique
OG_07927	1	1	unique
OG_07928	1	1	unique
OG_07929	1	1	unique
OG_07930	1	1	unique
OG_07931	1	1	unique
OG_07932	1	1	unique
OG_07933	1	1	unique
OG_07934	1	1	unique
OG_07935	1	1	unique
OG_07936	1	1	unique
OG_07937	1	1	unique
OG_07938	1	1	unique
OG_07939	1	1	unique
OG_07940	1	1	unique
OG_07941	1	1	unique
OG_07942	1	1	unique
OG_07943	1	1	unique
OG_07944	1	1	unique
OG_07945	1	1	unique
OG_07946	1	1	unique
OG_07947	1	1	unique
OG_07948	1	1	unique
OG_07949	1	1	unique
OG_07950	1	1	unique
OG_07951	1	1	unique
OG_07952	1	1	unique
OG_07953	1	1	unique
OG_07954	1	1	unique
OG_07955	1	1	unique
OG_07956	1	1	unique
OG_07957	1	1	unique
OG_07958	1	1	unique
OG_07959	1	1	unique
OG_07960	1	1	unique
OG_07961	1	1	unique
OG_07962	1	1	unique
OG_07963	1	1	unique
OG_07964	1	1	unique
OG_07965	1	1	unique
OG_07966	1	1	unique
OG_07967	1	1	unique
OG_07968	1	1	unique
OG_07969	1	1	unique
OG_07970	1	1	unique
OG_07971	1	1	unique
OG_07972	1	1	unique
OG_07973	1	1	unique
OG_07974	1	1	unique
OG_07975	1	1	unique
OG_07976	1	1	unique
OG_07977	1	1	unique
OG_07978	1	1	unique
OG_07979	1	1	unique
OG_07980	1	1	unique
OG_07981	1	1	unique
OG_07982	1	1	unique
OG_07983	1	1	unique
OG_07984	1	1	unique
OG_07985	1	1	unique
OG_07986	1	1	unique
OG_07987	1	1	unique
OG_07988	1	1	unique
OG_07989	1	1	unique
OG_07990	1	1	unique
OG_07991	1	1	unique
OG_07992	1	1	unique
OG_07993	1	1	unique
OG_07994	1	1	unique
OG_07995	1	1	unique
OG_07996	1	1	unique
OG_07997	1	1	unique
OG_07998	1	1	unique
OG_07999	1	1	unique
OG_08000	1	1	unique
OG_08001	1	1	unique
OG_08002	1	1	unique
OG_08003	1	1	unique
OG_08004	1	1	unique
OG_08005	1	1	unique
OG_08006	1	1	unique
OG_08007	1	1	unique
OG_08008	1	1	unique
OG_08009	1	1	unique
OG_08010	1	1	unique
OG_08011	1	1	unique
OG_08012	1	1	unique
OG_08013	1	1	unique
OG_08014	1	1	unique
OG_08015	1	1	unique
OG_08016	1	1	unique
OG_08017	1	1	unique
OG_08018	1	1	unique
OG_08019	1	1	unique
OG_08020	1	1	unique
OG_08021	1	1	unique
OG_08022	1	1	unique
OG_08023	1	1	unique
OG_08024	1	1	unique
OG_08025	1	1	unique
OG_08026	1	1	unique
OG_08027	1	1	unique
OG_08028	1	1	unique
OG_08029	1	1	unique
OG_08030	1	1	unique
OG_08031	1	1	unique
OG_08032	1	1	unique
OG_08033	1	1	unique
OG_08034	1	1	unique
OG_08035	1	1	unique
OG_08036	1	1	unique
OG_08037	1	1	unique
OG_08038	1	1	unique
OG_08039	1	1	unique
OG_08040	1	1	unique
OG_08041	1	1	unique
OG_08042	1	1	unique
OG_08043	1	1	unique
OG_08044	1	1	unique
OG_08045	1	1	unique
OG_08046	1	1	unique
OG_08047	1	1	unique
OG_08048	1	1	unique
OG_08049	1	1	unique
OG_08050	1	1	unique
OG_08051	1	1	unique
OG_08052	1	1	unique
OG_08053	1	1	unique
OG_08054	1	1	unique
OG_08055	1	1	unique
OG_08056	1	1	unique
OG_08057	1	1	unique
OG_08058	1	1	unique
OG_08059	1	1	unique
OG_08060	1	1	unique
OG_08061	1	1	unique
OG_08062	1	1	unique
OG_08063	1	1	unique
OG_08064	1	1	unique
OG_08065	1	1	unique
OG_08066	1	1	unique
OG_08067	1	1	unique
OG_08068	1	1	unique
OG_08069	1	1	unique
OG_08070	1	1	unique
OG_08071	1	1	unique
OG_08072	1	1	unique
OG_08073	1	1	unique
OG_08074	1	1	unique
OG_08075	1	1	unique
OG_08076	1	1	unique
OG_08077	1	1	unique
OG_08078	1	1	unique
OG_08079	1	1	unique
OG_08080	1	1	unique
OG_08081	1	1	unique
OG_08082	1	1	unique
OG_08083	1	1	unique
OG_08084	1	1	unique
OG_08085	1	1	unique
OG_08086	1	1	unique
OG_08087	1	1	unique
OG_08088	1	1	unique
OG_08089	1	1	unique
OG_08090	1	1	unique
OG_08091	1	1	unique
OG_08092	1	1	unique
OG_08093	1	1	unique
OG_08094	1	1	unique
OG_08095	1	1	unique
OG_08096	1	1	unique
OG_08097	1	1	unique
OG_08098	1	1	unique
OG_08099	1	1	unique
OG_08100	1	1	unique
OG_08101	1	1	unique
OG_08102	1	1	unique
OG_08103	1	1	unique
OG_08104	1	1	unique
OG_08105	1	1	unique
OG_08106	1	1	unique
OG_08107	1	1	unique
OG_08108	1	1	unique
OG_08109	1	1	unique
OG_08110	1	1	unique
OG_08111	1	1	unique
OG_08112	1	1	unique
OG_08113	1	1	unique
OG_08114	1	1	unique
OG_08115	1	1	unique
OG_08116	1	1	unique
OG_08117	1	1	unique
OG_08118	1	1	unique
OG_08119	1	1	unique
OG_08120	1	1	unique
OG_08121	1	1	unique
OG_08122	1	1	unique
OG_08123	1	1	unique
OG_08124	1	1	unique
OG_08125	1	1	unique
OG_08126	1	1	unique
OG_08127	1	1	unique
OG_08128	1	1	unique
OG_08129	1	1	unique
OG_08130	1	1	unique
OG_08131	1	1	unique
OG_08132	1	1	unique
OG_08133	1	1	unique
OG_08134	1	1	unique
OG_08135	1	1	unique
OG_08136	1	1	unique
OG_08137	1	1	unique
OG_08138	1	1	unique
OG_08139	1	1	unique
OG_08140	1	1	unique
OG_08141	1	1	unique
OG_08142	1	1	unique
OG_08143	1	1	unique
OG_08144	1	1	unique
OG_08145	1	1	unique
OG_08146	1	1	unique
OG_08147	1	1	unique
OG_08148	1	1	unique
OG_08149	1	1	unique
OG_08150	1	1	unique
OG_08151	1	1	unique
OG_08152	1	1	unique
OG_08153	1	1	unique
OG_08154	1	1	unique
OG_08155	1	1	unique
OG_08156	1	1	unique
OG_08157	1	1	unique
OG_08158	1	1	unique
OG_08159	1	1	unique
OG_08160	1	1	unique
OG_08161	1	1	unique
OG_08162	1	1	unique
OG_08163	1	1	unique
OG_08164	1	1	unique
OG_08165	1	1	unique
OG_08166	1	1	unique
OG_08167	1	1	unique
OG_08168	1	1	unique
OG_08169	1	1	unique
OG_08170	1	1	unique
OG_08171	1	1	unique
OG_08172	1	1	unique
OG_08173	1	1	unique
OG_08174	1	1	unique
OG_08175	1	1	unique
OG_08176	1	1	unique
OG_08177	1	1	unique
OG_08178	1	1	unique
OG_08179	1	1	unique
OG_08180	1	1	unique
OG_08181	1	1	unique
OG_08182	1	1	unique
OG_08183	1	1	unique
OG_08184	1	1	unique
OG_08185	1	1	unique
OG_08186	1	1	unique
OG_08187	1	1	unique
OG_08188	1	1	unique
OG_08189	1	1	unique
OG_08190	1	1	unique
OG_08191	1	1	unique
OG_08192	1	1	unique
OG_08193	1	1	unique
OG_08194	1	1	unique
OG_08195	1	1	unique
OG_08196	1	1	unique
OG_08197	1	1	unique
OG_08198	1	1	unique
OG_08199	1	1	unique
OG_08200	1	1	unique
OG_08201	1	1	unique
OG_08202	1	1	unique
OG_08203	1	1	unique
OG_08204	1	1	unique
OG_08205	1	1	unique
OG_08206	1	1	unique
OG_08207	1	1	unique
OG_08208	1	1	unique
OG_08209	1	1	unique
OG_08210	1	1	unique
OG_08211	1	1	unique
OG_08212	1	1	unique
OG_08213	1	1	unique
OG_08214	1	1	unique
OG_08215	1	1	unique
OG_08216	1	1	unique
OG_08217	1	1	unique
OG_08218	1	1	unique
OG_08219	1	1	unique
OG_08220	1	1	unique
OG_08221	1	1	unique
OG_08222	1	1	unique
OG_08223	1	1	unique
OG_08224	1	1	unique
OG_08225	1	1	unique
OG_08226	1	1	unique
OG_08227	1	1	unique
OG_08228	1	1	unique
OG_08229	1	1	unique
OG_08230	1	1	unique
OG_08231	1	1	unique
OG_08232	1	1	unique
OG_08233	1	1	unique
OG_08234	1	1	unique
OG_08235	1	1	unique
OG_08236	1	1	unique
OG_08237	1	1	unique
OG_08238	1	1	unique
OG_08239	1	1	unique
OG_08240	1	1	unique
OG_08241	1	1	unique
OG_08242	1	1	unique
OG_08243	1	1	unique
OG_08244	1	1	unique
OG_08245	1	1	unique
OG_08246	1	1	unique
OG_08247	1	1	unique
OG_08248	1	1	unique
OG_08249	1	1	unique
OG_08250	1	1	unique
OG_08251	1	1	unique
OG_08252	1	1	unique
OG_08253	1	1	unique
OG_08254	1	1	unique
OG_08255	1	1	unique
OG_08256	1	1	unique
OG_08257	1	1	unique
OG_08258	1	1	unique
OG_08259	1	1	unique
OG_08260	1	1	unique
OG_08261	1	1	unique
OG_08262	1	1	unique
OG_08263	1	1	unique
OG_08264	1	1	unique
OG_08265	1	1	unique
OG_08266	1	1	unique
OG_08267	1	1	unique
OG_08268	1	1	unique
OG_08269	1	1	unique
OG_08270	1	1	unique
OG_08271	1	1	unique
OG_08272	1	1	unique
OG_08273	1	1	unique
OG_08274	1	1	unique
OG_08275	1	1	unique
OG_08276	1	1	unique
OG_08277	1	1	unique
OG_08278	1	1	unique
OG_08279	1	1	unique
OG_08280	1	1	unique
OG_08281	1	1	unique
OG_08282	1	1	unique
OG_08283	1	1	unique
OG_08284	1	1	unique
OG_08285	1	1	unique
OG_08286	1	1	unique
OG_08287	1	1	unique
OG_08288	1	1	unique
OG_08289	1	1	unique
OG_08290	1	1	unique
OG_08291	1	1	unique
OG_08292	1	1	unique
OG_08293	1	1	unique
OG_08294	1	1	unique
OG_08295	1	1	unique
OG_08296	1	1	unique
OG_08297	1	1	unique
OG_08298	1	1	unique
OG_08299	1	1	unique
OG_08300	1	1	unique
OG_08301	1	1	unique
OG_08302	1	1	unique
OG_08303	1	1	unique
OG_08304	1	1	unique
OG_08305	1	1	unique
OG_08306	1	1	unique
OG_08307	1	1	unique
OG_08308	1	1	unique
OG_08309	1	1	unique
OG_08310	1	1	unique
OG_08311	1	1	unique
OG_08312	1	1	unique
OG_08313	1	1	unique
OG_08314	1	1	unique
OG_08315	1	1	unique
OG_08316	1	1	unique
OG_08317	1	1	unique
OG_08318	1	1	unique
OG_08319	1	1	unique
OG_08320	1	1	unique
OG_08321	1	1	unique
OG_08322	1	1	unique
OG_08323	1	1	unique
OG_08324	1	1	unique
OG_08325	1	1	unique
OG_08326	1	1	unique
OG_08327	1	1	unique
OG_08328	1	1	unique
OG_08329	1	1	unique
OG_08330	1	1	unique
OG_08331	1	1	unique
OG_08332	1	1	unique
OG_08333	1	1	unique
OG_08334	1	1	unique
OG_08335	1	1	unique
OG_08336	1	1	unique
OG_08337	1	1	unique
OG_08338	1	1	unique
OG_08339	1	1	unique
OG_08340	1	1	unique
OG_08341	1	1	unique
OG_08342	1	1	unique
OG_08343	1	1	unique
OG_08344	1	1	unique
OG_08345	1	1	unique
OG_08346	1	1	unique
OG_08347	1	1	unique
OG_08348	1	1	unique
OG_08349	1	1	unique
OG_08350	1	1	unique
OG_08351	1	1	unique
OG_08352	1	1	unique
OG_08353	1	1	unique
OG_08354	1	1	unique
OG_08355	1	1	unique
OG_08356	1	1	unique
OG_08357	1	1	unique
OG_08358	1	1	unique
OG_08359	1	1	unique
OG_08360	1	1	unique
OG_08361	1	1	unique
OG_08362	1	1	unique
OG_08363	1	1	unique
OG_08364	1	1	unique
OG_08365	1	1	unique
OG_08366	1	1	unique
OG_08367	1	1	unique
OG_08368	1	1	unique
OG_08369	1	1	unique
OG_08370	1	1	unique
OG_08371	1	1	unique
OG_08372	1	1	unique
OG_08373	1	1	unique
OG_08374	1	1	unique
OG_08375	1	1	unique
OG_08376	1	1	unique
OG_08377	1	1	unique
OG_08378	1	1	unique
OG_08379	1	1	unique
OG_08380	1	1	unique
OG_08381	1	1	unique
OG_08382	1	1	unique
OG_08383	1	1	unique
OG_08384	1	1	unique
OG_08385	1	1	unique
OG_08386	1	1	unique
OG_08387	1	1	unique
OG_08388	1	1	unique
OG_08389	1	1	unique
OG_08390	1	1	unique
OG_08391	1	1	unique
OG_08392	1	1	unique
OG_08393	1	1	unique
OG_08394	1	1	unique
OG_08395	1	1	unique
OG_08396	1	1	unique
OG_08397	1	1	unique
OG_08398	1	1	unique
OG_08399	1	1	unique
OG_08400	1	1	unique
OG_08401	1	1	unique
OG_08402	1	1	unique
OG_08403	1	1	unique
OG_08404	1	1	unique
OG_08405	1	1	unique
OG_08406	1	1	unique
OG_08407	1	1	unique
OG_08408	1	1	unique
OG_08409	1	1	unique
OG_08410	1	1	unique
OG_08411	1	1	unique
OG_08412	1	1	unique
OG_08413	1	1	unique
OG_08414	1	1	unique
OG_08415	1	1	unique
OG_08416	1	1	unique
OG_08417	1	1	unique
OG_08418	1	1	unique
OG_08419	1	1	unique
OG_08420	1	1	unique
OG_08421	1	1	unique
OG_08422	1	1	unique
OG_08423	1	1	unique
OG_08424	1	1	unique
OG_08425	1	1	unique
OG_08426	1	1	unique
OG_08427	1	1	unique
OG_08428	1	1	unique
OG_08429	1	1	unique
OG_08430	1	1	unique
OG_08431	1	1	unique
OG_08432	1	1	unique
OG_08433	1	1	unique
OG_08434	1	1	unique
OG_08435	1	1	unique
OG_08436	1	1	unique
OG_08437	1	1	unique
OG_08438	1	1	unique
OG_08439	1	1	unique
OG_08440	1	1	unique
OG_08441	1	1	unique
OG_08442	1	1	unique
OG_08443	1	1	unique
OG_08444	1	1	unique
OG_08445	1	1	unique
OG_08446	1	1	unique
OG_08447	1	1	unique
OG_08448	1	1	unique
OG_08449	1	1	unique
OG_08450	1	1	unique
OG_08451	1	1	unique
OG_08452	1	1	unique
OG_08453	1	1	unique
OG_08454	1	1	unique
OG_08455	1	1	unique
OG_08456	1	1	unique
OG_08457	1	1	unique
OG_08458	1	1	unique
OG_08459	1	1	unique
OG_08460	1	1	unique
OG_08461	1	1	unique
OG_08462	1	1	unique
OG_08463	1	1	unique
OG_08464	1	1	unique
OG_08465	1	1	unique
OG_08466	1	1	unique
OG_08467	1	1	unique
OG_08468	1	1	unique
OG_08469	1	1	unique
OG_08470	1	1	unique
OG_08471	1	1	unique
OG_08472	1	1	unique
OG_08473	1	1	unique
OG_08474	1	1	unique
OG_08475	1	1	unique
OG_08476	1	1	unique
OG_08477	1	1	unique
OG_08478	1	1	unique
OG_08479	1	1	unique
OG_08480	1	1	unique
OG_08481	1	1	unique
OG_08482	1	1	unique
OG_08483	1	1	unique
OG_08484	1	1	unique
OG_08485	1	1	unique
OG_08486	1	1	unique
OG_08487	1	1	unique
OG_08488	1	1	unique
OG_08489	1	1	unique
OG_08490	1	1	unique
OG_08491	1	1	unique
OG_08492	1	1	unique
OG_08493	1	1	unique
OG_08494	1	1	unique
OG_08495	1	1	unique
OG_08496	1	1	unique
OG_08497	1	1	unique
OG_08498	1	1	unique
OG_08499	1	1	unique
OG_08500	1	1	unique
OG_08501	1	1	unique
OG_08502	1	1	unique
OG_08503	1	1	unique
OG_08504	1	1	unique
OG_08505	1	1	unique
OG_08506	1	1	unique
OG_08507	1	1	unique
OG_08508	1	1	unique
OG_08509	1	1	unique
OG_08510	1	1	unique
OG_08511	1	1	unique
OG_08512	1	1	unique
OG_08513	1	1	unique
OG_08514	1	1	unique
OG_08515	1	1	unique
OG_08516	1	1	unique
OG_08517	1	1	unique
OG_08518	1	1	unique
OG_08519	1	1	unique
OG_08520	1	1	unique
OG_08521	1	1	unique
OG_08522	1	1	unique
OG_08523	1	1	unique
OG_08524	1	1	unique
OG_08525	1	1	unique
OG_08526	1	1	unique
OG_08527	1	1	unique
OG_08528	1	1	unique
OG_08529	1	1	unique
OG_08530	1	1	unique
OG_08531	1	1	unique
OG_08532	1	1	unique
OG_08533	1	1	unique
OG_08534	1	1	unique
OG_08535	1	1	unique
OG_08536	1	1	unique
OG_08537	1	1	unique
OG_08538	1	1	unique
OG_08539	1	1	unique
OG_08540	1	1	unique
OG_08541	1	1	unique
OG_08542	1	1	unique
OG_08543	1	1	unique
OG_08544	1	1	unique
OG_08545	1	1	unique
OG_08546	1	1	unique
OG_08547	1	1	unique
OG_08548	1	1	unique
OG_08549	1	1	unique
OG_08550	1	1	unique
OG_08551	1	1	unique
OG_08552	1	1	unique
OG_08553	1	1	unique
OG_08554	1	1	unique
OG_08555	1	1	unique
OG_08556	1	1	unique
OG_08557	1	1	unique
OG_08558	1	1	unique
OG_08559	1	1	unique
OG_08560	1	1	unique
OG_08561	1	1	unique
OG_08562	1	1	unique
OG_08563	1	1	unique
OG_08564	1	1	unique
OG_08565	1	1	unique
OG_08566	1	1	unique
OG_08567	1	1	unique
OG_08568	1	1	unique
OG_08569	1	1	unique
OG_08570	1	1	unique
OG_08571	1	1	unique
OG_08572	1	1	unique
OG_08573	1	1	unique
OG_08574	1	1	unique
OG_08575	1	1	unique
OG_08576	1	1	unique
OG_08577	1	1	unique
OG_08578	1	1	unique
OG_08579	1	1	unique
OG_08580	1	1	unique
OG_08581	1	1	unique
OG_08582	1	1	unique
OG_08583	1	1	unique
OG_08584	1	1	unique
OG_08585	1	1	unique
OG_08586	1	1	unique
OG_08587	1	1	unique
OG_08588	1	1	unique
OG_08589	1	1	unique
OG_08590	1	1	unique
OG_08591	1	1	unique
OG_08592	1	1	unique
OG_08593	1	1	unique
OG_08594	1	1	unique
OG_08595	1	1	unique
OG_08596	1	1	unique
OG_08597	1	1	unique
OG_08598	1	1	unique
OG_08599	1	1	unique
OG_08600	1	1	unique
OG_08601	1	1	unique
OG_08602	1	1	unique
OG_08603	1	1	unique
OG_08604	1	1	unique
OG_08605	1	1	unique
OG_08606	1	1	unique
OG_08607	1	1	unique
OG_08608	1	1	unique
OG_08609	1	1	unique
OG_08610	1	1	unique
OG_08611	1	1	unique
OG_08612	1	1	unique
OG_08613	1	1	unique
OG_08614	1	1	unique
OG_08615	1	1	unique
OG_08616	1	1	unique
OG_08617	1	1	unique
OG_08618	1	1	unique
OG_08619	1	1	unique
OG_08620	1	1	unique
OG_08621	1	1	unique
OG_08622	1	1	unique
OG_08623	1	1	unique
OG_08624	1	1	unique
OG_08625	1	1	unique
OG_08626	1	1	unique
OG_08627	1	1	unique
OG_08628	1	1	unique
OG_08629	1	1	unique
OG_08630	1	1	unique
OG_08631	1	1	unique
OG_08632	1	1	unique
OG_08633	1	1	unique
OG_08634	1	1	unique
OG_08635	1	1	unique
OG_08636	1	1	unique
OG_08637	1	1	unique
OG_08638	1	1	unique
OG_08639	1	1	unique
OG_08640	1	1	unique
OG_08641	1	1	unique
OG_08642	1	1	unique
OG_08643	1	1	unique
OG_08644	1	1	unique
OG_08645	1	1	unique
OG_08646	1	1	unique
OG_08647	1	1	unique
OG_08648	1	1	unique
OG_08649	1	1	unique
OG_08650	1	1	unique
OG_08651	1	1	unique
OG_08652	1	1	unique
OG_08653	1	1	unique
OG_08654	1	1	unique
OG_08655	1	1	unique
OG_08656	1	1	unique
OG_08657	1	1	unique
OG_08658	1	1	unique
OG_08659	1	1	unique
OG_08660	1	1	unique
OG_08661	1	1	unique
OG_08662	1	1	unique
OG_08663	1	1	unique
OG_08664	1	1	unique
OG_08665	1	1	unique
OG_08666	1	1	unique
OG_08667	1	1	unique
OG_08668	1	1	unique
OG_08669	1	1	unique
OG_08670	1	1	unique
OG_08671	1	1	unique
OG_08672	1	1	unique
OG_08673	1	1	unique
OG_08674	1	1	unique
OG_08675	1	1	unique
OG_08676	1	1	unique
OG_08677	1	1	unique
OG_08678	1	1	unique
OG_08679	1	1	unique
OG_08680	1	1	unique
OG_08681	1	1	unique
OG_08682	1	1	unique
OG_08683	1	1	unique
OG_08684	1	1	unique
OG_08685	1	1	unique
OG_08686	1	1	unique
OG_08687	1	1	unique
OG_08688	1	1	unique
OG_08689	1	1	unique
OG_08690	1	1	unique
OG_08691	1	1	unique
OG_08692	1	1	unique
OG_08693	1	1	unique
OG_08694	1	1	unique
OG_08695	1	1	unique
OG_08696	1	1	unique
OG_08697	1	1	unique
OG_08698	1	1	unique
OG_08699	1	1	unique
OG_08700	1	1	unique
OG_08701	1	1	unique
OG_08702	1	1	unique
OG_08703	1	1	unique
OG_08704	1	1	unique
OG_08705	1	1	unique
OG_08706	1	1	unique
OG_08707	1	1	unique
OG_08708	1	1	unique
OG_08709	1	1	unique
OG_08710	1	1	unique
OG_08711	1	1	unique
OG_08712	1	1	unique
OG_08713	1	1	unique
OG_08714	1	1	unique
OG_08715	1	1	unique
OG_08716	1	1	unique
OG_08717	1	1	unique
OG_08718	1	1	unique
OG_08719	1	1	unique
OG_08720	1	1	unique
OG_08721	1	1	unique
OG_08722	1	1	unique
OG_08723	1	1	unique
OG_08724	1	1	unique
OG_08725	1	1	unique
OG_08726	1	1	unique
OG_08727	1	1	unique
OG_08728	1	1	unique
OG_08729	1	1	unique
OG_08730	1	1	unique
OG_08731	1	1	unique
OG_08732	1	1	unique
OG_08733	1	1	unique
OG_08734	1	1	unique
OG_08735	1	1	unique
OG_08736	1	1	unique
OG_08737	1	1	unique
OG_08738	1	1	unique
OG_08739	1	1	unique
OG_08740	1	1	unique
OG_08741	1	1	unique
OG_08742	1	1	unique
OG_08743	1	1	unique
OG_08744	1	1	unique
OG_08745	1	1	unique
OG_08746	1	1	unique
OG_08747	1	1	unique
OG_08748	1	1	unique
OG_08749	1	1	unique
OG_08750	1	1	unique
OG_08751	1	1	unique
OG_08752	1	1	unique
OG_08753	1	1	unique
OG_08754	1	1	unique
OG_08755	1	1	unique
OG_08756	1	1	unique
OG_08757	1	1	unique
OG_08758	1	1	unique
OG_08759	1	1	unique
OG_08760	1	1	unique
OG_08761	1	1	unique
OG_08762	1	1	unique
OG_08763	1	1	unique
OG_08764	1	1	unique
OG_08765	1	1	unique
OG_08766	1	1	unique
OG_08767	1	1	unique
OG_08768	1	1	unique
OG_08769	1	1	unique
OG_08770	1	1	unique
OG_08771	1	1	unique
OG_08772	1	1	unique
OG_08773	1	1	unique
OG_08774	1	1	unique
OG_08775	1	1	unique
OG_08776	1	1	unique
OG_08777	1	1	unique
OG_08778	1	1	unique
OG_08779	1	1	unique
OG_08780	1	1	unique
OG_08781	1	1	unique
OG_08782	1	1	unique
OG_08783	1	1	unique
OG_08784	1	1	unique
OG_08785	1	1	unique
OG_08786	1	1	unique
OG_08787	1	1	unique
OG_08788	1	1	unique
OG_08789	1	1	unique
OG_08790	1	1	unique
OG_08791	1	1	unique
OG_08792	1	1	unique
OG_08793	1	1	unique
OG_08794	1	1	unique
OG_08795	1	1	unique
OG_08796	1	1	unique
OG_08797	1	1	unique
OG_08798	1	1	unique
OG_08799	1	1	unique
OG_08800	1	1	unique
OG_08801	1	1	unique
OG_08802	1	1	unique
OG_08803	1	1	unique
OG_08804	1	1	unique
OG_08805	1	1	unique
OG_08806	1	1	unique
OG_08807	1	1	unique
OG_08808	1	1	unique
OG_08809	1	1	unique
OG_08810	1	1	unique
OG_08811	1	1	unique
OG_08812	1	1	unique
OG_08813	1	1	unique
OG_08814	1	1	unique
OG_08815	1	1	unique
OG_08816	1	1	unique
OG_08817	1	1	unique
OG_08818	1	1	unique
OG_08819	1	1	unique
OG_08820	1	1	unique
OG_08821	1	1	unique
OG_08822	1	1	unique
OG_08823	1	1	unique
OG_08824	1	1	unique
OG_08825	1	1	unique
OG_08826	1	1	unique
OG_08827	1	1	unique
OG_08828	1	1	unique
OG_08829	1	1	unique
OG_08830	1	1	unique
OG_08831	1	1	unique
OG_08832	1	1	unique
OG_08833	1	1	unique
OG_08834	1	1	unique
OG_08835	1	1	unique
OG_08836	1	1	unique
OG_08837	1	1	unique
OG_08838	1	1	unique
OG_08839	1	1	unique
OG_08840	1	1	unique
OG_08841	1	1	unique
OG_08842	1	1	unique
OG_08843	1	1	unique
OG_08844	1	1	unique
OG_08845	1	1	unique
OG_08846	1	1	unique
OG_08847	1	1	unique
OG_08848	1	1	unique
OG_08849	1	1	unique
OG_08850	1	1	unique
OG_08851	1	1	unique
OG_08852	1	1	unique
OG_08853	1	1	unique
OG_08854	1	1	unique
OG_08855	1	1	unique
OG_08856	1	1	unique
OG_08857	1	1	unique
OG_08858	1	1	unique
OG_08859	1	1	unique
OG_08860	1	1	unique
OG_08861	1	1	unique
OG_08862	1	1	unique
OG_08863	1	1	unique
OG_08864	1	1	unique
OG_08865	1	1	unique
OG_08866	1	1	unique
OG_08867	1	1	unique
OG_08868	1	1	unique
OG_08869	1	1	unique
OG_08870	1	1	unique
OG_08871	1	1	unique
OG_08872	1	1	unique
OG_08873	1	1	unique
OG_08874	1	1	unique
OG_08875	1	1	unique
OG_08876	1	1	unique
OG_08877	1	1	unique
OG_08878	1	1	unique
OG_08879	1	1	unique
OG_08880	1	1	unique
OG_08881	1	1	unique
OG_08882	1	1	unique
OG_08883	1	1	unique
OG_08884	1	1	unique
OG_08885	1	1	unique
OG_08886	1	1	unique
OG_08887	1	1	unique
OG_08888	1	1	unique
OG_08889	1	1	unique
OG_08890	1	1	unique
OG_08891	1	1	unique
OG_08892	1	1	unique
OG_08893	1	1	unique
OG_08894	1	1	unique
OG_08895	1	1	unique
OG_08896	1	1	unique
OG_08897	1	1	unique
OG_08898	1	1	unique
OG_08899	1	1	unique
OG_08900	1	1	unique
OG_08901	1	1	unique
OG_08902	1	1	unique
OG_08903	1	1	unique
OG_08904	1	1	unique
OG_08905	1	1	unique
OG_08906	1	1	unique
OG_08907	1	1	unique
OG_08908	1	1	unique
OG_08909	1	1	unique
OG_08910	1	1	unique
OG_08911	1	1	unique
OG_08912	1	1	unique
OG_08913	1	1	unique
OG_08914	1	1	unique
OG_08915	1	1	unique
OG_08916	1	1	unique
OG_08917	1	1	unique
OG_08918	1	1	unique
OG_08919	1	1	unique
OG_08920	1	1	unique
OG_08921	1	1	unique
OG_08922	1	1	unique
OG_08923	1	1	unique
OG_08924	1	1	unique
OG_08925	1	1	unique
OG_08926	1	1	unique
OG_08927	1	1	unique
OG_08928	1	1	unique
OG_08929	1	1	unique
OG_08930	1	1	unique
OG_08931	1	1	unique
OG_08932	1	1	unique
OG_08933	1	1	unique
OG_08934	1	1	unique
OG_08935	1	1	unique
OG_08936	1	1	unique
OG_08937	1	1	unique
OG_08938	1	1	unique
OG_08939	1	1	unique
OG_08940	1	1	unique
OG_08941	1	1	unique
OG_08942	1	1	unique
OG_08943	1	1	unique
OG_08944	1	1	unique
OG_08945	1	1	unique
OG_08946	1	1	unique
OG_08947	1	1	unique
OG_08948	1	1	unique
OG_08949	1	1	unique
OG_08950	1	1	unique
OG_08951	1	1	unique
OG_08952	1	1	unique
OG_08953	1	1	unique
OG_08954	1	1	unique
OG_08955	1	1	unique
OG_08956	1	1	unique
OG_08957	1	1	unique
OG_08958	1	1	unique
OG_08959	1	1	unique
OG_08960	1	1	unique
OG_08961	1	1	unique
OG_08962	1	1	unique
OG_08963	1	1	unique
OG_08964	1	1	unique
OG_08965	1	1	unique
OG_08966	1	1	unique
OG_08967	1	1	unique
OG_08968	1	1	unique
OG_08969	1	1	unique
OG_08970	1	1	unique
OG_08971	1	1	unique
OG_08972	1	1	unique
OG_08973	1	1	unique
OG_08974	1	1	unique
OG_08975	1	1	unique
OG_08976	1	1	unique
OG_08977	1	1	unique
OG_08978	1	1	unique
OG_08979	1	1	unique
OG_08980	1	1	unique
OG_08981	1	1	unique
OG_08982	1	1	unique
OG_08983	1	1	unique
OG_08984	1	1	unique
OG_08985	1	1	unique
OG_08986	1	1	unique
OG_08987	1	1	unique
OG_08988	1	1	unique
OG_08989	1	1	unique
OG_08990	1	1	unique
OG_08991	1	1	unique
OG_08992	1	1	unique
OG_08993	1	1	unique
OG_08994	1	1	unique
OG_08995	1	1	unique
OG_08996	1	1	unique
OG_08997	1	1	unique
OG_08998	1	1	unique
OG_08999	1	1	unique
OG_09000	1	1	unique
OG_09001	1	1	unique
OG_09002	1	1	unique
OG_09003	1	1	unique
OG_09004	1	1	unique
OG_09005	1	1	unique
OG_09006	1	1	unique
OG_09007	1	1	unique
OG_09008	1	1	unique
OG_09009	1	1	unique
OG_09010	1	1	unique
OG_09011	1	1	unique
OG_09012	1	1	unique
OG_09013	1	1	unique
OG_09014	1	1	unique
OG_09015	1	1	unique
OG_09016	1	1	unique
OG_09017	1	1	unique
OG_09018	1	1	unique
OG_09019	1	1	unique
OG_09020	1	1	unique
OG_09021	1	1	unique
OG_09022	1	1	unique
OG_09023	1	1	unique
OG_09024	1	1	unique
OG_09025	1	1	unique
OG_09026	1	1	unique
OG_09027	1	1	unique
OG_09028	1	1	unique
OG_09029	1	1	unique
OG_09030	1	1	unique
OG_09031	1	1	unique
OG_09032	1	1	unique
OG_09033	1	1	unique
OG_09034	1	1	unique
OG_09035	1	1	unique
OG_09036	1	1	unique
OG_09037	1	1	unique
OG_09038	1	1	unique
OG_09039	1	1	unique
OG_09040	1	1	unique
OG_09041	1	1	unique
OG_09042	1	1	unique
OG_09043	1	1	unique
OG_09044	1	1	unique
OG_09045	1	1	unique
OG_09046	1	1	unique
OG_09047	1	1	unique
OG_09048	1	1	unique
OG_09049	1	1	unique
OG_09050	1	1	unique
OG_09051	1	1	unique
OG_09052	1	1	unique
OG_09053	1	1	unique
OG_09054	1	1	unique
OG_09055	1	1	unique
OG_09056	1	1	unique
OG_09057	1	1	unique
OG_09058	1	1	unique
OG_09059	1	1	unique
OG_09060	1	1	unique
OG_09061	1	1	unique
OG_09062	1	1	unique
OG_09063	1	1	unique
OG_09064	1	1	unique
OG_09065	1	1	unique
OG_09066	1	1	unique
OG_09067	1	1	unique
OG_09068	1	1	unique
OG_09069	1	1	unique
OG_09070	1	1	unique
OG_09071	1	1	unique
OG_09072	1	1	unique
OG_09073	1	1	unique
OG_09074	1	1	unique
OG_09075	1	1	unique
OG_09076	1	1	unique
OG_09077	1	1	unique
OG_09078	1	1	unique
OG_09079	1	1	unique
OG_09080	1	1	unique
OG_09081	1	1	unique
OG_09082	1	1	unique
OG_09083	1	1	unique
OG_09084	1	1	unique
OG_09085	1	1	unique
OG_09086	1	1	unique
OG_09087	1	1	unique
OG_09088	1	1	unique
OG_09089	1	1	unique
OG_09090	1	1	unique
OG_09091	1	1	unique
OG_09092	1	1	unique
OG_09093	1	1	unique
OG_09094	1	1	unique
OG_09095	1	1	unique
OG_09096	1	1	unique
OG_09097	1	1	unique
OG_09098	1	1	unique
OG_09099	1	1	unique
OG_09100	1	1	unique
OG_09101	1	1	unique
OG_09102	1	1	unique
OG_09103	1	1	unique
OG_09104	1	1	unique
OG_09105	1	1	unique
OG_09106	1	1	unique
OG_09107	1	1	unique
OG_09108	1	1	unique
OG_09109	1	1	unique
OG_09110	1	1	unique
OG_09111	1	1	unique
OG_09112	1	1	unique
OG_09113	1	1	unique
OG_09114	1	1	unique
OG_09115	1	1	unique
OG_09116	1	1	unique
OG_09117	1	1	unique
OG_09118	1	1	unique
OG_09119	1	1	unique
OG_09120	1	1	unique
OG_09121	1	1	unique
OG_09122	1	1	unique
OG_09123	1	1	unique
OG_09124	1	1	unique
OG_09125	1	1	unique
OG_09126	1	1	unique
OG_09127	1	1	unique
OG_09128	1	1	unique
OG_09129	1	1	unique
OG_09130	1	1	unique
OG_09131	1	1	unique
OG_09132	1	1	unique
OG_09133	1	1	unique
OG_09134	1	1	unique
OG_09135	1	1	unique
OG_09136	1	1	unique
OG_09137	1	1	unique
OG_09138	1	1	unique
OG_09139	1	1	unique
OG_09140	1	1	unique
OG_09141	1	1	unique
OG_09142	1	1	unique
OG_09143	1	1	unique
OG_09144	1	1	unique
OG_09145	1	1	unique
OG_09146	1	1	unique
OG_09147	1	1	unique
OG_09148	1	1	unique
OG_09149	1	1	unique
OG_09150	1	1	unique
OG_09151	1	1	unique
OG_09152	1	1	unique
OG_09153	1	1	unique
OG_09154	1	1	unique
OG_09155	1	1	unique
OG_09156	1	1	unique
OG_09157	1	1	unique
OG_09158	1	1	unique
OG_09159	1	1	unique
OG_09160	1	1	unique
OG_09161	1	1	unique
OG_09162	1	1	unique
OG_09163	1	1	unique
OG_09164	1	1	unique
OG_09165	1	1	unique
OG_09166	1	1	unique
OG_09167	1	1	unique
OG_09168	1	1	unique
OG_09169	1	1	unique
OG_09170	1	1	unique
OG_09171	1	1	unique
OG_09172	1	1	unique
OG_09173	1	1	unique
OG_09174	1	1	unique
OG_09175	1	1	unique
OG_09176	1	1	unique
OG_09177	1	1	unique
OG_09178	1	1	unique
OG_09179	1	1	unique
OG_09180	1	1	unique
OG_09181	1	1	unique
OG_09182	1	1	unique
OG_09183	1	1	unique
OG_09184	1	1	unique
OG_09185	1	1	unique
OG_09186	1	1	unique
OG_09187	1	1	unique
OG_09188	1	1	unique
OG_09189	1	1	unique
OG_09190	1	1	unique
OG_09191	1	1	unique
OG_09192	1	1	unique
OG_09193	1	1	unique
OG_09194	1	1	unique
OG_09195	1	1	unique
OG_09196	1	1	unique
OG_09197	1	1	unique
OG_09198	1	1	unique
OG_09199	1	1	unique
OG_09200	1	1	unique
OG_09201	1	1	unique
OG_09202	1	1	unique
OG_09203	1	1	unique
OG_09204	1	1	unique
OG_09205	1	1	unique
OG_09206	1	1	unique
OG_09207	1	1	unique
OG_09208	1	1	unique
OG_09209	1	1	unique
OG_09210	1	1	unique
OG_09211	1	1	unique
OG_09212	1	1	unique
OG_09213	1	1	unique
OG_09214	1	1	unique
OG_09215	1	1	unique
OG_09216	1	1	unique
OG_09217	1	1	unique
OG_09218	1	1	unique
OG_09219	1	1	unique
OG_09220	1	1	unique
OG_09221	1	1	unique
OG_09222	1	1	unique
OG_09223	1	1	unique
OG_09224	1	1	unique
OG_09225	1	1	unique
OG_09226	1	1	unique
OG_09227	1	1	unique
OG_09228	1	1	unique
OG_09229	1	1	unique
OG_09230	1	1	unique
OG_09231	1	1	unique
OG_09232	1	1	unique
OG_09233	1	1	unique
OG_09234	1	1	unique
OG_09235	1	1	unique
OG_09236	1	1	unique
OG_09237	1	1	unique
OG_09238	1	1	unique
OG_09239	1	1	unique
OG_09240	1	1	unique
OG_09241	1	1	unique
OG_09242	1	1	unique
OG_09243	1	1	unique
OG_09244	1	1	unique
OG_09245	1	1	unique
OG_09246	1	1	unique
OG_09247	1	1	unique
OG_09248	1	1	unique
OG_09249	1	1	unique
OG_09250	1	1	unique
OG_09251	1	1	unique
OG_09252	1	1	unique
OG_09253	1	1	unique
OG_09254	1	1	unique
OG_09255	1	1	unique
OG_09256	1	1	unique
OG_09257	1	1	unique
OG_09258	1	1	unique
OG_09259	1	1	unique
OG_09260	1	1	unique
OG_09261	1	1	unique
OG_09262	1	1	unique
OG_09263	1	1	unique
OG_09264	1	1	unique
OG_09265	1	1	unique
OG_09266	1	1	unique
OG_09267	1	1	unique
OG_09268	1	1	unique
OG_09269	1	1	unique
OG_09270	1	1	unique
OG_09271	1	1	unique
OG_09272	1	1	unique
OG_09273	1	1	unique
OG_09274	1	1	unique
OG_09275	1	1	unique
OG_09276	1	1	unique
OG_09277	1	1	unique
OG_09278	1	1	unique
OG_09279	1	1	unique
OG_09280	1	1	unique
OG_09281	1	1	unique
OG_09282	1	1	unique
OG_09283	1	1	unique
OG_09284	1	1	unique
OG_09285	1	1	unique
OG_09286	1	1	unique
OG_09287	1	1	unique
OG_09288	1	1	unique
OG_09289	1	1	unique
OG_09290	1	1	unique
OG_09291	1	1	unique
OG_09292	1	1	unique
OG_09293	1	1	unique
OG_09294	1	1	unique
OG_09295	1	1	unique
OG_09296	1	1	unique
OG_09297	1	1	unique
OG_09298	1	1	unique
OG_09299	1	1	unique
OG_09300	1	1	unique
OG_09301	1	1	unique
OG_09302	1	1	unique
OG_09303	1	1	unique
OG_09304	1	1	unique
OG_09305	1	1	unique
OG_09306	1	1	unique
OG_09307	1	1	unique
OG_09308	1	1	unique
OG_09309	1	1	unique
OG_09310	1	1	unique
OG_09311	1	1	unique
OG_09312	1	1	unique
OG_09313	1	1	unique
OG_09314	1	1	unique
OG_09315	1	1	unique
OG_09316	1	1	unique
OG_09317	1	1	unique
OG_09318	1	1	unique
OG_09319	1	1	unique
OG_09320	1	1	unique
OG_09321	1	1	unique
OG_09322	1	1	unique
OG_09323	1	1	unique
OG_09324	1	1	unique
OG_09325	1	1	unique
OG_09326	1	1	unique
OG_09327	1	1	unique
OG_09328	1	1	unique
OG_09329	1	1	unique
OG_09330	1	1	unique
OG_09331	1	1	unique
OG_09332	1	1	unique
OG_09333	1	1	unique
OG_09334	1	1	unique
OG_09335	1	1	unique
OG_09336	1	1	unique
OG_09337	1	1	unique
OG_09338	1	1	unique
OG_09339	1	1	unique
OG_09340	1	1	unique
OG_09341	1	1	unique
OG_09342	1	1	unique
OG_09343	1	1	unique
OG_09344	1	1	unique
OG_09345	1	1	unique
OG_09346	1	1	unique
OG_09347	1	1	unique
OG_09348	1	1	unique
OG_09349	1	1	unique
OG_09350	1	1	unique
OG_09351	1	1	unique
OG_09352	1	1	unique
OG_09353	1	1	unique
OG_09354	1	1	unique
OG_09355	1	1	unique
OG_09356	1	1	unique
OG_09357	1	1	unique
OG_09358	1	1	unique
OG_09359	1	1	unique
OG_09360	1	1	unique
OG_09361	1	1	unique
OG_09362	1	1	unique
OG_09363	1	1	unique
OG_09364	1	1	unique
OG_09365	1	1	unique
OG_09366	1	1	unique
OG_09367	1	1	unique
OG_09368	1	1	unique
OG_09369	1	1	unique
OG_09370	1	1	unique
OG_09371	1	1	unique
OG_09372	1	1	unique
OG_09373	1	1	unique
OG_09374	1	1	unique
OG_09375	1	1	unique
OG_09376	1	1	unique
OG_09377	1	1	unique
OG_09378	1	1	unique
OG_09379	1	1	unique
OG_09380	1	1	unique
OG_09381	1	1	unique
OG_09382	1	1	unique
OG_09383	1	1	unique
OG_09384	1	1	unique
OG_09385	1	1	unique
OG_09386	1	1	unique
OG_09387	1	1	unique
OG_09388	1	1	unique
OG_09389	1	1	unique
OG_09390	1	1	unique
OG_09391	1	1	unique
OG_09392	1	1	unique
OG_09393	1	1	unique
OG_09394	1	1	unique
OG_09395	1	1	unique
OG_09396	1	1	unique
OG_09397	1	1	unique
OG_09398	1	1	unique
OG_09399	1	1	unique
OG_09400	1	1	unique
OG_09401	1	1	unique
OG_09402	1	1	unique
OG_09403	1	1	unique
OG_09404	1	1	unique
OG_09405	1	1	unique
OG_09406	1	1	unique
OG_09407	1	1	unique
OG_09408	1	1	unique
OG_09409	1	1	unique
OG_09410	1	1	unique
OG_09411	1	1	unique
OG_09412	1	1	unique
OG_09413	1	1	unique
OG_09414	1	1	unique
OG_09415	1	1	unique
OG_09416	1	1	unique
OG_09417	1	1	unique
OG_09418	1	1	unique
OG_09419	1	1	unique
OG_09420	1	1	unique
OG_09421	1	1	unique
OG_09422	1	1	unique
OG_09423	1	1	unique
OG_09424	1	1	unique
OG_09425	1	1	unique
OG_09426	1	1	unique
OG_09427	1	1	unique
OG_09428	1	1	unique
OG_09429	1	1	unique
OG_09430	1	1	unique
OG_09431	1	1	unique
OG_09432	1	1	unique
OG_09433	1	1	unique
OG_09434	1	1	unique
OG_09435	1	1	unique
OG_09436	1	1	unique
OG_09437	1	1	unique
OG_09438	1	1	unique
OG_09439	1	1	unique
OG_09440	1	1	unique
OG_09441	1	1	unique
OG_09442	1	1	unique
OG_09443	1	1	unique
OG_09444	1	1	unique
OG_09445	1	1	unique
OG_09446	1	1	unique
OG_09447	1	1	unique
OG_09448	1	1	unique
OG_09449	1	1	unique
OG_09450	1	1	unique
OG_09451	1	1	unique
OG_09452	1	1	unique
OG_09453	1	1	unique
OG_09454	1	1	unique
OG_09455	1	1	unique
OG_09456	1	1	unique
OG_09457	1	1	unique
OG_09458	1	1	unique
OG_09459	1	1	unique
OG_09460	1	1	unique
OG_09461	1	1	unique
OG_09462	1	1	unique
OG_09463	1	1	unique
OG_09464	1	1	unique
OG_09465	1	1	unique
OG_09466	1	1	unique
OG_09467	1	1	unique
OG_09468	1	1	unique
OG_09469	1	1	unique
OG_09470	1	1	unique
OG_09471	1	1	unique
OG_09472	1	1	unique
OG_09473	1	1	unique
OG_09474	1	1	unique
OG_09475	1	1	unique
OG_09476	1	1	unique
OG_09477	1	1	unique
OG_09478	1	1	unique
OG_09479	1	1	unique
OG_09480	1	1	unique
OG_09481	1	1	unique
OG_09482	1	1	unique
OG_09483	1	1	unique
OG_09484	1	1	unique
OG_09485	1	1	unique
OG_09486	1	1	unique
OG_09487	1	1	unique
OG_09488	1	1	unique
OG_09489	1	1	unique
OG_09490	1	1	unique
OG_09491	1	1	unique
OG_09492	1	1	unique
OG_09493	1	1	unique
OG_09494	1	1	unique
OG_09495	1	1	unique
OG_09496	1	1	unique
OG_09497	1	1	unique
OG_09498	1	1	unique
OG_09499	1	1	unique
OG_09500	1	1	unique
OG_09501	1	1	unique
OG_09502	1	1	unique
OG_09503	1	1	unique
OG_09504	1	1	unique
OG_09505	1	1	unique
OG_09506	1	1	unique
OG_09507	1	1	unique
OG_09508	1	1	unique
OG_09509	1	1	unique
OG_09510	1	1	unique
OG_09511	1	1	unique
OG_09512	1	1	unique
OG_09513	1	1	unique
OG_09514	1	1	unique
OG_09515	1	1	unique
OG_09516	1	1	unique
OG_09517	1	1	unique
OG_09518	1	1	unique
OG_09519	1	1	unique
OG_09520	1	1	unique
OG_09521	1	1	unique
OG_09522	1	1	unique
OG_09523	1	1	unique
OG_09524	1	1	unique
OG_09525	1	1	unique
OG_09526	1	1	unique
OG_09527	1	1	unique
OG_09528	1	1	unique
OG_09529	1	1	unique
OG_09530	1	1	unique
OG_09531	1	1	unique
OG_09532	1	1	unique
OG_09533	1	1	unique
OG_09534	1	1	unique
OG_09535	1	1	unique
OG_09536	1	1	unique
OG_09537	1	1	unique
OG_09538	1	1	unique
OG_09539	1	1	unique
OG_09540	1	1	unique
OG_09541	1	1	unique
OG_09542	1	1	unique
OG_09543	1	1	unique
OG_09544	1	1	unique
OG_09545	1	1	unique
OG_09546	1	1	unique
OG_09547	1	1	unique
OG_09548	1	1	unique
OG_09549	1	1	unique
OG_09550	1	1	unique
OG_09551	1	1	unique
OG_09552	1	1	unique
OG_09553	1	1	unique
OG_09554	1	1	unique
OG_09555	1	1	unique
OG_09556	1	1	unique
OG_09557	1	1	unique
OG_09558	1	1	unique
OG_09559	1	1	unique
OG_09560	1	1	unique
OG_09561	1	1	unique
OG_09562	1	1	unique
OG_09563	1	1	unique
OG_09564	1	1	unique
OG_09565	1	1	unique
OG_09566	1	1	unique
OG_09567	1	1	unique
OG_09568	1	1	unique
OG_09569	1	1	unique
OG_09570	1	1	unique
OG_09571	1	1	unique
OG_09572	1	1	unique
OG_09573	1	1	unique
OG_09574	1	1	unique
OG_09575	1	1	unique
OG_09576	1	1	unique
OG_09577	1	1	unique
OG_09578	1	1	unique
OG_09579	1	1	unique
OG_09580	1	1	unique
OG_09581	1	1	unique
OG_09582	1	1	unique
OG_09583	1	1	unique
OG_09584	1	1	unique
OG_09585	1	1	unique
OG_09586	1	1	unique
OG_09587	1	1	unique
OG_09588	1	1	unique
OG_09589	1	1	unique
OG_09590	1	1	unique
OG_09591	1	1	unique
OG_09592	1	1	unique
OG_09593	1	1	unique
OG_09594	1	1	unique
OG_09595	1	1	unique
OG_09596	1	1	unique
OG_09597	1	1	unique
OG_09598	1	1	unique
OG_09599	1	1	unique
OG_09600	1	1	unique
OG_09601	1	1	unique
OG_09602	1	1	unique
OG_09603	1	1	unique
OG_09604	1	1	unique
OG_09605	1	1	unique
OG_09606	1	1	unique
OG_09607	1	1	unique
OG_09608	1	1	unique
OG_09609	1	1	unique
OG_09610	1	1	unique
OG_09611	1	1	unique
OG_09612	1	1	unique
OG_09613	1	1	unique
OG_09614	1	1	unique
OG_09615	1	1	unique
OG_09616	1	1	unique
OG_09617	1	1	unique
OG_09618	1	1	unique
OG_09619	1	1	unique
OG_09620	1	1	unique
OG_09621	1	1	unique
OG_09622	1	1	unique
OG_09623	1	1	unique
OG_09624	1	1	unique
OG_09625	1	1	unique
OG_09626	1	1	unique
OG_09627	1	1	unique
OG_09628	1	1	unique
OG_09629	1	1	unique
OG_09630	1	1	unique
OG_09631	1	1	unique
OG_09632	1	1	unique
OG_09633	1	1	unique
OG_09634	1	1	unique
OG_09635	1	1	unique
OG_09636	1	1	unique
OG_09637	1	1	unique
OG_09638	1	1	unique
OG_09639	1	1	unique
OG_09640	1	1	unique
OG_09641	1	1	unique
OG_09642	1	1	unique
OG_09643	1	1	unique
OG_09644	1	1	unique
OG_09645	1	1	unique
OG_09646	1	1	unique
OG_09647	1	1	unique
OG_09648	1	1	unique
OG_09649	1	1	unique
OG_09650	1	1	unique
OG_09651	1	1	unique
OG_09652	1	1	unique
OG_09653	1	1	unique
OG_09654	1	1	unique
OG_09655	1	1	unique
OG_09656	1	1	unique
OG_09657	1	1	unique
OG_09658	1	1	unique
OG_09659	1	1	unique
OG_09660	1	1	unique
OG_09661	1	1	unique
OG_09662	1	1	unique
OG_09663	1	1	unique
OG_09664	1	1	unique
OG_09665	1	1	unique
OG_09666	1	1	unique
OG_09667	1	1	unique
OG_09668	1	1	unique
OG_09669	1	1	unique
OG_09670	1	1	unique
OG_09671	1	1	unique
OG_09672	1	1	unique
OG_09673	1	1	unique
OG_09674	1	1	unique
OG_09675	1	1	unique
OG_09676	1	1	unique
OG_09677	1	1	unique
OG_09678	1	1	unique
OG_09679	1	1	unique
OG_09680	1	1	unique
OG_09681	1	1	unique
OG_09682	1	1	unique
OG_09683	1	1	unique
OG_09684	1	1	unique
OG_09685	1	1	unique
OG_09686	1	1	unique
OG_09687	1	1	unique
OG_09688	1	1	unique
OG_09689	1	1	unique
OG_09690	1	1	unique
OG_09691	1	1	unique
OG_09692	1	1	unique
OG_09693	1	1	unique
OG_09694	1	1	unique
OG_09695	1	1	unique
OG_09696	1	1	unique
OG_09697	1	1	unique
OG_09698	1	1	unique
OG_09699	1	1	unique
OG_09700	1	1	unique
OG_09701	1	1	unique
OG_09702	1	1	unique
OG_09703	1	1	unique
OG_09704	1	1	unique
OG_09705	1	1	unique
OG_09706	1	1	unique
OG_09707	1	1	unique
OG_09708	1	1	unique
OG_09709	1	1	unique
OG_09710	1	1	unique
OG_09711	1	1	unique
OG_09712	1	1	unique
OG_09713	1	1	unique
OG_09714	1	1	unique
OG_09715	1	1	unique
OG_09716	1	1	unique
OG_09717	1	1	unique
OG_09718	1	1	unique
OG_09719	1	1	unique
OG_09720	1	1	unique
OG_09721	1	1	unique
OG_09722	1	1	unique
OG_09723	1	1	unique
OG_09724	1	1	unique
OG_09725	1	1	unique
OG_09726	1	1	unique
OG_09727	1	1	unique
OG_09728	1	1	unique
OG_09729	1	1	unique
OG_09730	1	1	unique
OG_09731	1	1	unique
OG_09732	1	1	unique
OG_09733	1	1	unique
OG_09734	1	1	unique
OG_09735	1	1	unique
OG_09736	1	1	unique
OG_09737	1	1	unique
OG_09738	1	1	unique
OG_09739	1	1	unique
OG_09740	1	1	unique
OG_09741	1	1	unique
OG_09742	1	1	unique
OG_09743	1	1	unique
OG_09744	1	1	unique
OG_09745	1	1	unique
OG_09746	1	1	unique
OG_09747	1	1	unique
OG_09748	1	1	unique
OG_09749	1	1	unique
OG_09750	1	1	unique
OG_09751	1	1	unique
OG_09752	1	1	unique
OG_09753	1	1	unique
OG_09754	1	1	unique
OG_09755	1	1	unique
OG_09756	1	1	unique
OG_09757	1	1	unique
OG_09758	1	1	unique
OG_09759	1	1	unique
OG_09760	1	1	unique
OG_09761	1	1	unique
OG_09762	1	1	unique
OG_09763	1	1	unique
OG_09764	1	1	unique
OG_09765	1	1	unique
OG_09766	1	1	unique
OG_09767	1	1	unique
OG_09768	1	1	unique
OG_09769	1	1	unique
OG_09770	1	1	unique
OG_09771	1	1	unique
OG_09772	1	1	unique
OG_09773	1	1	unique
OG_09774	1	1	unique
OG_09775	1	1	unique
OG_09776	1	1	unique
OG_09777	1	1	unique
OG_09778	1	1	unique
OG_09779	1	1	unique
OG_09780	1	1	unique
OG_09781	1	1	unique
OG_09782	1	1	unique
OG_09783	1	1	unique
OG_09784	1	1	unique
OG_09785	1	1	unique
OG_09786	1	1	unique
OG_09787	1	1	unique
OG_09788	1	1	unique
OG_09789	1	1	unique
OG_09790	1	1	unique
OG_09791	1	1	unique
OG_09792	1	1	unique
OG_09793	1	1	unique
OG_09794	1	1	unique
OG_09795	1	1	unique
OG_09796	1	1	unique
OG_09797	1	1	unique
OG_09798	1	1	unique
OG_09799	1	1	unique
OG_09800	1	1	unique
OG_09801	1	1	unique
OG_09802	1	1	unique
OG_09803	1	1	unique
OG_09804	1	1	unique
OG_09805	1	1	unique
OG_09806	1	1	unique
OG_09807	1	1	unique
OG_09808	1	1	unique
OG_09809	1	1	unique
OG_09810	1	1	unique
OG_09811	1	1	unique
OG_09812	1	1	unique
OG_09813	1	1	unique
OG_09814	1	1	unique
OG_09815	1	1	unique
OG_09816	1	1	unique
OG_09817	1	1	unique
OG_09818	1	1	unique
OG_09819	1	1	unique
OG_09820	1	1	unique
OG_09821	1	1	unique
OG_09822	1	1	unique
OG_09823	1	1	unique
OG_09824	1	1	unique
OG_09825	1	1	unique
OG_09826	1	1	unique
OG_09827	1	1	unique
OG_09828	1	1	unique
OG_09829	1	1	unique
OG_09830	1	1	unique
OG_09831	1	1	unique
OG_09832	1	1	unique
OG_09833	1	1	unique
OG_09834	1	1	unique
OG_09835	1	1	unique
OG_09836	1	1	unique
OG_09837	1	1	unique
OG_09838	1	1	unique
OG_09839	1	1	unique
OG_09840	1	1	unique
OG_09841	1	1	unique
OG_09842	1	1	unique
OG_09843	1	1	unique
OG_09844	1	1	unique
OG_09845	1	1	unique
OG_09846	1	1	unique
OG_09847	1	1	unique
OG_09848	1	1	unique
OG_09849	1	1	unique
OG_09850	1	1	unique
OG_09851	1	1	unique
OG_09852	1	1	unique
OG_09853	1	1	unique
OG_09854	1	1	unique
OG_09855	1	1	unique
OG_09856	1	1	unique
OG_09857	1	1	unique
OG_09858	1	1	unique
OG_09859	1	1	unique
OG_09860	1	1	unique
OG_09861	1	1	unique
OG_09862	1	1	unique
OG_09863	1	1	unique
OG_09864	1	1	unique
OG_09865	1	1	unique
OG_09866	1	1	unique
OG_09867	1	1	unique
OG_09868	1	1	unique
OG_09869	1	1	unique
OG_09870	1	1	unique
OG_09871	1	1	unique
OG_09872	1	1	unique
OG_09873	1	1	unique
OG_09874	1	1	unique
OG_09875	1	1	unique
OG_09876	1	1	unique
OG_09877	1	1	unique
OG_09878	1	1	unique
OG_09879	1	1	unique
OG_09880	1	1	unique
OG_09881	1	1	unique
OG_09882	1	1	unique
OG_09883	1	1	unique
OG_09884	1	1	unique
OG_09885	1	1	unique
OG_09886	1	1	unique
OG_09887	1	1	unique
OG_09888	1	1	unique
OG_09889	1	1	unique
OG_09890	1	1	unique
OG_09891	1	1	unique
OG_09892	1	1	unique
OG_09893	1	1	unique
OG_09894	1	1	unique
OG_09895	1	1	unique
OG_09896	1	1	unique
OG_09897	1	1	unique
OG_09898	1	1	unique
OG_09899	1	1	unique
OG_09900	1	1	unique
OG_09901	1	1	unique
OG_09902	1	1	unique
OG_09903	1	1	unique
OG_09904	1	1	unique
OG_09905	1	1	unique
OG_09906	1	1	unique
OG_09907	1	1	unique
OG_09908	1	1	unique
OG_09909	1	1	unique
OG_09910	1	1	unique
OG_09911	1	1	unique
OG_09912	1	1	unique
OG_09913	1	1	unique
OG_09914	1	1	unique
OG_09915	1	1	unique
OG_09916	1	1	unique
OG_09917	1	1	unique
OG_09918	1	1	unique
OG_09919	1	1	unique
OG_09920	1	1	unique
OG_09921	1	1	unique
OG_09922	1	1	unique
OG_09923	1	1	unique
OG_09924	1	1	unique
OG_09925	1	1	unique
OG_09926	1	1	unique
OG_09927	1	1	unique
OG_09928	1	1	unique
OG_09929	1	1	unique
OG_09930	1	1	unique
OG_09931	1	1	unique
OG_09932	1	1	unique
OG_09933	1	1	unique
OG_09934	1	1	unique
OG_09935	1	1	unique
OG_09936	1	1	unique
OG_09937	1	1	unique
OG_09938	1	1	unique
OG_09939	1	1	unique
OG_09940	1	1	unique
OG_09941	1	1	unique
OG_09942	1	1	unique
OG_09943	1	1	unique
OG_09944	1	1	unique
OG_09945	1	1	unique
OG_09946	1	1	unique
OG_09947	1	1	unique
OG_09948	1	1	unique
OG_09949	1	1	unique
OG_09950	1	1	unique
OG_09951	1	1	unique
OG_09952	1	1	unique
OG_09953	1	1	unique
OG_09954	1	1	unique
OG_09955	1	1	unique
OG_09956	1	1	unique
OG_09957	1	1	unique
OG_09958	1	1	unique
OG_09959	1	1	unique
OG_09960	1	1	unique
OG_09961	1	1	unique
OG_09962	1	1	unique
OG_09963	1	1	unique
OG_09964	1	1	unique
OG_09965	1	1	unique
OG_09966	1	1	unique
OG_09967	1	1	unique
OG_09968	1	1	unique
OG_09969	1	1	unique
OG_09970	1	1	unique
OG_09971	1	1	unique
OG_09972	1	1	unique
OG_09973	1	1	unique
OG_09974	1	1	unique
OG_09975	1	1	unique
OG_09976	1	1	unique
OG_09977	1	1	unique
OG_09978	1	1	unique
OG_09979	1	1	unique
OG_09980	1	1	unique
OG_09981	1	1	unique
OG_09982	1	1	unique
OG_09983	1	1	unique
OG_09984	1	1	unique
OG_09985	1	1	unique
OG_09986	1	1	unique
OG_09987	1	1	unique
OG_09988	1	1	unique
OG_09989	1	1	unique
OG_09990	1	1	unique
OG_09991	1	1	unique
OG_09992	1	1	unique
OG_09993	1	1	unique
OG_09994	1	1	unique
OG_09995	1	1	unique
OG_09996	1	1	unique
OG_09997	1	1	unique
OG_09998	1	1	unique
OG_09999	1	1	unique
OG_10000	1	1	unique
OG_10001	1	1	unique
OG_10002	1	1	unique
OG_10003	1	1	unique
OG_10004	1	1	unique
OG_10005	1	1	unique
OG_10006	1	1	unique
OG_10007	1	1	unique
OG_10008	1	1	unique
OG_10009	1	1	unique
OG_10010	1	1	unique
OG_10011	1	1	unique
OG_10012	1	1	unique
OG_10013	1	1	unique
OG_10014	1	1	unique
OG_10015	1	1	unique
OG_10016	1	1	unique
OG_10017	1	1	unique
OG_10018	1	1	unique
OG_10019	1	1	unique
OG_10020	1	1	unique
OG_10021	1	1	unique
OG_10022	1	1	unique
OG_10023	1	1	unique
OG_10024	1	1	unique
OG_10025	1	1	unique
OG_10026	1	1	unique
OG_10027	1	1	unique
OG_10028	1	1	unique
OG_10029	1	1	unique
OG_10030	1	1	unique
OG_10031	1	1	unique
OG_10032	1	1	unique
OG_10033	1	1	unique
OG_10034	1	1	unique
OG_10035	1	1	unique
OG_10036	1	1	unique
OG_10037	1	1	unique
OG_10038	1	1	unique
OG_10039	1	1	unique
OG_10040	1	1	unique
OG_10041	1	1	unique
OG_10042	1	1	unique
OG_10043	1	1	unique
OG_10044	1	1	unique
OG_10045	1	1	unique
OG_10046	1	1	unique
OG_10047	1	1	unique
OG_10048	1	1	unique
OG_10049	1	1	unique
OG_10050	1	1	unique
OG_10051	1	1	unique
OG_10052	1	1	unique
OG_10053	1	1	unique
OG_10054	1	1	unique
OG_10055	1	1	unique
OG_10056	1	1	unique
OG_10057	1	1	unique
OG_10058	1	1	unique
OG_10059	1	1	unique
OG_10060	1	1	unique
OG_10061	1	1	unique
OG_10062	1	1	unique
OG_10063	1	1	unique
OG_10064	1	1	unique
OG_10065	1	1	unique
OG_10066	1	1	unique
OG_10067	1	1	unique
OG_10068	1	1	unique
OG_10069	1	1	unique
OG_10070	1	1	unique
OG_10071	1	1	unique
OG_10072	1	1	unique
OG_10073	1	1	unique
OG_10074	1	1	unique
OG_10075	1	1	unique
OG_10076	1	1	unique
OG_10077	1	1	unique
OG_10078	1	1	unique
OG_10079	1	1	unique
OG_10080	1	1	unique
OG_10081	1	1	unique
OG_10082	1	1	unique
OG_10083	1	1	unique
OG_10084	1	1	unique
OG_10085	1	1	unique
OG_10086	1	1	unique
OG_10087	1	1	unique
OG_10088	1	1	unique
OG_10089	1	1	unique
OG_10090	1	1	unique
OG_10091	1	1	unique
OG_10092	1	1	unique
OG_10093	1	1	unique
OG_10094	1	1	unique
OG_10095	1	1	unique
OG_10096	1	1	unique
OG_10097	1	1	unique
OG_10098	1	1	unique
OG_10099	1	1	unique
OG_10100	1	1	unique
OG_10101	1	1	unique
OG_10102	1	1	unique
OG_10103	1	1	unique
OG_10104	1	1	unique
OG_10105	1	1	unique
OG_10106	1	1	unique
OG_10107	1	1	unique
OG_10108	1	1	unique
OG_10109	1	1	unique
OG_10110	1	1	unique
OG_10111	1	1	unique
OG_10112	1	1	unique
OG_10113	1	1	unique
OG_10114	1	1	unique
OG_10115	1	1	unique
OG_10116	1	1	unique
OG_10117	1	1	unique
OG_10118	1	1	unique
OG_10119	1	1	unique
OG_10120	1	1	unique
OG_10121	1	1	unique
OG_10122	1	1	unique
OG_10123	1	1	unique
OG_10124	1	1	unique
OG_10125	1	1	unique
OG_10126	1	1	unique
OG_10127	1	1	unique
OG_10128	1	1	unique
OG_10129	1	1	unique
OG_10130	1	1	unique
OG_10131	1	1	unique
OG_10132	1	1	unique
OG_10133	1	1	unique
OG_10134	1	1	unique
OG_10135	1	1	unique
OG_10136	1	1	unique
OG_10137	1	1	unique
OG_10138	1	1	unique
OG_10139	1	1	unique
OG_10140	1	1	unique
OG_10141	1	1	unique
OG_10142	1	1	unique
OG_10143	1	1	unique
OG_10144	1	1	unique
OG_10145	1	1	unique
OG_10146	1	1	unique
OG_10147	1	1	unique
OG_10148	1	1	unique
OG_10149	1	1	unique
OG_10150	1	1	unique
OG_10151	1	1	unique
OG_10152	1	1	unique
OG_10153	1	1	unique
OG_10154	1	1	unique
OG_10155	1	1	unique
OG_10156	1	1	unique
OG_10157	1	1	unique
OG_10158	1	1	unique
OG_10159	1	1	unique
OG_10160	1	1	unique
OG_10161	1	1	unique
OG_10162	1	1	unique
OG_10163	1	1	unique
OG_10164	1	1	unique
OG_10165	1	1	unique
OG_10166	1	1	unique
OG_10167	1	1	unique
OG_10168	1	1	unique
OG_10169	1	1	unique
OG_10170	1	1	unique
OG_10171	1	1	unique
OG_10172	1	1	unique
OG_10173	1	1	unique
OG_10174	1	1	unique
OG_10175	1	1	unique
OG_10176	1	1	unique
OG_10177	1	1	unique
OG_10178	1	1	unique
OG_10179	1	1	unique
OG_10180	1	1	unique
OG_10181	1	1	unique
OG_10182	1	1	unique
OG_10183	1	1	unique
OG_10184	1	1	unique
OG_10185	1	1	unique
OG_10186	1	1	unique
OG_10187	1	1	unique
OG_10188	1	1	unique
OG_10189	1	1	unique
OG_10190	1	1	unique
OG_10191	1	1	unique
OG_10192	1	1	unique
OG_10193	1	1	unique
OG_10194	1	1	unique
OG_10195	1	1	unique
OG_10196	1	1	unique
OG_10197	1	1	unique
OG_10198	1	1	unique
OG_10199	1	1	unique
OG_10200	1	1	unique
OG_10201	1	1	unique
OG_10202	1	1	unique
OG_10203	1	1	unique
OG_10204	1	1	unique
OG_10205	1	1	unique
OG_10206	1	1	unique
OG_10207	1	1	unique
OG_10208	1	1	unique
OG_10209	1	1	unique
OG_10210	1	1	unique
OG_10211	1	1	unique
OG_10212	1	1	unique
OG_10213	1	1	unique
OG_10214	1	1	unique
OG_10215	1	1	unique
OG_10216	1	1	unique
OG_10217	1	1	unique
OG_10218	1	1	unique
OG_10219	1	1	unique
OG_10220	1	1	unique
OG_10221	1	1	unique
OG_10222	1	1	unique
OG_10223	1	1	unique
OG_10224	1	1	unique
OG_10225	1	1	unique
OG_10226	1	1	unique
OG_10227	1	1	unique
OG_10228	1	1	unique
OG_10229	1	1	unique
OG_10230	1	1	unique
OG_10231	1	1	unique
OG_10232	1	1	unique
OG_10233	1	1	unique
OG_10234	1	1	unique
OG_10235	1	1	unique
OG_10236	1	1	unique
OG_10237	1	1	unique
OG_10238	1	1	unique
OG_10239	1	1	unique
OG_10240	1	1	unique
OG_10241	1	1	unique
OG_10242	1	1	unique
OG_10243	1	1	unique
OG_10244	1	1	unique
OG_10245	1	1	unique
OG_10246	1	1	unique
OG_10247	1	1	unique
OG_10248	1	1	unique
OG_10249	1	1	unique
OG_10250	1	1	unique
OG_10251	1	1	unique
OG_10252	1	1	unique
OG_10253	1	1	unique
OG_10254	1	1	unique
OG_10255	1	1	unique
OG_10256	1	1	unique
OG_10257	1	1	unique
OG_10258	1	1	unique
OG_10259	1	1	unique
OG_10260	1	1	unique
OG_10261	1	1	unique
OG_10262	1	1	unique
OG_10263	1	1	unique
OG_10264	1	1	unique
OG_10265	1	1	unique
OG_10266	1	1	unique
OG_10267	1	1	unique
OG_10268	1	1	unique
OG_10269	1	1	unique
OG_10270	1	1	unique
OG_10271	1	1	unique
OG_10272	1	1	unique
OG_10273	1	1	unique
OG_10274	1	1	unique
OG_10275	1	1	unique
OG_10276	1	1	unique
OG_10277	1	1	unique
OG_10278	1	1	unique
OG_10279	1	1	unique
OG_10280	1	1	unique
OG_10281	1	1	unique
OG_10282	1	1	unique
OG_10283	1	1	unique
OG_10284	1	1	unique
OG_10285	1	1	unique
OG_10286	1	1	unique
OG_10287	1	1	unique
OG_10288	1	1	unique
OG_10289	1	1	unique
OG_10290	1	1	unique
OG_10291	1	1	unique
OG_10292	1	1	unique
OG_10293	1	1	unique
OG_10294	1	1	unique
OG_10295	1	1	unique
OG_10296	1	1	unique
OG_10297	1	1	unique
OG_10298	1	1	unique
OG_10299	1	1	unique
OG_10300	1	1	unique
OG_10301	1	1	unique
OG_10302	1	1	unique
OG_10303	1	1	unique
OG_10304	1	1	unique
OG_10305	1	1	unique
OG_10306	1	1	unique
OG_10307	1	1	unique
OG_10308	1	1	unique
OG_10309	1	1	unique
OG_10310	1	1	unique
OG_10311	1	1	unique
OG_10312	1	1	unique
OG_10313	1	1	unique
OG_10314	1	1	unique
OG_10315	1	1	unique
OG_10316	1	1	unique
OG_10317	1	1	unique
OG_10318	1	1	unique
OG_10319	1	1	unique
OG_10320	1	1	unique
OG_10321	1	1	unique
OG_10322	1	1	unique
OG_10323	1	1	unique
OG_10324	1	1	unique
OG_10325	1	1	unique
OG_10326	1	1	unique
OG_10327	1	1	unique
OG_10328	1	1	unique
OG_10329	1	1	unique
OG_10330	1	1	unique
OG_10331	1	1	unique
OG_10332	1	1	unique
OG_10333	1	1	unique
OG_10334	1	1	unique
OG_10335	1	1	unique
OG_10336	1	1	unique
OG_10337	1	1	unique
OG_10338	1	1	unique
OG_10339	1	1	unique
OG_10340	1	1	unique
OG_10341	1	1	unique
OG_10342	1	1	unique
OG_10343	1	1	unique
OG_10344	1	1	unique
OG_10345	1	1	unique
OG_10346	1	1	unique
OG_10347	1	1	unique
OG_10348	1	1	unique
OG_10349	1	1	unique
OG_10350	1	1	unique
OG_10351	1	1	unique
OG_10352	1	1	unique
OG_10353	1	1	unique
OG_10354	1	1	unique
OG_10355	1	1	unique
OG_10356	1	1	unique
OG_10357	1	1	unique
OG_10358	1	1	unique
OG_10359	1	1	unique
OG_10360	1	1	unique
OG_10361	1	1	unique
OG_10362	1	1	unique
OG_10363	1	1	unique
OG_10364	1	1	unique
OG_10365	1	1	unique
OG_10366	1	1	unique
OG_10367	1	1	unique
OG_10368	1	1	unique
OG_10369	1	1	unique
OG_10370	1	1	unique
OG_10371	1	1	unique
OG_10372	1	1	unique
OG_10373	1	1	unique
OG_10374	1	1	unique
OG_10375	1	1	unique
OG_10376	1	1	unique
OG_10377	1	1	unique
OG_10378	1	1	unique
OG_10379	1	1	unique
OG_10380	1	1	unique
OG_10381	1	1	unique
OG_10382	1	1	unique
OG_10383	1	1	unique
OG_10384	1	1	unique
OG_10385	1	1	unique
OG_10386	1	1	unique
OG_10387	1	1	unique
OG_10388	1	1	unique
OG_10389	1	1	unique
OG_10390	1	1	unique
OG_10391	1	1	unique
OG_10392	1	1	unique
OG_10393	1	1	unique
OG_10394	1	1	unique
OG_10395	1	1	unique
OG_10396	1	1	unique
OG_10397	1	1	unique
OG_10398	1	1	unique
OG_10399	1	1	unique
OG_10400	1	1	unique
OG_10401	1	1	unique
OG_10402	1	1	unique
OG_10403	1	1	unique
OG_10404	1	1	unique
OG_10405	1	1	unique
OG_10406	1	1	unique
OG_10407	1	1	unique
OG_10408	1	1	unique
OG_10409	1	1	unique
OG_10410	1	1	unique
OG_10411	1	1	unique
OG_10412	1	1	unique
OG_10413	1	1	unique
OG_10414	1	1	unique
OG_10415	1	1	unique
OG_10416	1	1	unique
OG_10417	1	1	unique
OG_10418	1	1	unique
OG_10419	1	1	unique
OG_10420	1	1	unique
OG_10421	1	1	unique
OG_10422	1	1	unique
OG_10423	1	1	unique
OG_10424	1	1	unique
OG_10425	1	1	unique
OG_10426	1	1	unique
OG_10427	1	1	unique
OG_10428	1	1	unique
OG_10429	1	1	unique
OG_10430	1	1	unique
OG_10431	1	1	unique
OG_10432	1	1	unique
OG_10433	1	1	unique
OG_10434	1	1	unique
OG_10435	1	1	unique
OG_10436	1	1	unique
OG_10437	1	1	unique
OG_10438	1	1	unique
OG_10439	1	1	unique
OG_10440	1	1	unique
OG_10441	1	1	unique
OG_10442	1	1	unique
OG_10443	1	1	unique
OG_10444	1	1	unique
OG_10445	1	1	unique
OG_10446	1	1	unique
OG_10447	1	1	unique
OG_10448	1	1	unique
OG_10449	1	1	unique
OG_10450	1	1	unique
OG_10451	1	1	unique
OG_10452	1	1	unique
OG_10453	1	1	unique
OG_10454	1	1	unique
OG_10455	1	1	unique
OG_10456	1	1	unique
OG_10457	1	1	unique
OG_10458	1	1	unique
OG_10459	1	1	unique
OG_10460	1	1	unique
OG_10461	1	1	unique
OG_10462	1	1	unique
OG_10463	1	1	unique
OG_10464	1	1	unique
OG_10465	1	1	unique
OG_10466	1	1	unique
OG_10467	1	1	unique
OG_10468	1	1	unique
OG_10469	1	1	unique
OG_10470	1	1	unique
OG_10471	1	1	unique
OG_10472	1	1	unique
OG_10473	1	1	unique
OG_10474	1	1	unique
OG_10475	1	1	unique
OG_10476	1	1	unique
OG_10477	1	1	unique
OG_10478	1	1	unique
OG_10479	1	1	unique
OG_10480	1	1	unique
OG_10481	1	1	unique
OG_10482	1	1	unique
OG_10483	1	1	unique
OG_10484	1	1	unique
OG_10485	1	1	unique
OG_10486	1	1	unique
OG_10487	1	1	unique
OG_10488	1	1	unique
OG_10489	1	1	unique
OG_10490	1	1	unique
OG_10491	1	1	unique
OG_10492	1	1	unique
OG_10493	1	1	unique
OG_10494	1	1	unique
OG_10495	1	1	unique
OG_10496	1	1	unique
OG_10497	1	1	unique
OG_10498	1	1	unique
OG_10499	1	1	unique
OG_10500	1	1	unique
OG_10501	1	1	unique
OG_10502	1	1	unique
OG_10503	1	1	unique
OG_10504	1	1	unique
OG_10505	1	1	unique
OG_10506	1	1	unique
OG_10507	1	1	unique
OG_10508	1	1	unique
OG_10509	1	1	unique
OG_10510	1	1	unique
OG_10511	1	1	unique
OG_10512	1	1	unique
OG_10513	1	1	unique
OG_10514	1	1	unique
OG_10515	1	1	unique
OG_10516	1	1	unique
OG_10517	1	1	unique
OG_10518	1	1	unique
OG_10519	1	1	unique
OG_10520	1	1	unique
OG_10521	1	1	unique
OG_10522	1	1	unique
OG_10523	1	1	unique
OG_10524	1	1	unique
OG_10525	1	1	unique
OG_10526	1	1	unique
OG_10527	1	1	unique
OG_10528	1	1	unique
OG_10529	1	1	unique
OG_10530	1	1	unique
OG_10531	1	1	unique
OG_10532	1	1	unique
OG_10533	1	1	unique
OG_10534	1	1	unique
OG_10535	1	1	unique
OG_10536	1	1	unique
OG_10537	1	1	unique
OG_10538	1	1	unique
OG_10539	1	1	unique
OG_10540	1	1	unique
OG_10541	1	1	unique
OG_10542	1	1	unique
OG_10543	1	1	unique
OG_10544	1	1	unique
OG_10545	1	1	unique
OG_10546	1	1	unique
OG_10547	1	1	unique
OG_10548	1	1	unique
OG_10549	1	1	unique
OG_10550	1	1	unique
OG_10551	1	1	unique
OG_10552	1	1	unique
OG_10553	1	1	unique
OG_10554	1	1	unique
OG_10555	1	1	unique
OG_10556	1	1	unique
OG_10557	1	1	unique
OG_10558	1	1	unique
OG_10559	1	1	unique
OG_10560	1	1	unique
OG_10561	1	1	unique
OG_10562	1	1	unique
OG_10563	1	1	unique
OG_10564	1	1	unique
OG_10565	1	1	unique
OG_10566	1	1	unique
OG_10567	1	1	unique
OG_10568	1	1	unique
OG_10569	1	1	unique
OG_10570	1	1	unique
OG_10571	1	1	unique
OG_10572	1	1	unique
OG_10573	1	1	unique
OG_10574	1	1	unique
OG_10575	1	1	unique
OG_10576	1	1	unique
OG_10577	1	1	unique
OG_10578	1	1	unique
OG_10579	1	1	unique
OG_10580	1	1	unique
OG_10581	1	1	unique
OG_10582	1	1	unique
OG_10583	1	1	unique
OG_10584	1	1	unique
OG_10585	1	1	unique
OG_10586	1	1	unique
OG_10587	1	1	unique
OG_10588	1	1	unique
OG_10589	1	1	unique
OG_10590	1	1	unique
OG_10591	1	1	unique
OG_10592	1	1	unique
OG_10593	1	1	unique
OG_10594	1	1	unique
OG_10595	1	1	unique
OG_10596	1	1	unique
OG_10597	1	1	unique
OG_10598	1	1	unique
OG_10599	1	1	unique
OG_10600	1	1	unique
OG_10601	1	1	unique
OG_10602	1	1	unique
OG_10603	1	1	unique
OG_10604	1	1	unique
OG_10605	1	1	unique
OG_10606	1	1	unique
OG_10607	1	1	unique
OG_10608	1	1	unique
OG_10609	1	1	unique
OG_10610	1	1	unique
OG_10611	1	1	unique
OG_10612	1	1	unique
OG_10613	1	1	unique
OG_10614	1	1	unique
OG_10615	1	1	unique
OG_10616	1	1	unique
OG_10617	1	1	unique
OG_10618	1	1	unique
OG_10619	1	1	unique
OG_10620	1	1	unique
OG_10621	1	1	unique
OG_10622	1	1	unique
OG_10623	1	1	unique
OG_10624	1	1	unique
OG_10625	1	1	unique
OG_10626	1	1	unique
OG_10627	1	1	unique
OG_10628	1	1	unique
OG_10629	1	1	unique
OG_10630	1	1	unique
OG_10631	1	1	unique
OG_10632	1	1	unique
OG_10633	1	1	unique
OG_10634	1	1	unique
OG_10635	1	1	unique
OG_10636	1	1	unique
OG_10637	1	1	unique
OG_10638	1	1	unique
OG_10639	1	1	unique
OG_10640	1	1	unique
OG_10641	1	1	unique
OG_10642	1	1	unique
OG_10643	1	1	unique
OG_10644	1	1	unique
OG_10645	1	1	unique
OG_10646	1	1	unique
OG_10647	1	1	unique
OG_10648	1	1	unique
OG_10649	1	1	unique
OG_10650	1	1	unique
OG_10651	1	1	unique
OG_10652	1	1	unique
OG_10653	1	1	unique
OG_10654	1	1	unique
OG_10655	1	1	unique
OG_10656	1	1	unique
OG_10657	1	1	unique
OG_10658	1	1	unique
OG_10659	1	1	unique
OG_10660	1	1	unique
OG_10661	1	1	unique
OG_10662	1	1	unique
OG_10663	1	1	unique
OG_10664	1	1	unique
OG_10665	1	1	unique
OG_10666	1	1	unique
OG_10667	1	1	unique
OG_10668	1	1	unique
OG_10669	1	1	unique
OG_10670	1	1	unique
OG_10671	1	1	unique
OG_10672	1	1	unique
OG_10673	1	1	unique
OG_10674	1	1	unique
OG_10675	1	1	unique
OG_10676	1	1	unique
OG_10677	1	1	unique
OG_10678	1	1	unique
OG_10679	1	1	unique
OG_10680	1	1	unique
OG_10681	1	1	unique
OG_10682	1	1	unique
OG_10683	1	1	unique
OG_10684	1	1	unique
OG_10685	1	1	unique
OG_10686	1	1	unique
OG_10687	1	1	unique
OG_10688	1	1	unique
OG_10689	1	1	unique
OG_10690	1	1	unique
OG_10691	1	1	unique
OG_10692	1	1	unique
OG_10693	1	1	unique
OG_10694	1	1	unique
OG_10695	1	1	unique
OG_10696	1	1	unique
OG_10697	1	1	unique
OG_10698	1	1	unique
OG_10699	1	1	unique
OG_10700	1	1	unique
OG_10701	1	1	unique
OG_10702	1	1	unique
OG_10703	1	1	unique
OG_10704	1	1	unique
OG_10705	1	1	unique
OG_10706	1	1	unique
OG_10707	1	1	unique
OG_10708	1	1	unique
OG_10709	1	1	unique
OG_10710	1	1	unique
OG_10711	1	1	unique
OG_10712	1	1	unique
OG_10713	1	1	unique
OG_10714	1	1	unique
OG_10715	1	1	unique
OG_10716	1	1	unique
OG_10717	1	1	unique
OG_10718	1	1	unique
OG_10719	1	1	unique
OG_10720	1	1	unique
OG_10721	1	1	unique
OG_10722	1	1	unique
OG_10723	1	1	unique
OG_10724	1	1	unique
OG_10725	1	1	unique
OG_10726	1	1	unique
OG_10727	1	1	unique
OG_10728	1	1	unique
OG_10729	1	1	unique
OG_10730	1	1	unique
OG_10731	1	1	unique
OG_10732	1	1	unique
OG_10733	1	1	unique
OG_10734	1	1	unique
OG_10735	1	1	unique
OG_10736	1	1	unique
OG_10737	1	1	unique
OG_10738	1	1	unique
OG_10739	1	1	unique
OG_10740	1	1	unique
OG_10741	1	1	unique
OG_10742	1	1	unique
OG_10743	1	1	unique
OG_10744	1	1	unique
OG_10745	1	1	unique
OG_10746	1	1	unique
OG_10747	1	1	unique
OG_10748	1	1	unique
OG_10749	1	1	unique
OG_10750	1	1	unique
OG_10751	1	1	unique
OG_10752	1	1	unique
OG_10753	1	1	unique
OG_10754	1	1	unique
OG_10755	1	1	unique
OG_10756	1	1	unique
OG_10757	1	1	unique
OG_10758	1	1	unique
OG_10759	1	1	unique
OG_10760	1	1	unique
OG_10761	1	1	unique
OG_10762	1	1	unique
OG_10763	1	1	unique
OG_10764	1	1	unique
OG_10765	1	1	unique
OG_10766	1	1	unique
OG_10767	1	1	unique
OG_10768	1	1	unique
OG_10769	1	1	unique
OG_10770	1	1	unique
OG_10771	1	1	unique
OG_10772	1	1	unique
OG_10773	1	1	unique
OG_10774	1	1	unique
OG_10775	1	1	unique
OG_10776	1	1	unique
OG_10777	1	1	unique
OG_10778	1	1	unique
OG_10779	1	1	unique
OG_10780	1	1	unique
OG_10781	1	1	unique
OG_10782	1	1	unique
OG_10783	1	1	unique
OG_10784	1	1	unique
OG_10785	1	1	unique
OG_10786	1	1	unique
OG_10787	1	1	unique
OG_10788	1	1	unique
OG_10789	1	1	unique
OG_10790	1	1	unique
OG_10791	1	1	unique
OG_10792	1	1	unique
OG_10793	1	1	unique
OG_10794	1	1	unique
OG_10795	1	1	unique
OG_10796	1	1	unique
OG_10797	1	1	unique
OG_10798	1	1	unique
OG_10799	1	1	unique
OG_10800	1	1	unique
OG_10801	1	1	unique
OG_10802	1	1	unique
OG_10803	1	1	unique
OG_10804	1	1	unique
OG_10805	1	1	unique
OG_10806	1	1	unique
OG_10807	1	1	unique
OG_10808	1	1	unique
OG_10809	1	1	unique
OG_10810	1	1	unique
OG_10811	1	1	unique
OG_10812	1	1	unique
OG_10813	1	1	unique
OG_10814	1	1	unique
OG_10815	1	1	unique
OG_10816	1	1	unique
OG_10817	1	1	unique
OG_10818	1	1	unique
OG_10819	1	1	unique
OG_10820	1	1	unique
OG_10821	1	1	unique
OG_10822	1	1	unique
OG_10823	1	1	unique
OG_10824	1	1	unique
OG_10825	1	1	unique
OG_10826	1	1	unique
OG_10827	1	1	unique
OG_10828	1	1	unique
OG_10829	1	1	unique
OG_10830	1	1	unique
OG_10831	1	1	unique
OG_10832	1	1	unique
OG_10833	1	1	unique
OG_10834	1	1	unique
OG_10835	1	1	unique
OG_10836	1	1	unique
OG_10837	1	1	unique
OG_10838	1	1	unique
OG_10839	1	1	unique
OG_10840	1	1	unique
OG_10841	1	1	unique
OG_10842	1	1	unique
OG_10843	1	1	unique
OG_10844	1	1	unique
OG_10845	1	1	unique
OG_10846	1	1	unique
OG_10847	1	1	unique
OG_10848	1	1	unique
OG_10849	1	1	unique
OG_10850	1	1	unique
OG_10851	1	1	unique
OG_10852	1	1	unique
OG_10853	1	1	unique
OG_10854	1	1	unique
OG_10855	1	1	unique
OG_10856	1	1	unique
OG_10857	1	1	unique
OG_10858	1	1	unique
OG_10859	1	1	unique
OG_10860	1	1	unique
OG_10861	1	1	unique
OG_10862	1	1	unique
OG_10863	1	1	unique
OG_10864	1	1	unique
OG_10865	1	1	unique
OG_10866	1	1	unique
OG_10867	1	1	unique
OG_10868	1	1	unique
OG_10869	1	1	unique
OG_10870	1	1	unique
OG_10871	1	1	unique
OG_10872	1	1	unique
OG_10873	1	1	unique
OG_10874	1	1	unique
OG_10875	1	1	unique
OG_10876	1	1	unique
OG_10877	1	1	unique
OG_10878	1	1	unique
OG_10879	1	1	unique
OG_10880	1	1	unique
OG_10881	1	1	unique
OG_10882	1	1	unique
OG_10883	1	1	unique
OG_10884	1	1	unique
OG_10885	1	1	unique
OG_10886	1	1	unique
OG_10887	1	1	unique
OG_10888	1	1	unique
OG_10889	1	1	unique
OG_10890	1	1	unique
OG_10891	1	1	unique
OG_10892	1	1	unique
OG_10893	1	1	unique
OG_10894	1	1	unique
OG_10895	1	1	unique
OG_10896	1	1	unique
OG_10897	1	1	unique
OG_10898	1	1	unique
OG_10899	1	1	unique
OG_10900	1	1	unique
OG_10901	1	1	unique
OG_10902	1	1	unique
OG_10903	1	1	unique
OG_10904	1	1	unique
OG_10905	1	1	unique
OG_10906	1	1	unique
OG_10907	1	1	unique
OG_10908	1	1	unique
OG_10909	1	1	unique
OG_10910	1	1	unique
OG_10911	1	1	unique
OG_10912	1	1	unique
OG_10913	1	1	unique
OG_10914	1	1	unique
OG_10915	1	1	unique
OG_10916	1	1	unique
OG_10917	1	1	unique
OG_10918	1	1	unique
OG_10919	1	1	unique
OG_10920	1	1	unique
OG_10921	1	1	unique
OG_10922	1	1	unique
OG_10923	1	1	unique
OG_10924	1	1	unique
OG_10925	1	1	unique
OG_10926	1	1	unique
OG_10927	1	1	unique
OG_10928	1	1	unique
OG_10929	1	1	unique
OG_10930	1	1	unique
OG_10931	1	1	unique
OG_10932	1	1	unique
OG_10933	1	1	unique
OG_10934	1	1	unique
OG_10935	1	1	unique
OG_10936	1	1	unique
OG_10937	1	1	unique
OG_10938	1	1	unique
OG_10939	1	1	unique
OG_10940	1	1	unique
OG_10941	1	1	unique
OG_10942	1	1	unique
OG_10943	1	1	unique
OG_10944	1	1	unique
OG_10945	1	1	unique
OG_10946	1	1	unique
OG_10947	1	1	unique
OG_10948	1	1	unique
OG_10949	1	1	unique
OG_10950	1	1	unique
OG_10951	1	1	unique
OG_10952	1	1	unique
OG_10953	1	1	unique
OG_10954	1	1	unique
OG_10955	1	1	unique
OG_10956	1	1	unique
OG_10957	1	1	unique
OG_10958	1	1	unique
OG_10959	1	1	unique
OG_10960	1	1	unique
OG_10961	1	1	unique
OG_10962	1	1	unique
OG_10963	1	1	unique
OG_10964	1	1	unique
OG_10965	1	1	unique
OG_10966	1	1	unique
OG_10967	1	1	unique
OG_10968	1	1	unique
OG_10969	1	1	unique
OG_10970	1	1	unique
OG_10971	1	1	unique
OG_10972	1	1	unique
OG_10973	1	1	unique
OG_10974	1	1	unique
OG_10975	1	1	unique
OG_10976	1	1	unique
OG_10977	1	1	unique
OG_10978	1	1	unique
OG_10979	1	1	unique
OG_10980	1	1	unique
OG_10981	1	1	unique
OG_10982	1	1	unique
OG_10983	1	1	unique
OG_10984	1	1	unique
OG_10985	1	1	unique
OG_10986	1	1	unique
OG_10987	1	1	unique
OG_10988	1	1	unique
OG_10989	1	1	unique
OG_10990	1	1	unique
OG_10991	1	1	unique
OG_10992	1	1	unique
OG_10993	1	1	unique
OG_10994	1	1	unique
OG_10995	1	1	unique
OG_10996	1	1	unique
OG_10997	1	1	unique
OG_10998	1	1	unique
OG_10999	1	1	unique
OG_11000	1	1	unique
OG_11001	1	1	unique
OG_11002	1	1	unique
OG_11003	1	1	unique
OG_11004	1	1	unique
OG_11005	1	1	unique
OG_11006	1	1	unique
OG_11007	1	1	unique
OG_11008	1	1	unique
OG_11009	1	1	unique
OG_11010	1	1	unique
OG_11011	1	1	unique
OG_11012	1	1	unique
OG_11013	1	1	unique
OG_11014	1	1	unique
OG_11015	1	1	unique
OG_11016	1	1	unique
OG_11017	1	1	unique
OG_11018	1	1	unique
OG_11019	1	1	unique
OG_11020	1	1	unique
OG_11021	1	1	unique
OG_11022	1	1	unique
OG_11023	1	1	unique
OG_11024	1	1	unique
OG_11025	1	1	unique
OG_11026	1	1	unique
OG_11027	1	1	unique
OG_11028	1	1	unique
OG_11029	1	1	unique
OG_11030	1	1	unique
OG_11031	1	1	unique
OG_11032	1	1	unique
OG_11033	1	1	unique
OG_11034	1	1	unique
OG_11035	1	1	unique
OG_11036	1	1	unique
OG_11037	1	1	unique
OG_11038	1	1	unique
OG_11039	1	1	unique
OG_11040	1	1	unique
OG_11041	1	1	unique
OG_11042	1	1	unique
OG_11043	1	1	unique
OG_11044	1	1	unique
OG_11045	1	1	unique
OG_11046	1	1	unique
OG_11047	1	1	unique
OG_11048	1	1	unique
OG_11049	1	1	unique
OG_11050	1	1	unique
OG_11051	1	1	unique
OG_11052	1	1	unique
OG_11053	1	1	unique
OG_11054	1	1	unique
OG_11055	1	1	unique
OG_11056	1	1	unique
OG_11057	1	1	unique
OG_11058	1	1	unique
OG_11059	1	1	unique
OG_11060	1	1	unique
OG_11061	1	1	unique
OG_11062	1	1	unique
OG_11063	1	1	unique
OG_11064	1	1	unique
OG_11065	1	1	unique
OG_11066	1	1	unique
OG_11067	1	1	unique
OG_11068	1	1	unique
OG_11069	1	1	unique
OG_11070	1	1	unique
OG_11071	1	1	unique
OG_11072	1	1	unique
OG_11073	1	1	unique
OG_11074	1	1	unique
OG_11075	1	1	unique
OG_11076	1	1	unique
OG_11077	1	1	unique
OG_11078	1	1	unique
OG_11079	1	1	unique
OG_11080	1	1	unique
OG_11081	1	1	unique
OG_11082	1	1	unique
OG_11083	1	1	unique
OG_11084	1	1	unique
OG_11085	1	1	unique
OG_11086	1	1	unique
OG_11087	1	1	unique
OG_11088	1	1	unique
OG_11089	1	1	unique
OG_11090	1	1	unique
OG_11091	1	1	unique
OG_11092	1	1	unique
OG_11093	1	1	unique
OG_11094	1	1	unique
OG_11095	1	1	unique
OG_11096	1	1	unique
OG_11097	1	1	unique
OG_11098	1	1	unique
OG_11099	1	1	unique
OG_11100	1	1	unique
OG_11101	1	1	unique
OG_11102	1	1	unique
OG_11103	1	1	unique
OG_11104	1	1	unique
OG_11105	1	1	unique
OG_11106	1	1	unique
OG_11107	1	1	unique
OG_11108	1	1	unique
OG_11109	1	1	unique
OG_11110	1	1	unique
OG_11111	1	1	unique
OG_11112	1	1	unique
OG_11113	1	1	unique
OG_11114	1	1	unique
OG_11115	1	1	unique
OG_11116	1	1	unique
OG_11117	1	1	unique
OG_11118	1	1	unique
OG_11119	1	1	unique
OG_11120	1	1	unique
OG_11121	1	1	unique
OG_11122	1	1	unique
OG_11123	1	1	unique
OG_11124	1	1	unique
OG_11125	1	1	unique
OG_11126	1	1	unique
OG_11127	1	1	unique
OG_11128	1	1	unique
OG_11129	1	1	unique
OG_11130	1	1	unique
OG_11131	1	1	unique
OG_11132	1	1	unique
OG_11133	1	1	unique
OG_11134	1	1	unique
OG_11135	1	1	unique
OG_11136	1	1	unique
OG_11137	1	1	unique
OG_11138	1	1	unique
OG_11139	1	1	unique
OG_11140	1	1	unique
OG_11141	1	1	unique
OG_11142	1	1	unique
OG_11143	1	1	unique
OG_11144	1	1	unique
OG_11145	1	1	unique
OG_11146	1	1	unique
OG_11147	1	1	unique
OG_11148	1	1	unique
OG_11149	1	1	unique
OG_11150	1	1	unique
OG_11151	1	1	unique
OG_11152	1	1	unique
OG_11153	1	1	unique
OG_11154	1	1	unique
OG_11155	1	1	unique
OG_11156	1	1	unique
OG_11157	1	1	unique
OG_11158	1	1	unique
OG_11159	1	1	unique
OG_11160	1	1	unique
OG_11161	1	1	unique
OG_11162	1	1	unique
OG_11163	1	1	unique
OG_11164	1	1	unique
OG_11165	1	1	unique
OG_11166	1	1	unique
OG_11167	1	1	unique
OG_11168	1	1	unique
OG_11169	1	1	unique
OG_11170	1	1	unique
OG_11171	1	1	unique
OG_11172	1	1	unique
OG_11173	1	1	unique
OG_11174	1	1	unique
OG_11175	1	1	unique
OG_11176	1	1	unique
OG_11177	1	1	unique
OG_11178	1	1	unique
OG_11179	1	1	unique
OG_11180	1	1	unique
OG_11181	1	1	unique
OG_11182	1	1	unique
OG_11183	1	1	unique
OG_11184	1	1	unique
OG_11185	1	1	unique
OG_11186	1	1	unique
OG_11187	1	1	unique
OG_11188	1	1	unique
OG_11189	1	1	unique
OG_11190	1	1	unique
OG_11191	1	1	unique
OG_11192	1	1	unique
OG_11193	1	1	unique
OG_11194	1	1	unique
OG_11195	1	1	unique
OG_11196	1	1	unique
OG_11197	1	1	unique
OG_11198	1	1	unique
OG_11199	1	1	unique
OG_11200	1	1	unique
OG_11201	1	1	unique
OG_11202	1	1	unique
OG_11203	1	1	unique
OG_11204	1	1	unique
OG_11205	1	1	unique
OG_11206	1	1	unique
OG_11207	1	1	unique
OG_11208	1	1	unique
OG_11209	1	1	unique
OG_11210	1	1	unique
OG_11211	1	1	unique
OG_11212	1	1	unique
OG_11213	1	1	unique
OG_11214	1	1	unique
OG_11215	1	1	unique
OG_11216	1	1	unique
OG_11217	1	1	unique
OG_11218	1	1	unique
OG_11219	1	1	unique
OG_11220	1	1	unique
OG_11221	1	1	unique
OG_11222	1	1	unique
OG_11223	1	1	unique
OG_11224	1	1	unique
OG_11225	1	1	unique
OG_11226	1	1	unique
OG_11227	1	1	unique
OG_11228	1	1	unique
OG_11229	1	1	unique
OG_11230	1	1	unique
OG_11231	1	1	unique
OG_11232	1	1	unique
OG_11233	1	1	unique
OG_11234	1	1	unique
OG_11235	1	1	unique
OG_11236	1	1	unique
OG_11237	1	1	unique
OG_11238	1	1	unique
OG_11239	1	1	unique
OG_11240	1	1	unique
OG_11241	1	1	unique
OG_11242	1	1	unique
OG_11243	1	1	unique
OG_11244	1	1	unique
OG_11245	1	1	unique
OG_11246	1	1	unique
OG_11247	1	1	unique
OG_11248	1	1	unique
OG_11249	1	1	unique
OG_11250	1	1	unique
OG_11251	1	1	unique
OG_11252	1	1	unique
OG_11253	1	1	unique
OG_11254	1	1	unique
OG_11255	1	1	unique
OG_11256	1	1	unique
OG_11257	1	1	unique
OG_11258	1	1	unique
OG_11259	1	1	unique
OG_11260	1	1	unique
OG_11261	1	1	unique
OG_11262	1	1	unique
OG_11263	1	1	unique
OG_11264	1	1	unique
OG_11265	1	1	unique
OG_11266	1	1	unique
OG_11267	1	1	unique
OG_11268	1	1	unique
OG_11269	1	1	unique
OG_11270	1	1	unique
OG_11271	1	1	unique
OG_11272	1	1	unique
OG_11273	1	1	unique
OG_11274	1	1	unique
OG_11275	1	1	unique
OG_11276	1	1	unique
OG_11277	1	1	unique
OG_11278	1	1	unique
OG_11279	1	1	unique
OG_11280	1	1	unique
OG_11281	1	1	unique
OG_11282	1	1	unique
OG_11283	1	1	unique
OG_11284	1	1	unique
OG_11285	1	1	unique
OG_11286	1	1	unique
OG_11287	1	1	unique
OG_11288	1	1	unique
OG_11289	1	1	unique
OG_11290	1	1	unique
OG_11291	1	1	unique
OG_11292	1	1	unique
OG_11293	1	1	unique
OG_11294	1	1	unique
OG_11295	1	1	unique
OG_11296	1	1	unique
OG_11297	1	1	unique
OG_11298	1	1	unique
OG_11299	1	1	unique
OG_11300	1	1	unique
OG_11301	1	1	unique
OG_11302	1	1	unique
OG_11303	1	1	unique
OG_11304	1	1	unique
OG_11305	1	1	unique
OG_11306	1	1	unique
OG_11307	1	1	unique
OG_11308	1	1	unique
OG_11309	1	1	unique
OG_11310	1	1	unique
OG_11311	1	1	unique
OG_11312	1	1	unique
OG_11313	1	1	unique
OG_11314	1	1	unique
OG_11315	1	1	unique
OG_11316	1	1	unique
OG_11317	1	1	unique
OG_11318	1	1	unique
OG_11319	1	1	unique
OG_11320	1	1	unique
OG_11321	1	1	unique
OG_11322	1	1	unique
OG_11323	1	1	unique
OG_11324	1	1	unique
OG_11325	1	1	unique
OG_11326	1	1	unique
OG_11327	1	1	unique
OG_11328	1	1	unique
OG_11329	1	1	unique
OG_11330	1	1	unique
OG_11331	1	1	unique
OG_11332	1	1	unique
OG_11333	1	1	unique
OG_11334	1	1	unique
OG_11335	1	1	unique
OG_11336	1	1	unique
OG_11337	1	1	unique
OG_11338	1	1	unique
OG_11339	1	1	unique
OG_11340	1	1	unique
OG_11341	1	1	unique
OG_11342	1	1	unique
OG_11343	1	1	unique
OG_11344	1	1	unique
OG_11345	1	1	unique
OG_11346	1	1	unique
OG_11347	1	1	unique
OG_11348	1	1	unique
OG_11349	1	1	unique
OG_11350	1	1	unique
OG_11351	1	1	unique
OG_11352	1	1	unique
OG_11353	1	1	unique
OG_11354	1	1	unique
OG_11355	1	1	unique
OG_11356	1	1	unique
OG_11357	1	1	unique
OG_11358	1	1	unique
OG_11359	1	1	unique
OG_11360	1	1	unique
OG_11361	1	1	unique
OG_11362	1	1	unique
OG_11363	1	1	unique
OG_11364	1	1	unique
OG_11365	1	1	unique
OG_11366	1	1	unique
OG_11367	1	1	unique
OG_11368	1	1	unique
OG_11369	1	1	unique
OG_11370	1	1	unique
OG_11371	1	1	unique
OG_11372	1	1	unique
OG_11373	1	1	unique
OG_11374	1	1	unique
OG_11375	1	1	unique
OG_11376	1	1	unique
OG_11377	1	1	unique
OG_11378	1	1	unique
OG_11379	1	1	unique
OG_11380	1	1	unique
OG_11381	1	1	unique
OG_11382	1	1	unique
OG_11383	1	1	unique
OG_11384	1	1	unique
OG_11385	1	1	unique
OG_11386	1	1	unique
OG_11387	1	1	unique
OG_11388	1	1	unique
OG_11389	1	1	unique
OG_11390	1	1	unique
OG_11391	1	1	unique
OG_11392	1	1	unique
OG_11393	1	1	unique
OG_11394	1	1	unique
OG_11395	1	1	unique
OG_11396	1	1	unique
OG_11397	1	1	unique
OG_11398	1	1	unique
OG_11399	1	1	unique
OG_11400	1	1	unique
OG_11401	1	1	unique
OG_11402	1	1	unique
OG_11403	1	1	unique
OG_11404	1	1	unique
OG_11405	1	1	unique
OG_11406	1	1	unique
OG_11407	1	1	unique
OG_11408	1	1	unique
OG_11409	1	1	unique
OG_11410	1	1	unique
OG_11411	1	1	unique
OG_11412	1	1	unique
OG_11413	1	1	unique
OG_11414	1	1	unique
OG_11415	1	1	unique
OG_11416	1	1	unique
OG_11417	1	1	unique
OG_11418	1	1	unique
OG_11419	1	1	unique
OG_11420	1	1	unique
OG_11421	1	1	unique
OG_11422	1	1	unique
OG_11423	1	1	unique
OG_11424	1	1	unique
OG_11425	1	1	unique
OG_11426	1	1	unique
OG_11427	1	1	unique
OG_11428	1	1	unique
OG_11429	1	1	unique
OG_11430	1	1	unique
OG_11431	1	1	unique
OG_11432	1	1	unique
OG_11433	1	1	unique
OG_11434	1	1	unique
OG_11435	1	1	unique
OG_11436	1	1	unique
OG_11437	1	1	unique
OG_11438	1	1	unique
OG_11439	1	1	unique
OG_11440	1	1	unique
OG_11441	1	1	unique
OG_11442	1	1	unique
OG_11443	1	1	unique
OG_11444	1	1	unique
OG_11445	1	1	unique
OG_11446	1	1	unique
OG_11447	1	1	unique
OG_11448	1	1	unique
OG_11449	1	1	unique
OG_11450	1	1	unique
OG_11451	1	1	unique
OG_11452	1	1	unique
OG_11453	1	1	unique
OG_11454	1	1	unique
OG_11455	1	1	unique
OG_11456	1	1	unique
OG_11457	1	1	unique
OG_11458	1	1	unique
OG_11459	1	1	unique
OG_11460	1	1	unique
OG_11461	1	1	unique
OG_11462	1	1	unique
OG_11463	1	1	unique
OG_11464	1	1	unique
OG_11465	1	1	unique
OG_11466	1	1	unique
OG_11467	1	1	unique
OG_11468	1	1	unique
OG_11469	1	1	unique
OG_11470	1	1	unique
OG_11471	1	1	unique
OG_11472	1	1	unique
OG_11473	1	1	unique
OG_11474	1	1	unique
OG_11475	1	1	unique
OG_11476	1	1	unique
OG_11477	1	1	unique
OG_11478	1	1	unique
OG_11479	1	1	unique
OG_11480	1	1	unique
OG_11481	1	1	unique
OG_11482	1	1	unique
OG_11483	1	1	unique
OG_11484	1	1	unique
OG_11485	1	1	unique
OG_11486	1	1	unique
OG_11487	1	1	unique
OG_11488	1	1	unique
OG_11489	1	1	unique
OG_11490	1	1	unique
OG_11491	1	1	unique
OG_11492	1	1	unique
OG_11493	1	1	unique
OG_11494	1	1	unique
OG_11495	1	1	unique
OG_11496	1	1	unique
OG_11497	1	1	unique
OG_11498	1	1	unique
OG_11499	1	1	unique
OG_11500	1	1	unique
OG_11501	1	1	unique
OG_11502	1	1	unique
OG_11503	1	1	unique
OG_11504	1	1	unique
OG_11505	1	1	unique
OG_11506	1	1	unique
OG_11507	1	1	unique
OG_11508	1	1	unique
OG_11509	1	1	unique
OG_11510	1	1	unique
OG_11511	1	1	unique
OG_11512	1	1	unique
OG_11513	1	1	unique
OG_11514	1	1	unique
OG_11515	1	1	unique
OG_11516	1	1	unique
OG_11517	1	1	unique
OG_11518	1	1	unique
OG_11519	1	1	unique
OG_11520	1	1	unique
OG_11521	1	1	unique
OG_11522	1	1	unique
OG_11523	1	1	unique
OG_11524	1	1	unique
OG_11525	1	1	unique
OG_11526	1	1	unique
OG_11527	1	1	unique
OG_11528	1	1	unique
OG_11529	1	1	unique
OG_11530	1	1	unique
OG_11531	1	1	unique
OG_11532	1	1	unique
OG_11533	1	1	unique
OG_11534	1	1	unique
OG_11535	1	1	unique
OG_11536	1	1	unique
OG_11537	1	1	unique
OG_11538	1	1	unique
OG_11539	1	1	unique
OG_11540	1	1	unique
OG_11541	1	1	unique
OG_11542	1	1	unique
OG_11543	1	1	unique
OG_11544	1	1	unique
OG_11545	1	1	unique
OG_11546	1	1	unique
OG_11547	1	1	unique
OG_11548	1	1	unique
OG_11549	1	1	unique
OG_11550	1	1	unique
OG_11551	1	1	unique
OG_11552	1	1	unique
OG_11553	1	1	unique
OG_11554	1	1	unique
OG_11555	1	1	unique
OG_11556	1	1	unique
OG_11557	1	1	unique
OG_11558	1	1	unique
OG_11559	1	1	unique
OG_11560	1	1	unique
OG_11561	1	1	unique
OG_11562	1	1	unique
OG_11563	1	1	unique
OG_11564	1	1	unique
OG_11565	1	1	unique
OG_11566	1	1	unique
OG_11567	1	1	unique
OG_11568	1	1	unique
OG_11569	1	1	unique
OG_11570	1	1	unique
OG_11571	1	1	unique
OG_11572	1	1	unique
OG_11573	1	1	unique
OG_11574	1	1	unique
OG_11575	1	1	unique
OG_11576	1	1	unique
OG_11577	1	1	unique
OG_11578	1	1	unique
OG_11579	1	1	unique
OG_11580	1	1	unique
OG_11581	1	1	unique
OG_11582	1	1	unique
OG_11583	1	1	unique
OG_11584	1	1	unique
OG_11585	1	1	unique
OG_11586	1	1	unique
OG_11587	1	1	unique
OG_11588	1	1	unique
OG_11589	1	1	unique
OG_11590	1	1	unique
OG_11591	1	1	unique
OG_11592	1	1	unique
OG_11593	1	1	unique
OG_11594	1	1	unique
OG_11595	1	1	unique
OG_11596	1	1	unique
OG_11597	1	1	unique
OG_11598	1	1	unique
OG_11599	1	1	unique
OG_11600	1	1	unique
OG_11601	1	1	unique
OG_11602	1	1	unique
OG_11603	1	1	unique
OG_11604	1	1	unique
OG_11605	1	1	unique
OG_11606	1	1	unique
OG_11607	1	1	unique
OG_11608	1	1	unique
OG_11609	1	1	unique
OG_11610	1	1	unique
OG_11611	1	1	unique
OG_11612	1	1	unique
OG_11613	1	1	unique
OG_11614	1	1	unique
OG_11615	1	1	unique
OG_11616	1	1	unique
OG_11617	1	1	unique
OG_11618	1	1	unique
OG_11619	1	1	unique
OG_11620	1	1	unique
OG_11621	1	1	unique
OG_11622	1	1	unique
OG_11623	1	1	unique
OG_11624	1	1	unique
OG_11625	1	1	unique
OG_11626	1	1	unique
OG_11627	1	1	unique
OG_11628	1	1	unique
OG_11629	1	1	unique
OG_11630	1	1	unique
OG_11631	1	1	unique
OG_11632	1	1	unique
OG_11633	1	1	unique
OG_11634	1	1	unique
OG_11635	1	1	unique
OG_11636	1	1	unique
OG_11637	1	1	unique
OG_11638	1	1	unique
OG_11639	1	1	unique
OG_11640	1	1	unique
OG_11641	1	1	unique
OG_11642	1	1	unique
OG_11643	1	1	unique
OG_11644	1	1	unique
OG_11645	1	1	unique
OG_11646	1	1	unique
OG_11647	1	1	unique
OG_11648	1	1	unique
OG_11649	1	1	unique
OG_11650	1	1	unique
OG_11651	1	1	unique
OG_11652	1	1	unique
OG_11653	1	1	unique
OG_11654	1	1	unique
OG_11655	1	1	unique
OG_11656	1	1	unique
OG_11657	1	1	unique
OG_11658	1	1	unique
OG_11659	1	1	unique
OG_11660	1	1	unique
OG_11661	1	1	unique
OG_11662	1	1	unique
OG_11663	1	1	unique
OG_11664	1	1	unique
OG_11665	1	1	unique
OG_11666	1	1	unique
OG_11667	1	1	unique
OG_11668	1	1	unique
OG_11669	1	1	unique
OG_11670	1	1	unique
OG_11671	1	1	unique
OG_11672	1	1	unique
OG_11673	1	1	unique
OG_11674	1	1	unique
OG_11675	1	1	unique
OG_11676	1	1	unique
OG_11677	1	1	unique
OG_11678	1	1	unique
OG_11679	1	1	unique
OG_11680	1	1	unique
OG_11681	1	1	unique
OG_11682	1	1	unique
OG_11683	1	1	unique
OG_11684	1	1	unique
OG_11685	1	1	unique
OG_11686	1	1	unique
OG_11687	1	1	unique
OG_11688	1	1	unique
OG_11689	1	1	unique
OG_11690	1	1	unique
OG_11691	1	1	unique
OG_11692	1	1	unique
OG_11693	1	1	unique
OG_11694	1	1	unique
OG_11695	1	1	unique
OG_11696	1	1	unique
OG_11697	1	1	unique
OG_11698	1	1	unique
OG_11699	1	1	unique
OG_11700	1	1	unique
OG_11701	1	1	unique
OG_11702	1	1	unique
OG_11703	1	1	unique
OG_11704	1	1	unique
OG_11705	1	1	unique
OG_11706	1	1	unique
OG_11707	1	1	unique
OG_11708	1	1	unique
OG_11709	1	1	unique
OG_11710	1	1	unique
OG_11711	1	1	unique
OG_11712	1	1	unique
OG_11713	1	1	unique
OG_11714	1	1	unique
OG_11715	1	1	unique
OG_11716	1	1	unique
OG_11717	1	1	unique
OG_11718	1	1	unique
OG_11719	1	1	unique
OG_11720	1	1	unique
OG_11721	1	1	unique
OG_11722	1	1	unique
OG_11723	1	1	unique
OG_11724	1	1	unique
OG_11725	1	1	unique
OG_11726	1	1	unique
OG_11727	1	1	unique
OG_11728	1	1	unique
OG_11729	1	1	unique
OG_11730	1	1	unique
OG_11731	1	1	unique
OG_11732	1	1	unique
OG_11733	1	1	unique
OG_11734	1	1	unique
OG_11735	1	1	unique
OG_11736	1	1	unique
OG_11737	1	1	unique
OG_11738	1	1	unique
OG_11739	1	1	unique
OG_11740	1	1	unique
OG_11741	1	1	unique
OG_11742	1	1	unique
OG_11743	1	1	unique
OG_11744	1	1	unique
OG_11745	1	1	unique
OG_11746	1	1	unique
OG_11747	1	1	unique
OG_11748	1	1	unique
OG_11749	1	1	unique
OG_11750	1	1	unique
OG_11751	1	1	unique
OG_11752	1	1	unique
OG_11753	1	1	unique
OG_11754	1	1	unique
OG_11755	1	1	unique
OG_11756	1	1	unique
OG_11757	1	1	unique
OG_11758	1	1	unique
OG_11759	1	1	unique
OG_11760	1	1	unique
OG_11761	1	1	unique
OG_11762	1	1	unique
OG_11763	1	1	unique
OG_11764	1	1	unique
OG_11765	1	1	unique
OG_11766	1	1	unique
OG_11767	1	1	unique
OG_11768	1	1	unique
OG_11769	1	1	unique
OG_11770	1	1	unique
OG_11771	1	1	unique
OG_11772	1	1	unique
OG_11773	1	1	unique
OG_11774	1	1	unique
OG_11775	1	1	unique
OG_11776	1	1	unique
OG_11777	1	1	unique
OG_11778	1	1	unique
OG_11779	1	1	unique
OG_11780	1	1	unique
OG_11781	1	1	unique
OG_11782	1	1	unique
OG_11783	1	1	unique
OG_11784	1	1	unique
OG_11785	1	1	unique
OG_11786	1	1	unique
OG_11787	1	1	unique
OG_11788	1	1	unique
OG_11789	1	1	unique
OG_11790	1	1	unique
OG_11791	1	1	unique
OG_11792	1	1	unique
OG_11793	1	1	unique
OG_11794	1	1	unique
OG_11795	1	1	unique
OG_11796	1	1	unique
OG_11797	1	1	unique
OG_11798	1	1	unique
OG_11799	1	1	unique
OG_11800	1	1	unique
OG_11801	1	1	unique
OG_11802	1	1	unique
OG_11803	1	1	unique
OG_11804	1	1	unique
OG_11805	1	1	unique
OG_11806	1	1	unique
OG_11807	1	1	unique
OG_11808	1	1	unique
OG_11809	1	1	unique
OG_11810	1	1	unique
OG_11811	1	1	unique
OG_11812	1	1	unique
OG_11813	1	1	unique
OG_11814	1	1	unique
OG_11815	1	1	unique
OG_11816	1	1	unique
OG_11817	1	1	unique
OG_11818	1	1	unique
OG_11819	1	1	unique
OG_11820	1	1	unique
OG_11821	1	1	unique
OG_11822	1	1	unique
OG_11823	1	1	unique
OG_11824	1	1	unique
OG_11825	1	1	unique
OG_11826	1	1	unique
OG_11827	1	1	unique
OG_11828	1	1	unique
OG_11829	1	1	unique
OG_11830	1	1	unique
OG_11831	1	1	unique
OG_11832	1	1	unique
OG_11833	1	1	unique
OG_11834	1	1	unique
OG_11835	1	1	unique
OG_11836	1	1	unique
OG_11837	1	1	unique
OG_11838	1	1	unique
OG_11839	1	1	unique
OG_11840	1	1	unique
OG_11841	1	1	unique
OG_11842	1	1	unique
OG_11843	1	1	unique
OG_11844	1	1	unique
OG_11845	1	1	unique
OG_11846	1	1	unique
OG_11847	1	1	unique
OG_11848	1	1	unique
OG_11849	1	1	unique
OG_11850	1	1	unique
OG_11851	1	1	unique
OG_11852	1	1	unique
OG_11853	1	1	unique
OG_11854	1	1	unique
OG_11855	1	1	unique
OG_11856	1	1	unique
OG_11857	1	1	unique
OG_11858	1	1	unique
OG_11859	1	1	unique
OG_11860	1	1	unique
OG_11861	1	1	unique
OG_11862	1	1	unique
OG_11863	1	1	unique
OG_11864	1	1	unique
OG_11865	1	1	unique
OG_11866	1	1	unique
OG_11867	1	1	unique
OG_11868	1	1	unique
OG_11869	1	1	unique
OG_11870	1	1	unique
OG_11871	1	1	unique
OG_11872	1	1	unique
OG_11873	1	1	unique
OG_11874	1	1	unique
OG_11875	1	1	unique
OG_11876	1	1	unique
OG_11877	1	1	unique
OG_11878	1	1	unique
OG_11879	1	1	unique
OG_11880	1	1	unique
OG_11881	1	1	unique
OG_11882	1	1	unique
OG_11883	1	1	unique
OG_11884	1	1	unique
OG_11885	1	1	unique
OG_11886	1	1	unique
OG_11887	1	1	unique
OG_11888	1	1	unique
OG_11889	1	1	unique
OG_11890	1	1	unique
OG_11891	1	1	unique
OG_11892	1	1	unique
OG_11893	1	1	unique
OG_11894	1	1	unique
OG_11895	1	1	unique
OG_11896	1	1	unique
OG_11897	1	1	unique
OG_11898	1	1	unique
OG_11899	1	1	unique
OG_11900	1	1	unique
OG_11901	1	1	unique
OG_11902	1	1	unique
OG_11903	1	1	unique
OG_11904	1	1	unique
OG_11905	1	1	unique
OG_11906	1	1	unique
OG_11907	1	1	unique
OG_11908	1	1	unique
OG_11909	1	1	unique
OG_11910	1	1	unique
OG_11911	1	1	unique
OG_11912	1	1	unique
OG_11913	1	1	unique
OG_11914	1	1	unique
OG_11915	1	1	unique
OG_11916	1	1	unique
OG_11917	1	1	unique
OG_11918	1	1	unique
OG_11919	1	1	unique
OG_11920	1	1	unique
OG_11921	1	1	unique
OG_11922	1	1	unique
OG_11923	1	1	unique
OG_11924	1	1	unique
OG_11925	1	1	unique
OG_11926	1	1	unique
OG_11927	1	1	unique
OG_11928	1	1	unique
OG_11929	1	1	unique
OG_11930	1	1	unique
OG_11931	1	1	unique
OG_11932	1	1	unique
OG_11933	1	1	unique
OG_11934	1	1	unique
OG_11935	1	1	unique
OG_11936	1	1	unique
OG_11937	1	1	unique
OG_11938	1	1	unique
OG_11939	1	1	unique
OG_11940	1	1	unique
OG_11941	1	1	unique
OG_11942	1	1	unique
OG_11943	1	1	unique
OG_11944	1	1	unique
OG_11945	1	1	unique
OG_11946	1	1	unique
OG_11947	1	1	unique
OG_11948	1	1	unique
OG_11949	1	1	unique
OG_11950	1	1	unique
OG_11951	1	1	unique
OG_11952	1	1	unique
OG_11953	1	1	unique
OG_11954	1	1	unique
OG_11955	1	1	unique
OG_11956	1	1	unique
OG_11957	1	1	unique
OG_11958	1	1	unique
OG_11959	1	1	unique
OG_11960	1	1	unique
OG_11961	1	1	unique
OG_11962	1	1	unique
OG_11963	1	1	unique
OG_11964	1	1	unique
OG_11965	1	1	unique
OG_11966	1	1	unique
OG_11967	1	1	unique
OG_11968	1	1	unique
OG_11969	1	1	unique
OG_11970	1	1	unique
OG_11971	1	1	unique
OG_11972	1	1	unique
OG_11973	1	1	unique
OG_11974	1	1	unique
OG_11975	1	1	unique
OG_11976	1	1	unique
OG_11977	1	1	unique
OG_11978	1	1	unique
OG_11979	1	1	unique
OG_11980	1	1	unique
OG_11981	1	1	unique
OG_11982	1	1	unique
OG_11983	1	1	unique
OG_11984	1	1	unique
OG_11985	1	1	unique
OG_11986	1	1	unique
OG_11987	1	1	unique
OG_11988	1	1	unique
OG_11989	1	1	unique
OG_11990	1	1	unique
OG_11991	1	1	unique
OG_11992	1	1	unique
OG_11993	1	1	unique
OG_11994	1	1	unique
OG_11995	1	1	unique
OG_11996	1	1	unique
OG_11997	1	1	unique
OG_11998	1	1	unique
OG_11999	1	1	unique
OG_12000	1	1	unique
OG_12001	1	1	unique
OG_12002	1	1	unique
OG_12003	1	1	unique
OG_12004	1	1	unique
OG_12005	1	1	unique
OG_12006	1	1	unique
OG_12007	1	1	unique
OG_12008	1	1	unique
OG_12009	1	1	unique
OG_12010	1	1	unique
OG_12011	1	1	unique
OG_12012	1	1	unique
OG_12013	1	1	unique
OG_12014	1	1	unique
OG_12015	1	1	unique
OG_12016	1	1	unique
OG_12017	1	1	unique
OG_12018	1	1	unique
OG_12019	1	1	unique
OG_12020	1	1	unique
OG_12021	1	1	unique
OG_12022	1	1	unique
OG_12023	1	1	unique
OG_12024	1	1	unique
OG_12025	1	1	unique
OG_12026	1	1	unique
OG_12027	1	1	unique
OG_12028	1	1	unique
OG_12029	1	1	unique
OG_12030	1	1	unique
OG_12031	1	1	unique
OG_12032	1	1	unique
OG_12033	1	1	unique
OG_12034	1	1	unique
OG_12035	1	1	unique
OG_12036	1	1	unique
OG_12037	1	1	unique
OG_12038	1	1	unique
OG_12039	1	1	unique
OG_12040	1	1	unique
OG_12041	1	1	unique
OG_12042	1	1	unique
OG_12043	1	1	unique
OG_12044	1	1	unique
OG_12045	1	1	unique
OG_12046	1	1	unique
OG_12047	1	1	unique
OG_12048	1	1	unique
OG_12049	1	1	unique
OG_12050	1	1	unique
OG_12051	1	1	unique
OG_12052	1	1	unique
OG_12053	1	1	unique
OG_12054	1	1	unique
OG_12055	1	1	unique
OG_12056	1	1	unique
OG_12057	1	1	unique
OG_12058	1	1	unique
OG_12059	1	1	unique
OG_12060	1	1	unique
OG_12061	1	1	unique
OG_12062	1	1	unique
OG_12063	1	1	unique
OG_12064	1	1	unique
OG_12065	1	1	unique
OG_12066	1	1	unique
OG_12067	1	1	unique
OG_12068	1	1	unique
OG_12069	1	1	unique
OG_12070	1	1	unique
OG_12071	1	1	unique
OG_12072	1	1	unique
OG_12073	1	1	unique
OG_12074	1	1	unique
OG_12075	1	1	unique
OG_12076	1	1	unique
OG_12077	1	1	unique
OG_12078	1	1	unique
OG_12079	1	1	unique
OG_12080	1	1	unique
OG_12081	1	1	unique
OG_12082	1	1	unique
OG_12083	1	1	unique
OG_12084	1	1	unique
OG_12085	1	1	unique
OG_12086	1	1	unique
OG_12087	1	1	unique
OG_12088	1	1	unique
OG_12089	1	1	unique
OG_12090	1	1	unique
OG_12091	1	1	unique
OG_12092	1	1	unique
OG_12093	1	1	unique
OG_12094	1	1	unique
OG_12095	1	1	unique
OG_12096	1	1	unique
OG_12097	1	1	unique
OG_12098	1	1	unique
OG_12099	1	1	unique
OG_12100	1	1	unique
OG_12101	1	1	unique
OG_12102	1	1	unique
OG_12103	1	1	unique
OG_12104	1	1	unique
OG_12105	1	1	unique
OG_12106	1	1	unique
OG_12107	1	1	unique
OG_12108	1	1	unique
OG_12109	1	1	unique
OG_12110	1	1	unique
OG_12111	1	1	unique
OG_12112	1	1	unique
OG_12113	1	1	unique
OG_12114	1	1	unique
OG_12115	1	1	unique
OG_12116	1	1	unique
OG_12117	1	1	unique
OG_12118	1	1	unique
OG_12119	1	1	unique
OG_12120	1	1	unique
OG_12121	1	1	unique
OG_12122	1	1	unique
OG_12123	1	1	unique
OG_12124	1	1	unique
OG_12125	1	1	unique
OG_12126	1	1	unique
OG_12127	1	1	unique
OG_12128	1	1	unique
OG_12129	1	1	unique
OG_12130	1	1	unique
OG_12131	1	1	unique
OG_12132	1	1	unique
OG_12133	1	1	unique
OG_12134	1	1	unique
OG_12135	1	1	unique
OG_12136	1	1	unique
OG_12137	1	1	unique
OG_12138	1	1	unique
OG_12139	1	1	unique
OG_12140	1	1	unique
OG_12141	1	1	unique
OG_12142	1	1	unique
OG_12143	1	1	unique
OG_12144	1	1	unique
OG_12145	1	1	unique
OG_12146	1	1	unique
OG_12147	1	1	unique
OG_12148	1	1	unique
OG_12149	1	1	unique
OG_12150	1	1	unique
OG_12151	1	1	unique
OG_12152	1	1	unique
OG_12153	1	1	unique
OG_12154	1	1	unique
OG_12155	1	1	unique
OG_12156	1	1	unique
OG_12157	1	1	unique
OG_12158	1	1	unique
OG_12159	1	1	unique
OG_12160	1	1	unique
OG_12161	1	1	unique
OG_12162	1	1	unique
OG_12163	1	1	unique
OG_12164	1	1	unique
OG_12165	1	1	unique
OG_12166	1	1	unique
OG_12167	1	1	unique
OG_12168	1	1	unique
OG_12169	1	1	unique
OG_12170	1	1	unique
OG_12171	1	1	unique
OG_12172	1	1	unique
OG_12173	1	1	unique
OG_12174	1	1	unique
OG_12175	1	1	unique
OG_12176	1	1	unique
OG_12177	1	1	unique
OG_12178	1	1	unique
OG_12179	1	1	unique
OG_12180	1	1	unique
OG_12181	1	1	unique
OG_12182	1	1	unique
OG_12183	1	1	unique
OG_12184	1	1	unique
OG_12185	1	1	unique
OG_12186	1	1	unique
OG_12187	1	1	unique
OG_12188	1	1	unique
OG_12189	1	1	unique
OG_12190	1	1	unique
OG_12191	1	1	unique
OG_12192	1	1	unique
OG_12193	1	1	unique
OG_12194	1	1	unique
OG_12195	1	1	unique
OG_12196	1	1	unique
OG_12197	1	1	unique
OG_12198	1	1	unique
OG_12199	1	1	unique
OG_12200	1	1	unique
OG_12201	1	1	unique
OG_12202	1	1	unique
OG_12203	1	1	unique
OG_12204	1	1	unique
OG_12205	1	1	unique
OG_12206	1	1	unique
OG_12207	1	1	unique
OG_12208	1	1	unique
OG_12209	1	1	unique
OG_12210	1	1	unique
OG_12211	1	1	unique
OG_12212	1	1	unique
OG_12213	1	1	unique
OG_12214	1	1	unique
OG_12215	1	1	unique
OG_12216	1	1	unique
OG_12217	1	1	unique
OG_12218	1	1	unique
OG_12219	1	1	unique
OG_12220	1	1	unique
OG_12221	1	1	unique
OG_12222	1	1	unique
OG_12223	1	1	unique
OG_12224	1	1	unique
OG_12225	1	1	unique
OG_12226	1	1	unique
OG_12227	1	1	unique
OG_12228	1	1	unique
OG_12229	1	1	unique
OG_12230	1	1	unique
OG_12231	1	1	unique
OG_12232	1	1	unique
OG_12233	1	1	unique
OG_12234	1	1	unique
OG_12235	1	1	unique
OG_12236	1	1	unique
OG_12237	1	1	unique
OG_12238	1	1	unique
OG_12239	1	1	unique
OG_12240	1	1	unique
OG_12241	1	1	unique
OG_12242	1	1	unique
OG_12243	1	1	unique
OG_12244	1	1	unique
OG_12245	1	1	unique
OG_12246	1	1	unique
OG_12247	1	1	unique
OG_12248	1	1	unique
OG_12249	1	1	unique
OG_12250	1	1	unique
OG_12251	1	1	unique
OG_12252	1	1	unique
OG_12253	1	1	unique
OG_12254	1	1	unique
OG_12255	1	1	unique
OG_12256	1	1	unique
OG_12257	1	1	unique
OG_12258	1	1	unique
OG_12259	1	1	unique
OG_12260	1	1	unique
OG_12261	1	1	unique
OG_12262	1	1	unique
OG_12263	1	1	unique
OG_12264	1	1	unique
OG_12265	1	1	unique
OG_12266	1	1	unique
OG_12267	1	1	unique
OG_12268	1	1	unique
OG_12269	1	1	unique
OG_12270	1	1	unique
OG_12271	1	1	unique
OG_12272	1	1	unique
OG_12273	1	1	unique
OG_12274	1	1	unique
OG_12275	1	1	unique
OG_12276	1	1	unique
OG_12277	1	1	unique
OG_12278	1	1	unique
OG_12279	1	1	unique
OG_12280	1	1	unique
OG_12281	1	1	unique
OG_12282	1	1	unique
OG_12283	1	1	unique
OG_12284	1	1	unique
OG_12285	1	1	unique
OG_12286	1	1	unique
OG_12287	1	1	unique
OG_12288	1	1	unique
OG_12289	1	1	unique
OG_12290	1	1	unique
OG_12291	1	1	unique
OG_12292	1	1	unique
OG_12293	1	1	unique
OG_12294	1	1	unique
OG_12295	1	1	unique
OG_12296	1	1	unique
OG_12297	1	1	unique
OG_12298	1	1	unique
OG_12299	1	1	unique
OG_12300	1	1	unique
OG_12301	1	1	unique
OG_12302	1	1	unique
OG_12303	1	1	unique
OG_12304	1	1	unique
OG_12305	1	1	unique
OG_12306	1	1	unique
OG_12307	1	1	unique
OG_12308	1	1	unique
OG_12309	1	1	unique
OG_12310	1	1	unique
OG_12311	1	1	unique
OG_12312	1	1	unique
OG_12313	1	1	unique
OG_12314	1	1	unique
OG_12315	1	1	unique
OG_12316	1	1	unique
OG_12317	1	1	unique
OG_12318	1	1	unique
OG_12319	1	1	unique
OG_12320	1	1	unique
OG_12321	1	1	unique
OG_12322	1	1	unique
OG_12323	1	1	unique
OG_12324	1	1	unique
OG_12325	1	1	unique
OG_12326	1	1	unique
OG_12327	1	1	unique
OG_12328	1	1	unique
OG_12329	1	1	unique
OG_12330	1	1	unique
OG_12331	1	1	unique
OG_12332	1	1	unique
OG_12333	1	1	unique
OG_12334	1	1	unique
OG_12335	1	1	unique
OG_12336	1	1	unique
OG_12337	1	1	unique
OG_12338	1	1	unique
OG_12339	1	1	unique
OG_12340	1	1	unique
OG_12341	1	1	unique
OG_12342	1	1	unique
OG_12343	1	1	unique
OG_12344	1	1	unique
OG_12345	1	1	unique
OG_12346	1	1	unique
OG_12347	1	1	unique
OG_12348	1	1	unique
OG_12349	1	1	unique
OG_12350	1	1	unique
OG_12351	1	1	unique
OG_12352	1	1	unique
OG_12353	1	1	unique
OG_12354	1	1	unique
OG_12355	1	1	unique
OG_12356	1	1	unique
OG_12357	1	1	unique
OG_12358	1	1	unique
OG_12359	1	1	unique
OG_12360	1	1	unique
OG_12361	1	1	unique
OG_12362	1	1	unique
OG_12363	1	1	unique
OG_12364	1	1	unique
OG_12365	1	1	unique
OG_12366	1	1	unique
OG_12367	1	1	unique
OG_12368	1	1	unique
OG_12369	1	1	unique
OG_12370	1	1	unique
OG_12371	1	1	unique
OG_12372	1	1	unique
OG_12373	1	1	unique
OG_12374	1	1	unique
OG_12375	1	1	unique
OG_12376	1	1	unique
OG_12377	1	1	unique
OG_12378	1	1	unique
OG_12379	1	1	unique
OG_12380	1	1	unique
OG_12381	1	1	unique
OG_12382	1	1	unique
OG_12383	1	1	unique
OG_12384	1	1	unique
OG_12385	1	1	unique
OG_12386	1	1	unique
OG_12387	1	1	unique
OG_12388	1	1	unique
OG_12389	1	1	unique
OG_12390	1	1	unique
OG_12391	1	1	unique
OG_12392	1	1	unique
OG_12393	1	1	unique
OG_12394	1	1	unique
OG_12395	1	1	unique
OG_12396	1	1	unique
OG_12397	1	1	unique
OG_12398	1	1	unique
OG_12399	1	1	unique
OG_12400	1	1	unique
OG_12401	1	1	unique
OG_12402	1	1	unique
OG_12403	1	1	unique
OG_12404	1	1	unique
OG_12405	1	1	unique
OG_12406	1	1	unique
OG_12407	1	1	unique
OG_12408	1	1	unique
OG_12409	1	1	unique
OG_12410	1	1	unique
OG_12411	1	1	unique
OG_12412	1	1	unique
OG_12413	1	1	unique
OG_12414	1	1	unique
OG_12415	1	1	unique
OG_12416	1	1	unique
OG_12417	1	1	unique
OG_12418	1	1	unique
OG_12419	1	1	unique
OG_12420	1	1	unique
OG_12421	1	1	unique
OG_12422	1	1	unique
OG_12423	1	1	unique
OG_12424	1	1	unique
OG_12425	1	1	unique
OG_12426	1	1	unique
OG_12427	1	1	unique
OG_12428	1	1	unique
OG_12429	1	1	unique
OG_12430	1	1	unique
OG_12431	1	1	unique
OG_12432	1	1	unique
OG_12433	1	1	unique
OG_12434	1	1	unique
OG_12435	1	1	unique
OG_12436	1	1	unique
OG_12437	1	1	unique
OG_12438	1	1	unique
OG_12439	1	1	unique
OG_12440	1	1	unique
OG_12441	1	1	unique
OG_12442	1	1	unique
OG_12443	1	1	unique
OG_12444	1	1	unique
OG_12445	1	1	unique
OG_12446	1	1	unique
OG_12447	1	1	unique
OG_12448	1	1	unique
OG_12449	1	1	unique
OG_12450	1	1	unique
OG_12451	1	1	unique
OG_12452	1	1	unique
OG_12453	1	1	unique
OG_12454	1	1	unique
OG_12455	1	1	unique
OG_12456	1	1	unique
OG_12457	1	1	unique
OG_12458	1	1	unique
OG_12459	1	1	unique
OG_12460	1	1	unique
OG_12461	1	1	unique
OG_12462	1	1	unique
OG_12463	1	1	unique
OG_12464	1	1	unique
OG_12465	1	1	unique
OG_12466	1	1	unique
OG_12467	1	1	unique
OG_12468	1	1	unique
OG_12469	1	1	unique
OG_12470	1	1	unique
OG_12471	1	1	unique
OG_12472	1	1	unique
OG_12473	1	1	unique
OG_12474	1	1	unique
OG_12475	1	1	unique
OG_12476	1	1	unique
OG_12477	1	1	unique
OG_12478	1	1	unique
OG_12479	1	1	unique
OG_12480	1	1	unique
OG_12481	1	1	unique
OG_12482	1	1	unique
OG_12483	1	1	unique
OG_12484	1	1	unique
OG_12485	1	1	unique
OG_12486	1	1	unique
OG_12487	1	1	unique
OG_12488	1	1	unique
OG_12489	1	1	unique
OG_12490	1	1	unique
OG_12491	1	1	unique
OG_12492	1	1	unique
OG_12493	1	1	unique
OG_12494	1	1	unique
OG_12495	1	1	unique
OG_12496	1	1	unique
OG_12497	1	1	unique
OG_12498	1	1	unique
OG_12499	1	1	unique
OG_12500	1	1	unique
OG_12501	1	1	unique
OG_12502	1	1	unique
OG_12503	1	1	unique
OG_12504	1	1	unique
OG_12505	1	1	unique
OG_12506	1	1	unique
OG_12507	1	1	unique
OG_12508	1	1	unique
OG_12509	1	1	unique
OG_12510	1	1	unique
OG_12511	1	1	unique
OG_12512	1	1	unique
OG_12513	1	1	unique
OG_12514	1	1	unique
OG_12515	1	1	unique
OG_12516	1	1	unique
OG_12517	1	1	unique
OG_12518	1	1	unique
OG_12519	1	1	unique
OG_12520	1	1	unique
OG_12521	1	1	unique
OG_12522	1	1	unique
OG_12523	1	1	unique
OG_12524	1	1	unique
OG_12525	1	1	unique
OG_12526	1	1	unique
OG_12527	1	1	unique
OG_12528	1	1	unique
OG_12529	1	1	unique
OG_12530	1	1	unique
OG_12531	1	1	unique
OG_12532	1	1	unique
OG_12533	1	1	unique
OG_12534	1	1	unique
OG_12535	1	1	unique
OG_12536	1	1	unique
OG_12537	1	1	unique
OG_12538	1	1	unique
OG_12539	1	1	unique
OG_12540	1	1	unique
OG_12541	1	1	unique
OG_12542	1	1	unique
OG_12543	1	1	unique
OG_12544	1	1	unique
OG_12545	1	1	unique
OG_12546	1	1	unique
OG_12547	1	1	unique
OG_12548	1	1	unique
OG_12549	1	1	unique
OG_12550	1	1	unique
OG_12551	1	1	unique
OG_12552	1	1	unique
OG_12553	1	1	unique
OG_12554	1	1	unique
OG_12555	1	1	unique
OG_12556	1	1	unique
OG_12557	1	1	unique
OG_12558	1	1	unique
OG_12559	1	1	unique
OG_12560	1	1	unique
OG_12561	1	1	unique
OG_12562	1	1	unique
OG_12563	1	1	unique
OG_12564	1	1	unique
OG_12565	1	1	unique
OG_12566	1	1	unique
OG_12567	1	1	unique
OG_12568	1	1	unique
OG_12569	1	1	unique
OG_12570	1	1	unique
OG_12571	1	1	unique
OG_12572	1	1	unique
OG_12573	1	1	unique
OG_12574	1	1	unique
OG_12575	1	1	unique
OG_12576	1	1	unique
OG_12577	1	1	unique
OG_12578	1	1	unique
OG_12579	1	1	unique
OG_12580	1	1	unique
OG_12581	1	1	unique
OG_12582	1	1	unique
OG_12583	1	1	unique
OG_12584	1	1	unique
OG_12585	1	1	unique
OG_12586	1	1	unique
OG_12587	1	1	unique
OG_12588	1	1	unique
OG_12589	1	1	unique
OG_12590	1	1	unique
OG_12591	1	1	unique
OG_12592	1	1	unique
OG_12593	1	1	unique
OG_12594	1	1	unique
OG_12595	1	1	unique
OG_12596	1	1	unique
OG_12597	1	1	unique
OG_12598	1	1	unique
OG_12599	1	1	unique
OG_12600	1	1	unique
OG_12601	1	1	unique
OG_12602	1	1	unique
OG_12603	1	1	unique
OG_12604	1	1	unique
OG_12605	1	1	unique
OG_12606	1	1	unique
OG_12607	1	1	unique
OG_12608	1	1	unique
OG_12609	1	1	unique
OG_12610	1	1	unique
OG_12611	1	1	unique
OG_12612	1	1	unique
OG_12613	1	1	unique
OG_12614	1	1	unique
OG_12615	1	1	unique
OG_12616	1	1	unique
OG_12617	1	1	unique
OG_12618	1	1	unique
OG_12619	1	1	unique
OG_12620	1	1	unique
OG_12621	1	1	unique
OG_12622	1	1	unique
OG_12623	1	1	unique
OG_12624	1	1	unique
OG_12625	1	1	unique
OG_12626	1	1	unique
OG_12627	1	1	unique
OG_12628	1	1	unique
OG_12629	1	1	unique
OG_12630	1	1	unique
OG_12631	1	1	unique
OG_12632	1	1	unique
OG_12633	1	1	unique
OG_12634	1	1	unique
OG_12635	1	1	unique
OG_12636	1	1	unique
OG_12637	1	1	unique
OG_12638	1	1	unique
OG_12639	1	1	unique
OG_12640	1	1	unique
OG_12641	1	1	unique
OG_12642	1	1	unique
OG_12643	1	1	unique
OG_12644	1	1	unique
OG_12645	1	1	unique
OG_12646	1	1	unique
OG_12647	1	1	unique
OG_12648	1	1	unique
OG_12649	1	1	unique
OG_12650	1	1	unique
OG_12651	1	1	unique
OG_12652	1	1	unique
OG_12653	1	1	unique
OG_12654	1	1	unique
OG_12655	1	1	unique
OG_12656	1	1	unique
OG_12657	1	1	unique
OG_12658	1	1	unique
OG_12659	1	1	unique
OG_12660	1	1	unique
OG_12661	1	1	unique
OG_12662	1	1	unique
OG_12663	1	1	unique
OG_12664	1	1	unique
OG_12665	1	1	unique
OG_12666	1	1	unique
OG_12667	1	1	unique
OG_12668	1	1	unique
OG_12669	1	1	unique
OG_12670	1	1	unique
OG_12671	1	1	unique
OG_12672	1	1	unique
OG_12673	1	1	unique
OG_12674	1	1	unique
OG_12675	1	1	unique
OG_12676	1	1	unique
OG_12677	1	1	unique
OG_12678	1	1	unique
OG_12679	1	1	unique
OG_12680	1	1	unique
OG_12681	1	1	unique
OG_12682	1	1	unique
OG_12683	1	1	unique
OG_12684	1	1	unique
OG_12685	1	1	unique
OG_12686	1	1	unique
OG_12687	1	1	unique
OG_12688	1	1	unique
OG_12689	1	1	unique
OG_12690	1	1	unique
OG_12691	1	1	unique
OG_12692	1	1	unique
OG_12693	1	1	unique
OG_12694	1	1	unique
OG_12695	1	1	unique
OG_12696	1	1	unique
OG_12697	1	1	unique
OG_12698	1	1	unique
OG_12699	1	1	unique
OG_12700	1	1	unique
OG_12701	1	1	unique
OG_12702	1	1	unique
OG_12703	1	1	unique
OG_12704	1	1	unique
OG_12705	1	1	unique
OG_12706	1	1	unique
OG_12707	1	1	unique
OG_12708	1	1	unique
OG_12709	1	1	unique
OG_12710	1	1	unique
OG_12711	1	1	unique
OG_12712	1	1	unique
OG_12713	1	1	unique
OG_12714	1	1	unique
OG_12715	1	1	unique
OG_12716	1	1	unique
OG_12717	1	1	unique
OG_12718	1	1	unique
OG_12719	1	1	unique
OG_12720	1	1	unique
OG_12721	1	1	unique
OG_12722	1	1	unique
OG_12723	1	1	unique
OG_12724	1	1	unique
OG_12725	1	1	unique
OG_12726	1	1	unique
OG_12727	1	1	unique
OG_12728	1	1	unique
OG_12729	1	1	unique
OG_12730	1	1	unique
OG_12731	1	1	unique
OG_12732	1	1	unique
OG_12733	1	1	unique
OG_12734	1	1	unique
OG_12735	1	1	unique
OG_12736	1	1	unique
OG_12737	1	1	unique
OG_12738	1	1	unique
OG_12739	1	1	unique
OG_12740	1	1	unique
OG_12741	1	1	unique
OG_12742	1	1	unique
OG_12743	1	1	unique
OG_12744	1	1	unique
OG_12745	1	1	unique
OG_12746	1	1	unique
OG_12747	1	1	unique
OG_12748	1	1	unique
OG_12749	1	1	unique
OG_12750	1	1	unique
OG_12751	1	1	unique
OG_12752	1	1	unique
OG_12753	1	1	unique
OG_12754	1	1	unique
OG_12755	1	1	unique
OG_12756	1	1	unique
OG_12757	1	1	unique
OG_12758	1	1	unique
OG_12759	1	1	unique
OG_12760	1	1	unique
OG_12761	1	1	unique
OG_12762	1	1	unique
OG_12763	1	1	unique
OG_12764	1	1	unique
OG_12765	1	1	unique
OG_12766	1	1	unique
OG_12767	1	1	unique
OG_12768	1	1	unique
OG_12769	1	1	unique
OG_12770	1	1	unique
OG_12771	1	1	unique
OG_12772	1	1	unique
OG_12773	1	1	unique
OG_12774	1	1	unique
OG_12775	1	1	unique
OG_12776	1	1	unique
OG_12777	1	1	unique
OG_12778	1	1	unique
OG_12779	1	1	unique
OG_12780	1	1	unique
OG_12781	1	1	unique
OG_12782	1	1	unique
OG_12783	1	1	unique
OG_12784	1	1	unique
OG_12785	1	1	unique
OG_12786	1	1	unique
OG_12787	1	1	unique
OG_12788	1	1	unique
OG_12789	1	1	unique
OG_12790	1	1	unique
OG_12791	1	1	unique
OG_12792	1	1	unique
OG_12793	1	1	unique
OG_12794	1	1	unique
OG_12795	1	1	unique
OG_12796	1	1	unique
OG_12797	1	1	unique
OG_12798	1	1	unique
OG_12799	1	1	unique
OG_12800	1	1	unique
OG_12801	1	1	unique
OG_12802	1	1	unique
OG_12803	1	1	unique
OG_12804	1	1	unique
OG_12805	1	1	unique
OG_12806	1	1	unique
OG_12807	1	1	unique
OG_12808	1	1	unique
OG_12809	1	1	unique
OG_12810	1	1	unique
OG_12811	1	1	unique
OG_12812	1	1	unique
OG_12813	1	1	unique
OG_12814	1	1	unique
OG_12815	1	1	unique
OG_12816	1	1	unique
OG_12817	1	1	unique
OG_12818	1	1	unique
OG_12819	1	1	unique
OG_12820	1	1	unique
OG_12821	1	1	unique
OG_12822	1	1	unique
OG_12823	1	1	unique
OG_12824	1	1	unique
OG_12825	1	1	unique
OG_12826	1	1	unique
OG_12827	1	1	unique
OG_12828	1	1	unique
OG_12829	1	1	unique
OG_12830	1	1	unique
OG_12831	1	1	unique
OG_12832	1	1	unique
OG_12833	1	1	unique
OG_12834	1	1	unique
OG_12835	1	1	unique
OG_12836	1	1	unique
OG_12837	1	1	unique
OG_12838	1	1	unique
OG_12839	1	1	unique
OG_12840	1	1	unique
OG_12841	1	1	unique
OG_12842	1	1	unique
OG_12843	1	1	unique
OG_12844	1	1	unique
OG_12845	1	1	unique
OG_12846	1	1	unique
OG_12847	1	1	unique
OG_12848	1	1	unique
OG_12849	1	1	unique
OG_12850	1	1	unique
OG_12851	1	1	unique
OG_12852	1	1	unique
OG_12853	1	1	unique
OG_12854	1	1	unique
OG_12855	1	1	unique
OG_12856	1	1	unique
OG_12857	1	1	unique
OG_12858	1	1	unique
OG_12859	1	1	unique
OG_12860	1	1	unique
OG_12861	1	1	unique
OG_12862	1	1	unique
OG_12863	1	1	unique
OG_12864	1	1	unique
OG_12865	1	1	unique
OG_12866	1	1	unique
OG_12867	1	1	unique
OG_12868	1	1	unique
OG_12869	1	1	unique
OG_12870	1	1	unique
OG_12871	1	1	unique
OG_12872	1	1	unique
OG_12873	1	1	unique
OG_12874	1	1	unique
OG_12875	1	1	unique
OG_12876	1	1	unique
OG_12877	1	1	unique
OG_12878	1	1	unique
OG_12879	1	1	unique
OG_12880	1	1	unique
OG_12881	1	1	unique
OG_12882	1	1	unique
OG_12883	1	1	unique
OG_12884	1	1	unique
OG_12885	1	1	unique
OG_12886	1	1	unique
OG_12887	1	1	unique
OG_12888	1	1	unique
OG_12889	1	1	unique
OG_12890	1	1	unique
OG_12891	1	1	unique
OG_12892	1	1	unique
OG_12893	1	1	unique
OG_12894	1	1	unique
OG_12895	1	1	unique
OG_12896	1	1	unique
OG_12897	1	1	unique
OG_12898	1	1	unique
OG_12899	1	1	unique
OG_12900	1	1	unique
OG_12901	1	1	unique
OG_12902	1	1	unique
OG_12903	1	1	unique
OG_12904	1	1	unique
OG_12905	1	1	unique
OG_12906	1	1	unique
OG_12907	1	1	unique
OG_12908	1	1	unique
OG_12909	1	1	unique
OG_12910	1	1	unique
OG_12911	1	1	unique
OG_12912	1	1	unique
OG_12913	1	1	unique
OG_12914	1	1	unique
OG_12915	1	1	unique
OG_12916	1	1	unique
OG_12917	1	1	unique
OG_12918	1	1	unique
OG_12919	1	1	unique
OG_12920	1	1	unique
OG_12921	1	1	unique
OG_12922	1	1	unique
OG_12923	1	1	unique
OG_12924	1	1	unique
OG_12925	1	1	unique
OG_12926	1	1	unique
OG_12927	1	1	unique
OG_12928	1	1	unique
OG_12929	1	1	unique
OG_12930	1	1	unique
OG_12931	1	1	unique
OG_12932	1	1	unique
OG_12933	1	1	unique
OG_12934	1	1	unique
OG_12935	1	1	unique
OG_12936	1	1	unique
OG_12937	1	1	unique
OG_12938	1	1	unique
OG_12939	1	1	unique
OG_12940	1	1	unique
OG_12941	1	1	unique
OG_12942	1	1	unique
OG_12943	1	1	unique
OG_12944	1	1	unique
OG_12945	1	1	unique
OG_12946	1	1	unique
OG_12947	1	1	unique
OG_12948	1	1	unique
OG_12949	1	1	unique
OG_12950	1	1	unique
OG_12951	1	1	unique
OG_12952	1	1	unique
OG_12953	1	1	unique
OG_12954	1	1	unique
OG_12955	1	1	unique
OG_12956	1	1	unique
OG_12957	1	1	unique
OG_12958	1	1	unique
OG_12959	1	1	unique
OG_12960	1	1	unique
OG_12961	1	1	unique
OG_12962	1	1	unique
OG_12963	1	1	unique
OG_12964	1	1	unique
OG_12965	1	1	unique
OG_12966	1	1	unique
OG_12967	1	1	unique
OG_12968	1	1	unique
OG_12969	1	1	unique
OG_12970	1	1	unique
OG_12971	1	1	unique
OG_12972	1	1	unique
OG_12973	1	1	unique
OG_12974	1	1	unique
OG_12975	1	1	unique
OG_12976	1	1	unique
OG_12977	1	1	unique
OG_12978	1	1	unique
OG_12979	1	1	unique
OG_12980	1	1	unique
OG_12981	1	1	unique
OG_12982	1	1	unique
OG_12983	1	1	unique
OG_12984	1	1	unique
OG_12985	1	1	unique
OG_12986	1	1	unique
OG_12987	1	1	unique
OG_12988	1	1	unique
OG_12989	1	1	unique
OG_12990	1	1	unique
OG_12991	1	1	unique
OG_12992	1	1	unique
OG_12993	1	1	unique
OG_12994	1	1	unique
OG_12995	1	1	unique
OG_12996	1	1	unique
OG_12997	1	1	unique
OG_12998	1	1	unique
OG_12999	1	1	unique
OG_13000	1	1	unique
OG_13001	1	1	unique
OG_13002	1	1	unique
OG_13003	1	1	unique
OG_13004	1	1	unique
OG_13005	1	1	unique
OG_13006	1	1	unique
OG_13007	1	1	unique
OG_13008	1	1	unique
OG_13009	1	1	unique
OG_13010	1	1	unique
OG_13011	1	1	unique
OG_13012	1	1	unique
OG_13013	1	1	unique
OG_13014	1	1	unique
OG_13015	1	1	unique
OG_13016	1	1	unique
OG_13017	1	1	unique
OG_13018	1	1	unique
OG_13019	1	1	unique
OG_13020	1	1	unique
OG_13021	1	1	unique
OG_13022	1	1	unique
OG_13023	1	1	unique
OG_13024	1	1	unique
OG_13025	1	1	unique
OG_13026	1	1	unique
OG_13027	1	1	unique
OG_13028	1	1	unique
OG_13029	1	1	unique
OG_13030	1	1	unique
OG_13031	1	1	unique
OG_13032	1	1	unique
OG_13033	1	1	unique
OG_13034	1	1	unique
OG_13035	1	1	unique
OG_13036	1	1	unique
OG_13037	1	1	unique
OG_13038	1	1	unique
OG_13039	1	1	unique
OG_13040	1	1	unique
OG_13041	1	1	unique
OG_13042	1	1	unique
OG_13043	1	1	unique
OG_13044	1	1	unique
OG_13045	1	1	unique
OG_13046	1	1	unique
OG_13047	1	1	unique
OG_13048	1	1	unique
OG_13049	1	1	unique
OG_13050	1	1	unique
OG_13051	1	1	unique
OG_13052	1	1	unique
OG_13053	1	1	unique
OG_13054	1	1	unique
OG_13055	1	1	unique
OG_13056	1	1	unique
OG_13057	1	1	unique
OG_13058	1	1	unique
OG_13059	1	1	unique
OG_13060	1	1	unique
OG_13061	1	1	unique
OG_13062	1	1	unique
OG_13063	1	1	unique
OG_13064	1	1	unique
OG_13065	1	1	unique
OG_13066	1	1	unique
OG_13067	1	1	unique
OG_13068	1	1	unique
OG_13069	1	1	unique
OG_13070	1	1	unique
OG_13071	1	1	unique
OG_13072	1	1	unique
OG_13073	1	1	unique
OG_13074	1	1	unique
OG_13075	1	1	unique
OG_13076	1	1	unique
OG_13077	1	1	unique
OG_13078	1	1	unique
OG_13079	1	1	unique
OG_13080	1	1	unique
OG_13081	1	1	unique
OG_13082	1	1	unique
OG_13083	1	1	unique
OG_13084	1	1	unique
OG_13085	1	1	unique
OG_13086	1	1	unique
OG_13087	1	1	unique
OG_13088	1	1	unique
OG_13089	1	1	unique
OG_13090	1	1	unique
OG_13091	1	1	unique
OG_13092	1	1	unique
OG_13093	1	1	unique
OG_13094	1	1	unique
OG_13095	1	1	unique
OG_13096	1	1	unique
OG_13097	1	1	unique
OG_13098	1	1	unique
OG_13099	1	1	unique
OG_13100	1	1	unique
OG_13101	1	1	unique
OG_13102	1	1	unique
OG_13103	1	1	unique
OG_13104	1	1	unique
OG_13105	1	1	unique
OG_13106	1	1	unique
OG_13107	1	1	unique
OG_13108	1	1	unique
OG_13109	1	1	unique
OG_13110	1	1	unique
OG_13111	1	1	unique
OG_13112	1	1	unique
OG_13113	1	1	unique
OG_13114	1	1	unique
OG_13115	1	1	unique
OG_13116	1	1	unique
OG_13117	1	1	unique
OG_13118	1	1	unique
OG_13119	1	1	unique
OG_13120	1	1	unique
OG_13121	1	1	unique
OG_13122	1	1	unique
OG_13123	1	1	unique
OG_13124	1	1	unique
OG_13125	1	1	unique
OG_13126	1	1	unique
OG_13127	1	1	unique
OG_13128	1	1	unique
OG_13129	1	1	unique
OG_13130	1	1	unique
OG_13131	1	1	unique
OG_13132	1	1	unique
OG_13133	1	1	unique
OG_13134	1	1	unique
OG_13135	1	1	unique
OG_13136	1	1	unique
OG_13137	1	1	unique
OG_13138	1	1	unique
OG_13139	1	1	unique
OG_13140	1	1	unique
OG_13141	1	1	unique
OG_13142	1	1	unique
OG_13143	1	1	unique
OG_13144	1	1	unique
OG_13145	1	1	unique
OG_13146	1	1	unique
OG_13147	1	1	unique
OG_13148	1	1	unique
OG_13149	1	1	unique
OG_13150	1	1	unique
OG_13151	1	1	unique
OG_13152	1	1	unique
OG_13153	1	1	unique
OG_13154	1	1	unique
OG_13155	1	1	unique
OG_13156	1	1	unique
OG_13157	1	1	unique
OG_13158	1	1	unique
OG_13159	1	1	unique
OG_13160	1	1	unique
OG_13161	1	1	unique
OG_13162	1	1	unique
OG_13163	1	1	unique
OG_13164	1	1	unique
OG_13165	1	1	unique
OG_13166	1	1	unique
OG_13167	1	1	unique
OG_13168	1	1	unique
OG_13169	1	1	unique
OG_13170	1	1	unique
OG_13171	1	1	unique
OG_13172	1	1	unique
OG_13173	1	1	unique
OG_13174	1	1	unique
OG_13175	1	1	unique
OG_13176	1	1	unique
OG_13177	1	1	unique
OG_13178	1	1	unique
OG_13179	1	1	unique
OG_13180	1	1	unique
OG_13181	1	1	unique
OG_13182	1	1	unique
OG_13183	1	1	unique
OG_13184	1	1	unique
OG_13185	1	1	unique
OG_13186	1	1	unique
OG_13187	1	1	unique
OG_13188	1	1	unique
OG_13189	1	1	unique
OG_13190	1	1	unique
OG_13191	1	1	unique
OG_13192	1	1	unique
OG_13193	1	1	unique
OG_13194	1	1	unique
OG_13195	1	1	unique
OG_13196	1	1	unique
OG_13197	1	1	unique
OG_13198	1	1	unique
OG_13199	1	1	unique
OG_13200	1	1	unique
OG_13201	1	1	unique
OG_13202	1	1	unique
OG_13203	1	1	unique
OG_13204	1	1	unique
OG_13205	1	1	unique
OG_13206	1	1	unique
OG_13207	1	1	unique
OG_13208	1	1	unique
OG_13209	1	1	unique
OG_13210	1	1	unique
OG_13211	1	1	unique
OG_13212	1	1	unique
OG_13213	1	1	unique
OG_13214	1	1	unique
OG_13215	1	1	unique
OG_13216	1	1	unique
OG_13217	1	1	unique
OG_13218	1	1	unique
OG_13219	1	1	unique
OG_13220	1	1	unique
OG_13221	1	1	unique
OG_13222	1	1	unique
OG_13223	1	1	unique
OG_13224	1	1	unique
OG_13225	1	1	unique
OG_13226	1	1	unique
OG_13227	1	1	unique
OG_13228	1	1	unique
OG_13229	1	1	unique
OG_13230	1	1	unique
OG_13231	1	1	unique
OG_13232	1	1	unique
OG_13233	1	1	unique
OG_13234	1	1	unique
OG_13235	1	1	unique
OG_13236	1	1	unique
OG_13237	1	1	unique
OG_13238	1	1	unique
OG_13239	1	1	unique
OG_13240	1	1	unique
OG_13241	1	1	unique
OG_13242	1	1	unique
OG_13243	1	1	unique
OG_13244	1	1	unique
OG_13245	1	1	unique
OG_13246	1	1	unique
OG_13247	1	1	unique
OG_13248	1	1	unique
OG_13249	1	1	unique
OG_13250	1	1	unique
OG_13251	1	1	unique
OG_13252	1	1	unique
OG_13253	1	1	unique
OG_13254	1	1	unique
OG_13255	1	1	unique
OG_13256	1	1	unique
OG_13257	1	1	unique
OG_13258	1	1	unique
OG_13259	1	1	unique
OG_13260	1	1	unique
OG_13261	1	1	unique
OG_13262	1	1	unique
OG_13263	1	1	unique
OG_13264	1	1	unique
OG_13265	1	1	unique
OG_13266	1	1	unique
OG_13267	1	1	unique
OG_13268	1	1	unique
OG_13269	1	1	unique
OG_13270	1	1	unique
OG_13271	1	1	unique
OG_13272	1	1	unique
OG_13273	1	1	unique
OG_13274	1	1	unique
OG_13275	1	1	unique
OG_13276	1	1	unique
OG_13277	1	1	unique
OG_13278	1	1	unique
OG_13279	1	1	unique
OG_13280	1	1	unique
OG_13281	1	1	unique
OG_13282	1	1	unique
OG_13283	1	1	unique
OG_13284	1	1	unique
OG_13285	1	1	unique
OG_13286	1	1	unique
OG_13287	1	1	unique
OG_13288	1	1	unique
OG_13289	1	1	unique
OG_13290	1	1	unique
OG_13291	1	1	unique
OG_13292	1	1	unique
OG_13293	1	1	unique
OG_13294	1	1	unique
OG_13295	1	1	unique
OG_13296	1	1	unique
OG_13297	1	1	unique
OG_13298	1	1	unique
OG_13299	1	1	unique
OG_13300	1	1	unique
OG_13301	1	1	unique
OG_13302	1	1	unique
OG_13303	1	1	unique
OG_13304	1	1	unique
OG_13305	1	1	unique
OG_13306	1	1	unique
OG_13307	1	1	unique
OG_13308	1	1	unique
OG_13309	1	1	unique
OG_13310	1	1	unique
OG_13311	1	1	unique
OG_13312	1	1	unique
OG_13313	1	1	unique
OG_13314	1	1	unique
OG_13315	1	1	unique
OG_13316	1	1	unique
OG_13317	1	1	unique
OG_13318	1	1	unique
OG_13319	1	1	unique
OG_13320	1	1	unique
OG_13321	1	1	unique
OG_13322	1	1	unique
OG_13323	1	1	unique
OG_13324	1	1	unique
OG_13325	1	1	unique
OG_13326	1	1	unique
OG_13327	1	1	unique
OG_13328	1	1	unique
OG_13329	1	1	unique
OG_13330	1	1	unique
OG_13331	1	1	unique
OG_13332	1	1	unique
OG_13333	1	1	unique
OG_13334	1	1	unique
OG_13335	1	1	unique
OG_13336	1	1	unique
OG_13337	1	1	unique
OG_13338	1	1	unique
OG_13339	1	1	unique
OG_13340	1	1	unique
OG_13341	1	1	unique
OG_13342	1	1	unique
OG_13343	1	1	unique
OG_13344	1	1	unique
OG_13345	1	1	unique
OG_13346	1	1	unique
OG_13347	1	1	unique
OG_13348	1	1	unique
OG_13349	1	1	unique
OG_13350	1	1	unique
OG_13351	1	1	unique
OG_13352	1	1	unique
OG_13353	1	1	unique
OG_13354	1	1	unique
OG_13355	1	1	unique
OG_13356	1	1	unique
OG_13357	1	1	unique
OG_13358	1	1	unique
OG_13359	1	1	unique
OG_13360	1	1	unique
OG_13361	1	1	unique
OG_13362	1	1	unique
OG_13363	1	1	unique
OG_13364	1	1	unique
OG_13365	1	1	unique
OG_13366	1	1	unique
OG_13367	1	1	unique
OG_13368	1	1	unique
OG_13369	1	1	unique
OG_13370	1	1	unique
OG_13371	1	1	unique
OG_13372	1	1	unique
OG_13373	1	1	unique
OG_13374	1	1	unique
OG_13375	1	1	unique
OG_13376	1	1	unique
OG_13377	1	1	unique
OG_13378	1	1	unique
OG_13379	1	1	unique
OG_13380	1	1	unique
OG_13381	1	1	unique
OG_13382	1	1	unique
OG_13383	1	1	unique
OG_13384	1	1	unique
OG_13385	1	1	unique
OG_13386	1	1	unique
OG_13387	1	1	unique
OG_13388	1	1	unique
OG_13389	1	1	unique
OG_13390	1	1	unique
OG_13391	1	1	unique
OG_13392	1	1	unique
OG_13393	1	1	unique
OG_13394	1	1	unique
OG_13395	1	1	unique
OG_13396	1	1	unique
OG_13397	1	1	unique
OG_13398	1	1	unique
OG_13399	1	1	unique
OG_13400	1	1	unique
OG_13401	1	1	unique
OG_13402	1	1	unique
OG_13403	1	1	unique
OG_13404	1	1	unique
OG_13405	1	1	unique
OG_13406	1	1	unique
OG_13407	1	1	unique
OG_13408	1	1	unique
OG_13409	1	1	unique
OG_13410	1	1	unique
OG_13411	1	1	unique
OG_13412	1	1	unique
OG_13413	1	1	unique
OG_13414	1	1	unique
OG_13415	1	1	unique
OG_13416	1	1	unique
OG_13417	1	1	unique
OG_13418	1	1	unique
OG_13419	1	1	unique
OG_13420	1	1	unique
OG_13421	1	1	unique
OG_13422	1	1	unique
OG_13423	1	1	unique
OG_13424	1	1	unique
OG_13425	1	1	unique
OG_13426	1	1	unique
OG_13427	1	1	unique
OG_13428	1	1	unique
OG_13429	1	1	unique
OG_13430	1	1	unique
OG_13431	1	1	unique
OG_13432	1	1	unique
OG_13433	1	1	unique
OG_13434	1	1	unique
OG_13435	1	1	unique
OG_13436	1	1	unique
OG_13437	1	1	unique
OG_13438	1	1	unique
OG_13439	1	1	unique
OG_13440	1	1	unique
OG_13441	1	1	unique
OG_13442	1	1	unique
OG_13443	1	1	unique
OG_13444	1	1	unique
OG_13445	1	1	unique
OG_13446	1	1	unique
OG_13447	1	1	unique
OG_13448	1	1	unique
OG_13449	1	1	unique
OG_13450	1	1	unique
OG_13451	1	1	unique
OG_13452	1	1	unique
OG_13453	1	1	unique
OG_13454	1	1	unique
OG_13455	1	1	unique
OG_13456	1	1	unique
OG_13457	1	1	unique
OG_13458	1	1	unique
OG_13459	1	1	unique
OG_13460	1	1	unique
OG_13461	1	1	unique
OG_13462	1	1	unique
OG_13463	1	1	unique
OG_13464	1	1	unique
OG_13465	1	1	unique
OG_13466	1	1	unique
OG_13467	1	1	unique
OG_13468	1	1	unique
OG_13469	1	1	unique
OG_13470	1	1	unique
OG_13471	1	1	unique
OG_13472	1	1	unique
OG_13473	1	1	unique
OG_13474	1	1	unique
OG_13475	1	1	unique
OG_13476	1	1	unique
OG_13477	1	1	unique
OG_13478	1	1	unique
OG_13479	1	1	unique
OG_13480	1	1	unique
OG_13481	1	1	unique
OG_13482	1	1	unique
OG_13483	1	1	unique
OG_13484	1	1	unique
OG_13485	1	1	unique
OG_13486	1	1	unique
OG_13487	1	1	unique
OG_13488	1	1	unique
OG_13489	1	1	unique
OG_13490	1	1	unique
OG_13491	1	1	unique
OG_13492	1	1	unique
OG_13493	1	1	unique
OG_13494	1	1	unique
OG_13495	1	1	unique
OG_13496	1	1	unique
OG_13497	1	1	unique
OG_13498	1	1	unique
OG_13499	1	1	unique
OG_13500	1	1	unique
OG_13501	1	1	unique
OG_13502	1	1	unique
OG_13503	1	1	unique
OG_13504	1	1	unique
OG_13505	1	1	unique
OG_13506	1	1	unique
OG_13507	1	1	unique
OG_13508	1	1	unique
OG_13509	1	1	unique
OG_13510	1	1	unique
OG_13511	1	1	unique
OG_13512	1	1	unique
OG_13513	1	1	unique
OG_13514	1	1	unique
OG_13515	1	1	unique
OG_13516	1	1	unique
OG_13517	1	1	unique
OG_13518	1	1	unique
OG_13519	1	1	unique
OG_13520	1	1	unique
OG_13521	1	1	unique
OG_13522	1	1	unique
OG_13523	1	1	unique
OG_13524	1	1	unique
OG_13525	1	1	unique
OG_13526	1	1	unique
OG_13527	1	1	unique
OG_13528	1	1	unique
OG_13529	1	1	unique
OG_13530	1	1	unique
OG_13531	1	1	unique
OG_13532	1	1	unique
OG_13533	1	1	unique
OG_13534	1	1	unique
OG_13535	1	1	unique
OG_13536	1	1	unique
OG_13537	1	1	unique
OG_13538	1	1	unique
OG_13539	1	1	unique
OG_13540	1	1	unique
OG_13541	1	1	unique
OG_13542	1	1	unique
OG_13543	1	1	unique
OG_13544	1	1	unique
OG_13545	1	1	unique
OG_13546	1	1	unique
OG_13547	1	1	unique
OG_13548	1	1	unique
OG_13549	1	1	unique
OG_13550	1	1	unique
OG_13551	1	1	unique
OG_13552	1	1	unique
OG_13553	1	1	unique
OG_13554	1	1	unique
OG_13555	1	1	unique
OG_13556	1	1	unique
OG_13557	1	1	unique
OG_13558	1	1	unique
OG_13559	1	1	unique
OG_13560	1	1	unique
OG_13561	1	1	unique
OG_13562	1	1	unique
OG_13563	1	1	unique
OG_13564	1	1	unique
OG_13565	1	1	unique
OG_13566	1	1	unique
OG_13567	1	1	unique
OG_13568	1	1	unique
OG_13569	1	1	unique
OG_13570	1	1	unique
OG_13571	1	1	unique
OG_13572	1	1	unique
OG_13573	1	1	unique
OG_13574	1	1	unique
OG_13575	1	1	unique
OG_13576	1	1	unique
OG_13577	1	1	unique
OG_13578	1	1	unique
OG_13579	1	1	unique
OG_13580	1	1	unique
OG_13581	1	1	unique
OG_13582	1	1	unique
OG_13583	1	1	unique
OG_13584	1	1	unique
OG_13585	1	1	unique
OG_13586	1	1	unique
OG_13587	1	1	unique
OG_13588	1	1	unique
OG_13589	1	1	unique
OG_13590	1	1	unique
OG_13591	1	1	unique
OG_13592	1	1	unique
OG_13593	1	1	unique
OG_13594	1	1	unique
OG_13595	1	1	unique
OG_13596	1	1	unique
OG_13597	1	1	unique
OG_13598	1	1	unique
OG_13599	1	1	unique
OG_13600	1	1	unique
OG_13601	1	1	unique
OG_13602	1	1	unique
OG_13603	1	1	unique
OG_13604	1	1	unique
OG_13605	1	1	unique
OG_13606	1	1	unique
OG_13607	1	1	unique
OG_13608	1	1	unique
OG_13609	1	1	unique
OG_13610	1	1	unique
OG_13611	1	1	unique
OG_13612	1	1	unique
OG_13613	1	1	unique
OG_13614	1	1	unique
OG_13615	1	1	unique
OG_13616	1	1	unique
OG_13617	1	1	unique
OG_13618	1	1	unique
OG_13619	1	1	unique
OG_13620	1	1	unique
OG_13621	1	1	unique
OG_13622	1	1	unique
OG_13623	1	1	unique
OG_13624	1	1	unique
OG_13625	1	1	unique
OG_13626	1	1	unique
OG_13627	1	1	unique
OG_13628	1	1	unique
OG_13629	1	1	unique
OG_13630	1	1	unique
OG_13631	1	1	unique
OG_13632	1	1	unique
OG_13633	1	1	unique
OG_13634	1	1	unique
OG_13635	1	1	unique
OG_13636	1	1	unique
OG_13637	1	1	unique
OG_13638	1	1	unique
OG_13639	1	1	unique
OG_13640	1	1	unique
OG_13641	1	1	unique
OG_13642	1	1	unique
OG_13643	1	1	unique
OG_13644	1	1	unique
OG_13645	1	1	unique
OG_13646	1	1	unique
OG_13647	1	1	unique
OG_13648	1	1	unique
OG_13649	1	1	unique
OG_13650	1	1	unique
OG_13651	1	1	unique
OG_13652	1	1	unique
OG_13653	1	1	unique
OG_13654	1	1	unique
OG_13655	1	1	unique
OG_13656	1	1	unique
OG_13657	1	1	unique
OG_13658	1	1	unique
OG_13659	1	1	unique
OG_13660	1	1	unique
OG_13661	1	1	unique
OG_13662	1	1	unique
OG_13663	1	1	unique
OG_13664	1	1	unique
OG_13665	1	1	unique
OG_13666	1	1	unique
OG_13667	1	1	unique
OG_13668	1	1	unique
OG_13669	1	1	unique
OG_13670	1	1	unique
OG_13671	1	1	unique
OG_13672	1	1	unique
OG_13673	1	1	unique
OG_13674	1	1	unique
OG_13675	1	1	unique
OG_13676	1	1	unique
OG_13677	1	1	unique
OG_13678	1	1	unique
OG_13679	1	1	unique
OG_13680	1	1	unique
OG_13681	1	1	unique
OG_13682	1	1	unique
OG_13683	1	1	unique
OG_13684	1	1	unique
OG_13685	1	1	unique
OG_13686	1	1	unique
OG_13687	1	1	unique
OG_13688	1	1	unique
OG_13689	1	1	unique
OG_13690	1	1	unique
OG_13691	1	1	unique
OG_13692	1	1	unique
OG_13693	1	1	unique
OG_13694	1	1	unique
OG_13695	1	1	unique
OG_13696	1	1	unique
OG_13697	1	1	unique
OG_13698	1	1	unique
OG_13699	1	1	unique
OG_13700	1	1	unique
OG_13701	1	1	unique
OG_13702	1	1	unique
OG_13703	1	1	unique
OG_13704	1	1	unique
OG_13705	1	1	unique
OG_13706	1	1	unique
OG_13707	1	1	unique
OG_13708	1	1	unique
OG_13709	1	1	unique
OG_13710	1	1	unique
OG_13711	1	1	unique
OG_13712	1	1	unique
OG_13713	1	1	unique
OG_13714	1	1	unique
OG_13715	1	1	unique
OG_13716	1	1	unique
OG_13717	1	1	unique
OG_13718	1	1	unique
OG_13719	1	1	unique
OG_13720	1	1	unique
OG_13721	1	1	unique
OG_13722	1	1	unique
OG_13723	1	1	unique
OG_13724	1	1	unique
OG_13725	1	1	unique
OG_13726	1	1	unique
OG_13727	1	1	unique
OG_13728	1	1	unique
OG_13729	1	1	unique
OG_13730	1	1	unique
OG_13731	1	1	unique
OG_13732	1	1	unique
OG_13733	1	1	unique
OG_13734	1	1	unique
OG_13735	1	1	unique
OG_13736	1	1	unique
OG_13737	1	1	unique
OG_13738	1	1	unique
OG_13739	1	1	unique
OG_13740	1	1	unique
OG_13741	1	1	unique
OG_13742	1	1	unique
OG_13743	1	1	unique
OG_13744	1	1	unique
OG_13745	1	1	unique
OG_13746	1	1	unique
OG_13747	1	1	unique
OG_13748	1	1	unique
OG_13749	1	1	unique
OG_13750	1	1	unique
OG_13751	1	1	unique
OG_13752	1	1	unique
OG_13753	1	1	unique
OG_13754	1	1	unique
OG_13755	1	1	unique
OG_13756	1	1	unique
OG_13757	1	1	unique
OG_13758	1	1	unique
OG_13759	1	1	unique
OG_13760	1	1	unique
OG_13761	1	1	unique
OG_13762	1	1	unique
OG_13763	1	1	unique
OG_13764	1	1	unique
OG_13765	1	1	unique
OG_13766	1	1	unique
OG_13767	1	1	unique
OG_13768	1	1	unique
OG_13769	1	1	unique
OG_13770	1	1	unique
OG_13771	1	1	unique
OG_13772	1	1	unique
OG_13773	1	1	unique
OG_13774	1	1	unique
OG_13775	1	1	unique
OG_13776	1	1	unique
OG_13777	1	1	unique
OG_13778	1	1	unique
OG_13779	1	1	unique
OG_13780	1	1	unique
OG_13781	1	1	unique
OG_13782	1	1	unique
OG_13783	1	1	unique
OG_13784	1	1	unique
OG_13785	1	1	unique
OG_13786	1	1	unique
OG_13787	1	1	unique
OG_13788	1	1	unique
OG_13789	1	1	unique
OG_13790	1	1	unique
OG_13791	1	1	unique
OG_13792	1	1	unique
OG_13793	1	1	unique
OG_13794	1	1	unique
OG_13795	1	1	unique
OG_13796	1	1	unique
OG_13797	1	1	unique
OG_13798	1	1	unique
OG_13799	1	1	unique
OG_13800	1	1	unique
OG_13801	1	1	unique
OG_13802	1	1	unique
OG_13803	1	1	unique
OG_13804	1	1	unique
OG_13805	1	1	unique
OG_13806	1	1	unique
OG_13807	1	1	unique
OG_13808	1	1	unique
OG_13809	1	1	unique
OG_13810	1	1	unique
OG_13811	1	1	unique
OG_13812	1	1	unique
OG_13813	1	1	unique
OG_13814	1	1	unique
OG_13815	1	1	unique
OG_13816	1	1	unique
OG_13817	1	1	unique
OG_13818	1	1	unique
OG_13819	1	1	unique
OG_13820	1	1	unique
OG_13821	1	1	unique
OG_13822	1	1	unique
OG_13823	1	1	unique
OG_13824	1	1	unique
OG_13825	1	1	unique
OG_13826	1	1	unique
OG_13827	1	1	unique
OG_13828	1	1	unique
OG_13829	1	1	unique
OG_13830	1	1	unique
OG_13831	1	1	unique
OG_13832	1	1	unique
OG_13833	1	1	unique
OG_13834	1	1	unique
OG_13835	1	1	unique
OG_13836	1	1	unique
OG_13837	1	1	unique
OG_13838	1	1	unique
OG_13839	1	1	unique
OG_13840	1	1	unique
OG_13841	1	1	unique
OG_13842	1	1	unique
OG_13843	1	1	unique
OG_13844	1	1	unique
OG_13845	1	1	unique
OG_13846	1	1	unique
OG_13847	1	1	unique
OG_13848	1	1	unique
OG_13849	1	1	unique
OG_13850	1	1	unique
OG_13851	1	1	unique
OG_13852	1	1	unique
OG_13853	1	1	unique
OG_13854	1	1	unique
OG_13855	1	1	unique
OG_13856	1	1	unique
OG_13857	1	1	unique
OG_13858	1	1	unique
OG_13859	1	1	unique
OG_13860	1	1	unique
OG_13861	1	1	unique
OG_13862	1	1	unique
OG_13863	1	1	unique
OG_13864	1	1	unique
OG_13865	1	1	unique
OG_13866	1	1	unique
OG_13867	1	1	unique
OG_13868	1	1	unique
OG_13869	1	1	unique
OG_13870	1	1	unique
OG_13871	1	1	unique
OG_13872	1	1	unique
OG_13873	1	1	unique
OG_13874	1	1	unique
OG_13875	1	1	unique
OG_13876	1	1	unique
OG_13877	1	1	unique
OG_13878	1	1	unique
OG_13879	1	1	unique
OG_13880	1	1	unique
OG_13881	1	1	unique
OG_13882	1	1	unique
OG_13883	1	1	unique
OG_13884	1	1	unique
OG_13885	1	1	unique
OG_13886	1	1	unique
OG_13887	1	1	unique
OG_13888	1	1	unique
OG_13889	1	1	unique
OG_13890	1	1	unique
OG_13891	1	1	unique
OG_13892	1	1	unique
OG_13893	1	1	unique
OG_13894	1	1	unique
OG_13895	1	1	unique
OG_13896	1	1	unique
OG_13897	1	1	unique
OG_13898	1	1	unique
OG_13899	1	1	unique
OG_13900	1	1	unique
OG_13901	1	1	unique
OG_13902	1	1	unique
OG_13903	1	1	unique
OG_13904	1	1	unique
OG_13905	1	1	unique
OG_13906	1	1	unique
OG_13907	1	1	unique
OG_13908	1	1	unique
OG_13909	1	1	unique
OG_13910	1	1	unique
OG_13911	1	1	unique
OG_13912	1	1	unique
OG_13913	1	1	unique
OG_13914	1	1	unique
OG_13915	1	1	unique
OG_13916	1	1	unique
OG_13917	1	1	unique
OG_13918	1	1	unique
OG_13919	1	1	unique
OG_13920	1	1	unique
OG_13921	1	1	unique
OG_13922	1	1	unique
OG_13923	1	1	unique
OG_13924	1	1	unique
OG_13925	1	1	unique
OG_13926	1	1	unique
OG_13927	1	1	unique
OG_13928	1	1	unique
OG_13929	1	1	unique
OG_13930	1	1	unique
OG_13931	1	1	unique
OG_13932	1	1	unique
OG_13933	1	1	unique
OG_13934	1	1	unique
OG_13935	1	1	unique
OG_13936	1	1	unique
OG_13937	1	1	unique
OG_13938	1	1	unique
OG_13939	1	1	unique
OG_13940	1	1	unique
OG_13941	1	1	unique
OG_13942	1	1	unique
OG_13943	1	1	unique
OG_13944	1	1	unique
OG_13945	1	1	unique
OG_13946	1	1	unique
OG_13947	1	1	unique
OG_13948	1	1	unique
OG_13949	1	1	unique
OG_13950	1	1	unique
OG_13951	1	1	unique
OG_13952	1	1	unique
OG_13953	1	1	unique
OG_13954	1	1	unique
OG_13955	1	1	unique
OG_13956	1	1	unique
OG_13957	1	1	unique
OG_13958	1	1	unique
OG_13959	1	1	unique
OG_13960	1	1	unique
OG_13961	1	1	unique
OG_13962	1	1	unique
OG_13963	1	1	unique
OG_13964	1	1	unique
OG_13965	1	1	unique
OG_13966	1	1	unique
OG_13967	1	1	unique
OG_13968	1	1	unique
OG_13969	1	1	unique
OG_13970	1	1	unique
OG_13971	1	1	unique
OG_13972	1	1	unique
OG_13973	1	1	unique
OG_13974	1	1	unique
OG_13975	1	1	unique
OG_13976	1	1	unique
OG_13977	1	1	unique
OG_13978	1	1	unique
OG_13979	1	1	unique
OG_13980	1	1	unique
OG_13981	1	1	unique
OG_13982	1	1	unique
OG_13983	1	1	unique
OG_13984	1	1	unique
OG_13985	1	1	unique
OG_13986	1	1	unique
OG_13987	1	1	unique
OG_13988	1	1	unique
OG_13989	1	1	unique
OG_13990	1	1	unique
OG_13991	1	1	unique
OG_13992	1	1	unique
OG_13993	1	1	unique
OG_13994	1	1	unique
OG_13995	1	1	unique
OG_13996	1	1	unique
OG_13997	1	1	unique
OG_13998	1	1	unique
OG_13999	1	1	unique
OG_14000	1	1	unique
OG_14001	1	1	unique
OG_14002	1	1	unique
OG_14003	1	1	unique
OG_14004	1	1	unique
OG_14005	1	1	unique
OG_14006	1	1	unique
OG_14007	1	1	unique
OG_14008	1	1	unique
OG_14009	1	1	unique
OG_14010	1	1	unique
OG_14011	1	1	unique
OG_14012	1	1	unique
OG_14013	1	1	unique
OG_14014	1	1	unique
OG_14015	1	1	unique
OG_14016	1	1	unique
OG_14017	1	1	unique
OG_14018	1	1	unique
OG_14019	1	1	unique
OG_14020	1	1	unique
OG_14021	1	1	unique
OG_14022	1	1	unique
OG_14023	1	1	unique
OG_14024	1	1	unique
OG_14025	1	1	unique
OG_14026	1	1	unique
OG_14027	1	1	unique
OG_14028	1	1	unique
OG_14029	1	1	unique
OG_14030	1	1	unique
OG_14031	1	1	unique
OG_14032	1	1	unique
OG_14033	1	1	unique
OG_14034	1	1	unique
OG_14035	1	1	unique
OG_14036	1	1	unique
OG_14037	1	1	unique
OG_14038	1	1	unique
OG_14039	1	1	unique
OG_14040	1	1	unique
OG_14041	1	1	unique
OG_14042	1	1	unique
OG_14043	1	1	unique
OG_14044	1	1	unique
OG_14045	1	1	unique
OG_14046	1	1	unique
OG_14047	1	1	unique
OG_14048	1	1	unique
OG_14049	1	1	unique
OG_14050	1	1	unique
OG_14051	1	1	unique
OG_14052	1	1	unique
OG_14053	1	1	unique
OG_14054	1	1	unique
OG_14055	1	1	unique
OG_14056	1	1	unique
OG_14057	1	1	unique
OG_14058	1	1	unique
OG_14059	1	1	unique
OG_14060	1	1	unique
OG_14061	1	1	unique
OG_14062	1	1	unique
OG_14063	1	1	unique
OG_14064	1	1	unique
OG_14065	1	1	unique
OG_14066	1	1	unique
OG_14067	1	1	unique
OG_14068	1	1	unique
OG_14069	1	1	unique
OG_14070	1	1	unique
OG_14071	1	1	unique
OG_14072	1	1	unique
OG_14073	1	1	unique
OG_14074	1	1	unique
OG_14075	1	1	unique
OG_14076	1	1	unique
OG_14077	1	1	unique
OG_14078	1	1	unique
OG_14079	1	1	unique
OG_14080	1	1	unique
OG_14081	1	1	unique
OG_14082	1	1	unique
OG_14083	1	1	unique
OG_14084	1	1	unique
OG_14085	1	1	unique
OG_14086	1	1	unique
OG_14087	1	1	unique
OG_14088	1	1	unique
OG_14089	1	1	unique
OG_14090	1	1	unique
OG_14091	1	1	unique
OG_14092	1	1	unique
OG_14093	1	1	unique
OG_14094	1	1	unique
OG_14095	1	1	unique
OG_14096	1	1	unique
OG_14097	1	1	unique
OG_14098	1	1	unique
OG_14099	1	1	unique
OG_14100	1	1	unique
OG_14101	1	1	unique
OG_14102	1	1	unique
OG_14103	1	1	unique
OG_14104	1	1	unique
OG_14105	1	1	unique
OG_14106	1	1	unique
OG_14107	1	1	unique
OG_14108	1	1	unique
OG_14109	1	1	unique
OG_14110	1	1	unique
OG_14111	1	1	unique
OG_14112	1	1	unique
OG_14113	1	1	unique
OG_14114	1	1	unique
OG_14115	1	1	unique
OG_14116	1	1	unique
OG_14117	1	1	unique
OG_14118	1	1	unique
OG_14119	1	1	unique
OG_14120	1	1	unique
OG_14121	1	1	unique
OG_14122	1	1	unique
OG_14123	1	1	unique
OG_14124	1	1	unique
OG_14125	1	1	unique
OG_14126	1	1	unique
OG_14127	1	1	unique
OG_14128	1	1	unique
OG_14129	1	1	unique
OG_14130	1	1	unique
OG_14131	1	1	unique
OG_14132	1	1	unique
OG_14133	1	1	unique
OG_14134	1	1	unique
OG_14135	1	1	unique
OG_14136	1	1	unique
OG_14137	1	1	unique
OG_14138	1	1	unique
OG_14139	1	1	unique
OG_14140	1	1	unique
OG_14141	1	1	unique
OG_14142	1	1	unique
OG_14143	1	1	unique
OG_14144	1	1	unique
OG_14145	1	1	unique
OG_14146	1	1	unique
OG_14147	1	1	unique
OG_14148	1	1	unique
OG_14149	1	1	unique
OG_14150	1	1	unique
OG_14151	1	1	unique
OG_14152	1	1	unique
OG_14153	1	1	unique
OG_14154	1	1	unique
OG_14155	1	1	unique
OG_14156	1	1	unique
OG_14157	1	1	unique
OG_14158	1	1	unique
OG_14159	1	1	unique
OG_14160	1	1	unique
OG_14161	1	1	unique
OG_14162	1	1	unique
OG_14163	1	1	unique
OG_14164	1	1	unique
OG_14165	1	1	unique
OG_14166	1	1	unique
OG_14167	1	1	unique
OG_14168	1	1	unique
OG_14169	1	1	unique
OG_14170	1	1	unique
OG_14171	1	1	unique
OG_14172	1	1	unique
OG_14173	1	1	unique
OG_14174	1	1	unique
OG_14175	1	1	unique
OG_14176	1	1	unique
OG_14177	1	1	unique
OG_14178	1	1	unique
OG_14179	1	1	unique
OG_14180	1	1	unique
OG_14181	1	1	unique
OG_14182	1	1	unique
OG_14183	1	1	unique
OG_14184	1	1	unique
OG_14185	1	1	unique
OG_14186	1	1	unique
OG_14187	1	1	unique
OG_14188	1	1	unique
OG_14189	1	1	unique
OG_14190	1	1	unique
OG_14191	1	1	unique
OG_14192	1	1	unique
OG_14193	1	1	unique
OG_14194	1	1	unique
OG_14195	1	1	unique
OG_14196	1	1	unique
OG_14197	1	1	unique
OG_14198	1	1	unique
OG_14199	1	1	unique
OG_14200	1	1	unique
OG_14201	1	1	unique
OG_14202	1	1	unique
OG_14203	1	1	unique
OG_14204	1	1	unique
OG_14205	1	1	unique
OG_14206	1	1	unique
OG_14207	1	1	unique
OG_14208	1	1	unique
OG_14209	1	1	unique
OG_14210	1	1	unique
OG_14211	1	1	unique
OG_14212	1	1	unique
OG_14213	1	1	unique
OG_14214	1	1	unique
OG_14215	1	1	unique
OG_14216	1	1	unique
OG_14217	1	1	unique
OG_14218	1	1	unique
OG_14219	1	1	unique
OG_14220	1	1	unique
OG_14221	1	1	unique
OG_14222	1	1	unique
OG_14223	1	1	unique
OG_14224	1	1	unique
OG_14225	1	1	unique
OG_14226	1	1	unique
OG_14227	1	1	unique
OG_14228	1	1	unique
OG_14229	1	1	unique
OG_14230	1	1	unique
OG_14231	1	1	unique
OG_14232	1	1	unique
OG_14233	1	1	unique
OG_14234	1	1	unique
OG_14235	1	1	unique
OG_14236	1	1	unique
OG_14237	1	1	unique
OG_14238	1	1	unique
OG_14239	1	1	unique
OG_14240	1	1	unique
OG_14241	1	1	unique
OG_14242	1	1	unique
OG_14243	1	1	unique
OG_14244	1	1	unique
OG_14245	1	1	unique
OG_14246	1	1	unique
OG_14247	1	1	unique
OG_14248	1	1	unique
OG_14249	1	1	unique
OG_14250	1	1	unique
OG_14251	1	1	unique
OG_14252	1	1	unique
OG_14253	1	1	unique
OG_14254	1	1	unique
OG_14255	1	1	unique
OG_14256	1	1	unique
OG_14257	1	1	unique
OG_14258	1	1	unique
OG_14259	1	1	unique
OG_14260	1	1	unique
OG_14261	1	1	unique
OG_14262	1	1	unique
OG_14263	1	1	unique
OG_14264	1	1	unique
OG_14265	1	1	unique
OG_14266	1	1	unique
OG_14267	1	1	unique
OG_14268	1	1	unique
OG_14269	1	1	unique
OG_14270	1	1	unique
OG_14271	1	1	unique
OG_14272	1	1	unique
OG_14273	1	1	unique
OG_14274	1	1	unique
OG_14275	1	1	unique
OG_14276	1	1	unique
OG_14277	1	1	unique
OG_14278	1	1	unique
OG_14279	1	1	unique
OG_14280	1	1	unique
OG_14281	1	1	unique
OG_14282	1	1	unique
OG_14283	1	1	unique
OG_14284	1	1	unique
OG_14285	1	1	unique
OG_14286	1	1	unique
OG_14287	1	1	unique
OG_14288	1	1	unique
OG_14289	1	1	unique
OG_14290	1	1	unique
OG_14291	1	1	unique
OG_14292	1	1	unique
OG_14293	1	1	unique
OG_14294	1	1	unique
OG_14295	1	1	unique
OG_14296	1	1	unique
OG_14297	1	1	unique
OG_14298	1	1	unique
OG_14299	1	1	unique
OG_14300	1	1	unique
OG_14301	1	1	unique
OG_14302	1	1	unique
OG_14303	1	1	unique
OG_14304	1	1	unique
OG_14305	1	1	unique
OG_14306	1	1	unique
OG_14307	1	1	unique
OG_14308	1	1	unique
OG_14309	1	1	unique
OG_14310	1	1	unique
OG_14311	1	1	unique
OG_14312	1	1	unique
OG_14313	1	1	unique
OG_14314	1	1	unique
OG_14315	1	1	unique
OG_14316	1	1	unique
OG_14317	1	1	unique
OG_14318	1	1	unique
OG_14319	1	1	unique
OG_14320	1	1	unique
OG_14321	1	1	unique
OG_14322	1	1	unique
OG_14323	1	1	unique
OG_14324	1	1	unique
OG_14325	1	1	unique
OG_14326	1	1	unique
OG_14327	1	1	unique
OG_14328	1	1	unique
OG_14329	1	1	unique
OG_14330	1	1	unique
OG_14331	1	1	unique
OG_14332	1	1	unique
OG_14333	1	1	unique
OG_14334	1	1	unique
OG_14335	1	1	unique
OG_14336	1	1	unique
OG_14337	1	1	unique
OG_14338	1	1	unique
OG_14339	1	1	unique
OG_14340	1	1	unique
OG_14341	1	1	unique
OG_14342	1	1	unique
OG_14343	1	1	unique
OG_14344	1	1	unique
OG_14345	1	1	unique
OG_14346	1	1	unique
OG_14347	1	1	unique
OG_14348	1	1	unique
OG_14349	1	1	unique
OG_14350	1	1	unique
OG_14351	1	1	unique
OG_14352	1	1	unique
OG_14353	1	1	unique
OG_14354	1	1	unique
OG_14355	1	1	unique
OG_14356	1	1	unique
OG_14357	1	1	unique
OG_14358	1	1	unique
OG_14359	1	1	unique
OG_14360	1	1	unique
OG_14361	1	1	unique
OG_14362	1	1	unique
OG_14363	1	1	unique
OG_14364	1	1	unique
OG_14365	1	1	unique
OG_14366	1	1	unique
OG_14367	1	1	unique
OG_14368	1	1	unique
OG_14369	1	1	unique
OG_14370	1	1	unique
OG_14371	1	1	unique
OG_14372	1	1	unique
OG_14373	1	1	unique
OG_14374	1	1	unique
OG_14375	1	1	unique
OG_14376	1	1	unique
OG_14377	1	1	unique
OG_14378	1	1	unique
OG_14379	1	1	unique
OG_14380	1	1	unique
OG_14381	1	1	unique
OG_14382	1	1	unique
OG_14383	1	1	unique
OG_14384	1	1	unique
OG_14385	1	1	unique
OG_14386	1	1	unique
OG_14387	1	1	unique
OG_14388	1	1	unique
OG_14389	1	1	unique
OG_14390	1	1	unique
OG_14391	1	1	unique
OG_14392	1	1	unique
OG_14393	1	1	unique
OG_14394	1	1	unique
OG_14395	1	1	unique
OG_14396	1	1	unique
OG_14397	1	1	unique
OG_14398	1	1	unique
OG_14399	1	1	unique
OG_14400	1	1	unique
OG_14401	1	1	unique
OG_14402	1	1	unique
OG_14403	1	1	unique
OG_14404	1	1	unique
OG_14405	1	1	unique
OG_14406	1	1	unique
OG_14407	1	1	unique
OG_14408	1	1	unique
OG_14409	1	1	unique
OG_14410	1	1	unique
OG_14411	1	1	unique
OG_14412	1	1	unique
OG_14413	1	1	unique
OG_14414	1	1	unique
OG_14415	1	1	unique
OG_14416	1	1	unique
OG_14417	1	1	unique
OG_14418	1	1	unique
OG_14419	1	1	unique
OG_14420	1	1	unique
OG_14421	1	1	unique
OG_14422	1	1	unique
OG_14423	1	1	unique
OG_14424	1	1	unique
OG_14425	1	1	unique
OG_14426	1	1	unique
OG_14427	1	1	unique
OG_14428	1	1	unique
OG_14429	1	1	unique
OG_14430	1	1	unique
OG_14431	1	1	unique
OG_14432	1	1	unique
OG_14433	1	1	unique
OG_14434	1	1	unique
OG_14435	1	1	unique
OG_14436	1	1	unique
OG_14437	1	1	unique
OG_14438	1	1	unique
OG_14439	1	1	unique
OG_14440	1	1	unique
OG_14441	1	1	unique
OG_14442	1	1	unique
OG_14443	1	1	unique
OG_14444	1	1	unique
OG_14445	1	1	unique
OG_14446	1	1	unique
OG_14447	1	1	unique
OG_14448	1	1	unique
OG_14449	1	1	unique
OG_14450	1	1	unique
OG_14451	1	1	unique
OG_14452	1	1	unique
OG_14453	1	1	unique
OG_14454	1	1	unique
OG_14455	1	1	unique
OG_14456	1	1	unique
OG_14457	1	1	unique
OG_14458	1	1	unique
OG_14459	1	1	unique
OG_14460	1	1	unique
OG_14461	1	1	unique
OG_14462	1	1	unique
OG_14463	1	1	unique
OG_14464	1	1	unique
OG_14465	1	1	unique
OG_14466	1	1	unique
OG_14467	1	1	unique
OG_14468	1	1	unique
OG_14469	1	1	unique
OG_14470	1	1	unique
OG_14471	1	1	unique
OG_14472	1	1	unique
OG_14473	1	1	unique
OG_14474	1	1	unique
OG_14475	1	1	unique
OG_14476	1	1	unique
OG_14477	1	1	unique
OG_14478	1	1	unique
OG_14479	1	1	unique
OG_14480	1	1	unique
OG_14481	1	1	unique
OG_14482	1	1	unique
OG_14483	1	1	unique
OG_14484	1	1	unique
OG_14485	1	1	unique
OG_14486	1	1	unique
OG_14487	1	1	unique
OG_14488	1	1	unique
OG_14489	1	1	unique
OG_14490	1	1	unique
OG_14491	1	1	unique
OG_14492	1	1	unique
OG_14493	1	1	unique
OG_14494	1	1	unique
OG_14495	1	1	unique
OG_14496	1	1	unique
OG_14497	1	1	unique
OG_14498	1	1	unique
OG_14499	1	1	unique
OG_14500	1	1	unique
OG_14501	1	1	unique
OG_14502	1	1	unique
OG_14503	1	1	unique
OG_14504	1	1	unique
OG_14505	1	1	unique
OG_14506	1	1	unique
OG_14507	1	1	unique
OG_14508	1	1	unique
OG_14509	1	1	unique
OG_14510	1	1	unique
OG_14511	1	1	unique
OG_14512	1	1	unique
OG_14513	1	1	unique
OG_14514	1	1	unique
OG_14515	1	1	unique
OG_14516	1	1	unique
OG_14517	1	1	unique
OG_14518	1	1	unique
OG_14519	1	1	unique
OG_14520	1	1	unique
OG_14521	1	1	unique
OG_14522	1	1	unique
OG_14523	1	1	unique
OG_14524	1	1	unique
OG_14525	1	1	unique
OG_14526	1	1	unique
OG_14527	1	1	unique
OG_14528	1	1	unique
OG_14529	1	1	unique
OG_14530	1	1	unique
OG_14531	1	1	unique
OG_14532	1	1	unique
OG_14533	1	1	unique
OG_14534	1	1	unique
OG_14535	1	1	unique
OG_14536	1	1	unique
OG_14537	1	1	unique
OG_14538	1	1	unique
OG_14539	1	1	unique
OG_14540	1	1	unique
OG_14541	1	1	unique
OG_14542	1	1	unique
OG_14543	1	1	unique
OG_14544	1	1	unique
OG_14545	1	1	unique
OG_14546	1	1	unique
OG_14547	1	1	unique
OG_14548	1	1	unique
OG_14549	1	1	unique
OG_14550	1	1	unique
OG_14551	1	1	unique
OG_14552	1	1	unique
OG_14553	1	1	unique
OG_14554	1	1	unique
OG_14555	1	1	unique
OG_14556	1	1	unique
OG_14557	1	1	unique
OG_14558	1	1	unique
OG_14559	1	1	unique
OG_14560	1	1	unique
OG_14561	1	1	unique
OG_14562	1	1	unique
OG_14563	1	1	unique
OG_14564	1	1	unique
OG_14565	1	1	unique
OG_14566	1	1	unique
OG_14567	1	1	unique
OG_14568	1	1	unique
OG_14569	1	1	unique
OG_14570	1	1	unique
OG_14571	1	1	unique
OG_14572	1	1	unique
OG_14573	1	1	unique
OG_14574	1	1	unique
OG_14575	1	1	unique
OG_14576	1	1	unique
OG_14577	1	1	unique
OG_14578	1	1	unique
OG_14579	1	1	unique
OG_14580	1	1	unique
OG_14581	1	1	unique
OG_14582	1	1	unique
OG_14583	1	1	unique
OG_14584	1	1	unique
OG_14585	1	1	unique
OG_14586	1	1	unique
OG_14587	1	1	unique
OG_14588	1	1	unique
OG_14589	1	1	unique
OG_14590	1	1	unique
OG_14591	1	1	unique
OG_14592	1	1	unique
OG_14593	1	1	unique
OG_14594	1	1	unique
OG_14595	1	1	unique
OG_14596	1	1	unique
OG_14597	1	1	unique
OG_14598	1	1	unique
OG_14599	1	1	unique
OG_14600	1	1	unique
OG_14601	1	1	unique
OG_14602	1	1	unique
OG_14603	1	1	unique
OG_14604	1	1	unique
OG_14605	1	1	unique
OG_14606	1	1	unique
OG_14607	1	1	unique
OG_14608	1	1	unique
OG_14609	1	1	unique
OG_14610	1	1	unique
OG_14611	1	1	unique
OG_14612	1	1	unique
OG_14613	1	1	unique
OG_14614	1	1	unique
OG_14615	1	1	unique
OG_14616	1	1	unique
OG_14617	1	1	unique
OG_14618	1	1	unique
OG_14619	1	1	unique
OG_14620	1	1	unique
OG_14621	1	1	unique
OG_14622	1	1	unique
OG_14623	1	1	unique
OG_14624	1	1	unique
OG_14625	1	1	unique
OG_14626	1	1	unique
OG_14627	1	1	unique
OG_14628	1	1	unique
OG_14629	1	1	unique
OG_14630	1	1	unique
OG_14631	1	1	unique
OG_14632	1	1	unique
OG_14633	1	1	unique
OG_14634	1	1	unique
OG_14635	1	1	unique
OG_14636	1	1	unique
OG_14637	1	1	unique
OG_14638	1	1	unique
OG_14639	1	1	unique
OG_14640	1	1	unique
OG_14641	1	1	unique
OG_14642	1	1	unique
OG_14643	1	1	unique
OG_14644	1	1	unique
OG_14645	1	1	unique
OG_14646	1	1	unique
OG_14647	1	1	unique
OG_14648	1	1	unique
OG_14649	1	1	unique
OG_14650	1	1	unique
OG_14651	1	1	unique
OG_14652	1	1	unique
OG_14653	1	1	unique
OG_14654	1	1	unique
OG_14655	1	1	unique
OG_14656	1	1	unique
OG_14657	1	1	unique
OG_14658	1	1	unique
OG_14659	1	1	unique
OG_14660	1	1	unique
OG_14661	1	1	unique
OG_14662	1	1	unique
OG_14663	1	1	unique
OG_14664	1	1	unique
OG_14665	1	1	unique
OG_14666	1	1	unique
OG_14667	1	1	unique
OG_14668	1	1	unique
OG_14669	1	1	unique
OG_14670	1	1	unique
OG_14671	1	1	unique
OG_14672	1	1	unique
OG_14673	1	1	unique
OG_14674	1	1	unique
OG_14675	1	1	unique
OG_14676	1	1	unique
OG_14677	1	1	unique
OG_14678	1	1	unique
OG_14679	1	1	unique
OG_14680	1	1	unique
OG_14681	1	1	unique
OG_14682	1	1	unique
OG_14683	1	1	unique
OG_14684	1	1	unique
OG_14685	1	1	unique
OG_14686	1	1	unique
OG_14687	1	1	unique
OG_14688	1	1	unique
OG_14689	1	1	unique
OG_14690	1	1	unique
OG_14691	1	1	unique
OG_14692	1	1	unique
OG_14693	1	1	unique
OG_14694	1	1	unique
OG_14695	1	1	unique
OG_14696	1	1	unique
OG_14697	1	1	unique
OG_14698	1	1	unique
OG_14699	1	1	unique
OG_14700	1	1	unique
OG_14701	1	1	unique
OG_14702	1	1	unique
OG_14703	1	1	unique
OG_14704	1	1	unique
OG_14705	1	1	unique
OG_14706	1	1	unique
OG_14707	1	1	unique
OG_14708	1	1	unique
OG_14709	1	1	unique
OG_14710	1	1	unique
OG_14711	1	1	unique
OG_14712	1	1	unique
OG_14713	1	1	unique
OG_14714	1	1	unique
OG_14715	1	1	unique
OG_14716	1	1	unique
OG_14717	1	1	unique
OG_14718	1	1	unique
OG_14719	1	1	unique
OG_14720	1	1	unique
OG_14721	1	1	unique
OG_14722	1	1	unique
OG_14723	1	1	unique
OG_14724	1	1	unique
OG_14725	1	1	unique
OG_14726	1	1	unique
OG_14727	1	1	unique
OG_14728	1	1	unique
OG_14729	1	1	unique
OG_14730	1	1	unique
OG_14731	1	1	unique
OG_14732	1	1	unique
OG_14733	1	1	unique
OG_14734	1	1	unique
OG_14735	1	1	unique
OG_14736	1	1	unique
OG_14737	1	1	unique
OG_14738	1	1	unique
OG_14739	1	1	unique
OG_14740	1	1	unique
OG_14741	1	1	unique
OG_14742	1	1	unique
OG_14743	1	1	unique
OG_14744	1	1	unique
OG_14745	1	1	unique
OG_14746	1	1	unique
OG_14747	1	1	unique
OG_14748	1	1	unique
OG_14749	1	1	unique
OG_14750	1	1	unique
OG_14751	1	1	unique
OG_14752	1	1	unique
OG_14753	1	1	unique
OG_14754	1	1	unique
OG_14755	1	1	unique
OG_14756	1	1	unique
OG_14757	1	1	unique
OG_14758	1	1	unique
OG_14759	1	1	unique
OG_14760	1	1	unique
OG_14761	1	1	unique
OG_14762	1	1	unique
OG_14763	1	1	unique
OG_14764	1	1	unique
OG_14765	1	1	unique
OG_14766	1	1	unique
OG_14767	1	1	unique
OG_14768	1	1	unique
OG_14769	1	1	unique
OG_14770	1	1	unique
OG_14771	1	1	unique
OG_14772	1	1	unique
OG_14773	1	1	unique
OG_14774	1	1	unique
OG_14775	1	1	unique
OG_14776	1	1	unique
OG_14777	1	1	unique
OG_14778	1	1	unique
OG_14779	1	1	unique
OG_14780	1	1	unique
OG_14781	1	1	unique
OG_14782	1	1	unique
OG_14783	1	1	unique
OG_14784	1	1	unique
OG_14785	1	1	unique
OG_14786	1	1	unique
OG_14787	1	1	unique
OG_14788	1	1	unique
OG_14789	1	1	unique
OG_14790	1	1	unique
OG_14791	1	1	unique
OG_14792	1	1	unique
OG_14793	1	1	unique
OG_14794	1	1	unique
OG_14795	1	1	unique
OG_14796	1	1	unique
OG_14797	1	1	unique
OG_14798	1	1	unique
OG_14799	1	1	unique
OG_14800	1	1	unique
OG_14801	1	1	unique
OG_14802	1	1	unique
OG_14803	1	1	unique
OG_14804	1	1	unique
OG_14805	1	1	unique
OG_14806	1	1	unique
OG_14807	1	1	unique
OG_14808	1	1	unique
OG_14809	1	1	unique
OG_14810	1	1	unique
OG_14811	1	1	unique
OG_14812	1	1	unique
OG_14813	1	1	unique
OG_14814	1	1	unique
OG_14815	1	1	unique
OG_14816	1	1	unique
OG_14817	1	1	unique
OG_14818	1	1	unique
OG_14819	1	1	unique
OG_14820	1	1	unique
OG_14821	1	1	unique
OG_14822	1	1	unique
OG_14823	1	1	unique
OG_14824	1	1	unique
OG_14825	1	1	unique
OG_14826	1	1	unique
OG_14827	1	1	unique
OG_14828	1	1	unique
OG_14829	1	1	unique
OG_14830	1	1	unique
OG_14831	1	1	unique
OG_14832	1	1	unique
OG_14833	1	1	unique
OG_14834	1	1	unique
OG_14835	1	1	unique
OG_14836	1	1	unique
OG_14837	1	1	unique
OG_14838	1	1	unique
OG_14839	1	1	unique
OG_14840	1	1	unique
OG_14841	1	1	unique
OG_14842	1	1	unique
OG_14843	1	1	unique
OG_14844	1	1	unique
OG_14845	1	1	unique
OG_14846	1	1	unique
OG_14847	1	1	unique
OG_14848	1	1	unique
OG_14849	1	1	unique
OG_14850	1	1	unique
OG_14851	1	1	unique
OG_14852	1	1	unique
OG_14853	1	1	unique
OG_14854	1	1	unique
OG_14855	1	1	unique
OG_14856	1	1	unique
OG_14857	1	1	unique
OG_14858	1	1	unique
OG_14859	1	1	unique
OG_14860	1	1	unique
OG_14861	1	1	unique
OG_14862	1	1	unique
OG_14863	1	1	unique
OG_14864	1	1	unique
OG_14865	1	1	unique
OG_14866	1	1	unique
OG_14867	1	1	unique
OG_14868	1	1	unique
OG_14869	1	1	unique
OG_14870	1	1	unique
OG_14871	1	1	unique
OG_14872	1	1	unique
OG_14873	1	1	unique
OG_14874	1	1	unique
OG_14875	1	1	unique
OG_14876	1	1	unique
OG_14877	1	1	unique
OG_14878	1	1	unique
OG_14879	1	1	unique
OG_14880	1	1	unique
OG_14881	1	1	unique
OG_14882	1	1	unique
OG_14883	1	1	unique
OG_14884	1	1	unique
OG_14885	1	1	unique
OG_14886	1	1	unique
OG_14887	1	1	unique
OG_14888	1	1	unique
OG_14889	1	1	unique
OG_14890	1	1	unique
OG_14891	1	1	unique
OG_14892	1	1	unique
OG_14893	1	1	unique
OG_14894	1	1	unique
OG_14895	1	1	unique
OG_14896	1	1	unique
OG_14897	1	1	unique
OG_14898	1	1	unique
OG_14899	1	1	unique
OG_14900	1	1	unique
OG_14901	1	1	unique
OG_14902	1	1	unique
OG_14903	1	1	unique
OG_14904	1	1	unique
OG_14905	1	1	unique
OG_14906	1	1	unique
OG_14907	1	1	unique
OG_14908	1	1	unique
OG_14909	1	1	unique
OG_14910	1	1	unique
OG_14911	1	1	unique
OG_14912	1	1	unique
OG_14913	1	1	unique
OG_14914	1	1	unique
OG_14915	1	1	unique
OG_14916	1	1	unique
OG_14917	1	1	unique
OG_14918	1	1	unique
OG_14919	1	1	unique
OG_14920	1	1	unique
OG_14921	1	1	unique
OG_14922	1	1	unique
OG_14923	1	1	unique
OG_14924	1	1	unique
OG_14925	1	1	unique
OG_14926	1	1	unique
OG_14927	1	1	unique
OG_14928	1	1	unique
OG_14929	1	1	unique
OG_14930	1	1	unique
OG_14931	1	1	unique
OG_14932	1	1	unique
OG_14933	1	1	unique
OG_14934	1	1	unique
OG_14935	1	1	unique
OG_14936	1	1	unique
OG_14937	1	1	unique
OG_14938	1	1	unique
OG_14939	1	1	unique
OG_14940	1	1	unique
OG_14941	1	1	unique
OG_14942	1	1	unique
OG_14943	1	1	unique
OG_14944	1	1	unique
OG_14945	1	1	unique
OG_14946	1	1	unique
OG_14947	1	1	unique
OG_14948	1	1	unique
OG_14949	1	1	unique
OG_14950	1	1	unique
OG_14951	1	1	unique
OG_14952	1	1	unique
OG_14953	1	1	unique
OG_14954	1	1	unique
OG_14955	1	1	unique
OG_14956	1	1	unique
OG_14957	1	1	unique
OG_14958	1	1	unique
OG_14959	1	1	unique
OG_14960	1	1	unique
OG_14961	1	1	unique
OG_14962	1	1	unique
OG_14963	1	1	unique
OG_14964	1	1	unique
OG_14965	1	1	unique
OG_14966	1	1	unique
OG_14967	1	1	unique
OG_14968	1	1	unique
OG_14969	1	1	unique
OG_14970	1	1	unique
OG_14971	1	1	unique
OG_14972	1	1	unique
OG_14973	1	1	unique
OG_14974	1	1	unique
OG_14975	1	1	unique
OG_14976	1	1	unique
OG_14977	1	1	unique
OG_14978	1	1	unique
OG_14979	1	1	unique
OG_14980	1	1	unique
OG_14981	1	1	unique
OG_14982	1	1	unique
OG_14983	1	1	unique
OG_14984	1	1	unique
OG_14985	1	1	unique
OG_14986	1	1	unique
OG_14987	1	1	unique
OG_14988	1	1	unique
OG_14989	1	1	unique
OG_14990	1	1	unique
OG_14991	1	1	unique
OG_14992	1	1	unique
OG_14993	1	1	unique
OG_14994	1	1	unique
OG_14995	1	1	unique
OG_14996	1	1	unique
OG_14997	1	1	unique
OG_14998	1	1	unique
OG_14999	1	1	unique
OG_15000	1	1	unique
OG_15001	1	1	unique
OG_15002	1	1	unique
OG_15003	1	1	unique
OG_15004	1	1	unique
OG_15005	1	1	unique
OG_15006	1	1	unique
OG_15007	1	1	unique
OG_15008	1	1	unique
OG_15009	1	1	unique
OG_15010	1	1	unique
OG_15011	1	1	unique
OG_15012	1	1	unique
OG_15013	1	1	unique
OG_15014	1	1	unique
OG_15015	1	1	unique
OG_15016	1	1	unique
OG_15017	1	1	unique
OG_15018	1	1	unique
OG_15019	1	1	unique
OG_15020	1	1	unique
OG_15021	1	1	unique
OG_15022	1	1	unique
OG_15023	1	1	unique
OG_15024	1	1	unique
OG_15025	1	1	unique
OG_15026	1	1	unique
OG_15027	1	1	unique
OG_15028	1	1	unique
OG_15029	1	1	unique
OG_15030	1	1	unique
OG_15031	1	1	unique
OG_15032	1	1	unique
OG_15033	1	1	unique
OG_15034	1	1	unique
OG_15035	1	1	unique
OG_15036	1	1	unique
OG_15037	1	1	unique
OG_15038	1	1	unique
OG_15039	1	1	unique
OG_15040	1	1	unique
OG_15041	1	1	unique
OG_15042	1	1	unique
OG_15043	1	1	unique
OG_15044	1	1	unique
OG_15045	1	1	unique
OG_15046	1	1	unique
OG_15047	1	1	unique
OG_15048	1	1	unique
OG_15049	1	1	unique
OG_15050	1	1	unique
OG_15051	1	1	unique
OG_15052	1	1	unique
OG_15053	1	1	unique
OG_15054	1	1	unique
OG_15055	1	1	unique
OG_15056	1	1	unique
OG_15057	1	1	unique
OG_15058	1	1	unique
OG_15059	1	1	unique
OG_15060	1	1	unique
OG_15061	1	1	unique
OG_15062	1	1	unique
OG_15063	1	1	unique
OG_15064	1	1	unique
OG_15065	1	1	unique
OG_15066	1	1	unique
OG_15067	1	1	unique
OG_15068	1	1	unique
OG_15069	1	1	unique
OG_15070	1	1	unique
OG_15071	1	1	unique
OG_15072	1	1	unique
OG_15073	1	1	unique
OG_15074	1	1	unique
OG_15075	1	1	unique
OG_15076	1	1	unique
OG_15077	1	1	unique
OG_15078	1	1	unique
OG_15079	1	1	unique
OG_15080	1	1	unique
OG_15081	1	1	unique
OG_15082	1	1	unique
OG_15083	1	1	unique
OG_15084	1	1	unique
OG_15085	1	1	unique
OG_15086	1	1	unique
OG_15087	1	1	unique
OG_15088	1	1	unique
OG_15089	1	1	unique
OG_15090	1	1	unique
OG_15091	1	1	unique
OG_15092	1	1	unique
OG_15093	1	1	unique
OG_15094	1	1	unique
OG_15095	1	1	unique
OG_15096	1	1	unique
OG_15097	1	1	unique
OG_15098	1	1	unique
OG_15099	1	1	unique
OG_15100	1	1	unique
OG_15101	1	1	unique
OG_15102	1	1	unique
OG_15103	1	1	unique
OG_15104	1	1	unique
OG_15105	1	1	unique
OG_15106	1	1	unique
OG_15107	1	1	unique
OG_15108	1	1	unique
OG_15109	1	1	unique
OG_15110	1	1	unique
OG_15111	1	1	unique
OG_15112	1	1	unique
OG_15113	1	1	unique
OG_15114	1	1	unique
OG_15115	1	1	unique
OG_15116	1	1	unique
OG_15117	1	1	unique
OG_15118	1	1	unique
OG_15119	1	1	unique
OG_15120	1	1	unique
OG_15121	1	1	unique
OG_15122	1	1	unique
OG_15123	1	1	unique
OG_15124	1	1	unique
OG_15125	1	1	unique
OG_15126	1	1	unique
OG_15127	1	1	unique
OG_15128	1	1	unique
OG_15129	1	1	unique
OG_15130	1	1	unique
OG_15131	1	1	unique
OG_15132	1	1	unique
OG_15133	1	1	unique
OG_15134	1	1	unique
OG_15135	1	1	unique
OG_15136	1	1	unique
OG_15137	1	1	unique
OG_15138	1	1	unique
OG_15139	1	1	unique
OG_15140	1	1	unique
OG_15141	1	1	unique
OG_15142	1	1	unique
OG_15143	1	1	unique
OG_15144	1	1	unique
OG_15145	1	1	unique
OG_15146	1	1	unique
OG_15147	1	1	unique
OG_15148	1	1	unique
OG_15149	1	1	unique
OG_15150	1	1	unique
OG_15151	1	1	unique
OG_15152	1	1	unique
OG_15153	1	1	unique
OG_15154	1	1	unique
OG_15155	1	1	unique
OG_15156	1	1	unique
OG_15157	1	1	unique
OG_15158	1	1	unique
OG_15159	1	1	unique
OG_15160	1	1	unique
OG_15161	1	1	unique
OG_15162	1	1	unique
OG_15163	1	1	unique
OG_15164	1	1	unique
OG_15165	1	1	unique
OG_15166	1	1	unique
OG_15167	1	1	unique
OG_15168	1	1	unique
OG_15169	1	1	unique
OG_15170	1	1	unique
OG_15171	1	1	unique
OG_15172	1	1	unique
OG_15173	1	1	unique
OG_15174	1	1	unique
OG_15175	1	1	unique
OG_15176	1	1	unique
OG_15177	1	1	unique
OG_15178	1	1	unique
OG_15179	1	1	unique
OG_15180	1	1	unique
OG_15181	1	1	unique
OG_15182	1	1	unique
OG_15183	1	1	unique
OG_15184	1	1	unique
OG_15185	1	1	unique
OG_15186	1	1	unique
OG_15187	1	1	unique
OG_15188	1	1	unique
OG_15189	1	1	unique
OG_15190	1	1	unique
OG_15191	1	1	unique
OG_15192	1	1	unique
OG_15193	1	1	unique
OG_15194	1	1	unique
OG_15195	1	1	unique
OG_15196	1	1	unique
OG_15197	1	1	unique
OG_15198	1	1	unique
OG_15199	1	1	unique
OG_15200	1	1	unique
OG_15201	1	1	unique
OG_15202	1	1	unique
OG_15203	1	1	unique
OG_15204	1	1	unique
OG_15205	1	1	unique
OG_15206	1	1	unique
OG_15207	1	1	unique
OG_15208	1	1	unique
OG_15209	1	1	unique
OG_15210	1	1	unique
OG_15211	1	1	unique
OG_15212	1	1	unique
OG_15213	1	1	unique
OG_15214	1	1	unique
OG_15215	1	1	unique
OG_15216	1	1	unique
OG_15217	1	1	unique
OG_15218	1	1	unique
OG_15219	1	1	unique
OG_15220	1	1	unique
OG_15221	1	1	unique
OG_15222	1	1	unique
OG_15223	1	1	unique
OG_15224	1	1	unique
OG_15225	1	1	unique
OG_15226	1	1	unique
OG_15227	1	1	unique
OG_15228	1	1	unique
OG_15229	1	1	unique
OG_15230	1	1	unique
OG_15231	1	1	unique
OG_15232	1	1	unique
OG_15233	1	1	unique
OG_15234	1	1	unique
OG_15235	1	1	unique
OG_15236	1	1	unique
OG_15237	1	1	unique
OG_15238	1	1	unique
OG_15239	1	1	unique
OG_15240	1	1	unique
OG_15241	1	1	unique
OG_15242	1	1	unique
OG_15243	1	1	unique
OG_15244	1	1	unique
OG_15245	1	1	unique
OG_15246	1	1	unique
OG_15247	1	1	unique
OG_15248	1	1	unique
OG_15249	1	1	unique
OG_15250	1	1	unique
OG_15251	1	1	unique
OG_15252	1	1	unique
OG_15253	1	1	unique
OG_15254	1	1	unique
OG_15255	1	1	unique
OG_15256	1	1	unique
OG_15257	1	1	unique
OG_15258	1	1	unique
OG_15259	1	1	unique
OG_15260	1	1	unique
OG_15261	1	1	unique
OG_15262	1	1	unique
OG_15263	1	1	unique
OG_15264	1	1	unique
OG_15265	1	1	unique
OG_15266	1	1	unique
OG_15267	1	1	unique
OG_15268	1	1	unique
OG_15269	1	1	unique
OG_15270	1	1	unique
OG_15271	1	1	unique
OG_15272	1	1	unique
OG_15273	1	1	unique
OG_15274	1	1	unique
OG_15275	1	1	unique
OG_15276	1	1	unique
OG_15277	1	1	unique
OG_15278	1	1	unique
OG_15279	1	1	unique
OG_15280	1	1	unique
OG_15281	1	1	unique
OG_15282	1	1	unique
OG_15283	1	1	unique
OG_15284	1	1	unique
OG_15285	1	1	unique
OG_15286	1	1	unique
OG_15287	1	1	unique
OG_15288	1	1	unique
OG_15289	1	1	unique
OG_15290	1	1	unique
OG_15291	1	1	unique
OG_15292	1	1	unique
OG_15293	1	1	unique
OG_15294	1	1	unique
OG_15295	1	1	unique
OG_15296	1	1	unique
OG_15297	1	1	unique
OG_15298	1	1	unique
OG_15299	1	1	unique
OG_15300	1	1	unique
OG_15301	1	1	unique
OG_15302	1	1	unique
OG_15303	1	1	unique
OG_15304	1	1	unique
OG_15305	1	1	unique
OG_15306	1	1	unique
OG_15307	1	1	unique
OG_15308	1	1	unique
OG_15309	1	1	unique
OG_15310	1	1	unique
OG_15311	1	1	unique
OG_15312	1	1	unique
OG_15313	1	1	unique
OG_15314	1	1	unique
OG_15315	1	1	unique
OG_15316	1	1	unique
OG_15317	1	1	unique
OG_15318	1	1	unique
OG_15319	1	1	unique
OG_15320	1	1	unique
OG_15321	1	1	unique
OG_15322	1	1	unique
OG_15323	1	1	unique
OG_15324	1	1	unique
OG_15325	1	1	unique
OG_15326	1	1	unique
OG_15327	1	1	unique
OG_15328	1	1	unique
OG_15329	1	1	unique
OG_15330	1	1	unique
OG_15331	1	1	unique
OG_15332	1	1	unique
OG_15333	1	1	unique
OG_15334	1	1	unique
OG_15335	1	1	unique
OG_15336	1	1	unique
OG_15337	1	1	unique
OG_15338	1	1	unique
OG_15339	1	1	unique
OG_15340	1	1	unique
OG_15341	1	1	unique
OG_15342	1	1	unique
OG_15343	1	1	unique
OG_15344	1	1	unique
OG_15345	1	1	unique
OG_15346	1	1	unique
OG_15347	1	1	unique
OG_15348	1	1	unique
OG_15349	1	1	unique
OG_15350	1	1	unique
OG_15351	1	1	unique
OG_15352	1	1	unique
OG_15353	1	1	unique
OG_15354	1	1	unique
OG_15355	1	1	unique
OG_15356	1	1	unique
OG_15357	1	1	unique
OG_15358	1	1	unique
OG_15359	1	1	unique
OG_15360	1	1	unique
OG_15361	1	1	unique
OG_15362	1	1	unique
OG_15363	1	1	unique
OG_15364	1	1	unique
OG_15365	1	1	unique
OG_15366	1	1	unique
OG_15367	1	1	unique
OG_15368	1	1	unique
OG_15369	1	1	unique
OG_15370	1	1	unique
OG_15371	1	1	unique
OG_15372	1	1	unique
OG_15373	1	1	unique
OG_15374	1	1	unique
OG_15375	1	1	unique
OG_15376	1	1	unique
OG_15377	1	1	unique
OG_15378	1	1	unique
OG_15379	1	1	unique
OG_15380	1	1	unique
OG_15381	1	1	unique
OG_15382	1	1	unique
OG_15383	1	1	unique
OG_15384	1	1	unique
OG_15385	1	1	unique
OG_15386	1	1	unique
OG_15387	1	1	unique
OG_15388	1	1	unique
OG_15389	1	1	unique
OG_15390	1	1	unique
OG_15391	1	1	unique
OG_15392	1	1	unique
OG_15393	1	1	unique
OG_15394	1	1	unique
OG_15395	1	1	unique
OG_15396	1	1	unique
OG_15397	1	1	unique
OG_15398	1	1	unique
OG_15399	1	1	unique
OG_15400	1	1	unique
OG_15401	1	1	unique
OG_15402	1	1	unique
OG_15403	1	1	unique
OG_15404	1	1	unique
OG_15405	1	1	unique
OG_15406	1	1	unique
OG_15407	1	1	unique
OG_15408	1	1	unique
OG_15409	1	1	unique
OG_15410	1	1	unique
OG_15411	1	1	unique
OG_15412	1	1	unique
OG_15413	1	1	unique
OG_15414	1	1	unique
OG_15415	1	1	unique
OG_15416	1	1	unique
OG_15417	1	1	unique
OG_15418	1	1	unique
OG_15419	1	1	unique
OG_15420	1	1	unique
OG_15421	1	1	unique
OG_15422	1	1	unique
OG_15423	1	1	unique
OG_15424	1	1	unique
OG_15425	1	1	unique
OG_15426	1	1	unique
OG_15427	1	1	unique
OG_15428	1	1	unique
OG_15429	1	1	unique
OG_15430	1	1	unique
OG_15431	1	1	unique
OG_15432	1	1	unique
OG_15433	1	1	unique
OG_15434	1	1	unique
OG_15435	1	1	unique
OG_15436	1	1	unique
OG_15437	1	1	unique
OG_15438	1	1	unique
OG_15439	1	1	unique
OG_15440	1	1	unique
OG_15441	1	1	unique
OG_15442	1	1	unique
OG_15443	1	1	unique
OG_15444	1	1	unique
OG_15445	1	1	unique
OG_15446	1	1	unique
OG_15447	1	1	unique
OG_15448	1	1	unique
OG_15449	1	1	unique
OG_15450	1	1	unique
OG_15451	1	1	unique
OG_15452	1	1	unique
OG_15453	1	1	unique
OG_15454	1	1	unique
OG_15455	1	1	unique
OG_15456	1	1	unique
OG_15457	1	1	unique
OG_15458	1	1	unique
OG_15459	1	1	unique
OG_15460	1	1	unique
OG_15461	1	1	unique
OG_15462	1	1	unique
OG_15463	1	1	unique
OG_15464	1	1	unique
OG_15465	1	1	unique
OG_15466	1	1	unique
OG_15467	1	1	unique
OG_15468	1	1	unique
OG_15469	1	1	unique
OG_15470	1	1	unique
OG_15471	1	1	unique
OG_15472	1	1	unique
OG_15473	1	1	unique
OG_15474	1	1	unique
OG_15475	1	1	unique
OG_15476	1	1	unique
OG_15477	1	1	unique
OG_15478	1	1	unique
OG_15479	1	1	unique
OG_15480	1	1	unique
OG_15481	1	1	unique
OG_15482	1	1	unique
OG_15483	1	1	unique
OG_15484	1	1	unique
OG_15485	1	1	unique
OG_15486	1	1	unique
OG_15487	1	1	unique
OG_15488	1	1	unique
OG_15489	1	1	unique
OG_15490	1	1	unique
OG_15491	1	1	unique
OG_15492	1	1	unique
OG_15493	1	1	unique
OG_15494	1	1	unique
OG_15495	1	1	unique
OG_15496	1	1	unique
OG_15497	1	1	unique
OG_15498	1	1	unique
OG_15499	1	1	unique
OG_15500	1	1	unique
OG_15501	1	1	unique
OG_15502	1	1	unique
OG_15503	1	1	unique
OG_15504	1	1	unique
OG_15505	1	1	unique
OG_15506	1	1	unique
OG_15507	1	1	unique
OG_15508	1	1	unique
OG_15509	1	1	unique
OG_15510	1	1	unique
OG_15511	1	1	unique
OG_15512	1	1	unique
OG_15513	1	1	unique
OG_15514	1	1	unique
OG_15515	1	1	unique
OG_15516	1	1	unique
OG_15517	1	1	unique
OG_15518	1	1	unique
OG_15519	1	1	unique
OG_15520	1	1	unique
OG_15521	1	1	unique
OG_15522	1	1	unique
OG_15523	1	1	unique
OG_15524	1	1	unique
OG_15525	1	1	unique
OG_15526	1	1	unique
OG_15527	1	1	unique
OG_15528	1	1	unique
OG_15529	1	1	unique
OG_15530	1	1	unique
OG_15531	1	1	unique
OG_15532	1	1	unique
OG_15533	1	1	unique
OG_15534	1	1	unique
OG_15535	1	1	unique
OG_15536	1	1	unique
OG_15537	1	1	unique
OG_15538	1	1	unique
OG_15539	1	1	unique
OG_15540	1	1	unique
OG_15541	1	1	unique
OG_15542	1	1	unique
OG_15543	1	1	unique
OG_15544	1	1	unique
OG_15545	1	1	unique
OG_15546	1	1	unique
OG_15547	1	1	unique
OG_15548	1	1	unique
OG_15549	1	1	unique
OG_15550	1	1	unique
OG_15551	1	1	unique
OG_15552	1	1	unique
OG_15553	1	1	unique
OG_15554	1	1	unique
OG_15555	1	1	unique
OG_15556	1	1	unique
OG_15557	1	1	unique
OG_15558	1	1	unique
OG_15559	1	1	unique
OG_15560	1	1	unique
OG_15561	1	1	unique
OG_15562	1	1	unique
OG_15563	1	1	unique
OG_15564	1	1	unique
OG_15565	1	1	unique
OG_15566	1	1	unique
OG_15567	1	1	unique
OG_15568	1	1	unique
OG_15569	1	1	unique
OG_15570	1	1	unique
OG_15571	1	1	unique
OG_15572	1	1	unique
OG_15573	1	1	unique
OG_15574	1	1	unique
OG_15575	1	1	unique
OG_15576	1	1	unique
OG_15577	1	1	unique
OG_15578	1	1	unique
OG_15579	1	1	unique
OG_15580	1	1	unique
OG_15581	1	1	unique
OG_15582	1	1	unique
OG_15583	1	1	unique
OG_15584	1	1	unique
OG_15585	1	1	unique
OG_15586	1	1	unique
OG_15587	1	1	unique
OG_15588	1	1	unique
OG_15589	1	1	unique
OG_15590	1	1	unique
OG_15591	1	1	unique
OG_15592	1	1	unique
OG_15593	1	1	unique
OG_15594	1	1	unique
OG_15595	1	1	unique
OG_15596	1	1	unique
OG_15597	1	1	unique
OG_15598	1	1	unique
OG_15599	1	1	unique
OG_15600	1	1	unique
OG_15601	1	1	unique
OG_15602	1	1	unique
OG_15603	1	1	unique
OG_15604	1	1	unique
OG_15605	1	1	unique
OG_15606	1	1	unique
OG_15607	1	1	unique
OG_15608	1	1	unique
OG_15609	1	1	unique
OG_15610	1	1	unique
OG_15611	1	1	unique
OG_15612	1	1	unique
OG_15613	1	1	unique
OG_15614	1	1	unique
OG_15615	1	1	unique
OG_15616	1	1	unique
OG_15617	1	1	unique
OG_15618	1	1	unique
OG_15619	1	1	unique
OG_15620	1	1	unique
OG_15621	1	1	unique
OG_15622	1	1	unique
OG_15623	1	1	unique
OG_15624	1	1	unique
OG_15625	1	1	unique
OG_15626	1	1	unique
OG_15627	1	1	unique
OG_15628	1	1	unique
OG_15629	1	1	unique
OG_15630	1	1	unique
OG_15631	1	1	unique
OG_15632	1	1	unique
OG_15633	1	1	unique
OG_15634	1	1	unique
OG_15635	1	1	unique
OG_15636	1	1	unique
OG_15637	1	1	unique
OG_15638	1	1	unique
OG_15639	1	1	unique
OG_15640	1	1	unique
OG_15641	1	1	unique
OG_15642	1	1	unique
OG_15643	1	1	unique
OG_15644	1	1	unique
OG_15645	1	1	unique
OG_15646	1	1	unique
OG_15647	1	1	unique
OG_15648	1	1	unique
OG_15649	1	1	unique
OG_15650	1	1	unique
OG_15651	1	1	unique
OG_15652	1	1	unique
OG_15653	1	1	unique
OG_15654	1	1	unique
OG_15655	1	1	unique
OG_15656	1	1	unique
OG_15657	1	1	unique
OG_15658	1	1	unique
OG_15659	1	1	unique
OG_15660	1	1	unique
OG_15661	1	1	unique
OG_15662	1	1	unique
OG_15663	1	1	unique
OG_15664	1	1	unique
OG_15665	1	1	unique
OG_15666	1	1	unique
OG_15667	1	1	unique
OG_15668	1	1	unique
OG_15669	1	1	unique
OG_15670	1	1	unique
OG_15671	1	1	unique
OG_15672	1	1	unique
OG_15673	1	1	unique
OG_15674	1	1	unique
OG_15675	1	1	unique
OG_15676	1	1	unique
OG_15677	1	1	unique
OG_15678	1	1	unique
OG_15679	1	1	unique
OG_15680	1	1	unique
OG_15681	1	1	unique
OG_15682	1	1	unique
OG_15683	1	1	unique
OG_15684	1	1	unique
OG_15685	1	1	unique
OG_15686	1	1	unique
OG_15687	1	1	unique
OG_15688	1	1	unique
OG_15689	1	1	unique
OG_15690	1	1	unique
OG_15691	1	1	unique
OG_15692	1	1	unique
OG_15693	1	1	unique
OG_15694	1	1	unique
OG_15695	1	1	unique
OG_15696	1	1	unique
OG_15697	1	1	unique
OG_15698	1	1	unique
OG_15699	1	1	unique
OG_15700	1	1	unique
OG_15701	1	1	unique
OG_15702	1	1	unique
OG_15703	1	1	unique
OG_15704	1	1	unique
OG_15705	1	1	unique
OG_15706	1	1	unique
OG_15707	1	1	unique
OG_15708	1	1	unique
OG_15709	1	1	unique
OG_15710	1	1	unique
OG_15711	1	1	unique
OG_15712	1	1	unique
OG_15713	1	1	unique
OG_15714	1	1	unique
OG_15715	1	1	unique
OG_15716	1	1	unique
OG_15717	1	1	unique
OG_15718	1	1	unique
OG_15719	1	1	unique
OG_15720	1	1	unique
OG_15721	1	1	unique
OG_15722	1	1	unique
OG_15723	1	1	unique
OG_15724	1	1	unique
OG_15725	1	1	unique
OG_15726	1	1	unique
OG_15727	1	1	unique
OG_15728	1	1	unique
OG_15729	1	1	unique
OG_15730	1	1	unique
OG_15731	1	1	unique
OG_15732	1	1	unique
OG_15733	1	1	unique
OG_15734	1	1	unique
OG_15735	1	1	unique
OG_15736	1	1	unique
OG_15737	1	1	unique
OG_15738	1	1	unique
OG_15739	1	1	unique
OG_15740	1	1	unique
OG_15741	1	1	unique
OG_15742	1	1	unique
OG_15743	1	1	unique
OG_15744	1	1	unique
OG_15745	1	1	unique
OG_15746	1	1	unique
OG_15747	1	1	unique
OG_15748	1	1	unique
OG_15749	1	1	unique
OG_15750	1	1	unique
OG_15751	1	1	unique
OG_15752	1	1	unique
OG_15753	1	1	unique
OG_15754	1	1	unique
OG_15755	1	1	unique
OG_15756	1	1	unique
OG_15757	1	1	unique
OG_15758	1	1	unique
OG_15759	1	1	unique
OG_15760	1	1	unique
OG_15761	1	1	unique
OG_15762	1	1	unique
OG_15763	1	1	unique
OG_15764	1	1	unique
OG_15765	1	1	unique
OG_15766	1	1	unique
OG_15767	1	1	unique
OG_15768	1	1	unique
OG_15769	1	1	unique
OG_15770	1	1	unique
OG_15771	1	1	unique
OG_15772	1	1	unique
OG_15773	1	1	unique
OG_15774	1	1	unique
OG_15775	1	1	unique
OG_15776	1	1	unique
OG_15777	1	1	unique
OG_15778	1	1	unique
OG_15779	1	1	unique
OG_15780	1	1	unique
OG_15781	1	1	unique
OG_15782	1	1	unique
OG_15783	1	1	unique
OG_15784	1	1	unique
OG_15785	1	1	unique
OG_15786	1	1	unique
OG_15787	1	1	unique
OG_15788	1	1	unique
OG_15789	1	1	unique
OG_15790	1	1	unique
OG_15791	1	1	unique
OG_15792	1	1	unique
OG_15793	1	1	unique
OG_15794	1	1	unique
OG_15795	1	1	unique
OG_15796	1	1	unique
OG_15797	1	1	unique
OG_15798	1	1	unique
OG_15799	1	1	unique
OG_15800	1	1	unique
OG_15801	1	1	unique
OG_15802	1	1	unique
OG_15803	1	1	unique
OG_15804	1	1	unique
OG_15805	1	1	unique
OG_15806	1	1	unique
OG_15807	1	1	unique
OG_15808	1	1	unique
OG_15809	1	1	unique
OG_15810	1	1	unique
OG_15811	1	1	unique
OG_15812	1	1	unique
OG_15813	1	1	unique
OG_15814	1	1	unique
OG_15815	1	1	unique
OG_15816	1	1	unique
OG_15817	1	1	unique
OG_15818	1	1	unique
OG_15819	1	1	unique
OG_15820	1	1	unique
OG_15821	1	1	unique
OG_15822	1	1	unique
OG_15823	1	1	unique
OG_15824	1	1	unique
OG_15825	1	1	unique
OG_15826	1	1	unique
OG_15827	1	1	unique
OG_15828	1	1	unique
OG_15829	1	1	unique
OG_15830	1	1	unique
OG_15831	1	1	unique
OG_15832	1	1	unique
OG_15833	1	1	unique
OG_15834	1	1	unique
OG_15835	1	1	unique
OG_15836	1	1	unique
OG_15837	1	1	unique
OG_15838	1	1	unique
OG_15839	1	1	unique
OG_15840	1	1	unique
OG_15841	1	1	unique
OG_15842	1	1	unique
OG_15843	1	1	unique
OG_15844	1	1	unique
OG_15845	1	1	unique
OG_15846	1	1	unique
OG_15847	1	1	unique
OG_15848	1	1	unique
OG_15849	1	1	unique
OG_15850	1	1	unique
OG_15851	1	1	unique
OG_15852	1	1	unique
OG_15853	1	1	unique
OG_15854	1	1	unique
OG_15855	1	1	unique
OG_15856	1	1	unique
OG_15857	1	1	unique
OG_15858	1	1	unique
OG_15859	1	1	unique
OG_15860	1	1	unique
OG_15861	1	1	unique
OG_15862	1	1	unique
OG_15863	1	1	unique
OG_15864	1	1	unique
OG_15865	1	1	unique
OG_15866	1	1	unique
OG_15867	1	1	unique
OG_15868	1	1	unique
OG_15869	1	1	unique
OG_15870	1	1	unique
OG_15871	1	1	unique
OG_15872	1	1	unique
OG_15873	1	1	unique
OG_15874	1	1	unique
OG_15875	1	1	unique
OG_15876	1	1	unique
OG_15877	1	1	unique
OG_15878	1	1	unique
OG_15879	1	1	unique
OG_15880	1	1	unique
OG_15881	1	1	unique
OG_15882	1	1	unique
OG_15883	1	1	unique
OG_15884	1	1	unique
OG_15885	1	1	unique
OG_15886	1	1	unique
OG_15887	1	1	unique
OG_15888	1	1	unique
OG_15889	1	1	unique
OG_15890	1	1	unique
OG_15891	1	1	unique
OG_15892	1	1	unique
OG_15893	1	1	unique
OG_15894	1	1	unique
OG_15895	1	1	unique
OG_15896	1	1	unique
OG_15897	1	1	unique
OG_15898	1	1	unique
OG_15899	1	1	unique
OG_15900	1	1	unique
OG_15901	1	1	unique
OG_15902	1	1	unique
OG_15903	1	1	unique
OG_15904	1	1	unique
OG_15905	1	1	unique
OG_15906	1	1	unique
OG_15907	1	1	unique
OG_15908	1	1	unique
OG_15909	1	1	unique
OG_15910	1	1	unique
OG_15911	1	1	unique
OG_15912	1	1	unique
OG_15913	1	1	unique
OG_15914	1	1	unique
OG_15915	1	1	unique
OG_15916	1	1	unique
OG_15917	1	1	unique
OG_15918	1	1	unique
OG_15919	1	1	unique
OG_15920	1	1	unique
OG_15921	1	1	unique
OG_15922	1	1	unique
OG_15923	1	1	unique
OG_15924	1	1	unique
OG_15925	1	1	unique
OG_15926	1	1	unique
OG_15927	1	1	unique
OG_15928	1	1	unique
OG_15929	1	1	unique
OG_15930	1	1	unique
OG_15931	1	1	unique
OG_15932	1	1	unique
OG_15933	1	1	unique
OG_15934	1	1	unique
OG_15935	1	1	unique
OG_15936	1	1	unique
OG_15937	1	1	unique
OG_15938	1	1	unique
OG_15939	1	1	unique
OG_15940	1	1	unique
OG_15941	1	1	unique
OG_15942	1	1	unique
OG_15943	1	1	unique
OG_15944	1	1	unique
OG_15945	1	1	unique
OG_15946	1	1	unique
OG_15947	1	1	unique
OG_15948	1	1	unique
OG_15949	1	1	unique
OG_15950	1	1	unique
OG_15951	1	1	unique
OG_15952	1	1	unique
OG_15953	1	1	unique
OG_15954	1	1	unique
OG_15955	1	1	unique
OG_15956	1	1	unique
OG_15957	1	1	unique
OG_15958	1	1	unique
OG_15959	1	1	unique
OG_15960	1	1	unique
OG_15961	1	1	unique
OG_15962	1	1	unique
OG_15963	1	1	unique
OG_15964	1	1	unique
OG_15965	1	1	unique
OG_15966	1	1	unique
OG_15967	1	1	unique
OG_15968	1	1	unique
OG_15969	1	1	unique
OG_15970	1	1	unique
OG_15971	1	1	unique
OG_15972	1	1	unique
OG_15973	1	1	unique
OG_15974	1	1	unique
OG_15975	1	1	unique
OG_15976	1	1	unique
OG_15977	1	1	unique
OG_15978	1	1	unique
OG_15979	1	1	unique
OG_15980	1	1	unique
OG_15981	1	1	unique
OG_15982	1	1	unique
OG_15983	1	1	unique
OG_15984	1	1	unique
OG_15985	1	1	unique
OG_15986	1	1	unique
OG_15987	1	1	unique
OG_15988	1	1	unique
OG_15989	1	1	unique
OG_15990	1	1	unique
OG_15991	1	1	unique
OG_15992	1	1	unique
OG_15993	1	1	unique
OG_15994	1	1	unique
OG_15995	1	1	unique
OG_15996	1	1	unique
OG_15997	1	1	unique
OG_15998	1	1	unique
OG_15999	1	1	unique
OG_16000	1	1	unique
OG_16001	1	1	unique
OG_16002	1	1	unique
OG_16003	1	1	unique
OG_16004	1	1	unique
OG_16005	1	1	unique
OG_16006	1	1	unique
OG_16007	1	1	unique
OG_16008	1	1	unique
OG_16009	1	1	unique
OG_16010	1	1	unique
OG_16011	1	1	unique
OG_16012	1	1	unique
OG_16013	1	1	unique
OG_16014	1	1	unique
OG_16015	1	1	unique
OG_16016	1	1	unique
OG_16017	1	1	unique
OG_16018	1	1	unique
OG_16019	1	1	unique
OG_16020	1	1	unique
OG_16021	1	1	unique
OG_16022	1	1	unique
OG_16023	1	1	unique
OG_16024	1	1	unique
OG_16025	1	1	unique
OG_16026	1	1	unique
OG_16027	1	1	unique
OG_16028	1	1	unique
OG_16029	1	1	unique
OG_16030	1	1	unique
OG_16031	1	1	unique
OG_16032	1	1	unique
OG_16033	1	1	unique
OG_16034	1	1	unique
OG_16035	1	1	unique
OG_16036	1	1	unique
OG_16037	1	1	unique
OG_16038	1	1	unique
OG_16039	1	1	unique
OG_16040	1	1	unique
OG_16041	1	1	unique
OG_16042	1	1	unique
OG_16043	1	1	unique
OG_16044	1	1	unique
OG_16045	1	1	unique
OG_16046	1	1	unique
OG_16047	1	1	unique
OG_16048	1	1	unique
OG_16049	1	1	unique
OG_16050	1	1	unique
OG_16051	1	1	unique
OG_16052	1	1	unique
OG_16053	1	1	unique
OG_16054	1	1	unique
OG_16055	1	1	unique
OG_16056	1	1	unique
OG_16057	1	1	unique
OG_16058	1	1	unique
OG_16059	1	1	unique
OG_16060	1	1	unique
OG_16061	1	1	unique
OG_16062	1	1	unique
OG_16063	1	1	unique
OG_16064	1	1	unique
OG_16065	1	1	unique
OG_16066	1	1	unique
OG_16067	1	1	unique
OG_16068	1	1	unique
OG_16069	1	1	unique
OG_16070	1	1	unique
OG_16071	1	1	unique
OG_16072	1	1	unique
OG_16073	1	1	unique
OG_16074	1	1	unique
OG_16075	1	1	unique
OG_16076	1	1	unique
OG_16077	1	1	unique
OG_16078	1	1	unique
OG_16079	1	1	unique
OG_16080	1	1	unique
OG_16081	1	1	unique
OG_16082	1	1	unique
OG_16083	1	1	unique
OG_16084	1	1	unique
OG_16085	1	1	unique
OG_16086	1	1	unique
OG_16087	1	1	unique
OG_16088	1	1	unique
OG_16089	1	1	unique
OG_16090	1	1	unique
OG_16091	1	1	unique
OG_16092	1	1	unique
OG_16093	1	1	unique
OG_16094	1	1	unique
OG_16095	1	1	unique
OG_16096	1	1	unique
OG_16097	1	1	unique
OG_16098	1	1	unique
OG_16099	1	1	unique
OG_16100	1	1	unique
OG_16101	1	1	unique
OG_16102	1	1	unique
OG_16103	1	1	unique
OG_16104	1	1	unique
OG_16105	1	1	unique
OG_16106	1	1	unique
OG_16107	1	1	unique
OG_16108	1	1	unique
OG_16109	1	1	unique
OG_16110	1	1	unique
OG_16111	1	1	unique
OG_16112	1	1	unique
OG_16113	1	1	unique
OG_16114	1	1	unique
OG_16115	1	1	unique
OG_16116	1	1	unique
OG_16117	1	1	unique
OG_16118	1	1	unique
OG_16119	1	1	unique
OG_16120	1	1	unique
OG_16121	1	1	unique
OG_16122	1	1	unique
OG_16123	1	1	unique
OG_16124	1	1	unique
OG_16125	1	1	unique
OG_16126	1	1	unique
OG_16127	1	1	unique
OG_16128	1	1	unique
OG_16129	1	1	unique
OG_16130	1	1	unique
OG_16131	1	1	unique
OG_16132	1	1	unique
OG_16133	1	1	unique
OG_16134	1	1	unique
OG_16135	1	1	unique
OG_16136	1	1	unique
OG_16137	1	1	unique
OG_16138	1	1	unique
OG_16139	1	1	unique
OG_16140	1	1	unique
OG_16141	1	1	unique
OG_16142	1	1	unique
OG_16143	1	1	unique
OG_16144	1	1	unique
OG_16145	1	1	unique
OG_16146	1	1	unique
OG_16147	1	1	unique
OG_16148	1	1	unique
OG_16149	1	1	unique
OG_16150	1	1	unique
OG_16151	1	1	unique
OG_16152	1	1	unique
OG_16153	1	1	unique
OG_16154	1	1	unique
OG_16155	1	1	unique
OG_16156	1	1	unique
OG_16157	1	1	unique
OG_16158	1	1	unique
OG_16159	1	1	unique
OG_16160	1	1	unique
OG_16161	1	1	unique
OG_16162	1	1	unique
OG_16163	1	1	unique
OG_16164	1	1	unique
OG_16165	1	1	unique
OG_16166	1	1	unique
OG_16167	1	1	unique
OG_16168	1	1	unique
OG_16169	1	1	unique
OG_16170	1	1	unique
OG_16171	1	1	unique
OG_16172	1	1	unique
OG_16173	1	1	unique
OG_16174	1	1	unique
OG_16175	1	1	unique
OG_16176	1	1	unique
OG_16177	1	1	unique
OG_16178	1	1	unique
OG_16179	1	1	unique
OG_16180	1	1	unique
OG_16181	1	1	unique
OG_16182	1	1	unique
OG_16183	1	1	unique
OG_16184	1	1	unique
OG_16185	1	1	unique
OG_16186	1	1	unique
OG_16187	1	1	unique
OG_16188	1	1	unique
OG_16189	1	1	unique
OG_16190	1	1	unique
OG_16191	1	1	unique
OG_16192	1	1	unique
OG_16193	1	1	unique
OG_16194	1	1	unique
OG_16195	1	1	unique
OG_16196	1	1	unique
OG_16197	1	1	unique
OG_16198	1	1	unique
OG_16199	1	1	unique
OG_16200	1	1	unique
OG_16201	1	1	unique
OG_16202	1	1	unique
OG_16203	1	1	unique
OG_16204	1	1	unique
OG_16205	1	1	unique
OG_16206	1	1	unique
OG_16207	1	1	unique
OG_16208	1	1	unique
OG_16209	1	1	unique
OG_16210	1	1	unique
OG_16211	1	1	unique
OG_16212	1	1	unique
OG_16213	1	1	unique
OG_16214	1	1	unique
OG_16215	1	1	unique
OG_16216	1	1	unique
OG_16217	1	1	unique
OG_16218	1	1	unique
OG_16219	1	1	unique
OG_16220	1	1	unique
OG_16221	1	1	unique
OG_16222	1	1	unique
OG_16223	1	1	unique
OG_16224	1	1	unique
OG_16225	1	1	unique
OG_16226	1	1	unique
OG_16227	1	1	unique
OG_16228	1	1	unique
OG_16229	1	1	unique
OG_16230	1	1	unique
OG_16231	1	1	unique
OG_16232	1	1	unique
OG_16233	1	1	unique
OG_16234	1	1	unique
OG_16235	1	1	unique
OG_16236	1	1	unique
OG_16237	1	1	unique
OG_16238	1	1	unique
OG_16239	1	1	unique
OG_16240	1	1	unique
OG_16241	1	1	unique
OG_16242	1	1	unique
OG_16243	1	1	unique
OG_16244	1	1	unique
OG_16245	1	1	unique
OG_16246	1	1	unique
OG_16247	1	1	unique
OG_16248	1	1	unique
OG_16249	1	1	unique
OG_16250	1	1	unique
OG_16251	1	1	unique
OG_16252	1	1	unique
OG_16253	1	1	unique
OG_16254	1	1	unique
OG_16255	1	1	unique
OG_16256	1	1	unique
OG_16257	1	1	unique
OG_16258	1	1	unique
OG_16259	1	1	unique
OG_16260	1	1	unique
OG_16261	1	1	unique
OG_16262	1	1	unique
OG_16263	1	1	unique
OG_16264	1	1	unique
OG_16265	1	1	unique
OG_16266	1	1	unique
OG_16267	1	1	unique
OG_16268	1	1	unique
OG_16269	1	1	unique
OG_16270	1	1	unique
OG_16271	1	1	unique
OG_16272	1	1	unique
OG_16273	1	1	unique
OG_16274	1	1	unique
OG_16275	1	1	unique
OG_16276	1	1	unique
OG_16277	1	1	unique
OG_16278	1	1	unique
OG_16279	1	1	unique
OG_16280	1	1	unique
OG_16281	1	1	unique
OG_16282	1	1	unique
OG_16283	1	1	unique
OG_16284	1	1	unique
OG_16285	1	1	unique
OG_16286	1	1	unique
OG_16287	1	1	unique
OG_16288	1	1	unique
OG_16289	1	1	unique
OG_16290	1	1	unique
OG_16291	1	1	unique
OG_16292	1	1	unique
OG_16293	1	1	unique
OG_16294	1	1	unique
OG_16295	1	1	unique
OG_16296	1	1	unique
OG_16297	1	1	unique
OG_16298	1	1	unique
OG_16299	1	1	unique
OG_16300	1	1	unique
OG_16301	1	1	unique
OG_16302	1	1	unique
OG_16303	1	1	unique
OG_16304	1	1	unique
OG_16305	1	1	unique
OG_16306	1	1	unique
OG_16307	1	1	unique
OG_16308	1	1	unique
OG_16309	1	1	unique
OG_16310	1	1	unique
OG_16311	1	1	unique
OG_16312	1	1	unique
OG_16313	1	1	unique
OG_16314	1	1	unique
OG_16315	1	1	unique
OG_16316	1	1	unique
OG_16317	1	1	unique
OG_16318	1	1	unique
OG_16319	1	1	unique
OG_16320	1	1	unique
OG_16321	1	1	unique
OG_16322	1	1	unique
OG_16323	1	1	unique
OG_16324	1	1	unique
OG_16325	1	1	unique
OG_16326	1	1	unique
OG_16327	1	1	unique
OG_16328	1	1	unique
OG_16329	1	1	unique
OG_16330	1	1	unique
OG_16331	1	1	unique
OG_16332	1	1	unique
OG_16333	1	1	unique
OG_16334	1	1	unique
OG_16335	1	1	unique
OG_16336	1	1	unique
OG_16337	1	1	unique
OG_16338	1	1	unique
OG_16339	1	1	unique
OG_16340	1	1	unique
OG_16341	1	1	unique
OG_16342	1	1	unique
OG_16343	1	1	unique
OG_16344	1	1	unique
OG_16345	1	1	unique
OG_16346	1	1	unique
OG_16347	1	1	unique
OG_16348	1	1	unique
OG_16349	1	1	unique
OG_16350	1	1	unique
OG_16351	1	1	unique
OG_16352	1	1	unique
OG_16353	1	1	unique
OG_16354	1	1	unique
OG_16355	1	1	unique
OG_16356	1	1	unique
OG_16357	1	1	unique
OG_16358	1	1	unique
OG_16359	1	1	unique
OG_16360	1	1	unique
OG_16361	1	1	unique
OG_16362	1	1	unique
OG_16363	1	1	unique
OG_16364	1	1	unique
OG_16365	1	1	unique
OG_16366	1	1	unique
OG_16367	1	1	unique
OG_16368	1	1	unique
OG_16369	1	1	unique
OG_16370	1	1	unique
OG_16371	1	1	unique
OG_16372	1	1	unique
OG_16373	1	1	unique
OG_16374	1	1	unique
OG_16375	1	1	unique
OG_16376	1	1	unique
OG_16377	1	1	unique
OG_16378	1	1	unique
OG_16379	1	1	unique
OG_16380	1	1	unique
OG_16381	1	1	unique
OG_16382	1	1	unique
OG_16383	1	1	unique
OG_16384	1	1	unique
OG_16385	1	1	unique
OG_16386	1	1	unique
OG_16387	1	1	unique
OG_16388	1	1	unique
OG_16389	1	1	unique
OG_16390	1	1	unique
OG_16391	1	1	unique
OG_16392	1	1	unique
OG_16393	1	1	unique
OG_16394	1	1	unique
OG_16395	1	1	unique
OG_16396	1	1	unique
OG_16397	1	1	unique
OG_16398	1	1	unique
OG_16399	1	1	unique
OG_16400	1	1	unique
OG_16401	1	1	unique
OG_16402	1	1	unique
OG_16403	1	1	unique
OG_16404	1	1	unique
OG_16405	1	1	unique
OG_16406	1	1	unique
OG_16407	1	1	unique
OG_16408	1	1	unique
OG_16409	1	1	unique
OG_16410	1	1	unique
OG_16411	1	1	unique
OG_16412	1	1	unique
OG_16413	1	1	unique
OG_16414	1	1	unique
OG_16415	1	1	unique
OG_16416	1	1	unique
OG_16417	1	1	unique
OG_16418	1	1	unique
OG_16419	1	1	unique
OG_16420	1	1	unique
OG_16421	1	1	unique
OG_16422	1	1	unique
OG_16423	1	1	unique
OG_16424	1	1	unique
OG_16425	1	1	unique
OG_16426	1	1	unique
OG_16427	1	1	unique
OG_16428	1	1	unique
OG_16429	1	1	unique
OG_16430	1	1	unique
OG_16431	1	1	unique
OG_16432	1	1	unique
OG_16433	1	1	unique
OG_16434	1	1	unique
OG_16435	1	1	unique
OG_16436	1	1	unique
OG_16437	1	1	unique
OG_16438	1	1	unique
OG_16439	1	1	unique
OG_16440	1	1	unique
OG_16441	1	1	unique
OG_16442	1	1	unique
OG_16443	1	1	unique
OG_16444	1	1	unique
OG_16445	1	1	unique
OG_16446	1	1	unique
OG_16447	1	1	unique
OG_16448	1	1	unique
OG_16449	1	1	unique
OG_16450	1	1	unique
OG_16451	1	1	unique
OG_16452	1	1	unique
OG_16453	1	1	unique
OG_16454	1	1	unique
OG_16455	1	1	unique
OG_16456	1	1	unique
OG_16457	1	1	unique
OG_16458	1	1	unique
OG_16459	1	1	unique
OG_16460	1	1	unique
OG_16461	1	1	unique
OG_16462	1	1	unique
OG_16463	1	1	unique
OG_16464	1	1	unique
OG_16465	1	1	unique
OG_16466	1	1	unique
OG_16467	1	1	unique
OG_16468	1	1	unique
OG_16469	1	1	unique
OG_16470	1	1	unique
OG_16471	1	1	unique
OG_16472	1	1	unique
OG_16473	1	1	unique
OG_16474	1	1	unique
OG_16475	1	1	unique
OG_16476	1	1	unique
OG_16477	1	1	unique
OG_16478	1	1	unique
OG_16479	1	1	unique
OG_16480	1	1	unique
OG_16481	1	1	unique
OG_16482	1	1	unique
OG_16483	1	1	unique
OG_16484	1	1	unique
OG_16485	1	1	unique
OG_16486	1	1	unique
OG_16487	1	1	unique
OG_16488	1	1	unique
OG_16489	1	1	unique
OG_16490	1	1	unique
OG_16491	1	1	unique
OG_16492	1	1	unique
OG_16493	1	1	unique
OG_16494	1	1	unique
OG_16495	1	1	unique
OG_16496	1	1	unique
OG_16497	1	1	unique
OG_16498	1	1	unique
OG_16499	1	1	unique
OG_16500	1	1	unique
OG_16501	1	1	unique
OG_16502	1	1	unique
OG_16503	1	1	unique
OG_16504	1	1	unique
OG_16505	1	1	unique
OG_16506	1	1	unique
OG_16507	1	1	unique
OG_16508	1	1	unique
OG_16509	1	1	unique
OG_16510	1	1	unique
OG_16511	1	1	unique
OG_16512	1	1	unique
OG_16513	1	1	unique
OG_16514	1	1	unique
OG_16515	1	1	unique
OG_16516	1	1	unique
OG_16517	1	1	unique
OG_16518	1	1	unique
OG_16519	1	1	unique
OG_16520	1	1	unique
OG_16521	1	1	unique
OG_16522	1	1	unique
OG_16523	1	1	unique
OG_16524	1	1	unique
OG_16525	1	1	unique
OG_16526	1	1	unique
OG_16527	1	1	unique
OG_16528	1	1	unique
OG_16529	1	1	unique
OG_16530	1	1	unique
OG_16531	1	1	unique
OG_16532	1	1	unique
OG_16533	1	1	unique
OG_16534	1	1	unique
OG_16535	1	1	unique
OG_16536	1	1	unique
OG_16537	1	1	unique
OG_16538	1	1	unique
OG_16539	1	1	unique
OG_16540	1	1	unique
OG_16541	1	1	unique
OG_16542	1	1	unique
OG_16543	1	1	unique
OG_16544	1	1	unique
OG_16545	1	1	unique
OG_16546	1	1	unique
OG_16547	1	1	unique
OG_16548	1	1	unique
OG_16549	1	1	unique
OG_16550	1	1	unique
OG_16551	1	1	unique
OG_16552	1	1	unique
OG_16553	1	1	unique
OG_16554	1	1	unique
OG_16555	1	1	unique
OG_16556	1	1	unique
OG_16557	1	1	unique
OG_16558	1	1	unique
OG_16559	1	1	unique
OG_16560	1	1	unique
OG_16561	1	1	unique
OG_16562	1	1	unique
OG_16563	1	1	unique
OG_16564	1	1	unique
OG_16565	1	1	unique
OG_16566	1	1	unique
OG_16567	1	1	unique
OG_16568	1	1	unique
OG_16569	1	1	unique
OG_16570	1	1	unique
OG_16571	1	1	unique
OG_16572	1	1	unique
OG_16573	1	1	unique
OG_16574	1	1	unique
OG_16575	1	1	unique
OG_16576	1	1	unique
OG_16577	1	1	unique
OG_16578	1	1	unique
OG_16579	1	1	unique
OG_16580	1	1	unique
OG_16581	1	1	unique
OG_16582	1	1	unique
OG_16583	1	1	unique
OG_16584	1	1	unique
OG_16585	1	1	unique
OG_16586	1	1	unique
OG_16587	1	1	unique
OG_16588	1	1	unique
OG_16589	1	1	unique
OG_16590	1	1	unique
OG_16591	1	1	unique
OG_16592	1	1	unique
OG_16593	1	1	unique
OG_16594	1	1	unique
OG_16595	1	1	unique
OG_16596	1	1	unique
OG_16597	1	1	unique
OG_16598	1	1	unique
OG_16599	1	1	unique
OG_16600	1	1	unique
OG_16601	1	1	unique
OG_16602	1	1	unique
OG_16603	1	1	unique
OG_16604	1	1	unique
OG_16605	1	1	unique
OG_16606	1	1	unique
OG_16607	1	1	unique
OG_16608	1	1	unique
OG_16609	1	1	unique
OG_16610	1	1	unique
OG_16611	1	1	unique
OG_16612	1	1	unique
OG_16613	1	1	unique
OG_16614	1	1	unique
OG_16615	1	1	unique
OG_16616	1	1	unique
OG_16617	1	1	unique
OG_16618	1	1	unique
OG_16619	1	1	unique
OG_16620	1	1	unique
OG_16621	1	1	unique
OG_16622	1	1	unique
OG_16623	1	1	unique
OG_16624	1	1	unique
OG_16625	1	1	unique
OG_16626	1	1	unique
OG_16627	1	1	unique
OG_16628	1	1	unique
OG_16629	1	1	unique
OG_16630	1	1	unique
OG_16631	1	1	unique
OG_16632	1	1	unique
OG_16633	1	1	unique
OG_16634	1	1	unique
OG_16635	1	1	unique
OG_16636	1	1	unique
OG_16637	1	1	unique
OG_16638	1	1	unique
OG_16639	1	1	unique
OG_16640	1	1	unique
OG_16641	1	1	unique
OG_16642	1	1	unique
OG_16643	1	1	unique
OG_16644	1	1	unique
OG_16645	1	1	unique
OG_16646	1	1	unique
OG_16647	1	1	unique
OG_16648	1	1	unique
OG_16649	1	1	unique
OG_16650	1	1	unique
OG_16651	1	1	unique
OG_16652	1	1	unique
OG_16653	1	1	unique
OG_16654	1	1	unique
OG_16655	1	1	unique
OG_16656	1	1	unique
OG_16657	1	1	unique
OG_16658	1	1	unique
OG_16659	1	1	unique
OG_16660	1	1	unique
OG_16661	1	1	unique
OG_16662	1	1	unique
OG_16663	1	1	unique
OG_16664	1	1	unique
OG_16665	1	1	unique
OG_16666	1	1	unique
OG_16667	1	1	unique
OG_16668	1	1	unique
OG_16669	1	1	unique
OG_16670	1	1	unique
OG_16671	1	1	unique
OG_16672	1	1	unique
OG_16673	1	1	unique
OG_16674	1	1	unique
OG_16675	1	1	unique
OG_16676	1	1	unique
OG_16677	1	1	unique
OG_16678	1	1	unique
OG_16679	1	1	unique
OG_16680	1	1	unique
OG_16681	1	1	unique
OG_16682	1	1	unique
OG_16683	1	1	unique
OG_16684	1	1	unique
OG_16685	1	1	unique
OG_16686	1	1	unique
OG_16687	1	1	unique
OG_16688	1	1	unique
OG_16689	1	1	unique
OG_16690	1	1	unique
OG_16691	1	1	unique
OG_16692	1	1	unique
OG_16693	1	1	unique
OG_16694	1	1	unique
OG_16695	1	1	unique
OG_16696	1	1	unique
OG_16697	1	1	unique
OG_16698	1	1	unique
OG_16699	1	1	unique
OG_16700	1	1	unique
OG_16701	1	1	unique
OG_16702	1	1	unique
OG_16703	1	1	unique
OG_16704	1	1	unique
OG_16705	1	1	unique
OG_16706	1	1	unique
OG_16707	1	1	unique
OG_16708	1	1	unique
OG_16709	1	1	unique
OG_16710	1	1	unique
OG_16711	1	1	unique
OG_16712	1	1	unique
OG_16713	1	1	unique
OG_16714	1	1	unique
OG_16715	1	1	unique
OG_16716	1	1	unique
OG_16717	1	1	unique
OG_16718	1	1	unique
OG_16719	1	1	unique
OG_16720	1	1	unique
OG_16721	1	1	unique
OG_16722	1	1	unique
OG_16723	1	1	unique
OG_16724	1	1	unique
OG_16725	1	1	unique
OG_16726	1	1	unique
OG_16727	1	1	unique
OG_16728	1	1	unique
OG_16729	1	1	unique
OG_16730	1	1	unique
OG_16731	1	1	unique
OG_16732	1	1	unique
OG_16733	1	1	unique
OG_16734	1	1	unique
OG_16735	1	1	unique
OG_16736	1	1	unique
OG_16737	1	1	unique
OG_16738	1	1	unique
OG_16739	1	1	unique
OG_16740	1	1	unique
OG_16741	1	1	unique
OG_16742	1	1	unique
OG_16743	1	1	unique
OG_16744	1	1	unique
OG_16745	1	1	unique
OG_16746	1	1	unique
OG_16747	1	1	unique
OG_16748	1	1	unique
OG_16749	1	1	unique
OG_16750	1	1	unique
OG_16751	1	1	unique
OG_16752	1	1	unique
OG_16753	1	1	unique
OG_16754	1	1	unique
OG_16755	1	1	unique
OG_16756	1	1	unique
OG_16757	1	1	unique
OG_16758	1	1	unique
OG_16759	1	1	unique
OG_16760	1	1	unique
OG_16761	1	1	unique
OG_16762	1	1	unique
OG_16763	1	1	unique
OG_16764	1	1	unique
OG_16765	1	1	unique
OG_16766	1	1	unique
OG_16767	1	1	unique
OG_16768	1	1	unique
OG_16769	1	1	unique
OG_16770	1	1	unique
OG_16771	1	1	unique
OG_16772	1	1	unique
OG_16773	1	1	unique
OG_16774	1	1	unique
OG_16775	1	1	unique
OG_16776	1	1	unique
OG_16777	1	1	unique
OG_16778	1	1	unique
OG_16779	1	1	unique
OG_16780	1	1	unique
OG_16781	1	1	unique
OG_16782	1	1	unique
OG_16783	1	1	unique
OG_16784	1	1	unique
OG_16785	1	1	unique
OG_16786	1	1	unique
OG_16787	1	1	unique
OG_16788	1	1	unique
OG_16789	1	1	unique
OG_16790	1	1	unique
OG_16791	1	1	unique
OG_16792	1	1	unique
OG_16793	1	1	unique
OG_16794	1	1	unique
OG_16795	1	1	unique
OG_16796	1	1	unique
OG_16797	1	1	unique
OG_16798	1	1	unique
OG_16799	1	1	unique
OG_16800	1	1	unique
OG_16801	1	1	unique
OG_16802	1	1	unique
OG_16803	1	1	unique
OG_16804	1	1	unique
OG_16805	1	1	unique
OG_16806	1	1	unique
OG_16807	1	1	unique
OG_16808	1	1	unique
OG_16809	1	1	unique
OG_16810	1	1	unique
OG_16811	1	1	unique
OG_16812	1	1	unique
OG_16813	1	1	unique
OG_16814	1	1	unique
OG_16815	1	1	unique
OG_16816	1	1	unique
OG_16817	1	1	unique
OG_16818	1	1	unique
OG_16819	1	1	unique
OG_16820	1	1	unique
OG_16821	1	1	unique
OG_16822	1	1	unique
OG_16823	1	1	unique
OG_16824	1	1	unique
OG_16825	1	1	unique
OG_16826	1	1	unique
OG_16827	1	1	unique
OG_16828	1	1	unique
OG_16829	1	1	unique
OG_16830	1	1	unique
OG_16831	1	1	unique
OG_16832	1	1	unique
OG_16833	1	1	unique
OG_16834	1	1	unique
OG_16835	1	1	unique
OG_16836	1	1	unique
OG_16837	1	1	unique
OG_16838	1	1	unique
OG_16839	1	1	unique
OG_16840	1	1	unique
OG_16841	1	1	unique
OG_16842	1	1	unique
OG_16843	1	1	unique
OG_16844	1	1	unique
OG_16845	1	1	unique
OG_16846	1	1	unique
OG_16847	1	1	unique
OG_16848	1	1	unique
OG_16849	1	1	unique
OG_16850	1	1	unique
OG_16851	1	1	unique
OG_16852	1	1	unique
OG_16853	1	1	unique
OG_16854	1	1	unique
OG_16855	1	1	unique
OG_16856	1	1	unique
OG_16857	1	1	unique
OG_16858	1	1	unique
OG_16859	1	1	unique
OG_16860	1	1	unique
OG_16861	1	1	unique
OG_16862	1	1	unique
OG_16863	1	1	unique
OG_16864	1	1	unique
OG_16865	1	1	unique
OG_16866	1	1	unique
OG_16867	1	1	unique
OG_16868	1	1	unique
OG_16869	1	1	unique
OG_16870	1	1	unique
OG_16871	1	1	unique
OG_16872	1	1	unique
OG_16873	1	1	unique
OG_16874	1	1	unique
OG_16875	1	1	unique
OG_16876	1	1	unique
OG_16877	1	1	unique
OG_16878	1	1	unique
OG_16879	1	1	unique
OG_16880	1	1	unique
OG_16881	1	1	unique
OG_16882	1	1	unique
OG_16883	1	1	unique
OG_16884	1	1	unique
OG_16885	1	1	unique
OG_16886	1	1	unique
OG_16887	1	1	unique
OG_16888	1	1	unique
OG_16889	1	1	unique
OG_16890	1	1	unique
OG_16891	1	1	unique
OG_16892	1	1	unique
OG_16893	1	1	unique
OG_16894	1	1	unique
OG_16895	1	1	unique
OG_16896	1	1	unique
OG_16897	1	1	unique
OG_16898	1	1	unique
OG_16899	1	1	unique
OG_16900	1	1	unique
OG_16901	1	1	unique
OG_16902	1	1	unique
OG_16903	1	1	unique
OG_16904	1	1	unique
OG_16905	1	1	unique
OG_16906	1	1	unique
OG_16907	1	1	unique
OG_16908	1	1	unique
OG_16909	1	1	unique
OG_16910	1	1	unique
OG_16911	1	1	unique
OG_16912	1	1	unique
OG_16913	1	1	unique
OG_16914	1	1	unique
OG_16915	1	1	unique
OG_16916	1	1	unique
OG_16917	1	1	unique
OG_16918	1	1	unique
OG_16919	1	1	unique
OG_16920	1	1	unique
OG_16921	1	1	unique
OG_16922	1	1	unique
OG_16923	1	1	unique
OG_16924	1	1	unique
OG_16925	1	1	unique
OG_16926	1	1	unique
OG_16927	1	1	unique
OG_16928	1	1	unique
OG_16929	1	1	unique
OG_16930	1	1	unique
OG_16931	1	1	unique
OG_16932	1	1	unique
OG_16933	1	1	unique
OG_16934	1	1	unique
OG_16935	1	1	unique
OG_16936	1	1	unique
OG_16937	1	1	unique
OG_16938	1	1	unique
OG_16939	1	1	unique
OG_16940	1	1	unique
OG_16941	1	1	unique
OG_16942	1	1	unique
OG_16943	1	1	unique
OG_16944	1	1	unique
OG_16945	1	1	unique
OG_16946	1	1	unique
OG_16947	1	1	unique
OG_16948	1	1	unique
OG_16949	1	1	unique
OG_16950	1	1	unique
OG_16951	1	1	unique
OG_16952	1	1	unique
OG_16953	1	1	unique
OG_16954	1	1	unique
OG_16955	1	1	unique
OG_16956	1	1	unique
OG_16957	1	1	unique
OG_16958	1	1	unique
OG_16959	1	1	unique
OG_16960	1	1	unique
OG_16961	1	1	unique
OG_16962	1	1	unique
OG_16963	1	1	unique
OG_16964	1	1	unique
OG_16965	1	1	unique
OG_16966	1	1	unique
OG_16967	1	1	unique
OG_16968	1	1	unique
OG_16969	1	1	unique
OG_16970	1	1	unique
OG_16971	1	1	unique
OG_16972	1	1	unique
OG_16973	1	1	unique
OG_16974	1	1	unique
OG_16975	1	1	unique
OG_16976	1	1	unique
OG_16977	1	1	unique
OG_16978	1	1	unique
OG_16979	1	1	unique
OG_16980	1	1	unique
OG_16981	1	1	unique
OG_16982	1	1	unique
OG_16983	1	1	unique
OG_16984	1	1	unique
OG_16985	1	1	unique
OG_16986	1	1	unique
OG_16987	1	1	unique
OG_16988	1	1	unique
OG_16989	1	1	unique
OG_16990	1	1	unique
OG_16991	1	1	unique
OG_16992	1	1	unique
OG_16993	1	1	unique
OG_16994	1	1	unique
OG_16995	1	1	unique
OG_16996	1	1	unique
OG_16997	1	1	unique
OG_16998	1	1	unique
OG_16999	1	1	unique
OG_17000	1	1	unique
OG_17001	1	1	unique
OG_17002	1	1	unique
OG_17003	1	1	unique
OG_17004	1	1	unique
OG_17005	1	1	unique
OG_17006	1	1	unique
OG_17007	1	1	unique
OG_17008	1	1	unique
OG_17009	1	1	unique
OG_17010	1	1	unique
OG_17011	1	1	unique
OG_17012	1	1	unique
OG_17013	1	1	unique
OG_17014	1	1	unique
OG_17015	1	1	unique
OG_17016	1	1	unique
OG_17017	1	1	unique
OG_17018	1	1	unique
OG_17019	1	1	unique
OG_17020	1	1	unique
OG_17021	1	1	unique
OG_17022	1	1	unique
OG_17023	1	1	unique
OG_17024	1	1	unique
OG_17025	1	1	unique
OG_17026	1	1	unique
OG_17027	1	1	unique
OG_17028	1	1	unique
OG_17029	1	1	unique
OG_17030	1	1	unique
OG_17031	1	1	unique
OG_17032	1	1	unique
OG_17033	1	1	unique
OG_17034	1	1	unique
OG_17035	1	1	unique
OG_17036	1	1	unique
OG_17037	1	1	unique
OG_17038	1	1	unique
OG_17039	1	1	unique
OG_17040	1	1	unique
OG_17041	1	1	unique
OG_17042	1	1	unique
OG_17043	1	1	unique
OG_17044	1	1	unique
OG_17045	1	1	unique
OG_17046	1	1	unique
OG_17047	1	1	unique
OG_17048	1	1	unique
OG_17049	1	1	unique
OG_17050	1	1	unique
OG_17051	1	1	unique
OG_17052	1	1	unique
OG_17053	1	1	unique
OG_17054	1	1	unique
OG_17055	1	1	unique
OG_17056	1	1	unique
OG_17057	1	1	unique
OG_17058	1	1	unique
OG_17059	1	1	unique
OG_17060	1	1	unique
OG_17061	1	1	unique
OG_17062	1	1	unique
OG_17063	1	1	unique
OG_17064	1	1	unique
OG_17065	1	1	unique
OG_17066	1	1	unique
OG_17067	1	1	unique
OG_17068	1	1	unique
OG_17069	1	1	unique
OG_17070	1	1	unique
OG_17071	1	1	unique
OG_17072	1	1	unique
OG_17073	1	1	unique
OG_17074	1	1	unique
OG_17075	1	1	unique
OG_17076	1	1	unique
OG_17077	1	1	unique
OG_17078	1	1	unique
OG_17079	1	1	unique
OG_17080	1	1	unique
OG_17081	1	1	unique
OG_17082	1	1	unique
OG_17083	1	1	unique
OG_17084	1	1	unique
OG_17085	1	1	unique
OG_17086	1	1	unique
OG_17087	1	1	unique
OG_17088	1	1	unique
OG_17089	1	1	unique
OG_17090	1	1	unique
OG_17091	1	1	unique
OG_17092	1	1	unique
OG_17093	1	1	unique
OG_17094	1	1	unique
OG_17095	1	1	unique
OG_17096	1	1	unique
OG_17097	1	1	unique
OG_17098	1	1	unique
OG_17099	1	1	unique
OG_17100	1	1	unique
OG_17101	1	1	unique
OG_17102	1	1	unique
OG_17103	1	1	unique
OG_17104	1	1	unique
OG_17105	1	1	unique
OG_17106	1	1	unique
OG_17107	1	1	unique
OG_17108	1	1	unique
OG_17109	1	1	unique
OG_17110	1	1	unique
OG_17111	1	1	unique
OG_17112	1	1	unique
OG_17113	1	1	unique
OG_17114	1	1	unique
OG_17115	1	1	unique
OG_17116	1	1	unique
OG_17117	1	1	unique
OG_17118	1	1	unique
OG_17119	1	1	unique
OG_17120	1	1	unique
OG_17121	1	1	unique
OG_17122	1	1	unique
OG_17123	1	1	unique
OG_17124	1	1	unique
OG_17125	1	1	unique
OG_17126	1	1	unique
OG_17127	1	1	unique
OG_17128	1	1	unique
OG_17129	1	1	unique
OG_17130	1	1	unique
OG_17131	1	1	unique
OG_17132	1	1	unique
OG_17133	1	1	unique
OG_17134	1	1	unique
OG_17135	1	1	unique
OG_17136	1	1	unique
OG_17137	1	1	unique
OG_17138	1	1	unique
OG_17139	1	1	unique
OG_17140	1	1	unique
OG_17141	1	1	unique
OG_17142	1	1	unique
OG_17143	1	1	unique
OG_17144	1	1	unique
OG_17145	1	1	unique
OG_17146	1	1	unique
OG_17147	1	1	unique
OG_17148	1	1	unique
OG_17149	1	1	unique
OG_17150	1	1	unique
OG_17151	1	1	unique
OG_17152	1	1	unique
OG_17153	1	1	unique
OG_17154	1	1	unique
OG_17155	1	1	unique
OG_17156	1	1	unique
OG_17157	1	1	unique
OG_17158	1	1	unique
OG_17159	1	1	unique
OG_17160	1	1	unique
OG_17161	1	1	unique
OG_17162	1	1	unique
OG_17163	1	1	unique
OG_17164	1	1	unique
OG_17165	1	1	unique
OG_17166	1	1	unique
OG_17167	1	1	unique
OG_17168	1	1	unique
OG_17169	1	1	unique
OG_17170	1	1	unique
OG_17171	1	1	unique
OG_17172	1	1	unique
OG_17173	1	1	unique
OG_17174	1	1	unique
OG_17175	1	1	unique
OG_17176	1	1	unique
OG_17177	1	1	unique
OG_17178	1	1	unique
OG_17179	1	1	unique
OG_17180	1	1	unique
OG_17181	1	1	unique
OG_17182	1	1	unique
OG_17183	1	1	unique
OG_17184	1	1	unique
OG_17185	1	1	unique
OG_17186	1	1	unique
OG_17187	1	1	unique
OG_17188	1	1	unique
OG_17189	1	1	unique
OG_17190	1	1	unique
OG_17191	1	1	unique
OG_17192	1	1	unique
OG_17193	1	1	unique
OG_17194	1	1	unique
OG_17195	1	1	unique
OG_17196	1	1	unique
OG_17197	1	1	unique
OG_17198	1	1	unique
OG_17199	1	1	unique
OG_17200	1	1	unique
OG_17201	1	1	unique
OG_17202	1	1	unique
OG_17203	1	1	unique
OG_17204	1	1	unique
OG_17205	1	1	unique
OG_17206	1	1	unique
OG_17207	1	1	unique
OG_17208	1	1	unique
OG_17209	1	1	unique
OG_17210	1	1	unique
OG_17211	1	1	unique
OG_17212	1	1	unique
OG_17213	1	1	unique
OG_17214	1	1	unique
OG_17215	1	1	unique
OG_17216	1	1	unique
OG_17217	1	1	unique
OG_17218	1	1	unique
OG_17219	1	1	unique
OG_17220	1	1	unique
OG_17221	1	1	unique
OG_17222	1	1	unique
OG_17223	1	1	unique
OG_17224	1	1	unique
OG_17225	1	1	unique
OG_17226	1	1	unique
OG_17227	1	1	unique
OG_17228	1	1	unique
OG_17229	1	1	unique
OG_17230	1	1	unique
OG_17231	1	1	unique
OG_17232	1	1	unique
OG_17233	1	1	unique
OG_17234	1	1	unique
OG_17235	1	1	unique
OG_17236	1	1	unique
OG_17237	1	1	unique
OG_17238	1	1	unique
OG_17239	1	1	unique
OG_17240	1	1	unique
OG_17241	1	1	unique
OG_17242	1	1	unique
OG_17243	1	1	unique
OG_17244	1	1	unique
OG_17245	1	1	unique
OG_17246	1	1	unique
OG_17247	1	1	unique
OG_17248	1	1	unique
OG_17249	1	1	unique
OG_17250	1	1	unique
OG_17251	1	1	unique
OG_17252	1	1	unique
OG_17253	1	1	unique
OG_17254	1	1	unique
OG_17255	1	1	unique
OG_17256	1	1	unique
OG_17257	1	1	unique
OG_17258	1	1	unique
OG_17259	1	1	unique
OG_17260	1	1	unique
OG_17261	1	1	unique
OG_17262	1	1	unique
OG_17263	1	1	unique
OG_17264	1	1	unique
OG_17265	1	1	unique
OG_17266	1	1	unique
OG_17267	1	1	unique
OG_17268	1	1	unique
OG_17269	1	1	unique
OG_17270	1	1	unique
OG_17271	1	1	unique
OG_17272	1	1	unique
OG_17273	1	1	unique
OG_17274	1	1	unique
OG_17275	1	1	unique
OG_17276	1	1	unique
OG_17277	1	1	unique
OG_17278	1	1	unique
OG_17279	1	1	unique
OG_17280	1	1	unique
OG_17281	1	1	unique
OG_17282	1	1	unique
OG_17283	1	1	unique
OG_17284	1	1	unique
OG_17285	1	1	unique
OG_17286	1	1	unique
OG_17287	1	1	unique
OG_17288	1	1	unique
OG_17289	1	1	unique
OG_17290	1	1	unique
OG_17291	1	1	unique
OG_17292	1	1	unique
OG_17293	1	1	unique
OG_17294	1	1	unique
OG_17295	1	1	unique
OG_17296	1	1	unique
OG_17297	1	1	unique
OG_17298	1	1	unique
OG_17299	1	1	unique
OG_17300	1	1	unique
OG_17301	1	1	unique
OG_17302	1	1	unique
OG_17303	1	1	unique
OG_17304	1	1	unique
OG_17305	1	1	unique
OG_17306	1	1	unique
OG_17307	1	1	unique
OG_17308	1	1	unique
OG_17309	1	1	unique
OG_17310	1	1	unique
OG_17311	1	1	unique
OG_17312	1	1	unique
OG_17313	1	1	unique
OG_17314	1	1	unique
OG_17315	1	1	unique
OG_17316	1	1	unique
OG_17317	1	1	unique
OG_17318	1	1	unique
OG_17319	1	1	unique
OG_17320	1	1	unique
OG_17321	1	1	unique
OG_17322	1	1	unique
OG_17323	1	1	unique
OG_17324	1	1	unique
OG_17325	1	1	unique
OG_17326	1	1	unique
OG_17327	1	1	unique
OG_17328	1	1	unique
OG_17329	1	1	unique
OG_17330	1	1	unique
OG_17331	1	1	unique
OG_17332	1	1	unique
OG_17333	1	1	unique
OG_17334	1	1	unique
OG_17335	1	1	unique
OG_17336	1	1	unique
OG_17337	1	1	unique
OG_17338	1	1	unique
OG_17339	1	1	unique
OG_17340	1	1	unique
OG_17341	1	1	unique
OG_17342	1	1	unique
OG_17343	1	1	unique
OG_17344	1	1	unique
OG_17345	1	1	unique
OG_17346	1	1	unique
OG_17347	1	1	unique
OG_17348	1	1	unique
OG_17349	1	1	unique
OG_17350	1	1	unique
OG_17351	1	1	unique
OG_17352	1	1	unique
OG_17353	1	1	unique
OG_17354	1	1	unique
OG_17355	1	1	unique
OG_17356	1	1	unique
OG_17357	1	1	unique
OG_17358	1	1	unique
OG_17359	1	1	unique
OG_17360	1	1	unique
OG_17361	1	1	unique
OG_17362	1	1	unique
OG_17363	1	1	unique
OG_17364	1	1	unique
OG_17365	1	1	unique
OG_17366	1	1	unique
OG_17367	1	1	unique
OG_17368	1	1	unique
OG_17369	1	1	unique
OG_17370	1	1	unique
OG_17371	1	1	unique
OG_17372	1	1	unique
OG_17373	1	1	unique
OG_17374	1	1	unique
OG_17375	1	1	unique
OG_17376	1	1	unique
OG_17377	1	1	unique
OG_17378	1	1	unique
OG_17379	1	1	unique
OG_17380	1	1	unique
OG_17381	1	1	unique
OG_17382	1	1	unique
OG_17383	1	1	unique
OG_17384	1	1	unique
OG_17385	1	1	unique
OG_17386	1	1	unique
OG_17387	1	1	unique
OG_17388	1	1	unique
OG_17389	1	1	unique
OG_17390	1	1	unique
OG_17391	1	1	unique
OG_17392	1	1	unique
OG_17393	1	1	unique
OG_17394	1	1	unique
OG_17395	1	1	unique
OG_17396	1	1	unique
OG_17397	1	1	unique
OG_17398	1	1	unique
OG_17399	1	1	unique
OG_17400	1	1	unique
OG_17401	1	1	unique
OG_17402	1	1	unique
OG_17403	1	1	unique
OG_17404	1	1	unique
OG_17405	1	1	unique
OG_17406	1	1	unique
OG_17407	1	1	unique
OG_17408	1	1	unique
OG_17409	1	1	unique
OG_17410	1	1	unique
OG_17411	1	1	unique
OG_17412	1	1	unique
OG_17413	1	1	unique
OG_17414	1	1	unique
OG_17415	1	1	unique
OG_17416	1	1	unique
OG_17417	1	1	unique
OG_17418	1	1	unique
OG_17419	1	1	unique
OG_17420	1	1	unique
OG_17421	1	1	unique
OG_17422	1	1	unique
OG_17423	1	1	unique
OG_17424	1	1	unique
OG_17425	1	1	unique
OG_17426	1	1	unique
OG_17427	1	1	unique
OG_17428	1	1	unique
OG_17429	1	1	unique
OG_17430	1	1	unique
OG_17431	1	1	unique
OG_17432	1	1	unique
OG_17433	1	1	unique
OG_17434	1	1	unique
OG_17435	1	1	unique
OG_17436	1	1	unique
OG_17437	1	1	unique
OG_17438	1	1	unique
OG_17439	1	1	unique
OG_17440	1	1	unique
OG_17441	1	1	unique
OG_17442	1	1	unique
OG_17443	1	1	unique
OG_17444	1	1	unique
OG_17445	1	1	unique
OG_17446	1	1	unique
OG_17447	1	1	unique
OG_17448	1	1	unique
OG_17449	1	1	unique
OG_17450	1	1	unique
OG_17451	1	1	unique
OG_17452	1	1	unique
OG_17453	1	1	unique
OG_17454	1	1	unique
OG_17455	1	1	unique
OG_17456	1	1	unique
OG_17457	1	1	unique
OG_17458	1	1	unique
OG_17459	1	1	unique
OG_17460	1	1	unique
OG_17461	1	1	unique
OG_17462	1	1	unique
OG_17463	1	1	unique
OG_17464	1	1	unique
OG_17465	1	1	unique
OG_17466	1	1	unique
OG_17467	1	1	unique
OG_17468	1	1	unique
OG_17469	1	1	unique
OG_17470	1	1	unique
OG_17471	1	1	unique
OG_17472	1	1	unique
OG_17473	1	1	unique
OG_17474	1	1	unique
OG_17475	1	1	unique
OG_17476	1	1	unique
OG_17477	1	1	unique
OG_17478	1	1	unique
OG_17479	1	1	unique
OG_17480	1	1	unique
OG_17481	1	1	unique
OG_17482	1	1	unique
OG_17483	1	1	unique
OG_17484	1	1	unique
OG_17485	1	1	unique
OG_17486	1	1	unique
OG_17487	1	1	unique
OG_17488	1	1	unique
OG_17489	1	1	unique
OG_17490	1	1	unique
OG_17491	1	1	unique
OG_17492	1	1	unique
OG_17493	1	1	unique
OG_17494	1	1	unique
OG_17495	1	1	unique
OG_17496	1	1	unique
OG_17497	1	1	unique
OG_17498	1	1	unique
OG_17499	1	1	unique
OG_17500	1	1	unique
OG_17501	1	1	unique
OG_17502	1	1	unique
OG_17503	1	1	unique
OG_17504	1	1	unique
OG_17505	1	1	unique
OG_17506	1	1	unique
OG_17507	1	1	unique
OG_17508	1	1	unique
OG_17509	1	1	unique
OG_17510	1	1	unique
OG_17511	1	1	unique
OG_17512	1	1	unique
OG_17513	1	1	unique
OG_17514	1	1	unique
OG_17515	1	1	unique
OG_17516	1	1	unique
OG_17517	1	1	unique
OG_17518	1	1	unique
OG_17519	1	1	unique
OG_17520	1	1	unique
OG_17521	1	1	unique
OG_17522	1	1	unique
OG_17523	1	1	unique
OG_17524	1	1	unique
OG_17525	1	1	unique
OG_17526	1	1	unique
OG_17527	1	1	unique
OG_17528	1	1	unique
OG_17529	1	1	unique
OG_17530	1	1	unique
OG_17531	1	1	unique
OG_17532	1	1	unique
OG_17533	1	1	unique
OG_17534	1	1	unique
OG_17535	1	1	unique
OG_17536	1	1	unique
OG_17537	1	1	unique
OG_17538	1	1	unique
OG_17539	1	1	unique
OG_17540	1	1	unique
OG_17541	1	1	unique
OG_17542	1	1	unique
OG_17543	1	1	unique
OG_17544	1	1	unique
OG_17545	1	1	unique
OG_17546	1	1	unique
OG_17547	1	1	unique
OG_17548	1	1	unique
OG_17549	1	1	unique
OG_17550	1	1	unique
OG_17551	1	1	unique
OG_17552	1	1	unique
OG_17553	1	1	unique
OG_17554	1	1	unique
OG_17555	1	1	unique
OG_17556	1	1	unique
OG_17557	1	1	unique
OG_17558	1	1	unique
OG_17559	1	1	unique
OG_17560	1	1	unique
OG_17561	1	1	unique
OG_17562	1	1	unique
OG_17563	1	1	unique
OG_17564	1	1	unique
OG_17565	1	1	unique
OG_17566	1	1	unique
OG_17567	1	1	unique
OG_17568	1	1	unique
OG_17569	1	1	unique
OG_17570	1	1	unique
OG_17571	1	1	unique
OG_17572	1	1	unique
OG_17573	1	1	unique
OG_17574	1	1	unique
OG_17575	1	1	unique
OG_17576	1	1	unique
OG_17577	1	1	unique
OG_17578	1	1	unique
OG_17579	1	1	unique
OG_17580	1	1	unique
OG_17581	1	1	unique
OG_17582	1	1	unique
OG_17583	1	1	unique
OG_17584	1	1	unique
OG_17585	1	1	unique
OG_17586	1	1	unique
OG_17587	1	1	unique
OG_17588	1	1	unique
OG_17589	1	1	unique
OG_17590	1	1	unique
OG_17591	1	1	unique
OG_17592	1	1	unique
OG_17593	1	1	unique
OG_17594	1	1	unique
OG_17595	1	1	unique
OG_17596	1	1	unique
OG_17597	1	1	unique
OG_17598	1	1	unique
OG_17599	1	1	unique
OG_17600	1	1	unique
OG_17601	1	1	unique
OG_17602	1	1	unique
OG_17603	1	1	unique
OG_17604	1	1	unique
OG_17605	1	1	unique
OG_17606	1	1	unique
OG_17607	1	1	unique
OG_17608	1	1	unique
OG_17609	1	1	unique
OG_17610	1	1	unique
OG_17611	1	1	unique
OG_17612	1	1	unique
OG_17613	1	1	unique
OG_17614	1	1	unique
OG_17615	1	1	unique
OG_17616	1	1	unique
OG_17617	1	1	unique
OG_17618	1	1	unique
OG_17619	1	1	unique
OG_17620	1	1	unique
OG_17621	1	1	unique
OG_17622	1	1	unique
OG_17623	1	1	unique
OG_17624	1	1	unique
OG_17625	1	1	unique
OG_17626	1	1	unique
OG_17627	1	1	unique
OG_17628	1	1	unique
OG_17629	1	1	unique
OG_17630	1	1	unique
OG_17631	1	1	unique
OG_17632	1	1	unique
OG_17633	1	1	unique
OG_17634	1	1	unique
OG_17635	1	1	unique
OG_17636	1	1	unique
OG_17637	1	1	unique
OG_17638	1	1	unique
OG_17639	1	1	unique
OG_17640	1	1	unique
OG_17641	1	1	unique
OG_17642	1	1	unique
OG_17643	1	1	unique
OG_17644	1	1	unique
OG_17645	1	1	unique
OG_17646	1	1	unique
OG_17647	1	1	unique
OG_17648	1	1	unique
OG_17649	1	1	unique
OG_17650	1	1	unique
OG_17651	1	1	unique
OG_17652	1	1	unique
OG_17653	1	1	unique
OG_17654	1	1	unique
OG_17655	1	1	unique
OG_17656	1	1	unique
OG_17657	1	1	unique
OG_17658	1	1	unique
OG_17659	1	1	unique
OG_17660	1	1	unique
OG_17661	1	1	unique
OG_17662	1	1	unique
OG_17663	1	1	unique
OG_17664	1	1	unique
OG_17665	1	1	unique
OG_17666	1	1	unique
OG_17667	1	1	unique
OG_17668	1	1	unique
OG_17669	1	1	unique
OG_17670	1	1	unique
OG_17671	1	1	unique
OG_17672	1	1	unique
OG_17673	1	1	unique
OG_17674	1	1	unique
OG_17675	1	1	unique
OG_17676	1	1	unique
OG_17677	1	1	unique
OG_17678	1	1	unique
OG_17679	1	1	unique
OG_17680	1	1	unique
OG_17681	1	1	unique
OG_17682	1	1	unique
OG_17683	1	1	unique
OG_17684	1	1	unique
OG_17685	1	1	unique
OG_17686	1	1	unique
OG_17687	1	1	unique
OG_17688	1	1	unique
OG_17689	1	1	unique
OG_17690	1	1	unique
OG_17691	1	1	unique
OG_17692	1	1	unique
OG_17693	1	1	unique
OG_17694	1	1	unique
OG_17695	1	1	unique
OG_17696	1	1	unique
OG_17697	1	1	unique
OG_17698	1	1	unique
OG_17699	1	1	unique
OG_17700	1	1	unique
OG_17701	1	1	unique
OG_17702	1	1	unique
OG_17703	1	1	unique
OG_17704	1	1	unique
OG_17705	1	1	unique
OG_17706	1	1	unique
OG_17707	1	1	unique
OG_17708	1	1	unique
OG_17709	1	1	unique
OG_17710	1	1	unique
OG_17711	1	1	unique
OG_17712	1	1	unique
OG_17713	1	1	unique
OG_17714	1	1	unique
OG_17715	1	1	unique
OG_17716	1	1	unique
OG_17717	1	1	unique
OG_17718	1	1	unique
OG_17719	1	1	unique
OG_17720	1	1	unique
OG_17721	1	1	unique
OG_17722	1	1	unique
OG_17723	1	1	unique
OG_17724	1	1	unique
OG_17725	1	1	unique
OG_17726	1	1	unique
OG_17727	1	1	unique
OG_17728	1	1	unique
OG_17729	1	1	unique
OG_17730	1	1	unique
OG_17731	1	1	unique
OG_17732	1	1	unique
OG_17733	1	1	unique
OG_17734	1	1	unique
OG_17735	1	1	unique
OG_17736	1	1	unique
OG_17737	1	1	unique
OG_17738	1	1	unique
OG_17739	1	1	unique
OG_17740	1	1	unique
OG_17741	1	1	unique
OG_17742	1	1	unique
OG_17743	1	1	unique
OG_17744	1	1	unique
OG_17745	1	1	unique
OG_17746	1	1	unique
OG_17747	1	1	unique
OG_17748	1	1	unique
OG_17749	1	1	unique
OG_17750	1	1	unique
OG_17751	1	1	unique
OG_17752	1	1	unique
OG_17753	1	1	unique
OG_17754	1	1	unique
OG_17755	1	1	unique
OG_17756	1	1	unique
OG_17757	1	1	unique
OG_17758	1	1	unique
OG_17759	1	1	unique
OG_17760	1	1	unique
OG_17761	1	1	unique
OG_17762	1	1	unique
OG_17763	1	1	unique
OG_17764	1	1	unique
OG_17765	1	1	unique
OG_17766	1	1	unique
OG_17767	1	1	unique
OG_17768	1	1	unique
OG_17769	1	1	unique
OG_17770	1	1	unique
OG_17771	1	1	unique
OG_17772	1	1	unique
OG_17773	1	1	unique
OG_17774	1	1	unique
OG_17775	1	1	unique
OG_17776	1	1	unique
OG_17777	1	1	unique
OG_17778	1	1	unique
OG_17779	1	1	unique
OG_17780	1	1	unique
OG_17781	1	1	unique
OG_17782	1	1	unique
OG_17783	1	1	unique
OG_17784	1	1	unique
OG_17785	1	1	unique
OG_17786	1	1	unique
OG_17787	1	1	unique
OG_17788	1	1	unique
OG_17789	1	1	unique
OG_17790	1	1	unique
OG_17791	1	1	unique
OG_17792	1	1	unique
OG_17793	1	1	unique
OG_17794	1	1	unique
OG_17795	1	1	unique
OG_17796	1	1	unique
OG_17797	1	1	unique
OG_17798	1	1	unique
OG_17799	1	1	unique
OG_17800	1	1	unique
OG_17801	1	1	unique
OG_17802	1	1	unique
OG_17803	1	1	unique
OG_17804	1	1	unique
OG_17805	1	1	unique
OG_17806	1	1	unique
OG_17807	1	1	unique
OG_17808	1	1	unique
OG_17809	1	1	unique
OG_17810	1	1	unique
OG_17811	1	1	unique
OG_17812	1	1	unique
OG_17813	1	1	unique
OG_17814	1	1	unique
OG_17815	1	1	unique
OG_17816	1	1	unique
OG_17817	1	1	unique
OG_17818	1	1	unique
OG_17819	1	1	unique
OG_17820	1	1	unique
OG_17821	1	1	unique
OG_17822	1	1	unique
OG_17823	1	1	unique
OG_17824	1	1	unique
OG_17825	1	1	unique
OG_17826	1	1	unique
OG_17827	1	1	unique
OG_17828	1	1	unique
OG_17829	1	1	unique
OG_17830	1	1	unique
OG_17831	1	1	unique
OG_17832	1	1	unique
OG_17833	1	1	unique
OG_17834	1	1	unique
OG_17835	1	1	unique
OG_17836	1	1	unique
OG_17837	1	1	unique
OG_17838	1	1	unique
OG_17839	1	1	unique
OG_17840	1	1	unique
OG_17841	1	1	unique
OG_17842	1	1	unique
OG_17843	1	1	unique
OG_17844	1	1	unique
OG_17845	1	1	unique
OG_17846	1	1	unique
OG_17847	1	1	unique
OG_17848	1	1	unique
OG_17849	1	1	unique
OG_17850	1	1	unique
OG_17851	1	1	unique
OG_17852	1	1	unique
OG_17853	1	1	unique
OG_17854	1	1	unique
OG_17855	1	1	unique
OG_17856	1	1	unique
OG_17857	1	1	unique
OG_17858	1	1	unique
OG_17859	1	1	unique
OG_17860	1	1	unique
OG_17861	1	1	unique
OG_17862	1	1	unique
OG_17863	1	1	unique
OG_17864	1	1	unique
OG_17865	1	1	unique
OG_17866	1	1	unique
OG_17867	1	1	unique
OG_17868	1	1	unique
OG_17869	1	1	unique
OG_17870	1	1	unique
OG_17871	1	1	unique
OG_17872	1	1	unique
OG_17873	1	1	unique
OG_17874	1	1	unique
OG_17875	1	1	unique
OG_17876	1	1	unique
OG_17877	1	1	unique
OG_17878	1	1	unique
OG_17879	1	1	unique
OG_17880	1	1	unique
OG_17881	1	1	unique
OG_17882	1	1	unique
OG_17883	1	1	unique
OG_17884	1	1	unique
OG_17885	1	1	unique
OG_17886	1	1	unique
OG_17887	1	1	unique
OG_17888	1	1	unique
OG_17889	1	1	unique
OG_17890	1	1	unique
OG_17891	1	1	unique
OG_17892	1	1	unique
OG_17893	1	1	unique
OG_17894	1	1	unique
OG_17895	1	1	unique
OG_17896	1	1	unique
OG_17897	1	1	unique
OG_17898	1	1	unique
OG_17899	1	1	unique
OG_17900	1	1	unique
OG_17901	1	1	unique
OG_17902	1	1	unique
OG_17903	1	1	unique
OG_17904	1	1	unique
OG_17905	1	1	unique
OG_17906	1	1	unique
OG_17907	1	1	unique
OG_17908	1	1	unique
OG_17909	1	1	unique
OG_17910	1	1	unique
OG_17911	1	1	unique
OG_17912	1	1	unique
OG_17913	1	1	unique
OG_17914	1	1	unique
OG_17915	1	1	unique
OG_17916	1	1	unique
OG_17917	1	1	unique
OG_17918	1	1	unique
OG_17919	1	1	unique
OG_17920	1	1	unique
OG_17921	1	1	unique
OG_17922	1	1	unique
OG_17923	1	1	unique
OG_17924	1	1	unique
OG_17925	1	1	unique
OG_17926	1	1	unique
OG_17927	1	1	unique
OG_17928	1	1	unique
OG_17929	1	1	unique
OG_17930	1	1	unique
OG_17931	1	1	unique
OG_17932	1	1	unique
OG_17933	1	1	unique
OG_17934	1	1	unique
OG_17935	1	1	unique
OG_17936	1	1	unique
OG_17937	1	1	unique
OG_17938	1	1	unique
OG_17939	1	1	unique
OG_17940	1	1	unique
OG_17941	1	1	unique
OG_17942	1	1	unique
OG_17943	1	1	unique
OG_17944	1	1	unique
OG_17945	1	1	unique
OG_17946	1	1	unique
OG_17947	1	1	unique
OG_17948	1	1	unique
OG_17949	1	1	unique
OG_17950	1	1	unique
OG_17951	1	1	unique
OG_17952	1	1	unique
OG_17953	1	1	unique
OG_17954	1	1	unique
OG_17955	1	1	unique
OG_17956	1	1	unique
OG_17957	1	1	unique
OG_17958	1	1	unique
OG_17959	1	1	unique
OG_17960	1	1	unique
OG_17961	1	1	unique
OG_17962	1	1	unique
OG_17963	1	1	unique
OG_17964	1	1	unique
OG_17965	1	1	unique
OG_17966	1	1	unique
OG_17967	1	1	unique
OG_17968	1	1	unique
OG_17969	1	1	unique
OG_17970	1	1	unique
OG_17971	1	1	unique
OG_17972	1	1	unique
OG_17973	1	1	unique
OG_17974	1	1	unique
OG_17975	1	1	unique
OG_17976	1	1	unique
OG_17977	1	1	unique
OG_17978	1	1	unique
OG_17979	1	1	unique
OG_17980	1	1	unique
OG_17981	1	1	unique
OG_17982	1	1	unique
OG_17983	1	1	unique
OG_17984	1	1	unique
OG_17985	1	1	unique
OG_17986	1	1	unique
OG_17987	1	1	unique
OG_17988	1	1	unique
OG_17989	1	1	unique
OG_17990	1	1	unique
OG_17991	1	1	unique
OG_17992	1	1	unique
OG_17993	1	1	unique
OG_17994	1	1	unique
OG_17995	1	1	unique
OG_17996	1	1	unique
OG_17997	1	1	unique
OG_17998	1	1	unique
OG_17999	1	1	unique
OG_18000	1	1	unique
OG_18001	1	1	unique
OG_18002	1	1	unique
OG_18003	1	1	unique
OG_18004	1	1	unique
OG_18005	1	1	unique
OG_18006	1	1	unique
OG_18007	1	1	unique
OG_18008	1	1	unique
OG_18009	1	1	unique
OG_18010	1	1	unique
OG_18011	1	1	unique
OG_18012	1	1	unique
OG_18013	1	1	unique
OG_18014	1	1	unique
OG_18015	1	1	unique
OG_18016	1	1	unique
OG_18017	1	1	unique
OG_18018	1	1	unique
OG_18019	1	1	unique
OG_18020	1	1	unique
OG_18021	1	1	unique
OG_18022	1	1	unique
OG_18023	1	1	unique
OG_18024	1	1	unique
OG_18025	1	1	unique
OG_18026	1	1	unique
OG_18027	1	1	unique
OG_18028	1	1	unique
OG_18029	1	1	unique
OG_18030	1	1	unique
OG_18031	1	1	unique
OG_18032	1	1	unique
OG_18033	1	1	unique
OG_18034	1	1	unique
OG_18035	1	1	unique
OG_18036	1	1	unique
OG_18037	1	1	unique
OG_18038	1	1	unique
OG_18039	1	1	unique
OG_18040	1	1	unique
OG_18041	1	1	unique
OG_18042	1	1	unique
OG_18043	1	1	unique
OG_18044	1	1	unique
OG_18045	1	1	unique
OG_18046	1	1	unique
OG_18047	1	1	unique
OG_18048	1	1	unique
OG_18049	1	1	unique
OG_18050	1	1	unique
OG_18051	1	1	unique
OG_18052	1	1	unique
OG_18053	1	1	unique
OG_18054	1	1	unique
OG_18055	1	1	unique
OG_18056	1	1	unique
OG_18057	1	1	unique
OG_18058	1	1	unique
OG_18059	1	1	unique
OG_18060	1	1	unique
OG_18061	1	1	unique
OG_18062	1	1	unique
OG_18063	1	1	unique
OG_18064	1	1	unique
OG_18065	1	1	unique
OG_18066	1	1	unique
OG_18067	1	1	unique
OG_18068	1	1	unique
OG_18069	1	1	unique
OG_18070	1	1	unique
OG_18071	1	1	unique
OG_18072	1	1	unique
OG_18073	1	1	unique
OG_18074	1	1	unique
OG_18075	1	1	unique
OG_18076	1	1	unique
OG_18077	1	1	unique
OG_18078	1	1	unique
OG_18079	1	1	unique
OG_18080	1	1	unique
OG_18081	1	1	unique
OG_18082	1	1	unique
OG_18083	1	1	unique
OG_18084	1	1	unique
OG_18085	1	1	unique
OG_18086	1	1	unique
OG_18087	1	1	unique
OG_18088	1	1	unique
OG_18089	1	1	unique
OG_18090	1	1	unique
OG_18091	1	1	unique
OG_18092	1	1	unique
OG_18093	1	1	unique
OG_18094	1	1	unique
OG_18095	1	1	unique
OG_18096	1	1	unique
OG_18097	1	1	unique
OG_18098	1	1	unique
OG_18099	1	1	unique
OG_18100	1	1	unique
OG_18101	1	1	unique
OG_18102	1	1	unique
OG_18103	1	1	unique
OG_18104	1	1	unique
OG_18105	1	1	unique
OG_18106	1	1	unique
OG_18107	1	1	unique
OG_18108	1	1	unique
OG_18109	1	1	unique
OG_18110	1	1	unique
OG_18111	1	1	unique
OG_18112	1	1	unique
OG_18113	1	1	unique
OG_18114	1	1	unique
OG_18115	1	1	unique
OG_18116	1	1	unique
OG_18117	1	1	unique
OG_18118	1	1	unique
OG_18119	1	1	unique
OG_18120	1	1	unique
OG_18121	1	1	unique
OG_18122	1	1	unique
OG_18123	1	1	unique
OG_18124	1	1	unique
OG_18125	1	1	unique
OG_18126	1	1	unique
OG_18127	1	1	unique
OG_18128	1	1	unique
OG_18129	1	1	unique
OG_18130	1	1	unique
OG_18131	1	1	unique
OG_18132	1	1	unique
OG_18133	1	1	unique
OG_18134	1	1	unique
OG_18135	1	1	unique
OG_18136	1	1	unique
OG_18137	1	1	unique
OG_18138	1	1	unique
OG_18139	1	1	unique
OG_18140	1	1	unique
OG_18141	1	1	unique
OG_18142	1	1	unique
OG_18143	1	1	unique
OG_18144	1	1	unique
OG_18145	1	1	unique
OG_18146	1	1	unique
OG_18147	1	1	unique
OG_18148	1	1	unique
OG_18149	1	1	unique
OG_18150	1	1	unique
OG_18151	1	1	unique
OG_18152	1	1	unique
OG_18153	1	1	unique
OG_18154	1	1	unique
OG_18155	1	1	unique
OG_18156	1	1	unique
OG_18157	1	1	unique
OG_18158	1	1	unique
OG_18159	1	1	unique
OG_18160	1	1	unique
OG_18161	1	1	unique
OG_18162	1	1	unique
OG_18163	1	1	unique
OG_18164	1	1	unique
OG_18165	1	1	unique
OG_18166	1	1	unique
OG_18167	1	1	unique
OG_18168	1	1	unique
OG_18169	1	1	unique
OG_18170	1	1	unique
OG_18171	1	1	unique
OG_18172	1	1	unique
OG_18173	1	1	unique
OG_18174	1	1	unique
OG_18175	1	1	unique
OG_18176	1	1	unique
OG_18177	1	1	unique
OG_18178	1	1	unique
OG_18179	1	1	unique
OG_18180	1	1	unique
OG_18181	1	1	unique
OG_18182	1	1	unique
OG_18183	1	1	unique
OG_18184	1	1	unique
OG_18185	1	1	unique
OG_18186	1	1	unique
OG_18187	1	1	unique
OG_18188	1	1	unique
OG_18189	1	1	unique
OG_18190	1	1	unique
OG_18191	1	1	unique
OG_18192	1	1	unique
OG_18193	1	1	unique
OG_18194	1	1	unique
OG_18195	1	1	unique
OG_18196	1	1	unique
OG_18197	1	1	unique
OG_18198	1	1	unique
OG_18199	1	1	unique
OG_18200	1	1	unique
OG_18201	1	1	unique
OG_18202	1	1	unique
OG_18203	1	1	unique
OG_18204	1	1	unique
OG_18205	1	1	unique
OG_18206	1	1	unique
OG_18207	1	1	unique
OG_18208	1	1	unique
OG_18209	1	1	unique
OG_18210	1	1	unique
OG_18211	1	1	unique
OG_18212	1	1	unique
OG_18213	1	1	unique
OG_18214	1	1	unique
OG_18215	1	1	unique
OG_18216	1	1	unique
OG_18217	1	1	unique
OG_18218	1	1	unique
OG_18219	1	1	unique
OG_18220	1	1	unique
OG_18221	1	1	unique
OG_18222	1	1	unique
OG_18223	1	1	unique
OG_18224	1	1	unique
OG_18225	1	1	unique
OG_18226	1	1	unique
OG_18227	1	1	unique
OG_18228	1	1	unique
OG_18229	1	1	unique
OG_18230	1	1	unique
OG_18231	1	1	unique
OG_18232	1	1	unique
OG_18233	1	1	unique
OG_18234	1	1	unique
OG_18235	1	1	unique
OG_18236	1	1	unique
OG_18237	1	1	unique
OG_18238	1	1	unique
OG_18239	1	1	unique
OG_18240	1	1	unique
OG_18241	1	1	unique
OG_18242	1	1	unique
OG_18243	1	1	unique
OG_18244	1	1	unique
OG_18245	1	1	unique
OG_18246	1	1	unique
OG_18247	1	1	unique
OG_18248	1	1	unique
OG_18249	1	1	unique
OG_18250	1	1	unique
OG_18251	1	1	unique
OG_18252	1	1	unique
OG_18253	1	1	unique
OG_18254	1	1	unique
OG_18255	1	1	unique
OG_18256	1	1	unique
OG_18257	1	1	unique
OG_18258	1	1	unique
OG_18259	1	1	unique
OG_18260	1	1	unique
OG_18261	1	1	unique
OG_18262	1	1	unique
OG_18263	1	1	unique
OG_18264	1	1	unique
OG_18265	1	1	unique
OG_18266	1	1	unique
OG_18267	1	1	unique
OG_18268	1	1	unique
OG_18269	1	1	unique
OG_18270	1	1	unique
OG_18271	1	1	unique
OG_18272	1	1	unique
OG_18273	1	1	unique
OG_18274	1	1	unique
OG_18275	1	1	unique
OG_18276	1	1	unique
OG_18277	1	1	unique
OG_18278	1	1	unique
OG_18279	1	1	unique
OG_18280	1	1	unique
OG_18281	1	1	unique
OG_18282	1	1	unique
OG_18283	1	1	unique
OG_18284	1	1	unique
OG_18285	1	1	unique
OG_18286	1	1	unique
OG_18287	1	1	unique
OG_18288	1	1	unique
OG_18289	1	1	unique
OG_18290	1	1	unique
OG_18291	1	1	unique
OG_18292	1	1	unique
OG_18293	1	1	unique
OG_18294	1	1	unique
OG_18295	1	1	unique
OG_18296	1	1	unique
OG_18297	1	1	unique
OG_18298	1	1	unique
OG_18299	1	1	unique
OG_18300	1	1	unique
OG_18301	1	1	unique
OG_18302	1	1	unique
OG_18303	1	1	unique
OG_18304	1	1	unique
OG_18305	1	1	unique
OG_18306	1	1	unique
OG_18307	1	1	unique
OG_18308	1	1	unique
OG_18309	1	1	unique
OG_18310	1	1	unique
OG_18311	1	1	unique
OG_18312	1	1	unique
OG_18313	1	1	unique
OG_18314	1	1	unique
OG_18315	1	1	unique
OG_18316	1	1	unique
OG_18317	1	1	unique
OG_18318	1	1	unique
OG_18319	1	1	unique
OG_18320	1	1	unique
OG_18321	1	1	unique
OG_18322	1	1	unique
OG_18323	1	1	unique
OG_18324	1	1	unique
OG_18325	1	1	unique
OG_18326	1	1	unique
OG_18327	1	1	unique
OG_18328	1	1	unique
OG_18329	1	1	unique
OG_18330	1	1	unique
OG_18331	1	1	unique
OG_18332	1	1	unique
OG_18333	1	1	unique
OG_18334	1	1	unique
OG_18335	1	1	unique
OG_18336	1	1	unique
OG_18337	1	1	unique
OG_18338	1	1	unique
OG_18339	1	1	unique
OG_18340	1	1	unique
OG_18341	1	1	unique
OG_18342	1	1	unique
OG_18343	1	1	unique
OG_18344	1	1	unique
OG_18345	1	1	unique
OG_18346	1	1	unique
OG_18347	1	1	unique
OG_18348	1	1	unique
OG_18349	1	1	unique
OG_18350	1	1	unique
OG_18351	1	1	unique
OG_18352	1	1	unique
OG_18353	1	1	unique
OG_18354	1	1	unique
OG_18355	1	1	unique
OG_18356	1	1	unique
OG_18357	1	1	unique
OG_18358	1	1	unique
OG_18359	1	1	unique
OG_18360	1	1	unique
OG_18361	1	1	unique
OG_18362	1	1	unique
OG_18363	1	1	unique
OG_18364	1	1	unique
OG_18365	1	1	unique
OG_18366	1	1	unique
OG_18367	1	1	unique
OG_18368	1	1	unique
OG_18369	1	1	unique
OG_18370	1	1	unique
OG_18371	1	1	unique
OG_18372	1	1	unique
OG_18373	1	1	unique
OG_18374	1	1	unique
OG_18375	1	1	unique
OG_18376	1	1	unique
OG_18377	1	1	unique
OG_18378	1	1	unique
OG_18379	1	1	unique
OG_18380	1	1	unique
OG_18381	1	1	unique
OG_18382	1	1	unique
OG_18383	1	1	unique
OG_18384	1	1	unique
OG_18385	1	1	unique
OG_18386	1	1	unique
OG_18387	1	1	unique
OG_18388	1	1	unique
OG_18389	1	1	unique
OG_18390	1	1	unique
OG_18391	1	1	unique
OG_18392	1	1	unique
OG_18393	1	1	unique
OG_18394	1	1	unique
OG_18395	1	1	unique
OG_18396	1	1	unique
OG_18397	1	1	unique
OG_18398	1	1	unique
OG_18399	1	1	unique
OG_18400	1	1	unique
OG_18401	1	1	unique
OG_18402	1	1	unique
OG_18403	1	1	unique
OG_18404	1	1	unique
OG_18405	1	1	unique
OG_18406	1	1	unique
OG_18407	1	1	unique
OG_18408	1	1	unique
OG_18409	1	1	unique
OG_18410	1	1	unique
OG_18411	1	1	unique
OG_18412	1	1	unique
OG_18413	1	1	unique
OG_18414	1	1	unique
OG_18415	1	1	unique
OG_18416	1	1	unique
OG_18417	1	1	unique
OG_18418	1	1	unique
OG_18419	1	1	unique
OG_18420	1	1	unique
OG_18421	1	1	unique
OG_18422	1	1	unique
OG_18423	1	1	unique
OG_18424	1	1	unique
OG_18425	1	1	unique
OG_18426	1	1	unique
OG_18427	1	1	unique
OG_18428	1	1	unique
OG_18429	1	1	unique
OG_18430	1	1	unique
OG_18431	1	1	unique
OG_18432	1	1	unique
OG_18433	1	1	unique
OG_18434	1	1	unique
OG_18435	1	1	unique
OG_18436	1	1	unique
OG_18437	1	1	unique
OG_18438	1	1	unique
OG_18439	1	1	unique
OG_18440	1	1	unique
OG_18441	1	1	unique
OG_18442	1	1	unique
OG_18443	1	1	unique
OG_18444	1	1	unique
OG_18445	1	1	unique
OG_18446	1	1	unique
OG_18447	1	1	unique
OG_18448	1	1	unique
OG_18449	1	1	unique
OG_18450	1	1	unique
OG_18451	1	1	unique
OG_18452	1	1	unique
OG_18453	1	1	unique
OG_18454	1	1	unique
OG_18455	1	1	unique
OG_18456	1	1	unique
OG_18457	1	1	unique
OG_18458	1	1	unique
OG_18459	1	1	unique
OG_18460	1	1	unique
OG_18461	1	1	unique
OG_18462	1	1	unique
OG_18463	1	1	unique
OG_18464	1	1	unique
OG_18465	1	1	unique
OG_18466	1	1	unique
OG_18467	1	1	unique
OG_18468	1	1	unique
OG_18469	1	1	unique
OG_18470	1	1	unique
OG_18471	1	1	unique
OG_18472	1	1	unique
OG_18473	1	1	unique
OG_18474	1	1	unique
OG_18475	1	1	unique
OG_18476	1	1	unique
OG_18477	1	1	unique
OG_18478	1	1	unique
OG_18479	1	1	unique
OG_18480	1	1	unique
OG_18481	1	1	unique
OG_18482	1	1	unique
OG_18483	1	1	unique
OG_18484	1	1	unique
OG_18485	1	1	unique
OG_18486	1	1	unique
OG_18487	1	1	unique
OG_18488	1	1	unique
OG_18489	1	1	unique
OG_18490	1	1	unique
OG_18491	1	1	unique
OG_18492	1	1	unique
OG_18493	1	1	unique
OG_18494	1	1	unique
OG_18495	1	1	unique
OG_18496	1	1	unique
OG_18497	1	1	unique
OG_18498	1	1	unique
OG_18499	1	1	unique
OG_18500	1	1	unique
OG_18501	1	1	unique
OG_18502	1	1	unique
OG_18503	1	1	unique
OG_18504	1	1	unique
OG_18505	1	1	unique
OG_18506	1	1	unique
OG_18507	1	1	unique
OG_18508	1	1	unique
OG_18509	1	1	unique
OG_18510	1	1	unique
OG_18511	1	1	unique
OG_18512	1	1	unique
OG_18513	1	1	unique
OG_18514	1	1	unique
OG_18515	1	1	unique
OG_18516	1	1	unique
OG_18517	1	1	unique
OG_18518	1	1	unique
OG_18519	1	1	unique
OG_18520	1	1	unique
OG_18521	1	1	unique
OG_18522	1	1	unique
OG_18523	1	1	unique
OG_18524	1	1	unique
OG_18525	1	1	unique
OG_18526	1	1	unique
OG_18527	1	1	unique
OG_18528	1	1	unique
OG_18529	1	1	unique
OG_18530	1	1	unique
OG_18531	1	1	unique
OG_18532	1	1	unique
OG_18533	1	1	unique
OG_18534	1	1	unique
OG_18535	1	1	unique
OG_18536	1	1	unique
OG_18537	1	1	unique
OG_18538	1	1	unique
OG_18539	1	1	unique
OG_18540	1	1	unique
OG_18541	1	1	unique
OG_18542	1	1	unique
OG_18543	1	1	unique
OG_18544	1	1	unique
OG_18545	1	1	unique
OG_18546	1	1	unique
OG_18547	1	1	unique
OG_18548	1	1	unique
OG_18549	1	1	unique
OG_18550	1	1	unique
OG_18551	1	1	unique
OG_18552	1	1	unique
OG_18553	1	1	unique
OG_18554	1	1	unique
OG_18555	1	1	unique
OG_18556	1	1	unique
OG_18557	1	1	unique
OG_18558	1	1	unique
OG_18559	1	1	unique
OG_18560	1	1	unique
OG_18561	1	1	unique
OG_18562	1	1	unique
OG_18563	1	1	unique
OG_18564	1	1	unique
OG_18565	1	1	unique
OG_18566	1	1	unique
OG_18567	1	1	unique
OG_18568	1	1	unique
OG_18569	1	1	unique
OG_18570	1	1	unique
OG_18571	1	1	unique
OG_18572	1	1	unique
OG_18573	1	1	unique
OG_18574	1	1	unique
OG_18575	1	1	unique
OG_18576	1	1	unique
OG_18577	1	1	unique
OG_18578	1	1	unique
OG_18579	1	1	unique
OG_18580	1	1	unique
OG_18581	1	1	unique
OG_18582	1	1	unique
OG_18583	1	1	unique
OG_18584	1	1	unique
OG_18585	1	1	unique
OG_18586	1	1	unique
OG_18587	1	1	unique
OG_18588	1	1	unique
OG_18589	1	1	unique
OG_18590	1	1	unique
OG_18591	1	1	unique
OG_18592	1	1	unique
OG_18593	1	1	unique
OG_18594	1	1	unique
OG_18595	1	1	unique
OG_18596	1	1	unique
OG_18597	1	1	unique
OG_18598	1	1	unique
OG_18599	1	1	unique
OG_18600	1	1	unique
OG_18601	1	1	unique
OG_18602	1	1	unique
OG_18603	1	1	unique
OG_18604	1	1	unique
OG_18605	1	1	unique
OG_18606	1	1	unique
OG_18607	1	1	unique
OG_18608	1	1	unique
OG_18609	1	1	unique
OG_18610	1	1	unique
OG_18611	1	1	unique
OG_18612	1	1	unique
OG_18613	1	1	unique
OG_18614	1	1	unique
OG_18615	1	1	unique
OG_18616	1	1	unique
OG_18617	1	1	unique
OG_18618	1	1	unique
OG_18619	1	1	unique
OG_18620	1	1	unique
OG_18621	1	1	unique
OG_18622	1	1	unique
OG_18623	1	1	unique
OG_18624	1	1	unique
OG_18625	1	1	unique
OG_18626	1	1	unique
OG_18627	1	1	unique
OG_18628	1	1	unique
OG_18629	1	1	unique
OG_18630	1	1	unique
OG_18631	1	1	unique
OG_18632	1	1	unique
OG_18633	1	1	unique
OG_18634	1	1	unique
OG_18635	1	1	unique
OG_18636	1	1	unique
OG_18637	1	1	unique
OG_18638	1	1	unique
OG_18639	1	1	unique
OG_18640	1	1	unique
OG_18641	1	1	unique
OG_18642	1	1	unique
OG_18643	1	1	unique
OG_18644	1	1	unique
OG_18645	1	1	unique
OG_18646	1	1	unique
OG_18647	1	1	unique
OG_18648	1	1	unique
OG_18649	1	1	unique
OG_18650	1	1	unique
OG_18651	1	1	unique
OG_18652	1	1	unique
OG_18653	1	1	unique
OG_18654	1	1	unique
OG_18655	1	1	unique
OG_18656	1	1	unique
OG_18657	1	1	unique
OG_18658	1	1	unique
OG_18659	1	1	unique
OG_18660	1	1	unique
OG_18661	1	1	unique
OG_18662	1	1	unique
OG_18663	1	1	unique
OG_18664	1	1	unique
OG_18665	1	1	unique
OG_18666	1	1	unique
OG_18667	1	1	unique
OG_18668	1	1	unique
OG_18669	1	1	unique
OG_18670	1	1	unique
OG_18671	1	1	unique
OG_18672	1	1	unique
OG_18673	1	1	unique
OG_18674	1	1	unique
OG_18675	1	1	unique
OG_18676	1	1	unique
OG_18677	1	1	unique
OG_18678	1	1	unique
OG_18679	1	1	unique
OG_18680	1	1	unique
OG_18681	1	1	unique
OG_18682	1	1	unique
OG_18683	1	1	unique
OG_18684	1	1	unique
OG_18685	1	1	unique
OG_18686	1	1	unique
OG_18687	1	1	unique
OG_18688	1	1	unique
OG_18689	1	1	unique
OG_18690	1	1	unique
OG_18691	1	1	unique
OG_18692	1	1	unique
OG_18693	1	1	unique
OG_18694	1	1	unique
OG_18695	1	1	unique
OG_18696	1	1	unique
OG_18697	1	1	unique
OG_18698	1	1	unique
OG_18699	1	1	unique
OG_18700	1	1	unique
OG_18701	1	1	unique
OG_18702	1	1	unique
OG_18703	1	1	unique
OG_18704	1	1	unique
OG_18705	1	1	unique
OG_18706	1	1	unique
OG_18707	1	1	unique
OG_18708	1	1	unique
OG_18709	1	1	unique
OG_18710	1	1	unique
OG_18711	1	1	unique
OG_18712	1	1	unique
OG_18713	1	1	unique
OG_18714	1	1	unique
OG_18715	1	1	unique
OG_18716	1	1	unique
OG_18717	1	1	unique
OG_18718	1	1	unique
OG_18719	1	1	unique
OG_18720	1	1	unique
OG_18721	1	1	unique
OG_18722	1	1	unique
OG_18723	1	1	unique
OG_18724	1	1	unique
OG_18725	1	1	unique
OG_18726	1	1	unique
OG_18727	1	1	unique
OG_18728	1	1	unique
OG_18729	1	1	unique
OG_18730	1	1	unique
OG_18731	1	1	unique
OG_18732	1	1	unique
OG_18733	1	1	unique
OG_18734	1	1	unique
OG_18735	1	1	unique
OG_18736	1	1	unique
OG_18737	1	1	unique
OG_18738	1	1	unique
OG_18739	1	1	unique
OG_18740	1	1	unique
OG_18741	1	1	unique
OG_18742	1	1	unique
OG_18743	1	1	unique
OG_18744	1	1	unique
OG_18745	1	1	unique
OG_18746	1	1	unique
OG_18747	1	1	unique
OG_18748	1	1	unique
OG_18749	1	1	unique
OG_18750	1	1	unique
OG_18751	1	1	unique
OG_18752	1	1	unique
OG_18753	1	1	unique
OG_18754	1	1	unique
OG_18755	1	1	unique
OG_18756	1	1	unique
OG_18757	1	1	unique
OG_18758	1	1	unique
OG_18759	1	1	unique
OG_18760	1	1	unique
OG_18761	1	1	unique
OG_18762	1	1	unique
OG_18763	1	1	unique
OG_18764	1	1	unique
OG_18765	1	1	unique
OG_18766	1	1	unique
OG_18767	1	1	unique
OG_18768	1	1	unique
OG_18769	1	1	unique
OG_18770	1	1	unique
OG_18771	1	1	unique
OG_18772	1	1	unique
OG_18773	1	1	unique
OG_18774	1	1	unique
OG_18775	1	1	unique
OG_18776	1	1	unique
OG_18777	1	1	unique
OG_18778	1	1	unique
OG_18779	1	1	unique
OG_18780	1	1	unique
OG_18781	1	1	unique
OG_18782	1	1	unique
OG_18783	1	1	unique
OG_18784	1	1	unique
OG_18785	1	1	unique
OG_18786	1	1	unique
OG_18787	1	1	unique
OG_18788	1	1	unique
OG_18789	1	1	unique
OG_18790	1	1	unique
OG_18791	1	1	unique
OG_18792	1	1	unique
OG_18793	1	1	unique
OG_18794	1	1	unique
OG_18795	1	1	unique
OG_18796	1	1	unique
OG_18797	1	1	unique
OG_18798	1	1	unique
OG_18799	1	1	unique
OG_18800	1	1	unique
OG_18801	1	1	unique
OG_18802	1	1	unique
OG_18803	1	1	unique
OG_18804	1	1	unique
OG_18805	1	1	unique
OG_18806	1	1	unique
OG_18807	1	1	unique
OG_18808	1	1	unique
OG_18809	1	1	unique
OG_18810	1	1	unique
OG_18811	1	1	unique
OG_18812	1	1	unique
OG_18813	1	1	unique
OG_18814	1	1	unique
OG_18815	1	1	unique
OG_18816	1	1	unique
OG_18817	1	1	unique
OG_18818	1	1	unique
OG_18819	1	1	unique
OG_18820	1	1	unique
OG_18821	1	1	unique
OG_18822	1	1	unique
OG_18823	1	1	unique
OG_18824	1	1	unique
OG_18825	1	1	unique
OG_18826	1	1	unique
OG_18827	1	1	unique
OG_18828	1	1	unique
OG_18829	1	1	unique
OG_18830	1	1	unique
OG_18831	1	1	unique
OG_18832	1	1	unique
OG_18833	1	1	unique
OG_18834	1	1	unique
OG_18835	1	1	unique
OG_18836	1	1	unique
OG_18837	1	1	unique
OG_18838	1	1	unique
OG_18839	1	1	unique
OG_18840	1	1	unique
OG_18841	1	1	unique
OG_18842	1	1	unique
OG_18843	1	1	unique
OG_18844	1	1	unique
OG_18845	1	1	unique
OG_18846	1	1	unique
OG_18847	1	1	unique
OG_18848	1	1	unique
OG_18849	1	1	unique
OG_18850	1	1	unique
OG_18851	1	1	unique
OG_18852	1	1	unique
OG_18853	1	1	unique
OG_18854	1	1	unique
OG_18855	1	1	unique
OG_18856	1	1	unique
OG_18857	1	1	unique
OG_18858	1	1	unique
OG_18859	1	1	unique
OG_18860	1	1	unique
OG_18861	1	1	unique
OG_18862	1	1	unique
OG_18863	1	1	unique
OG_18864	1	1	unique
OG_18865	1	1	unique
OG_18866	1	1	unique
OG_18867	1	1	unique
OG_18868	1	1	unique
OG_18869	1	1	unique
OG_18870	1	1	unique
OG_18871	1	1	unique
OG_18872	1	1	unique
OG_18873	1	1	unique
OG_18874	1	1	unique
OG_18875	1	1	unique
OG_18876	1	1	unique
OG_18877	1	1	unique
OG_18878	1	1	unique
OG_18879	1	1	unique
OG_18880	1	1	unique
OG_18881	1	1	unique
OG_18882	1	1	unique
OG_18883	1	1	unique
OG_18884	1	1	unique
OG_18885	1	1	unique
OG_18886	1	1	unique
OG_18887	1	1	unique
OG_18888	1	1	unique
OG_18889	1	1	unique
OG_18890	1	1	unique
OG_18891	1	1	unique
OG_18892	1	1	unique
OG_18893	1	1	unique
OG_18894	1	1	unique
OG_18895	1	1	unique
OG_18896	1	1	unique
OG_18897	1	1	unique
OG_18898	1	1	unique
OG_18899	1	1	unique
OG_18900	1	1	unique
OG_18901	1	1	unique
OG_18902	1	1	unique
OG_18903	1	1	unique
OG_18904	1	1	unique
OG_18905	1	1	unique
OG_18906	1	1	unique
OG_18907	1	1	unique
OG_18908	1	1	unique
OG_18909	1	1	unique
OG_18910	1	1	unique
OG_18911	1	1	unique
OG_18912	1	1	unique
OG_18913	1	1	unique
OG_18914	1	1	unique
OG_18915	1	1	unique
OG_18916	1	1	unique
OG_18917	1	1	unique
OG_18918	1	1	unique
OG_18919	1	1	unique
OG_18920	1	1	unique
OG_18921	1	1	unique
OG_18922	1	1	unique
OG_18923	1	1	unique
OG_18924	1	1	unique
OG_18925	1	1	unique
OG_18926	1	1	unique
OG_18927	1	1	unique
OG_18928	1	1	unique
OG_18929	1	1	unique
OG_18930	1	1	unique
OG_18931	1	1	unique
OG_18932	1	1	unique
OG_18933	1	1	unique
OG_18934	1	1	unique
OG_18935	1	1	unique
OG_18936	1	1	unique
OG_18937	1	1	unique
OG_18938	1	1	unique
OG_18939	1	1	unique
OG_18940	1	1	unique
OG_18941	1	1	unique
OG_18942	1	1	unique
OG_18943	1	1	unique
OG_18944	1	1	unique
OG_18945	1	1	unique
OG_18946	1	1	unique
OG_18947	1	1	unique
OG_18948	1	1	unique
OG_18949	1	1	unique
OG_18950	1	1	unique
OG_18951	1	1	unique
OG_18952	1	1	unique
OG_18953	1	1	unique
OG_18954	1	1	unique
OG_18955	1	1	unique
OG_18956	1	1	unique
OG_18957	1	1	unique
OG_18958	1	1	unique
OG_18959	1	1	unique
OG_18960	1	1	unique
OG_18961	1	1	unique
OG_18962	1	1	unique
OG_18963	1	1	unique
OG_18964	1	1	unique
OG_18965	1	1	unique
OG_18966	1	1	unique
OG_18967	1	1	unique
OG_18968	1	1	unique
OG_18969	1	1	unique
OG_18970	1	1	unique
OG_18971	1	1	unique
OG_18972	1	1	unique
OG_18973	1	1	unique
OG_18974	1	1	unique
OG_18975	1	1	unique
OG_18976	1	1	unique
OG_18977	1	1	unique
OG_18978	1	1	unique
OG_18979	1	1	unique
OG_18980	1	1	unique
OG_18981	1	1	unique
OG_18982	1	1	unique
OG_18983	1	1	unique
OG_18984	1	1	unique
OG_18985	1	1	unique
OG_18986	1	1	unique
OG_18987	1	1	unique
OG_18988	1	1	unique
OG_18989	1	1	unique
OG_18990	1	1	unique
OG_18991	1	1	unique
OG_18992	1	1	unique
OG_18993	1	1	unique
OG_18994	1	1	unique
OG_18995	1	1	unique
OG_18996	1	1	unique
OG_18997	1	1	unique
OG_18998	1	1	unique
OG_18999	1	1	unique
OG_19000	1	1	unique
OG_19001	1	1	unique
OG_19002	1	1	unique
OG_19003	1	1	unique
OG_19004	1	1	unique
OG_19005	1	1	unique
OG_19006	1	1	unique
OG_19007	1	1	unique
OG_19008	1	1	unique
OG_19009	1	1	unique
OG_19010	1	1	unique
OG_19011	1	1	unique
OG_19012	1	1	unique
OG_19013	1	1	unique
OG_19014	1	1	unique
OG_19015	1	1	unique
OG_19016	1	1	unique
OG_19017	1	1	unique
OG_19018	1	1	unique
OG_19019	1	1	unique
OG_19020	1	1	unique
OG_19021	1	1	unique
OG_19022	1	1	unique
OG_19023	1	1	unique
OG_19024	1	1	unique
OG_19025	1	1	unique
OG_19026	1	1	unique
OG_19027	1	1	unique
OG_19028	1	1	unique
OG_19029	1	1	unique
OG_19030	1	1	unique
OG_19031	1	1	unique
OG_19032	1	1	unique
OG_19033	1	1	unique
OG_19034	1	1	unique
OG_19035	1	1	unique
OG_19036	1	1	unique
OG_19037	1	1	unique
OG_19038	1	1	unique
OG_19039	1	1	unique
OG_19040	1	1	unique
OG_19041	1	1	unique
OG_19042	1	1	unique
OG_19043	1	1	unique
OG_19044	1	1	unique
OG_19045	1	1	unique
OG_19046	1	1	unique
OG_19047	1	1	unique
OG_19048	1	1	unique
OG_19049	1	1	unique
OG_19050	1	1	unique
OG_19051	1	1	unique
OG_19052	1	1	unique
OG_19053	1	1	unique
OG_19054	1	1	unique
OG_19055	1	1	unique
OG_19056	1	1	unique
OG_19057	1	1	unique
OG_19058	1	1	unique
OG_19059	1	1	unique
OG_19060	1	1	unique
OG_19061	1	1	unique
OG_19062	1	1	unique
OG_19063	1	1	unique
OG_19064	1	1	unique
OG_19065	1	1	unique
OG_19066	1	1	unique
OG_19067	1	1	unique
OG_19068	1	1	unique
OG_19069	1	1	unique
OG_19070	1	1	unique
OG_19071	1	1	unique
OG_19072	1	1	unique
OG_19073	1	1	unique
OG_19074	1	1	unique
OG_19075	1	1	unique
OG_19076	1	1	unique
OG_19077	1	1	unique
OG_19078	1	1	unique
OG_19079	1	1	unique
OG_19080	1	1	unique
OG_19081	1	1	unique
OG_19082	1	1	unique
OG_19083	1	1	unique
OG_19084	1	1	unique
OG_19085	1	1	unique
OG_19086	1	1	unique
OG_19087	1	1	unique
OG_19088	1	1	unique
OG_19089	1	1	unique
OG_19090	1	1	unique
OG_19091	1	1	unique
OG_19092	1	1	unique
OG_19093	1	1	unique
OG_19094	1	1	unique
OG_19095	1	1	unique
OG_19096	1	1	unique
OG_19097	1	1	unique
OG_19098	1	1	unique
OG_19099	1	1	unique
OG_19100	1	1	unique
OG_19101	1	1	unique
OG_19102	1	1	unique
OG_19103	1	1	unique
OG_19104	1	1	unique
OG_19105	1	1	unique
OG_19106	1	1	unique
OG_19107	1	1	unique
OG_19108	1	1	unique
OG_19109	1	1	unique
OG_19110	1	1	unique
OG_19111	1	1	unique
OG_19112	1	1	unique
OG_19113	1	1	unique
OG_19114	1	1	unique
OG_19115	1	1	unique
OG_19116	1	1	unique
OG_19117	1	1	unique
OG_19118	1	1	unique
OG_19119	1	1	unique
OG_19120	1	1	unique
OG_19121	1	1	unique
OG_19122	1	1	unique
OG_19123	1	1	unique
OG_19124	1	1	unique
OG_19125	1	1	unique
OG_19126	1	1	unique
OG_19127	1	1	unique
OG_19128	1	1	unique
OG_19129	1	1	unique
OG_19130	1	1	unique
OG_19131	1	1	unique
OG_19132	1	1	unique
OG_19133	1	1	unique
OG_19134	1	1	unique
OG_19135	1	1	unique
OG_19136	1	1	unique
OG_19137	1	1	unique
OG_19138	1	1	unique
OG_19139	1	1	unique
OG_19140	1	1	unique
OG_19141	1	1	unique
OG_19142	1	1	unique
OG_19143	1	1	unique
OG_19144	1	1	unique
OG_19145	1	1	unique
OG_19146	1	1	unique
OG_19147	1	1	unique
OG_19148	1	1	unique
OG_19149	1	1	unique
OG_19150	1	1	unique
OG_19151	1	1	unique
OG_19152	1	1	unique
OG_19153	1	1	unique
OG_19154	1	1	unique
OG_19155	1	1	unique
OG_19156	1	1	unique
OG_19157	1	1	unique
OG_19158	1	1	unique
OG_19159	1	1	unique
OG_19160	1	1	unique
OG_19161	1	1	unique
OG_19162	1	1	unique
OG_19163	1	1	unique
OG_19164	1	1	unique
OG_19165	1	1	unique
OG_19166	1	1	unique
OG_19167	1	1	unique
OG_19168	1	1	unique
OG_19169	1	1	unique
OG_19170	1	1	unique
OG_19171	1	1	unique
OG_19172	1	1	unique
OG_19173	1	1	unique
OG_19174	1	1	unique
OG_19175	1	1	unique
OG_19176	1	1	unique
OG_19177	1	1	unique
OG_19178	1	1	unique
OG_19179	1	1	unique
OG_19180	1	1	unique
OG_19181	1	1	unique
OG_19182	1	1	unique
OG_19183	1	1	unique
OG_19184	1	1	unique
OG_19185	1	1	unique
OG_19186	1	1	unique
OG_19187	1	1	unique
OG_19188	1	1	unique
OG_19189	1	1	unique
OG_19190	1	1	unique
OG_19191	1	1	unique
OG_19192	1	1	unique
OG_19193	1	1	unique
OG_19194	1	1	unique
OG_19195	1	1	unique
OG_19196	1	1	unique
OG_19197	1	1	unique
OG_19198	1	1	unique
OG_19199	1	1	unique
OG_19200	1	1	unique
OG_19201	1	1	unique
OG_19202	1	1	unique
OG_19203	1	1	unique
OG_19204	1	1	unique
OG_19205	1	1	unique
OG_19206	1	1	unique
OG_19207	1	1	unique
OG_19208	1	1	unique
OG_19209	1	1	unique
OG_19210	1	1	unique
OG_19211	1	1	unique
OG_19212	1	1	unique
OG_19213	1	1	unique
OG_19214	1	1	unique
OG_19215	1	1	unique
OG_19216	1	1	unique
OG_19217	1	1	unique
OG_19218	1	1	unique
OG_19219	1	1	unique
OG_19220	1	1	unique
OG_19221	1	1	unique
OG_19222	1	1	unique
OG_19223	1	1	unique
OG_19224	1	1	unique
OG_19225	1	1	unique
OG_19226	1	1	unique
OG_19227	1	1	unique
OG_19228	1	1	unique
OG_19229	1	1	unique
OG_19230	1	1	unique
OG_19231	1	1	unique
OG_19232	1	1	unique
OG_19233	1	1	unique
OG_19234	1	1	unique
OG_19235	1	1	unique
OG_19236	1	1	unique
OG_19237	1	1	unique
OG_19238	1	1	unique
OG_19239	1	1	unique
OG_19240	1	1	unique
OG_19241	1	1	unique
OG_19242	1	1	unique
OG_19243	1	1	unique
OG_19244	1	1	unique
OG_19245	1	1	unique
OG_19246	1	1	unique
OG_19247	1	1	unique
OG_19248	1	1	unique
OG_19249	1	1	unique
OG_19250	1	1	unique
OG_19251	1	1	unique
OG_19252	1	1	unique
OG_19253	1	1	unique
OG_19254	1	1	unique
OG_19255	1	1	unique
OG_19256	1	1	unique
OG_19257	1	1	unique
OG_19258	1	1	unique
OG_19259	1	1	unique
OG_19260	1	1	unique
OG_19261	1	1	unique
OG_19262	1	1	unique
OG_19263	1	1	unique
OG_19264	1	1	unique
OG_19265	1	1	unique
OG_19266	1	1	unique
OG_19267	1	1	unique
OG_19268	1	1	unique
OG_19269	1	1	unique
OG_19270	1	1	unique
OG_19271	1	1	unique
OG_19272	1	1	unique
OG_19273	1	1	unique
OG_19274	1	1	unique
OG_19275	1	1	unique
OG_19276	1	1	unique
OG_19277	1	1	unique
OG_19278	1	1	unique
OG_19279	1	1	unique
OG_19280	1	1	unique
OG_19281	1	1	unique
OG_19282	1	1	unique
OG_19283	1	1	unique
OG_19284	1	1	unique
OG_19285	1	1	unique
OG_19286	1	1	unique
OG_19287	1	1	unique
OG_19288	1	1	unique
OG_19289	1	1	unique
OG_19290	1	1	unique
OG_19291	1	1	unique
OG_19292	1	1	unique
OG_19293	1	1	unique
OG_19294	1	1	unique
OG_19295	1	1	unique
OG_19296	1	1	unique
OG_19297	1	1	unique
OG_19298	1	1	unique
OG_19299	1	1	unique
OG_19300	1	1	unique
OG_19301	1	1	unique
OG_19302	1	1	unique
OG_19303	1	1	unique
OG_19304	1	1	unique
OG_19305	1	1	unique
OG_19306	1	1	unique
OG_19307	1	1	unique
OG_19308	1	1	unique
OG_19309	1	1	unique
OG_19310	1	1	unique
OG_19311	1	1	unique
OG_19312	1	1	unique
OG_19313	1	1	unique
OG_19314	1	1	unique
OG_19315	1	1	unique
OG_19316	1	1	unique
OG_19317	1	1	unique
OG_19318	1	1	unique
OG_19319	1	1	unique
OG_19320	1	1	unique
OG_19321	1	1	unique
OG_19322	1	1	unique
OG_19323	1	1	unique
OG_19324	1	1	unique
OG_19325	1	1	unique
OG_19326	1	1	unique
OG_19327	1	1	unique
OG_19328	1	1	unique
OG_19329	1	1	unique
OG_19330	1	1	unique
OG_19331	1	1	unique
OG_19332	1	1	unique
OG_19333	1	1	unique
OG_19334	1	1	unique
OG_19335	1	1	unique
OG_19336	1	1	unique
OG_19337	1	1	unique
OG_19338	1	1	unique
OG_19339	1	1	unique
OG_19340	1	1	unique
OG_19341	1	1	unique
OG_19342	1	1	unique
OG_19343	1	1	unique
OG_19344	1	1	unique
OG_19345	1	1	unique
OG_19346	1	1	unique
OG_19347	1	1	unique
OG_19348	1	1	unique
OG_19349	1	1	unique
OG_19350	1	1	unique
OG_19351	1	1	unique
OG_19352	1	1	unique
OG_19353	1	1	unique
OG_19354	1	1	unique
OG_19355	1	1	unique
OG_19356	1	1	unique
OG_19357	1	1	unique
OG_19358	1	1	unique
OG_19359	1	1	unique
OG_19360	1	1	unique
OG_19361	1	1	unique
OG_19362	1	1	unique
OG_19363	1	1	unique
OG_19364	1	1	unique
OG_19365	1	1	unique
OG_19366	1	1	unique
OG_19367	1	1	unique
OG_19368	1	1	unique
OG_19369	1	1	unique
OG_19370	1	1	unique
OG_19371	1	1	unique
OG_19372	1	1	unique
OG_19373	1	1	unique
OG_19374	1	1	unique
OG_19375	1	1	unique
OG_19376	1	1	unique
OG_19377	1	1	unique
OG_19378	1	1	unique
OG_19379	1	1	unique
OG_19380	1	1	unique
OG_19381	1	1	unique
OG_19382	1	1	unique
OG_19383	1	1	unique
OG_19384	1	1	unique
OG_19385	1	1	unique
OG_19386	1	1	unique
OG_19387	1	1	unique
OG_19388	1	1	unique
OG_19389	1	1	unique
OG_19390	1	1	unique
OG_19391	1	1	unique
OG_19392	1	1	unique
OG_19393	1	1	unique
OG_19394	1	1	unique
OG_19395	1	1	unique
OG_19396	1	1	unique
OG_19397	1	1	unique
OG_19398	1	1	unique
OG_19399	1	1	unique
OG_19400	1	1	unique
OG_19401	1	1	unique
OG_19402	1	1	unique
OG_19403	1	1	unique
OG_19404	1	1	unique
OG_19405	1	1	unique
OG_19406	1	1	unique
OG_19407	1	1	unique
OG_19408	1	1	unique
OG_19409	1	1	unique
OG_19410	1	1	unique
OG_19411	1	1	unique
OG_19412	1	1	unique
OG_19413	1	1	unique
OG_19414	1	1	unique
OG_19415	1	1	unique
OG_19416	1	1	unique
OG_19417	1	1	unique
OG_19418	1	1	unique
OG_19419	1	1	unique
OG_19420	1	1	unique
OG_19421	1	1	unique
OG_19422	1	1	unique
OG_19423	1	1	unique
OG_19424	1	1	unique
OG_19425	1	1	unique
OG_19426	1	1	unique
OG_19427	1	1	unique
OG_19428	1	1	unique
OG_19429	1	1	unique
OG_19430	1	1	unique
OG_19431	1	1	unique
OG_19432	1	1	unique
OG_19433	1	1	unique
OG_19434	1	1	unique
OG_19435	1	1	unique
OG_19436	1	1	unique
OG_19437	1	1	unique
OG_19438	1	1	unique
OG_19439	1	1	unique
OG_19440	1	1	unique
OG_19441	1	1	unique
OG_19442	1	1	unique
OG_19443	1	1	unique
OG_19444	1	1	unique
OG_19445	1	1	unique
OG_19446	1	1	unique
OG_19447	1	1	unique
OG_19448	1	1	unique
OG_19449	1	1	unique
OG_19450	1	1	unique
OG_19451	1	1	unique
OG_19452	1	1	unique
OG_19453	1	1	unique
OG_19454	1	1	unique
OG_19455	1	1	unique
OG_19456	1	1	unique
OG_19457	1	1	unique
OG_19458	1	1	unique
OG_19459	1	1	unique
OG_19460	1	1	unique
OG_19461	1	1	unique
OG_19462	1	1	unique
OG_19463	1	1	unique
OG_19464	1	1	unique
OG_19465	1	1	unique
OG_19466	1	1	unique
OG_19467	1	1	unique
OG_19468	1	1	unique
OG_19469	1	1	unique
OG_19470	1	1	unique
OG_19471	1	1	unique
OG_19472	1	1	unique
OG_19473	1	1	unique
OG_19474	1	1	unique
OG_19475	1	1	unique
OG_19476	1	1	unique
OG_19477	1	1	unique
OG_19478	1	1	unique
OG_19479	1	1	unique
OG_19480	1	1	unique
OG_19481	1	1	unique
OG_19482	1	1	unique
OG_19483	1	1	unique
OG_19484	1	1	unique
OG_19485	1	1	unique
OG_19486	1	1	unique
OG_19487	1	1	unique
OG_19488	1	1	unique
OG_19489	1	1	unique
OG_19490	1	1	unique
OG_19491	1	1	unique
OG_19492	1	1	unique
OG_19493	1	1	unique
OG_19494	1	1	unique
OG_19495	1	1	unique
OG_19496	1	1	unique
OG_19497	1	1	unique
OG_19498	1	1	unique
OG_19499	1	1	unique
OG_19500	1	1	unique
OG_19501	1	1	unique
OG_19502	1	1	unique
OG_19503	1	1	unique
OG_19504	1	1	unique
OG_19505	1	1	unique
OG_19506	1	1	unique
OG_19507	1	1	unique
OG_19508	1	1	unique
OG_19509	1	1	unique
OG_19510	1	1	unique
OG_19511	1	1	unique
OG_19512	1	1	unique
OG_19513	1	1	unique
OG_19514	1	1	unique
OG_19515	1	1	unique
OG_19516	1	1	unique
OG_19517	1	1	unique
OG_19518	1	1	unique
OG_19519	1	1	unique
OG_19520	1	1	unique
OG_19521	1	1	unique
OG_19522	1	1	unique
OG_19523	1	1	unique
OG_19524	1	1	unique
OG_19525	1	1	unique
OG_19526	1	1	unique
OG_19527	1	1	unique
OG_19528	1	1	unique
OG_19529	1	1	unique
OG_19530	1	1	unique
OG_19531	1	1	unique
OG_19532	1	1	unique
OG_19533	1	1	unique
OG_19534	1	1	unique
OG_19535	1	1	unique
OG_19536	1	1	unique
OG_19537	1	1	unique
OG_19538	1	1	unique
OG_19539	1	1	unique
OG_19540	1	1	unique
OG_19541	1	1	unique
OG_19542	1	1	unique
OG_19543	1	1	unique
OG_19544	1	1	unique
OG_19545	1	1	unique
OG_19546	1	1	unique
OG_19547	1	1	unique
OG_19548	1	1	unique
OG_19549	1	1	unique
OG_19550	1	1	unique
OG_19551	1	1	unique
OG_19552	1	1	unique
OG_19553	1	1	unique
OG_19554	1	1	unique
OG_19555	1	1	unique
OG_19556	1	1	unique
OG_19557	1	1	unique
OG_19558	1	1	unique
OG_19559	1	1	unique
OG_19560	1	1	unique
OG_19561	1	1	unique
OG_19562	1	1	unique
OG_19563	1	1	unique
OG_19564	1	1	unique
OG_19565	1	1	unique
OG_19566	1	1	unique
OG_19567	1	1	unique
OG_19568	1	1	unique
OG_19569	1	1	unique
OG_19570	1	1	unique
OG_19571	1	1	unique
OG_19572	1	1	unique
OG_19573	1	1	unique
OG_19574	1	1	unique
OG_19575	1	1	unique
OG_19576	1	1	unique
OG_19577	1	1	unique
OG_19578	1	1	unique
OG_19579	1	1	unique
OG_19580	1	1	unique
OG_19581	1	1	unique
OG_19582	1	1	unique
OG_19583	1	1	unique
OG_19584	1	1	unique
OG_19585	1	1	unique
OG_19586	1	1	unique
OG_19587	1	1	unique
OG_19588	1	1	unique
OG_19589	1	1	unique
OG_19590	1	1	unique
OG_19591	1	1	unique
OG_19592	1	1	unique
OG_19593	1	1	unique
OG_19594	1	1	unique
OG_19595	1	1	unique
OG_19596	1	1	unique
OG_19597	1	1	unique
OG_19598	1	1	unique
OG_19599	1	1	unique
OG_19600	1	1	unique
OG_19601	1	1	unique
OG_19602	1	1	unique
OG_19603	1	1	unique
OG_19604	1	1	unique
OG_19605	1	1	unique
OG_19606	1	1	unique
OG_19607	1	1	unique
OG_19608	1	1	unique
OG_19609	1	1	unique
OG_19610	1	1	unique
OG_19611	1	1	unique
OG_19612	1	1	unique
OG_19613	1	1	unique
OG_19614	1	1	unique
OG_19615	1	1	unique
OG_19616	1	1	unique
OG_19617	1	1	unique
OG_19618	1	1	unique
OG_19619	1	1	unique
OG_19620	1	1	unique
OG_19621	1	1	unique
OG_19622	1	1	unique
OG_19623	1	1	unique
OG_19624	1	1	unique
OG_19625	1	1	unique
OG_19626	1	1	unique
OG_19627	1	1	unique
OG_19628	1	1	unique
OG_19629	1	1	unique
OG_19630	1	1	unique
OG_19631	1	1	unique
OG_19632	1	1	unique
OG_19633	1	1	unique
OG_19634	1	1	unique
OG_19635	1	1	unique
OG_19636	1	1	unique
OG_19637	1	1	unique
OG_19638	1	1	unique
OG_19639	1	1	unique
OG_19640	1	1	unique
OG_19641	1	1	unique
OG_19642	1	1	unique
OG_19643	1	1	unique
OG_19644	1	1	unique
OG_19645	1	1	unique
OG_19646	1	1	unique
OG_19647	1	1	unique
OG_19648	1	1	unique
OG_19649	1	1	unique
OG_19650	1	1	unique
OG_19651	1	1	unique
OG_19652	1	1	unique
OG_19653	1	1	unique
OG_19654	1	1	unique
OG_19655	1	1	unique
OG_19656	1	1	unique
OG_19657	1	1	unique
OG_19658	1	1	unique
OG_19659	1	1	unique
OG_19660	1	1	unique
OG_19661	1	1	unique
OG_19662	1	1	unique
OG_19663	1	1	unique
OG_19664	1	1	unique
OG_19665	1	1	unique
OG_19666	1	1	unique
OG_19667	1	1	unique
OG_19668	1	1	unique
OG_19669	1	1	unique
OG_19670	1	1	unique
OG_19671	1	1	unique
OG_19672	1	1	unique
OG_19673	1	1	unique
OG_19674	1	1	unique
OG_19675	1	1	unique
OG_19676	1	1	unique
OG_19677	1	1	unique
OG_19678	1	1	unique
OG_19679	1	1	unique
OG_19680	1	1	unique
OG_19681	1	1	unique
OG_19682	1	1	unique
OG_19683	1	1	unique
OG_19684	1	1	unique
OG_19685	1	1	unique
OG_19686	1	1	unique
OG_19687	1	1	unique
OG_19688	1	1	unique
OG_19689	1	1	unique
OG_19690	1	1	unique
OG_19691	1	1	unique
OG_19692	1	1	unique
OG_19693	1	1	unique
OG_19694	1	1	unique
OG_19695	1	1	unique
OG_19696	1	1	unique
OG_19697	1	1	unique
OG_19698	1	1	unique
OG_19699	1	1	unique
OG_19700	1	1	unique
OG_19701	1	1	unique
OG_19702	1	1	unique
OG_19703	1	1	unique
OG_19704	1	1	unique
OG_19705	1	1	unique
OG_19706	1	1	unique
OG_19707	1	1	unique
OG_19708	1	1	unique
OG_19709	1	1	unique
OG_19710	1	1	unique
OG_19711	1	1	unique
OG_19712	1	1	unique
OG_19713	1	1	unique
OG_19714	1	1	unique
OG_19715	1	1	unique
OG_19716	1	1	unique
OG_19717	1	1	unique
OG_19718	1	1	unique
OG_19719	1	1	unique
OG_19720	1	1	unique
OG_19721	1	1	unique
OG_19722	1	1	unique
OG_19723	1	1	unique
OG_19724	1	1	unique
OG_19725	1	1	unique
OG_19726	1	1	unique
OG_19727	1	1	unique
OG_19728	1	1	unique
OG_19729	1	1	unique
OG_19730	1	1	unique
OG_19731	1	1	unique
OG_19732	1	1	unique
OG_19733	1	1	unique
OG_19734	1	1	unique
OG_19735	1	1	unique
OG_19736	1	1	unique
OG_19737	1	1	unique
OG_19738	1	1	unique
OG_19739	1	1	unique
OG_19740	1	1	unique
OG_19741	1	1	unique
OG_19742	1	1	unique
OG_19743	1	1	unique
OG_19744	1	1	unique
OG_19745	1	1	unique
OG_19746	1	1	unique
OG_19747	1	1	unique
OG_19748	1	1	unique
OG_19749	1	1	unique
OG_19750	1	1	unique
OG_19751	1	1	unique
OG_19752	1	1	unique
OG_19753	1	1	unique
OG_19754	1	1	unique
OG_19755	1	1	unique
OG_19756	1	1	unique
OG_19757	1	1	unique
OG_19758	1	1	unique
OG_19759	1	1	unique
OG_19760	1	1	unique
OG_19761	1	1	unique
OG_19762	1	1	unique
OG_19763	1	1	unique
OG_19764	1	1	unique
OG_19765	1	1	unique
OG_19766	1	1	unique
OG_19767	1	1	unique
OG_19768	1	1	unique
OG_19769	1	1	unique
OG_19770	1	1	unique
OG_19771	1	1	unique
OG_19772	1	1	unique
OG_19773	1	1	unique
OG_19774	1	1	unique
OG_19775	1	1	unique
OG_19776	1	1	unique
OG_19777	1	1	unique
OG_19778	1	1	unique
OG_19779	1	1	unique
OG_19780	1	1	unique
OG_19781	1	1	unique
OG_19782	1	1	unique
OG_19783	1	1	unique
OG_19784	1	1	unique
OG_19785	1	1	unique
OG_19786	1	1	unique
OG_19787	1	1	unique
OG_19788	1	1	unique
OG_19789	1	1	unique
OG_19790	1	1	unique
OG_19791	1	1	unique
OG_19792	1	1	unique
OG_19793	1	1	unique
OG_19794	1	1	unique
OG_19795	1	1	unique
OG_19796	1	1	unique
OG_19797	1	1	unique
OG_19798	1	1	unique
OG_19799	1	1	unique
OG_19800	1	1	unique
OG_19801	1	1	unique
OG_19802	1	1	unique
OG_19803	1	1	unique
OG_19804	1	1	unique
OG_19805	1	1	unique
OG_19806	1	1	unique
OG_19807	1	1	unique
OG_19808	1	1	unique
OG_19809	1	1	unique
OG_19810	1	1	unique
OG_19811	1	1	unique
OG_19812	1	1	unique
OG_19813	1	1	unique
OG_19814	1	1	unique
OG_19815	1	1	unique
OG_19816	1	1	unique
OG_19817	1	1	unique
OG_19818	1	1	unique
OG_19819	1	1	unique
OG_19820	1	1	unique
OG_19821	1	1	unique
OG_19822	1	1	unique
OG_19823	1	1	unique
OG_19824	1	1	unique
OG_19825	1	1	unique
OG_19826	1	1	unique
OG_19827	1	1	unique
OG_19828	1	1	unique
OG_19829	1	1	unique
OG_19830	1	1	unique
OG_19831	1	1	unique
OG_19832	1	1	unique
OG_19833	1	1	unique
OG_19834	1	1	unique
OG_19835	1	1	unique
OG_19836	1	1	unique
OG_19837	1	1	unique
OG_19838	1	1	unique
OG_19839	1	1	unique
OG_19840	1	1	unique
OG_19841	1	1	unique
OG_19842	1	1	unique
OG_19843	1	1	unique
OG_19844	1	1	unique
OG_19845	1	1	unique
OG_19846	1	1	unique
OG_19847	1	1	unique
OG_19848	1	1	unique
OG_19849	1	1	unique
OG_19850	1	1	unique
OG_19851	1	1	unique
OG_19852	1	1	unique
OG_19853	1	1	unique
OG_19854	1	1	unique
OG_19855	1	1	unique
OG_19856	1	1	unique
OG_19857	1	1	unique
OG_19858	1	1	unique
OG_19859	1	1	unique
OG_19860	1	1	unique
OG_19861	1	1	unique
OG_19862	1	1	unique
OG_19863	1	1	unique
OG_19864	1	1	unique
OG_19865	1	1	unique
OG_19866	1	1	unique
OG_19867	1	1	unique
OG_19868	1	1	unique
OG_19869	1	1	unique
OG_19870	1	1	unique
OG_19871	1	1	unique
OG_19872	1	1	unique
OG_19873	1	1	unique
OG_19874	1	1	unique
OG_19875	1	1	unique
OG_19876	1	1	unique
OG_19877	1	1	unique
OG_19878	1	1	unique
OG_19879	1	1	unique
OG_19880	1	1	unique
OG_19881	1	1	unique
OG_19882	1	1	unique
OG_19883	1	1	unique
OG_19884	1	1	unique
OG_19885	1	1	unique
OG_19886	1	1	unique
OG_19887	1	1	unique
OG_19888	1	1	unique
OG_19889	1	1	unique
OG_19890	1	1	unique
OG_19891	1	1	unique
OG_19892	1	1	unique
OG_19893	1	1	unique
OG_19894	1	1	unique
OG_19895	1	1	unique
OG_19896	1	1	unique
OG_19897	1	1	unique
OG_19898	1	1	unique
OG_19899	1	1	unique
OG_19900	1	1	unique
OG_19901	1	1	unique
OG_19902	1	1	unique
OG_19903	1	1	unique
OG_19904	1	1	unique
OG_19905	1	1	unique
OG_19906	1	1	unique
OG_19907	1	1	unique
OG_19908	1	1	unique
OG_19909	1	1	unique
OG_19910	1	1	unique
OG_19911	1	1	unique
OG_19912	1	1	unique
OG_19913	1	1	unique
OG_19914	1	1	unique
OG_19915	1	1	unique
OG_19916	1	1	unique
OG_19917	1	1	unique
OG_19918	1	1	unique
OG_19919	1	1	unique
OG_19920	1	1	unique
OG_19921	1	1	unique
OG_19922	1	1	unique
OG_19923	1	1	unique
OG_19924	1	1	unique
OG_19925	1	1	unique
OG_19926	1	1	unique
OG_19927	1	1	unique
OG_19928	1	1	unique
OG_19929	1	1	unique
OG_19930	1	1	unique
OG_19931	1	1	unique
OG_19932	1	1	unique
OG_19933	1	1	unique
OG_19934	1	1	unique
OG_19935	1	1	unique
OG_19936	1	1	unique
OG_19937	1	1	unique
OG_19938	1	1	unique
OG_19939	1	1	unique
OG_19940	1	1	unique
OG_19941	1	1	unique
OG_19942	1	1	unique
OG_19943	1	1	unique
OG_19944	1	1	unique
OG_19945	1	1	unique
OG_19946	1	1	unique
OG_19947	1	1	unique
OG_19948	1	1	unique
OG_19949	1	1	unique
OG_19950	1	1	unique
OG_19951	1	1	unique
OG_19952	1	1	unique
OG_19953	1	1	unique
OG_19954	1	1	unique
OG_19955	1	1	unique
OG_19956	1	1	unique
OG_19957	1	1	unique
OG_19958	1	1	unique
OG_19959	1	1	unique
OG_19960	1	1	unique
OG_19961	1	1	unique
OG_19962	1	1	unique
OG_19963	1	1	unique
OG_19964	1	1	unique
OG_19965	1	1	unique
OG_19966	1	1	unique
OG_19967	1	1	unique
OG_19968	1	1	unique
OG_19969	1	1	unique
OG_19970	1	1	unique
OG_19971	1	1	unique
OG_19972	1	1	unique
OG_19973	1	1	unique
OG_19974	1	1	unique
OG_19975	1	1	unique
OG_19976	1	1	unique
OG_19977	1	1	unique
OG_19978	1	1	unique
OG_19979	1	1	unique
OG_19980	1	1	unique
OG_19981	1	1	unique
OG_19982	1	1	unique
OG_19983	1	1	unique
OG_19984	1	1	unique
OG_19985	1	1	unique
OG_19986	1	1	unique
OG_19987	1	1	unique
OG_19988	1	1	unique
OG_19989	1	1	unique
OG_19990	1	1	unique
OG_19991	1	1	unique
OG_19992	1	1	unique
OG_19993	1	1	unique
OG_19994	1	1	unique
OG_19995	1	1	unique
OG_19996	1	1	unique
OG_19997	1	1	unique
OG_19998	1	1	unique
OG_19999	1	1	unique
OG_20000	1	1	unique
OG_20001	1	1	unique
OG_20002	1	1	unique
OG_20003	1	1	unique
OG_20004	1	1	unique
OG_20005	1	1	unique
OG_20006	1	1	unique
OG_20007	1	1	unique
OG_20008	1	1	unique
OG_20009	1	1	unique
OG_20010	1	1	unique
OG_20011	1	1	unique
OG_20012	1	1	unique
OG_20013	1	1	unique
OG_20014	1	1	unique
OG_20015	1	1	unique
OG_20016	1	1	unique
OG_20017	1	1	unique
OG_20018	1	1	unique
OG_20019	1	1	unique
OG_20020	1	1	unique
OG_20021	1	1	unique
OG_20022	1	1	unique
OG_20023	1	1	unique
OG_20024	1	1	unique
OG_20025	1	1	unique
OG_20026	1	1	unique
OG_20027	1	1	unique
OG_20028	1	1	unique
OG_20029	1	1	unique
OG_20030	1	1	unique
OG_20031	1	1	unique
OG_20032	1	1	unique
OG_20033	1	1	unique
OG_20034	1	1	unique
OG_20035	1	1	unique
OG_20036	1	1	unique
OG_20037	1	1	unique
OG_20038	1	1	unique
OG_20039	1	1	unique
OG_20040	1	1	unique
OG_20041	1	1	unique
OG_20042	1	1	unique
OG_20043	1	1	unique
OG_20044	1	1	unique
OG_20045	1	1	unique
OG_20046	1	1	unique
OG_20047	1	1	unique
OG_20048	1	1	unique
OG_20049	1	1	unique
OG_20050	1	1	unique
OG_20051	1	1	unique
OG_20052	1	1	unique
OG_20053	1	1	unique
OG_20054	1	1	unique
OG_20055	1	1	unique
OG_20056	1	1	unique
OG_20057	1	1	unique
OG_20058	1	1	unique
OG_20059	1	1	unique
OG_20060	1	1	unique
OG_20061	1	1	unique
OG_20062	1	1	unique
OG_20063	1	1	unique
OG_20064	1	1	unique
OG_20065	1	1	unique
OG_20066	1	1	unique
OG_20067	1	1	unique
OG_20068	1	1	unique
OG_20069	1	1	unique
OG_20070	1	1	unique
OG_20071	1	1	unique
OG_20072	1	1	unique
OG_20073	1	1	unique
OG_20074	1	1	unique
OG_20075	1	1	unique
OG_20076	1	1	unique
OG_20077	1	1	unique
OG_20078	1	1	unique
OG_20079	1	1	unique
OG_20080	1	1	unique
OG_20081	1	1	unique
OG_20082	1	1	unique
OG_20083	1	1	unique
OG_20084	1	1	unique
OG_20085	1	1	unique
OG_20086	1	1	unique
OG_20087	1	1	unique
OG_20088	1	1	unique
OG_20089	1	1	unique
OG_20090	1	1	unique
OG_20091	1	1	unique
OG_20092	1	1	unique
OG_20093	1	1	unique
OG_20094	1	1	unique
OG_20095	1	1	unique
OG_20096	1	1	unique
OG_20097	1	1	unique
OG_20098	1	1	unique
OG_20099	1	1	unique
OG_20100	1	1	unique
OG_20101	1	1	unique
OG_20102	1	1	unique
OG_20103	1	1	unique
OG_20104	1	1	unique
OG_20105	1	1	unique
OG_20106	1	1	unique
OG_20107	1	1	unique
OG_20108	1	1	unique
OG_20109	1	1	unique
OG_20110	1	1	unique
OG_20111	1	1	unique
OG_20112	1	1	unique
OG_20113	1	1	unique
OG_20114	1	1	unique
OG_20115	1	1	unique
OG_20116	1	1	unique
OG_20117	1	1	unique
OG_20118	1	1	unique
OG_20119	1	1	unique
OG_20120	1	1	unique
OG_20121	1	1	unique
OG_20122	1	1	unique
OG_20123	1	1	unique
OG_20124	1	1	unique
OG_20125	1	1	unique
OG_20126	1	1	unique
OG_20127	1	1	unique
OG_20128	1	1	unique
OG_20129	1	1	unique
OG_20130	1	1	unique
OG_20131	1	1	unique
OG_20132	1	1	unique
OG_20133	1	1	unique
OG_20134	1	1	unique
OG_20135	1	1	unique
OG_20136	1	1	unique
OG_20137	1	1	unique
OG_20138	1	1	unique
OG_20139	1	1	unique
OG_20140	1	1	unique
OG_20141	1	1	unique
OG_20142	1	1	unique
OG_20143	1	1	unique
OG_20144	1	1	unique
OG_20145	1	1	unique
OG_20146	1	1	unique
OG_20147	1	1	unique
OG_20148	1	1	unique
OG_20149	1	1	unique
OG_20150	1	1	unique
OG_20151	1	1	unique
OG_20152	1	1	unique
OG_20153	1	1	unique
OG_20154	1	1	unique
OG_20155	1	1	unique
OG_20156	1	1	unique
OG_20157	1	1	unique
OG_20158	1	1	unique
OG_20159	1	1	unique
OG_20160	1	1	unique
OG_20161	1	1	unique
OG_20162	1	1	unique
OG_20163	1	1	unique
OG_20164	1	1	unique
OG_20165	1	1	unique
OG_20166	1	1	unique
OG_20167	1	1	unique
OG_20168	1	1	unique
OG_20169	1	1	unique
OG_20170	1	1	unique
OG_20171	1	1	unique
OG_20172	1	1	unique
OG_20173	1	1	unique
OG_20174	1	1	unique
OG_20175	1	1	unique
OG_20176	1	1	unique
OG_20177	1	1	unique
OG_20178	1	1	unique
OG_20179	1	1	unique
OG_20180	1	1	unique
OG_20181	1	1	unique
OG_20182	1	1	unique
OG_20183	1	1	unique
OG_20184	1	1	unique
OG_20185	1	1	unique
OG_20186	1	1	unique
OG_20187	1	1	unique
OG_20188	1	1	unique
OG_20189	1	1	unique
OG_20190	1	1	unique
OG_20191	1	1	unique
OG_20192	1	1	unique
OG_20193	1	1	unique
OG_20194	1	1	unique
OG_20195	1	1	unique
OG_20196	1	1	unique
OG_20197	1	1	unique
OG_20198	1	1	unique
OG_20199	1	1	unique
OG_20200	1	1	unique
OG_20201	1	1	unique
OG_20202	1	1	unique
OG_20203	1	1	unique
OG_20204	1	1	unique
OG_20205	1	1	unique
OG_20206	1	1	unique
OG_20207	1	1	unique
OG_20208	1	1	unique
OG_20209	1	1	unique
OG_20210	1	1	unique
OG_20211	1	1	unique
OG_20212	1	1	unique
OG_20213	1	1	unique
OG_20214	1	1	unique
OG_20215	1	1	unique
OG_20216	1	1	unique
OG_20217	1	1	unique
OG_20218	1	1	unique
OG_20219	1	1	unique
OG_20220	1	1	unique
OG_20221	1	1	unique
OG_20222	1	1	unique
OG_20223	1	1	unique
OG_20224	1	1	unique
OG_20225	1	1	unique
OG_20226	1	1	unique
OG_20227	1	1	unique
OG_20228	1	1	unique
OG_20229	1	1	unique
OG_20230	1	1	unique
OG_20231	1	1	unique
OG_20232	1	1	unique
OG_20233	1	1	unique
OG_20234	1	1	unique
OG_20235	1	1	unique
OG_20236	1	1	unique
OG_20237	1	1	unique
OG_20238	1	1	unique
OG_20239	1	1	unique
OG_20240	1	1	unique
OG_20241	1	1	unique
OG_20242	1	1	unique
OG_20243	1	1	unique
OG_20244	1	1	unique
OG_20245	1	1	unique
OG_20246	1	1	unique
OG_20247	1	1	unique
OG_20248	1	1	unique
OG_20249	1	1	unique
OG_20250	1	1	unique
OG_20251	1	1	unique
OG_20252	1	1	unique
OG_20253	1	1	unique
OG_20254	1	1	unique
OG_20255	1	1	unique
OG_20256	1	1	unique
OG_20257	1	1	unique
OG_20258	1	1	unique
OG_20259	1	1	unique
OG_20260	1	1	unique
OG_20261	1	1	unique
OG_20262	1	1	unique
OG_20263	1	1	unique
OG_20264	1	1	unique
OG_20265	1	1	unique
OG_20266	1	1	unique
OG_20267	1	1	unique
OG_20268	1	1	unique
OG_20269	1	1	unique
OG_20270	1	1	unique
OG_20271	1	1	unique
OG_20272	1	1	unique
OG_20273	1	1	unique
OG_20274	1	1	unique
OG_20275	1	1	unique
OG_20276	1	1	unique
OG_20277	1	1	unique
OG_20278	1	1	unique
OG_20279	1	1	unique
OG_20280	1	1	unique
OG_20281	1	1	unique
OG_20282	1	1	unique
OG_20283	1	1	unique
OG_20284	1	1	unique
OG_20285	1	1	unique
OG_20286	1	1	unique
OG_20287	1	1	unique
OG_20288	1	1	unique
OG_20289	1	1	unique
OG_20290	1	1	unique
OG_20291	1	1	unique
OG_20292	1	1	unique
OG_20293	1	1	unique
OG_20294	1	1	unique
OG_20295	1	1	unique
OG_20296	1	1	unique
OG_20297	1	1	unique
OG_20298	1	1	unique
OG_20299	1	1	unique
OG_20300	1	1	unique
OG_20301	1	1	unique
OG_20302	1	1	unique
OG_20303	1	1	unique
OG_20304	1	1	unique
OG_20305	1	1	unique
OG_20306	1	1	unique
OG_20307	1	1	unique
OG_20308	1	1	unique
OG_20309	1	1	unique
OG_20310	1	1	unique
OG_20311	1	1	unique
OG_20312	1	1	unique
OG_20313	1	1	unique
OG_20314	1	1	unique
OG_20315	1	1	unique
OG_20316	1	1	unique
OG_20317	1	1	unique
OG_20318	1	1	unique
OG_20319	1	1	unique
OG_20320	1	1	unique
OG_20321	1	1	unique
OG_20322	1	1	unique
OG_20323	1	1	unique
OG_20324	1	1	unique
OG_20325	1	1	unique
OG_20326	1	1	unique
OG_20327	1	1	unique
OG_20328	1	1	unique
OG_20329	1	1	unique
OG_20330	1	1	unique
OG_20331	1	1	unique
OG_20332	1	1	unique
OG_20333	1	1	unique
OG_20334	1	1	unique
OG_20335	1	1	unique
OG_20336	1	1	unique
OG_20337	1	1	unique
OG_20338	1	1	unique
OG_20339	1	1	unique
OG_20340	1	1	unique
OG_20341	1	1	unique
OG_20342	1	1	unique
OG_20343	1	1	unique
OG_20344	1	1	unique
OG_20345	1	1	unique
OG_20346	1	1	unique
OG_20347	1	1	unique
OG_20348	1	1	unique
OG_20349	1	1	unique
OG_20350	1	1	unique
OG_20351	1	1	unique
OG_20352	1	1	unique
OG_20353	1	1	unique
OG_20354	1	1	unique
OG_20355	1	1	unique
OG_20356	1	1	unique
OG_20357	1	1	unique
OG_20358	1	1	unique
OG_20359	1	1	unique
OG_20360	1	1	unique
OG_20361	1	1	unique
OG_20362	1	1	unique
OG_20363	1	1	unique
OG_20364	1	1	unique
OG_20365	1	1	unique
OG_20366	1	1	unique
OG_20367	1	1	unique
OG_20368	1	1	unique
OG_20369	1	1	unique
OG_20370	1	1	unique
OG_20371	1	1	unique
OG_20372	1	1	unique
OG_20373	1	1	unique
OG_20374	1	1	unique
OG_20375	1	1	unique
OG_20376	1	1	unique
OG_20377	1	1	unique
OG_20378	1	1	unique
OG_20379	1	1	unique
OG_20380	1	1	unique
OG_20381	1	1	unique
OG_20382	1	1	unique
OG_20383	1	1	unique
OG_20384	1	1	unique
OG_20385	1	1	unique
OG_20386	1	1	unique
OG_20387	1	1	unique
OG_20388	1	1	unique
OG_20389	1	1	unique
OG_20390	1	1	unique
OG_20391	1	1	unique
OG_20392	1	1	unique
OG_20393	1	1	unique
OG_20394	1	1	unique
OG_20395	1	1	unique
OG_20396	1	1	unique
OG_20397	1	1	unique
OG_20398	1	1	unique
OG_20399	1	1	unique
OG_20400	1	1	unique
OG_20401	1	1	unique
OG_20402	1	1	unique
OG_20403	1	1	unique
OG_20404	1	1	unique
OG_20405	1	1	unique
OG_20406	1	1	unique
OG_20407	1	1	unique
OG_20408	1	1	unique
OG_20409	1	1	unique
OG_20410	1	1	unique
OG_20411	1	1	unique
OG_20412	1	1	unique
OG_20413	1	1	unique
OG_20414	1	1	unique
OG_20415	1	1	unique
OG_20416	1	1	unique
OG_20417	1	1	unique
OG_20418	1	1	unique
OG_20419	1	1	unique
OG_20420	1	1	unique
OG_20421	1	1	unique
OG_20422	1	1	unique
OG_20423	1	1	unique
OG_20424	1	1	unique
OG_20425	1	1	unique
OG_20426	1	1	unique
OG_20427	1	1	unique
OG_20428	1	1	unique
OG_20429	1	1	unique
OG_20430	1	1	unique
OG_20431	1	1	unique
OG_20432	1	1	unique
OG_20433	1	1	unique
OG_20434	1	1	unique
OG_20435	1	1	unique
OG_20436	1	1	unique
OG_20437	1	1	unique
OG_20438	1	1	unique
OG_20439	1	1	unique
OG_20440	1	1	unique
OG_20441	1	1	unique
OG_20442	1	1	unique
OG_20443	1	1	unique
OG_20444	1	1	unique
OG_20445	1	1	unique
OG_20446	1	1	unique
OG_20447	1	1	unique
OG_20448	1	1	unique
OG_20449	1	1	unique
OG_20450	1	1	unique
OG_20451	1	1	unique
OG_20452	1	1	unique
OG_20453	1	1	unique
OG_20454	1	1	unique
OG_20455	1	1	unique
OG_20456	1	1	unique
OG_20457	1	1	unique
OG_20458	1	1	unique
OG_20459	1	1	unique
OG_20460	1	1	unique
OG_20461	1	1	unique
OG_20462	1	1	unique
OG_20463	1	1	unique
OG_20464	1	1	unique
OG_20465	1	1	unique
OG_20466	1	1	unique
OG_20467	1	1	unique
OG_20468	1	1	unique
OG_20469	1	1	unique
OG_20470	1	1	unique
OG_20471	1	1	unique
OG_20472	1	1	unique
OG_20473	1	1	unique
OG_20474	1	1	unique
OG_20475	1	1	unique
OG_20476	1	1	unique
OG_20477	1	1	unique
OG_20478	1	1	unique
OG_20479	1	1	unique
OG_20480	1	1	unique
OG_20481	1	1	unique
OG_20482	1	1	unique
OG_20483	1	1	unique
OG_20484	1	1	unique
OG_20485	1	1	unique
OG_20486	1	1	unique
OG_20487	1	1	unique
OG_20488	1	1	unique
OG_20489	1	1	unique
OG_20490	1	1	unique
OG_20491	1	1	unique
OG_20492	1	1	unique
OG_20493	1	1	unique
OG_20494	1	1	unique
OG_20495	1	1	unique
OG_20496	1	1	unique
OG_20497	1	1	unique
OG_20498	1	1	unique
OG_20499	1	1	unique
OG_20500	1	1	unique
OG_20501	1	1	unique
OG_20502	1	1	unique
OG_20503	1	1	unique
OG_20504	1	1	unique
OG_20505	1	1	unique
OG_20506	1	1	unique
OG_20507	1	1	unique
OG_20508	1	1	unique
OG_20509	1	1	unique
OG_20510	1	1	unique
OG_20511	1	1	unique
OG_20512	1	1	unique
OG_20513	1	1	unique
OG_20514	1	1	unique
OG_20515	1	1	unique
OG_20516	1	1	unique
OG_20517	1	1	unique
OG_20518	1	1	unique
OG_20519	1	1	unique
OG_20520	1	1	unique
OG_20521	1	1	unique
OG_20522	1	1	unique
OG_20523	1	1	unique
OG_20524	1	1	unique
OG_20525	1	1	unique
OG_20526	1	1	unique
OG_20527	1	1	unique
OG_20528	1	1	unique
OG_20529	1	1	unique
OG_20530	1	1	unique
OG_20531	1	1	unique
OG_20532	1	1	unique
OG_20533	1	1	unique
OG_20534	1	1	unique
OG_20535	1	1	unique
OG_20536	1	1	unique
OG_20537	1	1	unique
OG_20538	1	1	unique
OG_20539	1	1	unique
OG_20540	1	1	unique
OG_20541	1	1	unique
OG_20542	1	1	unique
OG_20543	1	1	unique
OG_20544	1	1	unique
OG_20545	1	1	unique
OG_20546	1	1	unique
OG_20547	1	1	unique
OG_20548	1	1	unique
OG_20549	1	1	unique
OG_20550	1	1	unique
OG_20551	1	1	unique
OG_20552	1	1	unique
OG_20553	1	1	unique
OG_20554	1	1	unique
OG_20555	1	1	unique
OG_20556	1	1	unique
OG_20557	1	1	unique
OG_20558	1	1	unique
OG_20559	1	1	unique
OG_20560	1	1	unique
OG_20561	1	1	unique
OG_20562	1	1	unique
OG_20563	1	1	unique
OG_20564	1	1	unique
OG_20565	1	1	unique
OG_20566	1	1	unique
OG_20567	1	1	unique
OG_20568	1	1	unique
OG_20569	1	1	unique
OG_20570	1	1	unique
OG_20571	1	1	unique
OG_20572	1	1	unique
OG_20573	1	1	unique
OG_20574	1	1	unique
OG_20575	1	1	unique
OG_20576	1	1	unique
OG_20577	1	1	unique
OG_20578	1	1	unique
OG_20579	1	1	unique
OG_20580	1	1	unique
OG_20581	1	1	unique
OG_20582	1	1	unique
OG_20583	1	1	unique
OG_20584	1	1	unique
OG_20585	1	1	unique
OG_20586	1	1	unique
OG_20587	1	1	unique
OG_20588	1	1	unique
OG_20589	1	1	unique
OG_20590	1	1	unique
OG_20591	1	1	unique
OG_20592	1	1	unique
OG_20593	1	1	unique
OG_20594	1	1	unique
OG_20595	1	1	unique
OG_20596	1	1	unique
OG_20597	1	1	unique
OG_20598	1	1	unique
OG_20599	1	1	unique
OG_20600	1	1	unique
OG_20601	1	1	unique
OG_20602	1	1	unique
OG_20603	1	1	unique
OG_20604	1	1	unique
OG_20605	1	1	unique
OG_20606	1	1	unique
OG_20607	1	1	unique
OG_20608	1	1	unique
OG_20609	1	1	unique
OG_20610	1	1	unique
OG_20611	1	1	unique
OG_20612	1	1	unique
OG_20613	1	1	unique
OG_20614	1	1	unique
OG_20615	1	1	unique
OG_20616	1	1	unique
OG_20617	1	1	unique
OG_20618	1	1	unique
OG_20619	1	1	unique
OG_20620	1	1	unique
OG_20621	1	1	unique
OG_20622	1	1	unique
OG_20623	1	1	unique
OG_20624	1	1	unique
OG_20625	1	1	unique
OG_20626	1	1	unique
OG_20627	1	1	unique
OG_20628	1	1	unique
OG_20629	1	1	unique
OG_20630	1	1	unique
OG_20631	1	1	unique
OG_20632	1	1	unique
OG_20633	1	1	unique
OG_20634	1	1	unique
OG_20635	1	1	unique
OG_20636	1	1	unique
OG_20637	1	1	unique
OG_20638	1	1	unique
OG_20639	1	1	unique
OG_20640	1	1	unique
OG_20641	1	1	unique
OG_20642	1	1	unique
OG_20643	1	1	unique
OG_20644	1	1	unique
OG_20645	1	1	unique
OG_20646	1	1	unique
OG_20647	1	1	unique
OG_20648	1	1	unique
OG_20649	1	1	unique
OG_20650	1	1	unique
OG_20651	1	1	unique
OG_20652	1	1	unique
OG_20653	1	1	unique
OG_20654	1	1	unique
OG_20655	1	1	unique
OG_20656	1	1	unique
OG_20657	1	1	unique
OG_20658	1	1	unique
OG_20659	1	1	unique
OG_20660	1	1	unique
OG_20661	1	1	unique
OG_20662	1	1	unique
OG_20663	1	1	unique
OG_20664	1	1	unique
OG_20665	1	1	unique
OG_20666	1	1	unique
OG_20667	1	1	unique
OG_20668	1	1	unique
OG_20669	1	1	unique
OG_20670	1	1	unique
OG_20671	1	1	unique
OG_20672	1	1	unique
OG_20673	1	1	unique
OG_20674	1	1	unique
OG_20675	1	1	unique
OG_20676	1	1	unique
OG_20677	1	1	unique
OG_20678	1	1	unique
OG_20679	1	1	unique
OG_20680	1	1	unique
OG_20681	1	1	unique
OG_20682	1	1	unique
OG_20683	1	1	unique
OG_20684	1	1	unique
OG_20685	1	1	unique
OG_20686	1	1	unique
OG_20687	1	1	unique
OG_20688	1	1	unique
OG_20689	1	1	unique
OG_20690	1	1	unique
OG_20691	1	1	unique
OG_20692	1	1	unique
OG_20693	1	1	unique
OG_20694	1	1	unique
OG_20695	1	1	unique
OG_20696	1	1	unique
OG_20697	1	1	unique
OG_20698	1	1	unique
OG_20699	1	1	unique
OG_20700	1	1	unique
OG_20701	1	1	unique
OG_20702	1	1	unique
OG_20703	1	1	unique
OG_20704	1	1	unique
OG_20705	1	1	unique
OG_20706	1	1	unique
OG_20707	1	1	unique
OG_20708	1	1	unique
OG_20709	1	1	unique
OG_20710	1	1	unique
OG_20711	1	1	unique
OG_20712	1	1	unique
OG_20713	1	1	unique
OG_20714	1	1	unique
OG_20715	1	1	unique
OG_20716	1	1	unique
OG_20717	1	1	unique
OG_20718	1	1	unique
OG_20719	1	1	unique
OG_20720	1	1	unique
OG_20721	1	1	unique
OG_20722	1	1	unique
OG_20723	1	1	unique
OG_20724	1	1	unique
OG_20725	1	1	unique
OG_20726	1	1	unique
OG_20727	1	1	unique
OG_20728	1	1	unique
OG_20729	1	1	unique
OG_20730	1	1	unique
OG_20731	1	1	unique
OG_20732	1	1	unique
OG_20733	1	1	unique
OG_20734	1	1	unique
OG_20735	1	1	unique
OG_20736	1	1	unique
OG_20737	1	1	unique
OG_20738	1	1	unique
OG_20739	1	1	unique
OG_20740	1	1	unique
OG_20741	1	1	unique
OG_20742	1	1	unique
OG_20743	1	1	unique
OG_20744	1	1	unique
OG_20745	1	1	unique
OG_20746	1	1	unique
OG_20747	1	1	unique
OG_20748	1	1	unique
OG_20749	1	1	unique
OG_20750	1	1	unique
OG_20751	1	1	unique
OG_20752	1	1	unique
OG_20753	1	1	unique
OG_20754	1	1	unique
OG_20755	1	1	unique
OG_20756	1	1	unique
OG_20757	1	1	unique
OG_20758	1	1	unique
OG_20759	1	1	unique
OG_20760	1	1	unique
OG_20761	1	1	unique
OG_20762	1	1	unique
OG_20763	1	1	unique
OG_20764	1	1	unique
OG_20765	1	1	unique
OG_20766	1	1	unique
OG_20767	1	1	unique
OG_20768	1	1	unique
OG_20769	1	1	unique
OG_20770	1	1	unique
OG_20771	1	1	unique
OG_20772	1	1	unique
OG_20773	1	1	unique
OG_20774	1	1	unique
OG_20775	1	1	unique
OG_20776	1	1	unique
OG_20777	1	1	unique
OG_20778	1	1	unique
OG_20779	1	1	unique
OG_20780	1	1	unique
OG_20781	1	1	unique
OG_20782	1	1	unique
OG_20783	1	1	unique
OG_20784	1	1	unique
OG_20785	1	1	unique
OG_20786	1	1	unique
OG_20787	1	1	unique
OG_20788	1	1	unique
OG_20789	1	1	unique
OG_20790	1	1	unique
OG_20791	1	1	unique
OG_20792	1	1	unique
OG_20793	1	1	unique
OG_20794	1	1	unique
OG_20795	1	1	unique
OG_20796	1	1	unique
OG_20797	1	1	unique
OG_20798	1	1	unique
OG_20799	1	1	unique
OG_20800	1	1	unique
OG_20801	1	1	unique
OG_20802	1	1	unique
OG_20803	1	1	unique
OG_20804	1	1	unique
OG_20805	1	1	unique
OG_20806	1	1	unique
OG_20807	1	1	unique
OG_20808	1	1	unique
OG_20809	1	1	unique
OG_20810	1	1	unique
OG_20811	1	1	unique
OG_20812	1	1	unique
OG_20813	1	1	unique
OG_20814	1	1	unique
OG_20815	1	1	unique
OG_20816	1	1	unique
OG_20817	1	1	unique
OG_20818	1	1	unique
OG_20819	1	1	unique
OG_20820	1	1	unique
OG_20821	1	1	unique
OG_20822	1	1	unique
OG_20823	1	1	unique
OG_20824	1	1	unique
OG_20825	1	1	unique
OG_20826	1	1	unique
OG_20827	1	1	unique
OG_20828	1	1	unique
OG_20829	1	1	unique
OG_20830	1	1	unique
OG_20831	1	1	unique
OG_20832	1	1	unique
OG_20833	1	1	unique
OG_20834	1	1	unique
OG_20835	1	1	unique
OG_20836	1	1	unique
OG_20837	1	1	unique
OG_20838	1	1	unique
OG_20839	1	1	unique
OG_20840	1	1	unique
OG_20841	1	1	unique
OG_20842	1	1	unique
OG_20843	1	1	unique
OG_20844	1	1	unique
OG_20845	1	1	unique
OG_20846	1	1	unique
OG_20847	1	1	unique
OG_20848	1	1	unique
OG_20849	1	1	unique
OG_20850	1	1	unique
OG_20851	1	1	unique
OG_20852	1	1	unique
OG_20853	1	1	unique
OG_20854	1	1	unique
OG_20855	1	1	unique
OG_20856	1	1	unique
OG_20857	1	1	unique
OG_20858	1	1	unique
OG_20859	1	1	unique
OG_20860	1	1	unique
OG_20861	1	1	unique
OG_20862	1	1	unique
OG_20863	1	1	unique
OG_20864	1	1	unique
OG_20865	1	1	unique
OG_20866	1	1	unique
OG_20867	1	1	unique
OG_20868	1	1	unique
OG_20869	1	1	unique
OG_20870	1	1	unique
OG_20871	1	1	unique
OG_20872	1	1	unique
OG_20873	1	1	unique
OG_20874	1	1	unique
OG_20875	1	1	unique
OG_20876	1	1	unique
OG_20877	1	1	unique
OG_20878	1	1	unique
OG_20879	1	1	unique
OG_20880	1	1	unique
OG_20881	1	1	unique
OG_20882	1	1	unique
OG_20883	1	1	unique
OG_20884	1	1	unique
OG_20885	1	1	unique
OG_20886	1	1	unique
OG_20887	1	1	unique
OG_20888	1	1	unique
OG_20889	1	1	unique
OG_20890	1	1	unique
OG_20891	1	1	unique
OG_20892	1	1	unique
OG_20893	1	1	unique
OG_20894	1	1	unique
OG_20895	1	1	unique
OG_20896	1	1	unique
OG_20897	1	1	unique
OG_20898	1	1	unique
OG_20899	1	1	unique
OG_20900	1	1	unique
OG_20901	1	1	unique
OG_20902	1	1	unique
OG_20903	1	1	unique
OG_20904	1	1	unique
OG_20905	1	1	unique
OG_20906	1	1	unique
OG_20907	1	1	unique
OG_20908	1	1	unique
OG_20909	1	1	unique
OG_20910	1	1	unique
OG_20911	1	1	unique
OG_20912	1	1	unique
OG_20913	1	1	unique
OG_20914	1	1	unique
OG_20915	1	1	unique
OG_20916	1	1	unique
OG_20917	1	1	unique
OG_20918	1	1	unique
OG_20919	1	1	unique
OG_20920	1	1	unique
OG_20921	1	1	unique
OG_20922	1	1	unique
OG_20923	1	1	unique
OG_20924	1	1	unique
OG_20925	1	1	unique
OG_20926	1	1	unique
OG_20927	1	1	unique
OG_20928	1	1	unique
OG_20929	1	1	unique
OG_20930	1	1	unique
OG_20931	1	1	unique
OG_20932	1	1	unique
OG_20933	1	1	unique
OG_20934	1	1	unique
OG_20935	1	1	unique
OG_20936	1	1	unique
OG_20937	1	1	unique
OG_20938	1	1	unique
OG_20939	1	1	unique
OG_20940	1	1	unique
OG_20941	1	1	unique
OG_20942	1	1	unique
OG_20943	1	1	unique
OG_20944	1	1	unique
OG_20945	1	1	unique
OG_20946	1	1	unique
OG_20947	1	1	unique
OG_20948	1	1	unique
OG_20949	1	1	unique
OG_20950	1	1	unique
OG_20951	1	1	unique
OG_20952	1	1	unique
OG_20953	1	1	unique
OG_20954	1	1	unique
OG_20955	1	1	unique
OG_20956	1	1	unique
OG_20957	1	1	unique
OG_20958	1	1	unique
OG_20959	1	1	unique
OG_20960	1	1	unique
OG_20961	1	1	unique
OG_20962	1	1	unique
OG_20963	1	1	unique
OG_20964	1	1	unique
OG_20965	1	1	unique
OG_20966	1	1	unique
OG_20967	1	1	unique
OG_20968	1	1	unique
OG_20969	1	1	unique
OG_20970	1	1	unique
OG_20971	1	1	unique
OG_20972	1	1	unique
OG_20973	1	1	unique
OG_20974	1	1	unique
OG_20975	1	1	unique
OG_20976	1	1	unique
OG_20977	1	1	unique
OG_20978	1	1	unique
OG_20979	1	1	unique
OG_20980	1	1	unique
OG_20981	1	1	unique
OG_20982	1	1	unique
OG_20983	1	1	unique
OG_20984	1	1	unique
OG_20985	1	1	unique
OG_20986	1	1	unique
OG_20987	1	1	unique
OG_20988	1	1	unique
OG_20989	1	1	unique
OG_20990	1	1	unique
OG_20991	1	1	unique
OG_20992	1	1	unique
OG_20993	1	1	unique
OG_20994	1	1	unique
OG_20995	1	1	unique
OG_20996	1	1	unique
OG_20997	1	1	unique
OG_20998	1	1	unique
OG_20999	1	1	unique
OG_21000	1	1	unique
OG_21001	1	1	unique
OG_21002	1	1	unique
OG_21003	1	1	unique
OG_21004	1	1	unique
OG_21005	1	1	unique
OG_21006	1	1	unique
OG_21007	1	1	unique
OG_21008	1	1	unique
OG_21009	1	1	unique
OG_21010	1	1	unique
OG_21011	1	1	unique
OG_21012	1	1	unique
OG_21013	1	1	unique
OG_21014	1	1	unique
OG_21015	1	1	unique
OG_21016	1	1	unique
OG_21017	1	1	unique
OG_21018	1	1	unique
OG_21019	1	1	unique
OG_21020	1	1	unique
OG_21021	1	1	unique
OG_21022	1	1	unique
OG_21023	1	1	unique
OG_21024	1	1	unique
OG_21025	1	1	unique
OG_21026	1	1	unique
OG_21027	1	1	unique
OG_21028	1	1	unique
OG_21029	1	1	unique
OG_21030	1	1	unique
OG_21031	1	1	unique
OG_21032	1	1	unique
OG_21033	1	1	unique
OG_21034	1	1	unique
OG_21035	1	1	unique
OG_21036	1	1	unique
OG_21037	1	1	unique
OG_21038	1	1	unique
OG_21039	1	1	unique
OG_21040	1	1	unique
OG_21041	1	1	unique
OG_21042	1	1	unique
OG_21043	1	1	unique
OG_21044	1	1	unique
OG_21045	1	1	unique
OG_21046	1	1	unique
OG_21047	1	1	unique
OG_21048	1	1	unique
OG_21049	1	1	unique
OG_21050	1	1	unique
OG_21051	1	1	unique
OG_21052	1	1	unique
OG_21053	1	1	unique
OG_21054	1	1	unique
OG_21055	1	1	unique
OG_21056	1	1	unique
OG_21057	1	1	unique
OG_21058	1	1	unique
OG_21059	1	1	unique
OG_21060	1	1	unique
OG_21061	1	1	unique
OG_21062	1	1	unique
OG_21063	1	1	unique
OG_21064	1	1	unique
OG_21065	1	1	unique
OG_21066	1	1	unique
OG_21067	1	1	unique
OG_21068	1	1	unique
OG_21069	1	1	unique
OG_21070	1	1	unique
OG_21071	1	1	unique
OG_21072	1	1	unique
OG_21073	1	1	unique
OG_21074	1	1	unique
OG_21075	1	1	unique
OG_21076	1	1	unique
OG_21077	1	1	unique
OG_21078	1	1	unique
OG_21079	1	1	unique
OG_21080	1	1	unique
OG_21081	1	1	unique
OG_21082	1	1	unique
OG_21083	1	1	unique
OG_21084	1	1	unique
OG_21085	1	1	unique
OG_21086	1	1	unique
OG_21087	1	1	unique
OG_21088	1	1	unique
OG_21089	1	1	unique
OG_21090	1	1	unique
OG_21091	1	1	unique
OG_21092	1	1	unique
OG_21093	1	1	unique
OG_21094	1	1	unique
OG_21095	1	1	unique
OG_21096	1	1	unique
OG_21097	1	1	unique
OG_21098	1	1	unique
OG_21099	1	1	unique
OG_21100	1	1	unique
OG_21101	1	1	unique
OG_21102	1	1	unique
OG_21103	1	1	unique
OG_21104	1	1	unique
OG_21105	1	1	unique
OG_21106	1	1	unique
OG_21107	1	1	unique
OG_21108	1	1	unique
OG_21109	1	1	unique
OG_21110	1	1	unique
OG_21111	1	1	unique
OG_21112	1	1	unique
OG_21113	1	1	unique
OG_21114	1	1	unique
OG_21115	1	1	unique
OG_21116	1	1	unique
OG_21117	1	1	unique
OG_21118	1	1	unique
OG_21119	1	1	unique
OG_21120	1	1	unique
OG_21121	1	1	unique
OG_21122	1	1	unique
OG_21123	1	1	unique
OG_21124	1	1	unique
OG_21125	1	1	unique
OG_21126	1	1	unique
OG_21127	1	1	unique
OG_21128	1	1	unique
OG_21129	1	1	unique
OG_21130	1	1	unique
OG_21131	1	1	unique
OG_21132	1	1	unique
OG_21133	1	1	unique
OG_21134	1	1	unique
OG_21135	1	1	unique
OG_21136	1	1	unique
OG_21137	1	1	unique
OG_21138	1	1	unique
OG_21139	1	1	unique
OG_21140	1	1	unique
OG_21141	1	1	unique
OG_21142	1	1	unique
OG_21143	1	1	unique
OG_21144	1	1	unique
OG_21145	1	1	unique
OG_21146	1	1	unique
OG_21147	1	1	unique
OG_21148	1	1	unique
OG_21149	1	1	unique
OG_21150	1	1	unique
OG_21151	1	1	unique
OG_21152	1	1	unique
OG_21153	1	1	unique
OG_21154	1	1	unique
OG_21155	1	1	unique
OG_21156	1	1	unique
OG_21157	1	1	unique
OG_21158	1	1	unique
OG_21159	1	1	unique
OG_21160	1	1	unique
OG_21161	1	1	unique
OG_21162	1	1	unique
OG_21163	1	1	unique
OG_21164	1	1	unique
OG_21165	1	1	unique
OG_21166	1	1	unique
OG_21167	1	1	unique
OG_21168	1	1	unique
OG_21169	1	1	unique
OG_21170	1	1	unique
OG_21171	1	1	unique
OG_21172	1	1	unique
OG_21173	1	1	unique
OG_21174	1	1	unique
OG_21175	1	1	unique
OG_21176	1	1	unique
OG_21177	1	1	unique
OG_21178	1	1	unique
OG_21179	1	1	unique
OG_21180	1	1	unique
OG_21181	1	1	unique
OG_21182	1	1	unique
OG_21183	1	1	unique
OG_21184	1	1	unique
OG_21185	1	1	unique
OG_21186	1	1	unique
OG_21187	1	1	unique
OG_21188	1	1	unique
OG_21189	1	1	unique
OG_21190	1	1	unique
OG_21191	1	1	unique
OG_21192	1	1	unique
OG_21193	1	1	unique
OG_21194	1	1	unique
OG_21195	1	1	unique
OG_21196	1	1	unique
OG_21197	1	1	unique
OG_21198	1	1	unique
OG_21199	1	1	unique
OG_21200	1	1	unique
OG_21201	1	1	unique
OG_21202	1	1	unique
OG_21203	1	1	unique
OG_21204	1	1	unique
OG_21205	1	1	unique
OG_21206	1	1	unique
OG_21207	1	1	unique
OG_21208	1	1	unique
OG_21209	1	1	unique
OG_21210	1	1	unique
OG_21211	1	1	unique
OG_21212	1	1	unique
OG_21213	1	1	unique
OG_21214	1	1	unique
OG_21215	1	1	unique
OG_21216	1	1	unique
OG_21217	1	1	unique
OG_21218	1	1	unique
OG_21219	1	1	unique
OG_21220	1	1	unique
OG_21221	1	1	unique
OG_21222	1	1	unique
OG_21223	1	1	unique
OG_21224	1	1	unique
OG_21225	1	1	unique
OG_21226	1	1	unique
OG_21227	1	1	unique
OG_21228	1	1	unique
OG_21229	1	1	unique
OG_21230	1	1	unique
OG_21231	1	1	unique
OG_21232	1	1	unique
OG_21233	1	1	unique
OG_21234	1	1	unique
OG_21235	1	1	unique
OG_21236	1	1	unique
OG_21237	1	1	unique
OG_21238	1	1	unique
OG_21239	1	1	unique
OG_21240	1	1	unique
OG_21241	1	1	unique
OG_21242	1	1	unique
OG_21243	1	1	unique
OG_21244	1	1	unique
OG_21245	1	1	unique
OG_21246	1	1	unique
OG_21247	1	1	unique
OG_21248	1	1	unique
OG_21249	1	1	unique
OG_21250	1	1	unique
OG_21251	1	1	unique
OG_21252	1	1	unique
OG_21253	1	1	unique
OG_21254	1	1	unique
OG_21255	1	1	unique
OG_21256	1	1	unique
OG_21257	1	1	unique
OG_21258	1	1	unique
OG_21259	1	1	unique
OG_21260	1	1	unique
OG_21261	1	1	unique
OG_21262	1	1	unique
OG_21263	1	1	unique
OG_21264	1	1	unique
OG_21265	1	1	unique
OG_21266	1	1	unique
OG_21267	1	1	unique
OG_21268	1	1	unique
OG_21269	1	1	unique
OG_21270	1	1	unique
OG_21271	1	1	unique
OG_21272	1	1	unique
OG_21273	1	1	unique
OG_21274	1	1	unique
OG_21275	1	1	unique
OG_21276	1	1	unique
OG_21277	1	1	unique
OG_21278	1	1	unique
OG_21279	1	1	unique
OG_21280	1	1	unique
OG_21281	1	1	unique
OG_21282	1	1	unique
OG_21283	1	1	unique
OG_21284	1	1	unique
OG_21285	1	1	unique
OG_21286	1	1	unique
OG_21287	1	1	unique
OG_21288	1	1	unique
OG_21289	1	1	unique
OG_21290	1	1	unique
OG_21291	1	1	unique
OG_21292	1	1	unique
OG_21293	1	1	unique
OG_21294	1	1	unique
OG_21295	1	1	unique
OG_21296	1	1	unique
OG_21297	1	1	unique
OG_21298	1	1	unique
OG_21299	1	1	unique
OG_21300	1	1	unique
OG_21301	1	1	unique
OG_21302	1	1	unique
OG_21303	1	1	unique
OG_21304	1	1	unique
OG_21305	1	1	unique
OG_21306	1	1	unique
OG_21307	1	1	unique
OG_21308	1	1	unique
OG_21309	1	1	unique
OG_21310	1	1	unique
OG_21311	1	1	unique
OG_21312	1	1	unique
OG_21313	1	1	unique
OG_21314	1	1	unique
OG_21315	1	1	unique
OG_21316	1	1	unique
OG_21317	1	1	unique
OG_21318	1	1	unique
OG_21319	1	1	unique
OG_21320	1	1	unique
OG_21321	1	1	unique
OG_21322	1	1	unique
OG_21323	1	1	unique
OG_21324	1	1	unique
OG_21325	1	1	unique
OG_21326	1	1	unique
OG_21327	1	1	unique
OG_21328	1	1	unique
OG_21329	1	1	unique
OG_21330	1	1	unique
OG_21331	1	1	unique
OG_21332	1	1	unique
OG_21333	1	1	unique
OG_21334	1	1	unique
OG_21335	1	1	unique
OG_21336	1	1	unique
OG_21337	1	1	unique
OG_21338	1	1	unique
OG_21339	1	1	unique
OG_21340	1	1	unique
OG_21341	1	1	unique
OG_21342	1	1	unique
OG_21343	1	1	unique
OG_21344	1	1	unique
OG_21345	1	1	unique
OG_21346	1	1	unique
OG_21347	1	1	unique
OG_21348	1	1	unique
OG_21349	1	1	unique
OG_21350	1	1	unique
OG_21351	1	1	unique
OG_21352	1	1	unique
OG_21353	1	1	unique
OG_21354	1	1	unique
OG_21355	1	1	unique
OG_21356	1	1	unique
OG_21357	1	1	unique
OG_21358	1	1	unique
OG_21359	1	1	unique
OG_21360	1	1	unique
OG_21361	1	1	unique
OG_21362	1	1	unique
OG_21363	1	1	unique
OG_21364	1	1	unique
OG_21365	1	1	unique
OG_21366	1	1	unique
OG_21367	1	1	unique
OG_21368	1	1	unique
OG_21369	1	1	unique
OG_21370	1	1	unique
OG_21371	1	1	unique
OG_21372	1	1	unique
OG_21373	1	1	unique
OG_21374	1	1	unique
OG_21375	1	1	unique
OG_21376	1	1	unique
OG_21377	1	1	unique
OG_21378	1	1	unique
OG_21379	1	1	unique
OG_21380	1	1	unique
OG_21381	1	1	unique
OG_21382	1	1	unique
OG_21383	1	1	unique
OG_21384	1	1	unique
OG_21385	1	1	unique
OG_21386	1	1	unique
OG_21387	1	1	unique
OG_21388	1	1	unique
OG_21389	1	1	unique
OG_21390	1	1	unique
OG_21391	1	1	unique
OG_21392	1	1	unique
OG_21393	1	1	unique
OG_21394	1	1	unique
OG_21395	1	1	unique
OG_21396	1	1	unique
OG_21397	1	1	unique
OG_21398	1	1	unique
OG_21399	1	1	unique
OG_21400	1	1	unique
OG_21401	1	1	unique
OG_21402	1	1	unique
OG_21403	1	1	unique
OG_21404	1	1	unique
OG_21405	1	1	unique
OG_21406	1	1	unique
OG_21407	1	1	unique
OG_21408	1	1	unique
OG_21409	1	1	unique
OG_21410	1	1	unique
OG_21411	1	1	unique
OG_21412	1	1	unique
OG_21413	1	1	unique
OG_21414	1	1	unique
OG_21415	1	1	unique
OG_21416	1	1	unique
OG_21417	1	1	unique
OG_21418	1	1	unique
OG_21419	1	1	unique
OG_21420	1	1	unique
OG_21421	1	1	unique
OG_21422	1	1	unique
OG_21423	1	1	unique
OG_21424	1	1	unique
OG_21425	1	1	unique
OG_21426	1	1	unique
OG_21427	1	1	unique
OG_21428	1	1	unique
OG_21429	1	1	unique
OG_21430	1	1	unique
OG_21431	1	1	unique
OG_21432	1	1	unique
OG_21433	1	1	unique
OG_21434	1	1	unique
OG_21435	1	1	unique
OG_21436	1	1	unique
OG_21437	1	1	unique
OG_21438	1	1	unique
OG_21439	1	1	unique
OG_21440	1	1	unique
OG_21441	1	1	unique
OG_21442	1	1	unique
OG_21443	1	1	unique
OG_21444	1	1	unique
OG_21445	1	1	unique
OG_21446	1	1	unique
OG_21447	1	1	unique
OG_21448	1	1	unique
OG_21449	1	1	unique
OG_21450	1	1	unique
OG_21451	1	1	unique
OG_21452	1	1	unique
OG_21453	1	1	unique
OG_21454	1	1	unique
OG_21455	1	1	unique
OG_21456	1	1	unique
OG_21457	1	1	unique
OG_21458	1	1	unique
OG_21459	1	1	unique
OG_21460	1	1	unique
OG_21461	1	1	unique
OG_21462	1	1	unique
OG_21463	1	1	unique
OG_21464	1	1	unique
OG_21465	1	1	unique
OG_21466	1	1	unique
OG_21467	1	1	unique
OG_21468	1	1	unique
OG_21469	1	1	unique
OG_21470	1	1	unique
OG_21471	1	1	unique
OG_21472	1	1	unique
OG_21473	1	1	unique
OG_21474	1	1	unique
OG_21475	1	1	unique
OG_21476	1	1	unique
OG_21477	1	1	unique
OG_21478	1	1	unique
OG_21479	1	1	unique
OG_21480	1	1	unique
OG_21481	1	1	unique
OG_21482	1	1	unique
OG_21483	1	1	unique
OG_21484	1	1	unique
OG_21485	1	1	unique
OG_21486	1	1	unique
OG_21487	1	1	unique
OG_21488	1	1	unique
OG_21489	1	1	unique
OG_21490	1	1	unique
OG_21491	1	1	unique
OG_21492	1	1	unique
OG_21493	1	1	unique
OG_21494	1	1	unique
OG_21495	1	1	unique
OG_21496	1	1	unique
OG_21497	1	1	unique
OG_21498	1	1	unique
OG_21499	1	1	unique
OG_21500	1	1	unique
OG_21501	1	1	unique
OG_21502	1	1	unique
OG_21503	1	1	unique
OG_21504	1	1	unique
OG_21505	1	1	unique
OG_21506	1	1	unique
OG_21507	1	1	unique
OG_21508	1	1	unique
OG_21509	1	1	unique
OG_21510	1	1	unique
OG_21511	1	1	unique
OG_21512	1	1	unique
OG_21513	1	1	unique
OG_21514	1	1	unique
OG_21515	1	1	unique
OG_21516	1	1	unique
OG_21517	1	1	unique
OG_21518	1	1	unique
OG_21519	1	1	unique
OG_21520	1	1	unique
OG_21521	1	1	unique
OG_21522	1	1	unique
OG_21523	1	1	unique
OG_21524	1	1	unique
OG_21525	1	1	unique
OG_21526	1	1	unique
OG_21527	1	1	unique
OG_21528	1	1	unique
OG_21529	1	1	unique
OG_21530	1	1	unique
OG_21531	1	1	unique
OG_21532	1	1	unique
OG_21533	1	1	unique
OG_21534	1	1	unique
OG_21535	1	1	unique
OG_21536	1	1	unique
OG_21537	1	1	unique
OG_21538	1	1	unique
OG_21539	1	1	unique
OG_21540	1	1	unique
OG_21541	1	1	unique
OG_21542	1	1	unique
OG_21543	1	1	unique
OG_21544	1	1	unique
OG_21545	1	1	unique
OG_21546	1	1	unique
OG_21547	1	1	unique
OG_21548	1	1	unique
OG_21549	1	1	unique
OG_21550	1	1	unique
OG_21551	1	1	unique
OG_21552	1	1	unique
OG_21553	1	1	unique
OG_21554	1	1	unique
OG_21555	1	1	unique
OG_21556	1	1	unique
OG_21557	1	1	unique
OG_21558	1	1	unique
OG_21559	1	1	unique
OG_21560	1	1	unique
OG_21561	1	1	unique
OG_21562	1	1	unique
OG_21563	1	1	unique
OG_21564	1	1	unique
OG_21565	1	1	unique
OG_21566	1	1	unique
OG_21567	1	1	unique
OG_21568	1	1	unique
OG_21569	1	1	unique
OG_21570	1	1	unique
OG_21571	1	1	unique
OG_21572	1	1	unique
OG_21573	1	1	unique
OG_21574	1	1	unique
OG_21575	1	1	unique
OG_21576	1	1	unique
OG_21577	1	1	unique
OG_21578	1	1	unique
OG_21579	1	1	unique
OG_21580	1	1	unique
OG_21581	1	1	unique
OG_21582	1	1	unique
OG_21583	1	1	unique
OG_21584	1	1	unique
OG_21585	1	1	unique
OG_21586	1	1	unique
OG_21587	1	1	unique
OG_21588	1	1	unique
OG_21589	1	1	unique
OG_21590	1	1	unique
OG_21591	1	1	unique
OG_21592	1	1	unique
OG_21593	1	1	unique
OG_21594	1	1	unique
OG_21595	1	1	unique
OG_21596	1	1	unique
OG_21597	1	1	unique
OG_21598	1	1	unique
OG_21599	1	1	unique
OG_21600	1	1	unique
OG_21601	1	1	unique
OG_21602	1	1	unique
OG_21603	1	1	unique
OG_21604	1	1	unique
OG_21605	1	1	unique
OG_21606	1	1	unique
OG_21607	1	1	unique
OG_21608	1	1	unique
OG_21609	1	1	unique
OG_21610	1	1	unique
OG_21611	1	1	unique
OG_21612	1	1	unique
OG_21613	1	1	unique
OG_21614	1	1	unique
OG_21615	1	1	unique
OG_21616	1	1	unique
OG_21617	1	1	unique
OG_21618	1	1	unique
OG_21619	1	1	unique
OG_21620	1	1	unique
OG_21621	1	1	unique
OG_21622	1	1	unique
OG_21623	1	1	unique
OG_21624	1	1	unique
OG_21625	1	1	unique
OG_21626	1	1	unique
OG_21627	1	1	unique
OG_21628	1	1	unique
OG_21629	1	1	unique
OG_21630	1	1	unique
OG_21631	1	1	unique
OG_21632	1	1	unique
OG_21633	1	1	unique
OG_21634	1	1	unique
OG_21635	1	1	unique
OG_21636	1	1	unique
OG_21637	1	1	unique
OG_21638	1	1	unique
OG_21639	1	1	unique
OG_21640	1	1	unique
OG_21641	1	1	unique
OG_21642	1	1	unique
OG_21643	1	1	unique
OG_21644	1	1	unique
OG_21645	1	1	unique
OG_21646	1	1	unique
OG_21647	1	1	unique
OG_21648	1	1	unique
OG_21649	1	1	unique
OG_21650	1	1	unique
OG_21651	1	1	unique
OG_21652	1	1	unique
OG_21653	1	1	unique
OG_21654	1	1	unique
OG_21655	1	1	unique
OG_21656	1	1	unique
OG_21657	1	1	unique
OG_21658	1	1	unique
OG_21659	1	1	unique
OG_21660	1	1	unique
OG_21661	1	1	unique
OG_21662	1	1	unique
OG_21663	1	1	unique
OG_21664	1	1	unique
OG_21665	1	1	unique
OG_21666	1	1	unique
OG_21667	1	1	unique
OG_21668	1	1	unique
OG_21669	1	1	unique
OG_21670	1	1	unique
OG_21671	1	1	unique
OG_21672	1	1	unique
OG_21673	1	1	unique
OG_21674	1	1	unique
OG_21675	1	1	unique
OG_21676	1	1	unique
OG_21677	1	1	unique
OG_21678	1	1	unique
OG_21679	1	1	unique
OG_21680	1	1	unique
OG_21681	1	1	unique
OG_21682	1	1	unique
OG_21683	1	1	unique
OG_21684	1	1	unique
OG_21685	1	1	unique
OG_21686	1	1	unique
OG_21687	1	1	unique
OG_21688	1	1	unique
OG_21689	1	1	unique
OG_21690	1	1	unique
OG_21691	1	1	unique
OG_21692	1	1	unique
OG_21693	1	1	unique
OG_21694	1	1	unique
OG_21695	1	1	unique
OG_21696	1	1	unique
OG_21697	1	1	unique
OG_21698	1	1	unique
OG_21699	1	1	unique
OG_21700	1	1	unique
OG_21701	1	1	unique
OG_21702	1	1	unique
OG_21703	1	1	unique
OG_21704	1	1	unique
OG_21705	1	1	unique
OG_21706	1	1	unique
OG_21707	1	1	unique
OG_21708	1	1	unique
OG_21709	1	1	unique
OG_21710	1	1	unique
OG_21711	1	1	unique
OG_21712	1	1	unique
OG_21713	1	1	unique
OG_21714	1	1	unique
OG_21715	1	1	unique
OG_21716	1	1	unique
OG_21717	1	1	unique
OG_21718	1	1	unique
OG_21719	1	1	unique
OG_21720	1	1	unique
OG_21721	1	1	unique
OG_21722	1	1	unique
OG_21723	1	1	unique
OG_21724	1	1	unique
OG_21725	1	1	unique
OG_21726	1	1	unique
OG_21727	1	1	unique
OG_21728	1	1	unique
OG_21729	1	1	unique
OG_21730	1	1	unique
OG_21731	1	1	unique
OG_21732	1	1	unique
OG_21733	1	1	unique
OG_21734	1	1	unique
OG_21735	1	1	unique
OG_21736	1	1	unique
OG_21737	1	1	unique
OG_21738	1	1	unique
OG_21739	1	1	unique
OG_21740	1	1	unique
OG_21741	1	1	unique
OG_21742	1	1	unique
OG_21743	1	1	unique
OG_21744	1	1	unique
OG_21745	1	1	unique
OG_21746	1	1	unique
OG_21747	1	1	unique
OG_21748	1	1	unique
OG_21749	1	1	unique
OG_21750	1	1	unique
OG_21751	1	1	unique
OG_21752	1	1	unique
OG_21753	1	1	unique
OG_21754	1	1	unique
OG_21755	1	1	unique
OG_21756	1	1	unique
OG_21757	1	1	unique
OG_21758	1	1	unique
OG_21759	1	1	unique
OG_21760	1	1	unique
OG_21761	1	1	unique
OG_21762	1	1	unique
OG_21763	1	1	unique
OG_21764	1	1	unique
OG_21765	1	1	unique
OG_21766	1	1	unique
OG_21767	1	1	unique
OG_21768	1	1	unique
OG_21769	1	1	unique
OG_21770	1	1	unique
OG_21771	1	1	unique
OG_21772	1	1	unique
OG_21773	1	1	unique
OG_21774	1	1	unique
OG_21775	1	1	unique
OG_21776	1	1	unique
OG_21777	1	1	unique
OG_21778	1	1	unique
OG_21779	1	1	unique
OG_21780	1	1	unique
OG_21781	1	1	unique
OG_21782	1	1	unique
OG_21783	1	1	unique
OG_21784	1	1	unique
OG_21785	1	1	unique
OG_21786	1	1	unique
OG_21787	1	1	unique
OG_21788	1	1	unique
OG_21789	1	1	unique
OG_21790	1	1	unique
OG_21791	1	1	unique
OG_21792	1	1	unique
OG_21793	1	1	unique
OG_21794	1	1	unique
OG_21795	1	1	unique
OG_21796	1	1	unique
OG_21797	1	1	unique
OG_21798	1	1	unique
OG_21799	1	1	unique
OG_21800	1	1	unique
OG_21801	1	1	unique
OG_21802	1	1	unique
OG_21803	1	1	unique
OG_21804	1	1	unique
OG_21805	1	1	unique
OG_21806	1	1	unique
OG_21807	1	1	unique
OG_21808	1	1	unique
OG_21809	1	1	unique
OG_21810	1	1	unique
OG_21811	1	1	unique
OG_21812	1	1	unique
OG_21813	1	1	unique
OG_21814	1	1	unique
OG_21815	1	1	unique
OG_21816	1	1	unique
OG_21817	1	1	unique
OG_21818	1	1	unique
OG_21819	1	1	unique
OG_21820	1	1	unique
OG_21821	1	1	unique
OG_21822	1	1	unique
OG_21823	1	1	unique
OG_21824	1	1	unique
OG_21825	1	1	unique
OG_21826	1	1	unique
OG_21827	1	1	unique
OG_21828	1	1	unique
OG_21829	1	1	unique
OG_21830	1	1	unique
OG_21831	1	1	unique
OG_21832	1	1	unique
OG_21833	1	1	unique
OG_21834	1	1	unique
OG_21835	1	1	unique
OG_21836	1	1	unique
OG_21837	1	1	unique
OG_21838	1	1	unique
OG_21839	1	1	unique
OG_21840	1	1	unique
OG_21841	1	1	unique
OG_21842	1	1	unique
OG_21843	1	1	unique
OG_21844	1	1	unique
OG_21845	1	1	unique
OG_21846	1	1	unique
OG_21847	1	1	unique
OG_21848	1	1	unique
OG_21849	1	1	unique
OG_21850	1	1	unique
OG_21851	1	1	unique
OG_21852	1	1	unique
OG_21853	1	1	unique
OG_21854	1	1	unique
OG_21855	1	1	unique
OG_21856	1	1	unique
OG_21857	1	1	unique
OG_21858	1	1	unique
OG_21859	1	1	unique
OG_21860	1	1	unique
OG_21861	1	1	unique
OG_21862	1	1	unique
OG_21863	1	1	unique
OG_21864	1	1	unique
OG_21865	1	1	unique
OG_21866	1	1	unique
OG_21867	1	1	unique
OG_21868	1	1	unique
OG_21869	1	1	unique
OG_21870	1	1	unique
OG_21871	1	1	unique
OG_21872	1	1	unique
OG_21873	1	1	unique
OG_21874	1	1	unique
OG_21875	1	1	unique
OG_21876	1	1	unique
OG_21877	1	1	unique
OG_21878	1	1	unique
OG_21879	1	1	unique
OG_21880	1	1	unique
OG_21881	1	1	unique
OG_21882	1	1	unique
OG_21883	1	1	unique
OG_21884	1	1	unique
OG_21885	1	1	unique
OG_21886	1	1	unique
OG_21887	1	1	unique
OG_21888	1	1	unique
OG_21889	1	1	unique
OG_21890	1	1	unique
OG_21891	1	1	unique
OG_21892	1	1	unique
OG_21893	1	1	unique
OG_21894	1	1	unique
OG_21895	1	1	unique
OG_21896	1	1	unique
OG_21897	1	1	unique
OG_21898	1	1	unique
OG_21899	1	1	unique
OG_21900	1	1	unique
OG_21901	1	1	unique
OG_21902	1	1	unique
OG_21903	1	1	unique
OG_21904	1	1	unique
OG_21905	1	1	unique
OG_21906	1	1	unique
OG_21907	1	1	unique
OG_21908	1	1	unique
OG_21909	1	1	unique
OG_21910	1	1	unique
OG_21911	1	1	unique
OG_21912	1	1	unique
OG_21913	1	1	unique
OG_21914	1	1	unique
OG_21915	1	1	unique
OG_21916	1	1	unique
OG_21917	1	1	unique
OG_21918	1	1	unique
OG_21919	1	1	unique
OG_21920	1	1	unique
OG_21921	1	1	unique
OG_21922	1	1	unique
OG_21923	1	1	unique
OG_21924	1	1	unique
OG_21925	1	1	unique
OG_21926	1	1	unique
OG_21927	1	1	unique
OG_21928	1	1	unique
OG_21929	1	1	unique
OG_21930	1	1	unique
OG_21931	1	1	unique
OG_21932	1	1	unique
OG_21933	1	1	unique
OG_21934	1	1	unique
OG_21935	1	1	unique
OG_21936	1	1	unique
OG_21937	1	1	unique
OG_21938	1	1	unique
OG_21939	1	1	unique
OG_21940	1	1	unique
OG_21941	1	1	unique
OG_21942	1	1	unique
OG_21943	1	1	unique
OG_21944	1	1	unique
OG_21945	1	1	unique
OG_21946	1	1	unique
OG_21947	1	1	unique
OG_21948	1	1	unique
OG_21949	1	1	unique
OG_21950	1	1	unique
OG_21951	1	1	unique
OG_21952	1	1	unique
OG_21953	1	1	unique
OG_21954	1	1	unique
OG_21955	1	1	unique
OG_21956	1	1	unique
OG_21957	1	1	unique
OG_21958	1	1	unique
OG_21959	1	1	unique
OG_21960	1	1	unique
OG_21961	1	1	unique
OG_21962	1	1	unique
OG_21963	1	1	unique
OG_21964	1	1	unique
OG_21965	1	1	unique
OG_21966	1	1	unique
OG_21967	1	1	unique
OG_21968	1	1	unique
OG_21969	1	1	unique
OG_21970	1	1	unique
OG_21971	1	1	unique
OG_21972	1	1	unique
OG_21973	1	1	unique
OG_21974	1	1	unique
OG_21975	1	1	unique
OG_21976	1	1	unique
OG_21977	1	1	unique
OG_21978	1	1	unique
OG_21979	1	1	unique
OG_21980	1	1	unique
OG_21981	1	1	unique
OG_21982	1	1	unique
OG_21983	1	1	unique
OG_21984	1	1	unique
OG_21985	1	1	unique
OG_21986	1	1	unique
OG_21987	1	1	unique
OG_21988	1	1	unique
OG_21989	1	1	unique
OG_21990	1	1	unique
OG_21991	1	1	unique
OG_21992	1	1	unique
OG_21993	1	1	unique
OG_21994	1	1	unique
OG_21995	1	1	unique
OG_21996	1	1	unique
OG_21997	1	1	unique
OG_21998	1	1	unique
OG_21999	1	1	unique
OG_22000	1	1	unique
OG_22001	1	1	unique
OG_22002	1	1	unique
OG_22003	1	1	unique
OG_22004	1	1	unique
OG_22005	1	1	unique
OG_22006	1	1	unique
OG_22007	1	1	unique
OG_22008	1	1	unique
OG_22009	1	1	unique
OG_22010	1	1	unique
OG_22011	1	1	unique
OG_22012	1	1	unique
OG_22013	1	1	unique
OG_22014	1	1	unique
OG_22015	1	1	unique
OG_22016	1	1	unique
OG_22017	1	1	unique
OG_22018	1	1	unique
OG_22019	1	1	unique
OG_22020	1	1	unique
OG_22021	1	1	unique
OG_22022	1	1	unique
OG_22023	1	1	unique
OG_22024	1	1	unique
OG_22025	1	1	unique
OG_22026	1	1	unique
OG_22027	1	1	unique
OG_22028	1	1	unique
OG_22029	1	1	unique
OG_22030	1	1	unique
OG_22031	1	1	unique
OG_22032	1	1	unique
OG_22033	1	1	unique
OG_22034	1	1	unique
OG_22035	1	1	unique
OG_22036	1	1	unique
OG_22037	1	1	unique
OG_22038	1	1	unique
OG_22039	1	1	unique
OG_22040	1	1	unique
OG_22041	1	1	unique
OG_22042	1	1	unique
OG_22043	1	1	unique
OG_22044	1	1	unique
OG_22045	1	1	unique
OG_22046	1	1	unique
OG_22047	1	1	unique
OG_22048	1	1	unique
OG_22049	1	1	unique
OG_22050	1	1	unique
OG_22051	1	1	unique
OG_22052	1	1	unique
OG_22053	1	1	unique
OG_22054	1	1	unique
OG_22055	1	1	unique
OG_22056	1	1	unique
OG_22057	1	1	unique
OG_22058	1	1	unique
OG_22059	1	1	unique
OG_22060	1	1	unique
OG_22061	1	1	unique
OG_22062	1	1	unique
OG_22063	1	1	unique
OG_22064	1	1	unique
OG_22065	1	1	unique
OG_22066	1	1	unique
OG_22067	1	1	unique
OG_22068	1	1	unique
OG_22069	1	1	unique
OG_22070	1	1	unique
OG_22071	1	1	unique
OG_22072	1	1	unique
OG_22073	1	1	unique
OG_22074	1	1	unique
OG_22075	1	1	unique
OG_22076	1	1	unique
OG_22077	1	1	unique
OG_22078	1	1	unique
OG_22079	1	1	unique
OG_22080	1	1	unique
OG_22081	1	1	unique
OG_22082	1	1	unique
OG_22083	1	1	unique
OG_22084	1	1	unique
OG_22085	1	1	unique
OG_22086	1	1	unique
OG_22087	1	1	unique
OG_22088	1	1	unique
OG_22089	1	1	unique
OG_22090	1	1	unique
OG_22091	1	1	unique
OG_22092	1	1	unique
OG_22093	1	1	unique
OG_22094	1	1	unique
OG_22095	1	1	unique
OG_22096	1	1	unique
OG_22097	1	1	unique
OG_22098	1	1	unique
OG_22099	1	1	unique
OG_22100	1	1	unique
OG_22101	1	1	unique
OG_22102	1	1	unique
OG_22103	1	1	unique
OG_22104	1	1	unique
OG_22105	1	1	unique
OG_22106	1	1	unique
OG_22107	1	1	unique
OG_22108	1	1	unique
OG_22109	1	1	unique
OG_22110	1	1	unique
OG_22111	1	1	unique
OG_22112	1	1	unique
OG_22113	1	1	unique
OG_22114	1	1	unique
OG_22115	1	1	unique
OG_22116	1	1	unique
OG_22117	1	1	unique
OG_22118	1	1	unique
OG_22119	1	1	unique
OG_22120	1	1	unique
OG_22121	1	1	unique
OG_22122	1	1	unique
OG_22123	1	1	unique
OG_22124	1	1	unique
OG_22125	1	1	unique
OG_22126	1	1	unique
OG_22127	1	1	unique
OG_22128	1	1	unique
OG_22129	1	1	unique
OG_22130	1	1	unique
OG_22131	1	1	unique
OG_22132	1	1	unique
OG_22133	1	1	unique
OG_22134	1	1	unique
OG_22135	1	1	unique
OG_22136	1	1	unique
OG_22137	1	1	unique
OG_22138	1	1	unique
OG_22139	1	1	unique
OG_22140	1	1	unique
OG_22141	1	1	unique
OG_22142	1	1	unique
OG_22143	1	1	unique
OG_22144	1	1	unique
OG_22145	1	1	unique
OG_22146	1	1	unique
OG_22147	1	1	unique
OG_22148	1	1	unique
OG_22149	1	1	unique
OG_22150	1	1	unique
OG_22151	1	1	unique
OG_22152	1	1	unique
OG_22153	1	1	unique
OG_22154	1	1	unique
OG_22155	1	1	unique
OG_22156	1	1	unique
OG_22157	1	1	unique
OG_22158	1	1	unique
OG_22159	1	1	unique
OG_22160	1	1	unique
OG_22161	1	1	unique
OG_22162	1	1	unique
OG_22163	1	1	unique
OG_22164	1	1	unique
OG_22165	1	1	unique
OG_22166	1	1	unique
OG_22167	1	1	unique
OG_22168	1	1	unique
OG_22169	1	1	unique
OG_22170	1	1	unique
OG_22171	1	1	unique
OG_22172	1	1	unique
OG_22173	1	1	unique
OG_22174	1	1	unique
OG_22175	1	1	unique
OG_22176	1	1	unique
OG_22177	1	1	unique
OG_22178	1	1	unique
OG_22179	1	1	unique
OG_22180	1	1	unique
OG_22181	1	1	unique
OG_22182	1	1	unique
OG_22183	1	1	unique
OG_22184	1	1	unique
OG_22185	1	1	unique
OG_22186	1	1	unique
OG_22187	1	1	unique
OG_22188	1	1	unique
OG_22189	1	1	unique
OG_22190	1	1	unique
OG_22191	1	1	unique
OG_22192	1	1	unique
OG_22193	1	1	unique
OG_22194	1	1	unique
OG_22195	1	1	unique
OG_22196	1	1	unique
OG_22197	1	1	unique
OG_22198	1	1	unique
OG_22199	1	1	unique
OG_22200	1	1	unique
OG_22201	1	1	unique
OG_22202	1	1	unique
OG_22203	1	1	unique
OG_22204	1	1	unique
OG_22205	1	1	unique
OG_22206	1	1	unique
OG_22207	1	1	unique
OG_22208	1	1	unique
OG_22209	1	1	unique
OG_22210	1	1	unique
OG_22211	1	1	unique
OG_22212	1	1	unique
OG_22213	1	1	unique
OG_22214	1	1	unique
OG_22215	1	1	unique
OG_22216	1	1	unique
OG_22217	1	1	unique
OG_22218	1	1	unique
OG_22219	1	1	unique
OG_22220	1	1	unique
OG_22221	1	1	unique
OG_22222	1	1	unique
OG_22223	1	1	unique
OG_22224	1	1	unique
OG_22225	1	1	unique
OG_22226	1	1	unique
OG_22227	1	1	unique
OG_22228	1	1	unique
OG_22229	1	1	unique
OG_22230	1	1	unique
OG_22231	1	1	unique
OG_22232	1	1	unique
OG_22233	1	1	unique
OG_22234	1	1	unique
OG_22235	1	1	unique
OG_22236	1	1	unique
OG_22237	1	1	unique
OG_22238	1	1	unique
OG_22239	1	1	unique
OG_22240	1	1	unique
OG_22241	1	1	unique
OG_22242	1	1	unique
OG_22243	1	1	unique
OG_22244	1	1	unique
OG_22245	1	1	unique
OG_22246	1	1	unique
OG_22247	1	1	unique
OG_22248	1	1	unique
OG_22249	1	1	unique
OG_22250	1	1	unique
OG_22251	1	1	unique
OG_22252	1	1	unique
OG_22253	1	1	unique
OG_22254	1	1	unique
OG_22255	1	1	unique
OG_22256	1	1	unique
OG_22257	1	1	unique
OG_22258	1	1	unique
OG_22259	1	1	unique
OG_22260	1	1	unique
OG_22261	1	1	unique
OG_22262	1	1	unique
OG_22263	1	1	unique
OG_22264	1	1	unique
OG_22265	1	1	unique
OG_22266	1	1	unique
OG_22267	1	1	unique
OG_22268	1	1	unique
OG_22269	1	1	unique
OG_22270	1	1	unique
OG_22271	1	1	unique
OG_22272	1	1	unique
OG_22273	1	1	unique
OG_22274	1	1	unique
OG_22275	1	1	unique
OG_22276	1	1	unique
OG_22277	1	1	unique
OG_22278	1	1	unique
OG_22279	1	1	unique
OG_22280	1	1	unique
OG_22281	1	1	unique
OG_22282	1	1	unique
OG_22283	1	1	unique
OG_22284	1	1	unique
OG_22285	1	1	unique
OG_22286	1	1	unique
OG_22287	1	1	unique
OG_22288	1	1	unique
OG_22289	1	1	unique
OG_22290	1	1	unique
OG_22291	1	1	unique
OG_22292	1	1	unique
OG_22293	1	1	unique
OG_22294	1	1	unique
OG_22295	1	1	unique
OG_22296	1	1	unique
OG_22297	1	1	unique
OG_22298	1	1	unique
OG_22299	1	1	unique
OG_22300	1	1	unique
OG_22301	1	1	unique
OG_22302	1	1	unique
OG_22303	1	1	unique
OG_22304	1	1	unique
OG_22305	1	1	unique
OG_22306	1	1	unique
OG_22307	1	1	unique
OG_22308	1	1	unique
OG_22309	1	1	unique
OG_22310	1	1	unique
OG_22311	1	1	unique
OG_22312	1	1	unique
OG_22313	1	1	unique
OG_22314	1	1	unique
OG_22315	1	1	unique
OG_22316	1	1	unique
OG_22317	1	1	unique
OG_22318	1	1	unique
OG_22319	1	1	unique
OG_22320	1	1	unique
OG_22321	1	1	unique
OG_22322	1	1	unique
OG_22323	1	1	unique
OG_22324	1	1	unique
OG_22325	1	1	unique
OG_22326	1	1	unique
OG_22327	1	1	unique
OG_22328	1	1	unique
OG_22329	1	1	unique
OG_22330	1	1	unique
OG_22331	1	1	unique
OG_22332	1	1	unique
OG_22333	1	1	unique
OG_22334	1	1	unique
OG_22335	1	1	unique
OG_22336	1	1	unique
OG_22337	1	1	unique
OG_22338	1	1	unique
OG_22339	1	1	unique
OG_22340	1	1	unique
OG_22341	1	1	unique
OG_22342	1	1	unique
OG_22343	1	1	unique
OG_22344	1	1	unique
OG_22345	1	1	unique
OG_22346	1	1	unique
OG_22347	1	1	unique
OG_22348	1	1	unique
OG_22349	1	1	unique
OG_22350	1	1	unique
OG_22351	1	1	unique
OG_22352	1	1	unique
OG_22353	1	1	unique
OG_22354	1	1	unique
OG_22355	1	1	unique
OG_22356	1	1	unique
OG_22357	1	1	unique
OG_22358	1	1	unique
OG_22359	1	1	unique
OG_22360	1	1	unique
OG_22361	1	1	unique
OG_22362	1	1	unique
OG_22363	1	1	unique
OG_22364	1	1	unique
OG_22365	1	1	unique
OG_22366	1	1	unique
OG_22367	1	1	unique
OG_22368	1	1	unique
OG_22369	1	1	unique
OG_22370	1	1	unique
OG_22371	1	1	unique
OG_22372	1	1	unique
OG_22373	1	1	unique
OG_22374	1	1	unique
OG_22375	1	1	unique
OG_22376	1	1	unique
OG_22377	1	1	unique
OG_22378	1	1	unique
OG_22379	1	1	unique
OG_22380	1	1	unique
OG_22381	1	1	unique
OG_22382	1	1	unique
OG_22383	1	1	unique
OG_22384	1	1	unique
OG_22385	1	1	unique
OG_22386	1	1	unique
OG_22387	1	1	unique
OG_22388	1	1	unique
OG_22389	1	1	unique
OG_22390	1	1	unique
OG_22391	1	1	unique
OG_22392	1	1	unique
OG_22393	1	1	unique
OG_22394	1	1	unique
OG_22395	1	1	unique
OG_22396	1	1	unique
OG_22397	1	1	unique
OG_22398	1	1	unique
OG_22399	1	1	unique
OG_22400	1	1	unique
OG_22401	1	1	unique
OG_22402	1	1	unique
OG_22403	1	1	unique
OG_22404	1	1	unique
OG_22405	1	1	unique
OG_22406	1	1	unique
OG_22407	1	1	unique
OG_22408	1	1	unique
OG_22409	1	1	unique
OG_22410	1	1	unique
OG_22411	1	1	unique
OG_22412	1	1	unique
OG_22413	1	1	unique
OG_22414	1	1	unique
OG_22415	1	1	unique
OG_22416	1	1	unique
OG_22417	1	1	unique
OG_22418	1	1	unique
OG_22419	1	1	unique
OG_22420	1	1	unique
OG_22421	1	1	unique
OG_22422	1	1	unique
OG_22423	1	1	unique
OG_22424	1	1	unique
OG_22425	1	1	unique
OG_22426	1	1	unique
OG_22427	1	1	unique
OG_22428	1	1	unique
OG_22429	1	1	unique
OG_22430	1	1	unique
OG_22431	1	1	unique
OG_22432	1	1	unique
OG_22433	1	1	unique
OG_22434	1	1	unique
OG_22435	1	1	unique
OG_22436	1	1	unique
OG_22437	1	1	unique
OG_22438	1	1	unique
OG_22439	1	1	unique
OG_22440	1	1	unique
OG_22441	1	1	unique
OG_22442	1	1	unique
OG_22443	1	1	unique
OG_22444	1	1	unique
OG_22445	1	1	unique
OG_22446	1	1	unique
OG_22447	1	1	unique
OG_22448	1	1	unique
OG_22449	1	1	unique
OG_22450	1	1	unique
OG_22451	1	1	unique
OG_22452	1	1	unique
OG_22453	1	1	unique
OG_22454	1	1	unique
OG_22455	1	1	unique
OG_22456	1	1	unique
OG_22457	1	1	unique
OG_22458	1	1	unique
OG_22459	1	1	unique
OG_22460	1	1	unique
OG_22461	1	1	unique
OG_22462	1	1	unique
OG_22463	1	1	unique
OG_22464	1	1	unique
OG_22465	1	1	unique
OG_22466	1	1	unique
OG_22467	1	1	unique
OG_22468	1	1	unique
OG_22469	1	1	unique
OG_22470	1	1	unique
OG_22471	1	1	unique
OG_22472	1	1	unique
OG_22473	1	1	unique
OG_22474	1	1	unique
OG_22475	1	1	unique
OG_22476	1	1	unique
OG_22477	1	1	unique
OG_22478	1	1	unique
OG_22479	1	1	unique
OG_22480	1	1	unique
OG_22481	1	1	unique
OG_22482	1	1	unique
OG_22483	1	1	unique
OG_22484	1	1	unique
OG_22485	1	1	unique
OG_22486	1	1	unique
OG_22487	1	1	unique
OG_22488	1	1	unique
OG_22489	1	1	unique
OG_22490	1	1	unique
OG_22491	1	1	unique
OG_22492	1	1	unique
OG_22493	1	1	unique
OG_22494	1	1	unique
OG_22495	1	1	unique
OG_22496	1	1	unique
OG_22497	1	1	unique
OG_22498	1	1	unique
OG_22499	1	1	unique
OG_22500	1	1	unique
OG_22501	1	1	unique
OG_22502	1	1	unique
OG_22503	1	1	unique
OG_22504	1	1	unique
OG_22505	1	1	unique
OG_22506	1	1	unique
OG_22507	1	1	unique
OG_22508	1	1	unique
OG_22509	1	1	unique
OG_22510	1	1	unique
OG_22511	1	1	unique
OG_22512	1	1	unique
OG_22513	1	1	unique
OG_22514	1	1	unique
OG_22515	1	1	unique
OG_22516	1	1	unique
OG_22517	1	1	unique
OG_22518	1	1	unique
OG_22519	1	1	unique
OG_22520	1	1	unique
OG_22521	1	1	unique
OG_22522	1	1	unique
OG_22523	1	1	unique
OG_22524	1	1	unique
OG_22525	1	1	unique
OG_22526	1	1	unique
OG_22527	1	1	unique
OG_22528	1	1	unique
OG_22529	1	1	unique
OG_22530	1	1	unique
OG_22531	1	1	unique
OG_22532	1	1	unique
OG_22533	1	1	unique
OG_22534	1	1	unique
OG_22535	1	1	unique
OG_22536	1	1	unique
OG_22537	1	1	unique
OG_22538	1	1	unique
OG_22539	1	1	unique
OG_22540	1	1	unique
OG_22541	1	1	unique
OG_22542	1	1	unique
OG_22543	1	1	unique
OG_22544	1	1	unique
OG_22545	1	1	unique
OG_22546	1	1	unique
OG_22547	1	1	unique
OG_22548	1	1	unique
OG_22549	1	1	unique
OG_22550	1	1	unique
OG_22551	1	1	unique
OG_22552	1	1	unique
OG_22553	1	1	unique
OG_22554	1	1	unique
OG_22555	1	1	unique
OG_22556	1	1	unique
OG_22557	1	1	unique
OG_22558	1	1	unique
OG_22559	1	1	unique
OG_22560	1	1	unique
OG_22561	1	1	unique
OG_22562	1	1	unique
OG_22563	1	1	unique
OG_22564	1	1	unique
OG_22565	1	1	unique
OG_22566	1	1	unique
OG_22567	1	1	unique
OG_22568	1	1	unique
OG_22569	1	1	unique
OG_22570	1	1	unique
OG_22571	1	1	unique
OG_22572	1	1	unique
OG_22573	1	1	unique
OG_22574	1	1	unique
OG_22575	1	1	unique
OG_22576	1	1	unique
OG_22577	1	1	unique
OG_22578	1	1	unique
OG_22579	1	1	unique
OG_22580	1	1	unique
OG_22581	1	1	unique
OG_22582	1	1	unique
OG_22583	1	1	unique
OG_22584	1	1	unique
OG_22585	1	1	unique
OG_22586	1	1	unique
OG_22587	1	1	unique
OG_22588	1	1	unique
OG_22589	1	1	unique
OG_22590	1	1	unique
OG_22591	1	1	unique
OG_22592	1	1	unique
OG_22593	1	1	unique
OG_22594	1	1	unique
OG_22595	1	1	unique
OG_22596	1	1	unique
OG_22597	1	1	unique
OG_22598	1	1	unique
OG_22599	1	1	unique
OG_22600	1	1	unique
OG_22601	1	1	unique
OG_22602	1	1	unique
OG_22603	1	1	unique
OG_22604	1	1	unique
OG_22605	1	1	unique
OG_22606	1	1	unique
OG_22607	1	1	unique
OG_22608	1	1	unique
OG_22609	1	1	unique
OG_22610	1	1	unique
OG_22611	1	1	unique
OG_22612	1	1	unique
OG_22613	1	1	unique
OG_22614	1	1	unique
OG_22615	1	1	unique
OG_22616	1	1	unique
OG_22617	1	1	unique
OG_22618	1	1	unique
OG_22619	1	1	unique
OG_22620	1	1	unique
OG_22621	1	1	unique
OG_22622	1	1	unique
OG_22623	1	1	unique
OG_22624	1	1	unique
OG_22625	1	1	unique
OG_22626	1	1	unique
OG_22627	1	1	unique
OG_22628	1	1	unique
OG_22629	1	1	unique
OG_22630	1	1	unique
OG_22631	1	1	unique
OG_22632	1	1	unique
OG_22633	1	1	unique
OG_22634	1	1	unique
OG_22635	1	1	unique
OG_22636	1	1	unique
OG_22637	1	1	unique
OG_22638	1	1	unique
OG_22639	1	1	unique
OG_22640	1	1	unique
OG_22641	1	1	unique
OG_22642	1	1	unique
OG_22643	1	1	unique
OG_22644	1	1	unique
OG_22645	1	1	unique
OG_22646	1	1	unique
OG_22647	1	1	unique
OG_22648	1	1	unique
OG_22649	1	1	unique
OG_22650	1	1	unique
OG_22651	1	1	unique
OG_22652	1	1	unique
OG_22653	1	1	unique
OG_22654	1	1	unique
OG_22655	1	1	unique
OG_22656	1	1	unique
OG_22657	1	1	unique
OG_22658	1	1	unique
OG_22659	1	1	unique
OG_22660	1	1	unique
OG_22661	1	1	unique
OG_22662	1	1	unique
OG_22663	1	1	unique
OG_22664	1	1	unique
OG_22665	1	1	unique
OG_22666	1	1	unique
OG_22667	1	1	unique
OG_22668	1	1	unique
OG_22669	1	1	unique
OG_22670	1	1	unique
OG_22671	1	1	unique
OG_22672	1	1	unique
OG_22673	1	1	unique
OG_22674	1	1	unique
OG_22675	1	1	unique
OG_22676	1	1	unique
OG_22677	1	1	unique
OG_22678	1	1	unique
OG_22679	1	1	unique
OG_22680	1	1	unique
OG_22681	1	1	unique
OG_22682	1	1	unique
OG_22683	1	1	unique
OG_22684	1	1	unique
OG_22685	1	1	unique
OG_22686	1	1	unique
OG_22687	1	1	unique
OG_22688	1	1	unique
OG_22689	1	1	unique
OG_22690	1	1	unique
OG_22691	1	1	unique
OG_22692	1	1	unique
OG_22693	1	1	unique
OG_22694	1	1	unique
OG_22695	1	1	unique
OG_22696	1	1	unique
OG_22697	1	1	unique
OG_22698	1	1	unique
OG_22699	1	1	unique
OG_22700	1	1	unique
OG_22701	1	1	unique
OG_22702	1	1	unique
OG_22703	1	1	unique
OG_22704	1	1	unique
OG_22705	1	1	unique
OG_22706	1	1	unique
OG_22707	1	1	unique
OG_22708	1	1	unique
OG_22709	1	1	unique
OG_22710	1	1	unique
OG_22711	1	1	unique
OG_22712	1	1	unique
OG_22713	1	1	unique
OG_22714	1	1	unique
OG_22715	1	1	unique
OG_22716	1	1	unique
OG_22717	1	1	unique
OG_22718	1	1	unique
OG_22719	1	1	unique
OG_22720	1	1	unique
OG_22721	1	1	unique
OG_22722	1	1	unique
OG_22723	1	1	unique
OG_22724	1	1	unique
OG_22725	1	1	unique
OG_22726	1	1	unique
OG_22727	1	1	unique
OG_22728	1	1	unique
OG_22729	1	1	unique
OG_22730	1	1	unique
OG_22731	1	1	unique
OG_22732	1	1	unique
OG_22733	1	1	unique
OG_22734	1	1	unique
OG_22735	1	1	unique
OG_22736	1	1	unique
OG_22737	1	1	unique
OG_22738	1	1	unique
OG_22739	1	1	unique
OG_22740	1	1	unique
OG_22741	1	1	unique
OG_22742	1	1	unique
OG_22743	1	1	unique
OG_22744	1	1	unique
OG_22745	1	1	unique
OG_22746	1	1	unique
OG_22747	1	1	unique
OG_22748	1	1	unique
OG_22749	1	1	unique
OG_22750	1	1	unique
OG_22751	1	1	unique
OG_22752	1	1	unique
OG_22753	1	1	unique
OG_22754	1	1	unique
OG_22755	1	1	unique
OG_22756	1	1	unique
OG_22757	1	1	unique
OG_22758	1	1	unique
OG_22759	1	1	unique
OG_22760	1	1	unique
OG_22761	1	1	unique
OG_22762	1	1	unique
OG_22763	1	1	unique
OG_22764	1	1	unique
OG_22765	1	1	unique
OG_22766	1	1	unique
OG_22767	1	1	unique
OG_22768	1	1	unique
OG_22769	1	1	unique
OG_22770	1	1	unique
OG_22771	1	1	unique
OG_22772	1	1	unique
OG_22773	1	1	unique
OG_22774	1	1	unique
OG_22775	1	1	unique
OG_22776	1	1	unique
OG_22777	1	1	unique
OG_22778	1	1	unique
OG_22779	1	1	unique
OG_22780	1	1	unique
OG_22781	1	1	unique
OG_22782	1	1	unique
OG_22783	1	1	unique
OG_22784	1	1	unique
OG_22785	1	1	unique
OG_22786	1	1	unique
OG_22787	1	1	unique
OG_22788	1	1	unique
OG_22789	1	1	unique
OG_22790	1	1	unique
OG_22791	1	1	unique
OG_22792	1	1	unique
OG_22793	1	1	unique
OG_22794	1	1	unique
OG_22795	1	1	unique
OG_22796	1	1	unique
OG_22797	1	1	unique
OG_22798	1	1	unique
OG_22799	1	1	unique
OG_22800	1	1	unique
OG_22801	1	1	unique
OG_22802	1	1	unique
OG_22803	1	1	unique
OG_22804	1	1	unique
OG_22805	1	1	unique
OG_22806	1	1	unique
OG_22807	1	1	unique
OG_22808	1	1	unique
OG_22809	1	1	unique
OG_22810	1	1	unique
OG_22811	1	1	unique
OG_22812	1	1	unique
OG_22813	1	1	unique
OG_22814	1	1	unique
OG_22815	1	1	unique
OG_22816	1	1	unique
OG_22817	1	1	unique
OG_22818	1	1	unique
OG_22819	1	1	unique
OG_22820	1	1	unique
OG_22821	1	1	unique
OG_22822	1	1	unique
OG_22823	1	1	unique
OG_22824	1	1	unique
OG_22825	1	1	unique
OG_22826	1	1	unique
OG_22827	1	1	unique
OG_22828	1	1	unique
OG_22829	1	1	unique
OG_22830	1	1	unique
OG_22831	1	1	unique
OG_22832	1	1	unique
OG_22833	1	1	unique
OG_22834	1	1	unique
OG_22835	1	1	unique
OG_22836	1	1	unique
OG_22837	1	1	unique
OG_22838	1	1	unique
OG_22839	1	1	unique
OG_22840	1	1	unique
OG_22841	1	1	unique
OG_22842	1	1	unique
OG_22843	1	1	unique
OG_22844	1	1	unique
OG_22845	1	1	unique
OG_22846	1	1	unique
OG_22847	1	1	unique
OG_22848	1	1	unique
OG_22849	1	1	unique
OG_22850	1	1	unique
OG_22851	1	1	unique
OG_22852	1	1	unique
OG_22853	1	1	unique
OG_22854	1	1	unique
OG_22855	1	1	unique
OG_22856	1	1	unique
OG_22857	1	1	unique
OG_22858	1	1	unique
OG_22859	1	1	unique
OG_22860	1	1	unique
OG_22861	1	1	unique
OG_22862	1	1	unique
OG_22863	1	1	unique
OG_22864	1	1	unique
OG_22865	1	1	unique
OG_22866	1	1	unique
OG_22867	1	1	unique
OG_22868	1	1	unique
OG_22869	1	1	unique
OG_22870	1	1	unique
OG_22871	1	1	unique
OG_22872	1	1	unique
OG_22873	1	1	unique
OG_22874	1	1	unique
OG_22875	1	1	unique
OG_22876	1	1	unique
OG_22877	1	1	unique
OG_22878	1	1	unique
OG_22879	1	1	unique
OG_22880	1	1	unique
OG_22881	1	1	unique
OG_22882	1	1	unique
OG_22883	1	1	unique
OG_22884	1	1	unique
OG_22885	1	1	unique
OG_22886	1	1	unique
OG_22887	1	1	unique
OG_22888	1	1	unique
OG_22889	1	1	unique
OG_22890	1	1	unique
OG_22891	1	1	unique
OG_22892	1	1	unique
OG_22893	1	1	unique
OG_22894	1	1	unique
OG_22895	1	1	unique
OG_22896	1	1	unique
OG_22897	1	1	unique
OG_22898	1	1	unique
OG_22899	1	1	unique
OG_22900	1	1	unique
OG_22901	1	1	unique
OG_22902	1	1	unique
OG_22903	1	1	unique
OG_22904	1	1	unique
OG_22905	1	1	unique
OG_22906	1	1	unique
OG_22907	1	1	unique
OG_22908	1	1	unique
OG_22909	1	1	unique
OG_22910	1	1	unique
OG_22911	1	1	unique
OG_22912	1	1	unique
OG_22913	1	1	unique
OG_22914	1	1	unique
OG_22915	1	1	unique
OG_22916	1	1	unique
OG_22917	1	1	unique
OG_22918	1	1	unique
OG_22919	1	1	unique
OG_22920	1	1	unique
OG_22921	1	1	unique
OG_22922	1	1	unique
OG_22923	1	1	unique
OG_22924	1	1	unique
OG_22925	1	1	unique
OG_22926	1	1	unique
OG_22927	1	1	unique
OG_22928	1	1	unique
OG_22929	1	1	unique
OG_22930	1	1	unique
OG_22931	1	1	unique
OG_22932	1	1	unique
OG_22933	1	1	unique
OG_22934	1	1	unique
OG_22935	1	1	unique
OG_22936	1	1	unique
OG_22937	1	1	unique
OG_22938	1	1	unique
OG_22939	1	1	unique
OG_22940	1	1	unique
OG_22941	1	1	unique
OG_22942	1	1	unique
OG_22943	1	1	unique
OG_22944	1	1	unique
OG_22945	1	1	unique
OG_22946	1	1	unique
OG_22947	1	1	unique
OG_22948	1	1	unique
OG_22949	1	1	unique
OG_22950	1	1	unique
OG_22951	1	1	unique
OG_22952	1	1	unique
OG_22953	1	1	unique
OG_22954	1	1	unique
OG_22955	1	1	unique
OG_22956	1	1	unique
OG_22957	1	1	unique
OG_22958	1	1	unique
OG_22959	1	1	unique
OG_22960	1	1	unique
OG_22961	1	1	unique
OG_22962	1	1	unique
OG_22963	1	1	unique
OG_22964	1	1	unique
OG_22965	1	1	unique
OG_22966	1	1	unique
OG_22967	1	1	unique
OG_22968	1	1	unique
OG_22969	1	1	unique
OG_22970	1	1	unique
OG_22971	1	1	unique
OG_22972	1	1	unique
OG_22973	1	1	unique
OG_22974	1	1	unique
OG_22975	1	1	unique
OG_22976	1	1	unique
OG_22977	1	1	unique
OG_22978	1	1	unique
OG_22979	1	1	unique
OG_22980	1	1	unique
OG_22981	1	1	unique
OG_22982	1	1	unique
OG_22983	1	1	unique
OG_22984	1	1	unique
OG_22985	1	1	unique
OG_22986	1	1	unique
OG_22987	1	1	unique
OG_22988	1	1	unique
OG_22989	1	1	unique
OG_22990	1	1	unique
OG_22991	1	1	unique
OG_22992	1	1	unique
OG_22993	1	1	unique
OG_22994	1	1	unique
OG_22995	1	1	unique
OG_22996	1	1	unique
OG_22997	1	1	unique
OG_22998	1	1	unique
OG_22999	1	1	unique
OG_23000	1	1	unique
OG_23001	1	1	unique
OG_23002	1	1	unique
OG_23003	1	1	unique
OG_23004	1	1	unique
OG_23005	1	1	unique
OG_23006	1	1	unique
OG_23007	1	1	unique
OG_23008	1	1	unique
OG_23009	1	1	unique
OG_23010	1	1	unique
OG_23011	1	1	unique
OG_23012	1	1	unique
OG_23013	1	1	unique
OG_23014	1	1	unique
OG_23015	1	1	unique
OG_23016	1	1	unique
OG_23017	1	1	unique
OG_23018	1	1	unique
OG_23019	1	1	unique
OG_23020	1	1	unique
OG_23021	1	1	unique
OG_23022	1	1	unique
OG_23023	1	1	unique
OG_23024	1	1	unique
OG_23025	1	1	unique
OG_23026	1	1	unique
OG_23027	1	1	unique
OG_23028	1	1	unique
OG_23029	1	1	unique
OG_23030	1	1	unique
OG_23031	1	1	unique
OG_23032	1	1	unique
OG_23033	1	1	unique
OG_23034	1	1	unique
OG_23035	1	1	unique
OG_23036	1	1	unique
OG_23037	1	1	unique
OG_23038	1	1	unique
OG_23039	1	1	unique
OG_23040	1	1	unique
OG_23041	1	1	unique
OG_23042	1	1	unique
OG_23043	1	1	unique
OG_23044	1	1	unique
OG_23045	1	1	unique
OG_23046	1	1	unique
OG_23047	1	1	unique
OG_23048	1	1	unique
OG_23049	1	1	unique
OG_23050	1	1	unique
OG_23051	1	1	unique
OG_23052	1	1	unique
OG_23053	1	1	unique
OG_23054	1	1	unique
OG_23055	1	1	unique
OG_23056	1	1	unique
OG_23057	1	1	unique
OG_23058	1	1	unique
OG_23059	1	1	unique
OG_23060	1	1	unique
OG_23061	1	1	unique
OG_23062	1	1	unique
OG_23063	1	1	unique
OG_23064	1	1	unique
OG_23065	1	1	unique
OG_23066	1	1	unique
OG_23067	1	1	unique
OG_23068	1	1	unique
OG_23069	1	1	unique
OG_23070	1	1	unique
OG_23071	1	1	unique
OG_23072	1	1	unique
OG_23073	1	1	unique
OG_23074	1	1	unique
OG_23075	1	1	unique
OG_23076	1	1	unique
OG_23077	1	1	unique
OG_23078	1	1	unique
OG_23079	1	1	unique
OG_23080	1	1	unique
OG_23081	1	1	unique
OG_23082	1	1	unique
OG_23083	1	1	unique
OG_23084	1	1	unique
OG_23085	1	1	unique
OG_23086	1	1	unique
OG_23087	1	1	unique
OG_23088	1	1	unique
OG_23089	1	1	unique
OG_23090	1	1	unique
OG_23091	1	1	unique
OG_23092	1	1	unique
OG_23093	1	1	unique
OG_23094	1	1	unique
OG_23095	1	1	unique
OG_23096	1	1	unique
OG_23097	1	1	unique
OG_23098	1	1	unique
OG_23099	1	1	unique
OG_23100	1	1	unique
OG_23101	1	1	unique
OG_23102	1	1	unique
OG_23103	1	1	unique
OG_23104	1	1	unique
OG_23105	1	1	unique
OG_23106	1	1	unique
OG_23107	1	1	unique
OG_23108	1	1	unique
OG_23109	1	1	unique
OG_23110	1	1	unique
OG_23111	1	1	unique
OG_23112	1	1	unique
OG_23113	1	1	unique
OG_23114	1	1	unique
OG_23115	1	1	unique
OG_23116	1	1	unique
OG_23117	1	1	unique
OG_23118	1	1	unique
OG_23119	1	1	unique
OG_23120	1	1	unique
OG_23121	1	1	unique
OG_23122	1	1	unique
OG_23123	1	1	unique
OG_23124	1	1	unique
OG_23125	1	1	unique
OG_23126	1	1	unique
OG_23127	1	1	unique
OG_23128	1	1	unique
OG_23129	1	1	unique
OG_23130	1	1	unique
OG_23131	1	1	unique
OG_23132	1	1	unique
OG_23133	1	1	unique
OG_23134	1	1	unique
OG_23135	1	1	unique
OG_23136	1	1	unique
OG_23137	1	1	unique
OG_23138	1	1	unique
OG_23139	1	1	unique
OG_23140	1	1	unique
OG_23141	1	1	unique
OG_23142	1	1	unique
OG_23143	1	1	unique
OG_23144	1	1	unique
OG_23145	1	1	unique
OG_23146	1	1	unique
OG_23147	1	1	unique
OG_23148	1	1	unique
OG_23149	1	1	unique
OG_23150	1	1	unique
OG_23151	1	1	unique
OG_23152	1	1	unique
OG_23153	1	1	unique
OG_23154	1	1	unique
OG_23155	1	1	unique
OG_23156	1	1	unique
OG_23157	1	1	unique
OG_23158	1	1	unique
OG_23159	1	1	unique
OG_23160	1	1	unique
OG_23161	1	1	unique
OG_23162	1	1	unique
OG_23163	1	1	unique
OG_23164	1	1	unique
OG_23165	1	1	unique
OG_23166	1	1	unique
OG_23167	1	1	unique
OG_23168	1	1	unique
OG_23169	1	1	unique
OG_23170	1	1	unique
OG_23171	1	1	unique
OG_23172	1	1	unique
OG_23173	1	1	unique
OG_23174	1	1	unique
OG_23175	1	1	unique
OG_23176	1	1	unique
OG_23177	1	1	unique
OG_23178	1	1	unique
OG_23179	1	1	unique
OG_23180	1	1	unique
OG_23181	1	1	unique
OG_23182	1	1	unique
OG_23183	1	1	unique
OG_23184	1	1	unique
OG_23185	1	1	unique
OG_23186	1	1	unique
OG_23187	1	1	unique
OG_23188	1	1	unique
OG_23189	1	1	unique
OG_23190	1	1	unique
OG_23191	1	1	unique
OG_23192	1	1	unique
OG_23193	1	1	unique
OG_23194	1	1	unique
OG_23195	1	1	unique
OG_23196	1	1	unique
OG_23197	1	1	unique
OG_23198	1	1	unique
OG_23199	1	1	unique
OG_23200	1	1	unique
OG_23201	1	1	unique
OG_23202	1	1	unique
OG_23203	1	1	unique
OG_23204	1	1	unique
OG_23205	1	1	unique
OG_23206	1	1	unique
OG_23207	1	1	unique
OG_23208	1	1	unique
OG_23209	1	1	unique
OG_23210	1	1	unique
OG_23211	1	1	unique
OG_23212	1	1	unique
OG_23213	1	1	unique
OG_23214	1	1	unique
OG_23215	1	1	unique
OG_23216	1	1	unique
OG_23217	1	1	unique
OG_23218	1	1	unique
OG_23219	1	1	unique
OG_23220	1	1	unique
OG_23221	1	1	unique
OG_23222	1	1	unique
OG_23223	1	1	unique
OG_23224	1	1	unique
OG_23225	1	1	unique
OG_23226	1	1	unique
OG_23227	1	1	unique
OG_23228	1	1	unique
OG_23229	1	1	unique
OG_23230	1	1	unique
OG_23231	1	1	unique
OG_23232	1	1	unique
OG_23233	1	1	unique
OG_23234	1	1	unique
OG_23235	1	1	unique
OG_23236	1	1	unique
OG_23237	1	1	unique
OG_23238	1	1	unique
OG_23239	1	1	unique
OG_23240	1	1	unique
OG_23241	1	1	unique
OG_23242	1	1	unique
OG_23243	1	1	unique
OG_23244	1	1	unique
OG_23245	1	1	unique
OG_23246	1	1	unique
OG_23247	1	1	unique
OG_23248	1	1	unique
OG_23249	1	1	unique
OG_23250	1	1	unique
OG_23251	1	1	unique
OG_23252	1	1	unique
OG_23253	1	1	unique
OG_23254	1	1	unique
OG_23255	1	1	unique
OG_23256	1	1	unique
OG_23257	1	1	unique
OG_23258	1	1	unique
OG_23259	1	1	unique
OG_23260	1	1	unique
OG_23261	1	1	unique
OG_23262	1	1	unique
OG_23263	1	1	unique
OG_23264	1	1	unique
OG_23265	1	1	unique
OG_23266	1	1	unique
OG_23267	1	1	unique
OG_23268	1	1	unique
OG_23269	1	1	unique
OG_23270	1	1	unique
OG_23271	1	1	unique
OG_23272	1	1	unique
OG_23273	1	1	unique
OG_23274	1	1	unique
OG_23275	1	1	unique
OG_23276	1	1	unique
OG_23277	1	1	unique
OG_23278	1	1	unique
OG_23279	1	1	unique
OG_23280	1	1	unique
OG_23281	1	1	unique
OG_23282	1	1	unique
OG_23283	1	1	unique
OG_23284	1	1	unique
OG_23285	1	1	unique
OG_23286	1	1	unique
OG_23287	1	1	unique
OG_23288	1	1	unique
OG_23289	1	1	unique
OG_23290	1	1	unique
OG_23291	1	1	unique
OG_23292	1	1	unique
OG_23293	1	1	unique
OG_23294	1	1	unique
OG_23295	1	1	unique
OG_23296	1	1	unique
OG_23297	1	1	unique
OG_23298	1	1	unique
OG_23299	1	1	unique
OG_23300	1	1	unique
OG_23301	1	1	unique
OG_23302	1	1	unique
OG_23303	1	1	unique
OG_23304	1	1	unique
OG_23305	1	1	unique
OG_23306	1	1	unique
OG_23307	1	1	unique
OG_23308	1	1	unique
OG_23309	1	1	unique
OG_23310	1	1	unique
OG_23311	1	1	unique
OG_23312	1	1	unique
OG_23313	1	1	unique
OG_23314	1	1	unique
OG_23315	1	1	unique
OG_23316	1	1	unique
OG_23317	1	1	unique
OG_23318	1	1	unique
OG_23319	1	1	unique
OG_23320	1	1	unique
OG_23321	1	1	unique
OG_23322	1	1	unique
OG_23323	1	1	unique
OG_23324	1	1	unique
OG_23325	1	1	unique
OG_23326	1	1	unique
OG_23327	1	1	unique
OG_23328	1	1	unique
OG_23329	1	1	unique
OG_23330	1	1	unique
OG_23331	1	1	unique
OG_23332	1	1	unique
OG_23333	1	1	unique
OG_23334	1	1	unique
OG_23335	1	1	unique
OG_23336	1	1	unique
OG_23337	1	1	unique
OG_23338	1	1	unique
OG_23339	1	1	unique
OG_23340	1	1	unique
OG_23341	1	1	unique
OG_23342	1	1	unique
OG_23343	1	1	unique
OG_23344	1	1	unique
OG_23345	1	1	unique
OG_23346	1	1	unique
OG_23347	1	1	unique
OG_23348	1	1	unique
OG_23349	1	1	unique
OG_23350	1	1	unique
OG_23351	1	1	unique
OG_23352	1	1	unique
OG_23353	1	1	unique
OG_23354	1	1	unique
OG_23355	1	1	unique
OG_23356	1	1	unique
OG_23357	1	1	unique
OG_23358	1	1	unique
OG_23359	1	1	unique
OG_23360	1	1	unique
OG_23361	1	1	unique
OG_23362	1	1	unique
OG_23363	1	1	unique
OG_23364	1	1	unique
OG_23365	1	1	unique
OG_23366	1	1	unique
OG_23367	1	1	unique
OG_23368	1	1	unique
OG_23369	1	1	unique
OG_23370	1	1	unique
OG_23371	1	1	unique
OG_23372	1	1	unique
OG_23373	1	1	unique
OG_23374	1	1	unique
OG_23375	1	1	unique
OG_23376	1	1	unique
OG_23377	1	1	unique
OG_23378	1	1	unique
OG_23379	1	1	unique
OG_23380	1	1	unique
OG_23381	1	1	unique
OG_23382	1	1	unique
OG_23383	1	1	unique
OG_23384	1	1	unique
OG_23385	1	1	unique
OG_23386	1	1	unique
OG_23387	1	1	unique
OG_23388	1	1	unique
OG_23389	1	1	unique
OG_23390	1	1	unique
OG_23391	1	1	unique
OG_23392	1	1	unique
OG_23393	1	1	unique
OG_23394	1	1	unique
OG_23395	1	1	unique
OG_23396	1	1	unique
OG_23397	1	1	unique
OG_23398	1	1	unique
OG_23399	1	1	unique
OG_23400	1	1	unique
OG_23401	1	1	unique
OG_23402	1	1	unique
OG_23403	1	1	unique
OG_23404	1	1	unique
OG_23405	1	1	unique
OG_23406	1	1	unique
OG_23407	1	1	unique
OG_23408	1	1	unique
OG_23409	1	1	unique
OG_23410	1	1	unique
OG_23411	1	1	unique
OG_23412	1	1	unique
OG_23413	1	1	unique
OG_23414	1	1	unique
OG_23415	1	1	unique
OG_23416	1	1	unique
OG_23417	1	1	unique
OG_23418	1	1	unique
OG_23419	1	1	unique
OG_23420	1	1	unique
OG_23421	1	1	unique
OG_23422	1	1	unique
OG_23423	1	1	unique
OG_23424	1	1	unique
OG_23425	1	1	unique
OG_23426	1	1	unique
OG_23427	1	1	unique
OG_23428	1	1	unique
OG_23429	1	1	unique
OG_23430	1	1	unique
OG_23431	1	1	unique
OG_23432	1	1	unique
OG_23433	1	1	unique
OG_23434	1	1	unique
OG_23435	1	1	unique
OG_23436	1	1	unique
OG_23437	1	1	unique
OG_23438	1	1	unique
OG_23439	1	1	unique
OG_23440	1	1	unique
OG_23441	1	1	unique
OG_23442	1	1	unique
OG_23443	1	1	unique
OG_23444	1	1	unique
OG_23445	1	1	unique
OG_23446	1	1	unique
OG_23447	1	1	unique
OG_23448	1	1	unique
OG_23449	1	1	unique
OG_23450	1	1	unique
OG_23451	1	1	unique
OG_23452	1	1	unique
OG_23453	1	1	unique
OG_23454	1	1	unique
OG_23455	1	1	unique
OG_23456	1	1	unique
OG_23457	1	1	unique
OG_23458	1	1	unique
OG_23459	1	1	unique
OG_23460	1	1	unique
OG_23461	1	1	unique
OG_23462	1	1	unique
OG_23463	1	1	unique
OG_23464	1	1	unique
OG_23465	1	1	unique
OG_23466	1	1	unique
OG_23467	1	1	unique
OG_23468	1	1	unique
OG_23469	1	1	unique
OG_23470	1	1	unique
OG_23471	1	1	unique
OG_23472	1	1	unique
OG_23473	1	1	unique
OG_23474	1	1	unique
OG_23475	1	1	unique
OG_23476	1	1	unique
OG_23477	1	1	unique
OG_23478	1	1	unique
OG_23479	1	1	unique
OG_23480	1	1	unique
OG_23481	1	1	unique
OG_23482	1	1	unique
OG_23483	1	1	unique
OG_23484	1	1	unique
OG_23485	1	1	unique
OG_23486	1	1	unique
OG_23487	1	1	unique
OG_23488	1	1	unique
OG_23489	1	1	unique
OG_23490	1	1	unique
OG_23491	1	1	unique
OG_23492	1	1	unique
OG_23493	1	1	unique
OG_23494	1	1	unique
OG_23495	1	1	unique
OG_23496	1	1	unique
OG_23497	1	1	unique
OG_23498	1	1	unique
OG_23499	1	1	unique
OG_23500	1	1	unique
OG_23501	1	1	unique
OG_23502	1	1	unique
OG_23503	1	1	unique
OG_23504	1	1	unique
OG_23505	1	1	unique
OG_23506	1	1	unique
OG_23507	1	1	unique
OG_23508	1	1	unique
OG_23509	1	1	unique
OG_23510	1	1	unique
OG_23511	1	1	unique
OG_23512	1	1	unique
OG_23513	1	1	unique
OG_23514	1	1	unique
OG_23515	1	1	unique
OG_23516	1	1	unique
OG_23517	1	1	unique
OG_23518	1	1	unique
OG_23519	1	1	unique
OG_23520	1	1	unique
OG_23521	1	1	unique
OG_23522	1	1	unique
OG_23523	1	1	unique
OG_23524	1	1	unique
OG_23525	1	1	unique
OG_23526	1	1	unique
OG_23527	1	1	unique
OG_23528	1	1	unique
OG_23529	1	1	unique
OG_23530	1	1	unique
OG_23531	1	1	unique
OG_23532	1	1	unique
OG_23533	1	1	unique
OG_23534	1	1	unique
OG_23535	1	1	unique
OG_23536	1	1	unique
OG_23537	1	1	unique
OG_23538	1	1	unique
OG_23539	1	1	unique
OG_23540	1	1	unique
OG_23541	1	1	unique
OG_23542	1	1	unique
OG_23543	1	1	unique
OG_23544	1	1	unique
OG_23545	1	1	unique
OG_23546	1	1	unique
OG_23547	1	1	unique
OG_23548	1	1	unique
OG_23549	1	1	unique
OG_23550	1	1	unique
OG_23551	1	1	unique
OG_23552	1	1	unique
OG_23553	1	1	unique
OG_23554	1	1	unique
OG_23555	1	1	unique
OG_23556	1	1	unique
OG_23557	1	1	unique
OG_23558	1	1	unique
OG_23559	1	1	unique
OG_23560	1	1	unique
OG_23561	1	1	unique
OG_23562	1	1	unique
OG_23563	1	1	unique
OG_23564	1	1	unique
OG_23565	1	1	unique
OG_23566	1	1	unique
OG_23567	1	1	unique
OG_23568	1	1	unique
OG_23569	1	1	unique
OG_23570	1	1	unique
OG_23571	1	1	unique
OG_23572	1	1	unique
OG_23573	1	1	unique
OG_23574	1	1	unique
OG_23575	1	1	unique
OG_23576	1	1	unique
OG_23577	1	1	unique
OG_23578	1	1	unique
OG_23579	1	1	unique
OG_23580	1	1	unique
OG_23581	1	1	unique
OG_23582	1	1	unique
OG_23583	1	1	unique
OG_23584	1	1	unique
OG_23585	1	1	unique
OG_23586	1	1	unique
OG_23587	1	1	unique
OG_23588	1	1	unique
OG_23589	1	1	unique
OG_23590	1	1	unique
OG_23591	1	1	unique
OG_23592	1	1	unique
OG_23593	1	1	unique
OG_23594	1	1	unique
OG_23595	1	1	unique
OG_23596	1	1	unique
OG_23597	1	1	unique
OG_23598	1	1	unique
OG_23599	1	1	unique
OG_23600	1	1	unique
OG_23601	1	1	unique
OG_23602	1	1	unique
OG_23603	1	1	unique
OG_23604	1	1	unique
OG_23605	1	1	unique
OG_23606	1	1	unique
OG_23607	1	1	unique
OG_23608	1	1	unique
OG_23609	1	1	unique
OG_23610	1	1	unique
OG_23611	1	1	unique
OG_23612	1	1	unique
OG_23613	1	1	unique
OG_23614	1	1	unique
OG_23615	1	1	unique
OG_23616	1	1	unique
OG_23617	1	1	unique
OG_23618	1	1	unique
OG_23619	1	1	unique
OG_23620	1	1	unique
OG_23621	1	1	unique
OG_23622	1	1	unique
OG_23623	1	1	unique
OG_23624	1	1	unique
OG_23625	1	1	unique
OG_23626	1	1	unique
OG_23627	1	1	unique
OG_23628	1	1	unique
OG_23629	1	1	unique
OG_23630	1	1	unique
OG_23631	1	1	unique
OG_23632	1	1	unique
OG_23633	1	1	unique
OG_23634	1	1	unique
OG_23635	1	1	unique
OG_23636	1	1	unique
OG_23637	1	1	unique
OG_23638	1	1	unique
OG_23639	1	1	unique
OG_23640	1	1	unique
OG_23641	1	1	unique
OG_23642	1	1	unique
OG_23643	1	1	unique
OG_23644	1	1	unique
OG_23645	1	1	unique
OG_23646	1	1	unique
OG_23647	1	1	unique
OG_23648	1	1	unique
OG_23649	1	1	unique
OG_23650	1	1	unique
OG_23651	1	1	unique
OG_23652	1	1	unique
OG_23653	1	1	unique
OG_23654	1	1	unique
OG_23655	1	1	unique
OG_23656	1	1	unique
OG_23657	1	1	unique
OG_23658	1	1	unique
OG_23659	1	1	unique
OG_23660	1	1	unique
OG_23661	1	1	unique
OG_23662	1	1	unique
OG_23663	1	1	unique
OG_23664	1	1	unique
OG_23665	1	1	unique
OG_23666	1	1	unique
OG_23667	1	1	unique
OG_23668	1	1	unique
OG_23669	1	1	unique
OG_23670	1	1	unique
OG_23671	1	1	unique
OG_23672	1	1	unique
OG_23673	1	1	unique
OG_23674	1	1	unique
OG_23675	1	1	unique
OG_23676	1	1	unique
OG_23677	1	1	unique
OG_23678	1	1	unique
OG_23679	1	1	unique
OG_23680	1	1	unique
OG_23681	1	1	unique
OG_23682	1	1	unique
OG_23683	1	1	unique
OG_23684	1	1	unique
OG_23685	1	1	unique
OG_23686	1	1	unique
OG_23687	1	1	unique
OG_23688	1	1	unique
OG_23689	1	1	unique
OG_23690	1	1	unique
OG_23691	1	1	unique
OG_23692	1	1	unique
OG_23693	1	1	unique
OG_23694	1	1	unique
OG_23695	1	1	unique
OG_23696	1	1	unique
OG_23697	1	1	unique
OG_23698	1	1	unique
OG_23699	1	1	unique
OG_23700	1	1	unique
OG_23701	1	1	unique
OG_23702	1	1	unique
OG_23703	1	1	unique
OG_23704	1	1	unique
OG_23705	1	1	unique
OG_23706	1	1	unique
OG_23707	1	1	unique
OG_23708	1	1	unique
OG_23709	1	1	unique
OG_23710	1	1	unique
OG_23711	1	1	unique
OG_23712	1	1	unique
OG_23713	1	1	unique
OG_23714	1	1	unique
OG_23715	1	1	unique
OG_23716	1	1	unique
OG_23717	1	1	unique
OG_23718	1	1	unique
OG_23719	1	1	unique
OG_23720	1	1	unique
OG_23721	1	1	unique
OG_23722	1	1	unique
OG_23723	1	1	unique
OG_23724	1	1	unique
OG_23725	1	1	unique
OG_23726	1	1	unique
OG_23727	1	1	unique
OG_23728	1	1	unique
OG_23729	1	1	unique
OG_23730	1	1	unique
OG_23731	1	1	unique
OG_23732	1	1	unique
OG_23733	1	1	unique
OG_23734	1	1	unique
OG_23735	1	1	unique
OG_23736	1	1	unique
OG_23737	1	1	unique
OG_23738	1	1	unique
OG_23739	1	1	unique
OG_23740	1	1	unique
OG_23741	1	1	unique
OG_23742	1	1	unique
OG_23743	1	1	unique
OG_23744	1	1	unique
OG_23745	1	1	unique
OG_23746	1	1	unique
OG_23747	1	1	unique
OG_23748	1	1	unique
OG_23749	1	1	unique
OG_23750	1	1	unique
OG_23751	1	1	unique
OG_23752	1	1	unique
OG_23753	1	1	unique
OG_23754	1	1	unique
OG_23755	1	1	unique
OG_23756	1	1	unique
OG_23757	1	1	unique
OG_23758	1	1	unique
OG_23759	1	1	unique
OG_23760	1	1	unique
OG_23761	1	1	unique
OG_23762	1	1	unique
OG_23763	1	1	unique
OG_23764	1	1	unique
OG_23765	1	1	unique
OG_23766	1	1	unique
OG_23767	1	1	unique
OG_23768	1	1	unique
OG_23769	1	1	unique
OG_23770	1	1	unique
OG_23771	1	1	unique
OG_23772	1	1	unique
OG_23773	1	1	unique
OG_23774	1	1	unique
OG_23775	1	1	unique
OG_23776	1	1	unique
OG_23777	1	1	unique
OG_23778	1	1	unique
OG_23779	1	1	unique
OG_23780	1	1	unique
OG_23781	1	1	unique
OG_23782	1	1	unique
OG_23783	1	1	unique
OG_23784	1	1	unique
OG_23785	1	1	unique
OG_23786	1	1	unique
OG_23787	1	1	unique
OG_23788	1	1	unique
OG_23789	1	1	unique
OG_23790	1	1	unique
OG_23791	1	1	unique
OG_23792	1	1	unique
OG_23793	1	1	unique
OG_23794	1	1	unique
OG_23795	1	1	unique
OG_23796	1	1	unique
OG_23797	1	1	unique
OG_23798	1	1	unique
OG_23799	1	1	unique
OG_23800	1	1	unique
OG_23801	1	1	unique
OG_23802	1	1	unique
OG_23803	1	1	unique
OG_23804	1	1	unique
OG_23805	1	1	unique
OG_23806	1	1	unique
OG_23807	1	1	unique
OG_23808	1	1	unique
OG_23809	1	1	unique
OG_23810	1	1	unique
OG_23811	1	1	unique
OG_23812	1	1	unique
OG_23813	1	1	unique
OG_23814	1	1	unique
OG_23815	1	1	unique
OG_23816	1	1	unique
OG_23817	1	1	unique
OG_23818	1	1	unique
OG_23819	1	1	unique
OG_23820	1	1	unique
OG_23821	1	1	unique
OG_23822	1	1	unique
OG_23823	1	1	unique
OG_23824	1	1	unique
OG_23825	1	1	unique
OG_23826	1	1	unique
OG_23827	1	1	unique
OG_23828	1	1	unique
OG_23829	1	1	unique
OG_23830	1	1	unique
OG_23831	1	1	unique
OG_23832	1	1	unique
OG_23833	1	1	unique
OG_23834	1	1	unique
OG_23835	1	1	unique
OG_23836	1	1	unique
OG_23837	1	1	unique
OG_23838	1	1	unique
OG_23839	1	1	unique
OG_23840	1	1	unique
OG_23841	1	1	unique
OG_23842	1	1	unique
OG_23843	1	1	unique
OG_23844	1	1	unique
OG_23845	1	1	unique
OG_23846	1	1	unique
OG_23847	1	1	unique
OG_23848	1	1	unique
OG_23849	1	1	unique
OG_23850	1	1	unique
OG_23851	1	1	unique
OG_23852	1	1	unique
OG_23853	1	1	unique
OG_23854	1	1	unique
OG_23855	1	1	unique
OG_23856	1	1	unique
OG_23857	1	1	unique
OG_23858	1	1	unique
OG_23859	1	1	unique
OG_23860	1	1	unique
OG_23861	1	1	unique
OG_23862	1	1	unique
OG_23863	1	1	unique
OG_23864	1	1	unique
OG_23865	1	1	unique
OG_23866	1	1	unique
OG_23867	1	1	unique
OG_23868	1	1	unique
OG_23869	1	1	unique
OG_23870	1	1	unique
OG_23871	1	1	unique
OG_23872	1	1	unique
OG_23873	1	1	unique
OG_23874	1	1	unique
OG_23875	1	1	unique
OG_23876	1	1	unique
OG_23877	1	1	unique
OG_23878	1	1	unique
OG_23879	1	1	unique
OG_23880	1	1	unique
OG_23881	1	1	unique
OG_23882	1	1	unique
OG_23883	1	1	unique
OG_23884	1	1	unique
OG_23885	1	1	unique
OG_23886	1	1	unique
OG_23887	1	1	unique
OG_23888	1	1	unique
OG_23889	1	1	unique
OG_23890	1	1	unique
OG_23891	1	1	unique
OG_23892	1	1	unique
OG_23893	1	1	unique
OG_23894	1	1	unique
OG_23895	1	1	unique
OG_23896	1	1	unique
OG_23897	1	1	unique
OG_23898	1	1	unique
OG_23899	1	1	unique
OG_23900	1	1	unique
OG_23901	1	1	unique
OG_23902	1	1	unique
OG_23903	1	1	unique
OG_23904	1	1	unique
OG_23905	1	1	unique
OG_23906	1	1	unique
OG_23907	1	1	unique
OG_23908	1	1	unique
OG_23909	1	1	unique
OG_23910	1	1	unique
OG_23911	1	1	unique
OG_23912	1	1	unique
OG_23913	1	1	unique
OG_23914	1	1	unique
OG_23915	1	1	unique
OG_23916	1	1	unique
OG_23917	1	1	unique
OG_23918	1	1	unique
OG_23919	1	1	unique
OG_23920	1	1	unique
OG_23921	1	1	unique
OG_23922	1	1	unique
OG_23923	1	1	unique
OG_23924	1	1	unique
OG_23925	1	1	unique
OG_23926	1	1	unique
OG_23927	1	1	unique
OG_23928	1	1	unique
OG_23929	1	1	unique
OG_23930	1	1	unique
OG_23931	1	1	unique
OG_23932	1	1	unique
OG_23933	1	1	unique
OG_23934	1	1	unique
OG_23935	1	1	unique
OG_23936	1	1	unique
OG_23937	1	1	unique
OG_23938	1	1	unique
OG_23939	1	1	unique
OG_23940	1	1	unique
OG_23941	1	1	unique
OG_23942	1	1	unique
OG_23943	1	1	unique
OG_23944	1	1	unique
OG_23945	1	1	unique
OG_23946	1	1	unique
OG_23947	1	1	unique
OG_23948	1	1	unique
OG_23949	1	1	unique
OG_23950	1	1	unique
OG_23951	1	1	unique
OG_23952	1	1	unique
OG_23953	1	1	unique
OG_23954	1	1	unique
OG_23955	1	1	unique
OG_23956	1	1	unique
OG_23957	1	1	unique
OG_23958	1	1	unique
OG_23959	1	1	unique
OG_23960	1	1	unique
OG_23961	1	1	unique
OG_23962	1	1	unique
OG_23963	1	1	unique
OG_23964	1	1	unique
OG_23965	1	1	unique
OG_23966	1	1	unique
OG_23967	1	1	unique
OG_23968	1	1	unique
OG_23969	1	1	unique
OG_23970	1	1	unique
OG_23971	1	1	unique
OG_23972	1	1	unique
OG_23973	1	1	unique
OG_23974	1	1	unique
OG_23975	1	1	unique
OG_23976	1	1	unique
OG_23977	1	1	unique
OG_23978	1	1	unique
OG_23979	1	1	unique
OG_23980	1	1	unique
OG_23981	1	1	unique
OG_23982	1	1	unique
OG_23983	1	1	unique
OG_23984	1	1	unique
OG_23985	1	1	unique
OG_23986	1	1	unique
OG_23987	1	1	unique
OG_23988	1	1	unique
OG_23989	1	1	unique
OG_23990	1	1	unique
OG_23991	1	1	unique
OG_23992	1	1	unique
OG_23993	1	1	unique
OG_23994	1	1	unique
OG_23995	1	1	unique
OG_23996	1	1	unique
OG_23997	1	1	unique
OG_23998	1	1	unique
OG_23999	1	1	unique
OG_24000	1	1	unique
OG_24001	1	1	unique
OG_24002	1	1	unique
OG_24003	1	1	unique
OG_24004	1	1	unique
OG_24005	1	1	unique
OG_24006	1	1	unique
OG_24007	1	1	unique
OG_24008	1	1	unique
OG_24009	1	1	unique
OG_24010	1	1	unique
OG_24011	1	1	unique
OG_24012	1	1	unique
OG_24013	1	1	unique
OG_24014	1	1	unique
OG_24015	1	1	unique
OG_24016	1	1	unique
OG_24017	1	1	unique
OG_24018	1	1	unique
OG_24019	1	1	unique
OG_24020	1	1	unique
OG_24021	1	1	unique
OG_24022	1	1	unique
OG_24023	1	1	unique
OG_24024	1	1	unique
OG_24025	1	1	unique
OG_24026	1	1	unique
OG_24027	1	1	unique
OG_24028	1	1	unique
OG_24029	1	1	unique
OG_24030	1	1	unique
OG_24031	1	1	unique
OG_24032	1	1	unique
OG_24033	1	1	unique
OG_24034	1	1	unique
OG_24035	1	1	unique
OG_24036	1	1	unique
OG_24037	1	1	unique
OG_24038	1	1	unique
OG_24039	1	1	unique
OG_24040	1	1	unique
OG_24041	1	1	unique
OG_24042	1	1	unique
OG_24043	1	1	unique
OG_24044	1	1	unique
OG_24045	1	1	unique
OG_24046	1	1	unique
OG_24047	1	1	unique
OG_24048	1	1	unique
OG_24049	1	1	unique
OG_24050	1	1	unique
OG_24051	1	1	unique
OG_24052	1	1	unique
OG_24053	1	1	unique
OG_24054	1	1	unique
OG_24055	1	1	unique
OG_24056	1	1	unique
OG_24057	1	1	unique
OG_24058	1	1	unique
OG_24059	1	1	unique
OG_24060	1	1	unique
OG_24061	1	1	unique
OG_24062	1	1	unique
OG_24063	1	1	unique
OG_24064	1	1	unique
OG_24065	1	1	unique
OG_24066	1	1	unique
OG_24067	1	1	unique
OG_24068	1	1	unique
OG_24069	1	1	unique
OG_24070	1	1	unique
OG_24071	1	1	unique
OG_24072	1	1	unique
OG_24073	1	1	unique
OG_24074	1	1	unique
OG_24075	1	1	unique
OG_24076	1	1	unique
OG_24077	1	1	unique
OG_24078	1	1	unique
OG_24079	1	1	unique
OG_24080	1	1	unique
OG_24081	1	1	unique
OG_24082	1	1	unique
OG_24083	1	1	unique
OG_24084	1	1	unique
OG_24085	1	1	unique
OG_24086	1	1	unique
OG_24087	1	1	unique
OG_24088	1	1	unique
OG_24089	1	1	unique
OG_24090	1	1	unique
OG_24091	1	1	unique
OG_24092	1	1	unique
OG_24093	1	1	unique
OG_24094	1	1	unique
OG_24095	1	1	unique
OG_24096	1	1	unique
OG_24097	1	1	unique
OG_24098	1	1	unique
OG_24099	1	1	unique
OG_24100	1	1	unique
OG_24101	1	1	unique
OG_24102	1	1	unique
OG_24103	1	1	unique
OG_24104	1	1	unique
OG_24105	1	1	unique
OG_24106	1	1	unique
OG_24107	1	1	unique
OG_24108	1	1	unique
OG_24109	1	1	unique
OG_24110	1	1	unique
OG_24111	1	1	unique
OG_24112	1	1	unique
OG_24113	1	1	unique
OG_24114	1	1	unique
OG_24115	1	1	unique
OG_24116	1	1	unique
OG_24117	1	1	unique
OG_24118	1	1	unique
OG_24119	1	1	unique
OG_24120	1	1	unique
OG_24121	1	1	unique
OG_24122	1	1	unique
OG_24123	1	1	unique
OG_24124	1	1	unique
OG_24125	1	1	unique
OG_24126	1	1	unique
OG_24127	1	1	unique
OG_24128	1	1	unique
OG_24129	1	1	unique
OG_24130	1	1	unique
OG_24131	1	1	unique
OG_24132	1	1	unique
OG_24133	1	1	unique
OG_24134	1	1	unique
OG_24135	1	1	unique
OG_24136	1	1	unique
OG_24137	1	1	unique
OG_24138	1	1	unique
OG_24139	1	1	unique
OG_24140	1	1	unique
OG_24141	1	1	unique
OG_24142	1	1	unique
OG_24143	1	1	unique
OG_24144	1	1	unique
OG_24145	1	1	unique
OG_24146	1	1	unique
OG_24147	1	1	unique
OG_24148	1	1	unique
OG_24149	1	1	unique
OG_24150	1	1	unique
OG_24151	1	1	unique
OG_24152	1	1	unique
OG_24153	1	1	unique
OG_24154	1	1	unique
OG_24155	1	1	unique
OG_24156	1	1	unique
OG_24157	1	1	unique
OG_24158	1	1	unique
OG_24159	1	1	unique
OG_24160	1	1	unique
OG_24161	1	1	unique
OG_24162	1	1	unique
OG_24163	1	1	unique
OG_24164	1	1	unique
OG_24165	1	1	unique
OG_24166	1	1	unique
OG_24167	1	1	unique
OG_24168	1	1	unique
OG_24169	1	1	unique
OG_24170	1	1	unique
OG_24171	1	1	unique
OG_24172	1	1	unique
OG_24173	1	1	unique
OG_24174	1	1	unique
OG_24175	1	1	unique
OG_24176	1	1	unique
OG_24177	1	1	unique
OG_24178	1	1	unique
OG_24179	1	1	unique
OG_24180	1	1	unique
OG_24181	1	1	unique
OG_24182	1	1	unique
OG_24183	1	1	unique
OG_24184	1	1	unique
OG_24185	1	1	unique
OG_24186	1	1	unique
OG_24187	1	1	unique
OG_24188	1	1	unique
OG_24189	1	1	unique
OG_24190	1	1	unique
OG_24191	1	1	unique
OG_24192	1	1	unique
OG_24193	1	1	unique
OG_24194	1	1	unique
OG_24195	1	1	unique
OG_24196	1	1	unique
OG_24197	1	1	unique
OG_24198	1	1	unique
OG_24199	1	1	unique
OG_24200	1	1	unique
OG_24201	1	1	unique
OG_24202	1	1	unique
OG_24203	1	1	unique
OG_24204	1	1	unique
OG_24205	1	1	unique
OG_24206	1	1	unique
OG_24207	1	1	unique
OG_24208	1	1	unique
OG_24209	1	1	unique
OG_24210	1	1	unique
OG_24211	1	1	unique
OG_24212	1	1	unique
OG_24213	1	1	unique
OG_24214	1	1	unique
OG_24215	1	1	unique
OG_24216	1	1	unique
OG_24217	1	1	unique
OG_24218	1	1	unique
OG_24219	1	1	unique
OG_24220	1	1	unique
OG_24221	1	1	unique
OG_24222	1	1	unique
OG_24223	1	1	unique
OG_24224	1	1	unique
OG_24225	1	1	unique
OG_24226	1	1	unique
OG_24227	1	1	unique
OG_24228	1	1	unique
OG_24229	1	1	unique
OG_24230	1	1	unique
OG_24231	1	1	unique
OG_24232	1	1	unique
OG_24233	1	1	unique
OG_24234	1	1	unique
OG_24235	1	1	unique
OG_24236	1	1	unique
OG_24237	1	1	unique
OG_24238	1	1	unique
OG_24239	1	1	unique
OG_24240	1	1	unique
OG_24241	1	1	unique
OG_24242	1	1	unique
OG_24243	1	1	unique
OG_24244	1	1	unique
OG_24245	1	1	unique
OG_24246	1	1	unique
OG_24247	1	1	unique
OG_24248	1	1	unique
OG_24249	1	1	unique
OG_24250	1	1	unique
OG_24251	1	1	unique
OG_24252	1	1	unique
OG_24253	1	1	unique
OG_24254	1	1	unique
OG_24255	1	1	unique
OG_24256	1	1	unique
OG_24257	1	1	unique
OG_24258	1	1	unique
OG_24259	1	1	unique
OG_24260	1	1	unique
OG_24261	1	1	unique
OG_24262	1	1	unique
OG_24263	1	1	unique
OG_24264	1	1	unique
OG_24265	1	1	unique
OG_24266	1	1	unique
OG_24267	1	1	unique
OG_24268	1	1	unique
OG_24269	1	1	unique
OG_24270	1	1	unique
OG_24271	1	1	unique
OG_24272	1	1	unique
OG_24273	1	1	unique
OG_24274	1	1	unique
OG_24275	1	1	unique
OG_24276	1	1	unique
OG_24277	1	1	unique
OG_24278	1	1	unique
OG_24279	1	1	unique
OG_24280	1	1	unique
OG_24281	1	1	unique
OG_24282	1	1	unique
OG_24283	1	1	unique
OG_24284	1	1	unique
OG_24285	1	1	unique
OG_24286	1	1	unique
OG_24287	1	1	unique
OG_24288	1	1	unique
OG_24289	1	1	unique
OG_24290	1	1	unique
OG_24291	1	1	unique
OG_24292	1	1	unique
OG_24293	1	1	unique
OG_24294	1	1	unique
OG_24295	1	1	unique
OG_24296	1	1	unique
OG_24297	1	1	unique
OG_24298	1	1	unique
OG_24299	1	1	unique
OG_24300	1	1	unique
OG_24301	1	1	unique
OG_24302	1	1	unique
OG_24303	1	1	unique
OG_24304	1	1	unique
OG_24305	1	1	unique
OG_24306	1	1	unique
OG_24307	1	1	unique
OG_24308	1	1	unique
OG_24309	1	1	unique
OG_24310	1	1	unique
OG_24311	1	1	unique
OG_24312	1	1	unique
OG_24313	1	1	unique
OG_24314	1	1	unique
OG_24315	1	1	unique
OG_24316	1	1	unique
OG_24317	1	1	unique
OG_24318	1	1	unique
OG_24319	1	1	unique
OG_24320	1	1	unique
OG_24321	1	1	unique
OG_24322	1	1	unique
OG_24323	1	1	unique
OG_24324	1	1	unique
OG_24325	1	1	unique
OG_24326	1	1	unique
OG_24327	1	1	unique
OG_24328	1	1	unique
OG_24329	1	1	unique
OG_24330	1	1	unique
OG_24331	1	1	unique
OG_24332	1	1	unique
OG_24333	1	1	unique
OG_24334	1	1	unique
OG_24335	1	1	unique
OG_24336	1	1	unique
OG_24337	1	1	unique
OG_24338	1	1	unique
OG_24339	1	1	unique
OG_24340	1	1	unique
OG_24341	1	1	unique
OG_24342	1	1	unique
OG_24343	1	1	unique
OG_24344	1	1	unique
OG_24345	1	1	unique
OG_24346	1	1	unique
OG_24347	1	1	unique
OG_24348	1	1	unique
OG_24349	1	1	unique
OG_24350	1	1	unique
OG_24351	1	1	unique
OG_24352	1	1	unique
OG_24353	1	1	unique
OG_24354	1	1	unique
OG_24355	1	1	unique
OG_24356	1	1	unique
OG_24357	1	1	unique
OG_24358	1	1	unique
OG_24359	1	1	unique
OG_24360	1	1	unique
OG_24361	1	1	unique
OG_24362	1	1	unique
OG_24363	1	1	unique
OG_24364	1	1	unique
OG_24365	1	1	unique
OG_24366	1	1	unique
OG_24367	1	1	unique
OG_24368	1	1	unique
OG_24369	1	1	unique
OG_24370	1	1	unique
OG_24371	1	1	unique
OG_24372	1	1	unique
OG_24373	1	1	unique
OG_24374	1	1	unique
OG_24375	1	1	unique
OG_24376	1	1	unique
OG_24377	1	1	unique
OG_24378	1	1	unique
OG_24379	1	1	unique
OG_24380	1	1	unique
OG_24381	1	1	unique
OG_24382	1	1	unique
OG_24383	1	1	unique
OG_24384	1	1	unique
OG_24385	1	1	unique
OG_24386	1	1	unique
OG_24387	1	1	unique
OG_24388	1	1	unique
OG_24389	1	1	unique
OG_24390	1	1	unique
OG_24391	1	1	unique
OG_24392	1	1	unique
OG_24393	1	1	unique
OG_24394	1	1	unique
OG_24395	1	1	unique
OG_24396	1	1	unique
OG_24397	1	1	unique
OG_24398	1	1	unique
OG_24399	1	1	unique
OG_24400	1	1	unique
OG_24401	1	1	unique
OG_24402	1	1	unique
OG_24403	1	1	unique
OG_24404	1	1	unique
OG_24405	1	1	unique
OG_24406	1	1	unique
OG_24407	1	1	unique
OG_24408	1	1	unique
OG_24409	1	1	unique
OG_24410	1	1	unique
OG_24411	1	1	unique
OG_24412	1	1	unique
OG_24413	1	1	unique
OG_24414	1	1	unique
OG_24415	1	1	unique
OG_24416	1	1	unique
OG_24417	1	1	unique
OG_24418	1	1	unique
OG_24419	1	1	unique
OG_24420	1	1	unique
OG_24421	1	1	unique
OG_24422	1	1	unique
OG_24423	1	1	unique
OG_24424	1	1	unique
OG_24425	1	1	unique
OG_24426	1	1	unique
OG_24427	1	1	unique
OG_24428	1	1	unique
OG_24429	1	1	unique
OG_24430	1	1	unique
OG_24431	1	1	unique
OG_24432	1	1	unique
OG_24433	1	1	unique
OG_24434	1	1	unique
OG_24435	1	1	unique
OG_24436	1	1	unique
OG_24437	1	1	unique
OG_24438	1	1	unique
OG_24439	1	1	unique
OG_24440	1	1	unique
OG_24441	1	1	unique
OG_24442	1	1	unique
OG_24443	1	1	unique
OG_24444	1	1	unique
OG_24445	1	1	unique
OG_24446	1	1	unique
OG_24447	1	1	unique
OG_24448	1	1	unique
OG_24449	1	1	unique
OG_24450	1	1	unique
OG_24451	1	1	unique
OG_24452	1	1	unique
OG_24453	1	1	unique
OG_24454	1	1	unique
OG_24455	1	1	unique
OG_24456	1	1	unique
OG_24457	1	1	unique
OG_24458	1	1	unique
OG_24459	1	1	unique
OG_24460	1	1	unique
OG_24461	1	1	unique
OG_24462	1	1	unique
OG_24463	1	1	unique
OG_24464	1	1	unique
OG_24465	1	1	unique
OG_24466	1	1	unique
OG_24467	1	1	unique
OG_24468	1	1	unique
OG_24469	1	1	unique
OG_24470	1	1	unique
OG_24471	1	1	unique
OG_24472	1	1	unique
OG_24473	1	1	unique
OG_24474	1	1	unique
OG_24475	1	1	unique
OG_24476	1	1	unique
OG_24477	1	1	unique
OG_24478	1	1	unique
OG_24479	1	1	unique
OG_24480	1	1	unique
OG_24481	1	1	unique
OG_24482	1	1	unique
OG_24483	1	1	unique
OG_24484	1	1	unique
OG_24485	1	1	unique
OG_24486	1	1	unique
OG_24487	1	1	unique
OG_24488	1	1	unique
OG_24489	1	1	unique
OG_24490	1	1	unique
OG_24491	1	1	unique
OG_24492	1	1	unique
OG_24493	1	1	unique
OG_24494	1	1	unique
OG_24495	1	1	unique
OG_24496	1	1	unique
OG_24497	1	1	unique
OG_24498	1	1	unique
OG_24499	1	1	unique
OG_24500	1	1	unique
OG_24501	1	1	unique
OG_24502	1	1	unique
OG_24503	1	1	unique
OG_24504	1	1	unique
OG_24505	1	1	unique
OG_24506	1	1	unique
OG_24507	1	1	unique
OG_24508	1	1	unique
OG_24509	1	1	unique
OG_24510	1	1	unique
OG_24511	1	1	unique
OG_24512	1	1	unique
OG_24513	1	1	unique
OG_24514	1	1	unique
OG_24515	1	1	unique
OG_24516	1	1	unique
OG_24517	1	1	unique
OG_24518	1	1	unique
OG_24519	1	1	unique
OG_24520	1	1	unique
OG_24521	1	1	unique
OG_24522	1	1	unique
OG_24523	1	1	unique
OG_24524	1	1	unique
OG_24525	1	1	unique
OG_24526	1	1	unique
OG_24527	1	1	unique
OG_24528	1	1	unique
OG_24529	1	1	unique
OG_24530	1	1	unique
OG_24531	1	1	unique
OG_24532	1	1	unique
OG_24533	1	1	unique
OG_24534	1	1	unique
OG_24535	1	1	unique
OG_24536	1	1	unique
OG_24537	1	1	unique
OG_24538	1	1	unique
OG_24539	1	1	unique
OG_24540	1	1	unique
OG_24541	1	1	unique
OG_24542	1	1	unique
OG_24543	1	1	unique
OG_24544	1	1	unique
OG_24545	1	1	unique
OG_24546	1	1	unique
OG_24547	1	1	unique
OG_24548	1	1	unique
OG_24549	1	1	unique
OG_24550	1	1	unique
OG_24551	1	1	unique
OG_24552	1	1	unique
OG_24553	1	1	unique
OG_24554	1	1	unique
OG_24555	1	1	unique
OG_24556	1	1	unique
OG_24557	1	1	unique
OG_24558	1	1	unique
OG_24559	1	1	unique
OG_24560	1	1	unique
OG_24561	1	1	unique
OG_24562	1	1	unique
OG_24563	1	1	unique
OG_24564	1	1	unique
OG_24565	1	1	unique
OG_24566	1	1	unique
OG_24567	1	1	unique
OG_24568	1	1	unique
OG_24569	1	1	unique
OG_24570	1	1	unique
OG_24571	1	1	unique
OG_24572	1	1	unique
OG_24573	1	1	unique
OG_24574	1	1	unique
OG_24575	1	1	unique
OG_24576	1	1	unique
OG_24577	1	1	unique
OG_24578	1	1	unique
OG_24579	1	1	unique
OG_24580	1	1	unique
OG_24581	1	1	unique
OG_24582	1	1	unique
OG_24583	1	1	unique
OG_24584	1	1	unique
OG_24585	1	1	unique
OG_24586	1	1	unique
OG_24587	1	1	unique
OG_24588	1	1	unique
OG_24589	1	1	unique
OG_24590	1	1	unique
OG_24591	1	1	unique
OG_24592	1	1	unique
OG_24593	1	1	unique
OG_24594	1	1	unique
OG_24595	1	1	unique
OG_24596	1	1	unique
OG_24597	1	1	unique
OG_24598	1	1	unique
OG_24599	1	1	unique
OG_24600	1	1	unique
OG_24601	1	1	unique
OG_24602	1	1	unique
OG_24603	1	1	unique
OG_24604	1	1	unique
OG_24605	1	1	unique
OG_24606	1	1	unique
OG_24607	1	1	unique
OG_24608	1	1	unique
OG_24609	1	1	unique
OG_24610	1	1	unique
OG_24611	1	1	unique
OG_24612	1	1	unique
OG_24613	1	1	unique
OG_24614	1	1	unique
OG_24615	1	1	unique
OG_24616	1	1	unique
OG_24617	1	1	unique
OG_24618	1	1	unique
OG_24619	1	1	unique
OG_24620	1	1	unique
OG_24621	1	1	unique
OG_24622	1	1	unique
OG_24623	1	1	unique
OG_24624	1	1	unique
OG_24625	1	1	unique
OG_24626	1	1	unique
OG_24627	1	1	unique
OG_24628	1	1	unique
OG_24629	1	1	unique
OG_24630	1	1	unique
OG_24631	1	1	unique
OG_24632	1	1	unique
OG_24633	1	1	unique
OG_24634	1	1	unique
OG_24635	1	1	unique
OG_24636	1	1	unique
OG_24637	1	1	unique
OG_24638	1	1	unique
OG_24639	1	1	unique
OG_24640	1	1	unique
OG_24641	1	1	unique
OG_24642	1	1	unique
OG_24643	1	1	unique
OG_24644	1	1	unique
OG_24645	1	1	unique
OG_24646	1	1	unique
OG_24647	1	1	unique
OG_24648	1	1	unique
OG_24649	1	1	unique
OG_24650	1	1	unique
OG_24651	1	1	unique
OG_24652	1	1	unique
OG_24653	1	1	unique
OG_24654	1	1	unique
OG_24655	1	1	unique
OG_24656	1	1	unique
OG_24657	1	1	unique
OG_24658	1	1	unique
OG_24659	1	1	unique
OG_24660	1	1	unique
OG_24661	1	1	unique
OG_24662	1	1	unique
OG_24663	1	1	unique
OG_24664	1	1	unique
OG_24665	1	1	unique
OG_24666	1	1	unique
OG_24667	1	1	unique
OG_24668	1	1	unique
OG_24669	1	1	unique
OG_24670	1	1	unique
OG_24671	1	1	unique
OG_24672	1	1	unique
OG_24673	1	1	unique
OG_24674	1	1	unique
OG_24675	1	1	unique
OG_24676	1	1	unique
OG_24677	1	1	unique
OG_24678	1	1	unique
OG_24679	1	1	unique
OG_24680	1	1	unique
OG_24681	1	1	unique
OG_24682	1	1	unique
OG_24683	1	1	unique
OG_24684	1	1	unique
OG_24685	1	1	unique
OG_24686	1	1	unique
OG_24687	1	1	unique
OG_24688	1	1	unique
OG_24689	1	1	unique
OG_24690	1	1	unique
OG_24691	1	1	unique
OG_24692	1	1	unique
OG_24693	1	1	unique
OG_24694	1	1	unique
OG_24695	1	1	unique
OG_24696	1	1	unique
OG_24697	1	1	unique
OG_24698	1	1	unique
OG_24699	1	1	unique
OG_24700	1	1	unique
OG_24701	1	1	unique
OG_24702	1	1	unique
OG_24703	1	1	unique
OG_24704	1	1	unique
OG_24705	1	1	unique
OG_24706	1	1	unique
OG_24707	1	1	unique
OG_24708	1	1	unique
OG_24709	1	1	unique
OG_24710	1	1	unique
OG_24711	1	1	unique
OG_24712	1	1	unique
OG_24713	1	1	unique
OG_24714	1	1	unique
OG_24715	1	1	unique
OG_24716	1	1	unique
OG_24717	1	1	unique
OG_24718	1	1	unique
OG_24719	1	1	unique
OG_24720	1	1	unique
OG_24721	1	1	unique
OG_24722	1	1	unique
OG_24723	1	1	unique
OG_24724	1	1	unique
OG_24725	1	1	unique
OG_24726	1	1	unique
OG_24727	1	1	unique
OG_24728	1	1	unique
OG_24729	1	1	unique
OG_24730	1	1	unique
OG_24731	1	1	unique
OG_24732	1	1	unique
OG_24733	1	1	unique
OG_24734	1	1	unique
OG_24735	1	1	unique
OG_24736	1	1	unique
OG_24737	1	1	unique
OG_24738	1	1	unique
OG_24739	1	1	unique
OG_24740	1	1	unique
OG_24741	1	1	unique
OG_24742	1	1	unique
OG_24743	1	1	unique
OG_24744	1	1	unique
OG_24745	1	1	unique
OG_24746	1	1	unique
OG_24747	1	1	unique
OG_24748	1	1	unique
OG_24749	1	1	unique
OG_24750	1	1	unique
OG_24751	1	1	unique
OG_24752	1	1	unique
OG_24753	1	1	unique
OG_24754	1	1	unique
OG_24755	1	1	unique
OG_24756	1	1	unique
OG_24757	1	1	unique
OG_24758	1	1	unique
OG_24759	1	1	unique
OG_24760	1	1	unique
OG_24761	1	1	unique
OG_24762	1	1	unique
OG_24763	1	1	unique
OG_24764	1	1	unique
OG_24765	1	1	unique
OG_24766	1	1	unique
OG_24767	1	1	unique
OG_24768	1	1	unique
OG_24769	1	1	unique
OG_24770	1	1	unique
OG_24771	1	1	unique
OG_24772	1	1	unique
OG_24773	1	1	unique
OG_24774	1	1	unique
OG_24775	1	1	unique
OG_24776	1	1	unique
OG_24777	1	1	unique
OG_24778	1	1	unique
OG_24779	1	1	unique
OG_24780	1	1	unique
OG_24781	1	1	unique
OG_24782	1	1	unique
OG_24783	1	1	unique
OG_24784	1	1	unique
OG_24785	1	1	unique
OG_24786	1	1	unique
OG_24787	1	1	unique
OG_24788	1	1	unique
OG_24789	1	1	unique
OG_24790	1	1	unique
OG_24791	1	1	unique
OG_24792	1	1	unique
OG_24793	1	1	unique
OG_24794	1	1	unique
OG_24795	1	1	unique
OG_24796	1	1	unique
OG_24797	1	1	unique
OG_24798	1	1	unique
OG_24799	1	1	unique
OG_24800	1	1	unique
OG_24801	1	1	unique
OG_24802	1	1	unique
OG_24803	1	1	unique
OG_24804	1	1	unique
OG_24805	1	1	unique
OG_24806	1	1	unique
OG_24807	1	1	unique
OG_24808	1	1	unique
OG_24809	1	1	unique
OG_24810	1	1	unique
OG_24811	1	1	unique
OG_24812	1	1	unique
OG_24813	1	1	unique
OG_24814	1	1	unique
OG_24815	1	1	unique
OG_24816	1	1	unique
OG_24817	1	1	unique
OG_24818	1	1	unique
OG_24819	1	1	unique
OG_24820	1	1	unique
OG_24821	1	1	unique
OG_24822	1	1	unique
OG_24823	1	1	unique
OG_24824	1	1	unique
OG_24825	1	1	unique
OG_24826	1	1	unique
OG_24827	1	1	unique
OG_24828	1	1	unique
OG_24829	1	1	unique
OG_24830	1	1	unique
OG_24831	1	1	unique
OG_24832	1	1	unique
OG_24833	1	1	unique
OG_24834	1	1	unique
OG_24835	1	1	unique
OG_24836	1	1	unique
OG_24837	1	1	unique
OG_24838	1	1	unique
OG_24839	1	1	unique
OG_24840	1	1	unique
OG_24841	1	1	unique
OG_24842	1	1	unique
OG_24843	1	1	unique
OG_24844	1	1	unique
OG_24845	1	1	unique
OG_24846	1	1	unique
OG_24847	1	1	unique
OG_24848	1	1	unique
OG_24849	1	1	unique
OG_24850	1	1	unique
OG_24851	1	1	unique
OG_24852	1	1	unique
OG_24853	1	1	unique
OG_24854	1	1	unique
OG_24855	1	1	unique
OG_24856	1	1	unique
OG_24857	1	1	unique
OG_24858	1	1	unique
OG_24859	1	1	unique
OG_24860	1	1	unique
OG_24861	1	1	unique
OG_24862	1	1	unique
OG_24863	1	1	unique
OG_24864	1	1	unique
OG_24865	1	1	unique
OG_24866	1	1	unique
OG_24867	1	1	unique
OG_24868	1	1	unique
OG_24869	1	1	unique
OG_24870	1	1	unique
OG_24871	1	1	unique
OG_24872	1	1	unique
OG_24873	1	1	unique
OG_24874	1	1	unique
OG_24875	1	1	unique
OG_24876	1	1	unique
OG_24877	1	1	unique
OG_24878	1	1	unique
OG_24879	1	1	unique
OG_24880	1	1	unique
OG_24881	1	1	unique
OG_24882	1	1	unique
OG_24883	1	1	unique
OG_24884	1	1	unique
OG_24885	1	1	unique
OG_24886	1	1	unique
OG_24887	1	1	unique
OG_24888	1	1	unique
OG_24889	1	1	unique
OG_24890	1	1	unique
OG_24891	1	1	unique
OG_24892	1	1	unique
OG_24893	1	1	unique
OG_24894	1	1	unique
OG_24895	1	1	unique
OG_24896	1	1	unique
OG_24897	1	1	unique
OG_24898	1	1	unique
OG_24899	1	1	unique
OG_24900	1	1	unique
OG_24901	1	1	unique
OG_24902	1	1	unique
OG_24903	1	1	unique
OG_24904	1	1	unique
OG_24905	1	1	unique
OG_24906	1	1	unique
OG_24907	1	1	unique
OG_24908	1	1	unique
OG_24909	1	1	unique
OG_24910	1	1	unique
OG_24911	1	1	unique
OG_24912	1	1	unique
OG_24913	1	1	unique
OG_24914	1	1	unique
OG_24915	1	1	unique
OG_24916	1	1	unique
OG_24917	1	1	unique
OG_24918	1	1	unique
OG_24919	1	1	unique
OG_24920	1	1	unique
OG_24921	1	1	unique
OG_24922	1	1	unique
OG_24923	1	1	unique
OG_24924	1	1	unique
OG_24925	1	1	unique
OG_24926	1	1	unique
OG_24927	1	1	unique
OG_24928	1	1	unique
OG_24929	1	1	unique
OG_24930	1	1	unique
OG_24931	1	1	unique
OG_24932	1	1	unique
OG_24933	1	1	unique
OG_24934	1	1	unique
OG_24935	1	1	unique
OG_24936	1	1	unique
OG_24937	1	1	unique
OG_24938	1	1	unique
OG_24939	1	1	unique
OG_24940	1	1	unique
OG_24941	1	1	unique
OG_24942	1	1	unique
OG_24943	1	1	unique
OG_24944	1	1	unique
OG_24945	1	1	unique
OG_24946	1	1	unique
OG_24947	1	1	unique
OG_24948	1	1	unique
OG_24949	1	1	unique
OG_24950	1	1	unique
OG_24951	1	1	unique
OG_24952	1	1	unique
OG_24953	1	1	unique
OG_24954	1	1	unique
OG_24955	1	1	unique
OG_24956	1	1	unique
OG_24957	1	1	unique
OG_24958	1	1	unique
OG_24959	1	1	unique
OG_24960	1	1	unique
OG_24961	1	1	unique
OG_24962	1	1	unique
OG_24963	1	1	unique
OG_24964	1	1	unique
OG_24965	1	1	unique
OG_24966	1	1	unique
OG_24967	1	1	unique
OG_24968	1	1	unique
OG_24969	1	1	unique
OG_24970	1	1	unique
OG_24971	1	1	unique
OG_24972	1	1	unique
OG_24973	1	1	unique
OG_24974	1	1	unique
OG_24975	1	1	unique
OG_24976	1	1	unique
OG_24977	1	1	unique
OG_24978	1	1	unique
OG_24979	1	1	unique
OG_24980	1	1	unique
OG_24981	1	1	unique
OG_24982	1	1	unique
OG_24983	1	1	unique
OG_24984	1	1	unique
OG_24985	1	1	unique
OG_24986	1	1	unique
OG_24987	1	1	unique
OG_24988	1	1	unique
OG_24989	1	1	unique
OG_24990	1	1	unique
OG_24991	1	1	unique
OG_24992	1	1	unique
OG_24993	1	1	unique
OG_24994	1	1	unique
OG_24995	1	1	unique
OG_24996	1	1	unique
OG_24997	1	1	unique
OG_24998	1	1	unique
OG_24999	1	1	unique
OG_25000	1	1	unique
OG_25001	1	1	unique
OG_25002	1	1	unique
OG_25003	1	1	unique
OG_25004	1	1	unique
OG_25005	1	1	unique
OG_25006	1	1	unique
OG_25007	1	1	unique
OG_25008	1	1	unique
OG_25009	1	1	unique
OG_25010	1	1	unique
OG_25011	1	1	unique
OG_25012	1	1	unique
OG_25013	1	1	unique
OG_25014	1	1	unique
OG_25015	1	1	unique
OG_25016	1	1	unique
OG_25017	1	1	unique
OG_25018	1	1	unique
OG_25019	1	1	unique
OG_25020	1	1	unique
OG_25021	1	1	unique
OG_25022	1	1	unique
OG_25023	1	1	unique
OG_25024	1	1	unique
OG_25025	1	1	unique
OG_25026	1	1	unique
OG_25027	1	1	unique
OG_25028	1	1	unique
OG_25029	1	1	unique
OG_25030	1	1	unique
OG_25031	1	1	unique
OG_25032	1	1	unique
OG_25033	1	1	unique
OG_25034	1	1	unique
OG_25035	1	1	unique
OG_25036	1	1	unique
OG_25037	1	1	unique
OG_25038	1	1	unique
OG_25039	1	1	unique
OG_25040	1	1	unique
OG_25041	1	1	unique
OG_25042	1	1	unique
OG_25043	1	1	unique
OG_25044	1	1	unique
OG_25045	1	1	unique
OG_25046	1	1	unique
OG_25047	1	1	unique
OG_25048	1	1	unique
OG_25049	1	1	unique
OG_25050	1	1	unique
OG_25051	1	1	unique
OG_25052	1	1	unique
OG_25053	1	1	unique
OG_25054	1	1	unique
OG_25055	1	1	unique
OG_25056	1	1	unique
OG_25057	1	1	unique
OG_25058	1	1	unique
OG_25059	1	1	unique
OG_25060	1	1	unique
OG_25061	1	1	unique
OG_25062	1	1	unique
OG_25063	1	1	unique
OG_25064	1	1	unique
OG_25065	1	1	unique
OG_25066	1	1	unique
OG_25067	1	1	unique
OG_25068	1	1	unique
OG_25069	1	1	unique
OG_25070	1	1	unique
OG_25071	1	1	unique
OG_25072	1	1	unique
OG_25073	1	1	unique
OG_25074	1	1	unique
OG_25075	1	1	unique
OG_25076	1	1	unique
OG_25077	1	1	unique
OG_25078	1	1	unique
OG_25079	1	1	unique
OG_25080	1	1	unique
OG_25081	1	1	unique
OG_25082	1	1	unique
OG_25083	1	1	unique
OG_25084	1	1	unique
OG_25085	1	1	unique
OG_25086	1	1	unique
OG_25087	1	1	unique
OG_25088	1	1	unique
OG_25089	1	1	unique
OG_25090	1	1	unique
OG_25091	1	1	unique
OG_25092	1	1	unique
OG_25093	1	1	unique
OG_25094	1	1	unique
OG_25095	1	1	unique
OG_25096	1	1	unique
OG_25097	1	1	unique
OG_25098	1	1	unique
OG_25099	1	1	unique
OG_25100	1	1	unique
OG_25101	1	1	unique
OG_25102	1	1	unique
OG_25103	1	1	unique
OG_25104	1	1	unique
OG_25105	1	1	unique
OG_25106	1	1	unique
OG_25107	1	1	unique
OG_25108	1	1	unique
OG_25109	1	1	unique
OG_25110	1	1	unique
OG_25111	1	1	unique
OG_25112	1	1	unique
OG_25113	1	1	unique
OG_25114	1	1	unique
OG_25115	1	1	unique
OG_25116	1	1	unique
OG_25117	1	1	unique
OG_25118	1	1	unique
OG_25119	1	1	unique
OG_25120	1	1	unique
OG_25121	1	1	unique
OG_25122	1	1	unique
OG_25123	1	1	unique
OG_25124	1	1	unique
OG_25125	1	1	unique
OG_25126	1	1	unique
OG_25127	1	1	unique
OG_25128	1	1	unique
OG_25129	1	1	unique
OG_25130	1	1	unique
OG_25131	1	1	unique
OG_25132	1	1	unique
OG_25133	1	1	unique
OG_25134	1	1	unique
OG_25135	1	1	unique
OG_25136	1	1	unique
OG_25137	1	1	unique
OG_25138	1	1	unique
OG_25139	1	1	unique
OG_25140	1	1	unique
OG_25141	1	1	unique
OG_25142	1	1	unique
OG_25143	1	1	unique
OG_25144	1	1	unique
OG_25145	1	1	unique
OG_25146	1	1	unique
OG_25147	1	1	unique
OG_25148	1	1	unique
OG_25149	1	1	unique
OG_25150	1	1	unique
OG_25151	1	1	unique
OG_25152	1	1	unique
OG_25153	1	1	unique
OG_25154	1	1	unique
OG_25155	1	1	unique
OG_25156	1	1	unique
OG_25157	1	1	unique
OG_25158	1	1	unique
OG_25159	1	1	unique
OG_25160	1	1	unique
OG_25161	1	1	unique
OG_25162	1	1	unique
OG_25163	1	1	unique
OG_25164	1	1	unique
OG_25165	1	1	unique
OG_25166	1	1	unique
OG_25167	1	1	unique
OG_25168	1	1	unique
OG_25169	1	1	unique
OG_25170	1	1	unique
OG_25171	1	1	unique
OG_25172	1	1	unique
OG_25173	1	1	unique
OG_25174	1	1	unique
OG_25175	1	1	unique
OG_25176	1	1	unique
OG_25177	1	1	unique
OG_25178	1	1	unique
OG_25179	1	1	unique
OG_25180	1	1	unique
OG_25181	1	1	unique
OG_25182	1	1	unique
OG_25183	1	1	unique
OG_25184	1	1	unique
OG_25185	1	1	unique
OG_25186	1	1	unique
OG_25187	1	1	unique
OG_25188	1	1	unique
OG_25189	1	1	unique
OG_25190	1	1	unique
OG_25191	1	1	unique
OG_25192	1	1	unique
OG_25193	1	1	unique
OG_25194	1	1	unique
OG_25195	1	1	unique
OG_25196	1	1	unique
OG_25197	1	1	unique
OG_25198	1	1	unique
OG_25199	1	1	unique
OG_25200	1	1	unique
OG_25201	1	1	unique
OG_25202	1	1	unique
OG_25203	1	1	unique
OG_25204	1	1	unique
OG_25205	1	1	unique
OG_25206	1	1	unique
OG_25207	1	1	unique
OG_25208	1	1	unique
OG_25209	1	1	unique
OG_25210	1	1	unique
OG_25211	1	1	unique
OG_25212	1	1	unique
OG_25213	1	1	unique
OG_25214	1	1	unique
OG_25215	1	1	unique
OG_25216	1	1	unique
OG_25217	1	1	unique
OG_25218	1	1	unique
OG_25219	1	1	unique
OG_25220	1	1	unique
OG_25221	1	1	unique
OG_25222	1	1	unique
OG_25223	1	1	unique
OG_25224	1	1	unique
OG_25225	1	1	unique
OG_25226	1	1	unique
OG_25227	1	1	unique
OG_25228	1	1	unique
OG_25229	1	1	unique
OG_25230	1	1	unique
OG_25231	1	1	unique
OG_25232	1	1	unique
OG_25233	1	1	unique
OG_25234	1	1	unique
OG_25235	1	1	unique
OG_25236	1	1	unique
OG_25237	1	1	unique
OG_25238	1	1	unique
OG_25239	1	1	unique
OG_25240	1	1	unique
OG_25241	1	1	unique
OG_25242	1	1	unique
OG_25243	1	1	unique
OG_25244	1	1	unique
OG_25245	1	1	unique
OG_25246	1	1	unique
OG_25247	1	1	unique
OG_25248	1	1	unique
OG_25249	1	1	unique
OG_25250	1	1	unique
OG_25251	1	1	unique
OG_25252	1	1	unique
OG_25253	1	1	unique
OG_25254	1	1	unique
OG_25255	1	1	unique
OG_25256	1	1	unique
OG_25257	1	1	unique
OG_25258	1	1	unique
OG_25259	1	1	unique
OG_25260	1	1	unique
OG_25261	1	1	unique
OG_25262	1	1	unique
OG_25263	1	1	unique
OG_25264	1	1	unique
OG_25265	1	1	unique
OG_25266	1	1	unique
OG_25267	1	1	unique
OG_25268	1	1	unique
OG_25269	1	1	unique
OG_25270	1	1	unique
OG_25271	1	1	unique
OG_25272	1	1	unique
OG_25273	1	1	unique
OG_25274	1	1	unique
OG_25275	1	1	unique
OG_25276	1	1	unique
OG_25277	1	1	unique
OG_25278	1	1	unique
OG_25279	1	1	unique
OG_25280	1	1	unique
OG_25281	1	1	unique
OG_25282	1	1	unique
OG_25283	1	1	unique
OG_25284	1	1	unique
OG_25285	1	1	unique
OG_25286	1	1	unique
OG_25287	1	1	unique
OG_25288	1	1	unique
OG_25289	1	1	unique
OG_25290	1	1	unique
OG_25291	1	1	unique
OG_25292	1	1	unique
OG_25293	1	1	unique
OG_25294	1	1	unique
OG_25295	1	1	unique
OG_25296	1	1	unique
OG_25297	1	1	unique
OG_25298	1	1	unique
OG_25299	1	1	unique
OG_25300	1	1	unique
OG_25301	1	1	unique
OG_25302	1	1	unique
OG_25303	1	1	unique
OG_25304	1	1	unique
OG_25305	1	1	unique
OG_25306	1	1	unique
OG_25307	1	1	unique
OG_25308	1	1	unique
OG_25309	1	1	unique
OG_25310	1	1	unique
OG_25311	1	1	unique
OG_25312	1	1	unique
OG_25313	1	1	unique
OG_25314	1	1	unique
OG_25315	1	1	unique
OG_25316	1	1	unique
OG_25317	1	1	unique
OG_25318	1	1	unique
OG_25319	1	1	unique
OG_25320	1	1	unique
OG_25321	1	1	unique
OG_25322	1	1	unique
OG_25323	1	1	unique
OG_25324	1	1	unique
OG_25325	1	1	unique
OG_25326	1	1	unique
OG_25327	1	1	unique
OG_25328	1	1	unique
OG_25329	1	1	unique
OG_25330	1	1	unique
OG_25331	1	1	unique
OG_25332	1	1	unique
OG_25333	1	1	unique
OG_25334	1	1	unique
OG_25335	1	1	unique
OG_25336	1	1	unique
OG_25337	1	1	unique
OG_25338	1	1	unique
OG_25339	1	1	unique
OG_25340	1	1	unique
OG_25341	1	1	unique
OG_25342	1	1	unique
OG_25343	1	1	unique
OG_25344	1	1	unique
OG_25345	1	1	unique
OG_25346	1	1	unique
OG_25347	1	1	unique
OG_25348	1	1	unique
OG_25349	1	1	unique
OG_25350	1	1	unique
OG_25351	1	1	unique
OG_25352	1	1	unique
OG_25353	1	1	unique
OG_25354	1	1	unique
OG_25355	1	1	unique
OG_25356	1	1	unique
OG_25357	1	1	unique
OG_25358	1	1	unique
OG_25359	1	1	unique
OG_25360	1	1	unique
OG_25361	1	1	unique
OG_25362	1	1	unique
OG_25363	1	1	unique
OG_25364	1	1	unique
OG_25365	1	1	unique
OG_25366	1	1	unique
OG_25367	1	1	unique
OG_25368	1	1	unique
OG_25369	1	1	unique
OG_25370	1	1	unique
OG_25371	1	1	unique
OG_25372	1	1	unique
OG_25373	1	1	unique
OG_25374	1	1	unique
OG_25375	1	1	unique
OG_25376	1	1	unique
OG_25377	1	1	unique
OG_25378	1	1	unique
OG_25379	1	1	unique
OG_25380	1	1	unique
OG_25381	1	1	unique
OG_25382	1	1	unique
OG_25383	1	1	unique
OG_25384	1	1	unique
OG_25385	1	1	unique
OG_25386	1	1	unique
OG_25387	1	1	unique
OG_25388	1	1	unique
OG_25389	1	1	unique
OG_25390	1	1	unique
OG_25391	1	1	unique
OG_25392	1	1	unique
OG_25393	1	1	unique
OG_25394	1	1	unique
OG_25395	1	1	unique
OG_25396	1	1	unique
OG_25397	1	1	unique
OG_25398	1	1	unique
OG_25399	1	1	unique
OG_25400	1	1	unique
OG_25401	1	1	unique
OG_25402	1	1	unique
OG_25403	1	1	unique
OG_25404	1	1	unique
OG_25405	1	1	unique
OG_25406	1	1	unique
OG_25407	1	1	unique
OG_25408	1	1	unique
OG_25409	1	1	unique
OG_25410	1	1	unique
OG_25411	1	1	unique
OG_25412	1	1	unique
OG_25413	1	1	unique
OG_25414	1	1	unique
OG_25415	1	1	unique
OG_25416	1	1	unique
OG_25417	1	1	unique
OG_25418	1	1	unique
OG_25419	1	1	unique
OG_25420	1	1	unique
OG_25421	1	1	unique
OG_25422	1	1	unique
OG_25423	1	1	unique
OG_25424	1	1	unique
OG_25425	1	1	unique
OG_25426	1	1	unique
OG_25427	1	1	unique
OG_25428	1	1	unique
OG_25429	1	1	unique
OG_25430	1	1	unique
OG_25431	1	1	unique
OG_25432	1	1	unique
OG_25433	1	1	unique
OG_25434	1	1	unique
OG_25435	1	1	unique
OG_25436	1	1	unique
OG_25437	1	1	unique
OG_25438	1	1	unique
OG_25439	1	1	unique
OG_25440	1	1	unique
OG_25441	1	1	unique
OG_25442	1	1	unique
OG_25443	1	1	unique
OG_25444	1	1	unique
OG_25445	1	1	unique
OG_25446	1	1	unique
OG_25447	1	1	unique
OG_25448	1	1	unique
OG_25449	1	1	unique
OG_25450	1	1	unique
OG_25451	1	1	unique
OG_25452	1	1	unique
OG_25453	1	1	unique
OG_25454	1	1	unique
OG_25455	1	1	unique
OG_25456	1	1	unique
OG_25457	1	1	unique
OG_25458	1	1	unique
OG_25459	1	1	unique
OG_25460	1	1	unique
OG_25461	1	1	unique
OG_25462	1	1	unique
OG_25463	1	1	unique
OG_25464	1	1	unique
OG_25465	1	1	unique
OG_25466	1	1	unique
OG_25467	1	1	unique
OG_25468	1	1	unique
OG_25469	1	1	unique
OG_25470	1	1	unique
OG_25471	1	1	unique
OG_25472	1	1	unique
OG_25473	1	1	unique
OG_25474	1	1	unique
OG_25475	1	1	unique
OG_25476	1	1	unique
OG_25477	1	1	unique
OG_25478	1	1	unique
OG_25479	1	1	unique
OG_25480	1	1	unique
OG_25481	1	1	unique
OG_25482	1	1	unique
OG_25483	1	1	unique
OG_25484	1	1	unique
OG_25485	1	1	unique
OG_25486	1	1	unique
OG_25487	1	1	unique
OG_25488	1	1	unique
OG_25489	1	1	unique
OG_25490	1	1	unique
OG_25491	1	1	unique
OG_25492	1	1	unique
OG_25493	1	1	unique
OG_25494	1	1	unique
OG_25495	1	1	unique
OG_25496	1	1	unique
OG_25497	1	1	unique
OG_25498	1	1	unique
OG_25499	1	1	unique
OG_25500	1	1	unique
OG_25501	1	1	unique
OG_25502	1	1	unique
OG_25503	1	1	unique
OG_25504	1	1	unique
OG_25505	1	1	unique
OG_25506	1	1	unique
OG_25507	1	1	unique
OG_25508	1	1	unique
OG_25509	1	1	unique
OG_25510	1	1	unique
OG_25511	1	1	unique
OG_25512	1	1	unique
OG_25513	1	1	unique
OG_25514	1	1	unique
OG_25515	1	1	unique
OG_25516	1	1	unique
OG_25517	1	1	unique
OG_25518	1	1	unique
OG_25519	1	1	unique
OG_25520	1	1	unique
OG_25521	1	1	unique
OG_25522	1	1	unique
OG_25523	1	1	unique
OG_25524	1	1	unique
OG_25525	1	1	unique
OG_25526	1	1	unique
OG_25527	1	1	unique
OG_25528	1	1	unique
OG_25529	1	1	unique
OG_25530	1	1	unique
OG_25531	1	1	unique
OG_25532	1	1	unique
OG_25533	1	1	unique
OG_25534	1	1	unique
OG_25535	1	1	unique
OG_25536	1	1	unique
OG_25537	1	1	unique
OG_25538	1	1	unique
OG_25539	1	1	unique
OG_25540	1	1	unique
OG_25541	1	1	unique
OG_25542	1	1	unique
OG_25543	1	1	unique
OG_25544	1	1	unique
OG_25545	1	1	unique
OG_25546	1	1	unique
OG_25547	1	1	unique
OG_25548	1	1	unique
OG_25549	1	1	unique
OG_25550	1	1	unique
OG_25551	1	1	unique
OG_25552	1	1	unique
OG_25553	1	1	unique
OG_25554	1	1	unique
OG_25555	1	1	unique
OG_25556	1	1	unique
OG_25557	1	1	unique
OG_25558	1	1	unique
OG_25559	1	1	unique
OG_25560	1	1	unique
OG_25561	1	1	unique
OG_25562	1	1	unique
OG_25563	1	1	unique
OG_25564	1	1	unique
OG_25565	1	1	unique
OG_25566	1	1	unique
OG_25567	1	1	unique
OG_25568	1	1	unique
OG_25569	1	1	unique
OG_25570	1	1	unique
OG_25571	1	1	unique
OG_25572	1	1	unique
OG_25573	1	1	unique
OG_25574	1	1	unique
OG_25575	1	1	unique
OG_25576	1	1	unique
OG_25577	1	1	unique
OG_25578	1	1	unique
OG_25579	1	1	unique
OG_25580	1	1	unique
OG_25581	1	1	unique
OG_25582	1	1	unique
OG_25583	1	1	unique
OG_25584	1	1	unique
OG_25585	1	1	unique
OG_25586	1	1	unique
OG_25587	1	1	unique
OG_25588	1	1	unique
OG_25589	1	1	unique
OG_25590	1	1	unique
OG_25591	1	1	unique
OG_25592	1	1	unique
OG_25593	1	1	unique
OG_25594	1	1	unique
OG_25595	1	1	unique
OG_25596	1	1	unique
OG_25597	1	1	unique
OG_25598	1	1	unique
OG_25599	1	1	unique
OG_25600	1	1	unique
OG_25601	1	1	unique
OG_25602	1	1	unique
OG_25603	1	1	unique
OG_25604	1	1	unique
OG_25605	1	1	unique
OG_25606	1	1	unique
OG_25607	1	1	unique
OG_25608	1	1	unique
OG_25609	1	1	unique
OG_25610	1	1	unique
OG_25611	1	1	unique
OG_25612	1	1	unique
OG_25613	1	1	unique
OG_25614	1	1	unique
OG_25615	1	1	unique
OG_25616	1	1	unique
OG_25617	1	1	unique
OG_25618	1	1	unique
OG_25619	1	1	unique
OG_25620	1	1	unique
OG_25621	1	1	unique
OG_25622	1	1	unique
OG_25623	1	1	unique
OG_25624	1	1	unique
OG_25625	1	1	unique
OG_25626	1	1	unique
OG_25627	1	1	unique
OG_25628	1	1	unique
OG_25629	1	1	unique
OG_25630	1	1	unique
OG_25631	1	1	unique
OG_25632	1	1	unique
OG_25633	1	1	unique
OG_25634	1	1	unique
OG_25635	1	1	unique
OG_25636	1	1	unique
OG_25637	1	1	unique
OG_25638	1	1	unique
OG_25639	1	1	unique
OG_25640	1	1	unique
OG_25641	1	1	unique
OG_25642	1	1	unique
OG_25643	1	1	unique
OG_25644	1	1	unique
OG_25645	1	1	unique
OG_25646	1	1	unique
OG_25647	1	1	unique
OG_25648	1	1	unique
OG_25649	1	1	unique
OG_25650	1	1	unique
OG_25651	1	1	unique
OG_25652	1	1	unique
OG_25653	1	1	unique
OG_25654	1	1	unique
OG_25655	1	1	unique
OG_25656	1	1	unique
OG_25657	1	1	unique
OG_25658	1	1	unique
OG_25659	1	1	unique
OG_25660	1	1	unique
OG_25661	1	1	unique
OG_25662	1	1	unique
OG_25663	1	1	unique
OG_25664	1	1	unique
OG_25665	1	1	unique
OG_25666	1	1	unique
OG_25667	1	1	unique
OG_25668	1	1	unique
OG_25669	1	1	unique
OG_25670	1	1	unique
OG_25671	1	1	unique
OG_25672	1	1	unique
OG_25673	1	1	unique
OG_25674	1	1	unique
OG_25675	1	1	unique
OG_25676	1	1	unique
OG_25677	1	1	unique
OG_25678	1	1	unique
OG_25679	1	1	unique
OG_25680	1	1	unique
OG_25681	1	1	unique
OG_25682	1	1	unique
OG_25683	1	1	unique
OG_25684	1	1	unique
OG_25685	1	1	unique
OG_25686	1	1	unique
OG_25687	1	1	unique
OG_25688	1	1	unique
OG_25689	1	1	unique
OG_25690	1	1	unique
OG_25691	1	1	unique
OG_25692	1	1	unique
OG_25693	1	1	unique
OG_25694	1	1	unique
OG_25695	1	1	unique
OG_25696	1	1	unique
OG_25697	1	1	unique
OG_25698	1	1	unique
OG_25699	1	1	unique
OG_25700	1	1	unique
OG_25701	1	1	unique
OG_25702	1	1	unique
OG_25703	1	1	unique
OG_25704	1	1	unique
OG_25705	1	1	unique
OG_25706	1	1	unique
OG_25707	1	1	unique
OG_25708	1	1	unique
OG_25709	1	1	unique
OG_25710	1	1	unique
OG_25711	1	1	unique
OG_25712	1	1	unique
OG_25713	1	1	unique
OG_25714	1	1	unique
OG_25715	1	1	unique
OG_25716	1	1	unique
OG_25717	1	1	unique
OG_25718	1	1	unique
OG_25719	1	1	unique
OG_25720	1	1	unique
OG_25721	1	1	unique
OG_25722	1	1	unique
OG_25723	1	1	unique
OG_25724	1	1	unique
OG_25725	1	1	unique
OG_25726	1	1	unique
OG_25727	1	1	unique
OG_25728	1	1	unique
OG_25729	1	1	unique
OG_25730	1	1	unique
OG_25731	1	1	unique
OG_25732	1	1	unique
OG_25733	1	1	unique
OG_25734	1	1	unique
OG_25735	1	1	unique
OG_25736	1	1	unique
OG_25737	1	1	unique
OG_25738	1	1	unique
OG_25739	1	1	unique
OG_25740	1	1	unique
OG_25741	1	1	unique
OG_25742	1	1	unique
OG_25743	1	1	unique
OG_25744	1	1	unique
OG_25745	1	1	unique
OG_25746	1	1	unique
OG_25747	1	1	unique
OG_25748	1	1	unique
OG_25749	1	1	unique
OG_25750	1	1	unique
OG_25751	1	1	unique
OG_25752	1	1	unique
OG_25753	1	1	unique
OG_25754	1	1	unique
OG_25755	1	1	unique
OG_25756	1	1	unique
OG_25757	1	1	unique
OG_25758	1	1	unique
OG_25759	1	1	unique
OG_25760	1	1	unique
OG_25761	1	1	unique
OG_25762	1	1	unique
OG_25763	1	1	unique
OG_25764	1	1	unique
OG_25765	1	1	unique
OG_25766	1	1	unique
OG_25767	1	1	unique
OG_25768	1	1	unique
OG_25769	1	1	unique
OG_25770	1	1	unique
OG_25771	1	1	unique
OG_25772	1	1	unique
OG_25773	1	1	unique
OG_25774	1	1	unique
OG_25775	1	1	unique
OG_25776	1	1	unique
OG_25777	1	1	unique
OG_25778	1	1	unique
OG_25779	1	1	unique
OG_25780	1	1	unique
OG_25781	1	1	unique
OG_25782	1	1	unique
OG_25783	1	1	unique
OG_25784	1	1	unique
OG_25785	1	1	unique
OG_25786	1	1	unique
OG_25787	1	1	unique
OG_25788	1	1	unique
OG_25789	1	1	unique
OG_25790	1	1	unique
OG_25791	1	1	unique
OG_25792	1	1	unique
OG_25793	1	1	unique
OG_25794	1	1	unique
OG_25795	1	1	unique
OG_25796	1	1	unique
OG_25797	1	1	unique
OG_25798	1	1	unique
OG_25799	1	1	unique
OG_25800	1	1	unique
OG_25801	1	1	unique
OG_25802	1	1	unique
OG_25803	1	1	unique
OG_25804	1	1	unique
OG_25805	1	1	unique
OG_25806	1	1	unique
OG_25807	1	1	unique
OG_25808	1	1	unique
OG_25809	1	1	unique
OG_25810	1	1	unique
OG_25811	1	1	unique
OG_25812	1	1	unique
OG_25813	1	1	unique
OG_25814	1	1	unique
OG_25815	1	1	unique
OG_25816	1	1	unique
OG_25817	1	1	unique
OG_25818	1	1	unique
OG_25819	1	1	unique
OG_25820	1	1	unique
OG_25821	1	1	unique
OG_25822	1	1	unique
OG_25823	1	1	unique
OG_25824	1	1	unique
OG_25825	1	1	unique
OG_25826	1	1	unique
OG_25827	1	1	unique
OG_25828	1	1	unique
OG_25829	1	1	unique
OG_25830	1	1	unique
OG_25831	1	1	unique
OG_25832	1	1	unique
OG_25833	1	1	unique
OG_25834	1	1	unique
OG_25835	1	1	unique
OG_25836	1	1	unique
OG_25837	1	1	unique
OG_25838	1	1	unique
OG_25839	1	1	unique
OG_25840	1	1	unique
OG_25841	1	1	unique
OG_25842	1	1	unique
OG_25843	1	1	unique
OG_25844	1	1	unique
OG_25845	1	1	unique
OG_25846	1	1	unique
OG_25847	1	1	unique
OG_25848	1	1	unique
OG_25849	1	1	unique
OG_25850	1	1	unique
OG_25851	1	1	unique
OG_25852	1	1	unique
OG_25853	1	1	unique
OG_25854	1	1	unique
OG_25855	1	1	unique
OG_25856	1	1	unique
OG_25857	1	1	unique
OG_25858	1	1	unique
OG_25859	1	1	unique
OG_25860	1	1	unique
OG_25861	1	1	unique
OG_25862	1	1	unique
OG_25863	1	1	unique
OG_25864	1	1	unique
OG_25865	1	1	unique
OG_25866	1	1	unique
OG_25867	1	1	unique
OG_25868	1	1	unique
OG_25869	1	1	unique
OG_25870	1	1	unique
OG_25871	1	1	unique
OG_25872	1	1	unique
OG_25873	1	1	unique
OG_25874	1	1	unique
OG_25875	1	1	unique
OG_25876	1	1	unique
OG_25877	1	1	unique
OG_25878	1	1	unique
OG_25879	1	1	unique
OG_25880	1	1	unique
OG_25881	1	1	unique
OG_25882	1	1	unique
OG_25883	1	1	unique
OG_25884	1	1	unique
OG_25885	1	1	unique
OG_25886	1	1	unique
OG_25887	1	1	unique
OG_25888	1	1	unique
OG_25889	1	1	unique
OG_25890	1	1	unique
OG_25891	1	1	unique
OG_25892	1	1	unique
OG_25893	1	1	unique
OG_25894	1	1	unique
OG_25895	1	1	unique
OG_25896	1	1	unique
OG_25897	1	1	unique
OG_25898	1	1	unique
OG_25899	1	1	unique
OG_25900	1	1	unique
OG_25901	1	1	unique
OG_25902	1	1	unique
OG_25903	1	1	unique
OG_25904	1	1	unique
OG_25905	1	1	unique
OG_25906	1	1	unique
OG_25907	1	1	unique
OG_25908	1	1	unique
OG_25909	1	1	unique
OG_25910	1	1	unique
OG_25911	1	1	unique
OG_25912	1	1	unique
OG_25913	1	1	unique
OG_25914	1	1	unique
OG_25915	1	1	unique
OG_25916	1	1	unique
OG_25917	1	1	unique
OG_25918	1	1	unique
OG_25919	1	1	unique
OG_25920	1	1	unique
OG_25921	1	1	unique
OG_25922	1	1	unique
OG_25923	1	1	unique
OG_25924	1	1	unique
OG_25925	1	1	unique
OG_25926	1	1	unique
OG_25927	1	1	unique
OG_25928	1	1	unique
OG_25929	1	1	unique
OG_25930	1	1	unique
OG_25931	1	1	unique
OG_25932	1	1	unique
OG_25933	1	1	unique
OG_25934	1	1	unique
OG_25935	1	1	unique
OG_25936	1	1	unique
OG_25937	1	1	unique
OG_25938	1	1	unique
OG_25939	1	1	unique
OG_25940	1	1	unique
OG_25941	1	1	unique
OG_25942	1	1	unique
OG_25943	1	1	unique
OG_25944	1	1	unique
OG_25945	1	1	unique
OG_25946	1	1	unique
OG_25947	1	1	unique
OG_25948	1	1	unique
OG_25949	1	1	unique
OG_25950	1	1	unique
OG_25951	1	1	unique
OG_25952	1	1	unique
OG_25953	1	1	unique
OG_25954	1	1	unique
OG_25955	1	1	unique
OG_25956	1	1	unique
OG_25957	1	1	unique
OG_25958	1	1	unique
OG_25959	1	1	unique
OG_25960	1	1	unique
OG_25961	1	1	unique
OG_25962	1	1	unique
OG_25963	1	1	unique
OG_25964	1	1	unique
OG_25965	1	1	unique
OG_25966	1	1	unique
OG_25967	1	1	unique
OG_25968	1	1	unique
OG_25969	1	1	unique
OG_25970	1	1	unique
OG_25971	1	1	unique
OG_25972	1	1	unique
OG_25973	1	1	unique
OG_25974	1	1	unique
OG_25975	1	1	unique
OG_25976	1	1	unique
OG_25977	1	1	unique
OG_25978	1	1	unique
OG_25979	1	1	unique
OG_25980	1	1	unique
OG_25981	1	1	unique
OG_25982	1	1	unique
OG_25983	1	1	unique
OG_25984	1	1	unique
OG_25985	1	1	unique
OG_25986	1	1	unique
OG_25987	1	1	unique
OG_25988	1	1	unique
OG_25989	1	1	unique
OG_25990	1	1	unique
OG_25991	1	1	unique
OG_25992	1	1	unique
OG_25993	1	1	unique
OG_25994	1	1	unique
OG_25995	1	1	unique
OG_25996	1	1	unique
OG_25997	1	1	unique
OG_25998	1	1	unique
OG_25999	1	1	unique
OG_26000	1	1	unique
OG_26001	1	1	unique
OG_26002	1	1	unique
OG_26003	1	1	unique
OG_26004	1	1	unique
OG_26005	1	1	unique
OG_26006	1	1	unique
OG_26007	1	1	unique
OG_26008	1	1	unique
OG_26009	1	1	unique
OG_26010	1	1	unique
OG_26011	1	1	unique
OG_26012	1	1	unique
OG_26013	1	1	unique
OG_26014	1	1	unique
OG_26015	1	1	unique
OG_26016	1	1	unique
OG_26017	1	1	unique
OG_26018	1	1	unique
OG_26019	1	1	unique
OG_26020	1	1	unique
OG_26021	1	1	unique
OG_26022	1	1	unique
OG_26023	1	1	unique
OG_26024	1	1	unique
OG_26025	1	1	unique
OG_26026	1	1	unique
OG_26027	1	1	unique
OG_26028	1	1	unique
OG_26029	1	1	unique
OG_26030	1	1	unique
OG_26031	1	1	unique
OG_26032	1	1	unique
OG_26033	1	1	unique
OG_26034	1	1	unique
OG_26035	1	1	unique
OG_26036	1	1	unique
OG_26037	1	1	unique
OG_26038	1	1	unique
OG_26039	1	1	unique
OG_26040	1	1	unique
OG_26041	1	1	unique
OG_26042	1	1	unique
OG_26043	1	1	unique
OG_26044	1	1	unique
OG_26045	1	1	unique
OG_26046	1	1	unique
OG_26047	1	1	unique
OG_26048	1	1	unique
OG_26049	1	1	unique
OG_26050	1	1	unique
OG_26051	1	1	unique
OG_26052	1	1	unique
OG_26053	1	1	unique
OG_26054	1	1	unique
OG_26055	1	1	unique
OG_26056	1	1	unique
OG_26057	1	1	unique
OG_26058	1	1	unique
OG_26059	1	1	unique
OG_26060	1	1	unique
OG_26061	1	1	unique
OG_26062	1	1	unique
OG_26063	1	1	unique
OG_26064	1	1	unique
OG_26065	1	1	unique
OG_26066	1	1	unique
OG_26067	1	1	unique
OG_26068	1	1	unique
OG_26069	1	1	unique
OG_26070	1	1	unique
OG_26071	1	1	unique
OG_26072	1	1	unique
OG_26073	1	1	unique
OG_26074	1	1	unique
OG_26075	1	1	unique
OG_26076	1	1	unique
OG_26077	1	1	unique
OG_26078	1	1	unique
OG_26079	1	1	unique
OG_26080	1	1	unique
OG_26081	1	1	unique
OG_26082	1	1	unique
OG_26083	1	1	unique
OG_26084	1	1	unique
OG_26085	1	1	unique
OG_26086	1	1	unique
OG_26087	1	1	unique
OG_26088	1	1	unique
OG_26089	1	1	unique
OG_26090	1	1	unique
OG_26091	1	1	unique
OG_26092	1	1	unique
OG_26093	1	1	unique
OG_26094	1	1	unique
OG_26095	1	1	unique
OG_26096	1	1	unique
OG_26097	1	1	unique
OG_26098	1	1	unique
OG_26099	1	1	unique
OG_26100	1	1	unique
OG_26101	1	1	unique
OG_26102	1	1	unique
OG_26103	1	1	unique
OG_26104	1	1	unique
OG_26105	1	1	unique
OG_26106	1	1	unique
OG_26107	1	1	unique
OG_26108	1	1	unique
OG_26109	1	1	unique
OG_26110	1	1	unique
OG_26111	1	1	unique
OG_26112	1	1	unique
OG_26113	1	1	unique
OG_26114	1	1	unique
OG_26115	1	1	unique
OG_26116	1	1	unique
OG_26117	1	1	unique
OG_26118	1	1	unique
OG_26119	1	1	unique
OG_26120	1	1	unique
OG_26121	1	1	unique
OG_26122	1	1	unique
OG_26123	1	1	unique
OG_26124	1	1	unique
OG_26125	1	1	unique
OG_26126	1	1	unique
OG_26127	1	1	unique
OG_26128	1	1	unique
OG_26129	1	1	unique
OG_26130	1	1	unique
OG_26131	1	1	unique
OG_26132	1	1	unique
OG_26133	1	1	unique
OG_26134	1	1	unique
OG_26135	1	1	unique
OG_26136	1	1	unique
OG_26137	1	1	unique
OG_26138	1	1	unique
OG_26139	1	1	unique
OG_26140	1	1	unique
OG_26141	1	1	unique
OG_26142	1	1	unique
OG_26143	1	1	unique
OG_26144	1	1	unique
OG_26145	1	1	unique
OG_26146	1	1	unique
OG_26147	1	1	unique
OG_26148	1	1	unique
OG_26149	1	1	unique
OG_26150	1	1	unique
OG_26151	1	1	unique
OG_26152	1	1	unique
OG_26153	1	1	unique
OG_26154	1	1	unique
OG_26155	1	1	unique
OG_26156	1	1	unique
OG_26157	1	1	unique
OG_26158	1	1	unique
OG_26159	1	1	unique
OG_26160	1	1	unique
OG_26161	1	1	unique
OG_26162	1	1	unique
OG_26163	1	1	unique
OG_26164	1	1	unique
OG_26165	1	1	unique
OG_26166	1	1	unique
OG_26167	1	1	unique
OG_26168	1	1	unique
OG_26169	1	1	unique
OG_26170	1	1	unique
OG_26171	1	1	unique
OG_26172	1	1	unique
OG_26173	1	1	unique
OG_26174	1	1	unique
OG_26175	1	1	unique
OG_26176	1	1	unique
OG_26177	1	1	unique
OG_26178	1	1	unique
OG_26179	1	1	unique
OG_26180	1	1	unique
OG_26181	1	1	unique
OG_26182	1	1	unique
OG_26183	1	1	unique
OG_26184	1	1	unique
OG_26185	1	1	unique
OG_26186	1	1	unique
OG_26187	1	1	unique
OG_26188	1	1	unique
OG_26189	1	1	unique
OG_26190	1	1	unique
OG_26191	1	1	unique
OG_26192	1	1	unique
OG_26193	1	1	unique
OG_26194	1	1	unique
OG_26195	1	1	unique
OG_26196	1	1	unique
OG_26197	1	1	unique
OG_26198	1	1	unique
OG_26199	1	1	unique
OG_26200	1	1	unique
OG_26201	1	1	unique
OG_26202	1	1	unique
OG_26203	1	1	unique
OG_26204	1	1	unique
OG_26205	1	1	unique
OG_26206	1	1	unique
OG_26207	1	1	unique
OG_26208	1	1	unique
OG_26209	1	1	unique
OG_26210	1	1	unique
OG_26211	1	1	unique
OG_26212	1	1	unique
OG_26213	1	1	unique
OG_26214	1	1	unique
OG_26215	1	1	unique
OG_26216	1	1	unique
OG_26217	1	1	unique
OG_26218	1	1	unique
OG_26219	1	1	unique
OG_26220	1	1	unique
OG_26221	1	1	unique
OG_26222	1	1	unique
OG_26223	1	1	unique
OG_26224	1	1	unique
OG_26225	1	1	unique
OG_26226	1	1	unique
OG_26227	1	1	unique
OG_26228	1	1	unique
OG_26229	1	1	unique
OG_26230	1	1	unique
OG_26231	1	1	unique
OG_26232	1	1	unique
OG_26233	1	1	unique
OG_26234	1	1	unique
OG_26235	1	1	unique
OG_26236	1	1	unique
OG_26237	1	1	unique
OG_26238	1	1	unique
OG_26239	1	1	unique
OG_26240	1	1	unique
OG_26241	1	1	unique
OG_26242	1	1	unique
OG_26243	1	1	unique
OG_26244	1	1	unique
OG_26245	1	1	unique
OG_26246	1	1	unique
OG_26247	1	1	unique
OG_26248	1	1	unique
OG_26249	1	1	unique
OG_26250	1	1	unique
OG_26251	1	1	unique
OG_26252	1	1	unique
OG_26253	1	1	unique
OG_26254	1	1	unique
OG_26255	1	1	unique
OG_26256	1	1	unique
OG_26257	1	1	unique
OG_26258	1	1	unique
OG_26259	1	1	unique
OG_26260	1	1	unique
OG_26261	1	1	unique
OG_26262	1	1	unique
OG_26263	1	1	unique
OG_26264	1	1	unique
OG_26265	1	1	unique
OG_26266	1	1	unique
OG_26267	1	1	unique
OG_26268	1	1	unique
OG_26269	1	1	unique
OG_26270	1	1	unique
OG_26271	1	1	unique
OG_26272	1	1	unique
OG_26273	1	1	unique
OG_26274	1	1	unique
OG_26275	1	1	unique
OG_26276	1	1	unique
OG_26277	1	1	unique
OG_26278	1	1	unique
OG_26279	1	1	unique
OG_26280	1	1	unique
OG_26281	1	1	unique
OG_26282	1	1	unique
OG_26283	1	1	unique
OG_26284	1	1	unique
OG_26285	1	1	unique
OG_26286	1	1	unique
OG_26287	1	1	unique
OG_26288	1	1	unique
OG_26289	1	1	unique
OG_26290	1	1	unique
OG_26291	1	1	unique
OG_26292	1	1	unique
OG_26293	1	1	unique
OG_26294	1	1	unique
OG_26295	1	1	unique
OG_26296	1	1	unique
OG_26297	1	1	unique
OG_26298	1	1	unique
OG_26299	1	1	unique
OG_26300	1	1	unique
OG_26301	1	1	unique
OG_26302	1	1	unique
OG_26303	1	1	unique
OG_26304	1	1	unique
OG_26305	1	1	unique
OG_26306	1	1	unique
OG_26307	1	1	unique
OG_26308	1	1	unique
OG_26309	1	1	unique
OG_26310	1	1	unique
OG_26311	1	1	unique
OG_26312	1	1	unique
OG_26313	1	1	unique
OG_26314	1	1	unique
OG_26315	1	1	unique
OG_26316	1	1	unique
OG_26317	1	1	unique
OG_26318	1	1	unique
OG_26319	1	1	unique
OG_26320	1	1	unique
OG_26321	1	1	unique
OG_26322	1	1	unique
OG_26323	1	1	unique
OG_26324	1	1	unique
OG_26325	1	1	unique
OG_26326	1	1	unique
OG_26327	1	1	unique
OG_26328	1	1	unique
OG_26329	1	1	unique
OG_26330	1	1	unique
OG_26331	1	1	unique
OG_26332	1	1	unique
OG_26333	1	1	unique
OG_26334	1	1	unique
OG_26335	1	1	unique
OG_26336	1	1	unique
OG_26337	1	1	unique
OG_26338	1	1	unique
OG_26339	1	1	unique
OG_26340	1	1	unique
OG_26341	1	1	unique
OG_26342	1	1	unique
OG_26343	1	1	unique
OG_26344	1	1	unique
OG_26345	1	1	unique
OG_26346	1	1	unique
OG_26347	1	1	unique
OG_26348	1	1	unique
OG_26349	1	1	unique
OG_26350	1	1	unique
OG_26351	1	1	unique
OG_26352	1	1	unique
OG_26353	1	1	unique
OG_26354	1	1	unique
OG_26355	1	1	unique
OG_26356	1	1	unique
OG_26357	1	1	unique
OG_26358	1	1	unique
OG_26359	1	1	unique
OG_26360	1	1	unique
OG_26361	1	1	unique
OG_26362	1	1	unique
OG_26363	1	1	unique
OG_26364	1	1	unique
OG_26365	1	1	unique
OG_26366	1	1	unique
OG_26367	1	1	unique
OG_26368	1	1	unique
OG_26369	1	1	unique
OG_26370	1	1	unique
OG_26371	1	1	unique
OG_26372	1	1	unique
OG_26373	1	1	unique
OG_26374	1	1	unique
OG_26375	1	1	unique
OG_26376	1	1	unique
OG_26377	1	1	unique
OG_26378	1	1	unique
OG_26379	1	1	unique
OG_26380	1	1	unique
OG_26381	1	1	unique
OG_26382	1	1	unique
OG_26383	1	1	unique
OG_26384	1	1	unique
OG_26385	1	1	unique
OG_26386	1	1	unique
OG_26387	1	1	unique
OG_26388	1	1	unique
OG_26389	1	1	unique
OG_26390	1	1	unique
OG_26391	1	1	unique
OG_26392	1	1	unique
OG_26393	1	1	unique
OG_26394	1	1	unique
OG_26395	1	1	unique
OG_26396	1	1	unique
OG_26397	1	1	unique
OG_26398	1	1	unique
OG_26399	1	1	unique
OG_26400	1	1	unique
OG_26401	1	1	unique
OG_26402	1	1	unique
OG_26403	1	1	unique
OG_26404	1	1	unique
OG_26405	1	1	unique
OG_26406	1	1	unique
OG_26407	1	1	unique
OG_26408	1	1	unique
OG_26409	1	1	unique
OG_26410	1	1	unique
OG_26411	1	1	unique
OG_26412	1	1	unique
OG_26413	1	1	unique
OG_26414	1	1	unique
OG_26415	1	1	unique
OG_26416	1	1	unique
OG_26417	1	1	unique
OG_26418	1	1	unique
OG_26419	1	1	unique
OG_26420	1	1	unique
OG_26421	1	1	unique
OG_26422	1	1	unique
OG_26423	1	1	unique
OG_26424	1	1	unique
OG_26425	1	1	unique
OG_26426	1	1	unique
OG_26427	1	1	unique
OG_26428	1	1	unique
OG_26429	1	1	unique
OG_26430	1	1	unique
OG_26431	1	1	unique
OG_26432	1	1	unique
OG_26433	1	1	unique
OG_26434	1	1	unique
OG_26435	1	1	unique
OG_26436	1	1	unique
OG_26437	1	1	unique
OG_26438	1	1	unique
OG_26439	1	1	unique
OG_26440	1	1	unique
OG_26441	1	1	unique
OG_26442	1	1	unique
OG_26443	1	1	unique
OG_26444	1	1	unique
OG_26445	1	1	unique
OG_26446	1	1	unique
OG_26447	1	1	unique
OG_26448	1	1	unique
OG_26449	1	1	unique
OG_26450	1	1	unique
OG_26451	1	1	unique
OG_26452	1	1	unique
OG_26453	1	1	unique
OG_26454	1	1	unique
OG_26455	1	1	unique
OG_26456	1	1	unique
OG_26457	1	1	unique
OG_26458	1	1	unique
OG_26459	1	1	unique
OG_26460	1	1	unique
OG_26461	1	1	unique
OG_26462	1	1	unique
OG_26463	1	1	unique
OG_26464	1	1	unique
OG_26465	1	1	unique
OG_26466	1	1	unique
OG_26467	1	1	unique
OG_26468	1	1	unique
OG_26469	1	1	unique
OG_26470	1	1	unique
OG_26471	1	1	unique
OG_26472	1	1	unique
OG_26473	1	1	unique
OG_26474	1	1	unique
OG_26475	1	1	unique
OG_26476	1	1	unique
OG_26477	1	1	unique
OG_26478	1	1	unique
OG_26479	1	1	unique
OG_26480	1	1	unique
OG_26481	1	1	unique
OG_26482	1	1	unique
OG_26483	1	1	unique
OG_26484	1	1	unique
OG_26485	1	1	unique
OG_26486	1	1	unique
OG_26487	1	1	unique
OG_26488	1	1	unique
OG_26489	1	1	unique
OG_26490	1	1	unique
OG_26491	1	1	unique
OG_26492	1	1	unique
OG_26493	1	1	unique
OG_26494	1	1	unique
OG_26495	1	1	unique
OG_26496	1	1	unique
OG_26497	1	1	unique
OG_26498	1	1	unique
OG_26499	1	1	unique
OG_26500	1	1	unique
OG_26501	1	1	unique
OG_26502	1	1	unique
OG_26503	1	1	unique
OG_26504	1	1	unique
OG_26505	1	1	unique
OG_26506	1	1	unique
OG_26507	1	1	unique
OG_26508	1	1	unique
OG_26509	1	1	unique
OG_26510	1	1	unique
OG_26511	1	1	unique
OG_26512	1	1	unique
OG_26513	1	1	unique
OG_26514	1	1	unique
OG_26515	1	1	unique
OG_26516	1	1	unique
OG_26517	1	1	unique
OG_26518	1	1	unique
OG_26519	1	1	unique
OG_26520	1	1	unique
OG_26521	1	1	unique
OG_26522	1	1	unique
OG_26523	1	1	unique
OG_26524	1	1	unique
OG_26525	1	1	unique
OG_26526	1	1	unique
OG_26527	1	1	unique
OG_26528	1	1	unique
OG_26529	1	1	unique
OG_26530	1	1	unique
OG_26531	1	1	unique
OG_26532	1	1	unique
OG_26533	1	1	unique
OG_26534	1	1	unique
OG_26535	1	1	unique
OG_26536	1	1	unique
OG_26537	1	1	unique
OG_26538	1	1	unique
OG_26539	1	1	unique
OG_26540	1	1	unique
OG_26541	1	1	unique
OG_26542	1	1	unique
OG_26543	1	1	unique
OG_26544	1	1	unique
OG_26545	1	1	unique
OG_26546	1	1	unique
OG_26547	1	1	unique
OG_26548	1	1	unique
OG_26549	1	1	unique
OG_26550	1	1	unique
OG_26551	1	1	unique
OG_26552	1	1	unique
OG_26553	1	1	unique
OG_26554	1	1	unique
OG_26555	1	1	unique
OG_26556	1	1	unique
OG_26557	1	1	unique
OG_26558	1	1	unique
OG_26559	1	1	unique
OG_26560	1	1	unique
OG_26561	1	1	unique
OG_26562	1	1	unique
OG_26563	1	1	unique
OG_26564	1	1	unique
OG_26565	1	1	unique
OG_26566	1	1	unique
OG_26567	1	1	unique
OG_26568	1	1	unique
OG_26569	1	1	unique
OG_26570	1	1	unique
OG_26571	1	1	unique
OG_26572	1	1	unique
OG_26573	1	1	unique
OG_26574	1	1	unique
OG_26575	1	1	unique
OG_26576	1	1	unique
OG_26577	1	1	unique
OG_26578	1	1	unique
OG_26579	1	1	unique
OG_26580	1	1	unique
OG_26581	1	1	unique
OG_26582	1	1	unique
OG_26583	1	1	unique
OG_26584	1	1	unique
OG_26585	1	1	unique
OG_26586	1	1	unique
OG_26587	1	1	unique
OG_26588	1	1	unique
OG_26589	1	1	unique
OG_26590	1	1	unique
OG_26591	1	1	unique
OG_26592	1	1	unique
OG_26593	1	1	unique
OG_26594	1	1	unique
OG_26595	1	1	unique
OG_26596	1	1	unique
OG_26597	1	1	unique
OG_26598	1	1	unique
OG_26599	1	1	unique
OG_26600	1	1	unique
OG_26601	1	1	unique
OG_26602	1	1	unique
OG_26603	1	1	unique
OG_26604	1	1	unique
OG_26605	1	1	unique
OG_26606	1	1	unique
OG_26607	1	1	unique
OG_26608	1	1	unique
OG_26609	1	1	unique
OG_26610	1	1	unique
OG_26611	1	1	unique
OG_26612	1	1	unique
OG_26613	1	1	unique
OG_26614	1	1	unique
OG_26615	1	1	unique
OG_26616	1	1	unique
OG_26617	1	1	unique
OG_26618	1	1	unique
OG_26619	1	1	unique
OG_26620	1	1	unique
OG_26621	1	1	unique
OG_26622	1	1	unique
OG_26623	1	1	unique
OG_26624	1	1	unique
OG_26625	1	1	unique
OG_26626	1	1	unique
OG_26627	1	1	unique
OG_26628	1	1	unique
OG_26629	1	1	unique
OG_26630	1	1	unique
OG_26631	1	1	unique
OG_26632	1	1	unique
OG_26633	1	1	unique
OG_26634	1	1	unique
OG_26635	1	1	unique
OG_26636	1	1	unique
OG_26637	1	1	unique
OG_26638	1	1	unique
OG_26639	1	1	unique
OG_26640	1	1	unique
OG_26641	1	1	unique
OG_26642	1	1	unique
OG_26643	1	1	unique
OG_26644	1	1	unique
OG_26645	1	1	unique
OG_26646	1	1	unique
OG_26647	1	1	unique
OG_26648	1	1	unique
OG_26649	1	1	unique
OG_26650	1	1	unique
OG_26651	1	1	unique
OG_26652	1	1	unique
OG_26653	1	1	unique
OG_26654	1	1	unique
OG_26655	1	1	unique
OG_26656	1	1	unique
OG_26657	1	1	unique
OG_26658	1	1	unique
OG_26659	1	1	unique
OG_26660	1	1	unique
OG_26661	1	1	unique
OG_26662	1	1	unique
OG_26663	1	1	unique
OG_26664	1	1	unique
OG_26665	1	1	unique
OG_26666	1	1	unique
OG_26667	1	1	unique
OG_26668	1	1	unique
OG_26669	1	1	unique
OG_26670	1	1	unique
OG_26671	1	1	unique
OG_26672	1	1	unique
OG_26673	1	1	unique
OG_26674	1	1	unique
OG_26675	1	1	unique
OG_26676	1	1	unique
OG_26677	1	1	unique
OG_26678	1	1	unique
OG_26679	1	1	unique
OG_26680	1	1	unique
OG_26681	1	1	unique
OG_26682	1	1	unique
OG_26683	1	1	unique
OG_26684	1	1	unique
OG_26685	1	1	unique
OG_26686	1	1	unique
OG_26687	1	1	unique
OG_26688	1	1	unique
OG_26689	1	1	unique
OG_26690	1	1	unique
OG_26691	1	1	unique
OG_26692	1	1	unique
OG_26693	1	1	unique
OG_26694	1	1	unique
OG_26695	1	1	unique
OG_26696	1	1	unique
OG_26697	1	1	unique
OG_26698	1	1	unique
OG_26699	1	1	unique
OG_26700	1	1	unique
OG_26701	1	1	unique
OG_26702	1	1	unique
OG_26703	1	1	unique
OG_26704	1	1	unique
OG_26705	1	1	unique
OG_26706	1	1	unique
OG_26707	1	1	unique
OG_26708	1	1	unique
OG_26709	1	1	unique
OG_26710	1	1	unique
OG_26711	1	1	unique
OG_26712	1	1	unique
OG_26713	1	1	unique
OG_26714	1	1	unique
OG_26715	1	1	unique
OG_26716	1	1	unique
OG_26717	1	1	unique
OG_26718	1	1	unique
OG_26719	1	1	unique
OG_26720	1	1	unique
OG_26721	1	1	unique
OG_26722	1	1	unique
OG_26723	1	1	unique
OG_26724	1	1	unique
OG_26725	1	1	unique
OG_26726	1	1	unique
OG_26727	1	1	unique
OG_26728	1	1	unique
OG_26729	1	1	unique
OG_26730	1	1	unique
OG_26731	1	1	unique
OG_26732	1	1	unique
OG_26733	1	1	unique
OG_26734	1	1	unique
OG_26735	1	1	unique
OG_26736	1	1	unique
OG_26737	1	1	unique
OG_26738	1	1	unique
OG_26739	1	1	unique
OG_26740	1	1	unique
OG_26741	1	1	unique
OG_26742	1	1	unique
OG_26743	1	1	unique
OG_26744	1	1	unique
OG_26745	1	1	unique
OG_26746	1	1	unique
OG_26747	1	1	unique
OG_26748	1	1	unique
OG_26749	1	1	unique
OG_26750	1	1	unique
OG_26751	1	1	unique
OG_26752	1	1	unique
OG_26753	1	1	unique
OG_26754	1	1	unique
OG_26755	1	1	unique
OG_26756	1	1	unique
OG_26757	1	1	unique
OG_26758	1	1	unique
OG_26759	1	1	unique
OG_26760	1	1	unique
OG_26761	1	1	unique
OG_26762	1	1	unique
OG_26763	1	1	unique
OG_26764	1	1	unique
OG_26765	1	1	unique
OG_26766	1	1	unique
OG_26767	1	1	unique
OG_26768	1	1	unique
OG_26769	1	1	unique
OG_26770	1	1	unique
OG_26771	1	1	unique
OG_26772	1	1	unique
OG_26773	1	1	unique
OG_26774	1	1	unique
OG_26775	1	1	unique
OG_26776	1	1	unique
OG_26777	1	1	unique
OG_26778	1	1	unique
OG_26779	1	1	unique
OG_26780	1	1	unique
OG_26781	1	1	unique
OG_26782	1	1	unique
OG_26783	1	1	unique
OG_26784	1	1	unique
OG_26785	1	1	unique
OG_26786	1	1	unique
OG_26787	1	1	unique
OG_26788	1	1	unique
OG_26789	1	1	unique
OG_26790	1	1	unique
OG_26791	1	1	unique
OG_26792	1	1	unique
OG_26793	1	1	unique
OG_26794	1	1	unique
OG_26795	1	1	unique
OG_26796	1	1	unique
OG_26797	1	1	unique
OG_26798	1	1	unique
OG_26799	1	1	unique
OG_26800	1	1	unique
OG_26801	1	1	unique
OG_26802	1	1	unique
OG_26803	1	1	unique
OG_26804	1	1	unique
OG_26805	1	1	unique
OG_26806	1	1	unique
OG_26807	1	1	unique
OG_26808	1	1	unique
OG_26809	1	1	unique
OG_26810	1	1	unique
OG_26811	1	1	unique
OG_26812	1	1	unique
OG_26813	1	1	unique
OG_26814	1	1	unique
OG_26815	1	1	unique
OG_26816	1	1	unique
OG_26817	1	1	unique
OG_26818	1	1	unique
OG_26819	1	1	unique
OG_26820	1	1	unique
OG_26821	1	1	unique
OG_26822	1	1	unique
OG_26823	1	1	unique
OG_26824	1	1	unique
OG_26825	1	1	unique
OG_26826	1	1	unique
OG_26827	1	1	unique
OG_26828	1	1	unique
OG_26829	1	1	unique
OG_26830	1	1	unique
OG_26831	1	1	unique
OG_26832	1	1	unique
OG_26833	1	1	unique
OG_26834	1	1	unique
OG_26835	1	1	unique
OG_26836	1	1	unique
OG_26837	1	1	unique
OG_26838	1	1	unique
OG_26839	1	1	unique
OG_26840	1	1	unique
OG_26841	1	1	unique
OG_26842	1	1	unique
OG_26843	1	1	unique
OG_26844	1	1	unique
OG_26845	1	1	unique
OG_26846	1	1	unique
OG_26847	1	1	unique
OG_26848	1	1	unique
OG_26849	1	1	unique
OG_26850	1	1	unique
OG_26851	1	1	unique
OG_26852	1	1	unique
OG_26853	1	1	unique
OG_26854	1	1	unique
OG_26855	1	1	unique
OG_26856	1	1	unique
OG_26857	1	1	unique
OG_26858	1	1	unique
OG_26859	1	1	unique
OG_26860	1	1	unique
OG_26861	1	1	unique
OG_26862	1	1	unique
OG_26863	1	1	unique
OG_26864	1	1	unique
OG_26865	1	1	unique
OG_26866	1	1	unique
OG_26867	1	1	unique
OG_26868	1	1	unique
OG_26869	1	1	unique
OG_26870	1	1	unique
OG_26871	1	1	unique
OG_26872	1	1	unique
OG_26873	1	1	unique
OG_26874	1	1	unique
OG_26875	1	1	unique
OG_26876	1	1	unique
OG_26877	1	1	unique
OG_26878	1	1	unique
OG_26879	1	1	unique
OG_26880	1	1	unique
OG_26881	1	1	unique
OG_26882	1	1	unique
OG_26883	1	1	unique
OG_26884	1	1	unique
OG_26885	1	1	unique
OG_26886	1	1	unique
OG_26887	1	1	unique
OG_26888	1	1	unique
OG_26889	1	1	unique
OG_26890	1	1	unique
OG_26891	1	1	unique
OG_26892	1	1	unique
OG_26893	1	1	unique
OG_26894	1	1	unique
OG_26895	1	1	unique
OG_26896	1	1	unique
OG_26897	1	1	unique
OG_26898	1	1	unique
OG_26899	1	1	unique
OG_26900	1	1	unique
OG_26901	1	1	unique
OG_26902	1	1	unique
OG_26903	1	1	unique
OG_26904	1	1	unique
OG_26905	1	1	unique
OG_26906	1	1	unique
OG_26907	1	1	unique
OG_26908	1	1	unique
OG_26909	1	1	unique
OG_26910	1	1	unique
OG_26911	1	1	unique
OG_26912	1	1	unique
OG_26913	1	1	unique
OG_26914	1	1	unique
OG_26915	1	1	unique
OG_26916	1	1	unique
OG_26917	1	1	unique
OG_26918	1	1	unique
OG_26919	1	1	unique
OG_26920	1	1	unique
OG_26921	1	1	unique
OG_26922	1	1	unique
OG_26923	1	1	unique
OG_26924	1	1	unique
OG_26925	1	1	unique
OG_26926	1	1	unique
OG_26927	1	1	unique
OG_26928	1	1	unique
OG_26929	1	1	unique
OG_26930	1	1	unique
OG_26931	1	1	unique
OG_26932	1	1	unique
OG_26933	1	1	unique
OG_26934	1	1	unique
OG_26935	1	1	unique
OG_26936	1	1	unique
OG_26937	1	1	unique
OG_26938	1	1	unique
OG_26939	1	1	unique
OG_26940	1	1	unique
OG_26941	1	1	unique
OG_26942	1	1	unique
OG_26943	1	1	unique
OG_26944	1	1	unique
OG_26945	1	1	unique
OG_26946	1	1	unique
OG_26947	1	1	unique
OG_26948	1	1	unique
OG_26949	1	1	unique
OG_26950	1	1	unique
OG_26951	1	1	unique
OG_26952	1	1	unique
OG_26953	1	1	unique
OG_26954	1	1	unique
OG_26955	1	1	unique
OG_26956	1	1	unique
OG_26957	1	1	unique
OG_26958	1	1	unique
OG_26959	1	1	unique
OG_26960	1	1	unique
OG_26961	1	1	unique
OG_26962	1	1	unique
OG_26963	1	1	unique
OG_26964	1	1	unique
OG_26965	1	1	unique
OG_26966	1	1	unique
OG_26967	1	1	unique
OG_26968	1	1	unique
OG_26969	1	1	unique
OG_26970	1	1	unique
OG_26971	1	1	unique
OG_26972	1	1	unique
OG_26973	1	1	unique
OG_26974	1	1	unique
OG_26975	1	1	unique
OG_26976	1	1	unique
OG_26977	1	1	unique
OG_26978	1	1	unique
OG_26979	1	1	unique
OG_26980	1	1	unique
OG_26981	1	1	unique
OG_26982	1	1	unique
OG_26983	1	1	unique
OG_26984	1	1	unique
OG_26985	1	1	unique
OG_26986	1	1	unique
OG_26987	1	1	unique
OG_26988	1	1	unique
OG_26989	1	1	unique
OG_26990	1	1	unique
OG_26991	1	1	unique
OG_26992	1	1	unique
OG_26993	1	1	unique
OG_26994	1	1	unique
OG_26995	1	1	unique
OG_26996	1	1	unique
OG_26997	1	1	unique
OG_26998	1	1	unique
OG_26999	1	1	unique
OG_27000	1	1	unique
OG_27001	1	1	unique
OG_27002	1	1	unique
OG_27003	1	1	unique
OG_27004	1	1	unique
OG_27005	1	1	unique
OG_27006	1	1	unique
OG_27007	1	1	unique
OG_27008	1	1	unique
OG_27009	1	1	unique
OG_27010	1	1	unique
OG_27011	1	1	unique
OG_27012	1	1	unique
OG_27013	1	1	unique
OG_27014	1	1	unique
OG_27015	1	1	unique
OG_27016	1	1	unique
OG_27017	1	1	unique
OG_27018	1	1	unique
OG_27019	1	1	unique
OG_27020	1	1	unique
OG_27021	1	1	unique
OG_27022	1	1	unique
OG_27023	1	1	unique
OG_27024	1	1	unique
OG_27025	1	1	unique
OG_27026	1	1	unique
OG_27027	1	1	unique
OG_27028	1	1	unique
OG_27029	1	1	unique
OG_27030	1	1	unique
OG_27031	1	1	unique
OG_27032	1	1	unique
OG_27033	1	1	unique
OG_27034	1	1	unique
OG_27035	1	1	unique
OG_27036	1	1	unique
OG_27037	1	1	unique
OG_27038	1	1	unique
OG_27039	1	1	unique
OG_27040	1	1	unique
OG_27041	1	1	unique
OG_27042	1	1	unique
OG_27043	1	1	unique
OG_27044	1	1	unique
OG_27045	1	1	unique
OG_27046	1	1	unique
OG_27047	1	1	unique
OG_27048	1	1	unique
OG_27049	1	1	unique
OG_27050	1	1	unique
OG_27051	1	1	unique
OG_27052	1	1	unique
OG_27053	1	1	unique
OG_27054	1	1	unique
OG_27055	1	1	unique
OG_27056	1	1	unique
OG_27057	1	1	unique
OG_27058	1	1	unique
OG_27059	1	1	unique
OG_27060	1	1	unique
OG_27061	1	1	unique
OG_27062	1	1	unique
OG_27063	1	1	unique
OG_27064	1	1	unique
OG_27065	1	1	unique
OG_27066	1	1	unique
OG_27067	1	1	unique
OG_27068	1	1	unique
OG_27069	1	1	unique
OG_27070	1	1	unique
OG_27071	1	1	unique
OG_27072	1	1	unique
OG_27073	1	1	unique
OG_27074	1	1	unique
OG_27075	1	1	unique
OG_27076	1	1	unique
OG_27077	1	1	unique
OG_27078	1	1	unique
OG_27079	1	1	unique
OG_27080	1	1	unique
OG_27081	1	1	unique
OG_27082	1	1	unique
OG_27083	1	1	unique
OG_27084	1	1	unique
OG_27085	1	1	unique
OG_27086	1	1	unique
OG_27087	1	1	unique
OG_27088	1	1	unique
OG_27089	1	1	unique
OG_27090	1	1	unique
OG_27091	1	1	unique
OG_27092	1	1	unique
OG_27093	1	1	unique
OG_27094	1	1	unique
OG_27095	1	1	unique
OG_27096	1	1	unique
OG_27097	1	1	unique
OG_27098	1	1	unique
OG_27099	1	1	unique
OG_27100	1	1	unique
OG_27101	1	1	unique
OG_27102	1	1	unique
OG_27103	1	1	unique
OG_27104	1	1	unique
OG_27105	1	1	unique
OG_27106	1	1	unique
OG_27107	1	1	unique
OG_27108	1	1	unique
OG_27109	1	1	unique
OG_27110	1	1	unique
OG_27111	1	1	unique
OG_27112	1	1	unique
OG_27113	1	1	unique
OG_27114	1	1	unique
OG_27115	1	1	unique
OG_27116	1	1	unique
OG_27117	1	1	unique
OG_27118	1	1	unique
OG_27119	1	1	unique
OG_27120	1	1	unique
OG_27121	1	1	unique
OG_27122	1	1	unique
OG_27123	1	1	unique
OG_27124	1	1	unique
OG_27125	1	1	unique
OG_27126	1	1	unique
OG_27127	1	1	unique
OG_27128	1	1	unique
OG_27129	1	1	unique
OG_27130	1	1	unique
OG_27131	1	1	unique
OG_27132	1	1	unique
OG_27133	1	1	unique
OG_27134	1	1	unique
OG_27135	1	1	unique
OG_27136	1	1	unique
OG_27137	1	1	unique
OG_27138	1	1	unique
OG_27139	1	1	unique
OG_27140	1	1	unique
OG_27141	1	1	unique
OG_27142	1	1	unique
OG_27143	1	1	unique
OG_27144	1	1	unique
OG_27145	1	1	unique
OG_27146	1	1	unique
OG_27147	1	1	unique
OG_27148	1	1	unique
OG_27149	1	1	unique
OG_27150	1	1	unique
OG_27151	1	1	unique
OG_27152	1	1	unique
OG_27153	1	1	unique
OG_27154	1	1	unique
OG_27155	1	1	unique
OG_27156	1	1	unique
OG_27157	1	1	unique
OG_27158	1	1	unique
OG_27159	1	1	unique
OG_27160	1	1	unique
OG_27161	1	1	unique
OG_27162	1	1	unique
OG_27163	1	1	unique
OG_27164	1	1	unique
OG_27165	1	1	unique
OG_27166	1	1	unique
OG_27167	1	1	unique
OG_27168	1	1	unique
OG_27169	1	1	unique
OG_27170	1	1	unique
OG_27171	1	1	unique
OG_27172	1	1	unique
OG_27173	1	1	unique
OG_27174	1	1	unique
OG_27175	1	1	unique
OG_27176	1	1	unique
OG_27177	1	1	unique
OG_27178	1	1	unique
OG_27179	1	1	unique
OG_27180	1	1	unique
OG_27181	1	1	unique
OG_27182	1	1	unique
OG_27183	1	1	unique
OG_27184	1	1	unique
OG_27185	1	1	unique
OG_27186	1	1	unique
OG_27187	1	1	unique
OG_27188	1	1	unique
OG_27189	1	1	unique
OG_27190	1	1	unique
OG_27191	1	1	unique
OG_27192	1	1	unique
OG_27193	1	1	unique
OG_27194	1	1	unique
OG_27195	1	1	unique
OG_27196	1	1	unique
OG_27197	1	1	unique
OG_27198	1	1	unique
OG_27199	1	1	unique
OG_27200	1	1	unique
OG_27201	1	1	unique
OG_27202	1	1	unique
OG_27203	1	1	unique
OG_27204	1	1	unique
OG_27205	1	1	unique
OG_27206	1	1	unique
OG_27207	1	1	unique
OG_27208	1	1	unique
OG_27209	1	1	unique
OG_27210	1	1	unique
OG_27211	1	1	unique
OG_27212	1	1	unique
OG_27213	1	1	unique
OG_27214	1	1	unique
OG_27215	1	1	unique
OG_27216	1	1	unique
OG_27217	1	1	unique
OG_27218	1	1	unique
OG_27219	1	1	unique
OG_27220	1	1	unique
OG_27221	1	1	unique
OG_27222	1	1	unique
OG_27223	1	1	unique
OG_27224	1	1	unique
OG_27225	1	1	unique
OG_27226	1	1	unique
OG_27227	1	1	unique
OG_27228	1	1	unique
OG_27229	1	1	unique
OG_27230	1	1	unique
OG_27231	1	1	unique
OG_27232	1	1	unique
OG_27233	1	1	unique
OG_27234	1	1	unique
OG_27235	1	1	unique
OG_27236	1	1	unique
OG_27237	1	1	unique
OG_27238	1	1	unique
OG_27239	1	1	unique
OG_27240	1	1	unique
OG_27241	1	1	unique
OG_27242	1	1	unique
OG_27243	1	1	unique
OG_27244	1	1	unique
OG_27245	1	1	unique
OG_27246	1	1	unique
OG_27247	1	1	unique
OG_27248	1	1	unique
OG_27249	1	1	unique
OG_27250	1	1	unique
OG_27251	1	1	unique
OG_27252	1	1	unique
OG_27253	1	1	unique
OG_27254	1	1	unique
OG_27255	1	1	unique
OG_27256	1	1	unique
OG_27257	1	1	unique
OG_27258	1	1	unique
OG_27259	1	1	unique
OG_27260	1	1	unique
OG_27261	1	1	unique
OG_27262	1	1	unique
OG_27263	1	1	unique
OG_27264	1	1	unique
OG_27265	1	1	unique
OG_27266	1	1	unique
OG_27267	1	1	unique
OG_27268	1	1	unique
OG_27269	1	1	unique
OG_27270	1	1	unique
OG_27271	1	1	unique
OG_27272	1	1	unique
OG_27273	1	1	unique
OG_27274	1	1	unique
OG_27275	1	1	unique
OG_27276	1	1	unique
OG_27277	1	1	unique
OG_27278	1	1	unique
OG_27279	1	1	unique
OG_27280	1	1	unique
OG_27281	1	1	unique
OG_27282	1	1	unique
OG_27283	1	1	unique
OG_27284	1	1	unique
OG_27285	1	1	unique
OG_27286	1	1	unique
OG_27287	1	1	unique
OG_27288	1	1	unique
OG_27289	1	1	unique
OG_27290	1	1	unique
OG_27291	1	1	unique
OG_27292	1	1	unique
OG_27293	1	1	unique
OG_27294	1	1	unique
OG_27295	1	1	unique
OG_27296	1	1	unique
OG_27297	1	1	unique
OG_27298	1	1	unique
OG_27299	1	1	unique
OG_27300	1	1	unique
OG_27301	1	1	unique
OG_27302	1	1	unique
OG_27303	1	1	unique
OG_27304	1	1	unique
OG_27305	1	1	unique
OG_27306	1	1	unique
OG_27307	1	1	unique
OG_27308	1	1	unique
OG_27309	1	1	unique
OG_27310	1	1	unique
OG_27311	1	1	unique
OG_27312	1	1	unique
OG_27313	1	1	unique
OG_27314	1	1	unique
OG_27315	1	1	unique
OG_27316	1	1	unique
OG_27317	1	1	unique
OG_27318	1	1	unique
OG_27319	1	1	unique
OG_27320	1	1	unique
OG_27321	1	1	unique
OG_27322	1	1	unique
OG_27323	1	1	unique
OG_27324	1	1	unique
OG_27325	1	1	unique
OG_27326	1	1	unique
OG_27327	1	1	unique
OG_27328	1	1	unique
OG_27329	1	1	unique
OG_27330	1	1	unique
OG_27331	1	1	unique
OG_27332	1	1	unique
OG_27333	1	1	unique
OG_27334	1	1	unique
OG_27335	1	1	unique
OG_27336	1	1	unique
OG_27337	1	1	unique
OG_27338	1	1	unique
OG_27339	1	1	unique
OG_27340	1	1	unique
OG_27341	1	1	unique
OG_27342	1	1	unique
OG_27343	1	1	unique
OG_27344	1	1	unique
OG_27345	1	1	unique
OG_27346	1	1	unique
OG_27347	1	1	unique
OG_27348	1	1	unique
OG_27349	1	1	unique
OG_27350	1	1	unique
OG_27351	1	1	unique
OG_27352	1	1	unique
OG_27353	1	1	unique
OG_27354	1	1	unique
OG_27355	1	1	unique
OG_27356	1	1	unique
OG_27357	1	1	unique
OG_27358	1	1	unique
OG_27359	1	1	unique
OG_27360	1	1	unique
OG_27361	1	1	unique
OG_27362	1	1	unique
OG_27363	1	1	unique
OG_27364	1	1	unique
OG_27365	1	1	unique
OG_27366	1	1	unique
OG_27367	1	1	unique
OG_27368	1	1	unique
OG_27369	1	1	unique
OG_27370	1	1	unique
OG_27371	1	1	unique
OG_27372	1	1	unique
OG_27373	1	1	unique
OG_27374	1	1	unique
OG_27375	1	1	unique
OG_27376	1	1	unique
OG_27377	1	1	unique
OG_27378	1	1	unique
OG_27379	1	1	unique
OG_27380	1	1	unique
OG_27381	1	1	unique
OG_27382	1	1	unique
OG_27383	1	1	unique
OG_27384	1	1	unique
OG_27385	1	1	unique
OG_27386	1	1	unique
OG_27387	1	1	unique
OG_27388	1	1	unique
OG_27389	1	1	unique
OG_27390	1	1	unique
OG_27391	1	1	unique
OG_27392	1	1	unique
OG_27393	1	1	unique
OG_27394	1	1	unique
OG_27395	1	1	unique
OG_27396	1	1	unique
OG_27397	1	1	unique
OG_27398	1	1	unique
OG_27399	1	1	unique
OG_27400	1	1	unique
OG_27401	1	1	unique
OG_27402	1	1	unique
OG_27403	1	1	unique
OG_27404	1	1	unique
OG_27405	1	1	unique
OG_27406	1	1	unique
OG_27407	1	1	unique
OG_27408	1	1	unique
OG_27409	1	1	unique
OG_27410	1	1	unique
OG_27411	1	1	unique
OG_27412	1	1	unique
OG_27413	1	1	unique
OG_27414	1	1	unique
OG_27415	1	1	unique
OG_27416	1	1	unique
OG_27417	1	1	unique
OG_27418	1	1	unique
OG_27419	1	1	unique
OG_27420	1	1	unique
OG_27421	1	1	unique
OG_27422	1	1	unique
OG_27423	1	1	unique
OG_27424	1	1	unique
OG_27425	1	1	unique
OG_27426	1	1	unique
OG_27427	1	1	unique
OG_27428	1	1	unique
OG_27429	1	1	unique
OG_27430	1	1	unique
OG_27431	1	1	unique
OG_27432	1	1	unique
OG_27433	1	1	unique
OG_27434	1	1	unique
OG_27435	1	1	unique
OG_27436	1	1	unique
OG_27437	1	1	unique
OG_27438	1	1	unique
OG_27439	1	1	unique
OG_27440	1	1	unique
OG_27441	1	1	unique
OG_27442	1	1	unique
OG_27443	1	1	unique
OG_27444	1	1	unique
OG_27445	1	1	unique
OG_27446	1	1	unique
OG_27447	1	1	unique
OG_27448	1	1	unique
OG_27449	1	1	unique
OG_27450	1	1	unique
OG_27451	1	1	unique
OG_27452	1	1	unique
OG_27453	1	1	unique
OG_27454	1	1	unique
OG_27455	1	1	unique
OG_27456	1	1	unique
OG_27457	1	1	unique
OG_27458	1	1	unique
OG_27459	1	1	unique
OG_27460	1	1	unique
OG_27461	1	1	unique
OG_27462	1	1	unique
OG_27463	1	1	unique
OG_27464	1	1	unique
OG_27465	1	1	unique
OG_27466	1	1	unique
OG_27467	1	1	unique
OG_27468	1	1	unique
OG_27469	1	1	unique
OG_27470	1	1	unique
OG_27471	1	1	unique
OG_27472	1	1	unique
OG_27473	1	1	unique
OG_27474	1	1	unique
OG_27475	1	1	unique
OG_27476	1	1	unique
OG_27477	1	1	unique
OG_27478	1	1	unique
OG_27479	1	1	unique
OG_27480	1	1	unique
OG_27481	1	1	unique
OG_27482	1	1	unique
OG_27483	1	1	unique
OG_27484	1	1	unique
OG_27485	1	1	unique
OG_27486	1	1	unique
OG_27487	1	1	unique
OG_27488	1	1	unique
OG_27489	1	1	unique
OG_27490	1	1	unique
OG_27491	1	1	unique
OG_27492	1	1	unique
OG_27493	1	1	unique
OG_27494	1	1	unique
OG_27495	1	1	unique
OG_27496	1	1	unique
OG_27497	1	1	unique
OG_27498	1	1	unique
OG_27499	1	1	unique
OG_27500	1	1	unique
OG_27501	1	1	unique
OG_27502	1	1	unique
OG_27503	1	1	unique
OG_27504	1	1	unique
OG_27505	1	1	unique
OG_27506	1	1	unique
OG_27507	1	1	unique
OG_27508	1	1	unique
OG_27509	1	1	unique
OG_27510	1	1	unique
OG_27511	1	1	unique
OG_27512	1	1	unique
OG_27513	1	1	unique
OG_27514	1	1	unique
OG_27515	1	1	unique
OG_27516	1	1	unique
OG_27517	1	1	unique
OG_27518	1	1	unique
OG_27519	1	1	unique
OG_27520	1	1	unique
OG_27521	1	1	unique
OG_27522	1	1	unique
OG_27523	1	1	unique
OG_27524	1	1	unique
OG_27525	1	1	unique
OG_27526	1	1	unique
OG_27527	1	1	unique
OG_27528	1	1	unique
OG_27529	1	1	unique
OG_27530	1	1	unique
OG_27531	1	1	unique
OG_27532	1	1	unique
OG_27533	1	1	unique
OG_27534	1	1	unique
OG_27535	1	1	unique
OG_27536	1	1	unique
OG_27537	1	1	unique
OG_27538	1	1	unique
OG_27539	1	1	unique
OG_27540	1	1	unique
OG_27541	1	1	unique
OG_27542	1	1	unique
OG_27543	1	1	unique
OG_27544	1	1	unique
OG_27545	1	1	unique
OG_27546	1	1	unique
OG_27547	1	1	unique
OG_27548	1	1	unique
OG_27549	1	1	unique
OG_27550	1	1	unique
OG_27551	1	1	unique
OG_27552	1	1	unique
OG_27553	1	1	unique
OG_27554	1	1	unique
OG_27555	1	1	unique
OG_27556	1	1	unique
OG_27557	1	1	unique
OG_27558	1	1	unique
OG_27559	1	1	unique
OG_27560	1	1	unique
OG_27561	1	1	unique
OG_27562	1	1	unique
OG_27563	1	1	unique
OG_27564	1	1	unique
OG_27565	1	1	unique
OG_27566	1	1	unique
OG_27567	1	1	unique
OG_27568	1	1	unique
OG_27569	1	1	unique
OG_27570	1	1	unique
OG_27571	1	1	unique
OG_27572	1	1	unique
OG_27573	1	1	unique
OG_27574	1	1	unique
OG_27575	1	1	unique
OG_27576	1	1	unique
OG_27577	1	1	unique
OG_27578	1	1	unique
OG_27579	1	1	unique
OG_27580	1	1	unique
OG_27581	1	1	unique
OG_27582	1	1	unique
OG_27583	1	1	unique
OG_27584	1	1	unique
OG_27585	1	1	unique
OG_27586	1	1	unique
OG_27587	1	1	unique
OG_27588	1	1	unique
OG_27589	1	1	unique
OG_27590	1	1	unique
OG_27591	1	1	unique
OG_27592	1	1	unique
OG_27593	1	1	unique
OG_27594	1	1	unique
OG_27595	1	1	unique
OG_27596	1	1	unique
OG_27597	1	1	unique
OG_27598	1	1	unique
OG_27599	1	1	unique
OG_27600	1	1	unique
OG_27601	1	1	unique
OG_27602	1	1	unique
OG_27603	1	1	unique
OG_27604	1	1	unique
OG_27605	1	1	unique
OG_27606	1	1	unique
OG_27607	1	1	unique
OG_27608	1	1	unique
OG_27609	1	1	unique
OG_27610	1	1	unique
OG_27611	1	1	unique
OG_27612	1	1	unique
OG_27613	1	1	unique
OG_27614	1	1	unique
OG_27615	1	1	unique
OG_27616	1	1	unique
OG_27617	1	1	unique
OG_27618	1	1	unique
OG_27619	1	1	unique
OG_27620	1	1	unique
OG_27621	1	1	unique
OG_27622	1	1	unique
OG_27623	1	1	unique
OG_27624	1	1	unique
OG_27625	1	1	unique
OG_27626	1	1	unique
OG_27627	1	1	unique
OG_27628	1	1	unique
OG_27629	1	1	unique
OG_27630	1	1	unique
OG_27631	1	1	unique
OG_27632	1	1	unique
OG_27633	1	1	unique
OG_27634	1	1	unique
OG_27635	1	1	unique
OG_27636	1	1	unique
OG_27637	1	1	unique
OG_27638	1	1	unique
OG_27639	1	1	unique
OG_27640	1	1	unique
OG_27641	1	1	unique
OG_27642	1	1	unique
OG_27643	1	1	unique
OG_27644	1	1	unique
OG_27645	1	1	unique
OG_27646	1	1	unique
OG_27647	1	1	unique
OG_27648	1	1	unique
OG_27649	1	1	unique
OG_27650	1	1	unique
OG_27651	1	1	unique
OG_27652	1	1	unique
OG_27653	1	1	unique
OG_27654	1	1	unique
OG_27655	1	1	unique
OG_27656	1	1	unique
OG_27657	1	1	unique
OG_27658	1	1	unique
OG_27659	1	1	unique
OG_27660	1	1	unique
OG_27661	1	1	unique
OG_27662	1	1	unique
OG_27663	1	1	unique
OG_27664	1	1	unique
OG_27665	1	1	unique
OG_27666	1	1	unique
OG_27667	1	1	unique
OG_27668	1	1	unique
OG_27669	1	1	unique
OG_27670	1	1	unique
OG_27671	1	1	unique
OG_27672	1	1	unique
OG_27673	1	1	unique
OG_27674	1	1	unique
OG_27675	1	1	unique
OG_27676	1	1	unique
OG_27677	1	1	unique
OG_27678	1	1	unique
OG_27679	1	1	unique
OG_27680	1	1	unique
OG_27681	1	1	unique
OG_27682	1	1	unique
OG_27683	1	1	unique
OG_27684	1	1	unique
OG_27685	1	1	unique
OG_27686	1	1	unique
OG_27687	1	1	unique
OG_27688	1	1	unique
OG_27689	1	1	unique
OG_27690	1	1	unique
OG_27691	1	1	unique
OG_27692	1	1	unique
OG_27693	1	1	unique
OG_27694	1	1	unique
OG_27695	1	1	unique
OG_27696	1	1	unique
OG_27697	1	1	unique
OG_27698	1	1	unique
OG_27699	1	1	unique
OG_27700	1	1	unique
OG_27701	1	1	unique
OG_27702	1	1	unique
OG_27703	1	1	unique
OG_27704	1	1	unique
OG_27705	1	1	unique
OG_27706	1	1	unique
OG_27707	1	1	unique
OG_27708	1	1	unique
OG_27709	1	1	unique
OG_27710	1	1	unique
OG_27711	1	1	unique
OG_27712	1	1	unique
OG_27713	1	1	unique
OG_27714	1	1	unique
OG_27715	1	1	unique
OG_27716	1	1	unique
OG_27717	1	1	unique
OG_27718	1	1	unique
OG_27719	1	1	unique
OG_27720	1	1	unique
OG_27721	1	1	unique
OG_27722	1	1	unique
OG_27723	1	1	unique
OG_27724	1	1	unique
OG_27725	1	1	unique
OG_27726	1	1	unique
OG_27727	1	1	unique
OG_27728	1	1	unique
OG_27729	1	1	unique
OG_27730	1	1	unique
OG_27731	1	1	unique
OG_27732	1	1	unique
OG_27733	1	1	unique
OG_27734	1	1	unique
OG_27735	1	1	unique
OG_27736	1	1	unique
OG_27737	1	1	unique
OG_27738	1	1	unique
OG_27739	1	1	unique
OG_27740	1	1	unique
OG_27741	1	1	unique
OG_27742	1	1	unique
OG_27743	1	1	unique
OG_27744	1	1	unique
OG_27745	1	1	unique
OG_27746	1	1	unique
OG_27747	1	1	unique
OG_27748	1	1	unique
OG_27749	1	1	unique
OG_27750	1	1	unique
OG_27751	1	1	unique
OG_27752	1	1	unique
OG_27753	1	1	unique
OG_27754	1	1	unique
OG_27755	1	1	unique
OG_27756	1	1	unique
OG_27757	1	1	unique
OG_27758	1	1	unique
OG_27759	1	1	unique
OG_27760	1	1	unique
OG_27761	1	1	unique
OG_27762	1	1	unique
OG_27763	1	1	unique
OG_27764	1	1	unique
OG_27765	1	1	unique
OG_27766	1	1	unique
OG_27767	1	1	unique
OG_27768	1	1	unique
OG_27769	1	1	unique
OG_27770	1	1	unique
OG_27771	1	1	unique
OG_27772	1	1	unique
OG_27773	1	1	unique
OG_27774	1	1	unique
OG_27775	1	1	unique
OG_27776	1	1	unique
OG_27777	1	1	unique
OG_27778	1	1	unique
OG_27779	1	1	unique
OG_27780	1	1	unique
OG_27781	1	1	unique
OG_27782	1	1	unique
OG_27783	1	1	unique
OG_27784	1	1	unique
OG_27785	1	1	unique
OG_27786	1	1	unique
OG_27787	1	1	unique
OG_27788	1	1	unique
OG_27789	1	1	unique
OG_27790	1	1	unique
OG_27791	1	1	unique
OG_27792	1	1	unique
OG_27793	1	1	unique
OG_27794	1	1	unique
OG_27795	1	1	unique
OG_27796	1	1	unique
OG_27797	1	1	unique
OG_27798	1	1	unique
OG_27799	1	1	unique
OG_27800	1	1	unique
OG_27801	1	1	unique
OG_27802	1	1	unique
OG_27803	1	1	unique
OG_27804	1	1	unique
OG_27805	1	1	unique
OG_27806	1	1	unique
OG_27807	1	1	unique
OG_27808	1	1	unique
OG_27809	1	1	unique
OG_27810	1	1	unique
OG_27811	1	1	unique
OG_27812	1	1	unique
OG_27813	1	1	unique
OG_27814	1	1	unique
OG_27815	1	1	unique
OG_27816	1	1	unique
OG_27817	1	1	unique
OG_27818	1	1	unique
OG_27819	1	1	unique
OG_27820	1	1	unique
OG_27821	1	1	unique
OG_27822	1	1	unique
OG_27823	1	1	unique
OG_27824	1	1	unique
OG_27825	1	1	unique
OG_27826	1	1	unique
OG_27827	1	1	unique
OG_27828	1	1	unique
OG_27829	1	1	unique
OG_27830	1	1	unique
OG_27831	1	1	unique
OG_27832	1	1	unique
OG_27833	1	1	unique
OG_27834	1	1	unique
OG_27835	1	1	unique
OG_27836	1	1	unique
OG_27837	1	1	unique
OG_27838	1	1	unique
OG_27839	1	1	unique
OG_27840	1	1	unique
OG_27841	1	1	unique
OG_27842	1	1	unique
OG_27843	1	1	unique
OG_27844	1	1	unique
OG_27845	1	1	unique
OG_27846	1	1	unique
OG_27847	1	1	unique
OG_27848	1	1	unique
OG_27849	1	1	unique
OG_27850	1	1	unique
OG_27851	1	1	unique
OG_27852	1	1	unique
OG_27853	1	1	unique
OG_27854	1	1	unique
OG_27855	1	1	unique
OG_27856	1	1	unique
OG_27857	1	1	unique
OG_27858	1	1	unique
OG_27859	1	1	unique
OG_27860	1	1	unique
OG_27861	1	1	unique
OG_27862	1	1	unique
OG_27863	1	1	unique
OG_27864	1	1	unique
OG_27865	1	1	unique
OG_27866	1	1	unique
OG_27867	1	1	unique
OG_27868	1	1	unique
OG_27869	1	1	unique
OG_27870	1	1	unique
OG_27871	1	1	unique
OG_27872	1	1	unique
OG_27873	1	1	unique
OG_27874	1	1	unique
OG_27875	1	1	unique
OG_27876	1	1	unique
OG_27877	1	1	unique
OG_27878	1	1	unique
OG_27879	1	1	unique
OG_27880	1	1	unique
OG_27881	1	1	unique
OG_27882	1	1	unique
OG_27883	1	1	unique
OG_27884	1	1	unique
OG_27885	1	1	unique
OG_27886	1	1	unique
OG_27887	1	1	unique
OG_27888	1	1	unique
OG_27889	1	1	unique
OG_27890	1	1	unique
OG_27891	1	1	unique
OG_27892	1	1	unique
OG_27893	1	1	unique
OG_27894	1	1	unique
OG_27895	1	1	unique
OG_27896	1	1	unique
OG_27897	1	1	unique
OG_27898	1	1	unique
OG_27899	1	1	unique
OG_27900	1	1	unique
OG_27901	1	1	unique
OG_27902	1	1	unique
OG_27903	1	1	unique
OG_27904	1	1	unique
OG_27905	1	1	unique
OG_27906	1	1	unique
OG_27907	1	1	unique
OG_27908	1	1	unique
OG_27909	1	1	unique
OG_27910	1	1	unique
OG_27911	1	1	unique
OG_27912	1	1	unique
OG_27913	1	1	unique
OG_27914	1	1	unique
OG_27915	1	1	unique
OG_27916	1	1	unique
OG_27917	1	1	unique
OG_27918	1	1	unique
OG_27919	1	1	unique
OG_27920	1	1	unique
OG_27921	1	1	unique
OG_27922	1	1	unique
OG_27923	1	1	unique
OG_27924	1	1	unique
OG_27925	1	1	unique
OG_27926	1	1	unique
OG_27927	1	1	unique
OG_27928	1	1	unique
OG_27929	1	1	unique
OG_27930	1	1	unique
OG_27931	1	1	unique
OG_27932	1	1	unique
OG_27933	1	1	unique
OG_27934	1	1	unique
OG_27935	1	1	unique
OG_27936	1	1	unique
OG_27937	1	1	unique
OG_27938	1	1	unique
OG_27939	1	1	unique
OG_27940	1	1	unique
OG_27941	1	1	unique
OG_27942	1	1	unique
OG_27943	1	1	unique
OG_27944	1	1	unique
OG_27945	1	1	unique
OG_27946	1	1	unique
OG_27947	1	1	unique
OG_27948	1	1	unique
OG_27949	1	1	unique
OG_27950	1	1	unique
OG_27951	1	1	unique
OG_27952	1	1	unique
OG_27953	1	1	unique
OG_27954	1	1	unique
OG_27955	1	1	unique
OG_27956	1	1	unique
OG_27957	1	1	unique
OG_27958	1	1	unique
OG_27959	1	1	unique
OG_27960	1	1	unique
OG_27961	1	1	unique
OG_27962	1	1	unique
OG_27963	1	1	unique
OG_27964	1	1	unique
OG_27965	1	1	unique
OG_27966	1	1	unique
OG_27967	1	1	unique
OG_27968	1	1	unique
OG_27969	1	1	unique
OG_27970	1	1	unique
OG_27971	1	1	unique
OG_27972	1	1	unique
OG_27973	1	1	unique
OG_27974	1	1	unique
OG_27975	1	1	unique
OG_27976	1	1	unique
OG_27977	1	1	unique
OG_27978	1	1	unique
OG_27979	1	1	unique
OG_27980	1	1	unique
OG_27981	1	1	unique
OG_27982	1	1	unique
OG_27983	1	1	unique
OG_27984	1	1	unique
OG_27985	1	1	unique
OG_27986	1	1	unique
OG_27987	1	1	unique
OG_27988	1	1	unique
OG_27989	1	1	unique
OG_27990	1	1	unique
OG_27991	1	1	unique
OG_27992	1	1	unique
OG_27993	1	1	unique
OG_27994	1	1	unique
OG_27995	1	1	unique
OG_27996	1	1	unique
OG_27997	1	1	unique
OG_27998	1	1	unique
OG_27999	1	1	unique
OG_28000	1	1	unique
OG_28001	1	1	unique
OG_28002	1	1	unique
OG_28003	1	1	unique
OG_28004	1	1	unique
OG_28005	1	1	unique
OG_28006	1	1	unique
OG_28007	1	1	unique
OG_28008	1	1	unique
OG_28009	1	1	unique
OG_28010	1	1	unique
OG_28011	1	1	unique
OG_28012	1	1	unique
OG_28013	1	1	unique
OG_28014	1	1	unique
OG_28015	1	1	unique
OG_28016	1	1	unique
OG_28017	1	1	unique
OG_28018	1	1	unique
OG_28019	1	1	unique
OG_28020	1	1	unique
OG_28021	1	1	unique
OG_28022	1	1	unique
OG_28023	1	1	unique
OG_28024	1	1	unique
OG_28025	1	1	unique
OG_28026	1	1	unique
OG_28027	1	1	unique
OG_28028	1	1	unique
OG_28029	1	1	unique
OG_28030	1	1	unique
OG_28031	1	1	unique
OG_28032	1	1	unique
OG_28033	1	1	unique
OG_28034	1	1	unique
OG_28035	1	1	unique
OG_28036	1	1	unique
OG_28037	1	1	unique
OG_28038	1	1	unique
OG_28039	1	1	unique
OG_28040	1	1	unique
OG_28041	1	1	unique
OG_28042	1	1	unique
OG_28043	1	1	unique
OG_28044	1	1	unique
OG_28045	1	1	unique
OG_28046	1	1	unique
OG_28047	1	1	unique
OG_28048	1	1	unique
OG_28049	1	1	unique
OG_28050	1	1	unique
OG_28051	1	1	unique
OG_28052	1	1	unique
OG_28053	1	1	unique
OG_28054	1	1	unique
OG_28055	1	1	unique
OG_28056	1	1	unique
OG_28057	1	1	unique
OG_28058	1	1	unique
OG_28059	1	1	unique
OG_28060	1	1	unique
OG_28061	1	1	unique
OG_28062	1	1	unique
OG_28063	1	1	unique
OG_28064	1	1	unique
OG_28065	1	1	unique
OG_28066	1	1	unique
OG_28067	1	1	unique
OG_28068	1	1	unique
OG_28069	1	1	unique
OG_28070	1	1	unique
OG_28071	1	1	unique
OG_28072	1	1	unique
OG_28073	1	1	unique
OG_28074	1	1	unique
OG_28075	1	1	unique
OG_28076	1	1	unique
OG_28077	1	1	unique
OG_28078	1	1	unique
OG_28079	1	1	unique
OG_28080	1	1	unique
OG_28081	1	1	unique
OG_28082	1	1	unique
OG_28083	1	1	unique
OG_28084	1	1	unique
OG_28085	1	1	unique
OG_28086	1	1	unique
OG_28087	1	1	unique
OG_28088	1	1	unique
OG_28089	1	1	unique
OG_28090	1	1	unique
OG_28091	1	1	unique
OG_28092	1	1	unique
OG_28093	1	1	unique
OG_28094	1	1	unique
OG_28095	1	1	unique
OG_28096	1	1	unique
OG_28097	1	1	unique
OG_28098	1	1	unique
OG_28099	1	1	unique
OG_28100	1	1	unique
OG_28101	1	1	unique
OG_28102	1	1	unique
OG_28103	1	1	unique
OG_28104	1	1	unique
OG_28105	1	1	unique
OG_28106	1	1	unique
OG_28107	1	1	unique
OG_28108	1	1	unique
OG_28109	1	1	unique
OG_28110	1	1	unique
OG_28111	1	1	unique
OG_28112	1	1	unique
OG_28113	1	1	unique
OG_28114	1	1	unique
OG_28115	1	1	unique
OG_28116	1	1	unique
OG_28117	1	1	unique
OG_28118	1	1	unique
OG_28119	1	1	unique
OG_28120	1	1	unique
OG_28121	1	1	unique
OG_28122	1	1	unique
OG_28123	1	1	unique
OG_28124	1	1	unique
OG_28125	1	1	unique
OG_28126	1	1	unique
OG_28127	1	1	unique
OG_28128	1	1	unique
OG_28129	1	1	unique
OG_28130	1	1	unique
OG_28131	1	1	unique
OG_28132	1	1	unique
OG_28133	1	1	unique
OG_28134	1	1	unique
OG_28135	1	1	unique
OG_28136	1	1	unique
OG_28137	1	1	unique
OG_28138	1	1	unique
OG_28139	1	1	unique
OG_28140	1	1	unique
OG_28141	1	1	unique
OG_28142	1	1	unique
OG_28143	1	1	unique
OG_28144	1	1	unique
OG_28145	1	1	unique
OG_28146	1	1	unique
OG_28147	1	1	unique
OG_28148	1	1	unique
OG_28149	1	1	unique
OG_28150	1	1	unique
OG_28151	1	1	unique
OG_28152	1	1	unique
OG_28153	1	1	unique
OG_28154	1	1	unique
OG_28155	1	1	unique
OG_28156	1	1	unique
OG_28157	1	1	unique
OG_28158	1	1	unique
OG_28159	1	1	unique
OG_28160	1	1	unique
OG_28161	1	1	unique
OG_28162	1	1	unique
OG_28163	1	1	unique
OG_28164	1	1	unique
OG_28165	1	1	unique
OG_28166	1	1	unique
OG_28167	1	1	unique
OG_28168	1	1	unique
OG_28169	1	1	unique
OG_28170	1	1	unique
OG_28171	1	1	unique
OG_28172	1	1	unique
OG_28173	1	1	unique
OG_28174	1	1	unique
OG_28175	1	1	unique
OG_28176	1	1	unique
OG_28177	1	1	unique
OG_28178	1	1	unique
OG_28179	1	1	unique
OG_28180	1	1	unique
OG_28181	1	1	unique
OG_28182	1	1	unique
OG_28183	1	1	unique
OG_28184	1	1	unique
OG_28185	1	1	unique
OG_28186	1	1	unique
OG_28187	1	1	unique
OG_28188	1	1	unique
OG_28189	1	1	unique
OG_28190	1	1	unique
OG_28191	1	1	unique
OG_28192	1	1	unique
OG_28193	1	1	unique
OG_28194	1	1	unique
OG_28195	1	1	unique
OG_28196	1	1	unique
OG_28197	1	1	unique
OG_28198	1	1	unique
OG_28199	1	1	unique
OG_28200	1	1	unique
OG_28201	1	1	unique
OG_28202	1	1	unique
OG_28203	1	1	unique
OG_28204	1	1	unique
OG_28205	1	1	unique
OG_28206	1	1	unique
OG_28207	1	1	unique
OG_28208	1	1	unique
OG_28209	1	1	unique
OG_28210	1	1	unique
OG_28211	1	1	unique
OG_28212	1	1	unique
OG_28213	1	1	unique
OG_28214	1	1	unique
OG_28215	1	1	unique
OG_28216	1	1	unique
OG_28217	1	1	unique
OG_28218	1	1	unique
OG_28219	1	1	unique
OG_28220	1	1	unique
OG_28221	1	1	unique
OG_28222	1	1	unique
OG_28223	1	1	unique
OG_28224	1	1	unique
OG_28225	1	1	unique
OG_28226	1	1	unique
OG_28227	1	1	unique
OG_28228	1	1	unique
OG_28229	1	1	unique
OG_28230	1	1	unique
OG_28231	1	1	unique
OG_28232	1	1	unique
OG_28233	1	1	unique
OG_28234	1	1	unique
OG_28235	1	1	unique
OG_28236	1	1	unique
OG_28237	1	1	unique
OG_28238	1	1	unique
OG_28239	1	1	unique
OG_28240	1	1	unique
OG_28241	1	1	unique
OG_28242	1	1	unique
OG_28243	1	1	unique
OG_28244	1	1	unique
OG_28245	1	1	unique
OG_28246	1	1	unique
OG_28247	1	1	unique
OG_28248	1	1	unique
OG_28249	1	1	unique
OG_28250	1	1	unique
OG_28251	1	1	unique
OG_28252	1	1	unique
OG_28253	1	1	unique
OG_28254	1	1	unique
OG_28255	1	1	unique
OG_28256	1	1	unique
OG_28257	1	1	unique
OG_28258	1	1	unique
OG_28259	1	1	unique
OG_28260	1	1	unique
OG_28261	1	1	unique
OG_28262	1	1	unique
OG_28263	1	1	unique
OG_28264	1	1	unique
OG_28265	1	1	unique
OG_28266	1	1	unique
OG_28267	1	1	unique
OG_28268	1	1	unique
OG_28269	1	1	unique
OG_28270	1	1	unique
OG_28271	1	1	unique
OG_28272	1	1	unique
OG_28273	1	1	unique
OG_28274	1	1	unique
OG_28275	1	1	unique
OG_28276	1	1	unique
OG_28277	1	1	unique
OG_28278	1	1	unique
OG_28279	1	1	unique
OG_28280	1	1	unique
OG_28281	1	1	unique
OG_28282	1	1	unique
OG_28283	1	1	unique
OG_28284	1	1	unique
OG_28285	1	1	unique
OG_28286	1	1	unique
OG_28287	1	1	unique
OG_28288	1	1	unique
OG_28289	1	1	unique
OG_28290	1	1	unique
OG_28291	1	1	unique
OG_28292	1	1	unique
OG_28293	1	1	unique
OG_28294	1	1	unique
OG_28295	1	1	unique
OG_28296	1	1	unique
OG_28297	1	1	unique
OG_28298	1	1	unique
OG_28299	1	1	unique
OG_28300	1	1	unique
OG_28301	1	1	unique
OG_28302	1	1	unique
OG_28303	1	1	unique
OG_28304	1	1	unique
OG_28305	1	1	unique
OG_28306	1	1	unique
OG_28307	1	1	unique
OG_28308	1	1	unique
OG_28309	1	1	unique
OG_28310	1	1	unique
OG_28311	1	1	unique
OG_28312	1	1	unique
OG_28313	1	1	unique
OG_28314	1	1	unique
OG_28315	1	1	unique
OG_28316	1	1	unique
OG_28317	1	1	unique
OG_28318	1	1	unique
OG_28319	1	1	unique
OG_28320	1	1	unique
OG_28321	1	1	unique
OG_28322	1	1	unique
OG_28323	1	1	unique
OG_28324	1	1	unique
OG_28325	1	1	unique
OG_28326	1	1	unique
OG_28327	1	1	unique
OG_28328	1	1	unique
OG_28329	1	1	unique
OG_28330	1	1	unique
OG_28331	1	1	unique
OG_28332	1	1	unique
OG_28333	1	1	unique
OG_28334	1	1	unique
OG_28335	1	1	unique
OG_28336	1	1	unique
OG_28337	1	1	unique
OG_28338	1	1	unique
OG_28339	1	1	unique
OG_28340	1	1	unique
OG_28341	1	1	unique
OG_28342	1	1	unique
OG_28343	1	1	unique
OG_28344	1	1	unique
OG_28345	1	1	unique
OG_28346	1	1	unique
OG_28347	1	1	unique
OG_28348	1	1	unique
OG_28349	1	1	unique
OG_28350	1	1	unique
OG_28351	1	1	unique
OG_28352	1	1	unique
OG_28353	1	1	unique
OG_28354	1	1	unique
OG_28355	1	1	unique
OG_28356	1	1	unique
OG_28357	1	1	unique
OG_28358	1	1	unique
OG_28359	1	1	unique
OG_28360	1	1	unique
OG_28361	1	1	unique
OG_28362	1	1	unique
OG_28363	1	1	unique
OG_28364	1	1	unique
OG_28365	1	1	unique
OG_28366	1	1	unique
OG_28367	1	1	unique
OG_28368	1	1	unique
OG_28369	1	1	unique
OG_28370	1	1	unique
OG_28371	1	1	unique
OG_28372	1	1	unique
OG_28373	1	1	unique
OG_28374	1	1	unique
OG_28375	1	1	unique
OG_28376	1	1	unique
OG_28377	1	1	unique
OG_28378	1	1	unique
OG_28379	1	1	unique
OG_28380	1	1	unique
OG_28381	1	1	unique
OG_28382	1	1	unique
OG_28383	1	1	unique
OG_28384	1	1	unique
OG_28385	1	1	unique
OG_28386	1	1	unique
OG_28387	1	1	unique
OG_28388	1	1	unique
OG_28389	1	1	unique
OG_28390	1	1	unique
OG_28391	1	1	unique
OG_28392	1	1	unique
OG_28393	1	1	unique
OG_28394	1	1	unique
OG_28395	1	1	unique
OG_28396	1	1	unique
OG_28397	1	1	unique
OG_28398	1	1	unique
OG_28399	1	1	unique
OG_28400	1	1	unique
OG_28401	1	1	unique
OG_28402	1	1	unique
OG_28403	1	1	unique
OG_28404	1	1	unique
OG_28405	1	1	unique
OG_28406	1	1	unique
OG_28407	1	1	unique
OG_28408	1	1	unique
OG_28409	1	1	unique
OG_28410	1	1	unique
OG_28411	1	1	unique
OG_28412	1	1	unique
OG_28413	1	1	unique
OG_28414	1	1	unique
OG_28415	1	1	unique
OG_28416	1	1	unique
OG_28417	1	1	unique
OG_28418	1	1	unique
OG_28419	1	1	unique
OG_28420	1	1	unique
OG_28421	1	1	unique
OG_28422	1	1	unique
OG_28423	1	1	unique
OG_28424	1	1	unique
OG_28425	1	1	unique
OG_28426	1	1	unique
OG_28427	1	1	unique
OG_28428	1	1	unique
OG_28429	1	1	unique
OG_28430	1	1	unique
OG_28431	1	1	unique
OG_28432	1	1	unique
OG_28433	1	1	unique
OG_28434	1	1	unique
OG_28435	1	1	unique
OG_28436	1	1	unique
OG_28437	1	1	unique
OG_28438	1	1	unique
OG_28439	1	1	unique
OG_28440	1	1	unique
OG_28441	1	1	unique
OG_28442	1	1	unique
OG_28443	1	1	unique
OG_28444	1	1	unique
OG_28445	1	1	unique
OG_28446	1	1	unique
OG_28447	1	1	unique
OG_28448	1	1	unique
OG_28449	1	1	unique
OG_28450	1	1	unique
OG_28451	1	1	unique
OG_28452	1	1	unique
OG_28453	1	1	unique
OG_28454	1	1	unique
OG_28455	1	1	unique
OG_28456	1	1	unique
OG_28457	1	1	unique
OG_28458	1	1	unique
OG_28459	1	1	unique
OG_28460	1	1	unique
OG_28461	1	1	unique
OG_28462	1	1	unique
OG_28463	1	1	unique
OG_28464	1	1	unique
OG_28465	1	1	unique
OG_28466	1	1	unique
OG_28467	1	1	unique
OG_28468	1	1	unique
OG_28469	1	1	unique
OG_28470	1	1	unique
OG_28471	1	1	unique
OG_28472	1	1	unique
OG_28473	1	1	unique
OG_28474	1	1	unique
OG_28475	1	1	unique
OG_28476	1	1	unique
OG_28477	1	1	unique
OG_28478	1	1	unique
OG_28479	1	1	unique
OG_28480	1	1	unique
OG_28481	1	1	unique
OG_28482	1	1	unique
OG_28483	1	1	unique
OG_28484	1	1	unique
OG_28485	1	1	unique
OG_28486	1	1	unique
OG_28487	1	1	unique
OG_28488	1	1	unique
OG_28489	1	1	unique
OG_28490	1	1	unique
OG_28491	1	1	unique
OG_28492	1	1	unique
OG_28493	1	1	unique
OG_28494	1	1	unique
OG_28495	1	1	unique
OG_28496	1	1	unique
OG_28497	1	1	unique
OG_28498	1	1	unique
OG_28499	1	1	unique
OG_28500	1	1	unique
OG_28501	1	1	unique
OG_28502	1	1	unique
OG_28503	1	1	unique
OG_28504	1	1	unique
OG_28505	1	1	unique
OG_28506	1	1	unique
OG_28507	1	1	unique
OG_28508	1	1	unique
OG_28509	1	1	unique
OG_28510	1	1	unique
OG_28511	1	1	unique
OG_28512	1	1	unique
OG_28513	1	1	unique
OG_28514	1	1	unique
OG_28515	1	1	unique
OG_28516	1	1	unique
OG_28517	1	1	unique
OG_28518	1	1	unique
OG_28519	1	1	unique
OG_28520	1	1	unique
OG_28521	1	1	unique
OG_28522	1	1	unique
OG_28523	1	1	unique
OG_28524	1	1	unique
OG_28525	1	1	unique
OG_28526	1	1	unique
OG_28527	1	1	unique
OG_28528	1	1	unique
OG_28529	1	1	unique
OG_28530	1	1	unique
OG_28531	1	1	unique
OG_28532	1	1	unique
OG_28533	1	1	unique
OG_28534	1	1	unique
OG_28535	1	1	unique
OG_28536	1	1	unique
OG_28537	1	1	unique
OG_28538	1	1	unique
OG_28539	1	1	unique
OG_28540	1	1	unique
OG_28541	1	1	unique
OG_28542	1	1	unique
OG_28543	1	1	unique
OG_28544	1	1	unique
OG_28545	1	1	unique
OG_28546	1	1	unique
OG_28547	1	1	unique
OG_28548	1	1	unique
OG_28549	1	1	unique
OG_28550	1	1	unique
OG_28551	1	1	unique
OG_28552	1	1	unique
OG_28553	1	1	unique
OG_28554	1	1	unique
OG_28555	1	1	unique
OG_28556	1	1	unique
OG_28557	1	1	unique
OG_28558	1	1	unique
OG_28559	1	1	unique
OG_28560	1	1	unique
OG_28561	1	1	unique
OG_28562	1	1	unique
OG_28563	1	1	unique
OG_28564	1	1	unique
OG_28565	1	1	unique
OG_28566	1	1	unique
OG_28567	1	1	unique
OG_28568	1	1	unique
OG_28569	1	1	unique
OG_28570	1	1	unique
OG_28571	1	1	unique
OG_28572	1	1	unique
OG_28573	1	1	unique
OG_28574	1	1	unique
OG_28575	1	1	unique
OG_28576	1	1	unique
OG_28577	1	1	unique
OG_28578	1	1	unique
OG_28579	1	1	unique
OG_28580	1	1	unique
OG_28581	1	1	unique
OG_28582	1	1	unique
OG_28583	1	1	unique
OG_28584	1	1	unique
OG_28585	1	1	unique
OG_28586	1	1	unique
OG_28587	1	1	unique
OG_28588	1	1	unique
OG_28589	1	1	unique
OG_28590	1	1	unique
OG_28591	1	1	unique
OG_28592	1	1	unique
OG_28593	1	1	unique
OG_28594	1	1	unique
OG_28595	1	1	unique
OG_28596	1	1	unique
OG_28597	1	1	unique
OG_28598	1	1	unique
OG_28599	1	1	unique
OG_28600	1	1	unique
OG_28601	1	1	unique
OG_28602	1	1	unique
OG_28603	1	1	unique
OG_28604	1	1	unique
OG_28605	1	1	unique
OG_28606	1	1	unique
OG_28607	1	1	unique
OG_28608	1	1	unique
OG_28609	1	1	unique
OG_28610	1	1	unique
OG_28611	1	1	unique
OG_28612	1	1	unique
OG_28613	1	1	unique
OG_28614	1	1	unique
OG_28615	1	1	unique
OG_28616	1	1	unique
OG_28617	1	1	unique
OG_28618	1	1	unique
OG_28619	1	1	unique
OG_28620	1	1	unique
OG_28621	1	1	unique
OG_28622	1	1	unique
OG_28623	1	1	unique
OG_28624	1	1	unique
OG_28625	1	1	unique
OG_28626	1	1	unique
OG_28627	1	1	unique
OG_28628	1	1	unique
OG_28629	1	1	unique
OG_28630	1	1	unique
OG_28631	1	1	unique
OG_28632	1	1	unique
OG_28633	1	1	unique
OG_28634	1	1	unique
OG_28635	1	1	unique
OG_28636	1	1	unique
OG_28637	1	1	unique
OG_28638	1	1	unique
OG_28639	1	1	unique
OG_28640	1	1	unique
OG_28641	1	1	unique
OG_28642	1	1	unique
OG_28643	1	1	unique
OG_28644	1	1	unique
OG_28645	1	1	unique
OG_28646	1	1	unique
OG_28647	1	1	unique
OG_28648	1	1	unique
OG_28649	1	1	unique
OG_28650	1	1	unique
OG_28651	1	1	unique
OG_28652	1	1	unique
OG_28653	1	1	unique
OG_28654	1	1	unique
OG_28655	1	1	unique
OG_28656	1	1	unique
OG_28657	1	1	unique
OG_28658	1	1	unique
OG_28659	1	1	unique
OG_28660	1	1	unique
OG_28661	1	1	unique
OG_28662	1	1	unique
OG_28663	1	1	unique
OG_28664	1	1	unique
OG_28665	1	1	unique
OG_28666	1	1	unique
OG_28667	1	1	unique
OG_28668	1	1	unique
OG_28669	1	1	unique
OG_28670	1	1	unique
OG_28671	1	1	unique
OG_28672	1	1	unique
OG_28673	1	1	unique
OG_28674	1	1	unique
OG_28675	1	1	unique
OG_28676	1	1	unique
OG_28677	1	1	unique
OG_28678	1	1	unique
OG_28679	1	1	unique
OG_28680	1	1	unique
OG_28681	1	1	unique
OG_28682	1	1	unique
OG_28683	1	1	unique
OG_28684	1	1	unique
OG_28685	1	1	unique
OG_28686	1	1	unique
OG_28687	1	1	unique
OG_28688	1	1	unique
OG_28689	1	1	unique
OG_28690	1	1	unique
OG_28691	1	1	unique
OG_28692	1	1	unique
OG_28693	1	1	unique
OG_28694	1	1	unique
OG_28695	1	1	unique
OG_28696	1	1	unique
OG_28697	1	1	unique
OG_28698	1	1	unique
OG_28699	1	1	unique
OG_28700	1	1	unique
OG_28701	1	1	unique
OG_28702	1	1	unique
OG_28703	1	1	unique
OG_28704	1	1	unique
OG_28705	1	1	unique
OG_28706	1	1	unique
OG_28707	1	1	unique
OG_28708	1	1	unique
OG_28709	1	1	unique
OG_28710	1	1	unique
OG_28711	1	1	unique
OG_28712	1	1	unique
OG_28713	1	1	unique
OG_28714	1	1	unique
OG_28715	1	1	unique
OG_28716	1	1	unique
OG_28717	1	1	unique
OG_28718	1	1	unique
OG_28719	1	1	unique
OG_28720	1	1	unique
OG_28721	1	1	unique
OG_28722	1	1	unique
OG_28723	1	1	unique
OG_28724	1	1	unique
OG_28725	1	1	unique
OG_28726	1	1	unique
OG_28727	1	1	unique
OG_28728	1	1	unique
OG_28729	1	1	unique
OG_28730	1	1	unique
OG_28731	1	1	unique
OG_28732	1	1	unique
OG_28733	1	1	unique
OG_28734	1	1	unique
OG_28735	1	1	unique
OG_28736	1	1	unique
OG_28737	1	1	unique
OG_28738	1	1	unique
OG_28739	1	1	unique
OG_28740	1	1	unique
OG_28741	1	1	unique
OG_28742	1	1	unique
OG_28743	1	1	unique
OG_28744	1	1	unique
OG_28745	1	1	unique
OG_28746	1	1	unique
OG_28747	1	1	unique
OG_28748	1	1	unique
OG_28749	1	1	unique
OG_28750	1	1	unique
OG_28751	1	1	unique
OG_28752	1	1	unique
OG_28753	1	1	unique
OG_28754	1	1	unique
OG_28755	1	1	unique
OG_28756	1	1	unique
OG_28757	1	1	unique
OG_28758	1	1	unique
OG_28759	1	1	unique
OG_28760	1	1	unique
OG_28761	1	1	unique
OG_28762	1	1	unique
OG_28763	1	1	unique
OG_28764	1	1	unique
OG_28765	1	1	unique
OG_28766	1	1	unique
OG_28767	1	1	unique
OG_28768	1	1	unique
OG_28769	1	1	unique
OG_28770	1	1	unique
OG_28771	1	1	unique
OG_28772	1	1	unique
OG_28773	1	1	unique
OG_28774	1	1	unique
OG_28775	1	1	unique
OG_28776	1	1	unique
OG_28777	1	1	unique
OG_28778	1	1	unique
OG_28779	1	1	unique
OG_28780	1	1	unique
OG_28781	1	1	unique
OG_28782	1	1	unique
OG_28783	1	1	unique
OG_28784	1	1	unique
OG_28785	1	1	unique
OG_28786	1	1	unique
OG_28787	1	1	unique
OG_28788	1	1	unique
OG_28789	1	1	unique
OG_28790	1	1	unique
OG_28791	1	1	unique
OG_28792	1	1	unique
OG_28793	1	1	unique
OG_28794	1	1	unique
OG_28795	1	1	unique
OG_28796	1	1	unique
OG_28797	1	1	unique
OG_28798	1	1	unique
OG_28799	1	1	unique
OG_28800	1	1	unique
OG_28801	1	1	unique
OG_28802	1	1	unique
OG_28803	1	1	unique
OG_28804	1	1	unique
OG_28805	1	1	unique
OG_28806	1	1	unique
OG_28807	1	1	unique
OG_28808	1	1	unique
OG_28809	1	1	unique
OG_28810	1	1	unique
OG_28811	1	1	unique
OG_28812	1	1	unique
OG_28813	1	1	unique
OG_28814	1	1	unique
OG_28815	1	1	unique
OG_28816	1	1	unique
OG_28817	1	1	unique
OG_28818	1	1	unique
OG_28819	1	1	unique
OG_28820	1	1	unique
OG_28821	1	1	unique
OG_28822	1	1	unique
OG_28823	1	1	unique
OG_28824	1	1	unique
OG_28825	1	1	unique
OG_28826	1	1	unique
OG_28827	1	1	unique
OG_28828	1	1	unique
OG_28829	1	1	unique
OG_28830	1	1	unique
OG_28831	1	1	unique
OG_28832	1	1	unique
OG_28833	1	1	unique
OG_28834	1	1	unique
OG_28835	1	1	unique
OG_28836	1	1	unique
OG_28837	1	1	unique
OG_28838	1	1	unique
OG_28839	1	1	unique
OG_28840	1	1	unique
OG_28841	1	1	unique
OG_28842	1	1	unique
OG_28843	1	1	unique
OG_28844	1	1	unique
OG_28845	1	1	unique
OG_28846	1	1	unique
OG_28847	1	1	unique
OG_28848	1	1	unique
OG_28849	1	1	unique
OG_28850	1	1	unique
OG_28851	1	1	unique
OG_28852	1	1	unique
OG_28853	1	1	unique
OG_28854	1	1	unique
OG_28855	1	1	unique
OG_28856	1	1	unique
OG_28857	1	1	unique
OG_28858	1	1	unique
OG_28859	1	1	unique
OG_28860	1	1	unique
OG_28861	1	1	unique
OG_28862	1	1	unique
OG_28863	1	1	unique
OG_28864	1	1	unique
OG_28865	1	1	unique
OG_28866	1	1	unique
OG_28867	1	1	unique
OG_28868	1	1	unique
OG_28869	1	1	unique
OG_28870	1	1	unique
OG_28871	1	1	unique
OG_28872	1	1	unique
OG_28873	1	1	unique
OG_28874	1	1	unique
OG_28875	1	1	unique
OG_28876	1	1	unique
OG_28877	1	1	unique
OG_28878	1	1	unique
OG_28879	1	1	unique
OG_28880	1	1	unique
OG_28881	1	1	unique
OG_28882	1	1	unique
OG_28883	1	1	unique
OG_28884	1	1	unique
OG_28885	1	1	unique
OG_28886	1	1	unique
OG_28887	1	1	unique
OG_28888	1	1	unique
OG_28889	1	1	unique
OG_28890	1	1	unique
OG_28891	1	1	unique
OG_28892	1	1	unique
OG_28893	1	1	unique
OG_28894	1	1	unique
OG_28895	1	1	unique
OG_28896	1	1	unique
OG_28897	1	1	unique
OG_28898	1	1	unique
OG_28899	1	1	unique
OG_28900	1	1	unique
OG_28901	1	1	unique
OG_28902	1	1	unique
OG_28903	1	1	unique
OG_28904	1	1	unique
OG_28905	1	1	unique
OG_28906	1	1	unique
OG_28907	1	1	unique
OG_28908	1	1	unique
OG_28909	1	1	unique
OG_28910	1	1	unique
OG_28911	1	1	unique
OG_28912	1	1	unique
OG_28913	1	1	unique
OG_28914	1	1	unique
OG_28915	1	1	unique
OG_28916	1	1	unique
OG_28917	1	1	unique
OG_28918	1	1	unique
OG_28919	1	1	unique
OG_28920	1	1	unique
OG_28921	1	1	unique
OG_28922	1	1	unique
OG_28923	1	1	unique
OG_28924	1	1	unique
OG_28925	1	1	unique
OG_28926	1	1	unique
OG_28927	1	1	unique
OG_28928	1	1	unique
OG_28929	1	1	unique
OG_28930	1	1	unique
OG_28931	1	1	unique
OG_28932	1	1	unique
OG_28933	1	1	unique
OG_28934	1	1	unique
OG_28935	1	1	unique
OG_28936	1	1	unique
OG_28937	1	1	unique
OG_28938	1	1	unique
OG_28939	1	1	unique
OG_28940	1	1	unique
OG_28941	1	1	unique
OG_28942	1	1	unique
OG_28943	1	1	unique
OG_28944	1	1	unique
OG_28945	1	1	unique
OG_28946	1	1	unique
OG_28947	1	1	unique
OG_28948	1	1	unique
OG_28949	1	1	unique
OG_28950	1	1	unique
OG_28951	1	1	unique
OG_28952	1	1	unique
OG_28953	1	1	unique
OG_28954	1	1	unique
OG_28955	1	1	unique
OG_28956	1	1	unique
OG_28957	1	1	unique
OG_28958	1	1	unique
OG_28959	1	1	unique
OG_28960	1	1	unique
OG_28961	1	1	unique
OG_28962	1	1	unique
OG_28963	1	1	unique
OG_28964	1	1	unique
OG_28965	1	1	unique
OG_28966	1	1	unique
OG_28967	1	1	unique
OG_28968	1	1	unique
OG_28969	1	1	unique
OG_28970	1	1	unique
OG_28971	1	1	unique
OG_28972	1	1	unique
OG_28973	1	1	unique
OG_28974	1	1	unique
OG_28975	1	1	unique
OG_28976	1	1	unique
OG_28977	1	1	unique
OG_28978	1	1	unique
OG_28979	1	1	unique
OG_28980	1	1	unique
OG_28981	1	1	unique
OG_28982	1	1	unique
OG_28983	1	1	unique
OG_28984	1	1	unique
OG_28985	1	1	unique
OG_28986	1	1	unique
OG_28987	1	1	unique
OG_28988	1	1	unique
OG_28989	1	1	unique
OG_28990	1	1	unique
OG_28991	1	1	unique
OG_28992	1	1	unique
OG_28993	1	1	unique
OG_28994	1	1	unique
OG_28995	1	1	unique
OG_28996	1	1	unique
OG_28997	1	1	unique
OG_28998	1	1	unique
OG_28999	1	1	unique
OG_29000	1	1	unique
OG_29001	1	1	unique
OG_29002	1	1	unique
OG_29003	1	1	unique
OG_29004	1	1	unique
OG_29005	1	1	unique
OG_29006	1	1	unique
OG_29007	1	1	unique
OG_29008	1	1	unique
OG_29009	1	1	unique
OG_29010	1	1	unique
OG_29011	1	1	unique
OG_29012	1	1	unique
OG_29013	1	1	unique
OG_29014	1	1	unique
OG_29015	1	1	unique
OG_29016	1	1	unique
OG_29017	1	1	unique
OG_29018	1	1	unique
OG_29019	1	1	unique
OG_29020	1	1	unique
OG_29021	1	1	unique
OG_29022	1	1	unique
OG_29023	1	1	unique
OG_29024	1	1	unique
OG_29025	1	1	unique
OG_29026	1	1	unique
OG_29027	1	1	unique
OG_29028	1	1	unique
OG_29029	1	1	unique
OG_29030	1	1	unique
OG_29031	1	1	unique
OG_29032	1	1	unique
OG_29033	1	1	unique
OG_29034	1	1	unique
OG_29035	1	1	unique
OG_29036	1	1	unique
OG_29037	1	1	unique
OG_29038	1	1	unique
OG_29039	1	1	unique
OG_29040	1	1	unique
OG_29041	1	1	unique
OG_29042	1	1	unique
OG_29043	1	1	unique
OG_29044	1	1	unique
OG_29045	1	1	unique
OG_29046	1	1	unique
OG_29047	1	1	unique
OG_29048	1	1	unique
OG_29049	1	1	unique
OG_29050	1	1	unique
OG_29051	1	1	unique
OG_29052	1	1	unique
OG_29053	1	1	unique
OG_29054	1	1	unique
OG_29055	1	1	unique
OG_29056	1	1	unique
OG_29057	1	1	unique
OG_29058	1	1	unique
OG_29059	1	1	unique
OG_29060	1	1	unique
OG_29061	1	1	unique
OG_29062	1	1	unique
OG_29063	1	1	unique
OG_29064	1	1	unique
OG_29065	1	1	unique
OG_29066	1	1	unique
OG_29067	1	1	unique
OG_29068	1	1	unique
OG_29069	1	1	unique
OG_29070	1	1	unique
OG_29071	1	1	unique
OG_29072	1	1	unique
OG_29073	1	1	unique
OG_29074	1	1	unique
OG_29075	1	1	unique
OG_29076	1	1	unique
OG_29077	1	1	unique
OG_29078	1	1	unique
OG_29079	1	1	unique
OG_29080	1	1	unique
OG_29081	1	1	unique
OG_29082	1	1	unique
OG_29083	1	1	unique
OG_29084	1	1	unique
OG_29085	1	1	unique
OG_29086	1	1	unique
OG_29087	1	1	unique
OG_29088	1	1	unique
OG_29089	1	1	unique
OG_29090	1	1	unique
OG_29091	1	1	unique
OG_29092	1	1	unique
OG_29093	1	1	unique
OG_29094	1	1	unique
OG_29095	1	1	unique
OG_29096	1	1	unique
OG_29097	1	1	unique
OG_29098	1	1	unique
OG_29099	1	1	unique
OG_29100	1	1	unique
OG_29101	1	1	unique
OG_29102	1	1	unique
OG_29103	1	1	unique
OG_29104	1	1	unique
OG_29105	1	1	unique
OG_29106	1	1	unique
OG_29107	1	1	unique
OG_29108	1	1	unique
OG_29109	1	1	unique
OG_29110	1	1	unique
OG_29111	1	1	unique
OG_29112	1	1	unique
OG_29113	1	1	unique
OG_29114	1	1	unique
OG_29115	1	1	unique
OG_29116	1	1	unique
OG_29117	1	1	unique
OG_29118	1	1	unique
OG_29119	1	1	unique
OG_29120	1	1	unique
OG_29121	1	1	unique
OG_29122	1	1	unique
OG_29123	1	1	unique
OG_29124	1	1	unique
OG_29125	1	1	unique
OG_29126	1	1	unique
OG_29127	1	1	unique
OG_29128	1	1	unique
OG_29129	1	1	unique
OG_29130	1	1	unique
OG_29131	1	1	unique
OG_29132	1	1	unique
OG_29133	1	1	unique
OG_29134	1	1	unique
OG_29135	1	1	unique
OG_29136	1	1	unique
OG_29137	1	1	unique
OG_29138	1	1	unique
OG_29139	1	1	unique
OG_29140	1	1	unique
OG_29141	1	1	unique
OG_29142	1	1	unique
OG_29143	1	1	unique
OG_29144	1	1	unique
OG_29145	1	1	unique
OG_29146	1	1	unique
OG_29147	1	1	unique
OG_29148	1	1	unique
OG_29149	1	1	unique
OG_29150	1	1	unique
OG_29151	1	1	unique
OG_29152	1	1	unique
OG_29153	1	1	unique
OG_29154	1	1	unique
OG_29155	1	1	unique
OG_29156	1	1	unique
OG_29157	1	1	unique
OG_29158	1	1	unique
OG_29159	1	1	unique
OG_29160	1	1	unique
OG_29161	1	1	unique
OG_29162	1	1	unique
OG_29163	1	1	unique
OG_29164	1	1	unique
OG_29165	1	1	unique
OG_29166	1	1	unique
OG_29167	1	1	unique
OG_29168	1	1	unique
OG_29169	1	1	unique
OG_29170	1	1	unique
OG_29171	1	1	unique
OG_29172	1	1	unique
OG_29173	1	1	unique
OG_29174	1	1	unique
OG_29175	1	1	unique
OG_29176	1	1	unique
OG_29177	1	1	unique
OG_29178	1	1	unique
OG_29179	1	1	unique
OG_29180	1	1	unique
OG_29181	1	1	unique
OG_29182	1	1	unique
OG_29183	1	1	unique
OG_29184	1	1	unique
OG_29185	1	1	unique
OG_29186	1	1	unique
OG_29187	1	1	unique
OG_29188	1	1	unique
OG_29189	1	1	unique
OG_29190	1	1	unique
OG_29191	1	1	unique
OG_29192	1	1	unique
OG_29193	1	1	unique
OG_29194	1	1	unique
OG_29195	1	1	unique
OG_29196	1	1	unique
OG_29197	1	1	unique
OG_29198	1	1	unique
OG_29199	1	1	unique
OG_29200	1	1	unique
OG_29201	1	1	unique
OG_29202	1	1	unique
OG_29203	1	1	unique
OG_29204	1	1	unique
OG_29205	1	1	unique
OG_29206	1	1	unique
OG_29207	1	1	unique
OG_29208	1	1	unique
OG_29209	1	1	unique
OG_29210	1	1	unique
OG_29211	1	1	unique
OG_29212	1	1	unique
OG_29213	1	1	unique
OG_29214	1	1	unique
OG_29215	1	1	unique
OG_29216	1	1	unique
OG_29217	1	1	unique
OG_29218	1	1	unique
OG_29219	1	1	unique
OG_29220	1	1	unique
OG_29221	1	1	unique
OG_29222	1	1	unique
OG_29223	1	1	unique
OG_29224	1	1	unique
OG_29225	1	1	unique
OG_29226	1	1	unique
OG_29227	1	1	unique
OG_29228	1	1	unique
OG_29229	1	1	unique
OG_29230	1	1	unique
OG_29231	1	1	unique
OG_29232	1	1	unique
OG_29233	1	1	unique
OG_29234	1	1	unique
OG_29235	1	1	unique
OG_29236	1	1	unique
OG_29237	1	1	unique
OG_29238	1	1	unique
OG_29239	1	1	unique
OG_29240	1	1	unique
OG_29241	1	1	unique
OG_29242	1	1	unique
OG_29243	1	1	unique
OG_29244	1	1	unique
OG_29245	1	1	unique
OG_29246	1	1	unique
OG_29247	1	1	unique
OG_29248	1	1	unique
OG_29249	1	1	unique
OG_29250	1	1	unique
OG_29251	1	1	unique
OG_29252	1	1	unique
OG_29253	1	1	unique
OG_29254	1	1	unique
OG_29255	1	1	unique
OG_29256	1	1	unique
OG_29257	1	1	unique
OG_29258	1	1	unique
OG_29259	1	1	unique
OG_29260	1	1	unique
OG_29261	1	1	unique
OG_29262	1	1	unique
OG_29263	1	1	unique
OG_29264	1	1	unique
OG_29265	1	1	unique
OG_29266	1	1	unique
OG_29267	1	1	unique
OG_29268	1	1	unique
OG_29269	1	1	unique
OG_29270	1	1	unique
OG_29271	1	1	unique
OG_29272	1	1	unique
OG_29273	1	1	unique
OG_29274	1	1	unique
OG_29275	1	1	unique
OG_29276	1	1	unique
OG_29277	1	1	unique
OG_29278	1	1	unique
OG_29279	1	1	unique
OG_29280	1	1	unique
OG_29281	1	1	unique
OG_29282	1	1	unique
OG_29283	1	1	unique
OG_29284	1	1	unique
OG_29285	1	1	unique
OG_29286	1	1	unique
OG_29287	1	1	unique
OG_29288	1	1	unique
OG_29289	1	1	unique
OG_29290	1	1	unique
OG_29291	1	1	unique
OG_29292	1	1	unique
OG_29293	1	1	unique
OG_29294	1	1	unique
OG_29295	1	1	unique
OG_29296	1	1	unique
OG_29297	1	1	unique
OG_29298	1	1	unique
OG_29299	1	1	unique
OG_29300	1	1	unique
OG_29301	1	1	unique
OG_29302	1	1	unique
OG_29303	1	1	unique
OG_29304	1	1	unique
OG_29305	1	1	unique
OG_29306	1	1	unique
OG_29307	1	1	unique
OG_29308	1	1	unique
OG_29309	1	1	unique
OG_29310	1	1	unique
OG_29311	1	1	unique
OG_29312	1	1	unique
OG_29313	1	1	unique
OG_29314	1	1	unique
OG_29315	1	1	unique
OG_29316	1	1	unique
OG_29317	1	1	unique
OG_29318	1	1	unique
OG_29319	1	1	unique
OG_29320	1	1	unique
OG_29321	1	1	unique
OG_29322	1	1	unique
OG_29323	1	1	unique
OG_29324	1	1	unique
OG_29325	1	1	unique
OG_29326	1	1	unique
OG_29327	1	1	unique
OG_29328	1	1	unique
OG_29329	1	1	unique
OG_29330	1	1	unique
OG_29331	1	1	unique
OG_29332	1	1	unique
OG_29333	1	1	unique
OG_29334	1	1	unique
OG_29335	1	1	unique
OG_29336	1	1	unique
OG_29337	1	1	unique
OG_29338	1	1	unique
OG_29339	1	1	unique
OG_29340	1	1	unique
OG_29341	1	1	unique
OG_29342	1	1	unique
OG_29343	1	1	unique
OG_29344	1	1	unique
OG_29345	1	1	unique
OG_29346	1	1	unique
OG_29347	1	1	unique
OG_29348	1	1	unique
OG_29349	1	1	unique
OG_29350	1	1	unique
OG_29351	1	1	unique
OG_29352	1	1	unique
OG_29353	1	1	unique
OG_29354	1	1	unique
OG_29355	1	1	unique
OG_29356	1	1	unique
OG_29357	1	1	unique
OG_29358	1	1	unique
OG_29359	1	1	unique
OG_29360	1	1	unique
OG_29361	1	1	unique
OG_29362	1	1	unique
OG_29363	1	1	unique
OG_29364	1	1	unique
OG_29365	1	1	unique
OG_29366	1	1	unique
OG_29367	1	1	unique
OG_29368	1	1	unique
OG_29369	1	1	unique
OG_29370	1	1	unique
OG_29371	1	1	unique
OG_29372	1	1	unique
OG_29373	1	1	unique
OG_29374	1	1	unique
OG_29375	1	1	unique
OG_29376	1	1	unique
OG_29377	1	1	unique
OG_29378	1	1	unique
OG_29379	1	1	unique
OG_29380	1	1	unique
OG_29381	1	1	unique
OG_29382	1	1	unique
OG_29383	1	1	unique
OG_29384	1	1	unique
OG_29385	1	1	unique
OG_29386	1	1	unique
OG_29387	1	1	unique
OG_29388	1	1	unique
OG_29389	1	1	unique
OG_29390	1	1	unique
OG_29391	1	1	unique
OG_29392	1	1	unique
OG_29393	1	1	unique
OG_29394	1	1	unique
OG_29395	1	1	unique
OG_29396	1	1	unique
OG_29397	1	1	unique
OG_29398	1	1	unique
OG_29399	1	1	unique
OG_29400	1	1	unique
OG_29401	1	1	unique
OG_29402	1	1	unique
OG_29403	1	1	unique
OG_29404	1	1	unique
OG_29405	1	1	unique
OG_29406	1	1	unique
OG_29407	1	1	unique
OG_29408	1	1	unique
OG_29409	1	1	unique
OG_29410	1	1	unique
OG_29411	1	1	unique
OG_29412	1	1	unique
OG_29413	1	1	unique
OG_29414	1	1	unique
OG_29415	1	1	unique
OG_29416	1	1	unique
OG_29417	1	1	unique
OG_29418	1	1	unique
OG_29419	1	1	unique
OG_29420	1	1	unique
OG_29421	1	1	unique
OG_29422	1	1	unique
OG_29423	1	1	unique
OG_29424	1	1	unique
OG_29425	1	1	unique
OG_29426	1	1	unique
OG_29427	1	1	unique
OG_29428	1	1	unique
OG_29429	1	1	unique
OG_29430	1	1	unique
OG_29431	1	1	unique
OG_29432	1	1	unique
OG_29433	1	1	unique
OG_29434	1	1	unique
OG_29435	1	1	unique
OG_29436	1	1	unique
OG_29437	1	1	unique
OG_29438	1	1	unique
OG_29439	1	1	unique
OG_29440	1	1	unique
OG_29441	1	1	unique
OG_29442	1	1	unique
OG_29443	1	1	unique
OG_29444	1	1	unique
OG_29445	1	1	unique
OG_29446	1	1	unique
OG_29447	1	1	unique
OG_29448	1	1	unique
OG_29449	1	1	unique
OG_29450	1	1	unique
OG_29451	1	1	unique
OG_29452	1	1	unique
OG_29453	1	1	unique
OG_29454	1	1	unique
OG_29455	1	1	unique
OG_29456	1	1	unique
OG_29457	1	1	unique
OG_29458	1	1	unique
OG_29459	1	1	unique
OG_29460	1	1	unique
OG_29461	1	1	unique
OG_29462	1	1	unique
OG_29463	1	1	unique
OG_29464	1	1	unique
OG_29465	1	1	unique
OG_29466	1	1	unique
OG_29467	1	1	unique
OG_29468	1	1	unique
OG_29469	1	1	unique
OG_29470	1	1	unique
OG_29471	1	1	unique
OG_29472	1	1	unique
OG_29473	1	1	unique
OG_29474	1	1	unique
OG_29475	1	1	unique
OG_29476	1	1	unique
OG_29477	1	1	unique
OG_29478	1	1	unique
OG_29479	1	1	unique
OG_29480	1	1	unique
OG_29481	1	1	unique
OG_29482	1	1	unique
OG_29483	1	1	unique
OG_29484	1	1	unique
OG_29485	1	1	unique
OG_29486	1	1	unique
OG_29487	1	1	unique
OG_29488	1	1	unique
OG_29489	1	1	unique
OG_29490	1	1	unique
OG_29491	1	1	unique
OG_29492	1	1	unique
OG_29493	1	1	unique
OG_29494	1	1	unique
OG_29495	1	1	unique
OG_29496	1	1	unique
OG_29497	1	1	unique
OG_29498	1	1	unique
OG_29499	1	1	unique
OG_29500	1	1	unique
OG_29501	1	1	unique
OG_29502	1	1	unique
OG_29503	1	1	unique
OG_29504	1	1	unique
OG_29505	1	1	unique
OG_29506	1	1	unique
OG_29507	1	1	unique
OG_29508	1	1	unique
OG_29509	1	1	unique
OG_29510	1	1	unique
OG_29511	1	1	unique
OG_29512	1	1	unique
OG_29513	1	1	unique
OG_29514	1	1	unique
OG_29515	1	1	unique
OG_29516	1	1	unique
OG_29517	1	1	unique
OG_29518	1	1	unique
OG_29519	1	1	unique
OG_29520	1	1	unique
OG_29521	1	1	unique
OG_29522	1	1	unique
OG_29523	1	1	unique
OG_29524	1	1	unique
OG_29525	1	1	unique
OG_29526	1	1	unique
OG_29527	1	1	unique
OG_29528	1	1	unique
OG_29529	1	1	unique
OG_29530	1	1	unique
OG_29531	1	1	unique
OG_29532	1	1	unique
OG_29533	1	1	unique
OG_29534	1	1	unique
OG_29535	1	1	unique
OG_29536	1	1	unique
OG_29537	1	1	unique
OG_29538	1	1	unique
OG_29539	1	1	unique
OG_29540	1	1	unique
OG_29541	1	1	unique
OG_29542	1	1	unique
OG_29543	1	1	unique
OG_29544	1	1	unique
OG_29545	1	1	unique
OG_29546	1	1	unique
OG_29547	1	1	unique
OG_29548	1	1	unique
OG_29549	1	1	unique
OG_29550	1	1	unique
OG_29551	1	1	unique
OG_29552	1	1	unique
OG_29553	1	1	unique
OG_29554	1	1	unique
OG_29555	1	1	unique
OG_29556	1	1	unique
OG_29557	1	1	unique
OG_29558	1	1	unique
OG_29559	1	1	unique
OG_29560	1	1	unique
OG_29561	1	1	unique
OG_29562	1	1	unique
OG_29563	1	1	unique
OG_29564	1	1	unique
OG_29565	1	1	unique
OG_29566	1	1	unique
OG_29567	1	1	unique
OG_29568	1	1	unique
OG_29569	1	1	unique
OG_29570	1	1	unique
OG_29571	1	1	unique
OG_29572	1	1	unique
OG_29573	1	1	unique
OG_29574	1	1	unique
OG_29575	1	1	unique
OG_29576	1	1	unique
OG_29577	1	1	unique
OG_29578	1	1	unique
OG_29579	1	1	unique
OG_29580	1	1	unique
OG_29581	1	1	unique
OG_29582	1	1	unique
OG_29583	1	1	unique
OG_29584	1	1	unique
OG_29585	1	1	unique
OG_29586	1	1	unique
OG_29587	1	1	unique
OG_29588	1	1	unique
OG_29589	1	1	unique
OG_29590	1	1	unique
OG_29591	1	1	unique
OG_29592	1	1	unique
OG_29593	1	1	unique
OG_29594	1	1	unique
OG_29595	1	1	unique
OG_29596	1	1	unique
OG_29597	1	1	unique
OG_29598	1	1	unique
OG_29599	1	1	unique
OG_29600	1	1	unique
OG_29601	1	1	unique
OG_29602	1	1	unique
OG_29603	1	1	unique
OG_29604	1	1	unique
OG_29605	1	1	unique
OG_29606	1	1	unique
OG_29607	1	1	unique
OG_29608	1	1	unique
OG_29609	1	1	unique
OG_29610	1	1	unique
OG_29611	1	1	unique
OG_29612	1	1	unique
OG_29613	1	1	unique
OG_29614	1	1	unique
OG_29615	1	1	unique
OG_29616	1	1	unique
OG_29617	1	1	unique
OG_29618	1	1	unique
OG_29619	1	1	unique
OG_29620	1	1	unique
OG_29621	1	1	unique
OG_29622	1	1	unique
OG_29623	1	1	unique
OG_29624	1	1	unique
OG_29625	1	1	unique
OG_29626	1	1	unique
OG_29627	1	1	unique
OG_29628	1	1	unique
OG_29629	1	1	unique
OG_29630	1	1	unique
OG_29631	1	1	unique
OG_29632	1	1	unique
OG_29633	1	1	unique
OG_29634	1	1	unique
OG_29635	1	1	unique
OG_29636	1	1	unique
OG_29637	1	1	unique
OG_29638	1	1	unique
OG_29639	1	1	unique
OG_29640	1	1	unique
OG_29641	1	1	unique
OG_29642	1	1	unique
OG_29643	1	1	unique
OG_29644	1	1	unique
OG_29645	1	1	unique
OG_29646	1	1	unique
OG_29647	1	1	unique
OG_29648	1	1	unique
OG_29649	1	1	unique
OG_29650	1	1	unique
OG_29651	1	1	unique
OG_29652	1	1	unique
OG_29653	1	1	unique
OG_29654	1	1	unique
OG_29655	1	1	unique
OG_29656	1	1	unique
OG_29657	1	1	unique
OG_29658	1	1	unique
OG_29659	1	1	unique
OG_29660	1	1	unique
OG_29661	1	1	unique
OG_29662	1	1	unique
OG_29663	1	1	unique
OG_29664	1	1	unique
OG_29665	1	1	unique
OG_29666	1	1	unique
OG_29667	1	1	unique
OG_29668	1	1	unique
OG_29669	1	1	unique
OG_29670	1	1	unique
OG_29671	1	1	unique
OG_29672	1	1	unique
OG_29673	1	1	unique
OG_29674	1	1	unique
OG_29675	1	1	unique
OG_29676	1	1	unique
OG_29677	1	1	unique
OG_29678	1	1	unique
OG_29679	1	1	unique
OG_29680	1	1	unique
OG_29681	1	1	unique
OG_29682	1	1	unique
OG_29683	1	1	unique
OG_29684	1	1	unique
OG_29685	1	1	unique
OG_29686	1	1	unique
OG_29687	1	1	unique
OG_29688	1	1	unique
OG_29689	1	1	unique
OG_29690	1	1	unique
OG_29691	1	1	unique
OG_29692	1	1	unique
OG_29693	1	1	unique
OG_29694	1	1	unique
OG_29695	1	1	unique
OG_29696	1	1	unique
OG_29697	1	1	unique
OG_29698	1	1	unique
OG_29699	1	1	unique
OG_29700	1	1	unique
OG_29701	1	1	unique
OG_29702	1	1	unique
OG_29703	1	1	unique
OG_29704	1	1	unique
OG_29705	1	1	unique
OG_29706	1	1	unique
OG_29707	1	1	unique
OG_29708	1	1	unique
OG_29709	1	1	unique
OG_29710	1	1	unique
OG_29711	1	1	unique
OG_29712	1	1	unique
OG_29713	1	1	unique
OG_29714	1	1	unique
OG_29715	1	1	unique
OG_29716	1	1	unique
OG_29717	1	1	unique
OG_29718	1	1	unique
OG_29719	1	1	unique
OG_29720	1	1	unique
OG_29721	1	1	unique
OG_29722	1	1	unique
OG_29723	1	1	unique
OG_29724	1	1	unique
OG_29725	1	1	unique
OG_29726	1	1	unique
OG_29727	1	1	unique
OG_29728	1	1	unique
OG_29729	1	1	unique
OG_29730	1	1	unique
OG_29731	1	1	unique
OG_29732	1	1	unique
OG_29733	1	1	unique
OG_29734	1	1	unique
OG_29735	1	1	unique
OG_29736	1	1	unique
OG_29737	1	1	unique
OG_29738	1	1	unique
OG_29739	1	1	unique
OG_29740	1	1	unique
OG_29741	1	1	unique
OG_29742	1	1	unique
OG_29743	1	1	unique
OG_29744	1	1	unique
OG_29745	1	1	unique
OG_29746	1	1	unique
OG_29747	1	1	unique
OG_29748	1	1	unique
OG_29749	1	1	unique
OG_29750	1	1	unique
OG_29751	1	1	unique
OG_29752	1	1	unique
OG_29753	1	1	unique
OG_29754	1	1	unique
OG_29755	1	1	unique
OG_29756	1	1	unique
OG_29757	1	1	unique
OG_29758	1	1	unique
OG_29759	1	1	unique
OG_29760	1	1	unique
OG_29761	1	1	unique
OG_29762	1	1	unique
OG_29763	1	1	unique
OG_29764	1	1	unique
OG_29765	1	1	unique
OG_29766	1	1	unique
OG_29767	1	1	unique
OG_29768	1	1	unique
OG_29769	1	1	unique
OG_29770	1	1	unique
OG_29771	1	1	unique
OG_29772	1	1	unique
OG_29773	1	1	unique
OG_29774	1	1	unique
OG_29775	1	1	unique
OG_29776	1	1	unique
OG_29777	1	1	unique
OG_29778	1	1	unique
OG_29779	1	1	unique
OG_29780	1	1	unique
OG_29781	1	1	unique
OG_29782	1	1	unique
OG_29783	1	1	unique
OG_29784	1	1	unique
OG_29785	1	1	unique
OG_29786	1	1	unique
OG_29787	1	1	unique
OG_29788	1	1	unique
OG_29789	1	1	unique
OG_29790	1	1	unique
OG_29791	1	1	unique
OG_29792	1	1	unique
OG_29793	1	1	unique
OG_29794	1	1	unique
OG_29795	1	1	unique
OG_29796	1	1	unique
OG_29797	1	1	unique
OG_29798	1	1	unique
OG_29799	1	1	unique
OG_29800	1	1	unique
OG_29801	1	1	unique
OG_29802	1	1	unique
OG_29803	1	1	unique
OG_29804	1	1	unique
OG_29805	1	1	unique
OG_29806	1	1	unique
OG_29807	1	1	unique
OG_29808	1	1	unique
OG_29809	1	1	unique
OG_29810	1	1	unique
OG_29811	1	1	unique
OG_29812	1	1	unique
OG_29813	1	1	unique
OG_29814	1	1	unique
OG_29815	1	1	unique
OG_29816	1	1	unique
OG_29817	1	1	unique
OG_29818	1	1	unique
OG_29819	1	1	unique
OG_29820	1	1	unique
OG_29821	1	1	unique
OG_29822	1	1	unique
OG_29823	1	1	unique
OG_29824	1	1	unique
OG_29825	1	1	unique
OG_29826	1	1	unique
OG_29827	1	1	unique
OG_29828	1	1	unique
OG_29829	1	1	unique
OG_29830	1	1	unique
OG_29831	1	1	unique
OG_29832	1	1	unique
OG_29833	1	1	unique
OG_29834	1	1	unique
OG_29835	1	1	unique
OG_29836	1	1	unique
OG_29837	1	1	unique
OG_29838	1	1	unique
OG_29839	1	1	unique
OG_29840	1	1	unique
OG_29841	1	1	unique
OG_29842	1	1	unique
OG_29843	1	1	unique
OG_29844	1	1	unique
OG_29845	1	1	unique
OG_29846	1	1	unique
OG_29847	1	1	unique
OG_29848	1	1	unique
OG_29849	1	1	unique
OG_29850	1	1	unique
OG_29851	1	1	unique
OG_29852	1	1	unique
OG_29853	1	1	unique
OG_29854	1	1	unique
OG_29855	1	1	unique
OG_29856	1	1	unique
OG_29857	1	1	unique
OG_29858	1	1	unique
OG_29859	1	1	unique
OG_29860	1	1	unique
OG_29861	1	1	unique
OG_29862	1	1	unique
OG_29863	1	1	unique
OG_29864	1	1	unique
OG_29865	1	1	unique
OG_29866	1	1	unique
OG_29867	1	1	unique
OG_29868	1	1	unique
OG_29869	1	1	unique
OG_29870	1	1	unique
OG_29871	1	1	unique
OG_29872	1	1	unique
OG_29873	1	1	unique
OG_29874	1	1	unique
OG_29875	1	1	unique
OG_29876	1	1	unique
OG_29877	1	1	unique
OG_29878	1	1	unique
OG_29879	1	1	unique
OG_29880	1	1	unique
OG_29881	1	1	unique
OG_29882	1	1	unique
OG_29883	1	1	unique
OG_29884	1	1	unique
OG_29885	1	1	unique
OG_29886	1	1	unique
OG_29887	1	1	unique
OG_29888	1	1	unique
OG_29889	1	1	unique
OG_29890	1	1	unique
OG_29891	1	1	unique
OG_29892	1	1	unique
OG_29893	1	1	unique
OG_29894	1	1	unique
OG_29895	1	1	unique
OG_29896	1	1	unique
OG_29897	1	1	unique
OG_29898	1	1	unique
OG_29899	1	1	unique
OG_29900	1	1	unique
OG_29901	1	1	unique
OG_29902	1	1	unique
OG_29903	1	1	unique
OG_29904	1	1	unique
OG_29905	1	1	unique
OG_29906	1	1	unique
OG_29907	1	1	unique
OG_29908	1	1	unique
OG_29909	1	1	unique
OG_29910	1	1	unique
OG_29911	1	1	unique
OG_29912	1	1	unique
OG_29913	1	1	unique
OG_29914	1	1	unique
OG_29915	1	1	unique
OG_29916	1	1	unique
OG_29917	1	1	unique
OG_29918	1	1	unique
OG_29919	1	1	unique
OG_29920	1	1	unique
OG_29921	1	1	unique
OG_29922	1	1	unique
OG_29923	1	1	unique
OG_29924	1	1	unique
OG_29925	1	1	unique
OG_29926	1	1	unique
OG_29927	1	1	unique
OG_29928	1	1	unique
OG_29929	1	1	unique
OG_29930	1	1	unique
OG_29931	1	1	unique
OG_29932	1	1	unique
OG_29933	1	1	unique
OG_29934	1	1	unique
OG_29935	1	1	unique
OG_29936	1	1	unique
OG_29937	1	1	unique
OG_29938	1	1	unique
OG_29939	1	1	unique
OG_29940	1	1	unique
OG_29941	1	1	unique
OG_29942	1	1	unique
OG_29943	1	1	unique
OG_29944	1	1	unique
OG_29945	1	1	unique
OG_29946	1	1	unique
OG_29947	1	1	unique
OG_29948	1	1	unique
OG_29949	1	1	unique
OG_29950	1	1	unique
OG_29951	1	1	unique
OG_29952	1	1	unique
OG_29953	1	1	unique
OG_29954	1	1	unique
OG_29955	1	1	unique
OG_29956	1	1	unique
OG_29957	1	1	unique
OG_29958	1	1	unique
OG_29959	1	1	unique
OG_29960	1	1	unique
OG_29961	1	1	unique
OG_29962	1	1	unique
OG_29963	1	1	unique
OG_29964	1	1	unique
OG_29965	1	1	unique
OG_29966	1	1	unique
OG_29967	1	1	unique
OG_29968	1	1	unique
OG_29969	1	1	unique
OG_29970	1	1	unique
OG_29971	1	1	unique
OG_29972	1	1	unique
OG_29973	1	1	unique
OG_29974	1	1	unique
OG_29975	1	1	unique
OG_29976	1	1	unique
OG_29977	1	1	unique
OG_29978	1	1	unique
OG_29979	1	1	unique
OG_29980	1	1	unique
OG_29981	1	1	unique
OG_29982	1	1	unique
OG_29983	1	1	unique
OG_29984	1	1	unique
OG_29985	1	1	unique
OG_29986	1	1	unique
OG_29987	1	1	unique
OG_29988	1	1	unique
OG_29989	1	1	unique
OG_29990	1	1	unique
OG_29991	1	1	unique
OG_29992	1	1	unique
OG_29993	1	1	unique
OG_29994	1	1	unique
OG_29995	1	1	unique
OG_29996	1	1	unique
OG_29997	1	1	unique
OG_29998	1	1	unique
OG_29999	1	1	unique
OG_30000	1	1	unique
OG_30001	1	1	unique
OG_30002	1	1	unique
OG_30003	1	1	unique
OG_30004	1	1	unique
OG_30005	1	1	unique
OG_30006	1	1	unique
OG_30007	1	1	unique
OG_30008	1	1	unique
OG_30009	1	1	unique
OG_30010	1	1	unique
OG_30011	1	1	unique
OG_30012	1	1	unique
OG_30013	1	1	unique
OG_30014	1	1	unique
OG_30015	1	1	unique
OG_30016	1	1	unique
OG_30017	1	1	unique
OG_30018	1	1	unique
OG_30019	1	1	unique
OG_30020	1	1	unique
OG_30021	1	1	unique
OG_30022	1	1	unique
OG_30023	1	1	unique
OG_30024	1	1	unique
OG_30025	1	1	unique
OG_30026	1	1	unique
OG_30027	1	1	unique
OG_30028	1	1	unique
OG_30029	1	1	unique
OG_30030	1	1	unique
OG_30031	1	1	unique
OG_30032	1	1	unique
OG_30033	1	1	unique
OG_30034	1	1	unique
OG_30035	1	1	unique
OG_30036	1	1	unique
OG_30037	1	1	unique
OG_30038	1	1	unique
OG_30039	1	1	unique
OG_30040	1	1	unique
OG_30041	1	1	unique
OG_30042	1	1	unique
OG_30043	1	1	unique
OG_30044	1	1	unique
OG_30045	1	1	unique
OG_30046	1	1	unique
OG_30047	1	1	unique
OG_30048	1	1	unique
OG_30049	1	1	unique
OG_30050	1	1	unique
OG_30051	1	1	unique
OG_30052	1	1	unique
OG_30053	1	1	unique
OG_30054	1	1	unique
OG_30055	1	1	unique
OG_30056	1	1	unique
OG_30057	1	1	unique
OG_30058	1	1	unique
OG_30059	1	1	unique
OG_30060	1	1	unique
OG_30061	1	1	unique
OG_30062	1	1	unique
OG_30063	1	1	unique
OG_30064	1	1	unique
OG_30065	1	1	unique
OG_30066	1	1	unique
OG_30067	1	1	unique
OG_30068	1	1	unique
OG_30069	1	1	unique
OG_30070	1	1	unique
OG_30071	1	1	unique
OG_30072	1	1	unique
OG_30073	1	1	unique
OG_30074	1	1	unique
OG_30075	1	1	unique
OG_30076	1	1	unique
OG_30077	1	1	unique
OG_30078	1	1	unique
OG_30079	1	1	unique
OG_30080	1	1	unique
OG_30081	1	1	unique
OG_30082	1	1	unique
OG_30083	1	1	unique
OG_30084	1	1	unique
OG_30085	1	1	unique
OG_30086	1	1	unique
OG_30087	1	1	unique
OG_30088	1	1	unique
OG_30089	1	1	unique
OG_30090	1	1	unique
OG_30091	1	1	unique
OG_30092	1	1	unique
OG_30093	1	1	unique
OG_30094	1	1	unique
OG_30095	1	1	unique
OG_30096	1	1	unique
OG_30097	1	1	unique
OG_30098	1	1	unique
OG_30099	1	1	unique
OG_30100	1	1	unique
OG_30101	1	1	unique
OG_30102	1	1	unique
OG_30103	1	1	unique
OG_30104	1	1	unique
OG_30105	1	1	unique
OG_30106	1	1	unique
OG_30107	1	1	unique
OG_30108	1	1	unique
OG_30109	1	1	unique
OG_30110	1	1	unique
OG_30111	1	1	unique
OG_30112	1	1	unique
OG_30113	1	1	unique
OG_30114	1	1	unique
OG_30115	1	1	unique
OG_30116	1	1	unique
OG_30117	1	1	unique
OG_30118	1	1	unique
OG_30119	1	1	unique
OG_30120	1	1	unique
OG_30121	1	1	unique
OG_30122	1	1	unique
OG_30123	1	1	unique
OG_30124	1	1	unique
OG_30125	1	1	unique
OG_30126	1	1	unique
OG_30127	1	1	unique
OG_30128	1	1	unique
OG_30129	1	1	unique
OG_30130	1	1	unique
OG_30131	1	1	unique
OG_30132	1	1	unique
OG_30133	1	1	unique
OG_30134	1	1	unique
OG_30135	1	1	unique
OG_30136	1	1	unique
OG_30137	1	1	unique
OG_30138	1	1	unique
OG_30139	1	1	unique
OG_30140	1	1	unique
OG_30141	1	1	unique
OG_30142	1	1	unique
OG_30143	1	1	unique
OG_30144	1	1	unique
OG_30145	1	1	unique
OG_30146	1	1	unique
OG_30147	1	1	unique
OG_30148	1	1	unique
OG_30149	1	1	unique
OG_30150	1	1	unique
OG_30151	1	1	unique
OG_30152	1	1	unique
OG_30153	1	1	unique
OG_30154	1	1	unique
OG_30155	1	1	unique
OG_30156	1	1	unique
OG_30157	1	1	unique
OG_30158	1	1	unique
OG_30159	1	1	unique
OG_30160	1	1	unique
OG_30161	1	1	unique
OG_30162	1	1	unique
OG_30163	1	1	unique
OG_30164	1	1	unique
OG_30165	1	1	unique
OG_30166	1	1	unique
OG_30167	1	1	unique
OG_30168	1	1	unique
OG_30169	1	1	unique
OG_30170	1	1	unique
OG_30171	1	1	unique
OG_30172	1	1	unique
OG_30173	1	1	unique
OG_30174	1	1	unique
OG_30175	1	1	unique
OG_30176	1	1	unique
OG_30177	1	1	unique
OG_30178	1	1	unique
OG_30179	1	1	unique
OG_30180	1	1	unique
OG_30181	1	1	unique
OG_30182	1	1	unique
OG_30183	1	1	unique
OG_30184	1	1	unique
OG_30185	1	1	unique
OG_30186	1	1	unique
OG_30187	1	1	unique
OG_30188	1	1	unique
OG_30189	1	1	unique
OG_30190	1	1	unique
OG_30191	1	1	unique
OG_30192	1	1	unique
OG_30193	1	1	unique
OG_30194	1	1	unique
OG_30195	1	1	unique
OG_30196	1	1	unique
OG_30197	1	1	unique
OG_30198	1	1	unique
OG_30199	1	1	unique
OG_30200	1	1	unique
OG_30201	1	1	unique
OG_30202	1	1	unique
OG_30203	1	1	unique
OG_30204	1	1	unique
OG_30205	1	1	unique
OG_30206	1	1	unique
OG_30207	1	1	unique
OG_30208	1	1	unique
OG_30209	1	1	unique
OG_30210	1	1	unique
OG_30211	1	1	unique
OG_30212	1	1	unique
OG_30213	1	1	unique
OG_30214	1	1	unique
OG_30215	1	1	unique
OG_30216	1	1	unique
OG_30217	1	1	unique
OG_30218	1	1	unique
OG_30219	1	1	unique
OG_30220	1	1	unique
OG_30221	1	1	unique
OG_30222	1	1	unique
OG_30223	1	1	unique
OG_30224	1	1	unique
OG_30225	1	1	unique
OG_30226	1	1	unique
OG_30227	1	1	unique
OG_30228	1	1	unique
OG_30229	1	1	unique
OG_30230	1	1	unique
OG_30231	1	1	unique
OG_30232	1	1	unique
OG_30233	1	1	unique
OG_30234	1	1	unique
OG_30235	1	1	unique
OG_30236	1	1	unique
OG_30237	1	1	unique
OG_30238	1	1	unique
OG_30239	1	1	unique
OG_30240	1	1	unique
OG_30241	1	1	unique
OG_30242	1	1	unique
OG_30243	1	1	unique
OG_30244	1	1	unique
OG_30245	1	1	unique
OG_30246	1	1	unique
OG_30247	1	1	unique
OG_30248	1	1	unique
OG_30249	1	1	unique
OG_30250	1	1	unique
OG_30251	1	1	unique
OG_30252	1	1	unique
OG_30253	1	1	unique
OG_30254	1	1	unique
OG_30255	1	1	unique
OG_30256	1	1	unique
OG_30257	1	1	unique
OG_30258	1	1	unique
OG_30259	1	1	unique
OG_30260	1	1	unique
OG_30261	1	1	unique
OG_30262	1	1	unique
OG_30263	1	1	unique
OG_30264	1	1	unique
OG_30265	1	1	unique
OG_30266	1	1	unique
OG_30267	1	1	unique
OG_30268	1	1	unique
OG_30269	1	1	unique
OG_30270	1	1	unique
OG_30271	1	1	unique
OG_30272	1	1	unique
OG_30273	1	1	unique
OG_30274	1	1	unique
OG_30275	1	1	unique
OG_30276	1	1	unique
OG_30277	1	1	unique
OG_30278	1	1	unique
OG_30279	1	1	unique
OG_30280	1	1	unique
OG_30281	1	1	unique
OG_30282	1	1	unique
OG_30283	1	1	unique
OG_30284	1	1	unique
OG_30285	1	1	unique
OG_30286	1	1	unique
OG_30287	1	1	unique
OG_30288	1	1	unique
OG_30289	1	1	unique
OG_30290	1	1	unique
OG_30291	1	1	unique
OG_30292	1	1	unique
OG_30293	1	1	unique
OG_30294	1	1	unique
OG_30295	1	1	unique
OG_30296	1	1	unique
OG_30297	1	1	unique
OG_30298	1	1	unique
OG_30299	1	1	unique
OG_30300	1	1	unique
OG_30301	1	1	unique
OG_30302	1	1	unique
OG_30303	1	1	unique
OG_30304	1	1	unique
OG_30305	1	1	unique
OG_30306	1	1	unique
OG_30307	1	1	unique
OG_30308	1	1	unique
OG_30309	1	1	unique
OG_30310	1	1	unique
OG_30311	1	1	unique
OG_30312	1	1	unique
OG_30313	1	1	unique
OG_30314	1	1	unique
OG_30315	1	1	unique
OG_30316	1	1	unique
OG_30317	1	1	unique
OG_30318	1	1	unique
OG_30319	1	1	unique
OG_30320	1	1	unique
OG_30321	1	1	unique
OG_30322	1	1	unique
OG_30323	1	1	unique
OG_30324	1	1	unique
OG_30325	1	1	unique
OG_30326	1	1	unique
OG_30327	1	1	unique
OG_30328	1	1	unique
OG_30329	1	1	unique
OG_30330	1	1	unique
OG_30331	1	1	unique
OG_30332	1	1	unique
OG_30333	1	1	unique
OG_30334	1	1	unique
OG_30335	1	1	unique
OG_30336	1	1	unique
OG_30337	1	1	unique
OG_30338	1	1	unique
OG_30339	1	1	unique
OG_30340	1	1	unique
OG_30341	1	1	unique
OG_30342	1	1	unique
OG_30343	1	1	unique
OG_30344	1	1	unique
OG_30345	1	1	unique
OG_30346	1	1	unique
OG_30347	1	1	unique
OG_30348	1	1	unique
OG_30349	1	1	unique
OG_30350	1	1	unique
OG_30351	1	1	unique
OG_30352	1	1	unique
OG_30353	1	1	unique
OG_30354	1	1	unique
OG_30355	1	1	unique
OG_30356	1	1	unique
OG_30357	1	1	unique
OG_30358	1	1	unique
OG_30359	1	1	unique
OG_30360	1	1	unique
OG_30361	1	1	unique
OG_30362	1	1	unique
OG_30363	1	1	unique
OG_30364	1	1	unique
OG_30365	1	1	unique
OG_30366	1	1	unique
OG_30367	1	1	unique
OG_30368	1	1	unique
OG_30369	1	1	unique
OG_30370	1	1	unique
OG_30371	1	1	unique
OG_30372	1	1	unique
OG_30373	1	1	unique
OG_30374	1	1	unique
OG_30375	1	1	unique
OG_30376	1	1	unique
OG_30377	1	1	unique
OG_30378	1	1	unique
OG_30379	1	1	unique
OG_30380	1	1	unique
OG_30381	1	1	unique
OG_30382	1	1	unique
OG_30383	1	1	unique
OG_30384	1	1	unique
OG_30385	1	1	unique
OG_30386	1	1	unique
OG_30387	1	1	unique
OG_30388	1	1	unique
OG_30389	1	1	unique
OG_30390	1	1	unique
OG_30391	1	1	unique
OG_30392	1	1	unique
OG_30393	1	1	unique
OG_30394	1	1	unique
OG_30395	1	1	unique
OG_30396	1	1	unique
OG_30397	1	1	unique
OG_30398	1	1	unique
OG_30399	1	1	unique
OG_30400	1	1	unique
OG_30401	1	1	unique
OG_30402	1	1	unique
OG_30403	1	1	unique
OG_30404	1	1	unique
OG_30405	1	1	unique
OG_30406	1	1	unique
OG_30407	1	1	unique
OG_30408	1	1	unique
OG_30409	1	1	unique
OG_30410	1	1	unique
OG_30411	1	1	unique
OG_30412	1	1	unique
OG_30413	1	1	unique
OG_30414	1	1	unique
OG_30415	1	1	unique
OG_30416	1	1	unique
OG_30417	1	1	unique
OG_30418	1	1	unique
OG_30419	1	1	unique
OG_30420	1	1	unique
OG_30421	1	1	unique
OG_30422	1	1	unique
OG_30423	1	1	unique
OG_30424	1	1	unique
OG_30425	1	1	unique
OG_30426	1	1	unique
OG_30427	1	1	unique
OG_30428	1	1	unique
OG_30429	1	1	unique
OG_30430	1	1	unique
OG_30431	1	1	unique
OG_30432	1	1	unique
OG_30433	1	1	unique
OG_30434	1	1	unique
OG_30435	1	1	unique
OG_30436	1	1	unique
OG_30437	1	1	unique
OG_30438	1	1	unique
OG_30439	1	1	unique
OG_30440	1	1	unique
OG_30441	1	1	unique
OG_30442	1	1	unique
OG_30443	1	1	unique
OG_30444	1	1	unique
OG_30445	1	1	unique
OG_30446	1	1	unique
OG_30447	1	1	unique
OG_30448	1	1	unique
OG_30449	1	1	unique
OG_30450	1	1	unique
OG_30451	1	1	unique
OG_30452	1	1	unique
OG_30453	1	1	unique
OG_30454	1	1	unique
OG_30455	1	1	unique
OG_30456	1	1	unique
OG_30457	1	1	unique
OG_30458	1	1	unique
OG_30459	1	1	unique
OG_30460	1	1	unique
OG_30461	1	1	unique
OG_30462	1	1	unique
OG_30463	1	1	unique
OG_30464	1	1	unique
OG_30465	1	1	unique
OG_30466	1	1	unique
OG_30467	1	1	unique
OG_30468	1	1	unique
OG_30469	1	1	unique
OG_30470	1	1	unique
OG_30471	1	1	unique
OG_30472	1	1	unique
OG_30473	1	1	unique
OG_30474	1	1	unique
OG_30475	1	1	unique
OG_30476	1	1	unique
OG_30477	1	1	unique
OG_30478	1	1	unique
OG_30479	1	1	unique
OG_30480	1	1	unique
OG_30481	1	1	unique
OG_30482	1	1	unique
OG_30483	1	1	unique
OG_30484	1	1	unique
OG_30485	1	1	unique
OG_30486	1	1	unique
OG_30487	1	1	unique
OG_30488	1	1	unique
OG_30489	1	1	unique
OG_30490	1	1	unique
OG_30491	1	1	unique
OG_30492	1	1	unique
OG_30493	1	1	unique
OG_30494	1	1	unique
OG_30495	1	1	unique
OG_30496	1	1	unique
OG_30497	1	1	unique
OG_30498	1	1	unique
OG_30499	1	1	unique
OG_30500	1	1	unique
OG_30501	1	1	unique
OG_30502	1	1	unique
OG_30503	1	1	unique
OG_30504	1	1	unique
OG_30505	1	1	unique
OG_30506	1	1	unique
OG_30507	1	1	unique
OG_30508	1	1	unique
OG_30509	1	1	unique
OG_30510	1	1	unique
OG_30511	1	1	unique
OG_30512	1	1	unique
OG_30513	1	1	unique
OG_30514	1	1	unique
OG_30515	1	1	unique
OG_30516	1	1	unique
OG_30517	1	1	unique
OG_30518	1	1	unique
OG_30519	1	1	unique
OG_30520	1	1	unique
OG_30521	1	1	unique
OG_30522	1	1	unique
OG_30523	1	1	unique
OG_30524	1	1	unique
OG_30525	1	1	unique
OG_30526	1	1	unique
OG_30527	1	1	unique
OG_30528	1	1	unique
OG_30529	1	1	unique
OG_30530	1	1	unique
OG_30531	1	1	unique
OG_30532	1	1	unique
OG_30533	1	1	unique
OG_30534	1	1	unique
OG_30535	1	1	unique
OG_30536	1	1	unique
OG_30537	1	1	unique
OG_30538	1	1	unique
OG_30539	1	1	unique
OG_30540	1	1	unique
OG_30541	1	1	unique
OG_30542	1	1	unique
OG_30543	1	1	unique
OG_30544	1	1	unique
OG_30545	1	1	unique
OG_30546	1	1	unique
OG_30547	1	1	unique
OG_30548	1	1	unique
OG_30549	1	1	unique
OG_30550	1	1	unique
OG_30551	1	1	unique
OG_30552	1	1	unique
OG_30553	1	1	unique
OG_30554	1	1	unique
OG_30555	1	1	unique
OG_30556	1	1	unique
OG_30557	1	1	unique
OG_30558	1	1	unique
OG_30559	1	1	unique
OG_30560	1	1	unique
OG_30561	1	1	unique
OG_30562	1	1	unique
OG_30563	1	1	unique
OG_30564	1	1	unique
OG_30565	1	1	unique
OG_30566	1	1	unique
OG_30567	1	1	unique
OG_30568	1	1	unique
OG_30569	1	1	unique
OG_30570	1	1	unique
OG_30571	1	1	unique
OG_30572	1	1	unique
OG_30573	1	1	unique
OG_30574	1	1	unique
OG_30575	1	1	unique
OG_30576	1	1	unique
OG_30577	1	1	unique
OG_30578	1	1	unique
OG_30579	1	1	unique
OG_30580	1	1	unique
OG_30581	1	1	unique
OG_30582	1	1	unique
OG_30583	1	1	unique
OG_30584	1	1	unique
OG_30585	1	1	unique
OG_30586	1	1	unique
OG_30587	1	1	unique
OG_30588	1	1	unique
OG_30589	1	1	unique
OG_30590	1	1	unique
OG_30591	1	1	unique
OG_30592	1	1	unique
OG_30593	1	1	unique
OG_30594	1	1	unique
OG_30595	1	1	unique
OG_30596	1	1	unique
OG_30597	1	1	unique
OG_30598	1	1	unique
OG_30599	1	1	unique
OG_30600	1	1	unique
OG_30601	1	1	unique
OG_30602	1	1	unique
OG_30603	1	1	unique
OG_30604	1	1	unique
OG_30605	1	1	unique
OG_30606	1	1	unique
OG_30607	1	1	unique
OG_30608	1	1	unique
OG_30609	1	1	unique
OG_30610	1	1	unique
OG_30611	1	1	unique
OG_30612	1	1	unique
OG_30613	1	1	unique
OG_30614	1	1	unique
OG_30615	1	1	unique
OG_30616	1	1	unique
OG_30617	1	1	unique
OG_30618	1	1	unique
OG_30619	1	1	unique
OG_30620	1	1	unique
OG_30621	1	1	unique
OG_30622	1	1	unique
OG_30623	1	1	unique
OG_30624	1	1	unique
OG_30625	1	1	unique
OG_30626	1	1	unique
OG_30627	1	1	unique
OG_30628	1	1	unique
OG_30629	1	1	unique
OG_30630	1	1	unique
OG_30631	1	1	unique
OG_30632	1	1	unique
OG_30633	1	1	unique
OG_30634	1	1	unique
OG_30635	1	1	unique
OG_30636	1	1	unique
OG_30637	1	1	unique
OG_30638	1	1	unique
OG_30639	1	1	unique
OG_30640	1	1	unique
OG_30641	1	1	unique
OG_30642	1	1	unique
OG_30643	1	1	unique
OG_30644	1	1	unique
OG_30645	1	1	unique
OG_30646	1	1	unique
OG_30647	1	1	unique
OG_30648	1	1	unique
OG_30649	1	1	unique
OG_30650	1	1	unique
OG_30651	1	1	unique
OG_30652	1	1	unique
OG_30653	1	1	unique
OG_30654	1	1	unique
OG_30655	1	1	unique
OG_30656	1	1	unique
OG_30657	1	1	unique
OG_30658	1	1	unique
OG_30659	1	1	unique
OG_30660	1	1	unique
OG_30661	1	1	unique
OG_30662	1	1	unique
OG_30663	1	1	unique
OG_30664	1	1	unique
OG_30665	1	1	unique
OG_30666	1	1	unique
OG_30667	1	1	unique
OG_30668	1	1	unique
OG_30669	1	1	unique
OG_30670	1	1	unique
OG_30671	1	1	unique
OG_30672	1	1	unique
OG_30673	1	1	unique
OG_30674	1	1	unique
OG_30675	1	1	unique
OG_30676	1	1	unique
OG_30677	1	1	unique
OG_30678	1	1	unique
OG_30679	1	1	unique
OG_30680	1	1	unique
OG_30681	1	1	unique
OG_30682	1	1	unique
OG_30683	1	1	unique
OG_30684	1	1	unique
OG_30685	1	1	unique
OG_30686	1	1	unique
OG_30687	1	1	unique
OG_30688	1	1	unique
OG_30689	1	1	unique
OG_30690	1	1	unique
OG_30691	1	1	unique
OG_30692	1	1	unique
OG_30693	1	1	unique
OG_30694	1	1	unique
OG_30695	1	1	unique
OG_30696	1	1	unique
OG_30697	1	1	unique
OG_30698	1	1	unique
OG_30699	1	1	unique
OG_30700	1	1	unique
OG_30701	1	1	unique
OG_30702	1	1	unique
OG_30703	1	1	unique
OG_30704	1	1	unique
OG_30705	1	1	unique
OG_30706	1	1	unique
OG_30707	1	1	unique
OG_30708	1	1	unique
OG_30709	1	1	unique
OG_30710	1	1	unique
OG_30711	1	1	unique
OG_30712	1	1	unique
OG_30713	1	1	unique
OG_30714	1	1	unique
OG_30715	1	1	unique
OG_30716	1	1	unique
OG_30717	1	1	unique
OG_30718	1	1	unique
OG_30719	1	1	unique
OG_30720	1	1	unique
OG_30721	1	1	unique
OG_30722	1	1	unique
OG_30723	1	1	unique
OG_30724	1	1	unique
OG_30725	1	1	unique
OG_30726	1	1	unique
OG_30727	1	1	unique
OG_30728	1	1	unique
OG_30729	1	1	unique
OG_30730	1	1	unique
OG_30731	1	1	unique
OG_30732	1	1	unique
OG_30733	1	1	unique
OG_30734	1	1	unique
OG_30735	1	1	unique
OG_30736	1	1	unique
OG_30737	1	1	unique
OG_30738	1	1	unique
OG_30739	1	1	unique
OG_30740	1	1	unique
OG_30741	1	1	unique
OG_30742	1	1	unique
OG_30743	1	1	unique
OG_30744	1	1	unique
OG_30745	1	1	unique
OG_30746	1	1	unique
OG_30747	1	1	unique
OG_30748	1	1	unique
OG_30749	1	1	unique
OG_30750	1	1	unique
OG_30751	1	1	unique
OG_30752	1	1	unique
OG_30753	1	1	unique
OG_30754	1	1	unique
OG_30755	1	1	unique
OG_30756	1	1	unique
OG_30757	1	1	unique
OG_30758	1	1	unique
OG_30759	1	1	unique
OG_30760	1	1	unique
OG_30761	1	1	unique
OG_30762	1	1	unique
OG_30763	1	1	unique
OG_30764	1	1	unique
OG_30765	1	1	unique
OG_30766	1	1	unique
OG_30767	1	1	unique
OG_30768	1	1	unique
OG_30769	1	1	unique
OG_30770	1	1	unique
OG_30771	1	1	unique
OG_30772	1	1	unique
OG_30773	1	1	unique
OG_30774	1	1	unique
OG_30775	1	1	unique
OG_30776	1	1	unique
OG_30777	1	1	unique
OG_30778	1	1	unique
OG_30779	1	1	unique
OG_30780	1	1	unique
OG_30781	1	1	unique
OG_30782	1	1	unique
OG_30783	1	1	unique
OG_30784	1	1	unique
OG_30785	1	1	unique
OG_30786	1	1	unique
OG_30787	1	1	unique
OG_30788	1	1	unique
OG_30789	1	1	unique
OG_30790	1	1	unique
OG_30791	1	1	unique
OG_30792	1	1	unique
OG_30793	1	1	unique
OG_30794	1	1	unique
OG_30795	1	1	unique
OG_30796	1	1	unique
OG_30797	1	1	unique
OG_30798	1	1	unique
OG_30799	1	1	unique
OG_30800	1	1	unique
OG_30801	1	1	unique
OG_30802	1	1	unique
OG_30803	1	1	unique
OG_30804	1	1	unique
OG_30805	1	1	unique
OG_30806	1	1	unique
OG_30807	1	1	unique
OG_30808	1	1	unique
OG_30809	1	1	unique
OG_30810	1	1	unique
OG_30811	1	1	unique
OG_30812	1	1	unique
OG_30813	1	1	unique
OG_30814	1	1	unique
OG_30815	1	1	unique
OG_30816	1	1	unique
OG_30817	1	1	unique
OG_30818	1	1	unique
OG_30819	1	1	unique
OG_30820	1	1	unique
OG_30821	1	1	unique
OG_30822	1	1	unique
OG_30823	1	1	unique
OG_30824	1	1	unique
OG_30825	1	1	unique
OG_30826	1	1	unique
OG_30827	1	1	unique
OG_30828	1	1	unique
OG_30829	1	1	unique
OG_30830	1	1	unique
OG_30831	1	1	unique
OG_30832	1	1	unique
OG_30833	1	1	unique
OG_30834	1	1	unique
OG_30835	1	1	unique
OG_30836	1	1	unique
OG_30837	1	1	unique
OG_30838	1	1	unique
OG_30839	1	1	unique
OG_30840	1	1	unique
OG_30841	1	1	unique
OG_30842	1	1	unique
OG_30843	1	1	unique
OG_30844	1	1	unique
OG_30845	1	1	unique
OG_30846	1	1	unique
OG_30847	1	1	unique
OG_30848	1	1	unique
OG_30849	1	1	unique
OG_30850	1	1	unique
OG_30851	1	1	unique
OG_30852	1	1	unique
OG_30853	1	1	unique
OG_30854	1	1	unique
OG_30855	1	1	unique
OG_30856	1	1	unique
OG_30857	1	1	unique
OG_30858	1	1	unique
OG_30859	1	1	unique
OG_30860	1	1	unique
OG_30861	1	1	unique
OG_30862	1	1	unique
OG_30863	1	1	unique
OG_30864	1	1	unique
OG_30865	1	1	unique
OG_30866	1	1	unique
OG_30867	1	1	unique
OG_30868	1	1	unique
OG_30869	1	1	unique
OG_30870	1	1	unique
OG_30871	1	1	unique
OG_30872	1	1	unique
OG_30873	1	1	unique
OG_30874	1	1	unique
OG_30875	1	1	unique
OG_30876	1	1	unique
OG_30877	1	1	unique
OG_30878	1	1	unique
OG_30879	1	1	unique
OG_30880	1	1	unique
OG_30881	1	1	unique
OG_30882	1	1	unique
OG_30883	1	1	unique
OG_30884	1	1	unique
OG_30885	1	1	unique
OG_30886	1	1	unique
OG_30887	1	1	unique
OG_30888	1	1	unique
OG_30889	1	1	unique
OG_30890	1	1	unique
OG_30891	1	1	unique
OG_30892	1	1	unique
OG_30893	1	1	unique
OG_30894	1	1	unique
OG_30895	1	1	unique
OG_30896	1	1	unique
OG_30897	1	1	unique
OG_30898	1	1	unique
OG_30899	1	1	unique
OG_30900	1	1	unique
OG_30901	1	1	unique
OG_30902	1	1	unique
OG_30903	1	1	unique
OG_30904	1	1	unique
OG_30905	1	1	unique
OG_30906	1	1	unique
OG_30907	1	1	unique
OG_30908	1	1	unique
OG_30909	1	1	unique
OG_30910	1	1	unique
OG_30911	1	1	unique
OG_30912	1	1	unique
OG_30913	1	1	unique
OG_30914	1	1	unique
OG_30915	1	1	unique
OG_30916	1	1	unique
OG_30917	1	1	unique
OG_30918	1	1	unique
OG_30919	1	1	unique
OG_30920	1	1	unique
OG_30921	1	1	unique
OG_30922	1	1	unique
OG_30923	1	1	unique
OG_30924	1	1	unique
OG_30925	1	1	unique
OG_30926	1	1	unique
OG_30927	1	1	unique
OG_30928	1	1	unique
OG_30929	1	1	unique
OG_30930	1	1	unique
OG_30931	1	1	unique
OG_30932	1	1	unique
OG_30933	1	1	unique
OG_30934	1	1	unique
OG_30935	1	1	unique
OG_30936	1	1	unique
OG_30937	1	1	unique
OG_30938	1	1	unique
OG_30939	1	1	unique
OG_30940	1	1	unique
OG_30941	1	1	unique
OG_30942	1	1	unique
OG_30943	1	1	unique
OG_30944	1	1	unique
OG_30945	1	1	unique
OG_30946	1	1	unique
OG_30947	1	1	unique
OG_30948	1	1	unique
OG_30949	1	1	unique
OG_30950	1	1	unique
OG_30951	1	1	unique
OG_30952	1	1	unique
OG_30953	1	1	unique
OG_30954	1	1	unique
OG_30955	1	1	unique
OG_30956	1	1	unique
OG_30957	1	1	unique
OG_30958	1	1	unique
OG_30959	1	1	unique
OG_30960	1	1	unique
OG_30961	1	1	unique
OG_30962	1	1	unique
OG_30963	1	1	unique
OG_30964	1	1	unique
OG_30965	1	1	unique
OG_30966	1	1	unique
OG_30967	1	1	unique
OG_30968	1	1	unique
OG_30969	1	1	unique
OG_30970	1	1	unique
OG_30971	1	1	unique
OG_30972	1	1	unique
OG_30973	1	1	unique
OG_30974	1	1	unique
OG_30975	1	1	unique
OG_30976	1	1	unique
OG_30977	1	1	unique
OG_30978	1	1	unique
OG_30979	1	1	unique
OG_30980	1	1	unique
OG_30981	1	1	unique
OG_30982	1	1	unique
OG_30983	1	1	unique
OG_30984	1	1	unique
OG_30985	1	1	unique
OG_30986	1	1	unique
OG_30987	1	1	unique
OG_30988	1	1	unique
OG_30989	1	1	unique
OG_30990	1	1	unique
OG_30991	1	1	unique
OG_30992	1	1	unique
OG_30993	1	1	unique
OG_30994	1	1	unique
OG_30995	1	1	unique
OG_30996	1	1	unique
OG_30997	1	1	unique
OG_30998	1	1	unique
OG_30999	1	1	unique
OG_31000	1	1	unique
OG_31001	1	1	unique
OG_31002	1	1	unique
OG_31003	1	1	unique
OG_31004	1	1	unique
OG_31005	1	1	unique
OG_31006	1	1	unique
OG_31007	1	1	unique
OG_31008	1	1	unique
OG_31009	1	1	unique
OG_31010	1	1	unique
OG_31011	1	1	unique
OG_31012	1	1	unique
OG_31013	1	1	unique
OG_31014	1	1	unique
OG_31015	1	1	unique
OG_31016	1	1	unique
OG_31017	1	1	unique
OG_31018	1	1	unique
OG_31019	1	1	unique
OG_31020	1	1	unique
OG_31021	1	1	unique
OG_31022	1	1	unique
OG_31023	1	1	unique
OG_31024	1	1	unique
OG_31025	1	1	unique
OG_31026	1	1	unique
OG_31027	1	1	unique
OG_31028	1	1	unique
OG_31029	1	1	unique
OG_31030	1	1	unique
OG_31031	1	1	unique
OG_31032	1	1	unique
OG_31033	1	1	unique
OG_31034	1	1	unique
OG_31035	1	1	unique
OG_31036	1	1	unique
OG_31037	1	1	unique
OG_31038	1	1	unique
OG_31039	1	1	unique
OG_31040	1	1	unique
OG_31041	1	1	unique
OG_31042	1	1	unique
OG_31043	1	1	unique
OG_31044	1	1	unique
OG_31045	1	1	unique
OG_31046	1	1	unique
OG_31047	1	1	unique
OG_31048	1	1	unique
OG_31049	1	1	unique
OG_31050	1	1	unique
OG_31051	1	1	unique
OG_31052	1	1	unique
OG_31053	1	1	unique
OG_31054	1	1	unique
OG_31055	1	1	unique
OG_31056	1	1	unique
OG_31057	1	1	unique
OG_31058	1	1	unique
OG_31059	1	1	unique
OG_31060	1	1	unique
OG_31061	1	1	unique
OG_31062	1	1	unique
OG_31063	1	1	unique
OG_31064	1	1	unique
OG_31065	1	1	unique
OG_31066	1	1	unique
OG_31067	1	1	unique
OG_31068	1	1	unique
OG_31069	1	1	unique
OG_31070	1	1	unique
OG_31071	1	1	unique
OG_31072	1	1	unique
OG_31073	1	1	unique
OG_31074	1	1	unique
OG_31075	1	1	unique
OG_31076	1	1	unique
OG_31077	1	1	unique
OG_31078	1	1	unique
OG_31079	1	1	unique
OG_31080	1	1	unique
OG_31081	1	1	unique
OG_31082	1	1	unique
OG_31083	1	1	unique
OG_31084	1	1	unique
OG_31085	1	1	unique
OG_31086	1	1	unique
OG_31087	1	1	unique
OG_31088	1	1	unique
OG_31089	1	1	unique
OG_31090	1	1	unique
OG_31091	1	1	unique
OG_31092	1	1	unique
OG_31093	1	1	unique
OG_31094	1	1	unique
OG_31095	1	1	unique
OG_31096	1	1	unique
OG_31097	1	1	unique
OG_31098	1	1	unique
OG_31099	1	1	unique
OG_31100	1	1	unique
OG_31101	1	1	unique
OG_31102	1	1	unique
OG_31103	1	1	unique
OG_31104	1	1	unique
OG_31105	1	1	unique
OG_31106	1	1	unique
OG_31107	1	1	unique
OG_31108	1	1	unique
OG_31109	1	1	unique
OG_31110	1	1	unique
OG_31111	1	1	unique
OG_31112	1	1	unique
OG_31113	1	1	unique
OG_31114	1	1	unique
OG_31115	1	1	unique
OG_31116	1	1	unique
OG_31117	1	1	unique
OG_31118	1	1	unique
OG_31119	1	1	unique
OG_31120	1	1	unique
OG_31121	1	1	unique
OG_31122	1	1	unique
OG_31123	1	1	unique
OG_31124	1	1	unique
OG_31125	1	1	unique
OG_31126	1	1	unique
OG_31127	1	1	unique
OG_31128	1	1	unique
OG_31129	1	1	unique
OG_31130	1	1	unique
OG_31131	1	1	unique
OG_31132	1	1	unique
OG_31133	1	1	unique
OG_31134	1	1	unique
OG_31135	1	1	unique
OG_31136	1	1	unique
OG_31137	1	1	unique
OG_31138	1	1	unique
OG_31139	1	1	unique
OG_31140	1	1	unique
OG_31141	1	1	unique
OG_31142	1	1	unique
OG_31143	1	1	unique
OG_31144	1	1	unique
OG_31145	1	1	unique
OG_31146	1	1	unique
OG_31147	1	1	unique
OG_31148	1	1	unique
OG_31149	1	1	unique
OG_31150	1	1	unique
OG_31151	1	1	unique
OG_31152	1	1	unique
OG_31153	1	1	unique
OG_31154	1	1	unique
OG_31155	1	1	unique
OG_31156	1	1	unique
OG_31157	1	1	unique
OG_31158	1	1	unique
OG_31159	1	1	unique
OG_31160	1	1	unique
OG_31161	1	1	unique
OG_31162	1	1	unique
OG_31163	1	1	unique
OG_31164	1	1	unique
OG_31165	1	1	unique
OG_31166	1	1	unique
OG_31167	1	1	unique
OG_31168	1	1	unique
OG_31169	1	1	unique
OG_31170	1	1	unique
OG_31171	1	1	unique
OG_31172	1	1	unique
OG_31173	1	1	unique
OG_31174	1	1	unique
OG_31175	1	1	unique
OG_31176	1	1	unique
OG_31177	1	1	unique
OG_31178	1	1	unique
OG_31179	1	1	unique
OG_31180	1	1	unique
OG_31181	1	1	unique
OG_31182	1	1	unique
OG_31183	1	1	unique
OG_31184	1	1	unique
OG_31185	1	1	unique
OG_31186	1	1	unique
OG_31187	1	1	unique
OG_31188	1	1	unique
OG_31189	1	1	unique
OG_31190	1	1	unique
OG_31191	1	1	unique
OG_31192	1	1	unique
OG_31193	1	1	unique
OG_31194	1	1	unique
OG_31195	1	1	unique
OG_31196	1	1	unique
OG_31197	1	1	unique
OG_31198	1	1	unique
OG_31199	1	1	unique
OG_31200	1	1	unique
OG_31201	1	1	unique
OG_31202	1	1	unique
OG_31203	1	1	unique
OG_31204	1	1	unique
OG_31205	1	1	unique
OG_31206	1	1	unique
OG_31207	1	1	unique
OG_31208	1	1	unique
OG_31209	1	1	unique
OG_31210	1	1	unique
OG_31211	1	1	unique
OG_31212	1	1	unique
OG_31213	1	1	unique
OG_31214	1	1	unique
OG_31215	1	1	unique
OG_31216	1	1	unique
OG_31217	1	1	unique
OG_31218	1	1	unique
OG_31219	1	1	unique
OG_31220	1	1	unique
OG_31221	1	1	unique
OG_31222	1	1	unique
OG_31223	1	1	unique
OG_31224	1	1	unique
OG_31225	1	1	unique
OG_31226	1	1	unique
OG_31227	1	1	unique
OG_31228	1	1	unique
OG_31229	1	1	unique
OG_31230	1	1	unique
OG_31231	1	1	unique
OG_31232	1	1	unique
OG_31233	1	1	unique
OG_31234	1	1	unique
OG_31235	1	1	unique
OG_31236	1	1	unique
OG_31237	1	1	unique
OG_31238	1	1	unique
OG_31239	1	1	unique
OG_31240	1	1	unique
OG_31241	1	1	unique
OG_31242	1	1	unique
OG_31243	1	1	unique
OG_31244	1	1	unique
OG_31245	1	1	unique
OG_31246	1	1	unique
OG_31247	1	1	unique
OG_31248	1	1	unique
OG_31249	1	1	unique
OG_31250	1	1	unique
OG_31251	1	1	unique
OG_31252	1	1	unique
OG_31253	1	1	unique
OG_31254	1	1	unique
OG_31255	1	1	unique
OG_31256	1	1	unique
OG_31257	1	1	unique
OG_31258	1	1	unique
OG_31259	1	1	unique
OG_31260	1	1	unique
OG_31261	1	1	unique
OG_31262	1	1	unique
OG_31263	1	1	unique
OG_31264	1	1	unique
OG_31265	1	1	unique
OG_31266	1	1	unique
OG_31267	1	1	unique
OG_31268	1	1	unique
OG_31269	1	1	unique
OG_31270	1	1	unique
OG_31271	1	1	unique
OG_31272	1	1	unique
OG_31273	1	1	unique
OG_31274	1	1	unique
OG_31275	1	1	unique
OG_31276	1	1	unique
OG_31277	1	1	unique
OG_31278	1	1	unique
OG_31279	1	1	unique
OG_31280	1	1	unique
OG_31281	1	1	unique
OG_31282	1	1	unique
OG_31283	1	1	unique
OG_31284	1	1	unique
OG_31285	1	1	unique
OG_31286	1	1	unique
OG_31287	1	1	unique
OG_31288	1	1	unique
OG_31289	1	1	unique
OG_31290	1	1	unique
OG_31291	1	1	unique
OG_31292	1	1	unique
OG_31293	1	1	unique
OG_31294	1	1	unique
OG_31295	1	1	unique
OG_31296	1	1	unique
OG_31297	1	1	unique
OG_31298	1	1	unique
OG_31299	1	1	unique
OG_31300	1	1	unique
OG_31301	1	1	unique
OG_31302	1	1	unique
OG_31303	1	1	unique
OG_31304	1	1	unique
OG_31305	1	1	unique
OG_31306	1	1	unique
OG_31307	1	1	unique
OG_31308	1	1	unique
OG_31309	1	1	unique
OG_31310	1	1	unique
OG_31311	1	1	unique
OG_31312	1	1	unique
OG_31313	1	1	unique
OG_31314	1	1	unique
OG_31315	1	1	unique
OG_31316	1	1	unique
OG_31317	1	1	unique
OG_31318	1	1	unique
OG_31319	1	1	unique
OG_31320	1	1	unique
OG_31321	1	1	unique
OG_31322	1	1	unique
OG_31323	1	1	unique
OG_31324	1	1	unique
OG_31325	1	1	unique
OG_31326	1	1	unique
OG_31327	1	1	unique
OG_31328	1	1	unique
OG_31329	1	1	unique
OG_31330	1	1	unique
OG_31331	1	1	unique
OG_31332	1	1	unique
OG_31333	1	1	unique
OG_31334	1	1	unique
OG_31335	1	1	unique
OG_31336	1	1	unique
OG_31337	1	1	unique
OG_31338	1	1	unique
OG_31339	1	1	unique
OG_31340	1	1	unique
OG_31341	1	1	unique
OG_31342	1	1	unique
OG_31343	1	1	unique
OG_31344	1	1	unique
OG_31345	1	1	unique
OG_31346	1	1	unique
OG_31347	1	1	unique
OG_31348	1	1	unique
OG_31349	1	1	unique
OG_31350	1	1	unique
OG_31351	1	1	unique
OG_31352	1	1	unique
OG_31353	1	1	unique
OG_31354	1	1	unique
OG_31355	1	1	unique
OG_31356	1	1	unique
OG_31357	1	1	unique
OG_31358	1	1	unique
OG_31359	1	1	unique
OG_31360	1	1	unique
OG_31361	1	1	unique
OG_31362	1	1	unique
OG_31363	1	1	unique
OG_31364	1	1	unique
OG_31365	1	1	unique
OG_31366	1	1	unique
OG_31367	1	1	unique
OG_31368	1	1	unique
OG_31369	1	1	unique
OG_31370	1	1	unique
OG_31371	1	1	unique
OG_31372	1	1	unique
OG_31373	1	1	unique
OG_31374	1	1	unique
OG_31375	1	1	unique
OG_31376	1	1	unique
OG_31377	1	1	unique
OG_31378	1	1	unique
OG_31379	1	1	unique
OG_31380	1	1	unique
OG_31381	1	1	unique
OG_31382	1	1	unique
OG_31383	1	1	unique
OG_31384	1	1	unique
OG_31385	1	1	unique
OG_31386	1	1	unique
OG_31387	1	1	unique
OG_31388	1	1	unique
OG_31389	1	1	unique
OG_31390	1	1	unique
OG_31391	1	1	unique
OG_31392	1	1	unique
OG_31393	1	1	unique
OG_31394	1	1	unique
OG_31395	1	1	unique
OG_31396	1	1	unique
OG_31397	1	1	unique
OG_31398	1	1	unique
OG_31399	1	1	unique
OG_31400	1	1	unique
OG_31401	1	1	unique
OG_31402	1	1	unique
OG_31403	1	1	unique
OG_31404	1	1	unique
OG_31405	1	1	unique
OG_31406	1	1	unique
OG_31407	1	1	unique
OG_31408	1	1	unique
OG_31409	1	1	unique
OG_31410	1	1	unique
OG_31411	1	1	unique
OG_31412	1	1	unique
OG_31413	1	1	unique
OG_31414	1	1	unique
OG_31415	1	1	unique
OG_31416	1	1	unique
OG_31417	1	1	unique
OG_31418	1	1	unique
OG_31419	1	1	unique
OG_31420	1	1	unique
OG_31421	1	1	unique
OG_31422	1	1	unique
OG_31423	1	1	unique
OG_31424	1	1	unique
OG_31425	1	1	unique
OG_31426	1	1	unique
OG_31427	1	1	unique
OG_31428	1	1	unique
OG_31429	1	1	unique
OG_31430	1	1	unique
OG_31431	1	1	unique
OG_31432	1	1	unique
OG_31433	1	1	unique
OG_31434	1	1	unique
OG_31435	1	1	unique
OG_31436	1	1	unique
OG_31437	1	1	unique
OG_31438	1	1	unique
OG_31439	1	1	unique
OG_31440	1	1	unique
OG_31441	1	1	unique
OG_31442	1	1	unique
OG_31443	1	1	unique
OG_31444	1	1	unique
OG_31445	1	1	unique
OG_31446	1	1	unique
OG_31447	1	1	unique
OG_31448	1	1	unique
OG_31449	1	1	unique
OG_31450	1	1	unique
OG_31451	1	1	unique
OG_31452	1	1	unique
OG_31453	1	1	unique
OG_31454	1	1	unique
OG_31455	1	1	unique
OG_31456	1	1	unique
OG_31457	1	1	unique
OG_31458	1	1	unique
OG_31459	1	1	unique
OG_31460	1	1	unique
OG_31461	1	1	unique
OG_31462	1	1	unique
OG_31463	1	1	unique
OG_31464	1	1	unique
OG_31465	1	1	unique
OG_31466	1	1	unique
OG_31467	1	1	unique
OG_31468	1	1	unique
OG_31469	1	1	unique
OG_31470	1	1	unique
OG_31471	1	1	unique
OG_31472	1	1	unique
OG_31473	1	1	unique
OG_31474	1	1	unique
OG_31475	1	1	unique
OG_31476	1	1	unique
OG_31477	1	1	unique
OG_31478	1	1	unique
OG_31479	1	1	unique
OG_31480	1	1	unique
OG_31481	1	1	unique
OG_31482	1	1	unique
OG_31483	1	1	unique
OG_31484	1	1	unique
OG_31485	1	1	unique
OG_31486	1	1	unique
OG_31487	1	1	unique
OG_31488	1	1	unique
OG_31489	1	1	unique
OG_31490	1	1	unique
OG_31491	1	1	unique
OG_31492	1	1	unique
OG_31493	1	1	unique
OG_31494	1	1	unique
OG_31495	1	1	unique
OG_31496	1	1	unique
OG_31497	1	1	unique
OG_31498	1	1	unique
OG_31499	1	1	unique
OG_31500	1	1	unique
OG_31501	1	1	unique
OG_31502	1	1	unique
OG_31503	1	1	unique
OG_31504	1	1	unique
OG_31505	1	1	unique
OG_31506	1	1	unique
OG_31507	1	1	unique
OG_31508	1	1	unique
OG_31509	1	1	unique
OG_31510	1	1	unique
OG_31511	1	1	unique
OG_31512	1	1	unique
OG_31513	1	1	unique
OG_31514	1	1	unique
OG_31515	1	1	unique
OG_31516	1	1	unique
OG_31517	1	1	unique
OG_31518	1	1	unique
OG_31519	1	1	unique
OG_31520	1	1	unique
OG_31521	1	1	unique
OG_31522	1	1	unique
OG_31523	1	1	unique
OG_31524	1	1	unique
OG_31525	1	1	unique
OG_31526	1	1	unique
OG_31527	1	1	unique
OG_31528	1	1	unique
OG_31529	1	1	unique
OG_31530	1	1	unique
OG_31531	1	1	unique
OG_31532	1	1	unique
OG_31533	1	1	unique
OG_31534	1	1	unique
OG_31535	1	1	unique
OG_31536	1	1	unique
OG_31537	1	1	unique
OG_31538	1	1	unique
OG_31539	1	1	unique
OG_31540	1	1	unique
OG_31541	1	1	unique
OG_31542	1	1	unique
OG_31543	1	1	unique
OG_31544	1	1	unique
OG_31545	1	1	unique
OG_31546	1	1	unique
OG_31547	1	1	unique
OG_31548	1	1	unique
OG_31549	1	1	unique
OG_31550	1	1	unique
OG_31551	1	1	unique
OG_31552	1	1	unique
OG_31553	1	1	unique
OG_31554	1	1	unique
OG_31555	1	1	unique
OG_31556	1	1	unique
OG_31557	1	1	unique
OG_31558	1	1	unique
OG_31559	1	1	unique
OG_31560	1	1	unique
OG_31561	1	1	unique
OG_31562	1	1	unique
OG_31563	1	1	unique
OG_31564	1	1	unique
OG_31565	1	1	unique
OG_31566	1	1	unique
OG_31567	1	1	unique
OG_31568	1	1	unique
OG_31569	1	1	unique
OG_31570	1	1	unique
OG_31571	1	1	unique
OG_31572	1	1	unique
OG_31573	1	1	unique
OG_31574	1	1	unique
OG_31575	1	1	unique
OG_31576	1	1	unique
OG_31577	1	1	unique
OG_31578	1	1	unique
OG_31579	1	1	unique
OG_31580	1	1	unique
OG_31581	1	1	unique
OG_31582	1	1	unique
OG_31583	1	1	unique
OG_31584	1	1	unique
OG_31585	1	1	unique
OG_31586	1	1	unique
OG_31587	1	1	unique
OG_31588	1	1	unique
OG_31589	1	1	unique
OG_31590	1	1	unique
OG_31591	1	1	unique
OG_31592	1	1	unique
OG_31593	1	1	unique
OG_31594	1	1	unique
OG_31595	1	1	unique
OG_31596	1	1	unique
OG_31597	1	1	unique
OG_31598	1	1	unique
OG_31599	1	1	unique
OG_31600	1	1	unique
OG_31601	1	1	unique
OG_31602	1	1	unique
OG_31603	1	1	unique
OG_31604	1	1	unique
OG_31605	1	1	unique
OG_31606	1	1	unique
OG_31607	1	1	unique
OG_31608	1	1	unique
OG_31609	1	1	unique
OG_31610	1	1	unique
OG_31611	1	1	unique
OG_31612	1	1	unique
OG_31613	1	1	unique
OG_31614	1	1	unique
OG_31615	1	1	unique
OG_31616	1	1	unique
OG_31617	1	1	unique
OG_31618	1	1	unique
OG_31619	1	1	unique
OG_31620	1	1	unique
OG_31621	1	1	unique
OG_31622	1	1	unique
OG_31623	1	1	unique
OG_31624	1	1	unique
OG_31625	1	1	unique
OG_31626	1	1	unique
OG_31627	1	1	unique
OG_31628	1	1	unique
OG_31629	1	1	unique
OG_31630	1	1	unique
OG_31631	1	1	unique
OG_31632	1	1	unique
OG_31633	1	1	unique
OG_31634	1	1	unique
OG_31635	1	1	unique
OG_31636	1	1	unique
OG_31637	1	1	unique
OG_31638	1	1	unique
OG_31639	1	1	unique
OG_31640	1	1	unique
OG_31641	1	1	unique
OG_31642	1	1	unique
OG_31643	1	1	unique
OG_31644	1	1	unique
OG_31645	1	1	unique
OG_31646	1	1	unique
OG_31647	1	1	unique
OG_31648	1	1	unique
OG_31649	1	1	unique
OG_31650	1	1	unique
OG_31651	1	1	unique
OG_31652	1	1	unique
OG_31653	1	1	unique
OG_31654	1	1	unique
OG_31655	1	1	unique
OG_31656	1	1	unique
OG_31657	1	1	unique
OG_31658	1	1	unique
OG_31659	1	1	unique
OG_31660	1	1	unique
OG_31661	1	1	unique
OG_31662	1	1	unique
OG_31663	1	1	unique
OG_31664	1	1	unique
OG_31665	1	1	unique
OG_31666	1	1	unique
OG_31667	1	1	unique
OG_31668	1	1	unique
OG_31669	1	1	unique
OG_31670	1	1	unique
OG_31671	1	1	unique
OG_31672	1	1	unique
OG_31673	1	1	unique
OG_31674	1	1	unique
OG_31675	1	1	unique
OG_31676	1	1	unique
OG_31677	1	1	unique
OG_31678	1	1	unique
OG_31679	1	1	unique
OG_31680	1	1	unique
OG_31681	1	1	unique
OG_31682	1	1	unique
OG_31683	1	1	unique
OG_31684	1	1	unique
OG_31685	1	1	unique
OG_31686	1	1	unique
OG_31687	1	1	unique
OG_31688	1	1	unique
OG_31689	1	1	unique
OG_31690	1	1	unique
OG_31691	1	1	unique
OG_31692	1	1	unique
OG_31693	1	1	unique
OG_31694	1	1	unique
OG_31695	1	1	unique
OG_31696	1	1	unique
OG_31697	1	1	unique
OG_31698	1	1	unique
OG_31699	1	1	unique
OG_31700	1	1	unique
OG_31701	1	1	unique
OG_31702	1	1	unique
OG_31703	1	1	unique
OG_31704	1	1	unique
OG_31705	1	1	unique
OG_31706	1	1	unique
OG_31707	1	1	unique
OG_31708	1	1	unique
OG_31709	1	1	unique
OG_31710	1	1	unique
OG_31711	1	1	unique
OG_31712	1	1	unique
OG_31713	1	1	unique
OG_31714	1	1	unique
OG_31715	1	1	unique
OG_31716	1	1	unique
OG_31717	1	1	unique
OG_31718	1	1	unique
OG_31719	1	1	unique
OG_31720	1	1	unique
OG_31721	1	1	unique
OG_31722	1	1	unique
OG_31723	1	1	unique
OG_31724	1	1	unique
OG_31725	1	1	unique
OG_31726	1	1	unique
OG_31727	1	1	unique
OG_31728	1	1	unique
OG_31729	1	1	unique
OG_31730	1	1	unique
OG_31731	1	1	unique
OG_31732	1	1	unique
OG_31733	1	1	unique
OG_31734	1	1	unique
OG_31735	1	1	unique
OG_31736	1	1	unique
OG_31737	1	1	unique
OG_31738	1	1	unique
OG_31739	1	1	unique
OG_31740	1	1	unique
OG_31741	1	1	unique
OG_31742	1	1	unique
OG_31743	1	1	unique
OG_31744	1	1	unique
OG_31745	1	1	unique
OG_31746	1	1	unique
OG_31747	1	1	unique
OG_31748	1	1	unique
OG_31749	1	1	unique
OG_31750	1	1	unique
OG_31751	1	1	unique
OG_31752	1	1	unique
OG_31753	1	1	unique
OG_31754	1	1	unique
OG_31755	1	1	unique
OG_31756	1	1	unique
OG_31757	1	1	unique
OG_31758	1	1	unique
OG_31759	1	1	unique
OG_31760	1	1	unique
OG_31761	1	1	unique
OG_31762	1	1	unique
OG_31763	1	1	unique
OG_31764	1	1	unique
OG_31765	1	1	unique
OG_31766	1	1	unique
OG_31767	1	1	unique
OG_31768	1	1	unique
OG_31769	1	1	unique
OG_31770	1	1	unique
OG_31771	1	1	unique
OG_31772	1	1	unique
OG_31773	1	1	unique
OG_31774	1	1	unique
OG_31775	1	1	unique
OG_31776	1	1	unique
OG_31777	1	1	unique
OG_31778	1	1	unique
OG_31779	1	1	unique
OG_31780	1	1	unique
OG_31781	1	1	unique
OG_31782	1	1	unique
OG_31783	1	1	unique
OG_31784	1	1	unique
OG_31785	1	1	unique
OG_31786	1	1	unique
OG_31787	1	1	unique
OG_31788	1	1	unique
OG_31789	1	1	unique
OG_31790	1	1	unique
OG_31791	1	1	unique
OG_31792	1	1	unique
OG_31793	1	1	unique
OG_31794	1	1	unique
OG_31795	1	1	unique
OG_31796	1	1	unique
OG_31797	1	1	unique
OG_31798	1	1	unique
OG_31799	1	1	unique
OG_31800	1	1	unique
OG_31801	1	1	unique
OG_31802	1	1	unique
OG_31803	1	1	unique
OG_31804	1	1	unique
OG_31805	1	1	unique
OG_31806	1	1	unique
OG_31807	1	1	unique
OG_31808	1	1	unique
OG_31809	1	1	unique
OG_31810	1	1	unique
OG_31811	1	1	unique
OG_31812	1	1	unique
OG_31813	1	1	unique
OG_31814	1	1	unique
OG_31815	1	1	unique
OG_31816	1	1	unique
OG_31817	1	1	unique
OG_31818	1	1	unique
OG_31819	1	1	unique
OG_31820	1	1	unique
OG_31821	1	1	unique
OG_31822	1	1	unique
OG_31823	1	1	unique
OG_31824	1	1	unique
OG_31825	1	1	unique
OG_31826	1	1	unique
OG_31827	1	1	unique
OG_31828	1	1	unique
OG_31829	1	1	unique
OG_31830	1	1	unique
OG_31831	1	1	unique
OG_31832	1	1	unique
OG_31833	1	1	unique
OG_31834	1	1	unique
OG_31835	1	1	unique
OG_31836	1	1	unique
OG_31837	1	1	unique
OG_31838	1	1	unique
OG_31839	1	1	unique
OG_31840	1	1	unique
OG_31841	1	1	unique
OG_31842	1	1	unique
OG_31843	1	1	unique
OG_31844	1	1	unique
OG_31845	1	1	unique
OG_31846	1	1	unique
OG_31847	1	1	unique
OG_31848	1	1	unique
OG_31849	1	1	unique
OG_31850	1	1	unique
OG_31851	1	1	unique
OG_31852	1	1	unique
OG_31853	1	1	unique
OG_31854	1	1	unique
OG_31855	1	1	unique
OG_31856	1	1	unique
OG_31857	1	1	unique
OG_31858	1	1	unique
OG_31859	1	1	unique
OG_31860	1	1	unique
OG_31861	1	1	unique
OG_31862	1	1	unique
OG_31863	1	1	unique
OG_31864	1	1	unique
OG_31865	1	1	unique
OG_31866	1	1	unique
OG_31867	1	1	unique
OG_31868	1	1	unique
OG_31869	1	1	unique
OG_31870	1	1	unique
OG_31871	1	1	unique
OG_31872	1	1	unique
OG_31873	1	1	unique
OG_31874	1	1	unique
OG_31875	1	1	unique
OG_31876	1	1	unique
OG_31877	1	1	unique
OG_31878	1	1	unique
OG_31879	1	1	unique
OG_31880	1	1	unique
OG_31881	1	1	unique
OG_31882	1	1	unique
OG_31883	1	1	unique
OG_31884	1	1	unique
OG_31885	1	1	unique
OG_31886	1	1	unique
OG_31887	1	1	unique
OG_31888	1	1	unique
OG_31889	1	1	unique
OG_31890	1	1	unique
OG_31891	1	1	unique
OG_31892	1	1	unique
OG_31893	1	1	unique
OG_31894	1	1	unique
OG_31895	1	1	unique
OG_31896	1	1	unique
OG_31897	1	1	unique
OG_31898	1	1	unique
OG_31899	1	1	unique
OG_31900	1	1	unique
OG_31901	1	1	unique
OG_31902	1	1	unique
OG_31903	1	1	unique
OG_31904	1	1	unique
OG_31905	1	1	unique
OG_31906	1	1	unique
OG_31907	1	1	unique
OG_31908	1	1	unique
OG_31909	1	1	unique
OG_31910	1	1	unique
OG_31911	1	1	unique
OG_31912	1	1	unique
OG_31913	1	1	unique
OG_31914	1	1	unique
OG_31915	1	1	unique
OG_31916	1	1	unique
OG_31917	1	1	unique
OG_31918	1	1	unique
OG_31919	1	1	unique
OG_31920	1	1	unique
OG_31921	1	1	unique
OG_31922	1	1	unique
OG_31923	1	1	unique
OG_31924	1	1	unique
OG_31925	1	1	unique
OG_31926	1	1	unique
OG_31927	1	1	unique
OG_31928	1	1	unique
OG_31929	1	1	unique
OG_31930	1	1	unique
OG_31931	1	1	unique
OG_31932	1	1	unique
OG_31933	1	1	unique
OG_31934	1	1	unique
OG_31935	1	1	unique
OG_31936	1	1	unique
OG_31937	1	1	unique
OG_31938	1	1	unique
OG_31939	1	1	unique
OG_31940	1	1	unique
OG_31941	1	1	unique
OG_31942	1	1	unique
OG_31943	1	1	unique
OG_31944	1	1	unique
OG_31945	1	1	unique
OG_31946	1	1	unique
OG_31947	1	1	unique
OG_31948	1	1	unique
OG_31949	1	1	unique
OG_31950	1	1	unique
OG_31951	1	1	unique
OG_31952	1	1	unique
OG_31953	1	1	unique
OG_31954	1	1	unique
OG_31955	1	1	unique
OG_31956	1	1	unique
OG_31957	1	1	unique
OG_31958	1	1	unique
OG_31959	1	1	unique
OG_31960	1	1	unique
OG_31961	1	1	unique
OG_31962	1	1	unique
OG_31963	1	1	unique
OG_31964	1	1	unique
OG_31965	1	1	unique
OG_31966	1	1	unique
OG_31967	1	1	unique
OG_31968	1	1	unique
OG_31969	1	1	unique
OG_31970	1	1	unique
OG_31971	1	1	unique
OG_31972	1	1	unique
OG_31973	1	1	unique
OG_31974	1	1	unique
OG_31975	1	1	unique
OG_31976	1	1	unique
OG_31977	1	1	unique
OG_31978	1	1	unique
OG_31979	1	1	unique
OG_31980	1	1	unique
OG_31981	1	1	unique
OG_31982	1	1	unique
OG_31983	1	1	unique
OG_31984	1	1	unique
OG_31985	1	1	unique
OG_31986	1	1	unique
OG_31987	1	1	unique
OG_31988	1	1	unique
OG_31989	1	1	unique
OG_31990	1	1	unique
OG_31991	1	1	unique
OG_31992	1	1	unique
OG_31993	1	1	unique
OG_31994	1	1	unique
OG_31995	1	1	unique
OG_31996	1	1	unique
OG_31997	1	1	unique
OG_31998	1	1	unique
OG_31999	1	1	unique
OG_32000	1	1	unique
OG_32001	1	1	unique
OG_32002	1	1	unique
OG_32003	1	1	unique
OG_32004	1	1	unique
OG_32005	1	1	unique
OG_32006	1	1	unique
OG_32007	1	1	unique
OG_32008	1	1	unique
OG_32009	1	1	unique
OG_32010	1	1	unique
OG_32011	1	1	unique
OG_32012	1	1	unique
OG_32013	1	1	unique
OG_32014	1	1	unique
OG_32015	1	1	unique
OG_32016	1	1	unique
OG_32017	1	1	unique
OG_32018	1	1	unique
OG_32019	1	1	unique
OG_32020	1	1	unique
OG_32021	1	1	unique
OG_32022	1	1	unique
OG_32023	1	1	unique
OG_32024	1	1	unique
OG_32025	1	1	unique
OG_32026	1	1	unique
OG_32027	1	1	unique
OG_32028	1	1	unique
OG_32029	1	1	unique
OG_32030	1	1	unique
OG_32031	1	1	unique
OG_32032	1	1	unique
OG_32033	1	1	unique
OG_32034	1	1	unique
OG_32035	1	1	unique
OG_32036	1	1	unique
OG_32037	1	1	unique
OG_32038	1	1	unique
OG_32039	1	1	unique
OG_32040	1	1	unique
OG_32041	1	1	unique
OG_32042	1	1	unique
OG_32043	1	1	unique
OG_32044	1	1	unique
OG_32045	1	1	unique
OG_32046	1	1	unique
OG_32047	1	1	unique
OG_32048	1	1	unique
OG_32049	1	1	unique
OG_32050	1	1	unique
OG_32051	1	1	unique
OG_32052	1	1	unique
OG_32053	1	1	unique
OG_32054	1	1	unique
OG_32055	1	1	unique
OG_32056	1	1	unique
OG_32057	1	1	unique
OG_32058	1	1	unique
OG_32059	1	1	unique
OG_32060	1	1	unique
OG_32061	1	1	unique
OG_32062	1	1	unique
OG_32063	1	1	unique
OG_32064	1	1	unique
OG_32065	1	1	unique
OG_32066	1	1	unique
OG_32067	1	1	unique
OG_32068	1	1	unique
OG_32069	1	1	unique
OG_32070	1	1	unique
OG_32071	1	1	unique
OG_32072	1	1	unique
OG_32073	1	1	unique
OG_32074	1	1	unique
OG_32075	1	1	unique
OG_32076	1	1	unique
OG_32077	1	1	unique
OG_32078	1	1	unique
OG_32079	1	1	unique
OG_32080	1	1	unique
OG_32081	1	1	unique
OG_32082	1	1	unique
OG_32083	1	1	unique
OG_32084	1	1	unique
OG_32085	1	1	unique
OG_32086	1	1	unique
OG_32087	1	1	unique
OG_32088	1	1	unique
OG_32089	1	1	unique
OG_32090	1	1	unique
OG_32091	1	1	unique
OG_32092	1	1	unique
OG_32093	1	1	unique
OG_32094	1	1	unique
OG_32095	1	1	unique
OG_32096	1	1	unique
OG_32097	1	1	unique
OG_32098	1	1	unique
OG_32099	1	1	unique
OG_32100	1	1	unique
OG_32101	1	1	unique
OG_32102	1	1	unique
OG_32103	1	1	unique
OG_32104	1	1	unique
OG_32105	1	1	unique
OG_32106	1	1	unique
OG_32107	1	1	unique
OG_32108	1	1	unique
OG_32109	1	1	unique
OG_32110	1	1	unique
OG_32111	1	1	unique
OG_32112	1	1	unique
OG_32113	1	1	unique
OG_32114	1	1	unique
OG_32115	1	1	unique
OG_32116	1	1	unique
OG_32117	1	1	unique
OG_32118	1	1	unique
OG_32119	1	1	unique
OG_32120	1	1	unique
OG_32121	1	1	unique
OG_32122	1	1	unique
OG_32123	1	1	unique
OG_32124	1	1	unique
OG_32125	1	1	unique
OG_32126	1	1	unique
OG_32127	1	1	unique
OG_32128	1	1	unique
OG_32129	1	1	unique
OG_32130	1	1	unique
OG_32131	1	1	unique
OG_32132	1	1	unique
OG_32133	1	1	unique
OG_32134	1	1	unique
OG_32135	1	1	unique
OG_32136	1	1	unique
OG_32137	1	1	unique
OG_32138	1	1	unique
OG_32139	1	1	unique
OG_32140	1	1	unique
OG_32141	1	1	unique
OG_32142	1	1	unique
OG_32143	1	1	unique
OG_32144	1	1	unique
OG_32145	1	1	unique
OG_32146	1	1	unique
OG_32147	1	1	unique
OG_32148	1	1	unique
OG_32149	1	1	unique
OG_32150	1	1	unique
OG_32151	1	1	unique
OG_32152	1	1	unique
OG_32153	1	1	unique
OG_32154	1	1	unique
OG_32155	1	1	unique
OG_32156	1	1	unique
OG_32157	1	1	unique
OG_32158	1	1	unique
OG_32159	1	1	unique
OG_32160	1	1	unique
OG_32161	1	1	unique
OG_32162	1	1	unique
OG_32163	1	1	unique
OG_32164	1	1	unique
OG_32165	1	1	unique
OG_32166	1	1	unique
OG_32167	1	1	unique
OG_32168	1	1	unique
OG_32169	1	1	unique
OG_32170	1	1	unique
OG_32171	1	1	unique
OG_32172	1	1	unique
OG_32173	1	1	unique
OG_32174	1	1	unique
OG_32175	1	1	unique
OG_32176	1	1	unique
OG_32177	1	1	unique
OG_32178	1	1	unique
OG_32179	1	1	unique
OG_32180	1	1	unique
OG_32181	1	1	unique
OG_32182	1	1	unique
OG_32183	1	1	unique
OG_32184	1	1	unique
OG_32185	1	1	unique
OG_32186	1	1	unique
OG_32187	1	1	unique
OG_32188	1	1	unique
OG_32189	1	1	unique
OG_32190	1	1	unique
OG_32191	1	1	unique
OG_32192	1	1	unique
OG_32193	1	1	unique
OG_32194	1	1	unique
OG_32195	1	1	unique
OG_32196	1	1	unique
OG_32197	1	1	unique
OG_32198	1	1	unique
OG_32199	1	1	unique
OG_32200	1	1	unique
OG_32201	1	1	unique
OG_32202	1	1	unique
OG_32203	1	1	unique
OG_32204	1	1	unique
OG_32205	1	1	unique
OG_32206	1	1	unique
OG_32207	1	1	unique
OG_32208	1	1	unique
OG_32209	1	1	unique
OG_32210	1	1	unique
OG_32211	1	1	unique
OG_32212	1	1	unique
OG_32213	1	1	unique
OG_32214	1	1	unique
OG_32215	1	1	unique
OG_32216	1	1	unique
OG_32217	1	1	unique
OG_32218	1	1	unique
OG_32219	1	1	unique
OG_32220	1	1	unique
OG_32221	1	1	unique
OG_32222	1	1	unique
OG_32223	1	1	unique
OG_32224	1	1	unique
OG_32225	1	1	unique
OG_32226	1	1	unique
OG_32227	1	1	unique
OG_32228	1	1	unique
OG_32229	1	1	unique
OG_32230	1	1	unique
OG_32231	1	1	unique
OG_32232	1	1	unique
OG_32233	1	1	unique
OG_32234	1	1	unique
OG_32235	1	1	unique
OG_32236	1	1	unique
OG_32237	1	1	unique
OG_32238	1	1	unique
OG_32239	1	1	unique
OG_32240	1	1	unique
OG_32241	1	1	unique
OG_32242	1	1	unique
OG_32243	1	1	unique
OG_32244	1	1	unique
OG_32245	1	1	unique
OG_32246	1	1	unique
OG_32247	1	1	unique
OG_32248	1	1	unique
OG_32249	1	1	unique
OG_32250	1	1	unique
OG_32251	1	1	unique
OG_32252	1	1	unique
OG_32253	1	1	unique
OG_32254	1	1	unique
OG_32255	1	1	unique
OG_32256	1	1	unique
OG_32257	1	1	unique
OG_32258	1	1	unique
OG_32259	1	1	unique
OG_32260	1	1	unique
OG_32261	1	1	unique
OG_32262	1	1	unique
OG_32263	1	1	unique
OG_32264	1	1	unique
OG_32265	1	1	unique
OG_32266	1	1	unique
OG_32267	1	1	unique
OG_32268	1	1	unique
OG_32269	1	1	unique
OG_32270	1	1	unique
OG_32271	1	1	unique
OG_32272	1	1	unique
OG_32273	1	1	unique
OG_32274	1	1	unique
OG_32275	1	1	unique
OG_32276	1	1	unique
OG_32277	1	1	unique
OG_32278	1	1	unique
OG_32279	1	1	unique
OG_32280	1	1	unique
OG_32281	1	1	unique
OG_32282	1	1	unique
OG_32283	1	1	unique
OG_32284	1	1	unique
OG_32285	1	1	unique
OG_32286	1	1	unique
OG_32287	1	1	unique
OG_32288	1	1	unique
OG_32289	1	1	unique
OG_32290	1	1	unique
OG_32291	1	1	unique
OG_32292	1	1	unique
OG_32293	1	1	unique
OG_32294	1	1	unique
OG_32295	1	1	unique
OG_32296	1	1	unique
OG_32297	1	1	unique
OG_32298	1	1	unique
OG_32299	1	1	unique
OG_32300	1	1	unique
OG_32301	1	1	unique
OG_32302	1	1	unique
OG_32303	1	1	unique
OG_32304	1	1	unique
OG_32305	1	1	unique
OG_32306	1	1	unique
OG_32307	1	1	unique
OG_32308	1	1	unique
OG_32309	1	1	unique
OG_32310	1	1	unique
OG_32311	1	1	unique
OG_32312	1	1	unique
OG_32313	1	1	unique
OG_32314	1	1	unique
OG_32315	1	1	unique
OG_32316	1	1	unique
OG_32317	1	1	unique
OG_32318	1	1	unique
OG_32319	1	1	unique
OG_32320	1	1	unique
OG_32321	1	1	unique
OG_32322	1	1	unique
OG_32323	1	1	unique
OG_32324	1	1	unique
OG_32325	1	1	unique
OG_32326	1	1	unique
OG_32327	1	1	unique
OG_32328	1	1	unique
OG_32329	1	1	unique
OG_32330	1	1	unique
OG_32331	1	1	unique
OG_32332	1	1	unique
OG_32333	1	1	unique
OG_32334	1	1	unique
OG_32335	1	1	unique
OG_32336	1	1	unique
OG_32337	1	1	unique
OG_32338	1	1	unique
OG_32339	1	1	unique
OG_32340	1	1	unique
OG_32341	1	1	unique
OG_32342	1	1	unique
OG_32343	1	1	unique
OG_32344	1	1	unique
OG_32345	1	1	unique
OG_32346	1	1	unique
OG_32347	1	1	unique
OG_32348	1	1	unique
OG_32349	1	1	unique
OG_32350	1	1	unique
OG_32351	1	1	unique
OG_32352	1	1	unique
OG_32353	1	1	unique
OG_32354	1	1	unique
OG_32355	1	1	unique
OG_32356	1	1	unique
OG_32357	1	1	unique
OG_32358	1	1	unique
OG_32359	1	1	unique
OG_32360	1	1	unique
OG_32361	1	1	unique
OG_32362	1	1	unique
OG_32363	1	1	unique
OG_32364	1	1	unique
OG_32365	1	1	unique
OG_32366	1	1	unique
OG_32367	1	1	unique
OG_32368	1	1	unique
OG_32369	1	1	unique
OG_32370	1	1	unique
OG_32371	1	1	unique
OG_32372	1	1	unique
OG_32373	1	1	unique
OG_32374	1	1	unique
OG_32375	1	1	unique
OG_32376	1	1	unique
OG_32377	1	1	unique
OG_32378	1	1	unique
OG_32379	1	1	unique
OG_32380	1	1	unique
OG_32381	1	1	unique
OG_32382	1	1	unique
OG_32383	1	1	unique
OG_32384	1	1	unique
OG_32385	1	1	unique
OG_32386	1	1	unique
OG_32387	1	1	unique
OG_32388	1	1	unique
OG_32389	1	1	unique
OG_32390	1	1	unique
OG_32391	1	1	unique
OG_32392	1	1	unique
OG_32393	1	1	unique
OG_32394	1	1	unique
OG_32395	1	1	unique
OG_32396	1	1	unique
OG_32397	1	1	unique
OG_32398	1	1	unique
OG_32399	1	1	unique
OG_32400	1	1	unique
OG_32401	1	1	unique
OG_32402	1	1	unique
OG_32403	1	1	unique
OG_32404	1	1	unique
OG_32405	1	1	unique
OG_32406	1	1	unique
OG_32407	1	1	unique
OG_32408	1	1	unique
OG_32409	1	1	unique
OG_32410	1	1	unique
OG_32411	1	1	unique
OG_32412	1	1	unique
OG_32413	1	1	unique
OG_32414	1	1	unique
OG_32415	1	1	unique
OG_32416	1	1	unique
OG_32417	1	1	unique
OG_32418	1	1	unique
OG_32419	1	1	unique
OG_32420	1	1	unique
OG_32421	1	1	unique
OG_32422	1	1	unique
OG_32423	1	1	unique
OG_32424	1	1	unique
OG_32425	1	1	unique
OG_32426	1	1	unique
OG_32427	1	1	unique
OG_32428	1	1	unique
OG_32429	1	1	unique
OG_32430	1	1	unique
OG_32431	1	1	unique
OG_32432	1	1	unique
OG_32433	1	1	unique
OG_32434	1	1	unique
OG_32435	1	1	unique
OG_32436	1	1	unique
OG_32437	1	1	unique
OG_32438	1	1	unique
OG_32439	1	1	unique
OG_32440	1	1	unique
OG_32441	1	1	unique
OG_32442	1	1	unique
OG_32443	1	1	unique
OG_32444	1	1	unique
OG_32445	1	1	unique
OG_32446	1	1	unique
OG_32447	1	1	unique
OG_32448	1	1	unique
OG_32449	1	1	unique
OG_32450	1	1	unique
OG_32451	1	1	unique
OG_32452	1	1	unique
OG_32453	1	1	unique
OG_32454	1	1	unique
OG_32455	1	1	unique
OG_32456	1	1	unique
OG_32457	1	1	unique
OG_32458	1	1	unique
OG_32459	1	1	unique
OG_32460	1	1	unique
OG_32461	1	1	unique
OG_32462	1	1	unique
OG_32463	1	1	unique
OG_32464	1	1	unique
OG_32465	1	1	unique
OG_32466	1	1	unique
OG_32467	1	1	unique
OG_32468	1	1	unique
OG_32469	1	1	unique
OG_32470	1	1	unique
OG_32471	1	1	unique
OG_32472	1	1	unique
OG_32473	1	1	unique
OG_32474	1	1	unique
OG_32475	1	1	unique
OG_32476	1	1	unique
OG_32477	1	1	unique
OG_32478	1	1	unique
OG_32479	1	1	unique
OG_32480	1	1	unique
OG_32481	1	1	unique
OG_32482	1	1	unique
OG_32483	1	1	unique
OG_32484	1	1	unique
OG_32485	1	1	unique
OG_32486	1	1	unique
OG_32487	1	1	unique
OG_32488	1	1	unique
OG_32489	1	1	unique
OG_32490	1	1	unique
OG_32491	1	1	unique
OG_32492	1	1	unique
OG_32493	1	1	unique
OG_32494	1	1	unique
OG_32495	1	1	unique
OG_32496	1	1	unique
OG_32497	1	1	unique
OG_32498	1	1	unique
OG_32499	1	1	unique
OG_32500	1	1	unique
OG_32501	1	1	unique
OG_32502	1	1	unique
OG_32503	1	1	unique
OG_32504	1	1	unique
OG_32505	1	1	unique
OG_32506	1	1	unique
OG_32507	1	1	unique
OG_32508	1	1	unique
OG_32509	1	1	unique
OG_32510	1	1	unique
OG_32511	1	1	unique
OG_32512	1	1	unique
OG_32513	1	1	unique
OG_32514	1	1	unique
OG_32515	1	1	unique
OG_32516	1	1	unique
OG_32517	1	1	unique
OG_32518	1	1	unique
OG_32519	1	1	unique
OG_32520	1	1	unique
OG_32521	1	1	unique
OG_32522	1	1	unique
OG_32523	1	1	unique
OG_32524	1	1	unique
OG_32525	1	1	unique
OG_32526	1	1	unique
OG_32527	1	1	unique
OG_32528	1	1	unique
OG_32529	1	1	unique
OG_32530	1	1	unique
OG_32531	1	1	unique
OG_32532	1	1	unique
OG_32533	1	1	unique
OG_32534	1	1	unique
OG_32535	1	1	unique
OG_32536	1	1	unique
OG_32537	1	1	unique
OG_32538	1	1	unique
OG_32539	1	1	unique
OG_32540	1	1	unique
OG_32541	1	1	unique
OG_32542	1	1	unique
OG_32543	1	1	unique
OG_32544	1	1	unique
OG_32545	1	1	unique
OG_32546	1	1	unique
OG_32547	1	1	unique
OG_32548	1	1	unique
OG_32549	1	1	unique
OG_32550	1	1	unique
OG_32551	1	1	unique
OG_32552	1	1	unique
OG_32553	1	1	unique
OG_32554	1	1	unique
OG_32555	1	1	unique
OG_32556	1	1	unique
OG_32557	1	1	unique
OG_32558	1	1	unique
OG_32559	1	1	unique
OG_32560	1	1	unique
OG_32561	1	1	unique
OG_32562	1	1	unique
OG_32563	1	1	unique
OG_32564	1	1	unique
OG_32565	1	1	unique
OG_32566	1	1	unique
OG_32567	1	1	unique
OG_32568	1	1	unique
OG_32569	1	1	unique
OG_32570	1	1	unique
OG_32571	1	1	unique
OG_32572	1	1	unique
OG_32573	1	1	unique
OG_32574	1	1	unique
OG_32575	1	1	unique
OG_32576	1	1	unique
OG_32577	1	1	unique
OG_32578	1	1	unique
OG_32579	1	1	unique
OG_32580	1	1	unique
OG_32581	1	1	unique
OG_32582	1	1	unique
OG_32583	1	1	unique
OG_32584	1	1	unique
OG_32585	1	1	unique
OG_32586	1	1	unique
OG_32587	1	1	unique
OG_32588	1	1	unique
OG_32589	1	1	unique
OG_32590	1	1	unique
OG_32591	1	1	unique
OG_32592	1	1	unique
OG_32593	1	1	unique
OG_32594	1	1	unique
OG_32595	1	1	unique
OG_32596	1	1	unique
OG_32597	1	1	unique
OG_32598	1	1	unique
OG_32599	1	1	unique
OG_32600	1	1	unique
OG_32601	1	1	unique
OG_32602	1	1	unique
OG_32603	1	1	unique
OG_32604	1	1	unique
OG_32605	1	1	unique
OG_32606	1	1	unique
OG_32607	1	1	unique
OG_32608	1	1	unique
OG_32609	1	1	unique
OG_32610	1	1	unique
OG_32611	1	1	unique
OG_32612	1	1	unique
OG_32613	1	1	unique
OG_32614	1	1	unique
OG_32615	1	1	unique
OG_32616	1	1	unique
OG_32617	1	1	unique
OG_32618	1	1	unique
OG_32619	1	1	unique
OG_32620	1	1	unique
OG_32621	1	1	unique
OG_32622	1	1	unique
OG_32623	1	1	unique
OG_32624	1	1	unique
OG_32625	1	1	unique
OG_32626	1	1	unique
OG_32627	1	1	unique
OG_32628	1	1	unique
OG_32629	1	1	unique
OG_32630	1	1	unique
OG_32631	1	1	unique
OG_32632	1	1	unique
OG_32633	1	1	unique
OG_32634	1	1	unique
OG_32635	1	1	unique
OG_32636	1	1	unique
OG_32637	1	1	unique
OG_32638	1	1	unique
OG_32639	1	1	unique
OG_32640	1	1	unique
OG_32641	1	1	unique
OG_32642	1	1	unique
OG_32643	1	1	unique
OG_32644	1	1	unique
OG_32645	1	1	unique
OG_32646	1	1	unique
OG_32647	1	1	unique
OG_32648	1	1	unique
OG_32649	1	1	unique
OG_32650	1	1	unique
OG_32651	1	1	unique
OG_32652	1	1	unique
OG_32653	1	1	unique
OG_32654	1	1	unique
OG_32655	1	1	unique
OG_32656	1	1	unique
OG_32657	1	1	unique
OG_32658	1	1	unique
OG_32659	1	1	unique
OG_32660	1	1	unique
OG_32661	1	1	unique
OG_32662	1	1	unique
OG_32663	1	1	unique
OG_32664	1	1	unique
OG_32665	1	1	unique
OG_32666	1	1	unique
OG_32667	1	1	unique
OG_32668	1	1	unique
OG_32669	1	1	unique
OG_32670	1	1	unique
OG_32671	1	1	unique
OG_32672	1	1	unique
OG_32673	1	1	unique
OG_32674	1	1	unique
OG_32675	1	1	unique
OG_32676	1	1	unique
OG_32677	1	1	unique
OG_32678	1	1	unique
OG_32679	1	1	unique
OG_32680	1	1	unique
OG_32681	1	1	unique
OG_32682	1	1	unique
OG_32683	1	1	unique
OG_32684	1	1	unique
OG_32685	1	1	unique
OG_32686	1	1	unique
OG_32687	1	1	unique
OG_32688	1	1	unique
OG_32689	1	1	unique
OG_32690	1	1	unique
OG_32691	1	1	unique
OG_32692	1	1	unique
OG_32693	1	1	unique
OG_32694	1	1	unique
OG_32695	1	1	unique
OG_32696	1	1	unique
OG_32697	1	1	unique
OG_32698	1	1	unique
OG_32699	1	1	unique
OG_32700	1	1	unique
OG_32701	1	1	unique
OG_32702	1	1	unique
OG_32703	1	1	unique
OG_32704	1	1	unique
OG_32705	1	1	unique
OG_32706	1	1	unique
OG_32707	1	1	unique
OG_32708	1	1	unique
OG_32709	1	1	unique
OG_32710	1	1	unique
OG_32711	1	1	unique
OG_32712	1	1	unique
OG_32713	1	1	unique
OG_32714	1	1	unique
OG_32715	1	1	unique
OG_32716	1	1	unique
OG_32717	1	1	unique
OG_32718	1	1	unique
OG_32719	1	1	unique
OG_32720	1	1	unique
OG_32721	1	1	unique
OG_32722	1	1	unique
OG_32723	1	1	unique
OG_32724	1	1	unique
OG_32725	1	1	unique
OG_32726	1	1	unique
OG_32727	1	1	unique
OG_32728	1	1	unique
OG_32729	1	1	unique
OG_32730	1	1	unique
OG_32731	1	1	unique
OG_32732	1	1	unique
OG_32733	1	1	unique
OG_32734	1	1	unique
OG_32735	1	1	unique
OG_32736	1	1	unique
OG_32737	1	1	unique
OG_32738	1	1	unique
OG_32739	1	1	unique
OG_32740	1	1	unique
OG_32741	1	1	unique
OG_32742	1	1	unique
OG_32743	1	1	unique
OG_32744	1	1	unique
OG_32745	1	1	unique
OG_32746	1	1	unique
OG_32747	1	1	unique
OG_32748	1	1	unique
OG_32749	1	1	unique
OG_32750	1	1	unique
OG_32751	1	1	unique
OG_32752	1	1	unique
OG_32753	1	1	unique
OG_32754	1	1	unique
OG_32755	1	1	unique
OG_32756	1	1	unique
OG_32757	1	1	unique
OG_32758	1	1	unique
OG_32759	1	1	unique
OG_32760	1	1	unique
OG_32761	1	1	unique
OG_32762	1	1	unique
OG_32763	1	1	unique
OG_32764	1	1	unique
OG_32765	1	1	unique
OG_32766	1	1	unique
OG_32767	1	1	unique
OG_32768	1	1	unique
OG_32769	1	1	unique
OG_32770	1	1	unique
OG_32771	1	1	unique
OG_32772	1	1	unique
OG_32773	1	1	unique
OG_32774	1	1	unique
OG_32775	1	1	unique
OG_32776	1	1	unique
OG_32777	1	1	unique
OG_32778	1	1	unique
OG_32779	1	1	unique
OG_32780	1	1	unique
OG_32781	1	1	unique
OG_32782	1	1	unique
OG_32783	1	1	unique
OG_32784	1	1	unique
OG_32785	1	1	unique
OG_32786	1	1	unique
OG_32787	1	1	unique
OG_32788	1	1	unique
OG_32789	1	1	unique
OG_32790	1	1	unique
OG_32791	1	1	unique
OG_32792	1	1	unique
OG_32793	1	1	unique
OG_32794	1	1	unique
OG_32795	1	1	unique
OG_32796	1	1	unique
OG_32797	1	1	unique
OG_32798	1	1	unique
OG_32799	1	1	unique
OG_32800	1	1	unique
OG_32801	1	1	unique
OG_32802	1	1	unique
OG_32803	1	1	unique
OG_32804	1	1	unique
OG_32805	1	1	unique
OG_32806	1	1	unique
OG_32807	1	1	unique
OG_32808	1	1	unique
OG_32809	1	1	unique
OG_32810	1	1	unique
OG_32811	1	1	unique
OG_32812	1	1	unique
OG_32813	1	1	unique
OG_32814	1	1	unique
OG_32815	1	1	unique
OG_32816	1	1	unique
OG_32817	1	1	unique
OG_32818	1	1	unique
OG_32819	1	1	unique
OG_32820	1	1	unique
OG_32821	1	1	unique
OG_32822	1	1	unique
OG_32823	1	1	unique
OG_32824	1	1	unique
OG_32825	1	1	unique
OG_32826	1	1	unique
OG_32827	1	1	unique
OG_32828	1	1	unique
OG_32829	1	1	unique
OG_32830	1	1	unique
OG_32831	1	1	unique
OG_32832	1	1	unique
OG_32833	1	1	unique
OG_32834	1	1	unique
OG_32835	1	1	unique
OG_32836	1	1	unique
OG_32837	1	1	unique
OG_32838	1	1	unique
OG_32839	1	1	unique
OG_32840	1	1	unique
OG_32841	1	1	unique
OG_32842	1	1	unique
OG_32843	1	1	unique
OG_32844	1	1	unique
OG_32845	1	1	unique
OG_32846	1	1	unique
OG_32847	1	1	unique
OG_32848	1	1	unique
OG_32849	1	1	unique
OG_32850	1	1	unique
OG_32851	1	1	unique
OG_32852	1	1	unique
OG_32853	1	1	unique
OG_32854	1	1	unique
OG_32855	1	1	unique
OG_32856	1	1	unique
OG_32857	1	1	unique
OG_32858	1	1	unique
OG_32859	1	1	unique
OG_32860	1	1	unique
OG_32861	1	1	unique
OG_32862	1	1	unique
OG_32863	1	1	unique
OG_32864	1	1	unique
OG_32865	1	1	unique
OG_32866	1	1	unique
OG_32867	1	1	unique
OG_32868	1	1	unique
OG_32869	1	1	unique
OG_32870	1	1	unique
OG_32871	1	1	unique
OG_32872	1	1	unique
OG_32873	1	1	unique
OG_32874	1	1	unique
OG_32875	1	1	unique
OG_32876	1	1	unique
OG_32877	1	1	unique
OG_32878	1	1	unique
OG_32879	1	1	unique
OG_32880	1	1	unique
OG_32881	1	1	unique
OG_32882	1	1	unique
OG_32883	1	1	unique
OG_32884	1	1	unique
OG_32885	1	1	unique
OG_32886	1	1	unique
OG_32887	1	1	unique
OG_32888	1	1	unique
OG_32889	1	1	unique
OG_32890	1	1	unique
OG_32891	1	1	unique
OG_32892	1	1	unique
OG_32893	1	1	unique
OG_32894	1	1	unique
OG_32895	1	1	unique
OG_32896	1	1	unique
OG_32897	1	1	unique
OG_32898	1	1	unique
OG_32899	1	1	unique
OG_32900	1	1	unique
OG_32901	1	1	unique
OG_32902	1	1	unique
OG_32903	1	1	unique
OG_32904	1	1	unique
OG_32905	1	1	unique
OG_32906	1	1	unique
OG_32907	1	1	unique
OG_32908	1	1	unique
OG_32909	1	1	unique
OG_32910	1	1	unique
OG_32911	1	1	unique
OG_32912	1	1	unique
OG_32913	1	1	unique
OG_32914	1	1	unique
OG_32915	1	1	unique
OG_32916	1	1	unique
OG_32917	1	1	unique
OG_32918	1	1	unique
OG_32919	1	1	unique
OG_32920	1	1	unique
OG_32921	1	1	unique
OG_32922	1	1	unique
OG_32923	1	1	unique
OG_32924	1	1	unique
OG_32925	1	1	unique
OG_32926	1	1	unique
OG_32927	1	1	unique
OG_32928	1	1	unique
OG_32929	1	1	unique
OG_32930	1	1	unique
OG_32931	1	1	unique
OG_32932	1	1	unique
OG_32933	1	1	unique
OG_32934	1	1	unique
OG_32935	1	1	unique
OG_32936	1	1	unique
OG_32937	1	1	unique
OG_32938	1	1	unique
OG_32939	1	1	unique
OG_32940	1	1	unique
OG_32941	1	1	unique
OG_32942	1	1	unique
OG_32943	1	1	unique
OG_32944	1	1	unique
OG_32945	1	1	unique
OG_32946	1	1	unique
OG_32947	1	1	unique
OG_32948	1	1	unique
OG_32949	1	1	unique
OG_32950	1	1	unique
OG_32951	1	1	unique
OG_32952	1	1	unique
OG_32953	1	1	unique
OG_32954	1	1	unique
OG_32955	1	1	unique
OG_32956	1	1	unique
OG_32957	1	1	unique
OG_32958	1	1	unique
OG_32959	1	1	unique
OG_32960	1	1	unique
OG_32961	1	1	unique
OG_32962	1	1	unique
OG_32963	1	1	unique
OG_32964	1	1	unique
OG_32965	1	1	unique
OG_32966	1	1	unique
OG_32967	1	1	unique
OG_32968	1	1	unique
OG_32969	1	1	unique
OG_32970	1	1	unique
OG_32971	1	1	unique
OG_32972	1	1	unique
OG_32973	1	1	unique
OG_32974	1	1	unique
OG_32975	1	1	unique
OG_32976	1	1	unique
OG_32977	1	1	unique
OG_32978	1	1	unique
OG_32979	1	1	unique
OG_32980	1	1	unique
OG_32981	1	1	unique
OG_32982	1	1	unique
OG_32983	1	1	unique
OG_32984	1	1	unique
OG_32985	1	1	unique
OG_32986	1	1	unique
OG_32987	1	1	unique
OG_32988	1	1	unique
OG_32989	1	1	unique
OG_32990	1	1	unique
OG_32991	1	1	unique
OG_32992	1	1	unique
OG_32993	1	1	unique
OG_32994	1	1	unique
OG_32995	1	1	unique
OG_32996	1	1	unique
OG_32997	1	1	unique
OG_32998	1	1	unique
OG_32999	1	1	unique
OG_33000	1	1	unique
OG_33001	1	1	unique
OG_33002	1	1	unique
OG_33003	1	1	unique
OG_33004	1	1	unique
OG_33005	1	1	unique
OG_33006	1	1	unique
OG_33007	1	1	unique
OG_33008	1	1	unique
OG_33009	1	1	unique
OG_33010	1	1	unique
OG_33011	1	1	unique
OG_33012	1	1	unique
OG_33013	1	1	unique
OG_33014	1	1	unique
OG_33015	1	1	unique
OG_33016	1	1	unique
OG_33017	1	1	unique
OG_33018	1	1	unique
OG_33019	1	1	unique
OG_33020	1	1	unique
OG_33021	1	1	unique
OG_33022	1	1	unique
OG_33023	1	1	unique
OG_33024	1	1	unique
OG_33025	1	1	unique
OG_33026	1	1	unique
OG_33027	1	1	unique
OG_33028	1	1	unique
OG_33029	1	1	unique
OG_33030	1	1	unique
OG_33031	1	1	unique
OG_33032	1	1	unique
OG_33033	1	1	unique
OG_33034	1	1	unique
OG_33035	1	1	unique
OG_33036	1	1	unique
OG_33037	1	1	unique
OG_33038	1	1	unique
OG_33039	1	1	unique
OG_33040	1	1	unique
OG_33041	1	1	unique
OG_33042	1	1	unique
OG_33043	1	1	unique
OG_33044	1	1	unique
OG_33045	1	1	unique
OG_33046	1	1	unique
OG_33047	1	1	unique
OG_33048	1	1	unique
OG_33049	1	1	unique
OG_33050	1	1	unique
OG_33051	1	1	unique
OG_33052	1	1	unique
OG_33053	1	1	unique
OG_33054	1	1	unique
OG_33055	1	1	unique
OG_33056	1	1	unique
OG_33057	1	1	unique
OG_33058	1	1	unique
OG_33059	1	1	unique
OG_33060	1	1	unique
OG_33061	1	1	unique
OG_33062	1	1	unique
OG_33063	1	1	unique
OG_33064	1	1	unique
OG_33065	1	1	unique
OG_33066	1	1	unique
OG_33067	1	1	unique
OG_33068	1	1	unique
OG_33069	1	1	unique
OG_33070	1	1	unique
OG_33071	1	1	unique
OG_33072	1	1	unique
OG_33073	1	1	unique
OG_33074	1	1	unique
OG_33075	1	1	unique
OG_33076	1	1	unique
OG_33077	1	1	unique
OG_33078	1	1	unique
OG_33079	1	1	unique
OG_33080	1	1	unique
OG_33081	1	1	unique
OG_33082	1	1	unique
OG_33083	1	1	unique
OG_33084	1	1	unique
OG_33085	1	1	unique
OG_33086	1	1	unique
OG_33087	1	1	unique
OG_33088	1	1	unique
OG_33089	1	1	unique
OG_33090	1	1	unique
OG_33091	1	1	unique
OG_33092	1	1	unique
OG_33093	1	1	unique
OG_33094	1	1	unique
OG_33095	1	1	unique
OG_33096	1	1	unique
OG_33097	1	1	unique
OG_33098	1	1	unique
OG_33099	1	1	unique
OG_33100	1	1	unique
OG_33101	1	1	unique
OG_33102	1	1	unique
OG_33103	1	1	unique
OG_33104	1	1	unique
OG_33105	1	1	unique
OG_33106	1	1	unique
OG_33107	1	1	unique
OG_33108	1	1	unique
OG_33109	1	1	unique
OG_33110	1	1	unique
OG_33111	1	1	unique
OG_33112	1	1	unique
OG_33113	1	1	unique
OG_33114	1	1	unique
OG_33115	1	1	unique
OG_33116	1	1	unique
OG_33117	1	1	unique
OG_33118	1	1	unique
OG_33119	1	1	unique
OG_33120	1	1	unique
OG_33121	1	1	unique
OG_33122	1	1	unique
OG_33123	1	1	unique
OG_33124	1	1	unique
OG_33125	1	1	unique
OG_33126	1	1	unique
OG_33127	1	1	unique
OG_33128	1	1	unique
OG_33129	1	1	unique
OG_33130	1	1	unique
OG_33131	1	1	unique
OG_33132	1	1	unique
OG_33133	1	1	unique
OG_33134	1	1	unique
OG_33135	1	1	unique
OG_33136	1	1	unique
OG_33137	1	1	unique
OG_33138	1	1	unique
OG_33139	1	1	unique
OG_33140	1	1	unique
OG_33141	1	1	unique
OG_33142	1	1	unique
OG_33143	1	1	unique
OG_33144	1	1	unique
OG_33145	1	1	unique
OG_33146	1	1	unique
OG_33147	1	1	unique
OG_33148	1	1	unique
OG_33149	1	1	unique
OG_33150	1	1	unique
OG_33151	1	1	unique
OG_33152	1	1	unique
OG_33153	1	1	unique
OG_33154	1	1	unique
OG_33155	1	1	unique
OG_33156	1	1	unique
OG_33157	1	1	unique
OG_33158	1	1	unique
OG_33159	1	1	unique
OG_33160	1	1	unique
OG_33161	1	1	unique
OG_33162	1	1	unique
OG_33163	1	1	unique
OG_33164	1	1	unique
OG_33165	1	1	unique
OG_33166	1	1	unique
OG_33167	1	1	unique
OG_33168	1	1	unique
OG_33169	1	1	unique
OG_33170	1	1	unique
OG_33171	1	1	unique
OG_33172	1	1	unique
OG_33173	1	1	unique
OG_33174	1	1	unique
OG_33175	1	1	unique
OG_33176	1	1	unique
OG_33177	1	1	unique
OG_33178	1	1	unique
OG_33179	1	1	unique
OG_33180	1	1	unique
OG_33181	1	1	unique
OG_33182	1	1	unique
OG_33183	1	1	unique
OG_33184	1	1	unique
OG_33185	1	1	unique
OG_33186	1	1	unique
OG_33187	1	1	unique
OG_33188	1	1	unique
OG_33189	1	1	unique
OG_33190	1	1	unique
OG_33191	1	1	unique
OG_33192	1	1	unique
OG_33193	1	1	unique
OG_33194	1	1	unique
OG_33195	1	1	unique
OG_33196	1	1	unique
OG_33197	1	1	unique
OG_33198	1	1	unique
OG_33199	1	1	unique
OG_33200	1	1	unique
OG_33201	1	1	unique
OG_33202	1	1	unique
OG_33203	1	1	unique
OG_33204	1	1	unique
OG_33205	1	1	unique
OG_33206	1	1	unique
OG_33207	1	1	unique
OG_33208	1	1	unique
OG_33209	1	1	unique
OG_33210	1	1	unique
OG_33211	1	1	unique
OG_33212	1	1	unique
OG_33213	1	1	unique
OG_33214	1	1	unique
OG_33215	1	1	unique
OG_33216	1	1	unique
OG_33217	1	1	unique
OG_33218	1	1	unique
OG_33219	1	1	unique
OG_33220	1	1	unique
OG_33221	1	1	unique
OG_33222	1	1	unique
OG_33223	1	1	unique
OG_33224	1	1	unique
OG_33225	1	1	unique
OG_33226	1	1	unique
OG_33227	1	1	unique
OG_33228	1	1	unique
OG_33229	1	1	unique
OG_33230	1	1	unique
OG_33231	1	1	unique
OG_33232	1	1	unique
OG_33233	1	1	unique
OG_33234	1	1	unique
OG_33235	1	1	unique
OG_33236	1	1	unique
OG_33237	1	1	unique
OG_33238	1	1	unique
OG_33239	1	1	unique
OG_33240	1	1	unique
OG_33241	1	1	unique
OG_33242	1	1	unique
OG_33243	1	1	unique
OG_33244	1	1	unique
OG_33245	1	1	unique
OG_33246	1	1	unique
OG_33247	1	1	unique
OG_33248	1	1	unique
OG_33249	1	1	unique
OG_33250	1	1	unique
OG_33251	1	1	unique
OG_33252	1	1	unique
OG_33253	1	1	unique
OG_33254	1	1	unique
OG_33255	1	1	unique
OG_33256	1	1	unique
OG_33257	1	1	unique
OG_33258	1	1	unique
OG_33259	1	1	unique
OG_33260	1	1	unique
OG_33261	1	1	unique
OG_33262	1	1	unique
OG_33263	1	1	unique
OG_33264	1	1	unique
OG_33265	1	1	unique
OG_33266	1	1	unique
OG_33267	1	1	unique
OG_33268	1	1	unique
OG_33269	1	1	unique
OG_33270	1	1	unique
OG_33271	1	1	unique
OG_33272	1	1	unique
OG_33273	1	1	unique
OG_33274	1	1	unique
OG_33275	1	1	unique
OG_33276	1	1	unique
OG_33277	1	1	unique
OG_33278	1	1	unique
OG_33279	1	1	unique
OG_33280	1	1	unique
OG_33281	1	1	unique
OG_33282	1	1	unique
OG_33283	1	1	unique
OG_33284	1	1	unique
OG_33285	1	1	unique
OG_33286	1	1	unique
OG_33287	1	1	unique
OG_33288	1	1	unique
OG_33289	1	1	unique
OG_33290	1	1	unique
OG_33291	1	1	unique
OG_33292	1	1	unique
OG_33293	1	1	unique
OG_33294	1	1	unique
OG_33295	1	1	unique
OG_33296	1	1	unique
OG_33297	1	1	unique
OG_33298	1	1	unique
OG_33299	1	1	unique
OG_33300	1	1	unique
OG_33301	1	1	unique
OG_33302	1	1	unique
OG_33303	1	1	unique
OG_33304	1	1	unique
OG_33305	1	1	unique
OG_33306	1	1	unique
OG_33307	1	1	unique
OG_33308	1	1	unique
OG_33309	1	1	unique
OG_33310	1	1	unique
OG_33311	1	1	unique
OG_33312	1	1	unique
OG_33313	1	1	unique
OG_33314	1	1	unique
OG_33315	1	1	unique
OG_33316	1	1	unique
OG_33317	1	1	unique
OG_33318	1	1	unique
OG_33319	1	1	unique
OG_33320	1	1	unique
OG_33321	1	1	unique
OG_33322	1	1	unique
OG_33323	1	1	unique
OG_33324	1	1	unique
OG_33325	1	1	unique
OG_33326	1	1	unique
OG_33327	1	1	unique
OG_33328	1	1	unique
OG_33329	1	1	unique
OG_33330	1	1	unique
OG_33331	1	1	unique
OG_33332	1	1	unique
OG_33333	1	1	unique
OG_33334	1	1	unique
OG_33335	1	1	unique
OG_33336	1	1	unique
OG_33337	1	1	unique
OG_33338	1	1	unique
OG_33339	1	1	unique
OG_33340	1	1	unique
OG_33341	1	1	unique
OG_33342	1	1	unique
OG_33343	1	1	unique
OG_33344	1	1	unique
OG_33345	1	1	unique
OG_33346	1	1	unique
OG_33347	1	1	unique
OG_33348	1	1	unique
OG_33349	1	1	unique
OG_33350	1	1	unique
OG_33351	1	1	unique
OG_33352	1	1	unique
OG_33353	1	1	unique
OG_33354	1	1	unique
OG_33355	1	1	unique
OG_33356	1	1	unique
OG_33357	1	1	unique
OG_33358	1	1	unique
OG_33359	1	1	unique
OG_33360	1	1	unique
OG_33361	1	1	unique
OG_33362	1	1	unique
OG_33363	1	1	unique
OG_33364	1	1	unique
OG_33365	1	1	unique
OG_33366	1	1	unique
OG_33367	1	1	unique
OG_33368	1	1	unique
OG_33369	1	1	unique
OG_33370	1	1	unique
OG_33371	1	1	unique
OG_33372	1	1	unique
OG_33373	1	1	unique
OG_33374	1	1	unique
OG_33375	1	1	unique
OG_33376	1	1	unique
OG_33377	1	1	unique
OG_33378	1	1	unique
OG_33379	1	1	unique
OG_33380	1	1	unique
OG_33381	1	1	unique
OG_33382	1	1	unique
OG_33383	1	1	unique
OG_33384	1	1	unique
OG_33385	1	1	unique
OG_33386	1	1	unique
OG_33387	1	1	unique
OG_33388	1	1	unique
OG_33389	1	1	unique
OG_33390	1	1	unique
OG_33391	1	1	unique
OG_33392	1	1	unique
OG_33393	1	1	unique
OG_33394	1	1	unique
OG_33395	1	1	unique
OG_33396	1	1	unique
OG_33397	1	1	unique
OG_33398	1	1	unique
OG_33399	1	1	unique
OG_33400	1	1	unique
OG_33401	1	1	unique
OG_33402	1	1	unique
OG_33403	1	1	unique
OG_33404	1	1	unique
OG_33405	1	1	unique
OG_33406	1	1	unique
OG_33407	1	1	unique
OG_33408	1	1	unique
OG_33409	1	1	unique
OG_33410	1	1	unique
OG_33411	1	1	unique
OG_33412	1	1	unique
OG_33413	1	1	unique
OG_33414	1	1	unique
OG_33415	1	1	unique
OG_33416	1	1	unique
OG_33417	1	1	unique
OG_33418	1	1	unique
OG_33419	1	1	unique
OG_33420	1	1	unique
OG_33421	1	1	unique
OG_33422	1	1	unique
OG_33423	1	1	unique
OG_33424	1	1	unique
OG_33425	1	1	unique
OG_33426	1	1	unique
OG_33427	1	1	unique
OG_33428	1	1	unique
OG_33429	1	1	unique
OG_33430	1	1	unique
OG_33431	1	1	unique
OG_33432	1	1	unique
OG_33433	1	1	unique
OG_33434	1	1	unique
OG_33435	1	1	unique
OG_33436	1	1	unique
OG_33437	1	1	unique
OG_33438	1	1	unique
OG_33439	1	1	unique
OG_33440	1	1	unique
OG_33441	1	1	unique
OG_33442	1	1	unique
OG_33443	1	1	unique
OG_33444	1	1	unique
OG_33445	1	1	unique
OG_33446	1	1	unique
OG_33447	1	1	unique
OG_33448	1	1	unique
OG_33449	1	1	unique
OG_33450	1	1	unique
OG_33451	1	1	unique
OG_33452	1	1	unique
OG_33453	1	1	unique
OG_33454	1	1	unique
OG_33455	1	1	unique
OG_33456	1	1	unique
OG_33457	1	1	unique
OG_33458	1	1	unique
OG_33459	1	1	unique
OG_33460	1	1	unique
OG_33461	1	1	unique
OG_33462	1	1	unique
OG_33463	1	1	unique
OG_33464	1	1	unique
OG_33465	1	1	unique
OG_33466	1	1	unique
OG_33467	1	1	unique
OG_33468	1	1	unique
OG_33469	1	1	unique
OG_33470	1	1	unique
OG_33471	1	1	unique
OG_33472	1	1	unique
OG_33473	1	1	unique
OG_33474	1	1	unique
OG_33475	1	1	unique
OG_33476	1	1	unique
OG_33477	1	1	unique
OG_33478	1	1	unique
OG_33479	1	1	unique
OG_33480	1	1	unique
OG_33481	1	1	unique
OG_33482	1	1	unique
OG_33483	1	1	unique
OG_33484	1	1	unique
OG_33485	1	1	unique
OG_33486	1	1	unique
OG_33487	1	1	unique
OG_33488	1	1	unique
OG_33489	1	1	unique
OG_33490	1	1	unique
OG_33491	1	1	unique
OG_33492	1	1	unique
OG_33493	1	1	unique
OG_33494	1	1	unique
OG_33495	1	1	unique
OG_33496	1	1	unique
OG_33497	1	1	unique
OG_33498	1	1	unique
OG_33499	1	1	unique
OG_33500	1	1	unique
OG_33501	1	1	unique
OG_33502	1	1	unique
OG_33503	1	1	unique
OG_33504	1	1	unique
OG_33505	1	1	unique
OG_33506	1	1	unique
OG_33507	1	1	unique
OG_33508	1	1	unique
OG_33509	1	1	unique
OG_33510	1	1	unique
OG_33511	1	1	unique
OG_33512	1	1	unique
OG_33513	1	1	unique
OG_33514	1	1	unique
OG_33515	1	1	unique
OG_33516	1	1	unique
OG_33517	1	1	unique
OG_33518	1	1	unique
OG_33519	1	1	unique
OG_33520	1	1	unique
OG_33521	1	1	unique
OG_33522	1	1	unique
OG_33523	1	1	unique
OG_33524	1	1	unique
OG_33525	1	1	unique
OG_33526	1	1	unique
OG_33527	1	1	unique
OG_33528	1	1	unique
OG_33529	1	1	unique
OG_33530	1	1	unique
OG_33531	1	1	unique
OG_33532	1	1	unique
OG_33533	1	1	unique
OG_33534	1	1	unique
OG_33535	1	1	unique
OG_33536	1	1	unique
OG_33537	1	1	unique
OG_33538	1	1	unique
OG_33539	1	1	unique
OG_33540	1	1	unique
OG_33541	1	1	unique
OG_33542	1	1	unique
OG_33543	1	1	unique
OG_33544	1	1	unique
OG_33545	1	1	unique
OG_33546	1	1	unique
OG_33547	1	1	unique
OG_33548	1	1	unique
OG_33549	1	1	unique
OG_33550	1	1	unique
OG_33551	1	1	unique
OG_33552	1	1	unique
OG_33553	1	1	unique
OG_33554	1	1	unique
OG_33555	1	1	unique
OG_33556	1	1	unique
OG_33557	1	1	unique
OG_33558	1	1	unique
OG_33559	1	1	unique
OG_33560	1	1	unique
OG_33561	1	1	unique
OG_33562	1	1	unique
OG_33563	1	1	unique
OG_33564	1	1	unique
OG_33565	1	1	unique
OG_33566	1	1	unique
OG_33567	1	1	unique
OG_33568	1	1	unique
OG_33569	1	1	unique
OG_33570	1	1	unique
OG_33571	1	1	unique
OG_33572	1	1	unique
OG_33573	1	1	unique
OG_33574	1	1	unique
OG_33575	1	1	unique
OG_33576	1	1	unique
OG_33577	1	1	unique
OG_33578	1	1	unique
OG_33579	1	1	unique
OG_33580	1	1	unique
OG_33581	1	1	unique
OG_33582	1	1	unique
OG_33583	1	1	unique
OG_33584	1	1	unique
OG_33585	1	1	unique
OG_33586	1	1	unique
OG_33587	1	1	unique
OG_33588	1	1	unique
OG_33589	1	1	unique
OG_33590	1	1	unique
OG_33591	1	1	unique
OG_33592	1	1	unique
OG_33593	1	1	unique
OG_33594	1	1	unique
OG_33595	1	1	unique
OG_33596	1	1	unique
OG_33597	1	1	unique
OG_33598	1	1	unique
OG_33599	1	1	unique
OG_33600	1	1	unique
OG_33601	1	1	unique
OG_33602	1	1	unique
OG_33603	1	1	unique
OG_33604	1	1	unique
OG_33605	1	1	unique
OG_33606	1	1	unique
OG_33607	1	1	unique
OG_33608	1	1	unique
OG_33609	1	1	unique
OG_33610	1	1	unique
OG_33611	1	1	unique
OG_33612	1	1	unique
OG_33613	1	1	unique
OG_33614	1	1	unique
OG_33615	1	1	unique
OG_33616	1	1	unique
OG_33617	1	1	unique
OG_33618	1	1	unique
OG_33619	1	1	unique
OG_33620	1	1	unique
OG_33621	1	1	unique
OG_33622	1	1	unique
OG_33623	1	1	unique
OG_33624	1	1	unique
OG_33625	1	1	unique
OG_33626	1	1	unique
OG_33627	1	1	unique
OG_33628	1	1	unique
OG_33629	1	1	unique
OG_33630	1	1	unique
OG_33631	1	1	unique
OG_33632	1	1	unique
OG_33633	1	1	unique
OG_33634	1	1	unique
OG_33635	1	1	unique
OG_33636	1	1	unique
OG_33637	1	1	unique
OG_33638	1	1	unique
OG_33639	1	1	unique
OG_33640	1	1	unique
OG_33641	1	1	unique
OG_33642	1	1	unique
OG_33643	1	1	unique
OG_33644	1	1	unique
OG_33645	1	1	unique
OG_33646	1	1	unique
OG_33647	1	1	unique
OG_33648	1	1	unique
OG_33649	1	1	unique
OG_33650	1	1	unique
OG_33651	1	1	unique
OG_33652	1	1	unique
OG_33653	1	1	unique
OG_33654	1	1	unique
OG_33655	1	1	unique
OG_33656	1	1	unique
OG_33657	1	1	unique
OG_33658	1	1	unique
OG_33659	1	1	unique
OG_33660	1	1	unique
OG_33661	1	1	unique
OG_33662	1	1	unique
OG_33663	1	1	unique
OG_33664	1	1	unique
OG_33665	1	1	unique
OG_33666	1	1	unique
OG_33667	1	1	unique
OG_33668	1	1	unique
